Date,Type,Item Type,Name,Order Quantity,Consumable Cheese per item,Total Consumable Cheese
2026-02-26,POS,item,7 Inch - Regular Pizza,5.0,,
2026-02-26,POS,item,9 Inch - Medium Pizza,4.0,,
2026-02-26,POS,item,French Fries,3.0,,
2026-02-26,Swiggy,item,7 Inch - Regular Pizza,3.0,,
2026-02-26,POS,item,Blue Mojito,2.0,,
2026-02-26,POS,item,Burger Combo @ 169,2.0,,
2026-02-26,POS,addon,7 Inch - Regular Pizza -Extra Cheese,1.0,,
2026-02-26,POS,item,12 Inch - Large Pizza,1.0,,
2026-02-26,POS,item,2 Medium Non-veg@759,1.0,,
2026-02-26,POS,item,2 Regular Non-veg@409,1.0,,
2026-02-26,POS,item,7up 250ml Pet,1.0,,
2026-02-26,POS,item,Brownie With Ice Cream,1.0,,
2026-02-26,POS,item,Burger Combo @ 179,1.0,,
2026-02-26,POS,item,Chicken Pasta,1.0,,
2026-02-26,POS,item,Coleslaw Salad,1.0,,
2026-02-26,POS,item,Fresh Lime Juice,1.0,,
2026-02-26,POS,item,Garlic Bread,1.0,,
2026-02-26,POS,item,Garlic Bread With Cheese,1.0,,
2026-02-26,POS,item,Loaded Fries,1.0,,
2026-02-26,POS,item,Mdew@40rs,1.0,,
2026-02-26,POS,item,Mineral Water,1.0,,
2026-02-26,POS,item,Nutty Vanilla,1.0,,
2026-02-26,POS,item,Pepsi 250ml Pet,1.0,,
2026-02-26,POS,item,Regular Chicken Burger,1.0,,
2026-02-26,POS,item,Soft Drink,1.0,,
2026-02-26,POS,item,Super Saver Meal Regular,1.0,,
2026-02-26,Swiggy,addon,7 Inch - Regular Pizza -Extra Cheese,1.0,,
2026-02-26,Swiggy,item,9 Inch - Medium Pizza,1.0,,
2026-02-26,Swiggy,item,Garlic Bread With Cheese,1.0,,
2026-02-26,Swiggy,item,Green Apple,1.0,,
2026-02-25,POS,item,9 Inch - Medium Pizza,6.0,,
2026-02-25,POS,item,7 Inch - Regular Pizza,5.0,,
2026-02-25,POS,item,Loaded Fries,3.0,,
2026-02-25,POS,item,Watermelon Juice,3.0,,
2026-02-25,Swiggy,item,7 Inch - Regular Pizza,3.0,,
2026-02-25,POS,item,2 Regular Non-veg@409,2.0,,
2026-02-25,POS,item,Regular Chicken Burger,2.0,,
2026-02-25,Swiggy,item,12 Inch - Large Pizza,2.0,,
2026-02-25,POS,item,7up@40rs,1.0,,
2026-02-25,POS,item,Burger Combo @ 179,1.0,,
2026-02-25,POS,item,Chicken Nuggets,1.0,,
2026-02-25,POS,item,French Fries,1.0,,
2026-02-25,POS,item,Green Apple,1.0,,
2026-02-25,POS,item,Mineral Water,1.0,,
2026-02-25,POS,item,Non Veg Meal For 4,1.0,,
2026-02-25,POS,item,Passion Fruit,1.0,,
2026-02-25,POS,item,Pepsi 250ml Pet,1.0,,
2026-02-25,POS,item,Soft Drink,1.0,,
2026-02-25,Swiggy,item,Roasted Chicken Salad,1.0,,
2026-02-25,Swiggy,item,Veg Pasta,1.0,,
2026-02-25,POS,item,9 Inch - Medium Pizza,6.0,,
2026-02-25,POS,item,7 Inch - Regular Pizza,5.0,,
2026-02-25,POS,item,Loaded Fries,3.0,,
2026-02-25,POS,item,Watermelon Juice,3.0,,
2026-02-25,Swiggy,item,7 Inch - Regular Pizza,3.0,,
2026-02-25,POS,item,2 Regular Non-veg@409,2.0,,
2026-02-25,POS,item,Regular Chicken Burger,2.0,,
2026-02-25,Swiggy,item,12 Inch - Large Pizza,2.0,,
2026-02-25,POS,item,7up@40rs,1.0,,
2026-02-25,POS,item,Burger Combo @ 179,1.0,,
2026-02-25,POS,item,Chicken Nuggets,1.0,,
2026-02-25,POS,item,French Fries,1.0,,
2026-02-25,POS,item,Green Apple,1.0,,
2026-02-25,POS,item,Mineral Water,1.0,,
2026-02-25,POS,item,Non Veg Meal For 4,1.0,,
2026-02-25,POS,item,Passion Fruit,1.0,,
2026-02-25,POS,item,Pepsi 250ml Pet,1.0,,
2026-02-25,POS,item,Soft Drink,1.0,,
2026-02-25,Swiggy,item,Roasted Chicken Salad,1.0,,
2026-02-25,Swiggy,item,Veg Pasta,1.0,,
2026-02-25,POS,item,9 Inch - Medium Pizza,6.0,,
2026-02-25,POS,item,7 Inch - Regular Pizza,5.0,,
2026-02-25,POS,item,Loaded Fries,3.0,,
2026-02-25,POS,item,Watermelon Juice,3.0,,
2026-02-25,Swiggy,item,7 Inch - Regular Pizza,3.0,,
2026-02-25,POS,item,2 Regular Non-veg@409,2.0,,
2026-02-25,POS,item,Regular Chicken Burger,2.0,,
2026-02-25,Swiggy,item,12 Inch - Large Pizza,2.0,,
2026-02-25,POS,item,7up@40rs,1.0,,
2026-02-25,POS,item,Burger Combo @ 179,1.0,,
2026-02-25,POS,item,Chicken Nuggets,1.0,,
2026-02-25,POS,item,French Fries,1.0,,
2026-02-25,POS,item,Green Apple,1.0,,
2026-02-25,POS,item,Mineral Water,1.0,,
2026-02-25,POS,item,Non Veg Meal For 4,1.0,,
2026-02-25,POS,item,Passion Fruit,1.0,,
2026-02-25,POS,item,Pepsi 250ml Pet,1.0,,
2026-02-25,POS,item,Soft Drink,1.0,,
2026-02-25,Swiggy,item,Roasted Chicken Salad,1.0,,
2026-02-25,Swiggy,item,Veg Pasta,1.0,,
2026-02-25,POS,item,9 Inch - Medium Pizza,6.0,,
2026-02-25,POS,item,7 Inch - Regular Pizza,5.0,,
2026-02-25,POS,item,Loaded Fries,3.0,,
2026-02-25,POS,item,Watermelon Juice,3.0,,
2026-02-25,Swiggy,item,7 Inch - Regular Pizza,3.0,,
2026-02-25,POS,item,2 Regular Non-veg@409,2.0,,
2026-02-25,POS,item,Regular Chicken Burger,2.0,,
2026-02-25,Swiggy,item,12 Inch - Large Pizza,2.0,,
2026-02-25,POS,item,7up@40rs,1.0,,
2026-02-25,POS,item,Burger Combo @ 179,1.0,,
2026-02-25,POS,item,Chicken Nuggets,1.0,,
2026-02-25,POS,item,French Fries,1.0,,
2026-02-25,POS,item,Green Apple,1.0,,
2026-02-25,POS,item,Mineral Water,1.0,,
2026-02-25,POS,item,Non Veg Meal For 4,1.0,,
2026-02-25,POS,item,Passion Fruit,1.0,,
2026-02-25,POS,item,Pepsi 250ml Pet,1.0,,
2026-02-25,POS,item,Soft Drink,1.0,,
2026-02-25,Swiggy,item,Roasted Chicken Salad,1.0,,
2026-02-25,Swiggy,item,Veg Pasta,1.0,,
2026-02-25,POS,item,9 Inch - Medium Pizza,6.0,,
2026-02-25,POS,item,7 Inch - Regular Pizza,5.0,,
2026-02-25,POS,item,Loaded Fries,3.0,,
2026-02-25,POS,item,Watermelon Juice,3.0,,
2026-02-25,Swiggy,item,7 Inch - Regular Pizza,3.0,,
2026-02-25,POS,item,2 Regular Non-veg@409,2.0,,
2026-02-25,POS,item,Regular Chicken Burger,2.0,,
2026-02-25,Swiggy,item,12 Inch - Large Pizza,2.0,,
2026-02-25,POS,item,7up@40rs,1.0,,
2026-02-25,POS,item,Burger Combo @ 179,1.0,,
2026-02-25,POS,item,Chicken Nuggets,1.0,,
2026-02-25,POS,item,French Fries,1.0,,
2026-02-25,POS,item,Green Apple,1.0,,
2026-02-25,POS,item,Mineral Water,1.0,,
2026-02-25,POS,item,Non Veg Meal For 4,1.0,,
2026-02-25,POS,item,Passion Fruit,1.0,,
2026-02-25,POS,item,Pepsi 250ml Pet,1.0,,
2026-02-25,POS,item,Soft Drink,1.0,,
2026-02-25,Swiggy,item,Roasted Chicken Salad,1.0,,
2026-02-25,Swiggy,item,Veg Pasta,1.0,,
2026-02-24,POS,item,7 Inch - Regular Pizza,9.0,,
2026-02-24,POS,item,Mineral Water,4.0,,
2026-02-24,POS,item,Veg Pasta,4.0,,
2026-02-24,POS,item,9 Inch - Medium Pizza,3.0,,
2026-02-24,POS,item,Burger Combo @ 169,3.0,,
2026-02-24,POS,item,Mint Lime Juice,3.0,,
2026-02-24,POS,item,7up 250ml Pet,2.0,,
2026-02-24,POS,item,French Fries,2.0,,
2026-02-24,POS,item,Fresh Lime Juice,2.0,,
2026-02-24,POS,item,Regular Chicken Burger,2.0,,
2026-02-24,POS,item,Soft Drink,2.0,,
2026-02-24,POS,item,Tender Coconut,2.0,,
2026-02-24,POS,addon,7 Inch - Regular Pizza -Extra Cheese,1.0,,
2026-02-24,POS,item,2 Regular Non-veg@409,1.0,,
2026-02-24,POS,item,Cheese N Macaroni Salad,1.0,,
2026-02-24,POS,item,Chicken Pasta,1.0,,
2026-02-24,POS,item,Combo Delight Non-veg,1.0,,
2026-02-24,POS,item,Garlic Bread With Cheese,1.0,,
2026-02-24,POS,item,Grapes Juice,1.0,,
2026-02-24,POS,item,Greek Salad,1.0,,
2026-02-24,POS,item,Loaded Fries,1.0,,
2026-02-24,POS,item,Passion Fruit,1.0,,
2026-02-24,POS,item,Pineapple Juice,1.0,,
2026-02-24,POS,item,Pizza Upgrade,1.0,,
2026-02-24,POS,item,Soda,1.0,,
2026-02-24,POS,item,Super Saver Meal Regular,1.0,,
2026-02-24,POS,item,Veg Burger,1.0,,
2026-02-23,POS,item,9 Inch - Medium Pizza,6.0,,
2026-02-23,POS,item,Burger Combo @ 179,5.0,,
2026-02-23,POS,item,7 Inch - Regular Pizza,4.0,,
2026-02-23,POS,item,Garlic Bread,3.0,,
2026-02-23,POS,item,Super Saver Meal Regular,2.0,,
2026-02-23,POS,addon,7 Inch - Regular Pizza -Extra Cheese,1.0,,
2026-02-23,POS,item,2 Regular Veg@349,1.0,,
2026-02-23,POS,item,7up@40rs,1.0,,
2026-02-23,POS,item,Brownie,1.0,,
2026-02-23,POS,item,Chicken Pasta,1.0,,
2026-02-23,POS,item,Combo Delight Non-veg,1.0,,
2026-02-23,POS,item,Combo Delight Veg,1.0,,
2026-02-23,POS,item,French Fries,1.0,,
2026-02-23,POS,item,Fresh Garden Mint,1.0,,
2026-02-23,POS,item,Fresh Lime Juice,1.0,,
2026-02-23,POS,item,Garlic Bread Supreme[non-veg],1.0,,
2026-02-23,POS,item,Grapes Juice,1.0,,
2026-02-23,POS,item,Mineral Water,1.0,,
2026-02-23,POS,item,Soda,1.0,,
2026-02-23,Swiggy,item,12 Inch - Large Pizza,1.0,,
2026-02-23,Swiggy,item,7 Inch - Regular Pizza,1.0,,
2026-02-23,Swiggy,item,9 Inch - Medium Pizza,1.0,,
2026-02-22,POS,item,2 Medium Non-veg@759,1.0,150.0,150.0
2026-02-22,POS,item,12 Inch - Large Pizza,4.0,120.0,480.0
2026-02-22,POS,item,2 Regular Non-veg@409,4.0,80.0,320.0
2026-02-22,POS,item,9 Inch - Medium Pizza,5.0,75.0,375.0
2026-02-22,POS,item,7 Inch - Regular Pizza,13.0,40.0,520.0
2026-02-22,Swiggy,item,7 Inch - Regular Pizza,4.0,40.0,160.0
2026-02-22,Swiggy,item,Garlic Bread Supreme [Veg],1.0,40.0,40.0
2026-02-22,Swiggy,item,Garlic Bread With Cheese,1.0,40.0,40.0
2026-02-22,POS,item,Non Veg Meal For 1,1.0,40.0,40.0
2026-02-22,POS,addon,9 Inch - Medium Pizza -Extra Cheese,1.0,38.0,38.0
2026-02-22,POS,addon,7 Inch - Regular Pizza -Extra Cheese,1.0,20.0,20.0
2026-02-22,POS,addon,2 Regular Non-veg@409-Extra Cheese,2.0,0.0,0.0
2026-02-22,POS,item,7up 250ml Pet,1.0,0.0,0.0
2026-02-22,POS,item,Blue Mojito,1.0,0.0,0.0
2026-02-22,POS,item,Brownie,2.0,0.0,0.0
2026-02-22,POS,item,Brownie With Ice Cream,1.0,0.0,0.0
2026-02-22,POS,item,Burger Combo @ 169,1.0,0.0,0.0
2026-02-22,POS,item,Chicken Nuggets,2.0,0.0,0.0
2026-02-22,POS,item,Chicken Pasta,1.0,0.0,0.0
2026-02-22,POS,item,Chicken Popcorn,1.0,0.0,0.0
2026-02-22,POS,item,Chocolate Shake,3.0,0.0,0.0
2026-02-22,POS,item,Coleslaw Salad,1.0,0.0,0.0
2026-02-22,POS,item,French Fries,4.0,0.0,0.0
2026-02-22,POS,item,Fresh Lime Juice,4.0,0.0,0.0
2026-02-22,POS,item,Greek Chicken Salad[non-veg],1.0,0.0,0.0
2026-02-22,POS,item,Loaded Fries,1.0,0.0,0.0
2026-02-22,POS,item,Mineral Water,1.0,0.0,0.0
2026-02-22,POS,item,Mint Lime Juice,2.0,0.0,0.0
2026-02-22,POS,item,Mixed Chicken Salad,1.0,0.0,0.0
2026-02-22,POS,item,Passion Fruit,1.0,0.0,0.0
2026-02-22,POS,item,Pepsi@50rs,2.0,0.0,0.0
2026-02-22,POS,item,Peri Peri Dip,1.0,0.0,0.0
2026-02-22,POS,item,Pineapple Juice,2.0,0.0,0.0
2026-02-22,POS,item,Pizza Upgrade,1.0,0.0,0.0
2026-02-22,POS,item,Potato Wedges,1.0,0.0,0.0
2026-02-22,Swiggy,item,Potato Wedges,1.0,0.0,0.0
2026-02-22,POS,item,Regular Chicken Burger,1.0,0.0,0.0
2026-02-22,POS,item,Sizzling Brownie,1.0,0.0,0.0
2026-02-22,POS,item,Soft Drink,3.0,0.0,0.0
2026-02-22,POS,item,Veg Burger,1.0,0.0,0.0
2026-02-22,POS,item,Veg Pasta,1.0,0.0,0.0
2026-02-22,Swiggy,item,Veg Pasta,1.0,0.0,0.0
2026-02-22,POS,item,Water Melon,2.0,0.0,0.0
2026-02-22,POS,item,Watermelon Juice,3.0,0.0,0.0
2026-02-22,POS,item,2 Medium Non-veg@759,1.0,150.0,150.0
2026-02-22,POS,item,12 Inch - Large Pizza,4.0,120.0,480.0
2026-02-22,POS,item,2 Regular Non-veg@409,4.0,80.0,320.0
2026-02-22,POS,item,9 Inch - Medium Pizza,5.0,75.0,375.0
2026-02-22,POS,item,7 Inch - Regular Pizza,13.0,40.0,520.0
2026-02-22,Swiggy,item,7 Inch - Regular Pizza,4.0,40.0,160.0
2026-02-22,Swiggy,item,Garlic Bread Supreme [Veg],1.0,40.0,40.0
2026-02-22,Swiggy,item,Garlic Bread With Cheese,1.0,40.0,40.0
2026-02-22,POS,item,Non Veg Meal For 1,1.0,40.0,40.0
2026-02-22,POS,addon,9 Inch - Medium Pizza -Extra Cheese,1.0,38.0,38.0
2026-02-22,POS,addon,7 Inch - Regular Pizza -Extra Cheese,1.0,20.0,20.0
2026-02-22,POS,addon,2 Regular Non-veg@409-Extra Cheese,2.0,0.0,0.0
2026-02-22,POS,item,7up 250ml Pet,1.0,0.0,0.0
2026-02-22,POS,item,Blue Mojito,1.0,0.0,0.0
2026-02-22,POS,item,Brownie,2.0,0.0,0.0
2026-02-22,POS,item,Brownie With Ice Cream,1.0,0.0,0.0
2026-02-22,POS,item,Burger Combo @ 169,1.0,0.0,0.0
2026-02-22,POS,item,Chicken Nuggets,2.0,0.0,0.0
2026-02-22,POS,item,Chicken Pasta,1.0,0.0,0.0
2026-02-22,POS,item,Chicken Popcorn,1.0,0.0,0.0
2026-02-22,POS,item,Chocolate Shake,3.0,0.0,0.0
2026-02-22,POS,item,Coleslaw Salad,1.0,0.0,0.0
2026-02-22,POS,item,French Fries,4.0,0.0,0.0
2026-02-22,POS,item,Fresh Lime Juice,4.0,0.0,0.0
2026-02-22,POS,item,Greek Chicken Salad[non-veg],1.0,0.0,0.0
2026-02-22,POS,item,Loaded Fries,1.0,0.0,0.0
2026-02-22,POS,item,Mineral Water,1.0,0.0,0.0
2026-02-22,POS,item,Mint Lime Juice,2.0,0.0,0.0
2026-02-22,POS,item,Mixed Chicken Salad,1.0,0.0,0.0
2026-02-22,POS,item,Passion Fruit,1.0,0.0,0.0
2026-02-22,POS,item,Pepsi@50rs,2.0,0.0,0.0
2026-02-22,POS,item,Peri Peri Dip,1.0,0.0,0.0
2026-02-22,POS,item,Pineapple Juice,2.0,0.0,0.0
2026-02-22,POS,item,Pizza Upgrade,1.0,0.0,0.0
2026-02-22,POS,item,Potato Wedges,1.0,0.0,0.0
2026-02-22,Swiggy,item,Potato Wedges,1.0,0.0,0.0
2026-02-22,POS,item,Regular Chicken Burger,1.0,0.0,0.0
2026-02-22,POS,item,Sizzling Brownie,1.0,0.0,0.0
2026-02-22,POS,item,Soft Drink,3.0,0.0,0.0
2026-02-22,POS,item,Veg Burger,1.0,0.0,0.0
2026-02-22,POS,item,Veg Pasta,1.0,0.0,0.0
2026-02-22,Swiggy,item,Veg Pasta,1.0,0.0,0.0
2026-02-22,POS,item,Water Melon,2.0,0.0,0.0
2026-02-22,POS,item,Watermelon Juice,3.0,0.0,0.0
2026-02-21,POS,item,12 Inch - Large Pizza,1.0,120.0,120.0
2026-02-21,POS,item,Non Veg Meal For 4,2.0,120.0,240.0
2026-02-21,POS,item,2 Regular Non-veg@409,1.0,80.0,80.0
2026-02-21,POS,item,2 Regular Veg@349,2.0,80.0,160.0
2026-02-21,POS,item,9 Inch - Medium Pizza,9.0,75.0,675.0
2026-02-21,POS,item,Super Saver Meal Medium,1.0,75.0,75.0
2026-02-21,POS,item,7 Inch - Regular Pizza,9.0,40.0,360.0
2026-02-21,Swiggy,item,7 Inch - Regular Pizza,3.0,40.0,120.0
2026-02-21,POS,item,Garlic Bread Supreme [veg],1.0,40.0,40.0
2026-02-21,POS,item,Garlic Bread With Cheese,1.0,40.0,40.0
2026-02-21,POS,item,Super Saver Meal Regular,2.0,40.0,80.0
2026-02-21,POS,addon,9 Inch - Medium Pizza -Extra Cheese,3.0,38.0,114.0
2026-02-21,POS,item,7up @50rs,1.0,0.0,0.0
2026-02-21,POS,item,Blue Mojito,1.0,0.0,0.0
2026-02-21,POS,item,Brownie With Ice Cream,1.0,0.0,0.0
2026-02-21,POS,item,Burger Combo @ 169,1.0,0.0,0.0
2026-02-21,POS,item,Burger Combo @ 179,4.0,0.0,0.0
2026-02-21,POS,item,Cheese N Macaroni Salad,1.0,0.0,0.0
2026-02-21,POS,item,Cheesy Dip,1.0,0.0,0.0
2026-02-21,POS,item,Chicken Nuggets Burger,1.0,0.0,0.0
2026-02-21,POS,item,Chicken Pasta,2.0,0.0,0.0
2026-02-21,Swiggy,item,Chicken Pasta,1.0,0.0,0.0
2026-02-21,POS,item,Chicken Popcorn,1.0,0.0,0.0
2026-02-21,POS,item,Chocolate Shake,1.0,0.0,0.0
2026-02-21,POS,item,French Fries,5.0,0.0,0.0
2026-02-21,POS,item,Garlic Bread,1.0,0.0,0.0
2026-02-21,POS,item,Greek Salad,1.0,0.0,0.0
2026-02-21,POS,item,Green Apple,3.0,0.0,0.0
2026-02-21,POS,item,Loaded Fries,1.0,0.0,0.0
2026-02-21,POS,item,Mdew 330ml Can,1.0,0.0,0.0
2026-02-21,POS,item,Mdew@40rs,3.0,0.0,0.0
2026-02-21,POS,item,Mineral Water,1.0,0.0,0.0
2026-02-21,POS,item,Mint Lime Juice,2.0,0.0,0.0
2026-02-21,POS,item,Passion Fruit,1.0,0.0,0.0
2026-02-21,POS,item,Pepsi@50rs,1.0,0.0,0.0
2026-02-21,POS,item,Pineapple Juice,1.0,0.0,0.0
2026-02-21,POS,item,Potato Wedges,1.0,0.0,0.0
2026-02-21,POS,item,Regular Chicken Burger,5.0,0.0,0.0
2026-02-21,POS,item,Slice 200ml,1.0,0.0,0.0
2026-02-21,POS,item,Soft Drink,7.0,0.0,0.0
2026-02-21,POS,item,Veg Burger,3.0,0.0,0.0
2026-02-20,Swiggy,item,2 Medium Pizzas,1.0,150.0,150.0
2026-02-20,POS,item,12 Inch - Large Pizza,1.0,120.0,120.0
2026-02-20,Swiggy,item,12 Inch - Large Pizza,1.0,120.0,120.0
2026-02-20,POS,item,2 Regular Veg@349,1.0,80.0,80.0
2026-02-20,POS,item,9 Inch - Medium Pizza,7.0,75.0,525.0
2026-02-20,POS,item,Super Saver Meal Medium,1.0,75.0,75.0
2026-02-20,POS,item,7 Inch - Regular Pizza,10.0,40.0,400.0
2026-02-20,Swiggy,item,7 Inch - Regular Pizza,4.0,40.0,160.0
2026-02-20,POS,item,Garlic Bread Supreme [veg],1.0,40.0,40.0
2026-02-20,POS,item,Garlic Bread With Cheese,1.0,40.0,40.0
2026-02-20,POS,item,Non Veg Meal For 1,1.0,40.0,40.0
2026-02-20,POS,item,Super Saver Meal Regular,2.0,40.0,80.0
2026-02-20,POS,addon,7 Inch - Regular Pizza -Extra Cheese,1.0,20.0,20.0
2026-02-20,Swiggy,addon,7 Inch - Regular Pizza -Extra Cheese,1.0,20.0,20.0
2026-02-20,POS,item,Burger Combo @ 179,4.0,0.0,0.0
2026-02-20,POS,item,Cheesy Fries,1.0,0.0,0.0
2026-02-20,Swiggy,item,Chicken Loaded Fries,1.0,0.0,0.0
2026-02-20,POS,item,Chicken Nuggets,2.0,0.0,0.0
2026-02-20,Swiggy,item,Chicken Nuggets,1.0,0.0,0.0
2026-02-20,POS,item,Chicken Pasta,3.0,0.0,0.0
2026-02-20,POS,item,Chikku Shake,2.0,0.0,0.0
2026-02-20,POS,item,French Fries,6.0,0.0,0.0
2026-02-20,Swiggy,item,French Fries,1.0,0.0,0.0
2026-02-20,POS,item,Fresh Lime Juice,1.0,0.0,0.0
2026-02-20,POS,item,Garlic Bread,1.0,0.0,0.0
2026-02-20,POS,item,Grapes Juice,1.0,0.0,0.0
2026-02-20,POS,item,Greek Salad,1.0,0.0,0.0
2026-02-20,POS,item,Green Apple,1.0,0.0,0.0
2026-02-20,POS,item,Loaded Fries,2.0,0.0,0.0
2026-02-20,POS,item,Mineral Water,2.0,0.0,0.0
2026-02-20,POS,item,Mint Lime Juice,1.0,0.0,0.0
2026-02-20,POS,item,Passion Fruit,1.0,0.0,0.0
2026-02-20,POS,item,Pepsi 250ml Pet,3.0,0.0,0.0
2026-02-20,POS,item,Pepsi 330ml Can,1.0,0.0,0.0
2026-02-20,POS,item,Pineapple Juice,2.0,0.0,0.0
2026-02-20,Swiggy,item,Potato Wedges,3.0,0.0,0.0
2026-02-20,POS,item,Slice 200ml,2.0,0.0,0.0
2026-02-20,POS,item,Soda,2.0,0.0,0.0
2026-02-20,POS,item,Soft Drink,3.0,0.0,0.0
2026-02-20,POS,item,Veg Pasta,1.0,0.0,0.0
2026-02-20,POS,item,Watermelon Juice,2.0,0.0,0.0
2026-02-19,POS,item,12 Inch - Large Pizza,1.0,120.0,120.0
2026-02-19,POS,item,9 Inch - Medium Pizza,3.0,75.0,225.0
2026-02-19,POS,item,Super Saver Meal Medium,1.0,75.0,75.0
2026-02-19,POS,item,7 Inch - Regular Pizza,7.0,40.0,280.0
2026-02-19,Swiggy,item,7 Inch - Regular Pizza,1.0,40.0,40.0
2026-02-19,POS,item,Delicious Combo Delight Regular,1.0,40.0,40.0
2026-02-19,POS,item,Garlic Bread Supreme[non-veg],1.0,40.0,40.0
2026-02-19,POS,addon,Super Saver Meal Medium-Extra Cheese,1.0,38.0,38.0
2026-02-19,POS,addon,7 Inch - Regular Pizza -Extra Cheese,2.0,20.0,40.0
2026-02-19,POS,item,7up @50rs,1.0,0.0,0.0
2026-02-19,POS,item,Brownie,1.0,0.0,0.0
2026-02-19,POS,item,Burger Combo @ 169,1.0,0.0,0.0
2026-02-19,Swiggy,item,Chicken Nuggets,1.0,0.0,0.0
2026-02-19,POS,item,French Fries,3.0,0.0,0.0
2026-02-19,Swiggy,item,French Fries,1.0,0.0,0.0
2026-02-19,POS,item,Garlic Bread,1.0,0.0,0.0
2026-02-19,Swiggy,item,Garlic Bread,1.0,0.0,0.0
2026-02-19,POS,item,Green Apple,1.0,0.0,0.0
2026-02-19,POS,item,Loaded Fries,1.0,0.0,0.0
2026-02-19,POS,item,Macaroni N Chicken Salad,1.0,0.0,0.0
2026-02-19,POS,item,Pepsi 250ml Pet,1.0,0.0,0.0
2026-02-19,POS,item,Peri Peri Dip,1.0,0.0,0.0
2026-02-19,POS,item,Regular Chicken Burger,1.0,0.0,0.0
2026-02-19,POS,item,Soft Drink,2.0,0.0,0.0
2026-02-19,POS,item,Veg Pasta,2.0,0.0,0.0
2026-02-19,POS,item,Watermelon Juice,4.0,0.0,0.0
2026-02-18,POS,item,2 Medium Non-veg@759,1.0,150.0,150.0
2026-02-18,POS,item,12 Inch - Large Pizza,1.0,120.0,120.0
2026-02-18,POS,item,2 Regular Non-veg@409,3.0,80.0,240.0
2026-02-18,POS,item,9 Inch - Medium Pizza,3.0,75.0,225.0
2026-02-18,Swiggy,item,9 Inch - Medium Pizza,1.0,75.0,75.0
2026-02-18,POS,item,Super Saver Meal Medium,1.0,75.0,75.0
2026-02-18,POS,item,7 Inch - Regular Pizza,8.0,40.0,320.0
2026-02-18,Swiggy,item,Bada Saver Meal Regular,2.0,40.0,80.0
2026-02-18,POS,item,Garlic Bread With Cheese,2.0,40.0,80.0
2026-02-18,POS,item,Super Saver Meal Regular,2.0,40.0,80.0
2026-02-18,POS,addon,Super Saver Meal Regular-Extra Cheese,1.0,20.0,20.0
2026-02-18,POS,item,7up 250ml Pet,1.0,0.0,0.0
2026-02-18,POS,item,7up@40rs,2.0,0.0,0.0
2026-02-18,POS,item,Brownie With Ice Cream,3.0,0.0,0.0
2026-02-18,Swiggy,item,Brownie With Ice Cream,3.0,0.0,0.0
2026-02-18,POS,item,Burger Combo @ 169,7.0,0.0,0.0
2026-02-18,POS,item,Chicken Nuggets Burger,1.0,0.0,0.0
2026-02-18,POS,item,French Fries,4.0,0.0,0.0
2026-02-18,Swiggy,item,French Fries,1.0,0.0,0.0
2026-02-18,Swiggy,item,Fresh Garden Mint,2.0,0.0,0.0
2026-02-18,POS,item,Grapes Juice,2.0,0.0,0.0
2026-02-18,POS,item,Loaded Fries,4.0,0.0,0.0
2026-02-18,POS,item,Mdew 250ml Pet,1.0,0.0,0.0
2026-02-18,POS,item,Mdew@40rs,1.0,0.0,0.0
2026-02-18,POS,item,Mint Lime Juice,1.0,0.0,0.0
2026-02-18,POS,item,Mixed Chicken Salad,1.0,0.0,0.0
2026-02-18,POS,item,Pepsi 330ml Can,1.0,0.0,0.0
2026-02-18,POS,item,Pepsi@40rs,2.0,0.0,0.0
2026-02-18,POS,item,Pineapple Juice,2.0,0.0,0.0
2026-02-18,Swiggy,item,Pink Lady,1.0,0.0,0.0
2026-02-18,POS,item,Regular Chicken Burger,1.0,0.0,0.0
2026-02-18,POS,item,Soft Drink,5.0,0.0,0.0
2026-02-18,POS,item,Veg Burger,1.0,0.0,0.0
2026-02-18,POS,item,Veg Pasta,2.0,0.0,0.0
2026-02-18,Swiggy,item,Veg Pasta,1.0,0.0,0.0
2026-02-17,POS,item,2 Medium Non-veg@759,1.0,150.0,150.0
2026-02-17,POS,item,12 Inch - Large Pizza,3.0,120.0,360.0
2026-02-17,POS,item,2 Regular Non-veg@409,2.0,80.0,160.0
2026-02-17,POS,item,9 Inch - Medium Pizza,4.0,75.0,300.0
2026-02-17,Swiggy,item,9 Inch - Medium Pizza,1.0,75.0,75.0
2026-02-17,POS,item,Delicious Combo Delight Medium,1.0,75.0,75.0
2026-02-17,Swiggy,item,7 Inch - Regular Pizza,6.0,40.0,240.0
2026-02-17,POS,item,7 Inch - Regular Pizza,4.0,40.0,160.0
2026-02-17,POS,item,Combo Delight Non-veg,3.0,20.0,60.0
2026-02-17,POS,item,7up 330ml Can,1.0,0.0,0.0
2026-02-17,POS,item,Brownie,1.0,0.0,0.0
2026-02-17,POS,item,Brownie With Ice Cream,1.0,0.0,0.0
2026-02-17,POS,item,Burger Combo @ 179,2.0,0.0,0.0
2026-02-17,Swiggy,item,Chicken Loaded Fries,1.0,0.0,0.0
2026-02-17,POS,item,Chicken Popcorn,1.0,0.0,0.0
2026-02-17,Swiggy,item,French Fries,1.0,0.0,0.0
2026-02-17,POS,item,Fresh Lime Juice,1.0,0.0,0.0
2026-02-17,POS,item,Loaded Fries,2.0,0.0,0.0
2026-02-17,POS,item,Mdew 250ml Pet,1.0,0.0,0.0
2026-02-17,POS,item,Mdew@40rs,1.0,0.0,0.0
2026-02-17,POS,item,Mineral Water,2.0,0.0,0.0
2026-02-17,POS,item,Mint Lime Juice,1.0,0.0,0.0
2026-02-17,POS,item,Nutty Vanilla,1.0,0.0,0.0
2026-02-17,POS,item,Pepsi 250ml Pet,2.0,0.0,0.0
2026-02-17,POS,item,Regular Chicken Burger,1.0,0.0,0.0
2026-02-17,POS,item,Soda,2.0,0.0,0.0
2026-02-17,POS,item,Soft Drink,4.0,0.0,0.0
2026-02-17,POS,item,Tender Coconut,1.0,0.0,0.0
2026-02-16,POS,item,2 Large Non-veg@1149,1.0,240.0,240.0
2026-02-16,POS,item,2 Medium Non-veg@759,2.0,150.0,300.0
2026-02-16,POS,item,12 Inch - Large Pizza,3.0,120.0,360.0
2026-02-16,POS,item,2 Regular Non-veg@409,2.0,80.0,160.0
2026-02-16,POS,item,9 Inch - Medium Pizza,6.0,75.0,450.0
2026-02-16,POS,item,7 Inch - Regular Pizza,8.0,40.0,320.0
2026-02-16,Swiggy,item,7 Inch - Regular Pizza,2.0,40.0,80.0
2026-02-16,POS,item,Garlic Bread Supreme[non-veg],1.0,40.0,40.0
2026-02-16,POS,item,Garlic Bread With Cheese,1.0,40.0,40.0
2026-02-16,POS,addon,9 Inch - Medium Pizza -Extra Cheese,1.0,38.0,38.0
2026-02-16,POS,item,7up@40rs,1.0,0.0,0.0
2026-02-16,POS,item,Blue Curacao,1.0,0.0,0.0
2026-02-16,POS,item,Blue Mojito,1.0,0.0,0.0
2026-02-16,POS,item,Brownie,1.0,0.0,0.0
2026-02-16,POS,item,Brownie With Ice Cream,2.0,0.0,0.0
2026-02-16,POS,item,Burger Combo @ 169,1.0,0.0,0.0
2026-02-16,POS,item,Burger Combo @ 179,3.0,0.0,0.0
2026-02-16,POS,item,Chicken Nuggets,1.0,0.0,0.0
2026-02-16,POS,item,Chicken Pasta,1.0,0.0,0.0
2026-02-16,POS,item,Chicken Popcorn,1.0,0.0,0.0
2026-02-16,POS,item,French Fries,5.0,0.0,0.0
2026-02-16,POS,item,Fresh Lime Juice,1.0,0.0,0.0
2026-02-16,POS,item,Garlic Bread,1.0,0.0,0.0
2026-02-16,POS,item,Grapes Juice,1.0,0.0,0.0
2026-02-16,POS,item,Greek Chicken Salad[non-veg],1.0,0.0,0.0
2026-02-16,POS,item,Green Apple,3.0,0.0,0.0
2026-02-16,POS,item,Loaded Fries,2.0,0.0,0.0
2026-02-16,POS,item,Mint Lime Juice,3.0,0.0,0.0
2026-02-16,POS,item,Mixed Chicken Salad,1.0,0.0,0.0
2026-02-16,POS,item,Pepsi 250ml Pet,1.0,0.0,0.0
2026-02-16,POS,item,Pepsi@40rs,1.0,0.0,0.0
2026-02-16,POS,item,Pineapple Juice,2.0,0.0,0.0
2026-02-16,POS,item,Regular Chicken Burger,2.0,0.0,0.0
2026-02-16,POS,item,Slice 200ml,1.0,0.0,0.0
2026-02-16,POS,item,Soft Drink,3.0,0.0,0.0
2026-02-16,POS,item,Watermelon Juice,1.0,0.0,0.0
2026-02-15,POS,item,12 Inch - Large Pizza,8.0,120.0,960.0
2026-02-15,POS,item,2 Regular Non-veg@409,3.0,80.0,240.0
2026-02-15,POS,item,9 Inch - Medium Pizza,6.0,75.0,450.0
2026-02-15,Swiggy,item,9 Inch - Medium Pizza,2.0,75.0,150.0
2026-02-15,POS,item,7 Inch - Regular Pizza,11.0,40.0,440.0
2026-02-15,Swiggy,item,7 Inch - Regular Pizza,2.0,40.0,80.0
2026-02-15,POS,item,Garlic Bread Supreme[non-veg],2.0,40.0,80.0
2026-02-15,POS,item,Garlic Bread With Cheese,1.0,40.0,40.0
2026-02-15,Swiggy,item,Garlic Bread With Cheese,1.0,40.0,40.0
2026-02-15,POS,item,Super Saver Meal Regular,1.0,40.0,40.0
2026-02-15,POS,item,Combo Delight Non-veg,2.0,20.0,40.0
2026-02-15,POS,item,Brownie With Ice Cream,1.0,0.0,0.0
2026-02-15,POS,item,Burger Combo @ 179,1.0,0.0,0.0
2026-02-15,POS,item,Cheese N Macaroni Salad,1.0,0.0,0.0
2026-02-15,POS,item,Cheesy Dip,1.0,0.0,0.0
2026-02-15,POS,item,Chicken Pasta,3.0,0.0,0.0
2026-02-15,POS,item,Chikku Shake,2.0,0.0,0.0
2026-02-15,POS,item,Chocolate Shake,1.0,0.0,0.0
2026-02-15,POS,item,French Fries,5.0,0.0,0.0
2026-02-15,POS,item,Fresh Garden Mint,2.0,0.0,0.0
2026-02-15,POS,item,Fresh Lime Juice,4.0,0.0,0.0
2026-02-15,POS,item,Grapes Juice,3.0,0.0,0.0
2026-02-15,POS,item,Green Apple,4.0,0.0,0.0
2026-02-15,POS,item,Loaded Fries,7.0,0.0,0.0
2026-02-15,POS,item,Mdew@40rs,1.0,0.0,0.0
2026-02-15,POS,item,Mineral Water,1.0,0.0,0.0
2026-02-15,POS,item,Mixed Chicken Salad,1.0,0.0,0.0
2026-02-15,POS,item,Pepsi 250ml Pet,1.0,0.0,0.0
2026-02-15,POS,item,Pepsi 330ml Can,1.0,0.0,0.0
2026-02-15,POS,item,Pepsi@40rs,1.0,0.0,0.0
2026-02-15,POS,item,Pineapple Juice,2.0,0.0,0.0
2026-02-15,POS,item,Regular Chicken Burger,5.0,0.0,0.0
2026-02-15,POS,item,Slice 200ml,1.0,0.0,0.0
2026-02-15,POS,item,Soft Drink,2.0,0.0,0.0
2026-02-15,POS,item,Thousand Dip,1.0,0.0,0.0
2026-02-15,POS,item,Veg Burger,1.0,0.0,0.0
2026-02-15,POS,item,Watermelon Juice,1.0,0.0,0.0
2026-02-14,POS,item,12 Inch - Large Pizza,5.0,120.0,600.0
2026-02-14,POS,item,2 Regular Non-veg@409,2.0,80.0,160.0
2026-02-14,POS,item,2 Regular Veg@349,1.0,80.0,80.0
2026-02-14,POS,item,9 Inch - Medium Pizza,7.0,75.0,525.0
2026-02-14,Swiggy,item,9 Inch - Medium Pizza,2.0,75.0,150.0
2026-02-14,POS,item,Delicious Combo Delight Medium,1.0,75.0,75.0
2026-02-14,POS,item,Super Saver Meal Medium,1.0,75.0,75.0
2026-02-14,POS,addon,12 Inch - Large Pizza -Extra Cheese,1.0,60.0,60.0
2026-02-14,POS,item,7 Inch - Regular Pizza,11.0,40.0,440.0
2026-02-14,Swiggy,item,7 Inch - Regular Pizza,6.0,40.0,240.0
2026-02-14,POS,item,Garlic Bread With Cheese,1.0,40.0,40.0
2026-02-14,Swiggy,item,Garlic Bread With Cheese,1.0,40.0,40.0
2026-02-14,POS,item,Super Saver Meal Regular,2.0,40.0,80.0
2026-02-14,POS,item,Combo Delight Non-veg,1.0,20.0,20.0
2026-02-14,POS,addon,Super Saver Meal Regular-Extra Cheese,1.0,20.0,20.0
2026-02-14,Swiggy,item,2 Regular Budget Pizzas,1.0,0.0,0.0
2026-02-14,POS,item,7up 250ml Pet,2.0,0.0,0.0
2026-02-14,POS,item,7up @50rs,1.0,0.0,0.0
2026-02-14,POS,item,7up@40rs,2.0,0.0,0.0
2026-02-14,POS,item,Brownie With Ice Cream,1.0,0.0,0.0
2026-02-14,Swiggy,item,Brownie With Ice Cream,1.0,0.0,0.0
2026-02-14,POS,item,Burger Combo @ 169,1.0,0.0,0.0
2026-02-14,Swiggy,item,Butterscotch Sundae,1.0,0.0,0.0
2026-02-14,Swiggy,item,Cheese N Macaroni Salad,1.0,0.0,0.0
2026-02-14,POS,item,Cheesy Fries,1.0,0.0,0.0
2026-02-14,Swiggy,item,Chicken Nuggets,1.0,0.0,0.0
2026-02-14,POS,item,Chicken Pasta,3.0,0.0,0.0
2026-02-14,Swiggy,item,Chicken Pasta,1.0,0.0,0.0
2026-02-14,POS,item,Chikku Shake,1.0,0.0,0.0
2026-02-14,POS,item,French Fries,3.0,0.0,0.0
2026-02-14,Swiggy,item,Fresh Garden Mint,1.0,0.0,0.0
2026-02-14,POS,item,Fresh Lime Juice,1.0,0.0,0.0
2026-02-14,POS,item,Garlic Bread,1.0,0.0,0.0
2026-02-14,Swiggy,item,Green Apple,1.0,0.0,0.0
2026-02-14,Swiggy,item,Hot Garlic Dip,1.0,0.0,0.0
2026-02-14,POS,item,Mdew 250ml Pet,2.0,0.0,0.0
2026-02-14,POS,item,Mineral Water,1.0,0.0,0.0
2026-02-14,POS,item,Mint Lime Juice,1.0,0.0,0.0
2026-02-14,POS,item,Mixed Chicken Salad,1.0,0.0,0.0
2026-02-14,Swiggy,item,Passion Mint,1.0,0.0,0.0
2026-02-14,POS,item,Pepsi 250ml Pet,2.0,0.0,0.0
2026-02-14,POS,item,Pepsi@40rs,1.0,0.0,0.0
2026-02-14,POS,item,Pineapple Juice,4.0,0.0,0.0
2026-02-14,POS,item,Potato Wedges,1.0,0.0,0.0
2026-02-14,POS,item,Regular Chicken Burger,5.0,0.0,0.0
2026-02-14,POS,item,Soft Drink,1.0,0.0,0.0
2026-02-14,POS,item,Special Discount,0.0,0.0,0.0
2026-02-14,POS,item,Tender Coconut,1.0,0.0,0.0
2026-02-14,Swiggy,item,Veg Pasta,1.0,0.0,0.0
2026-02-14,POS,item,Watermelon Juice,1.0,0.0,0.0
2026-02-13,POS,item,2 Large Non-veg@1149,2.0,240.0,480.0
2026-02-13,POS,item,12 Inch - Large Pizza,1.0,120.0,120.0
2026-02-13,POS,item,2 Regular Non-veg@409,1.0,80.0,80.0
2026-02-13,Swiggy,item,2 Regular Pizzas,1.0,80.0,80.0
2026-02-13,POS,item,2 Regular Veg@349,1.0,80.0,80.0
2026-02-13,POS,item,9 Inch - Medium Pizza,2.0,75.0,150.0
2026-02-13,POS,item,Delicious Combo Delight Medium,1.0,75.0,75.0
2026-02-13,POS,item,7 Inch - Regular Pizza,8.0,40.0,320.0
2026-02-13,Swiggy,item,7 Inch - Regular Pizza,2.0,40.0,80.0
2026-02-13,POS,item,Garlic Bread Supreme [veg],1.0,40.0,40.0
2026-02-13,POS,item,Garlic Bread With Cheese,4.0,40.0,160.0
2026-02-13,POS,item,Super Saver Meal Regular,1.0,40.0,40.0
2026-02-13,POS,item,7up @50rs,2.0,0.0,0.0
2026-02-13,POS,item,7up@40rs,2.0,0.0,0.0
2026-02-13,POS,item,Blue Mojito,2.0,0.0,0.0
2026-02-13,POS,item,Chicken Nuggets,3.0,0.0,0.0
2026-02-13,POS,item,Chicken Pasta,4.0,0.0,0.0
2026-02-13,POS,item,French Fries,10.0,0.0,0.0
2026-02-13,Swiggy,item,French Fries,1.0,0.0,0.0
2026-02-13,POS,item,Fresh Lime Juice,2.0,0.0,0.0
2026-02-13,POS,item,Grapes Juice,3.0,0.0,0.0
2026-02-13,POS,item,Loaded Fries,1.0,0.0,0.0
2026-02-13,POS,item,Mdew 250ml Pet,1.0,0.0,0.0
2026-02-13,POS,item,Mdew 330ml Can,1.0,0.0,0.0
2026-02-13,POS,item,Mdew@40rs,1.0,0.0,0.0
2026-02-13,POS,item,Mineral Water,3.0,0.0,0.0
2026-02-13,POS,item,Mint Lime Juice,2.0,0.0,0.0
2026-02-13,POS,item,Passion Fruit,3.0,0.0,0.0
2026-02-13,POS,item,Pepsi 250ml Pet,2.0,0.0,0.0
2026-02-13,POS,item,Pepsi@40rs,1.0,0.0,0.0
2026-02-13,POS,item,Pepsi@50rs,1.0,0.0,0.0
2026-02-13,POS,item,Pineapple Juice,8.0,0.0,0.0
2026-02-13,POS,item,Pizza Upgrade,1.0,0.0,0.0
2026-02-13,POS,item,Regular Chicken Burger,8.0,0.0,0.0
2026-02-13,POS,item,Sizzling Brownie,1.0,0.0,0.0
2026-02-13,POS,item,Slice 200ml,1.0,0.0,0.0
2026-02-13,POS,item,Soft Drink,2.0,0.0,0.0
2026-02-13,POS,item,Tender Coconut,1.0,0.0,0.0
2026-02-13,POS,item,Watermelon Juice,1.0,0.0,0.0
2026-02-12,POS,item,9 Inch - Medium Pizza,6.0,75.0,450.0
2026-02-12,POS,item,Super Saver Meal Medium,1.0,75.0,75.0
2026-02-12,POS,item,7 Inch - Regular Pizza,8.0,40.0,320.0
2026-02-12,Swiggy,item,7 Inch - Regular Pizza,1.0,40.0,40.0
2026-02-12,POS,item,Garlic Bread Supreme [veg],1.0,40.0,40.0
2026-02-12,POS,item,Super Saver Meal Regular,2.0,40.0,80.0
2026-02-12,POS,item,7up @50rs,2.0,0.0,0.0
2026-02-12,POS,item,7up@40rs,2.0,0.0,0.0
2026-02-12,POS,item,Blue Mojito,1.0,0.0,0.0
2026-02-12,POS,item,Burger Combo @ 169,4.0,0.0,0.0
2026-02-12,Swiggy,item,Chicken Loaded Fries,1.0,0.0,0.0
2026-02-12,POS,item,Chicken Nuggets,1.0,0.0,0.0
2026-02-12,POS,item,Chicken Pasta,2.0,0.0,0.0
2026-02-12,POS,item,Chikku Shake,1.0,0.0,0.0
2026-02-12,POS,item,Chocolate Shake,1.0,0.0,0.0
2026-02-12,POS,item,French Fries,3.0,0.0,0.0
2026-02-12,POS,item,Fresh Lime Juice,7.0,0.0,0.0
2026-02-12,POS,item,Grapes Juice,1.0,0.0,0.0
2026-02-12,POS,item,Green Apple,1.0,0.0,0.0
2026-02-12,POS,item,Mdew 250ml Pet,1.0,0.0,0.0
2026-02-12,POS,item,Mineral Water,5.0,0.0,0.0
2026-02-12,POS,item,Pepsi 250ml Pet,6.0,0.0,0.0
2026-02-12,POS,item,Pepsi 330ml Can,1.0,0.0,0.0
2026-02-12,POS,item,Pepsi@40rs,1.0,0.0,0.0
2026-02-12,POS,item,Potato Wedges,1.0,0.0,0.0
2026-02-12,POS,item,Slice 200ml,1.0,0.0,0.0
2026-02-12,POS,item,Soft Drink,2.0,0.0,0.0
2026-02-11,POS,item,2 Medium Non-veg@759,1.0,150.0,150.0
2026-02-11,POS,item,2 Regular Non-veg@409,1.0,80.0,80.0
2026-02-11,POS,item,9 Inch - Medium Pizza,4.0,75.0,300.0
2026-02-11,POS,item,Super Saver Meal Medium,1.0,75.0,75.0
2026-02-11,POS,item,7 Inch - Regular Pizza,4.0,40.0,160.0
2026-02-11,POS,item,Super Saver Meal Regular,2.0,40.0,80.0
2026-02-11,POS,item,Combo Delight Non-veg,2.0,20.0,40.0
2026-02-11,POS,item,Brownie With Ice Cream,1.0,0.0,0.0
2026-02-11,POS,item,Cheesy Fries,2.0,0.0,0.0
2026-02-11,POS,item,Chicken Pasta,1.0,0.0,0.0
2026-02-11,POS,item,French Fries,1.0,0.0,0.0
2026-02-11,POS,item,Mdew 250ml Pet,1.0,0.0,0.0
2026-02-11,POS,item,Mdew@40rs,1.0,0.0,0.0
2026-02-11,POS,item,Passion Fruit,2.0,0.0,0.0
2026-02-11,POS,item,Peri Peri Dip,1.0,0.0,0.0
2026-02-11,POS,item,Regular Chicken Burger,1.0,0.0,0.0
2026-02-11,POS,item,Soft Drink,1.0,0.0,0.0
2026-02-11,POS,item,Veg Burger,1.0,0.0,0.0
2026-02-11,POS,item,Veg Pasta,2.0,0.0,0.0
2026-02-11,POS,item,Watermelon Juice,1.0,0.0,0.0
2026-02-10,POS,item,2 Large Non-veg@1149,1.0,240.0,240.0
2026-02-10,POS,item,2 Medium Non-veg@759,1.0,150.0,150.0
2026-02-10,Swiggy,item,2 Medium Pizzas,1.0,150.0,150.0
2026-02-10,POS,item,12 Inch - Large Pizza,4.0,120.0,480.0
2026-02-10,POS,item,2 Regular Non-veg@409,6.0,80.0,480.0
2026-02-10,POS,item,9 Inch - Medium Pizza,6.0,75.0,450.0
2026-02-10,POS,item,7 Inch - Regular Pizza,10.0,40.0,400.0
2026-02-10,Swiggy,item,7 Inch - Regular Pizza,1.0,40.0,40.0
2026-02-10,POS,item,Garlic Bread With Cheese,1.0,40.0,40.0
2026-02-10,POS,item,Super Saver Meal Regular,1.0,40.0,40.0
2026-02-10,POS,addon,7 Inch - Regular Pizza -Extra Cheese,1.0,20.0,20.0
2026-02-10,Swiggy,item,2 Regular Budget Pizzas,1.0,0.0,0.0
2026-02-10,POS,item,7up@40rs,1.0,0.0,0.0
2026-02-10,POS,item,Brownie With Ice Cream,1.0,0.0,0.0
2026-02-10,POS,item,Burger Combo @ 169,1.0,0.0,0.0
2026-02-10,POS,item,Burger Combo @ 179,1.0,0.0,0.0
2026-02-10,POS,item,Chicken Pasta,1.0,0.0,0.0
2026-02-10,POS,item,Chikku Shake,2.0,0.0,0.0
2026-02-10,POS,item,French Fries,6.0,0.0,0.0
2026-02-10,POS,item,Fresh Garden Mint,1.0,0.0,0.0
2026-02-10,POS,item,Garlic Bread,2.0,0.0,0.0
2026-02-10,POS,item,Grapes Juice,1.0,0.0,0.0
2026-02-10,Swiggy,item,Hot Garlic Dip,1.0,0.0,0.0
2026-02-10,POS,item,Loaded Fries,3.0,0.0,0.0
2026-02-10,POS,item,Mdew 250ml Pet,1.0,0.0,0.0
2026-02-10,POS,item,Mint Lime Juice,4.0,0.0,0.0
2026-02-10,POS,item,Pepsi 250ml Pet,1.0,0.0,0.0
2026-02-10,POS,item,Pepsi 330ml Can,1.0,0.0,0.0
2026-02-10,POS,item,Pepsi@40rs,1.0,0.0,0.0
2026-02-10,POS,item,Pineapple Juice,1.0,0.0,0.0
2026-02-10,POS,item,Regular Chicken Burger,1.0,0.0,0.0
2026-02-10,POS,item,Soft Drink,2.0,0.0,0.0
2026-02-10,POS,item,Veg Burger,1.0,0.0,0.0
2026-02-10,POS,item,Watermelon Juice,1.0,0.0,0.0
2026-02-10,POS,item,2 Large Non-veg@1149,1.0,240.0,240.0
2026-02-10,POS,item,2 Medium Non-veg@759,1.0,150.0,150.0
2026-02-10,Swiggy,item,2 Medium Pizzas,1.0,150.0,150.0
2026-02-10,POS,item,12 Inch - Large Pizza,4.0,120.0,480.0
2026-02-10,POS,item,2 Regular Non-veg@409,6.0,80.0,480.0
2026-02-10,POS,item,9 Inch - Medium Pizza,6.0,75.0,450.0
2026-02-10,POS,item,7 Inch - Regular Pizza,10.0,40.0,400.0
2026-02-10,Swiggy,item,7 Inch - Regular Pizza,1.0,40.0,40.0
2026-02-10,POS,item,Garlic Bread With Cheese,1.0,40.0,40.0
2026-02-10,POS,item,Super Saver Meal Regular,1.0,40.0,40.0
2026-02-10,POS,addon,7 Inch - Regular Pizza -Extra Cheese,1.0,20.0,20.0
2026-02-10,Swiggy,item,2 Regular Budget Pizzas,1.0,0.0,0.0
2026-02-10,POS,item,7up@40rs,1.0,0.0,0.0
2026-02-10,POS,item,Brownie With Ice Cream,1.0,0.0,0.0
2026-02-10,POS,item,Burger Combo @ 169,1.0,0.0,0.0
2026-02-10,POS,item,Burger Combo @ 179,1.0,0.0,0.0
2026-02-10,POS,item,Chicken Pasta,1.0,0.0,0.0
2026-02-10,POS,item,Chikku Shake,2.0,0.0,0.0
2026-02-10,POS,item,French Fries,6.0,0.0,0.0
2026-02-10,POS,item,Fresh Garden Mint,1.0,0.0,0.0
2026-02-10,POS,item,Garlic Bread,2.0,0.0,0.0
2026-02-10,POS,item,Grapes Juice,1.0,0.0,0.0
2026-02-10,Swiggy,item,Hot Garlic Dip,1.0,0.0,0.0
2026-02-10,POS,item,Loaded Fries,3.0,0.0,0.0
2026-02-10,POS,item,Mdew 250ml Pet,1.0,0.0,0.0
2026-02-10,POS,item,Mint Lime Juice,4.0,0.0,0.0
2026-02-10,POS,item,Pepsi 250ml Pet,1.0,0.0,0.0
2026-02-10,POS,item,Pepsi 330ml Can,1.0,0.0,0.0
2026-02-10,POS,item,Pepsi@40rs,1.0,0.0,0.0
2026-02-10,POS,item,Pineapple Juice,1.0,0.0,0.0
2026-02-10,POS,item,Regular Chicken Burger,1.0,0.0,0.0
2026-02-10,POS,item,Soft Drink,2.0,0.0,0.0
2026-02-10,POS,item,Veg Burger,1.0,0.0,0.0
2026-02-10,POS,item,Watermelon Juice,1.0,0.0,0.0
2026-02-09,POS,item,2 Medium Non-veg@759,2.0,150.0,300.0
2026-02-09,POS,item,12 Inch - Large Pizza,3.0,120.0,360.0
2026-02-09,POS,item,2 Regular Non-veg@409,2.0,80.0,160.0
2026-02-09,POS,item,2 Regular Veg@349,1.0,80.0,80.0
2026-02-09,POS,item,9 Inch - Medium Pizza,5.0,75.0,375.0
2026-02-09,POS,item,Super Saver Meal Medium,1.0,75.0,75.0
2026-02-09,POS,item,7 Inch - Regular Pizza,13.0,40.0,520.0
2026-02-09,Swiggy,item,7 Inch - Regular Pizza,3.0,40.0,120.0
2026-02-09,POS,item,Super Saver Meal Regular,1.0,40.0,40.0
2026-02-09,POS,addon,7 Inch - Regular Pizza -Extra Cheese,1.0,20.0,20.0
2026-02-09,POS,item,7up 250ml Pet,1.0,0.0,0.0
2026-02-09,POS,item,Blue Mojito,1.0,0.0,0.0
2026-02-09,Swiggy,item,Chicken Nuggets,2.0,0.0,0.0
2026-02-09,POS,item,Chicken Pasta,2.0,0.0,0.0
2026-02-09,POS,item,Chocolate Shake,2.0,0.0,0.0
2026-02-09,POS,item,French Fries,3.0,0.0,0.0
2026-02-09,POS,item,Fresh Lime Juice,2.0,0.0,0.0
2026-02-09,POS,item,Garlic Bread,2.0,0.0,0.0
2026-02-09,POS,item,Grapes Juice,5.0,0.0,0.0
2026-02-09,POS,item,Loaded Fries,2.0,0.0,0.0
2026-02-09,POS,item,Mdew@40rs,1.0,0.0,0.0
2026-02-09,POS,item,Passion Fruit,1.0,0.0,0.0
2026-02-09,POS,item,Pepsi 250ml Pet,1.0,0.0,0.0
2026-02-09,POS,item,Pepsi@40rs,2.0,0.0,0.0
2026-02-09,POS,item,Regular Chicken Burger,2.0,0.0,0.0
2026-02-09,POS,item,Veg Pasta,2.0,0.0,0.0
2026-02-08,POS,item,2 Medium Non-veg@759,1.0,150.0,150.0
2026-02-08,POS,item,12 Inch - Large Pizza,2.0,120.0,240.0
2026-02-08,POS,item,9 Inch - Medium Pizza,11.0,75.0,825.0
2026-02-08,Swiggy,item,9 Inch - Medium Pizza,2.0,75.0,150.0
2026-02-08,POS,item,Super Saver Meal Medium,1.0,75.0,75.0
2026-02-08,POS,item,7 Inch - Regular Pizza,12.0,40.0,480.0
2026-02-08,Swiggy,item,7 Inch - Regular Pizza,1.0,40.0,40.0
2026-02-08,POS,item,Delicious Combo Delight Regular,1.0,40.0,40.0
2026-02-08,Swiggy,addon,9 Inch - Medium Pizza -Extra Cheese,1.0,38.0,38.0
2026-02-08,POS,item,Combo Delight Non-veg,1.0,20.0,20.0
2026-02-08,Swiggy,item,Blue Mojito,1.0,0.0,0.0
2026-02-08,POS,item,Brownie,2.0,0.0,0.0
2026-02-08,POS,item,Brownie With Ice Cream,1.0,0.0,0.0
2026-02-08,POS,item,Burger Combo @ 169,1.0,0.0,0.0
2026-02-08,POS,item,Burger Combo @ 179,1.0,0.0,0.0
2026-02-08,POS,item,Cheese N Macaroni Salad,1.0,0.0,0.0
2026-02-08,POS,item,Cheesy Fries,1.0,0.0,0.0
2026-02-08,POS,item,Chicken Nuggets,2.0,0.0,0.0
2026-02-08,POS,item,Chicken Nuggets Burger,2.0,0.0,0.0
2026-02-08,POS,item,Chicken Pasta,9.0,0.0,0.0
2026-02-08,POS,item,Chicken Popcorn,1.0,0.0,0.0
2026-02-08,POS,item,Chikku Shake,1.0,0.0,0.0
2026-02-08,POS,item,Chocolate Shake,1.0,0.0,0.0
2026-02-08,POS,item,Coleslaw Salad,1.0,0.0,0.0
2026-02-08,POS,item,French Fries,4.0,0.0,0.0
2026-02-08,POS,item,Grapes Juice,1.0,0.0,0.0
2026-02-08,POS,item,Greek Salad,1.0,0.0,0.0
2026-02-08,POS,item,Green Apple,2.0,0.0,0.0
2026-02-08,POS,item,Hot Garlic Dip,1.0,0.0,0.0
2026-02-08,POS,item,Loaded Fries,1.0,0.0,0.0
2026-02-08,POS,item,Nutty Vanilla,1.0,0.0,0.0
2026-02-08,POS,item,Passion Fruit,1.0,0.0,0.0
2026-02-08,POS,item,Pepsi 250ml Can,1.0,0.0,0.0
2026-02-08,POS,item,Pepsi 250ml Pet,1.0,0.0,0.0
2026-02-08,POS,item,Pineapple Juice,1.0,0.0,0.0
2026-02-08,POS,item,Regular Chicken Burger,4.0,0.0,0.0
2026-02-08,POS,item,Soft Drink,1.0,0.0,0.0
2026-02-08,POS,item,Tender Coconut,2.0,0.0,0.0
2026-02-08,POS,item,Veg Burger,1.0,0.0,0.0
2026-02-08,POS,item,Veg Pasta,1.0,0.0,0.0
2026-02-08,POS,item,Water Melon,1.0,0.0,0.0
2026-02-07,POS,item,2 Medium Non-veg@759,2.0,150.0,300.0
2026-02-07,POS,item,12 Inch - Large Pizza,2.0,120.0,240.0
2026-02-07,Swiggy,item,12 Inch - Large Pizza,1.0,120.0,120.0
2026-02-07,POS,item,2 Regular Non-veg@409,3.0,80.0,240.0
2026-02-07,POS,item,9 Inch - Medium Pizza,5.0,75.0,375.0
2026-02-07,POS,item,Non Veg Meal For 2,1.0,75.0,75.0
2026-02-07,POS,item,Super Saver Meal Medium,2.0,75.0,150.0
2026-02-07,POS,item,7 Inch - Regular Pizza,12.0,40.0,480.0
2026-02-07,POS,item,Garlic Bread Supreme[non-veg],2.0,40.0,80.0
2026-02-07,Swiggy,item,Garlic Bread Supreme[non-veg],1.0,40.0,40.0
2026-02-07,POS,item,Garlic Bread With Cheese,1.0,40.0,40.0
2026-02-07,POS,item,Super Saver Meal Regular,3.0,40.0,120.0
2026-02-07,POS,addon,7 Inch - Regular Pizza -Extra Cheese,1.0,20.0,20.0
2026-02-07,POS,item,Combo Delight Non-veg,1.0,20.0,20.0
2026-02-07,POS,item,Brownie With Ice Cream,1.0,0.0,0.0
2026-02-07,POS,item,Burger Combo @ 169,1.0,0.0,0.0
2026-02-07,POS,item,Burger Combo @ 179,1.0,0.0,0.0
2026-02-07,POS,item,Chicken Pasta,3.0,0.0,0.0
2026-02-07,POS,item,Chikku Shake,1.0,0.0,0.0
2026-02-07,POS,item,French Fries,3.0,0.0,0.0
2026-02-07,POS,item,Fresh Garden Mint,2.0,0.0,0.0
2026-02-07,POS,item,Garlic Bread,1.0,0.0,0.0
2026-02-07,POS,item,Green Apple,1.0,0.0,0.0
2026-02-07,POS,item,Loaded Fries,3.0,0.0,0.0
2026-02-07,POS,item,Mdew 250ml Pet,1.0,0.0,0.0
2026-02-07,POS,item,Mint Lime Juice,2.0,0.0,0.0
2026-02-07,POS,item,Mixed Chicken Salad,2.0,0.0,0.0
2026-02-07,POS,item,Pepsi 250ml Pet,2.0,0.0,0.0
2026-02-07,POS,item,Pepsi@40rs,1.0,0.0,0.0
2026-02-07,POS,item,Peri Peri Dip,1.0,0.0,0.0
2026-02-07,POS,item,Pizza Upgrade,1.0,0.0,0.0
2026-02-07,POS,item,Regular Chicken Burger,7.0,0.0,0.0
2026-02-07,POS,item,Veg Pasta,1.0,0.0,0.0
2026-02-07,POS,item,Watermelon Juice,1.0,0.0,0.0
2026-02-06,POS,item,9 Inch - Medium Pizza,9.0,75.0,675.0
2026-02-06,Swiggy,item,9 Inch - Medium Pizza,1.0,75.0,75.0
2026-02-06,POS,item,7 Inch - Regular Pizza,3.0,40.0,120.0
2026-02-06,POS,item,Garlic Bread With Cheese,3.0,40.0,120.0
2026-02-06,POS,item,Super Saver Meal Regular,1.0,40.0,40.0
2026-02-06,POS,addon,7 Inch - Regular Pizza -Extra Cheese,1.0,20.0,20.0
2026-02-06,POS,item,Combo Delight Non-veg,1.0,20.0,20.0
2026-02-06,POS,item,7up @50rs,1.0,0.0,0.0
2026-02-06,POS,item,Blue Mojito,2.0,0.0,0.0
2026-02-06,POS,item,Cheesy Fries,1.0,0.0,0.0
2026-02-06,POS,item,Chicken Pasta,2.0,0.0,0.0
2026-02-06,POS,item,Chikku Shake,3.0,0.0,0.0
2026-02-06,POS,item,Chocolate Shake,1.0,0.0,0.0
2026-02-06,POS,item,French Fries,2.0,0.0,0.0
2026-02-06,POS,item,Fresh Garden Mint,1.0,0.0,0.0
2026-02-06,POS,item,Green Apple,1.0,0.0,0.0
2026-02-06,POS,item,Loaded Fries,2.0,0.0,0.0
2026-02-06,POS,item,Mineral Water,1.0,0.0,0.0
2026-02-06,POS,item,Mint Lime Juice,6.0,0.0,0.0
2026-02-06,POS,item,Pepsi@40rs,2.0,0.0,0.0
2026-02-06,POS,item,Regular Chicken Burger,3.0,0.0,0.0
2026-02-06,POS,item,Veg Pasta,1.0,0.0,0.0
2026-02-05,POS,item,2 Medium Non-veg@759,1.0,150.0,150.0
2026-02-05,POS,item,12 Inch - Large Pizza,3.0,120.0,360.0
2026-02-05,POS,item,Non Veg Meal For 4,1.0,120.0,120.0
2026-02-05,POS,item,2 Regular Non-veg@409,3.0,80.0,240.0
2026-02-05,POS,item,9 Inch - Medium Pizza,11.0,75.0,825.0
2026-02-05,Swiggy,item,9 Inch - Medium Pizza,1.0,75.0,75.0
2026-02-05,POS,item,7 Inch - Regular Pizza,9.0,40.0,360.0
2026-02-05,Swiggy,item,7 Inch - Regular Pizza,4.0,40.0,160.0
2026-02-05,POS,item,Garlic Bread With Cheese,2.0,40.0,80.0
2026-02-05,Swiggy,item,Garlic Bread With Cheese,1.0,40.0,40.0
2026-02-05,POS,addon,7 Inch - Regular Pizza -Extra Cheese,1.0,20.0,20.0
2026-02-05,POS,item,Combo Delight Non-veg,2.0,20.0,40.0
2026-02-05,POS,item,7up 250ml Pet,1.0,0.0,0.0
2026-02-05,POS,item,7up @50rs,2.0,0.0,0.0
2026-02-05,POS,item,Black And White,1.0,0.0,0.0
2026-02-05,POS,item,Blue Mojito,2.0,0.0,0.0
2026-02-05,POS,item,Burger Combo @ 169,3.0,0.0,0.0
2026-02-05,POS,item,Burger Combo @ 179,2.0,0.0,0.0
2026-02-05,POS,item,Burger Combo @ 199,1.0,0.0,0.0
2026-02-05,POS,item,Cheesy Fries,1.0,0.0,0.0
2026-02-05,POS,item,Chicken Pasta,2.0,0.0,0.0
2026-02-05,Swiggy,item,Chicken Pasta,1.0,0.0,0.0
2026-02-05,POS,item,French Fries,3.0,0.0,0.0
2026-02-05,Swiggy,item,French Fries,1.0,0.0,0.0
2026-02-05,POS,item,Fresh Garden Mint,1.0,0.0,0.0
2026-02-05,POS,item,Fresh Lime Juice,6.0,0.0,0.0
2026-02-05,POS,item,Loaded Fries,1.0,0.0,0.0
2026-02-05,POS,item,Mdew 250ml Pet,3.0,0.0,0.0
2026-02-05,POS,item,Mdew@40rs,1.0,0.0,0.0
2026-02-05,POS,item,Mint Lime Juice,2.0,0.0,0.0
2026-02-05,POS,addon,Non Veg Meal For 4-Extra Cheese,1.0,0.0,0.0
2026-02-05,POS,item,Passion Fruit,2.0,0.0,0.0
2026-02-05,POS,item,Pepsi 250ml Pet,2.0,0.0,0.0
2026-02-05,POS,item,Pepsi@40rs,2.0,0.0,0.0
2026-02-05,POS,item,Potato Wedges,2.0,0.0,0.0
2026-02-05,POS,item,Regular Chicken Burger,5.0,0.0,0.0
2026-02-05,POS,item,Soft Drink,2.0,0.0,0.0
2026-02-05,POS,item,Veg Pasta,1.0,0.0,0.0
2026-02-05,POS,item,Water Melon,1.0,0.0,0.0
2026-02-05,POS,item,Watermelon Juice,1.0,0.0,0.0
2026-02-04,POS,item,12 Inch - Large Pizza,2.0,120.0,240.0
2026-02-04,Swiggy,item,12 Inch - Large Pizza,1.0,120.0,120.0
2026-02-04,POS,item,9 Inch - Medium Pizza,3.0,75.0,225.0
2026-02-04,Swiggy,item,9 Inch - Medium Pizza,1.0,75.0,75.0
2026-02-04,POS,item,Non Veg Meal For 2,1.0,75.0,75.0
2026-02-04,POS,item,Super Saver Meal Medium,1.0,75.0,75.0
2026-02-04,POS,item,7 Inch - Regular Pizza,6.0,40.0,240.0
2026-02-04,Swiggy,item,7 Inch - Regular Pizza,5.0,40.0,200.0
2026-02-04,Swiggy,addon,7 Inch - Regular Pizza -Extra Cheese,1.0,20.0,20.0
2026-02-04,POS,item,7up 250ml Pet,2.0,0.0,0.0
2026-02-04,POS,item,Brownie,2.0,0.0,0.0
2026-02-04,POS,item,Burger Combo @ 169,2.0,0.0,0.0
2026-02-04,POS,item,Cheesy Fries,1.0,0.0,0.0
2026-02-04,POS,item,Chicken Nuggets,1.0,0.0,0.0
2026-02-04,POS,item,Chicken Pasta,3.0,0.0,0.0
2026-02-04,POS,item,French Fries,1.0,0.0,0.0
2026-02-04,POS,item,Fresh Lime Juice,4.0,0.0,0.0
2026-02-04,POS,item,Garlic Bread,1.0,0.0,0.0
2026-02-04,POS,item,Mint Lime Juice,1.0,0.0,0.0
2026-02-04,POS,item,Passion Fruit,1.0,0.0,0.0
2026-02-04,POS,item,Pepsi 250ml Pet,3.0,0.0,0.0
2026-02-04,POS,item,Pepsi@50rs,1.0,0.0,0.0
2026-02-04,POS,item,Pineapple Juice,1.0,0.0,0.0
2026-02-04,POS,item,Regular Chicken Burger,1.0,0.0,0.0
2026-02-04,POS,item,Soft Drink,2.0,0.0,0.0
2026-02-03,POS,item,Non Veg Meal For 4,1.0,120.0,120.0
2026-02-03,POS,item,2 Regular Non-veg@409,1.0,80.0,80.0
2026-02-03,POS,item,2 Regular Veg@349,1.0,80.0,80.0
2026-02-03,POS,item,9 Inch - Medium Pizza,6.0,75.0,450.0
2026-02-03,Swiggy,item,9 Inch - Medium Pizza,1.0,75.0,75.0
2026-02-03,POS,item,Veg Meal For 2,1.0,75.0,75.0
2026-02-03,POS,item,7 Inch - Regular Pizza,9.0,40.0,360.0
2026-02-03,Swiggy,item,7 Inch - Regular Pizza,5.0,40.0,200.0
2026-02-03,POS,item,Super Saver Meal Regular,2.0,40.0,80.0
2026-02-03,Swiggy,addon,7 Inch - Regular Pizza -Extra Cheese,1.0,20.0,20.0
2026-02-03,POS,item,Combo Delight Non-veg,1.0,20.0,20.0
2026-02-03,POS,item,7up @50rs,1.0,0.0,0.0
2026-02-03,POS,item,Blue Curacao,1.0,0.0,0.0
2026-02-03,POS,item,Burger Combo @ 179,1.0,0.0,0.0
2026-02-03,POS,item,Cheese N Macaroni Salad,1.0,0.0,0.0
2026-02-03,Swiggy,item,Cheese N Macaroni Salad,1.0,0.0,0.0
2026-02-03,POS,item,Cheesy Fries,1.0,0.0,0.0
2026-02-03,Swiggy,item,Chicken Nuggets,1.0,0.0,0.0
2026-02-03,POS,item,Chikku Shake,6.0,0.0,0.0
2026-02-03,POS,item,Chilly Potato Shots,1.0,0.0,0.0
2026-02-03,POS,item,Chocolate Shake,4.0,0.0,0.0
2026-02-03,POS,item,French Fries,2.0,0.0,0.0
2026-02-03,POS,item,Grapes Juice,2.0,0.0,0.0
2026-02-03,POS,item,Mdew 250ml Pet,1.0,0.0,0.0
2026-02-03,POS,item,Mdew@40rs,1.0,0.0,0.0
2026-02-03,POS,item,Mineral Water,3.0,0.0,0.0
2026-02-03,POS,item,Mixed Chicken Salad,1.0,0.0,0.0
2026-02-03,POS,item,Pepsi 250ml Pet,3.0,0.0,0.0
2026-02-03,POS,item,Pepsi@50rs,2.0,0.0,0.0
2026-02-03,POS,item,Pizza Upgrade,1.0,0.0,0.0
2026-02-03,POS,item,Potato Wedges,1.0,0.0,0.0
2026-02-03,POS,item,Soft Drink,1.0,0.0,0.0
2026-02-03,POS,item,Special Discount,0.0,0.0,0.0
2026-02-03,POS,item,Tender Coconut,2.0,0.0,0.0
2026-02-03,POS,item,Veg Burger,1.0,0.0,0.0
2026-02-03,POS,item,Veg Pasta,1.0,0.0,0.0
2026-02-03,POS,item,Water Melon,1.0,0.0,0.0
2026-02-03,POS,item,Non Veg Meal For 4,1.0,120.0,120.0
2026-02-03,POS,item,2 Regular Non-veg@409,1.0,80.0,80.0
2026-02-03,POS,item,2 Regular Veg@349,1.0,80.0,80.0
2026-02-03,POS,item,9 Inch - Medium Pizza,6.0,75.0,450.0
2026-02-03,Swiggy,item,9 Inch - Medium Pizza,1.0,75.0,75.0
2026-02-03,POS,item,Veg Meal For 2,1.0,75.0,75.0
2026-02-03,POS,item,7 Inch - Regular Pizza,9.0,40.0,360.0
2026-02-03,Swiggy,item,7 Inch - Regular Pizza,5.0,40.0,200.0
2026-02-03,POS,item,Super Saver Meal Regular,2.0,40.0,80.0
2026-02-03,Swiggy,addon,7 Inch - Regular Pizza -Extra Cheese,1.0,20.0,20.0
2026-02-03,POS,item,Combo Delight Non-veg,1.0,20.0,20.0
2026-02-03,POS,item,7up @50rs,1.0,0.0,0.0
2026-02-03,POS,item,Blue Curacao,1.0,0.0,0.0
2026-02-03,POS,item,Burger Combo @ 179,1.0,0.0,0.0
2026-02-03,POS,item,Cheese N Macaroni Salad,1.0,0.0,0.0
2026-02-03,Swiggy,item,Cheese N Macaroni Salad,1.0,0.0,0.0
2026-02-03,POS,item,Cheesy Fries,1.0,0.0,0.0
2026-02-03,Swiggy,item,Chicken Nuggets,1.0,0.0,0.0
2026-02-03,POS,item,Chikku Shake,6.0,0.0,0.0
2026-02-03,POS,item,Chilly Potato Shots,1.0,0.0,0.0
2026-02-03,POS,item,Chocolate Shake,4.0,0.0,0.0
2026-02-03,POS,item,French Fries,2.0,0.0,0.0
2026-02-03,POS,item,Grapes Juice,2.0,0.0,0.0
2026-02-03,POS,item,Mdew 250ml Pet,1.0,0.0,0.0
2026-02-03,POS,item,Mdew@40rs,1.0,0.0,0.0
2026-02-03,POS,item,Mineral Water,3.0,0.0,0.0
2026-02-03,POS,item,Mixed Chicken Salad,1.0,0.0,0.0
2026-02-03,POS,item,Pepsi 250ml Pet,3.0,0.0,0.0
2026-02-03,POS,item,Pepsi@50rs,2.0,0.0,0.0
2026-02-03,POS,item,Pizza Upgrade,1.0,0.0,0.0
2026-02-03,POS,item,Potato Wedges,1.0,0.0,0.0
2026-02-03,POS,item,Soft Drink,1.0,0.0,0.0
2026-02-03,POS,item,Special Discount,0.0,0.0,0.0
2026-02-03,POS,item,Tender Coconut,2.0,0.0,0.0
2026-02-03,POS,item,Veg Burger,1.0,0.0,0.0
2026-02-03,POS,item,Veg Pasta,1.0,0.0,0.0
2026-02-03,POS,item,Water Melon,1.0,0.0,0.0
2026-02-02,POS,item,2 Medium Non-veg@759,2.0,150.0,300.0
2026-02-02,POS,item,2 Regular Non-veg@409,1.0,80.0,80.0
2026-02-02,POS,item,9 Inch - Medium Pizza,3.0,75.0,225.0
2026-02-02,Swiggy,item,9 Inch - Medium Pizza,1.0,75.0,75.0
2026-02-02,POS,item,Super Saver Meal Medium,1.0,75.0,75.0
2026-02-02,POS,item,7 Inch - Regular Pizza,14.0,40.0,560.0
2026-02-02,Swiggy,item,7 Inch - Regular Pizza,1.0,40.0,40.0
2026-02-02,POS,item,Garlic Bread Supreme [veg],1.0,40.0,40.0
2026-02-02,POS,item,Super Saver Meal Regular,1.0,40.0,40.0
2026-02-02,Swiggy,addon,9 Inch - Medium Pizza -Extra Cheese,1.0,38.0,38.0
2026-02-02,Swiggy,addon,7 Inch - Regular Pizza -Extra Cheese,1.0,20.0,20.0
2026-02-02,POS,item,Combo Delight Non-veg,1.0,20.0,20.0
2026-02-02,POS,item,7up 250ml Pet,1.0,0.0,0.0
2026-02-02,POS,item,Blue Mojito,1.0,0.0,0.0
2026-02-02,POS,item,Brownie,1.0,0.0,0.0
2026-02-02,POS,item,Burger Combo @ 169,1.0,0.0,0.0
2026-02-02,POS,item,Butterscotch Sundae,1.0,0.0,0.0
2026-02-02,POS,item,Chicken Nuggets,3.0,0.0,0.0
2026-02-02,POS,item,Chicken Pasta,1.0,0.0,0.0
2026-02-02,POS,item,Chikku Shake,1.0,0.0,0.0
2026-02-02,POS,item,Chocolate Shake,1.0,0.0,0.0
2026-02-02,POS,item,French Fries,3.0,0.0,0.0
2026-02-02,POS,item,Fresh Lime Juice,1.0,0.0,0.0
2026-02-02,POS,item,Grapes Juice,2.0,0.0,0.0
2026-02-02,POS,item,Green Apple,2.0,0.0,0.0
2026-02-02,POS,item,Macaroni N Chicken Salad,1.0,0.0,0.0
2026-02-02,POS,item,Mdew 250ml Pet,2.0,0.0,0.0
2026-02-02,POS,item,Mdew@40rs,1.0,0.0,0.0
2026-02-02,POS,item,Pepsi 330ml Can,1.0,0.0,0.0
2026-02-02,POS,item,Pineapple Juice,1.0,0.0,0.0
2026-02-02,POS,item,Special Discount,0.0,0.0,0.0
2026-02-02,POS,item,Watermelon Juice,1.0,0.0,0.0
2026-02-01,POS,item,2 Large Non-veg@1149,1.0,240.0,240.0
2026-02-01,POS,item,2 Medium Non-veg@759,1.0,150.0,150.0
2026-02-01,POS,item,12 Inch - Large Pizza,6.0,120.0,720.0
2026-02-01,POS,item,Non Veg Meal For 4,1.0,120.0,120.0
2026-02-01,POS,item,9 Inch - Medium Pizza,4.0,75.0,300.0
2026-02-01,POS,item,Super Saver Meal Medium,2.0,75.0,150.0
2026-02-01,POS,item,7 Inch - Regular Pizza,8.0,40.0,320.0
2026-02-01,Swiggy,item,7 Inch - Regular Pizza,1.0,40.0,40.0
2026-02-01,Swiggy,addon,7 Inch - Regular Pizza -Extra Cheese,1.0,20.0,20.0
2026-02-01,POS,item,Combo Delight Non-veg,2.0,20.0,40.0
2026-02-01,POS,item,7up @50rs,3.0,0.0,0.0
2026-02-01,POS,item,Brownie,1.0,0.0,0.0
2026-02-01,POS,item,Brownie With Ice Cream,1.0,0.0,0.0
2026-02-01,POS,item,Cheese N Macaroni Salad,1.0,0.0,0.0
2026-02-01,POS,item,Chicken Nuggets,1.0,0.0,0.0
2026-02-01,POS,item,Chicken Nuggets Burger,2.0,0.0,0.0
2026-02-01,POS,item,Chicken Pasta,4.0,0.0,0.0
2026-02-01,POS,item,French Fries,3.0,0.0,0.0
2026-02-01,POS,item,Fresh Garden Mint,1.0,0.0,0.0
2026-02-01,POS,item,Fresh Lime Juice,3.0,0.0,0.0
2026-02-01,POS,item,Garlic Bread,1.0,0.0,0.0
2026-02-01,POS,item,Loaded Fries,2.0,0.0,0.0
2026-02-01,POS,item,Macaroni N Chicken Salad,1.0,0.0,0.0
2026-02-01,POS,item,Mineral Water,3.0,0.0,0.0
2026-02-01,POS,item,Passion Fruit,1.0,0.0,0.0
2026-02-01,POS,item,Pepsi 250ml Pet,4.0,0.0,0.0
2026-02-01,POS,item,Pepsi@50rs,1.0,0.0,0.0
2026-02-01,POS,item,Pineapple Juice,1.0,0.0,0.0
2026-02-01,POS,item,Pizza Upgrade,2.0,0.0,0.0
2026-02-01,POS,item,Regular Chicken Burger,3.0,0.0,0.0
2026-02-01,POS,item,Slice 200ml,3.0,0.0,0.0
2026-02-01,POS,item,Soft Drink,1.0,0.0,0.0
2026-02-01,POS,item,Tender Coconut,2.0,0.0,0.0
2026-02-01,Swiggy,item,Veg Pasta,1.0,0.0,0.0
2026-01-31,POS,item,2 Medium Non-veg@759,1.0,150.0,150.0
2026-01-31,POS,item,12 Inch - Large Pizza,1.0,120.0,120.0
2026-01-31,POS,item,Non Veg Meal For 4,1.0,120.0,120.0
2026-01-31,POS,item,2 Regular Non-veg@409,3.0,80.0,240.0
2026-01-31,POS,item,9 Inch - Medium Pizza,1.0,75.0,75.0
2026-01-31,POS,item,Super Saver Meal Medium,1.0,75.0,75.0
2026-01-31,POS,item,7 Inch - Regular Pizza,13.0,40.0,520.0
2026-01-31,Swiggy,item,7 Inch - Regular Pizza,2.0,40.0,80.0
2026-01-31,POS,item,Super Saver Meal Regular,2.0,40.0,80.0
2026-01-31,Swiggy,addon,7 Inch - Regular Pizza -Extra Cheese,1.0,20.0,20.0
2026-01-31,POS,item,Combo Delight Non-veg,1.0,20.0,20.0
2026-01-31,POS,item,7up 250ml Pet,4.0,0.0,0.0
2026-01-31,POS,item,7up @50rs,1.0,0.0,0.0
2026-01-31,POS,item,Burger Combo @ 199,2.0,0.0,0.0
2026-01-31,Swiggy,item,Chicken Loaded Fries,1.0,0.0,0.0
2026-01-31,POS,item,Chicken Pasta,1.0,0.0,0.0
2026-01-31,POS,item,Chikku Shake,2.0,0.0,0.0
2026-01-31,POS,item,Chocolate Shake,1.0,0.0,0.0
2026-01-31,POS,item,French Fries,6.0,0.0,0.0
2026-01-31,POS,item,Fresh Garden Mint,1.0,0.0,0.0
2026-01-31,POS,item,Fresh Lime Juice,2.0,0.0,0.0
2026-01-31,POS,item,Garlic Bread,1.0,0.0,0.0
2026-01-31,POS,item,Greek Salad,1.0,0.0,0.0
2026-01-31,POS,item,Green Apple,1.0,0.0,0.0
2026-01-31,Swiggy,item,Hot Garlic Dip,1.0,0.0,0.0
2026-01-31,POS,item,Loaded Fries,1.0,0.0,0.0
2026-01-31,POS,item,Mdew 330ml Can,1.0,0.0,0.0
2026-01-31,POS,item,Mint Lime Juice,4.0,0.0,0.0
2026-01-31,POS,item,Pepsi 250ml Pet,2.0,0.0,0.0
2026-01-31,POS,item,Pepsi 330ml Can,1.0,0.0,0.0
2026-01-31,POS,item,Pineapple Juice,3.0,0.0,0.0
2026-01-31,POS,item,Regular Chicken Burger,5.0,0.0,0.0
2026-01-31,POS,item,Slice 200ml,1.0,0.0,0.0
2026-01-31,POS,item,Soft Drink,1.0,0.0,0.0
2026-01-31,POS,item,Tender Coconut,1.0,0.0,0.0
2026-01-31,POS,item,Veg Burger,3.0,0.0,0.0
2026-01-31,Swiggy,item,Veg Pasta,1.0,0.0,0.0
2026-01-30,POS,item,12 Inch - Large Pizza,6.0,120.0,720.0
2026-01-30,Swiggy,item,12 Inch - Large Pizza,2.0,120.0,240.0
2026-01-30,POS,item,2 Regular Non-veg@409,1.0,80.0,80.0
2026-01-30,POS,item,9 Inch - Medium Pizza,4.0,75.0,300.0
2026-01-30,Swiggy,item,9 Inch - Medium Pizza,1.0,75.0,75.0
2026-01-30,POS,item,7 Inch - Regular Pizza,8.0,40.0,320.0
2026-01-30,Swiggy,item,7 Inch - Regular Pizza,5.0,40.0,200.0
2026-01-30,POS,item,Delicious Combo Delight Regular,1.0,40.0,40.0
2026-01-30,POS,item,Garlic Bread With Cheese,3.0,40.0,120.0
2026-01-30,POS,item,Combo Delight Non-veg,1.0,20.0,20.0
2026-01-30,POS,item,Brownie,2.0,0.0,0.0
2026-01-30,POS,item,Brownie With Ice Cream,1.0,0.0,0.0
2026-01-30,POS,item,Cheese N Macaroni Salad,2.0,0.0,0.0
2026-01-30,POS,item,Chicken Nuggets,2.0,0.0,0.0
2026-01-30,POS,item,Coleslaw Salad,1.0,0.0,0.0
2026-01-30,POS,item,French Fries,1.0,0.0,0.0
2026-01-30,POS,item,Garlic Bread,1.0,0.0,0.0
2026-01-30,POS,item,Loaded Fries,2.0,0.0,0.0
2026-01-30,POS,item,Mdew 250ml Pet,1.0,0.0,0.0
2026-01-30,POS,item,Mdew@40rs,1.0,0.0,0.0
2026-01-30,POS,item,Mint Lime Juice,3.0,0.0,0.0
2026-01-30,POS,item,Pepsi 250ml Pet,1.0,0.0,0.0
2026-01-30,POS,item,Pineapple Juice,2.0,0.0,0.0
2026-01-30,POS,item,Strawberry,1.0,0.0,0.0
2026-01-30,POS,item,Veg Pasta,2.0,0.0,0.0
2026-01-29,POS,item,2 Medium Non-veg@759,1.0,150.0,150.0
2026-01-29,POS,item,12 Inch - Large Pizza,3.0,120.0,360.0
2026-01-29,Swiggy,item,12 Inch - Large Pizza,1.0,120.0,120.0
2026-01-29,POS,item,2 Regular Non-veg@409,3.0,80.0,240.0
2026-01-29,POS,item,2 Regular Veg@349,2.0,80.0,160.0
2026-01-29,POS,item,9 Inch - Medium Pizza,8.0,75.0,600.0
2026-01-29,Swiggy,item,9 Inch - Medium Pizza,1.0,75.0,75.0
2026-01-29,Swiggy,addon,12 Inch - Large Pizza -Extra Cheese,1.0,60.0,60.0
2026-01-29,POS,item,7 Inch - Regular Pizza,10.0,40.0,400.0
2026-01-29,POS,item,Garlic Bread With Cheese,2.0,40.0,80.0
2026-01-29,POS,item,Super Saver Meal Regular,1.0,40.0,40.0
2026-01-29,POS,item,7up @50rs,1.0,0.0,0.0
2026-01-29,POS,item,7up@40rs,2.0,0.0,0.0
2026-01-29,POS,item,Blue Mojito,1.0,0.0,0.0
2026-01-29,POS,item,Brownie,2.0,0.0,0.0
2026-01-29,POS,item,Brownie With Ice Cream,1.0,0.0,0.0
2026-01-29,POS,item,Cheesy Fries,3.0,0.0,0.0
2026-01-29,POS,item,Chicken Nuggets,3.0,0.0,0.0
2026-01-29,POS,item,Chicken Pasta,3.0,0.0,0.0
2026-01-29,POS,item,Chikku Shake,1.0,0.0,0.0
2026-01-29,POS,item,Chocolate Shake,1.0,0.0,0.0
2026-01-29,POS,item,French Fries,5.0,0.0,0.0
2026-01-29,POS,item,Fresh Garden Mint,1.0,0.0,0.0
2026-01-29,POS,item,Fresh Lime Juice,5.0,0.0,0.0
2026-01-29,POS,item,Garlic Bread,3.0,0.0,0.0
2026-01-29,POS,item,Grapes Juice,1.0,0.0,0.0
2026-01-29,POS,item,Hot Garlic Dip,1.0,0.0,0.0
2026-01-29,POS,item,Loaded Fries,2.0,0.0,0.0
2026-01-29,POS,item,Nutty Vanilla,1.0,0.0,0.0
2026-01-29,POS,item,Passion Fruit,3.0,0.0,0.0
2026-01-29,POS,item,Pepsi 330ml Can,2.0,0.0,0.0
2026-01-29,POS,item,Pepsi@50rs,1.0,0.0,0.0
2026-01-29,POS,item,Pineapple Juice,2.0,0.0,0.0
2026-01-29,POS,item,Pizza Upgrade,2.0,0.0,0.0
2026-01-29,POS,item,Regular Chicken Burger,1.0,0.0,0.0
2026-01-29,POS,item,Soft Drink,1.0,0.0,0.0
2026-01-29,POS,item,Tender Coconut,3.0,0.0,0.0
2026-01-29,POS,item,Veg Burger,2.0,0.0,0.0
2026-01-29,POS,item,Veg Pasta,1.0,0.0,0.0
2026-01-29,POS,item,Water Melon,1.0,0.0,0.0
2026-01-28,POS,item,2 Medium Non-veg@759,2.0,150.0,300.0
2026-01-28,POS,item,12 Inch - Large Pizza,1.0,120.0,120.0
2026-01-28,POS,item,9 Inch - Medium Pizza,4.0,75.0,300.0
2026-01-28,POS,item,Super Saver Meal Medium,2.0,75.0,150.0
2026-01-28,POS,item,7 Inch - Regular Pizza,9.0,40.0,360.0
2026-01-28,Swiggy,item,7 Inch - Regular Pizza,3.0,40.0,120.0
2026-01-28,POS,item,Garlic Bread Supreme[non-veg],1.0,40.0,40.0
2026-01-28,POS,item,Garlic Bread With Cheese,2.0,40.0,80.0
2026-01-28,POS,item,Super Saver Meal Regular,1.0,40.0,40.0
2026-01-28,POS,addon,7 Inch - Regular Pizza -Extra Cheese,1.0,20.0,20.0
2026-01-28,POS,item,Combo Delight Non-veg,2.0,20.0,40.0
2026-01-28,POS,item,7up 250ml Pet,1.0,0.0,0.0
2026-01-28,POS,item,Blue Mojito,4.0,0.0,0.0
2026-01-28,Swiggy,item,Brownie,1.0,0.0,0.0
2026-01-28,POS,item,Burger Combo @ 169,3.0,0.0,0.0
2026-01-28,POS,item,Chicken Pasta,2.0,0.0,0.0
2026-01-28,Swiggy,item,Chicken Pasta,1.0,0.0,0.0
2026-01-28,POS,item,French Fries,1.0,0.0,0.0
2026-01-28,Swiggy,item,Fresh Garden Mint,3.0,0.0,0.0
2026-01-28,POS,item,Fresh Lime Juice,1.0,0.0,0.0
2026-01-28,POS,item,Greek Salad,1.0,0.0,0.0
2026-01-28,POS,item,Green Apple,1.0,0.0,0.0
2026-01-28,POS,item,Loaded Fries,4.0,0.0,0.0
2026-01-28,POS,item,Passion Fruit,2.0,0.0,0.0
2026-01-28,Swiggy,item,Passion Mint,1.0,0.0,0.0
2026-01-28,POS,item,Soft Drink,1.0,0.0,0.0
2026-01-28,POS,item,Veg Pasta,1.0,0.0,0.0
2026-01-28,POS,item,Water Melon,1.0,0.0,0.0
2026-01-28,POS,item,2 Medium Non-veg@759,2.0,150.0,300.0
2026-01-28,POS,item,12 Inch - Large Pizza,1.0,120.0,120.0
2026-01-28,POS,item,9 Inch - Medium Pizza,4.0,75.0,300.0
2026-01-28,POS,item,Super Saver Meal Medium,2.0,75.0,150.0
2026-01-28,POS,item,7 Inch - Regular Pizza,9.0,40.0,360.0
2026-01-28,Swiggy,item,7 Inch - Regular Pizza,3.0,40.0,120.0
2026-01-28,POS,item,Garlic Bread Supreme[non-veg],1.0,40.0,40.0
2026-01-28,POS,item,Garlic Bread With Cheese,2.0,40.0,80.0
2026-01-28,POS,item,Super Saver Meal Regular,1.0,40.0,40.0
2026-01-28,POS,addon,7 Inch - Regular Pizza -Extra Cheese,1.0,20.0,20.0
2026-01-28,POS,item,Combo Delight Non-veg,2.0,20.0,40.0
2026-01-28,POS,item,7up 250ml Pet,1.0,0.0,0.0
2026-01-28,POS,item,Blue Mojito,4.0,0.0,0.0
2026-01-28,Swiggy,item,Brownie,1.0,0.0,0.0
2026-01-28,POS,item,Burger Combo @ 169,3.0,0.0,0.0
2026-01-28,POS,item,Chicken Pasta,2.0,0.0,0.0
2026-01-28,Swiggy,item,Chicken Pasta,1.0,0.0,0.0
2026-01-28,POS,item,French Fries,1.0,0.0,0.0
2026-01-28,Swiggy,item,Fresh Garden Mint,3.0,0.0,0.0
2026-01-28,POS,item,Fresh Lime Juice,1.0,0.0,0.0
2026-01-28,POS,item,Greek Salad,1.0,0.0,0.0
2026-01-28,POS,item,Green Apple,1.0,0.0,0.0
2026-01-28,POS,item,Loaded Fries,4.0,0.0,0.0
2026-01-28,POS,item,Passion Fruit,2.0,0.0,0.0
2026-01-28,Swiggy,item,Passion Mint,1.0,0.0,0.0
2026-01-28,POS,item,Soft Drink,1.0,0.0,0.0
2026-01-28,POS,item,Veg Pasta,1.0,0.0,0.0
2026-01-28,POS,item,Water Melon,1.0,0.0,0.0
2026-01-28,POS,item,2 Medium Non-veg@759,2.0,150.0,300.0
2026-01-28,POS,item,12 Inch - Large Pizza,1.0,120.0,120.0
2026-01-28,POS,item,9 Inch - Medium Pizza,4.0,75.0,300.0
2026-01-28,POS,item,Super Saver Meal Medium,2.0,75.0,150.0
2026-01-28,POS,item,7 Inch - Regular Pizza,9.0,40.0,360.0
2026-01-28,Swiggy,item,7 Inch - Regular Pizza,3.0,40.0,120.0
2026-01-28,POS,item,Garlic Bread Supreme[non-veg],1.0,40.0,40.0
2026-01-28,POS,item,Garlic Bread With Cheese,2.0,40.0,80.0
2026-01-28,POS,item,Super Saver Meal Regular,1.0,40.0,40.0
2026-01-28,POS,addon,7 Inch - Regular Pizza -Extra Cheese,1.0,20.0,20.0
2026-01-28,POS,item,Combo Delight Non-veg,2.0,20.0,40.0
2026-01-28,POS,item,7up 250ml Pet,1.0,0.0,0.0
2026-01-28,POS,item,Blue Mojito,4.0,0.0,0.0
2026-01-28,Swiggy,item,Brownie,1.0,0.0,0.0
2026-01-28,POS,item,Burger Combo @ 169,3.0,0.0,0.0
2026-01-28,POS,item,Chicken Pasta,2.0,0.0,0.0
2026-01-28,Swiggy,item,Chicken Pasta,1.0,0.0,0.0
2026-01-28,POS,item,French Fries,1.0,0.0,0.0
2026-01-28,Swiggy,item,Fresh Garden Mint,3.0,0.0,0.0
2026-01-28,POS,item,Fresh Lime Juice,1.0,0.0,0.0
2026-01-28,POS,item,Greek Salad,1.0,0.0,0.0
2026-01-28,POS,item,Green Apple,1.0,0.0,0.0
2026-01-28,POS,item,Loaded Fries,4.0,0.0,0.0
2026-01-28,POS,item,Passion Fruit,2.0,0.0,0.0
2026-01-28,Swiggy,item,Passion Mint,1.0,0.0,0.0
2026-01-28,POS,item,Soft Drink,1.0,0.0,0.0
2026-01-28,POS,item,Veg Pasta,1.0,0.0,0.0
2026-01-28,POS,item,Water Melon,1.0,0.0,0.0
2026-01-27,POS,item,12 Inch - Large Pizza,2.0,120.0,240.0
2026-01-27,POS,item,2 Regular Non-veg@409,2.0,80.0,160.0
2026-01-27,POS,item,9 Inch - Medium Pizza,3.0,75.0,225.0
2026-01-27,Swiggy,item,9 Inch - Medium Pizza,1.0,75.0,75.0
2026-01-27,POS,item,7 Inch - Regular Pizza,5.0,40.0,200.0
2026-01-27,POS,item,Super Saver Meal Regular,2.0,40.0,80.0
2026-01-27,POS,addon,7 Inch - Regular Pizza -Extra Cheese,1.0,20.0,20.0
2026-01-27,POS,item,Combo Delight Non-veg,1.0,20.0,20.0
2026-01-27,POS,item,7up 250ml Pet,1.0,0.0,0.0
2026-01-27,POS,item,Brownie,1.0,0.0,0.0
2026-01-27,POS,item,Burger Combo @ 179,2.0,0.0,0.0
2026-01-27,POS,item,Chikku Shake,2.0,0.0,0.0
2026-01-27,POS,item,Chocolate Shake,2.0,0.0,0.0
2026-01-27,POS,item,French Fries,1.0,0.0,0.0
2026-01-27,POS,item,Fresh Lime Juice,1.0,0.0,0.0
2026-01-27,POS,item,Passion Fruit,1.0,0.0,0.0
2026-01-27,POS,item,Pepsi 330ml Can,1.0,0.0,0.0
2026-01-27,POS,item,Pizza Upgrade,1.0,0.0,0.0
2026-01-27,POS,item,Veg Pasta,1.0,0.0,0.0
2026-01-26,POS,item,2 Medium Non-veg@759,1.0,150.0,150.0
2026-01-26,POS,item,12 Inch - Large Pizza,1.0,120.0,120.0
2026-01-26,Swiggy,item,12 Inch - Large Pizza,1.0,120.0,120.0
2026-01-26,POS,item,2 Regular Non-veg@409,2.0,80.0,160.0
2026-01-26,POS,item,2 Regular Veg@349,1.0,80.0,80.0
2026-01-26,POS,item,9 Inch - Medium Pizza,5.0,75.0,375.0
2026-01-26,Swiggy,item,9 Inch - Medium Pizza,1.0,75.0,75.0
2026-01-26,POS,item,7 Inch - Regular Pizza,18.0,40.0,720.0
2026-01-26,Swiggy,item,7 Inch - Regular Pizza,4.0,40.0,160.0
2026-01-26,POS,item,Delicious Combo Delight Regular,1.0,40.0,40.0
2026-01-26,POS,item,Non Veg Meal For 1,1.0,40.0,40.0
2026-01-26,POS,item,Super Saver Meal Regular,1.0,40.0,40.0
2026-01-26,POS,item,7up@40rs,1.0,0.0,0.0
2026-01-26,POS,item,Brownie,3.0,0.0,0.0
2026-01-26,Swiggy,item,Brownie With Ice Cream,2.0,0.0,0.0
2026-01-26,POS,item,Brownie With Ice Cream,1.0,0.0,0.0
2026-01-26,POS,item,Burger Combo @ 179,1.0,0.0,0.0
2026-01-26,POS,item,Cheesy Fries,2.0,0.0,0.0
2026-01-26,POS,item,Chicken Nuggets,1.0,0.0,0.0
2026-01-26,POS,item,Chicken Pasta,1.0,0.0,0.0
2026-01-26,POS,item,Chicken Popcorn,1.0,0.0,0.0
2026-01-26,POS,item,Chikku Shake,1.0,0.0,0.0
2026-01-26,POS,item,Chocolate Shake,1.0,0.0,0.0
2026-01-26,POS,item,French Fries,1.0,0.0,0.0
2026-01-26,POS,item,Fresh Garden Mint,1.0,0.0,0.0
2026-01-26,POS,item,Fresh Lime Juice,3.0,0.0,0.0
2026-01-26,POS,item,Green Apple,1.0,0.0,0.0
2026-01-26,Swiggy,item,Green Apple,1.0,0.0,0.0
2026-01-26,POS,item,Loaded Fries,3.0,0.0,0.0
2026-01-26,POS,item,Mint Lime Juice,1.0,0.0,0.0
2026-01-26,POS,item,Passion Fruit,1.0,0.0,0.0
2026-01-26,Swiggy,item,Passion Mint,1.0,0.0,0.0
2026-01-26,POS,item,Pepsi 250ml Pet,3.0,0.0,0.0
2026-01-26,POS,item,Pineapple Juice,2.0,0.0,0.0
2026-01-26,POS,item,Regular Chicken Burger,3.0,0.0,0.0
2026-01-26,Swiggy,item,Veg Pasta,1.0,0.0,0.0
2026-01-26,POS,item,Watermelon Juice,1.0,0.0,0.0
2026-01-25,POS,item,12 Inch - Large Pizza,7.0,120.0,840.0
2026-01-25,Swiggy,item,12 Inch - Large Pizza,2.0,120.0,240.0
2026-01-25,POS,item,2 Regular Non-veg@409,3.0,80.0,240.0
2026-01-25,POS,item,2 Regular Veg@349,1.0,80.0,80.0
2026-01-25,POS,item,9 Inch - Medium Pizza,8.0,75.0,600.0
2026-01-25,POS,item,Super Saver Meal Medium,3.0,75.0,225.0
2026-01-25,POS,item,7 Inch - Regular Pizza,12.0,40.0,480.0
2026-01-25,Swiggy,item,7 Inch - Regular Pizza,3.0,40.0,120.0
2026-01-25,POS,item,Garlic Bread Supreme[non-veg],2.0,40.0,80.0
2026-01-25,POS,item,Garlic Bread With Cheese,1.0,40.0,40.0
2026-01-25,POS,item,Combo Delight Non-veg,1.0,20.0,20.0
2026-01-25,POS,item,7up 250ml Pet,1.0,0.0,0.0
2026-01-25,POS,item,7up 330ml Can,2.0,0.0,0.0
2026-01-25,POS,item,7up@40rs,2.0,0.0,0.0
2026-01-25,POS,item,Blue Mojito,1.0,0.0,0.0
2026-01-25,Swiggy,item,Blue Mojito,1.0,0.0,0.0
2026-01-25,POS,item,Brownie With Ice Cream,2.0,0.0,0.0
2026-01-25,POS,item,Burger Combo @ 169,2.0,0.0,0.0
2026-01-25,POS,item,Burger Combo @ 179,3.0,0.0,0.0
2026-01-25,Swiggy,item,Cheese N Macaroni Salad,1.0,0.0,0.0
2026-01-25,POS,item,Cheesy Fries,1.0,0.0,0.0
2026-01-25,Swiggy,item,Chicken Loaded Fries,1.0,0.0,0.0
2026-01-25,POS,item,Chicken Nuggets,1.0,0.0,0.0
2026-01-25,POS,item,Chicken Pasta,3.0,0.0,0.0
2026-01-25,POS,item,Chicken Popcorn,1.0,0.0,0.0
2026-01-25,POS,item,Chikku Shake,5.0,0.0,0.0
2026-01-25,POS,item,Chocolate Shake,1.0,0.0,0.0
2026-01-25,POS,item,French Fries,8.0,0.0,0.0
2026-01-25,POS,item,Fresh Lime Juice,1.0,0.0,0.0
2026-01-25,POS,item,Grapes Juice,1.0,0.0,0.0
2026-01-25,POS,item,Greek Chicken Salad[non-veg],1.0,0.0,0.0
2026-01-25,POS,item,Loaded Fries,2.0,0.0,0.0
2026-01-25,POS,item,Mineral Water,7.0,0.0,0.0
2026-01-25,POS,item,Mint Lime Juice,6.0,0.0,0.0
2026-01-25,POS,item,Pepsi@40rs,1.0,0.0,0.0
2026-01-25,POS,item,Pepsi@50rs,1.0,0.0,0.0
2026-01-25,POS,item,Pineapple Juice,2.0,0.0,0.0
2026-01-25,POS,item,Regular Chicken Burger,6.0,0.0,0.0
2026-01-25,POS,item,Soft Drink,1.0,0.0,0.0
2026-01-25,POS,item,Tender Coconut,3.0,0.0,0.0
2026-01-25,Swiggy,item,Thousand Dip,1.0,0.0,0.0
2026-01-25,POS,item,Veg Burger,4.0,0.0,0.0
2026-01-25,POS,item,Veg Pasta,2.0,0.0,0.0
2026-01-24,POS,item,2 Medium Non-veg@759,2.0,150.0,300.0
2026-01-24,POS,item,12 Inch - Large Pizza,4.0,120.0,480.0
2026-01-24,POS,item,2 Regular Non-veg@409,4.0,80.0,320.0
2026-01-24,POS,item,9 Inch - Medium Pizza,10.0,75.0,750.0
2026-01-24,POS,item,Super Saver Meal Medium,1.0,75.0,75.0
2026-01-24,POS,item,7 Inch - Regular Pizza,16.0,40.0,640.0
2026-01-24,POS,item,Delicious Combo Delight Regular,1.0,40.0,40.0
2026-01-24,POS,item,Garlic Bread With Cheese,1.0,40.0,40.0
2026-01-24,POS,item,Super Saver Meal Regular,1.0,40.0,40.0
2026-01-24,POS,addon,9 Inch - Medium Pizza -Extra Cheese,2.0,38.0,76.0
2026-01-24,POS,item,Combo Delight Non-veg,3.0,20.0,60.0
2026-01-24,POS,item,Combo Delight Veg,1.0,20.0,20.0
2026-01-24,POS,item,7up 250ml Pet,1.0,0.0,0.0
2026-01-24,POS,item,Blue Mojito,2.0,0.0,0.0
2026-01-24,POS,item,Brownie,1.0,0.0,0.0
2026-01-24,POS,item,Burger Combo @ 169,5.0,0.0,0.0
2026-01-24,POS,item,Burger Combo @ 179,1.0,0.0,0.0
2026-01-24,POS,item,Cheesy Fries,3.0,0.0,0.0
2026-01-24,POS,item,Chicken Nuggets,4.0,0.0,0.0
2026-01-24,POS,item,Chicken Nuggets Burger,3.0,0.0,0.0
2026-01-24,POS,item,Chicken Pasta,2.0,0.0,0.0
2026-01-24,POS,item,French Fries,6.0,0.0,0.0
2026-01-24,POS,item,Fresh Lime Juice,2.0,0.0,0.0
2026-01-24,POS,item,Garlic Bread,1.0,0.0,0.0
2026-01-24,POS,item,Greek Salad,1.0,0.0,0.0
2026-01-24,POS,item,Green Apple,2.0,0.0,0.0
2026-01-24,POS,item,Loaded Fries,4.0,0.0,0.0
2026-01-24,POS,item,Passion Fruit,1.0,0.0,0.0
2026-01-24,POS,item,Pepsi 250ml Pet,3.0,0.0,0.0
2026-01-24,POS,item,Pepsi@40rs,1.0,0.0,0.0
2026-01-24,POS,item,Pineapple Juice,2.0,0.0,0.0
2026-01-24,POS,item,Pizza Upgrade,1.0,0.0,0.0
2026-01-24,POS,item,Regular Chicken Burger,3.0,0.0,0.0
2026-01-24,POS,item,Sizzling Brownie,1.0,0.0,0.0
2026-01-24,POS,item,Slice 200ml,1.0,0.0,0.0
2026-01-24,POS,item,Soft Drink,6.0,0.0,0.0
2026-01-24,POS,item,Veg Pasta,1.0,0.0,0.0
2026-01-24,POS,item,Watermelon Juice,1.0,0.0,0.0
2026-01-23,POS,item,12 Inch - Large Pizza,2.0,120.0,240.0
2026-01-23,POS,item,2 Regular Non-veg@409,2.0,80.0,160.0
2026-01-23,POS,item,9 Inch - Medium Pizza,7.0,75.0,525.0
2026-01-23,POS,item,7 Inch - Regular Pizza,3.0,40.0,120.0
2026-01-23,Swiggy,item,7 Inch - Regular Pizza,2.0,40.0,80.0
2026-01-23,POS,item,Garlic Bread With Cheese,2.0,40.0,80.0
2026-01-23,POS,addon,7 Inch - Regular Pizza -Extra Cheese,1.0,20.0,20.0
2026-01-23,POS,item,Burger Combo @ 169,2.0,0.0,0.0
2026-01-23,POS,item,Cheesy Fries,4.0,0.0,0.0
2026-01-23,POS,item,Chicken Nuggets,1.0,0.0,0.0
2026-01-23,Swiggy,item,Chicken Pasta,2.0,0.0,0.0
2026-01-23,POS,item,Chikku Shake,3.0,0.0,0.0
2026-01-23,POS,item,French Fries,2.0,0.0,0.0
2026-01-23,POS,item,Hot Garlic Dip,2.0,0.0,0.0
2026-01-23,POS,item,Mdew 250ml Pet,1.0,0.0,0.0
2026-01-23,POS,item,Mineral Water,1.0,0.0,0.0
2026-01-23,POS,item,Mint Lime Juice,1.0,0.0,0.0
2026-01-23,POS,item,Mixed Chicken Salad,1.0,0.0,0.0
2026-01-23,POS,item,Pepsi@40rs,2.0,0.0,0.0
2026-01-23,POS,item,Peri Peri Dip,1.0,0.0,0.0
2026-01-23,POS,item,Regular Chicken Burger,1.0,0.0,0.0
2026-01-23,POS,item,Tender Coconut,2.0,0.0,0.0
2026-01-23,POS,item,Veg Pasta,5.0,0.0,0.0
2026-01-23,Swiggy,item,Veg Pasta,1.0,0.0,0.0
2026-01-22,POS,item,12 Inch - Large Pizza,3.0,120.0,360.0
2026-01-22,POS,item,9 Inch - Medium Pizza,4.0,75.0,300.0
2026-01-22,Swiggy,item,9 Inch - Medium Pizza,1.0,75.0,75.0
2026-01-22,POS,item,7 Inch - Regular Pizza,8.0,40.0,320.0
2026-01-22,Swiggy,item,7 Inch - Regular Pizza,6.0,40.0,240.0
2026-01-22,POS,item,Super Saver Meal Regular,2.0,40.0,80.0
2026-01-22,Swiggy,addon,9 Inch - Medium Pizza -Extra Cheese,1.0,38.0,38.0
2026-01-22,POS,item,Combo Delight Non-veg,2.0,20.0,40.0
2026-01-22,POS,item,7up 250ml Pet,2.0,0.0,0.0
2026-01-22,POS,item,Brownie With Ice Cream,1.0,0.0,0.0
2026-01-22,POS,item,Burger Combo @ 179,2.0,0.0,0.0
2026-01-22,POS,item,Butterscotch Sundae,1.0,0.0,0.0
2026-01-22,Swiggy,item,Cheese N Macaroni Salad,1.0,0.0,0.0
2026-01-22,POS,item,Chicken Pasta,1.0,0.0,0.0
2026-01-22,POS,item,Chikku Shake,1.0,0.0,0.0
2026-01-22,POS,item,French Fries,3.0,0.0,0.0
2026-01-22,Swiggy,item,Fresh Garden Mint,1.0,0.0,0.0
2026-01-22,POS,item,Loaded Fries,1.0,0.0,0.0
2026-01-22,POS,item,Mdew 330ml Can,1.0,0.0,0.0
2026-01-22,POS,item,Mdew@40rs,1.0,0.0,0.0
2026-01-22,POS,item,Mineral Water,1.0,0.0,0.0
2026-01-22,POS,item,Pepsi 250ml Pet,1.0,0.0,0.0
2026-01-22,POS,item,Pepsi@50rs,1.0,0.0,0.0
2026-01-22,POS,item,Pineapple Juice,2.0,0.0,0.0
2026-01-22,POS,item,Regular Chicken Burger,10.0,0.0,0.0
2026-01-22,POS,item,Slice 200ml,1.0,0.0,0.0
2026-01-22,POS,item,Watermelon Juice,2.0,0.0,0.0
2026-01-21,POS,item,2 Medium Non-veg@759,1.0,150.0,150.0
2026-01-21,POS,item,2 Medium Veg@699,1.0,150.0,150.0
2026-01-21,POS,item,12 Inch - Large Pizza,1.0,120.0,120.0
2026-01-21,POS,item,2 Regular Non-veg@409,4.0,80.0,320.0
2026-01-21,Swiggy,item,9 Inch - Medium Pizza,3.0,75.0,225.0
2026-01-21,POS,item,9 Inch - Medium Pizza,2.0,75.0,150.0
2026-01-21,POS,item,Non Veg Meal For 2,1.0,75.0,75.0
2026-01-21,POS,item,Super Saver Meal Medium,2.0,75.0,150.0
2026-01-21,POS,item,7 Inch - Regular Pizza,7.0,40.0,280.0
2026-01-21,Swiggy,item,7 Inch - Regular Pizza,4.0,40.0,160.0
2026-01-21,POS,item,Delicious Combo Delight Regular,1.0,40.0,40.0
2026-01-21,POS,item,Garlic Bread With Cheese,1.0,40.0,40.0
2026-01-21,POS,item,Super Saver Meal Regular,2.0,40.0,80.0
2026-01-21,POS,item,7up@40rs,2.0,0.0,0.0
2026-01-21,POS,item,Blue Mojito,1.0,0.0,0.0
2026-01-21,Swiggy,item,Brownie With Ice Cream,2.0,0.0,0.0
2026-01-21,POS,item,Burger Combo @ 179,1.0,0.0,0.0
2026-01-21,POS,item,Cheese N Macaroni Salad,1.0,0.0,0.0
2026-01-21,Swiggy,item,Cheese N Macaroni Salad,1.0,0.0,0.0
2026-01-21,Swiggy,item,Cheesy Dip,1.0,0.0,0.0
2026-01-21,Swiggy,item,Chicken Loaded Fries,1.0,0.0,0.0
2026-01-21,POS,item,Chicken Pasta,1.0,0.0,0.0
2026-01-21,POS,item,French Fries,2.0,0.0,0.0
2026-01-21,Swiggy,item,French Fries,1.0,0.0,0.0
2026-01-21,Swiggy,item,Green Apple,3.0,0.0,0.0
2026-01-21,POS,item,Green Apple,2.0,0.0,0.0
2026-01-21,Swiggy,item,Mayo,1.0,0.0,0.0
2026-01-21,POS,item,Passion Fruit,1.0,0.0,0.0
2026-01-21,POS,item,Pizza Upgrade,1.0,0.0,0.0
2026-01-21,POS,item,Regular Chicken Burger,2.0,0.0,0.0
2026-01-21,POS,item,Water Melon,1.0,0.0,0.0
2026-01-20,POS,item,2 Large Non-veg@1149,1.0,240.0,240.0
2026-01-20,POS,item,12 Inch - Large Pizza,1.0,120.0,120.0
2026-01-20,POS,item,2 Regular Non-veg@409,1.0,80.0,80.0
2026-01-20,POS,item,2 Regular Veg@349,1.0,80.0,80.0
2026-01-20,POS,item,9 Inch - Medium Pizza,9.0,75.0,675.0
2026-01-20,POS,item,Super Saver Meal Medium,1.0,75.0,75.0
2026-01-20,POS,item,7 Inch - Regular Pizza,7.0,40.0,280.0
2026-01-20,Swiggy,item,7 Inch - Regular Pizza,3.0,40.0,120.0
2026-01-20,POS,item,Garlic Bread With Cheese,1.0,40.0,40.0
2026-01-20,Swiggy,addon,7 Inch - Regular Pizza -Extra Cheese,1.0,20.0,20.0
2026-01-20,POS,item,Combo Delight Non-veg,3.0,20.0,60.0
2026-01-20,Swiggy,item,Blue Mojito,2.0,0.0,0.0
2026-01-20,POS,item,Burger Combo @ 169,1.0,0.0,0.0
2026-01-20,POS,item,Burger Combo @ 179,1.0,0.0,0.0
2026-01-20,POS,item,Chicken Pasta,1.0,0.0,0.0
2026-01-20,POS,item,Chicken Popcorn,1.0,0.0,0.0
2026-01-20,POS,item,Chikku Shake,1.0,0.0,0.0
2026-01-20,POS,item,French Fries,5.0,0.0,0.0
2026-01-20,POS,item,Loaded Fries,1.0,0.0,0.0
2026-01-20,POS,item,Macaroni N Chicken Salad,1.0,0.0,0.0
2026-01-20,POS,item,Mdew 250ml Pet,1.0,0.0,0.0
2026-01-20,POS,item,Mdew@40rs,1.0,0.0,0.0
2026-01-20,POS,item,Mineral Water,1.0,0.0,0.0
2026-01-20,POS,item,Mint Lime Juice,4.0,0.0,0.0
2026-01-20,POS,item,Pepsi 250ml Pet,1.0,0.0,0.0
2026-01-20,POS,item,Pineapple Juice,1.0,0.0,0.0
2026-01-20,POS,item,Regular Chicken Burger,4.0,0.0,0.0
2026-01-20,POS,item,Soda,4.0,0.0,0.0
2026-01-20,POS,item,Tender Coconut,4.0,0.0,0.0
2026-01-20,POS,item,Veg Pasta,1.0,0.0,0.0
2026-01-19,POS,item,12 Inch - Large Pizza,3.0,120.0,360.0
2026-01-19,Swiggy,item,2 Regular Pizzas,1.0,80.0,80.0
2026-01-19,POS,item,9 Inch - Medium Pizza,4.0,75.0,300.0
2026-01-19,POS,item,Super Saver Meal Medium,3.0,75.0,225.0
2026-01-19,POS,item,7 Inch - Regular Pizza,5.0,40.0,200.0
2026-01-19,Swiggy,item,7 Inch - Regular Pizza,2.0,40.0,80.0
2026-01-19,POS,item,Garlic Bread With Cheese,1.0,40.0,40.0
2026-01-19,POS,item,Super Saver Meal Regular,3.0,40.0,120.0
2026-01-19,POS,item,Chikku Shake,1.0,0.0,0.0
2026-01-19,POS,item,French Fries,5.0,0.0,0.0
2026-01-19,POS,item,Fresh Garden Mint,1.0,0.0,0.0
2026-01-19,POS,item,Greek Chicken Salad[non-veg],1.0,0.0,0.0
2026-01-19,POS,item,Macaroni N Chicken Salad,1.0,0.0,0.0
2026-01-19,POS,item,Mint Lime Juice,1.0,0.0,0.0
2026-01-19,POS,item,Passion Fruit,2.0,0.0,0.0
2026-01-19,POS,item,Pepsi 250ml Pet,1.0,0.0,0.0
2026-01-19,POS,item,Pepsi@40rs,1.0,0.0,0.0
2026-01-19,POS,item,Pepsi@50rs,1.0,0.0,0.0
2026-01-19,POS,item,Pineapple Juice,2.0,0.0,0.0
2026-01-19,POS,item,Pizza Upgrade,2.0,0.0,0.0
2026-01-19,POS,item,Potato Wedges,1.0,0.0,0.0
2026-01-19,POS,item,Regular Chicken Burger,1.0,0.0,0.0
2026-01-19,POS,item,Veg Burger,2.0,0.0,0.0
2026-01-19,POS,item,Watermelon Juice,1.0,0.0,0.0
2026-01-18,POS,item,2 Medium Non-veg@759,1.0,150.0,150.0
2026-01-18,POS,item,12 Inch - Large Pizza,4.0,120.0,480.0
2026-01-18,POS,item,2 Regular Non-veg@409,5.0,80.0,400.0
2026-01-18,POS,item,9 Inch - Medium Pizza,13.0,75.0,975.0
2026-01-18,Swiggy,item,9 Inch - Medium Pizza,1.0,75.0,75.0
2026-01-18,POS,item,7 Inch - Regular Pizza,13.0,40.0,520.0
2026-01-18,Swiggy,item,7 Inch - Regular Pizza,1.0,40.0,40.0
2026-01-18,POS,item,Garlic Bread Supreme[non-veg],1.0,40.0,40.0
2026-01-18,POS,item,Garlic Bread With Cheese,1.0,40.0,40.0
2026-01-18,POS,item,Non Veg Meal For 1,2.0,40.0,80.0
2026-01-18,POS,item,7up @50rs,1.0,0.0,0.0
2026-01-18,POS,item,7up@40rs,1.0,0.0,0.0
2026-01-18,POS,item,Brownie With Ice Cream,1.0,0.0,0.0
2026-01-18,POS,item,Burger Combo @ 179,1.0,0.0,0.0
2026-01-18,Swiggy,item,Chicken Nuggets,1.0,0.0,0.0
2026-01-18,POS,item,Chicken Pasta,1.0,0.0,0.0
2026-01-18,POS,item,Chocolate Shake,1.0,0.0,0.0
2026-01-18,POS,item,French Fries,6.0,0.0,0.0
2026-01-18,POS,item,Fresh Garden Mint,1.0,0.0,0.0
2026-01-18,POS,item,Fresh Lime Juice,16.0,0.0,0.0
2026-01-18,POS,item,Loaded Fries,2.0,0.0,0.0
2026-01-18,POS,item,Mdew 250ml Pet,3.0,0.0,0.0
2026-01-18,POS,item,Mineral Water,4.0,0.0,0.0
2026-01-18,POS,item,Mint Lime Juice,1.0,0.0,0.0
2026-01-18,POS,item,Passion Fruit,1.0,0.0,0.0
2026-01-18,POS,item,Pepsi 330ml Can,1.0,0.0,0.0
2026-01-18,POS,item,Pepsi@40rs,1.0,0.0,0.0
2026-01-18,POS,item,Peri Peri Dip,1.0,0.0,0.0
2026-01-18,POS,item,Regular Chicken Burger,2.0,0.0,0.0
2026-01-18,POS,item,Slice 200ml,1.0,0.0,0.0
2026-01-18,POS,item,Soda,2.0,0.0,0.0
2026-01-18,POS,item,Special Discount,0.0,0.0,0.0
2026-01-17,POS,item,12 Inch - Large Pizza,3.0,120.0,360.0
2026-01-17,POS,item,2 Regular Non-veg@409,1.0,80.0,80.0
2026-01-17,POS,item,2 Regular Veg@349,2.0,80.0,160.0
2026-01-17,POS,item,9 Inch - Medium Pizza,3.0,75.0,225.0
2026-01-17,POS,item,Super Saver Meal Medium,1.0,75.0,75.0
2026-01-17,POS,item,7 Inch - Regular Pizza,16.0,40.0,640.0
2026-01-17,POS,item,Super Saver Meal Regular,2.0,40.0,80.0
2026-01-17,POS,item,Combo Delight Non-veg,1.0,20.0,20.0
2026-01-17,POS,item,Combo Delight Veg,1.0,20.0,20.0
2026-01-17,POS,addon,2 Regular Veg@349-Extra Cheese,1.0,0.0,0.0
2026-01-17,Swiggy,item,Black And White,1.0,0.0,0.0
2026-01-17,POS,item,Blue Curacao,1.0,0.0,0.0
2026-01-17,POS,item,Blue Mojito,1.0,0.0,0.0
2026-01-17,POS,item,Burger Combo @ 169,1.0,0.0,0.0
2026-01-17,POS,item,Burger Combo @ 199,1.0,0.0,0.0
2026-01-17,POS,item,Chicken Nuggets,4.0,0.0,0.0
2026-01-17,POS,item,Chicken Pasta,1.0,0.0,0.0
2026-01-17,POS,item,Chikku Shake,2.0,0.0,0.0
2026-01-17,POS,item,Chilly Potato Shots,1.0,0.0,0.0
2026-01-17,POS,item,Chocolate Shake,1.0,0.0,0.0
2026-01-17,POS,item,French Fries,4.0,0.0,0.0
2026-01-17,POS,item,Fresh Lime Juice,1.0,0.0,0.0
2026-01-17,POS,item,Garlic Bread,3.0,0.0,0.0
2026-01-17,POS,item,Greek Salad,1.0,0.0,0.0
2026-01-17,POS,item,Green Apple,3.0,0.0,0.0
2026-01-17,POS,item,Loaded Fries,3.0,0.0,0.0
2026-01-17,POS,item,Mineral Water,1.0,0.0,0.0
2026-01-17,POS,item,Pepsi 250ml Pet,1.0,0.0,0.0
2026-01-17,POS,item,Pineapple Juice,1.0,0.0,0.0
2026-01-17,POS,item,Regular Chicken Burger,6.0,0.0,0.0
2026-01-17,POS,item,Slice 200ml,2.0,0.0,0.0
2026-01-17,POS,item,Tender Coconut,2.0,0.0,0.0
2026-01-16,POS,item,2 Medium Non-veg@759,1.0,150.0,150.0
2026-01-16,POS,item,12 Inch - Large Pizza,1.0,120.0,120.0
2026-01-16,POS,item,2 Regular Non-veg@409,2.0,80.0,160.0
2026-01-16,POS,item,9 Inch - Medium Pizza,3.0,75.0,225.0
2026-01-16,Swiggy,item,9 Inch - Medium Pizza,1.0,75.0,75.0
2026-01-16,POS,item,7 Inch - Regular Pizza,7.0,40.0,280.0
2026-01-16,Swiggy,item,7 Inch - Regular Pizza,6.0,40.0,240.0
2026-01-16,POS,item,Garlic Bread With Cheese,1.0,40.0,40.0
2026-01-16,POS,item,Combo Delight Non-veg,2.0,20.0,40.0
2026-01-16,POS,item,7up 250ml Pet,1.0,0.0,0.0
2026-01-16,POS,item,7up @50rs,1.0,0.0,0.0
2026-01-16,Swiggy,item,Blue Mojito,1.0,0.0,0.0
2026-01-16,POS,item,Brownie With Ice Cream,1.0,0.0,0.0
2026-01-16,Swiggy,item,Chicken Loaded Fries,1.0,0.0,0.0
2026-01-16,POS,item,Chicken Nuggets,1.0,0.0,0.0
2026-01-16,POS,item,Chicken Pasta,2.0,0.0,0.0
2026-01-16,POS,item,Chocolate Shake,3.0,0.0,0.0
2026-01-16,POS,item,French Fries,3.0,0.0,0.0
2026-01-16,POS,item,Fresh Lime Juice,6.0,0.0,0.0
2026-01-16,POS,item,Garlic Bread,3.0,0.0,0.0
2026-01-16,POS,item,Green Apple,1.0,0.0,0.0
2026-01-16,POS,item,Loaded Fries,1.0,0.0,0.0
2026-01-16,POS,item,Mineral Water,2.0,0.0,0.0
2026-01-16,POS,item,Mint Lime Juice,2.0,0.0,0.0
2026-01-16,POS,item,Pepsi 330ml Can,1.0,0.0,0.0
2026-01-16,POS,item,Pepsi@40rs,1.0,0.0,0.0
2026-01-16,POS,item,Pepsi@50rs,1.0,0.0,0.0
2026-01-16,POS,item,Soft Drink,2.0,0.0,0.0
2026-01-16,POS,item,Veg Burger,5.0,0.0,0.0
2026-01-16,POS,item,Watermelon Juice,2.0,0.0,0.0
2026-01-15,POS,item,2 Large Non-veg@1149,1.0,240.0,240.0
2026-01-15,Swiggy,item,2 Medium Pizzas,1.0,150.0,150.0
2026-01-15,POS,item,2 Medium Veg@699,1.0,150.0,150.0
2026-01-15,POS,item,12 Inch - Large Pizza,3.0,120.0,360.0
2026-01-15,POS,item,2 Regular Veg@349,1.0,80.0,80.0
2026-01-15,POS,item,9 Inch - Medium Pizza,6.0,75.0,450.0
2026-01-15,Swiggy,item,9 Inch - Medium Pizza,2.0,75.0,150.0
2026-01-15,POS,item,Delicious Combo Delight Medium,1.0,75.0,75.0
2026-01-15,POS,item,7 Inch - Regular Pizza,12.0,40.0,480.0
2026-01-15,Swiggy,item,7 Inch - Regular Pizza,2.0,40.0,80.0
2026-01-15,POS,item,Delicious Combo Delight Regular,1.0,40.0,40.0
2026-01-15,POS,item,Super Saver Meal Regular,2.0,40.0,80.0
2026-01-15,POS,item,7up@40rs,1.0,0.0,0.0
2026-01-15,POS,item,Bubble Gum,1.0,0.0,0.0
2026-01-15,POS,item,Burger Combo @ 169,1.0,0.0,0.0
2026-01-15,POS,item,Burger Combo @ 179,3.0,0.0,0.0
2026-01-15,POS,item,Cheesy Fries,2.0,0.0,0.0
2026-01-15,POS,item,Chikku Shake,5.0,0.0,0.0
2026-01-15,POS,item,French Fries,7.0,0.0,0.0
2026-01-15,POS,item,Fresh Garden Mint,2.0,0.0,0.0
2026-01-15,POS,item,Fresh Lime Juice,1.0,0.0,0.0
2026-01-15,POS,item,Garlic Bread,1.0,0.0,0.0
2026-01-15,POS,item,Green Apple,4.0,0.0,0.0
2026-01-15,POS,item,Mdew 250ml Pet,1.0,0.0,0.0
2026-01-15,POS,item,Mineral Water,1.0,0.0,0.0
2026-01-15,POS,item,Pepsi 250ml Pet,1.0,0.0,0.0
2026-01-15,POS,item,Pineapple Juice,1.0,0.0,0.0
2026-01-15,POS,item,Pizza Upgrade,1.0,0.0,0.0
2026-01-15,POS,item,Regular Chicken Burger,1.0,0.0,0.0
2026-01-15,POS,item,Slice 200ml,1.0,0.0,0.0
2026-01-15,POS,item,Tender Coconut,1.0,0.0,0.0
2026-01-15,POS,item,Veg Burger,2.0,0.0,0.0
2026-01-15,POS,item,Veg Pasta,1.0,0.0,0.0
2026-01-15,POS,item,Water Melon,1.0,0.0,0.0
2026-01-15,POS,item,Watermelon Juice,1.0,0.0,0.0
2026-01-14,POS,item,12 Inch - Large Pizza,3.0,120.0,360.0
2026-01-14,POS,item,2 Regular Non-veg@409,2.0,80.0,160.0
2026-01-14,POS,item,9 Inch - Medium Pizza,5.0,75.0,375.0
2026-01-14,POS,item,Super Saver Meal Medium,2.0,75.0,150.0
2026-01-14,POS,item,7 Inch - Regular Pizza,6.0,40.0,240.0
2026-01-14,Swiggy,item,7 Inch - Regular Pizza,2.0,40.0,80.0
2026-01-14,POS,item,7up @50rs,1.0,0.0,0.0
2026-01-14,POS,item,Blue Mojito,3.0,0.0,0.0
2026-01-14,POS,item,Brownie With Ice Cream,2.0,0.0,0.0
2026-01-14,POS,item,Burger Combo @ 169,1.0,0.0,0.0
2026-01-14,POS,item,Burger Combo @ 179,1.0,0.0,0.0
2026-01-14,POS,item,Burger Combo @ 199,2.0,0.0,0.0
2026-01-14,POS,item,Cheesy Fries,1.0,0.0,0.0
2026-01-14,POS,item,Chicken Nuggets,1.0,0.0,0.0
2026-01-14,POS,item,Chicken Pasta,3.0,0.0,0.0
2026-01-14,POS,item,Chikku Shake,1.0,0.0,0.0
2026-01-14,POS,item,French Fries,2.0,0.0,0.0
2026-01-14,POS,item,Loaded Fries,1.0,0.0,0.0
2026-01-14,POS,item,Regular Chicken Burger,12.0,0.0,0.0
2026-01-14,POS,item,Slice 200ml,1.0,0.0,0.0
2026-01-14,POS,item,Tender Coconut,1.0,0.0,0.0
2026-01-14,POS,item,Watermelon Juice,1.0,0.0,0.0
2026-01-13,POS,item,12 Inch - Large Pizza,1.0,120.0,120.0
2026-01-13,POS,item,2 Regular Non-veg@409,3.0,80.0,240.0
2026-01-13,POS,item,9 Inch - Medium Pizza,5.0,75.0,375.0
2026-01-13,POS,item,Delicious Combo Delight Medium,2.0,75.0,150.0
2026-01-13,POS,item,7 Inch - Regular Pizza,9.0,40.0,360.0
2026-01-13,Swiggy,item,7 Inch - Regular Pizza,3.0,40.0,120.0
2026-01-13,POS,item,Super Saver Meal Regular,2.0,40.0,80.0
2026-01-13,POS,item,Combo Delight Non-veg,1.0,20.0,20.0
2026-01-13,POS,item,Burger Combo @ 179,1.0,0.0,0.0
2026-01-13,POS,item,Cheesy Fries,1.0,0.0,0.0
2026-01-13,POS,item,Chicken Nuggets Burger,1.0,0.0,0.0
2026-01-13,POS,item,Chicken Pasta,2.0,0.0,0.0
2026-01-13,POS,item,Cucumber,1.0,0.0,0.0
2026-01-13,POS,item,Green Apple,2.0,0.0,0.0
2026-01-13,POS,item,Mint Lime Juice,2.0,0.0,0.0
2026-01-13,Swiggy,item,Passion Mint,1.0,0.0,0.0
2026-01-13,POS,item,Regular Chicken Burger,3.0,0.0,0.0
2026-01-13,POS,item,Roasted Chicken Salad,1.0,0.0,0.0
2026-01-13,POS,item,Slice 200ml,1.0,0.0,0.0
2026-01-13,POS,item,Soft Drink,2.0,0.0,0.0
2026-01-13,POS,item,Strawberry,1.0,0.0,0.0
2026-01-13,POS,item,Veg Burger,1.0,0.0,0.0
2026-01-13,POS,item,Veg Pasta,1.0,0.0,0.0
2026-01-13,Swiggy,item,Veg Pasta,1.0,0.0,0.0
2026-01-12,POS,item,12 Inch - Large Pizza,6.0,120.0,720.0
2026-01-12,Swiggy,item,2 Regular Pizzas,1.0,80.0,80.0
2026-01-12,POS,item,9 Inch - Medium Pizza,9.0,75.0,675.0
2026-01-12,Swiggy,item,9 Inch - Medium Pizza,1.0,75.0,75.0
2026-01-12,POS,item,7 Inch - Regular Pizza,12.0,40.0,480.0
2026-01-12,Swiggy,item,7 Inch - Regular Pizza,4.0,40.0,160.0
2026-01-12,POS,item,Garlic Bread With Cheese,4.0,40.0,160.0
2026-01-12,POS,item,Super Saver Meal Regular,1.0,40.0,40.0
2026-01-12,Swiggy,addon,7 Inch - Regular Pizza -Extra Cheese,1.0,20.0,20.0
2026-01-12,POS,item,Combo Delight Non-veg,3.0,20.0,60.0
2026-01-12,POS,item,Brownie,1.0,0.0,0.0
2026-01-12,Swiggy,item,Brownie With Ice Cream,1.0,0.0,0.0
2026-01-12,POS,item,Burger Combo @ 169,1.0,0.0,0.0
2026-01-12,POS,item,Burger Combo @ 179,2.0,0.0,0.0
2026-01-12,POS,item,Cheese N Macaroni Salad,1.0,0.0,0.0
2026-01-12,POS,item,Chicken Nuggets,1.0,0.0,0.0
2026-01-12,POS,item,Chicken Pasta,4.0,0.0,0.0
2026-01-12,POS,item,Chikku Shake,3.0,0.0,0.0
2026-01-12,POS,item,Chilly Potato Shots,1.0,0.0,0.0
2026-01-12,POS,item,French Fries,1.0,0.0,0.0
2026-01-12,Swiggy,item,French Fries,1.0,0.0,0.0
2026-01-12,POS,item,Fresh Garden Mint,2.0,0.0,0.0
2026-01-12,POS,item,Mdew 330ml Can,1.0,0.0,0.0
2026-01-12,POS,item,Mineral Water,1.0,0.0,0.0
2026-01-12,POS,item,Mint Lime Juice,3.0,0.0,0.0
2026-01-12,POS,item,Passion Fruit,3.0,0.0,0.0
2026-01-12,POS,item,Pepsi 250ml Pet,1.0,0.0,0.0
2026-01-12,POS,item,Pepsi@40rs,1.0,0.0,0.0
2026-01-12,POS,item,Pineapple Juice,1.0,0.0,0.0
2026-01-12,POS,item,Potato Wedges,3.0,0.0,0.0
2026-01-12,POS,item,Regular Chicken Burger,1.0,0.0,0.0
2026-01-12,Swiggy,item,Roasted Chicken Salad,1.0,0.0,0.0
2026-01-12,POS,item,Soft Drink,2.0,0.0,0.0
2026-01-12,POS,item,Veg Burger,1.0,0.0,0.0
2026-01-12,POS,item,Veg Pasta,1.0,0.0,0.0
2026-01-11,POS,item,12 Inch - Large Pizza,1.0,120.0,120.0
2026-01-11,POS,item,Non Veg Meal For 4,1.0,120.0,120.0
2026-01-11,POS,item,2 Regular Non-veg@409,3.0,80.0,240.0
2026-01-11,POS,item,9 Inch - Medium Pizza,4.0,75.0,300.0
2026-01-11,POS,item,7 Inch - Regular Pizza,9.0,40.0,360.0
2026-01-11,Swiggy,item,7 Inch - Regular Pizza,6.0,40.0,240.0
2026-01-11,POS,item,Delicious Combo Delight Regular,1.0,40.0,40.0
2026-01-11,POS,addon,7 Inch - Regular Pizza -Extra Cheese,1.0,20.0,20.0
2026-01-11,POS,item,7up 250ml Pet,1.0,0.0,0.0
2026-01-11,POS,item,7up @50rs,2.0,0.0,0.0
2026-01-11,POS,item,Blue Mojito,1.0,0.0,0.0
2026-01-11,Swiggy,item,Chicken Nuggets,2.0,0.0,0.0
2026-01-11,POS,item,Chicken Nuggets,1.0,0.0,0.0
2026-01-11,POS,item,Chikku Shake,1.0,0.0,0.0
2026-01-11,POS,item,Chilly Potato Shots,1.0,0.0,0.0
2026-01-11,POS,item,Chocolate Shake,3.0,0.0,0.0
2026-01-11,POS,item,French Fries,2.0,0.0,0.0
2026-01-11,POS,item,Fresh Lime Juice,2.0,0.0,0.0
2026-01-11,POS,item,Grapes Juice,1.0,0.0,0.0
2026-01-11,POS,item,Greek Salad,1.0,0.0,0.0
2026-01-11,POS,item,Pepsi@40rs,1.0,0.0,0.0
2026-01-11,POS,item,Regular Chicken Burger,7.0,0.0,0.0
2026-01-11,POS,item,Soft Drink,2.0,0.0,0.0
2026-01-11,Swiggy,item,Veg Pasta,1.0,0.0,0.0
2026-01-11,POS,item,Watermelon Juice,1.0,0.0,0.0
2026-01-11,POS,item,12 Inch - Large Pizza,1.0,120.0,120.0
2026-01-11,POS,item,Non Veg Meal For 4,1.0,120.0,120.0
2026-01-11,POS,item,2 Regular Non-veg@409,3.0,80.0,240.0
2026-01-11,POS,item,9 Inch - Medium Pizza,4.0,75.0,300.0
2026-01-11,POS,item,7 Inch - Regular Pizza,9.0,40.0,360.0
2026-01-11,Swiggy,item,7 Inch - Regular Pizza,6.0,40.0,240.0
2026-01-11,POS,item,Delicious Combo Delight Regular,1.0,40.0,40.0
2026-01-11,POS,addon,7 Inch - Regular Pizza -Extra Cheese,1.0,20.0,20.0
2026-01-11,POS,item,7up 250ml Pet,1.0,0.0,0.0
2026-01-11,POS,item,7up @50rs,2.0,0.0,0.0
2026-01-11,POS,item,Blue Mojito,1.0,0.0,0.0
2026-01-11,Swiggy,item,Chicken Nuggets,2.0,0.0,0.0
2026-01-11,POS,item,Chicken Nuggets,1.0,0.0,0.0
2026-01-11,POS,item,Chikku Shake,1.0,0.0,0.0
2026-01-11,POS,item,Chilly Potato Shots,1.0,0.0,0.0
2026-01-11,POS,item,Chocolate Shake,3.0,0.0,0.0
2026-01-11,POS,item,French Fries,2.0,0.0,0.0
2026-01-11,POS,item,Fresh Lime Juice,2.0,0.0,0.0
2026-01-11,POS,item,Grapes Juice,1.0,0.0,0.0
2026-01-11,POS,item,Greek Salad,1.0,0.0,0.0
2026-01-11,POS,item,Pepsi@40rs,1.0,0.0,0.0
2026-01-11,POS,item,Regular Chicken Burger,7.0,0.0,0.0
2026-01-11,POS,item,Soft Drink,2.0,0.0,0.0
2026-01-11,Swiggy,item,Veg Pasta,1.0,0.0,0.0
2026-01-11,POS,item,Watermelon Juice,1.0,0.0,0.0
2026-01-10,POS,item,2 Medium Non-veg@759,2.0,150.0,300.0
2026-01-10,POS,item,12 Inch - Large Pizza,5.0,120.0,600.0
2026-01-10,POS,item,2 Regular Non-veg@409,2.0,80.0,160.0
2026-01-10,Swiggy,item,2 Regular Pizzas,1.0,80.0,80.0
2026-01-10,POS,item,9 Inch - Medium Pizza,10.0,75.0,750.0
2026-01-10,Swiggy,item,9 Inch - Medium Pizza,1.0,75.0,75.0
2026-01-10,Swiggy,item,7 Inch - Regular Pizza,11.0,40.0,440.0
2026-01-10,POS,item,7 Inch - Regular Pizza,9.0,40.0,360.0
2026-01-10,POS,item,Garlic Bread With Cheese,3.0,40.0,120.0
2026-01-10,POS,item,Non Veg Meal For 1,1.0,40.0,40.0
2026-01-10,POS,item,Super Saver Meal Regular,1.0,40.0,40.0
2026-01-10,Swiggy,addon,7 Inch - Regular Pizza -Extra Cheese,4.0,20.0,80.0
2026-01-10,POS,item,Combo Delight Non-veg,1.0,20.0,20.0
2026-01-10,POS,item,7up 250ml Pet,3.0,0.0,0.0
2026-01-10,POS,item,Burger Combo @ 199,1.0,0.0,0.0
2026-01-10,POS,item,Chicken Nuggets,1.0,0.0,0.0
2026-01-10,POS,item,Chicken Pasta,3.0,0.0,0.0
2026-01-10,POS,item,Chikku Shake,1.0,0.0,0.0
2026-01-10,POS,item,Chocolate Shake,1.0,0.0,0.0
2026-01-10,POS,item,Coleslaw Salad,1.0,0.0,0.0
2026-01-10,POS,item,French Fries,10.0,0.0,0.0
2026-01-10,POS,item,Fresh Garden Mint,1.0,0.0,0.0
2026-01-10,POS,item,Fresh Lime Juice,3.0,0.0,0.0
2026-01-10,POS,item,Garlic Bread,1.0,0.0,0.0
2026-01-10,POS,item,Grapes Juice,1.0,0.0,0.0
2026-01-10,POS,item,Hot Garlic Dip,2.0,0.0,0.0
2026-01-10,POS,item,Loaded Fries,1.0,0.0,0.0
2026-01-10,POS,item,Mdew@40rs,1.0,0.0,0.0
2026-01-10,POS,item,Pepsi 250ml Pet,1.0,0.0,0.0
2026-01-10,POS,item,Pepsi@40rs,3.0,0.0,0.0
2026-01-10,POS,item,Regular Chicken Burger,6.0,0.0,0.0
2026-01-10,POS,item,Slice 200ml,2.0,0.0,0.0
2026-01-10,POS,item,Soft Drink,1.0,0.0,0.0
2026-01-09,POS,item,2 Large Veg@999,1.0,240.0,240.0
2026-01-09,POS,item,12 Inch - Large Pizza,4.0,120.0,480.0
2026-01-09,POS,item,Non Veg Meal For 4,1.0,120.0,120.0
2026-01-09,POS,item,2 Regular Non-veg@409,1.0,80.0,80.0
2026-01-09,POS,item,9 Inch - Medium Pizza,5.0,75.0,375.0
2026-01-09,POS,item,Super Saver Meal Medium,1.0,75.0,75.0
2026-01-09,POS,item,7 Inch - Regular Pizza,7.0,40.0,280.0
2026-01-09,Swiggy,item,7 Inch - Regular Pizza,2.0,40.0,80.0
2026-01-09,POS,item,Garlic Bread With Cheese,4.0,40.0,160.0
2026-01-09,POS,item,Combo Delight Non-veg,1.0,20.0,20.0
2026-01-09,POS,item,Cheese N Macaroni Salad,1.0,0.0,0.0
2026-01-09,POS,item,Cheesy Fries,1.0,0.0,0.0
2026-01-09,Swiggy,item,Chicken Loaded Fries,1.0,0.0,0.0
2026-01-09,POS,item,Chicken Pasta,1.0,0.0,0.0
2026-01-09,POS,item,Chikku Shake,2.0,0.0,0.0
2026-01-09,POS,item,Chocolate Shake,1.0,0.0,0.0
2026-01-09,POS,item,French Fries,2.0,0.0,0.0
2026-01-09,POS,item,Grapes Juice,1.0,0.0,0.0
2026-01-09,POS,item,Loaded Fries,5.0,0.0,0.0
2026-01-09,POS,item,Mdew 330ml Can,1.0,0.0,0.0
2026-01-09,POS,item,Pepsi 250ml Pet,2.0,0.0,0.0
2026-01-09,POS,item,Pineapple Juice,1.0,0.0,0.0
2026-01-09,POS,item,Pizza Upgrade,1.0,0.0,0.0
2026-01-09,POS,item,Regular Chicken Burger,2.0,0.0,0.0
2026-01-09,POS,item,Soft Drink,2.0,0.0,0.0
2026-01-09,POS,item,Tender Coconut,1.0,0.0,0.0
2026-01-09,POS,item,Veg Pasta,1.0,0.0,0.0
2026-01-09,POS,item,Watermelon Juice,1.0,0.0,0.0
2026-01-08,POS,item,12 Inch - Large Pizza,1.0,120.0,120.0
2026-01-08,POS,item,Non Veg Meal For 4,1.0,120.0,120.0
2026-01-08,POS,item,2 Regular Veg@349,2.0,80.0,160.0
2026-01-08,POS,item,9 Inch - Medium Pizza,2.0,75.0,150.0
2026-01-08,Swiggy,item,Bada Saver Meal Medium,1.0,75.0,75.0
2026-01-08,POS,item,7 Inch - Regular Pizza,8.0,40.0,320.0
2026-01-08,Swiggy,item,7 Inch - Regular Pizza,2.0,40.0,80.0
2026-01-08,Swiggy,item,Garlic Bread Supreme [Veg],1.0,40.0,40.0
2026-01-08,Swiggy,item,Garlic Bread With Cheese,1.0,40.0,40.0
2026-01-08,POS,item,Non Veg Meal For 1,1.0,40.0,40.0
2026-01-08,POS,item,7up 250ml Pet,2.0,0.0,0.0
2026-01-08,POS,item,Brownie With Ice Cream,1.0,0.0,0.0
2026-01-08,POS,item,Cheesy Fries,1.0,0.0,0.0
2026-01-08,POS,item,Chicken Nuggets,2.0,0.0,0.0
2026-01-08,POS,item,Chicken Pasta,1.0,0.0,0.0
2026-01-08,POS,item,Chikku Shake,4.0,0.0,0.0
2026-01-08,POS,item,French Fries,4.0,0.0,0.0
2026-01-08,POS,item,Fresh Lime Juice,2.0,0.0,0.0
2026-01-08,POS,item,Grapes Juice,1.0,0.0,0.0
2026-01-08,POS,item,Makhani Dip,1.0,0.0,0.0
2026-01-08,POS,item,Mint Lime Juice,2.0,0.0,0.0
2026-01-08,POS,item,Pepsi 250ml Pet,2.0,0.0,0.0
2026-01-08,POS,item,Peri Peri Dip,1.0,0.0,0.0
2026-01-08,POS,item,Veg Pasta,2.0,0.0,0.0
2026-01-07,POS,item,2 Medium Non-veg@759,2.0,150.0,300.0
2026-01-07,POS,item,12 Inch - Large Pizza,3.0,120.0,360.0
2026-01-07,POS,item,Non Veg Meal For 4,1.0,120.0,120.0
2026-01-07,POS,item,9 Inch - Medium Pizza,6.0,75.0,450.0
2026-01-07,POS,item,7 Inch - Regular Pizza,8.0,40.0,320.0
2026-01-07,Swiggy,item,7 Inch - Regular Pizza,3.0,40.0,120.0
2026-01-07,POS,item,Garlic Bread With Cheese,3.0,40.0,120.0
2026-01-07,POS,item,Non Veg Meal For 1,1.0,40.0,40.0
2026-01-07,POS,item,Super Saver Meal Regular,1.0,40.0,40.0
2026-01-07,POS,item,Veg Meal For 1,1.0,40.0,40.0
2026-01-07,Swiggy,item,2 Regular Budget Pizzas,1.0,0.0,0.0
2026-01-07,POS,item,Burger Combo @ 179,2.0,0.0,0.0
2026-01-07,POS,item,Chicken Nuggets Burger,3.0,0.0,0.0
2026-01-07,POS,item,Chicken Pasta,1.0,0.0,0.0
2026-01-07,POS,item,Chocolate Shake,2.0,0.0,0.0
2026-01-07,POS,item,French Fries,4.0,0.0,0.0
2026-01-07,POS,item,Fresh Lime Juice,4.0,0.0,0.0
2026-01-07,POS,item,Garlic Bread,1.0,0.0,0.0
2026-01-07,POS,item,Macaroni N Chicken Salad,1.0,0.0,0.0
2026-01-07,POS,item,Mayo,1.0,0.0,0.0
2026-01-07,POS,item,Pepsi 250ml Pet,1.0,0.0,0.0
2026-01-07,POS,item,Pepsi@40rs,1.0,0.0,0.0
2026-01-07,POS,item,Pepsi@50rs,1.0,0.0,0.0
2026-01-07,POS,item,Pineapple Juice,3.0,0.0,0.0
2026-01-07,POS,item,Regular Chicken Burger,5.0,0.0,0.0
2026-01-07,POS,item,Sizzling Brownie,1.0,0.0,0.0
2026-01-07,POS,item,Slice 200ml,1.0,0.0,0.0
2026-01-07,POS,item,Special Discount,0.0,0.0,0.0
2026-01-07,POS,item,Veg Burger,1.0,0.0,0.0
2026-01-07,Swiggy,item,Veg Pasta,1.0,0.0,0.0
2026-01-06,Swiggy,item,2 Large Pizzas,1.0,240.0,240.0
2026-01-06,POS,item,2 Medium Non-veg@759,1.0,150.0,150.0
2026-01-06,POS,item,12 Inch - Large Pizza,2.0,120.0,240.0
2026-01-06,POS,item,2 Regular Non-veg@409,1.0,80.0,80.0
2026-01-06,POS,item,2 Regular Veg@349,1.0,80.0,80.0
2026-01-06,POS,item,9 Inch - Medium Pizza,8.0,75.0,600.0
2026-01-06,POS,item,7 Inch - Regular Pizza,8.0,40.0,320.0
2026-01-06,Swiggy,item,7 Inch - Regular Pizza,5.0,40.0,200.0
2026-01-06,POS,item,Garlic Bread Supreme [veg],1.0,40.0,40.0
2026-01-06,Swiggy,item,Garlic Bread Supreme[non-veg],1.0,40.0,40.0
2026-01-06,POS,item,Garlic Bread With Cheese,1.0,40.0,40.0
2026-01-06,POS,item,Super Saver Meal Regular,1.0,40.0,40.0
2026-01-06,POS,item,Brownie With Ice Cream,2.0,0.0,0.0
2026-01-06,Swiggy,item,Brownie With Ice Cream,1.0,0.0,0.0
2026-01-06,POS,item,Burger Combo @ 169,7.0,0.0,0.0
2026-01-06,Swiggy,item,Chicken Nuggets,2.0,0.0,0.0
2026-01-06,POS,item,Chicken Pasta,2.0,0.0,0.0
2026-01-06,POS,item,Chikku Shake,1.0,0.0,0.0
2026-01-06,POS,item,Chilly Potato Shots,1.0,0.0,0.0
2026-01-06,POS,item,Chocolate Shake,1.0,0.0,0.0
2026-01-06,POS,item,French Fries,3.0,0.0,0.0
2026-01-06,Swiggy,item,French Fries,1.0,0.0,0.0
2026-01-06,Swiggy,item,Fresh Garden Mint,2.0,0.0,0.0
2026-01-06,POS,item,Fresh Garden Mint,1.0,0.0,0.0
2026-01-06,POS,item,Green Apple,2.0,0.0,0.0
2026-01-06,Swiggy,item,Green Apple,1.0,0.0,0.0
2026-01-06,POS,item,Loaded Fries,1.0,0.0,0.0
2026-01-06,POS,item,Mdew@40rs,2.0,0.0,0.0
2026-01-06,POS,item,Mint Lime Juice,4.0,0.0,0.0
2026-01-06,POS,item,Passion Fruit,1.0,0.0,0.0
2026-01-06,POS,item,Peri Peri Dip,1.0,0.0,0.0
2026-01-06,POS,item,Pineapple Juice,2.0,0.0,0.0
2026-01-06,POS,item,Regular Chicken Burger,3.0,0.0,0.0
2026-01-05,POS,item,2 Medium Non-veg@759,1.0,150.0,150.0
2026-01-05,POS,item,12 Inch - Large Pizza,2.0,120.0,240.0
2026-01-05,POS,item,2 Regular Non-veg@409,2.0,80.0,160.0
2026-01-05,POS,item,9 Inch - Medium Pizza,1.0,75.0,75.0
2026-01-05,POS,item,7 Inch - Regular Pizza,8.0,40.0,320.0
2026-01-05,Swiggy,item,7 Inch - Regular Pizza,3.0,40.0,120.0
2026-01-05,POS,item,Garlic Bread With Cheese,1.0,40.0,40.0
2026-01-05,POS,item,Super Saver Meal Regular,1.0,40.0,40.0
2026-01-05,POS,item,Burger Combo @ 179,1.0,0.0,0.0
2026-01-05,POS,item,Chicken Pasta,1.0,0.0,0.0
2026-01-05,POS,item,Chikku Shake,1.0,0.0,0.0
2026-01-05,POS,item,French Fries,1.0,0.0,0.0
2026-01-05,POS,item,Green Apple,4.0,0.0,0.0
2026-01-05,POS,item,Macaroni N Chicken Salad,1.0,0.0,0.0
2026-01-05,POS,item,Pepsi@40rs,2.0,0.0,0.0
2026-01-05,POS,item,Pizza Upgrade,1.0,0.0,0.0
2026-01-05,POS,item,Soft Drink,1.0,0.0,0.0
2026-01-04,POS,item,2 Medium Non-veg@759,3.0,150.0,450.0
2026-01-04,POS,item,12 Inch - Large Pizza,3.0,120.0,360.0
2026-01-04,POS,item,2 Regular Non-veg@409,4.0,80.0,320.0
2026-01-04,POS,item,2 Regular Veg@349,1.0,80.0,80.0
2026-01-04,POS,item,9 Inch - Medium Pizza,6.0,75.0,450.0
2026-01-04,Swiggy,item,9 Inch - Medium Pizza,1.0,75.0,75.0
2026-01-04,POS,item,7 Inch - Regular Pizza,10.0,40.0,400.0
2026-01-04,Swiggy,item,7 Inch - Regular Pizza,8.0,40.0,320.0
2026-01-04,POS,item,Garlic Bread Supreme[non-veg],1.0,40.0,40.0
2026-01-04,POS,item,Garlic Bread With Cheese,2.0,40.0,80.0
2026-01-04,POS,item,Super Saver Meal Regular,1.0,40.0,40.0
2026-01-04,Swiggy,addon,9 Inch - Medium Pizza -Extra Cheese,1.0,38.0,38.0
2026-01-04,POS,addon,7 Inch - Regular Pizza -Extra Cheese,1.0,20.0,20.0
2026-01-04,POS,item,Combo Delight Non-veg,1.0,20.0,20.0
2026-01-04,POS,item,7up 250ml Pet,2.0,0.0,0.0
2026-01-04,POS,item,7up@40rs,2.0,0.0,0.0
2026-01-04,POS,item,Blue Mojito,1.0,0.0,0.0
2026-01-04,POS,item,Brownie,4.0,0.0,0.0
2026-01-04,POS,item,Brownie With Ice Cream,1.0,0.0,0.0
2026-01-04,POS,item,Burger Combo @ 169,1.0,0.0,0.0
2026-01-04,POS,item,Burger Combo @ 199,2.0,0.0,0.0
2026-01-04,POS,item,Chicken Nuggets,6.0,0.0,0.0
2026-01-04,POS,item,Chicken Pasta,3.0,0.0,0.0
2026-01-04,POS,item,Chicken Popcorn,2.0,0.0,0.0
2026-01-04,POS,item,French Fries,6.0,0.0,0.0
2026-01-04,POS,item,Fresh Garden Mint,1.0,0.0,0.0
2026-01-04,POS,item,Grapes Juice,1.0,0.0,0.0
2026-01-04,POS,item,Green Apple,6.0,0.0,0.0
2026-01-04,POS,item,Loaded Fries,1.0,0.0,0.0
2026-01-04,POS,item,Mdew 250ml Pet,2.0,0.0,0.0
2026-01-04,POS,item,Mdew@40rs,2.0,0.0,0.0
2026-01-04,POS,item,Mineral Water,1.0,0.0,0.0
2026-01-04,POS,item,Mint Lime Juice,4.0,0.0,0.0
2026-01-04,POS,item,Passion Fruit,1.0,0.0,0.0
2026-01-04,POS,item,Pepsi 250ml Pet,3.0,0.0,0.0
2026-01-04,POS,item,Pepsi@40rs,1.0,0.0,0.0
2026-01-04,POS,item,Regular Chicken Burger,10.0,0.0,0.0
2026-01-04,POS,item,Slice 200ml,4.0,0.0,0.0
2026-01-04,POS,item,Veg Burger,1.0,0.0,0.0
2026-01-04,POS,item,Veg Pasta,2.0,0.0,0.0
2026-01-04,Swiggy,item,Veg Pasta,1.0,0.0,0.0
2026-01-03,POS,item,2 Large Non-veg@1149,3.0,240.0,720.0
2026-01-03,Swiggy,item,12 Inch - Large Pizza,2.0,120.0,240.0
2026-01-03,POS,item,12 Inch - Large Pizza,1.0,120.0,120.0
2026-01-03,POS,item,2 Regular Non-veg@409,8.0,80.0,640.0
2026-01-03,POS,item,7 Inch - Regular Pizza,8.0,40.0,320.0
2026-01-03,Swiggy,item,7 Inch - Regular Pizza,3.0,40.0,120.0
2026-01-03,POS,item,Non Veg Meal For 1,1.0,40.0,40.0
2026-01-03,POS,item,Combo Delight Non-veg,2.0,20.0,40.0
2026-01-03,POS,item,7up @50rs,1.0,0.0,0.0
2026-01-03,POS,item,Blue Mojito,1.0,0.0,0.0
2026-01-03,POS,item,Brownie With Ice Cream,1.0,0.0,0.0
2026-01-03,POS,item,Burger Combo @ 169,2.0,0.0,0.0
2026-01-03,POS,item,Burger Combo @ 179,1.0,0.0,0.0
2026-01-03,POS,item,Cheesy Fries,1.0,0.0,0.0
2026-01-03,Swiggy,item,Chicken Loaded Fries,1.0,0.0,0.0
2026-01-03,POS,item,Chocolate Shake,1.0,0.0,0.0
2026-01-03,POS,item,French Fries,2.0,0.0,0.0
2026-01-03,POS,item,Fresh Lime Juice,1.0,0.0,0.0
2026-01-03,POS,item,Grapes Juice,1.0,0.0,0.0
2026-01-03,POS,item,Loaded Fries,3.0,0.0,0.0
2026-01-03,POS,item,Pepsi 250ml Pet,1.0,0.0,0.0
2026-01-03,POS,item,Regular Chicken Burger,5.0,0.0,0.0
2026-01-03,POS,item,Slice 200ml,1.0,0.0,0.0
2026-01-03,POS,item,Soft Drink,1.0,0.0,0.0
2026-01-03,POS,item,Veg Burger,1.0,0.0,0.0
2026-01-02,POS,item,12 Inch - Large Pizza,2.0,120.0,240.0
2026-01-02,POS,item,Non Veg Meal For 4,1.0,120.0,120.0
2026-01-02,POS,item,2 Regular Non-veg@409,2.0,80.0,160.0
2026-01-02,Swiggy,item,2 Regular Pizzas,1.0,80.0,80.0
2026-01-02,POS,item,9 Inch - Medium Pizza,9.0,75.0,675.0
2026-01-02,POS,item,Super Saver Meal Medium,1.0,75.0,75.0
2026-01-02,POS,item,7 Inch - Regular Pizza,7.0,40.0,280.0
2026-01-02,Swiggy,item,7 Inch - Regular Pizza,1.0,40.0,40.0
2026-01-02,POS,item,Garlic Bread With Cheese,2.0,40.0,80.0
2026-01-02,POS,item,Super Saver Meal Regular,1.0,40.0,40.0
2026-01-02,POS,item,Combo Delight Non-veg,1.0,20.0,20.0
2026-01-02,POS,item,7up @50rs,1.0,0.0,0.0
2026-01-02,POS,item,Brownie With Ice Cream,1.0,0.0,0.0
2026-01-02,POS,item,Burger Combo @ 179,1.0,0.0,0.0
2026-01-02,POS,item,Cheese N Macaroni Salad,1.0,0.0,0.0
2026-01-02,Swiggy,item,Chicken Nuggets,1.0,0.0,0.0
2026-01-02,Swiggy,item,Chipotle Dip,1.0,0.0,0.0
2026-01-02,POS,item,French Fries,4.0,0.0,0.0
2026-01-02,Swiggy,item,French Fries,1.0,0.0,0.0
2026-01-02,POS,item,Fresh Lime Juice,1.0,0.0,0.0
2026-01-02,POS,item,Garlic Bread,1.0,0.0,0.0
2026-01-02,POS,item,Greek Chicken Salad[non-veg],1.0,0.0,0.0
2026-01-02,POS,item,Greek Salad,1.0,0.0,0.0
2026-01-02,POS,item,Green Apple,2.0,0.0,0.0
2026-01-02,POS,item,Hot Garlic Dip,1.0,0.0,0.0
2026-01-02,POS,item,Loaded Fries,1.0,0.0,0.0
2026-01-02,POS,item,Pineapple Juice,2.0,0.0,0.0
2026-01-02,POS,item,Regular Chicken Burger,1.0,0.0,0.0
2026-01-02,Swiggy,item,Roasted Chicken Salad,1.0,0.0,0.0
2026-01-02,POS,item,Soft Drink,1.0,0.0,0.0
2026-01-02,POS,item,Veg Burger,4.0,0.0,0.0
2026-01-02,POS,item,Veg Pasta,2.0,0.0,0.0
2026-01-02,POS,item,Watermelon Juice,2.0,0.0,0.0
2026-01-01,POS,item,2 Large Non-veg@1149,1.0,240.0,240.0
2026-01-01,POS,item,2 Medium Non-veg@759,4.0,150.0,600.0
2026-01-01,POS,item,2 Medium Veg@699,1.0,150.0,150.0
2026-01-01,POS,item,12 Inch - Large Pizza,10.0,120.0,1200.0
2026-01-01,POS,item,2 Regular Non-veg@409,2.0,80.0,160.0
2026-01-01,POS,item,2 Regular Veg@349,2.0,80.0,160.0
2026-01-01,POS,item,9 Inch - Medium Pizza,12.0,75.0,900.0
2026-01-01,Swiggy,item,9 Inch - Medium Pizza,1.0,75.0,75.0
2026-01-01,POS,item,Super Saver Meal Medium,1.0,75.0,75.0
2026-01-01,POS,item,7 Inch - Regular Pizza,16.0,40.0,640.0
2026-01-01,Swiggy,item,7 Inch - Regular Pizza,6.0,40.0,240.0
2026-01-01,POS,item,Garlic Bread Supreme [veg],2.0,40.0,80.0
2026-01-01,POS,item,Non Veg Meal For 1,1.0,40.0,40.0
2026-01-01,POS,item,Super Saver Meal Regular,2.0,40.0,80.0
2026-01-01,POS,item,Veg Meal For 1,1.0,40.0,40.0
2026-01-01,Swiggy,addon,7 Inch - Regular Pizza -Extra Cheese,1.0,20.0,20.0
2026-01-01,POS,item,Combo Delight Non-veg,2.0,20.0,40.0
2026-01-01,POS,item,Blue Curacao,1.0,0.0,0.0
2026-01-01,POS,item,Bubble Gum,1.0,0.0,0.0
2026-01-01,POS,item,Burger Combo @ 169,3.0,0.0,0.0
2026-01-01,POS,item,Cheesy Fries,1.0,0.0,0.0
2026-01-01,Swiggy,item,Chicken Loaded Fries,1.0,0.0,0.0
2026-01-01,POS,item,Chicken Nuggets,1.0,0.0,0.0
2026-01-01,POS,item,Chicken Pasta,3.0,0.0,0.0
2026-01-01,POS,item,Chicken Popcorn,1.0,0.0,0.0
2026-01-01,POS,item,Chikku Shake,3.0,0.0,0.0
2026-01-01,POS,item,Chocolate Shake,5.0,0.0,0.0
2026-01-01,POS,item,French Fries,9.0,0.0,0.0
2026-01-01,Swiggy,item,French Fries,1.0,0.0,0.0
2026-01-01,POS,item,Fresh Garden Mint,1.0,0.0,0.0
2026-01-01,POS,item,Garlic Bread,1.0,0.0,0.0
2026-01-01,POS,item,Grapes Juice,1.0,0.0,0.0
2026-01-01,Swiggy,item,Greek Chicken Salad[Non-veg],1.0,0.0,0.0
2026-01-01,POS,item,Green Apple,2.0,0.0,0.0
2026-01-01,Swiggy,item,Hot Garlic Dip,1.0,0.0,0.0
2026-01-01,Swiggy,item,Makhani Dip,1.0,0.0,0.0
2026-01-01,Swiggy,item,Mayo,1.0,0.0,0.0
2026-01-01,POS,item,Mdew 250ml Pet,2.0,0.0,0.0
2026-01-01,POS,item,Mdew@40rs,2.0,0.0,0.0
2026-01-01,POS,item,Mineral Water,1.0,0.0,0.0
2026-01-01,POS,item,Mint Lime Juice,3.0,0.0,0.0
2026-01-01,POS,item,Nutty Vanilla,2.0,0.0,0.0
2026-01-01,POS,item,Passion Fruit,1.0,0.0,0.0
2026-01-01,POS,item,Pepsi 250ml Can,2.0,0.0,0.0
2026-01-01,POS,item,Pepsi 250ml Pet,1.0,0.0,0.0
2026-01-01,POS,item,Pepsi@40rs,1.0,0.0,0.0
2026-01-01,POS,item,Pepsi@50rs,1.0,0.0,0.0
2026-01-01,POS,item,Peri Peri Dip,1.0,0.0,0.0
2026-01-01,POS,item,Pineapple Juice,1.0,0.0,0.0
2026-01-01,POS,item,Pizza Upgrade,1.0,0.0,0.0
2026-01-01,POS,item,Regular Chicken Burger,5.0,0.0,0.0
2026-01-01,POS,item,Sizzling Brownie,3.0,0.0,0.0
2026-01-01,POS,item,Slice 200ml,1.0,0.0,0.0
2026-01-01,POS,item,Soda,1.0,0.0,0.0
2026-01-01,POS,item,Water Melon,2.0,0.0,0.0
2026-01-01,POS,item,Watermelon Juice,2.0,0.0,0.0
2025-12-31,POS,item,2 Large Non-veg@1149,3.0,240.0,720.0
2025-12-31,Swiggy,item,2 Large Pizzas,1.0,240.0,240.0
2025-12-31,POS,item,2 Medium Non-veg@759,2.0,150.0,300.0
2025-12-31,POS,item,12 Inch - Large Pizza,10.0,120.0,1200.0
2025-12-31,Swiggy,item,12 Inch - Large Pizza,2.0,120.0,240.0
2025-12-31,POS,item,2 Regular Non-veg@409,2.0,80.0,160.0
2025-12-31,POS,item,9 Inch - Medium Pizza,6.0,75.0,450.0
2025-12-31,Swiggy,item,9 Inch - Medium Pizza,3.0,75.0,225.0
2025-12-31,POS,item,Delicious Combo Delight Medium,1.0,75.0,75.0
2025-12-31,POS,item,Non Veg Meal For 2,1.0,75.0,75.0
2025-12-31,POS,item,7 Inch - Regular Pizza,17.0,40.0,680.0
2025-12-31,Swiggy,item,7 Inch - Regular Pizza,4.0,40.0,160.0
2025-12-31,POS,item,Garlic Bread With Cheese,2.0,40.0,80.0
2025-12-31,POS,addon,2 Medium Non-veg@759-Extra Cheese,2.0,0.0,0.0
2025-12-31,POS,item,7up @50rs,2.0,0.0,0.0
2025-12-31,POS,item,7up@40rs,1.0,0.0,0.0
2025-12-31,POS,item,Blue Mojito,2.0,0.0,0.0
2025-12-31,Swiggy,item,Blue Mojito,1.0,0.0,0.0
2025-12-31,POS,item,Brownie With Ice Cream,2.0,0.0,0.0
2025-12-31,POS,item,Cheese N Macaroni Salad,1.0,0.0,0.0
2025-12-31,POS,item,Cheesy Fries,1.0,0.0,0.0
2025-12-31,Swiggy,item,Chicken Nuggets,4.0,0.0,0.0
2025-12-31,POS,item,Chicken Nuggets,1.0,0.0,0.0
2025-12-31,POS,item,Chicken Pasta,6.0,0.0,0.0
2025-12-31,POS,item,Chicken Popcorn,1.0,0.0,0.0
2025-12-31,POS,item,Chocolate Shake,1.0,0.0,0.0
2025-12-31,POS,item,French Fries,7.0,0.0,0.0
2025-12-31,Swiggy,item,French Fries,2.0,0.0,0.0
2025-12-31,POS,item,Grapes Juice,1.0,0.0,0.0
2025-12-31,POS,item,Green Apple,3.0,0.0,0.0
2025-12-31,POS,item,Hot Garlic Dip,2.0,0.0,0.0
2025-12-31,POS,item,Loaded Fries,3.0,0.0,0.0
2025-12-31,POS,item,Passion Fruit,2.0,0.0,0.0
2025-12-31,POS,item,Pepsi 250ml Pet,3.0,0.0,0.0
2025-12-31,POS,item,Pepsi@40rs,1.0,0.0,0.0
2025-12-31,POS,item,Pepsi@50rs,2.0,0.0,0.0
2025-12-31,POS,item,Pineapple Juice,3.0,0.0,0.0
2025-12-31,POS,item,Slice 200ml,1.0,0.0,0.0
2025-12-31,POS,item,Soft Drink,3.0,0.0,0.0
2025-12-31,POS,item,Strawberry,2.0,0.0,0.0
2025-12-31,POS,item,Veg Pasta,1.0,0.0,0.0
2025-12-31,POS,item,Watermelon Juice,1.0,0.0,0.0
2025-12-30,POS,item,2 Large Non-veg@1149,1.0,240.0,240.0
2025-12-30,POS,item,2 Medium Non-veg@759,1.0,150.0,150.0
2025-12-30,POS,item,2 Medium Veg@699,1.0,150.0,150.0
2025-12-30,POS,item,12 Inch - Large Pizza,4.0,120.0,480.0
2025-12-30,POS,item,Non Veg Meal For 4,1.0,120.0,120.0
2025-12-30,POS,item,2 Regular Non-veg@409,3.0,80.0,240.0
2025-12-30,POS,item,9 Inch - Medium Pizza,9.0,75.0,675.0
2025-12-30,Swiggy,item,9 Inch - Medium Pizza,2.0,75.0,150.0
2025-12-30,POS,item,7 Inch - Regular Pizza,13.0,40.0,520.0
2025-12-30,Swiggy,item,7 Inch - Regular Pizza,4.0,40.0,160.0
2025-12-30,Swiggy,item,Bada Saver Meal Regular,1.0,40.0,40.0
2025-12-30,POS,item,Combo Delight Non-veg,3.0,20.0,60.0
2025-12-30,POS,item,7up @50rs,2.0,0.0,0.0
2025-12-30,POS,item,7up@40rs,1.0,0.0,0.0
2025-12-30,POS,item,Blue Mojito,3.0,0.0,0.0
2025-12-30,POS,item,Brownie,1.0,0.0,0.0
2025-12-30,Swiggy,item,Brownie With Ice Cream,2.0,0.0,0.0
2025-12-30,POS,item,Burger Combo @ 169,3.0,0.0,0.0
2025-12-30,POS,item,Burger Combo @ 179,4.0,0.0,0.0
2025-12-30,POS,item,Cheesy Fries,2.0,0.0,0.0
2025-12-30,Swiggy,item,Chicken Loaded Fries,1.0,0.0,0.0
2025-12-30,POS,item,Chicken Nuggets,2.0,0.0,0.0
2025-12-30,POS,item,Chicken Nuggets Burger,3.0,0.0,0.0
2025-12-30,POS,item,Chicken Pasta,1.0,0.0,0.0
2025-12-30,POS,item,Chicken Popcorn,1.0,0.0,0.0
2025-12-30,POS,item,Chikku Shake,1.0,0.0,0.0
2025-12-30,POS,item,Chocolate Shake,1.0,0.0,0.0
2025-12-30,POS,item,French Fries,13.0,0.0,0.0
2025-12-30,Swiggy,item,French Fries,1.0,0.0,0.0
2025-12-30,POS,item,Fresh Lime Juice,2.0,0.0,0.0
2025-12-30,POS,item,Garlic Bread,3.0,0.0,0.0
2025-12-30,POS,item,Greek Salad,1.0,0.0,0.0
2025-12-30,POS,item,Loaded Fries,2.0,0.0,0.0
2025-12-30,POS,item,Macaroni N Chicken Salad,1.0,0.0,0.0
2025-12-30,POS,item,Mint Lime Juice,2.0,0.0,0.0
2025-12-30,POS,item,Pepsi@40rs,1.0,0.0,0.0
2025-12-30,POS,item,Pineapple Juice,1.0,0.0,0.0
2025-12-30,POS,item,Pizza Upgrade,1.0,0.0,0.0
2025-12-30,POS,item,Regular Chicken Burger,4.0,0.0,0.0
2025-12-30,POS,item,Slice 200ml,1.0,0.0,0.0
2025-12-30,POS,item,Veg Pasta,1.0,0.0,0.0
2025-12-30,POS,item,Watermelon Juice,1.0,0.0,0.0
2025-12-29,POS,item,2 Medium Non-veg@759,3.0,150.0,450.0
2025-12-29,POS,item,12 Inch - Large Pizza,5.0,120.0,600.0
2025-12-29,POS,item,2 Regular Non-veg@409,4.0,80.0,320.0
2025-12-29,Swiggy,item,2 Regular Pizzas,1.0,80.0,80.0
2025-12-29,POS,item,9 Inch - Medium Pizza,5.0,75.0,375.0
2025-12-29,POS,item,Super Saver Meal Medium,1.0,75.0,75.0
2025-12-29,POS,addon,12 Inch - Large Pizza -Extra Cheese,3.0,60.0,180.0
2025-12-29,POS,item,7 Inch - Regular Pizza,8.0,40.0,320.0
2025-12-29,Swiggy,item,7 Inch - Regular Pizza,3.0,40.0,120.0
2025-12-29,POS,addon,9 Inch - Medium Pizza -Extra Cheese,2.0,38.0,76.0
2025-12-29,POS,item,Combo Delight Non-veg,3.0,20.0,60.0
2025-12-29,Swiggy,addon,-Extra Cheese,1.0,0.0,0.0
2025-12-29,POS,item,7up @50rs,1.0,0.0,0.0
2025-12-29,POS,item,Brownie With Ice Cream,1.0,0.0,0.0
2025-12-29,POS,item,Burger Combo @ 179,1.0,0.0,0.0
2025-12-29,POS,item,Cheesy Fries,1.0,0.0,0.0
2025-12-29,Swiggy,item,Chicken Nuggets,2.0,0.0,0.0
2025-12-29,POS,item,Chicken Nuggets Burger,1.0,0.0,0.0
2025-12-29,POS,item,Chicken Pasta,1.0,0.0,0.0
2025-12-29,POS,item,Chilly Potato Shots,1.0,0.0,0.0
2025-12-29,POS,item,French Fries,2.0,0.0,0.0
2025-12-29,POS,item,Fresh Garden Mint,1.0,0.0,0.0
2025-12-29,POS,item,Fresh Lime Juice,8.0,0.0,0.0
2025-12-29,POS,item,Garlic Bread,3.0,0.0,0.0
2025-12-29,POS,item,Greek Salad,1.0,0.0,0.0
2025-12-29,POS,item,Loaded Fries,4.0,0.0,0.0
2025-12-29,POS,item,Mdew 250ml Pet,2.0,0.0,0.0
2025-12-29,POS,item,Mdew 330ml Can,2.0,0.0,0.0
2025-12-29,POS,item,Mineral Water,1.0,0.0,0.0
2025-12-29,POS,item,Mint Lime Juice,3.0,0.0,0.0
2025-12-29,POS,item,Pepsi 250ml Pet,3.0,0.0,0.0
2025-12-29,POS,item,Pepsi@50rs,1.0,0.0,0.0
2025-12-29,POS,item,Regular Chicken Burger,1.0,0.0,0.0
2025-12-29,POS,item,Slice 200ml,1.0,0.0,0.0
2025-12-29,POS,item,Soft Drink,1.0,0.0,0.0
2025-12-29,POS,item,Veg Burger,1.0,0.0,0.0
2025-12-29,POS,item,Veg Pasta,2.0,0.0,0.0
2025-12-28,POS,item,2 Medium Non-veg@759,1.0,150.0,150.0
2025-12-28,POS,item,2 Medium Veg@699,1.0,150.0,150.0
2025-12-28,POS,item,12 Inch - Large Pizza,6.0,120.0,720.0
2025-12-28,POS,item,2 Regular Non-veg@409,2.0,80.0,160.0
2025-12-28,POS,item,9 Inch - Medium Pizza,9.0,75.0,675.0
2025-12-28,Swiggy,item,9 Inch - Medium Pizza,5.0,75.0,375.0
2025-12-28,POS,item,7 Inch - Regular Pizza,14.0,40.0,560.0
2025-12-28,Swiggy,item,7 Inch - Regular Pizza,4.0,40.0,160.0
2025-12-28,POS,item,Garlic Bread With Cheese,3.0,40.0,120.0
2025-12-28,POS,item,Super Saver Meal Regular,3.0,40.0,120.0
2025-12-28,Swiggy,addon,7 Inch - Regular Pizza -Extra Cheese,1.0,20.0,20.0
2025-12-28,POS,item,7up 250ml Pet,1.0,0.0,0.0
2025-12-28,POS,item,7up @50rs,1.0,0.0,0.0
2025-12-28,POS,item,7up@40rs,1.0,0.0,0.0
2025-12-28,POS,item,Brownie,1.0,0.0,0.0
2025-12-28,POS,item,Brownie With Ice Cream,2.0,0.0,0.0
2025-12-28,POS,item,Cheese N Macaroni Salad,1.0,0.0,0.0
2025-12-28,POS,item,Cheesy Fries,1.0,0.0,0.0
2025-12-28,Swiggy,item,Chicken Loaded Fries,1.0,0.0,0.0
2025-12-28,POS,item,Chicken Nuggets,1.0,0.0,0.0
2025-12-28,POS,item,Chicken Pasta,2.0,0.0,0.0
2025-12-28,POS,item,Chikku Shake,1.0,0.0,0.0
2025-12-28,POS,item,Chocolate Shake,1.0,0.0,0.0
2025-12-28,POS,item,French Fries,2.0,0.0,0.0
2025-12-28,POS,item,Fresh Garden Mint,1.0,0.0,0.0
2025-12-28,POS,item,Garlic Bread,2.0,0.0,0.0
2025-12-28,POS,item,Green Apple,1.0,0.0,0.0
2025-12-28,POS,item,Loaded Fries,1.0,0.0,0.0
2025-12-28,POS,item,Mdew 250ml Pet,2.0,0.0,0.0
2025-12-28,POS,item,Mixed Chicken Salad,1.0,0.0,0.0
2025-12-28,POS,item,Passion Fruit,3.0,0.0,0.0
2025-12-28,POS,item,Pepsi 250ml Pet,1.0,0.0,0.0
2025-12-28,POS,item,Pepsi@40rs,1.0,0.0,0.0
2025-12-28,POS,item,Pineapple Juice,2.0,0.0,0.0
2025-12-28,POS,item,Pizza Upgrade,1.0,0.0,0.0
2025-12-28,POS,item,Regular Chicken Burger,6.0,0.0,0.0
2025-12-28,POS,item,Soft Drink,1.0,0.0,0.0
2025-12-28,POS,item,Veg Pasta,3.0,0.0,0.0
2025-12-28,POS,item,Water Melon,1.0,0.0,0.0
2025-12-28,POS,item,Watermelon Juice,1.0,0.0,0.0
2025-12-27,POS,item,2 Medium Non-veg@759,2.0,150.0,300.0
2025-12-27,POS,item,2 Medium Veg@699,2.0,150.0,300.0
2025-12-27,POS,item,12 Inch - Large Pizza,3.0,120.0,360.0
2025-12-27,POS,item,Non Veg Meal For 4,1.0,120.0,120.0
2025-12-27,POS,item,2 Regular Non-veg@409,1.0,80.0,80.0
2025-12-27,Swiggy,item,2 Regular Pizzas,1.0,80.0,80.0
2025-12-27,POS,item,2 Regular Veg@349,3.0,80.0,240.0
2025-12-27,POS,item,9 Inch - Medium Pizza,12.0,75.0,900.0
2025-12-27,Swiggy,item,9 Inch - Medium Pizza,2.0,75.0,150.0
2025-12-27,POS,item,Non Veg Meal For 2,1.0,75.0,75.0
2025-12-27,POS,item,Super Saver Meal Medium,1.0,75.0,75.0
2025-12-27,POS,item,7 Inch - Regular Pizza,15.0,40.0,600.0
2025-12-27,Swiggy,item,7 Inch - Regular Pizza,6.0,40.0,240.0
2025-12-27,POS,item,Garlic Bread With Cheese,3.0,40.0,120.0
2025-12-27,Swiggy,item,Garlic Bread With Cheese,1.0,40.0,40.0
2025-12-27,POS,item,Super Saver Meal Regular,2.0,40.0,80.0
2025-12-27,POS,addon,9 Inch - Medium Pizza -Extra Cheese,2.0,38.0,76.0
2025-12-27,POS,item,Combo Delight Non-veg,1.0,20.0,20.0
2025-12-27,POS,item,7up 250ml Pet,1.0,0.0,0.0
2025-12-27,POS,item,Brownie With Ice Cream,2.0,0.0,0.0
2025-12-27,POS,item,Burger Combo @ 169,1.0,0.0,0.0
2025-12-27,POS,item,Burger Combo @ 179,1.0,0.0,0.0
2025-12-27,Swiggy,item,Chicken Nuggets,2.0,0.0,0.0
2025-12-27,POS,item,Chicken Nuggets,1.0,0.0,0.0
2025-12-27,POS,item,Chicken Pasta,2.0,0.0,0.0
2025-12-27,POS,item,Chikku Shake,2.0,0.0,0.0
2025-12-27,POS,item,Chocolate Shake,1.0,0.0,0.0
2025-12-27,POS,item,French Fries,6.0,0.0,0.0
2025-12-27,Swiggy,item,French Fries,2.0,0.0,0.0
2025-12-27,POS,item,Garlic Bread,4.0,0.0,0.0
2025-12-27,POS,item,Grapes Juice,2.0,0.0,0.0
2025-12-27,POS,item,Loaded Fries,1.0,0.0,0.0
2025-12-27,POS,item,Mdew 250ml Pet,1.0,0.0,0.0
2025-12-27,POS,item,Mint Lime Juice,4.0,0.0,0.0
2025-12-27,POS,item,Mixed Chicken Salad,1.0,0.0,0.0
2025-12-27,POS,item,Pepsi 330ml Can,1.0,0.0,0.0
2025-12-27,POS,item,Peri Peri Dip,1.0,0.0,0.0
2025-12-27,POS,item,Pineapple Juice,3.0,0.0,0.0
2025-12-27,POS,item,Pizza Upgrade,1.0,0.0,0.0
2025-12-27,POS,item,Regular Chicken Burger,3.0,0.0,0.0
2025-12-27,POS,item,Slice 200ml,1.0,0.0,0.0
2025-12-27,POS,item,Soft Drink,1.0,0.0,0.0
2025-12-27,POS,item,Veg Burger,2.0,0.0,0.0
2025-12-26,POS,item,2 Large Non-veg@1149,1.0,240.0,240.0
2025-12-26,POS,item,2 Medium Non-veg@759,1.0,150.0,150.0
2025-12-26,POS,item,12 Inch - Large Pizza,1.0,120.0,120.0
2025-12-26,POS,item,2 Regular Non-veg@409,3.0,80.0,240.0
2025-12-26,POS,item,2 Regular Veg@349,2.0,80.0,160.0
2025-12-26,POS,item,9 Inch - Medium Pizza,5.0,75.0,375.0
2025-12-26,POS,item,Delicious Combo Delight Medium,1.0,75.0,75.0
2025-12-26,POS,item,Super Saver Meal Medium,1.0,75.0,75.0
2025-12-26,POS,item,7 Inch - Regular Pizza,8.0,40.0,320.0
2025-12-26,Swiggy,item,7 Inch - Regular Pizza,2.0,40.0,80.0
2025-12-26,POS,item,Garlic Bread Supreme [veg],1.0,40.0,40.0
2025-12-26,POS,item,Super Saver Meal Regular,6.0,40.0,240.0
2025-12-26,Swiggy,item,2 Regular Budget Pizzas,1.0,0.0,0.0
2025-12-26,POS,item,7up 250ml Pet,2.0,0.0,0.0
2025-12-26,POS,item,Blue Curacao,2.0,0.0,0.0
2025-12-26,POS,item,Brownie,1.0,0.0,0.0
2025-12-26,POS,item,Burger Combo @ 179,1.0,0.0,0.0
2025-12-26,POS,item,Cheesy Fries,2.0,0.0,0.0
2025-12-26,POS,item,Chicken Nuggets,1.0,0.0,0.0
2025-12-26,POS,item,Chicken Pasta,5.0,0.0,0.0
2025-12-26,POS,item,Chikku Shake,1.0,0.0,0.0
2025-12-26,POS,item,Chocolate Shake,2.0,0.0,0.0
2025-12-26,POS,item,Garlic Bread,2.0,0.0,0.0
2025-12-26,Swiggy,item,Garlic Bread,1.0,0.0,0.0
2025-12-26,POS,item,Grapes Juice,1.0,0.0,0.0
2025-12-26,POS,item,Loaded Fries,1.0,0.0,0.0
2025-12-26,POS,item,Mineral Water,2.0,0.0,0.0
2025-12-26,POS,item,Nutty Vanilla,1.0,0.0,0.0
2025-12-26,POS,item,Pineapple Juice,3.0,0.0,0.0
2025-12-26,POS,item,Pizza Upgrade,1.0,0.0,0.0
2025-12-26,POS,item,Soft Drink,3.0,0.0,0.0
2025-12-26,POS,item,Veg Burger,4.0,0.0,0.0
2025-12-26,POS,item,Watermelon Juice,2.0,0.0,0.0
2025-12-25,POS,item,2 Large Non-veg@1149,1.0,240.0,240.0
2025-12-25,POS,item,2 Medium Veg@699,1.0,150.0,150.0
2025-12-25,POS,item,12 Inch - Large Pizza,9.0,120.0,1080.0
2025-12-25,POS,item,9 Inch - Medium Pizza,13.0,75.0,975.0
2025-12-25,Swiggy,item,9 Inch - Medium Pizza,1.0,75.0,75.0
2025-12-25,POS,item,Veg Meal For 2,1.0,75.0,75.0
2025-12-25,POS,item,7 Inch - Regular Pizza,13.0,40.0,520.0
2025-12-25,POS,item,Delicious Combo Delight Regular,2.0,40.0,80.0
2025-12-25,Swiggy,item,Garlic Bread Supreme [Veg],1.0,40.0,40.0
2025-12-25,POS,item,Garlic Bread Supreme [veg],1.0,40.0,40.0
2025-12-25,POS,item,Garlic Bread With Cheese,1.0,40.0,40.0
2025-12-25,POS,item,Super Saver Meal Regular,2.0,40.0,80.0
2025-12-25,POS,item,Combo Delight Non-veg,1.0,20.0,20.0
2025-12-25,POS,item,Brownie With Ice Cream,1.0,0.0,0.0
2025-12-25,POS,item,Burger Combo @ 179,1.0,0.0,0.0
2025-12-25,POS,item,Cheese N Macaroni Salad,1.0,0.0,0.0
2025-12-25,POS,item,Cheesy Fries,1.0,0.0,0.0
2025-12-25,POS,item,Chicken Nuggets,3.0,0.0,0.0
2025-12-25,POS,item,Chicken Popcorn,1.0,0.0,0.0
2025-12-25,POS,item,Chikku Shake,1.0,0.0,0.0
2025-12-25,POS,item,Chocolate Shake,4.0,0.0,0.0
2025-12-25,POS,item,French Fries,17.0,0.0,0.0
2025-12-25,Swiggy,item,French Fries,1.0,0.0,0.0
2025-12-25,POS,item,Fresh Lime Juice,2.0,0.0,0.0
2025-12-25,POS,item,Garlic Bread,3.0,0.0,0.0
2025-12-25,POS,item,Grapes Juice,1.0,0.0,0.0
2025-12-25,POS,item,Green Apple,1.0,0.0,0.0
2025-12-25,POS,item,Hot Garlic Dip,3.0,0.0,0.0
2025-12-25,POS,item,Loaded Fries,2.0,0.0,0.0
2025-12-25,POS,item,Mayo,2.0,0.0,0.0
2025-12-25,POS,item,Mineral Water,1.0,0.0,0.0
2025-12-25,POS,item,Mint Lime Juice,5.0,0.0,0.0
2025-12-25,POS,item,Pepsi 250ml Pet,1.0,0.0,0.0
2025-12-25,POS,item,Pepsi@40rs,1.0,0.0,0.0
2025-12-25,POS,item,Peri Peri Dip,3.0,0.0,0.0
2025-12-25,POS,item,Pizza Upgrade,1.0,0.0,0.0
2025-12-25,POS,item,Regular Chicken Burger,8.0,0.0,0.0
2025-12-25,POS,item,Slice 200ml,1.0,0.0,0.0
2025-12-25,POS,item,Soft Drink,1.0,0.0,0.0
2025-12-25,POS,item,Strawberry,1.0,0.0,0.0
2025-12-25,POS,item,Tender Coconut,1.0,0.0,0.0
2025-12-25,POS,item,Veg Burger,5.0,0.0,0.0
2025-12-25,POS,item,Veg Pasta,3.0,0.0,0.0
2025-12-24,POS,item,12 Inch - Large Pizza,9.0,120.0,1080.0
2025-12-24,POS,item,2 Regular Non-veg@409,4.0,80.0,320.0
2025-12-24,POS,item,9 Inch - Medium Pizza,9.0,75.0,675.0
2025-12-24,POS,item,Super Saver Meal Medium,1.0,75.0,75.0
2025-12-24,POS,item,7 Inch - Regular Pizza,21.0,40.0,840.0
2025-12-24,Swiggy,item,7 Inch - Regular Pizza,2.0,40.0,80.0
2025-12-24,Swiggy,item,Bada Saver Meal Regular,1.0,40.0,40.0
2025-12-24,POS,item,Garlic Bread With Cheese,2.0,40.0,80.0
2025-12-24,POS,item,Super Saver Meal Regular,1.0,40.0,40.0
2025-12-24,Swiggy,addon,7 Inch - Regular Pizza -Extra Cheese,1.0,20.0,20.0
2025-12-24,POS,item,7up@40rs,1.0,0.0,0.0
2025-12-24,POS,item,Blue Mojito,14.0,0.0,0.0
2025-12-24,POS,item,Brownie,6.0,0.0,0.0
2025-12-24,POS,item,Burger Combo @ 179,1.0,0.0,0.0
2025-12-24,POS,item,Cheesy Fries,2.0,0.0,0.0
2025-12-24,POS,item,Chicken Nuggets,1.0,0.0,0.0
2025-12-24,Swiggy,item,Chicken Nuggets,1.0,0.0,0.0
2025-12-24,POS,item,Chicken Pasta,1.0,0.0,0.0
2025-12-24,POS,item,Chikku Shake,4.0,0.0,0.0
2025-12-24,POS,item,Chocolate Shake,2.0,0.0,0.0
2025-12-24,POS,item,Fresh Lime Juice,1.0,0.0,0.0
2025-12-24,POS,item,Garlic Bread,3.0,0.0,0.0
2025-12-24,Swiggy,item,Garlic Bread,1.0,0.0,0.0
2025-12-24,POS,item,Green Apple,1.0,0.0,0.0
2025-12-24,POS,item,Loaded Fries,1.0,0.0,0.0
2025-12-24,POS,item,Mayo,1.0,0.0,0.0
2025-12-24,POS,item,Mint Lime Juice,1.0,0.0,0.0
2025-12-24,POS,item,Pepsi 250ml Pet,3.0,0.0,0.0
2025-12-24,POS,item,Pepsi@40rs,2.0,0.0,0.0
2025-12-24,POS,item,Pepsi@50rs,1.0,0.0,0.0
2025-12-24,POS,item,Pineapple Juice,1.0,0.0,0.0
2025-12-24,POS,item,Potato Salad,1.0,0.0,0.0
2025-12-24,Swiggy,item,Potato Wedges,1.0,0.0,0.0
2025-12-24,POS,item,Regular Chicken Burger,7.0,0.0,0.0
2025-12-24,POS,item,Special Discount,0.0,0.0,0.0
2025-12-24,POS,item,Tender Coconut,3.0,0.0,0.0
2025-12-24,POS,item,Veg Pasta,2.0,0.0,0.0
2025-12-24,Swiggy,item,Veg Pasta,1.0,0.0,0.0
2025-12-23,POS,item,2 Large Non-veg@1149,1.0,240.0,240.0
2025-12-23,POS,item,2 Medium Non-veg@759,1.0,150.0,150.0
2025-12-23,POS,item,12 Inch - Large Pizza,5.0,120.0,600.0
2025-12-23,POS,item,Non Veg Meal For 4,1.0,120.0,120.0
2025-12-23,POS,item,2 Regular Non-veg@409,4.0,80.0,320.0
2025-12-23,POS,item,9 Inch - Medium Pizza,5.0,75.0,375.0
2025-12-23,POS,addon,12 Inch - Large Pizza -Extra Cheese,1.0,60.0,60.0
2025-12-23,POS,item,7 Inch - Regular Pizza,5.0,40.0,200.0
2025-12-23,Swiggy,item,7 Inch - Regular Pizza,5.0,40.0,200.0
2025-12-23,POS,item,Garlic Bread With Cheese,1.0,40.0,40.0
2025-12-23,POS,item,Super Saver Meal Regular,1.0,40.0,40.0
2025-12-23,POS,item,7up@40rs,1.0,0.0,0.0
2025-12-23,POS,item,Brownie,1.0,0.0,0.0
2025-12-23,POS,item,Burger Combo @ 179,1.0,0.0,0.0
2025-12-23,POS,item,Chicken Nuggets,1.0,0.0,0.0
2025-12-23,POS,item,Chicken Pasta,1.0,0.0,0.0
2025-12-23,POS,item,French Fries,2.0,0.0,0.0
2025-12-23,POS,item,Fresh Lime Juice,1.0,0.0,0.0
2025-12-23,POS,item,Greek Chicken Salad[non-veg],1.0,0.0,0.0
2025-12-23,POS,item,Green Apple,3.0,0.0,0.0
2025-12-23,POS,item,Mineral Water,1.0,0.0,0.0
2025-12-23,POS,item,Mint Lime Juice,4.0,0.0,0.0
2025-12-23,POS,item,Passion Fruit,1.0,0.0,0.0
2025-12-23,POS,item,Pepsi@40rs,2.0,0.0,0.0
2025-12-23,POS,item,Pineapple Juice,1.0,0.0,0.0
2025-12-23,POS,item,Potato Wedges,2.0,0.0,0.0
2025-12-23,POS,item,Regular Chicken Burger,2.0,0.0,0.0
2025-12-23,POS,item,Tender Coconut,1.0,0.0,0.0
2025-12-23,POS,item,Veg Pasta,1.0,0.0,0.0
2025-12-23,POS,item,Watermelon Juice,1.0,0.0,0.0
2025-12-22,POS,item,2 Medium Non-veg@759,1.0,150.0,150.0
2025-12-22,POS,item,12 Inch - Large Pizza,2.0,120.0,240.0
2025-12-22,POS,item,Non Veg Meal For 4,2.0,120.0,240.0
2025-12-22,POS,item,9 Inch - Medium Pizza,8.0,75.0,600.0
2025-12-22,POS,item,Super Saver Meal Medium,1.0,75.0,75.0
2025-12-22,POS,item,7 Inch - Regular Pizza,8.0,40.0,320.0
2025-12-22,Swiggy,item,7 Inch - Regular Pizza,7.0,40.0,280.0
2025-12-22,POS,item,Garlic Bread With Cheese,1.0,40.0,40.0
2025-12-22,POS,addon,9 Inch - Medium Pizza -Extra Cheese,1.0,38.0,38.0
2025-12-22,POS,item,Combo Delight Non-veg,1.0,20.0,20.0
2025-12-22,POS,item,Blue Mojito,1.0,0.0,0.0
2025-12-22,POS,item,Brownie,1.0,0.0,0.0
2025-12-22,Swiggy,item,Cheese N Macaroni Salad,1.0,0.0,0.0
2025-12-22,POS,item,Cheesy Fries,1.0,0.0,0.0
2025-12-22,Swiggy,item,Chicken Loaded Fries,2.0,0.0,0.0
2025-12-22,POS,item,Chicken Nuggets,1.0,0.0,0.0
2025-12-22,POS,item,Chicken Pasta,1.0,0.0,0.0
2025-12-22,POS,item,Chikku Shake,2.0,0.0,0.0
2025-12-22,POS,item,French Fries,6.0,0.0,0.0
2025-12-22,POS,item,Garlic Bread,1.0,0.0,0.0
2025-12-22,POS,item,Greek Salad,1.0,0.0,0.0
2025-12-22,POS,item,Loaded Fries,5.0,0.0,0.0
2025-12-22,POS,item,Mdew@40rs,1.0,0.0,0.0
2025-12-22,POS,item,Mint Lime Juice,2.0,0.0,0.0
2025-12-22,POS,item,Nutty Vanilla,1.0,0.0,0.0
2025-12-22,POS,item,Passion Fruit,1.0,0.0,0.0
2025-12-22,Swiggy,item,Passion Mint,1.0,0.0,0.0
2025-12-22,POS,item,Pepsi 250ml Pet,2.0,0.0,0.0
2025-12-22,POS,item,Pepsi@40rs,1.0,0.0,0.0
2025-12-22,Swiggy,item,Roasted Chicken Salad,1.0,0.0,0.0
2025-12-22,POS,item,Strawberry,1.0,0.0,0.0
2025-12-22,POS,item,Tender Coconut,1.0,0.0,0.0
2025-12-22,POS,item,Veg Burger,3.0,0.0,0.0
2025-12-22,POS,item,Watermelon Juice,1.0,0.0,0.0
2025-12-21,POS,item,Non Veg Meal For 6,1.0,195.0,195.0
2025-12-21,POS,item,2 Medium Non-veg@759,3.0,150.0,450.0
2025-12-21,POS,item,12 Inch - Large Pizza,6.0,120.0,720.0
2025-12-21,Swiggy,item,12 Inch - Large Pizza,5.0,120.0,600.0
2025-12-21,POS,item,Non Veg Meal For 4,1.0,120.0,120.0
2025-12-21,POS,item,2 Regular Non-veg@409,4.0,80.0,320.0
2025-12-21,Swiggy,item,2 Regular Pizzas,1.0,80.0,80.0
2025-12-21,POS,item,9 Inch - Medium Pizza,4.0,75.0,300.0
2025-12-21,POS,item,Super Saver Meal Medium,4.0,75.0,300.0
2025-12-21,POS,item,7 Inch - Regular Pizza,10.0,40.0,400.0
2025-12-21,Swiggy,item,7 Inch - Regular Pizza,4.0,40.0,160.0
2025-12-21,Swiggy,item,2 Regular Budget Pizzas,1.0,0.0,0.0
2025-12-21,POS,item,7up 250ml Pet,1.0,0.0,0.0
2025-12-21,POS,item,Blue Mojito,2.0,0.0,0.0
2025-12-21,POS,item,Brownie With Ice Cream,1.0,0.0,0.0
2025-12-21,POS,item,Burger Combo @ 169,1.0,0.0,0.0
2025-12-21,POS,item,Cheese N Macaroni Salad,1.0,0.0,0.0
2025-12-21,POS,item,Chicken Nuggets,1.0,0.0,0.0
2025-12-21,Swiggy,item,Chicken Nuggets,1.0,0.0,0.0
2025-12-21,POS,item,Chocolate Shake,1.0,0.0,0.0
2025-12-21,POS,item,French Fries,3.0,0.0,0.0
2025-12-21,Swiggy,item,French Fries,1.0,0.0,0.0
2025-12-21,Swiggy,item,Fresh Garden Mint,1.0,0.0,0.0
2025-12-21,POS,item,Loaded Fries,1.0,0.0,0.0
2025-12-21,POS,item,Mdew 330ml Can,1.0,0.0,0.0
2025-12-21,POS,item,Mint Lime Juice,1.0,0.0,0.0
2025-12-21,POS,item,Pepsi 330ml Can,1.0,0.0,0.0
2025-12-21,POS,item,Pepsi@50rs,1.0,0.0,0.0
2025-12-21,POS,item,Pizza Upgrade,4.0,0.0,0.0
2025-12-21,POS,item,Soda,1.0,0.0,0.0
2025-12-21,POS,item,Soft Drink,1.0,0.0,0.0
2025-12-21,POS,item,Tender Coconut,2.0,0.0,0.0
2025-12-21,Swiggy,item,Veg Pasta,1.0,0.0,0.0
2025-12-20,POS,item,12 Inch - Large Pizza,2.0,120.0,240.0
2025-12-20,Swiggy,item,12 Inch - Large Pizza,1.0,120.0,120.0
2025-12-20,POS,item,2 Regular Non-veg@409,1.0,80.0,80.0
2025-12-20,POS,item,2 Regular Veg@349,1.0,80.0,80.0
2025-12-20,POS,item,9 Inch - Medium Pizza,5.0,75.0,375.0
2025-12-20,Swiggy,item,9 Inch - Medium Pizza,2.0,75.0,150.0
2025-12-20,POS,item,Super Saver Meal Medium,1.0,75.0,75.0
2025-12-20,POS,item,7 Inch - Regular Pizza,12.0,40.0,480.0
2025-12-20,Swiggy,item,7 Inch - Regular Pizza,5.0,40.0,200.0
2025-12-20,POS,item,Non Veg Meal For 1,1.0,40.0,40.0
2025-12-20,Swiggy,addon,7 Inch - Regular Pizza -Extra Cheese,1.0,20.0,20.0
2025-12-20,POS,item,Burger Combo @ 169,3.0,0.0,0.0
2025-12-20,POS,item,Chicken Pasta,3.0,0.0,0.0
2025-12-20,POS,item,Chicken Popcorn,1.0,0.0,0.0
2025-12-20,POS,item,French Fries,2.0,0.0,0.0
2025-12-20,POS,item,Garlic Bread,1.0,0.0,0.0
2025-12-20,POS,item,Greek Chicken Salad[non-veg],1.0,0.0,0.0
2025-12-20,POS,item,Green Apple,1.0,0.0,0.0
2025-12-20,POS,item,Loaded Fries,1.0,0.0,0.0
2025-12-20,POS,item,Mineral Water,5.0,0.0,0.0
2025-12-20,POS,item,Passion Fruit,2.0,0.0,0.0
2025-12-20,POS,item,Pineapple Juice,2.0,0.0,0.0
2025-12-20,POS,item,Regular Chicken Burger,4.0,0.0,0.0
2025-12-20,Swiggy,item,Roasted Chicken Salad,1.0,0.0,0.0
2025-12-20,POS,item,Soft Drink,1.0,0.0,0.0
2025-12-20,POS,item,Tender Coconut,1.0,0.0,0.0
2025-12-20,POS,item,Veg Burger,1.0,0.0,0.0
2025-12-19,POS,item,2 Medium Non-veg@759,2.0,150.0,300.0
2025-12-19,POS,item,12 Inch - Large Pizza,1.0,120.0,120.0
2025-12-19,POS,item,2 Regular Non-veg@409,1.0,80.0,80.0
2025-12-19,POS,item,9 Inch - Medium Pizza,5.0,75.0,375.0
2025-12-19,Swiggy,item,9 Inch - Medium Pizza,2.0,75.0,150.0
2025-12-19,POS,item,7 Inch - Regular Pizza,7.0,40.0,280.0
2025-12-19,POS,item,Delicious Combo Delight Regular,1.0,40.0,40.0
2025-12-19,POS,item,Garlic Bread With Cheese,1.0,40.0,40.0
2025-12-19,POS,item,Super Saver Meal Regular,2.0,40.0,80.0
2025-12-19,POS,item,Combo Delight Non-veg,3.0,20.0,60.0
2025-12-19,POS,item,7up@40rs,2.0,0.0,0.0
2025-12-19,Swiggy,item,Chicken Loaded Fries,2.0,0.0,0.0
2025-12-19,POS,item,Chicken Nuggets Burger,2.0,0.0,0.0
2025-12-19,POS,item,Fresh Lime Juice,2.0,0.0,0.0
2025-12-19,POS,item,Mint Lime Juice,8.0,0.0,0.0
2025-12-19,POS,item,Pepsi 250ml Pet,1.0,0.0,0.0
2025-12-19,POS,item,Pepsi 330ml Can,1.0,0.0,0.0
2025-12-19,POS,item,Pepsi@40rs,1.0,0.0,0.0
2025-12-19,POS,item,Pineapple Juice,2.0,0.0,0.0
2025-12-19,POS,item,Regular Chicken Burger,6.0,0.0,0.0
2025-12-19,POS,item,Watermelon Juice,1.0,0.0,0.0
2025-12-18,Swiggy,item,2 Medium Pizzas,1.0,150.0,150.0
2025-12-18,POS,item,12 Inch - Large Pizza,2.0,120.0,240.0
2025-12-18,Swiggy,item,12 Inch - Large Pizza,1.0,120.0,120.0
2025-12-18,POS,item,2 Regular Non-veg@409,1.0,80.0,80.0
2025-12-18,POS,item,9 Inch - Medium Pizza,4.0,75.0,300.0
2025-12-18,Swiggy,item,9 Inch - Medium Pizza,1.0,75.0,75.0
2025-12-18,POS,item,7 Inch - Regular Pizza,11.0,40.0,440.0
2025-12-18,Swiggy,item,7 Inch - Regular Pizza,1.0,40.0,40.0
2025-12-18,Swiggy,item,Garlic Bread With Cheese,2.0,40.0,80.0
2025-12-18,POS,item,Garlic Bread With Cheese,1.0,40.0,40.0
2025-12-18,POS,item,Super Saver Meal Regular,1.0,40.0,40.0
2025-12-18,POS,item,Black And White,1.0,0.0,0.0
2025-12-18,POS,item,Blue Mojito,1.0,0.0,0.0
2025-12-18,POS,item,Brownie With Ice Cream,1.0,0.0,0.0
2025-12-18,POS,item,Burger Combo @ 169,1.0,0.0,0.0
2025-12-18,POS,item,Chicken Popcorn,1.0,0.0,0.0
2025-12-18,POS,item,French Fries,3.0,0.0,0.0
2025-12-18,POS,item,Fresh Lime Juice,2.0,0.0,0.0
2025-12-18,POS,item,Loaded Fries,2.0,0.0,0.0
2025-12-18,POS,item,Mdew 250ml Pet,1.0,0.0,0.0
2025-12-18,POS,item,Potato Wedges,1.0,0.0,0.0
2025-12-18,POS,item,Regular Chicken Burger,3.0,0.0,0.0
2025-12-18,POS,item,Sizzling Brownie,1.0,0.0,0.0
2025-12-18,POS,item,Soft Drink,1.0,0.0,0.0
2025-12-18,POS,item,Tender Coconut,1.0,0.0,0.0
2025-12-18,POS,item,Veg Burger,3.0,0.0,0.0
2025-12-18,POS,item,Veg Pasta,2.0,0.0,0.0
2025-12-18,POS,item,Water Melon,1.0,0.0,0.0
2025-12-17,POS,item,9 Inch - Medium Pizza,2.0,75.0,150.0
2025-12-17,Swiggy,item,9 Inch - Medium Pizza,1.0,75.0,75.0
2025-12-17,Swiggy,item,7 Inch - Regular Pizza,2.0,40.0,80.0
2025-12-17,POS,item,7 Inch - Regular Pizza,1.0,40.0,40.0
2025-12-17,POS,item,Garlic Bread Supreme[non-veg],1.0,40.0,40.0
2025-12-17,POS,item,Non Veg Meal For 1,1.0,40.0,40.0
2025-12-17,POS,item,Super Saver Meal Regular,3.0,40.0,120.0
2025-12-17,POS,item,Burger Combo @ 169,1.0,0.0,0.0
2025-12-17,POS,item,Cheese N Macaroni Salad,1.0,0.0,0.0
2025-12-17,Swiggy,item,Chicken Loaded Fries,2.0,0.0,0.0
2025-12-17,POS,item,Chicken Nuggets,2.0,0.0,0.0
2025-12-17,Swiggy,item,Chicken Pasta,3.0,0.0,0.0
2025-12-17,POS,item,Chicken Pasta,2.0,0.0,0.0
2025-12-17,POS,item,Chocolate Shake,1.0,0.0,0.0
2025-12-17,POS,item,French Fries,2.0,0.0,0.0
2025-12-17,Swiggy,item,French Fries,1.0,0.0,0.0
2025-12-17,POS,item,Grapes Juice,1.0,0.0,0.0
2025-12-17,POS,item,Hot Garlic Dip,1.0,0.0,0.0
2025-12-17,POS,item,Mint Lime Juice,2.0,0.0,0.0
2025-12-17,POS,item,Pepsi 250ml Pet,1.0,0.0,0.0
2025-12-17,POS,item,Pizza Upgrade,1.0,0.0,0.0
2025-12-17,POS,item,Potato Wedges,1.0,0.0,0.0
2025-12-17,POS,item,Slice 200ml,1.0,0.0,0.0
2025-12-17,POS,item,Soft Drink,1.0,0.0,0.0
2025-12-17,POS,item,Watermelon Juice,2.0,0.0,0.0
2025-12-16,POS,item,2 Medium Non-veg@759,1.0,150.0,150.0
2025-12-16,POS,item,Non Veg Meal For 4,1.0,120.0,120.0
2025-12-16,POS,item,2 Regular Non-veg@409,3.0,80.0,240.0
2025-12-16,POS,item,2 Regular Veg@349,1.0,80.0,80.0
2025-12-16,POS,item,9 Inch - Medium Pizza,3.0,75.0,225.0
2025-12-16,Swiggy,item,9 Inch - Medium Pizza,1.0,75.0,75.0
2025-12-16,POS,item,7 Inch - Regular Pizza,10.0,40.0,400.0
2025-12-16,Swiggy,item,7 Inch - Regular Pizza,2.0,40.0,80.0
2025-12-16,POS,item,Garlic Bread With Cheese,1.0,40.0,40.0
2025-12-16,POS,item,Super Saver Meal Regular,1.0,40.0,40.0
2025-12-16,POS,item,Combo Delight Non-veg,1.0,20.0,20.0
2025-12-16,POS,item,7up 250ml Pet,2.0,0.0,0.0
2025-12-16,POS,item,7up@40rs,1.0,0.0,0.0
2025-12-16,POS,item,Blue Mojito,1.0,0.0,0.0
2025-12-16,POS,item,Burger Combo @ 169,1.0,0.0,0.0
2025-12-16,POS,item,Burger Combo @ 179,1.0,0.0,0.0
2025-12-16,POS,item,Chicken Nuggets,1.0,0.0,0.0
2025-12-16,POS,item,Chicken Pasta,1.0,0.0,0.0
2025-12-16,POS,item,Chikku Shake,1.0,0.0,0.0
2025-12-16,POS,item,French Fries,3.0,0.0,0.0
2025-12-16,Swiggy,item,French Fries,1.0,0.0,0.0
2025-12-16,POS,item,Fresh Lime Juice,1.0,0.0,0.0
2025-12-16,POS,item,Green Apple,1.0,0.0,0.0
2025-12-16,POS,item,Loaded Fries,3.0,0.0,0.0
2025-12-16,POS,item,Mdew@40rs,1.0,0.0,0.0
2025-12-16,POS,item,Passion Fruit,1.0,0.0,0.0
2025-12-16,POS,item,Pepsi 250ml Pet,1.0,0.0,0.0
2025-12-16,POS,item,Pepsi@40rs,1.0,0.0,0.0
2025-12-16,POS,item,Regular Chicken Burger,3.0,0.0,0.0
2025-12-16,POS,item,Slice 200ml,1.0,0.0,0.0
2025-12-16,POS,item,Soft Drink,1.0,0.0,0.0
2025-12-16,POS,item,Tender Coconut,1.0,0.0,0.0
2025-12-15,Swiggy,item,2 Large Pizzas,1.0,240.0,240.0
2025-12-15,POS,item,2 Medium Non-veg@759,1.0,150.0,150.0
2025-12-15,POS,item,12 Inch - Large Pizza,2.0,120.0,240.0
2025-12-15,POS,item,Non Veg Meal For 4,1.0,120.0,120.0
2025-12-15,POS,item,2 Regular Non-veg@409,1.0,80.0,80.0
2025-12-15,POS,item,9 Inch - Medium Pizza,4.0,75.0,300.0
2025-12-15,POS,item,Non Veg Meal For 2,1.0,75.0,75.0
2025-12-15,POS,item,7 Inch - Regular Pizza,4.0,40.0,160.0
2025-12-15,Swiggy,item,7 Inch - Regular Pizza,2.0,40.0,80.0
2025-12-15,Swiggy,item,Garlic Bread With Cheese,1.0,40.0,40.0
2025-12-15,POS,item,7up 250ml Pet,1.0,0.0,0.0
2025-12-15,POS,item,7up @50rs,1.0,0.0,0.0
2025-12-15,POS,item,Burger Combo @ 179,1.0,0.0,0.0
2025-12-15,POS,item,Chicken Nuggets,1.0,0.0,0.0
2025-12-15,POS,item,Chicken Pasta,2.0,0.0,0.0
2025-12-15,POS,item,French Fries,3.0,0.0,0.0
2025-12-15,POS,item,Grapes Juice,1.0,0.0,0.0
2025-12-15,Swiggy,item,Macaroni N Chicken Salad,1.0,0.0,0.0
2025-12-15,POS,item,Pepsi 250ml Can,1.0,0.0,0.0
2025-12-15,POS,item,Pineapple Juice,1.0,0.0,0.0
2025-12-15,POS,item,Veg Burger,8.0,0.0,0.0
2025-12-15,POS,item,Veg Pasta,1.0,0.0,0.0
2025-12-15,Swiggy,item,Veg Pasta,1.0,0.0,0.0
2025-12-14,POS,item,2 Large Non-veg@1149,1.0,240.0,240.0
2025-12-14,Swiggy,item,2 Large Pizzas,1.0,240.0,240.0
2025-12-14,POS,item,2 Medium Non-veg@759,1.0,150.0,150.0
2025-12-14,POS,item,12 Inch - Large Pizza,2.0,120.0,240.0
2025-12-14,Swiggy,item,12 Inch - Large Pizza,1.0,120.0,120.0
2025-12-14,POS,item,2 Regular Non-veg@409,7.0,80.0,560.0
2025-12-14,Swiggy,item,2 Regular Pizzas,1.0,80.0,80.0
2025-12-14,POS,item,9 Inch - Medium Pizza,5.0,75.0,375.0
2025-12-14,Swiggy,item,9 Inch - Medium Pizza,2.0,75.0,150.0
2025-12-14,POS,item,Delicious Combo Delight Medium,1.0,75.0,75.0
2025-12-14,POS,item,Super Saver Meal Medium,1.0,75.0,75.0
2025-12-14,POS,item,7 Inch - Regular Pizza,16.0,40.0,640.0
2025-12-14,Swiggy,item,7 Inch - Regular Pizza,1.0,40.0,40.0
2025-12-14,POS,item,Super Saver Meal Regular,1.0,40.0,40.0
2025-12-14,POS,item,Brownie,1.0,0.0,0.0
2025-12-14,Swiggy,item,Brownie With Ice Cream,2.0,0.0,0.0
2025-12-14,POS,item,Brownie With Ice Cream,1.0,0.0,0.0
2025-12-14,Swiggy,item,Chicken Loaded Fries,1.0,0.0,0.0
2025-12-14,POS,item,Chicken Nuggets,1.0,0.0,0.0
2025-12-14,POS,item,Chicken Nuggets Burger,1.0,0.0,0.0
2025-12-14,POS,item,Chicken Pasta,2.0,0.0,0.0
2025-12-14,POS,item,Chilly Potato Shots,1.0,0.0,0.0
2025-12-14,POS,item,Chocolate Shake,2.0,0.0,0.0
2025-12-14,POS,item,French Fries,5.0,0.0,0.0
2025-12-14,Swiggy,item,French Fries,1.0,0.0,0.0
2025-12-14,POS,item,Fresh Garden Mint,1.0,0.0,0.0
2025-12-14,POS,item,Fresh Lime Juice,3.0,0.0,0.0
2025-12-14,Swiggy,item,Garlic Bread,2.0,0.0,0.0
2025-12-14,POS,item,Greek Chicken Salad[non-veg],1.0,0.0,0.0
2025-12-14,POS,item,Greek Salad,1.0,0.0,0.0
2025-12-14,POS,item,Macaroni N Chicken Salad,1.0,0.0,0.0
2025-12-14,POS,item,Mdew@40rs,1.0,0.0,0.0
2025-12-14,POS,item,Mineral Water,1.0,0.0,0.0
2025-12-14,POS,item,Mint Lime Juice,1.0,0.0,0.0
2025-12-14,POS,item,Passion Fruit,2.0,0.0,0.0
2025-12-14,POS,item,Pineapple Juice,1.0,0.0,0.0
2025-12-14,POS,item,Pizza Upgrade,1.0,0.0,0.0
2025-12-14,POS,item,Potato Wedges,3.0,0.0,0.0
2025-12-14,POS,item,Regular Chicken Burger,3.0,0.0,0.0
2025-12-14,POS,item,Tender Coconut,2.0,0.0,0.0
2025-12-14,POS,item,Veg Pasta,1.0,0.0,0.0
2025-12-13,POS,item,2 Medium Non-veg@759,2.0,150.0,300.0
2025-12-13,POS,item,2 Medium Veg@699,3.0,150.0,450.0
2025-12-13,POS,item,12 Inch - Large Pizza,4.0,120.0,480.0
2025-12-13,POS,item,2 Regular Non-veg@409,3.0,80.0,240.0
2025-12-13,Swiggy,item,2 Regular Pizzas,1.0,80.0,80.0
2025-12-13,POS,item,2 Regular Veg@349,1.0,80.0,80.0
2025-12-13,POS,item,9 Inch - Medium Pizza,11.0,75.0,825.0
2025-12-13,Swiggy,item,9 Inch - Medium Pizza,1.0,75.0,75.0
2025-12-13,POS,item,7 Inch - Regular Pizza,19.0,40.0,760.0
2025-12-13,Swiggy,item,7 Inch - Regular Pizza,3.0,40.0,120.0
2025-12-13,POS,item,Garlic Bread With Cheese,2.0,40.0,80.0
2025-12-13,POS,item,Super Saver Meal Regular,1.0,40.0,40.0
2025-12-13,Swiggy,addon,-Extra Cheese,1.0,0.0,0.0
2025-12-13,POS,item,7up 250ml Pet,1.0,0.0,0.0
2025-12-13,POS,item,7up @50rs,2.0,0.0,0.0
2025-12-13,POS,item,Blue Mojito,2.0,0.0,0.0
2025-12-13,POS,item,Brownie,2.0,0.0,0.0
2025-12-13,POS,item,Burger Combo @ 169,1.0,0.0,0.0
2025-12-13,POS,item,Burger Combo @ 179,1.0,0.0,0.0
2025-12-13,POS,item,Butterscotch Sundae,2.0,0.0,0.0
2025-12-13,POS,item,Cheese N Macaroni Salad,1.0,0.0,0.0
2025-12-13,POS,item,Chicken Nuggets,2.0,0.0,0.0
2025-12-13,POS,item,Chicken Pasta,1.0,0.0,0.0
2025-12-13,Swiggy,item,Chicken Pasta,1.0,0.0,0.0
2025-12-13,POS,item,Chocolate Shake,1.0,0.0,0.0
2025-12-13,POS,item,Coleslaw Salad,1.0,0.0,0.0
2025-12-13,POS,item,French Fries,5.0,0.0,0.0
2025-12-13,Swiggy,item,French Fries,2.0,0.0,0.0
2025-12-13,POS,item,Fresh Lime Juice,2.0,0.0,0.0
2025-12-13,POS,item,Garlic Bread,5.0,0.0,0.0
2025-12-13,POS,item,Loaded Fries,3.0,0.0,0.0
2025-12-13,POS,item,Mdew 250ml Pet,2.0,0.0,0.0
2025-12-13,POS,item,Mineral Water,1.0,0.0,0.0
2025-12-13,POS,item,Mint Lime Juice,1.0,0.0,0.0
2025-12-13,POS,item,Passion Fruit,1.0,0.0,0.0
2025-12-13,POS,item,Pepsi 250ml Pet,3.0,0.0,0.0
2025-12-13,POS,item,Pepsi@40rs,1.0,0.0,0.0
2025-12-13,POS,item,Regular Chicken Burger,4.0,0.0,0.0
2025-12-13,POS,item,Slice 200ml,1.0,0.0,0.0
2025-12-13,POS,item,Soft Drink,1.0,0.0,0.0
2025-12-13,POS,item,Veg Burger,1.0,0.0,0.0
2025-12-13,POS,item,Veg Pasta,1.0,0.0,0.0
2025-12-12,POS,item,12 Inch - Large Pizza,2.0,120.0,240.0
2025-12-12,POS,item,Veg Meal For 4,1.0,120.0,120.0
2025-12-12,POS,item,2 Regular Non-veg@409,2.0,80.0,160.0
2025-12-12,POS,item,9 Inch - Medium Pizza,3.0,75.0,225.0
2025-12-12,POS,item,Super Saver Meal Medium,1.0,75.0,75.0
2025-12-12,POS,item,7 Inch - Regular Pizza,9.0,40.0,360.0
2025-12-12,Swiggy,item,7 Inch - Regular Pizza,4.0,40.0,160.0
2025-12-12,POS,item,Delicious Combo Delight Regular,1.0,40.0,40.0
2025-12-12,Swiggy,addon,7 Inch - Regular Pizza -Extra Cheese,2.0,20.0,40.0
2025-12-12,POS,item,Black And White,1.0,0.0,0.0
2025-12-12,POS,item,Blue Mojito,1.0,0.0,0.0
2025-12-12,POS,item,Brownie With Ice Cream,2.0,0.0,0.0
2025-12-12,Swiggy,item,Brownie With Ice Cream,1.0,0.0,0.0
2025-12-12,POS,item,Bubble Gum,1.0,0.0,0.0
2025-12-12,POS,item,Chicken Nuggets Burger,1.0,0.0,0.0
2025-12-12,POS,item,Chicken Pasta,2.0,0.0,0.0
2025-12-12,POS,item,Chicken Popcorn,1.0,0.0,0.0
2025-12-12,POS,item,Chocolate Shake,2.0,0.0,0.0
2025-12-12,POS,item,French Fries,2.0,0.0,0.0
2025-12-12,Swiggy,item,French Fries,1.0,0.0,0.0
2025-12-12,POS,item,Fresh Garden Mint,1.0,0.0,0.0
2025-12-12,POS,item,Fresh Lime Juice,3.0,0.0,0.0
2025-12-12,POS,item,Garlic Bread,1.0,0.0,0.0
2025-12-12,POS,item,Greek Salad,1.0,0.0,0.0
2025-12-12,POS,item,Loaded Fries,2.0,0.0,0.0
2025-12-12,POS,item,Mint Lime Juice,1.0,0.0,0.0
2025-12-12,POS,item,Mixed Chicken Salad,1.0,0.0,0.0
2025-12-12,POS,item,Pepsi@40rs,1.0,0.0,0.0
2025-12-12,Swiggy,item,Potato Wedges,1.0,0.0,0.0
2025-12-12,POS,item,Regular Chicken Burger,4.0,0.0,0.0
2025-12-12,POS,item,Sizzling Brownie,1.0,0.0,0.0
2025-12-12,POS,item,Slice 200ml,2.0,0.0,0.0
2025-12-12,POS,item,Veg Burger,1.0,0.0,0.0
2025-12-12,POS,item,Water Melon,1.0,0.0,0.0
2025-12-11,POS,item,2 Medium Non-veg@759,1.0,150.0,150.0
2025-12-11,POS,item,12 Inch - Large Pizza,3.0,120.0,360.0
2025-12-11,POS,item,Non Veg Meal For 4,1.0,120.0,120.0
2025-12-11,POS,item,2 Regular Non-veg@409,3.0,80.0,240.0
2025-12-11,POS,item,9 Inch - Medium Pizza,2.0,75.0,150.0
2025-12-11,POS,item,Super Saver Meal Medium,2.0,75.0,150.0
2025-12-11,POS,item,7 Inch - Regular Pizza,9.0,40.0,360.0
2025-12-11,Swiggy,item,7 Inch - Regular Pizza,1.0,40.0,40.0
2025-12-11,POS,item,Delicious Combo Delight Regular,1.0,40.0,40.0
2025-12-11,POS,item,Garlic Bread Supreme [veg],1.0,40.0,40.0
2025-12-11,POS,item,Super Saver Meal Regular,1.0,40.0,40.0
2025-12-11,POS,addon,9 Inch - Medium Pizza -Extra Cheese,1.0,38.0,38.0
2025-12-11,POS,item,Combo Delight Non-veg,2.0,20.0,40.0
2025-12-11,POS,item,7up @50rs,1.0,0.0,0.0
2025-12-11,POS,item,Brownie,2.0,0.0,0.0
2025-12-11,POS,item,Brownie With Ice Cream,2.0,0.0,0.0
2025-12-11,POS,item,Burger Combo @ 169,1.0,0.0,0.0
2025-12-11,POS,item,Burger Combo @ 179,1.0,0.0,0.0
2025-12-11,POS,item,Chicken Popcorn,1.0,0.0,0.0
2025-12-11,POS,item,Chikku Shake,3.0,0.0,0.0
2025-12-11,POS,item,Chocolate Shake,2.0,0.0,0.0
2025-12-11,POS,item,French Fries,1.0,0.0,0.0
2025-12-11,POS,item,Fresh Lime Juice,1.0,0.0,0.0
2025-12-11,POS,item,Garlic Bread,1.0,0.0,0.0
2025-12-11,Swiggy,item,Greek Chicken Salad[Non-veg],1.0,0.0,0.0
2025-12-11,POS,item,Greek Chicken Salad[non-veg],1.0,0.0,0.0
2025-12-11,POS,item,Mdew 250ml Pet,1.0,0.0,0.0
2025-12-11,POS,item,Mineral Water,3.0,0.0,0.0
2025-12-11,POS,item,Mint Lime Juice,1.0,0.0,0.0
2025-12-11,POS,item,Pepsi 250ml Can,2.0,0.0,0.0
2025-12-11,POS,item,Pepsi@40rs,1.0,0.0,0.0
2025-12-11,POS,item,Pineapple Juice,1.0,0.0,0.0
2025-12-11,POS,item,Potato Wedges,1.0,0.0,0.0
2025-12-11,POS,item,Regular Chicken Burger,4.0,0.0,0.0
2025-12-11,POS,item,Soft Drink,1.0,0.0,0.0
2025-12-11,POS,item,Tender Coconut,1.0,0.0,0.0
2025-12-11,POS,item,Veg Pasta,1.0,0.0,0.0
2025-12-10,POS,item,2 Large Non-veg@1149,1.0,240.0,240.0
2025-12-10,POS,item,12 Inch - Large Pizza,6.0,120.0,720.0
2025-12-10,POS,item,2 Regular Non-veg@409,2.0,80.0,160.0
2025-12-10,POS,item,9 Inch - Medium Pizza,3.0,75.0,225.0
2025-12-10,POS,item,Veg Meal For 2,2.0,75.0,150.0
2025-12-10,POS,item,7 Inch - Regular Pizza,7.0,40.0,280.0
2025-12-10,Swiggy,item,7 Inch - Regular Pizza,2.0,40.0,80.0
2025-12-10,POS,item,Garlic Bread Supreme[non-veg],1.0,40.0,40.0
2025-12-10,POS,item,Super Saver Meal Regular,1.0,40.0,40.0
2025-12-10,POS,item,Combo Delight Non-veg,1.0,20.0,20.0
2025-12-10,POS,item,7up 250ml Pet,1.0,0.0,0.0
2025-12-10,POS,item,7up@40rs,1.0,0.0,0.0
2025-12-10,POS,item,Blue Mojito,2.0,0.0,0.0
2025-12-10,POS,item,Burger Combo @ 169,3.0,0.0,0.0
2025-12-10,POS,item,Burger Combo @ 179,2.0,0.0,0.0
2025-12-10,POS,item,Burger Combo @ 199,1.0,0.0,0.0
2025-12-10,POS,item,Chicken Pasta,4.0,0.0,0.0
2025-12-10,POS,item,Chicken Popcorn,1.0,0.0,0.0
2025-12-10,POS,item,Chikku Shake,2.0,0.0,0.0
2025-12-10,POS,item,French Fries,4.0,0.0,0.0
2025-12-10,Swiggy,item,French Fries,1.0,0.0,0.0
2025-12-10,POS,item,Fresh Garden Mint,2.0,0.0,0.0
2025-12-10,POS,item,Fresh Lime Juice,3.0,0.0,0.0
2025-12-10,POS,item,Garlic Bread,2.0,0.0,0.0
2025-12-10,Swiggy,item,Makhani Dip,1.0,0.0,0.0
2025-12-10,POS,item,Mdew 250ml Pet,2.0,0.0,0.0
2025-12-10,POS,item,Mdew 330ml Can,1.0,0.0,0.0
2025-12-10,POS,item,Mdew@40rs,3.0,0.0,0.0
2025-12-10,POS,item,Mineral Water,1.0,0.0,0.0
2025-12-10,POS,item,Mint Lime Juice,3.0,0.0,0.0
2025-12-10,POS,item,Pepsi@50rs,2.0,0.0,0.0
2025-12-10,POS,item,Pizza Upgrade,1.0,0.0,0.0
2025-12-10,Swiggy,item,Potato Wedges,1.0,0.0,0.0
2025-12-10,POS,item,Regular Chicken Burger,2.0,0.0,0.0
2025-12-10,POS,item,Soft Drink,2.0,0.0,0.0
2025-12-10,POS,item,Tender Coconut,1.0,0.0,0.0
2025-12-10,POS,item,Veg Burger,4.0,0.0,0.0
2025-12-10,POS,item,Veg Pasta,1.0,0.0,0.0
2025-12-10,POS,item,Watermelon Juice,1.0,0.0,0.0
2025-12-09,POS,item,12 Inch - Large Pizza,1.0,120.0,120.0
2025-12-09,POS,item,2 Regular Non-veg@409,1.0,80.0,80.0
2025-12-09,Swiggy,item,2 Regular Pizzas,1.0,80.0,80.0
2025-12-09,POS,item,9 Inch - Medium Pizza,4.0,75.0,300.0
2025-12-09,POS,item,7 Inch - Regular Pizza,7.0,40.0,280.0
2025-12-09,Swiggy,item,7 Inch - Regular Pizza,2.0,40.0,80.0
2025-12-09,POS,item,Garlic Bread Supreme [veg],1.0,40.0,40.0
2025-12-09,POS,item,Non Veg Meal For 1,2.0,40.0,80.0
2025-12-09,POS,item,Super Saver Meal Regular,2.0,40.0,80.0
2025-12-09,POS,addon,9 Inch - Medium Pizza -Extra Cheese,1.0,38.0,38.0
2025-12-09,POS,item,7up 250ml Pet,1.0,0.0,0.0
2025-12-09,POS,item,7up@40rs,1.0,0.0,0.0
2025-12-09,Swiggy,item,Brownie,1.0,0.0,0.0
2025-12-09,POS,item,Chicken Nuggets,1.0,0.0,0.0
2025-12-09,POS,item,Chicken Pasta,2.0,0.0,0.0
2025-12-09,POS,item,Chikku Shake,1.0,0.0,0.0
2025-12-09,POS,item,Chocolate Shake,1.0,0.0,0.0
2025-12-09,POS,item,French Fries,5.0,0.0,0.0
2025-12-09,Swiggy,item,Garlic Bread,1.0,0.0,0.0
2025-12-09,POS,item,Grapes Juice,2.0,0.0,0.0
2025-12-09,POS,item,Hot Garlic Dip,2.0,0.0,0.0
2025-12-09,Swiggy,item,Hot Garlic Dip,1.0,0.0,0.0
2025-12-09,POS,item,Mineral Water,2.0,0.0,0.0
2025-12-09,POS,item,Mint Lime Juice,3.0,0.0,0.0
2025-12-09,POS,item,Nutty Vanilla,1.0,0.0,0.0
2025-12-09,POS,item,Peri Peri Dip,1.0,0.0,0.0
2025-12-09,POS,item,Pineapple Juice,3.0,0.0,0.0
2025-12-09,POS,item,Regular Chicken Burger,3.0,0.0,0.0
2025-12-09,POS,item,Tender Coconut,2.0,0.0,0.0
2025-12-09,POS,item,Veg Pasta,1.0,0.0,0.0
2025-12-08,POS,item,2 Medium Non-veg@759,1.0,150.0,150.0
2025-12-08,POS,item,12 Inch - Large Pizza,4.0,120.0,480.0
2025-12-08,POS,item,2 Regular Non-veg@409,3.0,80.0,240.0
2025-12-08,Swiggy,item,2 Regular Pizzas,1.0,80.0,80.0
2025-12-08,POS,item,9 Inch - Medium Pizza,8.0,75.0,600.0
2025-12-08,Swiggy,item,9 Inch - Medium Pizza,1.0,75.0,75.0
2025-12-08,POS,item,7 Inch - Regular Pizza,7.0,40.0,280.0
2025-12-08,Swiggy,item,7 Inch - Regular Pizza,1.0,40.0,40.0
2025-12-08,POS,item,Garlic Bread With Cheese,3.0,40.0,120.0
2025-12-08,POS,item,Veg Meal For 1,1.0,40.0,40.0
2025-12-08,POS,item,Combo Delight Non-veg,1.0,20.0,20.0
2025-12-08,POS,item,7up 250ml Pet,1.0,0.0,0.0
2025-12-08,POS,item,7up @50rs,2.0,0.0,0.0
2025-12-08,POS,item,Cheese N Macaroni Salad,1.0,0.0,0.0
2025-12-08,POS,item,Chicken Nuggets,1.0,0.0,0.0
2025-12-08,POS,item,Chicken Pasta,2.0,0.0,0.0
2025-12-08,POS,item,Coleslaw Salad,1.0,0.0,0.0
2025-12-08,POS,item,French Fries,6.0,0.0,0.0
2025-12-08,POS,item,Fresh Garden Mint,1.0,0.0,0.0
2025-12-08,POS,item,Fresh Lime Juice,3.0,0.0,0.0
2025-12-08,POS,item,Greek Salad,1.0,0.0,0.0
2025-12-08,POS,item,Loaded Fries,1.0,0.0,0.0
2025-12-08,POS,item,Mdew@40rs,1.0,0.0,0.0
2025-12-08,POS,item,Nutty Vanilla,1.0,0.0,0.0
2025-12-08,POS,item,Pepsi@40rs,1.0,0.0,0.0
2025-12-08,POS,item,Pepsi@50rs,1.0,0.0,0.0
2025-12-08,POS,item,Slice 125ml,1.0,0.0,0.0
2025-12-08,POS,item,Slice 200ml,1.0,0.0,0.0
2025-12-08,POS,item,Veg Pasta,1.0,0.0,0.0
2025-12-07,POS,item,2 Regular Non-veg@409,2.0,80.0,160.0
2025-12-07,POS,item,9 Inch - Medium Pizza,3.0,75.0,225.0
2025-12-07,POS,item,Non Veg Meal For 2,1.0,75.0,75.0
2025-12-07,POS,item,Super Saver Meal Medium,1.0,75.0,75.0
2025-12-07,Swiggy,item,7 Inch - Regular Pizza,7.0,40.0,280.0
2025-12-07,POS,item,7 Inch - Regular Pizza,5.0,40.0,200.0
2025-12-07,Swiggy,item,Garlic Bread With Cheese,1.0,40.0,40.0
2025-12-07,POS,item,Super Saver Meal Regular,1.0,40.0,40.0
2025-12-07,POS,item,Combo Delight Non-veg,1.0,20.0,20.0
2025-12-07,POS,item,Burger Combo @ 169,1.0,0.0,0.0
2025-12-07,POS,item,Chicken Pasta,3.0,0.0,0.0
2025-12-07,POS,item,Chikku Shake,2.0,0.0,0.0
2025-12-07,POS,item,Chocolate Shake,2.0,0.0,0.0
2025-12-07,POS,item,Coleslaw Salad,1.0,0.0,0.0
2025-12-07,POS,item,French Fries,1.0,0.0,0.0
2025-12-07,POS,item,Fresh Lime Juice,1.0,0.0,0.0
2025-12-07,POS,item,Grapes Juice,1.0,0.0,0.0
2025-12-07,POS,item,Greek Salad,1.0,0.0,0.0
2025-12-07,POS,item,Mdew 250ml Pet,1.0,0.0,0.0
2025-12-07,POS,item,Pepsi 250ml Pet,1.0,0.0,0.0
2025-12-07,POS,item,Pizza Upgrade,1.0,0.0,0.0
2025-12-07,POS,item,Regular Chicken Burger,1.0,0.0,0.0
2025-12-06,POS,item,2 Large Veg@999,1.0,240.0,240.0
2025-12-06,POS,item,2 Medium Non-veg@759,1.0,150.0,150.0
2025-12-06,POS,item,2 Medium Veg@699,1.0,150.0,150.0
2025-12-06,POS,item,12 Inch - Large Pizza,3.0,120.0,360.0
2025-12-06,POS,item,Veg Meal For 4,1.0,120.0,120.0
2025-12-06,POS,item,2 Regular Non-veg@409,1.0,80.0,80.0
2025-12-06,POS,item,9 Inch - Medium Pizza,4.0,75.0,300.0
2025-12-06,POS,item,Super Saver Meal Medium,1.0,75.0,75.0
2025-12-06,POS,item,7 Inch - Regular Pizza,8.0,40.0,320.0
2025-12-06,Swiggy,item,7 Inch - Regular Pizza,1.0,40.0,40.0
2025-12-06,Swiggy,item,Garlic Bread With Cheese,1.0,40.0,40.0
2025-12-06,POS,item,Super Saver Meal Regular,1.0,40.0,40.0
2025-12-06,POS,item,Combo Delight Non-veg,1.0,20.0,20.0
2025-12-06,POS,item,Chicken Nuggets,1.0,0.0,0.0
2025-12-06,POS,item,Chicken Pasta,1.0,0.0,0.0
2025-12-06,Swiggy,item,Chicken Pasta,1.0,0.0,0.0
2025-12-06,POS,item,Chicken Popcorn,1.0,0.0,0.0
2025-12-06,POS,item,Chocolate Shake,2.0,0.0,0.0
2025-12-06,POS,item,Coleslaw Salad,1.0,0.0,0.0
2025-12-06,POS,item,French Fries,3.0,0.0,0.0
2025-12-06,POS,item,Fresh Lime Juice,2.0,0.0,0.0
2025-12-06,POS,item,Grapes Juice,4.0,0.0,0.0
2025-12-06,POS,item,Greek Salad,1.0,0.0,0.0
2025-12-06,POS,item,Mint Lime Juice,2.0,0.0,0.0
2025-12-06,POS,item,Pepsi@50rs,2.0,0.0,0.0
2025-12-06,POS,item,Pineapple Juice,2.0,0.0,0.0
2025-12-06,POS,item,Pizza Upgrade,1.0,0.0,0.0
2025-12-06,Swiggy,item,Roasted Chicken Salad,1.0,0.0,0.0
2025-12-06,POS,item,Tender Coconut,2.0,0.0,0.0
2025-12-06,POS,item,Veg Burger,1.0,0.0,0.0
2025-12-06,POS,item,Veg Pasta,2.0,0.0,0.0
2025-12-05,POS,item,2 Large Non-veg@1149,1.0,240.0,240.0
2025-12-05,POS,item,2 Large Veg@999,1.0,240.0,240.0
2025-12-05,POS,item,12 Inch - Large Pizza,1.0,120.0,120.0
2025-12-05,POS,item,2 Regular Non-veg@409,1.0,80.0,80.0
2025-12-05,POS,item,9 Inch - Medium Pizza,4.0,75.0,300.0
2025-12-05,POS,item,7 Inch - Regular Pizza,5.0,40.0,200.0
2025-12-05,Swiggy,item,7 Inch - Regular Pizza,2.0,40.0,80.0
2025-12-05,POS,item,Garlic Bread Supreme [veg],2.0,40.0,80.0
2025-12-05,POS,item,Garlic Bread With Cheese,2.0,40.0,80.0
2025-12-05,Swiggy,item,2 Regular Budget Pizzas,1.0,0.0,0.0
2025-12-05,POS,item,Blue Mojito,1.0,0.0,0.0
2025-12-05,Swiggy,item,Brownie With Ice Cream,1.0,0.0,0.0
2025-12-05,POS,item,Burger Combo @ 169,1.0,0.0,0.0
2025-12-05,POS,item,Cheese N Macaroni Salad,1.0,0.0,0.0
2025-12-05,POS,item,Cheesy Fries,1.0,0.0,0.0
2025-12-05,POS,item,Chicken Nuggets,2.0,0.0,0.0
2025-12-05,POS,item,Chicken Pasta,3.0,0.0,0.0
2025-12-05,Swiggy,item,Chicken Pasta,1.0,0.0,0.0
2025-12-05,POS,item,Chikku Shake,4.0,0.0,0.0
2025-12-05,POS,item,Chocolate Shake,4.0,0.0,0.0
2025-12-05,POS,item,French Fries,5.0,0.0,0.0
2025-12-05,Swiggy,item,French Fries,1.0,0.0,0.0
2025-12-05,POS,item,Fresh Lime Juice,1.0,0.0,0.0
2025-12-05,POS,item,Garlic Bread,1.0,0.0,0.0
2025-12-05,POS,item,Grapes Juice,1.0,0.0,0.0
2025-12-05,POS,item,Greek Salad,1.0,0.0,0.0
2025-12-05,POS,item,Green Apple,3.0,0.0,0.0
2025-12-05,POS,item,Macaroni N Chicken Salad,1.0,0.0,0.0
2025-12-05,POS,item,Passion Fruit,2.0,0.0,0.0
2025-12-05,POS,item,Pineapple Juice,2.0,0.0,0.0
2025-12-05,POS,item,Regular Chicken Burger,3.0,0.0,0.0
2025-12-05,POS,item,Slice 200ml,3.0,0.0,0.0
2025-12-05,POS,item,Soda,2.0,0.0,0.0
2025-12-05,POS,item,Tender Coconut,1.0,0.0,0.0
2025-12-05,POS,item,Veg Burger,6.0,0.0,0.0
2025-12-05,POS,item,Water Melon,1.0,0.0,0.0
2025-12-05,POS,item,Watermelon Juice,2.0,0.0,0.0
2025-12-05,POS,item,2 Large Non-veg@1149,1.0,240.0,240.0
2025-12-05,POS,item,2 Large Veg@999,1.0,240.0,240.0
2025-12-05,POS,item,12 Inch - Large Pizza,1.0,120.0,120.0
2025-12-05,POS,item,2 Regular Non-veg@409,1.0,80.0,80.0
2025-12-05,POS,item,9 Inch - Medium Pizza,4.0,75.0,300.0
2025-12-05,POS,item,7 Inch - Regular Pizza,5.0,40.0,200.0
2025-12-05,Swiggy,item,7 Inch - Regular Pizza,2.0,40.0,80.0
2025-12-05,POS,item,Garlic Bread Supreme [veg],2.0,40.0,80.0
2025-12-05,POS,item,Garlic Bread With Cheese,2.0,40.0,80.0
2025-12-05,Swiggy,item,2 Regular Budget Pizzas,1.0,0.0,0.0
2025-12-05,POS,item,Blue Mojito,1.0,0.0,0.0
2025-12-05,Swiggy,item,Brownie With Ice Cream,1.0,0.0,0.0
2025-12-05,POS,item,Burger Combo @ 169,1.0,0.0,0.0
2025-12-05,POS,item,Cheese N Macaroni Salad,1.0,0.0,0.0
2025-12-05,POS,item,Cheesy Fries,1.0,0.0,0.0
2025-12-05,POS,item,Chicken Nuggets,2.0,0.0,0.0
2025-12-05,POS,item,Chicken Pasta,3.0,0.0,0.0
2025-12-05,Swiggy,item,Chicken Pasta,1.0,0.0,0.0
2025-12-05,POS,item,Chikku Shake,4.0,0.0,0.0
2025-12-05,POS,item,Chocolate Shake,4.0,0.0,0.0
2025-12-05,POS,item,French Fries,5.0,0.0,0.0
2025-12-05,Swiggy,item,French Fries,1.0,0.0,0.0
2025-12-05,POS,item,Fresh Lime Juice,1.0,0.0,0.0
2025-12-05,POS,item,Garlic Bread,1.0,0.0,0.0
2025-12-05,POS,item,Grapes Juice,1.0,0.0,0.0
2025-12-05,POS,item,Greek Salad,1.0,0.0,0.0
2025-12-05,POS,item,Green Apple,3.0,0.0,0.0
2025-12-05,POS,item,Macaroni N Chicken Salad,1.0,0.0,0.0
2025-12-05,POS,item,Passion Fruit,2.0,0.0,0.0
2025-12-05,POS,item,Pineapple Juice,2.0,0.0,0.0
2025-12-05,POS,item,Regular Chicken Burger,3.0,0.0,0.0
2025-12-05,POS,item,Slice 200ml,3.0,0.0,0.0
2025-12-05,POS,item,Soda,2.0,0.0,0.0
2025-12-05,POS,item,Tender Coconut,1.0,0.0,0.0
2025-12-05,POS,item,Veg Burger,6.0,0.0,0.0
2025-12-05,POS,item,Water Melon,1.0,0.0,0.0
2025-12-05,POS,item,Watermelon Juice,2.0,0.0,0.0
2025-12-04,POS,item,2 Medium Non-veg@759,2.0,150.0,300.0
2025-12-04,POS,item,12 Inch - Large Pizza,1.0,120.0,120.0
2025-12-04,POS,item,2 Regular Non-veg@409,3.0,80.0,240.0
2025-12-04,POS,item,9 Inch - Medium Pizza,3.0,75.0,225.0
2025-12-04,POS,item,7 Inch - Regular Pizza,4.0,40.0,160.0
2025-12-04,Swiggy,item,7 Inch - Regular Pizza,1.0,40.0,40.0
2025-12-04,POS,item,Blue Mojito,4.0,0.0,0.0
2025-12-04,POS,item,Brownie With Ice Cream,1.0,0.0,0.0
2025-12-04,POS,item,Burger Combo @ 179,1.0,0.0,0.0
2025-12-04,POS,item,Cheesy Fries,1.0,0.0,0.0
2025-12-04,POS,item,Chicken Nuggets Burger,1.0,0.0,0.0
2025-12-04,POS,item,Chicken Pasta,3.0,0.0,0.0
2025-12-04,POS,item,Coleslaw Salad,2.0,0.0,0.0
2025-12-04,POS,item,French Fries,2.0,0.0,0.0
2025-12-04,POS,item,Garlic Bread,2.0,0.0,0.0
2025-12-04,POS,item,Greek Chicken Salad[non-veg],2.0,0.0,0.0
2025-12-04,POS,item,Mineral Water,1.0,0.0,0.0
2025-12-04,POS,item,Mint Lime Juice,1.0,0.0,0.0
2025-12-04,POS,item,Mixed Chicken Salad,1.0,0.0,0.0
2025-12-04,POS,item,Pepsi@50rs,1.0,0.0,0.0
2025-12-04,POS,item,Pineapple Juice,1.0,0.0,0.0
2025-12-04,POS,item,Regular Chicken Burger,9.0,0.0,0.0
2025-12-04,POS,item,Tender Coconut,3.0,0.0,0.0
2025-12-03,POS,item,12 Inch - Large Pizza,1.0,120.0,120.0
2025-12-03,POS,item,2 Regular Non-veg@409,4.0,80.0,320.0
2025-12-03,Swiggy,item,2 Regular Pizzas,1.0,80.0,80.0
2025-12-03,POS,item,2 Regular Veg@349,1.0,80.0,80.0
2025-12-03,POS,item,9 Inch - Medium Pizza,8.0,75.0,600.0
2025-12-03,POS,item,7 Inch - Regular Pizza,11.0,40.0,440.0
2025-12-03,Swiggy,item,7 Inch - Regular Pizza,7.0,40.0,280.0
2025-12-03,POS,item,Garlic Bread Supreme [veg],1.0,40.0,40.0
2025-12-03,POS,item,Garlic Bread With Cheese,3.0,40.0,120.0
2025-12-03,POS,item,Non Veg Meal For 1,1.0,40.0,40.0
2025-12-03,POS,item,Super Saver Meal Regular,1.0,40.0,40.0
2025-12-03,POS,item,Combo Delight Non-veg,2.0,20.0,40.0
2025-12-03,Swiggy,item,2 Regular Budget Pizzas,1.0,0.0,0.0
2025-12-03,POS,item,7up@40rs,1.0,0.0,0.0
2025-12-03,Swiggy,item,Brownie,1.0,0.0,0.0
2025-12-03,POS,item,Burger Combo @ 169,1.0,0.0,0.0
2025-12-03,POS,item,Burger Combo @ 179,1.0,0.0,0.0
2025-12-03,POS,item,Chicken Nuggets,1.0,0.0,0.0
2025-12-03,Swiggy,item,Chicken Nuggets,1.0,0.0,0.0
2025-12-03,POS,item,Chikku Shake,3.0,0.0,0.0
2025-12-03,POS,item,French Fries,4.0,0.0,0.0
2025-12-03,Swiggy,item,French Fries,1.0,0.0,0.0
2025-12-03,POS,item,Greek Salad,1.0,0.0,0.0
2025-12-03,POS,item,Macaroni N Chicken Salad,1.0,0.0,0.0
2025-12-03,POS,item,Passion Fruit,1.0,0.0,0.0
2025-12-03,POS,item,Pepsi 250ml Pet,2.0,0.0,0.0
2025-12-03,POS,item,Pizza Upgrade,1.0,0.0,0.0
2025-12-03,POS,item,Potato Wedges,1.0,0.0,0.0
2025-12-03,POS,item,Regular Chicken Burger,2.0,0.0,0.0
2025-12-03,POS,item,Sizzling Brownie,1.0,0.0,0.0
2025-12-03,POS,item,Soft Drink,2.0,0.0,0.0
2025-12-03,POS,item,Veg Burger,3.0,0.0,0.0
2025-12-03,POS,item,Veg Pasta,2.0,0.0,0.0
2025-12-03,POS,item,Watermelon Juice,1.0,0.0,0.0
2025-12-02,POS,item,2 Large Non-veg@1149,1.0,240.0,240.0
2025-12-02,POS,item,12 Inch - Large Pizza,3.0,120.0,360.0
2025-12-02,POS,item,2 Regular Non-veg@409,3.0,80.0,240.0
2025-12-02,POS,item,9 Inch - Medium Pizza,5.0,75.0,375.0
2025-12-02,POS,item,7 Inch - Regular Pizza,7.0,40.0,280.0
2025-12-02,Swiggy,item,7 Inch - Regular Pizza,2.0,40.0,80.0
2025-12-02,POS,item,Garlic Bread Supreme[non-veg],1.0,40.0,40.0
2025-12-02,POS,item,Garlic Bread With Cheese,1.0,40.0,40.0
2025-12-02,POS,item,7up 250ml Pet,1.0,0.0,0.0
2025-12-02,POS,item,7up @50rs,1.0,0.0,0.0
2025-12-02,Swiggy,item,Blue Mojito,1.0,0.0,0.0
2025-12-02,POS,item,Burger Combo @ 179,1.0,0.0,0.0
2025-12-02,POS,item,Butterscotch Sundae,1.0,0.0,0.0
2025-12-02,Swiggy,item,Cheese N Macaroni Salad,1.0,0.0,0.0
2025-12-02,POS,item,Cheesy Fries,1.0,0.0,0.0
2025-12-02,POS,item,Chicken Pasta,1.0,0.0,0.0
2025-12-02,Swiggy,item,Chicken Pasta,1.0,0.0,0.0
2025-12-02,POS,item,Chikku Shake,1.0,0.0,0.0
2025-12-02,POS,item,Chocolate Shake,2.0,0.0,0.0
2025-12-02,POS,item,Coleslaw Salad,1.0,0.0,0.0
2025-12-02,POS,item,French Fries,1.0,0.0,0.0
2025-12-02,POS,item,Fresh Lime Juice,4.0,0.0,0.0
2025-12-02,POS,item,Grapes Juice,3.0,0.0,0.0
2025-12-02,POS,item,Loaded Fries,2.0,0.0,0.0
2025-12-02,POS,item,Mayo,2.0,0.0,0.0
2025-12-02,POS,item,Mdew 330ml Can,1.0,0.0,0.0
2025-12-02,POS,item,Pepsi 250ml Pet,2.0,0.0,0.0
2025-12-02,POS,item,Pineapple Juice,1.0,0.0,0.0
2025-12-02,POS,item,Regular Chicken Burger,3.0,0.0,0.0
2025-12-02,POS,item,Veg Burger,1.0,0.0,0.0
2025-12-01,POS,item,12 Inch - Large Pizza,1.0,120.0,120.0
2025-12-01,POS,item,2 Regular Non-veg@409,1.0,80.0,80.0
2025-12-01,POS,item,2 Regular Veg@349,1.0,80.0,80.0
2025-12-01,POS,item,9 Inch - Medium Pizza,2.0,75.0,150.0
2025-12-01,POS,item,Super Saver Meal Medium,1.0,75.0,75.0
2025-12-01,POS,item,7 Inch - Regular Pizza,9.0,40.0,360.0
2025-12-01,POS,item,Super Saver Meal Regular,1.0,40.0,40.0
2025-12-01,POS,item,Combo Delight Non-veg,3.0,20.0,60.0
2025-12-01,POS,item,7up 250ml Pet,2.0,0.0,0.0
2025-12-01,POS,item,7up 330ml Can,1.0,0.0,0.0
2025-12-01,POS,item,Brownie,1.0,0.0,0.0
2025-12-01,POS,item,Cheesy Fries,1.0,0.0,0.0
2025-12-01,Swiggy,item,Chicken Loaded Fries,1.0,0.0,0.0
2025-12-01,POS,item,Chicken Nuggets Burger,1.0,0.0,0.0
2025-12-01,POS,item,Chicken Pasta,1.0,0.0,0.0
2025-12-01,POS,item,Chikku Shake,1.0,0.0,0.0
2025-12-01,POS,item,French Fries,1.0,0.0,0.0
2025-12-01,POS,item,Grapes Juice,1.0,0.0,0.0
2025-12-01,POS,item,Mineral Water,1.0,0.0,0.0
2025-12-01,POS,item,Mint Lime Juice,1.0,0.0,0.0
2025-12-01,Swiggy,item,Passion Mint,1.0,0.0,0.0
2025-12-01,POS,item,Pepsi 330ml Can,1.0,0.0,0.0
2025-12-01,POS,item,Pepsi@40rs,2.0,0.0,0.0
2025-12-01,POS,item,Pineapple Juice,2.0,0.0,0.0
2025-12-01,POS,item,Regular Chicken Burger,5.0,0.0,0.0
2025-12-01,POS,item,Roasted Chicken Salad,1.0,0.0,0.0
2025-11-30,POS,item,2 Large Veg@999,1.0,240.0,240.0
2025-11-30,POS,item,2 Medium Non-veg@759,1.0,150.0,150.0
2025-11-30,POS,item,12 Inch - Large Pizza,3.0,120.0,360.0
2025-11-30,POS,item,Non Veg Meal For 4,1.0,120.0,120.0
2025-11-30,POS,item,2 Regular Non-veg@409,3.0,80.0,240.0
2025-11-30,POS,item,9 Inch - Medium Pizza,10.0,75.0,750.0
2025-11-30,POS,item,7 Inch - Regular Pizza,8.0,40.0,320.0
2025-11-30,Swiggy,item,7 Inch - Regular Pizza,4.0,40.0,160.0
2025-11-30,POS,item,Super Saver Meal Regular,1.0,40.0,40.0
2025-11-30,Swiggy,addon,7 Inch - Regular Pizza -Extra Cheese,1.0,20.0,20.0
2025-11-30,POS,item,Combo Delight Non-veg,1.0,20.0,20.0
2025-11-30,Swiggy,item,2 Regular Budget Pizzas,1.0,0.0,0.0
2025-11-30,POS,item,Blue Mojito,2.0,0.0,0.0
2025-11-30,Swiggy,item,Brownie With Ice Cream,1.0,0.0,0.0
2025-11-30,Swiggy,item,Cheese N Macaroni Salad,1.0,0.0,0.0
2025-11-30,POS,item,Cheesy Fries,3.0,0.0,0.0
2025-11-30,POS,item,Chicken Pasta,2.0,0.0,0.0
2025-11-30,POS,item,Chocolate Shake,1.0,0.0,0.0
2025-11-30,POS,item,Coleslaw Salad,1.0,0.0,0.0
2025-11-30,POS,item,French Fries,3.0,0.0,0.0
2025-11-30,POS,item,Fresh Garden Mint,1.0,0.0,0.0
2025-11-30,Swiggy,item,Fresh Garden Mint,1.0,0.0,0.0
2025-11-30,POS,item,Fresh Lime Juice,1.0,0.0,0.0
2025-11-30,POS,item,Greek Chicken Salad[non-veg],1.0,0.0,0.0
2025-11-30,POS,item,Hot Garlic Dip,1.0,0.0,0.0
2025-11-30,POS,item,Mdew 330ml Can,1.0,0.0,0.0
2025-11-30,POS,item,Mdew@40rs,1.0,0.0,0.0
2025-11-30,POS,item,Pepsi 250ml Pet,3.0,0.0,0.0
2025-11-30,POS,item,Pepsi@40rs,1.0,0.0,0.0
2025-11-30,POS,item,Pineapple Juice,2.0,0.0,0.0
2025-11-30,POS,item,Pink Lady,1.0,0.0,0.0
2025-11-30,POS,item,Potato Wedges,1.0,0.0,0.0
2025-11-30,POS,item,Regular Chicken Burger,3.0,0.0,0.0
2025-11-29,POS,item,2 Large Non-veg@1149,1.0,240.0,240.0
2025-11-29,POS,item,12 Inch - Large Pizza,4.0,120.0,480.0
2025-11-29,POS,item,Veg Meal For 4,1.0,120.0,120.0
2025-11-29,POS,item,2 Regular Non-veg@409,5.0,80.0,400.0
2025-11-29,POS,item,2 Regular Veg@349,1.0,80.0,80.0
2025-11-29,POS,item,9 Inch - Medium Pizza,9.0,75.0,675.0
2025-11-29,Swiggy,item,9 Inch - Medium Pizza,4.0,75.0,300.0
2025-11-29,POS,item,Super Saver Meal Medium,1.0,75.0,75.0
2025-11-29,POS,item,7 Inch - Regular Pizza,8.0,40.0,320.0
2025-11-29,Swiggy,item,7 Inch - Regular Pizza,2.0,40.0,80.0
2025-11-29,POS,item,Garlic Bread With Cheese,1.0,40.0,40.0
2025-11-29,Swiggy,item,Garlic Bread With Cheese,1.0,40.0,40.0
2025-11-29,POS,item,Non Veg Meal For 1,1.0,40.0,40.0
2025-11-29,POS,item,Super Saver Meal Regular,1.0,40.0,40.0
2025-11-29,POS,item,Brownie,1.0,0.0,0.0
2025-11-29,POS,item,Burger Combo @ 169,1.0,0.0,0.0
2025-11-29,POS,item,Cheese N Macaroni Salad,1.0,0.0,0.0
2025-11-29,POS,item,Chicken Nuggets,1.0,0.0,0.0
2025-11-29,POS,item,French Fries,4.0,0.0,0.0
2025-11-29,Swiggy,item,Garlic Bread,1.0,0.0,0.0
2025-11-29,POS,item,Grapes Juice,1.0,0.0,0.0
2025-11-29,POS,item,Loaded Fries,1.0,0.0,0.0
2025-11-29,POS,item,Mdew@40rs,2.0,0.0,0.0
2025-11-29,POS,item,Pepsi 250ml Pet,2.0,0.0,0.0
2025-11-29,POS,item,Pepsi 330ml Can,1.0,0.0,0.0
2025-11-29,POS,item,Pepsi@40rs,1.0,0.0,0.0
2025-11-29,POS,item,Pepsi@50rs,1.0,0.0,0.0
2025-11-29,POS,item,Pineapple Juice,1.0,0.0,0.0
2025-11-29,POS,item,Pizza Upgrade,1.0,0.0,0.0
2025-11-29,POS,item,Regular Chicken Burger,4.0,0.0,0.0
2025-11-29,POS,item,Roasted Chicken Salad,1.0,0.0,0.0
2025-11-29,POS,item,Slice 200ml,1.0,0.0,0.0
2025-11-29,POS,item,Soft Drink,4.0,0.0,0.0
2025-11-29,POS,item,Veg Burger,2.0,0.0,0.0
2025-11-29,POS,item,Veg Pasta,1.0,0.0,0.0
2025-11-28,POS,item,12 Inch - Large Pizza,3.0,120.0,360.0
2025-11-28,POS,item,2 Regular Veg@349,1.0,80.0,80.0
2025-11-28,POS,item,9 Inch - Medium Pizza,3.0,75.0,225.0
2025-11-28,Swiggy,item,9 Inch - Medium Pizza,1.0,75.0,75.0
2025-11-28,POS,item,7 Inch - Regular Pizza,9.0,40.0,360.0
2025-11-28,Swiggy,item,7 Inch - Regular Pizza,1.0,40.0,40.0
2025-11-28,POS,item,Garlic Bread With Cheese,3.0,40.0,120.0
2025-11-28,Swiggy,item,Garlic Bread With Cheese,1.0,40.0,40.0
2025-11-28,POS,item,Super Saver Meal Regular,2.0,40.0,80.0
2025-11-28,POS,item,Burger Combo @ 169,2.0,0.0,0.0
2025-11-28,Swiggy,item,Chicken Loaded Fries,2.0,0.0,0.0
2025-11-28,POS,item,Chicken Loaded Fries,1.0,0.0,0.0
2025-11-28,POS,item,Chicken Popcorn,1.0,0.0,0.0
2025-11-28,POS,item,Chikku Shake,1.0,0.0,0.0
2025-11-28,POS,item,French Fries,8.0,0.0,0.0
2025-11-28,Swiggy,item,Fresh Garden Mint,1.0,0.0,0.0
2025-11-28,POS,item,Loaded Fries,1.0,0.0,0.0
2025-11-28,POS,item,Mineral Water,2.0,0.0,0.0
2025-11-28,POS,item,Mixed Chicken Salad,2.0,0.0,0.0
2025-11-28,POS,item,Passion Mint,1.0,0.0,0.0
2025-11-28,Swiggy,item,Passion Mint,1.0,0.0,0.0
2025-11-28,POS,item,Pepsi 250ml Pet,1.0,0.0,0.0
2025-11-28,POS,item,Peri Peri Dip,1.0,0.0,0.0
2025-11-28,POS,item,Regular Chicken Burger,1.0,0.0,0.0
2025-11-28,POS,item,Slice 200ml,1.0,0.0,0.0
2025-11-28,POS,item,Soft Drink,1.0,0.0,0.0
2025-11-28,POS,item,Special Discount,0.0,0.0,0.0
2025-11-28,POS,item,Veg Burger,7.0,0.0,0.0
2025-11-28,POS,item,Veg Pasta,1.0,0.0,0.0
2025-11-27,POS,item,2 Large Non-veg@1149,1.0,240.0,240.0
2025-11-27,POS,item,2 Medium Non-veg@759,1.0,150.0,150.0
2025-11-27,POS,item,12 Inch - Large Pizza,4.0,120.0,480.0
2025-11-27,POS,item,2 Regular Non-veg@409,4.0,80.0,320.0
2025-11-27,POS,item,9 Inch - Medium Pizza,7.0,75.0,525.0
2025-11-27,POS,item,Super Saver Meal Medium,1.0,75.0,75.0
2025-11-27,POS,item,7 Inch - Regular Pizza,7.0,40.0,280.0
2025-11-27,POS,item,Garlic Bread Supreme [veg],1.0,40.0,40.0
2025-11-27,POS,item,Garlic Bread With Cheese,2.0,40.0,80.0
2025-11-27,POS,item,Combo Delight Veg,1.0,20.0,20.0
2025-11-27,POS,item,7up 250ml Pet,1.0,0.0,0.0
2025-11-27,POS,item,7up @50rs,1.0,0.0,0.0
2025-11-27,POS,item,7up@40rs,1.0,0.0,0.0
2025-11-27,POS,item,Chicken Pasta,2.0,0.0,0.0
2025-11-27,POS,item,French Fries,2.0,0.0,0.0
2025-11-27,POS,item,Grapes Juice,1.0,0.0,0.0
2025-11-27,POS,item,Greek Salad,2.0,0.0,0.0
2025-11-27,POS,item,Mdew@40rs,1.0,0.0,0.0
2025-11-27,POS,item,Mint Lime Juice,5.0,0.0,0.0
2025-11-27,POS,item,Pepsi 250ml Pet,1.0,0.0,0.0
2025-11-27,POS,item,Regular Chicken Burger,4.0,0.0,0.0
2025-11-27,POS,item,Soft Drink,1.0,0.0,0.0
2025-11-27,POS,item,Veg Pasta,2.0,0.0,0.0
2025-11-26,POS,item,2 Medium Non-veg@759,1.0,150.0,150.0
2025-11-26,POS,item,2 Medium Veg@699,1.0,150.0,150.0
2025-11-26,POS,item,12 Inch - Large Pizza,4.0,120.0,480.0
2025-11-26,Swiggy,item,12 Inch - Large Pizza,1.0,120.0,120.0
2025-11-26,POS,item,2 Regular Non-veg@409,1.0,80.0,80.0
2025-11-26,POS,item,9 Inch - Medium Pizza,7.0,75.0,525.0
2025-11-26,POS,item,Super Saver Meal Medium,1.0,75.0,75.0
2025-11-26,POS,item,7 Inch - Regular Pizza,12.0,40.0,480.0
2025-11-26,Swiggy,item,7 Inch - Regular Pizza,3.0,40.0,120.0
2025-11-26,Swiggy,item,Bada Saver Meal Regular,1.0,40.0,40.0
2025-11-26,POS,item,Garlic Bread With Cheese,1.0,40.0,40.0
2025-11-26,POS,item,Super Saver Meal Regular,3.0,40.0,120.0
2025-11-26,POS,addon,2 Medium Veg@699-Extra Cheese,1.0,0.0,0.0
2025-11-26,POS,item,7up@40rs,1.0,0.0,0.0
2025-11-26,Swiggy,item,Blue Mojito,1.0,0.0,0.0
2025-11-26,POS,item,Brownie,1.0,0.0,0.0
2025-11-26,POS,item,Burger Combo @ 169,5.0,0.0,0.0
2025-11-26,POS,item,Cheesy Fries,2.0,0.0,0.0
2025-11-26,POS,item,Chicken Nuggets,1.0,0.0,0.0
2025-11-26,POS,item,Chicken Pasta,1.0,0.0,0.0
2025-11-26,POS,item,Chicken Popcorn,1.0,0.0,0.0
2025-11-26,POS,item,Chocolate Shake,1.0,0.0,0.0
2025-11-26,POS,item,French Fries,4.0,0.0,0.0
2025-11-26,Swiggy,item,French Fries,1.0,0.0,0.0
2025-11-26,Swiggy,item,Fresh Garden Mint,1.0,0.0,0.0
2025-11-26,POS,item,Fresh Lime Juice,1.0,0.0,0.0
2025-11-26,POS,item,Garlic Bread,1.0,0.0,0.0
2025-11-26,POS,item,Grapes Juice,1.0,0.0,0.0
2025-11-26,POS,item,Green Apple,1.0,0.0,0.0
2025-11-26,POS,item,Loaded Fries,1.0,0.0,0.0
2025-11-26,POS,item,Mdew 250ml Pet,1.0,0.0,0.0
2025-11-26,POS,item,Mint Lime Juice,1.0,0.0,0.0
2025-11-26,POS,item,Mixed Chicken Salad,1.0,0.0,0.0
2025-11-26,POS,item,Passion Fruit,1.0,0.0,0.0
2025-11-26,POS,item,Pepsi@40rs,1.0,0.0,0.0
2025-11-26,POS,item,Pineapple Juice,1.0,0.0,0.0
2025-11-26,POS,item,Pizza Upgrade,1.0,0.0,0.0
2025-11-26,POS,item,Regular Chicken Burger,8.0,0.0,0.0
2025-11-26,POS,item,Slice 200ml,1.0,0.0,0.0
2025-11-26,POS,item,Soft Drink,2.0,0.0,0.0
2025-11-26,POS,item,Veg Burger,1.0,0.0,0.0
2025-11-26,POS,item,Veg Pasta,1.0,0.0,0.0
2025-11-25,POS,item,2 Regular Non-veg@409,1.0,80.0,80.0
2025-11-25,POS,item,9 Inch - Medium Pizza,5.0,75.0,375.0
2025-11-25,Swiggy,item,9 Inch - Medium Pizza,2.0,75.0,150.0
2025-11-25,POS,item,Super Saver Meal Medium,1.0,75.0,75.0
2025-11-25,POS,item,7 Inch - Regular Pizza,4.0,40.0,160.0
2025-11-25,Swiggy,item,7 Inch - Regular Pizza,3.0,40.0,120.0
2025-11-25,POS,item,Garlic Bread With Cheese,1.0,40.0,40.0
2025-11-25,POS,item,Super Saver Meal Regular,1.0,40.0,40.0
2025-11-25,POS,addon,9 Inch - Medium Pizza -Extra Cheese,1.0,38.0,38.0
2025-11-25,Swiggy,addon,9 Inch - Medium Pizza -Extra Cheese,1.0,38.0,38.0
2025-11-25,Swiggy,addon,7 Inch - Regular Pizza -Extra Cheese,1.0,20.0,20.0
2025-11-25,POS,item,Brownie With Ice Cream,1.0,0.0,0.0
2025-11-25,POS,item,Butterscotch Sundae,1.0,0.0,0.0
2025-11-25,POS,item,Cheese N Macaroni Salad,1.0,0.0,0.0
2025-11-25,POS,item,Cheesy Fries,1.0,0.0,0.0
2025-11-25,POS,item,Chicken Nuggets,1.0,0.0,0.0
2025-11-25,POS,item,Chicken Pasta,1.0,0.0,0.0
2025-11-25,POS,item,Fresh Lime Juice,1.0,0.0,0.0
2025-11-25,POS,item,Green Apple,2.0,0.0,0.0
2025-11-25,POS,item,Mineral Water,1.0,0.0,0.0
2025-11-25,POS,item,Mint Lime Juice,1.0,0.0,0.0
2025-11-25,POS,item,Pepsi 250ml Pet,1.0,0.0,0.0
2025-11-25,POS,item,Pizza Upgrade,1.0,0.0,0.0
2025-11-25,POS,item,Tender Coconut,1.0,0.0,0.0
2025-11-25,POS,item,Veg Pasta,1.0,0.0,0.0
2025-11-25,POS,item,Watermelon Juice,1.0,0.0,0.0
2025-11-24,POS,item,12 Inch - Large Pizza,1.0,120.0,120.0
2025-11-24,POS,item,2 Regular Non-veg@409,5.0,80.0,400.0
2025-11-24,POS,item,9 Inch - Medium Pizza,7.0,75.0,525.0
2025-11-24,POS,item,7 Inch - Regular Pizza,5.0,40.0,200.0
2025-11-24,POS,item,Delicious Combo Delight Regular,1.0,40.0,40.0
2025-11-24,POS,item,Super Saver Meal Regular,1.0,40.0,40.0
2025-11-24,POS,item,Combo Delight Non-veg,1.0,20.0,20.0
2025-11-24,POS,item,7up @50rs,1.0,0.0,0.0
2025-11-24,POS,item,7up@40rs,1.0,0.0,0.0
2025-11-24,POS,item,Blue Mojito,2.0,0.0,0.0
2025-11-24,POS,item,Brownie With Ice Cream,1.0,0.0,0.0
2025-11-24,POS,item,Burger Combo @ 179,3.0,0.0,0.0
2025-11-24,POS,item,Chicken Nuggets,3.0,0.0,0.0
2025-11-24,POS,item,Chicken Pasta,1.0,0.0,0.0
2025-11-24,POS,item,Chicken Popcorn,1.0,0.0,0.0
2025-11-24,POS,item,Chikku Shake,1.0,0.0,0.0
2025-11-24,POS,item,Chocolate Shake,1.0,0.0,0.0
2025-11-24,POS,item,French Fries,2.0,0.0,0.0
2025-11-24,POS,item,Fresh Lime Juice,2.0,0.0,0.0
2025-11-24,POS,item,Garlic Bread,1.0,0.0,0.0
2025-11-24,POS,item,Hot Garlic Dip,1.0,0.0,0.0
2025-11-24,POS,item,Mint Lime Juice,1.0,0.0,0.0
2025-11-24,POS,item,Passion Fruit,1.0,0.0,0.0
2025-11-24,POS,item,Pepsi 330ml Can,1.0,0.0,0.0
2025-11-24,POS,item,Pepsi@40rs,1.0,0.0,0.0
2025-11-24,POS,item,Pepsi@50rs,1.0,0.0,0.0
2025-11-24,POS,item,Pineapple Juice,3.0,0.0,0.0
2025-11-24,POS,item,Regular Chicken Burger,1.0,0.0,0.0
2025-11-24,POS,item,Soda,1.0,0.0,0.0
2025-11-24,POS,item,Soft Drink,2.0,0.0,0.0
2025-11-24,POS,item,Veg Pasta,2.0,0.0,0.0
2025-11-23,POS,item,2 Medium Non-veg@759,1.0,150.0,150.0
2025-11-23,POS,item,12 Inch - Large Pizza,2.0,120.0,240.0
2025-11-23,POS,item,Non Veg Meal For 4,1.0,120.0,120.0
2025-11-23,POS,item,2 Regular Non-veg@409,2.0,80.0,160.0
2025-11-23,POS,item,2 Regular Veg@349,1.0,80.0,80.0
2025-11-23,POS,item,9 Inch - Medium Pizza,4.0,75.0,300.0
2025-11-23,POS,item,Non Veg Meal For 2,1.0,75.0,75.0
2025-11-23,POS,item,7 Inch - Regular Pizza,9.0,40.0,360.0
2025-11-23,Swiggy,item,7 Inch - Regular Pizza,5.0,40.0,200.0
2025-11-23,Swiggy,item,Garlic Bread Supreme [Veg],1.0,40.0,40.0
2025-11-23,POS,item,Super Saver Meal Regular,3.0,40.0,120.0
2025-11-23,POS,item,Combo Delight Non-veg,4.0,20.0,80.0
2025-11-23,POS,item,Combo Delight Veg,3.0,20.0,60.0
2025-11-23,POS,item,7up 250ml Pet,1.0,0.0,0.0
2025-11-23,POS,item,7up@40rs,1.0,0.0,0.0
2025-11-23,POS,item,Brownie,1.0,0.0,0.0
2025-11-23,POS,item,Brownie With Ice Cream,2.0,0.0,0.0
2025-11-23,POS,item,Burger Combo @ 169,3.0,0.0,0.0
2025-11-23,POS,item,Cheese N Macaroni Salad,1.0,0.0,0.0
2025-11-23,Swiggy,item,Cheese N Macaroni Salad,1.0,0.0,0.0
2025-11-23,POS,item,Chicken Popcorn,2.0,0.0,0.0
2025-11-23,POS,item,Chikku Shake,1.0,0.0,0.0
2025-11-23,POS,item,Chilly Potato Shots,1.0,0.0,0.0
2025-11-23,Swiggy,item,Chipotle Dip,1.0,0.0,0.0
2025-11-23,POS,item,Chocolate Shake,1.0,0.0,0.0
2025-11-23,POS,item,French Fries,4.0,0.0,0.0
2025-11-23,Swiggy,item,Green Apple,3.0,0.0,0.0
2025-11-23,POS,item,Green Apple,1.0,0.0,0.0
2025-11-23,POS,item,Mdew 250ml Pet,1.0,0.0,0.0
2025-11-23,POS,item,Mineral Water,2.0,0.0,0.0
2025-11-23,POS,item,Mint Lime Juice,1.0,0.0,0.0
2025-11-23,POS,item,Passion Fruit,1.0,0.0,0.0
2025-11-23,POS,item,Pepsi 250ml Pet,1.0,0.0,0.0
2025-11-23,POS,item,Pepsi 330ml Can,1.0,0.0,0.0
2025-11-23,POS,item,Pepsi@40rs,3.0,0.0,0.0
2025-11-23,POS,item,Pizza Upgrade,2.0,0.0,0.0
2025-11-23,Swiggy,item,Potato Wedges,1.0,0.0,0.0
2025-11-23,POS,item,Regular Chicken Burger,3.0,0.0,0.0
2025-11-23,POS,item,Soda,1.0,0.0,0.0
2025-11-23,POS,item,Soft Drink,2.0,0.0,0.0
2025-11-23,POS,item,Veg Pasta,1.0,0.0,0.0
2025-11-22,POS,item,2 Medium Non-veg@759,1.0,150.0,150.0
2025-11-22,POS,item,12 Inch - Large Pizza,6.0,120.0,720.0
2025-11-22,POS,item,2 Regular Non-veg@409,2.0,80.0,160.0
2025-11-22,POS,item,9 Inch - Medium Pizza,8.0,75.0,600.0
2025-11-22,POS,item,7 Inch - Regular Pizza,9.0,40.0,360.0
2025-11-22,Swiggy,item,7 Inch - Regular Pizza,5.0,40.0,200.0
2025-11-22,Swiggy,item,Garlic Bread Supreme[non-veg],1.0,40.0,40.0
2025-11-22,POS,item,Garlic Bread With Cheese,4.0,40.0,160.0
2025-11-22,POS,item,7up 250ml Pet,3.0,0.0,0.0
2025-11-22,Swiggy,item,Black And White,1.0,0.0,0.0
2025-11-22,POS,item,Blue Mojito,2.0,0.0,0.0
2025-11-22,POS,item,Brownie,1.0,0.0,0.0
2025-11-22,Swiggy,item,Brownie With Ice Cream,1.0,0.0,0.0
2025-11-22,POS,item,Burger Combo @ 179,1.0,0.0,0.0
2025-11-22,Swiggy,item,Chicken Loaded Fries,1.0,0.0,0.0
2025-11-22,POS,item,Chicken Nuggets,1.0,0.0,0.0
2025-11-22,POS,item,Chicken Pasta,1.0,0.0,0.0
2025-11-22,POS,item,Chikku Shake,1.0,0.0,0.0
2025-11-22,POS,item,Chocolate Shake,2.0,0.0,0.0
2025-11-22,POS,item,French Fries,4.0,0.0,0.0
2025-11-22,POS,item,Garlic Bread,1.0,0.0,0.0
2025-11-22,POS,item,Grapes Juice,1.0,0.0,0.0
2025-11-22,POS,item,Mineral Water,2.0,0.0,0.0
2025-11-22,POS,item,Mint Lime Juice,3.0,0.0,0.0
2025-11-22,POS,item,Passion Fruit,1.0,0.0,0.0
2025-11-22,POS,item,Pepsi@40rs,1.0,0.0,0.0
2025-11-22,POS,item,Pineapple Juice,2.0,0.0,0.0
2025-11-22,POS,item,Regular Chicken Burger,8.0,0.0,0.0
2025-11-22,POS,item,Slice 200ml,1.0,0.0,0.0
2025-11-22,POS,item,Soft Drink,2.0,0.0,0.0
2025-11-22,POS,item,Veg Pasta,1.0,0.0,0.0
2025-11-22,POS,item,Watermelon Juice,2.0,0.0,0.0
2025-11-21,POS,item,2 Medium Non-veg@759,1.0,150.0,150.0
2025-11-21,POS,item,12 Inch - Large Pizza,4.0,120.0,480.0
2025-11-21,POS,item,2 Regular Non-veg@409,2.0,80.0,160.0
2025-11-21,POS,item,9 Inch - Medium Pizza,5.0,75.0,375.0
2025-11-21,POS,item,Super Saver Meal Medium,2.0,75.0,150.0
2025-11-21,POS,addon,12 Inch - Large Pizza -Extra Cheese,1.0,60.0,60.0
2025-11-21,POS,item,7 Inch - Regular Pizza,12.0,40.0,480.0
2025-11-21,Swiggy,item,7 Inch - Regular Pizza,1.0,40.0,40.0
2025-11-21,POS,item,Garlic Bread Supreme [veg],2.0,40.0,80.0
2025-11-21,POS,item,Combo Delight Non-veg,1.0,20.0,20.0
2025-11-21,POS,item,Combo Delight Veg,2.0,20.0,40.0
2025-11-21,POS,item,7up@40rs,3.0,0.0,0.0
2025-11-21,Swiggy,item,Blue Mojito,1.0,0.0,0.0
2025-11-21,POS,item,Brownie With Ice Cream,2.0,0.0,0.0
2025-11-21,POS,item,Burger Combo @ 179,1.0,0.0,0.0
2025-11-21,POS,item,Cheese N Macaroni Salad,1.0,0.0,0.0
2025-11-21,POS,item,Chicken Nuggets,1.0,0.0,0.0
2025-11-21,POS,item,Chicken Nuggets Burger,1.0,0.0,0.0
2025-11-21,POS,item,Chicken Pasta,3.0,0.0,0.0
2025-11-21,POS,item,Chikku Shake,1.0,0.0,0.0
2025-11-21,POS,item,French Fries,3.0,0.0,0.0
2025-11-21,POS,item,Fresh Lime Juice,3.0,0.0,0.0
2025-11-21,POS,item,Garlic Bread,1.0,0.0,0.0
2025-11-21,POS,item,Mdew 330ml Can,1.0,0.0,0.0
2025-11-21,POS,item,Mineral Water,2.0,0.0,0.0
2025-11-21,POS,item,Pepsi@40rs,1.0,0.0,0.0
2025-11-21,POS,item,Pineapple Juice,2.0,0.0,0.0
2025-11-21,POS,item,Pizza Upgrade,2.0,0.0,0.0
2025-11-21,POS,item,Regular Chicken Burger,1.0,0.0,0.0
2025-11-21,POS,item,Slice 200ml,1.0,0.0,0.0
2025-11-20,POS,item,2 Medium Non-veg@759,4.0,150.0,600.0
2025-11-20,POS,item,12 Inch - Large Pizza,1.0,120.0,120.0
2025-11-20,POS,item,2 Regular Non-veg@409,4.0,80.0,320.0
2025-11-20,POS,item,9 Inch - Medium Pizza,2.0,75.0,150.0
2025-11-20,Swiggy,item,9 Inch - Medium Pizza,1.0,75.0,75.0
2025-11-20,POS,item,7 Inch - Regular Pizza,13.0,40.0,520.0
2025-11-20,POS,item,Super Saver Meal Regular,3.0,40.0,120.0
2025-11-20,POS,item,7up@40rs,1.0,0.0,0.0
2025-11-20,POS,item,Brownie With Ice Cream,1.0,0.0,0.0
2025-11-20,POS,item,Burger Combo @ 179,1.0,0.0,0.0
2025-11-20,POS,item,Cheesy Fries,2.0,0.0,0.0
2025-11-20,Swiggy,item,Chicken Pasta,1.0,0.0,0.0
2025-11-20,POS,item,French Fries,3.0,0.0,0.0
2025-11-20,POS,item,Garlic Bread,1.0,0.0,0.0
2025-11-20,POS,item,Grapes Juice,1.0,0.0,0.0
2025-11-20,POS,item,Green Apple,3.0,0.0,0.0
2025-11-20,POS,item,Hot Garlic Dip,1.0,0.0,0.0
2025-11-20,POS,item,Mineral Water,2.0,0.0,0.0
2025-11-20,POS,item,Pepsi 250ml Pet,2.0,0.0,0.0
2025-11-20,POS,item,Pizza Upgrade,1.0,0.0,0.0
2025-11-20,POS,item,Regular Chicken Burger,11.0,0.0,0.0
2025-11-20,POS,item,Veg Pasta,2.0,0.0,0.0
2025-11-19,POS,item,12 Inch - Large Pizza,41.0,120.0,4920.0
2025-11-19,POS,item,2 Regular Non-veg@409,1.0,80.0,80.0
2025-11-19,POS,item,9 Inch - Medium Pizza,175.0,75.0,13125.0
2025-11-19,POS,item,7 Inch - Regular Pizza,6.0,40.0,240.0
2025-11-19,Swiggy,item,Garlic Bread Supreme [Veg],1.0,40.0,40.0
2025-11-19,POS,item,7up 250ml Pet,1.0,0.0,0.0
2025-11-19,POS,item,7up @50rs,4.0,0.0,0.0
2025-11-19,POS,item,7up@40rs,1.0,0.0,0.0
2025-11-19,POS,item,Black And White,2.0,0.0,0.0
2025-11-19,Swiggy,item,Black And White,2.0,0.0,0.0
2025-11-19,POS,item,Burger Combo @ 169,1.0,0.0,0.0
2025-11-19,POS,item,Chicken Nuggets,2.0,0.0,0.0
2025-11-19,POS,item,Chicken Pasta,1.0,0.0,0.0
2025-11-19,POS,item,Chocolate Shake,1.0,0.0,0.0
2025-11-19,Swiggy,item,Coleslaw Salad,1.0,0.0,0.0
2025-11-19,POS,item,French Fries,4.0,0.0,0.0
2025-11-19,POS,item,Fresh Garden Mint,5.0,0.0,0.0
2025-11-19,POS,item,Fresh Lime Juice,4.0,0.0,0.0
2025-11-19,POS,item,Grapes Juice,1.0,0.0,0.0
2025-11-19,POS,item,Mdew 330ml Can,1.0,0.0,0.0
2025-11-19,POS,item,Mdew@40rs,2.0,0.0,0.0
2025-11-19,POS,item,Mineral Water,1.0,0.0,0.0
2025-11-19,POS,item,Mint Lime Juice,1.0,0.0,0.0
2025-11-19,Swiggy,item,Passion Mint,1.0,0.0,0.0
2025-11-19,POS,item,Pepsi 250ml Pet,4.0,0.0,0.0
2025-11-19,POS,item,Pepsi 330ml Can,3.0,0.0,0.0
2025-11-19,POS,item,Pepsi@50rs,1.0,0.0,0.0
2025-11-19,POS,item,Pineapple Juice,1.0,0.0,0.0
2025-11-19,POS,item,Regular Chicken Burger,7.0,0.0,0.0
2025-11-19,POS,item,Slice 125ml,1.0,0.0,0.0
2025-11-19,POS,item,Slice 200ml,4.0,0.0,0.0
2025-11-19,POS,item,Special Discount,0.0,0.0,0.0
2025-11-19,Swiggy,item,Veg Pasta,1.0,0.0,0.0
2025-11-19,POS,item,Water Melon,1.0,0.0,0.0
2025-11-19,POS,item,Watermelon Juice,2.0,0.0,0.0
2025-11-18,POS,item,12 Inch - Large Pizza,2.0,120.0,240.0
2025-11-18,POS,item,2 Regular Non-veg@409,3.0,80.0,240.0
2025-11-18,POS,item,9 Inch - Medium Pizza,2.0,75.0,150.0
2025-11-18,Swiggy,item,9 Inch - Medium Pizza,1.0,75.0,75.0
2025-11-18,POS,item,7 Inch - Regular Pizza,8.0,40.0,320.0
2025-11-18,Swiggy,item,7 Inch - Regular Pizza,7.0,40.0,280.0
2025-11-18,POS,item,Garlic Bread With Cheese,1.0,40.0,40.0
2025-11-18,Swiggy,item,2 Regular Budget Pizzas,1.0,0.0,0.0
2025-11-18,POS,item,7up @50rs,1.0,0.0,0.0
2025-11-18,Swiggy,item,Blue Mojito,1.0,0.0,0.0
2025-11-18,Swiggy,item,Brownie,1.0,0.0,0.0
2025-11-18,POS,item,Burger Combo @ 179,1.0,0.0,0.0
2025-11-18,POS,item,Cheesy Fries,1.0,0.0,0.0
2025-11-18,POS,item,Chikku Shake,1.0,0.0,0.0
2025-11-18,POS,item,French Fries,1.0,0.0,0.0
2025-11-18,Swiggy,item,French Fries,1.0,0.0,0.0
2025-11-18,POS,item,Fresh Lime Juice,1.0,0.0,0.0
2025-11-18,POS,item,Green Apple,1.0,0.0,0.0
2025-11-18,POS,item,Loaded Fries,1.0,0.0,0.0
2025-11-18,POS,item,Mineral Water,1.0,0.0,0.0
2025-11-18,POS,item,Pepsi 250ml Pet,1.0,0.0,0.0
2025-11-18,POS,item,Regular Chicken Burger,2.0,0.0,0.0
2025-11-18,POS,item,Slice 200ml,1.0,0.0,0.0
2025-11-18,POS,item,Soft Drink,1.0,0.0,0.0
2025-11-18,POS,item,Tender Coconut,1.0,0.0,0.0
2025-11-18,POS,item,Veg Burger,4.0,0.0,0.0
2025-11-18,POS,item,Veg Pasta,1.0,0.0,0.0
2025-11-17,Swiggy,item,2 Large Pizzas,1.0,240.0,240.0
2025-11-17,POS,item,12 Inch - Large Pizza,2.0,120.0,240.0
2025-11-17,POS,item,2 Regular Non-veg@409,2.0,80.0,160.0
2025-11-17,POS,item,9 Inch - Medium Pizza,4.0,75.0,300.0
2025-11-17,POS,addon,12 Inch - Large Pizza -Extra Cheese,1.0,60.0,60.0
2025-11-17,POS,item,7 Inch - Regular Pizza,8.0,40.0,320.0
2025-11-17,Swiggy,item,7 Inch - Regular Pizza,8.0,40.0,320.0
2025-11-17,POS,item,Super Saver Meal Regular,1.0,40.0,40.0
2025-11-17,POS,addon,9 Inch - Medium Pizza -Extra Cheese,1.0,38.0,38.0
2025-11-17,POS,item,Combo Delight Non-veg,1.0,20.0,20.0
2025-11-17,POS,item,Blue Mojito,2.0,0.0,0.0
2025-11-17,Swiggy,item,Blue Mojito,1.0,0.0,0.0
2025-11-17,POS,item,Burger Combo @ 169,3.0,0.0,0.0
2025-11-17,POS,item,Cheese N Macaroni Salad,1.0,0.0,0.0
2025-11-17,POS,item,Cheesy Fries,1.0,0.0,0.0
2025-11-17,POS,item,Chicken Popcorn,1.0,0.0,0.0
2025-11-17,POS,item,Chocolate Shake,1.0,0.0,0.0
2025-11-17,POS,item,French Fries,2.0,0.0,0.0
2025-11-17,POS,item,Fresh Garden Mint,1.0,0.0,0.0
2025-11-17,Swiggy,item,Fresh Garden Mint,1.0,0.0,0.0
2025-11-17,POS,item,Fresh Lime Juice,1.0,0.0,0.0
2025-11-17,POS,item,Garlic Bread,3.0,0.0,0.0
2025-11-17,POS,item,Loaded Fries,2.0,0.0,0.0
2025-11-17,POS,item,Mineral Water,1.0,0.0,0.0
2025-11-17,POS,item,Mint Lime Juice,3.0,0.0,0.0
2025-11-17,POS,item,Pepsi@40rs,1.0,0.0,0.0
2025-11-17,POS,item,Regular Chicken Burger,1.0,0.0,0.0
2025-11-17,POS,item,Soft Drink,1.0,0.0,0.0
2025-11-17,POS,item,Tender Coconut,2.0,0.0,0.0
2025-11-17,POS,item,Veg Burger,4.0,0.0,0.0
2025-11-17,POS,item,Veg Pasta,1.0,0.0,0.0
2025-11-16,POS,item,Veg Meal For 6,1.0,195.0,195.0
2025-11-16,POS,item,2 Medium Non-veg@759,1.0,150.0,150.0
2025-11-16,POS,item,2 Medium Veg@699,1.0,150.0,150.0
2025-11-16,POS,item,12 Inch - Large Pizza,3.0,120.0,360.0
2025-11-16,POS,item,2 Regular Non-veg@409,2.0,80.0,160.0
2025-11-16,POS,item,2 Regular Veg@349,2.0,80.0,160.0
2025-11-16,POS,item,9 Inch - Medium Pizza,3.0,75.0,225.0
2025-11-16,POS,item,Super Saver Meal Medium,1.0,75.0,75.0
2025-11-16,POS,addon,12 Inch - Large Pizza -Extra Cheese,1.0,60.0,60.0
2025-11-16,POS,item,7 Inch - Regular Pizza,13.0,40.0,520.0
2025-11-16,Swiggy,item,7 Inch - Regular Pizza,1.0,40.0,40.0
2025-11-16,POS,item,Garlic Bread With Cheese,1.0,40.0,40.0
2025-11-16,POS,item,Combo Delight Non-veg,1.0,20.0,20.0
2025-11-16,POS,item,7up 250ml Pet,1.0,0.0,0.0
2025-11-16,Swiggy,item,Black And White,1.0,0.0,0.0
2025-11-16,POS,item,Blue Mojito,1.0,0.0,0.0
2025-11-16,POS,item,Cheesy Fries,2.0,0.0,0.0
2025-11-16,POS,item,Chicken Nuggets,3.0,0.0,0.0
2025-11-16,POS,item,Chicken Pasta,1.0,0.0,0.0
2025-11-16,Swiggy,item,Chicken Pasta,1.0,0.0,0.0
2025-11-16,POS,item,Chicken Popcorn,2.0,0.0,0.0
2025-11-16,POS,item,Chikku Shake,3.0,0.0,0.0
2025-11-16,POS,item,Chocolate Shake,3.0,0.0,0.0
2025-11-16,POS,item,French Fries,4.0,0.0,0.0
2025-11-16,POS,item,Fresh Garden Mint,1.0,0.0,0.0
2025-11-16,POS,item,Fresh Lime Juice,1.0,0.0,0.0
2025-11-16,POS,item,Green Apple,2.0,0.0,0.0
2025-11-16,POS,item,Loaded Fries,5.0,0.0,0.0
2025-11-16,POS,item,Macaroni N Chicken Salad,1.0,0.0,0.0
2025-11-16,POS,item,Mineral Water,2.0,0.0,0.0
2025-11-16,POS,item,Mint Lime Juice,2.0,0.0,0.0
2025-11-16,POS,item,Mixed Chicken Salad,1.0,0.0,0.0
2025-11-16,POS,item,Passion Fruit,1.0,0.0,0.0
2025-11-16,POS,item,Pepsi@50rs,2.0,0.0,0.0
2025-11-16,POS,item,Pineapple Juice,6.0,0.0,0.0
2025-11-16,POS,item,Pizza Upgrade,1.0,0.0,0.0
2025-11-16,POS,item,Regular Chicken Burger,1.0,0.0,0.0
2025-11-16,POS,item,Sizzling Brownie,1.0,0.0,0.0
2025-11-16,POS,item,Slice 200ml,1.0,0.0,0.0
2025-11-16,POS,item,Veg Pasta,4.0,0.0,0.0
2025-11-15,POS,item,2 Medium Non-veg@759,1.0,150.0,150.0
2025-11-15,POS,item,2 Regular Veg@349,1.0,80.0,80.0
2025-11-15,POS,item,9 Inch - Medium Pizza,8.0,75.0,600.0
2025-11-15,Swiggy,item,9 Inch - Medium Pizza,1.0,75.0,75.0
2025-11-15,POS,item,7 Inch - Regular Pizza,11.0,40.0,440.0
2025-11-15,Swiggy,item,7 Inch - Regular Pizza,2.0,40.0,80.0
2025-11-15,POS,item,Garlic Bread Supreme[non-veg],1.0,40.0,40.0
2025-11-15,POS,item,7up 250ml Pet,1.0,0.0,0.0
2025-11-15,POS,item,7up @50rs,1.0,0.0,0.0
2025-11-15,POS,item,Black And White,1.0,0.0,0.0
2025-11-15,Swiggy,item,Black And White,1.0,0.0,0.0
2025-11-15,POS,item,Burger Combo @ 169,3.0,0.0,0.0
2025-11-15,POS,item,Burger Combo @ 179,1.0,0.0,0.0
2025-11-15,POS,item,Chicken Nuggets,1.0,0.0,0.0
2025-11-15,POS,item,French Fries,2.0,0.0,0.0
2025-11-15,POS,item,Fresh Garden Mint,1.0,0.0,0.0
2025-11-15,POS,item,Garlic Bread,2.0,0.0,0.0
2025-11-15,POS,item,Green Apple,1.0,0.0,0.0
2025-11-15,POS,item,Mineral Water,1.0,0.0,0.0
2025-11-15,POS,item,Pepsi 330ml Can,1.0,0.0,0.0
2025-11-15,POS,item,Regular Chicken Burger,1.0,0.0,0.0
2025-11-15,POS,item,Soft Drink,2.0,0.0,0.0
2025-11-15,POS,item,Water Melon,1.0,0.0,0.0
2025-11-14,POS,item,2 Medium Non-veg@759,1.0,150.0,150.0
2025-11-14,POS,item,12 Inch - Large Pizza,1.0,120.0,120.0
2025-11-14,POS,item,2 Regular Non-veg@409,1.0,80.0,80.0
2025-11-14,POS,item,9 Inch - Medium Pizza,3.0,75.0,225.0
2025-11-14,POS,item,Delicious Combo Delight Medium,1.0,75.0,75.0
2025-11-14,POS,item,7 Inch - Regular Pizza,4.0,40.0,160.0
2025-11-14,POS,item,Combo Delight Non-veg,2.0,20.0,40.0
2025-11-14,POS,item,7up 250ml Pet,1.0,0.0,0.0
2025-11-14,Swiggy,item,Black And White,2.0,0.0,0.0
2025-11-14,POS,item,Blue Mojito,2.0,0.0,0.0
2025-11-14,POS,item,Burger Combo @ 169,1.0,0.0,0.0
2025-11-14,POS,item,Burger Combo @ 179,1.0,0.0,0.0
2025-11-14,POS,item,Cheese N Macaroni Salad,1.0,0.0,0.0
2025-11-14,POS,item,Chicken Pasta,6.0,0.0,0.0
2025-11-14,POS,item,Chocolate Shake,1.0,0.0,0.0
2025-11-14,POS,item,French Fries,3.0,0.0,0.0
2025-11-14,POS,item,Green Apple,2.0,0.0,0.0
2025-11-14,POS,item,Loaded Fries,2.0,0.0,0.0
2025-11-14,POS,item,Mint Lime Juice,1.0,0.0,0.0
2025-11-14,POS,item,Pepsi@40rs,1.0,0.0,0.0
2025-11-14,POS,item,Pepsi@50rs,1.0,0.0,0.0
2025-11-14,POS,item,Pineapple Juice,2.0,0.0,0.0
2025-11-14,POS,item,Tender Coconut,1.0,0.0,0.0
2025-11-14,POS,item,Watermelon Juice,1.0,0.0,0.0
2025-11-14,POS,item,2 Medium Non-veg@759,1.0,150.0,150.0
2025-11-14,POS,item,12 Inch - Large Pizza,1.0,120.0,120.0
2025-11-14,POS,item,2 Regular Non-veg@409,1.0,80.0,80.0
2025-11-14,POS,item,9 Inch - Medium Pizza,3.0,75.0,225.0
2025-11-14,POS,item,Delicious Combo Delight Medium,1.0,75.0,75.0
2025-11-14,POS,item,7 Inch - Regular Pizza,4.0,40.0,160.0
2025-11-14,POS,item,Combo Delight Non-veg,2.0,20.0,40.0
2025-11-14,POS,item,7up 250ml Pet,1.0,0.0,0.0
2025-11-14,Swiggy,item,Black And White,2.0,0.0,0.0
2025-11-14,POS,item,Blue Mojito,2.0,0.0,0.0
2025-11-14,POS,item,Burger Combo @ 169,1.0,0.0,0.0
2025-11-14,POS,item,Burger Combo @ 179,1.0,0.0,0.0
2025-11-14,POS,item,Cheese N Macaroni Salad,1.0,0.0,0.0
2025-11-14,POS,item,Chicken Pasta,6.0,0.0,0.0
2025-11-14,POS,item,Chocolate Shake,1.0,0.0,0.0
2025-11-14,POS,item,French Fries,3.0,0.0,0.0
2025-11-14,POS,item,Green Apple,2.0,0.0,0.0
2025-11-14,POS,item,Loaded Fries,2.0,0.0,0.0
2025-11-14,POS,item,Mint Lime Juice,1.0,0.0,0.0
2025-11-14,POS,item,Pepsi@40rs,1.0,0.0,0.0
2025-11-14,POS,item,Pepsi@50rs,1.0,0.0,0.0
2025-11-14,POS,item,Pineapple Juice,2.0,0.0,0.0
2025-11-14,POS,item,Tender Coconut,1.0,0.0,0.0
2025-11-14,POS,item,Watermelon Juice,1.0,0.0,0.0
2025-11-13,POS,item,12 Inch - Large Pizza,4.0,120.0,480.0
2025-11-13,POS,item,2 Regular Non-veg@409,1.0,80.0,80.0
2025-11-13,POS,item,9 Inch - Medium Pizza,10.0,75.0,750.0
2025-11-13,Swiggy,item,9 Inch - Medium Pizza,1.0,75.0,75.0
2025-11-13,POS,item,7 Inch - Regular Pizza,6.0,40.0,240.0
2025-11-13,Swiggy,item,7 Inch - Regular Pizza,4.0,40.0,160.0
2025-11-13,POS,item,Garlic Bread Supreme[non-veg],1.0,40.0,40.0
2025-11-13,POS,item,Combo Delight Non-veg,1.0,20.0,20.0
2025-11-13,POS,item,7up 250ml Pet,4.0,0.0,0.0
2025-11-13,Swiggy,item,Chicken Loaded Fries,1.0,0.0,0.0
2025-11-13,POS,item,Chicken Nuggets,1.0,0.0,0.0
2025-11-13,POS,item,Chicken Pasta,3.0,0.0,0.0
2025-11-13,POS,item,Chikku Shake,1.0,0.0,0.0
2025-11-13,POS,item,Cucumber,1.0,0.0,0.0
2025-11-13,POS,item,French Fries,3.0,0.0,0.0
2025-11-13,POS,item,Fresh Lime Juice,3.0,0.0,0.0
2025-11-13,POS,item,Garlic Bread,1.0,0.0,0.0
2025-11-13,POS,item,Grapes Juice,1.0,0.0,0.0
2025-11-13,POS,item,Loaded Fries,1.0,0.0,0.0
2025-11-13,POS,item,Mint Lime Juice,6.0,0.0,0.0
2025-11-13,POS,item,Passion Fruit,1.0,0.0,0.0
2025-11-13,POS,item,Pepsi 330ml Can,2.0,0.0,0.0
2025-11-13,POS,item,Pepsi@40rs,1.0,0.0,0.0
2025-11-13,POS,item,Pepsi@50rs,3.0,0.0,0.0
2025-11-13,POS,item,Pineapple Juice,2.0,0.0,0.0
2025-11-13,POS,item,Regular Chicken Burger,7.0,0.0,0.0
2025-11-13,Swiggy,item,Roasted Chicken Salad,1.0,0.0,0.0
2025-11-13,POS,item,Veg Burger,6.0,0.0,0.0
2025-11-12,POS,item,12 Inch - Large Pizza,1.0,120.0,120.0
2025-11-12,POS,item,2 Regular Non-veg@409,1.0,80.0,80.0
2025-11-12,POS,item,2 Regular Veg@349,1.0,80.0,80.0
2025-11-12,POS,item,9 Inch - Medium Pizza,4.0,75.0,300.0
2025-11-12,POS,item,Super Saver Meal Medium,1.0,75.0,75.0
2025-11-12,POS,item,7 Inch - Regular Pizza,12.0,40.0,480.0
2025-11-12,POS,item,7up 250ml Pet,2.0,0.0,0.0
2025-11-12,Swiggy,item,Black And White,1.0,0.0,0.0
2025-11-12,POS,item,Blue Mojito,1.0,0.0,0.0
2025-11-12,POS,item,Brownie,1.0,0.0,0.0
2025-11-12,POS,item,Chicken Nuggets,1.0,0.0,0.0
2025-11-12,POS,item,Chicken Pasta,2.0,0.0,0.0
2025-11-12,POS,item,Chikku Shake,2.0,0.0,0.0
2025-11-12,POS,item,Chocolate Shake,1.0,0.0,0.0
2025-11-12,POS,item,French Fries,4.0,0.0,0.0
2025-11-12,POS,item,Greek Chicken Salad[non-veg],1.0,0.0,0.0
2025-11-12,POS,item,Green Apple,1.0,0.0,0.0
2025-11-12,POS,item,Hot Garlic Dip,1.0,0.0,0.0
2025-11-12,POS,item,Loaded Fries,2.0,0.0,0.0
2025-11-12,POS,item,Mdew 330ml Can,1.0,0.0,0.0
2025-11-12,POS,item,Mdew@40rs,2.0,0.0,0.0
2025-11-12,POS,item,Pepsi 250ml Pet,1.0,0.0,0.0
2025-11-12,POS,item,Pepsi 330ml Can,1.0,0.0,0.0
2025-11-12,POS,item,Regular Chicken Burger,7.0,0.0,0.0
2025-11-12,POS,item,Veg Burger,1.0,0.0,0.0
2025-11-12,Swiggy,item,Veg Pasta,1.0,0.0,0.0
2025-11-11,POS,item,2 Medium Non-veg@759,1.0,150.0,150.0
2025-11-11,POS,item,Non Veg Meal For 4,1.0,120.0,120.0
2025-11-11,POS,item,2 Regular Non-veg@409,3.0,80.0,240.0
2025-11-11,POS,item,9 Inch - Medium Pizza,3.0,75.0,225.0
2025-11-11,Swiggy,item,9 Inch - Medium Pizza,2.0,75.0,150.0
2025-11-11,POS,item,Delicious Combo Delight Medium,2.0,75.0,150.0
2025-11-11,POS,item,Non Veg Meal For 2,1.0,75.0,75.0
2025-11-11,POS,item,Super Saver Meal Medium,2.0,75.0,150.0
2025-11-11,POS,item,7 Inch - Regular Pizza,9.0,40.0,360.0
2025-11-11,Swiggy,item,7 Inch - Regular Pizza,2.0,40.0,80.0
2025-11-11,POS,item,Super Saver Meal Regular,2.0,40.0,80.0
2025-11-11,POS,item,Combo Delight Non-veg,3.0,20.0,60.0
2025-11-11,POS,item,Brownie With Ice Cream,1.0,0.0,0.0
2025-11-11,POS,item,Burger Combo @ 179,2.0,0.0,0.0
2025-11-11,POS,item,Chicken Nuggets,3.0,0.0,0.0
2025-11-11,POS,item,Chicken Pasta,5.0,0.0,0.0
2025-11-11,POS,item,Chocolate Shake,1.0,0.0,0.0
2025-11-11,POS,item,French Fries,4.0,0.0,0.0
2025-11-11,POS,item,Fresh Lime Juice,1.0,0.0,0.0
2025-11-11,POS,item,Garlic Bread,1.0,0.0,0.0
2025-11-11,POS,item,Greek Chicken Salad[non-veg],1.0,0.0,0.0
2025-11-11,Swiggy,item,Green Apple,2.0,0.0,0.0
2025-11-11,POS,item,Loaded Fries,1.0,0.0,0.0
2025-11-11,POS,item,Mineral Water,1.0,0.0,0.0
2025-11-11,POS,item,Mint Lime Juice,2.0,0.0,0.0
2025-11-11,POS,item,Passion Fruit,1.0,0.0,0.0
2025-11-11,POS,item,Pepsi 250ml Pet,3.0,0.0,0.0
2025-11-11,POS,item,Pepsi@40rs,2.0,0.0,0.0
2025-11-11,POS,item,Pizza Upgrade,3.0,0.0,0.0
2025-11-11,POS,item,Regular Chicken Burger,2.0,0.0,0.0
2025-11-10,POS,item,12 Inch - Large Pizza,1.0,120.0,120.0
2025-11-10,Swiggy,item,2 Regular Pizzas,2.0,80.0,160.0
2025-11-10,POS,item,2 Regular Veg@349,1.0,80.0,80.0
2025-11-10,POS,item,9 Inch - Medium Pizza,2.0,75.0,150.0
2025-11-10,Swiggy,item,9 Inch - Medium Pizza,1.0,75.0,75.0
2025-11-10,POS,item,7 Inch - Regular Pizza,6.0,40.0,240.0
2025-11-10,Swiggy,item,7 Inch - Regular Pizza,3.0,40.0,120.0
2025-11-10,POS,item,Super Saver Meal Regular,2.0,40.0,80.0
2025-11-10,POS,item,Combo Delight Non-veg,4.0,20.0,80.0
2025-11-10,Swiggy,item,Black And White,2.0,0.0,0.0
2025-11-10,POS,item,Brownie,2.0,0.0,0.0
2025-11-10,Swiggy,item,Brownie With Ice Cream,1.0,0.0,0.0
2025-11-10,POS,item,Burger Combo @ 169,1.0,0.0,0.0
2025-11-10,Swiggy,item,Chicken Pasta,1.0,0.0,0.0
2025-11-10,POS,item,Chikku Shake,1.0,0.0,0.0
2025-11-10,POS,item,Chocolate Shake,1.0,0.0,0.0
2025-11-10,Swiggy,item,French Fries,1.0,0.0,0.0
2025-11-10,Swiggy,item,Fresh Garden Mint,1.0,0.0,0.0
2025-11-10,POS,item,Pineapple Juice,1.0,0.0,0.0
2025-11-10,POS,item,Regular Chicken Burger,4.0,0.0,0.0
2025-11-10,POS,item,Soft Drink,1.0,0.0,0.0
2025-11-10,POS,item,Tender Coconut,4.0,0.0,0.0
2025-11-09,POS,item,2 Large Non-veg@1149,1.0,240.0,240.0
2025-11-09,POS,item,2 Medium Non-veg@759,1.0,150.0,150.0
2025-11-09,POS,item,2 Medium Veg@699,1.0,150.0,150.0
2025-11-09,POS,item,12 Inch - Large Pizza,5.0,120.0,600.0
2025-11-09,POS,item,2 Regular Non-veg@409,6.0,80.0,480.0
2025-11-09,POS,item,9 Inch - Medium Pizza,6.0,75.0,450.0
2025-11-09,Swiggy,item,9 Inch - Medium Pizza,2.0,75.0,150.0
2025-11-09,POS,item,7 Inch - Regular Pizza,10.0,40.0,400.0
2025-11-09,Swiggy,item,7 Inch - Regular Pizza,1.0,40.0,40.0
2025-11-09,POS,item,Garlic Bread Supreme [veg],1.0,40.0,40.0
2025-11-09,POS,item,Garlic Bread With Cheese,1.0,40.0,40.0
2025-11-09,POS,item,Super Saver Meal Regular,1.0,40.0,40.0
2025-11-09,POS,addon,9 Inch - Medium Pizza -Extra Cheese,1.0,38.0,38.0
2025-11-09,POS,item,Combo Delight Non-veg,2.0,20.0,40.0
2025-11-09,POS,item,7up@40rs,2.0,0.0,0.0
2025-11-09,POS,item,Burger Combo @ 169,2.0,0.0,0.0
2025-11-09,POS,item,French Fries,5.0,0.0,0.0
2025-11-09,POS,item,Fresh Lime Juice,6.0,0.0,0.0
2025-11-09,POS,item,Grapes Juice,3.0,0.0,0.0
2025-11-09,POS,item,Green Apple,1.0,0.0,0.0
2025-11-09,POS,item,Loaded Fries,2.0,0.0,0.0
2025-11-09,POS,item,Mdew 330ml Can,1.0,0.0,0.0
2025-11-09,POS,item,Mdew@40rs,1.0,0.0,0.0
2025-11-09,POS,item,Mint Lime Juice,7.0,0.0,0.0
2025-11-09,POS,item,Pepsi 250ml Pet,1.0,0.0,0.0
2025-11-09,POS,item,Pepsi 330ml Can,1.0,0.0,0.0
2025-11-09,POS,item,Regular Chicken Burger,1.0,0.0,0.0
2025-11-09,POS,item,Special Discount,0.0,0.0,0.0
2025-11-09,POS,item,Veg Burger,1.0,0.0,0.0
2025-11-09,POS,item,Veg Pasta,1.0,0.0,0.0
2025-11-08,POS,item,2 Medium Non-veg@759,1.0,150.0,150.0
2025-11-08,POS,item,12 Inch - Large Pizza,5.0,120.0,600.0
2025-11-08,Swiggy,item,12 Inch - Large Pizza,1.0,120.0,120.0
2025-11-08,POS,item,Non Veg Meal For 4,1.0,120.0,120.0
2025-11-08,POS,item,2 Regular Veg@349,1.0,80.0,80.0
2025-11-08,POS,item,9 Inch - Medium Pizza,7.0,75.0,525.0
2025-11-08,Swiggy,item,9 Inch - Medium Pizza,1.0,75.0,75.0
2025-11-08,POS,item,Super Saver Meal Medium,1.0,75.0,75.0
2025-11-08,POS,item,7 Inch - Regular Pizza,13.0,40.0,520.0
2025-11-08,Swiggy,item,7 Inch - Regular Pizza,1.0,40.0,40.0
2025-11-08,POS,item,Garlic Bread Supreme [veg],1.0,40.0,40.0
2025-11-08,POS,item,Garlic Bread With Cheese,2.0,40.0,80.0
2025-11-08,POS,item,Super Saver Meal Regular,1.0,40.0,40.0
2025-11-08,Swiggy,item,2 Regular Budget Pizzas,1.0,0.0,0.0
2025-11-08,POS,item,7up 250ml Pet,2.0,0.0,0.0
2025-11-08,POS,item,7up @50rs,1.0,0.0,0.0
2025-11-08,POS,item,7up@40rs,2.0,0.0,0.0
2025-11-08,POS,item,Black And White,1.0,0.0,0.0
2025-11-08,POS,item,Blue Mojito,6.0,0.0,0.0
2025-11-08,POS,item,Brownie With Ice Cream,4.0,0.0,0.0
2025-11-08,POS,item,Burger Combo @ 179,2.0,0.0,0.0
2025-11-08,POS,item,Cheese N Macaroni Salad,1.0,0.0,0.0
2025-11-08,POS,item,Cheesy Fries,1.0,0.0,0.0
2025-11-08,Swiggy,item,Chicken Loaded Fries,1.0,0.0,0.0
2025-11-08,POS,item,Chicken Nuggets,1.0,0.0,0.0
2025-11-08,Swiggy,item,Chicken Nuggets,1.0,0.0,0.0
2025-11-08,POS,item,Chicken Pasta,3.0,0.0,0.0
2025-11-08,POS,item,Chicken Popcorn,1.0,0.0,0.0
2025-11-08,POS,item,Chocolate Shake,1.0,0.0,0.0
2025-11-08,POS,item,French Fries,5.0,0.0,0.0
2025-11-08,POS,item,Fresh Garden Mint,1.0,0.0,0.0
2025-11-08,POS,item,Fresh Lime Juice,5.0,0.0,0.0
2025-11-08,POS,item,Grapes Juice,1.0,0.0,0.0
2025-11-08,POS,item,Green Apple,1.0,0.0,0.0
2025-11-08,POS,item,Loaded Fries,5.0,0.0,0.0
2025-11-08,POS,item,Mdew 250ml Pet,1.0,0.0,0.0
2025-11-08,POS,item,Mdew@40rs,1.0,0.0,0.0
2025-11-08,POS,item,Mineral Water,2.0,0.0,0.0
2025-11-08,POS,item,Mint Lime Juice,4.0,0.0,0.0
2025-11-08,POS,item,Mixed Chicken Salad,1.0,0.0,0.0
2025-11-08,POS,item,Passion Fruit,3.0,0.0,0.0
2025-11-08,POS,item,Pizza Upgrade,1.0,0.0,0.0
2025-11-08,POS,item,Regular Chicken Burger,11.0,0.0,0.0
2025-11-08,POS,item,Sizzling Brownie,1.0,0.0,0.0
2025-11-08,POS,item,Soft Drink,1.0,0.0,0.0
2025-11-08,POS,item,Strawberry,1.0,0.0,0.0
2025-11-08,POS,item,Veg Burger,3.0,0.0,0.0
2025-11-07,POS,item,2 Regular Non-veg@409,3.0,80.0,240.0
2025-11-07,POS,item,2 Regular Veg@349,1.0,80.0,80.0
2025-11-07,POS,item,9 Inch - Medium Pizza,5.0,75.0,375.0
2025-11-07,Swiggy,item,9 Inch - Medium Pizza,1.0,75.0,75.0
2025-11-07,POS,item,7 Inch - Regular Pizza,11.0,40.0,440.0
2025-11-07,Swiggy,item,7 Inch - Regular Pizza,3.0,40.0,120.0
2025-11-07,POS,item,Garlic Bread With Cheese,1.0,40.0,40.0
2025-11-07,POS,item,Super Saver Meal Regular,1.0,40.0,40.0
2025-11-07,POS,addon,9 Inch - Medium Pizza -Extra Cheese,1.0,38.0,38.0
2025-11-07,POS,addon,7 Inch - Regular Pizza -Extra Cheese,1.0,20.0,20.0
2025-11-07,POS,item,7up 250ml Pet,1.0,0.0,0.0
2025-11-07,POS,item,7up @50rs,1.0,0.0,0.0
2025-11-07,POS,item,Blue Curacao,1.0,0.0,0.0
2025-11-07,Swiggy,item,Blue Curacao,1.0,0.0,0.0
2025-11-07,POS,item,Cheesy Fries,1.0,0.0,0.0
2025-11-07,POS,item,Chicken Nuggets,3.0,0.0,0.0
2025-11-07,POS,item,Chikku Shake,1.0,0.0,0.0
2025-11-07,POS,item,French Fries,2.0,0.0,0.0
2025-11-07,Swiggy,item,French Fries,1.0,0.0,0.0
2025-11-07,POS,item,Fresh Garden Mint,1.0,0.0,0.0
2025-11-07,POS,item,Fresh Lime Juice,1.0,0.0,0.0
2025-11-07,POS,item,Garlic Bread,3.0,0.0,0.0
2025-11-07,POS,item,Loaded Fries,1.0,0.0,0.0
2025-11-07,POS,item,Pepsi 250ml Pet,1.0,0.0,0.0
2025-11-07,POS,item,Pineapple Juice,2.0,0.0,0.0
2025-11-07,POS,item,Pizza Upgrade,1.0,0.0,0.0
2025-11-07,POS,item,Regular Chicken Burger,3.0,0.0,0.0
2025-11-07,POS,item,Sizzling Brownie,1.0,0.0,0.0
2025-11-07,POS,item,Soft Drink,2.0,0.0,0.0
2025-11-07,POS,item,Tender Coconut,1.0,0.0,0.0
2025-11-07,POS,item,Veg Burger,2.0,0.0,0.0
2025-11-06,POS,item,2 Large Non-veg@1149,1.0,240.0,240.0
2025-11-06,POS,item,12 Inch - Large Pizza,2.0,120.0,240.0
2025-11-06,Swiggy,item,12 Inch - Large Pizza,1.0,120.0,120.0
2025-11-06,POS,item,2 Regular Non-veg@409,1.0,80.0,80.0
2025-11-06,POS,item,9 Inch - Medium Pizza,4.0,75.0,300.0
2025-11-06,Swiggy,item,9 Inch - Medium Pizza,2.0,75.0,150.0
2025-11-06,Swiggy,addon,12 Inch - Large Pizza -Extra Cheese,1.0,60.0,60.0
2025-11-06,POS,item,7 Inch - Regular Pizza,6.0,40.0,240.0
2025-11-06,Swiggy,item,7 Inch - Regular Pizza,2.0,40.0,80.0
2025-11-06,POS,item,Super Saver Meal Regular,1.0,40.0,40.0
2025-11-06,Swiggy,addon,9 Inch - Medium Pizza -Extra Cheese,1.0,38.0,38.0
2025-11-06,Swiggy,addon,7 Inch - Regular Pizza -Extra Cheese,1.0,20.0,20.0
2025-11-06,POS,item,Combo Delight Non-veg,1.0,20.0,20.0
2025-11-06,POS,item,7up @50rs,1.0,0.0,0.0
2025-11-06,POS,item,7up@40rs,1.0,0.0,0.0
2025-11-06,POS,item,Brownie,1.0,0.0,0.0
2025-11-06,POS,item,Brownie With Ice Cream,1.0,0.0,0.0
2025-11-06,Swiggy,item,Cheese N Macaroni Salad,1.0,0.0,0.0
2025-11-06,Swiggy,item,Chicken Loaded Fries,2.0,0.0,0.0
2025-11-06,POS,item,Chicken Nuggets,1.0,0.0,0.0
2025-11-06,POS,item,Chocolate Shake,1.0,0.0,0.0
2025-11-06,POS,item,French Fries,1.0,0.0,0.0
2025-11-06,POS,item,Mayo,1.0,0.0,0.0
2025-11-06,POS,item,Mdew 330ml Can,1.0,0.0,0.0
2025-11-06,POS,item,Mint Lime Juice,4.0,0.0,0.0
2025-11-06,POS,item,Mixed Chicken Salad,1.0,0.0,0.0
2025-11-06,POS,item,Pepsi@40rs,1.0,0.0,0.0
2025-11-06,POS,item,Regular Chicken Burger,1.0,0.0,0.0
2025-11-06,POS,item,Soft Drink,1.0,0.0,0.0
2025-11-06,POS,item,Tender Coconut,1.0,0.0,0.0
2025-11-05,POS,item,12 Inch - Large Pizza,1.0,120.0,120.0
2025-11-05,POS,item,2 Regular Non-veg@409,3.0,80.0,240.0
2025-11-05,POS,item,9 Inch - Medium Pizza,3.0,75.0,225.0
2025-11-05,POS,item,7 Inch - Regular Pizza,7.0,40.0,280.0
2025-11-05,POS,addon,9 Inch - Medium Pizza -Extra Cheese,1.0,38.0,38.0
2025-11-05,POS,item,Combo Delight Non-veg,2.0,20.0,40.0
2025-11-05,POS,item,7up @50rs,2.0,0.0,0.0
2025-11-05,POS,item,Brownie With Ice Cream,1.0,0.0,0.0
2025-11-05,POS,item,Burger Combo @ 169,1.0,0.0,0.0
2025-11-05,POS,item,Chocolate Shake,4.0,0.0,0.0
2025-11-05,POS,item,French Fries,5.0,0.0,0.0
2025-11-05,POS,item,Green Apple,2.0,0.0,0.0
2025-11-05,POS,item,Mdew 250ml Pet,1.0,0.0,0.0
2025-11-05,POS,item,Pepsi 250ml Pet,1.0,0.0,0.0
2025-11-05,POS,item,Pepsi@40rs,1.0,0.0,0.0
2025-11-05,POS,item,Pineapple Juice,2.0,0.0,0.0
2025-11-05,POS,item,Soft Drink,1.0,0.0,0.0
2025-11-05,POS,item,Veg Burger,1.0,0.0,0.0
2025-11-04,POS,item,2 Medium Non-veg@759,1.0,150.0,150.0
2025-11-04,POS,item,12 Inch - Large Pizza,1.0,120.0,120.0
2025-11-04,POS,item,2 Regular Non-veg@409,1.0,80.0,80.0
2025-11-04,POS,item,2 Regular Veg@349,1.0,80.0,80.0
2025-11-04,POS,item,9 Inch - Medium Pizza,3.0,75.0,225.0
2025-11-04,Swiggy,item,9 Inch - Medium Pizza,1.0,75.0,75.0
2025-11-04,POS,item,7 Inch - Regular Pizza,4.0,40.0,160.0
2025-11-04,Swiggy,item,7 Inch - Regular Pizza,3.0,40.0,120.0
2025-11-04,POS,item,Super Saver Meal Regular,1.0,40.0,40.0
2025-11-04,POS,addon,9 Inch - Medium Pizza -Extra Cheese,1.0,38.0,38.0
2025-11-04,Swiggy,item,2 Regular Budget Pizzas,1.0,0.0,0.0
2025-11-04,POS,item,7up 250ml Pet,1.0,0.0,0.0
2025-11-04,POS,item,Brownie With Ice Cream,1.0,0.0,0.0
2025-11-04,POS,item,Burger Combo @ 169,1.0,0.0,0.0
2025-11-04,POS,item,Burger Combo @ 179,1.0,0.0,0.0
2025-11-04,POS,item,French Fries,4.0,0.0,0.0
2025-11-04,Swiggy,item,French Fries,1.0,0.0,0.0
2025-11-04,POS,item,Loaded Fries,1.0,0.0,0.0
2025-11-04,POS,item,Mayo,1.0,0.0,0.0
2025-11-04,POS,item,Mineral Water,1.0,0.0,0.0
2025-11-04,POS,item,Mint Lime Juice,2.0,0.0,0.0
2025-11-04,POS,item,Pepsi@40rs,1.0,0.0,0.0
2025-11-04,POS,item,Regular Chicken Burger,7.0,0.0,0.0
2025-11-04,POS,item,Soft Drink,2.0,0.0,0.0
2025-11-04,POS,item,Tender Coconut,1.0,0.0,0.0
2025-11-04,POS,item,Watermelon Juice,2.0,0.0,0.0
2025-11-04,POS,item,2 Medium Non-veg@759,1.0,150.0,150.0
2025-11-04,POS,item,12 Inch - Large Pizza,1.0,120.0,120.0
2025-11-04,POS,item,2 Regular Non-veg@409,1.0,80.0,80.0
2025-11-04,POS,item,2 Regular Veg@349,1.0,80.0,80.0
2025-11-04,POS,item,9 Inch - Medium Pizza,3.0,75.0,225.0
2025-11-04,Swiggy,item,9 Inch - Medium Pizza,1.0,75.0,75.0
2025-11-04,POS,item,7 Inch - Regular Pizza,4.0,40.0,160.0
2025-11-04,Swiggy,item,7 Inch - Regular Pizza,3.0,40.0,120.0
2025-11-04,POS,item,Super Saver Meal Regular,1.0,40.0,40.0
2025-11-04,POS,addon,9 Inch - Medium Pizza -Extra Cheese,1.0,38.0,38.0
2025-11-04,Swiggy,item,2 Regular Budget Pizzas,1.0,0.0,0.0
2025-11-04,POS,item,7up 250ml Pet,1.0,0.0,0.0
2025-11-04,POS,item,Brownie With Ice Cream,1.0,0.0,0.0
2025-11-04,POS,item,Burger Combo @ 169,1.0,0.0,0.0
2025-11-04,POS,item,Burger Combo @ 179,1.0,0.0,0.0
2025-11-04,POS,item,French Fries,4.0,0.0,0.0
2025-11-04,Swiggy,item,French Fries,1.0,0.0,0.0
2025-11-04,POS,item,Loaded Fries,1.0,0.0,0.0
2025-11-04,POS,item,Mayo,1.0,0.0,0.0
2025-11-04,POS,item,Mineral Water,1.0,0.0,0.0
2025-11-04,POS,item,Mint Lime Juice,2.0,0.0,0.0
2025-11-04,POS,item,Pepsi@40rs,1.0,0.0,0.0
2025-11-04,POS,item,Regular Chicken Burger,7.0,0.0,0.0
2025-11-04,POS,item,Soft Drink,2.0,0.0,0.0
2025-11-04,POS,item,Tender Coconut,1.0,0.0,0.0
2025-11-04,POS,item,Watermelon Juice,2.0,0.0,0.0
2025-11-03,POS,item,12 Inch - Large Pizza,5.0,120.0,600.0
2025-11-03,POS,item,2 Regular Non-veg@409,1.0,80.0,80.0
2025-11-03,POS,item,2 Regular Veg@349,1.0,80.0,80.0
2025-11-03,POS,item,9 Inch - Medium Pizza,6.0,75.0,450.0
2025-11-03,Swiggy,item,9 Inch - Medium Pizza,2.0,75.0,150.0
2025-11-03,POS,item,7 Inch - Regular Pizza,4.0,40.0,160.0
2025-11-03,Swiggy,item,7 Inch - Regular Pizza,1.0,40.0,40.0
2025-11-03,POS,item,Garlic Bread With Cheese,1.0,40.0,40.0
2025-11-03,POS,item,Non Veg Meal For 1,1.0,40.0,40.0
2025-11-03,POS,item,Combo Delight Non-veg,2.0,20.0,40.0
2025-11-03,POS,item,7up @50rs,1.0,0.0,0.0
2025-11-03,POS,item,7up@40rs,3.0,0.0,0.0
2025-11-03,POS,item,Brownie,1.0,0.0,0.0
2025-11-03,POS,item,Burger Combo @ 169,2.0,0.0,0.0
2025-11-03,POS,item,Cheese N Macaroni Salad,2.0,0.0,0.0
2025-11-03,POS,item,Chicken Pasta,3.0,0.0,0.0
2025-11-03,Swiggy,item,Chicken Pasta,1.0,0.0,0.0
2025-11-03,POS,item,Chocolate Shake,1.0,0.0,0.0
2025-11-03,POS,item,French Fries,6.0,0.0,0.0
2025-11-03,POS,item,Loaded Fries,1.0,0.0,0.0
2025-11-03,POS,item,Mint Lime Juice,1.0,0.0,0.0
2025-11-03,POS,item,Pepsi@40rs,1.0,0.0,0.0
2025-11-03,POS,item,Soft Drink,1.0,0.0,0.0
2025-11-03,POS,item,Veg Burger,3.0,0.0,0.0
2025-11-03,POS,item,Veg Pasta,2.0,0.0,0.0
2025-11-02,POS,item,2 Large Non-veg@1149,2.0,240.0,480.0
2025-11-02,POS,item,2 Medium Non-veg@759,2.0,150.0,300.0
2025-11-02,POS,item,2 Medium Veg@699,1.0,150.0,150.0
2025-11-02,POS,item,2 Regular Non-veg@409,3.0,80.0,240.0
2025-11-02,POS,item,2 Regular Veg@349,1.0,80.0,80.0
2025-11-02,POS,item,9 Inch - Medium Pizza,6.0,75.0,450.0
2025-11-02,Swiggy,item,9 Inch - Medium Pizza,4.0,75.0,300.0
2025-11-02,POS,item,Super Saver Meal Medium,1.0,75.0,75.0
2025-11-02,POS,item,7 Inch - Regular Pizza,10.0,40.0,400.0
2025-11-02,Swiggy,item,7 Inch - Regular Pizza,3.0,40.0,120.0
2025-11-02,POS,item,Garlic Bread Supreme [veg],2.0,40.0,80.0
2025-11-02,POS,item,Non Veg Meal For 1,1.0,40.0,40.0
2025-11-02,POS,item,Super Saver Meal Regular,2.0,40.0,80.0
2025-11-02,POS,item,Combo Delight Non-veg,2.0,20.0,40.0
2025-11-02,POS,item,7up 250ml Pet,2.0,0.0,0.0
2025-11-02,POS,item,Blue Curacao,1.0,0.0,0.0
2025-11-02,POS,item,Brownie With Ice Cream,3.0,0.0,0.0
2025-11-02,POS,item,Burger Combo @ 179,1.0,0.0,0.0
2025-11-02,POS,item,Cheesy Fries,2.0,0.0,0.0
2025-11-02,POS,item,Chicken Nuggets,1.0,0.0,0.0
2025-11-02,POS,item,Chicken Pasta,2.0,0.0,0.0
2025-11-02,POS,item,Chocolate Shake,4.0,0.0,0.0
2025-11-02,POS,item,French Fries,4.0,0.0,0.0
2025-11-02,POS,item,Fresh Lime Juice,3.0,0.0,0.0
2025-11-02,POS,item,Grapes Juice,1.0,0.0,0.0
2025-11-02,POS,item,Green Apple,1.0,0.0,0.0
2025-11-02,POS,item,Loaded Fries,3.0,0.0,0.0
2025-11-02,POS,item,Macaroni N Chicken Salad,1.0,0.0,0.0
2025-11-02,POS,item,Mdew 330ml Can,1.0,0.0,0.0
2025-11-02,POS,item,Mineral Water,1.0,0.0,0.0
2025-11-02,POS,item,Mint Lime Juice,3.0,0.0,0.0
2025-11-02,POS,item,Pepsi 250ml Pet,1.0,0.0,0.0
2025-11-02,POS,item,Pepsi@50rs,3.0,0.0,0.0
2025-11-02,POS,item,Peri Peri Dip,1.0,0.0,0.0
2025-11-02,POS,item,Regular Chicken Burger,11.0,0.0,0.0
2025-11-02,POS,item,Soft Drink,1.0,0.0,0.0
2025-11-02,POS,item,Tender Coconut,6.0,0.0,0.0
2025-11-01,POS,item,2 Medium Non-veg@759,2.0,150.0,300.0
2025-11-01,POS,item,12 Inch - Large Pizza,3.0,120.0,360.0
2025-11-01,POS,item,2 Regular Non-veg@409,1.0,80.0,80.0
2025-11-01,POS,item,2 Regular Pizzas,1.0,80.0,80.0
2025-11-01,Swiggy,item,2 Regular Pizzas,1.0,80.0,80.0
2025-11-01,POS,item,2 Regular Veg@349,1.0,80.0,80.0
2025-11-01,POS,item,9 Inch - Medium Pizza,2.0,75.0,150.0
2025-11-01,Swiggy,item,9 Inch - Medium Pizza,1.0,75.0,75.0
2025-11-01,POS,item,Super Saver Meal Medium,1.0,75.0,75.0
2025-11-01,POS,addon,12 Inch - Large Pizza -Extra Cheese,1.0,60.0,60.0
2025-11-01,POS,item,7 Inch - Regular Pizza,9.0,40.0,360.0
2025-11-01,Swiggy,item,7 Inch - Regular Pizza,1.0,40.0,40.0
2025-11-01,POS,item,Combo Delight Non-veg,1.0,20.0,20.0
2025-11-01,POS,addon,2 Medium Non-veg@759-Extra Cheese,2.0,0.0,0.0
2025-11-01,POS,item,Brownie With Ice Cream,1.0,0.0,0.0
2025-11-01,Swiggy,item,Brownie With Ice Cream,1.0,0.0,0.0
2025-11-01,POS,item,Cheesy Fries,1.0,0.0,0.0
2025-11-01,POS,item,Chicken Nuggets,2.0,0.0,0.0
2025-11-01,POS,item,Chocolate Shake,1.0,0.0,0.0
2025-11-01,POS,item,French Fries,2.0,0.0,0.0
2025-11-01,POS,item,Loaded Fries,2.0,0.0,0.0
2025-11-01,POS,item,Mdew@40rs,1.0,0.0,0.0
2025-11-01,POS,item,Mineral Water,4.0,0.0,0.0
2025-11-01,POS,item,Pepsi 250ml Pet,2.0,0.0,0.0
2025-11-01,POS,item,Pepsi 330ml Can,1.0,0.0,0.0
2025-11-01,POS,item,Pepsi@40rs,1.0,0.0,0.0
2025-11-01,POS,item,Pepsi@50rs,2.0,0.0,0.0
2025-11-01,POS,item,Regular Chicken Burger,11.0,0.0,0.0
2025-11-01,POS,item,Special Discount,0.0,0.0,0.0
2025-11-01,POS,item,Tender Coconut,3.0,0.0,0.0
2025-11-01,POS,item,Veg Burger,1.0,0.0,0.0
2025-10-31,POS,item,12 Inch - Large Pizza,2.0,120.0,240.0
2025-10-31,POS,item,9 Inch - Medium Pizza,5.0,75.0,375.0
2025-10-31,POS,item,7 Inch - Regular Pizza,9.0,40.0,360.0
2025-10-31,Swiggy,item,7 Inch - Regular Pizza,3.0,40.0,120.0
2025-10-31,POS,item,Garlic Bread With Cheese,1.0,40.0,40.0
2025-10-31,POS,item,Non Veg Meal For 1,1.0,40.0,40.0
2025-10-31,POS,item,Combo Delight Non-veg,3.0,20.0,60.0
2025-10-31,POS,item,7up 250ml Pet,1.0,0.0,0.0
2025-10-31,POS,item,Cheesy Fries,1.0,0.0,0.0
2025-10-31,POS,item,Chicken Pasta,1.0,0.0,0.0
2025-10-31,POS,item,French Fries,9.0,0.0,0.0
2025-10-31,POS,item,Fresh Lime Juice,1.0,0.0,0.0
2025-10-31,POS,item,Loaded Fries,1.0,0.0,0.0
2025-10-31,POS,item,Mdew 250ml Pet,1.0,0.0,0.0
2025-10-31,POS,item,Mdew 330ml Can,1.0,0.0,0.0
2025-10-31,POS,item,Mint Lime Juice,2.0,0.0,0.0
2025-10-31,POS,item,Mixed Chicken Salad,1.0,0.0,0.0
2025-10-31,POS,item,Nutty Vanilla,1.0,0.0,0.0
2025-10-31,POS,item,Pepsi 250ml Pet,1.0,0.0,0.0
2025-10-31,POS,item,Pepsi 330ml Can,1.0,0.0,0.0
2025-10-31,POS,item,Pepsi@40rs,1.0,0.0,0.0
2025-10-31,POS,item,Regular Chicken Burger,7.0,0.0,0.0
2025-10-31,POS,item,Roasted Chicken Salad,1.0,0.0,0.0
2025-10-31,POS,item,Slice 200ml,1.0,0.0,0.0
2025-10-31,POS,item,Soft Drink,1.0,0.0,0.0
2025-10-31,POS,item,Tender Coconut,1.0,0.0,0.0
2025-10-30,POS,item,2 Medium Non-veg@759,1.0,150.0,150.0
2025-10-30,POS,item,12 Inch - Large Pizza,5.0,120.0,600.0
2025-10-30,POS,item,Non Veg Meal For 4,1.0,120.0,120.0
2025-10-30,POS,item,2 Regular Non-veg@409,3.0,80.0,240.0
2025-10-30,POS,item,9 Inch - Medium Pizza,4.0,75.0,300.0
2025-10-30,Swiggy,item,9 Inch - Medium Pizza,2.0,75.0,150.0
2025-10-30,POS,item,7 Inch - Regular Pizza,7.0,40.0,280.0
2025-10-30,Swiggy,item,7 Inch - Regular Pizza,3.0,40.0,120.0
2025-10-30,Swiggy,item,Bada Saver Meal Regular,1.0,40.0,40.0
2025-10-30,POS,item,Garlic Bread With Cheese,1.0,40.0,40.0
2025-10-30,Swiggy,item,Garlic Bread With Cheese,1.0,40.0,40.0
2025-10-30,POS,item,7up 250ml Pet,3.0,0.0,0.0
2025-10-30,POS,item,7up @50rs,1.0,0.0,0.0
2025-10-30,POS,item,7up@40rs,2.0,0.0,0.0
2025-10-30,POS,item,Brownie,1.0,0.0,0.0
2025-10-30,POS,item,Brownie With Ice Cream,1.0,0.0,0.0
2025-10-30,POS,item,Cheese N Macaroni Salad,1.0,0.0,0.0
2025-10-30,POS,item,Cheesy Fries,1.0,0.0,0.0
2025-10-30,POS,item,Chicken Nuggets Burger,1.0,0.0,0.0
2025-10-30,POS,item,Chicken Pasta,5.0,0.0,0.0
2025-10-30,POS,item,Chicken Popcorn,1.0,0.0,0.0
2025-10-30,POS,item,French Fries,7.0,0.0,0.0
2025-10-30,POS,item,Fresh Lime Juice,1.0,0.0,0.0
2025-10-30,POS,item,Mdew@40rs,1.0,0.0,0.0
2025-10-30,POS,item,Mint Lime Juice,2.0,0.0,0.0
2025-10-30,POS,item,Potato Wedges,1.0,0.0,0.0
2025-10-30,Swiggy,item,Potato Wedges,1.0,0.0,0.0
2025-10-30,POS,item,Regular Chicken Burger,3.0,0.0,0.0
2025-10-30,POS,item,Soft Drink,3.0,0.0,0.0
2025-10-30,POS,item,Veg Burger,2.0,0.0,0.0
2025-10-30,POS,item,Watermelon Juice,1.0,0.0,0.0
2025-10-29,POS,item,2 Large Non-veg@1149,1.0,240.0,240.0
2025-10-29,POS,item,2 Medium Non-veg@759,1.0,150.0,150.0
2025-10-29,POS,item,12 Inch - Large Pizza,2.0,120.0,240.0
2025-10-29,POS,item,Non Veg Meal For 4,1.0,120.0,120.0
2025-10-29,POS,item,2 Regular Non-veg@409,2.0,80.0,160.0
2025-10-29,POS,item,9 Inch - Medium Pizza,8.0,75.0,600.0
2025-10-29,Swiggy,item,7 Inch - Regular Pizza,4.0,40.0,160.0
2025-10-29,POS,item,7 Inch - Regular Pizza,1.0,40.0,40.0
2025-10-29,POS,item,Garlic Bread With Cheese,1.0,40.0,40.0
2025-10-29,POS,item,Super Saver Meal Regular,1.0,40.0,40.0
2025-10-29,POS,item,Combo Delight Veg,1.0,20.0,20.0
2025-10-29,POS,item,Blue Mojito,3.0,0.0,0.0
2025-10-29,POS,item,Brownie With Ice Cream,2.0,0.0,0.0
2025-10-29,POS,item,Burger Combo @ 179,2.0,0.0,0.0
2025-10-29,Swiggy,item,Chicken Pasta,1.0,0.0,0.0
2025-10-29,POS,item,French Fries,3.0,0.0,0.0
2025-10-29,POS,item,Fresh Lime Juice,2.0,0.0,0.0
2025-10-29,POS,item,Loaded Fries,1.0,0.0,0.0
2025-10-29,POS,item,Mineral Water,1.0,0.0,0.0
2025-10-29,POS,item,Mixed Berry,1.0,0.0,0.0
2025-10-29,Swiggy,item,Passion Mint,1.0,0.0,0.0
2025-10-29,POS,item,Pepsi 250ml Pet,1.0,0.0,0.0
2025-10-29,POS,item,Pepsi@50rs,1.0,0.0,0.0
2025-10-29,POS,item,Pineapple Juice,2.0,0.0,0.0
2025-10-29,POS,item,Pizza Upgrade,1.0,0.0,0.0
2025-10-29,POS,item,Regular Chicken Burger,7.0,0.0,0.0
2025-10-29,POS,item,Veg Burger,1.0,0.0,0.0
2025-10-29,POS,item,Water Melon,1.0,0.0,0.0
2025-10-29,POS,item,Watermelon Juice,1.0,0.0,0.0
2025-10-28,POS,item,2 Medium Non-veg@759,3.0,150.0,450.0
2025-10-28,POS,item,12 Inch - Large Pizza,1.0,120.0,120.0
2025-10-28,POS,item,2 Regular Non-veg@409,2.0,80.0,160.0
2025-10-28,POS,item,9 Inch - Medium Pizza,6.0,75.0,450.0
2025-10-28,POS,item,Super Saver Meal Medium,1.0,75.0,75.0
2025-10-28,POS,item,7 Inch - Regular Pizza,11.0,40.0,440.0
2025-10-28,Swiggy,item,7 Inch - Regular Pizza,2.0,40.0,80.0
2025-10-28,POS,item,7up 250ml Pet,1.0,0.0,0.0
2025-10-28,POS,item,7up 330ml Can,1.0,0.0,0.0
2025-10-28,POS,item,Bubble Gum,1.0,0.0,0.0
2025-10-28,POS,item,Cheesy Fries,1.0,0.0,0.0
2025-10-28,POS,item,Chicken Pasta,5.0,0.0,0.0
2025-10-28,POS,item,Chocolate Shake,1.0,0.0,0.0
2025-10-28,POS,item,Coleslaw Salad,1.0,0.0,0.0
2025-10-28,POS,item,French Fries,3.0,0.0,0.0
2025-10-28,POS,item,Green Apple,1.0,0.0,0.0
2025-10-28,POS,item,Loaded Fries,3.0,0.0,0.0
2025-10-28,Swiggy,item,Macaroni N Chicken Salad,1.0,0.0,0.0
2025-10-28,POS,item,Passion Fruit,1.0,0.0,0.0
2025-10-28,POS,item,Pepsi 250ml Pet,1.0,0.0,0.0
2025-10-28,POS,item,Pineapple Juice,3.0,0.0,0.0
2025-10-28,POS,item,Pizza Upgrade,1.0,0.0,0.0
2025-10-28,POS,item,Regular Chicken Burger,1.0,0.0,0.0
2025-10-28,POS,item,Slice 200ml,1.0,0.0,0.0
2025-10-28,POS,item,Soft Drink,2.0,0.0,0.0
2025-10-28,POS,item,Tender Coconut,2.0,0.0,0.0
2025-10-28,POS,item,Veg Burger,4.0,0.0,0.0
2025-10-28,POS,item,Veg Pasta,1.0,0.0,0.0
2025-10-28,POS,item,2 Medium Non-veg@759,3.0,150.0,450.0
2025-10-28,POS,item,12 Inch - Large Pizza,1.0,120.0,120.0
2025-10-28,POS,item,2 Regular Non-veg@409,2.0,80.0,160.0
2025-10-28,POS,item,9 Inch - Medium Pizza,6.0,75.0,450.0
2025-10-28,POS,item,Super Saver Meal Medium,1.0,75.0,75.0
2025-10-28,POS,item,7 Inch - Regular Pizza,11.0,40.0,440.0
2025-10-28,Swiggy,item,7 Inch - Regular Pizza,2.0,40.0,80.0
2025-10-28,POS,item,7up 250ml Pet,1.0,0.0,0.0
2025-10-28,POS,item,7up 330ml Can,1.0,0.0,0.0
2025-10-28,POS,item,Bubble Gum,1.0,0.0,0.0
2025-10-28,POS,item,Cheesy Fries,1.0,0.0,0.0
2025-10-28,POS,item,Chicken Pasta,5.0,0.0,0.0
2025-10-28,POS,item,Chocolate Shake,1.0,0.0,0.0
2025-10-28,POS,item,Coleslaw Salad,1.0,0.0,0.0
2025-10-28,POS,item,French Fries,3.0,0.0,0.0
2025-10-28,POS,item,Green Apple,1.0,0.0,0.0
2025-10-28,POS,item,Loaded Fries,3.0,0.0,0.0
2025-10-28,Swiggy,item,Macaroni N Chicken Salad,1.0,0.0,0.0
2025-10-28,POS,item,Passion Fruit,1.0,0.0,0.0
2025-10-28,POS,item,Pepsi 250ml Pet,1.0,0.0,0.0
2025-10-28,POS,item,Pineapple Juice,3.0,0.0,0.0
2025-10-28,POS,item,Pizza Upgrade,1.0,0.0,0.0
2025-10-28,POS,item,Regular Chicken Burger,1.0,0.0,0.0
2025-10-28,POS,item,Slice 200ml,1.0,0.0,0.0
2025-10-28,POS,item,Soft Drink,2.0,0.0,0.0
2025-10-28,POS,item,Tender Coconut,2.0,0.0,0.0
2025-10-28,POS,item,Veg Burger,4.0,0.0,0.0
2025-10-28,POS,item,Veg Pasta,1.0,0.0,0.0
2025-10-27,POS,item,2 Medium Veg@699,1.0,150.0,150.0
2025-10-27,Swiggy,item,12 Inch - Large Pizza,4.0,120.0,480.0
2025-10-27,POS,item,12 Inch - Large Pizza,1.0,120.0,120.0
2025-10-27,POS,item,2 Regular Non-veg@409,3.0,80.0,240.0
2025-10-27,POS,item,9 Inch - Medium Pizza,6.0,75.0,450.0
2025-10-27,POS,item,7 Inch - Regular Pizza,9.0,40.0,360.0
2025-10-27,POS,item,Garlic Bread With Cheese,1.0,40.0,40.0
2025-10-27,POS,item,Super Saver Meal Regular,1.0,40.0,40.0
2025-10-27,POS,item,7up 330ml Can,1.0,0.0,0.0
2025-10-27,POS,item,Blue Mojito,2.0,0.0,0.0
2025-10-27,POS,item,Brownie With Ice Cream,1.0,0.0,0.0
2025-10-27,Swiggy,item,Brownie With Ice Cream,1.0,0.0,0.0
2025-10-27,POS,item,Burger Combo @ 169,1.0,0.0,0.0
2025-10-27,POS,item,Chicken Nuggets,1.0,0.0,0.0
2025-10-27,POS,item,Chicken Pasta,2.0,0.0,0.0
2025-10-27,Swiggy,item,Chicken Pasta,1.0,0.0,0.0
2025-10-27,POS,item,French Fries,1.0,0.0,0.0
2025-10-27,Swiggy,item,French Fries,1.0,0.0,0.0
2025-10-27,POS,item,Mint Lime Juice,1.0,0.0,0.0
2025-10-27,POS,item,Mixed Chicken Salad,2.0,0.0,0.0
2025-10-27,POS,item,Pepsi 250ml Pet,2.0,0.0,0.0
2025-10-27,POS,item,Pepsi 330ml Can,1.0,0.0,0.0
2025-10-27,POS,item,Regular Chicken Burger,2.0,0.0,0.0
2025-10-27,POS,item,Sizzling Brownie,1.0,0.0,0.0
2025-10-26,POS,item,2 Large Non-veg@1149,1.0,240.0,240.0
2025-10-26,POS,item,2 Medium Non-veg@759,3.0,150.0,450.0
2025-10-26,POS,item,12 Inch - Large Pizza,1.0,120.0,120.0
2025-10-26,POS,item,2 Regular Non-veg@409,2.0,80.0,160.0
2025-10-26,POS,item,2 Regular Veg@349,1.0,80.0,80.0
2025-10-26,POS,item,9 Inch - Medium Pizza,7.0,75.0,525.0
2025-10-26,POS,item,7 Inch - Regular Pizza,9.0,40.0,360.0
2025-10-26,swiggy,item,7 Inch - Regular Pizza,2.0,40.0,80.0
2025-10-26,Swiggy,item,7 Inch - Regular Pizza,1.0,40.0,40.0
2025-10-26,Swiggy,item,Bada Saver Meal Regular,1.0,40.0,40.0
2025-10-26,POS,addon,9 Inch - Medium Pizza -Extra Cheese,1.0,38.0,38.0
2025-10-26,POS,addon,7 Inch - Regular Pizza -Extra Cheese,3.0,20.0,60.0
2025-10-26,POS,item,Combo Delight Non-veg,1.0,20.0,20.0
2025-10-26,POS,item,7up 330ml Can,1.0,0.0,0.0
2025-10-26,POS,item,7up@40rs,2.0,0.0,0.0
2025-10-26,POS,item,Blue Mojito,1.0,0.0,0.0
2025-10-26,POS,item,Brownie,1.0,0.0,0.0
2025-10-26,POS,item,Brownie With Ice Cream,1.0,0.0,0.0
2025-10-26,POS,item,Bubble Gum,1.0,0.0,0.0
2025-10-26,POS,item,Burger Combo @ 179,1.0,0.0,0.0
2025-10-26,POS,item,Cheese N Macaroni Salad,1.0,0.0,0.0
2025-10-26,POS,item,Cheesy Fries,1.0,0.0,0.0
2025-10-26,Swiggy,item,Chicken Loaded Fries,1.0,0.0,0.0
2025-10-26,POS,item,Chicken Nuggets,1.0,0.0,0.0
2025-10-26,POS,item,Chicken Pasta,2.0,0.0,0.0
2025-10-26,Swiggy,item,Chicken Pasta,1.0,0.0,0.0
2025-10-26,POS,item,Chikku Shake,2.0,0.0,0.0
2025-10-26,POS,item,Chocolate Shake,3.0,0.0,0.0
2025-10-26,POS,item,French Fries,5.0,0.0,0.0
2025-10-26,Swiggy,item,French Fries,1.0,0.0,0.0
2025-10-26,POS,item,Grapes Juice,4.0,0.0,0.0
2025-10-26,POS,item,Greek Salad,1.0,0.0,0.0
2025-10-26,Swiggy,item,Hot Garlic Dip,1.0,0.0,0.0
2025-10-26,POS,item,Mdew 250ml Pet,1.0,0.0,0.0
2025-10-26,POS,item,Mineral Water,6.0,0.0,0.0
2025-10-26,POS,item,Mint Lime Juice,1.0,0.0,0.0
2025-10-26,POS,item,Mixed Chicken Salad,1.0,0.0,0.0
2025-10-26,Swiggy,item,Passion Mint,1.0,0.0,0.0
2025-10-26,POS,item,Pepsi@50rs,1.0,0.0,0.0
2025-10-26,POS,item,Pink Lady,1.0,0.0,0.0
2025-10-26,POS,item,Regular Chicken Burger,5.0,0.0,0.0
2025-10-26,POS,item,Soda,1.0,0.0,0.0
2025-10-26,POS,item,Tender Coconut,1.0,0.0,0.0
2025-10-25,POS,item,2 Large Non-veg@1149,1.0,240.0,240.0
2025-10-25,POS,item,2 Medium Non-veg@759,2.0,150.0,300.0
2025-10-25,POS,item,12 Inch - Large Pizza,5.0,120.0,600.0
2025-10-25,POS,item,2 Regular Non-veg@409,1.0,80.0,80.0
2025-10-25,POS,item,2 Regular Veg@349,1.0,80.0,80.0
2025-10-25,POS,item,9 Inch - Medium Pizza,9.0,75.0,675.0
2025-10-25,Swiggy,item,9 Inch - Medium Pizza,1.0,75.0,75.0
2025-10-25,POS,item,7 Inch - Regular Pizza,11.0,40.0,440.0
2025-10-25,Swiggy,item,7 Inch - Regular Pizza,2.0,40.0,80.0
2025-10-25,POS,item,Garlic Bread With Cheese,3.0,40.0,120.0
2025-10-25,POS,item,Super Saver Meal Regular,2.0,40.0,80.0
2025-10-25,POS,item,Veg Meal For 1,1.0,40.0,40.0
2025-10-25,Swiggy,addon,7 Inch - Regular Pizza -Extra Cheese,1.0,20.0,20.0
2025-10-25,POS,item,Combo Delight Non-veg,1.0,20.0,20.0
2025-10-25,POS,item,Blue Curacao,1.0,0.0,0.0
2025-10-25,POS,item,Blue Mojito,2.0,0.0,0.0
2025-10-25,POS,item,Brownie,1.0,0.0,0.0
2025-10-25,POS,item,Brownie With Ice Cream,1.0,0.0,0.0
2025-10-25,POS,item,Burger Combo @ 179,1.0,0.0,0.0
2025-10-25,Swiggy,item,Butterscotch Sundae,1.0,0.0,0.0
2025-10-25,POS,item,Cheese N Macaroni Salad,1.0,0.0,0.0
2025-10-25,POS,item,Cheesy Fries,1.0,0.0,0.0
2025-10-25,POS,item,Chicken Nuggets,1.0,0.0,0.0
2025-10-25,POS,item,Chicken Pasta,1.0,0.0,0.0
2025-10-25,POS,item,French Fries,4.0,0.0,0.0
2025-10-25,Swiggy,item,French Fries,1.0,0.0,0.0
2025-10-25,POS,item,Fresh Garden Mint,2.0,0.0,0.0
2025-10-25,POS,item,Fresh Lime Juice,1.0,0.0,0.0
2025-10-25,POS,item,Green Apple,4.0,0.0,0.0
2025-10-25,Swiggy,item,Green Apple,1.0,0.0,0.0
2025-10-25,Swiggy,item,Hot Garlic Dip,1.0,0.0,0.0
2025-10-25,POS,item,Loaded Fries,3.0,0.0,0.0
2025-10-25,POS,item,Mineral Water,1.0,0.0,0.0
2025-10-25,POS,item,Mixed Chicken Salad,1.0,0.0,0.0
2025-10-25,POS,item,Passion Fruit,2.0,0.0,0.0
2025-10-25,Swiggy,item,Passion Mint,3.0,0.0,0.0
2025-10-25,POS,item,Pepsi 250ml Pet,2.0,0.0,0.0
2025-10-25,POS,item,Pepsi 330ml Can,1.0,0.0,0.0
2025-10-25,POS,item,Pepsi@50rs,2.0,0.0,0.0
2025-10-25,POS,item,Pineapple Juice,1.0,0.0,0.0
2025-10-25,Swiggy,item,Potato Wedges,1.0,0.0,0.0
2025-10-25,POS,item,Regular Chicken Burger,4.0,0.0,0.0
2025-10-25,POS,item,Tender Coconut,1.0,0.0,0.0
2025-10-25,POS,item,Veg Burger,2.0,0.0,0.0
2025-10-25,POS,item,Veg Pasta,2.0,0.0,0.0
2025-10-25,POS,item,Water Melon,1.0,0.0,0.0
2025-10-25,POS,item,2 Large Non-veg@1149,1.0,240.0,240.0
2025-10-25,POS,item,2 Medium Non-veg@759,2.0,150.0,300.0
2025-10-25,POS,item,12 Inch - Large Pizza,5.0,120.0,600.0
2025-10-25,POS,item,2 Regular Non-veg@409,1.0,80.0,80.0
2025-10-25,POS,item,2 Regular Veg@349,1.0,80.0,80.0
2025-10-25,POS,item,9 Inch - Medium Pizza,9.0,75.0,675.0
2025-10-25,Swiggy,item,9 Inch - Medium Pizza,1.0,75.0,75.0
2025-10-25,POS,item,7 Inch - Regular Pizza,11.0,40.0,440.0
2025-10-25,Swiggy,item,7 Inch - Regular Pizza,2.0,40.0,80.0
2025-10-25,POS,item,Garlic Bread With Cheese,3.0,40.0,120.0
2025-10-25,POS,item,Super Saver Meal Regular,2.0,40.0,80.0
2025-10-25,POS,item,Veg Meal For 1,1.0,40.0,40.0
2025-10-25,Swiggy,addon,7 Inch - Regular Pizza -Extra Cheese,1.0,20.0,20.0
2025-10-25,POS,item,Combo Delight Non-veg,1.0,20.0,20.0
2025-10-25,POS,item,Blue Curacao,1.0,0.0,0.0
2025-10-25,POS,item,Blue Mojito,2.0,0.0,0.0
2025-10-25,POS,item,Brownie,1.0,0.0,0.0
2025-10-25,POS,item,Brownie With Ice Cream,1.0,0.0,0.0
2025-10-25,POS,item,Burger Combo @ 179,1.0,0.0,0.0
2025-10-25,Swiggy,item,Butterscotch Sundae,1.0,0.0,0.0
2025-10-25,POS,item,Cheese N Macaroni Salad,1.0,0.0,0.0
2025-10-25,POS,item,Cheesy Fries,1.0,0.0,0.0
2025-10-25,POS,item,Chicken Nuggets,1.0,0.0,0.0
2025-10-25,POS,item,Chicken Pasta,1.0,0.0,0.0
2025-10-25,POS,item,French Fries,4.0,0.0,0.0
2025-10-25,Swiggy,item,French Fries,1.0,0.0,0.0
2025-10-25,POS,item,Fresh Garden Mint,2.0,0.0,0.0
2025-10-25,POS,item,Fresh Lime Juice,1.0,0.0,0.0
2025-10-25,POS,item,Green Apple,4.0,0.0,0.0
2025-10-25,Swiggy,item,Green Apple,1.0,0.0,0.0
2025-10-25,Swiggy,item,Hot Garlic Dip,1.0,0.0,0.0
2025-10-25,POS,item,Loaded Fries,3.0,0.0,0.0
2025-10-25,POS,item,Mineral Water,1.0,0.0,0.0
2025-10-25,POS,item,Mixed Chicken Salad,1.0,0.0,0.0
2025-10-25,POS,item,Passion Fruit,2.0,0.0,0.0
2025-10-25,Swiggy,item,Passion Mint,3.0,0.0,0.0
2025-10-25,POS,item,Pepsi 250ml Pet,2.0,0.0,0.0
2025-10-25,POS,item,Pepsi 330ml Can,1.0,0.0,0.0
2025-10-25,POS,item,Pepsi@50rs,2.0,0.0,0.0
2025-10-25,POS,item,Pineapple Juice,1.0,0.0,0.0
2025-10-25,Swiggy,item,Potato Wedges,1.0,0.0,0.0
2025-10-25,POS,item,Regular Chicken Burger,4.0,0.0,0.0
2025-10-25,POS,item,Tender Coconut,1.0,0.0,0.0
2025-10-25,POS,item,Veg Burger,2.0,0.0,0.0
2025-10-25,POS,item,Veg Pasta,2.0,0.0,0.0
2025-10-25,POS,item,Water Melon,1.0,0.0,0.0
2025-10-24,POS,item,2 Medium Non-veg@759,2.0,150.0,300.0
2025-10-24,POS,item,12 Inch - Large Pizza,2.0,120.0,240.0
2025-10-24,Swiggy,item,12 Inch - Large Pizza,1.0,120.0,120.0
2025-10-24,POS,item,Veg Meal For 4,1.0,120.0,120.0
2025-10-24,POS,item,2 Regular Non-veg@409,3.0,80.0,240.0
2025-10-24,POS,item,9 Inch - Medium Pizza,6.0,75.0,450.0
2025-10-24,Swiggy,item,9 Inch - Medium Pizza,1.0,75.0,75.0
2025-10-24,POS,item,7 Inch - Regular Pizza,4.0,40.0,160.0
2025-10-24,Swiggy,item,7 Inch - Regular Pizza,2.0,40.0,80.0
2025-10-24,POS,addon,9 Inch - Medium Pizza -Extra Cheese,1.0,38.0,38.0
2025-10-24,POS,item,Combo Delight Non-veg,6.0,20.0,120.0
2025-10-24,POS,item,7up 250ml Pet,1.0,0.0,0.0
2025-10-24,POS,item,7up 330ml Can,1.0,0.0,0.0
2025-10-24,POS,item,Blue Mojito,1.0,0.0,0.0
2025-10-24,Swiggy,item,Brownie With Ice Cream,1.0,0.0,0.0
2025-10-24,POS,item,Burger Combo @ 169,1.0,0.0,0.0
2025-10-24,POS,item,Chicken Nuggets,1.0,0.0,0.0
2025-10-24,POS,item,Chicken Pasta,4.0,0.0,0.0
2025-10-24,POS,item,Chocolate Shake,3.0,0.0,0.0
2025-10-24,POS,item,French Fries,5.0,0.0,0.0
2025-10-24,POS,item,Fresh Lime Juice,1.0,0.0,0.0
2025-10-24,POS,item,Garlic Bread,1.0,0.0,0.0
2025-10-24,POS,item,Loaded Fries,2.0,0.0,0.0
2025-10-24,POS,item,Mdew 330ml Can,2.0,0.0,0.0
2025-10-24,POS,item,Mineral Water,1.0,0.0,0.0
2025-10-24,POS,item,Mint Lime Juice,1.0,0.0,0.0
2025-10-24,POS,item,Pepsi 250ml Pet,1.0,0.0,0.0
2025-10-24,POS,item,Pepsi@50rs,3.0,0.0,0.0
2025-10-24,POS,item,Pineapple Juice,4.0,0.0,0.0
2025-10-24,POS,item,Pizza Upgrade,1.0,0.0,0.0
2025-10-24,POS,item,Potato Wedges,1.0,0.0,0.0
2025-10-24,POS,item,Regular Chicken Burger,2.0,0.0,0.0
2025-10-24,POS,item,Soft Drink,3.0,0.0,0.0
2025-10-24,POS,item,Veg Burger,5.0,0.0,0.0
2025-10-23,POS,item,12 Inch - Large Pizza,1.0,120.0,120.0
2025-10-23,POS,item,2 Regular Non-veg@409,1.0,80.0,80.0
2025-10-23,POS,item,9 Inch - Medium Pizza,7.0,75.0,525.0
2025-10-23,POS,item,7 Inch - Regular Pizza,8.0,40.0,320.0
2025-10-23,Swiggy,item,7 Inch - Regular Pizza,3.0,40.0,120.0
2025-10-23,POS,item,Garlic Bread Supreme [veg],1.0,40.0,40.0
2025-10-23,POS,item,Super Saver Meal Regular,3.0,40.0,120.0
2025-10-23,POS,addon,9 Inch - Medium Pizza -Extra Cheese,2.0,38.0,76.0
2025-10-23,POS,item,Combo Delight Non-veg,2.0,20.0,40.0
2025-10-23,Swiggy,item,Blue Mojito,1.0,0.0,0.0
2025-10-23,POS,item,Brownie With Ice Cream,1.0,0.0,0.0
2025-10-23,POS,item,Chicken Nuggets,1.0,0.0,0.0
2025-10-23,Swiggy,item,Chicken Nuggets,1.0,0.0,0.0
2025-10-23,POS,item,Chicken Nuggets Burger,1.0,0.0,0.0
2025-10-23,POS,item,Chicken Pasta,1.0,0.0,0.0
2025-10-23,Swiggy,item,Chicken Pasta,1.0,0.0,0.0
2025-10-23,POS,item,Coleslaw Salad,1.0,0.0,0.0
2025-10-23,POS,item,French Fries,1.0,0.0,0.0
2025-10-23,POS,item,Fresh Garden Mint,1.0,0.0,0.0
2025-10-23,POS,item,Loaded Fries,2.0,0.0,0.0
2025-10-23,POS,item,Mdew 250ml Pet,2.0,0.0,0.0
2025-10-23,POS,item,Mineral Water,1.0,0.0,0.0
2025-10-23,POS,item,Mint Lime Juice,3.0,0.0,0.0
2025-10-23,POS,item,Pepsi 250ml Pet,1.0,0.0,0.0
2025-10-23,POS,item,Pepsi 330ml Can,1.0,0.0,0.0
2025-10-23,POS,item,Pepsi@50rs,1.0,0.0,0.0
2025-10-23,POS,item,Regular Chicken Burger,3.0,0.0,0.0
2025-10-23,POS,item,Soft Drink,1.0,0.0,0.0
2025-10-23,POS,item,Veg Burger,1.0,0.0,0.0
2025-10-22,POS,item,12 Inch - Large Pizza,3.0,120.0,360.0
2025-10-22,POS,item,2 Regular Non-veg@409,5.0,80.0,400.0
2025-10-22,Swiggy,item,2 Regular Pizzas,1.0,80.0,80.0
2025-10-22,POS,item,9 Inch - Medium Pizza,7.0,75.0,525.0
2025-10-22,POS,item,Super Saver Meal Medium,2.0,75.0,150.0
2025-10-22,POS,addon,12 Inch - Large Pizza -Extra Cheese,1.0,60.0,60.0
2025-10-22,POS,item,7 Inch - Regular Pizza,17.0,40.0,680.0
2025-10-22,Swiggy,item,7 Inch - Regular Pizza,1.0,40.0,40.0
2025-10-22,POS,item,Delicious Combo Delight Regular,1.0,40.0,40.0
2025-10-22,POS,item,Garlic Bread Supreme [veg],1.0,40.0,40.0
2025-10-22,POS,item,Super Saver Meal Regular,1.0,40.0,40.0
2025-10-22,POS,item,Combo Delight Non-veg,1.0,20.0,20.0
2025-10-22,POS,item,7up 250ml Pet,2.0,0.0,0.0
2025-10-22,POS,item,Blue Mojito,1.0,0.0,0.0
2025-10-22,Swiggy,item,Blue Mojito,1.0,0.0,0.0
2025-10-22,POS,item,Brownie With Ice Cream,2.0,0.0,0.0
2025-10-22,POS,item,Burger Combo @ 169,1.0,0.0,0.0
2025-10-22,POS,item,Burger Combo @ 179,2.0,0.0,0.0
2025-10-22,POS,item,Butterscotch Sundae,1.0,0.0,0.0
2025-10-22,POS,item,Chicken Pasta,3.0,0.0,0.0
2025-10-22,POS,item,Chikku Shake,1.0,0.0,0.0
2025-10-22,POS,item,Chocolate Shake,1.0,0.0,0.0
2025-10-22,POS,item,French Fries,7.0,0.0,0.0
2025-10-22,POS,item,Grapes Juice,1.0,0.0,0.0
2025-10-22,POS,item,Green Apple,2.0,0.0,0.0
2025-10-22,POS,item,Mayo,1.0,0.0,0.0
2025-10-22,POS,item,Mdew 250ml Pet,1.0,0.0,0.0
2025-10-22,POS,item,Mdew@40rs,3.0,0.0,0.0
2025-10-22,POS,item,Mint Lime Juice,3.0,0.0,0.0
2025-10-22,POS,item,Mixed Chicken Salad,3.0,0.0,0.0
2025-10-22,POS,item,Pepsi 250ml Pet,2.0,0.0,0.0
2025-10-22,POS,item,Pepsi@40rs,3.0,0.0,0.0
2025-10-22,POS,item,Pineapple Juice,4.0,0.0,0.0
2025-10-22,POS,item,Pizza Upgrade,1.0,0.0,0.0
2025-10-22,POS,item,Potato Wedges,1.0,0.0,0.0
2025-10-22,POS,item,Regular Chicken Burger,9.0,0.0,0.0
2025-10-22,POS,item,Soft Drink,4.0,0.0,0.0
2025-10-22,POS,item,Veg Burger,4.0,0.0,0.0
2025-10-22,POS,item,Veg Pasta,2.0,0.0,0.0
2025-10-22,POS,item,Watermelon Juice,2.0,0.0,0.0
2025-10-21,POS,item,2 Large Non-veg@1149,1.0,240.0,240.0
2025-10-21,POS,item,12 Inch - Large Pizza,5.0,120.0,600.0
2025-10-21,Swiggy,item,12 Inch - Large Pizza,2.0,120.0,240.0
2025-10-21,POS,item,Non Veg Meal For 4,1.0,120.0,120.0
2025-10-21,POS,item,2 Regular Non-veg@409,1.0,80.0,80.0
2025-10-21,POS,item,9 Inch - Medium Pizza,6.0,75.0,450.0
2025-10-21,Swiggy,addon,12 Inch - Large Pizza -Extra Cheese,1.0,60.0,60.0
2025-10-21,POS,item,7 Inch - Regular Pizza,12.0,40.0,480.0
2025-10-21,Swiggy,item,7 Inch - Regular Pizza,4.0,40.0,160.0
2025-10-21,POS,item,Garlic Bread With Cheese,1.0,40.0,40.0
2025-10-21,POS,item,Combo Delight Non-veg,1.0,20.0,20.0
2025-10-21,POS,item,7up 250ml Pet,1.0,0.0,0.0
2025-10-21,POS,item,7up@40rs,1.0,0.0,0.0
2025-10-21,POS,item,Blue Mojito,2.0,0.0,0.0
2025-10-21,Swiggy,item,Blue Mojito,1.0,0.0,0.0
2025-10-21,POS,item,Brownie With Ice Cream,2.0,0.0,0.0
2025-10-21,POS,item,Cheese N Macaroni Salad,1.0,0.0,0.0
2025-10-21,Swiggy,item,Cheesy Dip,1.0,0.0,0.0
2025-10-21,POS,item,Chicken Nuggets,1.0,0.0,0.0
2025-10-21,POS,item,Chicken Nuggets Burger,4.0,0.0,0.0
2025-10-21,POS,item,Chicken Pasta,1.0,0.0,0.0
2025-10-21,POS,item,French Fries,3.0,0.0,0.0
2025-10-21,Swiggy,item,French Fries,1.0,0.0,0.0
2025-10-21,POS,item,Fresh Garden Mint,2.0,0.0,0.0
2025-10-21,POS,item,Greek Salad,1.0,0.0,0.0
2025-10-21,POS,item,Loaded Fries,2.0,0.0,0.0
2025-10-21,POS,item,Mdew 330ml Can,1.0,0.0,0.0
2025-10-21,POS,item,Mineral Water,3.0,0.0,0.0
2025-10-21,POS,item,Mixed Chicken Salad,1.0,0.0,0.0
2025-10-21,POS,item,Passion Fruit,1.0,0.0,0.0
2025-10-21,POS,item,Pepsi 250ml Pet,2.0,0.0,0.0
2025-10-21,POS,item,Pepsi@50rs,2.0,0.0,0.0
2025-10-21,POS,item,Potato Wedges,1.0,0.0,0.0
2025-10-21,POS,item,Regular Chicken Burger,4.0,0.0,0.0
2025-10-21,POS,item,Strawberry,1.0,0.0,0.0
2025-10-21,POS,item,Tender Coconut,2.0,0.0,0.0
2025-10-20,POS,item,2 Medium Non-veg@759,1.0,150.0,150.0
2025-10-20,POS,item,12 Inch - Large Pizza,3.0,120.0,360.0
2025-10-20,Swiggy,item,12 Inch - Large Pizza,2.0,120.0,240.0
2025-10-20,POS,item,9 Inch - Medium Pizza,8.0,75.0,600.0
2025-10-20,POS,item,Super Saver Meal Medium,1.0,75.0,75.0
2025-10-20,Swiggy,addon,12 Inch - Large Pizza -Extra Cheese,2.0,60.0,120.0
2025-10-20,POS,item,7 Inch - Regular Pizza,10.0,40.0,400.0
2025-10-20,Swiggy,item,7 Inch - Regular Pizza,1.0,40.0,40.0
2025-10-20,POS,item,Garlic Bread Supreme [veg],1.0,40.0,40.0
2025-10-20,POS,item,Garlic Bread With Cheese,1.0,40.0,40.0
2025-10-20,POS,item,Combo Delight Non-veg,2.0,20.0,40.0
2025-10-20,POS,item,7up 250ml Pet,1.0,0.0,0.0
2025-10-20,POS,item,7up 330ml Can,1.0,0.0,0.0
2025-10-20,POS,item,7up@40rs,2.0,0.0,0.0
2025-10-20,POS,item,Blue Mojito,3.0,0.0,0.0
2025-10-20,POS,item,Brownie With Ice Cream,2.0,0.0,0.0
2025-10-20,POS,item,Cheesy Fries,3.0,0.0,0.0
2025-10-20,POS,item,Chicken Nuggets,1.0,0.0,0.0
2025-10-20,POS,item,Chikku Shake,1.0,0.0,0.0
2025-10-20,POS,item,French Fries,5.0,0.0,0.0
2025-10-20,POS,item,Fresh Lime Juice,1.0,0.0,0.0
2025-10-20,POS,item,Garlic Bread,1.0,0.0,0.0
2025-10-20,POS,item,Mdew@40rs,1.0,0.0,0.0
2025-10-20,POS,item,Mineral Water,1.0,0.0,0.0
2025-10-20,POS,item,Mint Lime Juice,1.0,0.0,0.0
2025-10-20,Swiggy,item,Nutty Vanilla,2.0,0.0,0.0
2025-10-20,POS,item,Pineapple Juice,1.0,0.0,0.0
2025-10-20,POS,item,Regular Chicken Burger,1.0,0.0,0.0
2025-10-20,POS,item,Sizzling Brownie,1.0,0.0,0.0
2025-10-20,Swiggy,item,Veg Pasta,1.0,0.0,0.0
2025-10-20,POS,item,Watermelon Juice,2.0,0.0,0.0
2025-10-20,POS,item,2 Medium Non-veg@759,1.0,150.0,150.0
2025-10-20,POS,item,12 Inch - Large Pizza,3.0,120.0,360.0
2025-10-20,Swiggy,item,12 Inch - Large Pizza,2.0,120.0,240.0
2025-10-20,POS,item,9 Inch - Medium Pizza,8.0,75.0,600.0
2025-10-20,POS,item,Super Saver Meal Medium,1.0,75.0,75.0
2025-10-20,Swiggy,addon,12 Inch - Large Pizza -Extra Cheese,2.0,60.0,120.0
2025-10-20,POS,item,7 Inch - Regular Pizza,10.0,40.0,400.0
2025-10-20,Swiggy,item,7 Inch - Regular Pizza,1.0,40.0,40.0
2025-10-20,POS,item,Garlic Bread Supreme [veg],1.0,40.0,40.0
2025-10-20,POS,item,Garlic Bread With Cheese,1.0,40.0,40.0
2025-10-20,POS,item,Combo Delight Non-veg,2.0,20.0,40.0
2025-10-20,POS,item,7up 250ml Pet,1.0,0.0,0.0
2025-10-20,POS,item,7up 330ml Can,1.0,0.0,0.0
2025-10-20,POS,item,7up@40rs,2.0,0.0,0.0
2025-10-20,POS,item,Blue Mojito,3.0,0.0,0.0
2025-10-20,POS,item,Brownie With Ice Cream,2.0,0.0,0.0
2025-10-20,POS,item,Cheesy Fries,3.0,0.0,0.0
2025-10-20,POS,item,Chicken Nuggets,1.0,0.0,0.0
2025-10-20,POS,item,Chikku Shake,1.0,0.0,0.0
2025-10-20,POS,item,French Fries,5.0,0.0,0.0
2025-10-20,POS,item,Fresh Lime Juice,1.0,0.0,0.0
2025-10-20,POS,item,Garlic Bread,1.0,0.0,0.0
2025-10-20,POS,item,Mdew@40rs,1.0,0.0,0.0
2025-10-20,POS,item,Mineral Water,1.0,0.0,0.0
2025-10-20,POS,item,Mint Lime Juice,1.0,0.0,0.0
2025-10-20,Swiggy,item,Nutty Vanilla,2.0,0.0,0.0
2025-10-20,POS,item,Pineapple Juice,1.0,0.0,0.0
2025-10-20,POS,item,Regular Chicken Burger,1.0,0.0,0.0
2025-10-20,POS,item,Sizzling Brownie,1.0,0.0,0.0
2025-10-20,Swiggy,item,Veg Pasta,1.0,0.0,0.0
2025-10-20,POS,item,Watermelon Juice,2.0,0.0,0.0
2025-10-19,Swiggy,item,2 Medium Pizzas,1.0,150.0,150.0
2025-10-19,POS,item,12 Inch - Large Pizza,3.0,120.0,360.0
2025-10-19,POS,item,2 Regular Non-veg@409,2.0,80.0,160.0
2025-10-19,POS,item,9 Inch - Medium Pizza,11.0,75.0,825.0
2025-10-19,POS,item,Super Saver Meal Medium,4.0,75.0,300.0
2025-10-19,POS,item,7 Inch - Regular Pizza,8.0,40.0,320.0
2025-10-19,Swiggy,item,7 Inch - Regular Pizza,1.0,40.0,40.0
2025-10-19,POS,item,Super Saver Meal Regular,1.0,40.0,40.0
2025-10-19,POS,item,Combo Delight Non-veg,1.0,20.0,20.0
2025-10-19,POS,item,7up 250ml Pet,1.0,0.0,0.0
2025-10-19,POS,item,7up @50rs,1.0,0.0,0.0
2025-10-19,POS,item,7up@40rs,1.0,0.0,0.0
2025-10-19,POS,item,Burger Combo @ 169,2.0,0.0,0.0
2025-10-19,POS,item,Burger Combo @ 199,1.0,0.0,0.0
2025-10-19,POS,item,Chicken Pasta,3.0,0.0,0.0
2025-10-19,POS,item,Chicken Popcorn,1.0,0.0,0.0
2025-10-19,POS,item,Chocolate Shake,1.0,0.0,0.0
2025-10-19,POS,item,French Fries,2.0,0.0,0.0
2025-10-19,POS,item,Fresh Lime Juice,1.0,0.0,0.0
2025-10-19,POS,item,Green Apple,3.0,0.0,0.0
2025-10-19,POS,item,Loaded Fries,1.0,0.0,0.0
2025-10-19,POS,item,Mineral Water,3.0,0.0,0.0
2025-10-19,POS,item,Mint Lime Juice,1.0,0.0,0.0
2025-10-19,POS,item,Mixed Chicken Salad,1.0,0.0,0.0
2025-10-19,POS,item,Pepsi@40rs,2.0,0.0,0.0
2025-10-19,POS,item,Pepsi@50rs,1.0,0.0,0.0
2025-10-19,POS,item,Pineapple Juice,2.0,0.0,0.0
2025-10-19,POS,item,Pizza Upgrade,2.0,0.0,0.0
2025-10-19,POS,item,Regular Chicken Burger,2.0,0.0,0.0
2025-10-19,POS,item,Soft Drink,4.0,0.0,0.0
2025-10-19,POS,item,Tender Coconut,4.0,0.0,0.0
2025-10-18,POS,item,2 Large Veg@999,1.0,240.0,240.0
2025-10-18,POS,item,12 Inch - Large Pizza,1.0,120.0,120.0
2025-10-18,POS,item,Non Veg Meal For 4,1.0,120.0,120.0
2025-10-18,POS,item,2 Regular Non-veg@409,2.0,80.0,160.0
2025-10-18,POS,item,9 Inch - Medium Pizza,3.0,75.0,225.0
2025-10-18,Swiggy,item,9 Inch - Medium Pizza,1.0,75.0,75.0
2025-10-18,POS,item,Delicious Combo Delight Medium,1.0,75.0,75.0
2025-10-18,POS,item,7 Inch - Regular Pizza,8.0,40.0,320.0
2025-10-18,Swiggy,item,7 Inch - Regular Pizza,2.0,40.0,80.0
2025-10-18,POS,item,Garlic Bread With Cheese,1.0,40.0,40.0
2025-10-18,POS,item,Super Saver Meal Regular,1.0,40.0,40.0
2025-10-18,POS,item,Combo Delight Non-veg,1.0,20.0,20.0
2025-10-18,POS,item,7up 250ml Pet,2.0,0.0,0.0
2025-10-18,POS,item,Brownie,1.0,0.0,0.0
2025-10-18,POS,item,Burger Combo @ 169,1.0,0.0,0.0
2025-10-18,POS,item,Cheesy Fries,3.0,0.0,0.0
2025-10-18,POS,item,Chicken Nuggets,1.0,0.0,0.0
2025-10-18,POS,item,Chicken Pasta,1.0,0.0,0.0
2025-10-18,POS,item,Chikku Shake,2.0,0.0,0.0
2025-10-18,POS,item,Chocolate Shake,1.0,0.0,0.0
2025-10-18,POS,item,Coleslaw Salad,1.0,0.0,0.0
2025-10-18,POS,item,French Fries,3.0,0.0,0.0
2025-10-18,POS,item,Greek Chicken Salad[non-veg],1.0,0.0,0.0
2025-10-18,POS,item,Passion Fruit,1.0,0.0,0.0
2025-10-18,POS,item,Pepsi@50rs,1.0,0.0,0.0
2025-10-18,POS,item,Pineapple Juice,2.0,0.0,0.0
2025-10-18,POS,item,Pizza Upgrade,1.0,0.0,0.0
2025-10-18,POS,item,Regular Chicken Burger,1.0,0.0,0.0
2025-10-18,POS,item,Soft Drink,1.0,0.0,0.0
2025-10-18,POS,item,Tender Coconut,1.0,0.0,0.0
2025-10-18,POS,item,Veg Pasta,4.0,0.0,0.0
2025-10-18,POS,item,Watermelon Juice,1.0,0.0,0.0
2025-10-17,POS,item,2 Medium Non-veg@759,1.0,150.0,150.0
2025-10-17,POS,item,12 Inch - Large Pizza,2.0,120.0,240.0
2025-10-17,POS,item,2 Regular Veg@349,1.0,80.0,80.0
2025-10-17,POS,item,9 Inch - Medium Pizza,2.0,75.0,150.0
2025-10-17,POS,item,7 Inch - Regular Pizza,10.0,40.0,400.0
2025-10-17,Swiggy,item,7 Inch - Regular Pizza,2.0,40.0,80.0
2025-10-17,POS,item,7up @50rs,1.0,0.0,0.0
2025-10-17,POS,item,Burger Combo @ 179,1.0,0.0,0.0
2025-10-17,POS,item,Cheese N Macaroni Salad,1.0,0.0,0.0
2025-10-17,Swiggy,item,Chicken Loaded Fries,1.0,0.0,0.0
2025-10-17,POS,item,Chicken Nuggets,1.0,0.0,0.0
2025-10-17,POS,item,Chicken Pasta,2.0,0.0,0.0
2025-10-17,POS,item,Chikku Shake,4.0,0.0,0.0
2025-10-17,POS,item,Chocolate Shake,2.0,0.0,0.0
2025-10-17,POS,item,French Fries,1.0,0.0,0.0
2025-10-17,POS,item,Garlic Bread,1.0,0.0,0.0
2025-10-17,POS,item,Grapes Juice,4.0,0.0,0.0
2025-10-17,POS,item,Green Apple,1.0,0.0,0.0
2025-10-17,POS,item,Mdew@40rs,1.0,0.0,0.0
2025-10-17,POS,item,Pepsi 250ml Pet,1.0,0.0,0.0
2025-10-17,POS,item,Pink Lady,1.0,0.0,0.0
2025-10-17,Swiggy,item,Roasted Chicken Salad,1.0,0.0,0.0
2025-10-17,POS,item,Veg Pasta,2.0,0.0,0.0
2025-10-16,POS,item,2 Medium Non-veg@759,1.0,150.0,150.0
2025-10-16,POS,item,12 Inch - Large Pizza,1.0,120.0,120.0
2025-10-16,POS,item,Non Veg Meal For 4,1.0,120.0,120.0
2025-10-16,POS,item,2 Regular Non-veg@409,1.0,80.0,80.0
2025-10-16,Swiggy,item,2 Regular Pizzas,1.0,80.0,80.0
2025-10-16,POS,item,9 Inch - Medium Pizza,4.0,75.0,300.0
2025-10-16,POS,item,Super Saver Meal Medium,1.0,75.0,75.0
2025-10-16,Swiggy,item,7 Inch - Regular Pizza,5.0,40.0,200.0
2025-10-16,POS,item,7 Inch - Regular Pizza,2.0,40.0,80.0
2025-10-16,Swiggy,item,Bada Saver Meal Regular,1.0,40.0,40.0
2025-10-16,Swiggy,item,Garlic Bread Supreme [Veg],1.0,40.0,40.0
2025-10-16,POS,item,Garlic Bread With Cheese,2.0,40.0,80.0
2025-10-16,POS,item,Super Saver Meal Regular,1.0,40.0,40.0
2025-10-16,Swiggy,addon,7 Inch - Regular Pizza -Extra Cheese,1.0,20.0,20.0
2025-10-16,POS,item,Burger Combo @ 169,1.0,0.0,0.0
2025-10-16,POS,item,Cheesy Fries,4.0,0.0,0.0
2025-10-16,Swiggy,item,Chicken Loaded Fries,1.0,0.0,0.0
2025-10-16,Swiggy,item,Chicken Nuggets,1.0,0.0,0.0
2025-10-16,POS,item,Chicken Pasta,2.0,0.0,0.0
2025-10-16,POS,item,Chikku Shake,2.0,0.0,0.0
2025-10-16,POS,item,Coleslaw Salad,1.0,0.0,0.0
2025-10-16,POS,item,Garlic Bread,1.0,0.0,0.0
2025-10-16,POS,item,Loaded Fries,5.0,0.0,0.0
2025-10-16,POS,item,Mdew 250ml Pet,1.0,0.0,0.0
2025-10-16,POS,item,Mdew@40rs,1.0,0.0,0.0
2025-10-16,POS,item,Mint Lime Juice,1.0,0.0,0.0
2025-10-16,POS,item,Pepsi 250ml Pet,1.0,0.0,0.0
2025-10-16,POS,item,Pineapple Juice,1.0,0.0,0.0
2025-10-16,POS,item,Pizza Upgrade,2.0,0.0,0.0
2025-10-16,Swiggy,item,Potato Wedges,1.0,0.0,0.0
2025-10-16,POS,item,Soft Drink,1.0,0.0,0.0
2025-10-16,POS,item,Veg Burger,1.0,0.0,0.0
2025-10-16,POS,item,Veg Pasta,2.0,0.0,0.0
2025-10-15,POS,item,12 Inch - Large Pizza,4.0,120.0,480.0
2025-10-15,POS,item,Non Veg Meal For 4,1.0,120.0,120.0
2025-10-15,POS,item,2 Regular Non-veg@409,1.0,80.0,80.0
2025-10-15,POS,item,9 Inch - Medium Pizza,3.0,75.0,225.0
2025-10-15,Swiggy,item,9 Inch - Medium Pizza,1.0,75.0,75.0
2025-10-15,POS,item,Super Saver Meal Medium,1.0,75.0,75.0
2025-10-15,POS,item,7 Inch - Regular Pizza,10.0,40.0,400.0
2025-10-15,Swiggy,item,7 Inch - Regular Pizza,2.0,40.0,80.0
2025-10-15,POS,item,Garlic Bread With Cheese,2.0,40.0,80.0
2025-10-15,POS,item,Super Saver Meal Regular,1.0,40.0,40.0
2025-10-15,POS,item,Combo Delight Non-veg,2.0,20.0,40.0
2025-10-15,POS,item,7up@40rs,1.0,0.0,0.0
2025-10-15,POS,item,Black And White,1.0,0.0,0.0
2025-10-15,POS,item,Burger Combo @ 169,2.0,0.0,0.0
2025-10-15,POS,item,Burger Combo @ 179,3.0,0.0,0.0
2025-10-15,POS,item,Cheesy Fries,1.0,0.0,0.0
2025-10-15,POS,item,Chicken Nuggets Burger,1.0,0.0,0.0
2025-10-15,POS,item,Chicken Pasta,2.0,0.0,0.0
2025-10-15,POS,item,Chikku Shake,1.0,0.0,0.0
2025-10-15,POS,item,French Fries,2.0,0.0,0.0
2025-10-15,POS,item,Mdew 250ml Pet,1.0,0.0,0.0
2025-10-15,POS,item,Mdew@40rs,2.0,0.0,0.0
2025-10-15,POS,item,Mint Lime Juice,2.0,0.0,0.0
2025-10-15,POS,item,Pepsi 250ml Pet,2.0,0.0,0.0
2025-10-15,POS,item,Pizza Upgrade,1.0,0.0,0.0
2025-10-15,POS,item,Potato Wedges,1.0,0.0,0.0
2025-10-15,POS,item,Regular Chicken Burger,4.0,0.0,0.0
2025-10-15,POS,item,Roasted Chicken Salad,1.0,0.0,0.0
2025-10-15,POS,item,Soda,2.0,0.0,0.0
2025-10-15,POS,item,Veg Burger,2.0,0.0,0.0
2025-10-15,POS,item,Veg Pasta,2.0,0.0,0.0
2025-10-15,POS,item,Watermelon Juice,2.0,0.0,0.0
2025-10-14,POS,item,2 Medium Non-veg@759,1.0,150.0,150.0
2025-10-14,POS,item,12 Inch - Large Pizza,1.0,120.0,120.0
2025-10-14,POS,item,2 Regular Non-veg@409,3.0,80.0,240.0
2025-10-14,POS,item,9 Inch - Medium Pizza,4.0,75.0,300.0
2025-10-14,POS,item,Delicious Combo Delight Medium,3.0,75.0,225.0
2025-10-14,POS,item,7 Inch - Regular Pizza,7.0,40.0,280.0
2025-10-14,Swiggy,item,7 Inch - Regular Pizza,3.0,40.0,120.0
2025-10-14,POS,item,Delicious Combo Delight Regular,1.0,40.0,40.0
2025-10-14,POS,item,Garlic Bread With Cheese,2.0,40.0,80.0
2025-10-14,POS,addon,2 Regular Non-veg@409-Extra Cheese,2.0,0.0,0.0
2025-10-14,POS,item,7up @50rs,1.0,0.0,0.0
2025-10-14,POS,item,7up@40rs,2.0,0.0,0.0
2025-10-14,POS,item,Blue Mojito,1.0,0.0,0.0
2025-10-14,POS,item,Burger Combo @ 179,2.0,0.0,0.0
2025-10-14,Swiggy,item,Chicken Loaded Fries,1.0,0.0,0.0
2025-10-14,POS,item,Chicken Nuggets,3.0,0.0,0.0
2025-10-14,POS,item,Chicken Pasta,4.0,0.0,0.0
2025-10-14,Swiggy,item,Chicken Pasta,1.0,0.0,0.0
2025-10-14,POS,item,Fresh Garden Mint,1.0,0.0,0.0
2025-10-14,POS,item,Fresh Lime Juice,2.0,0.0,0.0
2025-10-14,POS,item,Loaded Fries,1.0,0.0,0.0
2025-10-14,POS,item,Mdew@40rs,2.0,0.0,0.0
2025-10-14,POS,item,Pizza Upgrade,1.0,0.0,0.0
2025-10-14,POS,item,Regular Chicken Burger,3.0,0.0,0.0
2025-10-14,POS,item,Soda,1.0,0.0,0.0
2025-10-14,POS,item,Soft Drink,1.0,0.0,0.0
2025-10-14,POS,item,Strawberry,2.0,0.0,0.0
2025-10-14,POS,item,Watermelon Juice,2.0,0.0,0.0
2025-10-13,POS,item,2 Medium Non-veg@759,1.0,150.0,150.0
2025-10-13,POS,item,12 Inch - Large Pizza,1.0,120.0,120.0
2025-10-13,POS,item,2 Regular Non-veg@409,1.0,80.0,80.0
2025-10-13,POS,item,9 Inch - Medium Pizza,2.0,75.0,150.0
2025-10-13,POS,item,7 Inch - Regular Pizza,6.0,40.0,240.0
2025-10-13,Swiggy,item,7 Inch - Regular Pizza,2.0,40.0,80.0
2025-10-13,POS,item,Super Saver Meal Regular,2.0,40.0,80.0
2025-10-13,POS,item,7up @50rs,1.0,0.0,0.0
2025-10-13,POS,item,Brownie With Ice Cream,1.0,0.0,0.0
2025-10-13,POS,item,Burger Combo @ 179,1.0,0.0,0.0
2025-10-13,POS,item,Chicken Nuggets,1.0,0.0,0.0
2025-10-13,POS,item,Chicken Pasta,5.0,0.0,0.0
2025-10-13,POS,item,French Fries,3.0,0.0,0.0
2025-10-13,POS,item,Fresh Garden Mint,1.0,0.0,0.0
2025-10-13,POS,item,Mdew 250ml Pet,2.0,0.0,0.0
2025-10-13,POS,item,Mdew 330ml Can,2.0,0.0,0.0
2025-10-13,POS,item,Pineapple Juice,2.0,0.0,0.0
2025-10-13,POS,item,Pizza Upgrade,1.0,0.0,0.0
2025-10-13,POS,item,Regular Chicken Burger,1.0,0.0,0.0
2025-10-13,POS,item,Soft Drink,2.0,0.0,0.0
2025-10-13,POS,item,Veg Pasta,1.0,0.0,0.0
2025-10-12,POS,item,2 Medium Non-veg@759,2.0,150.0,300.0
2025-10-12,POS,item,12 Inch - Large Pizza,3.0,120.0,360.0
2025-10-12,Swiggy,item,12 Inch - Large Pizza,3.0,120.0,360.0
2025-10-12,POS,item,2 Regular Veg@349,1.0,80.0,80.0
2025-10-12,POS,item,9 Inch - Medium Pizza,5.0,75.0,375.0
2025-10-12,POS,item,7 Inch - Regular Pizza,13.0,40.0,520.0
2025-10-12,Swiggy,item,7 Inch - Regular Pizza,3.0,40.0,120.0
2025-10-12,POS,item,Super Saver Meal Regular,1.0,40.0,40.0
2025-10-12,POS,addon,7 Inch - Regular Pizza -Extra Cheese,1.0,20.0,20.0
2025-10-12,POS,item,7up @50rs,1.0,0.0,0.0
2025-10-12,POS,item,Brownie,1.0,0.0,0.0
2025-10-12,POS,item,Burger Combo @ 179,1.0,0.0,0.0
2025-10-12,POS,item,Chicken Pasta,4.0,0.0,0.0
2025-10-12,Swiggy,item,Chicken Pasta,1.0,0.0,0.0
2025-10-12,POS,item,Chicken Popcorn,1.0,0.0,0.0
2025-10-12,POS,item,Chocolate Shake,1.0,0.0,0.0
2025-10-12,POS,item,French Fries,4.0,0.0,0.0
2025-10-12,POS,item,Fresh Lime Juice,4.0,0.0,0.0
2025-10-12,POS,item,Loaded Fries,3.0,0.0,0.0
2025-10-12,POS,item,Macaroni N Chicken Salad,1.0,0.0,0.0
2025-10-12,POS,item,Mdew 250ml Pet,1.0,0.0,0.0
2025-10-12,POS,item,Mint Lime Juice,2.0,0.0,0.0
2025-10-12,POS,item,Passion Fruit,1.0,0.0,0.0
2025-10-12,POS,item,Pepsi 250ml Can,4.0,0.0,0.0
2025-10-12,POS,item,Pepsi 250ml Pet,2.0,0.0,0.0
2025-10-12,POS,item,Regular Chicken Burger,6.0,0.0,0.0
2025-10-12,POS,item,Slice@40rs,1.0,0.0,0.0
2025-10-12,POS,item,Soft Drink,1.0,0.0,0.0
2025-10-12,POS,item,Special Discount,0.0,0.0,0.0
2025-10-11,POS,item,2 Medium Non-veg@759,2.0,150.0,300.0
2025-10-11,POS,item,Non Veg Meal For 4,1.0,120.0,120.0
2025-10-11,POS,item,2 Regular Non-veg@409,2.0,80.0,160.0
2025-10-11,Swiggy,item,2 Regular Pizzas,1.0,80.0,80.0
2025-10-11,POS,item,2 Regular Veg@349,1.0,80.0,80.0
2025-10-11,POS,item,9 Inch - Medium Pizza,2.0,75.0,150.0
2025-10-11,Swiggy,item,9 Inch - Medium Pizza,1.0,75.0,75.0
2025-10-11,POS,item,7 Inch - Regular Pizza,10.0,40.0,400.0
2025-10-11,Swiggy,item,7 Inch - Regular Pizza,5.0,40.0,200.0
2025-10-11,Swiggy,item,Garlic Bread Supreme[non-veg],1.0,40.0,40.0
2025-10-11,POS,item,Garlic Bread With Cheese,1.0,40.0,40.0
2025-10-11,POS,item,Super Saver Meal Regular,1.0,40.0,40.0
2025-10-11,POS,item,Combo Delight Non-veg,2.0,20.0,40.0
2025-10-11,Swiggy,item,2 Regular Budget Pizzas,1.0,0.0,0.0
2025-10-11,POS,item,7up @50rs,1.0,0.0,0.0
2025-10-11,POS,item,7up@40rs,1.0,0.0,0.0
2025-10-11,POS,item,Burger Combo @ 169,1.0,0.0,0.0
2025-10-11,Swiggy,item,Chicken Loaded Fries,1.0,0.0,0.0
2025-10-11,POS,item,Chicken Nuggets,1.0,0.0,0.0
2025-10-11,POS,item,Chilly Potato Shots,1.0,0.0,0.0
2025-10-11,POS,item,French Fries,7.0,0.0,0.0
2025-10-11,Swiggy,item,Fresh Garden Mint,1.0,0.0,0.0
2025-10-11,POS,item,Greek Salad,1.0,0.0,0.0
2025-10-11,POS,item,Loaded Fries,1.0,0.0,0.0
2025-10-11,POS,item,Mdew 250ml Pet,1.0,0.0,0.0
2025-10-11,POS,item,Pepsi 250ml Pet,1.0,0.0,0.0
2025-10-11,POS,item,Pepsi@50rs,1.0,0.0,0.0
2025-10-11,POS,item,Pineapple Juice,2.0,0.0,0.0
2025-10-11,POS,item,Pizza Upgrade,1.0,0.0,0.0
2025-10-11,POS,item,Regular Chicken Burger,3.0,0.0,0.0
2025-10-11,POS,item,Soda,1.0,0.0,0.0
2025-10-10,POS,item,2 Medium Non-veg@759,1.0,150.0,150.0
2025-10-10,POS,item,2 Medium Veg@699,1.0,150.0,150.0
2025-10-10,POS,item,12 Inch - Large Pizza,3.0,120.0,360.0
2025-10-10,POS,item,2 Regular Non-veg@409,2.0,80.0,160.0
2025-10-10,POS,item,9 Inch - Medium Pizza,3.0,75.0,225.0
2025-10-10,Swiggy,item,9 Inch - Medium Pizza,1.0,75.0,75.0
2025-10-10,POS,item,Super Saver Meal Medium,1.0,75.0,75.0
2025-10-10,POS,item,7 Inch - Regular Pizza,9.0,40.0,360.0
2025-10-10,Swiggy,item,7 Inch - Regular Pizza,2.0,40.0,80.0
2025-10-10,POS,item,Combo Delight Non-veg,2.0,20.0,40.0
2025-10-10,POS,item,7up @50rs,1.0,0.0,0.0
2025-10-10,POS,item,Blue Mojito,5.0,0.0,0.0
2025-10-10,POS,item,Brownie With Ice Cream,1.0,0.0,0.0
2025-10-10,POS,item,Burger Combo @ 169,2.0,0.0,0.0
2025-10-10,POS,item,Burger Combo @ 179,1.0,0.0,0.0
2025-10-10,POS,item,Chicken Nuggets,3.0,0.0,0.0
2025-10-10,POS,item,Chicken Pasta,4.0,0.0,0.0
2025-10-10,POS,item,French Fries,5.0,0.0,0.0
2025-10-10,POS,item,Fresh Lime Juice,1.0,0.0,0.0
2025-10-10,POS,item,Grapes Juice,1.0,0.0,0.0
2025-10-10,POS,item,Loaded Fries,2.0,0.0,0.0
2025-10-10,POS,item,Mdew@40rs,1.0,0.0,0.0
2025-10-10,POS,item,Mint Lime Juice,4.0,0.0,0.0
2025-10-10,POS,item,Passion Fruit,1.0,0.0,0.0
2025-10-10,POS,item,Pineapple Juice,1.0,0.0,0.0
2025-10-10,POS,item,Soda,1.0,0.0,0.0
2025-10-10,POS,item,Soft Drink,1.0,0.0,0.0
2025-10-10,POS,item,Tender Coconut,1.0,0.0,0.0
2025-10-09,POS,item,2 Medium Non-veg@759,1.0,150.0,150.0
2025-10-09,POS,item,12 Inch - Large Pizza,4.0,120.0,480.0
2025-10-09,POS,item,2 Regular Non-veg@409,1.0,80.0,80.0
2025-10-09,POS,item,9 Inch - Medium Pizza,7.0,75.0,525.0
2025-10-09,POS,item,Super Saver Meal Medium,2.0,75.0,150.0
2025-10-09,POS,item,7 Inch - Regular Pizza,10.0,40.0,400.0
2025-10-09,Swiggy,item,7 Inch - Regular Pizza,1.0,40.0,40.0
2025-10-09,POS,item,Super Saver Meal Regular,1.0,40.0,40.0
2025-10-09,POS,addon,9 Inch - Medium Pizza -Extra Cheese,1.0,38.0,38.0
2025-10-09,Swiggy,addon,7 Inch - Regular Pizza -Extra Cheese,1.0,20.0,20.0
2025-10-09,POS,item,Combo Delight Non-veg,2.0,20.0,40.0
2025-10-09,POS,item,Blue Mojito,1.0,0.0,0.0
2025-10-09,POS,item,Brownie,3.0,0.0,0.0
2025-10-09,POS,item,Brownie With Ice Cream,1.0,0.0,0.0
2025-10-09,POS,item,Chicken Nuggets,1.0,0.0,0.0
2025-10-09,POS,item,Chicken Nuggets Burger,1.0,0.0,0.0
2025-10-09,POS,item,Chicken Pasta,1.0,0.0,0.0
2025-10-09,Swiggy,item,Chicken Pasta,1.0,0.0,0.0
2025-10-09,POS,item,Chikku Shake,3.0,0.0,0.0
2025-10-09,POS,item,French Fries,2.0,0.0,0.0
2025-10-09,POS,item,Loaded Fries,2.0,0.0,0.0
2025-10-09,POS,item,Macaroni N Chicken Salad,1.0,0.0,0.0
2025-10-09,POS,item,Mint Lime Juice,1.0,0.0,0.0
2025-10-09,POS,item,Passion Fruit,1.0,0.0,0.0
2025-10-09,POS,item,Pepsi 250ml Pet,2.0,0.0,0.0
2025-10-09,POS,item,Pepsi 330ml Can,1.0,0.0,0.0
2025-10-09,POS,item,Pizza Upgrade,4.0,0.0,0.0
2025-10-09,POS,item,Regular Chicken Burger,3.0,0.0,0.0
2025-10-09,POS,item,Tender Coconut,1.0,0.0,0.0
2025-10-09,POS,item,Veg Pasta,1.0,0.0,0.0
2025-10-09,POS,item,Watermelon Juice,4.0,0.0,0.0
2025-10-08,POS,item,2 Regular Non-veg@409,4.0,80.0,320.0
2025-10-08,POS,item,9 Inch - Medium Pizza,10.0,75.0,750.0
2025-10-08,Swiggy,item,9 Inch - Medium Pizza,2.0,75.0,150.0
2025-10-08,POS,item,Delicious Combo Delight Medium,1.0,75.0,75.0
2025-10-08,POS,item,Super Saver Meal Medium,1.0,75.0,75.0
2025-10-08,POS,item,7 Inch - Regular Pizza,8.0,40.0,320.0
2025-10-08,Swiggy,item,7 Inch - Regular Pizza,1.0,40.0,40.0
2025-10-08,POS,addon,9 Inch - Medium Pizza -Extra Cheese,1.0,38.0,38.0
2025-10-08,POS,item,Combo Delight Non-veg,1.0,20.0,20.0
2025-10-08,POS,item,7up 250ml Pet,1.0,0.0,0.0
2025-10-08,POS,item,Burger Combo @ 169,1.0,0.0,0.0
2025-10-08,POS,item,Cheesy Fries,2.0,0.0,0.0
2025-10-08,Swiggy,item,Chicken Pasta,3.0,0.0,0.0
2025-10-08,POS,item,Chicken Pasta,1.0,0.0,0.0
2025-10-08,POS,item,Chilly Potato Shots,1.0,0.0,0.0
2025-10-08,POS,item,French Fries,2.0,0.0,0.0
2025-10-08,Swiggy,item,French Fries,1.0,0.0,0.0
2025-10-08,POS,item,Fresh Lime Juice,1.0,0.0,0.0
2025-10-08,POS,item,Garlic Bread,1.0,0.0,0.0
2025-10-08,Swiggy,item,Garlic Bread,1.0,0.0,0.0
2025-10-08,POS,item,Loaded Fries,1.0,0.0,0.0
2025-10-08,POS,item,Mdew 250ml Pet,1.0,0.0,0.0
2025-10-08,POS,item,Mixed Chicken Salad,3.0,0.0,0.0
2025-10-08,POS,item,Pepsi 330ml Can,1.0,0.0,0.0
2025-10-08,POS,item,Pineapple Juice,2.0,0.0,0.0
2025-10-08,POS,item,Regular Chicken Burger,1.0,0.0,0.0
2025-10-08,POS,item,Veg Burger,1.0,0.0,0.0
2025-10-08,POS,item,Watermelon Juice,2.0,0.0,0.0
2025-10-07,POS,item,2 Medium Non-veg@759,1.0,150.0,150.0
2025-10-07,POS,item,9 Inch - Medium Pizza,4.0,75.0,300.0
2025-10-07,POS,item,Super Saver Meal Medium,2.0,75.0,150.0
2025-10-07,POS,item,7 Inch - Regular Pizza,7.0,40.0,280.0
2025-10-07,Swiggy,item,7 Inch - Regular Pizza,3.0,40.0,120.0
2025-10-07,POS,item,Super Saver Meal Regular,1.0,40.0,40.0
2025-10-07,POS,item,Combo Delight Non-veg,1.0,20.0,20.0
2025-10-07,POS,item,7up @50rs,1.0,0.0,0.0
2025-10-07,POS,item,7up@40rs,1.0,0.0,0.0
2025-10-07,POS,item,Brownie With Ice Cream,2.0,0.0,0.0
2025-10-07,POS,item,Burger Combo @ 169,3.0,0.0,0.0
2025-10-07,POS,item,Cheese N Macaroni Salad,1.0,0.0,0.0
2025-10-07,POS,item,Chicken Nuggets,2.0,0.0,0.0
2025-10-07,POS,item,Chicken Pasta,1.0,0.0,0.0
2025-10-07,POS,item,Chicken Popcorn,1.0,0.0,0.0
2025-10-07,POS,item,Chikku Shake,1.0,0.0,0.0
2025-10-07,POS,item,Chocolate Shake,1.0,0.0,0.0
2025-10-07,POS,item,French Fries,1.0,0.0,0.0
2025-10-07,POS,item,Fresh Lime Juice,4.0,0.0,0.0
2025-10-07,POS,item,Grapes Juice,3.0,0.0,0.0
2025-10-07,POS,item,Mdew 250ml Pet,2.0,0.0,0.0
2025-10-07,POS,item,Mineral Water,2.0,0.0,0.0
2025-10-07,POS,item,Mint Lime Juice,1.0,0.0,0.0
2025-10-07,POS,item,Nutty Vanilla,1.0,0.0,0.0
2025-10-07,POS,item,Pizza Upgrade,2.0,0.0,0.0
2025-10-07,POS,item,Regular Chicken Burger,3.0,0.0,0.0
2025-10-07,POS,item,Soft Drink,2.0,0.0,0.0
2025-10-07,POS,item,Tender Coconut,1.0,0.0,0.0
2025-10-06,POS,item,2 Medium Non-veg@759,1.0,150.0,150.0
2025-10-06,POS,item,12 Inch - Large Pizza,1.0,120.0,120.0
2025-10-06,POS,item,9 Inch - Medium Pizza,2.0,75.0,150.0
2025-10-06,POS,item,Delicious Combo Delight Medium,2.0,75.0,150.0
2025-10-06,POS,item,7 Inch - Regular Pizza,6.0,40.0,240.0
2025-10-06,Swiggy,item,7 Inch - Regular Pizza,3.0,40.0,120.0
2025-10-06,POS,item,Super Saver Meal Regular,1.0,40.0,40.0
2025-10-06,POS,item,Combo Delight Non-veg,1.0,20.0,20.0
2025-10-06,POS,item,Blue Mojito,1.0,0.0,0.0
2025-10-06,POS,item,Brownie,2.0,0.0,0.0
2025-10-06,POS,item,Burger Combo @ 179,3.0,0.0,0.0
2025-10-06,POS,item,Cheese N Macaroni Salad,1.0,0.0,0.0
2025-10-06,POS,item,Chicken Nuggets,1.0,0.0,0.0
2025-10-06,POS,item,Chicken Pasta,2.0,0.0,0.0
2025-10-06,POS,item,Chocolate Shake,1.0,0.0,0.0
2025-10-06,POS,item,French Fries,3.0,0.0,0.0
2025-10-06,POS,item,Fresh Lime Juice,1.0,0.0,0.0
2025-10-06,POS,item,Greek Chicken Salad[non-veg],1.0,0.0,0.0
2025-10-06,POS,item,Mineral Water,1.0,0.0,0.0
2025-10-06,POS,item,Pepsi 250ml Pet,2.0,0.0,0.0
2025-10-06,POS,item,Pepsi@40rs,2.0,0.0,0.0
2025-10-06,POS,item,Pepsi@50rs,1.0,0.0,0.0
2025-10-06,POS,item,Potato Wedges,1.0,0.0,0.0
2025-10-06,POS,item,Soft Drink,1.0,0.0,0.0
2025-10-06,POS,item,Veg Burger,3.0,0.0,0.0
2025-10-06,POS,item,Veg Pasta,1.0,0.0,0.0
2025-10-05,POS,item,12 Inch - Large Pizza,4.0,120.0,480.0
2025-10-05,Swiggy,item,12 Inch - Large Pizza,1.0,120.0,120.0
2025-10-05,POS,item,2 Regular Non-veg@409,5.0,80.0,400.0
2025-10-05,POS,item,2 Regular Veg@349,2.0,80.0,160.0
2025-10-05,POS,item,9 Inch - Medium Pizza,9.0,75.0,675.0
2025-10-05,Swiggy,item,9 Inch - Medium Pizza,1.0,75.0,75.0
2025-10-05,POS,item,Super Saver Meal Medium,2.0,75.0,150.0
2025-10-05,POS,addon,12 Inch - Large Pizza -Extra Cheese,1.0,60.0,60.0
2025-10-05,POS,item,7 Inch - Regular Pizza,12.0,40.0,480.0
2025-10-05,Swiggy,item,7 Inch - Regular Pizza,8.0,40.0,320.0
2025-10-05,POS,item,Garlic Bread Supreme [veg],1.0,40.0,40.0
2025-10-05,POS,item,Garlic Bread Supreme[non-veg],2.0,40.0,80.0
2025-10-05,POS,item,Garlic Bread With Cheese,2.0,40.0,80.0
2025-10-05,POS,item,Super Saver Meal Regular,1.0,40.0,40.0
2025-10-05,POS,addon,9 Inch - Medium Pizza -Extra Cheese,1.0,38.0,38.0
2025-10-05,POS,addon,7 Inch - Regular Pizza -Extra Cheese,1.0,20.0,20.0
2025-10-05,POS,item,Combo Delight Non-veg,1.0,20.0,20.0
2025-10-05,POS,item,7up 250ml Pet,3.0,0.0,0.0
2025-10-05,POS,item,Blue Mojito,1.0,0.0,0.0
2025-10-05,POS,item,Burger Combo @ 169,1.0,0.0,0.0
2025-10-05,Swiggy,item,Chicken Loaded Fries,3.0,0.0,0.0
2025-10-05,POS,item,Chicken Nuggets,1.0,0.0,0.0
2025-10-05,POS,item,Chicken Pasta,1.0,0.0,0.0
2025-10-05,POS,item,Chikku Shake,1.0,0.0,0.0
2025-10-05,POS,item,Chocolate Shake,2.0,0.0,0.0
2025-10-05,POS,item,Coleslaw Salad,1.0,0.0,0.0
2025-10-05,POS,item,French Fries,3.0,0.0,0.0
2025-10-05,POS,item,Fresh Garden Mint,1.0,0.0,0.0
2025-10-05,POS,item,Fresh Lime Juice,7.0,0.0,0.0
2025-10-05,POS,item,Grapes Juice,1.0,0.0,0.0
2025-10-05,Swiggy,item,Greek Chicken Salad[Non-veg],1.0,0.0,0.0
2025-10-05,POS,item,Loaded Fries,1.0,0.0,0.0
2025-10-05,POS,item,Passion Fruit,4.0,0.0,0.0
2025-10-05,POS,item,Pepsi@50rs,2.0,0.0,0.0
2025-10-05,POS,item,Pizza Upgrade,2.0,0.0,0.0
2025-10-05,POS,item,Potato Wedges,1.0,0.0,0.0
2025-10-05,POS,item,Regular Chicken Burger,6.0,0.0,0.0
2025-10-05,POS,item,Sizzling Brownie,2.0,0.0,0.0
2025-10-05,POS,item,Tender Coconut,1.0,0.0,0.0
2025-10-05,POS,item,Veg Burger,3.0,0.0,0.0
2025-10-05,POS,item,Veg Pasta,1.0,0.0,0.0
2025-10-04,POS,item,2 Medium Non-veg@759,4.0,150.0,600.0
2025-10-04,POS,item,12 Inch - Large Pizza,4.0,120.0,480.0
2025-10-04,Swiggy,item,12 Inch - Large Pizza,1.0,120.0,120.0
2025-10-04,POS,item,2 Regular Non-veg@409,3.0,80.0,240.0
2025-10-04,POS,item,9 Inch - Medium Pizza,4.0,75.0,300.0
2025-10-04,Swiggy,item,9 Inch - Medium Pizza,1.0,75.0,75.0
2025-10-04,POS,addon,12 Inch - Large Pizza -Extra Cheese,1.0,60.0,60.0
2025-10-04,POS,item,7 Inch - Regular Pizza,11.0,40.0,440.0
2025-10-04,Swiggy,item,7 Inch - Regular Pizza,5.0,40.0,200.0
2025-10-04,POS,item,Garlic Bread With Cheese,1.0,40.0,40.0
2025-10-04,POS,item,Super Saver Meal Regular,1.0,40.0,40.0
2025-10-04,POS,item,7up @50rs,1.0,0.0,0.0
2025-10-04,POS,item,7up@40rs,1.0,0.0,0.0
2025-10-04,POS,item,Blue Curacao,3.0,0.0,0.0
2025-10-04,Swiggy,item,Blue Mojito,1.0,0.0,0.0
2025-10-04,POS,item,Brownie,6.0,0.0,0.0
2025-10-04,POS,item,Brownie With Ice Cream,4.0,0.0,0.0
2025-10-04,POS,item,Cheesy Fries,2.0,0.0,0.0
2025-10-04,Swiggy,item,Chicken Loaded Fries,1.0,0.0,0.0
2025-10-04,POS,item,Chicken Nuggets,7.0,0.0,0.0
2025-10-04,POS,item,Chicken Pasta,6.0,0.0,0.0
2025-10-04,POS,item,Chikku Shake,6.0,0.0,0.0
2025-10-04,POS,item,Chocolate Shake,1.0,0.0,0.0
2025-10-04,POS,item,French Fries,5.0,0.0,0.0
2025-10-04,POS,item,Fresh Lime Juice,1.0,0.0,0.0
2025-10-04,POS,item,Green Apple,2.0,0.0,0.0
2025-10-04,Swiggy,item,Green Apple,2.0,0.0,0.0
2025-10-04,POS,item,Loaded Fries,1.0,0.0,0.0
2025-10-04,POS,item,Mayo,2.0,0.0,0.0
2025-10-04,POS,item,Mineral Water,4.0,0.0,0.0
2025-10-04,POS,item,Mint Lime Juice,8.0,0.0,0.0
2025-10-04,POS,item,Passion Fruit,2.0,0.0,0.0
2025-10-04,POS,item,Pepsi@40rs,2.0,0.0,0.0
2025-10-04,POS,item,Pepsi@50rs,1.0,0.0,0.0
2025-10-04,POS,item,Pizza Upgrade,1.0,0.0,0.0
2025-10-04,POS,item,Potato Wedges,3.0,0.0,0.0
2025-10-04,POS,item,Regular Chicken Burger,8.0,0.0,0.0
2025-10-04,POS,item,Sizzling Brownie,2.0,0.0,0.0
2025-10-04,POS,item,Soft Drink,2.0,0.0,0.0
2025-10-04,POS,item,Strawberry,1.0,0.0,0.0
2025-10-04,POS,item,Tender Coconut,1.0,0.0,0.0
2025-10-04,POS,item,Veg Burger,1.0,0.0,0.0
2025-10-04,POS,item,Watermelon Juice,5.0,0.0,0.0
2025-10-03,POS,item,2 Medium Non-veg@759,1.0,150.0,150.0
2025-10-03,POS,item,12 Inch - Large Pizza,1.0,120.0,120.0
2025-10-03,Swiggy,item,12 Inch - Large Pizza,1.0,120.0,120.0
2025-10-03,POS,item,2 Regular Non-veg@409,3.0,80.0,240.0
2025-10-03,POS,item,2 Regular Veg@349,1.0,80.0,80.0
2025-10-03,Swiggy,item,9 Inch - Medium Pizza,4.0,75.0,300.0
2025-10-03,POS,item,9 Inch - Medium Pizza,3.0,75.0,225.0
2025-10-03,POS,item,Delicious Combo Delight Medium,1.0,75.0,75.0
2025-10-03,POS,item,7 Inch - Regular Pizza,6.0,40.0,240.0
2025-10-03,Swiggy,item,7 Inch - Regular Pizza,3.0,40.0,120.0
2025-10-03,POS,item,Garlic Bread With Cheese,4.0,40.0,160.0
2025-10-03,POS,item,Super Saver Meal Regular,1.0,40.0,40.0
2025-10-03,POS,item,7up 250ml Pet,1.0,0.0,0.0
2025-10-03,POS,item,7up @50rs,1.0,0.0,0.0
2025-10-03,POS,item,7up@40rs,1.0,0.0,0.0
2025-10-03,Swiggy,item,Brownie,4.0,0.0,0.0
2025-10-03,POS,item,Burger Combo @ 179,1.0,0.0,0.0
2025-10-03,POS,item,Chicken Nuggets,1.0,0.0,0.0
2025-10-03,POS,item,Chicken Popcorn,1.0,0.0,0.0
2025-10-03,POS,item,French Fries,2.0,0.0,0.0
2025-10-03,POS,item,Green Apple,2.0,0.0,0.0
2025-10-03,POS,item,Loaded Fries,1.0,0.0,0.0
2025-10-03,POS,item,Mdew@40rs,1.0,0.0,0.0
2025-10-03,POS,item,Mineral Water,2.0,0.0,0.0
2025-10-03,POS,item,Pepsi 250ml Pet,1.0,0.0,0.0
2025-10-03,POS,item,Pepsi 330ml Can,3.0,0.0,0.0
2025-10-03,POS,item,Pepsi@40rs,1.0,0.0,0.0
2025-10-03,POS,item,Pizza Upgrade,1.0,0.0,0.0
2025-10-03,POS,item,Regular Chicken Burger,3.0,0.0,0.0
2025-10-03,POS,item,Sizzling Brownie,1.0,0.0,0.0
2025-10-03,POS,item,Soda,2.0,0.0,0.0
2025-10-03,POS,item,Soft Drink,1.0,0.0,0.0
2025-10-02,POS,item,Non Veg Meal For 6,1.0,195.0,195.0
2025-10-02,POS,item,Veg Meal For 6,1.0,195.0,195.0
2025-10-02,POS,item,2 Medium Non-veg@759,1.0,150.0,150.0
2025-10-02,POS,item,12 Inch - Large Pizza,4.0,120.0,480.0
2025-10-02,POS,item,2 Regular Non-veg@409,2.0,80.0,160.0
2025-10-02,POS,item,9 Inch - Medium Pizza,2.0,75.0,150.0
2025-10-02,POS,item,Delicious Combo Delight Medium,1.0,75.0,75.0
2025-10-02,POS,addon,12 Inch - Large Pizza -Extra Cheese,1.0,60.0,60.0
2025-10-02,POS,item,7 Inch - Regular Pizza,12.0,40.0,480.0
2025-10-02,Swiggy,item,7 Inch - Regular Pizza,3.0,40.0,120.0
2025-10-02,POS,item,Garlic Bread Supreme[non-veg],2.0,40.0,80.0
2025-10-02,POS,item,Garlic Bread With Cheese,2.0,40.0,80.0
2025-10-02,POS,item,Super Saver Meal Regular,1.0,40.0,40.0
2025-10-02,POS,item,7up 250ml Pet,1.0,0.0,0.0
2025-10-02,POS,item,7up@40rs,2.0,0.0,0.0
2025-10-02,Swiggy,item,Blue Curacao,1.0,0.0,0.0
2025-10-02,POS,item,Brownie With Ice Cream,1.0,0.0,0.0
2025-10-02,POS,item,Chicken Nuggets Burger,3.0,0.0,0.0
2025-10-02,POS,item,Chicken Pasta,2.0,0.0,0.0
2025-10-02,POS,item,Chocolate Shake,3.0,0.0,0.0
2025-10-02,POS,item,Coleslaw Salad,1.0,0.0,0.0
2025-10-02,POS,item,French Fries,6.0,0.0,0.0
2025-10-02,POS,item,Fresh Lime Juice,2.0,0.0,0.0
2025-10-02,POS,item,Garlic Bread,1.0,0.0,0.0
2025-10-02,POS,item,Green Apple,1.0,0.0,0.0
2025-10-02,POS,item,Loaded Fries,5.0,0.0,0.0
2025-10-02,POS,item,Mineral Water,4.0,0.0,0.0
2025-10-02,POS,item,Mint Lime Juice,4.0,0.0,0.0
2025-10-02,POS,item,Pepsi 250ml Pet,3.0,0.0,0.0
2025-10-02,POS,item,Pepsi@40rs,2.0,0.0,0.0
2025-10-02,POS,item,Pizza Upgrade,1.0,0.0,0.0
2025-10-02,POS,item,Regular Chicken Burger,3.0,0.0,0.0
2025-10-02,POS,item,Soft Drink,1.0,0.0,0.0
2025-10-02,POS,item,Tender Coconut,2.0,0.0,0.0
2025-10-01,POS,item,12 Inch - Large Pizza,3.0,120.0,360.0
2025-10-01,Swiggy,item,12 Inch - Large Pizza,2.0,120.0,240.0
2025-10-01,POS,item,Non Veg Meal For 4,1.0,120.0,120.0
2025-10-01,POS,item,Veg Meal For 4,1.0,120.0,120.0
2025-10-01,POS,item,2 Regular Non-veg@409,1.0,80.0,80.0
2025-10-01,POS,item,2 Regular Veg@349,1.0,80.0,80.0
2025-10-01,POS,item,9 Inch - Medium Pizza,10.0,75.0,750.0
2025-10-01,Swiggy,item,9 Inch - Medium Pizza,2.0,75.0,150.0
2025-10-01,POS,item,7 Inch - Regular Pizza,13.0,40.0,520.0
2025-10-01,Swiggy,item,7 Inch - Regular Pizza,3.0,40.0,120.0
2025-10-01,POS,item,Garlic Bread Supreme [veg],2.0,40.0,80.0
2025-10-01,POS,item,Garlic Bread Supreme[non-veg],1.0,40.0,40.0
2025-10-01,POS,item,Garlic Bread With Cheese,3.0,40.0,120.0
2025-10-01,Swiggy,addon,9 Inch - Medium Pizza -Extra Cheese,1.0,38.0,38.0
2025-10-01,POS,item,7up 250ml Pet,4.0,0.0,0.0
2025-10-01,POS,item,7up@40rs,1.0,0.0,0.0
2025-10-01,POS,item,Brownie,1.0,0.0,0.0
2025-10-01,POS,item,Brownie With Ice Cream,1.0,0.0,0.0
2025-10-01,POS,item,Burger Combo @ 169,3.0,0.0,0.0
2025-10-01,POS,item,Cheese N Macaroni Salad,1.0,0.0,0.0
2025-10-01,POS,item,Chicken Pasta,1.0,0.0,0.0
2025-10-01,POS,item,Chikku Shake,1.0,0.0,0.0
2025-10-01,POS,item,Chocolate Shake,3.0,0.0,0.0
2025-10-01,POS,item,French Fries,9.0,0.0,0.0
2025-10-01,Swiggy,item,French Fries,1.0,0.0,0.0
2025-10-01,POS,item,Fresh Lime Juice,1.0,0.0,0.0
2025-10-01,POS,item,Loaded Fries,1.0,0.0,0.0
2025-10-01,POS,item,Mdew 250ml Pet,1.0,0.0,0.0
2025-10-01,POS,item,Mdew@40rs,1.0,0.0,0.0
2025-10-01,POS,item,Mint Lime Juice,1.0,0.0,0.0
2025-10-01,POS,item,Nutty Vanilla,2.0,0.0,0.0
2025-10-01,POS,item,Passion Fruit,2.0,0.0,0.0
2025-10-01,POS,item,Pepsi@40rs,1.0,0.0,0.0
2025-10-01,POS,item,Pineapple Juice,1.0,0.0,0.0
2025-10-01,POS,item,Pizza Upgrade,1.0,0.0,0.0
2025-10-01,Swiggy,item,Roasted Chicken Salad,1.0,0.0,0.0
2025-10-01,POS,item,Soft Drink,1.0,0.0,0.0
2025-10-01,POS,item,Tender Coconut,2.0,0.0,0.0
2025-10-01,POS,item,Veg Burger,4.0,0.0,0.0
2025-10-01,POS,item,Veg Pasta,3.0,0.0,0.0
2025-09-30,POS,item,12 Inch - Large Pizza,10.0,120.0,1200.0
2025-09-30,POS,item,2 Regular Non-veg@409,2.0,80.0,160.0
2025-09-30,POS,item,2 Regular Veg@349,2.0,80.0,160.0
2025-09-30,POS,item,9 Inch - Medium Pizza,16.0,75.0,1200.0
2025-09-30,POS,item,Delicious Combo Delight Medium,1.0,75.0,75.0
2025-09-30,POS,item,7 Inch - Regular Pizza,13.0,40.0,520.0
2025-09-30,Swiggy,item,7 Inch - Regular Pizza,4.0,40.0,160.0
2025-09-30,POS,item,Delicious Combo Delight Regular,2.0,40.0,80.0
2025-09-30,POS,item,Garlic Bread With Cheese,3.0,40.0,120.0
2025-09-30,POS,item,Super Saver Meal Regular,1.0,40.0,40.0
2025-09-30,POS,item,Combo Delight Veg,1.0,20.0,20.0
2025-09-30,POS,item,7up 330ml Can,1.0,0.0,0.0
2025-09-30,POS,item,Black And White,1.0,0.0,0.0
2025-09-30,POS,item,Brownie,1.0,0.0,0.0
2025-09-30,Swiggy,item,Brownie,1.0,0.0,0.0
2025-09-30,POS,item,Brownie With Ice Cream,3.0,0.0,0.0
2025-09-30,POS,item,Bubble Gum,1.0,0.0,0.0
2025-09-30,POS,item,Burger Combo @ 179,2.0,0.0,0.0
2025-09-30,POS,item,Cheesy Fries,1.0,0.0,0.0
2025-09-30,Swiggy,item,Chicken Nuggets,2.0,0.0,0.0
2025-09-30,POS,item,Chicken Pasta,2.0,0.0,0.0
2025-09-30,POS,item,Chocolate Shake,1.0,0.0,0.0
2025-09-30,POS,item,French Fries,13.0,0.0,0.0
2025-09-30,POS,item,Fresh Garden Mint,1.0,0.0,0.0
2025-09-30,POS,item,Fresh Lime Juice,1.0,0.0,0.0
2025-09-30,POS,item,Garlic Bread,4.0,0.0,0.0
2025-09-30,POS,item,Loaded Fries,2.0,0.0,0.0
2025-09-30,POS,item,Mayo,3.0,0.0,0.0
2025-09-30,POS,item,Mdew 330ml Can,1.0,0.0,0.0
2025-09-30,POS,item,Mdew@40rs,3.0,0.0,0.0
2025-09-30,POS,item,Mineral Water,2.0,0.0,0.0
2025-09-30,POS,item,Mint Lime Juice,4.0,0.0,0.0
2025-09-30,POS,item,Passion Fruit,1.0,0.0,0.0
2025-09-30,POS,item,Pepsi 250ml Pet,4.0,0.0,0.0
2025-09-30,POS,item,Pepsi@40rs,1.0,0.0,0.0
2025-09-30,POS,item,Pizza Upgrade,1.0,0.0,0.0
2025-09-30,POS,item,Potato Wedges,4.0,0.0,0.0
2025-09-30,Swiggy,item,Potato Wedges,1.0,0.0,0.0
2025-09-30,POS,item,Regular Chicken Burger,5.0,0.0,0.0
2025-09-30,POS,item,Soft Drink,2.0,0.0,0.0
2025-09-30,POS,item,Tender Coconut,5.0,0.0,0.0
2025-09-30,POS,item,Veg Burger,4.0,0.0,0.0
2025-09-30,POS,item,Veg Pasta,7.0,0.0,0.0
2025-09-30,Swiggy,item,Veg Pasta,1.0,0.0,0.0
2025-09-30,POS,item,Water Melon,1.0,0.0,0.0
2025-09-30,POS,item,Watermelon Juice,5.0,0.0,0.0
2025-09-29,POS,item,2 Medium Veg@699,1.0,150.0,150.0
2025-09-29,POS,item,12 Inch - Large Pizza,5.0,120.0,600.0
2025-09-29,POS,item,2 Regular Non-veg@409,1.0,80.0,80.0
2025-09-29,Swiggy,item,2 Regular Pizzas,1.0,80.0,80.0
2025-09-29,POS,item,2 Regular Veg@349,1.0,80.0,80.0
2025-09-29,POS,item,9 Inch - Medium Pizza,3.0,75.0,225.0
2025-09-29,Swiggy,item,9 Inch - Medium Pizza,2.0,75.0,150.0
2025-09-29,POS,item,Delicious Combo Delight Medium,2.0,75.0,150.0
2025-09-29,POS,item,Veg Meal For 2,1.0,75.0,75.0
2025-09-29,POS,item,7 Inch - Regular Pizza,8.0,40.0,320.0
2025-09-29,Swiggy,item,7 Inch - Regular Pizza,2.0,40.0,80.0
2025-09-29,POS,item,Garlic Bread With Cheese,3.0,40.0,120.0
2025-09-29,POS,item,Super Saver Meal Regular,1.0,40.0,40.0
2025-09-29,POS,item,Combo Delight Non-veg,1.0,20.0,20.0
2025-09-29,POS,item,7up 250ml Pet,1.0,0.0,0.0
2025-09-29,POS,item,7up @50rs,3.0,0.0,0.0
2025-09-29,POS,item,7up@40rs,1.0,0.0,0.0
2025-09-29,POS,item,Brownie With Ice Cream,3.0,0.0,0.0
2025-09-29,POS,item,Butterscotch Sundae,3.0,0.0,0.0
2025-09-29,POS,item,Cheese N Macaroni Salad,1.0,0.0,0.0
2025-09-29,POS,item,Chicken Pasta,1.0,0.0,0.0
2025-09-29,POS,item,Chikku Shake,1.0,0.0,0.0
2025-09-29,POS,item,French Fries,6.0,0.0,0.0
2025-09-29,POS,item,Loaded Fries,3.0,0.0,0.0
2025-09-29,POS,item,Mayo,3.0,0.0,0.0
2025-09-29,POS,item,Mint Lime Juice,2.0,0.0,0.0
2025-09-29,POS,item,Pepsi@40rs,1.0,0.0,0.0
2025-09-29,POS,item,Peri Peri Dip,1.0,0.0,0.0
2025-09-29,POS,item,Pineapple Juice,1.0,0.0,0.0
2025-09-29,POS,item,Pizza Upgrade,1.0,0.0,0.0
2025-09-29,Swiggy,item,Potato Wedges,2.0,0.0,0.0
2025-09-29,POS,item,Regular Chicken Burger,3.0,0.0,0.0
2025-09-29,POS,item,Sizzling Brownie,1.0,0.0,0.0
2025-09-29,POS,item,Soft Drink,1.0,0.0,0.0
2025-09-29,POS,item,Tender Coconut,1.0,0.0,0.0
2025-09-29,POS,item,Veg Burger,7.0,0.0,0.0
2025-09-29,POS,item,Veg Pasta,1.0,0.0,0.0
2025-09-29,Swiggy,item,Veg Pasta,1.0,0.0,0.0
2025-09-29,POS,item,Watermelon Juice,1.0,0.0,0.0
2025-09-28,POS,item,2 Large Non-veg@1149,1.0,240.0,240.0
2025-09-28,POS,item,2 Large Veg@999,1.0,240.0,240.0
2025-09-28,POS,item,2 Medium Non-veg@759,1.0,150.0,150.0
2025-09-28,POS,item,12 Inch - Large Pizza,4.0,120.0,480.0
2025-09-28,Swiggy,item,12 Inch - Large Pizza,1.0,120.0,120.0
2025-09-28,POS,item,2 Regular Non-veg@409,2.0,80.0,160.0
2025-09-28,POS,item,2 Regular Veg@349,1.0,80.0,80.0
2025-09-28,POS,item,9 Inch - Medium Pizza,8.0,75.0,600.0
2025-09-28,Swiggy,item,9 Inch - Medium Pizza,1.0,75.0,75.0
2025-09-28,POS,item,7 Inch - Regular Pizza,11.0,40.0,440.0
2025-09-28,Swiggy,item,7 Inch - Regular Pizza,7.0,40.0,280.0
2025-09-28,POS,item,Garlic Bread Supreme [veg],1.0,40.0,40.0
2025-09-28,POS,item,Garlic Bread With Cheese,2.0,40.0,80.0
2025-09-28,Swiggy,item,Garlic Bread With Cheese,1.0,40.0,40.0
2025-09-28,POS,item,Super Saver Meal Regular,1.0,40.0,40.0
2025-09-28,POS,item,7up @50rs,3.0,0.0,0.0
2025-09-28,POS,item,7up@40rs,1.0,0.0,0.0
2025-09-28,Swiggy,item,Blue Mojito,2.0,0.0,0.0
2025-09-28,POS,item,Brownie With Ice Cream,3.0,0.0,0.0
2025-09-28,POS,item,Burger Combo @ 179,3.0,0.0,0.0
2025-09-28,POS,item,Chicken Nuggets,1.0,0.0,0.0
2025-09-28,POS,item,Chicken Pasta,2.0,0.0,0.0
2025-09-28,POS,item,Chikku Shake,1.0,0.0,0.0
2025-09-28,Swiggy,item,Chipotle Dip,1.0,0.0,0.0
2025-09-28,POS,item,Coleslaw Salad,1.0,0.0,0.0
2025-09-28,POS,item,French Fries,5.0,0.0,0.0
2025-09-28,Swiggy,item,French Fries,1.0,0.0,0.0
2025-09-28,POS,item,Fresh Lime Juice,1.0,0.0,0.0
2025-09-28,POS,item,Loaded Fries,1.0,0.0,0.0
2025-09-28,POS,item,Mdew 330ml Can,1.0,0.0,0.0
2025-09-28,POS,item,Mdew@40rs,1.0,0.0,0.0
2025-09-28,POS,item,Mint Lime Juice,1.0,0.0,0.0
2025-09-28,POS,item,Pepsi 250ml Pet,3.0,0.0,0.0
2025-09-28,POS,item,Pineapple Juice,2.0,0.0,0.0
2025-09-28,POS,item,Pizza Upgrade,2.0,0.0,0.0
2025-09-28,POS,item,Potato Wedges,1.0,0.0,0.0
2025-09-28,Swiggy,item,Potato Wedges,1.0,0.0,0.0
2025-09-28,POS,item,Regular Chicken Burger,1.0,0.0,0.0
2025-09-28,POS,item,Slice@40rs,1.0,0.0,0.0
2025-09-28,Swiggy,item,Veg Pasta,1.0,0.0,0.0
2025-09-27,POS,item,2 Large Non-veg@1149,1.0,240.0,240.0
2025-09-27,POS,item,2 Medium Non-veg@759,1.0,150.0,150.0
2025-09-27,POS,item,12 Inch - Large Pizza,5.0,120.0,600.0
2025-09-27,POS,item,2 Regular Non-veg@409,1.0,80.0,80.0
2025-09-27,POS,item,9 Inch - Medium Pizza,8.0,75.0,600.0
2025-09-27,Swiggy,item,9 Inch - Medium Pizza,1.0,75.0,75.0
2025-09-27,POS,item,Super Saver Meal Medium,1.0,75.0,75.0
2025-09-27,Swiggy,item,7 Inch - Regular Pizza,7.0,40.0,280.0
2025-09-27,POS,item,7 Inch - Regular Pizza,5.0,40.0,200.0
2025-09-27,POS,item,Garlic Bread With Cheese,1.0,40.0,40.0
2025-09-27,Swiggy,item,Garlic Bread With Cheese,1.0,40.0,40.0
2025-09-27,POS,item,Super Saver Meal Regular,1.0,40.0,40.0
2025-09-27,Swiggy,addon,9 Inch - Medium Pizza -Extra Cheese,1.0,38.0,38.0
2025-09-27,POS,item,Burger Combo @ 169,1.0,0.0,0.0
2025-09-27,POS,item,Burger Combo @ 179,1.0,0.0,0.0
2025-09-27,POS,item,Cheesy Fries,1.0,0.0,0.0
2025-09-27,Swiggy,item,Chicken Loaded Fries,1.0,0.0,0.0
2025-09-27,POS,item,Chicken Nuggets,1.0,0.0,0.0
2025-09-27,POS,item,Chicken Pasta,5.0,0.0,0.0
2025-09-27,POS,item,Chikku Shake,2.0,0.0,0.0
2025-09-27,POS,item,Chilly Potato Shots,3.0,0.0,0.0
2025-09-27,POS,item,French Fries,6.0,0.0,0.0
2025-09-27,POS,item,Fresh Garden Mint,1.0,0.0,0.0
2025-09-27,POS,item,Fresh Lime Juice,1.0,0.0,0.0
2025-09-27,POS,item,Garlic Bread,1.0,0.0,0.0
2025-09-27,POS,item,Green Apple,1.0,0.0,0.0
2025-09-27,POS,item,Mdew@40rs,2.0,0.0,0.0
2025-09-27,POS,item,Mixed Chicken Salad,1.0,0.0,0.0
2025-09-27,POS,item,Pepsi@40rs,1.0,0.0,0.0
2025-09-27,POS,item,Pineapple Juice,1.0,0.0,0.0
2025-09-27,POS,item,Pizza Upgrade,1.0,0.0,0.0
2025-09-27,Swiggy,item,Potato Wedges,1.0,0.0,0.0
2025-09-27,POS,item,Regular Chicken Burger,7.0,0.0,0.0
2025-09-27,POS,item,Slice@40rs,1.0,0.0,0.0
2025-09-27,POS,item,Tender Coconut,2.0,0.0,0.0
2025-09-27,POS,item,Veg Pasta,1.0,0.0,0.0
2025-09-26,POS,item,2 Medium Non-veg@759,1.0,150.0,150.0
2025-09-26,POS,item,12 Inch - Large Pizza,5.0,120.0,600.0
2025-09-26,POS,item,2 Regular Non-veg@409,2.0,80.0,160.0
2025-09-26,POS,item,2 Regular Veg@349,1.0,80.0,80.0
2025-09-26,POS,item,9 Inch - Medium Pizza,7.0,75.0,525.0
2025-09-26,POS,item,Super Saver Meal Medium,1.0,75.0,75.0
2025-09-26,POS,item,7 Inch - Regular Pizza,17.0,40.0,680.0
2025-09-26,Swiggy,item,7 Inch - Regular Pizza,2.0,40.0,80.0
2025-09-26,POS,item,Super Saver Meal Regular,1.0,40.0,40.0
2025-09-26,POS,item,7up@40rs,1.0,0.0,0.0
2025-09-26,POS,item,Blue Mojito,3.0,0.0,0.0
2025-09-26,POS,item,Burger Combo @ 179,2.0,0.0,0.0
2025-09-26,POS,item,Chicken Pasta,1.0,0.0,0.0
2025-09-26,POS,item,Chikku Shake,1.0,0.0,0.0
2025-09-26,POS,item,Chilly Potato Shots,1.0,0.0,0.0
2025-09-26,POS,item,Chocolate Shake,1.0,0.0,0.0
2025-09-26,POS,item,French Fries,7.0,0.0,0.0
2025-09-26,POS,item,Fresh Lime Juice,1.0,0.0,0.0
2025-09-26,POS,item,Grapes Juice,1.0,0.0,0.0
2025-09-26,POS,item,Loaded Fries,1.0,0.0,0.0
2025-09-26,POS,item,Mdew 250ml Pet,3.0,0.0,0.0
2025-09-26,POS,item,Mdew@40rs,2.0,0.0,0.0
2025-09-26,POS,item,Mint Lime Juice,2.0,0.0,0.0
2025-09-26,POS,item,Mixed Berry,1.0,0.0,0.0
2025-09-26,POS,item,Mixed Chicken Salad,1.0,0.0,0.0
2025-09-26,POS,item,Pepsi 250ml Pet,2.0,0.0,0.0
2025-09-26,POS,item,Pepsi 330ml Can,1.0,0.0,0.0
2025-09-26,POS,item,Pepsi@40rs,1.0,0.0,0.0
2025-09-26,POS,item,Pepsi@50rs,1.0,0.0,0.0
2025-09-26,POS,item,Pizza Upgrade,1.0,0.0,0.0
2025-09-26,POS,item,Regular Chicken Burger,3.0,0.0,0.0
2025-09-26,POS,item,Soft Drink,1.0,0.0,0.0
2025-09-26,POS,item,Veg Burger,3.0,0.0,0.0
2025-09-26,POS,item,Watermelon Juice,2.0,0.0,0.0
2025-09-25,POS,item,2 Medium Non-veg@759,1.0,150.0,150.0
2025-09-25,POS,item,12 Inch - Large Pizza,2.0,120.0,240.0
2025-09-25,POS,item,2 Regular Non-veg@409,1.0,80.0,80.0
2025-09-25,POS,item,9 Inch - Medium Pizza,6.0,75.0,450.0
2025-09-25,POS,item,Delicious Combo Delight Medium,1.0,75.0,75.0
2025-09-25,POS,addon,12 Inch - Large Pizza -Extra Cheese,1.0,60.0,60.0
2025-09-25,POS,item,7 Inch - Regular Pizza,7.0,40.0,280.0
2025-09-25,Swiggy,item,7 Inch - Regular Pizza,2.0,40.0,80.0
2025-09-25,Swiggy,addon,7 Inch - Regular Pizza -Extra Cheese,1.0,20.0,20.0
2025-09-25,POS,item,7up 330ml Can,1.0,0.0,0.0
2025-09-25,POS,item,Chicken Nuggets,1.0,0.0,0.0
2025-09-25,POS,item,Chocolate Shake,1.0,0.0,0.0
2025-09-25,POS,item,French Fries,2.0,0.0,0.0
2025-09-25,POS,item,Garlic Bread,1.0,0.0,0.0
2025-09-25,POS,item,Grapes Juice,3.0,0.0,0.0
2025-09-25,POS,item,Loaded Fries,2.0,0.0,0.0
2025-09-25,POS,item,Macaroni N Chicken Salad,2.0,0.0,0.0
2025-09-25,POS,item,Mint Lime Juice,1.0,0.0,0.0
2025-09-25,POS,item,Mixed Chicken Salad,1.0,0.0,0.0
2025-09-25,POS,item,Passion Fruit,1.0,0.0,0.0
2025-09-25,POS,item,Pepsi 250ml Pet,1.0,0.0,0.0
2025-09-25,POS,item,Pepsi@40rs,1.0,0.0,0.0
2025-09-25,POS,item,Pepsi@50rs,2.0,0.0,0.0
2025-09-25,POS,item,Pineapple Juice,2.0,0.0,0.0
2025-09-25,POS,item,Pizza Upgrade,1.0,0.0,0.0
2025-09-25,POS,item,Regular Chicken Burger,3.0,0.0,0.0
2025-09-25,POS,item,Veg Burger,2.0,0.0,0.0
2025-09-25,POS,item,Watermelon Juice,2.0,0.0,0.0
2025-09-24,POS,item,12 Inch - Large Pizza,3.0,120.0,360.0
2025-09-24,POS,item,2 Regular Non-veg@409,2.0,80.0,160.0
2025-09-24,POS,item,2 Regular Veg@349,1.0,80.0,80.0
2025-09-24,POS,item,9 Inch - Medium Pizza,2.0,75.0,150.0
2025-09-24,POS,item,7 Inch - Regular Pizza,9.0,40.0,360.0
2025-09-24,Swiggy,item,7 Inch - Regular Pizza,1.0,40.0,40.0
2025-09-24,POS,item,7up @50rs,2.0,0.0,0.0
2025-09-24,POS,item,Burger Combo @ 179,1.0,0.0,0.0
2025-09-24,POS,item,Burger Combo @ 199,1.0,0.0,0.0
2025-09-24,POS,item,Cheese N Macaroni Salad,1.0,0.0,0.0
2025-09-24,POS,item,Cheesy Fries,1.0,0.0,0.0
2025-09-24,POS,item,Chicken Pasta,2.0,0.0,0.0
2025-09-24,POS,item,Chikku Shake,1.0,0.0,0.0
2025-09-24,POS,item,Chocolate Shake,1.0,0.0,0.0
2025-09-24,POS,item,French Fries,2.0,0.0,0.0
2025-09-24,POS,item,Fresh Lime Juice,4.0,0.0,0.0
2025-09-24,POS,item,Garlic Bread,1.0,0.0,0.0
2025-09-24,POS,item,Loaded Fries,2.0,0.0,0.0
2025-09-24,POS,item,Mixed Berry,1.0,0.0,0.0
2025-09-24,POS,item,Mixed Chicken Salad,1.0,0.0,0.0
2025-09-24,POS,item,Pepsi 250ml Pet,2.0,0.0,0.0
2025-09-24,POS,item,Pepsi 330ml Can,1.0,0.0,0.0
2025-09-24,POS,item,Regular Chicken Burger,2.0,0.0,0.0
2025-09-24,POS,item,Soda,1.0,0.0,0.0
2025-09-24,POS,item,Soft Drink,2.0,0.0,0.0
2025-09-24,POS,item,Watermelon Juice,1.0,0.0,0.0
2025-09-23,POS,item,2 Medium Non-veg@759,1.0,150.0,150.0
2025-09-23,POS,item,12 Inch - Large Pizza,1.0,120.0,120.0
2025-09-23,POS,item,2 Regular Non-veg@409,1.0,80.0,80.0
2025-09-23,POS,item,9 Inch - Medium Pizza,2.0,75.0,150.0
2025-09-23,Swiggy,item,9 Inch - Medium Pizza,1.0,75.0,75.0
2025-09-23,POS,item,7 Inch - Regular Pizza,6.0,40.0,240.0
2025-09-23,Swiggy,item,7 Inch - Regular Pizza,1.0,40.0,40.0
2025-09-23,POS,item,Garlic Bread Supreme [veg],1.0,40.0,40.0
2025-09-23,POS,item,Brownie With Ice Cream,4.0,0.0,0.0
2025-09-23,POS,item,Burger Combo @ 179,1.0,0.0,0.0
2025-09-23,POS,item,Cheesy Fries,1.0,0.0,0.0
2025-09-23,POS,item,Chicken Pasta,1.0,0.0,0.0
2025-09-23,POS,item,French Fries,1.0,0.0,0.0
2025-09-23,POS,item,Fresh Garden Mint,1.0,0.0,0.0
2025-09-23,POS,item,Macaroni N Chicken Salad,2.0,0.0,0.0
2025-09-23,POS,item,Pepsi 250ml Pet,2.0,0.0,0.0
2025-09-23,POS,item,Pepsi@50rs,1.0,0.0,0.0
2025-09-23,POS,item,Potato Salad,1.0,0.0,0.0
2025-09-23,POS,item,Regular Chicken Burger,3.0,0.0,0.0
2025-09-23,POS,item,Soft Drink,2.0,0.0,0.0
2025-09-23,POS,item,Water Melon,1.0,0.0,0.0
2025-09-22,POS,item,2 Medium Non-veg@759,2.0,150.0,300.0
2025-09-22,POS,item,2 Regular Non-veg@409,2.0,80.0,160.0
2025-09-22,POS,item,9 Inch - Medium Pizza,6.0,75.0,450.0
2025-09-22,Swiggy,item,9 Inch - Medium Pizza,1.0,75.0,75.0
2025-09-22,POS,item,7 Inch - Regular Pizza,4.0,40.0,160.0
2025-09-22,Swiggy,item,7 Inch - Regular Pizza,2.0,40.0,80.0
2025-09-22,Swiggy,addon,7 Inch - Regular Pizza -Extra Cheese,1.0,20.0,20.0
2025-09-22,POS,item,7up 250ml Pet,1.0,0.0,0.0
2025-09-22,POS,item,7up@40rs,1.0,0.0,0.0
2025-09-22,POS,item,Brownie With Ice Cream,1.0,0.0,0.0
2025-09-22,POS,item,Burger Combo @ 169,2.0,0.0,0.0
2025-09-22,POS,item,Butterscotch Sundae,1.0,0.0,0.0
2025-09-22,POS,item,Chicken Pasta,3.0,0.0,0.0
2025-09-22,POS,item,Chocolate Shake,1.0,0.0,0.0
2025-09-22,POS,item,French Fries,4.0,0.0,0.0
2025-09-22,Swiggy,item,French Fries,1.0,0.0,0.0
2025-09-22,POS,item,Fresh Garden Mint,1.0,0.0,0.0
2025-09-22,POS,item,Mdew 250ml Pet,1.0,0.0,0.0
2025-09-22,POS,item,Mixed Chicken Salad,1.0,0.0,0.0
2025-09-22,POS,item,Pepsi 250ml Pet,1.0,0.0,0.0
2025-09-22,POS,item,Pepsi@40rs,2.0,0.0,0.0
2025-09-22,POS,item,Regular Chicken Burger,6.0,0.0,0.0
2025-09-22,POS,item,Tender Coconut,1.0,0.0,0.0
2025-09-21,POS,item,2 Medium Non-veg@759,1.0,150.0,150.0
2025-09-21,POS,item,12 Inch - Large Pizza,3.0,120.0,360.0
2025-09-21,Swiggy,item,12 Inch - Large Pizza,1.0,120.0,120.0
2025-09-21,POS,item,2 Regular Non-veg@409,2.0,80.0,160.0
2025-09-21,Swiggy,item,2 Regular Pizzas,1.0,80.0,80.0
2025-09-21,POS,item,2 Regular Veg@349,2.0,80.0,160.0
2025-09-21,POS,item,9 Inch - Medium Pizza,8.0,75.0,600.0
2025-09-21,Swiggy,item,9 Inch - Medium Pizza,2.0,75.0,150.0
2025-09-21,POS,item,Super Saver Meal Medium,1.0,75.0,75.0
2025-09-21,POS,item,7 Inch - Regular Pizza,12.0,40.0,480.0
2025-09-21,POS,item,Delicious Combo Delight Regular,1.0,40.0,40.0
2025-09-21,POS,item,Garlic Bread With Cheese,1.0,40.0,40.0
2025-09-21,POS,item,7up@40rs,1.0,0.0,0.0
2025-09-21,POS,item,Cheesy Dip,1.0,0.0,0.0
2025-09-21,Swiggy,item,Chicken Loaded Fries,1.0,0.0,0.0
2025-09-21,POS,item,Chicken Pasta,3.0,0.0,0.0
2025-09-21,POS,item,Chikku Shake,3.0,0.0,0.0
2025-09-21,POS,item,French Fries,7.0,0.0,0.0
2025-09-21,POS,item,Fresh Lime Juice,2.0,0.0,0.0
2025-09-21,POS,item,Loaded Fries,1.0,0.0,0.0
2025-09-21,POS,item,Mdew 330ml Can,1.0,0.0,0.0
2025-09-21,POS,item,Mineral Water,1.0,0.0,0.0
2025-09-21,POS,item,Mint Lime Juice,6.0,0.0,0.0
2025-09-21,POS,item,Passion Fruit,1.0,0.0,0.0
2025-09-21,POS,item,Pepsi 330ml Can,3.0,0.0,0.0
2025-09-21,POS,item,Pineapple Juice,3.0,0.0,0.0
2025-09-21,POS,item,Pizza Upgrade,1.0,0.0,0.0
2025-09-21,POS,item,Regular Chicken Burger,6.0,0.0,0.0
2025-09-21,POS,item,Soda,2.0,0.0,0.0
2025-09-21,POS,item,Veg Pasta,1.0,0.0,0.0
2025-09-21,POS,item,Watermelon Juice,1.0,0.0,0.0
2025-09-20,POS,item,2 Medium Non-veg@759,2.0,150.0,300.0
2025-09-20,POS,item,12 Inch - Large Pizza,2.0,120.0,240.0
2025-09-20,POS,item,2 Regular Non-veg@409,3.0,80.0,240.0
2025-09-20,POS,item,2 Regular Veg@349,2.0,80.0,160.0
2025-09-20,POS,item,9 Inch - Medium Pizza,4.0,75.0,300.0
2025-09-20,POS,item,Super Saver Meal Medium,1.0,75.0,75.0
2025-09-20,POS,item,7 Inch - Regular Pizza,13.0,40.0,520.0
2025-09-20,Swiggy,item,7 Inch - Regular Pizza,2.0,40.0,80.0
2025-09-20,POS,item,Garlic Bread Supreme[non-veg],1.0,40.0,40.0
2025-09-20,POS,item,Super Saver Meal Regular,2.0,40.0,80.0
2025-09-20,Swiggy,item,2 Regular Budget Pizzas,1.0,0.0,0.0
2025-09-20,POS,item,7up 250ml Pet,1.0,0.0,0.0
2025-09-20,POS,item,7up @50rs,1.0,0.0,0.0
2025-09-20,POS,item,7up@40rs,2.0,0.0,0.0
2025-09-20,POS,item,Burger Combo @ 179,1.0,0.0,0.0
2025-09-20,POS,item,Chicken Nuggets,1.0,0.0,0.0
2025-09-20,POS,item,Chicken Pasta,1.0,0.0,0.0
2025-09-20,POS,item,Chikku Shake,2.0,0.0,0.0
2025-09-20,POS,item,Chocolate Shake,5.0,0.0,0.0
2025-09-20,POS,item,French Fries,3.0,0.0,0.0
2025-09-20,POS,item,Fresh Garden Mint,1.0,0.0,0.0
2025-09-20,POS,item,Fresh Lime Juice,1.0,0.0,0.0
2025-09-20,POS,item,Grapes Juice,2.0,0.0,0.0
2025-09-20,POS,item,Loaded Fries,2.0,0.0,0.0
2025-09-20,POS,item,Macaroni N Chicken Salad,1.0,0.0,0.0
2025-09-20,POS,item,Mdew@40rs,1.0,0.0,0.0
2025-09-20,POS,item,Mint Lime Juice,3.0,0.0,0.0
2025-09-20,POS,item,Pepsi 250ml Pet,4.0,0.0,0.0
2025-09-20,POS,item,Pepsi@40rs,2.0,0.0,0.0
2025-09-20,POS,item,Pineapple Juice,2.0,0.0,0.0
2025-09-20,POS,item,Regular Chicken Burger,3.0,0.0,0.0
2025-09-20,POS,item,Slice@40rs,1.0,0.0,0.0
2025-09-20,POS,item,Soft Drink,1.0,0.0,0.0
2025-09-20,POS,item,Veg Burger,2.0,0.0,0.0
2025-09-20,POS,item,Water Melon,1.0,0.0,0.0
2025-09-20,POS,item,Watermelon Juice,1.0,0.0,0.0
2025-09-19,POS,item,2 Medium Veg@699,1.0,150.0,150.0
2025-09-19,POS,item,12 Inch - Large Pizza,5.0,120.0,600.0
2025-09-19,Swiggy,item,12 Inch - Large Pizza,1.0,120.0,120.0
2025-09-19,POS,item,9 Inch - Medium Pizza,6.0,75.0,450.0
2025-09-19,POS,item,Super Saver Meal Medium,1.0,75.0,75.0
2025-09-19,POS,item,7 Inch - Regular Pizza,9.0,40.0,360.0
2025-09-19,Swiggy,item,7 Inch - Regular Pizza,1.0,40.0,40.0
2025-09-19,POS,item,Garlic Bread With Cheese,1.0,40.0,40.0
2025-09-19,POS,addon,9 Inch - Medium Pizza -Extra Cheese,1.0,38.0,38.0
2025-09-19,POS,item,Combo Delight Non-veg,2.0,20.0,40.0
2025-09-19,POS,item,7up@40rs,1.0,0.0,0.0
2025-09-19,Swiggy,item,Black And White,1.0,0.0,0.0
2025-09-19,POS,item,Blue Mojito,2.0,0.0,0.0
2025-09-19,POS,item,Chicken Pasta,2.0,0.0,0.0
2025-09-19,Swiggy,item,Chicken Pasta,1.0,0.0,0.0
2025-09-19,POS,item,Chikku Shake,3.0,0.0,0.0
2025-09-19,POS,item,Chilly Potato Shots,1.0,0.0,0.0
2025-09-19,POS,item,Chocolate Shake,1.0,0.0,0.0
2025-09-19,POS,item,Coleslaw Salad,1.0,0.0,0.0
2025-09-19,POS,item,French Fries,4.0,0.0,0.0
2025-09-19,Swiggy,item,Fresh Garden Mint,1.0,0.0,0.0
2025-09-19,Swiggy,item,Garlic Bread,1.0,0.0,0.0
2025-09-19,POS,item,Grapes Juice,1.0,0.0,0.0
2025-09-19,POS,item,Greek Salad,1.0,0.0,0.0
2025-09-19,Swiggy,item,Hot Garlic Dip,1.0,0.0,0.0
2025-09-19,POS,item,Loaded Fries,1.0,0.0,0.0
2025-09-19,POS,item,Mdew@40rs,1.0,0.0,0.0
2025-09-19,POS,item,Mineral Water,1.0,0.0,0.0
2025-09-19,POS,item,Mint Lime Juice,4.0,0.0,0.0
2025-09-19,POS,item,Passion Fruit,2.0,0.0,0.0
2025-09-19,POS,item,Pepsi 330ml Can,2.0,0.0,0.0
2025-09-19,POS,item,Potato Wedges,2.0,0.0,0.0
2025-09-19,POS,item,Regular Chicken Burger,2.0,0.0,0.0
2025-09-19,POS,item,Soft Drink,1.0,0.0,0.0
2025-09-19,POS,item,Strawberry,1.0,0.0,0.0
2025-09-19,POS,item,Tender Coconut,1.0,0.0,0.0
2025-09-19,POS,item,Veg Pasta,1.0,0.0,0.0
2025-09-19,POS,item,Water Melon,1.0,0.0,0.0
2025-09-19,POS,item,Watermelon Juice,1.0,0.0,0.0
2025-09-18,POS,item,2 Medium Non-veg@759,2.0,150.0,300.0
2025-09-18,POS,item,12 Inch - Large Pizza,2.0,120.0,240.0
2025-09-18,POS,item,2 Regular Non-veg@409,3.0,80.0,240.0
2025-09-18,Swiggy,item,2 Regular Pizzas,2.0,80.0,160.0
2025-09-18,POS,item,2 Regular Veg@349,1.0,80.0,80.0
2025-09-18,POS,item,9 Inch - Medium Pizza,4.0,75.0,300.0
2025-09-18,POS,item,7 Inch - Regular Pizza,5.0,40.0,200.0
2025-09-18,Swiggy,item,7 Inch - Regular Pizza,3.0,40.0,120.0
2025-09-18,POS,item,Garlic Bread Supreme [veg],2.0,40.0,80.0
2025-09-18,POS,item,Garlic Bread With Cheese,1.0,40.0,40.0
2025-09-18,POS,item,Combo Delight Non-veg,1.0,20.0,20.0
2025-09-18,POS,item,7up@40rs,2.0,0.0,0.0
2025-09-18,Swiggy,item,Brownie With Ice Cream,1.0,0.0,0.0
2025-09-18,POS,item,Burger Combo @ 169,1.0,0.0,0.0
2025-09-18,POS,item,Burger Combo @ 179,2.0,0.0,0.0
2025-09-18,Swiggy,item,Chicken Loaded Fries,1.0,0.0,0.0
2025-09-18,Swiggy,item,Chicken Nuggets,1.0,0.0,0.0
2025-09-18,POS,item,Chicken Nuggets Burger,1.0,0.0,0.0
2025-09-18,POS,item,French Fries,2.0,0.0,0.0
2025-09-18,POS,item,Fresh Garden Mint,2.0,0.0,0.0
2025-09-18,POS,item,Hot Garlic Dip,1.0,0.0,0.0
2025-09-18,POS,item,Mint Lime Juice,2.0,0.0,0.0
2025-09-18,POS,item,Potato Wedges,2.0,0.0,0.0
2025-09-17,POS,item,2 Medium Non-veg@759,1.0,150.0,150.0
2025-09-17,POS,item,12 Inch - Large Pizza,1.0,120.0,120.0
2025-09-17,POS,item,2 Regular Non-veg@409,1.0,80.0,80.0
2025-09-17,POS,item,9 Inch - Medium Pizza,2.0,75.0,150.0
2025-09-17,POS,item,7 Inch - Regular Pizza,3.0,40.0,120.0
2025-09-17,Swiggy,item,7 Inch - Regular Pizza,3.0,40.0,120.0
2025-09-17,POS,item,Combo Delight Non-veg,1.0,20.0,20.0
2025-09-17,Swiggy,item,Black And White,1.0,0.0,0.0
2025-09-17,POS,item,Blue Mojito,1.0,0.0,0.0
2025-09-17,Swiggy,item,Blue Mojito,1.0,0.0,0.0
2025-09-17,POS,item,Burger Combo @ 179,1.0,0.0,0.0
2025-09-17,POS,item,Chicken Pasta,2.0,0.0,0.0
2025-09-17,POS,item,Chicken Popcorn,1.0,0.0,0.0
2025-09-17,POS,item,Chikku Shake,2.0,0.0,0.0
2025-09-17,POS,item,Chocolate Shake,1.0,0.0,0.0
2025-09-17,POS,item,French Fries,1.0,0.0,0.0
2025-09-17,POS,item,Fresh Lime Juice,1.0,0.0,0.0
2025-09-17,Swiggy,item,Green Apple,1.0,0.0,0.0
2025-09-17,POS,item,Mdew 250ml Pet,1.0,0.0,0.0
2025-09-17,POS,item,Mineral Water,1.0,0.0,0.0
2025-09-17,POS,item,Mint Lime Juice,1.0,0.0,0.0
2025-09-17,POS,item,Mixed Chicken Salad,1.0,0.0,0.0
2025-09-17,POS,item,Passion Fruit,1.0,0.0,0.0
2025-09-17,POS,item,Pepsi 250ml Pet,1.0,0.0,0.0
2025-09-17,POS,item,Regular Chicken Burger,6.0,0.0,0.0
2025-09-16,POS,item,2 Medium Non-veg@759,5.0,150.0,750.0
2025-09-16,POS,item,12 Inch - Large Pizza,2.0,120.0,240.0
2025-09-16,Swiggy,item,12 Inch - Large Pizza,2.0,120.0,240.0
2025-09-16,POS,item,9 Inch - Medium Pizza,2.0,75.0,150.0
2025-09-16,POS,item,7 Inch - Regular Pizza,7.0,40.0,280.0
2025-09-16,Swiggy,item,7 Inch - Regular Pizza,2.0,40.0,80.0
2025-09-16,POS,item,Super Saver Meal Regular,1.0,40.0,40.0
2025-09-16,POS,item,7up 250ml Pet,1.0,0.0,0.0
2025-09-16,POS,item,7up@40rs,1.0,0.0,0.0
2025-09-16,POS,item,Blue Mojito,1.0,0.0,0.0
2025-09-16,POS,item,Burger Combo @ 169,1.0,0.0,0.0
2025-09-16,POS,item,Chicken Pasta,1.0,0.0,0.0
2025-09-16,Swiggy,item,Chicken Pasta,1.0,0.0,0.0
2025-09-16,POS,item,Chikku Shake,2.0,0.0,0.0
2025-09-16,POS,item,Chocolate Shake,1.0,0.0,0.0
2025-09-16,POS,item,French Fries,2.0,0.0,0.0
2025-09-16,Swiggy,item,French Fries,1.0,0.0,0.0
2025-09-16,POS,item,Fresh Garden Mint,1.0,0.0,0.0
2025-09-16,POS,item,Fresh Lime Juice,1.0,0.0,0.0
2025-09-16,POS,item,Mdew 250ml Pet,1.0,0.0,0.0
2025-09-16,POS,item,Mineral Water,1.0,0.0,0.0
2025-09-16,POS,item,Passion Fruit,3.0,0.0,0.0
2025-09-16,POS,item,Pepsi@50rs,1.0,0.0,0.0
2025-09-16,POS,item,Regular Chicken Burger,4.0,0.0,0.0
2025-09-16,POS,item,Soft Drink,1.0,0.0,0.0
2025-09-16,POS,item,Tender Coconut,2.0,0.0,0.0
2025-09-16,POS,item,Veg Burger,2.0,0.0,0.0
2025-09-15,POS,item,12 Inch - Large Pizza,2.0,120.0,240.0
2025-09-15,POS,item,2 Regular Non-veg@409,1.0,80.0,80.0
2025-09-15,Swiggy,item,2 Regular Pizzas,1.0,80.0,80.0
2025-09-15,POS,item,2 Regular Veg@349,1.0,80.0,80.0
2025-09-15,POS,item,9 Inch - Medium Pizza,9.0,75.0,675.0
2025-09-15,POS,item,7 Inch - Regular Pizza,6.0,40.0,240.0
2025-09-15,Swiggy,item,7 Inch - Regular Pizza,3.0,40.0,120.0
2025-09-15,Swiggy,item,Garlic Bread With Cheese,1.0,40.0,40.0
2025-09-15,POS,item,Super Saver Meal Regular,2.0,40.0,80.0
2025-09-15,POS,item,Combo Delight Non-veg,1.0,20.0,20.0
2025-09-15,POS,item,Blue Curacao,1.0,0.0,0.0
2025-09-15,POS,item,Burger Combo @ 169,1.0,0.0,0.0
2025-09-15,POS,item,Chicken Nuggets,1.0,0.0,0.0
2025-09-15,POS,item,Chicken Nuggets Burger,2.0,0.0,0.0
2025-09-15,Swiggy,item,Chicken Pasta,3.0,0.0,0.0
2025-09-15,POS,item,Chicken Pasta,1.0,0.0,0.0
2025-09-15,POS,item,Chikku Shake,2.0,0.0,0.0
2025-09-15,POS,item,French Fries,5.0,0.0,0.0
2025-09-15,POS,item,Fresh Lime Juice,5.0,0.0,0.0
2025-09-15,POS,item,Grapes Juice,1.0,0.0,0.0
2025-09-15,POS,item,Green Apple,2.0,0.0,0.0
2025-09-15,POS,item,Loaded Fries,2.0,0.0,0.0
2025-09-15,POS,item,Mdew 250ml Pet,1.0,0.0,0.0
2025-09-15,POS,item,Mdew@40rs,2.0,0.0,0.0
2025-09-15,POS,item,Passion Fruit,1.0,0.0,0.0
2025-09-15,POS,item,Pepsi@50rs,1.0,0.0,0.0
2025-09-15,Swiggy,item,Potato Wedges,1.0,0.0,0.0
2025-09-15,POS,item,Regular Chicken Burger,3.0,0.0,0.0
2025-09-15,Swiggy,item,Roasted Chicken Salad,1.0,0.0,0.0
2025-09-15,POS,item,Soft Drink,1.0,0.0,0.0
2025-09-15,POS,item,Watermelon Juice,3.0,0.0,0.0
2025-09-14,POS,item,2 Medium Non-veg@759,2.0,150.0,300.0
2025-09-14,POS,item,12 Inch - Large Pizza,6.0,120.0,720.0
2025-09-14,Swiggy,item,12 Inch - Large Pizza,1.0,120.0,120.0
2025-09-14,POS,item,2 Regular Non-veg@409,3.0,80.0,240.0
2025-09-14,POS,item,9 Inch - Medium Pizza,6.0,75.0,450.0
2025-09-14,Swiggy,item,9 Inch - Medium Pizza,1.0,75.0,75.0
2025-09-14,POS,item,7 Inch - Regular Pizza,5.0,40.0,200.0
2025-09-14,Swiggy,item,7 Inch - Regular Pizza,1.0,40.0,40.0
2025-09-14,POS,item,Garlic Bread With Cheese,1.0,40.0,40.0
2025-09-14,Swiggy,item,Garlic Bread With Cheese,1.0,40.0,40.0
2025-09-14,POS,item,Super Saver Meal Regular,3.0,40.0,120.0
2025-09-14,POS,item,Blue Curacao,1.0,0.0,0.0
2025-09-14,Swiggy,item,Blue Curacao,1.0,0.0,0.0
2025-09-14,POS,item,Blue Mojito,1.0,0.0,0.0
2025-09-14,POS,item,Brownie,1.0,0.0,0.0
2025-09-14,POS,item,Brownie With Ice Cream,2.0,0.0,0.0
2025-09-14,POS,item,Burger Combo @ 169,1.0,0.0,0.0
2025-09-14,POS,item,Burger Combo @ 179,1.0,0.0,0.0
2025-09-14,POS,item,Cheesy Fries,1.0,0.0,0.0
2025-09-14,POS,item,Chicken Nuggets,1.0,0.0,0.0
2025-09-14,POS,item,Chicken Pasta,1.0,0.0,0.0
2025-09-14,POS,item,Chikku Shake,3.0,0.0,0.0
2025-09-14,POS,item,Chocolate Shake,1.0,0.0,0.0
2025-09-14,POS,item,French Fries,2.0,0.0,0.0
2025-09-14,POS,item,Fresh Lime Juice,3.0,0.0,0.0
2025-09-14,POS,item,Grapes Juice,1.0,0.0,0.0
2025-09-14,POS,item,Loaded Fries,3.0,0.0,0.0
2025-09-14,POS,item,Macaroni N Chicken Salad,1.0,0.0,0.0
2025-09-14,POS,item,Mint Lime Juice,6.0,0.0,0.0
2025-09-14,POS,item,Passion Fruit,1.0,0.0,0.0
2025-09-14,Swiggy,item,Passion Mint,2.0,0.0,0.0
2025-09-14,POS,item,Pepsi 250ml Pet,1.0,0.0,0.0
2025-09-14,POS,item,Potato Wedges,2.0,0.0,0.0
2025-09-14,POS,item,Regular Chicken Burger,5.0,0.0,0.0
2025-09-14,POS,item,Soft Drink,1.0,0.0,0.0
2025-09-14,Swiggy,item,Veg Pasta,2.0,0.0,0.0
2025-09-13,POS,item,2 Large Non-veg@1149,1.0,240.0,240.0
2025-09-13,POS,item,12 Inch - Large Pizza,1.0,120.0,120.0
2025-09-13,POS,item,2 Regular Non-veg@409,3.0,80.0,240.0
2025-09-13,POS,item,9 Inch - Medium Pizza,14.0,75.0,1050.0
2025-09-13,Swiggy,item,9 Inch - Medium Pizza,1.0,75.0,75.0
2025-09-13,POS,item,Super Saver Meal Medium,1.0,75.0,75.0
2025-09-13,POS,item,7 Inch - Regular Pizza,18.0,40.0,720.0
2025-09-13,Swiggy,item,7 Inch - Regular Pizza,2.0,40.0,80.0
2025-09-13,POS,item,Garlic Bread With Cheese,7.0,40.0,280.0
2025-09-13,POS,item,Super Saver Meal Regular,1.0,40.0,40.0
2025-09-13,POS,item,Veg Meal For 1,1.0,40.0,40.0
2025-09-13,POS,item,Combo Delight Non-veg,2.0,20.0,40.0
2025-09-13,POS,item,7up 250ml Pet,1.0,0.0,0.0
2025-09-13,POS,item,7up @50rs,1.0,0.0,0.0
2025-09-13,POS,item,7up@40rs,1.0,0.0,0.0
2025-09-13,POS,item,Blue Mojito,1.0,0.0,0.0
2025-09-13,POS,item,Brownie,1.0,0.0,0.0
2025-09-13,POS,item,Brownie With Ice Cream,1.0,0.0,0.0
2025-09-13,POS,item,Burger Combo @ 169,1.0,0.0,0.0
2025-09-13,POS,item,Burger Combo @ 179,1.0,0.0,0.0
2025-09-13,POS,item,Cheesy Fries,3.0,0.0,0.0
2025-09-13,Swiggy,item,Chicken Loaded Fries,2.0,0.0,0.0
2025-09-13,POS,item,Chicken Pasta,2.0,0.0,0.0
2025-09-13,Swiggy,item,Chicken Pasta,1.0,0.0,0.0
2025-09-13,POS,item,Chocolate Shake,1.0,0.0,0.0
2025-09-13,POS,item,Coleslaw Salad,1.0,0.0,0.0
2025-09-13,POS,item,French Fries,5.0,0.0,0.0
2025-09-13,Swiggy,item,French Fries,1.0,0.0,0.0
2025-09-13,POS,item,Fresh Lime Juice,2.0,0.0,0.0
2025-09-13,POS,item,Loaded Fries,1.0,0.0,0.0
2025-09-13,POS,item,Mdew 250ml Pet,2.0,0.0,0.0
2025-09-13,POS,item,Mint Lime Juice,1.0,0.0,0.0
2025-09-13,POS,item,Mixed Chicken Salad,1.0,0.0,0.0
2025-09-13,POS,item,Pepsi 250ml Pet,4.0,0.0,0.0
2025-09-13,POS,item,Pepsi@50rs,2.0,0.0,0.0
2025-09-13,POS,item,Regular Chicken Burger,10.0,0.0,0.0
2025-09-13,POS,item,Soft Drink,1.0,0.0,0.0
2025-09-13,POS,item,Tender Coconut,1.0,0.0,0.0
2025-09-13,POS,item,Veg Burger,9.0,0.0,0.0
2025-09-13,POS,item,Veg Pasta,1.0,0.0,0.0
2025-09-12,POS,item,2 Regular Veg@349,1.0,80.0,80.0
2025-09-12,POS,item,9 Inch - Medium Pizza,1.0,75.0,75.0
2025-09-12,Swiggy,item,Bada Saver Meal Medium,1.0,75.0,75.0
2025-09-12,POS,item,Delicious Combo Delight Medium,1.0,75.0,75.0
2025-09-12,POS,item,7 Inch - Regular Pizza,7.0,40.0,280.0
2025-09-12,Swiggy,item,7 Inch - Regular Pizza,3.0,40.0,120.0
2025-09-12,POS,item,Super Saver Meal Regular,1.0,40.0,40.0
2025-09-12,Swiggy,addon,7 Inch - Regular Pizza -Extra Cheese,1.0,20.0,20.0
2025-09-12,POS,item,Combo Delight Non-veg,1.0,20.0,20.0
2025-09-12,POS,item,7up@40rs,1.0,0.0,0.0
2025-09-12,POS,item,Blue Mojito,2.0,0.0,0.0
2025-09-12,POS,item,Burger Combo @ 179,1.0,0.0,0.0
2025-09-12,POS,item,Chicken Nuggets,1.0,0.0,0.0
2025-09-12,POS,item,Chicken Pasta,1.0,0.0,0.0
2025-09-12,POS,item,Cucumber,1.0,0.0,0.0
2025-09-12,POS,item,Fresh Lime Juice,1.0,0.0,0.0
2025-09-12,POS,item,Garlic Bread,1.0,0.0,0.0
2025-09-12,POS,item,Macaroni N Chicken Salad,1.0,0.0,0.0
2025-09-12,POS,item,Mdew 330ml Can,1.0,0.0,0.0
2025-09-12,POS,item,Mint Lime Juice,1.0,0.0,0.0
2025-09-12,POS,item,Pepsi 250ml Pet,1.0,0.0,0.0
2025-09-12,POS,item,Regular Chicken Burger,4.0,0.0,0.0
2025-09-12,POS,item,Slice@40rs,1.0,0.0,0.0
2025-09-11,POS,item,2 Medium Non-veg@759,2.0,150.0,300.0
2025-09-11,POS,item,12 Inch - Large Pizza,4.0,120.0,480.0
2025-09-11,POS,item,2 Regular Non-veg@409,1.0,80.0,80.0
2025-09-11,Swiggy,item,2 Regular Pizzas,1.0,80.0,80.0
2025-09-11,POS,item,9 Inch - Medium Pizza,4.0,75.0,300.0
2025-09-11,POS,item,Super Saver Meal Medium,1.0,75.0,75.0
2025-09-11,POS,item,7 Inch - Regular Pizza,2.0,40.0,80.0
2025-09-11,Swiggy,item,7 Inch - Regular Pizza,1.0,40.0,40.0
2025-09-11,POS,item,Garlic Bread Supreme[non-veg],1.0,40.0,40.0
2025-09-11,POS,item,Garlic Bread With Cheese,2.0,40.0,80.0
2025-09-11,POS,item,Super Saver Meal Regular,1.0,40.0,40.0
2025-09-11,POS,item,Combo Delight Non-veg,3.0,20.0,60.0
2025-09-11,POS,item,7up @50rs,1.0,0.0,0.0
2025-09-11,POS,item,Blue Mojito,1.0,0.0,0.0
2025-09-11,POS,item,Burger Combo @ 179,1.0,0.0,0.0
2025-09-11,POS,item,Burger Combo @ 199,1.0,0.0,0.0
2025-09-11,POS,item,Chicken Nuggets Burger,2.0,0.0,0.0
2025-09-11,POS,item,Chikku Shake,2.0,0.0,0.0
2025-09-11,POS,item,French Fries,2.0,0.0,0.0
2025-09-11,POS,item,Fresh Lime Juice,2.0,0.0,0.0
2025-09-11,POS,item,Grapes Juice,1.0,0.0,0.0
2025-09-11,POS,item,Green Apple,2.0,0.0,0.0
2025-09-11,POS,item,Loaded Fries,2.0,0.0,0.0
2025-09-11,POS,item,Mdew@40rs,1.0,0.0,0.0
2025-09-11,POS,item,Mineral Water,1.0,0.0,0.0
2025-09-11,POS,item,Pepsi 250ml Pet,1.0,0.0,0.0
2025-09-11,POS,item,Pepsi@40rs,1.0,0.0,0.0
2025-09-11,POS,item,Pepsi@50rs,1.0,0.0,0.0
2025-09-11,POS,item,Regular Chicken Burger,2.0,0.0,0.0
2025-09-11,POS,item,Tender Coconut,2.0,0.0,0.0
2025-09-11,POS,item,Veg Pasta,1.0,0.0,0.0
2025-09-11,POS,item,Watermelon Juice,1.0,0.0,0.0
2025-09-10,POS,item,2 Large Non-veg@1149,1.0,240.0,240.0
2025-09-10,POS,item,Veg Meal For 6,1.0,195.0,195.0
2025-09-10,POS,item,2 Medium Non-veg@759,2.0,150.0,300.0
2025-09-10,POS,item,12 Inch - Large Pizza,3.0,120.0,360.0
2025-09-10,POS,item,Non Veg Meal For 4,1.0,120.0,120.0
2025-09-10,POS,item,2 Regular Non-veg@409,1.0,80.0,80.0
2025-09-10,POS,item,9 Inch - Medium Pizza,11.0,75.0,825.0
2025-09-10,POS,item,7 Inch - Regular Pizza,5.0,40.0,200.0
2025-09-10,Swiggy,item,7 Inch - Regular Pizza,1.0,40.0,40.0
2025-09-10,POS,item,7up 250ml Pet,2.0,0.0,0.0
2025-09-10,POS,item,7up@40rs,1.0,0.0,0.0
2025-09-10,POS,item,Brownie,1.0,0.0,0.0
2025-09-10,Swiggy,item,Cheesy Dip,1.0,0.0,0.0
2025-09-10,Swiggy,item,Chicken Loaded Fries,1.0,0.0,0.0
2025-09-10,POS,item,Chicken Pasta,3.0,0.0,0.0
2025-09-10,POS,item,Coleslaw Salad,1.0,0.0,0.0
2025-09-10,POS,item,French Fries,4.0,0.0,0.0
2025-09-10,POS,item,Fresh Lime Juice,1.0,0.0,0.0
2025-09-10,POS,item,Green Apple,1.0,0.0,0.0
2025-09-10,POS,item,Loaded Fries,2.0,0.0,0.0
2025-09-10,POS,item,Mdew@40rs,1.0,0.0,0.0
2025-09-10,POS,item,Mineral Water,1.0,0.0,0.0
2025-09-10,POS,item,Mint Lime Juice,1.0,0.0,0.0
2025-09-10,POS,item,Pepsi@50rs,2.0,0.0,0.0
2025-09-10,POS,item,Pineapple Juice,1.0,0.0,0.0
2025-09-10,POS,item,Pizza Upgrade,1.0,0.0,0.0
2025-09-10,POS,item,Regular Chicken Burger,3.0,0.0,0.0
2025-09-10,Swiggy,item,Roasted Chicken Salad,1.0,0.0,0.0
2025-09-10,POS,item,Soft Drink,2.0,0.0,0.0
2025-09-10,POS,item,Tender Coconut,1.0,0.0,0.0
2025-09-10,POS,item,Veg Pasta,1.0,0.0,0.0
2025-09-10,POS,item,Water Melon,1.0,0.0,0.0
2025-09-09,POS,item,2 Large Non-veg@1149,1.0,240.0,240.0
2025-09-09,POS,item,Veg Meal For 6,1.0,195.0,195.0
2025-09-09,POS,item,12 Inch - Large Pizza,3.0,120.0,360.0
2025-09-09,POS,item,2 Regular Non-veg@409,3.0,80.0,240.0
2025-09-09,POS,item,2 Regular Veg@349,1.0,80.0,80.0
2025-09-09,POS,item,9 Inch - Medium Pizza,5.0,75.0,375.0
2025-09-09,Swiggy,item,9 Inch - Medium Pizza,3.0,75.0,225.0
2025-09-09,POS,item,Delicious Combo Delight Medium,1.0,75.0,75.0
2025-09-09,POS,item,7 Inch - Regular Pizza,8.0,40.0,320.0
2025-09-09,Swiggy,item,7 Inch - Regular Pizza,1.0,40.0,40.0
2025-09-09,POS,item,Garlic Bread With Cheese,3.0,40.0,120.0
2025-09-09,Swiggy,addon,9 Inch - Medium Pizza -Extra Cheese,1.0,38.0,38.0
2025-09-09,Swiggy,item,Blue Mojito,1.0,0.0,0.0
2025-09-09,POS,item,Brownie,1.0,0.0,0.0
2025-09-09,Swiggy,item,Brownie With Ice Cream,1.0,0.0,0.0
2025-09-09,POS,item,Burger Combo @ 179,1.0,0.0,0.0
2025-09-09,Swiggy,item,Chicken Loaded Fries,2.0,0.0,0.0
2025-09-09,Swiggy,item,Chicken Nuggets,1.0,0.0,0.0
2025-09-09,Swiggy,item,Chicken Pasta,2.0,0.0,0.0
2025-09-09,POS,item,Chocolate Shake,1.0,0.0,0.0
2025-09-09,POS,item,French Fries,2.0,0.0,0.0
2025-09-09,POS,item,Fresh Lime Juice,2.0,0.0,0.0
2025-09-09,POS,item,Macaroni N Chicken Salad,1.0,0.0,0.0
2025-09-09,POS,item,Mdew 330ml Can,1.0,0.0,0.0
2025-09-09,POS,item,Mdew@40rs,1.0,0.0,0.0
2025-09-09,POS,item,Pepsi@50rs,1.0,0.0,0.0
2025-09-09,POS,item,Pizza Upgrade,1.0,0.0,0.0
2025-09-09,POS,item,Veg Pasta,1.0,0.0,0.0
2025-09-08,POS,item,2 Medium Non-veg@759,2.0,150.0,300.0
2025-09-08,POS,item,12 Inch - Large Pizza,2.0,120.0,240.0
2025-09-08,POS,item,2 Regular Non-veg@409,3.0,80.0,240.0
2025-09-08,POS,item,7 Inch - Regular Pizza,10.0,40.0,400.0
2025-09-08,Swiggy,item,7 Inch - Regular Pizza,3.0,40.0,120.0
2025-09-08,POS,item,Garlic Bread Supreme[non-veg],1.0,40.0,40.0
2025-09-08,POS,item,Combo Delight Non-veg,1.0,20.0,20.0
2025-09-08,POS,item,7up@40rs,1.0,0.0,0.0
2025-09-08,POS,item,Brownie With Ice Cream,1.0,0.0,0.0
2025-09-08,POS,item,Bubble Gum,1.0,0.0,0.0
2025-09-08,POS,item,Burger Combo @ 169,3.0,0.0,0.0
2025-09-08,POS,item,Burger Combo @ 179,1.0,0.0,0.0
2025-09-08,Swiggy,item,Chicken Loaded Fries,1.0,0.0,0.0
2025-09-08,POS,item,Chicken Pasta,1.0,0.0,0.0
2025-09-08,POS,item,Chikku Shake,2.0,0.0,0.0
2025-09-08,POS,item,French Fries,1.0,0.0,0.0
2025-09-08,POS,item,Fresh Lime Juice,1.0,0.0,0.0
2025-09-08,POS,item,Loaded Fries,1.0,0.0,0.0
2025-09-08,POS,item,Mineral Water,1.0,0.0,0.0
2025-09-08,POS,item,Mint Lime Juice,1.0,0.0,0.0
2025-09-08,POS,item,Passion Fruit,3.0,0.0,0.0
2025-09-08,POS,item,Pepsi 250ml Pet,1.0,0.0,0.0
2025-09-08,POS,item,Potato Wedges,1.0,0.0,0.0
2025-09-08,POS,item,Regular Chicken Burger,2.0,0.0,0.0
2025-09-08,POS,item,Veg Pasta,1.0,0.0,0.0
2025-09-08,POS,item,Watermelon Juice,3.0,0.0,0.0
2025-09-07,POS,item,12 Inch - Large Pizza,3.0,120.0,360.0
2025-09-07,POS,item,2 Regular Non-veg@409,2.0,80.0,160.0
2025-09-07,POS,item,2 Regular Veg@349,1.0,80.0,80.0
2025-09-07,POS,item,9 Inch - Medium Pizza,7.0,75.0,525.0
2025-09-07,POS,item,Super Saver Meal Medium,2.0,75.0,150.0
2025-09-07,POS,item,7 Inch - Regular Pizza,15.0,40.0,600.0
2025-09-07,Swiggy,item,7 Inch - Regular Pizza,6.0,40.0,240.0
2025-09-07,POS,item,Garlic Bread Supreme[non-veg],2.0,40.0,80.0
2025-09-07,POS,item,Garlic Bread With Cheese,3.0,40.0,120.0
2025-09-07,POS,item,Non Veg Meal For 1,1.0,40.0,40.0
2025-09-07,POS,item,Super Saver Meal Regular,1.0,40.0,40.0
2025-09-07,POS,item,Combo Delight Non-veg,1.0,20.0,20.0
2025-09-07,POS,item,7up 330ml Can,1.0,0.0,0.0
2025-09-07,POS,item,7up @50rs,3.0,0.0,0.0
2025-09-07,POS,item,7up@40rs,1.0,0.0,0.0
2025-09-07,POS,item,Blue Mojito,3.0,0.0,0.0
2025-09-07,Swiggy,item,Blue Mojito,1.0,0.0,0.0
2025-09-07,POS,item,Burger Combo @ 169,1.0,0.0,0.0
2025-09-07,POS,item,Cheesy Fries,1.0,0.0,0.0
2025-09-07,Swiggy,item,Chicken Loaded Fries,1.0,0.0,0.0
2025-09-07,POS,item,Chicken Nuggets,3.0,0.0,0.0
2025-09-07,POS,item,Chicken Pasta,3.0,0.0,0.0
2025-09-07,POS,item,Chikku Shake,2.0,0.0,0.0
2025-09-07,POS,item,Chocolate Shake,2.0,0.0,0.0
2025-09-07,POS,item,French Fries,5.0,0.0,0.0
2025-09-07,POS,item,Fresh Garden Mint,1.0,0.0,0.0
2025-09-07,POS,item,Fresh Lime Juice,2.0,0.0,0.0
2025-09-07,Swiggy,item,Garlic Bread,1.0,0.0,0.0
2025-09-07,POS,item,Green Apple,2.0,0.0,0.0
2025-09-07,Swiggy,item,Green Apple,2.0,0.0,0.0
2025-09-07,POS,item,Loaded Fries,3.0,0.0,0.0
2025-09-07,POS,item,Macaroni N Chicken Salad,1.0,0.0,0.0
2025-09-07,POS,item,Mdew 250ml Pet,2.0,0.0,0.0
2025-09-07,POS,item,Mdew@40rs,1.0,0.0,0.0
2025-09-07,POS,item,Mineral Water,1.0,0.0,0.0
2025-09-07,POS,item,Mint Lime Juice,7.0,0.0,0.0
2025-09-07,POS,item,Nutty Vanilla,2.0,0.0,0.0
2025-09-07,POS,item,Passion Fruit,3.0,0.0,0.0
2025-09-07,POS,item,Pepsi 250ml Pet,1.0,0.0,0.0
2025-09-07,POS,item,Pepsi@40rs,2.0,0.0,0.0
2025-09-07,POS,item,Pineapple Juice,2.0,0.0,0.0
2025-09-07,POS,item,Pizza Upgrade,1.0,0.0,0.0
2025-09-07,POS,item,Regular Chicken Burger,13.0,0.0,0.0
2025-09-07,POS,item,Soft Drink,1.0,0.0,0.0
2025-09-07,POS,item,Veg Burger,2.0,0.0,0.0
2025-09-07,POS,item,Veg Pasta,1.0,0.0,0.0
2025-09-07,POS,item,Watermelon Juice,1.0,0.0,0.0
2025-09-06,POS,item,2 Medium Non-veg@759,1.0,150.0,150.0
2025-09-06,POS,item,12 Inch - Large Pizza,8.0,120.0,960.0
2025-09-06,Swiggy,item,12 Inch - Large Pizza,3.0,120.0,360.0
2025-09-06,POS,item,2 Regular Non-veg@409,6.0,80.0,480.0
2025-09-06,Swiggy,item,2 Regular Pizzas,1.0,80.0,80.0
2025-09-06,POS,item,2 Regular Veg@349,1.0,80.0,80.0
2025-09-06,POS,item,9 Inch - Medium Pizza,13.0,75.0,975.0
2025-09-06,Swiggy,item,9 Inch - Medium Pizza,4.0,75.0,300.0
2025-09-06,POS,item,Non Veg Meal For 2,1.0,75.0,75.0
2025-09-06,POS,item,Super Saver Meal Medium,1.0,75.0,75.0
2025-09-06,POS,item,7 Inch - Regular Pizza,17.0,40.0,680.0
2025-09-06,Swiggy,item,7 Inch - Regular Pizza,2.0,40.0,80.0
2025-09-06,POS,item,Garlic Bread Supreme[non-veg],2.0,40.0,80.0
2025-09-06,POS,item,Garlic Bread With Cheese,2.0,40.0,80.0
2025-09-06,POS,item,Super Saver Meal Regular,2.0,40.0,80.0
2025-09-06,POS,addon,9 Inch - Medium Pizza -Extra Cheese,1.0,38.0,38.0
2025-09-06,POS,addon,7 Inch - Regular Pizza -Extra Cheese,4.0,20.0,80.0
2025-09-06,POS,item,7up @50rs,1.0,0.0,0.0
2025-09-06,POS,item,Black And White,1.0,0.0,0.0
2025-09-06,POS,item,Blue Curacao,1.0,0.0,0.0
2025-09-06,POS,item,Blue Mojito,2.0,0.0,0.0
2025-09-06,POS,item,Brownie With Ice Cream,1.0,0.0,0.0
2025-09-06,Swiggy,item,Brownie With Ice Cream,1.0,0.0,0.0
2025-09-06,POS,item,Burger Combo @ 169,1.0,0.0,0.0
2025-09-06,POS,item,Burger Combo @ 179,1.0,0.0,0.0
2025-09-06,POS,item,Cheesy Fries,1.0,0.0,0.0
2025-09-06,Swiggy,item,Chicken Nuggets,1.0,0.0,0.0
2025-09-06,POS,item,Chicken Pasta,2.0,0.0,0.0
2025-09-06,POS,item,Chikku Shake,4.0,0.0,0.0
2025-09-06,POS,item,Chilly Potato Shots,1.0,0.0,0.0
2025-09-06,POS,item,Coleslaw Salad,1.0,0.0,0.0
2025-09-06,POS,item,French Fries,7.0,0.0,0.0
2025-09-06,Swiggy,item,French Fries,1.0,0.0,0.0
2025-09-06,POS,item,Fresh Garden Mint,1.0,0.0,0.0
2025-09-06,POS,item,Fresh Lime Juice,5.0,0.0,0.0
2025-09-06,POS,item,Grapes Juice,1.0,0.0,0.0
2025-09-06,POS,item,Green Apple,3.0,0.0,0.0
2025-09-06,POS,item,Loaded Fries,6.0,0.0,0.0
2025-09-06,POS,item,Macaroni N Chicken Salad,2.0,0.0,0.0
2025-09-06,POS,item,Mdew 330ml Can,1.0,0.0,0.0
2025-09-06,POS,item,Mdew@40rs,1.0,0.0,0.0
2025-09-06,POS,item,Mint Lime Juice,5.0,0.0,0.0
2025-09-06,POS,item,Mixed Chicken Salad,1.0,0.0,0.0
2025-09-06,POS,item,Nutty Vanilla,1.0,0.0,0.0
2025-09-06,POS,item,Passion Fruit,14.0,0.0,0.0
2025-09-06,POS,item,Pepsi 250ml Pet,3.0,0.0,0.0
2025-09-06,POS,item,Pepsi@40rs,1.0,0.0,0.0
2025-09-06,POS,item,Pepsi@50rs,1.0,0.0,0.0
2025-09-06,POS,item,Pizza Upgrade,1.0,0.0,0.0
2025-09-06,POS,item,Potato Wedges,3.0,0.0,0.0
2025-09-06,POS,item,Regular Chicken Burger,3.0,0.0,0.0
2025-09-06,POS,item,Tender Coconut,2.0,0.0,0.0
2025-09-06,POS,item,Veg Burger,1.0,0.0,0.0
2025-09-06,POS,item,Veg Pasta,4.0,0.0,0.0
2025-09-06,POS,item,Water Melon,1.0,0.0,0.0
2025-09-06,POS,item,Watermelon Juice,2.0,0.0,0.0
2025-09-05,POS,item,12 Inch - Large Pizza,8.0,120.0,960.0
2025-09-05,Swiggy,item,12 Inch - Large Pizza,2.0,120.0,240.0
2025-09-05,POS,item,2 Regular Veg@349,2.0,80.0,160.0
2025-09-05,POS,item,9 Inch - Medium Pizza,15.0,75.0,1125.0
2025-09-05,Swiggy,item,Bada Saver Meal Medium,1.0,75.0,75.0
2025-09-05,POS,item,7 Inch - Regular Pizza,12.0,40.0,480.0
2025-09-05,Swiggy,item,7 Inch - Regular Pizza,5.0,40.0,200.0
2025-09-05,Swiggy,item,Garlic Bread Supreme [Veg],1.0,40.0,40.0
2025-09-05,POS,item,Garlic Bread Supreme[non-veg],1.0,40.0,40.0
2025-09-05,POS,item,Garlic Bread With Cheese,2.0,40.0,80.0
2025-09-05,POS,item,Super Saver Meal Regular,1.0,40.0,40.0
2025-09-05,Swiggy,item,2 Medium Budget Pizzas,1.0,0.0,0.0
2025-09-05,POS,item,7up @50rs,1.0,0.0,0.0
2025-09-05,POS,item,7up@40rs,3.0,0.0,0.0
2025-09-05,POS,item,Blue Curacao,1.0,0.0,0.0
2025-09-05,POS,item,Burger Combo @ 169,1.0,0.0,0.0
2025-09-05,POS,item,Burger Combo @ 179,2.0,0.0,0.0
2025-09-05,POS,item,Cheesy Fries,1.0,0.0,0.0
2025-09-05,POS,item,Chicken Nuggets,1.0,0.0,0.0
2025-09-05,POS,item,Chicken Nuggets Burger,1.0,0.0,0.0
2025-09-05,POS,item,Chicken Pasta,1.0,0.0,0.0
2025-09-05,POS,item,Chicken Popcorn,1.0,0.0,0.0
2025-09-05,POS,item,Chikku Shake,1.0,0.0,0.0
2025-09-05,POS,item,Chocolate Shake,1.0,0.0,0.0
2025-09-05,POS,item,French Fries,3.0,0.0,0.0
2025-09-05,POS,item,Loaded Fries,1.0,0.0,0.0
2025-09-05,POS,item,Macaroni N Chicken Salad,1.0,0.0,0.0
2025-09-05,POS,item,Mdew@40rs,1.0,0.0,0.0
2025-09-05,POS,item,Mixed Chicken Salad,1.0,0.0,0.0
2025-09-05,POS,item,Pepsi 250ml Pet,4.0,0.0,0.0
2025-09-05,POS,item,Regular Chicken Burger,6.0,0.0,0.0
2025-09-05,POS,item,Slice@40rs,2.0,0.0,0.0
2025-09-05,POS,item,Soft Drink,1.0,0.0,0.0
2025-09-05,POS,item,Special Discount,0.0,0.0,0.0
2025-09-05,POS,item,Tender Coconut,1.0,0.0,0.0
2025-09-05,POS,item,Veg Burger,4.0,0.0,0.0
2025-09-05,POS,item,Veg Pasta,1.0,0.0,0.0
2025-09-05,Swiggy,item,Veg Pasta,1.0,0.0,0.0
2025-09-04,POS,item,12 Inch - Large Pizza,7.0,120.0,840.0
2025-09-04,POS,item,2 Regular Non-veg@409,1.0,80.0,80.0
2025-09-04,POS,item,2 Regular Veg@349,1.0,80.0,80.0
2025-09-04,POS,item,9 Inch - Medium Pizza,8.0,75.0,600.0
2025-09-04,Swiggy,item,9 Inch - Medium Pizza,2.0,75.0,150.0
2025-09-04,POS,item,Delicious Combo Delight Medium,1.0,75.0,75.0
2025-09-04,POS,item,Super Saver Meal Medium,2.0,75.0,150.0
2025-09-04,Swiggy,item,7 Inch - Regular Pizza,6.0,40.0,240.0
2025-09-04,POS,item,7 Inch - Regular Pizza,4.0,40.0,160.0
2025-09-04,Swiggy,item,Garlic Bread With Cheese,1.0,40.0,40.0
2025-09-04,POS,item,Super Saver Meal Regular,4.0,40.0,160.0
2025-09-04,Swiggy,addon,9 Inch - Medium Pizza -Extra Cheese,1.0,38.0,38.0
2025-09-04,POS,item,7up @50rs,1.0,0.0,0.0
2025-09-04,POS,item,Black And White,1.0,0.0,0.0
2025-09-04,POS,item,Blue Mojito,1.0,0.0,0.0
2025-09-04,Swiggy,item,Brownie,2.0,0.0,0.0
2025-09-04,POS,item,Brownie With Ice Cream,1.0,0.0,0.0
2025-09-04,POS,item,Bubble Gum,1.0,0.0,0.0
2025-09-04,POS,item,Burger Combo @ 169,3.0,0.0,0.0
2025-09-04,POS,item,Cheesy Dip,1.0,0.0,0.0
2025-09-04,POS,item,Chicken Popcorn,1.0,0.0,0.0
2025-09-04,POS,item,Chikku Shake,1.0,0.0,0.0
2025-09-04,POS,item,French Fries,6.0,0.0,0.0
2025-09-04,Swiggy,item,French Fries,3.0,0.0,0.0
2025-09-04,POS,item,Hot Garlic Dip,1.0,0.0,0.0
2025-09-04,Swiggy,item,Hot Garlic Dip,1.0,0.0,0.0
2025-09-04,POS,item,Mint Lime Juice,1.0,0.0,0.0
2025-09-04,POS,item,Pepsi 250ml Pet,1.0,0.0,0.0
2025-09-04,POS,item,Pizza Upgrade,2.0,0.0,0.0
2025-09-04,POS,item,Regular Chicken Burger,1.0,0.0,0.0
2025-09-04,POS,item,Soft Drink,1.0,0.0,0.0
2025-09-04,POS,item,Special Discount,0.0,0.0,0.0
2025-09-04,POS,item,Veg Burger,1.0,0.0,0.0
2025-09-04,Swiggy,item,Veg Pasta,1.0,0.0,0.0
2025-09-03,POS,item,12 Inch - Large Pizza,6.0,120.0,720.0
2025-09-03,Swiggy,item,12 Inch - Large Pizza,1.0,120.0,120.0
2025-09-03,POS,item,2 Regular Non-veg@409,3.0,80.0,240.0
2025-09-03,Swiggy,item,2 Regular Pizzas,2.0,80.0,160.0
2025-09-03,POS,item,2 Regular Veg@349,1.0,80.0,80.0
2025-09-03,POS,item,9 Inch - Medium Pizza,17.0,75.0,1275.0
2025-09-03,POS,item,7 Inch - Regular Pizza,12.0,40.0,480.0
2025-09-03,Swiggy,item,7 Inch - Regular Pizza,2.0,40.0,80.0
2025-09-03,POS,item,Garlic Bread With Cheese,1.0,40.0,40.0
2025-09-03,POS,item,Super Saver Meal Regular,2.0,40.0,80.0
2025-09-03,POS,addon,9 Inch - Medium Pizza -Extra Cheese,1.0,38.0,38.0
2025-09-03,POS,item,Combo Delight Non-veg,3.0,20.0,60.0
2025-09-03,POS,item,7up @50rs,1.0,0.0,0.0
2025-09-03,POS,item,7up@40rs,1.0,0.0,0.0
2025-09-03,POS,item,Bubble Gum,1.0,0.0,0.0
2025-09-03,POS,item,Burger Combo @ 169,3.0,0.0,0.0
2025-09-03,POS,item,Burger Combo @ 179,2.0,0.0,0.0
2025-09-03,POS,item,Cheese N Macaroni Salad,1.0,0.0,0.0
2025-09-03,POS,item,Cheesy Fries,1.0,0.0,0.0
2025-09-03,POS,item,Chicken Nuggets,1.0,0.0,0.0
2025-09-03,POS,item,Chicken Pasta,1.0,0.0,0.0
2025-09-03,POS,item,Chocolate Shake,1.0,0.0,0.0
2025-09-03,POS,item,French Fries,5.0,0.0,0.0
2025-09-03,POS,item,Fresh Garden Mint,1.0,0.0,0.0
2025-09-03,POS,item,Fresh Lime Juice,1.0,0.0,0.0
2025-09-03,Swiggy,item,Greek Salad,1.0,0.0,0.0
2025-09-03,POS,item,Green Apple,1.0,0.0,0.0
2025-09-03,POS,item,Loaded Fries,3.0,0.0,0.0
2025-09-03,POS,item,Mineral Water,1.0,0.0,0.0
2025-09-03,POS,item,Mint Lime Juice,1.0,0.0,0.0
2025-09-03,POS,item,Pineapple Juice,5.0,0.0,0.0
2025-09-03,POS,item,Regular Chicken Burger,4.0,0.0,0.0
2025-09-03,POS,item,Sizzling Brownie,1.0,0.0,0.0
2025-09-03,POS,item,Soda,1.0,0.0,0.0
2025-09-03,POS,item,Soft Drink,1.0,0.0,0.0
2025-09-03,POS,item,Special Discount,0.0,0.0,0.0
2025-09-03,POS,item,Water Melon,1.0,0.0,0.0
2025-09-03,POS,item,Watermelon Juice,1.0,0.0,0.0
2025-09-02,POS,item,12 Inch - Large Pizza,2.0,120.0,240.0
2025-09-02,Swiggy,item,12 Inch - Large Pizza,1.0,120.0,120.0
2025-09-02,POS,item,Non Veg Meal For 4,1.0,120.0,120.0
2025-09-02,POS,item,2 Regular Non-veg@409,1.0,80.0,80.0
2025-09-02,POS,item,9 Inch - Medium Pizza,11.0,75.0,825.0
2025-09-02,Swiggy,item,9 Inch - Medium Pizza,1.0,75.0,75.0
2025-09-02,POS,item,Delicious Combo Delight Medium,1.0,75.0,75.0
2025-09-02,POS,item,7 Inch - Regular Pizza,8.0,40.0,320.0
2025-09-02,Swiggy,item,7 Inch - Regular Pizza,1.0,40.0,40.0
2025-09-02,POS,item,Garlic Bread With Cheese,5.0,40.0,200.0
2025-09-02,POS,addon,9 Inch - Medium Pizza -Extra Cheese,1.0,38.0,38.0
2025-09-02,POS,item,Combo Delight Non-veg,1.0,20.0,20.0
2025-09-02,Swiggy,item,Chicken Loaded Fries,1.0,0.0,0.0
2025-09-02,POS,item,Chicken Nuggets,1.0,0.0,0.0
2025-09-02,Swiggy,item,Chicken Nuggets,1.0,0.0,0.0
2025-09-02,POS,item,Chicken Pasta,1.0,0.0,0.0
2025-09-02,POS,item,Chocolate Shake,3.0,0.0,0.0
2025-09-02,Swiggy,item,Coleslaw Salad,1.0,0.0,0.0
2025-09-02,POS,item,French Fries,3.0,0.0,0.0
2025-09-02,Swiggy,item,French Fries,1.0,0.0,0.0
2025-09-02,POS,item,Fresh Garden Mint,1.0,0.0,0.0
2025-09-02,POS,item,Fresh Lime Juice,2.0,0.0,0.0
2025-09-02,Swiggy,item,Green Apple,1.0,0.0,0.0
2025-09-02,POS,item,Loaded Fries,2.0,0.0,0.0
2025-09-02,POS,item,Mdew 330ml Can,1.0,0.0,0.0
2025-09-02,POS,item,Mineral Water,1.0,0.0,0.0
2025-09-02,POS,item,Mixed Chicken Salad,1.0,0.0,0.0
2025-09-02,POS,item,Passion Fruit,1.0,0.0,0.0
2025-09-02,POS,item,Pepsi 250ml Pet,1.0,0.0,0.0
2025-09-02,POS,item,Pepsi@40rs,2.0,0.0,0.0
2025-09-02,POS,item,Pineapple Juice,4.0,0.0,0.0
2025-09-02,POS,item,Regular Chicken Burger,5.0,0.0,0.0
2025-09-02,POS,item,Soft Drink,1.0,0.0,0.0
2025-09-02,POS,item,Special Discount,0.0,0.0,0.0
2025-09-02,POS,item,Tender Coconut,4.0,0.0,0.0
2025-09-02,POS,item,Veg Pasta,2.0,0.0,0.0
2025-09-02,POS,item,Watermelon Juice,1.0,0.0,0.0
2025-09-01,POS,item,12 Inch - Large Pizza,5.0,120.0,600.0
2025-09-01,POS,item,Non Veg Meal For 4,1.0,120.0,120.0
2025-09-01,POS,item,2 Regular Non-veg@409,1.0,80.0,80.0
2025-09-01,Swiggy,item,2 Regular Pizzas,1.0,80.0,80.0
2025-09-01,POS,item,9 Inch - Medium Pizza,7.0,75.0,525.0
2025-09-01,Swiggy,item,9 Inch - Medium Pizza,2.0,75.0,150.0
2025-09-01,POS,item,7 Inch - Regular Pizza,6.0,40.0,240.0
2025-09-01,Swiggy,item,7 Inch - Regular Pizza,3.0,40.0,120.0
2025-09-01,POS,item,Super Saver Meal Regular,1.0,40.0,40.0
2025-09-01,POS,item,Combo Delight Non-veg,1.0,20.0,20.0
2025-09-01,POS,item,7up@40rs,1.0,0.0,0.0
2025-09-01,POS,item,Blue Mojito,1.0,0.0,0.0
2025-09-01,POS,item,Burger Combo @ 169,1.0,0.0,0.0
2025-09-01,POS,item,Burger Combo @ 179,1.0,0.0,0.0
2025-09-01,POS,item,Cheesy Fries,1.0,0.0,0.0
2025-09-01,Swiggy,item,Chicken Nuggets,1.0,0.0,0.0
2025-09-01,POS,item,Chicken Pasta,2.0,0.0,0.0
2025-09-01,Swiggy,item,Chicken Pasta,1.0,0.0,0.0
2025-09-01,POS,item,Chocolate Shake,1.0,0.0,0.0
2025-09-01,POS,item,French Fries,6.0,0.0,0.0
2025-09-01,POS,item,Garlic Bread,1.0,0.0,0.0
2025-09-01,POS,item,Hot Garlic Dip,1.0,0.0,0.0
2025-09-01,POS,item,Mdew 330ml Can,1.0,0.0,0.0
2025-09-01,POS,item,Mint Lime Juice,1.0,0.0,0.0
2025-09-01,POS,item,Pizza Upgrade,1.0,0.0,0.0
2025-09-01,POS,item,Soft Drink,1.0,0.0,0.0
2025-09-01,POS,item,Special Discount,0.0,0.0,0.0
2025-09-01,POS,item,Tender Coconut,4.0,0.0,0.0
2025-09-01,POS,item,Watermelon Juice,2.0,0.0,0.0
2025-08-31,POS,item,2 Large Non-veg@1149,1.0,240.0,240.0
2025-08-31,POS,item,12 Inch - Large Pizza,8.0,120.0,960.0
2025-08-31,POS,item,2 Regular Non-veg@409,1.0,80.0,80.0
2025-08-31,Swiggy,item,2 Regular Pizzas,2.0,80.0,160.0
2025-08-31,POS,item,2 Regular Veg@349,1.0,80.0,80.0
2025-08-31,POS,item,9 Inch - Medium Pizza,19.0,75.0,1425.0
2025-08-31,POS,item,7 Inch - Regular Pizza,16.0,40.0,640.0
2025-08-31,Swiggy,item,7 Inch - Regular Pizza,1.0,40.0,40.0
2025-08-31,POS,item,Garlic Bread With Cheese,2.0,40.0,80.0
2025-08-31,POS,item,Super Saver Meal Regular,1.0,40.0,40.0
2025-08-31,POS,addon,7 Inch - Regular Pizza -Extra Cheese,1.0,20.0,20.0
2025-08-31,POS,item,Combo Delight Non-veg,1.0,20.0,20.0
2025-08-31,POS,item,7up 330ml Can,2.0,0.0,0.0
2025-08-31,POS,item,7up @50rs,3.0,0.0,0.0
2025-08-31,POS,item,Blue Mojito,2.0,0.0,0.0
2025-08-31,POS,item,Burger Combo @ 199,1.0,0.0,0.0
2025-08-31,POS,item,Chicken Nuggets,1.0,0.0,0.0
2025-08-31,POS,item,Chicken Pasta,4.0,0.0,0.0
2025-08-31,POS,item,Chikku Shake,1.0,0.0,0.0
2025-08-31,POS,item,Chocolate Shake,1.0,0.0,0.0
2025-08-31,POS,item,French Fries,6.0,0.0,0.0
2025-08-31,POS,item,Fresh Lime Juice,2.0,0.0,0.0
2025-08-31,POS,item,Garlic Bread,1.0,0.0,0.0
2025-08-31,POS,item,Grapes Juice,3.0,0.0,0.0
2025-08-31,POS,item,Greek Salad,1.0,0.0,0.0
2025-08-31,POS,item,Green Apple,1.0,0.0,0.0
2025-08-31,POS,item,Loaded Fries,4.0,0.0,0.0
2025-08-31,POS,item,Mdew@40rs,3.0,0.0,0.0
2025-08-31,POS,item,Mint Lime Juice,5.0,0.0,0.0
2025-08-31,POS,item,Mixed Chicken Salad,1.0,0.0,0.0
2025-08-31,POS,item,Passion Fruit,2.0,0.0,0.0
2025-08-31,POS,item,Pepsi 250ml Pet,3.0,0.0,0.0
2025-08-31,POS,item,Pepsi 330ml Can,6.0,0.0,0.0
2025-08-31,POS,item,Pepsi@40rs,2.0,0.0,0.0
2025-08-31,POS,item,Regular Chicken Burger,3.0,0.0,0.0
2025-08-31,POS,item,Soft Drink,1.0,0.0,0.0
2025-08-31,POS,item,Special Discount,0.0,0.0,0.0
2025-08-31,POS,item,Tender Coconut,1.0,0.0,0.0
2025-08-30,POS,item,12 Inch - Large Pizza,4.0,120.0,480.0
2025-08-30,POS,item,2 Regular Non-veg@409,1.0,80.0,80.0
2025-08-30,POS,item,9 Inch - Medium Pizza,4.0,75.0,300.0
2025-08-30,POS,item,7 Inch - Regular Pizza,12.0,40.0,480.0
2025-08-30,Swiggy,item,7 Inch - Regular Pizza,7.0,40.0,280.0
2025-08-30,POS,item,Super Saver Meal Regular,1.0,40.0,40.0
2025-08-30,Swiggy,addon,7 Inch - Regular Pizza -Extra Cheese,1.0,20.0,20.0
2025-08-30,POS,item,7up 250ml Pet,1.0,0.0,0.0
2025-08-30,Swiggy,item,Blue Mojito,1.0,0.0,0.0
2025-08-30,POS,item,Brownie With Ice Cream,1.0,0.0,0.0
2025-08-30,Swiggy,item,Brownie With Ice Cream,1.0,0.0,0.0
2025-08-30,POS,item,Burger Combo @ 169,3.0,0.0,0.0
2025-08-30,POS,item,Burger Combo @ 179,28.0,0.0,0.0
2025-08-30,POS,item,Butterscotch Sundae,1.0,0.0,0.0
2025-08-30,Swiggy,item,Butterscotch Sundae,1.0,0.0,0.0
2025-08-30,Swiggy,item,Chicken Loaded Fries,1.0,0.0,0.0
2025-08-30,Swiggy,item,Chicken Nuggets,2.0,0.0,0.0
2025-08-30,POS,item,Chicken Nuggets,1.0,0.0,0.0
2025-08-30,POS,item,Chicken Pasta,2.0,0.0,0.0
2025-08-30,POS,item,Chikku Shake,2.0,0.0,0.0
2025-08-30,POS,item,French Fries,6.0,0.0,0.0
2025-08-30,POS,item,Fresh Lime Juice,2.0,0.0,0.0
2025-08-30,POS,item,Green Apple,1.0,0.0,0.0
2025-08-30,POS,item,Loaded Fries,2.0,0.0,0.0
2025-08-30,POS,item,Mixed Chicken Salad,1.0,0.0,0.0
2025-08-30,POS,item,Pepsi@40rs,1.0,0.0,0.0
2025-08-30,POS,item,Pizza Upgrade,1.0,0.0,0.0
2025-08-30,POS,item,Regular Chicken Burger,2.0,0.0,0.0
2025-08-30,POS,item,Special Discount,0.0,0.0,0.0
2025-08-30,POS,item,Tender Coconut,1.0,0.0,0.0
2025-08-30,POS,item,Water Melon,1.0,0.0,0.0
2025-08-30,POS,item,Watermelon Juice,2.0,0.0,0.0
2025-08-29,POS,item,2 Medium Non-veg@759,2.0,150.0,300.0
2025-08-29,POS,item,12 Inch - Large Pizza,4.0,120.0,480.0
2025-08-29,POS,item,2 Regular Non-veg@409,4.0,80.0,320.0
2025-08-29,POS,item,9 Inch - Medium Pizza,7.0,75.0,525.0
2025-08-29,Swiggy,item,9 Inch - Medium Pizza,1.0,75.0,75.0
2025-08-29,POS,item,Super Saver Meal Medium,2.0,75.0,150.0
2025-08-29,POS,item,7 Inch - Regular Pizza,11.0,40.0,440.0
2025-08-29,Swiggy,item,7 Inch - Regular Pizza,2.0,40.0,80.0
2025-08-29,POS,addon,9 Inch - Medium Pizza -Extra Cheese,1.0,38.0,38.0
2025-08-29,POS,addon,7 Inch - Regular Pizza -Extra Cheese,1.0,20.0,20.0
2025-08-29,POS,item,Combo Delight Non-veg,4.0,20.0,80.0
2025-08-29,POS,addon,2 Medium Non-veg@759-Extra Cheese,1.0,0.0,0.0
2025-08-29,POS,item,7up 250ml Pet,2.0,0.0,0.0
2025-08-29,POS,item,Blue Mojito,1.0,0.0,0.0
2025-08-29,POS,item,Brownie,3.0,0.0,0.0
2025-08-29,Swiggy,item,Brownie,1.0,0.0,0.0
2025-08-29,POS,item,Brownie With Ice Cream,1.0,0.0,0.0
2025-08-29,POS,item,Burger Combo @ 169,1.0,0.0,0.0
2025-08-29,POS,item,Burger Combo @ 179,1.0,0.0,0.0
2025-08-29,POS,item,Cheesy Dip,1.0,0.0,0.0
2025-08-29,Swiggy,item,Chicken Loaded Fries,1.0,0.0,0.0
2025-08-29,POS,item,Chicken Nuggets,3.0,0.0,0.0
2025-08-29,POS,item,Chicken Pasta,1.0,0.0,0.0
2025-08-29,Swiggy,item,Chicken Pasta,1.0,0.0,0.0
2025-08-29,POS,item,Chicken Popcorn,1.0,0.0,0.0
2025-08-29,POS,item,Chikku Shake,1.0,0.0,0.0
2025-08-29,POS,item,French Fries,6.0,0.0,0.0
2025-08-29,POS,item,Fresh Garden Mint,1.0,0.0,0.0
2025-08-29,Swiggy,item,Fresh Garden Mint,1.0,0.0,0.0
2025-08-29,POS,item,Garlic Bread,1.0,0.0,0.0
2025-08-29,POS,item,Grapes Juice,1.0,0.0,0.0
2025-08-29,POS,item,Green Apple,1.0,0.0,0.0
2025-08-29,POS,item,Loaded Fries,4.0,0.0,0.0
2025-08-29,POS,item,Mineral Water,1.0,0.0,0.0
2025-08-29,POS,item,Mint Lime Juice,3.0,0.0,0.0
2025-08-29,POS,item,Passion Fruit,1.0,0.0,0.0
2025-08-29,POS,item,Pepsi 250ml Pet,4.0,0.0,0.0
2025-08-29,POS,item,Pepsi@40rs,1.0,0.0,0.0
2025-08-29,POS,item,Pepsi@50rs,1.0,0.0,0.0
2025-08-29,POS,item,Peri Peri Dip,1.0,0.0,0.0
2025-08-29,POS,item,Regular Chicken Burger,23.0,0.0,0.0
2025-08-29,POS,item,Tender Coconut,1.0,0.0,0.0
2025-08-29,POS,item,Watermelon Juice,2.0,0.0,0.0
2025-08-28,POS,item,2 Medium Veg@699,1.0,150.0,150.0
2025-08-28,POS,item,12 Inch - Large Pizza,1.0,120.0,120.0
2025-08-28,POS,item,2 Regular Non-veg@409,3.0,80.0,240.0
2025-08-28,POS,item,2 Regular Veg@349,1.0,80.0,80.0
2025-08-28,POS,item,9 Inch - Medium Pizza,6.0,75.0,450.0
2025-08-28,POS,item,Super Saver Meal Medium,1.0,75.0,75.0
2025-08-28,POS,item,7 Inch - Regular Pizza,9.0,40.0,360.0
2025-08-28,Swiggy,item,7 Inch - Regular Pizza,3.0,40.0,120.0
2025-08-28,POS,item,Garlic Bread With Cheese,1.0,40.0,40.0
2025-08-28,POS,item,Super Saver Meal Regular,1.0,40.0,40.0
2025-08-28,POS,addon,7 Inch - Regular Pizza -Extra Cheese,2.0,20.0,40.0
2025-08-28,POS,item,Combo Delight Non-veg,2.0,20.0,40.0
2025-08-28,POS,item,7up 250ml Pet,2.0,0.0,0.0
2025-08-28,POS,item,Brownie With Ice Cream,1.0,0.0,0.0
2025-08-28,POS,item,Burger Combo @ 169,5.0,0.0,0.0
2025-08-28,POS,item,Burger Combo @ 179,1.0,0.0,0.0
2025-08-28,POS,item,Chicken Nuggets Burger,1.0,0.0,0.0
2025-08-28,POS,item,Chikku Shake,2.0,0.0,0.0
2025-08-28,POS,item,French Fries,4.0,0.0,0.0
2025-08-28,POS,item,Green Apple,1.0,0.0,0.0
2025-08-28,POS,item,Loaded Fries,1.0,0.0,0.0
2025-08-28,POS,item,Mdew 250ml Pet,1.0,0.0,0.0
2025-08-28,POS,item,Mint Lime Juice,3.0,0.0,0.0
2025-08-28,POS,item,Mixed Berry,1.0,0.0,0.0
2025-08-28,POS,item,Peri Peri Dip,1.0,0.0,0.0
2025-08-28,Swiggy,item,Potato Wedges,1.0,0.0,0.0
2025-08-28,POS,item,Soda,1.0,0.0,0.0
2025-08-28,POS,item,Veg Burger,5.0,0.0,0.0
2025-08-28,POS,item,Veg Pasta,1.0,0.0,0.0
2025-08-28,Swiggy,item,Veg Pasta,1.0,0.0,0.0
2025-08-27,POS,item,2 Medium Non-veg@759,1.0,150.0,150.0
2025-08-27,POS,item,12 Inch - Large Pizza,2.0,120.0,240.0
2025-08-27,POS,item,2 Regular Non-veg@409,3.0,80.0,240.0
2025-08-27,POS,item,9 Inch - Medium Pizza,9.0,75.0,675.0
2025-08-27,Swiggy,item,9 Inch - Medium Pizza,3.0,75.0,225.0
2025-08-27,POS,item,7 Inch - Regular Pizza,2.0,40.0,80.0
2025-08-27,Swiggy,item,7 Inch - Regular Pizza,1.0,40.0,40.0
2025-08-27,POS,item,Garlic Bread Supreme[non-veg],1.0,40.0,40.0
2025-08-27,Swiggy,item,Garlic Bread With Cheese,1.0,40.0,40.0
2025-08-27,POS,addon,9 Inch - Medium Pizza -Extra Cheese,2.0,38.0,76.0
2025-08-27,POS,item,Combo Delight Non-veg,2.0,20.0,40.0
2025-08-27,POS,item,7up 330ml Can,1.0,0.0,0.0
2025-08-27,POS,item,Blue Curacao,1.0,0.0,0.0
2025-08-27,POS,item,Blue Mojito,1.0,0.0,0.0
2025-08-27,Swiggy,item,Brownie,1.0,0.0,0.0
2025-08-27,POS,item,Burger Combo @ 179,3.0,0.0,0.0
2025-08-27,POS,item,Cheese N Macaroni Salad,1.0,0.0,0.0
2025-08-27,POS,item,Cheesy Fries,3.0,0.0,0.0
2025-08-27,POS,item,Chicken Pasta,1.0,0.0,0.0
2025-08-27,POS,item,Chikku Shake,1.0,0.0,0.0
2025-08-27,POS,item,Chocolate Shake,1.0,0.0,0.0
2025-08-27,POS,item,Coleslaw Salad,1.0,0.0,0.0
2025-08-27,POS,item,French Fries,4.0,0.0,0.0
2025-08-27,POS,item,Garlic Bread,1.0,0.0,0.0
2025-08-27,POS,item,Grapes Juice,1.0,0.0,0.0
2025-08-27,POS,item,Mdew@40rs,2.0,0.0,0.0
2025-08-27,POS,item,Mineral Water,2.0,0.0,0.0
2025-08-27,POS,item,Passion Fruit,1.0,0.0,0.0
2025-08-27,Swiggy,item,Passion Mint,1.0,0.0,0.0
2025-08-27,POS,item,Pepsi@40rs,1.0,0.0,0.0
2025-08-27,POS,item,Pepsi@50rs,1.0,0.0,0.0
2025-08-27,POS,item,Regular Chicken Burger,2.0,0.0,0.0
2025-08-27,POS,item,Special Discount,0.0,0.0,0.0
2025-08-27,POS,item,Tender Coconut,1.0,0.0,0.0
2025-08-27,POS,item,Veg Pasta,1.0,0.0,0.0
2025-08-26,POS,item,2 Medium Non-veg@759,3.0,150.0,450.0
2025-08-26,POS,item,12 Inch - Large Pizza,3.0,120.0,360.0
2025-08-26,POS,item,Non Veg Meal For 4,2.0,120.0,240.0
2025-08-26,POS,item,2 Regular Non-veg@409,1.0,80.0,80.0
2025-08-26,POS,item,9 Inch - Medium Pizza,8.0,75.0,600.0
2025-08-26,POS,item,Super Saver Meal Medium,1.0,75.0,75.0
2025-08-26,POS,item,7 Inch - Regular Pizza,7.0,40.0,280.0
2025-08-26,Swiggy,item,7 Inch - Regular Pizza,5.0,40.0,200.0
2025-08-26,POS,item,Garlic Bread With Cheese,1.0,40.0,40.0
2025-08-26,Swiggy,addon,7 Inch - Regular Pizza -Extra Cheese,1.0,20.0,20.0
2025-08-26,Swiggy,item,2 Regular Budget Pizzas,1.0,0.0,0.0
2025-08-26,Swiggy,item,Blue Curacao,1.0,0.0,0.0
2025-08-26,POS,item,Burger Combo @ 169,1.0,0.0,0.0
2025-08-26,POS,item,Burger Combo @ 179,1.0,0.0,0.0
2025-08-26,Swiggy,item,Chicken Nuggets,3.0,0.0,0.0
2025-08-26,POS,item,Chicken Nuggets,1.0,0.0,0.0
2025-08-26,POS,item,Chicken Pasta,5.0,0.0,0.0
2025-08-26,POS,item,Chikku Shake,1.0,0.0,0.0
2025-08-26,POS,item,French Fries,4.0,0.0,0.0
2025-08-26,POS,item,Fresh Lime Juice,1.0,0.0,0.0
2025-08-26,POS,item,Green Apple,2.0,0.0,0.0
2025-08-26,POS,item,Mdew 330ml Can,2.0,0.0,0.0
2025-08-26,POS,item,Mdew@40rs,1.0,0.0,0.0
2025-08-26,POS,item,Passion Fruit,2.0,0.0,0.0
2025-08-26,Swiggy,item,Passion Mint,1.0,0.0,0.0
2025-08-26,POS,item,Pepsi@50rs,1.0,0.0,0.0
2025-08-26,POS,item,Pineapple Juice,3.0,0.0,0.0
2025-08-26,POS,item,Pizza Upgrade,1.0,0.0,0.0
2025-08-26,POS,item,Regular Chicken Burger,2.0,0.0,0.0
2025-08-26,POS,item,Slice@40rs,1.0,0.0,0.0
2025-08-26,POS,item,Soft Drink,2.0,0.0,0.0
2025-08-26,POS,item,Tender Coconut,1.0,0.0,0.0
2025-08-25,POS,item,2 Medium Non-veg@759,1.0,150.0,150.0
2025-08-25,POS,item,12 Inch - Large Pizza,1.0,120.0,120.0
2025-08-25,Swiggy,item,2 Regular Pizzas,1.0,80.0,80.0
2025-08-25,POS,item,2 Regular Veg@349,4.0,80.0,320.0
2025-08-25,POS,item,9 Inch - Medium Pizza,5.0,75.0,375.0
2025-08-25,Swiggy,item,9 Inch - Medium Pizza,1.0,75.0,75.0
2025-08-25,POS,item,7 Inch - Regular Pizza,9.0,40.0,360.0
2025-08-25,Swiggy,item,7 Inch - Regular Pizza,2.0,40.0,80.0
2025-08-25,POS,item,Garlic Bread Supreme[non-veg],1.0,40.0,40.0
2025-08-25,POS,item,Garlic Bread With Cheese,1.0,40.0,40.0
2025-08-25,POS,item,Super Saver Meal Regular,3.0,40.0,120.0
2025-08-25,POS,item,Combo Delight Non-veg,1.0,20.0,20.0
2025-08-25,POS,item,7up 250ml Pet,2.0,0.0,0.0
2025-08-25,POS,item,Blue Mojito,2.0,0.0,0.0
2025-08-25,POS,item,Brownie,5.0,0.0,0.0
2025-08-25,POS,item,Burger Combo @ 179,1.0,0.0,0.0
2025-08-25,POS,item,Chicken Nuggets,1.0,0.0,0.0
2025-08-25,POS,item,Chicken Pasta,1.0,0.0,0.0
2025-08-25,POS,item,Chikku Shake,1.0,0.0,0.0
2025-08-25,POS,item,Chocolate Shake,1.0,0.0,0.0
2025-08-25,POS,item,French Fries,4.0,0.0,0.0
2025-08-25,Swiggy,item,French Fries,1.0,0.0,0.0
2025-08-25,POS,item,Garlic Bread,2.0,0.0,0.0
2025-08-25,Swiggy,item,Garlic Bread,1.0,0.0,0.0
2025-08-25,POS,item,Mixed Chicken Salad,1.0,0.0,0.0
2025-08-25,POS,item,Pepsi 330ml Can,2.0,0.0,0.0
2025-08-25,POS,item,Pepsi@40rs,1.0,0.0,0.0
2025-08-25,POS,item,Pineapple Juice,2.0,0.0,0.0
2025-08-25,POS,item,Regular Chicken Burger,3.0,0.0,0.0
2025-08-25,POS,item,Soft Drink,3.0,0.0,0.0
2025-08-24,Swiggy,item,2 Medium Pizzas,1.0,150.0,150.0
2025-08-24,POS,item,12 Inch - Large Pizza,2.0,120.0,240.0
2025-08-24,POS,item,2 Regular Non-veg@409,2.0,80.0,160.0
2025-08-24,POS,item,2 Regular Veg@349,1.0,80.0,80.0
2025-08-24,POS,item,9 Inch - Medium Pizza,3.0,75.0,225.0
2025-08-24,POS,item,Super Saver Meal Medium,2.0,75.0,150.0
2025-08-24,POS,item,7 Inch - Regular Pizza,4.0,40.0,160.0
2025-08-24,Swiggy,item,7 Inch - Regular Pizza,4.0,40.0,160.0
2025-08-24,POS,item,Garlic Bread Supreme[non-veg],1.0,40.0,40.0
2025-08-24,POS,item,Super Saver Meal Regular,1.0,40.0,40.0
2025-08-24,POS,addon,7 Inch - Regular Pizza -Extra Cheese,1.0,20.0,20.0
2025-08-24,POS,item,Blue Mojito,1.0,0.0,0.0
2025-08-24,Swiggy,item,Brownie,2.0,0.0,0.0
2025-08-24,Swiggy,item,Chicken Loaded Fries,1.0,0.0,0.0
2025-08-24,Swiggy,item,Chicken Nuggets,1.0,0.0,0.0
2025-08-24,POS,item,Chicken Pasta,3.0,0.0,0.0
2025-08-24,POS,item,French Fries,2.0,0.0,0.0
2025-08-24,Swiggy,item,French Fries,1.0,0.0,0.0
2025-08-24,POS,item,Garlic Bread,1.0,0.0,0.0
2025-08-24,POS,item,Mdew 250ml Pet,1.0,0.0,0.0
2025-08-24,POS,item,Mdew@40rs,1.0,0.0,0.0
2025-08-24,POS,item,Mineral Water,1.0,0.0,0.0
2025-08-24,POS,item,Mint Lime Juice,1.0,0.0,0.0
2025-08-24,POS,item,Regular Chicken Burger,3.0,0.0,0.0
2025-08-24,POS,item,Slice@40rs,1.0,0.0,0.0
2025-08-23,POS,item,2 Large Non-veg@1149,1.0,240.0,240.0
2025-08-23,POS,item,12 Inch - Large Pizza,4.0,120.0,480.0
2025-08-23,POS,item,Non Veg Meal For 4,1.0,120.0,120.0
2025-08-23,POS,item,2 Regular Veg@349,1.0,80.0,80.0
2025-08-23,POS,item,9 Inch - Medium Pizza,9.0,75.0,675.0
2025-08-23,POS,item,Super Saver Meal Medium,2.0,75.0,150.0
2025-08-23,POS,item,7 Inch - Regular Pizza,12.0,40.0,480.0
2025-08-23,Swiggy,item,7 Inch - Regular Pizza,6.0,40.0,240.0
2025-08-23,POS,item,Garlic Bread With Cheese,1.0,40.0,40.0
2025-08-23,POS,item,Combo Delight Non-veg,1.0,20.0,20.0
2025-08-23,POS,item,7up 250ml Pet,1.0,0.0,0.0
2025-08-23,POS,item,7up@40rs,1.0,0.0,0.0
2025-08-23,POS,item,Brownie,1.0,0.0,0.0
2025-08-23,POS,item,Brownie With Ice Cream,1.0,0.0,0.0
2025-08-23,POS,item,Burger Combo @ 169,1.0,0.0,0.0
2025-08-23,POS,item,Burger Combo @ 179,1.0,0.0,0.0
2025-08-23,POS,item,Cheesy Dip,2.0,0.0,0.0
2025-08-23,POS,item,Chicken Nuggets Burger,3.0,0.0,0.0
2025-08-23,POS,item,Chocolate Shake,1.0,0.0,0.0
2025-08-23,POS,item,French Fries,5.0,0.0,0.0
2025-08-23,POS,item,Fresh Lime Juice,3.0,0.0,0.0
2025-08-23,POS,item,Garlic Bread,1.0,0.0,0.0
2025-08-23,POS,item,Grapes Juice,1.0,0.0,0.0
2025-08-23,POS,item,Green Apple,1.0,0.0,0.0
2025-08-23,POS,item,Loaded Fries,1.0,0.0,0.0
2025-08-23,POS,item,Mayo,1.0,0.0,0.0
2025-08-23,POS,item,Mdew 250ml Pet,2.0,0.0,0.0
2025-08-23,POS,item,Mdew@40rs,1.0,0.0,0.0
2025-08-23,POS,item,Mineral Water,1.0,0.0,0.0
2025-08-23,POS,item,Mint Lime Juice,3.0,0.0,0.0
2025-08-23,POS,item,Pepsi 250ml Pet,1.0,0.0,0.0
2025-08-23,POS,item,Pepsi@50rs,1.0,0.0,0.0
2025-08-23,POS,item,Peri Peri Dip,1.0,0.0,0.0
2025-08-23,POS,item,Pizza Upgrade,1.0,0.0,0.0
2025-08-23,POS,item,Regular Chicken Burger,6.0,0.0,0.0
2025-08-23,POS,item,Veg Burger,1.0,0.0,0.0
2025-08-23,POS,item,Veg Pasta,1.0,0.0,0.0
2025-08-23,POS,item,Watermelon Juice,1.0,0.0,0.0
2025-08-22,POS,item,2 Medium Non-veg@759,2.0,150.0,300.0
2025-08-22,Swiggy,item,12 Inch - Large Pizza,1.0,120.0,120.0
2025-08-22,POS,item,2 Regular Non-veg@409,2.0,80.0,160.0
2025-08-22,Swiggy,item,2 Regular Pizzas,1.0,80.0,80.0
2025-08-22,POS,item,9 Inch - Medium Pizza,4.0,75.0,300.0
2025-08-22,Swiggy,item,9 Inch - Medium Pizza,2.0,75.0,150.0
2025-08-22,POS,item,7 Inch - Regular Pizza,7.0,40.0,280.0
2025-08-22,Swiggy,item,7 Inch - Regular Pizza,5.0,40.0,200.0
2025-08-22,POS,addon,7 Inch - Regular Pizza -Extra Cheese,1.0,20.0,20.0
2025-08-22,POS,item,Combo Delight Non-veg,2.0,20.0,40.0
2025-08-22,Swiggy,item,2 Regular Budget Pizzas,1.0,0.0,0.0
2025-08-22,POS,item,7up @50rs,1.0,0.0,0.0
2025-08-22,POS,item,7up@40rs,1.0,0.0,0.0
2025-08-22,POS,item,Burger Combo @ 169,1.0,0.0,0.0
2025-08-22,Swiggy,item,Butterscotch Sundae,1.0,0.0,0.0
2025-08-22,POS,item,Chicken Nuggets,2.0,0.0,0.0
2025-08-22,Swiggy,item,Chicken Pasta,1.0,0.0,0.0
2025-08-22,POS,item,French Fries,2.0,0.0,0.0
2025-08-22,POS,item,Fresh Lime Juice,2.0,0.0,0.0
2025-08-22,POS,item,Grapes Juice,4.0,0.0,0.0
2025-08-22,POS,item,Mint Lime Juice,6.0,0.0,0.0
2025-08-22,POS,item,Passion Fruit,1.0,0.0,0.0
2025-08-22,POS,item,Pepsi 250ml Pet,1.0,0.0,0.0
2025-08-22,POS,item,Pineapple Juice,1.0,0.0,0.0
2025-08-22,POS,item,Regular Chicken Burger,2.0,0.0,0.0
2025-08-22,POS,item,Soda,2.0,0.0,0.0
2025-08-22,POS,item,Soft Drink,1.0,0.0,0.0
2025-08-22,POS,item,Veg Burger,1.0,0.0,0.0
2025-08-21,POS,item,2 Large Non-veg@1149,2.0,240.0,480.0
2025-08-21,POS,item,2 Medium Non-veg@759,1.0,150.0,150.0
2025-08-21,Swiggy,item,2 Medium Pizzas,1.0,150.0,150.0
2025-08-21,POS,item,Non Veg Meal For 4,1.0,120.0,120.0
2025-08-21,POS,item,2 Regular Non-veg@409,3.0,80.0,240.0
2025-08-21,POS,item,9 Inch - Medium Pizza,2.0,75.0,150.0
2025-08-21,Swiggy,item,9 Inch - Medium Pizza,1.0,75.0,75.0
2025-08-21,POS,item,7 Inch - Regular Pizza,13.0,40.0,520.0
2025-08-21,Swiggy,item,7 Inch - Regular Pizza,1.0,40.0,40.0
2025-08-21,POS,item,Garlic Bread With Cheese,2.0,40.0,80.0
2025-08-21,Swiggy,item,Garlic Bread With Cheese,1.0,40.0,40.0
2025-08-21,POS,item,Super Saver Meal Regular,1.0,40.0,40.0
2025-08-21,POS,item,7up 250ml Pet,1.0,0.0,0.0
2025-08-21,POS,item,7up@40rs,1.0,0.0,0.0
2025-08-21,POS,item,Brownie,1.0,0.0,0.0
2025-08-21,POS,item,Burger Combo @ 169,1.0,0.0,0.0
2025-08-21,POS,item,Cheesy Fries,1.0,0.0,0.0
2025-08-21,Swiggy,item,Chicken Nuggets,1.0,0.0,0.0
2025-08-21,POS,item,Chicken Pasta,1.0,0.0,0.0
2025-08-21,POS,item,French Fries,5.0,0.0,0.0
2025-08-21,Swiggy,item,Fresh Garden Mint,1.0,0.0,0.0
2025-08-21,POS,item,Garlic Bread,1.0,0.0,0.0
2025-08-21,POS,item,Hot Garlic Dip,1.0,0.0,0.0
2025-08-21,POS,item,Mdew 250ml Pet,1.0,0.0,0.0
2025-08-21,POS,item,Mint Lime Juice,1.0,0.0,0.0
2025-08-21,POS,item,Pepsi 250ml Pet,1.0,0.0,0.0
2025-08-21,POS,item,Pineapple Juice,2.0,0.0,0.0
2025-08-21,POS,item,Pizza Upgrade,1.0,0.0,0.0
2025-08-21,POS,item,Potato Wedges,1.0,0.0,0.0
2025-08-21,POS,item,Soft Drink,1.0,0.0,0.0
2025-08-21,POS,item,Watermelon Juice,1.0,0.0,0.0
2025-08-20,POS,item,Non Veg Meal For 6,1.0,195.0,195.0
2025-08-20,POS,item,2 Medium Veg@699,1.0,150.0,150.0
2025-08-20,POS,item,12 Inch - Large Pizza,2.0,120.0,240.0
2025-08-20,Swiggy,item,12 Inch - Large Pizza,1.0,120.0,120.0
2025-08-20,POS,item,2 Regular Veg@349,1.0,80.0,80.0
2025-08-20,POS,item,9 Inch - Medium Pizza,3.0,75.0,225.0
2025-08-20,POS,item,7 Inch - Regular Pizza,9.0,40.0,360.0
2025-08-20,Swiggy,item,7 Inch - Regular Pizza,1.0,40.0,40.0
2025-08-20,POS,item,Super Saver Meal Regular,2.0,40.0,80.0
2025-08-20,POS,item,Combo Delight Non-veg,2.0,20.0,40.0
2025-08-20,POS,item,7up 250ml Pet,1.0,0.0,0.0
2025-08-20,POS,item,7up @50rs,1.0,0.0,0.0
2025-08-20,POS,item,Brownie,2.0,0.0,0.0
2025-08-20,Swiggy,item,Chicken Loaded Fries,1.0,0.0,0.0
2025-08-20,Swiggy,item,Chicken Nuggets,1.0,0.0,0.0
2025-08-20,POS,item,Chicken Nuggets Burger,1.0,0.0,0.0
2025-08-20,POS,item,Chicken Pasta,2.0,0.0,0.0
2025-08-20,Swiggy,item,Chicken Pasta,1.0,0.0,0.0
2025-08-20,POS,item,Chikku Shake,1.0,0.0,0.0
2025-08-20,POS,item,French Fries,3.0,0.0,0.0
2025-08-20,Swiggy,item,Fresh Garden Mint,1.0,0.0,0.0
2025-08-20,POS,item,Garlic Bread,2.0,0.0,0.0
2025-08-20,POS,item,Grapes Juice,1.0,0.0,0.0
2025-08-20,POS,item,Loaded Fries,2.0,0.0,0.0
2025-08-20,POS,item,Mixed Chicken Salad,2.0,0.0,0.0
2025-08-20,POS,item,Pepsi 330ml Can,1.0,0.0,0.0
2025-08-20,POS,item,Pepsi@40rs,1.0,0.0,0.0
2025-08-20,POS,item,Pineapple Juice,3.0,0.0,0.0
2025-08-20,POS,item,Pizza Upgrade,1.0,0.0,0.0
2025-08-20,POS,item,Potato Wedges,1.0,0.0,0.0
2025-08-20,POS,item,Regular Chicken Burger,2.0,0.0,0.0
2025-08-20,POS,item,Soft Drink,2.0,0.0,0.0
2025-08-20,POS,item,Tender Coconut,3.0,0.0,0.0
2025-08-20,POS,item,Veg Pasta,1.0,0.0,0.0
2025-08-20,POS,item,Watermelon Juice,3.0,0.0,0.0
2025-08-19,POS,item,2 Medium Non-veg@759,2.0,150.0,300.0
2025-08-19,Swiggy,item,12 Inch - Large Pizza,5.0,120.0,600.0
2025-08-19,POS,item,12 Inch - Large Pizza,2.0,120.0,240.0
2025-08-19,POS,item,2 Regular Non-veg@409,3.0,80.0,240.0
2025-08-19,POS,item,9 Inch - Medium Pizza,6.0,75.0,450.0
2025-08-19,POS,item,Non Veg Meal For 2,1.0,75.0,75.0
2025-08-19,POS,item,Super Saver Meal Medium,1.0,75.0,75.0
2025-08-19,Swiggy,addon,12 Inch - Large Pizza -Extra Cheese,2.0,60.0,120.0
2025-08-19,POS,item,7 Inch - Regular Pizza,7.0,40.0,280.0
2025-08-19,Swiggy,item,7 Inch - Regular Pizza,4.0,40.0,160.0
2025-08-19,POS,item,Delicious Combo Delight Regular,1.0,40.0,40.0
2025-08-19,POS,item,Non Veg Meal For 1,1.0,40.0,40.0
2025-08-19,POS,item,Super Saver Meal Regular,2.0,40.0,80.0
2025-08-19,POS,item,Combo Delight Non-veg,2.0,20.0,40.0
2025-08-19,POS,item,7up@40rs,2.0,0.0,0.0
2025-08-19,Swiggy,item,Blue Mojito,1.0,0.0,0.0
2025-08-19,POS,item,Brownie,1.0,0.0,0.0
2025-08-19,POS,item,Brownie With Ice Cream,7.0,0.0,0.0
2025-08-19,POS,item,Burger Combo @ 169,2.0,0.0,0.0
2025-08-19,POS,item,Burger Combo @ 179,1.0,0.0,0.0
2025-08-19,Swiggy,item,Chicken Loaded Fries,1.0,0.0,0.0
2025-08-19,POS,item,Chicken Pasta,4.0,0.0,0.0
2025-08-19,Swiggy,item,Chicken Pasta,4.0,0.0,0.0
2025-08-19,POS,item,French Fries,1.0,0.0,0.0
2025-08-19,POS,item,Fresh Lime Juice,2.0,0.0,0.0
2025-08-19,POS,item,Green Apple,3.0,0.0,0.0
2025-08-19,POS,item,Loaded Fries,1.0,0.0,0.0
2025-08-19,POS,item,Mixed Chicken Salad,2.0,0.0,0.0
2025-08-19,POS,item,Pepsi@40rs,4.0,0.0,0.0
2025-08-19,POS,item,Regular Chicken Burger,1.0,0.0,0.0
2025-08-19,POS,item,Soda,2.0,0.0,0.0
2025-08-19,POS,item,Soft Drink,1.0,0.0,0.0
2025-08-19,POS,item,Watermelon Juice,2.0,0.0,0.0
2025-08-18,POS,item,Non Veg Meal For 6,1.0,195.0,195.0
2025-08-18,POS,item,12 Inch - Large Pizza,2.0,120.0,240.0
2025-08-18,POS,item,2 Regular Non-veg@409,2.0,80.0,160.0
2025-08-18,POS,item,2 Regular Veg@349,1.0,80.0,80.0
2025-08-18,POS,item,9 Inch - Medium Pizza,9.0,75.0,675.0
2025-08-18,Swiggy,item,9 Inch - Medium Pizza,2.0,75.0,150.0
2025-08-18,POS,item,7 Inch - Regular Pizza,11.0,40.0,440.0
2025-08-18,Swiggy,item,7 Inch - Regular Pizza,5.0,40.0,200.0
2025-08-18,POS,item,Garlic Bread Supreme[non-veg],2.0,40.0,80.0
2025-08-18,Swiggy,item,Garlic Bread Supreme[non-veg],1.0,40.0,40.0
2025-08-18,POS,item,Garlic Bread With Cheese,3.0,40.0,120.0
2025-08-18,POS,item,Super Saver Meal Regular,1.0,40.0,40.0
2025-08-18,POS,item,Veg Meal For 1,1.0,40.0,40.0
2025-08-18,POS,item,7up@40rs,1.0,0.0,0.0
2025-08-18,POS,item,Blue Mojito,3.0,0.0,0.0
2025-08-18,POS,item,Brownie,2.0,0.0,0.0
2025-08-18,POS,item,Brownie With Ice Cream,1.0,0.0,0.0
2025-08-18,POS,item,Burger Combo @ 169,4.0,0.0,0.0
2025-08-18,POS,item,Burger Combo @ 179,2.0,0.0,0.0
2025-08-18,POS,item,Chicken Pasta,2.0,0.0,0.0
2025-08-18,POS,item,Chikku Shake,2.0,0.0,0.0
2025-08-18,POS,item,Chocolate Shake,1.0,0.0,0.0
2025-08-18,POS,item,French Fries,6.0,0.0,0.0
2025-08-18,POS,item,Green Apple,1.0,0.0,0.0
2025-08-18,POS,item,Loaded Fries,2.0,0.0,0.0
2025-08-18,POS,item,Mango,1.0,0.0,0.0
2025-08-18,POS,item,Mdew 250ml Pet,1.0,0.0,0.0
2025-08-18,POS,item,Mixed Chicken Salad,1.0,0.0,0.0
2025-08-18,POS,item,Pepsi 330ml Can,4.0,0.0,0.0
2025-08-18,POS,item,Pepsi@40rs,1.0,0.0,0.0
2025-08-18,POS,item,Peri Peri Dip,1.0,0.0,0.0
2025-08-18,POS,item,Pineapple Juice,1.0,0.0,0.0
2025-08-18,POS,item,Regular Chicken Burger,1.0,0.0,0.0
2025-08-18,POS,item,Tender Coconut,2.0,0.0,0.0
2025-08-18,POS,item,Water Melon,1.0,0.0,0.0
2025-08-17,POS,item,2 Large Non-veg@1149,1.0,240.0,240.0
2025-08-17,POS,item,2 Medium Non-veg@759,1.0,150.0,150.0
2025-08-17,POS,item,12 Inch - Large Pizza,1.0,120.0,120.0
2025-08-17,Swiggy,item,12 Inch - Large Pizza,1.0,120.0,120.0
2025-08-17,POS,item,2 Regular Non-veg@409,6.0,80.0,480.0
2025-08-17,Swiggy,item,2 Regular Pizzas,1.0,80.0,80.0
2025-08-17,POS,item,9 Inch - Medium Pizza,4.0,75.0,300.0
2025-08-17,Swiggy,item,9 Inch - Medium Pizza,2.0,75.0,150.0
2025-08-17,POS,item,Super Saver Meal Medium,1.0,75.0,75.0
2025-08-17,POS,item,7 Inch - Regular Pizza,7.0,40.0,280.0
2025-08-17,Swiggy,item,7 Inch - Regular Pizza,2.0,40.0,80.0
2025-08-17,POS,item,Garlic Bread With Cheese,2.0,40.0,80.0
2025-08-17,POS,item,Super Saver Meal Regular,2.0,40.0,80.0
2025-08-17,Swiggy,addon,9 Inch - Medium Pizza -Extra Cheese,1.0,38.0,38.0
2025-08-17,POS,item,Combo Delight Non-veg,2.0,20.0,40.0
2025-08-17,Swiggy,addon,-Extra Cheese,1.0,0.0,0.0
2025-08-17,POS,item,7up 250ml Pet,2.0,0.0,0.0
2025-08-17,POS,item,7up @50rs,1.0,0.0,0.0
2025-08-17,POS,item,7up@40rs,1.0,0.0,0.0
2025-08-17,POS,item,Brownie,1.0,0.0,0.0
2025-08-17,Swiggy,item,Brownie With Ice Cream,1.0,0.0,0.0
2025-08-17,POS,item,Burger Combo @ 169,1.0,0.0,0.0
2025-08-17,Swiggy,item,Chicken Loaded Fries,1.0,0.0,0.0
2025-08-17,POS,item,Chicken Nuggets,1.0,0.0,0.0
2025-08-17,POS,item,Chicken Pasta,8.0,0.0,0.0
2025-08-17,POS,item,French Fries,5.0,0.0,0.0
2025-08-17,POS,item,Fresh Lime Juice,1.0,0.0,0.0
2025-08-17,POS,item,Garlic Bread,1.0,0.0,0.0
2025-08-17,POS,item,Green Apple,1.0,0.0,0.0
2025-08-17,Swiggy,item,Green Apple,1.0,0.0,0.0
2025-08-17,POS,item,Loaded Fries,7.0,0.0,0.0
2025-08-17,POS,item,Macaroni N Chicken Salad,1.0,0.0,0.0
2025-08-17,POS,item,Mdew@40rs,2.0,0.0,0.0
2025-08-17,POS,item,Mixed Chicken Salad,1.0,0.0,0.0
2025-08-17,POS,item,Nutty Vanilla,2.0,0.0,0.0
2025-08-17,Swiggy,item,Passion Mint,1.0,0.0,0.0
2025-08-17,POS,item,Pepsi 250ml Pet,3.0,0.0,0.0
2025-08-17,POS,item,Pepsi@40rs,1.0,0.0,0.0
2025-08-17,POS,item,Pizza Upgrade,1.0,0.0,0.0
2025-08-17,POS,item,Regular Chicken Burger,1.0,0.0,0.0
2025-08-17,POS,item,Slice@40rs,1.0,0.0,0.0
2025-08-17,POS,item,Tender Coconut,2.0,0.0,0.0
2025-08-16,POS,item,12 Inch - Large Pizza,2.0,120.0,240.0
2025-08-16,Swiggy,item,12 Inch - Large Pizza,1.0,120.0,120.0
2025-08-16,POS,item,2 Regular Non-veg@409,2.0,80.0,160.0
2025-08-16,Swiggy,item,2 Regular Pizzas,1.0,80.0,80.0
2025-08-16,POS,item,9 Inch - Medium Pizza,13.0,75.0,975.0
2025-08-16,POS,item,Super Saver Meal Medium,1.0,75.0,75.0
2025-08-16,POS,item,7 Inch - Regular Pizza,16.0,40.0,640.0
2025-08-16,Swiggy,item,7 Inch - Regular Pizza,6.0,40.0,240.0
2025-08-16,POS,item,Delicious Combo Delight Regular,1.0,40.0,40.0
2025-08-16,POS,item,Garlic Bread Supreme [veg],1.0,40.0,40.0
2025-08-16,POS,item,Garlic Bread Supreme[non-veg],1.0,40.0,40.0
2025-08-16,POS,item,Garlic Bread With Cheese,4.0,40.0,160.0
2025-08-16,POS,item,Super Saver Meal Regular,1.0,40.0,40.0
2025-08-16,POS,item,Combo Delight Non-veg,1.0,20.0,20.0
2025-08-16,POS,item,7up 250ml Pet,2.0,0.0,0.0
2025-08-16,POS,item,7up @50rs,1.0,0.0,0.0
2025-08-16,Swiggy,item,Brownie,1.0,0.0,0.0
2025-08-16,POS,item,Brownie With Ice Cream,1.0,0.0,0.0
2025-08-16,POS,item,Burger Combo @ 169,1.0,0.0,0.0
2025-08-16,POS,item,Cheesy Fries,1.0,0.0,0.0
2025-08-16,Swiggy,item,Chicken Loaded Fries,2.0,0.0,0.0
2025-08-16,POS,item,Chicken Nuggets,1.0,0.0,0.0
2025-08-16,POS,item,Chicken Pasta,4.0,0.0,0.0
2025-08-16,Swiggy,item,Chicken Pasta,2.0,0.0,0.0
2025-08-16,POS,item,Chikku Shake,1.0,0.0,0.0
2025-08-16,POS,item,Chocolate Shake,1.0,0.0,0.0
2025-08-16,Swiggy,item,Coleslaw Salad,1.0,0.0,0.0
2025-08-16,POS,item,French Fries,3.0,0.0,0.0
2025-08-16,Swiggy,item,Fresh Garden Mint,1.0,0.0,0.0
2025-08-16,POS,item,Fresh Lime Juice,6.0,0.0,0.0
2025-08-16,POS,item,Garlic Bread,4.0,0.0,0.0
2025-08-16,Swiggy,item,Garlic Bread,1.0,0.0,0.0
2025-08-16,POS,item,Grapes Juice,4.0,0.0,0.0
2025-08-16,POS,item,Loaded Fries,7.0,0.0,0.0
2025-08-16,Swiggy,item,Makhani Dip,1.0,0.0,0.0
2025-08-16,POS,item,Mint Lime Juice,3.0,0.0,0.0
2025-08-16,POS,item,Nutty Vanilla,1.0,0.0,0.0
2025-08-16,POS,item,Pepsi 250ml Pet,1.0,0.0,0.0
2025-08-16,POS,item,Pepsi 330ml Can,7.0,0.0,0.0
2025-08-16,POS,item,Potato Wedges,4.0,0.0,0.0
2025-08-16,POS,item,Regular Chicken Burger,5.0,0.0,0.0
2025-08-16,POS,item,Slice@40rs,1.0,0.0,0.0
2025-08-16,POS,item,Veg Burger,3.0,0.0,0.0
2025-08-16,Swiggy,item,Veg Pasta,1.0,0.0,0.0
2025-08-16,POS,item,Watermelon Juice,9.0,0.0,0.0
2025-08-15,POS,item,2 Large Veg@999,1.0,240.0,240.0
2025-08-15,POS,item,2 Medium Non-veg@759,1.0,150.0,150.0
2025-08-15,POS,item,12 Inch - Large Pizza,1.0,120.0,120.0
2025-08-15,POS,item,2 Regular Non-veg@409,6.0,80.0,480.0
2025-08-15,POS,item,9 Inch - Medium Pizza,11.0,75.0,825.0
2025-08-15,POS,item,Super Saver Meal Medium,1.0,75.0,75.0
2025-08-15,POS,addon,12 Inch - Large Pizza -Extra Cheese,1.0,60.0,60.0
2025-08-15,POS,item,7 Inch - Regular Pizza,13.0,40.0,520.0
2025-08-15,Swiggy,item,7 Inch - Regular Pizza,5.0,40.0,200.0
2025-08-15,POS,item,Garlic Bread With Cheese,3.0,40.0,120.0
2025-08-15,POS,item,Super Saver Meal Regular,1.0,40.0,40.0
2025-08-15,POS,addon,7 Inch - Regular Pizza -Extra Cheese,1.0,20.0,20.0
2025-08-15,Swiggy,addon,7 Inch - Regular Pizza -Extra Cheese,1.0,20.0,20.0
2025-08-15,POS,item,Combo Delight Non-veg,1.0,20.0,20.0
2025-08-15,POS,item,7up 330ml Can,1.0,0.0,0.0
2025-08-15,POS,item,7up @50rs,1.0,0.0,0.0
2025-08-15,POS,item,Brownie With Ice Cream,1.0,0.0,0.0
2025-08-15,POS,item,Burger Combo @ 179,4.0,0.0,0.0
2025-08-15,POS,item,Chicken Pasta,2.0,0.0,0.0
2025-08-15,POS,item,Chilly Potato Shots,1.0,0.0,0.0
2025-08-15,POS,item,Chocolate Shake,2.0,0.0,0.0
2025-08-15,POS,item,French Fries,5.0,0.0,0.0
2025-08-15,POS,item,Fresh Lime Juice,1.0,0.0,0.0
2025-08-15,POS,item,Garlic Bread,1.0,0.0,0.0
2025-08-15,POS,item,Greek Salad,2.0,0.0,0.0
2025-08-15,POS,item,Loaded Fries,3.0,0.0,0.0
2025-08-15,POS,item,Mdew@40rs,1.0,0.0,0.0
2025-08-15,POS,item,Mixed Chicken Salad,1.0,0.0,0.0
2025-08-15,POS,item,Pepsi 330ml Can,1.0,0.0,0.0
2025-08-15,POS,item,Pizza Upgrade,1.0,0.0,0.0
2025-08-15,POS,item,Potato Wedges,1.0,0.0,0.0
2025-08-15,POS,item,Regular Chicken Burger,6.0,0.0,0.0
2025-08-15,POS,item,Soft Drink,1.0,0.0,0.0
2025-08-15,POS,item,Veg Pasta,1.0,0.0,0.0
2025-08-14,POS,item,2 Medium Non-veg@759,1.0,150.0,150.0
2025-08-14,POS,item,12 Inch - Large Pizza,4.0,120.0,480.0
2025-08-14,POS,item,2 Regular Non-veg@409,2.0,80.0,160.0
2025-08-14,POS,item,9 Inch - Medium Pizza,5.0,75.0,375.0
2025-08-14,POS,item,Delicious Combo Delight Medium,1.0,75.0,75.0
2025-08-14,POS,item,Super Saver Meal Medium,1.0,75.0,75.0
2025-08-14,POS,item,7 Inch - Regular Pizza,8.0,40.0,320.0
2025-08-14,Swiggy,item,7 Inch - Regular Pizza,4.0,40.0,160.0
2025-08-14,POS,item,Delicious Combo Delight Regular,1.0,40.0,40.0
2025-08-14,POS,item,Garlic Bread Supreme [veg],1.0,40.0,40.0
2025-08-14,POS,item,Garlic Bread With Cheese,3.0,40.0,120.0
2025-08-14,POS,item,Super Saver Meal Regular,1.0,40.0,40.0
2025-08-14,POS,item,7up 250ml Pet,1.0,0.0,0.0
2025-08-14,POS,item,7up @50rs,1.0,0.0,0.0
2025-08-14,POS,item,Blue Mojito,3.0,0.0,0.0
2025-08-14,POS,item,Brownie,1.0,0.0,0.0
2025-08-14,POS,item,Cheesy Fries,1.0,0.0,0.0
2025-08-14,Swiggy,item,Chicken Nuggets,1.0,0.0,0.0
2025-08-14,POS,item,Chicken Nuggets Burger,2.0,0.0,0.0
2025-08-14,POS,item,Chicken Pasta,1.0,0.0,0.0
2025-08-14,POS,item,French Fries,3.0,0.0,0.0
2025-08-14,POS,item,Fresh Lime Juice,1.0,0.0,0.0
2025-08-14,POS,item,Loaded Fries,1.0,0.0,0.0
2025-08-14,POS,item,Mayo,1.0,0.0,0.0
2025-08-14,POS,item,Pepsi 250ml Pet,1.0,0.0,0.0
2025-08-14,POS,item,Pepsi@50rs,1.0,0.0,0.0
2025-08-14,POS,item,Peri Peri Dip,2.0,0.0,0.0
2025-08-14,POS,item,Potato Wedges,2.0,0.0,0.0
2025-08-14,POS,item,Regular Chicken Burger,2.0,0.0,0.0
2025-08-14,POS,item,Tender Coconut,1.0,0.0,0.0
2025-08-13,POS,item,2 Medium Non-veg@759,1.0,150.0,150.0
2025-08-13,POS,item,12 Inch - Large Pizza,2.0,120.0,240.0
2025-08-13,POS,item,Non Veg Meal For 4,2.0,120.0,240.0
2025-08-13,POS,item,2 Regular Non-veg@409,3.0,80.0,240.0
2025-08-13,POS,item,9 Inch - Medium Pizza,5.0,75.0,375.0
2025-08-13,Swiggy,item,9 Inch - Medium Pizza,1.0,75.0,75.0
2025-08-13,POS,item,Super Saver Meal Medium,1.0,75.0,75.0
2025-08-13,POS,item,7 Inch - Regular Pizza,11.0,40.0,440.0
2025-08-13,Swiggy,item,7 Inch - Regular Pizza,5.0,40.0,200.0
2025-08-13,POS,item,Garlic Bread With Cheese,1.0,40.0,40.0
2025-08-13,POS,item,Super Saver Meal Regular,1.0,40.0,40.0
2025-08-13,Swiggy,addon,7 Inch - Regular Pizza -Extra Cheese,1.0,20.0,20.0
2025-08-13,POS,item,Combo Delight Non-veg,2.0,20.0,40.0
2025-08-13,POS,item,Brownie,2.0,0.0,0.0
2025-08-13,POS,item,Burger Combo @ 179,1.0,0.0,0.0
2025-08-13,POS,item,Cheesy Fries,1.0,0.0,0.0
2025-08-13,POS,item,Chicken Nuggets,1.0,0.0,0.0
2025-08-13,POS,item,Chicken Popcorn,2.0,0.0,0.0
2025-08-13,POS,item,Chikku Shake,1.0,0.0,0.0
2025-08-13,POS,item,Chocolate Shake,1.0,0.0,0.0
2025-08-13,POS,item,Coleslaw Salad,1.0,0.0,0.0
2025-08-13,POS,item,French Fries,4.0,0.0,0.0
2025-08-13,POS,item,Garlic Bread,1.0,0.0,0.0
2025-08-13,POS,item,Loaded Fries,2.0,0.0,0.0
2025-08-13,POS,item,Mdew@40rs,1.0,0.0,0.0
2025-08-13,POS,item,Mint Lime Juice,1.0,0.0,0.0
2025-08-13,POS,item,Pepsi 250ml Pet,5.0,0.0,0.0
2025-08-13,POS,item,Pineapple Juice,2.0,0.0,0.0
2025-08-13,POS,item,Pizza Upgrade,1.0,0.0,0.0
2025-08-13,POS,item,Regular Chicken Burger,8.0,0.0,0.0
2025-08-13,POS,item,Sizzling Brownie,1.0,0.0,0.0
2025-08-13,POS,item,Slice@40rs,1.0,0.0,0.0
2025-08-13,POS,item,Soft Drink,1.0,0.0,0.0
2025-08-13,POS,item,Tender Coconut,1.0,0.0,0.0
2025-08-13,POS,item,Watermelon Juice,1.0,0.0,0.0
2025-08-12,POS,item,2 Large Non-veg@1149,1.0,240.0,240.0
2025-08-12,POS,item,2 Medium Non-veg@759,1.0,150.0,150.0
2025-08-12,POS,item,12 Inch - Large Pizza,3.0,120.0,360.0
2025-08-12,POS,item,2 Regular Non-veg@409,1.0,80.0,80.0
2025-08-12,POS,item,9 Inch - Medium Pizza,2.0,75.0,150.0
2025-08-12,POS,item,7 Inch - Regular Pizza,8.0,40.0,320.0
2025-08-12,POS,item,Super Saver Meal Regular,2.0,40.0,80.0
2025-08-12,POS,item,7up @50rs,3.0,0.0,0.0
2025-08-12,POS,item,Blue Mojito,1.0,0.0,0.0
2025-08-12,POS,item,Burger Combo @ 169,1.0,0.0,0.0
2025-08-12,POS,item,Chicken Pasta,2.0,0.0,0.0
2025-08-12,POS,item,French Fries,3.0,0.0,0.0
2025-08-12,POS,item,Fresh Lime Juice,11.0,0.0,0.0
2025-08-12,POS,item,Greek Salad,1.0,0.0,0.0
2025-08-12,POS,item,Macaroni N Chicken Salad,1.0,0.0,0.0
2025-08-12,POS,item,Mint Lime Juice,4.0,0.0,0.0
2025-08-12,POS,item,Pepsi 250ml Pet,1.0,0.0,0.0
2025-08-12,POS,item,Pepsi@50rs,1.0,0.0,0.0
2025-08-12,POS,item,Potato Wedges,1.0,0.0,0.0
2025-08-12,POS,item,Sizzling Brownie,1.0,0.0,0.0
2025-08-12,POS,item,Tender Coconut,1.0,0.0,0.0
2025-08-11,POS,item,12 Inch - Large Pizza,3.0,120.0,360.0
2025-08-11,POS,item,2 Regular Non-veg@409,3.0,80.0,240.0
2025-08-11,Swiggy,item,9 Inch - Medium Pizza,3.0,75.0,225.0
2025-08-11,POS,item,9 Inch - Medium Pizza,2.0,75.0,150.0
2025-08-11,POS,item,Delicious Combo Delight Medium,1.0,75.0,75.0
2025-08-11,POS,item,7 Inch - Regular Pizza,9.0,40.0,360.0
2025-08-11,Swiggy,item,7 Inch - Regular Pizza,2.0,40.0,80.0
2025-08-11,POS,item,Garlic Bread Supreme[non-veg],2.0,40.0,80.0
2025-08-11,POS,item,Non Veg Meal For 1,2.0,40.0,80.0
2025-08-11,POS,item,Super Saver Meal Regular,1.0,40.0,40.0
2025-08-11,Swiggy,addon,9 Inch - Medium Pizza -Extra Cheese,1.0,38.0,38.0
2025-08-11,POS,item,7up 250ml Pet,1.0,0.0,0.0
2025-08-11,POS,item,7up@40rs,1.0,0.0,0.0
2025-08-11,POS,item,Burger Combo @ 179,7.0,0.0,0.0
2025-08-11,Swiggy,item,Chicken Nuggets,1.0,0.0,0.0
2025-08-11,POS,item,Chicken Pasta,1.0,0.0,0.0
2025-08-11,POS,item,Chikku Shake,4.0,0.0,0.0
2025-08-11,POS,item,Chocolate Shake,2.0,0.0,0.0
2025-08-11,POS,item,French Fries,9.0,0.0,0.0
2025-08-11,POS,item,Garlic Bread,2.0,0.0,0.0
2025-08-11,POS,item,Grapes Juice,1.0,0.0,0.0
2025-08-11,POS,item,Green Apple,1.0,0.0,0.0
2025-08-11,POS,item,Hot Garlic Dip,1.0,0.0,0.0
2025-08-11,POS,item,Loaded Fries,1.0,0.0,0.0
2025-08-11,POS,item,Mint Lime Juice,1.0,0.0,0.0
2025-08-11,POS,item,Pepsi@40rs,1.0,0.0,0.0
2025-08-11,POS,item,Peri Peri Dip,1.0,0.0,0.0
2025-08-11,POS,item,Regular Chicken Burger,2.0,0.0,0.0
2025-08-11,POS,item,Soda,1.0,0.0,0.0
2025-08-11,POS,item,Tender Coconut,1.0,0.0,0.0
2025-08-11,POS,item,Veg Burger,1.0,0.0,0.0
2025-08-11,POS,item,Veg Pasta,2.0,0.0,0.0
2025-08-11,POS,item,Watermelon Juice,2.0,0.0,0.0
2025-08-10,POS,item,2 Medium Non-veg@759,2.0,150.0,300.0
2025-08-10,POS,item,12 Inch - Large Pizza,7.0,120.0,840.0
2025-08-10,POS,item,2 Regular Non-veg@409,2.0,80.0,160.0
2025-08-10,POS,item,2 Regular Veg@349,2.0,80.0,160.0
2025-08-10,POS,item,9 Inch - Medium Pizza,8.0,75.0,600.0
2025-08-10,POS,item,Super Saver Meal Medium,1.0,75.0,75.0
2025-08-10,POS,item,7 Inch - Regular Pizza,7.0,40.0,280.0
2025-08-10,Swiggy,item,7 Inch - Regular Pizza,2.0,40.0,80.0
2025-08-10,POS,item,Garlic Bread With Cheese,5.0,40.0,200.0
2025-08-10,POS,item,Super Saver Meal Regular,1.0,40.0,40.0
2025-08-10,POS,item,Veg Meal For 1,1.0,40.0,40.0
2025-08-10,POS,item,Combo Delight Non-veg,2.0,20.0,40.0
2025-08-10,POS,item,7up 330ml Can,1.0,0.0,0.0
2025-08-10,POS,item,Brownie,1.0,0.0,0.0
2025-08-10,POS,item,Brownie With Ice Cream,2.0,0.0,0.0
2025-08-10,POS,item,Burger Combo @ 169,2.0,0.0,0.0
2025-08-10,POS,item,Chicken Pasta,3.0,0.0,0.0
2025-08-10,POS,item,Chikku Shake,1.0,0.0,0.0
2025-08-10,POS,item,Chilly Potato Shots,1.0,0.0,0.0
2025-08-10,POS,item,French Fries,4.0,0.0,0.0
2025-08-10,POS,item,Fresh Lime Juice,3.0,0.0,0.0
2025-08-10,POS,item,Grapes Juice,1.0,0.0,0.0
2025-08-10,POS,item,Greek Chicken Salad[non-veg],1.0,0.0,0.0
2025-08-10,POS,item,Loaded Fries,3.0,0.0,0.0
2025-08-10,POS,item,Mdew 250ml Pet,3.0,0.0,0.0
2025-08-10,POS,item,Mineral Water,4.0,0.0,0.0
2025-08-10,POS,item,Mixed Chicken Salad,1.0,0.0,0.0
2025-08-10,POS,item,Pepsi@40rs,1.0,0.0,0.0
2025-08-10,POS,item,Pepsi@50rs,3.0,0.0,0.0
2025-08-10,POS,item,Potato Wedges,1.0,0.0,0.0
2025-08-10,POS,item,Regular Chicken Burger,1.0,0.0,0.0
2025-08-10,POS,item,Soft Drink,1.0,0.0,0.0
2025-08-10,POS,item,Tender Coconut,1.0,0.0,0.0
2025-08-10,POS,item,Watermelon Juice,1.0,0.0,0.0
2025-08-09,POS,item,2 Large Non-veg@1149,1.0,240.0,240.0
2025-08-09,POS,item,Veg Meal For 6,1.0,195.0,195.0
2025-08-09,POS,item,2 Medium Non-veg@759,4.0,150.0,600.0
2025-08-09,POS,item,12 Inch - Large Pizza,5.0,120.0,600.0
2025-08-09,POS,item,2 Regular Non-veg@409,2.0,80.0,160.0
2025-08-09,POS,item,9 Inch - Medium Pizza,10.0,75.0,750.0
2025-08-09,Swiggy,item,9 Inch - Medium Pizza,2.0,75.0,150.0
2025-08-09,POS,item,7 Inch - Regular Pizza,12.0,40.0,480.0
2025-08-09,Swiggy,item,7 Inch - Regular Pizza,1.0,40.0,40.0
2025-08-09,POS,item,Garlic Bread Supreme [veg],1.0,40.0,40.0
2025-08-09,POS,item,Garlic Bread With Cheese,1.0,40.0,40.0
2025-08-09,POS,item,Super Saver Meal Regular,4.0,40.0,160.0
2025-08-09,Swiggy,addon,9 Inch - Medium Pizza -Extra Cheese,1.0,38.0,38.0
2025-08-09,POS,item,Blue Mojito,1.0,0.0,0.0
2025-08-09,POS,item,Butterscotch Sundae,1.0,0.0,0.0
2025-08-09,POS,item,Chicken Pasta,2.0,0.0,0.0
2025-08-09,POS,item,Chocolate Shake,1.0,0.0,0.0
2025-08-09,POS,item,French Fries,3.0,0.0,0.0
2025-08-09,POS,item,Fresh Garden Mint,2.0,0.0,0.0
2025-08-09,POS,item,Fresh Lime Juice,3.0,0.0,0.0
2025-08-09,POS,item,Mineral Water,3.0,0.0,0.0
2025-08-09,POS,item,Mint Lime Juice,1.0,0.0,0.0
2025-08-09,POS,item,Pepsi@40rs,1.0,0.0,0.0
2025-08-09,POS,item,Pineapple Juice,2.0,0.0,0.0
2025-08-09,POS,item,Pizza Upgrade,1.0,0.0,0.0
2025-08-09,POS,item,Regular Chicken Burger,1.0,0.0,0.0
2025-08-09,POS,item,Veg Pasta,1.0,0.0,0.0
2025-08-09,POS,item,Watermelon Juice,2.0,0.0,0.0
2025-08-08,POS,item,2 Large Non-veg@1149,1.0,240.0,240.0
2025-08-08,POS,item,2 Medium Non-veg@759,1.0,150.0,150.0
2025-08-08,POS,item,2 Regular Non-veg@409,2.0,80.0,160.0
2025-08-08,POS,item,9 Inch - Medium Pizza,7.0,75.0,525.0
2025-08-08,POS,item,Delicious Combo Delight Medium,1.0,75.0,75.0
2025-08-08,POS,item,7 Inch - Regular Pizza,6.0,40.0,240.0
2025-08-08,POS,item,Garlic Bread With Cheese,1.0,40.0,40.0
2025-08-08,POS,item,Super Saver Meal Regular,1.0,40.0,40.0
2025-08-08,POS,item,Combo Delight Non-veg,1.0,20.0,20.0
2025-08-08,POS,item,7up 250ml Pet,6.0,0.0,0.0
2025-08-08,POS,item,7up 330ml Can,1.0,0.0,0.0
2025-08-08,POS,item,Blue Mojito,1.0,0.0,0.0
2025-08-08,POS,item,Burger Combo @ 179,2.0,0.0,0.0
2025-08-08,POS,item,Cheesy Fries,1.0,0.0,0.0
2025-08-08,POS,item,Chicken Nuggets,2.0,0.0,0.0
2025-08-08,POS,item,Chicken Nuggets Burger,1.0,0.0,0.0
2025-08-08,POS,item,Chicken Pasta,3.0,0.0,0.0
2025-08-08,Swiggy,item,Chicken Pasta,1.0,0.0,0.0
2025-08-08,POS,item,French Fries,8.0,0.0,0.0
2025-08-08,POS,item,Fresh Lime Juice,4.0,0.0,0.0
2025-08-08,POS,item,Garlic Bread,1.0,0.0,0.0
2025-08-08,POS,item,Mdew 250ml Pet,2.0,0.0,0.0
2025-08-08,POS,item,Mineral Water,1.0,0.0,0.0
2025-08-08,POS,item,Pepsi 250ml Pet,1.0,0.0,0.0
2025-08-08,POS,item,Pepsi@40rs,2.0,0.0,0.0
2025-08-08,POS,item,Pepsi@50rs,1.0,0.0,0.0
2025-08-08,POS,item,Veg Burger,2.0,0.0,0.0
2025-08-08,POS,item,Water Melon,1.0,0.0,0.0
2025-08-07,POS,item,2 Large Non-veg@1149,1.0,240.0,240.0
2025-08-07,POS,item,2 Medium Non-veg@759,1.0,150.0,150.0
2025-08-07,POS,item,12 Inch - Large Pizza,3.0,120.0,360.0
2025-08-07,POS,item,2 Regular Non-veg@409,3.0,80.0,240.0
2025-08-07,POS,item,9 Inch - Medium Pizza,3.0,75.0,225.0
2025-08-07,POS,addon,12 Inch - Large Pizza -Extra Cheese,1.0,60.0,60.0
2025-08-07,POS,item,7 Inch - Regular Pizza,6.0,40.0,240.0
2025-08-07,Swiggy,item,7 Inch - Regular Pizza,4.0,40.0,160.0
2025-08-07,POS,item,Super Saver Meal Regular,1.0,40.0,40.0
2025-08-07,Swiggy,addon,7 Inch - Regular Pizza -Extra Cheese,1.0,20.0,20.0
2025-08-07,POS,item,7up 250ml Pet,2.0,0.0,0.0
2025-08-07,POS,item,Blue Mojito,1.0,0.0,0.0
2025-08-07,POS,item,Bubble Gum,1.0,0.0,0.0
2025-08-07,POS,item,Burger Combo @ 179,1.0,0.0,0.0
2025-08-07,POS,item,Cheesy Fries,1.0,0.0,0.0
2025-08-07,Swiggy,item,Chicken Loaded Fries,1.0,0.0,0.0
2025-08-07,POS,item,Chicken Nuggets,1.0,0.0,0.0
2025-08-07,POS,item,Chocolate Shake,1.0,0.0,0.0
2025-08-07,POS,item,French Fries,1.0,0.0,0.0
2025-08-07,POS,item,Fresh Garden Mint,1.0,0.0,0.0
2025-08-07,POS,item,Fresh Lime Juice,1.0,0.0,0.0
2025-08-07,POS,item,Green Apple,1.0,0.0,0.0
2025-08-07,POS,item,Loaded Fries,1.0,0.0,0.0
2025-08-07,Swiggy,item,Macaroni N Chicken Salad,1.0,0.0,0.0
2025-08-07,POS,item,Mdew 250ml Pet,1.0,0.0,0.0
2025-08-07,Swiggy,item,Nutty Vanilla,1.0,0.0,0.0
2025-08-07,POS,item,Pepsi 330ml Can,2.0,0.0,0.0
2025-08-06,POS,item,2 Large Non-veg@1149,3.0,240.0,720.0
2025-08-06,POS,item,2 Medium Non-veg@759,1.0,150.0,150.0
2025-08-06,POS,item,12 Inch - Large Pizza,2.0,120.0,240.0
2025-08-06,Swiggy,item,12 Inch - Large Pizza,1.0,120.0,120.0
2025-08-06,POS,item,2 Regular Non-veg@409,1.0,80.0,80.0
2025-08-06,POS,item,9 Inch - Medium Pizza,3.0,75.0,225.0
2025-08-06,Swiggy,item,9 Inch - Medium Pizza,1.0,75.0,75.0
2025-08-06,Swiggy,item,7 Inch - Regular Pizza,4.0,40.0,160.0
2025-08-06,POS,item,7 Inch - Regular Pizza,3.0,40.0,120.0
2025-08-06,POS,item,Garlic Bread With Cheese,3.0,40.0,120.0
2025-08-06,POS,item,Non Veg Meal For 1,1.0,40.0,40.0
2025-08-06,POS,item,Super Saver Meal Regular,1.0,40.0,40.0
2025-08-06,POS,addon,7 Inch - Regular Pizza -Extra Cheese,1.0,20.0,20.0
2025-08-06,POS,item,Combo Delight Non-veg,1.0,20.0,20.0
2025-08-06,POS,item,Bubble Gum,1.0,0.0,0.0
2025-08-06,POS,item,Burger Combo @ 169,3.0,0.0,0.0
2025-08-06,POS,item,Burger Combo @ 179,1.0,0.0,0.0
2025-08-06,POS,item,Burger Combo @ 199,1.0,0.0,0.0
2025-08-06,POS,item,Chicken Nuggets,1.0,0.0,0.0
2025-08-06,POS,item,Chicken Pasta,2.0,0.0,0.0
2025-08-06,POS,item,Chikku Shake,1.0,0.0,0.0
2025-08-06,POS,item,French Fries,3.0,0.0,0.0
2025-08-06,POS,item,Loaded Fries,2.0,0.0,0.0
2025-08-06,POS,item,Mineral Water,3.0,0.0,0.0
2025-08-06,POS,item,Mint Lime Juice,1.0,0.0,0.0
2025-08-06,Swiggy,item,Passion Mint,1.0,0.0,0.0
2025-08-06,POS,item,Pepsi 250ml Pet,1.0,0.0,0.0
2025-08-06,POS,item,Pepsi@40rs,1.0,0.0,0.0
2025-08-06,POS,item,Pineapple Juice,3.0,0.0,0.0
2025-08-06,POS,item,Regular Chicken Burger,1.0,0.0,0.0
2025-08-06,POS,item,Soft Drink,1.0,0.0,0.0
2025-08-06,POS,item,Veg Pasta,2.0,0.0,0.0
2025-08-05,POS,item,12 Inch - Large Pizza,1.0,120.0,120.0
2025-08-05,POS,item,2 Regular Non-veg@409,4.0,80.0,320.0
2025-08-05,POS,item,9 Inch - Medium Pizza,5.0,75.0,375.0
2025-08-05,Swiggy,item,9 Inch - Medium Pizza,1.0,75.0,75.0
2025-08-05,POS,item,Super Saver Meal Medium,1.0,75.0,75.0
2025-08-05,POS,item,7 Inch - Regular Pizza,7.0,40.0,280.0
2025-08-05,Swiggy,item,7 Inch - Regular Pizza,1.0,40.0,40.0
2025-08-05,POS,item,Garlic Bread Supreme[non-veg],2.0,40.0,80.0
2025-08-05,POS,item,Super Saver Meal Regular,1.0,40.0,40.0
2025-08-05,POS,addon,9 Inch - Medium Pizza -Extra Cheese,1.0,38.0,38.0
2025-08-05,POS,addon,7 Inch - Regular Pizza -Extra Cheese,1.0,20.0,20.0
2025-08-05,POS,item,Combo Delight Non-veg,2.0,20.0,40.0
2025-08-05,POS,item,7up 250ml Can,1.0,0.0,0.0
2025-08-05,POS,item,7up 250ml Pet,1.0,0.0,0.0
2025-08-05,POS,item,7up@40rs,1.0,0.0,0.0
2025-08-05,Swiggy,item,Blue Mojito,4.0,0.0,0.0
2025-08-05,POS,item,Brownie With Ice Cream,1.0,0.0,0.0
2025-08-05,POS,item,Cheesy Fries,2.0,0.0,0.0
2025-08-05,POS,item,Chicken Nuggets,1.0,0.0,0.0
2025-08-05,POS,item,Chicken Nuggets Burger,3.0,0.0,0.0
2025-08-05,POS,item,Chicken Pasta,1.0,0.0,0.0
2025-08-05,POS,item,Chicken Popcorn,1.0,0.0,0.0
2025-08-05,POS,item,French Fries,1.0,0.0,0.0
2025-08-05,POS,item,Fresh Lime Juice,1.0,0.0,0.0
2025-08-05,POS,item,Loaded Fries,1.0,0.0,0.0
2025-08-05,POS,item,Mint Lime Juice,2.0,0.0,0.0
2025-08-05,POS,item,Pineapple Juice,2.0,0.0,0.0
2025-08-05,POS,item,Potato Wedges,1.0,0.0,0.0
2025-08-05,POS,item,Regular Chicken Burger,3.0,0.0,0.0
2025-08-05,POS,item,Soft Drink,1.0,0.0,0.0
2025-08-05,POS,item,Watermelon Juice,2.0,0.0,0.0
2025-08-04,POS,item,2 Large Non-veg@1149,1.0,240.0,240.0
2025-08-04,POS,item,2 Medium Non-veg@759,3.0,150.0,450.0
2025-08-04,POS,item,12 Inch - Large Pizza,3.0,120.0,360.0
2025-08-04,POS,item,2 Regular Non-veg@409,4.0,80.0,320.0
2025-08-04,POS,item,9 Inch - Medium Pizza,4.0,75.0,300.0
2025-08-04,POS,item,Super Saver Meal Medium,2.0,75.0,150.0
2025-08-04,POS,item,7 Inch - Regular Pizza,5.0,40.0,200.0
2025-08-04,Swiggy,item,7 Inch - Regular Pizza,3.0,40.0,120.0
2025-08-04,POS,item,Super Saver Meal Regular,1.0,40.0,40.0
2025-08-04,POS,item,Combo Delight Non-veg,1.0,20.0,20.0
2025-08-04,POS,item,7up 250ml Pet,1.0,0.0,0.0
2025-08-04,POS,item,7up @50rs,2.0,0.0,0.0
2025-08-04,POS,item,Blue Mojito,1.0,0.0,0.0
2025-08-04,POS,item,Burger Combo @ 169,3.0,0.0,0.0
2025-08-04,POS,item,Cheesy Dip,1.0,0.0,0.0
2025-08-04,POS,item,Chicken Nuggets,2.0,0.0,0.0
2025-08-04,POS,item,Chicken Pasta,1.0,0.0,0.0
2025-08-04,POS,item,Chocolate Shake,2.0,0.0,0.0
2025-08-04,POS,item,Coleslaw Salad,1.0,0.0,0.0
2025-08-04,POS,item,French Fries,2.0,0.0,0.0
2025-08-04,POS,item,Fresh Lime Juice,2.0,0.0,0.0
2025-08-04,Swiggy,item,Green Apple,1.0,0.0,0.0
2025-08-04,POS,item,Mdew 250ml Pet,1.0,0.0,0.0
2025-08-04,POS,item,Mineral Water,1.0,0.0,0.0
2025-08-04,POS,item,Mint Lime Juice,1.0,0.0,0.0
2025-08-04,POS,item,Mixed Chicken Salad,1.0,0.0,0.0
2025-08-04,POS,item,Pepsi@40rs,2.0,0.0,0.0
2025-08-04,POS,item,Peri Peri Dip,1.0,0.0,0.0
2025-08-04,POS,item,Regular Chicken Burger,1.0,0.0,0.0
2025-08-04,Swiggy,item,Roasted Chicken Salad,1.0,0.0,0.0
2025-08-03,POS,item,2 Medium Non-veg@759,1.0,150.0,150.0
2025-08-03,POS,item,12 Inch - Large Pizza,3.0,120.0,360.0
2025-08-03,Swiggy,item,12 Inch - Large Pizza,1.0,120.0,120.0
2025-08-03,POS,item,Non Veg Meal For 4,1.0,120.0,120.0
2025-08-03,POS,item,Veg Meal For 4,1.0,120.0,120.0
2025-08-03,POS,item,2 Regular Non-veg@409,1.0,80.0,80.0
2025-08-03,POS,item,9 Inch - Medium Pizza,5.0,75.0,375.0
2025-08-03,POS,item,Super Saver Meal Medium,1.0,75.0,75.0
2025-08-03,POS,item,7 Inch - Regular Pizza,6.0,40.0,240.0
2025-08-03,POS,item,Delicious Combo Delight Regular,1.0,40.0,40.0
2025-08-03,POS,item,Garlic Bread With Cheese,3.0,40.0,120.0
2025-08-03,POS,item,7up 250ml Pet,1.0,0.0,0.0
2025-08-03,POS,item,7up @50rs,1.0,0.0,0.0
2025-08-03,POS,item,Blue Mojito,1.0,0.0,0.0
2025-08-03,POS,item,Brownie With Ice Cream,1.0,0.0,0.0
2025-08-03,Swiggy,item,Brownie With Ice Cream,1.0,0.0,0.0
2025-08-03,POS,item,Burger Combo @ 179,2.0,0.0,0.0
2025-08-03,POS,item,Cheesy Fries,1.0,0.0,0.0
2025-08-03,POS,item,Chicken Nuggets Burger,1.0,0.0,0.0
2025-08-03,POS,item,Chicken Popcorn,1.0,0.0,0.0
2025-08-03,POS,item,Chikku Shake,1.0,0.0,0.0
2025-08-03,POS,item,Chocolate Shake,1.0,0.0,0.0
2025-08-03,POS,item,French Fries,4.0,0.0,0.0
2025-08-03,Swiggy,item,French Fries,1.0,0.0,0.0
2025-08-03,POS,item,Fresh Lime Juice,1.0,0.0,0.0
2025-08-03,POS,item,Loaded Fries,4.0,0.0,0.0
2025-08-03,POS,item,Mint Lime Juice,1.0,0.0,0.0
2025-08-03,POS,item,Pepsi 250ml Pet,2.0,0.0,0.0
2025-08-03,POS,item,Pepsi@50rs,1.0,0.0,0.0
2025-08-03,POS,item,Pineapple Juice,3.0,0.0,0.0
2025-08-03,POS,item,Pizza Upgrade,2.0,0.0,0.0
2025-08-03,POS,item,Potato Wedges,3.0,0.0,0.0
2025-08-03,POS,item,Regular Chicken Burger,4.0,0.0,0.0
2025-08-03,POS,item,Tender Coconut,1.0,0.0,0.0
2025-08-03,POS,item,Veg Burger,4.0,0.0,0.0
2025-08-03,POS,item,Veg Pasta,2.0,0.0,0.0
2025-08-03,POS,item,Watermelon Juice,1.0,0.0,0.0
2025-08-02,POS,item,2 Large Non-veg@1149,2.0,240.0,480.0
2025-08-02,POS,item,2 Medium Non-veg@759,2.0,150.0,300.0
2025-08-02,POS,item,2 Medium Veg@699,1.0,150.0,150.0
2025-08-02,POS,item,12 Inch - Large Pizza,6.0,120.0,720.0
2025-08-02,POS,item,2 Regular Non-veg@409,5.0,80.0,400.0
2025-08-02,POS,item,2 Regular Veg@349,2.0,80.0,160.0
2025-08-02,POS,item,9 Inch - Medium Pizza,5.0,75.0,375.0
2025-08-02,Swiggy,item,9 Inch - Medium Pizza,1.0,75.0,75.0
2025-08-02,POS,item,Veg Meal For 2,1.0,75.0,75.0
2025-08-02,POS,item,7 Inch - Regular Pizza,14.0,40.0,560.0
2025-08-02,Swiggy,item,7 Inch - Regular Pizza,1.0,40.0,40.0
2025-08-02,POS,item,Garlic Bread With Cheese,5.0,40.0,200.0
2025-08-02,POS,item,Super Saver Meal Regular,1.0,40.0,40.0
2025-08-02,POS,item,Combo Delight Veg,1.0,20.0,20.0
2025-08-02,POS,item,7up @50rs,1.0,0.0,0.0
2025-08-02,POS,item,7up@40rs,1.0,0.0,0.0
2025-08-02,POS,item,Blue Mojito,3.0,0.0,0.0
2025-08-02,POS,item,Burger Combo @ 169,2.0,0.0,0.0
2025-08-02,POS,item,Burger Combo @ 179,1.0,0.0,0.0
2025-08-02,POS,item,Cheesy Fries,1.0,0.0,0.0
2025-08-02,POS,item,Chicken Nuggets,1.0,0.0,0.0
2025-08-02,POS,item,Chicken Pasta,5.0,0.0,0.0
2025-08-02,POS,item,Chicken Popcorn,2.0,0.0,0.0
2025-08-02,POS,item,Chikku Shake,1.0,0.0,0.0
2025-08-02,POS,item,Chocolate Shake,1.0,0.0,0.0
2025-08-02,POS,item,French Fries,7.0,0.0,0.0
2025-08-02,POS,item,Fresh Garden Mint,4.0,0.0,0.0
2025-08-02,POS,item,Fresh Lime Juice,1.0,0.0,0.0
2025-08-02,POS,item,Garlic Bread,5.0,0.0,0.0
2025-08-02,POS,item,Grapes Juice,1.0,0.0,0.0
2025-08-02,Swiggy,item,Green Apple,1.0,0.0,0.0
2025-08-02,POS,item,Loaded Fries,1.0,0.0,0.0
2025-08-02,POS,item,Mint Lime Juice,3.0,0.0,0.0
2025-08-02,POS,item,Mixed Chicken Salad,1.0,0.0,0.0
2025-08-02,POS,item,Pepsi@40rs,2.0,0.0,0.0
2025-08-02,POS,item,Pepsi@50rs,6.0,0.0,0.0
2025-08-02,POS,item,Pineapple Juice,2.0,0.0,0.0
2025-08-02,POS,item,Slice@40rs,1.0,0.0,0.0
2025-08-02,POS,item,Veg Burger,1.0,0.0,0.0
2025-08-02,POS,item,Veg Pasta,2.0,0.0,0.0
2025-08-02,Swiggy,item,Veg Pasta,1.0,0.0,0.0
2025-08-01,POS,item,2 Large Non-veg@1149,1.0,240.0,240.0
2025-08-01,POS,item,2 Regular Non-veg@409,3.0,80.0,240.0
2025-08-01,POS,item,9 Inch - Medium Pizza,4.0,75.0,300.0
2025-08-01,Swiggy,item,9 Inch - Medium Pizza,1.0,75.0,75.0
2025-08-01,POS,item,7 Inch - Regular Pizza,9.0,40.0,360.0
2025-08-01,POS,item,Garlic Bread With Cheese,1.0,40.0,40.0
2025-08-01,POS,item,Super Saver Meal Regular,1.0,40.0,40.0
2025-08-01,POS,item,Combo Delight Non-veg,2.0,20.0,40.0
2025-08-01,POS,item,7up 250ml Pet,3.0,0.0,0.0
2025-08-01,POS,item,7up@40rs,1.0,0.0,0.0
2025-08-01,POS,item,Burger Combo @ 169,2.0,0.0,0.0
2025-08-01,POS,item,Chicken Pasta,3.0,0.0,0.0
2025-08-01,POS,item,Cucumber,1.0,0.0,0.0
2025-08-01,POS,item,French Fries,2.0,0.0,0.0
2025-08-01,POS,item,Grapes Juice,1.0,0.0,0.0
2025-08-01,POS,item,Green Apple,2.0,0.0,0.0
2025-08-01,POS,item,Loaded Fries,3.0,0.0,0.0
2025-08-01,POS,item,Mdew 250ml Pet,4.0,0.0,0.0
2025-08-01,POS,item,Mdew 330ml Can,1.0,0.0,0.0
2025-08-01,POS,item,Mdew@40rs,1.0,0.0,0.0
2025-08-01,POS,item,Pepsi 250ml Pet,1.0,0.0,0.0
2025-08-01,POS,item,Pineapple Juice,1.0,0.0,0.0
2025-08-01,POS,item,Regular Chicken Burger,5.0,0.0,0.0
2025-08-01,POS,item,Slice@40rs,1.0,0.0,0.0
2025-08-01,POS,item,Soft Drink,1.0,0.0,0.0
2025-08-01,POS,item,Strawberry,1.0,0.0,0.0
2025-08-01,POS,item,Watermelon Juice,1.0,0.0,0.0
2025-07-31,POS,item,12 Inch - Large Pizza,1.0,120.0,120.0
2025-07-31,POS,item,Non Veg Meal For 4,2.0,120.0,240.0
2025-07-31,POS,item,2 Regular Non-veg@409,1.0,80.0,80.0
2025-07-31,POS,item,2 Regular Veg@349,1.0,80.0,80.0
2025-07-31,POS,item,9 Inch - Medium Pizza,5.0,75.0,375.0
2025-07-31,POS,item,Super Saver Meal Medium,1.0,75.0,75.0
2025-07-31,POS,item,7 Inch - Regular Pizza,7.0,40.0,280.0
2025-07-31,Swiggy,item,7 Inch - Regular Pizza,1.0,40.0,40.0
2025-07-31,Swiggy,item,Bada Saver Meal Regular,1.0,40.0,40.0
2025-07-31,POS,item,Garlic Bread Supreme [veg],1.0,40.0,40.0
2025-07-31,Swiggy,item,Garlic Bread With Cheese,1.0,40.0,40.0
2025-07-31,POS,item,7up @50rs,1.0,0.0,0.0
2025-07-31,POS,item,7up@40rs,1.0,0.0,0.0
2025-07-31,POS,item,Brownie With Ice Cream,1.0,0.0,0.0
2025-07-31,POS,item,Burger Combo @ 169,1.0,0.0,0.0
2025-07-31,POS,item,French Fries,1.0,0.0,0.0
2025-07-31,POS,item,Fresh Lime Juice,1.0,0.0,0.0
2025-07-31,POS,item,Grapes Juice,2.0,0.0,0.0
2025-07-31,POS,item,Green Apple,1.0,0.0,0.0
2025-07-31,POS,item,Loaded Fries,1.0,0.0,0.0
2025-07-31,POS,item,Mdew 250ml Pet,1.0,0.0,0.0
2025-07-31,POS,item,Mineral Water,1.0,0.0,0.0
2025-07-31,POS,item,Mint Lime Juice,3.0,0.0,0.0
2025-07-31,POS,item,Pepsi 330ml Can,1.0,0.0,0.0
2025-07-31,POS,item,Pepsi@40rs,1.0,0.0,0.0
2025-07-31,POS,item,Pineapple Juice,1.0,0.0,0.0
2025-07-31,POS,item,Regular Chicken Burger,1.0,0.0,0.0
2025-07-31,POS,item,Tender Coconut,1.0,0.0,0.0
2025-07-31,POS,item,Veg Burger,1.0,0.0,0.0
2025-07-30,POS,item,12 Inch - Large Pizza,1.0,120.0,120.0
2025-07-30,Swiggy,item,12 Inch - Large Pizza,1.0,120.0,120.0
2025-07-30,POS,item,Non Veg Meal For 4,1.0,120.0,120.0
2025-07-30,POS,item,2 Regular Non-veg@409,2.0,80.0,160.0
2025-07-30,POS,item,9 Inch - Medium Pizza,3.0,75.0,225.0
2025-07-30,POS,item,Delicious Combo Delight Medium,1.0,75.0,75.0
2025-07-30,POS,item,Super Saver Meal Medium,1.0,75.0,75.0
2025-07-30,POS,item,7 Inch - Regular Pizza,1.0,40.0,40.0
2025-07-30,Swiggy,item,7 Inch - Regular Pizza,1.0,40.0,40.0
2025-07-30,POS,item,Super Saver Meal Regular,1.0,40.0,40.0
2025-07-30,Swiggy,addon,7 Inch - Regular Pizza -Extra Cheese,1.0,20.0,20.0
2025-07-30,POS,item,Combo Delight Non-veg,4.0,20.0,80.0
2025-07-30,POS,item,7up 250ml Pet,1.0,0.0,0.0
2025-07-30,POS,item,Burger Combo @ 169,1.0,0.0,0.0
2025-07-30,POS,item,Chicken Nuggets,1.0,0.0,0.0
2025-07-30,POS,item,Chocolate Shake,1.0,0.0,0.0
2025-07-30,POS,item,French Fries,4.0,0.0,0.0
2025-07-30,POS,item,Grapes Juice,3.0,0.0,0.0
2025-07-30,POS,item,Greek Chicken Salad[non-veg],1.0,0.0,0.0
2025-07-30,POS,item,Loaded Fries,2.0,0.0,0.0
2025-07-30,POS,item,Macaroni N Chicken Salad,1.0,0.0,0.0
2025-07-30,POS,item,Mdew 250ml Pet,1.0,0.0,0.0
2025-07-30,Swiggy,item,Mixed Chicken Salad,1.0,0.0,0.0
2025-07-30,POS,item,Pepsi 250ml Pet,2.0,0.0,0.0
2025-07-30,POS,item,Pizza Upgrade,1.0,0.0,0.0
2025-07-30,POS,item,Regular Chicken Burger,1.0,0.0,0.0
2025-07-30,POS,item,Soda,3.0,0.0,0.0
2025-07-29,POS,item,2 Large Non-veg@1149,1.0,240.0,240.0
2025-07-29,POS,item,2 Medium Non-veg@759,1.0,150.0,150.0
2025-07-29,POS,item,12 Inch - Large Pizza,2.0,120.0,240.0
2025-07-29,POS,item,2 Regular Non-veg@409,2.0,80.0,160.0
2025-07-29,POS,item,9 Inch - Medium Pizza,8.0,75.0,600.0
2025-07-29,POS,item,Super Saver Meal Medium,2.0,75.0,150.0
2025-07-29,POS,item,7 Inch - Regular Pizza,7.0,40.0,280.0
2025-07-29,Swiggy,item,7 Inch - Regular Pizza,4.0,40.0,160.0
2025-07-29,Swiggy,item,Bada Saver Meal Regular,1.0,40.0,40.0
2025-07-29,POS,item,Delicious Combo Delight Regular,1.0,40.0,40.0
2025-07-29,POS,item,Garlic Bread With Cheese,2.0,40.0,80.0
2025-07-29,POS,item,Combo Delight Non-veg,1.0,20.0,20.0
2025-07-29,Swiggy,item,2 Medium Budget Pizzas,1.0,0.0,0.0
2025-07-29,POS,item,7up 250ml Pet,2.0,0.0,0.0
2025-07-29,POS,item,7up@40rs,1.0,0.0,0.0
2025-07-29,POS,item,Blue Mojito,1.0,0.0,0.0
2025-07-29,POS,item,Brownie With Ice Cream,1.0,0.0,0.0
2025-07-29,POS,item,Burger Combo @ 179,2.0,0.0,0.0
2025-07-29,Swiggy,item,Chicken Loaded Fries,2.0,0.0,0.0
2025-07-29,POS,item,Chicken Popcorn,1.0,0.0,0.0
2025-07-29,POS,item,Chikku Shake,1.0,0.0,0.0
2025-07-29,POS,addon,Delicious Combo Delight Regular-Extra Cheese,1.0,0.0,0.0
2025-07-29,POS,item,French Fries,3.0,0.0,0.0
2025-07-29,POS,item,Fresh Lime Juice,1.0,0.0,0.0
2025-07-29,POS,item,Garlic Bread,1.0,0.0,0.0
2025-07-29,POS,item,Loaded Fries,1.0,0.0,0.0
2025-07-29,POS,item,Mint Lime Juice,1.0,0.0,0.0
2025-07-29,POS,item,Mixed Chicken Salad,2.0,0.0,0.0
2025-07-29,POS,item,Passion Fruit,1.0,0.0,0.0
2025-07-29,Swiggy,item,Passion Mint,1.0,0.0,0.0
2025-07-29,POS,item,Pepsi 250ml Pet,2.0,0.0,0.0
2025-07-29,POS,item,Pepsi@40rs,2.0,0.0,0.0
2025-07-29,POS,item,Potato Wedges,3.0,0.0,0.0
2025-07-29,POS,item,Regular Chicken Burger,1.0,0.0,0.0
2025-07-29,POS,item,Watermelon Juice,1.0,0.0,0.0
2025-07-28,Swiggy,item,2 Large Pizzas,1.0,240.0,240.0
2025-07-28,POS,item,12 Inch - Large Pizza,1.0,120.0,120.0
2025-07-28,Swiggy,item,2 Regular Pizzas,1.0,80.0,80.0
2025-07-28,POS,item,2 Regular Veg@349,1.0,80.0,80.0
2025-07-28,POS,item,9 Inch - Medium Pizza,3.0,75.0,225.0
2025-07-28,Swiggy,item,7 Inch - Regular Pizza,2.0,40.0,80.0
2025-07-28,POS,item,7 Inch - Regular Pizza,1.0,40.0,40.0
2025-07-28,POS,item,Garlic Bread With Cheese,2.0,40.0,80.0
2025-07-28,POS,item,Combo Delight Non-veg,1.0,20.0,20.0
2025-07-28,POS,item,7up 250ml Pet,1.0,0.0,0.0
2025-07-28,POS,item,Blue Mojito,1.0,0.0,0.0
2025-07-28,Swiggy,item,Brownie,1.0,0.0,0.0
2025-07-28,Swiggy,item,Cheesy Dip,1.0,0.0,0.0
2025-07-28,POS,item,Cheesy Fries,2.0,0.0,0.0
2025-07-28,Swiggy,item,Chicken Loaded Fries,1.0,0.0,0.0
2025-07-28,POS,item,Chicken Nuggets,1.0,0.0,0.0
2025-07-28,POS,item,Chicken Nuggets Burger,2.0,0.0,0.0
2025-07-28,POS,item,Chicken Pasta,4.0,0.0,0.0
2025-07-28,POS,item,Chikku Shake,1.0,0.0,0.0
2025-07-28,Swiggy,item,Fresh Garden Mint,1.0,0.0,0.0
2025-07-28,POS,item,Fresh Lime Juice,1.0,0.0,0.0
2025-07-28,POS,item,Grapes Juice,1.0,0.0,0.0
2025-07-28,POS,item,Loaded Fries,1.0,0.0,0.0
2025-07-28,POS,item,Mint Lime Juice,2.0,0.0,0.0
2025-07-28,POS,item,Passion Fruit,1.0,0.0,0.0
2025-07-28,POS,item,Pepsi 250ml Pet,1.0,0.0,0.0
2025-07-28,POS,item,Pepsi 330ml Can,5.0,0.0,0.0
2025-07-28,POS,item,Pepsi@50rs,2.0,0.0,0.0
2025-07-28,POS,item,Pineapple Juice,6.0,0.0,0.0
2025-07-28,POS,item,Pizza Upgrade,16.0,0.0,0.0
2025-07-28,POS,item,Regular Chicken Burger,4.0,0.0,0.0
2025-07-28,Swiggy,item,Roasted Chicken Salad,1.0,0.0,0.0
2025-07-28,POS,item,Veg Pasta,1.0,0.0,0.0
2025-07-28,POS,item,Watermelon Juice,2.0,0.0,0.0
2025-07-27,Swiggy,item,9 Inch - Medium Pizza,1.0,75.0,75.0
2025-07-27,Swiggy,item,7 Inch - Regular Pizza,4.0,40.0,160.0
2025-07-27,POS,item,Super Saver Meal Regular,2.0,40.0,80.0
2025-07-27,POS,item,Veg Meal For 1,1.0,40.0,40.0
2025-07-27,Swiggy,addon,7 Inch - Regular Pizza -Extra Cheese,1.0,20.0,20.0
2025-07-27,POS,item,Combo Delight Non-veg,2.0,20.0,40.0
2025-07-27,POS,item,7up 250ml Pet,1.0,0.0,0.0
2025-07-27,POS,item,7up @50rs,1.0,0.0,0.0
2025-07-27,POS,item,Brownie,2.0,0.0,0.0
2025-07-27,POS,item,Brownie With Ice Cream,2.0,0.0,0.0
2025-07-27,POS,item,Burger Combo @ 169,1.0,0.0,0.0
2025-07-27,POS,item,Burger Combo @ 179,1.0,0.0,0.0
2025-07-27,Swiggy,item,Chicken Loaded Fries,2.0,0.0,0.0
2025-07-27,Swiggy,item,Chicken Nuggets,1.0,0.0,0.0
2025-07-27,POS,item,Chicken Pasta,3.0,0.0,0.0
2025-07-27,POS,item,French Fries,4.0,0.0,0.0
2025-07-27,POS,item,Garlic Bread,1.0,0.0,0.0
2025-07-27,POS,item,Grapes Juice,1.0,0.0,0.0
2025-07-27,POS,item,Loaded Fries,7.0,0.0,0.0
2025-07-27,POS,item,Macaroni N Chicken Salad,1.0,0.0,0.0
2025-07-27,POS,item,Mdew@40rs,1.0,0.0,0.0
2025-07-27,POS,item,Mineral Water,3.0,0.0,0.0
2025-07-27,POS,item,Mint Lime Juice,2.0,0.0,0.0
2025-07-27,POS,item,Mixed Chicken Salad,1.0,0.0,0.0
2025-07-27,POS,item,Passion Fruit,1.0,0.0,0.0
2025-07-27,POS,item,Pepsi 250ml Pet,2.0,0.0,0.0
2025-07-27,POS,item,Pepsi 330ml Can,1.0,0.0,0.0
2025-07-27,POS,item,Pepsi@40rs,1.0,0.0,0.0
2025-07-27,POS,item,Pizza Upgrade,25.0,0.0,0.0
2025-07-27,POS,item,Regular Chicken Burger,3.0,0.0,0.0
2025-07-27,POS,item,Soft Drink,1.0,0.0,0.0
2025-07-26,Swiggy,item,2 Regular Pizzas,1.0,80.0,80.0
2025-07-26,POS,item,9 Inch - Medium Pizza,2.0,75.0,150.0
2025-07-26,Swiggy,item,7 Inch - Regular Pizza,10.0,40.0,400.0
2025-07-26,POS,item,7 Inch - Regular Pizza,8.0,40.0,320.0
2025-07-26,Swiggy,item,Garlic Bread With Cheese,1.0,40.0,40.0
2025-07-26,POS,item,Non Veg Meal For 1,1.0,40.0,40.0
2025-07-26,POS,item,Super Saver Meal Regular,1.0,40.0,40.0
2025-07-26,POS,item,Combo Delight Non-veg,1.0,20.0,20.0
2025-07-26,POS,item,7up 250ml Pet,1.0,0.0,0.0
2025-07-26,POS,item,7up @50rs,1.0,0.0,0.0
2025-07-26,POS,item,Burger Combo @ 169,1.0,0.0,0.0
2025-07-26,POS,item,Chicken Nuggets,1.0,0.0,0.0
2025-07-26,POS,item,Chicken Nuggets Burger,3.0,0.0,0.0
2025-07-26,POS,item,Chicken Pasta,3.0,0.0,0.0
2025-07-26,Swiggy,item,Chicken Pasta,2.0,0.0,0.0
2025-07-26,POS,item,French Fries,5.0,0.0,0.0
2025-07-26,POS,item,Garlic Bread,1.0,0.0,0.0
2025-07-26,Swiggy,item,Garlic Bread,1.0,0.0,0.0
2025-07-26,POS,item,Greek Chicken Salad[non-veg],1.0,0.0,0.0
2025-07-26,POS,item,Green Apple,1.0,0.0,0.0
2025-07-26,POS,item,Loaded Fries,2.0,0.0,0.0
2025-07-26,POS,item,Mdew@40rs,1.0,0.0,0.0
2025-07-26,POS,item,Mint Lime Juice,1.0,0.0,0.0
2025-07-26,POS,item,Pepsi 250ml Pet,1.0,0.0,0.0
2025-07-26,POS,item,Pepsi 330ml Can,1.0,0.0,0.0
2025-07-26,POS,item,Pepsi@40rs,1.0,0.0,0.0
2025-07-26,POS,item,Pepsi@50rs,1.0,0.0,0.0
2025-07-26,POS,item,Pizza Upgrade,23.0,0.0,0.0
2025-07-26,POS,item,Regular Chicken Burger,4.0,0.0,0.0
2025-07-26,POS,item,Soft Drink,1.0,0.0,0.0
2025-07-26,POS,item,Special Discount,0.0,0.0,0.0
2025-07-26,POS,item,Veg Burger,1.0,0.0,0.0
2025-07-26,POS,item,Veg Pasta,1.0,0.0,0.0
2025-07-26,Swiggy,item,Veg Pasta,1.0,0.0,0.0
2025-07-26,POS,item,Watermelon Juice,1.0,0.0,0.0
2025-07-25,POS,item,2 Large Non-veg@1149,1.0,240.0,240.0
2025-07-25,POS,item,12 Inch - Large Pizza,3.0,120.0,360.0
2025-07-25,POS,item,2 Regular Non-veg@409,1.0,80.0,80.0
2025-07-25,POS,item,9 Inch - Medium Pizza,3.0,75.0,225.0
2025-07-25,Swiggy,item,9 Inch - Medium Pizza,2.0,75.0,150.0
2025-07-25,POS,item,7 Inch - Regular Pizza,3.0,40.0,120.0
2025-07-25,POS,item,Garlic Bread With Cheese,1.0,40.0,40.0
2025-07-25,POS,item,Super Saver Meal Regular,2.0,40.0,80.0
2025-07-25,POS,addon,7 Inch - Regular Pizza -Extra Cheese,2.0,20.0,40.0
2025-07-25,POS,item,Combo Delight Non-veg,1.0,20.0,20.0
2025-07-25,POS,item,Brownie,1.0,0.0,0.0
2025-07-25,POS,item,Chicken Nuggets Burger,1.0,0.0,0.0
2025-07-25,POS,item,French Fries,2.0,0.0,0.0
2025-07-25,Swiggy,item,French Fries,1.0,0.0,0.0
2025-07-25,POS,item,Hot Garlic Dip,1.0,0.0,0.0
2025-07-25,POS,item,Loaded Fries,1.0,0.0,0.0
2025-07-25,POS,item,Mint Lime Juice,1.0,0.0,0.0
2025-07-25,POS,item,Pepsi@40rs,2.0,0.0,0.0
2025-07-25,POS,item,Pepsi@50rs,2.0,0.0,0.0
2025-07-25,POS,item,Peri Peri Dip,1.0,0.0,0.0
2025-07-25,POS,item,Pineapple Juice,1.0,0.0,0.0
2025-07-25,POS,item,Regular Chicken Burger,3.0,0.0,0.0
2025-07-25,Swiggy,item,Roasted Chicken Salad,1.0,0.0,0.0
2025-07-25,POS,item,Tender Coconut,1.0,0.0,0.0
2025-07-25,POS,item,Veg Pasta,1.0,0.0,0.0
2025-07-25,POS,item,Watermelon Juice,1.0,0.0,0.0
2025-07-24,POS,item,2 Medium Veg@699,1.0,150.0,150.0
2025-07-24,POS,item,12 Inch - Large Pizza,2.0,120.0,240.0
2025-07-24,POS,item,2 Regular Non-veg@409,2.0,80.0,160.0
2025-07-24,POS,item,2 Regular Veg@349,1.0,80.0,80.0
2025-07-24,POS,item,9 Inch - Medium Pizza,9.0,75.0,675.0
2025-07-24,Swiggy,item,9 Inch - Medium Pizza,1.0,75.0,75.0
2025-07-24,POS,item,7 Inch - Regular Pizza,9.0,40.0,360.0
2025-07-24,POS,item,Garlic Bread Supreme [veg],1.0,40.0,40.0
2025-07-24,POS,item,Garlic Bread With Cheese,1.0,40.0,40.0
2025-07-24,POS,item,Super Saver Meal Regular,2.0,40.0,80.0
2025-07-24,POS,item,7up@40rs,1.0,0.0,0.0
2025-07-24,POS,item,Brownie,1.0,0.0,0.0
2025-07-24,POS,item,Brownie With Ice Cream,1.0,0.0,0.0
2025-07-24,POS,item,Burger Combo @ 179,3.0,0.0,0.0
2025-07-24,POS,item,Cheesy Fries,1.0,0.0,0.0
2025-07-24,POS,item,Chicken Popcorn,1.0,0.0,0.0
2025-07-24,POS,item,Chocolate Shake,1.0,0.0,0.0
2025-07-24,POS,item,French Fries,8.0,0.0,0.0
2025-07-24,Swiggy,item,French Fries,1.0,0.0,0.0
2025-07-24,POS,item,Fresh Lime Juice,4.0,0.0,0.0
2025-07-24,POS,item,Garlic Bread,1.0,0.0,0.0
2025-07-24,Swiggy,item,Garlic Bread,1.0,0.0,0.0
2025-07-24,POS,item,Loaded Fries,1.0,0.0,0.0
2025-07-24,POS,item,Mango,1.0,0.0,0.0
2025-07-24,POS,item,Mineral Water,2.0,0.0,0.0
2025-07-24,POS,item,Mint Lime Juice,1.0,0.0,0.0
2025-07-24,POS,item,Regular Chicken Burger,4.0,0.0,0.0
2025-07-24,POS,item,Tender Coconut,1.0,0.0,0.0
2025-07-24,POS,item,Veg Burger,1.0,0.0,0.0
2025-07-24,POS,item,Veg Pasta,2.0,0.0,0.0
2025-07-23,POS,item,2 Medium Non-veg@759,1.0,150.0,150.0
2025-07-23,POS,item,12 Inch - Large Pizza,3.0,120.0,360.0
2025-07-23,POS,item,9 Inch - Medium Pizza,3.0,75.0,225.0
2025-07-23,POS,item,7 Inch - Regular Pizza,11.0,40.0,440.0
2025-07-23,Swiggy,item,7 Inch - Regular Pizza,2.0,40.0,80.0
2025-07-23,POS,item,Garlic Bread Supreme[non-veg],3.0,40.0,120.0
2025-07-23,POS,item,Garlic Bread With Cheese,1.0,40.0,40.0
2025-07-23,POS,item,Super Saver Meal Regular,2.0,40.0,80.0
2025-07-23,Swiggy,addon,7 Inch - Regular Pizza -Extra Cheese,1.0,20.0,20.0
2025-07-23,POS,item,Combo Delight Non-veg,2.0,20.0,40.0
2025-07-23,POS,item,Burger Combo @ 179,1.0,0.0,0.0
2025-07-23,POS,item,Cheesy Fries,1.0,0.0,0.0
2025-07-23,Swiggy,item,Chicken Loaded Fries,1.0,0.0,0.0
2025-07-23,POS,item,Chicken Nuggets Burger,1.0,0.0,0.0
2025-07-23,POS,item,Chicken Pasta,1.0,0.0,0.0
2025-07-23,POS,item,Chicken Popcorn,1.0,0.0,0.0
2025-07-23,POS,item,Chikku Shake,1.0,0.0,0.0
2025-07-23,POS,item,Coleslaw Salad,1.0,0.0,0.0
2025-07-23,POS,item,French Fries,2.0,0.0,0.0
2025-07-23,POS,item,Fresh Lime Juice,1.0,0.0,0.0
2025-07-23,POS,item,Green Apple,1.0,0.0,0.0
2025-07-23,POS,item,Mint Lime Juice,2.0,0.0,0.0
2025-07-23,POS,item,Pepsi 330ml Can,1.0,0.0,0.0
2025-07-23,POS,item,Pineapple Juice,1.0,0.0,0.0
2025-07-23,POS,item,Veg Burger,1.0,0.0,0.0
2025-07-23,POS,item,Veg Pasta,1.0,0.0,0.0
2025-07-23,POS,item,Watermelon Juice,1.0,0.0,0.0
2025-07-22,POS,item,2 Medium Non-veg@759,1.0,150.0,150.0
2025-07-22,Swiggy,item,2 Medium Pizzas,2.0,150.0,300.0
2025-07-22,POS,item,12 Inch - Large Pizza,2.0,120.0,240.0
2025-07-22,POS,item,2 Regular Non-veg@409,1.0,80.0,80.0
2025-07-22,POS,item,2 Regular Veg@349,1.0,80.0,80.0
2025-07-22,POS,item,9 Inch - Medium Pizza,3.0,75.0,225.0
2025-07-22,POS,item,7 Inch - Regular Pizza,9.0,40.0,360.0
2025-07-22,Swiggy,item,7 Inch - Regular Pizza,2.0,40.0,80.0
2025-07-22,Swiggy,item,Garlic Bread With Cheese,1.0,40.0,40.0
2025-07-22,Swiggy,item,Blue Mojito,1.0,0.0,0.0
2025-07-22,Swiggy,item,Brownie,4.0,0.0,0.0
2025-07-22,POS,item,Cheesy Fries,1.0,0.0,0.0
2025-07-22,Swiggy,item,Chicken Loaded Fries,1.0,0.0,0.0
2025-07-22,POS,item,Chicken Nuggets,2.0,0.0,0.0
2025-07-22,POS,item,Chicken Pasta,1.0,0.0,0.0
2025-07-22,POS,item,Chikku Shake,1.0,0.0,0.0
2025-07-22,POS,item,Chocolate Shake,1.0,0.0,0.0
2025-07-22,POS,item,French Fries,4.0,0.0,0.0
2025-07-22,Swiggy,item,French Fries,4.0,0.0,0.0
2025-07-22,Swiggy,item,Fresh Garden Mint,1.0,0.0,0.0
2025-07-22,POS,item,Macaroni N Chicken Salad,1.0,0.0,0.0
2025-07-22,POS,item,Mdew@40rs,1.0,0.0,0.0
2025-07-22,POS,item,Mineral Water,1.0,0.0,0.0
2025-07-22,Swiggy,item,Nutty Vanilla,1.0,0.0,0.0
2025-07-22,Swiggy,item,Passion Mint,1.0,0.0,0.0
2025-07-22,POS,item,Pepsi 250ml Pet,1.0,0.0,0.0
2025-07-22,POS,item,Peri Peri Dip,1.0,0.0,0.0
2025-07-22,POS,item,Regular Chicken Burger,7.0,0.0,0.0
2025-07-22,Swiggy,item,Roasted Chicken Salad,1.0,0.0,0.0
2025-07-22,POS,item,Veg Burger,1.0,0.0,0.0
2025-07-22,POS,item,Veg Pasta,1.0,0.0,0.0
2025-07-21,POS,item,2 Large Non-veg@1149,1.0,240.0,240.0
2025-07-21,POS,item,12 Inch - Large Pizza,3.0,120.0,360.0
2025-07-21,POS,item,2 Regular Non-veg@409,1.0,80.0,80.0
2025-07-21,POS,item,2 Regular Veg@349,1.0,80.0,80.0
2025-07-21,Swiggy,item,9 Inch - Medium Pizza,3.0,75.0,225.0
2025-07-21,POS,item,9 Inch - Medium Pizza,1.0,75.0,75.0
2025-07-21,POS,item,Delicious Combo Delight Medium,1.0,75.0,75.0
2025-07-21,POS,item,Super Saver Meal Medium,1.0,75.0,75.0
2025-07-21,POS,addon,12 Inch - Large Pizza -Extra Cheese,1.0,60.0,60.0
2025-07-21,POS,item,7 Inch - Regular Pizza,8.0,40.0,320.0
2025-07-21,Swiggy,item,7 Inch - Regular Pizza,1.0,40.0,40.0
2025-07-21,POS,item,Garlic Bread Supreme [veg],1.0,40.0,40.0
2025-07-21,POS,item,Garlic Bread Supreme[non-veg],1.0,40.0,40.0
2025-07-21,POS,item,Super Saver Meal Regular,1.0,40.0,40.0
2025-07-21,POS,item,7up@40rs,2.0,0.0,0.0
2025-07-21,Swiggy,item,Blue Mojito,1.0,0.0,0.0
2025-07-21,Swiggy,item,Brownie With Ice Cream,2.0,0.0,0.0
2025-07-21,POS,item,Chicken Nuggets,2.0,0.0,0.0
2025-07-21,POS,item,Chicken Pasta,3.0,0.0,0.0
2025-07-21,Swiggy,item,Chicken Pasta,1.0,0.0,0.0
2025-07-21,POS,item,Cucumber,1.0,0.0,0.0
2025-07-21,POS,item,French Fries,3.0,0.0,0.0
2025-07-21,POS,item,Fresh Garden Mint,1.0,0.0,0.0
2025-07-21,Swiggy,item,Fresh Garden Mint,1.0,0.0,0.0
2025-07-21,POS,item,Grapes Juice,1.0,0.0,0.0
2025-07-21,POS,item,Green Apple,2.0,0.0,0.0
2025-07-21,POS,item,Macaroni N Chicken Salad,1.0,0.0,0.0
2025-07-21,POS,item,Mineral Water,1.0,0.0,0.0
2025-07-21,POS,item,Mint Lime Juice,2.0,0.0,0.0
2025-07-21,POS,item,Passion Fruit,1.0,0.0,0.0
2025-07-21,POS,item,Pepsi 250ml Pet,2.0,0.0,0.0
2025-07-21,POS,item,Pineapple Juice,6.0,0.0,0.0
2025-07-21,Swiggy,item,Roasted Chicken Salad,1.0,0.0,0.0
2025-07-20,POS,item,2 Large Non-veg@1149,1.0,240.0,240.0
2025-07-20,POS,item,2 Medium Non-veg@759,2.0,150.0,300.0
2025-07-20,POS,item,12 Inch - Large Pizza,6.0,120.0,720.0
2025-07-20,Swiggy,item,12 Inch - Large Pizza,1.0,120.0,120.0
2025-07-20,POS,item,2 Regular Non-veg@409,3.0,80.0,240.0
2025-07-20,POS,item,9 Inch - Medium Pizza,9.0,75.0,675.0
2025-07-20,Swiggy,item,9 Inch - Medium Pizza,1.0,75.0,75.0
2025-07-20,POS,item,Super Saver Meal Medium,2.0,75.0,150.0
2025-07-20,Swiggy,addon,12 Inch - Large Pizza -Extra Cheese,1.0,60.0,60.0
2025-07-20,POS,item,7 Inch - Regular Pizza,20.0,40.0,800.0
2025-07-20,Swiggy,item,7 Inch - Regular Pizza,9.0,40.0,360.0
2025-07-20,POS,item,Delicious Combo Delight Regular,1.0,40.0,40.0
2025-07-20,POS,item,Non Veg Meal For 1,1.0,40.0,40.0
2025-07-20,POS,item,Super Saver Meal Regular,2.0,40.0,80.0
2025-07-20,POS,item,Combo Delight Non-veg,1.0,20.0,20.0
2025-07-20,Swiggy,item,2 Medium Budget Pizzas,1.0,0.0,0.0
2025-07-20,POS,item,7up 250ml Pet,2.0,0.0,0.0
2025-07-20,POS,item,Blue Mojito,1.0,0.0,0.0
2025-07-20,POS,item,Brownie With Ice Cream,1.0,0.0,0.0
2025-07-20,POS,item,Burger Combo @ 169,1.0,0.0,0.0
2025-07-20,POS,item,Burger Combo @ 199,5.0,0.0,0.0
2025-07-20,Swiggy,item,Cheesy Dip,1.0,0.0,0.0
2025-07-20,POS,item,Cheesy Fries,2.0,0.0,0.0
2025-07-20,Swiggy,item,Cheesy Fries,1.0,0.0,0.0
2025-07-20,POS,item,Chikku Shake,1.0,0.0,0.0
2025-07-20,POS,item,Chocolate Shake,1.0,0.0,0.0
2025-07-20,POS,item,French Fries,6.0,0.0,0.0
2025-07-20,POS,item,Fresh Lime Juice,5.0,0.0,0.0
2025-07-20,Swiggy,item,Kadai Dip,1.0,0.0,0.0
2025-07-20,POS,item,Loaded Fries,3.0,0.0,0.0
2025-07-20,POS,item,Mango,1.0,0.0,0.0
2025-07-20,POS,item,Mint Lime Juice,1.0,0.0,0.0
2025-07-20,POS,item,Pepsi 250ml Pet,5.0,0.0,0.0
2025-07-20,POS,item,Pepsi 330ml Can,3.0,0.0,0.0
2025-07-20,POS,item,Pepsi@50rs,1.0,0.0,0.0
2025-07-20,POS,item,Pizza Upgrade,1.0,0.0,0.0
2025-07-20,POS,item,Potato Wedges,2.0,0.0,0.0
2025-07-20,POS,item,Regular Chicken Burger,4.0,0.0,0.0
2025-07-20,POS,item,Sizzling Brownie,1.0,0.0,0.0
2025-07-20,POS,item,Soft Drink,1.0,0.0,0.0
2025-07-20,POS,item,Tender Coconut,5.0,0.0,0.0
2025-07-20,POS,item,Veg Burger,2.0,0.0,0.0
2025-07-19,POS,item,2 Medium Non-veg@759,1.0,150.0,150.0
2025-07-19,Swiggy,item,2 Medium Pizzas,1.0,150.0,150.0
2025-07-19,POS,item,2 Medium Veg@699,1.0,150.0,150.0
2025-07-19,POS,item,12 Inch - Large Pizza,3.0,120.0,360.0
2025-07-19,POS,item,2 Regular Non-veg@409,1.0,80.0,80.0
2025-07-19,POS,item,9 Inch - Medium Pizza,6.0,75.0,450.0
2025-07-19,Swiggy,item,9 Inch - Medium Pizza,6.0,75.0,450.0
2025-07-19,POS,item,7 Inch - Regular Pizza,18.0,40.0,720.0
2025-07-19,Swiggy,item,7 Inch - Regular Pizza,2.0,40.0,80.0
2025-07-19,POS,item,Super Saver Meal Regular,2.0,40.0,80.0
2025-07-19,POS,addon,9 Inch - Medium Pizza -Extra Cheese,2.0,38.0,76.0
2025-07-19,POS,item,Combo Delight Non-veg,1.0,20.0,20.0
2025-07-19,Swiggy,item,2 Medium Budget Pizzas,1.0,0.0,0.0
2025-07-19,POS,item,7up 250ml Pet,2.0,0.0,0.0
2025-07-19,POS,item,7up @50rs,1.0,0.0,0.0
2025-07-19,POS,item,7up@40rs,1.0,0.0,0.0
2025-07-19,POS,item,Cheesy Dip,3.0,0.0,0.0
2025-07-19,POS,item,Cheesy Fries,5.0,0.0,0.0
2025-07-19,POS,item,Chicken Nuggets,1.0,0.0,0.0
2025-07-19,POS,item,Chicken Pasta,6.0,0.0,0.0
2025-07-19,POS,item,Chocolate Shake,2.0,0.0,0.0
2025-07-19,POS,item,French Fries,6.0,0.0,0.0
2025-07-19,Swiggy,item,French Fries,1.0,0.0,0.0
2025-07-19,POS,item,Garlic Bread,1.0,0.0,0.0
2025-07-19,POS,item,Green Apple,2.0,0.0,0.0
2025-07-19,POS,item,Loaded Fries,2.0,0.0,0.0
2025-07-19,POS,item,Mdew@40rs,1.0,0.0,0.0
2025-07-19,POS,item,Pepsi 250ml Pet,5.0,0.0,0.0
2025-07-19,POS,item,Pineapple Juice,3.0,0.0,0.0
2025-07-19,POS,item,Potato Salad,1.0,0.0,0.0
2025-07-19,POS,item,Regular Chicken Burger,11.0,0.0,0.0
2025-07-19,POS,item,Soft Drink,1.0,0.0,0.0
2025-07-19,POS,item,Veg Burger,4.0,0.0,0.0
2025-07-19,POS,item,Veg Pasta,5.0,0.0,0.0
2025-07-18,POS,item,2 Medium Non-veg@759,1.0,150.0,150.0
2025-07-18,POS,item,2 Medium Veg@699,1.0,150.0,150.0
2025-07-18,POS,item,12 Inch - Large Pizza,1.0,120.0,120.0
2025-07-18,Swiggy,item,12 Inch - Large Pizza,1.0,120.0,120.0
2025-07-18,POS,item,2 Regular Non-veg@409,2.0,80.0,160.0
2025-07-18,POS,item,9 Inch - Medium Pizza,12.0,75.0,900.0
2025-07-18,Swiggy,item,9 Inch - Medium Pizza,2.0,75.0,150.0
2025-07-18,POS,item,7 Inch - Regular Pizza,8.0,40.0,320.0
2025-07-18,Swiggy,item,7 Inch - Regular Pizza,3.0,40.0,120.0
2025-07-18,POS,item,Garlic Bread With Cheese,2.0,40.0,80.0
2025-07-18,POS,item,Combo Delight Non-veg,1.0,20.0,20.0
2025-07-18,POS,item,7up@40rs,2.0,0.0,0.0
2025-07-18,POS,item,Black And White,1.0,0.0,0.0
2025-07-18,Swiggy,item,Blue Curacao,1.0,0.0,0.0
2025-07-18,POS,item,Blue Mojito,1.0,0.0,0.0
2025-07-18,POS,item,Burger Combo @ 169,1.0,0.0,0.0
2025-07-18,Swiggy,item,Butterscotch Sundae,1.0,0.0,0.0
2025-07-18,POS,item,Chicken Nuggets,1.0,0.0,0.0
2025-07-18,Swiggy,item,Chicken Nuggets,1.0,0.0,0.0
2025-07-18,POS,item,Chicken Pasta,2.0,0.0,0.0
2025-07-18,Swiggy,item,Chicken Pasta,1.0,0.0,0.0
2025-07-18,POS,item,French Fries,5.0,0.0,0.0
2025-07-18,Swiggy,item,French Fries,1.0,0.0,0.0
2025-07-18,POS,item,Fresh Garden Mint,2.0,0.0,0.0
2025-07-18,POS,item,Grapes Juice,1.0,0.0,0.0
2025-07-18,POS,item,Mineral Water,1.0,0.0,0.0
2025-07-18,POS,item,Mint Lime Juice,1.0,0.0,0.0
2025-07-18,Swiggy,item,Passion Mint,1.0,0.0,0.0
2025-07-18,POS,item,Pepsi 250ml Pet,2.0,0.0,0.0
2025-07-18,POS,item,Pepsi 330ml Can,1.0,0.0,0.0
2025-07-18,POS,item,Pepsi@40rs,1.0,0.0,0.0
2025-07-18,POS,item,Pineapple Juice,2.0,0.0,0.0
2025-07-18,Swiggy,item,Potato Wedges,1.0,0.0,0.0
2025-07-18,POS,item,Regular Chicken Burger,7.0,0.0,0.0
2025-07-18,Swiggy,item,Roasted Chicken Salad,1.0,0.0,0.0
2025-07-18,POS,item,Veg Burger,1.0,0.0,0.0
2025-07-17,POS,item,12 Inch - Large Pizza,1.0,120.0,120.0
2025-07-17,POS,item,2 Regular Non-veg@409,1.0,80.0,80.0
2025-07-17,POS,item,9 Inch - Medium Pizza,9.0,75.0,675.0
2025-07-17,POS,item,Delicious Combo Delight Medium,1.0,75.0,75.0
2025-07-17,POS,item,7 Inch - Regular Pizza,4.0,40.0,160.0
2025-07-17,Swiggy,item,7 Inch - Regular Pizza,2.0,40.0,80.0
2025-07-17,POS,item,Garlic Bread With Cheese,1.0,40.0,40.0
2025-07-17,Swiggy,item,Garlic Bread With Cheese,1.0,40.0,40.0
2025-07-17,POS,item,Super Saver Meal Regular,1.0,40.0,40.0
2025-07-17,POS,addon,9 Inch - Medium Pizza -Extra Cheese,1.0,38.0,38.0
2025-07-17,POS,item,7up 250ml Pet,1.0,0.0,0.0
2025-07-17,POS,item,Burger Combo @ 169,5.0,0.0,0.0
2025-07-17,POS,item,Burger Combo @ 199,1.0,0.0,0.0
2025-07-17,Swiggy,item,Cheesy Fries,2.0,0.0,0.0
2025-07-17,POS,item,Chicken Nuggets Burger,1.0,0.0,0.0
2025-07-17,POS,item,Chicken Pasta,1.0,0.0,0.0
2025-07-17,POS,item,Chocolate Shake,1.0,0.0,0.0
2025-07-17,POS,item,French Fries,5.0,0.0,0.0
2025-07-17,POS,item,Garlic Bread,1.0,0.0,0.0
2025-07-17,POS,item,Loaded Fries,2.0,0.0,0.0
2025-07-17,POS,item,Passion Fruit,1.0,0.0,0.0
2025-07-17,POS,item,Pepsi 250ml Pet,3.0,0.0,0.0
2025-07-17,POS,item,Potato Wedges,1.0,0.0,0.0
2025-07-17,POS,item,Regular Chicken Burger,1.0,0.0,0.0
2025-07-17,Swiggy,item,Roasted Chicken Salad,1.0,0.0,0.0
2025-07-17,POS,item,Tender Coconut,2.0,0.0,0.0
2025-07-17,POS,item,Thousand Dip,2.0,0.0,0.0
2025-07-16,POS,item,2 Medium Non-veg@759,1.0,150.0,150.0
2025-07-16,POS,item,12 Inch - Large Pizza,3.0,120.0,360.0
2025-07-16,Swiggy,item,12 Inch - Large Pizza,1.0,120.0,120.0
2025-07-16,POS,item,2 Regular Non-veg@409,2.0,80.0,160.0
2025-07-16,POS,item,9 Inch - Medium Pizza,9.0,75.0,675.0
2025-07-16,Swiggy,item,9 Inch - Medium Pizza,2.0,75.0,150.0
2025-07-16,POS,item,7 Inch - Regular Pizza,9.0,40.0,360.0
2025-07-16,Swiggy,item,7 Inch - Regular Pizza,3.0,40.0,120.0
2025-07-16,POS,item,Delicious Combo Delight Regular,1.0,40.0,40.0
2025-07-16,Swiggy,item,Garlic Bread Supreme[non-veg],1.0,40.0,40.0
2025-07-16,POS,item,Garlic Bread With Cheese,1.0,40.0,40.0
2025-07-16,Swiggy,item,Garlic Bread With Cheese,1.0,40.0,40.0
2025-07-16,POS,item,Super Saver Meal Regular,1.0,40.0,40.0
2025-07-16,POS,item,Combo Delight Non-veg,1.0,20.0,20.0
2025-07-16,POS,item,7up@40rs,1.0,0.0,0.0
2025-07-16,POS,item,Cheesy Fries,2.0,0.0,0.0
2025-07-16,POS,item,Chicken Nuggets,1.0,0.0,0.0
2025-07-16,POS,item,Chicken Pasta,3.0,0.0,0.0
2025-07-16,POS,item,Coleslaw Salad,1.0,0.0,0.0
2025-07-16,POS,item,French Fries,1.0,0.0,0.0
2025-07-16,Swiggy,item,Fresh Garden Mint,1.0,0.0,0.0
2025-07-16,POS,item,Fresh Lime Juice,1.0,0.0,0.0
2025-07-16,POS,item,Grapes Juice,2.0,0.0,0.0
2025-07-16,POS,item,Loaded Fries,7.0,0.0,0.0
2025-07-16,POS,item,Mdew@40rs,1.0,0.0,0.0
2025-07-16,POS,item,Mineral Water,3.0,0.0,0.0
2025-07-16,POS,item,Mint Lime Juice,1.0,0.0,0.0
2025-07-16,Swiggy,item,Passion Mint,1.0,0.0,0.0
2025-07-16,POS,item,Pepsi 330ml Can,1.0,0.0,0.0
2025-07-16,POS,item,Pizza Upgrade,1.0,0.0,0.0
2025-07-16,Swiggy,item,Potato Wedges,1.0,0.0,0.0
2025-07-16,POS,item,Regular Chicken Burger,11.0,0.0,0.0
2025-07-16,Swiggy,item,Roasted Chicken Salad,1.0,0.0,0.0
2025-07-16,POS,item,Veg Burger,2.0,0.0,0.0
2025-07-16,Swiggy,item,Veg Pasta,1.0,0.0,0.0
2025-07-15,POS,item,12 Inch - Large Pizza,2.0,120.0,240.0
2025-07-15,POS,item,2 Regular Non-veg@409,3.0,80.0,240.0
2025-07-15,POS,item,9 Inch - Medium Pizza,6.0,75.0,450.0
2025-07-15,POS,item,7 Inch - Regular Pizza,8.0,40.0,320.0
2025-07-15,Swiggy,item,7 Inch - Regular Pizza,2.0,40.0,80.0
2025-07-15,POS,item,Delicious Combo Delight Regular,1.0,40.0,40.0
2025-07-15,POS,item,Garlic Bread With Cheese,1.0,40.0,40.0
2025-07-15,POS,item,Super Saver Meal Regular,2.0,40.0,80.0
2025-07-15,POS,item,Combo Delight Non-veg,4.0,20.0,80.0
2025-07-15,POS,item,7up 250ml Pet,2.0,0.0,0.0
2025-07-15,POS,item,Burger Combo @ 169,2.0,0.0,0.0
2025-07-15,POS,item,Burger Combo @ 179,1.0,0.0,0.0
2025-07-15,POS,item,Chicken Nuggets,2.0,0.0,0.0
2025-07-15,POS,item,Chicken Pasta,2.0,0.0,0.0
2025-07-15,POS,item,Chicken Popcorn,1.0,0.0,0.0
2025-07-15,POS,item,French Fries,3.0,0.0,0.0
2025-07-15,POS,item,Fresh Lime Juice,7.0,0.0,0.0
2025-07-15,POS,item,Greek Chicken Salad[non-veg],1.0,0.0,0.0
2025-07-15,POS,item,Loaded Fries,2.0,0.0,0.0
2025-07-15,POS,item,Mdew@40rs,1.0,0.0,0.0
2025-07-15,POS,item,Mineral Water,1.0,0.0,0.0
2025-07-15,POS,item,Mint Lime Juice,1.0,0.0,0.0
2025-07-15,POS,item,Nutty Vanilla,2.0,0.0,0.0
2025-07-15,POS,item,Pepsi 250ml Pet,1.0,0.0,0.0
2025-07-15,POS,item,Pepsi@40rs,1.0,0.0,0.0
2025-07-15,POS,item,Pizza Upgrade,1.0,0.0,0.0
2025-07-15,POS,item,Regular Chicken Burger,4.0,0.0,0.0
2025-07-15,Swiggy,item,Roasted Chicken Salad,1.0,0.0,0.0
2025-07-15,POS,item,Strawberry,1.0,0.0,0.0
2025-07-14,POS,item,2 Medium Non-veg@759,1.0,150.0,150.0
2025-07-14,POS,item,12 Inch - Large Pizza,2.0,120.0,240.0
2025-07-14,POS,item,2 Regular Non-veg@409,3.0,80.0,240.0
2025-07-14,POS,item,2 Regular Veg@349,1.0,80.0,80.0
2025-07-14,POS,item,9 Inch - Medium Pizza,7.0,75.0,525.0
2025-07-14,Swiggy,item,9 Inch - Medium Pizza,1.0,75.0,75.0
2025-07-14,POS,item,7 Inch - Regular Pizza,5.0,40.0,200.0
2025-07-14,Swiggy,item,7 Inch - Regular Pizza,2.0,40.0,80.0
2025-07-14,POS,item,Garlic Bread Supreme [veg],1.0,40.0,40.0
2025-07-14,POS,item,Garlic Bread With Cheese,2.0,40.0,80.0
2025-07-14,POS,item,Super Saver Meal Regular,3.0,40.0,120.0
2025-07-14,POS,item,Combo Delight Non-veg,1.0,20.0,20.0
2025-07-14,POS,item,7up 250ml Pet,2.0,0.0,0.0
2025-07-14,POS,item,Burger Combo @ 169,1.0,0.0,0.0
2025-07-14,POS,item,Burger Combo @ 179,1.0,0.0,0.0
2025-07-14,Swiggy,item,Chicken Loaded Fries,1.0,0.0,0.0
2025-07-14,POS,item,Chicken Pasta,1.0,0.0,0.0
2025-07-14,POS,item,French Fries,1.0,0.0,0.0
2025-07-14,POS,item,Fresh Lime Juice,2.0,0.0,0.0
2025-07-14,POS,item,Loaded Fries,1.0,0.0,0.0
2025-07-14,POS,item,Mint Lime Juice,1.0,0.0,0.0
2025-07-14,POS,item,Passion Fruit,1.0,0.0,0.0
2025-07-14,POS,item,Pepsi 250ml Pet,1.0,0.0,0.0
2025-07-14,POS,item,Pepsi 330ml Can,1.0,0.0,0.0
2025-07-14,POS,item,Pineapple Juice,2.0,0.0,0.0
2025-07-14,POS,item,Pizza Upgrade,1.0,0.0,0.0
2025-07-14,POS,item,Soft Drink,1.0,0.0,0.0
2025-07-14,POS,item,Tender Coconut,1.0,0.0,0.0
2025-07-14,POS,item,Veg Burger,3.0,0.0,0.0
2025-07-14,POS,item,Veg Pasta,3.0,0.0,0.0
2025-07-13,POS,item,2 Medium Non-veg@759,1.0,150.0,150.0
2025-07-13,POS,item,12 Inch - Large Pizza,1.0,120.0,120.0
2025-07-13,POS,item,2 Regular Non-veg@409,4.0,80.0,320.0
2025-07-13,Swiggy,item,2 Regular Pizzas,1.0,80.0,80.0
2025-07-13,POS,item,9 Inch - Medium Pizza,2.0,75.0,150.0
2025-07-13,Swiggy,item,9 Inch - Medium Pizza,1.0,75.0,75.0
2025-07-13,POS,item,Super Saver Meal Medium,2.0,75.0,150.0
2025-07-13,POS,item,7 Inch - Regular Pizza,5.0,40.0,200.0
2025-07-13,Swiggy,item,7 Inch - Regular Pizza,5.0,40.0,200.0
2025-07-13,Swiggy,item,Bada Saver Meal Regular,1.0,40.0,40.0
2025-07-13,POS,item,Delicious Combo Delight Regular,1.0,40.0,40.0
2025-07-13,POS,item,Garlic Bread With Cheese,1.0,40.0,40.0
2025-07-13,POS,item,Veg Meal For 1,1.0,40.0,40.0
2025-07-13,POS,item,Combo Delight Non-veg,2.0,20.0,40.0
2025-07-13,POS,item,7up 250ml Pet,1.0,0.0,0.0
2025-07-13,POS,item,Blue Mojito,1.0,0.0,0.0
2025-07-13,Swiggy,item,Chicken Loaded Fries,1.0,0.0,0.0
2025-07-13,Swiggy,item,Chicken Pasta,1.0,0.0,0.0
2025-07-13,POS,item,Chikku Shake,3.0,0.0,0.0
2025-07-13,POS,item,Chocolate Shake,5.0,0.0,0.0
2025-07-13,POS,item,French Fries,2.0,0.0,0.0
2025-07-13,POS,item,Fresh Lime Juice,2.0,0.0,0.0
2025-07-13,POS,item,Loaded Fries,4.0,0.0,0.0
2025-07-13,POS,item,Mineral Water,1.0,0.0,0.0
2025-07-13,POS,item,Mint Lime Juice,1.0,0.0,0.0
2025-07-13,POS,item,Pepsi 250ml Pet,1.0,0.0,0.0
2025-07-13,POS,item,Pineapple Juice,2.0,0.0,0.0
2025-07-13,POS,item,Regular Chicken Burger,2.0,0.0,0.0
2025-07-13,Swiggy,item,Roasted Chicken Salad,1.0,0.0,0.0
2025-07-13,Swiggy,item,Schezwan,1.0,0.0,0.0
2025-07-13,POS,item,Veg Burger,1.0,0.0,0.0
2025-07-12,POS,item,2 Medium Non-veg@759,1.0,150.0,150.0
2025-07-12,POS,item,12 Inch - Large Pizza,3.0,120.0,360.0
2025-07-12,POS,item,2 Regular Non-veg@409,4.0,80.0,320.0
2025-07-12,POS,item,2 Regular Veg@349,1.0,80.0,80.0
2025-07-12,POS,item,9 Inch - Medium Pizza,6.0,75.0,450.0
2025-07-12,Swiggy,item,9 Inch - Medium Pizza,1.0,75.0,75.0
2025-07-12,POS,item,Super Saver Meal Medium,1.0,75.0,75.0
2025-07-12,POS,item,7 Inch - Regular Pizza,10.0,40.0,400.0
2025-07-12,Swiggy,item,7 Inch - Regular Pizza,6.0,40.0,240.0
2025-07-12,POS,item,Garlic Bread Supreme [veg],1.0,40.0,40.0
2025-07-12,POS,item,Garlic Bread With Cheese,1.0,40.0,40.0
2025-07-12,Swiggy,item,Garlic Bread With Cheese,1.0,40.0,40.0
2025-07-12,POS,item,Super Saver Meal Regular,4.0,40.0,160.0
2025-07-12,POS,item,Combo Delight Non-veg,1.0,20.0,20.0
2025-07-12,POS,item,7up 250ml Pet,1.0,0.0,0.0
2025-07-12,POS,item,7up @50rs,1.0,0.0,0.0
2025-07-12,POS,item,Blue Curacao,1.0,0.0,0.0
2025-07-12,POS,item,Burger Combo @ 169,3.0,0.0,0.0
2025-07-12,POS,item,Burger Combo @ 179,1.0,0.0,0.0
2025-07-12,POS,item,Chicken Nuggets,1.0,0.0,0.0
2025-07-12,POS,item,Chicken Pasta,2.0,0.0,0.0
2025-07-12,POS,item,Chikku Shake,3.0,0.0,0.0
2025-07-12,POS,item,Chocolate Shake,4.0,0.0,0.0
2025-07-12,POS,item,French Fries,4.0,0.0,0.0
2025-07-12,Swiggy,item,French Fries,1.0,0.0,0.0
2025-07-12,POS,item,Fresh Garden Mint,1.0,0.0,0.0
2025-07-12,POS,item,Fresh Lime Juice,2.0,0.0,0.0
2025-07-12,POS,item,Grapes Juice,1.0,0.0,0.0
2025-07-12,POS,item,Loaded Fries,3.0,0.0,0.0
2025-07-12,POS,item,Mineral Water,1.0,0.0,0.0
2025-07-12,POS,item,Mint Lime Juice,1.0,0.0,0.0
2025-07-12,POS,item,Pepsi@40rs,1.0,0.0,0.0
2025-07-12,POS,item,Pepsi@50rs,2.0,0.0,0.0
2025-07-12,POS,item,Regular Chicken Burger,9.0,0.0,0.0
2025-07-12,POS,item,Watermelon Juice,1.0,0.0,0.0
2025-07-11,POS,item,2 Large Non-veg@1149,1.0,240.0,240.0
2025-07-11,POS,item,2 Medium Non-veg@759,2.0,150.0,300.0
2025-07-11,POS,item,12 Inch - Large Pizza,9.0,120.0,1080.0
2025-07-11,Swiggy,item,12 Inch - Large Pizza,2.0,120.0,240.0
2025-07-11,POS,item,2 Regular Non-veg@409,3.0,80.0,240.0
2025-07-11,POS,item,2 Regular Veg@349,1.0,80.0,80.0
2025-07-11,POS,item,9 Inch - Medium Pizza,11.0,75.0,825.0
2025-07-11,Swiggy,item,9 Inch - Medium Pizza,1.0,75.0,75.0
2025-07-11,POS,item,7 Inch - Regular Pizza,11.0,40.0,440.0
2025-07-11,Swiggy,item,7 Inch - Regular Pizza,2.0,40.0,80.0
2025-07-11,POS,item,Garlic Bread With Cheese,10.0,40.0,400.0
2025-07-11,POS,addon,9 Inch - Medium Pizza -Extra Cheese,1.0,38.0,38.0
2025-07-11,POS,item,Combo Delight Non-veg,1.0,20.0,20.0
2025-07-11,POS,item,7up 250ml Pet,1.0,0.0,0.0
2025-07-11,POS,item,7up@40rs,1.0,0.0,0.0
2025-07-11,POS,item,Blue Curacao,1.0,0.0,0.0
2025-07-11,POS,item,Brownie With Ice Cream,1.0,0.0,0.0
2025-07-11,POS,item,Burger Combo @ 169,1.0,0.0,0.0
2025-07-11,POS,item,Cheesy Fries,1.0,0.0,0.0
2025-07-11,Swiggy,item,Chicken Loaded Fries,1.0,0.0,0.0
2025-07-11,POS,item,Chicken Pasta,1.0,0.0,0.0
2025-07-11,Swiggy,item,Chicken Pasta,1.0,0.0,0.0
2025-07-11,POS,item,Chocolate Shake,2.0,0.0,0.0
2025-07-11,POS,item,French Fries,8.0,0.0,0.0
2025-07-11,POS,item,Fresh Garden Mint,1.0,0.0,0.0
2025-07-11,POS,item,Fresh Lime Juice,1.0,0.0,0.0
2025-07-11,POS,item,Garlic Bread,1.0,0.0,0.0
2025-07-11,POS,item,Green Apple,1.0,0.0,0.0
2025-07-11,POS,item,Loaded Fries,1.0,0.0,0.0
2025-07-11,POS,item,Mdew@40rs,1.0,0.0,0.0
2025-07-11,POS,item,Mineral Water,2.0,0.0,0.0
2025-07-11,POS,item,Mint Lime Juice,1.0,0.0,0.0
2025-07-11,POS,item,Mixed Berry,1.0,0.0,0.0
2025-07-11,POS,item,Passion Fruit,1.0,0.0,0.0
2025-07-11,POS,item,Pepsi 250ml Pet,4.0,0.0,0.0
2025-07-11,POS,item,Pepsi@40rs,1.0,0.0,0.0
2025-07-11,POS,item,Pepsi@50rs,3.0,0.0,0.0
2025-07-11,POS,item,Potato Wedges,2.0,0.0,0.0
2025-07-11,POS,item,Regular Chicken Burger,1.0,0.0,0.0
2025-07-11,POS,item,Slice@40rs,1.0,0.0,0.0
2025-07-11,POS,item,Tender Coconut,3.0,0.0,0.0
2025-07-11,POS,item,Veg Pasta,1.0,0.0,0.0
2025-07-10,POS,item,2 Large Non-veg@1149,1.0,240.0,240.0
2025-07-10,POS,item,2 Medium Non-veg@759,2.0,150.0,300.0
2025-07-10,POS,item,12 Inch - Large Pizza,1.0,120.0,120.0
2025-07-10,POS,item,Non Veg Meal For 4,1.0,120.0,120.0
2025-07-10,POS,item,2 Regular Non-veg@409,1.0,80.0,80.0
2025-07-10,POS,item,9 Inch - Medium Pizza,6.0,75.0,450.0
2025-07-10,POS,item,Delicious Combo Delight Medium,1.0,75.0,75.0
2025-07-10,POS,item,7 Inch - Regular Pizza,11.0,40.0,440.0
2025-07-10,Swiggy,item,7 Inch - Regular Pizza,4.0,40.0,160.0
2025-07-10,POS,item,Garlic Bread Supreme[non-veg],1.0,40.0,40.0
2025-07-10,POS,item,Super Saver Meal Regular,2.0,40.0,80.0
2025-07-10,Swiggy,item,2 Regular Budget Pizzas,1.0,0.0,0.0
2025-07-10,POS,item,7up 250ml Pet,1.0,0.0,0.0
2025-07-10,POS,item,7up @50rs,1.0,0.0,0.0
2025-07-10,POS,item,Blue Curacao,1.0,0.0,0.0
2025-07-10,POS,item,Blue Mojito,1.0,0.0,0.0
2025-07-10,POS,item,Brownie,3.0,0.0,0.0
2025-07-10,Swiggy,item,Brownie With Ice Cream,1.0,0.0,0.0
2025-07-10,POS,item,Burger Combo @ 169,1.0,0.0,0.0
2025-07-10,POS,item,Burger Combo @ 179,4.0,0.0,0.0
2025-07-10,Swiggy,item,Chicken Loaded Fries,1.0,0.0,0.0
2025-07-10,POS,item,Chicken Nuggets,1.0,0.0,0.0
2025-07-10,Swiggy,item,Chicken Nuggets,1.0,0.0,0.0
2025-07-10,Swiggy,item,Chicken Pasta,3.0,0.0,0.0
2025-07-10,POS,item,Chikku Shake,1.0,0.0,0.0
2025-07-10,POS,item,French Fries,3.0,0.0,0.0
2025-07-10,Swiggy,item,French Fries,1.0,0.0,0.0
2025-07-10,POS,item,Fresh Garden Mint,1.0,0.0,0.0
2025-07-10,Swiggy,item,Fresh Garden Mint,1.0,0.0,0.0
2025-07-10,POS,item,Fresh Lime Juice,6.0,0.0,0.0
2025-07-10,POS,item,Loaded Fries,2.0,0.0,0.0
2025-07-10,POS,item,Mint Lime Juice,1.0,0.0,0.0
2025-07-10,POS,item,Passion Fruit,1.0,0.0,0.0
2025-07-10,POS,item,Pepsi 250ml Pet,2.0,0.0,0.0
2025-07-10,POS,item,Pepsi 330ml Can,1.0,0.0,0.0
2025-07-10,POS,item,Pepsi@40rs,2.0,0.0,0.0
2025-07-10,POS,item,Peri Peri Dip,1.0,0.0,0.0
2025-07-10,POS,item,Pizza Upgrade,1.0,0.0,0.0
2025-07-10,POS,item,Regular Chicken Burger,1.0,0.0,0.0
2025-07-10,Swiggy,item,Roasted Chicken Salad,1.0,0.0,0.0
2025-07-10,POS,item,Thousand Dip,1.0,0.0,0.0
2025-07-10,POS,item,Veg Burger,2.0,0.0,0.0
2025-07-10,POS,item,Veg Pasta,1.0,0.0,0.0
2025-07-10,Swiggy,item,Veg Pasta,1.0,0.0,0.0
2025-07-08,POS,item,2 Large Non-veg@1149,1.0,240.0,240.0
2025-07-08,POS,item,2 Medium Non-veg@759,1.0,150.0,150.0
2025-07-08,POS,item,2 Medium Veg@699,1.0,150.0,150.0
2025-07-08,POS,item,12 Inch - Large Pizza,6.0,120.0,720.0
2025-07-08,POS,item,2 Regular Non-veg@409,2.0,80.0,160.0
2025-07-08,POS,item,9 Inch - Medium Pizza,8.0,75.0,600.0
2025-07-08,POS,item,7 Inch - Regular Pizza,11.0,40.0,440.0
2025-07-08,Swiggy,item,7 Inch - Regular Pizza,3.0,40.0,120.0
2025-07-08,POS,item,Garlic Bread With Cheese,1.0,40.0,40.0
2025-07-08,POS,item,Super Saver Meal Regular,2.0,40.0,80.0
2025-07-08,POS,addon,9 Inch - Medium Pizza -Extra Cheese,1.0,38.0,38.0
2025-07-08,POS,addon,7 Inch - Regular Pizza -Extra Cheese,1.0,20.0,20.0
2025-07-08,POS,item,Combo Delight Non-veg,2.0,20.0,40.0
2025-07-08,POS,item,7up @50rs,1.0,0.0,0.0
2025-07-08,POS,item,Brownie With Ice Cream,5.0,0.0,0.0
2025-07-08,POS,item,Chicken Nuggets Burger,1.0,0.0,0.0
2025-07-08,POS,item,Chicken Pasta,2.0,0.0,0.0
2025-07-08,POS,item,Chikku Shake,1.0,0.0,0.0
2025-07-08,POS,item,Chocolate Shake,1.0,0.0,0.0
2025-07-08,POS,item,French Fries,2.0,0.0,0.0
2025-07-08,POS,item,Fresh Lime Juice,2.0,0.0,0.0
2025-07-08,POS,item,Greek Salad,1.0,0.0,0.0
2025-07-08,POS,item,Green Apple,1.0,0.0,0.0
2025-07-08,POS,item,Loaded Fries,2.0,0.0,0.0
2025-07-08,POS,item,Mineral Water,1.0,0.0,0.0
2025-07-08,POS,item,Mint Lime Juice,1.0,0.0,0.0
2025-07-08,POS,item,Passion Fruit,1.0,0.0,0.0
2025-07-08,POS,item,Pepsi 250ml Pet,2.0,0.0,0.0
2025-07-08,POS,item,Pepsi@40rs,1.0,0.0,0.0
2025-07-08,POS,item,Pepsi@50rs,5.0,0.0,0.0
2025-07-08,POS,item,Regular Chicken Burger,2.0,0.0,0.0
2025-07-08,POS,item,Roasted Chicken Salad,1.0,0.0,0.0
2025-07-08,POS,item,Soft Drink,1.0,0.0,0.0
2025-07-08,POS,item,Tender Coconut,2.0,0.0,0.0
2025-07-08,POS,item,Water Melon,1.0,0.0,0.0
2025-07-07,POS,item,12 Inch - Large Pizza,7.0,120.0,840.0
2025-07-07,POS,item,9 Inch - Medium Pizza,3.0,75.0,225.0
2025-07-07,POS,item,7 Inch - Regular Pizza,8.0,40.0,320.0
2025-07-07,POS,item,Garlic Bread Supreme[non-veg],1.0,40.0,40.0
2025-07-07,POS,item,Garlic Bread With Cheese,1.0,40.0,40.0
2025-07-07,POS,addon,7 Inch - Regular Pizza -Extra Cheese,1.0,20.0,20.0
2025-07-07,POS,item,Combo Delight Non-veg,1.0,20.0,20.0
2025-07-07,POS,item,7up 250ml Pet,1.0,0.0,0.0
2025-07-07,POS,item,7up @50rs,2.0,0.0,0.0
2025-07-07,POS,item,Burger Combo @ 179,1.0,0.0,0.0
2025-07-07,Swiggy,item,Cheesy Fries,1.0,0.0,0.0
2025-07-07,Swiggy,item,Chicken Loaded Fries,1.0,0.0,0.0
2025-07-07,POS,item,Chicken Pasta,1.0,0.0,0.0
2025-07-07,POS,item,French Fries,3.0,0.0,0.0
2025-07-07,POS,item,Garlic Bread,1.0,0.0,0.0
2025-07-07,POS,item,Mdew@40rs,1.0,0.0,0.0
2025-07-07,POS,item,Mineral Water,3.0,0.0,0.0
2025-07-07,POS,item,Pepsi 250ml Pet,1.0,0.0,0.0
2025-07-07,POS,item,Pizza Upgrade,1.0,0.0,0.0
2025-07-07,POS,item,Potato Wedges,1.0,0.0,0.0
2025-07-06,POS,item,12 Inch - Large Pizza,6.0,120.0,720.0
2025-07-06,POS,item,2 Regular Non-veg@409,4.0,80.0,320.0
2025-07-06,POS,item,9 Inch - Medium Pizza,7.0,75.0,525.0
2025-07-06,Swiggy,item,9 Inch - Medium Pizza,3.0,75.0,225.0
2025-07-06,POS,item,Super Saver Meal Medium,1.0,75.0,75.0
2025-07-06,POS,item,7 Inch - Regular Pizza,7.0,40.0,280.0
2025-07-06,Swiggy,item,7 Inch - Regular Pizza,2.0,40.0,80.0
2025-07-06,Swiggy,item,Bada Saver Meal Regular,1.0,40.0,40.0
2025-07-06,POS,item,Garlic Bread With Cheese,2.0,40.0,80.0
2025-07-06,POS,item,Non Veg Meal For 1,1.0,40.0,40.0
2025-07-06,POS,item,Super Saver Meal Regular,1.0,40.0,40.0
2025-07-06,POS,item,Combo Delight Non-veg,1.0,20.0,20.0
2025-07-06,POS,item,7up 250ml Pet,1.0,0.0,0.0
2025-07-06,POS,item,Brownie,5.0,0.0,0.0
2025-07-06,POS,item,Burger Combo @ 169,7.0,0.0,0.0
2025-07-06,POS,item,Burger Combo @ 179,1.0,0.0,0.0
2025-07-06,POS,item,Burger Combo @ 199,1.0,0.0,0.0
2025-07-06,POS,item,Cheesy Fries,1.0,0.0,0.0
2025-07-06,POS,item,Chicken Pasta,2.0,0.0,0.0
2025-07-06,POS,item,Chicken Popcorn,1.0,0.0,0.0
2025-07-06,POS,item,Chikku Shake,1.0,0.0,0.0
2025-07-06,POS,item,French Fries,2.0,0.0,0.0
2025-07-06,Swiggy,item,French Fries,1.0,0.0,0.0
2025-07-06,POS,item,Green Apple,1.0,0.0,0.0
2025-07-06,POS,item,Loaded Fries,2.0,0.0,0.0
2025-07-06,POS,item,Mdew@40rs,1.0,0.0,0.0
2025-07-06,POS,item,Mint Lime Juice,4.0,0.0,0.0
2025-07-06,POS,item,Mixed Chicken Salad,1.0,0.0,0.0
2025-07-06,POS,item,Pepsi 250ml Pet,1.0,0.0,0.0
2025-07-06,POS,item,Pepsi 330ml Can,1.0,0.0,0.0
2025-07-06,POS,item,Pepsi@40rs,2.0,0.0,0.0
2025-07-06,POS,item,Peri Peri Dip,1.0,0.0,0.0
2025-07-06,POS,item,Regular Chicken Burger,3.0,0.0,0.0
2025-07-06,POS,item,Veg Pasta,1.0,0.0,0.0
2025-07-06,POS,item,Water Melon,2.0,0.0,0.0
2025-07-05,POS,item,2 Medium Non-veg@759,2.0,150.0,300.0
2025-07-05,POS,item,12 Inch - Large Pizza,6.0,120.0,720.0
2025-07-05,POS,item,Veg Meal For 4,1.0,120.0,120.0
2025-07-05,POS,item,2 Regular Veg@349,1.0,80.0,80.0
2025-07-05,POS,item,9 Inch - Medium Pizza,7.0,75.0,525.0
2025-07-05,POS,item,Delicious Combo Delight Medium,1.0,75.0,75.0
2025-07-05,POS,item,7 Inch - Regular Pizza,12.0,40.0,480.0
2025-07-05,Swiggy,item,7 Inch - Regular Pizza,5.0,40.0,200.0
2025-07-05,POS,item,Garlic Bread Supreme [veg],1.0,40.0,40.0
2025-07-05,POS,item,Garlic Bread With Cheese,3.0,40.0,120.0
2025-07-05,POS,item,Super Saver Meal Regular,2.0,40.0,80.0
2025-07-05,POS,addon,9 Inch - Medium Pizza -Extra Cheese,1.0,38.0,38.0
2025-07-05,POS,item,Combo Delight Non-veg,1.0,20.0,20.0
2025-07-05,POS,item,7up 250ml Pet,2.0,0.0,0.0
2025-07-05,POS,item,7up @50rs,2.0,0.0,0.0
2025-07-05,POS,item,7up@40rs,2.0,0.0,0.0
2025-07-05,POS,item,Blue Mojito,1.0,0.0,0.0
2025-07-05,Swiggy,item,Blue Mojito,1.0,0.0,0.0
2025-07-05,POS,item,Brownie,1.0,0.0,0.0
2025-07-05,POS,item,Brownie With Ice Cream,2.0,0.0,0.0
2025-07-05,POS,item,Butterscotch Sundae,1.0,0.0,0.0
2025-07-05,POS,item,Chicken Nuggets,8.0,0.0,0.0
2025-07-05,POS,item,Chicken Pasta,5.0,0.0,0.0
2025-07-05,Swiggy,item,Chicken Pasta,1.0,0.0,0.0
2025-07-05,POS,item,Chicken Popcorn,1.0,0.0,0.0
2025-07-05,POS,item,Chikku Shake,1.0,0.0,0.0
2025-07-05,POS,item,Chocolate Shake,1.0,0.0,0.0
2025-07-05,POS,item,French Fries,6.0,0.0,0.0
2025-07-05,POS,item,Garlic Bread,2.0,0.0,0.0
2025-07-05,POS,item,Greek Salad,1.0,0.0,0.0
2025-07-05,POS,item,Green Apple,1.0,0.0,0.0
2025-07-05,POS,item,Loaded Fries,5.0,0.0,0.0
2025-07-05,POS,item,Macaroni N Chicken Salad,1.0,0.0,0.0
2025-07-05,POS,item,Mayo,1.0,0.0,0.0
2025-07-05,POS,item,Mineral Water,2.0,0.0,0.0
2025-07-05,POS,item,Mint Lime Juice,1.0,0.0,0.0
2025-07-05,POS,item,Passion Fruit,1.0,0.0,0.0
2025-07-05,POS,item,Pepsi@40rs,2.0,0.0,0.0
2025-07-05,POS,item,Pizza Upgrade,1.0,0.0,0.0
2025-07-05,POS,item,Regular Chicken Burger,3.0,0.0,0.0
2025-07-05,POS,item,Soft Drink,2.0,0.0,0.0
2025-07-05,POS,item,Veg Pasta,1.0,0.0,0.0
2025-07-05,POS,item,Water Melon,2.0,0.0,0.0
2025-07-04,POS,item,2 Large Non-veg@1149,1.0,240.0,240.0
2025-07-04,POS,item,2 Medium Non-veg@759,1.0,150.0,150.0
2025-07-04,POS,item,12 Inch - Large Pizza,2.0,120.0,240.0
2025-07-04,POS,item,2 Regular Non-veg@409,1.0,80.0,80.0
2025-07-04,POS,item,9 Inch - Medium Pizza,5.0,75.0,375.0
2025-07-04,Swiggy,item,9 Inch - Medium Pizza,1.0,75.0,75.0
2025-07-04,POS,item,Super Saver Meal Medium,1.0,75.0,75.0
2025-07-04,POS,item,7 Inch - Regular Pizza,6.0,40.0,240.0
2025-07-04,Swiggy,item,Garlic Bread Supreme[non-veg],1.0,40.0,40.0
2025-07-04,POS,item,Non Veg Meal For 1,2.0,40.0,80.0
2025-07-04,POS,item,Super Saver Meal Regular,2.0,40.0,80.0
2025-07-04,POS,item,Veg Meal For 1,2.0,40.0,80.0
2025-07-04,POS,item,Combo Delight Non-veg,1.0,20.0,20.0
2025-07-04,POS,addon,2 Regular Non-veg@409-Extra Cheese,2.0,0.0,0.0
2025-07-04,POS,item,7up 250ml Pet,1.0,0.0,0.0
2025-07-04,POS,item,7up @50rs,1.0,0.0,0.0
2025-07-04,POS,item,Blue Curacao,1.0,0.0,0.0
2025-07-04,POS,item,Blue Mojito,2.0,0.0,0.0
2025-07-04,Swiggy,item,Brownie With Ice Cream,3.0,0.0,0.0
2025-07-04,POS,item,Burger Combo @ 169,1.0,0.0,0.0
2025-07-04,POS,item,Cheesy Fries,1.0,0.0,0.0
2025-07-04,Swiggy,item,Chicken Loaded Fries,1.0,0.0,0.0
2025-07-04,POS,item,Chicken Pasta,3.0,0.0,0.0
2025-07-04,POS,item,Chocolate Shake,1.0,0.0,0.0
2025-07-04,POS,item,French Fries,4.0,0.0,0.0
2025-07-04,Swiggy,item,French Fries,1.0,0.0,0.0
2025-07-04,POS,item,Fresh Garden Mint,1.0,0.0,0.0
2025-07-04,POS,item,Green Apple,3.0,0.0,0.0
2025-07-04,POS,item,Loaded Fries,2.0,0.0,0.0
2025-07-04,POS,item,Mint Lime Juice,1.0,0.0,0.0
2025-07-04,POS,item,Pepsi 250ml Pet,2.0,0.0,0.0
2025-07-04,POS,item,Pizza Upgrade,1.0,0.0,0.0
2025-07-04,POS,item,Watermelon Juice,1.0,0.0,0.0
2025-07-03,POS,item,2 Large Non-veg@1149,1.0,240.0,240.0
2025-07-03,POS,item,2 Medium Non-veg@759,1.0,150.0,150.0
2025-07-03,POS,item,12 Inch - Large Pizza,1.0,120.0,120.0
2025-07-03,Swiggy,item,12 Inch - Large Pizza,1.0,120.0,120.0
2025-07-03,POS,item,2 Regular Non-veg@409,3.0,80.0,240.0
2025-07-03,POS,item,9 Inch - Medium Pizza,5.0,75.0,375.0
2025-07-03,POS,item,Super Saver Meal Medium,1.0,75.0,75.0
2025-07-03,Swiggy,addon,12 Inch - Large Pizza -Extra Cheese,1.0,60.0,60.0
2025-07-03,POS,item,7 Inch - Regular Pizza,8.0,40.0,320.0
2025-07-03,Swiggy,item,7 Inch - Regular Pizza,6.0,40.0,240.0
2025-07-03,POS,item,Garlic Bread Supreme [veg],1.0,40.0,40.0
2025-07-03,POS,item,Garlic Bread With Cheese,1.0,40.0,40.0
2025-07-03,POS,addon,9 Inch - Medium Pizza -Extra Cheese,1.0,38.0,38.0
2025-07-03,Swiggy,addon,7 Inch - Regular Pizza -Extra Cheese,1.0,20.0,20.0
2025-07-03,POS,item,Combo Delight Non-veg,2.0,20.0,40.0
2025-07-03,POS,item,7up@40rs,1.0,0.0,0.0
2025-07-03,Swiggy,item,Blue Mojito,1.0,0.0,0.0
2025-07-03,POS,item,Brownie,1.0,0.0,0.0
2025-07-03,Swiggy,item,Brownie With Ice Cream,1.0,0.0,0.0
2025-07-03,POS,item,Burger Combo @ 169,1.0,0.0,0.0
2025-07-03,POS,item,Burger Combo @ 179,2.0,0.0,0.0
2025-07-03,POS,item,Cheesy Fries,1.0,0.0,0.0
2025-07-03,POS,item,Chicken Nuggets Burger,2.0,0.0,0.0
2025-07-03,POS,item,French Fries,1.0,0.0,0.0
2025-07-03,Swiggy,item,French Fries,1.0,0.0,0.0
2025-07-03,POS,item,Loaded Fries,3.0,0.0,0.0
2025-07-03,POS,item,Mint Lime Juice,1.0,0.0,0.0
2025-07-03,POS,item,Passion Fruit,1.0,0.0,0.0
2025-07-03,POS,item,Pepsi 250ml Pet,2.0,0.0,0.0
2025-07-03,POS,item,Pepsi 330ml Can,1.0,0.0,0.0
2025-07-03,POS,item,Pepsi@40rs,2.0,0.0,0.0
2025-07-03,POS,item,Potato Wedges,1.0,0.0,0.0
2025-07-03,POS,item,Regular Chicken Burger,1.0,0.0,0.0
2025-07-03,POS,item,Soft Drink,1.0,0.0,0.0
2025-07-03,POS,item,Veg Burger,3.0,0.0,0.0
2025-07-03,POS,item,Veg Pasta,3.0,0.0,0.0
2025-07-03,POS,item,Watermelon Juice,1.0,0.0,0.0
2025-07-02,POS,item,Non Veg Meal For 6,1.0,195.0,195.0
2025-07-02,POS,item,2 Medium Veg@699,1.0,150.0,150.0
2025-07-02,POS,item,12 Inch - Large Pizza,2.0,120.0,240.0
2025-07-02,POS,item,2 Regular Non-veg@409,2.0,80.0,160.0
2025-07-02,POS,item,9 Inch - Medium Pizza,2.0,75.0,150.0
2025-07-02,Swiggy,item,9 Inch - Medium Pizza,1.0,75.0,75.0
2025-07-02,POS,item,Super Saver Meal Medium,4.0,75.0,300.0
2025-07-02,POS,item,7 Inch - Regular Pizza,7.0,40.0,280.0
2025-07-02,Swiggy,item,7 Inch - Regular Pizza,1.0,40.0,40.0
2025-07-02,POS,item,Garlic Bread Supreme[non-veg],1.0,40.0,40.0
2025-07-02,POS,item,Garlic Bread With Cheese,2.0,40.0,80.0
2025-07-02,POS,item,Super Saver Meal Regular,3.0,40.0,120.0
2025-07-02,POS,item,Burger Combo @ 169,1.0,0.0,0.0
2025-07-02,POS,item,Cheesy Fries,1.0,0.0,0.0
2025-07-02,Swiggy,item,Chicken Loaded Fries,1.0,0.0,0.0
2025-07-02,POS,item,Chicken Nuggets,1.0,0.0,0.0
2025-07-02,POS,item,Chicken Nuggets Burger,2.0,0.0,0.0
2025-07-02,POS,item,Chicken Pasta,1.0,0.0,0.0
2025-07-02,POS,item,French Fries,2.0,0.0,0.0
2025-07-02,POS,item,Fresh Lime Juice,3.0,0.0,0.0
2025-07-02,POS,item,Greek Chicken Salad[non-veg],1.0,0.0,0.0
2025-07-02,POS,item,Loaded Fries,3.0,0.0,0.0
2025-07-02,POS,item,Mineral Water,1.0,0.0,0.0
2025-07-02,POS,item,Mint Lime Juice,4.0,0.0,0.0
2025-07-02,POS,item,Mixed Chicken Salad,1.0,0.0,0.0
2025-07-02,POS,item,Nutty Vanilla,1.0,0.0,0.0
2025-07-02,POS,item,Pepsi 250ml Pet,3.0,0.0,0.0
2025-07-02,POS,item,Pizza Upgrade,1.0,0.0,0.0
2025-07-02,POS,item,Regular Chicken Burger,1.0,0.0,0.0
2025-07-02,POS,item,Roasted Chicken Salad,1.0,0.0,0.0
2025-07-02,POS,item,Soft Drink,1.0,0.0,0.0
2025-07-02,POS,item,Water Melon,1.0,0.0,0.0
2025-07-01,POS,item,2 Medium Veg@699,1.0,150.0,150.0
2025-07-01,POS,item,Non Veg Meal For 4,1.0,120.0,120.0
2025-07-01,POS,item,2 Regular Non-veg@409,1.0,80.0,80.0
2025-07-01,POS,item,9 Inch - Medium Pizza,3.0,75.0,225.0
2025-07-01,POS,item,Super Saver Meal Medium,3.0,75.0,225.0
2025-07-01,POS,item,7 Inch - Regular Pizza,11.0,40.0,440.0
2025-07-01,Swiggy,item,Bada Saver Meal Regular,1.0,40.0,40.0
2025-07-01,POS,item,Super Saver Meal Regular,1.0,40.0,40.0
2025-07-01,POS,addon,7 Inch - Regular Pizza -Extra Cheese,2.0,20.0,40.0
2025-07-01,POS,item,7up 250ml Pet,1.0,0.0,0.0
2025-07-01,Swiggy,item,Brownie,2.0,0.0,0.0
2025-07-01,POS,item,Burger Combo @ 169,1.0,0.0,0.0
2025-07-01,POS,item,Chicken Nuggets,2.0,0.0,0.0
2025-07-01,POS,item,Chicken Nuggets Burger,1.0,0.0,0.0
2025-07-01,POS,item,Chicken Pasta,2.0,0.0,0.0
2025-07-01,POS,item,French Fries,4.0,0.0,0.0
2025-07-01,POS,item,Green Apple,1.0,0.0,0.0
2025-07-01,POS,item,Loaded Fries,2.0,0.0,0.0
2025-07-01,POS,item,Mdew@40rs,1.0,0.0,0.0
2025-07-01,POS,item,Pepsi@50rs,1.0,0.0,0.0
2025-07-01,POS,item,Pineapple Juice,1.0,0.0,0.0
2025-07-01,POS,item,Pizza Upgrade,1.0,0.0,0.0
2025-07-01,POS,item,Regular Chicken Burger,2.0,0.0,0.0
2025-07-01,POS,item,Tender Coconut,1.0,0.0,0.0
2025-07-01,POS,item,Veg Pasta,1.0,0.0,0.0
2025-06-30,POS,item,12 Inch - Large Pizza,1.0,120.0,120.0
2025-06-30,POS,item,2 Regular Non-veg@409,1.0,80.0,80.0
2025-06-30,POS,item,9 Inch - Medium Pizza,1.0,75.0,75.0
2025-06-30,POS,item,Non Veg Meal For 2,1.0,75.0,75.0
2025-06-30,POS,item,Super Saver Meal Medium,1.0,75.0,75.0
2025-06-30,POS,item,7 Inch - Regular Pizza,6.0,40.0,240.0
2025-06-30,Swiggy,item,7 Inch - Regular Pizza,1.0,40.0,40.0
2025-06-30,POS,item,Super Saver Meal Regular,3.0,40.0,120.0
2025-06-30,POS,item,Combo Delight Non-veg,2.0,20.0,40.0
2025-06-30,POS,item,Blue Mojito,1.0,0.0,0.0
2025-06-30,POS,item,Butterscotch Sundae,1.0,0.0,0.0
2025-06-30,Swiggy,item,Chicken Loaded Fries,2.0,0.0,0.0
2025-06-30,POS,item,Chicken Nuggets,1.0,0.0,0.0
2025-06-30,POS,item,Chicken Pasta,3.0,0.0,0.0
2025-06-30,POS,item,Chicken Popcorn,1.0,0.0,0.0
2025-06-30,POS,item,French Fries,1.0,0.0,0.0
2025-06-30,POS,item,Fresh Lime Juice,3.0,0.0,0.0
2025-06-30,Swiggy,item,Passion Mint,1.0,0.0,0.0
2025-06-30,POS,item,Pepsi 250ml Pet,2.0,0.0,0.0
2025-06-30,POS,item,Pepsi@50rs,1.0,0.0,0.0
2025-06-30,POS,item,Pizza Upgrade,2.0,0.0,0.0
2025-06-30,POS,item,Regular Chicken Burger,4.0,0.0,0.0
2025-06-30,POS,item,Tender Coconut,2.0,0.0,0.0
2025-06-29,POS,item,2 Large Non-veg@1149,2.0,240.0,480.0
2025-06-29,POS,item,2 Medium Veg@699,1.0,150.0,150.0
2025-06-29,POS,item,12 Inch - Large Pizza,2.0,120.0,240.0
2025-06-29,POS,item,2 Regular Non-veg@409,2.0,80.0,160.0
2025-06-29,POS,item,9 Inch - Medium Pizza,8.0,75.0,600.0
2025-06-29,POS,item,Super Saver Meal Medium,2.0,75.0,150.0
2025-06-29,POS,item,7 Inch - Regular Pizza,7.0,40.0,280.0
2025-06-29,Swiggy,item,7 Inch - Regular Pizza,2.0,40.0,80.0
2025-06-29,POS,item,Garlic Bread With Cheese,2.0,40.0,80.0
2025-06-29,Swiggy,addon,7 Inch - Regular Pizza -Extra Cheese,1.0,20.0,20.0
2025-06-29,POS,item,Combo Delight Non-veg,2.0,20.0,40.0
2025-06-29,POS,item,7up @50rs,1.0,0.0,0.0
2025-06-29,POS,item,Blue Mojito,2.0,0.0,0.0
2025-06-29,POS,item,Burger Combo @ 179,2.0,0.0,0.0
2025-06-29,POS,item,Cheesy Dip,3.0,0.0,0.0
2025-06-29,POS,item,Cheesy Fries,1.0,0.0,0.0
2025-06-29,POS,item,Chicken Nuggets,1.0,0.0,0.0
2025-06-29,POS,item,Chikku Shake,2.0,0.0,0.0
2025-06-29,POS,item,Chocolate Shake,4.0,0.0,0.0
2025-06-29,POS,item,French Fries,10.0,0.0,0.0
2025-06-29,Swiggy,item,French Fries,1.0,0.0,0.0
2025-06-29,POS,item,Fresh Lime Juice,1.0,0.0,0.0
2025-06-29,POS,item,Grapes Juice,1.0,0.0,0.0
2025-06-29,POS,item,Greek Salad,1.0,0.0,0.0
2025-06-29,POS,item,Green Apple,3.0,0.0,0.0
2025-06-29,POS,item,Loaded Fries,2.0,0.0,0.0
2025-06-29,POS,item,Macaroni N Chicken Salad,1.0,0.0,0.0
2025-06-29,POS,item,Mdew@40rs,1.0,0.0,0.0
2025-06-29,POS,item,Mint Lime Juice,6.0,0.0,0.0
2025-06-29,POS,item,Pepsi 250ml Pet,6.0,0.0,0.0
2025-06-29,POS,item,Pepsi@40rs,1.0,0.0,0.0
2025-06-29,POS,item,Pepsi@50rs,1.0,0.0,0.0
2025-06-29,POS,item,Peri Peri Dip,1.0,0.0,0.0
2025-06-29,POS,item,Pineapple Juice,5.0,0.0,0.0
2025-06-29,POS,item,Regular Chicken Burger,11.0,0.0,0.0
2025-06-29,POS,item,Soda,2.0,0.0,0.0
2025-06-29,POS,item,Tender Coconut,1.0,0.0,0.0
2025-06-29,POS,item,Veg Burger,1.0,0.0,0.0
2025-06-29,POS,item,Watermelon Juice,1.0,0.0,0.0
2025-06-28,POS,item,2 Medium Non-veg@759,1.0,150.0,150.0
2025-06-28,POS,item,12 Inch - Large Pizza,4.0,120.0,480.0
2025-06-28,Swiggy,item,12 Inch - Large Pizza,1.0,120.0,120.0
2025-06-28,POS,item,Non Veg Meal For 4,1.0,120.0,120.0
2025-06-28,POS,item,2 Regular Non-veg@409,2.0,80.0,160.0
2025-06-28,POS,item,9 Inch - Medium Pizza,8.0,75.0,600.0
2025-06-28,Swiggy,item,9 Inch - Medium Pizza,2.0,75.0,150.0
2025-06-28,POS,item,Super Saver Meal Medium,1.0,75.0,75.0
2025-06-28,POS,item,7 Inch - Regular Pizza,18.0,40.0,720.0
2025-06-28,Swiggy,item,7 Inch - Regular Pizza,7.0,40.0,280.0
2025-06-28,POS,item,Super Saver Meal Regular,2.0,40.0,80.0
2025-06-28,Swiggy,item,2 Regular Budget Pizzas,1.0,0.0,0.0
2025-06-28,POS,item,7up 250ml Pet,1.0,0.0,0.0
2025-06-28,POS,item,7up @50rs,2.0,0.0,0.0
2025-06-28,POS,item,7up@40rs,1.0,0.0,0.0
2025-06-28,POS,item,Blue Mojito,2.0,0.0,0.0
2025-06-28,Swiggy,item,Blue Mojito,1.0,0.0,0.0
2025-06-28,POS,item,Burger Combo @ 169,1.0,0.0,0.0
2025-06-28,POS,item,Cheesy Fries,3.0,0.0,0.0
2025-06-28,Swiggy,item,Cheesy Fries,1.0,0.0,0.0
2025-06-28,Swiggy,item,Chicken Loaded Fries,1.0,0.0,0.0
2025-06-28,POS,item,Chicken Nuggets,2.0,0.0,0.0
2025-06-28,POS,item,Chicken Nuggets Burger,2.0,0.0,0.0
2025-06-28,Swiggy,item,Chicken Pasta,2.0,0.0,0.0
2025-06-28,POS,item,Chocolate Shake,1.0,0.0,0.0
2025-06-28,POS,item,French Fries,9.0,0.0,0.0
2025-06-28,POS,item,Fresh Lime Juice,1.0,0.0,0.0
2025-06-28,POS,item,Garlic Bread,1.0,0.0,0.0
2025-06-28,POS,item,Grapes Juice,1.0,0.0,0.0
2025-06-28,POS,item,Green Apple,1.0,0.0,0.0
2025-06-28,POS,item,Mdew@40rs,1.0,0.0,0.0
2025-06-28,POS,item,Mint Lime Juice,1.0,0.0,0.0
2025-06-28,POS,item,Pepsi 250ml Pet,3.0,0.0,0.0
2025-06-28,POS,item,Pepsi@40rs,2.0,0.0,0.0
2025-06-28,POS,item,Regular Chicken Burger,4.0,0.0,0.0
2025-06-28,POS,item,Tender Coconut,1.0,0.0,0.0
2025-06-28,POS,item,Veg Burger,8.0,0.0,0.0
2025-06-27,POS,item,2 Medium Non-veg@759,2.0,150.0,300.0
2025-06-27,POS,item,12 Inch - Large Pizza,1.0,120.0,120.0
2025-06-27,POS,item,9 Inch - Medium Pizza,1.0,75.0,75.0
2025-06-27,Swiggy,item,9 Inch - Medium Pizza,1.0,75.0,75.0
2025-06-27,POS,item,7 Inch - Regular Pizza,4.0,40.0,160.0
2025-06-27,Swiggy,item,7 Inch - Regular Pizza,4.0,40.0,160.0
2025-06-27,POS,item,Garlic Bread Supreme [veg],1.0,40.0,40.0
2025-06-27,POS,item,Super Saver Meal Regular,1.0,40.0,40.0
2025-06-27,POS,item,Combo Delight Non-veg,1.0,20.0,20.0
2025-06-27,Swiggy,item,Brownie With Ice Cream,1.0,0.0,0.0
2025-06-27,POS,item,Bubble Gum,1.0,0.0,0.0
2025-06-27,Swiggy,item,Chicken Loaded Fries,2.0,0.0,0.0
2025-06-27,POS,item,Chicken Pasta,4.0,0.0,0.0
2025-06-27,POS,item,Chocolate Shake,1.0,0.0,0.0
2025-06-27,POS,item,French Fries,3.0,0.0,0.0
2025-06-27,Swiggy,item,French Fries,2.0,0.0,0.0
2025-06-27,POS,item,Fresh Lime Juice,4.0,0.0,0.0
2025-06-27,Swiggy,item,Garlic Bread,1.0,0.0,0.0
2025-06-27,POS,item,Loaded Fries,1.0,0.0,0.0
2025-06-27,Swiggy,item,Makhani Dip,1.0,0.0,0.0
2025-06-27,POS,item,Pepsi 250ml Pet,2.0,0.0,0.0
2025-06-27,POS,item,Pepsi@40rs,1.0,0.0,0.0
2025-06-27,POS,item,Pineapple Juice,1.0,0.0,0.0
2025-06-27,POS,item,Regular Chicken Burger,3.0,0.0,0.0
2025-06-27,POS,item,Tender Coconut,1.0,0.0,0.0
2025-06-27,POS,item,Veg Burger,2.0,0.0,0.0
2025-06-26,POS,item,2 Medium Non-veg@759,2.0,150.0,300.0
2025-06-26,POS,item,12 Inch - Large Pizza,1.0,120.0,120.0
2025-06-26,POS,item,2 Regular Non-veg@409,3.0,80.0,240.0
2025-06-26,POS,item,9 Inch - Medium Pizza,5.0,75.0,375.0
2025-06-26,POS,addon,12 Inch - Large Pizza -Extra Cheese,1.0,60.0,60.0
2025-06-26,POS,item,7 Inch - Regular Pizza,12.0,40.0,480.0
2025-06-26,POS,item,Garlic Bread Supreme[non-veg],1.0,40.0,40.0
2025-06-26,POS,item,Garlic Bread With Cheese,1.0,40.0,40.0
2025-06-26,POS,item,Combo Delight Non-veg,2.0,20.0,40.0
2025-06-26,POS,item,7up 250ml Pet,2.0,0.0,0.0
2025-06-26,POS,item,Butterscotch Sundae,1.0,0.0,0.0
2025-06-26,POS,item,Cheesy Fries,2.0,0.0,0.0
2025-06-26,Swiggy,item,Chicken Loaded Fries,1.0,0.0,0.0
2025-06-26,POS,item,Chicken Pasta,2.0,0.0,0.0
2025-06-26,POS,item,Chocolate Shake,2.0,0.0,0.0
2025-06-26,POS,item,Coleslaw Salad,1.0,0.0,0.0
2025-06-26,POS,item,French Fries,3.0,0.0,0.0
2025-06-26,POS,item,Garlic Bread,1.0,0.0,0.0
2025-06-26,POS,item,Loaded Fries,2.0,0.0,0.0
2025-06-26,POS,item,Mint Lime Juice,4.0,0.0,0.0
2025-06-26,POS,item,Mixed Chicken Salad,1.0,0.0,0.0
2025-06-26,POS,item,Pepsi 250ml Pet,2.0,0.0,0.0
2025-06-26,POS,item,Pepsi@40rs,1.0,0.0,0.0
2025-06-26,POS,item,Pepsi@50rs,1.0,0.0,0.0
2025-06-26,POS,item,Pineapple Juice,1.0,0.0,0.0
2025-06-26,POS,item,Pizza Upgrade,1.0,0.0,0.0
2025-06-26,POS,item,Potato Wedges,1.0,0.0,0.0
2025-06-26,POS,item,Regular Chicken Burger,3.0,0.0,0.0
2025-06-26,POS,item,Roasted Chicken Salad,1.0,0.0,0.0
2025-06-25,POS,item,2 Large Non-veg@1149,1.0,240.0,240.0
2025-06-25,POS,item,12 Inch - Large Pizza,3.0,120.0,360.0
2025-06-25,POS,item,9 Inch - Medium Pizza,3.0,75.0,225.0
2025-06-25,Swiggy,item,9 Inch - Medium Pizza,1.0,75.0,75.0
2025-06-25,POS,item,7 Inch - Regular Pizza,5.0,40.0,200.0
2025-06-25,Swiggy,item,7 Inch - Regular Pizza,2.0,40.0,80.0
2025-06-25,POS,item,Super Saver Meal Regular,2.0,40.0,80.0
2025-06-25,POS,item,Cheesy Fries,2.0,0.0,0.0
2025-06-25,POS,item,Chicken Popcorn,1.0,0.0,0.0
2025-06-25,POS,item,Chocolate Shake,1.0,0.0,0.0
2025-06-25,POS,item,French Fries,1.0,0.0,0.0
2025-06-25,Swiggy,item,French Fries,1.0,0.0,0.0
2025-06-25,POS,item,Garlic Bread,2.0,0.0,0.0
2025-06-25,POS,item,Grapes Juice,1.0,0.0,0.0
2025-06-25,POS,item,Mineral Water,1.0,0.0,0.0
2025-06-25,POS,item,Pepsi@50rs,1.0,0.0,0.0
2025-06-24,POS,item,2 Medium Non-veg@759,1.0,150.0,150.0
2025-06-24,POS,item,2 Medium Veg@699,1.0,150.0,150.0
2025-06-24,POS,item,12 Inch - Large Pizza,4.0,120.0,480.0
2025-06-24,POS,item,2 Regular Veg@349,2.0,80.0,160.0
2025-06-24,POS,item,9 Inch - Medium Pizza,4.0,75.0,300.0
2025-06-24,Swiggy,item,9 Inch - Medium Pizza,2.0,75.0,150.0
2025-06-24,POS,item,7 Inch - Regular Pizza,7.0,40.0,280.0
2025-06-24,Swiggy,item,7 Inch - Regular Pizza,2.0,40.0,80.0
2025-06-24,POS,item,Garlic Bread Supreme [veg],1.0,40.0,40.0
2025-06-24,POS,item,Garlic Bread With Cheese,1.0,40.0,40.0
2025-06-24,POS,item,7up@40rs,1.0,0.0,0.0
2025-06-24,POS,item,Blue Mojito,2.0,0.0,0.0
2025-06-24,POS,item,Brownie With Ice Cream,2.0,0.0,0.0
2025-06-24,POS,item,Cheese N Macaroni Salad,1.0,0.0,0.0
2025-06-24,POS,item,Chikku Shake,2.0,0.0,0.0
2025-06-24,POS,item,Chocolate Shake,4.0,0.0,0.0
2025-06-24,POS,item,French Fries,4.0,0.0,0.0
2025-06-24,POS,item,Garlic Bread,5.0,0.0,0.0
2025-06-24,POS,item,Loaded Fries,1.0,0.0,0.0
2025-06-24,POS,item,Mango,1.0,0.0,0.0
2025-06-24,POS,item,Mixed Chicken Salad,1.0,0.0,0.0
2025-06-24,POS,item,Pepsi 250ml Pet,3.0,0.0,0.0
2025-06-24,POS,item,Pineapple Juice,1.0,0.0,0.0
2025-06-24,POS,item,Potato Wedges,2.0,0.0,0.0
2025-06-24,POS,item,Regular Chicken Burger,2.0,0.0,0.0
2025-06-23,POS,item,9 Inch - Medium Pizza,3.0,75.0,225.0
2025-06-23,POS,item,Super Saver Meal Medium,1.0,75.0,75.0
2025-06-23,POS,item,7 Inch - Regular Pizza,8.0,40.0,320.0
2025-06-23,Swiggy,item,7 Inch - Regular Pizza,2.0,40.0,80.0
2025-06-23,POS,item,Super Saver Meal Regular,2.0,40.0,80.0
2025-06-23,POS,addon,7 Inch - Regular Pizza -Extra Cheese,1.0,20.0,20.0
2025-06-23,POS,item,7up 250ml Pet,1.0,0.0,0.0
2025-06-23,POS,item,7up @50rs,1.0,0.0,0.0
2025-06-23,POS,item,7up@40rs,1.0,0.0,0.0
2025-06-23,Swiggy,item,Brownie,1.0,0.0,0.0
2025-06-23,POS,item,Burger Combo @ 169,1.0,0.0,0.0
2025-06-23,Swiggy,item,Cheesy Dip,1.0,0.0,0.0
2025-06-23,POS,item,French Fries,1.0,0.0,0.0
2025-06-23,POS,item,Fresh Lime Juice,1.0,0.0,0.0
2025-06-23,POS,item,Green Apple,1.0,0.0,0.0
2025-06-23,POS,item,Mdew 330ml Can,1.0,0.0,0.0
2025-06-23,POS,item,Mint Lime Juice,1.0,0.0,0.0
2025-06-23,POS,item,Passion Fruit,1.0,0.0,0.0
2025-06-23,POS,item,Pepsi 250ml Pet,2.0,0.0,0.0
2025-06-23,POS,item,Pepsi@50rs,1.0,0.0,0.0
2025-06-23,POS,item,Soda,2.0,0.0,0.0
2025-06-23,POS,item,Soft Drink,1.0,0.0,0.0
2025-06-23,POS,item,Veg Pasta,2.0,0.0,0.0
2025-06-22,POS,item,12 Inch - Large Pizza,4.0,120.0,480.0
2025-06-22,Swiggy,item,12 Inch - Large Pizza,2.0,120.0,240.0
2025-06-22,POS,item,2 Regular Non-veg@409,1.0,80.0,80.0
2025-06-22,POS,item,9 Inch - Medium Pizza,6.0,75.0,450.0
2025-06-22,Swiggy,item,9 Inch - Medium Pizza,1.0,75.0,75.0
2025-06-22,POS,item,Super Saver Meal Medium,1.0,75.0,75.0
2025-06-22,Swiggy,item,7 Inch - Regular Pizza,10.0,40.0,400.0
2025-06-22,POS,item,7 Inch - Regular Pizza,7.0,40.0,280.0
2025-06-22,Swiggy,item,Garlic Bread Supreme [Veg],1.0,40.0,40.0
2025-06-22,Swiggy,item,Garlic Bread With Cheese,1.0,40.0,40.0
2025-06-22,POS,item,Super Saver Meal Regular,3.0,40.0,120.0
2025-06-22,POS,item,Combo Delight Non-veg,1.0,20.0,20.0
2025-06-22,POS,item,7up 250ml Pet,1.0,0.0,0.0
2025-06-22,POS,item,Blue Curacao,1.0,0.0,0.0
2025-06-22,POS,item,Burger Combo @ 179,1.0,0.0,0.0
2025-06-22,POS,item,Cheesy Fries,1.0,0.0,0.0
2025-06-22,POS,item,Chicken Pasta,2.0,0.0,0.0
2025-06-22,POS,item,French Fries,2.0,0.0,0.0
2025-06-22,POS,item,Garlic Bread,3.0,0.0,0.0
2025-06-22,Swiggy,item,Garlic Bread,1.0,0.0,0.0
2025-06-22,POS,item,Loaded Fries,2.0,0.0,0.0
2025-06-22,POS,item,Mixed Berry,1.0,0.0,0.0
2025-06-22,POS,item,Passion Fruit,1.0,0.0,0.0
2025-06-22,POS,item,Pepsi 250ml Pet,1.0,0.0,0.0
2025-06-22,POS,item,Pizza Upgrade,1.0,0.0,0.0
2025-06-22,POS,item,Tender Coconut,2.0,0.0,0.0
2025-06-22,POS,item,Veg Pasta,1.0,0.0,0.0
2025-06-22,POS,item,Water Melon,1.0,0.0,0.0
2025-06-22,POS,item,Watermelon Juice,1.0,0.0,0.0
2025-06-21,POS,item,2 Large Non-veg@1149,1.0,240.0,240.0
2025-06-21,POS,item,2 Medium Non-veg@759,2.0,150.0,300.0
2025-06-21,POS,item,12 Inch - Large Pizza,2.0,120.0,240.0
2025-06-21,POS,item,2 Regular Non-veg@409,1.0,80.0,80.0
2025-06-21,POS,item,9 Inch - Medium Pizza,11.0,75.0,825.0
2025-06-21,POS,item,Delicious Combo Delight Medium,2.0,75.0,150.0
2025-06-21,POS,item,7 Inch - Regular Pizza,10.0,40.0,400.0
2025-06-21,Swiggy,item,7 Inch - Regular Pizza,1.0,40.0,40.0
2025-06-21,POS,item,Garlic Bread Supreme[non-veg],1.0,40.0,40.0
2025-06-21,POS,item,Super Saver Meal Regular,1.0,40.0,40.0
2025-06-21,POS,item,7up 250ml Pet,1.0,0.0,0.0
2025-06-21,POS,item,7up @50rs,2.0,0.0,0.0
2025-06-21,POS,item,Blue Mojito,1.0,0.0,0.0
2025-06-21,POS,item,Brownie With Ice Cream,1.0,0.0,0.0
2025-06-21,POS,item,Burger Combo @ 169,2.0,0.0,0.0
2025-06-21,POS,item,Burger Combo @ 179,1.0,0.0,0.0
2025-06-21,POS,item,Chicken Nuggets,1.0,0.0,0.0
2025-06-21,Swiggy,item,Chicken Nuggets,1.0,0.0,0.0
2025-06-21,POS,item,Chicken Pasta,1.0,0.0,0.0
2025-06-21,POS,item,Chocolate Shake,2.0,0.0,0.0
2025-06-21,POS,item,French Fries,6.0,0.0,0.0
2025-06-21,Swiggy,item,French Fries,1.0,0.0,0.0
2025-06-21,POS,item,Fresh Lime Juice,1.0,0.0,0.0
2025-06-21,POS,item,Garlic Bread,1.0,0.0,0.0
2025-06-21,POS,item,Grapes Juice,1.0,0.0,0.0
2025-06-21,POS,item,Green Apple,2.0,0.0,0.0
2025-06-21,POS,item,Loaded Fries,1.0,0.0,0.0
2025-06-21,POS,item,Macaroni N Chicken Salad,1.0,0.0,0.0
2025-06-21,POS,item,Mdew@40rs,1.0,0.0,0.0
2025-06-21,POS,item,Mineral Water,1.0,0.0,0.0
2025-06-21,POS,item,Passion Fruit,1.0,0.0,0.0
2025-06-21,POS,item,Pepsi@40rs,1.0,0.0,0.0
2025-06-21,POS,item,Pepsi@50rs,1.0,0.0,0.0
2025-06-21,POS,item,Pizza Upgrade,2.0,0.0,0.0
2025-06-21,POS,item,Regular Chicken Burger,6.0,0.0,0.0
2025-06-21,POS,item,Soft Drink,1.0,0.0,0.0
2025-06-21,POS,item,Tender Coconut,1.0,0.0,0.0
2025-06-21,POS,item,Veg Pasta,1.0,0.0,0.0
2025-06-20,POS,item,2 Large Non-veg@1149,1.0,240.0,240.0
2025-06-20,POS,item,2 Medium Non-veg@759,2.0,150.0,300.0
2025-06-20,POS,item,12 Inch - Large Pizza,1.0,120.0,120.0
2025-06-20,POS,item,9 Inch - Medium Pizza,3.0,75.0,225.0
2025-06-20,POS,item,Non Veg Meal For 2,1.0,75.0,75.0
2025-06-20,POS,item,Super Saver Meal Medium,1.0,75.0,75.0
2025-06-20,POS,item,7 Inch - Regular Pizza,10.0,40.0,400.0
2025-06-20,Swiggy,item,7 Inch - Regular Pizza,3.0,40.0,120.0
2025-06-20,POS,item,Super Saver Meal Regular,2.0,40.0,80.0
2025-06-20,POS,item,Combo Delight Non-veg,2.0,20.0,40.0
2025-06-20,POS,item,7up 250ml Pet,3.0,0.0,0.0
2025-06-20,Swiggy,item,Brownie With Ice Cream,1.0,0.0,0.0
2025-06-20,POS,item,Burger Combo @ 179,1.0,0.0,0.0
2025-06-20,POS,item,Cheesy Fries,1.0,0.0,0.0
2025-06-20,POS,item,Chicken Loaded Fries,1.0,0.0,0.0
2025-06-20,Swiggy,item,Chicken Loaded Fries,1.0,0.0,0.0
2025-06-20,Swiggy,item,Chicken Pasta,1.0,0.0,0.0
2025-06-20,POS,item,Chicken Popcorn,2.0,0.0,0.0
2025-06-20,POS,item,Chikku Shake,2.0,0.0,0.0
2025-06-20,POS,item,Chocolate Shake,1.0,0.0,0.0
2025-06-20,POS,item,French Fries,1.0,0.0,0.0
2025-06-20,POS,item,Garlic Bread,1.0,0.0,0.0
2025-06-20,POS,item,Green Apple,1.0,0.0,0.0
2025-06-20,Swiggy,item,Green Apple,1.0,0.0,0.0
2025-06-20,POS,item,Loaded Fries,1.0,0.0,0.0
2025-06-20,POS,item,Mdew@40rs,2.0,0.0,0.0
2025-06-20,Swiggy,item,Passion Mint,1.0,0.0,0.0
2025-06-20,POS,item,Pepsi@40rs,1.0,0.0,0.0
2025-06-20,POS,item,Pepsi@50rs,1.0,0.0,0.0
2025-06-20,POS,item,Watermelon Juice,1.0,0.0,0.0
2025-06-19,POS,item,2 Medium Non-veg@759,1.0,150.0,150.0
2025-06-19,POS,item,12 Inch - Large Pizza,2.0,120.0,240.0
2025-06-19,POS,item,9 Inch - Medium Pizza,1.0,75.0,75.0
2025-06-19,POS,item,Super Saver Meal Medium,2.0,75.0,150.0
2025-06-19,POS,item,7 Inch - Regular Pizza,3.0,40.0,120.0
2025-06-19,Swiggy,item,7 Inch - Regular Pizza,1.0,40.0,40.0
2025-06-19,POS,item,7up 250ml Pet,1.0,0.0,0.0
2025-06-19,POS,item,Black And White,1.0,0.0,0.0
2025-06-19,POS,item,Cheesy Fries,1.0,0.0,0.0
2025-06-19,Swiggy,item,Chicken Loaded Fries,1.0,0.0,0.0
2025-06-19,POS,item,Chicken Nuggets,1.0,0.0,0.0
2025-06-19,POS,item,Chicken Nuggets Burger,1.0,0.0,0.0
2025-06-19,POS,item,Chicken Pasta,1.0,0.0,0.0
2025-06-19,POS,item,French Fries,3.0,0.0,0.0
2025-06-19,POS,item,Green Apple,1.0,0.0,0.0
2025-06-19,Swiggy,item,Hot Garlic Dip,1.0,0.0,0.0
2025-06-19,POS,item,Pepsi 330ml Can,1.0,0.0,0.0
2025-06-19,POS,item,Pepsi@50rs,1.0,0.0,0.0
2025-06-19,POS,item,Sizzling Brownie,1.0,0.0,0.0
2025-06-19,POS,item,Soft Drink,1.0,0.0,0.0
2025-06-19,POS,item,Tender Coconut,1.0,0.0,0.0
2025-06-19,POS,item,Veg Pasta,2.0,0.0,0.0
2025-06-18,POS,item,12 Inch - Large Pizza,2.0,120.0,240.0
2025-06-18,POS,item,2 Regular Non-veg@409,3.0,80.0,240.0
2025-06-18,Swiggy,item,2 Regular Pizzas,1.0,80.0,80.0
2025-06-18,POS,item,2 Regular Veg@349,1.0,80.0,80.0
2025-06-18,POS,item,9 Inch - Medium Pizza,3.0,75.0,225.0
2025-06-18,POS,item,7 Inch - Regular Pizza,8.0,40.0,320.0
2025-06-18,Swiggy,item,7 Inch - Regular Pizza,4.0,40.0,160.0
2025-06-18,Swiggy,item,Bada Saver Meal Regular,1.0,40.0,40.0
2025-06-18,POS,item,Delicious Combo Delight Regular,2.0,40.0,80.0
2025-06-18,POS,item,Super Saver Meal Regular,2.0,40.0,80.0
2025-06-18,POS,addon,7 Inch - Regular Pizza -Extra Cheese,1.0,20.0,20.0
2025-06-18,POS,item,Combo Delight Non-veg,2.0,20.0,40.0
2025-06-18,POS,item,7up @50rs,1.0,0.0,0.0
2025-06-18,POS,item,7up@40rs,1.0,0.0,0.0
2025-06-18,POS,item,Blue Mojito,1.0,0.0,0.0
2025-06-18,Swiggy,item,Blue Mojito,1.0,0.0,0.0
2025-06-18,POS,item,Brownie,2.0,0.0,0.0
2025-06-18,Swiggy,item,Brownie,1.0,0.0,0.0
2025-06-18,POS,item,Burger Combo @ 169,1.0,0.0,0.0
2025-06-18,POS,item,Chikku Shake,1.0,0.0,0.0
2025-06-18,POS,item,Chilly Potato Shots,1.0,0.0,0.0
2025-06-18,POS,item,Chocolate Shake,1.0,0.0,0.0
2025-06-18,POS,addon,Delicious Combo Delight Regular-Extra Cheese,2.0,0.0,0.0
2025-06-18,POS,item,French Fries,4.0,0.0,0.0
2025-06-18,POS,item,Mdew@40rs,1.0,0.0,0.0
2025-06-18,POS,item,Mixed Chicken Salad,1.0,0.0,0.0
2025-06-18,POS,item,Passion Fruit,1.0,0.0,0.0
2025-06-18,POS,item,Pepsi 250ml Pet,1.0,0.0,0.0
2025-06-18,POS,item,Regular Chicken Burger,13.0,0.0,0.0
2025-06-18,POS,item,Soda,2.0,0.0,0.0
2025-06-18,POS,item,Veg Burger,1.0,0.0,0.0
2025-06-17,Swiggy,item,12 Inch - Large Pizza,1.0,120.0,120.0
2025-06-17,POS,item,2 Regular Non-veg@409,3.0,80.0,240.0
2025-06-17,POS,item,9 Inch - Medium Pizza,4.0,75.0,300.0
2025-06-17,POS,item,7 Inch - Regular Pizza,6.0,40.0,240.0
2025-06-17,Swiggy,item,7 Inch - Regular Pizza,2.0,40.0,80.0
2025-06-17,Swiggy,item,Bada Saver Meal Regular,1.0,40.0,40.0
2025-06-17,POS,item,Garlic Bread With Cheese,1.0,40.0,40.0
2025-06-17,POS,item,Super Saver Meal Regular,1.0,40.0,40.0
2025-06-17,POS,item,Combo Delight Non-veg,4.0,20.0,80.0
2025-06-17,Swiggy,item,2 Regular Budget Pizzas,1.0,0.0,0.0
2025-06-17,POS,item,Big Slice Of Pizza,1.0,0.0,0.0
2025-06-17,POS,item,Brownie With Ice Cream,1.0,0.0,0.0
2025-06-17,POS,item,Burger Combo @ 179,1.0,0.0,0.0
2025-06-17,POS,item,Chicken Nuggets,1.0,0.0,0.0
2025-06-17,POS,item,Chicken Pasta,5.0,0.0,0.0
2025-06-17,POS,item,Chikku Shake,1.0,0.0,0.0
2025-06-17,POS,item,Chocolate Shake,1.0,0.0,0.0
2025-06-17,Swiggy,item,French Fries,2.0,0.0,0.0
2025-06-17,POS,item,Macaroni N Chicken Salad,1.0,0.0,0.0
2025-06-17,POS,item,Pineapple Juice,1.0,0.0,0.0
2025-06-17,POS,item,Regular Chicken Burger,4.0,0.0,0.0
2025-06-17,POS,item,Slice@40rs,1.0,0.0,0.0
2025-06-17,POS,item,Tender Coconut,1.0,0.0,0.0
2025-06-16,POS,item,2 Medium Non-veg@759,2.0,150.0,300.0
2025-06-16,POS,item,12 Inch - Large Pizza,2.0,120.0,240.0
2025-06-16,POS,item,2 Regular Non-veg@409,1.0,80.0,80.0
2025-06-16,POS,item,9 Inch - Medium Pizza,9.0,75.0,675.0
2025-06-16,Swiggy,item,9 Inch - Medium Pizza,3.0,75.0,225.0
2025-06-16,POS,item,Super Saver Meal Medium,1.0,75.0,75.0
2025-06-16,POS,item,7 Inch - Regular Pizza,12.0,40.0,480.0
2025-06-16,Swiggy,item,7 Inch - Regular Pizza,4.0,40.0,160.0
2025-06-16,POS,item,Garlic Bread With Cheese,1.0,40.0,40.0
2025-06-16,POS,item,Super Saver Meal Regular,2.0,40.0,80.0
2025-06-16,POS,item,Combo Delight Veg,1.0,20.0,20.0
2025-06-16,Swiggy,item,2 Regular Budget Pizzas,1.0,0.0,0.0
2025-06-16,POS,item,Big Slice Of Pizza,1.0,0.0,0.0
2025-06-16,Swiggy,item,Black And White,1.0,0.0,0.0
2025-06-16,Swiggy,item,Blue Curacao,1.0,0.0,0.0
2025-06-16,POS,item,Brownie,1.0,0.0,0.0
2025-06-16,POS,item,Burger Combo @ 179,1.0,0.0,0.0
2025-06-16,Swiggy,item,Chicken Nuggets,4.0,0.0,0.0
2025-06-16,POS,item,Chicken Pasta,4.0,0.0,0.0
2025-06-16,Swiggy,item,Chicken Pasta,3.0,0.0,0.0
2025-06-16,POS,item,Chikku Shake,1.0,0.0,0.0
2025-06-16,POS,item,French Fries,2.0,0.0,0.0
2025-06-16,Swiggy,item,Garlic Bread,1.0,0.0,0.0
2025-06-16,POS,item,Mdew 330ml Can,1.0,0.0,0.0
2025-06-16,POS,item,Mint Lime Juice,1.0,0.0,0.0
2025-06-16,POS,item,Pepsi 250ml Can,1.0,0.0,0.0
2025-06-16,POS,item,Pepsi 250ml Pet,3.0,0.0,0.0
2025-06-16,POS,item,Pepsi 330ml Can,1.0,0.0,0.0
2025-06-16,POS,item,Pepsi@40rs,1.0,0.0,0.0
2025-06-16,POS,item,Pepsi@50rs,2.0,0.0,0.0
2025-06-16,POS,item,Pizza Upgrade,2.0,0.0,0.0
2025-06-16,POS,item,Regular Chicken Burger,4.0,0.0,0.0
2025-06-16,POS,item,Soft Drink,1.0,0.0,0.0
2025-06-16,POS,item,Tender Coconut,1.0,0.0,0.0
2025-06-16,POS,item,Veg Burger,2.0,0.0,0.0
2025-06-16,POS,item,Water Melon,1.0,0.0,0.0
2025-06-15,POS,item,2 Large Non-veg@1149,1.0,240.0,240.0
2025-06-15,POS,item,2 Medium Non-veg@759,1.0,150.0,150.0
2025-06-15,POS,item,2 Regular Non-veg@409,3.0,80.0,240.0
2025-06-15,POS,item,9 Inch - Medium Pizza,4.0,75.0,300.0
2025-06-15,Swiggy,item,9 Inch - Medium Pizza,2.0,75.0,150.0
2025-06-15,POS,item,Super Saver Meal Medium,1.0,75.0,75.0
2025-06-15,POS,item,7 Inch - Regular Pizza,9.0,40.0,360.0
2025-06-15,Swiggy,item,7 Inch - Regular Pizza,6.0,40.0,240.0
2025-06-15,POS,item,Garlic Bread With Cheese,1.0,40.0,40.0
2025-06-15,POS,addon,9 Inch - Medium Pizza -Extra Cheese,1.0,38.0,38.0
2025-06-15,Swiggy,addon,9 Inch - Medium Pizza -Extra Cheese,1.0,38.0,38.0
2025-06-15,POS,addon,7 Inch - Regular Pizza -Extra Cheese,1.0,20.0,20.0
2025-06-15,Swiggy,addon,7 Inch - Regular Pizza -Extra Cheese,1.0,20.0,20.0
2025-06-15,POS,item,Combo Delight Non-veg,1.0,20.0,20.0
2025-06-15,POS,item,7up @50rs,1.0,0.0,0.0
2025-06-15,POS,item,Blue Curacao,2.0,0.0,0.0
2025-06-15,POS,item,Blue Mojito,1.0,0.0,0.0
2025-06-15,POS,item,Brownie,3.0,0.0,0.0
2025-06-15,POS,item,Bubble Gum,1.0,0.0,0.0
2025-06-15,POS,item,Burger Combo @ 179,3.0,0.0,0.0
2025-06-15,POS,item,Chicken Popcorn,1.0,0.0,0.0
2025-06-15,POS,item,Chikku Shake,1.0,0.0,0.0
2025-06-15,POS,item,Chocolate Shake,2.0,0.0,0.0
2025-06-15,POS,item,French Fries,3.0,0.0,0.0
2025-06-15,Swiggy,item,French Fries,1.0,0.0,0.0
2025-06-15,POS,item,Fresh Lime Juice,2.0,0.0,0.0
2025-06-15,POS,item,Garlic Bread,2.0,0.0,0.0
2025-06-15,POS,item,Loaded Fries,1.0,0.0,0.0
2025-06-15,POS,item,Mixed Chicken Salad,1.0,0.0,0.0
2025-06-15,POS,item,Passion Fruit,1.0,0.0,0.0
2025-06-15,POS,item,Pepsi 250ml Pet,2.0,0.0,0.0
2025-06-15,POS,item,Pepsi@40rs,1.0,0.0,0.0
2025-06-15,POS,item,Pepsi@50rs,1.0,0.0,0.0
2025-06-15,POS,item,Pineapple Juice,1.0,0.0,0.0
2025-06-15,POS,item,Soft Drink,1.0,0.0,0.0
2025-06-15,POS,item,Veg Pasta,1.0,0.0,0.0
2025-06-15,POS,item,Watermelon Juice,1.0,0.0,0.0
2025-06-14,POS,item,2 Medium Non-veg@759,1.0,150.0,150.0
2025-06-14,POS,item,12 Inch - Large Pizza,2.0,120.0,240.0
2025-06-14,POS,item,Veg Meal For 4,1.0,120.0,120.0
2025-06-14,POS,item,2 Regular Non-veg@409,1.0,80.0,80.0
2025-06-14,POS,item,9 Inch - Medium Pizza,4.0,75.0,300.0
2025-06-14,Swiggy,item,9 Inch - Medium Pizza,1.0,75.0,75.0
2025-06-14,POS,item,7 Inch - Regular Pizza,9.0,40.0,360.0
2025-06-14,Swiggy,item,7 Inch - Regular Pizza,2.0,40.0,80.0
2025-06-14,POS,item,Super Saver Meal Regular,3.0,40.0,120.0
2025-06-14,POS,item,Blue Mojito,1.0,0.0,0.0
2025-06-14,POS,item,Burger Combo @ 169,3.0,0.0,0.0
2025-06-14,POS,item,Burger Combo @ 179,1.0,0.0,0.0
2025-06-14,POS,item,Chicken Pasta,2.0,0.0,0.0
2025-06-14,Swiggy,item,Chicken Pasta,1.0,0.0,0.0
2025-06-14,POS,item,Chocolate Shake,1.0,0.0,0.0
2025-06-14,POS,item,French Fries,3.0,0.0,0.0
2025-06-14,POS,item,Fresh Lime Juice,1.0,0.0,0.0
2025-06-14,POS,item,Grapes Juice,3.0,0.0,0.0
2025-06-14,Swiggy,item,Green Apple,1.0,0.0,0.0
2025-06-14,POS,item,Loaded Fries,1.0,0.0,0.0
2025-06-14,POS,item,Macaroni N Chicken Salad,1.0,0.0,0.0
2025-06-14,POS,item,Mdew@40rs,1.0,0.0,0.0
2025-06-14,POS,item,Mint Lime Juice,2.0,0.0,0.0
2025-06-14,POS,item,Pepsi 250ml Pet,1.0,0.0,0.0
2025-06-14,POS,item,Pepsi@50rs,1.0,0.0,0.0
2025-06-14,POS,item,Pineapple Juice,2.0,0.0,0.0
2025-06-14,POS,item,Regular Chicken Burger,7.0,0.0,0.0
2025-06-14,POS,item,Soft Drink,1.0,0.0,0.0
2025-06-14,POS,item,Tender Coconut,1.0,0.0,0.0
2025-06-14,POS,item,Watermelon Juice,1.0,0.0,0.0
2025-06-14,POS,item,2 Medium Non-veg@759,1.0,150.0,150.0
2025-06-14,POS,item,12 Inch - Large Pizza,2.0,120.0,240.0
2025-06-14,POS,item,Veg Meal For 4,1.0,120.0,120.0
2025-06-14,POS,item,2 Regular Non-veg@409,1.0,80.0,80.0
2025-06-14,POS,item,9 Inch - Medium Pizza,4.0,75.0,300.0
2025-06-14,Swiggy,item,9 Inch - Medium Pizza,1.0,75.0,75.0
2025-06-14,POS,item,7 Inch - Regular Pizza,9.0,40.0,360.0
2025-06-14,Swiggy,item,7 Inch - Regular Pizza,2.0,40.0,80.0
2025-06-14,POS,item,Super Saver Meal Regular,3.0,40.0,120.0
2025-06-14,POS,item,Blue Mojito,1.0,0.0,0.0
2025-06-14,POS,item,Burger Combo @ 169,3.0,0.0,0.0
2025-06-14,POS,item,Burger Combo @ 179,1.0,0.0,0.0
2025-06-14,POS,item,Chicken Pasta,2.0,0.0,0.0
2025-06-14,Swiggy,item,Chicken Pasta,1.0,0.0,0.0
2025-06-14,POS,item,Chocolate Shake,1.0,0.0,0.0
2025-06-14,POS,item,French Fries,3.0,0.0,0.0
2025-06-14,POS,item,Fresh Lime Juice,1.0,0.0,0.0
2025-06-14,POS,item,Grapes Juice,3.0,0.0,0.0
2025-06-14,Swiggy,item,Green Apple,1.0,0.0,0.0
2025-06-14,POS,item,Loaded Fries,1.0,0.0,0.0
2025-06-14,POS,item,Macaroni N Chicken Salad,1.0,0.0,0.0
2025-06-14,POS,item,Mdew@40rs,1.0,0.0,0.0
2025-06-14,POS,item,Mint Lime Juice,2.0,0.0,0.0
2025-06-14,POS,item,Pepsi 250ml Pet,1.0,0.0,0.0
2025-06-14,POS,item,Pepsi@50rs,1.0,0.0,0.0
2025-06-14,POS,item,Pineapple Juice,2.0,0.0,0.0
2025-06-14,POS,item,Regular Chicken Burger,7.0,0.0,0.0
2025-06-14,POS,item,Soft Drink,1.0,0.0,0.0
2025-06-14,POS,item,Tender Coconut,1.0,0.0,0.0
2025-06-14,POS,item,Watermelon Juice,1.0,0.0,0.0
2025-06-14,POS,item,2 Medium Non-veg@759,1.0,150.0,150.0
2025-06-14,POS,item,12 Inch - Large Pizza,2.0,120.0,240.0
2025-06-14,POS,item,Veg Meal For 4,1.0,120.0,120.0
2025-06-14,POS,item,2 Regular Non-veg@409,1.0,80.0,80.0
2025-06-14,POS,item,9 Inch - Medium Pizza,4.0,75.0,300.0
2025-06-14,Swiggy,item,9 Inch - Medium Pizza,1.0,75.0,75.0
2025-06-14,POS,item,7 Inch - Regular Pizza,9.0,40.0,360.0
2025-06-14,Swiggy,item,7 Inch - Regular Pizza,2.0,40.0,80.0
2025-06-14,POS,item,Super Saver Meal Regular,3.0,40.0,120.0
2025-06-14,POS,item,Blue Mojito,1.0,0.0,0.0
2025-06-14,POS,item,Burger Combo @ 169,3.0,0.0,0.0
2025-06-14,POS,item,Burger Combo @ 179,1.0,0.0,0.0
2025-06-14,POS,item,Chicken Pasta,2.0,0.0,0.0
2025-06-14,Swiggy,item,Chicken Pasta,1.0,0.0,0.0
2025-06-14,POS,item,Chocolate Shake,1.0,0.0,0.0
2025-06-14,POS,item,French Fries,3.0,0.0,0.0
2025-06-14,POS,item,Fresh Lime Juice,1.0,0.0,0.0
2025-06-14,POS,item,Grapes Juice,3.0,0.0,0.0
2025-06-14,Swiggy,item,Green Apple,1.0,0.0,0.0
2025-06-14,POS,item,Loaded Fries,1.0,0.0,0.0
2025-06-14,POS,item,Macaroni N Chicken Salad,1.0,0.0,0.0
2025-06-14,POS,item,Mdew@40rs,1.0,0.0,0.0
2025-06-14,POS,item,Mint Lime Juice,2.0,0.0,0.0
2025-06-14,POS,item,Pepsi 250ml Pet,1.0,0.0,0.0
2025-06-14,POS,item,Pepsi@50rs,1.0,0.0,0.0
2025-06-14,POS,item,Pineapple Juice,2.0,0.0,0.0
2025-06-14,POS,item,Regular Chicken Burger,7.0,0.0,0.0
2025-06-14,POS,item,Soft Drink,1.0,0.0,0.0
2025-06-14,POS,item,Tender Coconut,1.0,0.0,0.0
2025-06-14,POS,item,Watermelon Juice,1.0,0.0,0.0
2025-06-13,Swiggy,item,2 Medium Pizzas,1.0,150.0,150.0
2025-06-13,POS,item,12 Inch - Large Pizza,4.0,120.0,480.0
2025-06-13,Swiggy,item,12 Inch - Large Pizza,1.0,120.0,120.0
2025-06-13,POS,item,2 Regular Non-veg@409,1.0,80.0,80.0
2025-06-13,POS,item,9 Inch - Medium Pizza,4.0,75.0,300.0
2025-06-13,POS,item,Super Saver Meal Medium,1.0,75.0,75.0
2025-06-13,POS,item,7 Inch - Regular Pizza,4.0,40.0,160.0
2025-06-13,Swiggy,item,7 Inch - Regular Pizza,4.0,40.0,160.0
2025-06-13,POS,item,Delicious Combo Delight Regular,1.0,40.0,40.0
2025-06-13,POS,item,Garlic Bread With Cheese,1.0,40.0,40.0
2025-06-13,POS,item,Super Saver Meal Regular,1.0,40.0,40.0
2025-06-13,POS,item,Combo Delight Non-veg,1.0,20.0,20.0
2025-06-13,POS,item,7up @50rs,2.0,0.0,0.0
2025-06-13,POS,item,Brownie,1.0,0.0,0.0
2025-06-13,POS,item,Burger Combo @ 169,2.0,0.0,0.0
2025-06-13,Swiggy,item,Cheesy Dip,1.0,0.0,0.0
2025-06-13,Swiggy,item,Cheesy Fries,1.0,0.0,0.0
2025-06-13,POS,item,Chicken Pasta,7.0,0.0,0.0
2025-06-13,POS,item,Chicken Popcorn,1.0,0.0,0.0
2025-06-13,POS,item,French Fries,4.0,0.0,0.0
2025-06-13,Swiggy,item,French Fries,1.0,0.0,0.0
2025-06-13,POS,item,Fresh Garden Mint,1.0,0.0,0.0
2025-06-13,POS,item,Green Apple,1.0,0.0,0.0
2025-06-13,POS,item,Loaded Fries,1.0,0.0,0.0
2025-06-13,POS,item,Mint Lime Juice,2.0,0.0,0.0
2025-06-13,POS,item,Pepsi 250ml Pet,1.0,0.0,0.0
2025-06-13,Swiggy,item,Potato Wedges,1.0,0.0,0.0
2025-06-13,POS,item,Regular Chicken Burger,1.0,0.0,0.0
2025-06-13,POS,item,Soft Drink,1.0,0.0,0.0
2025-06-13,Swiggy,item,Thousand Dip,1.0,0.0,0.0
2025-06-13,POS,item,Veg Pasta,1.0,0.0,0.0
2025-06-12,POS,item,2 Large Non-veg@1149,2.0,240.0,480.0
2025-06-12,POS,item,12 Inch - Large Pizza,2.0,120.0,240.0
2025-06-12,POS,item,2 Regular Non-veg@409,2.0,80.0,160.0
2025-06-12,POS,item,2 Regular Veg@349,1.0,80.0,80.0
2025-06-12,POS,item,9 Inch - Medium Pizza,3.0,75.0,225.0
2025-06-12,POS,item,Delicious Combo Delight Medium,2.0,75.0,150.0
2025-06-12,POS,item,Non Veg Meal For 2,1.0,75.0,75.0
2025-06-12,POS,item,7 Inch - Regular Pizza,7.0,40.0,280.0
2025-06-12,POS,item,Super Saver Meal Regular,1.0,40.0,40.0
2025-06-12,POS,addon,7 Inch - Regular Pizza -Extra Cheese,1.0,20.0,20.0
2025-06-12,POS,item,Combo Delight Non-veg,3.0,20.0,60.0
2025-06-12,POS,item,7up @50rs,1.0,0.0,0.0
2025-06-12,POS,item,7up@40rs,1.0,0.0,0.0
2025-06-12,POS,item,Blue Mojito,1.0,0.0,0.0
2025-06-12,POS,item,Burger Combo @ 179,1.0,0.0,0.0
2025-06-12,POS,item,Cheesy Fries,1.0,0.0,0.0
2025-06-12,POS,item,Chicken Pasta,2.0,0.0,0.0
2025-06-12,POS,item,French Fries,1.0,0.0,0.0
2025-06-12,POS,item,Green Apple,2.0,0.0,0.0
2025-06-12,POS,item,Passion Fruit,1.0,0.0,0.0
2025-06-12,POS,item,Pepsi 250ml Pet,3.0,0.0,0.0
2025-06-12,POS,item,Pineapple Juice,1.0,0.0,0.0
2025-06-12,POS,item,Pizza Upgrade,1.0,0.0,0.0
2025-06-12,POS,item,Regular Chicken Burger,3.0,0.0,0.0
2025-06-12,POS,item,Veg Pasta,1.0,0.0,0.0
2025-06-11,POS,item,Non Veg Meal For 6,1.0,195.0,195.0
2025-06-11,POS,item,2 Medium Non-veg@759,1.0,150.0,150.0
2025-06-11,POS,item,12 Inch - Large Pizza,1.0,120.0,120.0
2025-06-11,POS,item,2 Regular Non-veg@409,2.0,80.0,160.0
2025-06-11,POS,item,9 Inch - Medium Pizza,6.0,75.0,450.0
2025-06-11,Swiggy,item,9 Inch - Medium Pizza,2.0,75.0,150.0
2025-06-11,POS,item,7 Inch - Regular Pizza,5.0,40.0,200.0
2025-06-11,Swiggy,item,7 Inch - Regular Pizza,3.0,40.0,120.0
2025-06-11,POS,item,Garlic Bread With Cheese,2.0,40.0,80.0
2025-06-11,Swiggy,item,Garlic Bread With Cheese,1.0,40.0,40.0
2025-06-11,POS,item,Super Saver Meal Regular,2.0,40.0,80.0
2025-06-11,POS,addon,7 Inch - Regular Pizza -Extra Cheese,1.0,20.0,20.0
2025-06-11,POS,item,Combo Delight Non-veg,1.0,20.0,20.0
2025-06-11,POS,item,7up 250ml Pet,1.0,0.0,0.0
2025-06-11,POS,item,Big Slice Of Pizza,2.0,0.0,0.0
2025-06-11,POS,item,Blue Curacao,1.0,0.0,0.0
2025-06-11,POS,item,Blue Mojito,2.0,0.0,0.0
2025-06-11,Swiggy,item,Brownie,1.0,0.0,0.0
2025-06-11,POS,item,Chicken Nuggets,2.0,0.0,0.0
2025-06-11,POS,item,Chicken Nuggets Burger,1.0,0.0,0.0
2025-06-11,POS,item,Chicken Pasta,2.0,0.0,0.0
2025-06-11,POS,item,Chikku Shake,2.0,0.0,0.0
2025-06-11,POS,item,Grapes Juice,1.0,0.0,0.0
2025-06-11,POS,item,Loaded Fries,1.0,0.0,0.0
2025-06-11,POS,item,Mango,1.0,0.0,0.0
2025-06-11,POS,item,Mdew 330ml Can,2.0,0.0,0.0
2025-06-11,POS,item,Mint Lime Juice,1.0,0.0,0.0
2025-06-11,POS,item,Mixed Chicken Salad,1.0,0.0,0.0
2025-06-11,Swiggy,item,Passion Mint,1.0,0.0,0.0
2025-06-11,POS,item,Pepsi 250ml Pet,1.0,0.0,0.0
2025-06-11,POS,item,Pepsi 330ml Can,1.0,0.0,0.0
2025-06-11,POS,item,Pepsi@40rs,2.0,0.0,0.0
2025-06-11,POS,item,Pineapple Juice,1.0,0.0,0.0
2025-06-11,POS,item,Slice 200ml,1.0,0.0,0.0
2025-06-11,POS,item,Strawberry,1.0,0.0,0.0
2025-06-11,POS,item,Veg Pasta,1.0,0.0,0.0
2025-06-10,POS,item,2 Medium Non-veg@759,1.0,150.0,150.0
2025-06-10,POS,item,12 Inch - Large Pizza,9.0,120.0,1080.0
2025-06-10,POS,item,2 Regular Non-veg@409,2.0,80.0,160.0
2025-06-10,POS,item,9 Inch - Medium Pizza,2.0,75.0,150.0
2025-06-10,POS,item,7 Inch - Regular Pizza,4.0,40.0,160.0
2025-06-10,Swiggy,item,7 Inch - Regular Pizza,3.0,40.0,120.0
2025-06-10,POS,item,Garlic Bread With Cheese,2.0,40.0,80.0
2025-06-10,POS,item,Super Saver Meal Regular,3.0,40.0,120.0
2025-06-10,POS,item,Combo Delight Non-veg,1.0,20.0,20.0
2025-06-10,POS,item,7up@40rs,1.0,0.0,0.0
2025-06-10,POS,item,Big Slice Of Pizza,1.0,0.0,0.0
2025-06-10,POS,item,Blue Mojito,2.0,0.0,0.0
2025-06-10,POS,item,Brownie With Ice Cream,1.0,0.0,0.0
2025-06-10,POS,item,Burger Combo @ 179,3.0,0.0,0.0
2025-06-10,POS,item,Butterscotch Sundae,1.0,0.0,0.0
2025-06-10,POS,item,Cheesy Fries,1.0,0.0,0.0
2025-06-10,Swiggy,item,Chicken Loaded Fries,1.0,0.0,0.0
2025-06-10,POS,item,Chicken Nuggets Burger,2.0,0.0,0.0
2025-06-10,POS,item,Chicken Pasta,5.0,0.0,0.0
2025-06-10,Swiggy,item,Chicken Pasta,1.0,0.0,0.0
2025-06-10,POS,item,French Fries,1.0,0.0,0.0
2025-06-10,POS,item,Green Apple,2.0,0.0,0.0
2025-06-10,POS,item,Loaded Fries,3.0,0.0,0.0
2025-06-10,POS,item,Mdew@40rs,1.0,0.0,0.0
2025-06-10,POS,item,Mint Lime Juice,1.0,0.0,0.0
2025-06-10,POS,item,Nutty Vanilla,2.0,0.0,0.0
2025-06-10,POS,item,Pepsi 330ml Can,1.0,0.0,0.0
2025-06-10,POS,item,Pepsi@50rs,3.0,0.0,0.0
2025-06-10,POS,item,Roasted Chicken Salad,1.0,0.0,0.0
2025-06-10,Swiggy,item,Roasted Chicken Salad,1.0,0.0,0.0
2025-06-10,POS,item,Water Melon,1.0,0.0,0.0
2025-06-09,POS,item,2 Large Non-veg@1149,1.0,240.0,240.0
2025-06-09,POS,item,12 Inch - Large Pizza,1.0,120.0,120.0
2025-06-09,Swiggy,item,12 Inch - Large Pizza,1.0,120.0,120.0
2025-06-09,POS,item,Non Veg Meal For 4,1.0,120.0,120.0
2025-06-09,POS,item,2 Regular Veg@349,1.0,80.0,80.0
2025-06-09,POS,item,9 Inch - Medium Pizza,3.0,75.0,225.0
2025-06-09,POS,item,Veg Meal For 2,1.0,75.0,75.0
2025-06-09,POS,item,7 Inch - Regular Pizza,5.0,40.0,200.0
2025-06-09,Swiggy,item,7 Inch - Regular Pizza,1.0,40.0,40.0
2025-06-09,Swiggy,item,Bada Saver Meal Regular,1.0,40.0,40.0
2025-06-09,POS,item,Garlic Bread Supreme[non-veg],1.0,40.0,40.0
2025-06-09,POS,item,Super Saver Meal Regular,2.0,40.0,80.0
2025-06-09,POS,addon,7 Inch - Regular Pizza -Extra Cheese,1.0,20.0,20.0
2025-06-09,POS,item,Combo Delight Non-veg,4.0,20.0,80.0
2025-06-09,POS,item,7up @50rs,1.0,0.0,0.0
2025-06-09,POS,item,Brownie With Ice Cream,1.0,0.0,0.0
2025-06-09,POS,item,Cheese N Macaroni Salad,1.0,0.0,0.0
2025-06-09,Swiggy,item,Chicken Loaded Fries,1.0,0.0,0.0
2025-06-09,POS,item,Chicken Nuggets Burger,1.0,0.0,0.0
2025-06-09,POS,item,Chicken Pasta,1.0,0.0,0.0
2025-06-09,POS,item,French Fries,3.0,0.0,0.0
2025-06-09,POS,item,Grapes Juice,1.0,0.0,0.0
2025-06-09,POS,item,Hot Garlic Dip,1.0,0.0,0.0
2025-06-09,POS,item,Mdew 330ml Can,1.0,0.0,0.0
2025-06-09,POS,item,Mdew@40rs,2.0,0.0,0.0
2025-06-09,POS,item,Nutty Vanilla,1.0,0.0,0.0
2025-06-09,POS,item,Pepsi 250ml Pet,1.0,0.0,0.0
2025-06-09,POS,item,Pepsi 330ml Can,1.0,0.0,0.0
2025-06-09,POS,item,Pineapple Juice,1.0,0.0,0.0
2025-06-09,POS,item,Regular Chicken Burger,4.0,0.0,0.0
2025-06-09,POS,item,Slice 200ml,1.0,0.0,0.0
2025-06-08,Swiggy,item,2 Large Pizzas,1.0,240.0,240.0
2025-06-08,POS,item,12 Inch - Large Pizza,3.0,120.0,360.0
2025-06-08,POS,item,2 Regular Non-veg@409,1.0,80.0,80.0
2025-06-08,POS,item,9 Inch - Medium Pizza,5.0,75.0,375.0
2025-06-08,Swiggy,item,9 Inch - Medium Pizza,1.0,75.0,75.0
2025-06-08,POS,item,Super Saver Meal Medium,1.0,75.0,75.0
2025-06-08,POS,addon,12 Inch - Large Pizza -Extra Cheese,1.0,60.0,60.0
2025-06-08,POS,item,7 Inch - Regular Pizza,10.0,40.0,400.0
2025-06-08,Swiggy,item,7 Inch - Regular Pizza,4.0,40.0,160.0
2025-06-08,POS,item,Garlic Bread With Cheese,2.0,40.0,80.0
2025-06-08,POS,item,Super Saver Meal Regular,5.0,40.0,200.0
2025-06-08,POS,item,Blue Mojito,2.0,0.0,0.0
2025-06-08,POS,item,Burger Combo @ 169,1.0,0.0,0.0
2025-06-08,POS,item,Burger Combo @ 179,2.0,0.0,0.0
2025-06-08,POS,item,Cheesy Dip,1.0,0.0,0.0
2025-06-08,Swiggy,item,Chicken Nuggets,2.0,0.0,0.0
2025-06-08,POS,item,Chicken Pasta,1.0,0.0,0.0
2025-06-08,POS,item,Chicken Popcorn,2.0,0.0,0.0
2025-06-08,POS,item,Chocolate Shake,1.0,0.0,0.0
2025-06-08,POS,item,Coleslaw Salad,1.0,0.0,0.0
2025-06-08,POS,item,French Fries,4.0,0.0,0.0
2025-06-08,POS,item,Fresh Garden Mint,1.0,0.0,0.0
2025-06-08,Swiggy,item,Fresh Garden Mint,1.0,0.0,0.0
2025-06-08,POS,item,Fresh Lime Juice,4.0,0.0,0.0
2025-06-08,POS,item,Grapes Juice,1.0,0.0,0.0
2025-06-08,POS,item,Loaded Fries,1.0,0.0,0.0
2025-06-08,POS,item,Mineral Water,1.0,0.0,0.0
2025-06-08,POS,item,Pepsi 250ml Pet,7.0,0.0,0.0
2025-06-08,POS,item,Pepsi@40rs,1.0,0.0,0.0
2025-06-08,POS,item,Pizza Upgrade,2.0,0.0,0.0
2025-06-08,POS,item,Regular Chicken Burger,2.0,0.0,0.0
2025-06-08,Swiggy,item,Roasted Chicken Salad,1.0,0.0,0.0
2025-06-08,POS,item,Soft Drink,1.0,0.0,0.0
2025-06-08,POS,item,Tender Coconut,1.0,0.0,0.0
2025-06-08,POS,item,Veg Burger,1.0,0.0,0.0
2025-06-08,POS,item,Water Melon,1.0,0.0,0.0
2025-06-07,POS,item,12 Inch - Large Pizza,13.0,120.0,1560.0
2025-06-07,POS,item,2 Regular Non-veg@409,2.0,80.0,160.0
2025-06-07,Swiggy,item,2 Regular Pizzas,1.0,80.0,80.0
2025-06-07,POS,item,9 Inch - Medium Pizza,13.0,75.0,975.0
2025-06-07,POS,item,Non Veg Meal For 2,1.0,75.0,75.0
2025-06-07,POS,item,Super Saver Meal Medium,1.0,75.0,75.0
2025-06-07,POS,item,7 Inch - Regular Pizza,13.0,40.0,520.0
2025-06-07,Swiggy,item,7 Inch - Regular Pizza,1.0,40.0,40.0
2025-06-07,POS,item,Garlic Bread Supreme [veg],1.0,40.0,40.0
2025-06-07,POS,item,Garlic Bread With Cheese,2.0,40.0,80.0
2025-06-07,POS,item,Super Saver Meal Regular,1.0,40.0,40.0
2025-06-07,POS,item,Combo Delight Non-veg,4.0,20.0,80.0
2025-06-07,POS,item,Combo Delight Veg,1.0,20.0,20.0
2025-06-07,POS,item,7up 250ml Pet,3.0,0.0,0.0
2025-06-07,POS,item,7up@40rs,2.0,0.0,0.0
2025-06-07,POS,item,Blue Mojito,1.0,0.0,0.0
2025-06-07,Swiggy,item,Brownie With Ice Cream,2.0,0.0,0.0
2025-06-07,POS,item,Burger Combo @ 169,3.0,0.0,0.0
2025-06-07,POS,item,Chicken Nuggets Burger,2.0,0.0,0.0
2025-06-07,POS,item,Chicken Pasta,3.0,0.0,0.0
2025-06-07,POS,item,Chicken Popcorn,1.0,0.0,0.0
2025-06-07,POS,item,Chikku Shake,1.0,0.0,0.0
2025-06-07,POS,item,Chocolate Shake,1.0,0.0,0.0
2025-06-07,POS,item,Coleslaw Salad,1.0,0.0,0.0
2025-06-07,POS,item,French Fries,9.0,0.0,0.0
2025-06-07,Swiggy,item,French Fries,1.0,0.0,0.0
2025-06-07,POS,item,Garlic Bread,1.0,0.0,0.0
2025-06-07,POS,item,Grapes Juice,1.0,0.0,0.0
2025-06-07,POS,item,Green Apple,3.0,0.0,0.0
2025-06-07,POS,item,Loaded Fries,4.0,0.0,0.0
2025-06-07,POS,item,Mdew 250ml Pet,2.0,0.0,0.0
2025-06-07,POS,item,Mdew 330ml Can,1.0,0.0,0.0
2025-06-07,POS,item,Mdew@40rs,3.0,0.0,0.0
2025-06-07,POS,item,Mineral Water,1.0,0.0,0.0
2025-06-07,POS,item,Mint Lime Juice,6.0,0.0,0.0
2025-06-07,POS,item,Passion Fruit,1.0,0.0,0.0
2025-06-07,Swiggy,item,Passion Mint,1.0,0.0,0.0
2025-06-07,POS,item,Pepsi 250ml Pet,1.0,0.0,0.0
2025-06-07,POS,item,Pepsi@40rs,2.0,0.0,0.0
2025-06-07,POS,item,Pepsi@50rs,2.0,0.0,0.0
2025-06-07,POS,item,Pineapple Juice,2.0,0.0,0.0
2025-06-07,POS,item,Pizza Upgrade,1.0,0.0,0.0
2025-06-07,POS,item,Regular Chicken Burger,3.0,0.0,0.0
2025-06-07,Swiggy,item,Roasted Chicken Salad,1.0,0.0,0.0
2025-06-07,POS,item,Soft Drink,1.0,0.0,0.0
2025-06-07,POS,item,Special Discount,0.0,0.0,0.0
2025-06-07,POS,item,Veg Pasta,1.0,0.0,0.0
2025-06-07,POS,item,Water Melon,2.0,0.0,0.0
2025-06-07,POS,item,Watermelon Juice,4.0,0.0,0.0
2025-06-06,POS,item,2 Medium Non-veg@759,1.0,150.0,150.0
2025-06-06,POS,item,12 Inch - Large Pizza,2.0,120.0,240.0
2025-06-06,POS,item,2 Regular Non-veg@409,3.0,80.0,240.0
2025-06-06,POS,item,9 Inch - Medium Pizza,4.0,75.0,300.0
2025-06-06,POS,addon,12 Inch - Large Pizza -Extra Cheese,1.0,60.0,60.0
2025-06-06,POS,item,7 Inch - Regular Pizza,10.0,40.0,400.0
2025-06-06,Swiggy,item,7 Inch - Regular Pizza,2.0,40.0,80.0
2025-06-06,POS,item,Garlic Bread Supreme [veg],1.0,40.0,40.0
2025-06-06,POS,item,Super Saver Meal Regular,2.0,40.0,80.0
2025-06-06,POS,addon,7 Inch - Regular Pizza -Extra Cheese,1.0,20.0,20.0
2025-06-06,POS,item,Combo Delight Non-veg,1.0,20.0,20.0
2025-06-06,POS,item,7up 250ml Pet,2.0,0.0,0.0
2025-06-06,POS,item,7up @50rs,1.0,0.0,0.0
2025-06-06,POS,item,Brownie,4.0,0.0,0.0
2025-06-06,POS,item,Burger Combo @ 169,1.0,0.0,0.0
2025-06-06,POS,item,Burger Combo @ 179,2.0,0.0,0.0
2025-06-06,POS,item,Cheese N Macaroni Salad,1.0,0.0,0.0
2025-06-06,Swiggy,item,Chicken Nuggets,1.0,0.0,0.0
2025-06-06,POS,item,Chicken Pasta,1.0,0.0,0.0
2025-06-06,POS,item,Chocolate Shake,1.0,0.0,0.0
2025-06-06,POS,item,French Fries,5.0,0.0,0.0
2025-06-06,POS,item,Grapes Juice,1.0,0.0,0.0
2025-06-06,POS,item,Green Apple,1.0,0.0,0.0
2025-06-06,POS,item,Mdew 250ml Pet,1.0,0.0,0.0
2025-06-06,POS,item,Mineral Water,1.0,0.0,0.0
2025-06-06,POS,item,Pepsi 250ml Can,1.0,0.0,0.0
2025-06-06,POS,item,Pepsi 250ml Pet,3.0,0.0,0.0
2025-06-06,POS,item,Pepsi@40rs,2.0,0.0,0.0
2025-06-06,POS,item,Pepsi@50rs,3.0,0.0,0.0
2025-06-06,POS,item,Peri Peri Dip,1.0,0.0,0.0
2025-06-06,POS,item,Pineapple Juice,1.0,0.0,0.0
2025-06-06,POS,item,Pizza Upgrade,1.0,0.0,0.0
2025-06-06,POS,item,Slice 200ml,2.0,0.0,0.0
2025-06-06,POS,item,Slice@40rs,2.0,0.0,0.0
2025-06-06,POS,item,Tender Coconut,1.0,0.0,0.0
2025-06-06,POS,item,Veg Pasta,1.0,0.0,0.0
2025-06-05,POS,item,12 Inch - Large Pizza,2.0,120.0,240.0
2025-06-05,POS,item,Non Veg Meal For 4,1.0,120.0,120.0
2025-06-05,POS,item,2 Regular Veg@349,1.0,80.0,80.0
2025-06-05,POS,item,9 Inch - Medium Pizza,1.0,75.0,75.0
2025-06-05,Swiggy,item,9 Inch - Medium Pizza,1.0,75.0,75.0
2025-06-05,POS,item,Delicious Combo Delight Medium,1.0,75.0,75.0
2025-06-05,POS,item,Super Saver Meal Medium,1.0,75.0,75.0
2025-06-05,POS,item,7 Inch - Regular Pizza,5.0,40.0,200.0
2025-06-05,Swiggy,item,7 Inch - Regular Pizza,3.0,40.0,120.0
2025-06-05,POS,item,Super Saver Meal Regular,2.0,40.0,80.0
2025-06-05,POS,item,Combo Delight Non-veg,3.0,20.0,60.0
2025-06-05,POS,item,7up 250ml Pet,1.0,0.0,0.0
2025-06-05,POS,item,Brownie,1.0,0.0,0.0
2025-06-05,POS,item,Burger Combo @ 179,3.0,0.0,0.0
2025-06-05,POS,item,Cheesy Fries,1.0,0.0,0.0
2025-06-05,POS,item,Chicken Popcorn,2.0,0.0,0.0
2025-06-05,POS,item,Fresh Lime Juice,2.0,0.0,0.0
2025-06-05,POS,item,Loaded Fries,1.0,0.0,0.0
2025-06-05,POS,item,Pepsi 330ml Can,1.0,0.0,0.0
2025-06-05,POS,item,Pizza Upgrade,1.0,0.0,0.0
2025-06-05,POS,item,Soft Drink,1.0,0.0,0.0
2025-06-05,POS,item,Veg Pasta,1.0,0.0,0.0
2025-06-04,POS,item,2 Large Non-veg@1149,1.0,240.0,240.0
2025-06-04,POS,item,Non Veg Meal For 6,1.0,195.0,195.0
2025-06-04,POS,item,12 Inch - Large Pizza,1.0,120.0,120.0
2025-06-04,POS,item,2 Regular Non-veg@409,3.0,80.0,240.0
2025-06-04,POS,item,9 Inch - Medium Pizza,5.0,75.0,375.0
2025-06-04,POS,item,7 Inch - Regular Pizza,3.0,40.0,120.0
2025-06-04,POS,item,Delicious Combo Delight Regular,1.0,40.0,40.0
2025-06-04,POS,item,Super Saver Meal Regular,1.0,40.0,40.0
2025-06-04,POS,item,Combo Delight Veg,1.0,20.0,20.0
2025-06-04,POS,item,7up@40rs,1.0,0.0,0.0
2025-06-04,POS,item,Brownie With Ice Cream,2.0,0.0,0.0
2025-06-04,POS,item,Burger Combo @ 179,1.0,0.0,0.0
2025-06-04,POS,item,Burger Combo @ 199,1.0,0.0,0.0
2025-06-04,Swiggy,item,Chicken Loaded Fries,1.0,0.0,0.0
2025-06-04,POS,item,Chicken Pasta,4.0,0.0,0.0
2025-06-04,POS,item,Chicken Popcorn,1.0,0.0,0.0
2025-06-04,POS,item,French Fries,1.0,0.0,0.0
2025-06-04,POS,item,Fresh Lime Juice,1.0,0.0,0.0
2025-06-04,POS,item,Grapes Juice,1.0,0.0,0.0
2025-06-04,POS,item,Loaded Fries,2.0,0.0,0.0
2025-06-04,POS,item,Pizza Upgrade,1.0,0.0,0.0
2025-06-04,POS,item,Watermelon Juice,1.0,0.0,0.0
2025-06-03,POS,item,2 Large Non-veg@1149,1.0,240.0,240.0
2025-06-03,POS,item,2 Medium Non-veg@759,2.0,150.0,300.0
2025-06-03,POS,item,12 Inch - Large Pizza,2.0,120.0,240.0
2025-06-03,POS,item,Non Veg Meal For 4,1.0,120.0,120.0
2025-06-03,POS,item,9 Inch - Medium Pizza,4.0,75.0,300.0
2025-06-03,POS,item,Non Veg Meal For 2,1.0,75.0,75.0
2025-06-03,POS,item,Super Saver Meal Medium,2.0,75.0,150.0
2025-06-03,POS,item,7 Inch - Regular Pizza,4.0,40.0,160.0
2025-06-03,Swiggy,item,7 Inch - Regular Pizza,2.0,40.0,80.0
2025-06-03,POS,item,Garlic Bread Supreme [veg],1.0,40.0,40.0
2025-06-03,POS,item,Combo Delight Non-veg,2.0,20.0,40.0
2025-06-03,Swiggy,item,Brownie With Ice Cream,2.0,0.0,0.0
2025-06-03,POS,item,Burger Combo @ 179,1.0,0.0,0.0
2025-06-03,POS,item,Cheesy Fries,2.0,0.0,0.0
2025-06-03,POS,item,Chicken Pasta,2.0,0.0,0.0
2025-06-03,POS,item,Mayo,1.0,0.0,0.0
2025-06-03,POS,item,Mdew 330ml Can,2.0,0.0,0.0
2025-06-03,POS,item,Pepsi@50rs,1.0,0.0,0.0
2025-06-03,POS,item,Peri Peri Dip,1.0,0.0,0.0
2025-06-03,POS,item,Pineapple Juice,1.0,0.0,0.0
2025-06-03,POS,item,Regular Chicken Burger,6.0,0.0,0.0
2025-06-03,POS,item,Soft Drink,1.0,0.0,0.0
2025-06-02,POS,item,12 Inch - Large Pizza,2.0,120.0,240.0
2025-06-02,POS,item,2 Regular Non-veg@409,1.0,80.0,80.0
2025-06-02,POS,item,2 Regular Veg@349,1.0,80.0,80.0
2025-06-02,POS,item,7 Inch - Regular Pizza,6.0,40.0,240.0
2025-06-02,Swiggy,item,7 Inch - Regular Pizza,3.0,40.0,120.0
2025-06-02,Swiggy,item,Garlic Bread Supreme[non-veg],1.0,40.0,40.0
2025-06-02,POS,item,Super Saver Meal Regular,4.0,40.0,160.0
2025-06-02,POS,addon,7 Inch - Regular Pizza -Extra Cheese,1.0,20.0,20.0
2025-06-02,Swiggy,item,2 Regular Budget Pizzas,1.0,0.0,0.0
2025-06-02,POS,item,7up @50rs,1.0,0.0,0.0
2025-06-02,Swiggy,item,Brownie,1.0,0.0,0.0
2025-06-02,POS,item,Burger Combo @ 169,5.0,0.0,0.0
2025-06-02,POS,item,Cheesy Fries,1.0,0.0,0.0
2025-06-02,Swiggy,item,Chicken Loaded Fries,1.0,0.0,0.0
2025-06-02,Swiggy,item,Chicken Nuggets,1.0,0.0,0.0
2025-06-02,POS,item,Chicken Pasta,2.0,0.0,0.0
2025-06-02,Swiggy,item,Chicken Pasta,1.0,0.0,0.0
2025-06-02,POS,item,Chikku Shake,1.0,0.0,0.0
2025-06-02,POS,item,French Fries,2.0,0.0,0.0
2025-06-02,POS,item,Loaded Fries,1.0,0.0,0.0
2025-06-02,POS,item,Mint Lime Juice,2.0,0.0,0.0
2025-06-02,POS,item,Pineapple Juice,1.0,0.0,0.0
2025-06-02,POS,item,Regular Chicken Burger,1.0,0.0,0.0
2025-06-02,POS,item,Slice 200ml,1.0,0.0,0.0
2025-06-02,POS,item,Tender Coconut,1.0,0.0,0.0
2025-06-01,POS,item,2 Medium Veg@699,2.0,150.0,300.0
2025-06-01,POS,item,2 Regular Non-veg@409,1.0,80.0,80.0
2025-06-01,POS,item,2 Regular Veg@349,2.0,80.0,160.0
2025-06-01,POS,item,9 Inch - Medium Pizza,6.0,75.0,450.0
2025-06-01,POS,item,Delicious Combo Delight Medium,1.0,75.0,75.0
2025-06-01,POS,item,Super Saver Meal Medium,3.0,75.0,225.0
2025-06-01,POS,item,7 Inch - Regular Pizza,7.0,40.0,280.0
2025-06-01,Swiggy,item,7 Inch - Regular Pizza,5.0,40.0,200.0
2025-06-01,POS,item,Garlic Bread Supreme [veg],2.0,40.0,80.0
2025-06-01,POS,item,Garlic Bread With Cheese,1.0,40.0,40.0
2025-06-01,Swiggy,item,Garlic Bread With Cheese,1.0,40.0,40.0
2025-06-01,POS,item,Super Saver Meal Regular,4.0,40.0,160.0
2025-06-01,POS,addon,7 Inch - Regular Pizza -Extra Cheese,1.0,20.0,20.0
2025-06-01,POS,item,Combo Delight Non-veg,3.0,20.0,60.0
2025-06-01,Swiggy,item,2 Regular Budget Pizzas,1.0,0.0,0.0
2025-06-01,POS,item,7up 250ml Pet,1.0,0.0,0.0
2025-06-01,POS,item,Blue Mojito,1.0,0.0,0.0
2025-06-01,POS,item,Burger Combo @ 179,4.0,0.0,0.0
2025-06-01,POS,item,Chicken Nuggets,1.0,0.0,0.0
2025-06-01,POS,item,Chicken Pasta,1.0,0.0,0.0
2025-06-01,POS,item,Chikku Shake,2.0,0.0,0.0
2025-06-01,POS,item,Chocolate Shake,3.0,0.0,0.0
2025-06-01,POS,item,French Fries,3.0,0.0,0.0
2025-06-01,Swiggy,item,French Fries,1.0,0.0,0.0
2025-06-01,POS,item,Green Apple,1.0,0.0,0.0
2025-06-01,POS,item,Mineral Water,1.0,0.0,0.0
2025-06-01,POS,item,Mint Lime Juice,4.0,0.0,0.0
2025-06-01,POS,item,Pepsi@40rs,1.0,0.0,0.0
2025-06-01,POS,item,Pepsi@50rs,2.0,0.0,0.0
2025-06-01,POS,item,Pizza Upgrade,1.0,0.0,0.0
2025-06-01,POS,item,Regular Chicken Burger,1.0,0.0,0.0
2025-06-01,POS,item,Slice 200ml,1.0,0.0,0.0
2025-06-01,POS,item,Tender Coconut,3.0,0.0,0.0
2025-06-01,POS,item,Veg Burger,4.0,0.0,0.0
2025-05-31,POS,item,2 Large Non-veg@1149,1.0,240.0,240.0
2025-05-31,POS,item,2 Medium Non-veg@759,1.0,150.0,150.0
2025-05-31,POS,item,12 Inch - Large Pizza,4.0,120.0,480.0
2025-05-31,POS,item,2 Regular Non-veg@409,1.0,80.0,80.0
2025-05-31,POS,item,9 Inch - Medium Pizza,6.0,75.0,450.0
2025-05-31,POS,item,Super Saver Meal Medium,1.0,75.0,75.0
2025-05-31,POS,item,Veg Meal For 2,1.0,75.0,75.0
2025-05-31,POS,item,7 Inch - Regular Pizza,13.0,40.0,520.0
2025-05-31,Swiggy,item,7 Inch - Regular Pizza,5.0,40.0,200.0
2025-05-31,POS,item,Garlic Bread With Cheese,2.0,40.0,80.0
2025-05-31,POS,item,Veg Meal For 1,1.0,40.0,40.0
2025-05-31,POS,item,Combo Delight Non-veg,2.0,20.0,40.0
2025-05-31,POS,item,7up 250ml Pet,2.0,0.0,0.0
2025-05-31,POS,item,Brownie With Ice Cream,1.0,0.0,0.0
2025-05-31,POS,item,Burger Combo @ 169,7.0,0.0,0.0
2025-05-31,POS,item,Burger Combo @ 179,1.0,0.0,0.0
2025-05-31,POS,item,Chicken Nuggets,1.0,0.0,0.0
2025-05-31,POS,item,Chicken Pasta,4.0,0.0,0.0
2025-05-31,Swiggy,item,Chicken Pasta,1.0,0.0,0.0
2025-05-31,POS,item,Chicken Popcorn,1.0,0.0,0.0
2025-05-31,Swiggy,item,Chipotle Dip,1.0,0.0,0.0
2025-05-31,POS,item,Chocolate Shake,1.0,0.0,0.0
2025-05-31,POS,item,French Fries,9.0,0.0,0.0
2025-05-31,POS,item,Fresh Lime Juice,2.0,0.0,0.0
2025-05-31,Swiggy,item,Garlic Bread,1.0,0.0,0.0
2025-05-31,POS,item,Grapes Juice,1.0,0.0,0.0
2025-05-31,POS,item,Loaded Fries,4.0,0.0,0.0
2025-05-31,POS,item,Mdew 250ml Pet,2.0,0.0,0.0
2025-05-31,POS,item,Mdew@40rs,1.0,0.0,0.0
2025-05-31,POS,item,Mint Lime Juice,3.0,0.0,0.0
2025-05-31,POS,item,Pepsi 250ml Pet,1.0,0.0,0.0
2025-05-31,POS,item,Pizza Upgrade,1.0,0.0,0.0
2025-05-31,POS,item,Slice 200ml,1.0,0.0,0.0
2025-05-31,POS,item,Soda,1.0,0.0,0.0
2025-05-31,POS,item,Tender Coconut,1.0,0.0,0.0
2025-05-31,POS,item,Veg Burger,1.0,0.0,0.0
2025-05-30,POS,item,2 Large Non-veg@1149,1.0,240.0,240.0
2025-05-30,Swiggy,item,2 Large Pizzas,1.0,240.0,240.0
2025-05-30,POS,item,2 Medium Non-veg@759,3.0,150.0,450.0
2025-05-30,POS,item,12 Inch - Large Pizza,1.0,120.0,120.0
2025-05-30,POS,item,2 Regular Non-veg@409,2.0,80.0,160.0
2025-05-30,POS,item,9 Inch - Medium Pizza,5.0,75.0,375.0
2025-05-30,POS,item,7 Inch - Regular Pizza,13.0,40.0,520.0
2025-05-30,Swiggy,item,7 Inch - Regular Pizza,5.0,40.0,200.0
2025-05-30,POS,item,Garlic Bread With Cheese,2.0,40.0,80.0
2025-05-30,Swiggy,item,Garlic Bread With Cheese,2.0,40.0,80.0
2025-05-30,POS,addon,7 Inch - Regular Pizza -Extra Cheese,1.0,20.0,20.0
2025-05-30,Swiggy,addon,7 Inch - Regular Pizza -Extra Cheese,1.0,20.0,20.0
2025-05-30,POS,item,Combo Delight Non-veg,1.0,20.0,20.0
2025-05-30,POS,item,7up 250ml Pet,5.0,0.0,0.0
2025-05-30,POS,item,Blue Mojito,1.0,0.0,0.0
2025-05-30,Swiggy,item,Brownie,2.0,0.0,0.0
2025-05-30,Swiggy,item,Brownie With Ice Cream,1.0,0.0,0.0
2025-05-30,POS,item,Burger Combo @ 169,1.0,0.0,0.0
2025-05-30,POS,item,Cheese N Macaroni Salad,1.0,0.0,0.0
2025-05-30,Swiggy,item,Chicken Loaded Fries,2.0,0.0,0.0
2025-05-30,Swiggy,item,Chicken Nuggets,2.0,0.0,0.0
2025-05-30,POS,item,Chicken Nuggets,1.0,0.0,0.0
2025-05-30,POS,item,Chicken Nuggets Burger,2.0,0.0,0.0
2025-05-30,POS,item,Chicken Pasta,1.0,0.0,0.0
2025-05-30,POS,item,Chicken Popcorn,1.0,0.0,0.0
2025-05-30,POS,item,Chikku Shake,2.0,0.0,0.0
2025-05-30,POS,item,Chilly Potato Shots,1.0,0.0,0.0
2025-05-30,POS,item,Chocolate Shake,2.0,0.0,0.0
2025-05-30,POS,item,French Fries,7.0,0.0,0.0
2025-05-30,POS,item,Fresh Lime Juice,1.0,0.0,0.0
2025-05-30,POS,item,Loaded Fries,1.0,0.0,0.0
2025-05-30,POS,item,Mdew@40rs,1.0,0.0,0.0
2025-05-30,POS,item,Mixed Chicken Salad,1.0,0.0,0.0
2025-05-30,Swiggy,item,Mixed Chicken Salad,1.0,0.0,0.0
2025-05-30,POS,item,Pepsi 250ml Pet,1.0,0.0,0.0
2025-05-30,POS,item,Pepsi 330ml Can,1.0,0.0,0.0
2025-05-30,POS,item,Pepsi@50rs,1.0,0.0,0.0
2025-05-30,POS,item,Potato Wedges,1.0,0.0,0.0
2025-05-30,Swiggy,item,Potato Wedges,1.0,0.0,0.0
2025-05-30,POS,item,Regular Chicken Burger,5.0,0.0,0.0
2025-05-30,POS,item,Roasted Chicken Salad,1.0,0.0,0.0
2025-05-30,POS,item,Tender Coconut,1.0,0.0,0.0
2025-05-30,POS,item,Veg Pasta,1.0,0.0,0.0
2025-05-29,POS,item,2 Large Veg@999,1.0,240.0,240.0
2025-05-29,POS,item,2 Medium Non-veg@759,4.0,150.0,600.0
2025-05-29,POS,item,12 Inch - Large Pizza,1.0,120.0,120.0
2025-05-29,POS,item,2 Regular Non-veg@409,2.0,80.0,160.0
2025-05-29,POS,item,9 Inch - Medium Pizza,3.0,75.0,225.0
2025-05-29,POS,item,Delicious Combo Delight Medium,1.0,75.0,75.0
2025-05-29,POS,item,7 Inch - Regular Pizza,13.0,40.0,520.0
2025-05-29,Swiggy,item,7 Inch - Regular Pizza,5.0,40.0,200.0
2025-05-29,POS,item,Delicious Combo Delight Regular,2.0,40.0,80.0
2025-05-29,Swiggy,item,Garlic Bread Supreme[non-veg],1.0,40.0,40.0
2025-05-29,POS,item,Garlic Bread With Cheese,1.0,40.0,40.0
2025-05-29,POS,item,Super Saver Meal Regular,2.0,40.0,80.0
2025-05-29,Swiggy,item,2 Regular Budget Pizzas,1.0,0.0,0.0
2025-05-29,POS,item,7up 250ml Pet,6.0,0.0,0.0
2025-05-29,POS,item,7up @50rs,1.0,0.0,0.0
2025-05-29,POS,item,Blue Mojito,1.0,0.0,0.0
2025-05-29,POS,item,Brownie With Ice Cream,4.0,0.0,0.0
2025-05-29,POS,item,Cheese N Macaroni Salad,1.0,0.0,0.0
2025-05-29,Swiggy,item,Chicken Loaded Fries,1.0,0.0,0.0
2025-05-29,POS,item,Chicken Nuggets,1.0,0.0,0.0
2025-05-29,POS,item,Chicken Pasta,1.0,0.0,0.0
2025-05-29,POS,item,Chicken Popcorn,1.0,0.0,0.0
2025-05-29,POS,item,French Fries,6.0,0.0,0.0
2025-05-29,Swiggy,item,French Fries,1.0,0.0,0.0
2025-05-29,POS,item,Loaded Fries,6.0,0.0,0.0
2025-05-29,POS,item,Mdew@40rs,2.0,0.0,0.0
2025-05-29,POS,item,Mixed Chicken Salad,1.0,0.0,0.0
2025-05-29,POS,item,Pepsi 250ml Pet,1.0,0.0,0.0
2025-05-29,POS,item,Pepsi@50rs,4.0,0.0,0.0
2025-05-29,POS,item,Pineapple Juice,1.0,0.0,0.0
2025-05-29,Swiggy,item,Pink Lady,1.0,0.0,0.0
2025-05-29,POS,item,Potato Wedges,1.0,0.0,0.0
2025-05-29,POS,item,Regular Chicken Burger,3.0,0.0,0.0
2025-05-29,POS,item,Veg Burger,1.0,0.0,0.0
2025-05-29,POS,item,Veg Pasta,2.0,0.0,0.0
2025-05-28,POS,item,12 Inch - Large Pizza,2.0,120.0,240.0
2025-05-28,POS,item,2 Regular Non-veg@409,4.0,80.0,320.0
2025-05-28,POS,item,9 Inch - Medium Pizza,6.0,75.0,450.0
2025-05-28,Swiggy,item,9 Inch - Medium Pizza,1.0,75.0,75.0
2025-05-28,POS,item,7 Inch - Regular Pizza,8.0,40.0,320.0
2025-05-28,Swiggy,item,7 Inch - Regular Pizza,5.0,40.0,200.0
2025-05-28,POS,item,Delicious Combo Delight Regular,1.0,40.0,40.0
2025-05-28,POS,item,Combo Delight Non-veg,2.0,20.0,40.0
2025-05-28,POS,item,7up 250ml Pet,1.0,0.0,0.0
2025-05-28,POS,item,7up @50rs,1.0,0.0,0.0
2025-05-28,POS,item,Brownie With Ice Cream,1.0,0.0,0.0
2025-05-28,POS,item,Cheesy Fries,1.0,0.0,0.0
2025-05-28,POS,item,Chicken Pasta,1.0,0.0,0.0
2025-05-28,POS,item,Chocolate Shake,3.0,0.0,0.0
2025-05-28,POS,item,French Fries,5.0,0.0,0.0
2025-05-28,POS,item,Fresh Lime Juice,1.0,0.0,0.0
2025-05-28,POS,item,Greek Salad,1.0,0.0,0.0
2025-05-28,POS,item,Loaded Fries,3.0,0.0,0.0
2025-05-28,POS,item,Mdew 330ml Can,1.0,0.0,0.0
2025-05-28,POS,item,Mdew@40rs,1.0,0.0,0.0
2025-05-28,POS,item,Mint Lime Juice,2.0,0.0,0.0
2025-05-28,POS,item,Pepsi 250ml Pet,1.0,0.0,0.0
2025-05-28,POS,item,Pepsi@40rs,1.0,0.0,0.0
2025-05-28,POS,item,Pepsi@45rs,1.0,0.0,0.0
2025-05-28,POS,item,Pepsi@50rs,2.0,0.0,0.0
2025-05-28,Swiggy,item,Roasted Chicken Salad,1.0,0.0,0.0
2025-05-27,POS,item,12 Inch - Large Pizza,1.0,120.0,120.0
2025-05-27,POS,item,2 Regular Non-veg@409,3.0,80.0,240.0
2025-05-27,POS,item,9 Inch - Medium Pizza,3.0,75.0,225.0
2025-05-27,POS,item,Delicious Combo Delight Medium,1.0,75.0,75.0
2025-05-27,POS,item,Super Saver Meal Medium,1.0,75.0,75.0
2025-05-27,POS,item,7 Inch - Regular Pizza,7.0,40.0,280.0
2025-05-27,Swiggy,item,7 Inch - Regular Pizza,4.0,40.0,160.0
2025-05-27,POS,item,Delicious Combo Delight Regular,1.0,40.0,40.0
2025-05-27,POS,item,Garlic Bread With Cheese,1.0,40.0,40.0
2025-05-27,POS,item,Super Saver Meal Regular,1.0,40.0,40.0
2025-05-27,POS,addon,7 Inch - Regular Pizza -Extra Cheese,1.0,20.0,20.0
2025-05-27,POS,item,Combo Delight Non-veg,4.0,20.0,80.0
2025-05-27,POS,item,Blue Mojito,1.0,0.0,0.0
2025-05-27,POS,item,Brownie,1.0,0.0,0.0
2025-05-27,POS,item,Brownie With Ice Cream,2.0,0.0,0.0
2025-05-27,POS,item,Chicken Nuggets,1.0,0.0,0.0
2025-05-27,POS,item,Chikku Shake,1.0,0.0,0.0
2025-05-27,POS,item,Chocolate Shake,2.0,0.0,0.0
2025-05-27,POS,item,French Fries,3.0,0.0,0.0
2025-05-27,POS,item,Fresh Lime Juice,4.0,0.0,0.0
2025-05-27,POS,item,Grapes Juice,1.0,0.0,0.0
2025-05-27,POS,item,Green Apple,2.0,0.0,0.0
2025-05-27,POS,item,Loaded Fries,1.0,0.0,0.0
2025-05-27,POS,item,Mdew 250ml Pet,1.0,0.0,0.0
2025-05-27,POS,item,Mixed Chicken Salad,1.0,0.0,0.0
2025-05-27,POS,item,Pepsi 250ml Pet,1.0,0.0,0.0
2025-05-27,POS,item,Pizza Upgrade,1.0,0.0,0.0
2025-05-27,POS,item,Regular Chicken Burger,3.0,0.0,0.0
2025-05-27,POS,item,Sizzling Brownie,1.0,0.0,0.0
2025-05-27,POS,item,Tender Coconut,1.0,0.0,0.0
2025-05-27,POS,item,Water Melon,1.0,0.0,0.0
2025-05-26,POS,item,2 Medium Non-veg@759,1.0,150.0,150.0
2025-05-26,POS,item,12 Inch - Large Pizza,2.0,120.0,240.0
2025-05-26,POS,item,9 Inch - Medium Pizza,3.0,75.0,225.0
2025-05-26,Swiggy,item,9 Inch - Medium Pizza,1.0,75.0,75.0
2025-05-26,POS,item,Super Saver Meal Medium,1.0,75.0,75.0
2025-05-26,Swiggy,item,7 Inch - Regular Pizza,8.0,40.0,320.0
2025-05-26,POS,item,7 Inch - Regular Pizza,5.0,40.0,200.0
2025-05-26,Swiggy,item,Garlic Bread With Cheese,1.0,40.0,40.0
2025-05-26,POS,item,Super Saver Meal Regular,3.0,40.0,120.0
2025-05-26,Swiggy,addon,7 Inch - Regular Pizza -Extra Cheese,1.0,20.0,20.0
2025-05-26,POS,item,Combo Delight Non-veg,1.0,20.0,20.0
2025-05-26,POS,item,7up 250ml Pet,1.0,0.0,0.0
2025-05-26,POS,item,7up@45rs,1.0,0.0,0.0
2025-05-26,Swiggy,item,Brownie,1.0,0.0,0.0
2025-05-26,Swiggy,item,Brownie With Ice Cream,1.0,0.0,0.0
2025-05-26,POS,item,Burger Combo @ 169,1.0,0.0,0.0
2025-05-26,Swiggy,item,Chicken Loaded Fries,2.0,0.0,0.0
2025-05-26,Swiggy,item,Chicken Nuggets,1.0,0.0,0.0
2025-05-26,POS,item,Chicken Pasta,1.0,0.0,0.0
2025-05-26,POS,item,French Fries,3.0,0.0,0.0
2025-05-26,POS,item,Mango,2.0,0.0,0.0
2025-05-26,POS,item,Mdew 250ml Pet,1.0,0.0,0.0
2025-05-26,Swiggy,item,Passion Mint,1.0,0.0,0.0
2025-05-26,POS,item,Pepsi 250ml Pet,4.0,0.0,0.0
2025-05-26,POS,item,Pineapple Juice,1.0,0.0,0.0
2025-05-26,POS,item,Regular Chicken Burger,12.0,0.0,0.0
2025-05-26,POS,item,Soft Drink,1.0,0.0,0.0
2025-05-26,POS,item,Special Discount,0.0,0.0,0.0
2025-05-26,POS,item,Water Melon,1.0,0.0,0.0
2025-05-25,POS,item,2 Medium Non-veg@759,1.0,150.0,150.0
2025-05-25,POS,item,12 Inch - Large Pizza,3.0,120.0,360.0
2025-05-25,POS,item,2 Regular Non-veg@409,1.0,80.0,80.0
2025-05-25,POS,item,9 Inch - Medium Pizza,8.0,75.0,600.0
2025-05-25,Swiggy,item,7 Inch - Regular Pizza,9.0,40.0,360.0
2025-05-25,POS,item,7 Inch - Regular Pizza,4.0,40.0,160.0
2025-05-25,POS,item,Garlic Bread Supreme [veg],1.0,40.0,40.0
2025-05-25,POS,item,Garlic Bread Supreme[non-veg],1.0,40.0,40.0
2025-05-25,POS,item,Garlic Bread With Cheese,2.0,40.0,80.0
2025-05-25,POS,item,Super Saver Meal Regular,1.0,40.0,40.0
2025-05-25,POS,item,Combo Delight Non-veg,2.0,20.0,40.0
2025-05-25,POS,item,7up 250ml Pet,2.0,0.0,0.0
2025-05-25,Swiggy,item,Blue Curacao,1.0,0.0,0.0
2025-05-25,Swiggy,item,Blue Mojito,1.0,0.0,0.0
2025-05-25,Swiggy,item,Chicken Nuggets,1.0,0.0,0.0
2025-05-25,POS,item,Chicken Pasta,3.0,0.0,0.0
2025-05-25,POS,item,French Fries,6.0,0.0,0.0
2025-05-25,Swiggy,item,French Fries,1.0,0.0,0.0
2025-05-25,POS,item,Fresh Garden Mint,1.0,0.0,0.0
2025-05-25,POS,item,Garlic Bread,1.0,0.0,0.0
2025-05-25,Swiggy,item,Green Apple,1.0,0.0,0.0
2025-05-25,POS,item,Hot Garlic Dip,2.0,0.0,0.0
2025-05-25,POS,item,Loaded Fries,1.0,0.0,0.0
2025-05-25,POS,item,Mdew 330ml Can,5.0,0.0,0.0
2025-05-25,POS,item,Mint Lime Juice,2.0,0.0,0.0
2025-05-25,POS,item,Mixed Chicken Salad,1.0,0.0,0.0
2025-05-25,Swiggy,item,Passion Mint,1.0,0.0,0.0
2025-05-25,POS,item,Pepsi 250ml Pet,1.0,0.0,0.0
2025-05-25,POS,item,Pepsi@40rs,1.0,0.0,0.0
2025-05-25,POS,item,Pepsi@50rs,1.0,0.0,0.0
2025-05-25,POS,item,Pineapple Juice,2.0,0.0,0.0
2025-05-25,POS,item,Regular Chicken Burger,2.0,0.0,0.0
2025-05-25,POS,item,Special Discount,0.0,0.0,0.0
2025-05-25,POS,item,Spicy Chicken Zinger Burger,2.0,0.0,0.0
2025-05-25,POS,item,Tender Coconut,1.0,0.0,0.0
2025-05-25,POS,item,Veg Pasta,1.0,0.0,0.0
2025-05-24,POS,item,12 Inch - Large Pizza,4.0,120.0,480.0
2025-05-24,POS,item,2 Regular Non-veg@409,4.0,80.0,320.0
2025-05-24,POS,item,9 Inch - Medium Pizza,4.0,75.0,300.0
2025-05-24,POS,item,7 Inch - Regular Pizza,9.0,40.0,360.0
2025-05-24,Swiggy,item,7 Inch - Regular Pizza,7.0,40.0,280.0
2025-05-24,POS,item,Super Saver Meal Regular,1.0,40.0,40.0
2025-05-24,POS,item,Big Slice Of Pizza,1.0,0.0,0.0
2025-05-24,POS,item,Burger Combo @ 169,2.0,0.0,0.0
2025-05-24,Swiggy,item,Butterscotch Sundae,1.0,0.0,0.0
2025-05-24,POS,item,Cheesy Fries,1.0,0.0,0.0
2025-05-24,POS,item,French Fries,5.0,0.0,0.0
2025-05-24,Swiggy,item,French Fries,1.0,0.0,0.0
2025-05-24,POS,item,Loaded Fries,5.0,0.0,0.0
2025-05-24,POS,item,Mdew 330ml Can,1.0,0.0,0.0
2025-05-24,POS,item,Mdew@40rs,1.0,0.0,0.0
2025-05-24,POS,item,Pepsi 250ml Pet,2.0,0.0,0.0
2025-05-24,POS,item,Pepsi@50rs,1.0,0.0,0.0
2025-05-24,POS,item,Regular Chicken Burger,3.0,0.0,0.0
2025-05-24,POS,item,Slice 200ml,1.0,0.0,0.0
2025-05-23,POS,item,2 Medium Non-veg@759,2.0,150.0,300.0
2025-05-23,POS,item,12 Inch - Large Pizza,1.0,120.0,120.0
2025-05-23,Swiggy,item,12 Inch - Large Pizza,1.0,120.0,120.0
2025-05-23,POS,item,9 Inch - Medium Pizza,4.0,75.0,300.0
2025-05-23,Swiggy,item,9 Inch - Medium Pizza,1.0,75.0,75.0
2025-05-23,Swiggy,item,Bada Saver Meal Medium,1.0,75.0,75.0
2025-05-23,POS,item,7 Inch - Regular Pizza,7.0,40.0,280.0
2025-05-23,Swiggy,item,7 Inch - Regular Pizza,5.0,40.0,200.0
2025-05-23,POS,item,Garlic Bread Supreme [veg],1.0,40.0,40.0
2025-05-23,POS,item,Garlic Bread With Cheese,2.0,40.0,80.0
2025-05-23,POS,item,Super Saver Meal Regular,1.0,40.0,40.0
2025-05-23,POS,addon,7 Inch - Regular Pizza -Extra Cheese,1.0,20.0,20.0
2025-05-23,POS,item,Combo Delight Veg,1.0,20.0,20.0
2025-05-23,POS,item,Big Slice Of Pizza,3.0,0.0,0.0
2025-05-23,Swiggy,item,Brownie,1.0,0.0,0.0
2025-05-23,Swiggy,item,Chicken Loaded Fries,1.0,0.0,0.0
2025-05-23,Swiggy,item,Chicken Pasta,1.0,0.0,0.0
2025-05-23,POS,item,Chikku Shake,1.0,0.0,0.0
2025-05-23,POS,item,Chocolate Shake,1.0,0.0,0.0
2025-05-23,POS,item,French Fries,2.0,0.0,0.0
2025-05-23,Swiggy,item,French Fries,1.0,0.0,0.0
2025-05-23,POS,item,Fresh Lime Juice,1.0,0.0,0.0
2025-05-23,Swiggy,item,Garlic Bread,1.0,0.0,0.0
2025-05-23,POS,item,Grapes Juice,2.0,0.0,0.0
2025-05-23,POS,item,Green Apple,1.0,0.0,0.0
2025-05-23,POS,item,Hot Garlic Dip,1.0,0.0,0.0
2025-05-23,POS,item,Mdew@40rs,1.0,0.0,0.0
2025-05-23,Swiggy,item,Passion Mint,1.0,0.0,0.0
2025-05-23,POS,item,Pepsi 250ml Pet,4.0,0.0,0.0
2025-05-23,POS,item,Pepsi 330ml Can,1.0,0.0,0.0
2025-05-23,POS,item,Pepsi@45rs,1.0,0.0,0.0
2025-05-23,POS,item,Potato Wedges,1.0,0.0,0.0
2025-05-23,Swiggy,item,Potato Wedges,1.0,0.0,0.0
2025-05-23,POS,item,Regular Chicken Burger,4.0,0.0,0.0
2025-05-23,POS,item,Spicy Chicken Zinger Burger,2.0,0.0,0.0
2025-05-22,POS,item,2 Large Non-veg@1149,3.0,240.0,720.0
2025-05-22,POS,item,2 Medium Non-veg@759,2.0,150.0,300.0
2025-05-22,Swiggy,item,2 Medium Pizzas,1.0,150.0,150.0
2025-05-22,POS,item,12 Inch - Large Pizza,4.0,120.0,480.0
2025-05-22,POS,item,2 Regular Non-veg@409,2.0,80.0,160.0
2025-05-22,POS,item,9 Inch - Medium Pizza,4.0,75.0,300.0
2025-05-22,POS,item,7 Inch - Regular Pizza,10.0,40.0,400.0
2025-05-22,Swiggy,item,7 Inch - Regular Pizza,7.0,40.0,280.0
2025-05-22,POS,item,Delicious Combo Delight Regular,1.0,40.0,40.0
2025-05-22,POS,item,Garlic Bread With Cheese,1.0,40.0,40.0
2025-05-22,POS,addon,7 Inch - Regular Pizza -Extra Cheese,1.0,20.0,20.0
2025-05-22,POS,item,Combo Delight Non-veg,1.0,20.0,20.0
2025-05-22,POS,item,7up 250ml Pet,4.0,0.0,0.0
2025-05-22,POS,item,7up @50rs,1.0,0.0,0.0
2025-05-22,POS,item,7up@45rs,1.0,0.0,0.0
2025-05-22,POS,item,Brownie With Ice Cream,2.0,0.0,0.0
2025-05-22,POS,item,Burger Combo @ 179,1.0,0.0,0.0
2025-05-22,POS,item,Cheesy Fries,1.0,0.0,0.0
2025-05-22,Swiggy,item,Chicken Nuggets,1.0,0.0,0.0
2025-05-22,POS,item,Chikku Shake,1.0,0.0,0.0
2025-05-22,POS,item,French Fries,1.0,0.0,0.0
2025-05-22,POS,item,Fresh Garden Mint,1.0,0.0,0.0
2025-05-22,POS,item,Grapes Juice,1.0,0.0,0.0
2025-05-22,POS,item,Green Apple,1.0,0.0,0.0
2025-05-22,POS,item,Mdew@40rs,1.0,0.0,0.0
2025-05-22,POS,item,Mineral Water,2.0,0.0,0.0
2025-05-22,POS,item,Mint Lime Juice,2.0,0.0,0.0
2025-05-22,POS,item,Pepsi 250ml Pet,3.0,0.0,0.0
2025-05-22,POS,item,Pepsi@50rs,8.0,0.0,0.0
2025-05-22,POS,item,Peri Peri Dip,2.0,0.0,0.0
2025-05-22,POS,item,Regular Chicken Burger,5.0,0.0,0.0
2025-05-21,POS,item,Non Veg Meal For 6,1.0,195.0,195.0
2025-05-21,POS,item,2 Medium Non-veg@759,1.0,150.0,150.0
2025-05-21,POS,item,12 Inch - Large Pizza,5.0,120.0,600.0
2025-05-21,Swiggy,item,12 Inch - Large Pizza,1.0,120.0,120.0
2025-05-21,POS,item,Non Veg Meal For 4,1.0,120.0,120.0
2025-05-21,POS,item,2 Regular Non-veg@409,1.0,80.0,80.0
2025-05-21,POS,item,2 Regular Veg@349,1.0,80.0,80.0
2025-05-21,POS,item,9 Inch - Medium Pizza,6.0,75.0,450.0
2025-05-21,POS,item,Super Saver Meal Medium,1.0,75.0,75.0
2025-05-21,POS,item,7 Inch - Regular Pizza,14.0,40.0,560.0
2025-05-21,Swiggy,item,7 Inch - Regular Pizza,6.0,40.0,240.0
2025-05-21,POS,item,Garlic Bread With Cheese,3.0,40.0,120.0
2025-05-21,Swiggy,addon,7 Inch - Regular Pizza -Extra Cheese,1.0,20.0,20.0
2025-05-21,POS,item,Combo Delight Non-veg,1.0,20.0,20.0
2025-05-21,POS,item,2 Medium Veg@699,1.0,0.0,0.0
2025-05-21,POS,item,7up 250ml Pet,1.0,0.0,0.0
2025-05-21,POS,item,Blue Mojito,2.0,0.0,0.0
2025-05-21,POS,item,Burger Combo @ 169,2.0,0.0,0.0
2025-05-21,Swiggy,item,Cheesy Fries,1.0,0.0,0.0
2025-05-21,Swiggy,item,Chicken Pasta,1.0,0.0,0.0
2025-05-21,POS,item,Chikku Shake,4.0,0.0,0.0
2025-05-21,POS,item,Chocolate Shake,6.0,0.0,0.0
2025-05-21,POS,item,French Fries,2.0,0.0,0.0
2025-05-21,Swiggy,item,French Fries,1.0,0.0,0.0
2025-05-21,POS,item,Fresh Lime Juice,4.0,0.0,0.0
2025-05-21,POS,item,Grapes Juice,1.0,0.0,0.0
2025-05-21,POS,item,Loaded Fries,3.0,0.0,0.0
2025-05-21,POS,item,Mdew 330ml Can,1.0,0.0,0.0
2025-05-21,POS,item,Mineral Water,1.0,0.0,0.0
2025-05-21,POS,item,Mint Lime Juice,1.0,0.0,0.0
2025-05-21,POS,item,Pepsi 250ml Pet,3.0,0.0,0.0
2025-05-21,POS,item,Pepsi 330ml Can,1.0,0.0,0.0
2025-05-21,POS,item,Pepsi@45rs,2.0,0.0,0.0
2025-05-21,POS,item,Pepsi@50rs,1.0,0.0,0.0
2025-05-21,POS,item,Pineapple Juice,1.0,0.0,0.0
2025-05-21,POS,item,Regular Chicken Burger,4.0,0.0,0.0
2025-05-21,POS,item,Slice 200ml,1.0,0.0,0.0
2025-05-21,POS,item,Spicy Chicken Zinger Burger,1.0,0.0,0.0
2025-05-21,POS,item,Tender Coconut,2.0,0.0,0.0
2025-05-20,POS,item,2 Large Non-veg@1149,1.0,240.0,240.0
2025-05-20,POS,item,2 Medium Non-veg@759,2.0,150.0,300.0
2025-05-20,POS,item,12 Inch - Large Pizza,1.0,120.0,120.0
2025-05-20,POS,item,2 Regular Non-veg@409,3.0,80.0,240.0
2025-05-20,POS,item,2 Regular Veg@349,1.0,80.0,80.0
2025-05-20,POS,item,9 Inch - Medium Pizza,4.0,75.0,300.0
2025-05-20,POS,item,7 Inch - Regular Pizza,5.0,40.0,200.0
2025-05-20,Swiggy,item,7 Inch - Regular Pizza,3.0,40.0,120.0
2025-05-20,POS,item,Garlic Bread With Cheese,1.0,40.0,40.0
2025-05-20,POS,item,Combo Delight Non-veg,1.0,20.0,20.0
2025-05-20,POS,item,7up @50rs,1.0,0.0,0.0
2025-05-20,Swiggy,item,Blue Mojito,1.0,0.0,0.0
2025-05-20,Swiggy,item,Brownie,1.0,0.0,0.0
2025-05-20,Swiggy,item,Chicken Loaded Fries,1.0,0.0,0.0
2025-05-20,Swiggy,item,Chicken Nuggets,1.0,0.0,0.0
2025-05-20,POS,item,Chicken Pasta,2.0,0.0,0.0
2025-05-20,POS,item,French Fries,4.0,0.0,0.0
2025-05-20,Swiggy,item,French Fries,1.0,0.0,0.0
2025-05-20,POS,item,Fresh Lime Juice,2.0,0.0,0.0
2025-05-20,POS,item,Mdew 330ml Can,1.0,0.0,0.0
2025-05-20,POS,item,Mint Lime Juice,2.0,0.0,0.0
2025-05-20,POS,item,Pepsi 250ml Pet,1.0,0.0,0.0
2025-05-20,POS,item,Pepsi 330ml Can,1.0,0.0,0.0
2025-05-20,POS,item,Pepsi@50rs,2.0,0.0,0.0
2025-05-20,POS,item,Potato Wedges,2.0,0.0,0.0
2025-05-20,POS,item,Regular Chicken Burger,6.0,0.0,0.0
2025-05-20,POS,item,Soft Drink,1.0,0.0,0.0
2025-05-20,POS,item,Spicy Chicken Zinger Burger,7.0,0.0,0.0
2025-05-20,POS,item,Veg Burger,1.0,0.0,0.0
2025-05-20,POS,item,Veg Pasta,1.0,0.0,0.0
2025-05-20,POS,item,Watermelon Juice,1.0,0.0,0.0
2025-05-19,POS,item,2 Medium Non-veg@759,1.0,150.0,150.0
2025-05-19,Swiggy,item,12 Inch - Large Pizza,1.0,120.0,120.0
2025-05-19,POS,item,Veg Meal For 4,1.0,120.0,120.0
2025-05-19,POS,item,2 Regular Non-veg@409,1.0,80.0,80.0
2025-05-19,POS,item,2 Regular Veg@349,1.0,80.0,80.0
2025-05-19,POS,item,9 Inch - Medium Pizza,4.0,75.0,300.0
2025-05-19,Swiggy,item,Bada Saver Meal Medium,1.0,75.0,75.0
2025-05-19,POS,item,Delicious Combo Delight Medium,1.0,75.0,75.0
2025-05-19,POS,item,7 Inch - Regular Pizza,6.0,40.0,240.0
2025-05-19,Swiggy,item,7 Inch - Regular Pizza,1.0,40.0,40.0
2025-05-19,POS,item,Delicious Combo Delight Regular,2.0,40.0,80.0
2025-05-19,POS,item,Garlic Bread Supreme [veg],1.0,40.0,40.0
2025-05-19,POS,item,Garlic Bread Supreme[non-veg],1.0,40.0,40.0
2025-05-19,POS,item,Super Saver Meal Regular,1.0,40.0,40.0
2025-05-19,POS,addon,9 Inch - Medium Pizza -Extra Cheese,1.0,38.0,38.0
2025-05-19,POS,addon,7 Inch - Regular Pizza -Extra Cheese,1.0,20.0,20.0
2025-05-19,POS,item,Combo Delight Non-veg,1.0,20.0,20.0
2025-05-19,POS,item,7up 250ml Pet,1.0,0.0,0.0
2025-05-19,POS,item,7up@40rs,1.0,0.0,0.0
2025-05-19,POS,item,Blue Mojito,4.0,0.0,0.0
2025-05-19,POS,item,Brownie With Ice Cream,1.0,0.0,0.0
2025-05-19,POS,item,Chicken Nuggets,1.0,0.0,0.0
2025-05-19,POS,item,Chicken Pasta,3.0,0.0,0.0
2025-05-19,POS,item,French Fries,1.0,0.0,0.0
2025-05-19,POS,item,Grapes Juice,1.0,0.0,0.0
2025-05-19,POS,item,Loaded Fries,1.0,0.0,0.0
2025-05-19,POS,item,Mineral Water,1.0,0.0,0.0
2025-05-19,POS,item,Mint Lime Juice,1.0,0.0,0.0
2025-05-19,POS,item,Pepsi 330ml Can,3.0,0.0,0.0
2025-05-19,POS,item,Pepsi@45rs,1.0,0.0,0.0
2025-05-19,POS,item,Pineapple Juice,4.0,0.0,0.0
2025-05-19,POS,item,Potato Wedges,1.0,0.0,0.0
2025-05-19,POS,item,Regular Chicken Burger,9.0,0.0,0.0
2025-05-19,POS,item,Veg Burger,1.0,0.0,0.0
2025-05-19,POS,item,Veg Pasta,1.0,0.0,0.0
2025-05-19,POS,item,Water Melon,1.0,0.0,0.0
2025-05-18,POS,item,2 Medium Non-veg@759,2.0,150.0,300.0
2025-05-18,POS,item,12 Inch - Large Pizza,1.0,120.0,120.0
2025-05-18,Swiggy,item,12 Inch - Large Pizza,1.0,120.0,120.0
2025-05-18,POS,item,9 Inch - Medium Pizza,6.0,75.0,450.0
2025-05-18,POS,item,Delicious Combo Delight Medium,2.0,75.0,150.0
2025-05-18,POS,item,7 Inch - Regular Pizza,12.0,40.0,480.0
2025-05-18,Swiggy,item,7 Inch - Regular Pizza,7.0,40.0,280.0
2025-05-18,POS,item,Garlic Bread With Cheese,2.0,40.0,80.0
2025-05-18,Swiggy,item,Garlic Bread With Cheese,2.0,40.0,80.0
2025-05-18,POS,item,Super Saver Meal Regular,1.0,40.0,40.0
2025-05-18,POS,item,7up 250ml Pet,3.0,0.0,0.0
2025-05-18,POS,item,7up@45rs,1.0,0.0,0.0
2025-05-18,POS,item,Blue Mojito,3.0,0.0,0.0
2025-05-18,POS,item,Brownie With Ice Cream,1.0,0.0,0.0
2025-05-18,POS,item,Burger Combo @ 169,1.0,0.0,0.0
2025-05-18,POS,item,Burger Combo @ 199,1.0,0.0,0.0
2025-05-18,POS,item,Cheesy Fries,4.0,0.0,0.0
2025-05-18,POS,item,Chocolate Shake,1.0,0.0,0.0
2025-05-18,POS,item,French Fries,1.0,0.0,0.0
2025-05-18,POS,item,Fresh Garden Mint,1.0,0.0,0.0
2025-05-18,POS,item,Fresh Lime Juice,2.0,0.0,0.0
2025-05-18,POS,item,Loaded Fries,1.0,0.0,0.0
2025-05-18,Swiggy,item,Macaroni N Chicken Salad,1.0,0.0,0.0
2025-05-18,POS,item,Mdew 250ml Pet,1.0,0.0,0.0
2025-05-18,POS,item,Mdew@40rs,1.0,0.0,0.0
2025-05-18,POS,item,Mineral Water,2.0,0.0,0.0
2025-05-18,POS,item,Mint Lime Juice,3.0,0.0,0.0
2025-05-18,POS,item,Pepsi 250ml Pet,1.0,0.0,0.0
2025-05-18,POS,item,Pepsi@40rs,1.0,0.0,0.0
2025-05-18,POS,item,Potato Wedges,1.0,0.0,0.0
2025-05-18,Swiggy,item,Potato Wedges,1.0,0.0,0.0
2025-05-18,POS,item,Slice 200ml,1.0,0.0,0.0
2025-05-18,POS,item,Soft Drink,1.0,0.0,0.0
2025-05-18,POS,item,Special Discount,0.0,0.0,0.0
2025-05-18,POS,item,Tender Coconut,1.0,0.0,0.0
2025-05-18,POS,item,Veg Pasta,1.0,0.0,0.0
2025-05-17,POS,item,2 Medium Non-veg@759,1.0,150.0,150.0
2025-05-17,POS,item,12 Inch - Large Pizza,4.0,120.0,480.0
2025-05-17,POS,item,2 Regular Non-veg@409,1.0,80.0,80.0
2025-05-17,Swiggy,item,9 Inch - Medium Pizza,1.0,75.0,75.0
2025-05-17,POS,item,Delicious Combo Delight Medium,1.0,75.0,75.0
2025-05-17,POS,item,7 Inch - Regular Pizza,9.0,40.0,360.0
2025-05-17,Swiggy,item,7 Inch - Regular Pizza,4.0,40.0,160.0
2025-05-17,POS,item,Delicious Combo Delight Regular,1.0,40.0,40.0
2025-05-17,POS,item,Garlic Bread With Cheese,2.0,40.0,80.0
2025-05-17,POS,item,Super Saver Meal Regular,2.0,40.0,80.0
2025-05-17,POS,addon,7 Inch - Regular Pizza -Extra Cheese,1.0,20.0,20.0
2025-05-17,POS,item,Combo Delight Non-veg,3.0,20.0,60.0
2025-05-17,POS,item,7up 250ml Pet,2.0,0.0,0.0
2025-05-17,POS,item,7up @50rs,1.0,0.0,0.0
2025-05-17,POS,item,Brownie,1.0,0.0,0.0
2025-05-17,Swiggy,item,Brownie,1.0,0.0,0.0
2025-05-17,POS,item,Cheesy Fries,1.0,0.0,0.0
2025-05-17,POS,item,Chicken Nuggets,1.0,0.0,0.0
2025-05-17,POS,item,Chicken Pasta,2.0,0.0,0.0
2025-05-17,POS,item,Chilly Potato Shots,1.0,0.0,0.0
2025-05-17,POS,item,French Fries,4.0,0.0,0.0
2025-05-17,POS,item,Fresh Garden Mint,1.0,0.0,0.0
2025-05-17,POS,item,Fresh Lime Juice,3.0,0.0,0.0
2025-05-17,POS,item,Garlic Bread,1.0,0.0,0.0
2025-05-17,POS,item,Mineral Water,1.0,0.0,0.0
2025-05-17,POS,item,Mint Lime Juice,2.0,0.0,0.0
2025-05-17,POS,item,Mixed Berry,1.0,0.0,0.0
2025-05-17,POS,item,Passion Fruit,1.0,0.0,0.0
2025-05-17,Swiggy,item,Passion Mint,1.0,0.0,0.0
2025-05-17,POS,item,Pepsi 250ml Pet,1.0,0.0,0.0
2025-05-17,POS,item,Potato Wedges,1.0,0.0,0.0
2025-05-17,POS,item,Regular Chicken Burger,2.0,0.0,0.0
2025-05-17,POS,item,Sizzling Brownie,1.0,0.0,0.0
2025-05-17,POS,item,Veg Burger,1.0,0.0,0.0
2025-05-17,POS,item,Veg Pasta,1.0,0.0,0.0
2025-05-17,POS,item,Watermelon Juice,1.0,0.0,0.0
2025-05-16,POS,item,2 Large Non-veg@1149,1.0,240.0,240.0
2025-05-16,POS,item,12 Inch - Large Pizza,1.0,120.0,120.0
2025-05-16,POS,addon,2 Large Non-veg@1149-Extra Cheese,1.0,120.0,120.0
2025-05-16,POS,item,2 Regular Non-veg@409,2.0,80.0,160.0
2025-05-16,POS,item,9 Inch - Medium Pizza,4.0,75.0,300.0
2025-05-16,POS,item,Super Saver Meal Medium,2.0,75.0,150.0
2025-05-16,POS,item,7 Inch - Regular Pizza,8.0,40.0,320.0
2025-05-16,POS,addon,7 Inch - Regular Pizza -Extra Cheese,1.0,20.0,20.0
2025-05-16,POS,item,Combo Delight Non-veg,2.0,20.0,40.0
2025-05-16,POS,item,7up@45rs,1.0,0.0,0.0
2025-05-16,Swiggy,item,Chicken Pasta,1.0,0.0,0.0
2025-05-16,POS,item,Chikku Shake,1.0,0.0,0.0
2025-05-16,POS,item,French Fries,2.0,0.0,0.0
2025-05-16,POS,item,Mineral Water,1.0,0.0,0.0
2025-05-16,POS,item,Mixed Berry,1.0,0.0,0.0
2025-05-16,POS,item,Pepsi 250ml Pet,1.0,0.0,0.0
2025-05-16,POS,item,Regular Chicken Burger,1.0,0.0,0.0
2025-05-15,POS,item,2 Large Non-veg@1149,2.0,240.0,480.0
2025-05-15,POS,item,2 Medium Non-veg@759,1.0,150.0,150.0
2025-05-15,Swiggy,item,2 Medium Pizzas,1.0,150.0,150.0
2025-05-15,POS,item,12 Inch - Large Pizza,4.0,120.0,480.0
2025-05-15,POS,item,2 Regular Veg@349,2.0,80.0,160.0
2025-05-15,POS,item,9 Inch - Medium Pizza,4.0,75.0,300.0
2025-05-15,Swiggy,item,9 Inch - Medium Pizza,1.0,75.0,75.0
2025-05-15,POS,item,Super Saver Meal Medium,2.0,75.0,150.0
2025-05-15,POS,item,7 Inch - Regular Pizza,9.0,40.0,360.0
2025-05-15,Swiggy,item,7 Inch - Regular Pizza,3.0,40.0,120.0
2025-05-15,Swiggy,item,Garlic Bread With Cheese,1.0,40.0,40.0
2025-05-15,POS,item,Super Saver Meal Regular,4.0,40.0,160.0
2025-05-15,POS,item,2 Regular Non-veg@409,2.0,0.0,0.0
2025-05-15,POS,item,7up 250ml Pet,2.0,0.0,0.0
2025-05-15,POS,item,7up@40rs,2.0,0.0,0.0
2025-05-15,Swiggy,item,Cheesy Fries,1.0,0.0,0.0
2025-05-15,POS,item,Chicken Nuggets,1.0,0.0,0.0
2025-05-15,POS,item,Chicken Pasta,2.0,0.0,0.0
2025-05-15,POS,item,Chicken Popcorn,1.0,0.0,0.0
2025-05-15,POS,item,French Fries,7.0,0.0,0.0
2025-05-15,POS,item,Fresh Garden Mint,1.0,0.0,0.0
2025-05-15,Swiggy,item,Fresh Garden Mint,1.0,0.0,0.0
2025-05-15,POS,item,Garlic Bread,1.0,0.0,0.0
2025-05-15,POS,item,Grapes Juice,1.0,0.0,0.0
2025-05-15,POS,item,Greek Salad,1.0,0.0,0.0
2025-05-15,POS,item,Mineral Water,1.0,0.0,0.0
2025-05-15,Swiggy,item,Passion Mint,1.0,0.0,0.0
2025-05-15,POS,item,Pepsi 250ml Pet,1.0,0.0,0.0
2025-05-15,POS,item,Pepsi 330ml Can,2.0,0.0,0.0
2025-05-15,POS,item,Pepsi@40rs,1.0,0.0,0.0
2025-05-15,POS,item,Pepsi@45rs,1.0,0.0,0.0
2025-05-15,POS,item,Peri Peri Dip,1.0,0.0,0.0
2025-05-15,POS,item,Regular Chicken Burger,2.0,0.0,0.0
2025-05-15,POS,addon,Super Saver Meal Regular-Extra Cheese,3.0,0.0,0.0
2025-05-15,POS,item,Watermelon Juice,1.0,0.0,0.0
2025-05-15,POS,item,2 Large Non-veg@1149,2.0,240.0,480.0
2025-05-15,POS,item,2 Medium Non-veg@759,1.0,150.0,150.0
2025-05-15,Swiggy,item,2 Medium Pizzas,1.0,150.0,150.0
2025-05-15,POS,item,12 Inch - Large Pizza,4.0,120.0,480.0
2025-05-15,POS,item,2 Regular Veg@349,2.0,80.0,160.0
2025-05-15,POS,item,9 Inch - Medium Pizza,4.0,75.0,300.0
2025-05-15,Swiggy,item,9 Inch - Medium Pizza,1.0,75.0,75.0
2025-05-15,POS,item,Super Saver Meal Medium,2.0,75.0,150.0
2025-05-15,POS,item,7 Inch - Regular Pizza,9.0,40.0,360.0
2025-05-15,Swiggy,item,7 Inch - Regular Pizza,3.0,40.0,120.0
2025-05-15,Swiggy,item,Garlic Bread With Cheese,1.0,40.0,40.0
2025-05-15,POS,item,Super Saver Meal Regular,4.0,40.0,160.0
2025-05-15,POS,item,2 Regular Non-veg@409,2.0,0.0,0.0
2025-05-15,POS,item,7up 250ml Pet,2.0,0.0,0.0
2025-05-15,POS,item,7up@40rs,2.0,0.0,0.0
2025-05-15,Swiggy,item,Cheesy Fries,1.0,0.0,0.0
2025-05-15,POS,item,Chicken Nuggets,1.0,0.0,0.0
2025-05-15,POS,item,Chicken Pasta,2.0,0.0,0.0
2025-05-15,POS,item,Chicken Popcorn,1.0,0.0,0.0
2025-05-15,POS,item,French Fries,7.0,0.0,0.0
2025-05-15,POS,item,Fresh Garden Mint,1.0,0.0,0.0
2025-05-15,Swiggy,item,Fresh Garden Mint,1.0,0.0,0.0
2025-05-15,POS,item,Garlic Bread,1.0,0.0,0.0
2025-05-15,POS,item,Grapes Juice,1.0,0.0,0.0
2025-05-15,POS,item,Greek Salad,1.0,0.0,0.0
2025-05-15,POS,item,Mineral Water,1.0,0.0,0.0
2025-05-15,Swiggy,item,Passion Mint,1.0,0.0,0.0
2025-05-15,POS,item,Pepsi 250ml Pet,1.0,0.0,0.0
2025-05-15,POS,item,Pepsi 330ml Can,2.0,0.0,0.0
2025-05-15,POS,item,Pepsi@40rs,1.0,0.0,0.0
2025-05-15,POS,item,Pepsi@45rs,1.0,0.0,0.0
2025-05-15,POS,item,Peri Peri Dip,1.0,0.0,0.0
2025-05-15,POS,item,Regular Chicken Burger,2.0,0.0,0.0
2025-05-15,POS,addon,Super Saver Meal Regular-Extra Cheese,3.0,0.0,0.0
2025-05-15,POS,item,Watermelon Juice,1.0,0.0,0.0
2025-05-14,POS,item,12 Inch - Large Pizza,6.0,120.0,720.0
2025-05-14,Swiggy,item,12 Inch - Large Pizza,1.0,120.0,120.0
2025-05-14,POS,item,9 Inch - Medium Pizza,10.0,75.0,750.0
2025-05-14,Swiggy,item,9 Inch - Medium Pizza,2.0,75.0,150.0
2025-05-14,POS,item,Super Saver Meal Medium,1.0,75.0,75.0
2025-05-14,POS,item,7 Inch - Regular Pizza,11.0,40.0,440.0
2025-05-14,Swiggy,item,7 Inch - Regular Pizza,1.0,40.0,40.0
2025-05-14,POS,item,Garlic Bread With Cheese,1.0,40.0,40.0
2025-05-14,POS,item,Super Saver Meal Regular,2.0,40.0,80.0
2025-05-14,POS,item,2 Medium Non-Veg@699,1.0,0.0,0.0
2025-05-14,POS,item,2 Regular Non-veg@409,2.0,0.0,0.0
2025-05-14,POS,item,7up @50rs,1.0,0.0,0.0
2025-05-14,POS,item,7up@45rs,1.0,0.0,0.0
2025-05-14,Swiggy,item,Black And White,1.0,0.0,0.0
2025-05-14,POS,item,Blue Mojito,2.0,0.0,0.0
2025-05-14,Swiggy,item,Brownie,2.0,0.0,0.0
2025-05-14,POS,item,Brownie With Ice Cream,1.0,0.0,0.0
2025-05-14,POS,item,Chicken Nuggets,4.0,0.0,0.0
2025-05-14,Swiggy,item,Chicken Pasta,2.0,0.0,0.0
2025-05-14,POS,item,Chicken Pasta,1.0,0.0,0.0
2025-05-14,POS,item,Chikku Shake,1.0,0.0,0.0
2025-05-14,POS,item,Delicious Combo Delight Medium,1.0,0.0,0.0
2025-05-14,POS,item,French Fries,4.0,0.0,0.0
2025-05-14,POS,item,Loaded Fries,2.0,0.0,0.0
2025-05-14,POS,item,Mdew@40rs,1.0,0.0,0.0
2025-05-14,POS,item,Mineral Water,1.0,0.0,0.0
2025-05-14,POS,item,Mirinda@40rs,1.0,0.0,0.0
2025-05-14,POS,item,Pepsi 250ml Pet,2.0,0.0,0.0
2025-05-14,POS,item,Pepsi@45rs,3.0,0.0,0.0
2025-05-14,POS,item,Peri Peri Dip,1.0,0.0,0.0
2025-05-14,POS,item,Pineapple Juice,1.0,0.0,0.0
2025-05-14,POS,item,Pizza Upgrade,2.0,0.0,0.0
2025-05-14,POS,item,Regular Chicken Burger,3.0,0.0,0.0
2025-05-14,POS,item,Tender Coconut,1.0,0.0,0.0
2025-05-14,POS,item,Veg Pasta,4.0,0.0,0.0
2025-05-13,POS,item,2 Medium Veg@649,1.0,150.0,150.0
2025-05-13,POS,item,12 Inch - Large Pizza,6.0,120.0,720.0
2025-05-13,POS,item,2 Regular Non-veg@389,1.0,80.0,80.0
2025-05-13,POS,item,2 Regular Veg@329,2.0,80.0,160.0
2025-05-13,POS,item,9 Inch - Medium Pizza,10.0,75.0,750.0
2025-05-13,Swiggy,item,9 Inch - Medium Pizza,2.0,75.0,150.0
2025-05-13,POS,item,Super Saver Meal Medium,1.0,75.0,75.0
2025-05-13,POS,item,7 Inch - Regular Pizza,9.0,40.0,360.0
2025-05-13,Swiggy,item,7 Inch - Regular Pizza,9.0,40.0,360.0
2025-05-13,POS,item,Garlic Bread Supreme [veg],1.0,40.0,40.0
2025-05-13,POS,item,Garlic Bread With Cheese,1.0,40.0,40.0
2025-05-13,POS,item,Super Saver Meal Regular,1.0,40.0,40.0
2025-05-13,Swiggy,addon,7 Inch - Regular Pizza -Extra Cheese,3.0,20.0,60.0
2025-05-13,POS,addon,7 Inch - Regular Pizza -Extra Cheese,1.0,20.0,20.0
2025-05-13,POS,item,7up 250ml Pet,1.0,0.0,0.0
2025-05-13,POS,item,7up @50rs,2.0,0.0,0.0
2025-05-13,POS,item,Blue Curacao,1.0,0.0,0.0
2025-05-13,POS,item,Burger Combo @ 169,2.0,0.0,0.0
2025-05-13,POS,item,Burger Combo @ 179,1.0,0.0,0.0
2025-05-13,POS,item,Chicken Nuggets,3.0,0.0,0.0
2025-05-13,POS,item,Chicken Popcorn,2.0,0.0,0.0
2025-05-13,POS,item,Chikku Shake,2.0,0.0,0.0
2025-05-13,POS,item,Chocolate Shake,3.0,0.0,0.0
2025-05-13,POS,item,Fish Finger,1.0,0.0,0.0
2025-05-13,POS,item,French Fries,5.0,0.0,0.0
2025-05-13,POS,item,Fresh Lime Juice,1.0,0.0,0.0
2025-05-13,POS,item,Garlic Bread,2.0,0.0,0.0
2025-05-13,POS,item,Greek Salad,2.0,0.0,0.0
2025-05-13,POS,item,Mdew 330ml Can,1.0,0.0,0.0
2025-05-13,POS,item,Mineral Water,2.0,0.0,0.0
2025-05-13,POS,item,Mixed Chicken Salad,1.0,0.0,0.0
2025-05-13,POS,item,Pepsi 250ml Pet,6.0,0.0,0.0
2025-05-13,POS,item,Pepsi@45rs,1.0,0.0,0.0
2025-05-13,POS,item,Pineapple Juice,1.0,0.0,0.0
2025-05-13,POS,item,Regular Chicken Burger,4.0,0.0,0.0
2025-05-13,POS,item,Tender Coconut,2.0,0.0,0.0
2025-05-13,POS,item,Water Melon,1.0,0.0,0.0
2025-05-12,POS,item,2 Regular Non-veg@389,6.0,80.0,480.0
2025-05-12,POS,item,2 Regular Veg@329,1.0,80.0,80.0
2025-05-12,POS,item,9 Inch - Medium Pizza,9.0,75.0,675.0
2025-05-12,POS,item,Super Saver Meal Medium,1.0,75.0,75.0
2025-05-12,POS,item,7 Inch - Regular Pizza,3.0,40.0,120.0
2025-05-12,Swiggy,item,7 Inch - Regular Pizza,1.0,40.0,40.0
2025-05-12,POS,item,Non Veg Meal For 1,1.0,40.0,40.0
2025-05-12,POS,item,Super Saver Meal Regular,1.0,40.0,40.0
2025-05-12,POS,item,7up 330ml Can,1.0,0.0,0.0
2025-05-12,POS,item,7up@45rs,2.0,0.0,0.0
2025-05-12,POS,item,Blue Mojito,4.0,0.0,0.0
2025-05-12,POS,item,Burger Combo @ 169,3.0,0.0,0.0
2025-05-12,POS,item,Burger Combo @ 179,2.0,0.0,0.0
2025-05-12,POS,item,Chicken Nuggets,1.0,0.0,0.0
2025-05-12,POS,item,Chicken Pasta,1.0,0.0,0.0
2025-05-12,POS,item,Chicken Popcorn,1.0,0.0,0.0
2025-05-12,POS,item,Chikku Shake,2.0,0.0,0.0
2025-05-12,POS,item,Chocolate Shake,2.0,0.0,0.0
2025-05-12,POS,item,French Fries,2.0,0.0,0.0
2025-05-12,POS,item,Macaroni N Chicken Salad,1.0,0.0,0.0
2025-05-12,POS,item,Mineral Water,3.0,0.0,0.0
2025-05-12,POS,item,Mint Lime Juice,6.0,0.0,0.0
2025-05-12,POS,item,Passion Fruit,2.0,0.0,0.0
2025-05-12,Swiggy,item,Passion Mint,1.0,0.0,0.0
2025-05-12,POS,item,Pepsi 330ml Can,1.0,0.0,0.0
2025-05-12,POS,item,Pineapple Juice,1.0,0.0,0.0
2025-05-12,POS,item,Pizza Upgrade,1.0,0.0,0.0
2025-05-12,POS,item,Slice 200ml,5.0,0.0,0.0
2025-05-12,POS,item,Veg Pasta,1.0,0.0,0.0
2025-05-12,POS,item,Water Melon,2.0,0.0,0.0
2025-05-11,POS,item,12 Inch - Large Pizza,2.0,120.0,240.0
2025-05-11,POS,item,Non Veg Meal For 4,1.0,120.0,120.0
2025-05-11,POS,item,2 Regular Non-veg@389,4.0,80.0,320.0
2025-05-11,POS,item,2 Regular Veg@329,1.0,80.0,80.0
2025-05-11,POS,item,9 Inch - Medium Pizza,5.0,75.0,375.0
2025-05-11,Swiggy,item,9 Inch - Medium Pizza,2.0,75.0,150.0
2025-05-11,POS,item,Veg Meal For 2,1.0,75.0,75.0
2025-05-11,POS,item,7 Inch - Regular Pizza,6.0,40.0,240.0
2025-05-11,Swiggy,item,7 Inch - Regular Pizza,6.0,40.0,240.0
2025-05-11,POS,item,Super Saver Meal Regular,3.0,40.0,120.0
2025-05-11,POS,item,Combo Delight Non-Veg,2.0,20.0,40.0
2025-05-11,POS,item,7up 250ml Pet,1.0,0.0,0.0
2025-05-11,POS,item,Blue Mojito,1.0,0.0,0.0
2025-05-11,POS,item,Brownie,1.0,0.0,0.0
2025-05-11,POS,item,Brownie With Ice Cream,2.0,0.0,0.0
2025-05-11,POS,item,Burger Combo @ 169,1.0,0.0,0.0
2025-05-11,POS,item,Burger Combo @ 179,1.0,0.0,0.0
2025-05-11,POS,item,Cheesy Fries,1.0,0.0,0.0
2025-05-11,Swiggy,item,Chicken Loaded Fries,1.0,0.0,0.0
2025-05-11,POS,item,Chicken Pasta,1.0,0.0,0.0
2025-05-11,POS,item,Chocolate Shake,2.0,0.0,0.0
2025-05-11,POS,item,French Fries,3.0,0.0,0.0
2025-05-11,POS,item,Fresh Lime Juice,2.0,0.0,0.0
2025-05-11,POS,item,Garlic Bread,1.0,0.0,0.0
2025-05-11,POS,item,Green Apple,1.0,0.0,0.0
2025-05-11,POS,item,Loaded Fries,2.0,0.0,0.0
2025-05-11,POS,item,Mineral Water,5.0,0.0,0.0
2025-05-11,POS,item,Pepsi 330ml Can,1.0,0.0,0.0
2025-05-11,POS,item,Pepsi@50rs,1.0,0.0,0.0
2025-05-11,POS,item,Pizza Upgrade,1.0,0.0,0.0
2025-05-11,Swiggy,item,Potato Wedges,1.0,0.0,0.0
2025-05-11,POS,item,Regular Chicken Burger,1.0,0.0,0.0
2025-05-11,POS,item,Slice 200ml,2.0,0.0,0.0
2025-05-11,POS,item,Soft Drink,1.0,0.0,0.0
2025-05-11,POS,item,Special Discount,0.0,0.0,0.0
2025-05-11,POS,item,Spicy Chicken Zinger Burger,2.0,0.0,0.0
2025-05-11,POS,item,Veg Pasta,1.0,0.0,0.0
2025-05-11,Swiggy,item,Veg Pasta,1.0,0.0,0.0
2025-05-11,POS,item,Water Melon,1.0,0.0,0.0
2025-05-10,POS,item,2 Medium Non-veg@699,2.0,150.0,300.0
2025-05-10,POS,item,12 Inch - Large Pizza,6.0,120.0,720.0
2025-05-10,POS,item,2 Regular Non-veg@389,1.0,80.0,80.0
2025-05-10,POS,item,2 Regular Veg@329,1.0,80.0,80.0
2025-05-10,POS,item,9 Inch - Medium Pizza,8.0,75.0,600.0
2025-05-10,Swiggy,item,9 Inch - Medium Pizza,1.0,75.0,75.0
2025-05-10,POS,item,Non Veg Meal For 2,1.0,75.0,75.0
2025-05-10,POS,item,7 Inch - Regular Pizza,12.0,40.0,480.0
2025-05-10,Swiggy,item,7 Inch - Regular Pizza,6.0,40.0,240.0
2025-05-10,POS,item,Garlic Bread Supreme[non-veg],1.0,40.0,40.0
2025-05-10,Swiggy,item,Garlic Bread Supreme[non-veg],1.0,40.0,40.0
2025-05-10,POS,item,Garlic Bread With Cheese,2.0,40.0,80.0
2025-05-10,POS,item,Super Saver Meal Regular,2.0,40.0,80.0
2025-05-10,Swiggy,addon,9 Inch - Medium Pizza -Extra Cheese,1.0,38.0,38.0
2025-05-10,POS,item,Combo Delight Non-Veg,1.0,20.0,20.0
2025-05-10,POS,item,7up 250ml Pet,1.0,0.0,0.0
2025-05-10,POS,item,7up@45rs,1.0,0.0,0.0
2025-05-10,POS,item,Blue Mojito,2.0,0.0,0.0
2025-05-10,POS,item,Brownie With Ice Cream,3.0,0.0,0.0
2025-05-10,POS,item,Bubble Gum,1.0,0.0,0.0
2025-05-10,POS,item,Chicken Nuggets,1.0,0.0,0.0
2025-05-10,Swiggy,item,Chicken Nuggets,1.0,0.0,0.0
2025-05-10,POS,item,Chicken Pasta,2.0,0.0,0.0
2025-05-10,POS,item,Chikku Shake,2.0,0.0,0.0
2025-05-10,POS,item,Coleslaw Salad,1.0,0.0,0.0
2025-05-10,POS,item,French Fries,5.0,0.0,0.0
2025-05-10,POS,item,Fresh Garden Mint,1.0,0.0,0.0
2025-05-10,POS,item,Fresh Lime Juice,5.0,0.0,0.0
2025-05-10,POS,item,Greek Salad,1.0,0.0,0.0
2025-05-10,POS,item,Green Apple,2.0,0.0,0.0
2025-05-10,POS,item,Loaded Fries,2.0,0.0,0.0
2025-05-10,POS,item,Mango,1.0,0.0,0.0
2025-05-10,POS,item,Mdew@40rs,1.0,0.0,0.0
2025-05-10,POS,item,Mint Lime Juice,9.0,0.0,0.0
2025-05-10,POS,item,Pepsi 250ml Pet,1.0,0.0,0.0
2025-05-10,POS,item,Pepsi@45rs,2.0,0.0,0.0
2025-05-10,POS,item,Pineapple Juice,3.0,0.0,0.0
2025-05-10,POS,item,Regular Chicken Burger,6.0,0.0,0.0
2025-05-10,POS,item,Roasted Chicken Salad,2.0,0.0,0.0
2025-05-10,POS,item,Soft Drink,1.0,0.0,0.0
2025-05-10,POS,item,Strawberry,2.0,0.0,0.0
2025-05-10,POS,item,Tender Coconut,3.0,0.0,0.0
2025-05-10,POS,item,Veg Pasta,2.0,0.0,0.0
2025-05-10,POS,item,Water Melon,1.0,0.0,0.0
2025-05-10,POS,item,Watermelon Juice,1.0,0.0,0.0
2025-05-09,POS,item,Non Veg Meal For 6,1.0,195.0,195.0
2025-05-09,POS,item,2 Medium Non-veg@699,3.0,150.0,450.0
2025-05-09,POS,item,12 Inch - Large Pizza,2.0,120.0,240.0
2025-05-09,Swiggy,item,12 Inch - Large Pizza,1.0,120.0,120.0
2025-05-09,POS,item,Non Veg Meal For 4,1.0,120.0,120.0
2025-05-09,POS,item,2 Regular Non-veg@389,2.0,80.0,160.0
2025-05-09,POS,item,9 Inch - Medium Pizza,8.0,75.0,600.0
2025-05-09,POS,item,7 Inch - Regular Pizza,8.0,40.0,320.0
2025-05-09,Swiggy,item,7 Inch - Regular Pizza,3.0,40.0,120.0
2025-05-09,POS,addon,7 Inch - Regular Pizza -Extra Cheese,1.0,20.0,20.0
2025-05-09,Swiggy,addon,7 Inch - Regular Pizza -Extra Cheese,1.0,20.0,20.0
2025-05-09,POS,item,Combo Delight Non-Veg,2.0,20.0,40.0
2025-05-09,POS,item,7up 250ml Pet,2.0,0.0,0.0
2025-05-09,POS,item,7up @50rs,1.0,0.0,0.0
2025-05-09,POS,item,Chicken Nuggets,1.0,0.0,0.0
2025-05-09,POS,item,Chocolate Shake,3.0,0.0,0.0
2025-05-09,POS,item,French Fries,2.0,0.0,0.0
2025-05-09,POS,item,Fresh Garden Mint,1.0,0.0,0.0
2025-05-09,POS,item,Loaded Fries,2.0,0.0,0.0
2025-05-09,POS,item,Mdew 330ml Can,1.0,0.0,0.0
2025-05-09,POS,item,Mint Lime Juice,1.0,0.0,0.0
2025-05-09,POS,item,Pepsi 250ml Pet,2.0,0.0,0.0
2025-05-09,POS,item,Pepsi 330ml Can,3.0,0.0,0.0
2025-05-09,POS,item,Pepsi@45rs,1.0,0.0,0.0
2025-05-09,POS,item,Pineapple Juice,1.0,0.0,0.0
2025-05-09,POS,item,Soft Drink,1.0,0.0,0.0
2025-05-08,POS,item,2 Medium Non-veg@699,1.0,150.0,150.0
2025-05-08,POS,item,12 Inch - Large Pizza,4.0,120.0,480.0
2025-05-08,POS,item,2 Regular Non-veg@389,3.0,80.0,240.0
2025-05-08,POS,item,2 Regular Veg@329,2.0,80.0,160.0
2025-05-08,POS,item,9 Inch - Medium Pizza,2.0,75.0,150.0
2025-05-08,Swiggy,item,9 Inch - Medium Pizza,1.0,75.0,75.0
2025-05-08,POS,item,Non Veg Meal For 2,2.0,75.0,150.0
2025-05-08,POS,item,7 Inch - Regular Pizza,7.0,40.0,280.0
2025-05-08,Swiggy,item,7 Inch - Regular Pizza,2.0,40.0,80.0
2025-05-08,POS,item,Garlic Bread With Cheese,1.0,40.0,40.0
2025-05-08,Swiggy,item,Garlic Bread With Cheese,1.0,40.0,40.0
2025-05-08,POS,item,Super Saver Meal Regular,1.0,40.0,40.0
2025-05-08,POS,item,7up 250ml Pet,1.0,0.0,0.0
2025-05-08,Swiggy,item,Black And White,1.0,0.0,0.0
2025-05-08,POS,item,Burger Combo @ 169,1.0,0.0,0.0
2025-05-08,POS,item,Cheese N Macaroni Salad,3.0,0.0,0.0
2025-05-08,POS,item,Chicken Nuggets,1.0,0.0,0.0
2025-05-08,POS,item,Chicken Pasta,2.0,0.0,0.0
2025-05-08,Swiggy,item,Chicken Pasta,1.0,0.0,0.0
2025-05-08,POS,item,Chicken Popcorn,1.0,0.0,0.0
2025-05-08,POS,item,Chikku Shake,1.0,0.0,0.0
2025-05-08,Swiggy,item,French Fries,1.0,0.0,0.0
2025-05-08,POS,item,Mdew 330ml Can,1.0,0.0,0.0
2025-05-08,POS,item,Mdew@40rs,1.0,0.0,0.0
2025-05-08,POS,item,Pepsi 250ml Pet,3.0,0.0,0.0
2025-05-08,POS,item,Pepsi@50rs,2.0,0.0,0.0
2025-05-08,POS,item,Potato Wedges,1.0,0.0,0.0
2025-05-08,POS,item,Slice 200ml,1.0,0.0,0.0
2025-05-08,POS,item,Soft Drink,1.0,0.0,0.0
2025-05-08,POS,item,Veg Burger,1.0,0.0,0.0
2025-05-08,POS,item,Veg Pasta,1.0,0.0,0.0
2025-05-07,POS,item,12 Inch - Large Pizza,6.0,120.0,720.0
2025-05-07,Swiggy,item,12 Inch - Large Pizza,1.0,120.0,120.0
2025-05-07,POS,item,Non Veg Meal For 4,1.0,120.0,120.0
2025-05-07,POS,item,2 Regular Non-veg@389,2.0,80.0,160.0
2025-05-07,POS,item,9 Inch - Medium Pizza,4.0,75.0,300.0
2025-05-07,POS,item,7 Inch - Regular Pizza,12.0,40.0,480.0
2025-05-07,Swiggy,item,7 Inch - Regular Pizza,7.0,40.0,280.0
2025-05-07,POS,item,Garlic Bread With Cheese,1.0,40.0,40.0
2025-05-07,POS,item,Super Saver Meal Regular,2.0,40.0,80.0
2025-05-07,POS,item,7up 250ml Pet,1.0,0.0,0.0
2025-05-07,POS,item,7up @50rs,1.0,0.0,0.0
2025-05-07,POS,item,7up@45rs,2.0,0.0,0.0
2025-05-07,Swiggy,item,Blue Mojito,1.0,0.0,0.0
2025-05-07,Swiggy,item,Brownie,1.0,0.0,0.0
2025-05-07,POS,item,Burger Combo @ 179,3.0,0.0,0.0
2025-05-07,Swiggy,item,Cheesy Fries,1.0,0.0,0.0
2025-05-07,Swiggy,item,Chicken Bbq Wings,1.0,0.0,0.0
2025-05-07,POS,item,Chicken Nuggets,1.0,0.0,0.0
2025-05-07,POS,item,Chicken Pasta,3.0,0.0,0.0
2025-05-07,Swiggy,item,Chicken Pasta,1.0,0.0,0.0
2025-05-07,POS,item,Chikku Shake,2.0,0.0,0.0
2025-05-07,POS,item,Chocolate Shake,1.0,0.0,0.0
2025-05-07,POS,item,French Fries,4.0,0.0,0.0
2025-05-07,Swiggy,item,French Fries,1.0,0.0,0.0
2025-05-07,POS,item,Fresh Lime Juice,5.0,0.0,0.0
2025-05-07,POS,item,Garlic Bread,1.0,0.0,0.0
2025-05-07,POS,item,Loaded Fries,1.0,0.0,0.0
2025-05-07,POS,item,Macaroni N Chicken Salad,1.0,0.0,0.0
2025-05-07,POS,item,Mdew 330ml Can,2.0,0.0,0.0
2025-05-07,POS,item,Mdew@40rs,1.0,0.0,0.0
2025-05-07,POS,item,Mineral Water,2.0,0.0,0.0
2025-05-07,POS,item,Mint Lime Juice,3.0,0.0,0.0
2025-05-07,POS,item,Pepsi 250ml Pet,1.0,0.0,0.0
2025-05-07,POS,item,Pineapple Juice,6.0,0.0,0.0
2025-05-07,POS,item,Pizza Upgrade,1.0,0.0,0.0
2025-05-07,POS,item,Regular Chicken Burger,5.0,0.0,0.0
2025-05-07,POS,item,Roasted Chicken Salad,1.0,0.0,0.0
2025-05-07,POS,item,Slice 200ml,1.0,0.0,0.0
2025-05-07,POS,item,Slice@40rs,1.0,0.0,0.0
2025-05-07,POS,item,Soft Drink,1.0,0.0,0.0
2025-05-07,POS,item,Tender Coconut,3.0,0.0,0.0
2025-05-07,POS,item,Veg Burger,1.0,0.0,0.0
2025-05-07,POS,item,Veg Pasta,2.0,0.0,0.0
2025-05-07,POS,item,Watermelon Juice,2.0,0.0,0.0
2025-05-06,POS,item,2 Medium Non-veg@699,3.0,150.0,450.0
2025-05-06,POS,item,2 Regular Non-veg@389,1.0,80.0,80.0
2025-05-06,POS,item,2 Regular Veg@329,1.0,80.0,80.0
2025-05-06,POS,item,9 Inch - Medium Pizza,7.0,75.0,525.0
2025-05-06,Swiggy,item,9 Inch - Medium Pizza,1.0,75.0,75.0
2025-05-06,POS,item,7 Inch - Regular Pizza,10.0,40.0,400.0
2025-05-06,Swiggy,item,7 Inch - Regular Pizza,4.0,40.0,160.0
2025-05-06,POS,item,Garlic Bread Supreme[non-veg],1.0,40.0,40.0
2025-05-06,POS,item,Garlic Bread With Cheese,3.0,40.0,120.0
2025-05-06,POS,item,Super Saver Meal Regular,1.0,40.0,40.0
2025-05-06,POS,item,Combo Delight Non-Veg,1.0,20.0,20.0
2025-05-06,POS,item,7up @50rs,4.0,0.0,0.0
2025-05-06,Swiggy,item,Chicken Loaded Fries,1.0,0.0,0.0
2025-05-06,POS,item,Chicken Nuggets,3.0,0.0,0.0
2025-05-06,POS,item,Chicken Pasta,6.0,0.0,0.0
2025-05-06,POS,item,Chocolate Shake,2.0,0.0,0.0
2025-05-06,POS,item,French Fries,7.0,0.0,0.0
2025-05-06,Swiggy,item,French Fries,1.0,0.0,0.0
2025-05-06,POS,item,Fresh Lime Juice,3.0,0.0,0.0
2025-05-06,POS,item,Grapes Juice,2.0,0.0,0.0
2025-05-06,POS,item,Green Apple,3.0,0.0,0.0
2025-05-06,POS,item,Loaded Fries,2.0,0.0,0.0
2025-05-06,POS,item,Mdew@40rs,1.0,0.0,0.0
2025-05-06,POS,item,Mint Lime Juice,1.0,0.0,0.0
2025-05-06,POS,item,Pepsi 250ml Pet,2.0,0.0,0.0
2025-05-06,POS,item,Pepsi 330ml Can,1.0,0.0,0.0
2025-05-06,POS,item,Pepsi@45rs,1.0,0.0,0.0
2025-05-06,POS,item,Pepsi@50rs,2.0,0.0,0.0
2025-05-06,POS,item,Peri Peri Dip,1.0,0.0,0.0
2025-05-06,POS,item,Regular Chicken Burger,9.0,0.0,0.0
2025-05-06,POS,item,Soft Drink,1.0,0.0,0.0
2025-05-06,POS,item,Veg Burger,1.0,0.0,0.0
2025-05-06,POS,item,Veg Pasta,2.0,0.0,0.0
2025-05-06,POS,item,Water Melon,1.0,0.0,0.0
2025-05-06,POS,item,2 Medium Non-veg@699,3.0,150.0,450.0
2025-05-06,POS,item,2 Regular Non-veg@389,1.0,80.0,80.0
2025-05-06,POS,item,2 Regular Veg@329,1.0,80.0,80.0
2025-05-06,POS,item,9 Inch - Medium Pizza,7.0,75.0,525.0
2025-05-06,Swiggy,item,9 Inch - Medium Pizza,1.0,75.0,75.0
2025-05-06,POS,item,7 Inch - Regular Pizza,10.0,40.0,400.0
2025-05-06,Swiggy,item,7 Inch - Regular Pizza,4.0,40.0,160.0
2025-05-06,POS,item,Garlic Bread Supreme[non-veg],1.0,40.0,40.0
2025-05-06,POS,item,Garlic Bread With Cheese,3.0,40.0,120.0
2025-05-06,POS,item,Super Saver Meal Regular,1.0,40.0,40.0
2025-05-06,POS,item,Combo Delight Non-Veg,1.0,20.0,20.0
2025-05-06,POS,item,7up @50rs,4.0,0.0,0.0
2025-05-06,Swiggy,item,Chicken Loaded Fries,1.0,0.0,0.0
2025-05-06,POS,item,Chicken Nuggets,3.0,0.0,0.0
2025-05-06,POS,item,Chicken Pasta,6.0,0.0,0.0
2025-05-06,POS,item,Chocolate Shake,2.0,0.0,0.0
2025-05-06,POS,item,French Fries,7.0,0.0,0.0
2025-05-06,Swiggy,item,French Fries,1.0,0.0,0.0
2025-05-06,POS,item,Fresh Lime Juice,3.0,0.0,0.0
2025-05-06,POS,item,Grapes Juice,2.0,0.0,0.0
2025-05-06,POS,item,Green Apple,3.0,0.0,0.0
2025-05-06,POS,item,Loaded Fries,2.0,0.0,0.0
2025-05-06,POS,item,Mdew@40rs,1.0,0.0,0.0
2025-05-06,POS,item,Mint Lime Juice,1.0,0.0,0.0
2025-05-06,POS,item,Pepsi 250ml Pet,2.0,0.0,0.0
2025-05-06,POS,item,Pepsi 330ml Can,1.0,0.0,0.0
2025-05-06,POS,item,Pepsi@45rs,1.0,0.0,0.0
2025-05-06,POS,item,Pepsi@50rs,2.0,0.0,0.0
2025-05-06,POS,item,Peri Peri Dip,1.0,0.0,0.0
2025-05-06,POS,item,Regular Chicken Burger,9.0,0.0,0.0
2025-05-06,POS,item,Soft Drink,1.0,0.0,0.0
2025-05-06,POS,item,Veg Burger,1.0,0.0,0.0
2025-05-06,POS,item,Veg Pasta,2.0,0.0,0.0
2025-05-06,POS,item,Water Melon,1.0,0.0,0.0
2025-05-05,POS,item,2 Medium Non-veg@699,2.0,150.0,300.0
2025-05-05,POS,item,12 Inch - Large Pizza,7.0,120.0,840.0
2025-05-05,POS,item,Veg Meal For 4,1.0,120.0,120.0
2025-05-05,POS,item,2 Regular Non-veg@389,2.0,80.0,160.0
2025-05-05,POS,item,9 Inch - Medium Pizza,11.0,75.0,825.0
2025-05-05,Swiggy,item,9 Inch - Medium Pizza,2.0,75.0,150.0
2025-05-05,POS,item,Super Saver Meal Medium,1.0,75.0,75.0
2025-05-05,POS,item,7 Inch - Regular Pizza,11.0,40.0,440.0
2025-05-05,Swiggy,item,7 Inch - Regular Pizza,3.0,40.0,120.0
2025-05-05,POS,item,Garlic Bread With Cheese,1.0,40.0,40.0
2025-05-05,Swiggy,item,Garlic Bread With Cheese,1.0,40.0,40.0
2025-05-05,POS,item,Super Saver Meal Regular,3.0,40.0,120.0
2025-05-05,POS,item,Combo Delight Non-Veg,5.0,20.0,100.0
2025-05-05,POS,item,Combo Delight Veg,1.0,20.0,20.0
2025-05-05,POS,item,7up @50rs,1.0,0.0,0.0
2025-05-05,POS,item,Blue Mojito,1.0,0.0,0.0
2025-05-05,POS,item,Brownie,2.0,0.0,0.0
2025-05-05,Swiggy,item,Brownie,1.0,0.0,0.0
2025-05-05,POS,item,Chicken Pasta,2.0,0.0,0.0
2025-05-05,POS,item,Chikku Shake,1.0,0.0,0.0
2025-05-05,POS,item,French Fries,5.0,0.0,0.0
2025-05-05,Swiggy,item,French Fries,1.0,0.0,0.0
2025-05-05,POS,item,Fresh Lime Juice,3.0,0.0,0.0
2025-05-05,POS,item,Grapes Juice,1.0,0.0,0.0
2025-05-05,POS,item,Green Apple,4.0,0.0,0.0
2025-05-05,POS,item,Loaded Fries,2.0,0.0,0.0
2025-05-05,POS,item,Mdew 330ml Can,2.0,0.0,0.0
2025-05-05,POS,item,Mineral Water,1.0,0.0,0.0
2025-05-05,POS,item,Mint Lime Juice,1.0,0.0,0.0
2025-05-05,POS,item,Passion Fruit,1.0,0.0,0.0
2025-05-05,POS,item,Pepsi 250ml Pet,1.0,0.0,0.0
2025-05-05,POS,item,Pepsi@50rs,1.0,0.0,0.0
2025-05-05,POS,item,Pineapple Juice,4.0,0.0,0.0
2025-05-05,POS,item,Pizza Upgrade,1.0,0.0,0.0
2025-05-05,POS,item,Regular Chicken Burger,2.0,0.0,0.0
2025-05-05,POS,item,Tender Coconut,2.0,0.0,0.0
2025-05-05,POS,item,Watermelon Juice,1.0,0.0,0.0
2025-05-04,POS,item,2 Medium Veg@649,1.0,150.0,150.0
2025-05-04,POS,item,12 Inch - Large Pizza,6.0,120.0,720.0
2025-05-04,POS,item,2 Regular Non-veg@389,2.0,80.0,160.0
2025-05-04,POS,item,2 Regular Veg@329,1.0,80.0,80.0
2025-05-04,POS,item,9 Inch - Medium Pizza,10.0,75.0,750.0
2025-05-04,Swiggy,item,9 Inch - Medium Pizza,1.0,75.0,75.0
2025-05-04,POS,item,Super Saver Meal Medium,1.0,75.0,75.0
2025-05-04,POS,addon,12 Inch - Large Pizza -Extra Cheese,2.0,60.0,120.0
2025-05-04,POS,item,7 Inch - Regular Pizza,10.0,40.0,400.0
2025-05-04,Swiggy,item,7 Inch - Regular Pizza,4.0,40.0,160.0
2025-05-04,POS,item,Garlic Bread With Cheese,1.0,40.0,40.0
2025-05-04,POS,item,Super Saver Meal Regular,3.0,40.0,120.0
2025-05-04,POS,addon,9 Inch - Medium Pizza -Extra Cheese,1.0,38.0,38.0
2025-05-04,POS,item,Combo Delight Non-Veg,3.0,20.0,60.0
2025-05-04,POS,item,7up @50rs,2.0,0.0,0.0
2025-05-04,POS,item,7up@45rs,1.0,0.0,0.0
2025-05-04,POS,item,Brownie,1.0,0.0,0.0
2025-05-04,POS,item,Brownie With Ice Cream,2.0,0.0,0.0
2025-05-04,POS,item,Burger Combo @ 179,1.0,0.0,0.0
2025-05-04,POS,item,Burger Combo @ 199,1.0,0.0,0.0
2025-05-04,POS,item,Butterscotch Sundae,1.0,0.0,0.0
2025-05-04,POS,item,Cheese N Macaroni Salad,2.0,0.0,0.0
2025-05-04,POS,item,Chicken Pasta,1.0,0.0,0.0
2025-05-04,POS,item,Chilly Potato Shots,2.0,0.0,0.0
2025-05-04,POS,item,Chocolate Shake,1.0,0.0,0.0
2025-05-04,POS,item,French Fries,6.0,0.0,0.0
2025-05-04,Swiggy,item,French Fries,1.0,0.0,0.0
2025-05-04,POS,item,Fresh Garden Mint,1.0,0.0,0.0
2025-05-04,POS,item,Fresh Lime Juice,3.0,0.0,0.0
2025-05-04,POS,item,Garlic Bread,3.0,0.0,0.0
2025-05-04,POS,item,Macaroni N Chicken Salad,1.0,0.0,0.0
2025-05-04,POS,item,Mint Lime Juice,2.0,0.0,0.0
2025-05-04,POS,item,Passion Fruit,1.0,0.0,0.0
2025-05-04,POS,item,Pepsi 250ml Pet,3.0,0.0,0.0
2025-05-04,POS,item,Pepsi@45rs,2.0,0.0,0.0
2025-05-04,POS,item,Regular Chicken Burger,1.0,0.0,0.0
2025-05-04,POS,item,Roasted Chicken Salad,1.0,0.0,0.0
2025-05-04,POS,item,Soft Drink,1.0,0.0,0.0
2025-05-04,POS,item,Spicy Chicken Zinger Burger,2.0,0.0,0.0
2025-05-04,POS,item,Veg Burger,4.0,0.0,0.0
2025-05-04,Swiggy,item,Veg Pasta,1.0,0.0,0.0
2025-05-04,POS,item,Watermelon Juice,1.0,0.0,0.0
2025-05-03,POS,item,Non Veg Meal For 6,1.0,195.0,195.0
2025-05-03,POS,item,2 Medium Non-veg@699,2.0,150.0,300.0
2025-05-03,POS,item,2 Medium Veg@649,1.0,150.0,150.0
2025-05-03,POS,item,12 Inch - Large Pizza,8.0,120.0,960.0
2025-05-03,POS,item,2 Regular Non-veg@389,3.0,80.0,240.0
2025-05-03,POS,item,9 Inch - Medium Pizza,10.0,75.0,750.0
2025-05-03,Swiggy,item,9 Inch - Medium Pizza,1.0,75.0,75.0
2025-05-03,POS,item,Super Saver Meal Medium,4.0,75.0,300.0
2025-05-03,POS,item,7 Inch - Regular Pizza,15.0,40.0,600.0
2025-05-03,Swiggy,item,7 Inch - Regular Pizza,9.0,40.0,360.0
2025-05-03,POS,item,Delicious Combo Delight,2.0,40.0,80.0
2025-05-03,Swiggy,item,Garlic Bread Supreme [Veg],1.0,40.0,40.0
2025-05-03,POS,item,Garlic Bread With Cheese,2.0,40.0,80.0
2025-05-03,POS,item,Super Saver Meal Regular,4.0,40.0,160.0
2025-05-03,Swiggy,addon,7 Inch - Regular Pizza -Extra Cheese,1.0,20.0,20.0
2025-05-03,POS,item,Combo Delight Non-Veg,6.0,20.0,120.0
2025-05-03,POS,item,7up 250ml Pet,1.0,0.0,0.0
2025-05-03,POS,item,7up @50rs,1.0,0.0,0.0
2025-05-03,POS,item,7up@45rs,2.0,0.0,0.0
2025-05-03,POS,item,Blue Mojito,3.0,0.0,0.0
2025-05-03,POS,item,Brownie,2.0,0.0,0.0
2025-05-03,Swiggy,item,Brownie With Ice Cream,1.0,0.0,0.0
2025-05-03,POS,item,Burger Combo @ 179,1.0,0.0,0.0
2025-05-03,POS,item,Cheese N Macaroni Salad,2.0,0.0,0.0
2025-05-03,POS,item,Cheesy Fries,1.0,0.0,0.0
2025-05-03,Swiggy,item,Chicken Loaded Fries,1.0,0.0,0.0
2025-05-03,POS,item,Chicken Nuggets,2.0,0.0,0.0
2025-05-03,Swiggy,item,Chicken Nuggets,1.0,0.0,0.0
2025-05-03,POS,item,Chicken Pasta,3.0,0.0,0.0
2025-05-03,POS,item,Chicken Popcorn,1.0,0.0,0.0
2025-05-03,POS,item,French Fries,7.0,0.0,0.0
2025-05-03,Swiggy,item,Fresh Garden Mint,1.0,0.0,0.0
2025-05-03,POS,item,Fresh Lime Juice,3.0,0.0,0.0
2025-05-03,POS,item,Garlic Bread,1.0,0.0,0.0
2025-05-03,POS,item,Greek Salad,1.0,0.0,0.0
2025-05-03,POS,item,Green Apple,1.0,0.0,0.0
2025-05-03,POS,item,Loaded Fries,1.0,0.0,0.0
2025-05-03,Swiggy,item,Mayo,1.0,0.0,0.0
2025-05-03,POS,item,Mdew@40rs,2.0,0.0,0.0
2025-05-03,POS,item,Mineral Water,1.0,0.0,0.0
2025-05-03,POS,item,Mint Lime Juice,1.0,0.0,0.0
2025-05-03,POS,item,Pepsi 250ml Pet,2.0,0.0,0.0
2025-05-03,POS,item,Pepsi@45rs,1.0,0.0,0.0
2025-05-03,POS,item,Pepsi@50rs,2.0,0.0,0.0
2025-05-03,POS,item,Pineapple Juice,1.0,0.0,0.0
2025-05-03,POS,item,Pizza Upgrade,2.0,0.0,0.0
2025-05-03,Swiggy,item,Potato Wedges,2.0,0.0,0.0
2025-05-03,POS,item,Regular Chicken Burger,9.0,0.0,0.0
2025-05-03,POS,item,Roasted Chicken Salad,2.0,0.0,0.0
2025-05-03,POS,item,Soft Drink,4.0,0.0,0.0
2025-05-03,POS,addon,Super Saver Meal Medium-Extra Cheese,1.0,0.0,0.0
2025-05-03,POS,item,Veg Burger,2.0,0.0,0.0
2025-05-03,POS,item,Veg Pasta,1.0,0.0,0.0
2025-05-03,Swiggy,item,Water Melon,2.0,0.0,0.0
2025-05-02,POS,item,12 Inch - Large Pizza,4.0,120.0,480.0
2025-05-02,POS,item,Veg Meal For 4,1.0,120.0,120.0
2025-05-02,POS,item,2 Regular Non-veg@389,2.0,80.0,160.0
2025-05-02,POS,item,2 Regular Veg@329,1.0,80.0,80.0
2025-05-02,POS,item,9 Inch - Medium Pizza,5.0,75.0,375.0
2025-05-02,Swiggy,item,9 Inch - Medium Pizza,1.0,75.0,75.0
2025-05-02,POS,item,Super Saver Meal Medium,1.0,75.0,75.0
2025-05-02,POS,item,7 Inch - Regular Pizza,10.0,40.0,400.0
2025-05-02,Swiggy,item,7 Inch - Regular Pizza,5.0,40.0,200.0
2025-05-02,POS,item,Delicious Combo Delight,1.0,40.0,40.0
2025-05-02,POS,item,Garlic Bread Supreme [veg],2.0,40.0,80.0
2025-05-02,POS,item,Garlic Bread With Cheese,2.0,40.0,80.0
2025-05-02,POS,item,Super Saver Meal Regular,2.0,40.0,80.0
2025-05-02,Swiggy,addon,9 Inch - Medium Pizza -Extra Cheese,1.0,38.0,38.0
2025-05-02,POS,item,Combo Delight Non-Veg,1.0,20.0,20.0
2025-05-02,POS,item,7up @50rs,2.0,0.0,0.0
2025-05-02,POS,item,7up@45rs,1.0,0.0,0.0
2025-05-02,POS,item,Burger Combo @ 169,3.0,0.0,0.0
2025-05-02,POS,item,Burger Combo @ 179,1.0,0.0,0.0
2025-05-02,POS,item,Cheesy Fries,1.0,0.0,0.0
2025-05-02,POS,item,Chikku Shake,1.0,0.0,0.0
2025-05-02,POS,item,French Fries,4.0,0.0,0.0
2025-05-02,POS,item,Loaded Fries,1.0,0.0,0.0
2025-05-02,POS,item,Mayo,1.0,0.0,0.0
2025-05-02,POS,item,Mint Lime Juice,1.0,0.0,0.0
2025-05-02,POS,item,Mixed Chicken Salad,1.0,0.0,0.0
2025-05-02,POS,item,Pepsi 250ml Pet,1.0,0.0,0.0
2025-05-02,POS,item,Pizza Upgrade,1.0,0.0,0.0
2025-05-02,POS,item,Regular Chicken Burger,3.0,0.0,0.0
2025-05-02,POS,item,Soft Drink,2.0,0.0,0.0
2025-05-02,POS,item,Veg Pasta,1.0,0.0,0.0
2025-05-02,Swiggy,item,Veg Pasta,1.0,0.0,0.0
2025-05-01,POS,item,2 Medium Non-veg@699,1.0,150.0,150.0
2025-05-01,POS,item,12 Inch - Large Pizza,3.0,120.0,360.0
2025-05-01,POS,item,2 Regular Veg@329,2.0,80.0,160.0
2025-05-01,POS,item,9 Inch - Medium Pizza,8.0,75.0,600.0
2025-05-01,Swiggy,item,9 Inch - Medium Pizza,2.0,75.0,150.0
2025-05-01,POS,item,Super Saver Meal Medium,1.0,75.0,75.0
2025-05-01,POS,addon,12 Inch - Large Pizza -Extra Cheese,1.0,60.0,60.0
2025-05-01,POS,item,7 Inch - Regular Pizza,8.0,40.0,320.0
2025-05-01,Swiggy,item,7 Inch - Regular Pizza,4.0,40.0,160.0
2025-05-01,Swiggy,item,Garlic Bread With Cheese,1.0,40.0,40.0
2025-05-01,POS,item,Combo Delight Non-Veg,1.0,20.0,20.0
2025-05-01,POS,item,7up 250ml Pet,1.0,0.0,0.0
2025-05-01,POS,item,7up @50rs,1.0,0.0,0.0
2025-05-01,POS,item,7up@45rs,1.0,0.0,0.0
2025-05-01,POS,item,Big Slice Of Pizza,2.0,0.0,0.0
2025-05-01,POS,item,Blue Mojito,1.0,0.0,0.0
2025-05-01,POS,item,Brownie,2.0,0.0,0.0
2025-05-01,Swiggy,item,Brownie With Ice Cream,1.0,0.0,0.0
2025-05-01,POS,item,Burger Combo @ 179,1.0,0.0,0.0
2025-05-01,POS,item,Butterscotch Sundae,1.0,0.0,0.0
2025-05-01,POS,item,Cheesy Dip,3.0,0.0,0.0
2025-05-01,POS,item,Cheesy Fries,3.0,0.0,0.0
2025-05-01,POS,item,Chicken Nuggets,1.0,0.0,0.0
2025-05-01,Swiggy,item,Chicken Nuggets,1.0,0.0,0.0
2025-05-01,POS,item,Chicken Pasta,4.0,0.0,0.0
2025-05-01,POS,item,Chikku Shake,3.0,0.0,0.0
2025-05-01,POS,item,Chocolate Shake,1.0,0.0,0.0
2025-05-01,POS,item,Fish Finger,1.0,0.0,0.0
2025-05-01,POS,item,French Fries,7.0,0.0,0.0
2025-05-01,POS,item,Fresh Garden Mint,1.0,0.0,0.0
2025-05-01,Swiggy,item,Garlic Bread,1.0,0.0,0.0
2025-05-01,POS,item,Grapes Juice,5.0,0.0,0.0
2025-05-01,POS,item,Greek Salad,1.0,0.0,0.0
2025-05-01,POS,item,Loaded Fries,1.0,0.0,0.0
2025-05-01,POS,item,Mango,1.0,0.0,0.0
2025-05-01,POS,item,Mineral Water,1.0,0.0,0.0
2025-05-01,POS,item,Mint Lime Juice,5.0,0.0,0.0
2025-05-01,POS,item,Potato Wedges,1.0,0.0,0.0
2025-05-01,Swiggy,item,Potato Wedges,1.0,0.0,0.0
2025-05-01,POS,item,Regular Chicken Burger,3.0,0.0,0.0
2025-05-01,POS,item,Slice@40rs,1.0,0.0,0.0
2025-05-01,POS,item,Soft Drink,2.0,0.0,0.0
2025-05-01,POS,item,Tender Coconut,11.0,0.0,0.0
2025-05-01,POS,item,Water Melon,2.0,0.0,0.0
2025-04-30,POS,item,12 Inch - Large Pizza,4.0,120.0,480.0
2025-04-30,POS,item,Non Veg Meal For 4,1.0,120.0,120.0
2025-04-30,POS,item,2 Regular Non-veg@389,4.0,80.0,320.0
2025-04-30,POS,item,2 Regular Veg@329,1.0,80.0,80.0
2025-04-30,POS,item,9 Inch - Medium Pizza,8.0,75.0,600.0
2025-04-30,Swiggy,item,9 Inch - Medium Pizza,2.0,75.0,150.0
2025-04-30,POS,item,7 Inch - Regular Pizza,12.0,40.0,480.0
2025-04-30,Swiggy,item,7 Inch - Regular Pizza,3.0,40.0,120.0
2025-04-30,POS,item,Delicious Combo Delight,1.0,40.0,40.0
2025-04-30,POS,item,Garlic Bread With Cheese,1.0,40.0,40.0
2025-04-30,POS,item,Super Saver Meal Regular,4.0,40.0,160.0
2025-04-30,Swiggy,addon,7 Inch - Regular Pizza -Extra Cheese,1.0,20.0,20.0
2025-04-30,POS,item,Combo Delight Veg,1.0,20.0,20.0
2025-04-30,POS,item,7up 250ml Pet,3.0,0.0,0.0
2025-04-30,POS,item,7up 330ml Can,1.0,0.0,0.0
2025-04-30,POS,item,Blue Mojito,4.0,0.0,0.0
2025-04-30,POS,item,Brownie,2.0,0.0,0.0
2025-04-30,Swiggy,item,Chicken Loaded Fries,2.0,0.0,0.0
2025-04-30,POS,item,Chicken Nuggets,1.0,0.0,0.0
2025-04-30,Swiggy,item,Chicken Nuggets,1.0,0.0,0.0
2025-04-30,POS,item,Chicken Pasta,2.0,0.0,0.0
2025-04-30,POS,item,Chicken Popcorn,1.0,0.0,0.0
2025-04-30,POS,item,Chikku Shake,2.0,0.0,0.0
2025-04-30,POS,item,French Fries,6.0,0.0,0.0
2025-04-30,POS,item,Fresh Lime Juice,2.0,0.0,0.0
2025-04-30,POS,item,Garlic Bread,3.0,0.0,0.0
2025-04-30,POS,item,Grapes Juice,1.0,0.0,0.0
2025-04-30,POS,item,Loaded Fries,1.0,0.0,0.0
2025-04-30,POS,item,Mdew 330ml Can,1.0,0.0,0.0
2025-04-30,POS,item,Mint Lime Juice,1.0,0.0,0.0
2025-04-30,POS,item,Pepsi 250ml Pet,1.0,0.0,0.0
2025-04-30,POS,item,Pepsi 330ml Can,1.0,0.0,0.0
2025-04-30,POS,item,Pepsi@45rs,1.0,0.0,0.0
2025-04-30,POS,item,Pineapple Juice,3.0,0.0,0.0
2025-04-30,POS,item,Pizza Upgrade,1.0,0.0,0.0
2025-04-30,POS,item,Potato Wedges,1.0,0.0,0.0
2025-04-30,POS,item,Regular Chicken Burger,1.0,0.0,0.0
2025-04-30,Swiggy,item,Roasted Chicken Salad,1.0,0.0,0.0
2025-04-30,POS,item,Soft Drink,1.0,0.0,0.0
2025-04-30,POS,item,Spicy Chicken Zinger Burger,2.0,0.0,0.0
2025-04-30,POS,item,Watermelon Juice,1.0,0.0,0.0
2025-04-29,POS,item,12 Inch - Large Pizza,5.0,120.0,600.0
2025-04-29,POS,item,9 Inch - Medium Pizza,8.0,75.0,600.0
2025-04-29,POS,item,Veg Meal For 2,1.0,75.0,75.0
2025-04-29,POS,addon,12 Inch - Large Pizza -Extra Cheese,1.0,60.0,60.0
2025-04-29,POS,item,7 Inch - Regular Pizza,9.0,40.0,360.0
2025-04-29,Swiggy,item,7 Inch - Regular Pizza,5.0,40.0,200.0
2025-04-29,POS,item,Garlic Bread With Cheese,1.0,40.0,40.0
2025-04-29,POS,item,Super Saver Meal Regular,2.0,40.0,80.0
2025-04-29,POS,item,Combo Delight Non-Veg,1.0,20.0,20.0
2025-04-29,POS,item,7up 250ml Pet,1.0,0.0,0.0
2025-04-29,POS,item,7up @50rs,1.0,0.0,0.0
2025-04-29,POS,item,7up@45rs,1.0,0.0,0.0
2025-04-29,POS,item,Chicken Nuggets,1.0,0.0,0.0
2025-04-29,POS,item,Chicken Pasta,2.0,0.0,0.0
2025-04-29,POS,item,Chocolate Shake,3.0,0.0,0.0
2025-04-29,POS,item,French Fries,3.0,0.0,0.0
2025-04-29,POS,item,Fresh Lime Juice,1.0,0.0,0.0
2025-04-29,POS,item,Greek Salad,2.0,0.0,0.0
2025-04-29,Swiggy,item,Macaroni N Chicken Salad,1.0,0.0,0.0
2025-04-29,POS,item,Mint Lime Juice,2.0,0.0,0.0
2025-04-29,POS,item,Mixed Chicken Salad,2.0,0.0,0.0
2025-04-29,POS,item,Pepsi 250ml Pet,1.0,0.0,0.0
2025-04-29,POS,item,Pepsi@45rs,1.0,0.0,0.0
2025-04-29,POS,item,Pepsi@50rs,1.0,0.0,0.0
2025-04-29,POS,item,Pizza Upgrade,1.0,0.0,0.0
2025-04-29,POS,item,Regular Chicken Burger,2.0,0.0,0.0
2025-04-29,POS,item,Soft Drink,1.0,0.0,0.0
2025-04-29,POS,item,Strawberry,1.0,0.0,0.0
2025-04-29,POS,item,Tender Coconut,1.0,0.0,0.0
2025-04-29,POS,item,Veg Pasta,1.0,0.0,0.0
2025-04-28,POS,item,2 Medium Non-veg@699,2.0,150.0,300.0
2025-04-28,POS,item,2 Medium Veg@649,1.0,150.0,150.0
2025-04-28,POS,item,12 Inch - Large Pizza,1.0,120.0,120.0
2025-04-28,POS,item,2 Regular Non-veg@389,3.0,80.0,240.0
2025-04-28,POS,item,2 Regular Veg@329,1.0,80.0,80.0
2025-04-28,POS,item,9 Inch - Medium Pizza,4.0,75.0,300.0
2025-04-28,Swiggy,item,9 Inch - Medium Pizza,1.0,75.0,75.0
2025-04-28,POS,item,7 Inch - Regular Pizza,19.0,40.0,760.0
2025-04-28,Swiggy,item,7 Inch - Regular Pizza,4.0,40.0,160.0
2025-04-28,POS,item,Garlic Bread Supreme [veg],1.0,40.0,40.0
2025-04-28,Swiggy,addon,9 Inch - Medium Pizza -Extra Cheese,1.0,38.0,38.0
2025-04-28,POS,item,Blue Mojito,1.0,0.0,0.0
2025-04-28,POS,item,Brownie With Ice Cream,3.0,0.0,0.0
2025-04-28,POS,item,Butterscotch Sundae,1.0,0.0,0.0
2025-04-28,POS,item,Cheesy Fries,1.0,0.0,0.0
2025-04-28,Swiggy,item,Chicken Loaded Fries,3.0,0.0,0.0
2025-04-28,POS,item,Chicken Pasta,1.0,0.0,0.0
2025-04-28,POS,item,French Fries,6.0,0.0,0.0
2025-04-28,POS,item,Fresh Lime Juice,5.0,0.0,0.0
2025-04-28,Swiggy,item,Garlic Bread,2.0,0.0,0.0
2025-04-28,POS,item,Garlic Bread,1.0,0.0,0.0
2025-04-28,POS,item,Grapes Juice,2.0,0.0,0.0
2025-04-28,POS,item,Loaded Fries,1.0,0.0,0.0
2025-04-28,Swiggy,item,Macaroni N Chicken Salad,1.0,0.0,0.0
2025-04-28,POS,item,Mdew@40rs,1.0,0.0,0.0
2025-04-28,POS,item,Mineral Water,1.0,0.0,0.0
2025-04-28,POS,item,Mint Lime Juice,2.0,0.0,0.0
2025-04-28,POS,item,Passion Fruit,1.0,0.0,0.0
2025-04-28,POS,item,Pepsi@50rs,3.0,0.0,0.0
2025-04-28,POS,item,Pineapple Juice,1.0,0.0,0.0
2025-04-28,POS,item,Regular Chicken Burger,6.0,0.0,0.0
2025-04-28,POS,item,Slice@40rs,3.0,0.0,0.0
2025-04-28,POS,item,Soft Drink,4.0,0.0,0.0
2025-04-28,POS,item,Watermelon Juice,1.0,0.0,0.0
2025-04-27,POS,item,12 Inch - Large Pizza,7.0,120.0,840.0
2025-04-27,POS,item,2 Regular Non-veg@389,2.0,80.0,160.0
2025-04-27,POS,item,2 Regular Veg@329,1.0,80.0,80.0
2025-04-27,POS,item,9 Inch - Medium Pizza,12.0,75.0,900.0
2025-04-27,Swiggy,item,9 Inch - Medium Pizza,2.0,75.0,150.0
2025-04-27,POS,item,Super Saver Meal Medium,1.0,75.0,75.0
2025-04-27,POS,item,7 Inch - Regular Pizza,11.0,40.0,440.0
2025-04-27,Swiggy,item,7 Inch - Regular Pizza,1.0,40.0,40.0
2025-04-27,POS,item,Delicious Combo Delight,1.0,40.0,40.0
2025-04-27,POS,item,Garlic Bread Supreme [veg],1.0,40.0,40.0
2025-04-27,POS,item,Garlic Bread Supreme[non-veg],1.0,40.0,40.0
2025-04-27,Swiggy,item,Garlic Bread With Cheese,1.0,40.0,40.0
2025-04-27,POS,item,Non Veg Meal For 1,1.0,40.0,40.0
2025-04-27,POS,item,Super Saver Meal Regular,1.0,40.0,40.0
2025-04-27,POS,addon,9 Inch - Medium Pizza -Extra Cheese,1.0,38.0,38.0
2025-04-27,Swiggy,addon,7 Inch - Regular Pizza -Extra Cheese,1.0,20.0,20.0
2025-04-27,POS,item,7up 250ml Pet,1.0,0.0,0.0
2025-04-27,POS,item,Burger Combo @ 169,1.0,0.0,0.0
2025-04-27,POS,item,Cheesy Fries,1.0,0.0,0.0
2025-04-27,POS,item,Chicken Pasta,2.0,0.0,0.0
2025-04-27,POS,item,Chikku Shake,1.0,0.0,0.0
2025-04-27,POS,item,Chocolate Shake,1.0,0.0,0.0
2025-04-27,POS,item,French Fries,7.0,0.0,0.0
2025-04-27,POS,item,Fresh Lime Juice,1.0,0.0,0.0
2025-04-27,POS,item,Loaded Fries,1.0,0.0,0.0
2025-04-27,POS,item,Mdew@40rs,1.0,0.0,0.0
2025-04-27,POS,item,Mineral Water,3.0,0.0,0.0
2025-04-27,POS,item,Mint Lime Juice,2.0,0.0,0.0
2025-04-27,POS,item,Passion Fruit,1.0,0.0,0.0
2025-04-27,POS,item,Pepsi 250ml Pet,2.0,0.0,0.0
2025-04-27,POS,item,Pepsi 330ml Can,1.0,0.0,0.0
2025-04-27,POS,item,Pineapple Juice,1.0,0.0,0.0
2025-04-27,POS,item,Potato Wedges,3.0,0.0,0.0
2025-04-27,POS,item,Regular Chicken Burger,1.0,0.0,0.0
2025-04-27,POS,item,Slice 200ml,1.0,0.0,0.0
2025-04-27,POS,item,Soft Drink,1.0,0.0,0.0
2025-04-27,POS,item,Tender Coconut,1.0,0.0,0.0
2025-04-27,POS,item,Watermelon Juice,2.0,0.0,0.0
2025-04-26,POS,item,2 Medium Non-veg@699,1.0,150.0,150.0
2025-04-26,POS,item,12 Inch - Large Pizza,6.0,120.0,720.0
2025-04-26,POS,item,Non Veg Meal For 4,1.0,120.0,120.0
2025-04-26,POS,item,2 Regular Non-veg@389,4.0,80.0,320.0
2025-04-26,POS,item,9 Inch - Medium Pizza,8.0,75.0,600.0
2025-04-26,Swiggy,item,9 Inch - Medium Pizza,2.0,75.0,150.0
2025-04-26,POS,item,Super Saver Meal Medium,1.0,75.0,75.0
2025-04-26,POS,item,7 Inch - Regular Pizza,14.0,40.0,560.0
2025-04-26,Swiggy,item,7 Inch - Regular Pizza,5.0,40.0,200.0
2025-04-26,POS,item,Delicious Combo Delight,1.0,40.0,40.0
2025-04-26,POS,item,Garlic Bread Supreme [veg],1.0,40.0,40.0
2025-04-26,POS,item,Garlic Bread With Cheese,3.0,40.0,120.0
2025-04-26,Swiggy,item,Garlic Bread With Cheese,1.0,40.0,40.0
2025-04-26,POS,item,Super Saver Meal Regular,1.0,40.0,40.0
2025-04-26,POS,item,Combo Delight Non-Veg,1.0,20.0,20.0
2025-04-26,POS,item,7up @50rs,3.0,0.0,0.0
2025-04-26,POS,item,7up@45rs,4.0,0.0,0.0
2025-04-26,POS,item,Brownie,3.0,0.0,0.0
2025-04-26,POS,item,Cheesy Fries,1.0,0.0,0.0
2025-04-26,POS,item,Chicken Nuggets,1.0,0.0,0.0
2025-04-26,POS,item,Chicken Pasta,1.0,0.0,0.0
2025-04-26,POS,item,Chikku Shake,1.0,0.0,0.0
2025-04-26,Swiggy,item,Chipotle Dip,1.0,0.0,0.0
2025-04-26,POS,item,Chocolate Shake,3.0,0.0,0.0
2025-04-26,POS,item,French Fries,2.0,0.0,0.0
2025-04-26,POS,item,Fresh Lime Juice,4.0,0.0,0.0
2025-04-26,POS,item,Green Apple,2.0,0.0,0.0
2025-04-26,POS,item,Mdew 330ml Can,1.0,0.0,0.0
2025-04-26,POS,item,Mineral Water,6.0,0.0,0.0
2025-04-26,POS,item,Pepsi 250ml Pet,1.0,0.0,0.0
2025-04-26,POS,item,Pepsi 330ml Can,1.0,0.0,0.0
2025-04-26,POS,item,Pepsi@45rs,3.0,0.0,0.0
2025-04-26,POS,item,Pineapple Juice,1.0,0.0,0.0
2025-04-26,POS,item,Regular Chicken Burger,3.0,0.0,0.0
2025-04-26,POS,item,Slice 200ml,2.0,0.0,0.0
2025-04-26,POS,item,Soft Drink,3.0,0.0,0.0
2025-04-26,POS,item,Spicy Chicken Zinger Burger,3.0,0.0,0.0
2025-04-26,POS,addon,Super Saver Meal Medium-Extra Cheese,1.0,0.0,0.0
2025-04-26,POS,item,Tender Coconut,2.0,0.0,0.0
2025-04-26,POS,item,Watermelon Juice,1.0,0.0,0.0
2025-04-25,POS,item,12 Inch - Large Pizza,2.0,120.0,240.0
2025-04-25,Swiggy,item,12 Inch - Large Pizza,1.0,120.0,120.0
2025-04-25,POS,item,Non Veg Meal For 4,2.0,120.0,240.0
2025-04-25,POS,item,2 Regular Non-veg@389,1.0,80.0,80.0
2025-04-25,POS,item,9 Inch - Medium Pizza,2.0,75.0,150.0
2025-04-25,POS,item,Non Veg Meal For 2,1.0,75.0,75.0
2025-04-25,POS,item,Super Saver Meal Medium,2.0,75.0,150.0
2025-04-25,POS,item,7 Inch - Regular Pizza,13.0,40.0,520.0
2025-04-25,Swiggy,item,7 Inch - Regular Pizza,5.0,40.0,200.0
2025-04-25,POS,item,Garlic Bread With Cheese,1.0,40.0,40.0
2025-04-25,POS,item,Super Saver Meal Regular,1.0,40.0,40.0
2025-04-25,Swiggy,addon,7 Inch - Regular Pizza -Extra Cheese,1.0,20.0,20.0
2025-04-25,POS,item,7up 250ml Pet,2.0,0.0,0.0
2025-04-25,POS,item,7up @50rs,1.0,0.0,0.0
2025-04-25,POS,item,Big Slice Of Pizza,2.0,0.0,0.0
2025-04-25,POS,item,Blue Mojito,1.0,0.0,0.0
2025-04-25,Swiggy,item,Blue Mojito,1.0,0.0,0.0
2025-04-25,POS,item,Brownie With Ice Cream,1.0,0.0,0.0
2025-04-25,POS,item,Chicken Nuggets,3.0,0.0,0.0
2025-04-25,POS,item,Chicken Pasta,2.0,0.0,0.0
2025-04-25,POS,item,Chicken Popcorn,1.0,0.0,0.0
2025-04-25,POS,item,French Fries,2.0,0.0,0.0
2025-04-25,POS,item,Fresh Lime Juice,5.0,0.0,0.0
2025-04-25,Swiggy,item,Garlic Bread,1.0,0.0,0.0
2025-04-25,POS,item,Green Apple,2.0,0.0,0.0
2025-04-25,POS,item,Mdew 250ml Pet,1.0,0.0,0.0
2025-04-25,POS,item,Mineral Water,1.0,0.0,0.0
2025-04-25,POS,item,Mint Lime Juice,4.0,0.0,0.0
2025-04-25,POS,item,Pepsi 250ml Pet,3.0,0.0,0.0
2025-04-25,POS,item,Pepsi@50rs,2.0,0.0,0.0
2025-04-25,POS,item,Pineapple Juice,5.0,0.0,0.0
2025-04-25,POS,item,Potato Wedges,1.0,0.0,0.0
2025-04-25,POS,item,Soft Drink,3.0,0.0,0.0
2025-04-25,POS,item,Special Discount,0.0,0.0,0.0
2025-04-25,Swiggy,item,Veg Pasta,1.0,0.0,0.0
2025-04-25,POS,item,Watermelon Juice,1.0,0.0,0.0
2025-04-24,POS,item,2 Medium Veg@649,1.0,150.0,150.0
2025-04-24,POS,item,12 Inch - Large Pizza,4.0,120.0,480.0
2025-04-24,POS,item,Veg Meal For 4,1.0,120.0,120.0
2025-04-24,POS,item,2 Regular Non-veg@389,3.0,80.0,240.0
2025-04-24,POS,item,9 Inch - Medium Pizza,7.0,75.0,525.0
2025-04-24,Swiggy,item,9 Inch - Medium Pizza,3.0,75.0,225.0
2025-04-24,POS,item,7 Inch - Regular Pizza,7.0,40.0,280.0
2025-04-24,Swiggy,item,7 Inch - Regular Pizza,7.0,40.0,280.0
2025-04-24,POS,item,Garlic Bread With Cheese,1.0,40.0,40.0
2025-04-24,POS,item,7up 250ml Pet,3.0,0.0,0.0
2025-04-24,POS,item,7up @50rs,3.0,0.0,0.0
2025-04-24,POS,item,7up@45rs,1.0,0.0,0.0
2025-04-24,POS,item,Big Slice Of Pizza,2.0,0.0,0.0
2025-04-24,Swiggy,item,Blue Mojito,1.0,0.0,0.0
2025-04-24,POS,item,Brownie,1.0,0.0,0.0
2025-04-24,POS,item,Butterscotch Sundae,2.0,0.0,0.0
2025-04-24,POS,item,Chicken Nuggets,1.0,0.0,0.0
2025-04-24,POS,item,Chicken Pasta,7.0,0.0,0.0
2025-04-24,POS,item,Chicken Popcorn,1.0,0.0,0.0
2025-04-24,POS,item,Chikku Shake,2.0,0.0,0.0
2025-04-24,POS,item,French Fries,5.0,0.0,0.0
2025-04-24,Swiggy,item,French Fries,1.0,0.0,0.0
2025-04-24,POS,item,Loaded Fries,3.0,0.0,0.0
2025-04-24,POS,item,Mdew 330ml Can,1.0,0.0,0.0
2025-04-24,POS,item,Mineral Water,1.0,0.0,0.0
2025-04-24,POS,item,Pepsi 250ml Pet,1.0,0.0,0.0
2025-04-24,POS,item,Pepsi@45rs,2.0,0.0,0.0
2025-04-24,POS,item,Pepsi@50rs,1.0,0.0,0.0
2025-04-24,POS,item,Peri Peri Dip,1.0,0.0,0.0
2025-04-24,Swiggy,item,Potato Wedges,1.0,0.0,0.0
2025-04-24,POS,item,Regular Chicken Burger,1.0,0.0,0.0
2025-04-24,POS,item,Slice 200ml,1.0,0.0,0.0
2025-04-24,POS,item,Soft Drink,3.0,0.0,0.0
2025-04-24,POS,item,Veg Pasta,1.0,0.0,0.0
2025-04-23,POS,item,12 Inch - Large Pizza,3.0,120.0,360.0
2025-04-23,Swiggy,item,12 Inch - Large Pizza,1.0,120.0,120.0
2025-04-23,POS,item,9 Inch - Medium Pizza,3.0,75.0,225.0
2025-04-23,Swiggy,item,9 Inch - Medium Pizza,1.0,75.0,75.0
2025-04-23,POS,item,Super Saver Meal Medium,1.0,75.0,75.0
2025-04-23,POS,item,7 Inch - Regular Pizza,9.0,40.0,360.0
2025-04-23,Swiggy,item,7 Inch - Regular Pizza,2.0,40.0,80.0
2025-04-23,POS,item,Super Saver Meal Regular,2.0,40.0,80.0
2025-04-23,Swiggy,addon,9 Inch - Medium Pizza -Extra Cheese,1.0,38.0,38.0
2025-04-23,POS,item,7up 250ml Pet,1.0,0.0,0.0
2025-04-23,POS,item,7up @50rs,1.0,0.0,0.0
2025-04-23,POS,item,7up@45rs,2.0,0.0,0.0
2025-04-23,POS,item,Big Slice Of Pizza,3.0,0.0,0.0
2025-04-23,POS,item,Blue Mojito,1.0,0.0,0.0
2025-04-23,Swiggy,item,Blue Mojito,1.0,0.0,0.0
2025-04-23,Swiggy,item,Cheesy Fries,1.0,0.0,0.0
2025-04-23,POS,item,Chicken Bbq Wings,1.0,0.0,0.0
2025-04-23,POS,item,Chicken Nuggets,1.0,0.0,0.0
2025-04-23,Swiggy,item,Chicken Nuggets,1.0,0.0,0.0
2025-04-23,POS,item,Chicken Pasta,3.0,0.0,0.0
2025-04-23,Swiggy,item,Chicken Pasta,1.0,0.0,0.0
2025-04-23,POS,item,French Fries,5.0,0.0,0.0
2025-04-23,Swiggy,item,French Fries,2.0,0.0,0.0
2025-04-23,Swiggy,item,Fresh Garden Mint,1.0,0.0,0.0
2025-04-23,Swiggy,item,Garlic Bread,1.0,0.0,0.0
2025-04-23,POS,item,Loaded Fries,1.0,0.0,0.0
2025-04-23,POS,item,Mineral Water,1.0,0.0,0.0
2025-04-23,POS,item,Mint Lime Juice,2.0,0.0,0.0
2025-04-23,POS,item,Pepsi 250ml Pet,1.0,0.0,0.0
2025-04-23,POS,item,Pepsi@50rs,2.0,0.0,0.0
2025-04-23,POS,item,Slice 200ml,1.0,0.0,0.0
2025-04-23,POS,item,Soda,2.0,0.0,0.0
2025-04-23,POS,item,Veg Burger,1.0,0.0,0.0
2025-04-23,POS,item,Veg Pasta,1.0,0.0,0.0
2025-04-23,Swiggy,item,Veg Pasta,1.0,0.0,0.0
2025-04-22,POS,item,2 Medium Non-veg@699,1.0,150.0,150.0
2025-04-22,POS,item,12 Inch - Large Pizza,3.0,120.0,360.0
2025-04-22,POS,item,2 Regular Non-veg@389,5.0,80.0,400.0
2025-04-22,POS,item,9 Inch - Medium Pizza,5.0,75.0,375.0
2025-04-22,Swiggy,item,9 Inch - Medium Pizza,2.0,75.0,150.0
2025-04-22,POS,item,7 Inch - Regular Pizza,11.0,40.0,440.0
2025-04-22,Swiggy,item,7 Inch - Regular Pizza,9.0,40.0,360.0
2025-04-22,POS,item,Fantastic Fun Meal,1.0,40.0,40.0
2025-04-22,POS,item,Garlic Bread With Cheese,1.0,40.0,40.0
2025-04-22,POS,item,Super Saver Meal Regular,1.0,40.0,40.0
2025-04-22,POS,item,7up @50rs,1.0,0.0,0.0
2025-04-22,POS,item,Brownie,3.0,0.0,0.0
2025-04-22,POS,item,Brownie With Ice Cream,1.0,0.0,0.0
2025-04-22,POS,item,Chocolate Shake,1.0,0.0,0.0
2025-04-22,POS,item,French Fries,10.0,0.0,0.0
2025-04-22,POS,item,Fresh Lime Juice,2.0,0.0,0.0
2025-04-22,POS,item,Garlic Bread,2.0,0.0,0.0
2025-04-22,POS,item,Hot Garlic Dip,2.0,0.0,0.0
2025-04-22,POS,item,Loaded Fries,4.0,0.0,0.0
2025-04-22,POS,item,Mint Lime Juice,1.0,0.0,0.0
2025-04-22,POS,item,Pepsi@45rs,1.0,0.0,0.0
2025-04-22,POS,item,Regular Chicken Burger,2.0,0.0,0.0
2025-04-22,POS,item,Slice 200ml,3.0,0.0,0.0
2025-04-22,POS,item,Soft Drink,5.0,0.0,0.0
2025-04-22,POS,item,Spicy Chicken Zinger Burger,1.0,0.0,0.0
2025-04-22,POS,item,Tender Coconut,1.0,0.0,0.0
2025-04-22,POS,item,Veg Pasta,1.0,0.0,0.0
2025-04-21,POS,item,12 Inch - Large Pizza,5.0,120.0,600.0
2025-04-21,POS,item,9 Inch - Medium Pizza,4.0,75.0,300.0
2025-04-21,Swiggy,item,9 Inch - Medium Pizza,2.0,75.0,150.0
2025-04-21,POS,item,Super Saver Meal Medium,1.0,75.0,75.0
2025-04-21,POS,item,7 Inch - Regular Pizza,12.0,40.0,480.0
2025-04-21,Swiggy,item,7 Inch - Regular Pizza,2.0,40.0,80.0
2025-04-21,POS,item,Delicious Combo Delight,1.0,40.0,40.0
2025-04-21,POS,item,Garlic Bread With Cheese,1.0,40.0,40.0
2025-04-21,Swiggy,item,Garlic Bread With Cheese,1.0,40.0,40.0
2025-04-21,POS,item,Non Veg Meal For 1,1.0,40.0,40.0
2025-04-21,Swiggy,addon,7 Inch - Regular Pizza -Extra Cheese,1.0,20.0,20.0
2025-04-21,POS,item,Combo Delight Non-Veg,3.0,20.0,60.0
2025-04-21,POS,item,7up 250ml Pet,1.0,0.0,0.0
2025-04-21,POS,item,Blue Mojito,1.0,0.0,0.0
2025-04-21,POS,item,Chicken Pasta,4.0,0.0,0.0
2025-04-21,POS,item,Chicken Popcorn,3.0,0.0,0.0
2025-04-21,POS,item,French Fries,4.0,0.0,0.0
2025-04-21,POS,item,Grapes Juice,2.0,0.0,0.0
2025-04-21,POS,item,Green Apple,1.0,0.0,0.0
2025-04-21,POS,item,Passion Fruit,2.0,0.0,0.0
2025-04-21,POS,item,Pepsi 250ml Pet,1.0,0.0,0.0
2025-04-21,POS,item,Pepsi@45rs,2.0,0.0,0.0
2025-04-21,POS,item,Pizza Upgrade,1.0,0.0,0.0
2025-04-21,POS,item,Regular Chicken Burger,11.0,0.0,0.0
2025-04-21,POS,item,Soft Drink,2.0,0.0,0.0
2025-04-21,POS,item,Strawberry,2.0,0.0,0.0
2025-04-21,POS,item,Veg Burger,1.0,0.0,0.0
2025-04-21,POS,item,12 Inch - Large Pizza,5.0,120.0,600.0
2025-04-21,POS,item,9 Inch - Medium Pizza,4.0,75.0,300.0
2025-04-21,Swiggy,item,9 Inch - Medium Pizza,2.0,75.0,150.0
2025-04-21,POS,item,Super Saver Meal Medium,1.0,75.0,75.0
2025-04-21,POS,item,7 Inch - Regular Pizza,12.0,40.0,480.0
2025-04-21,Swiggy,item,7 Inch - Regular Pizza,2.0,40.0,80.0
2025-04-21,POS,item,Delicious Combo Delight,1.0,40.0,40.0
2025-04-21,POS,item,Garlic Bread With Cheese,1.0,40.0,40.0
2025-04-21,Swiggy,item,Garlic Bread With Cheese,1.0,40.0,40.0
2025-04-21,POS,item,Non Veg Meal For 1,1.0,40.0,40.0
2025-04-21,Swiggy,addon,7 Inch - Regular Pizza -Extra Cheese,1.0,20.0,20.0
2025-04-21,POS,item,Combo Delight Non-Veg,3.0,20.0,60.0
2025-04-21,POS,item,7up 250ml Pet,1.0,0.0,0.0
2025-04-21,POS,item,Blue Mojito,1.0,0.0,0.0
2025-04-21,POS,item,Chicken Pasta,4.0,0.0,0.0
2025-04-21,POS,item,Chicken Popcorn,3.0,0.0,0.0
2025-04-21,POS,item,French Fries,4.0,0.0,0.0
2025-04-21,POS,item,Grapes Juice,2.0,0.0,0.0
2025-04-21,POS,item,Green Apple,1.0,0.0,0.0
2025-04-21,POS,item,Passion Fruit,2.0,0.0,0.0
2025-04-21,POS,item,Pepsi 250ml Pet,1.0,0.0,0.0
2025-04-21,POS,item,Pepsi@45rs,2.0,0.0,0.0
2025-04-21,POS,item,Pizza Upgrade,1.0,0.0,0.0
2025-04-21,POS,item,Regular Chicken Burger,11.0,0.0,0.0
2025-04-21,POS,item,Soft Drink,2.0,0.0,0.0
2025-04-21,POS,item,Strawberry,2.0,0.0,0.0
2025-04-21,POS,item,Veg Burger,1.0,0.0,0.0
2025-04-20,POS,item,Non Veg Meal For 6,1.0,195.0,195.0
2025-04-20,POS,item,2 Medium Non-veg@699,2.0,150.0,300.0
2025-04-20,POS,item,12 Inch - Large Pizza,3.0,120.0,360.0
2025-04-20,POS,item,2 Regular Non-veg@389,2.0,80.0,160.0
2025-04-20,POS,item,2 Regular Veg@329,1.0,80.0,80.0
2025-04-20,POS,item,9 Inch - Medium Pizza,9.0,75.0,675.0
2025-04-20,Swiggy,item,9 Inch - Medium Pizza,1.0,75.0,75.0
2025-04-20,POS,item,7 Inch - Regular Pizza,8.0,40.0,320.0
2025-04-20,Swiggy,item,7 Inch - Regular Pizza,6.0,40.0,240.0
2025-04-20,POS,item,Garlic Bread Supreme [veg],1.0,40.0,40.0
2025-04-20,POS,item,Garlic Bread Supreme[non-veg],1.0,40.0,40.0
2025-04-20,POS,item,Garlic Bread With Cheese,1.0,40.0,40.0
2025-04-20,POS,item,7up 250ml Pet,2.0,0.0,0.0
2025-04-20,POS,item,7up @50rs,1.0,0.0,0.0
2025-04-20,POS,item,7up@45rs,1.0,0.0,0.0
2025-04-20,POS,item,Blue Mojito,1.0,0.0,0.0
2025-04-20,POS,item,Brownie With Ice Cream,1.0,0.0,0.0
2025-04-20,POS,item,Chicken Nuggets,1.0,0.0,0.0
2025-04-20,POS,item,Chicken Pasta,3.0,0.0,0.0
2025-04-20,POS,item,French Fries,4.0,0.0,0.0
2025-04-20,Swiggy,item,Mango,2.0,0.0,0.0
2025-04-20,POS,item,Mint Lime Juice,2.0,0.0,0.0
2025-04-20,POS,item,Passion Fruit,1.0,0.0,0.0
2025-04-20,POS,item,Pepsi 250ml Pet,4.0,0.0,0.0
2025-04-20,POS,item,Pepsi@50rs,4.0,0.0,0.0
2025-04-20,POS,item,Pink Lady,1.0,0.0,0.0
2025-04-20,POS,item,Regular Chicken Burger,7.0,0.0,0.0
2025-04-20,POS,item,Slice 200ml,1.0,0.0,0.0
2025-04-20,POS,item,Soft Drink,2.0,0.0,0.0
2025-04-20,POS,item,Tender Coconut,1.0,0.0,0.0
2025-04-20,POS,item,Thousand Dip,1.0,0.0,0.0
2025-04-20,POS,item,Veg Burger,6.0,0.0,0.0
2025-04-19,POS,item,2 Medium Non-veg@699,4.0,150.0,600.0
2025-04-19,POS,item,12 Inch - Large Pizza,3.0,120.0,360.0
2025-04-19,POS,item,2 Regular Non-veg@389,1.0,80.0,80.0
2025-04-19,POS,item,2 Regular Veg@329,1.0,80.0,80.0
2025-04-19,POS,item,9 Inch - Medium Pizza,2.0,75.0,150.0
2025-04-19,Swiggy,item,9 Inch - Medium Pizza,1.0,75.0,75.0
2025-04-19,POS,item,Super Saver Meal Medium,1.0,75.0,75.0
2025-04-19,POS,addon,12 Inch - Large Pizza -Extra Cheese,1.0,60.0,60.0
2025-04-19,POS,item,7 Inch - Regular Pizza,7.0,40.0,280.0
2025-04-19,Swiggy,item,7 Inch - Regular Pizza,3.0,40.0,120.0
2025-04-19,POS,item,Super Saver Meal Regular,1.0,40.0,40.0
2025-04-19,POS,item,Blue Mojito,1.0,0.0,0.0
2025-04-19,POS,item,Bubble Gum,1.0,0.0,0.0
2025-04-19,POS,item,Cheesy Fries,1.0,0.0,0.0
2025-04-19,POS,item,Chicken Nuggets,2.0,0.0,0.0
2025-04-19,POS,item,Chikku Shake,3.0,0.0,0.0
2025-04-19,POS,item,French Fries,3.0,0.0,0.0
2025-04-19,POS,item,Fresh Garden Mint,1.0,0.0,0.0
2025-04-19,POS,item,Green Apple,2.0,0.0,0.0
2025-04-19,Swiggy,item,Green Apple,1.0,0.0,0.0
2025-04-19,POS,item,Loaded Fries,1.0,0.0,0.0
2025-04-19,POS,item,Mint Lime Juice,1.0,0.0,0.0
2025-04-19,POS,item,Pizza Upgrade,1.0,0.0,0.0
2025-04-19,POS,item,Roasted Chicken Salad,1.0,0.0,0.0
2025-04-19,POS,item,Soft Drink,4.0,0.0,0.0
2025-04-19,POS,item,Veg Pasta,1.0,0.0,0.0
2025-04-19,POS,item,Water Melon,1.0,0.0,0.0
2025-04-18,POS,item,2 Medium Non-veg@699,1.0,150.0,150.0
2025-04-18,POS,item,12 Inch - Large Pizza,8.0,120.0,960.0
2025-04-18,Swiggy,item,12 Inch - Large Pizza,1.0,120.0,120.0
2025-04-18,POS,item,2 Regular Non-veg@389,1.0,80.0,80.0
2025-04-18,POS,item,2 Regular Veg@329,1.0,80.0,80.0
2025-04-18,POS,item,9 Inch - Medium Pizza,2.0,75.0,150.0
2025-04-18,Swiggy,item,9 Inch - Medium Pizza,1.0,75.0,75.0
2025-04-18,POS,item,Super Saver Meal Medium,2.0,75.0,150.0
2025-04-18,POS,item,7 Inch - Regular Pizza,9.0,40.0,360.0
2025-04-18,Swiggy,item,7 Inch - Regular Pizza,6.0,40.0,240.0
2025-04-18,POS,item,Delicious Combo Delight,1.0,40.0,40.0
2025-04-18,POS,item,Super Saver Meal Regular,4.0,40.0,160.0
2025-04-18,Swiggy,addon,7 Inch - Regular Pizza -Extra Cheese,1.0,20.0,20.0
2025-04-18,POS,item,Combo Delight Non-Veg,1.0,20.0,20.0
2025-04-18,POS,item,7up 250ml Pet,4.0,0.0,0.0
2025-04-18,POS,item,7up @50rs,1.0,0.0,0.0
2025-04-18,POS,item,7up@45rs,1.0,0.0,0.0
2025-04-18,POS,item,Blue Mojito,2.0,0.0,0.0
2025-04-18,POS,item,Brownie With Ice Cream,1.0,0.0,0.0
2025-04-18,POS,item,Cheese N Macaroni Salad,1.0,0.0,0.0
2025-04-18,POS,item,Cheesy Fries,1.0,0.0,0.0
2025-04-18,POS,item,Chicken Nuggets,1.0,0.0,0.0
2025-04-18,Swiggy,item,Chicken Nuggets,1.0,0.0,0.0
2025-04-18,POS,item,Chicken Pasta,3.0,0.0,0.0
2025-04-18,POS,item,French Fries,2.0,0.0,0.0
2025-04-18,Swiggy,item,French Fries,1.0,0.0,0.0
2025-04-18,POS,item,Fresh Lime Juice,5.0,0.0,0.0
2025-04-18,POS,item,Garlic Bread,1.0,0.0,0.0
2025-04-18,POS,item,Green Apple,4.0,0.0,0.0
2025-04-18,POS,item,Loaded Fries,1.0,0.0,0.0
2025-04-18,POS,item,Mineral Water,3.0,0.0,0.0
2025-04-18,POS,item,Passion Fruit,1.0,0.0,0.0
2025-04-18,POS,item,Peri Peri Dip,2.0,0.0,0.0
2025-04-18,POS,item,Pineapple Juice,2.0,0.0,0.0
2025-04-18,POS,item,Regular Chicken Burger,1.0,0.0,0.0
2025-04-18,POS,item,Slice 200ml,3.0,0.0,0.0
2025-04-18,POS,item,Soda,2.0,0.0,0.0
2025-04-18,POS,item,Soft Drink,2.0,0.0,0.0
2025-04-18,POS,item,Spicy Chicken Zinger Burger,5.0,0.0,0.0
2025-04-18,POS,item,Thousand Dip,1.0,0.0,0.0
2025-04-18,POS,item,Veg Pasta,1.0,0.0,0.0
2025-04-17,POS,item,Non Veg Meal For 6,1.0,195.0,195.0
2025-04-17,POS,item,2 Medium Non-veg@699,3.0,150.0,450.0
2025-04-17,POS,item,2 Medium Veg@649,1.0,150.0,150.0
2025-04-17,POS,item,12 Inch - Large Pizza,6.0,120.0,720.0
2025-04-17,POS,item,2 Regular Non-veg@389,1.0,80.0,80.0
2025-04-17,POS,item,9 Inch - Medium Pizza,3.0,75.0,225.0
2025-04-17,Swiggy,item,9 Inch - Medium Pizza,1.0,75.0,75.0
2025-04-17,POS,item,Non Veg Meal For 2,1.0,75.0,75.0
2025-04-17,POS,item,Super Saver Meal Medium,1.0,75.0,75.0
2025-04-17,POS,item,7 Inch - Regular Pizza,10.0,40.0,400.0
2025-04-17,Swiggy,item,7 Inch - Regular Pizza,5.0,40.0,200.0
2025-04-17,POS,item,Garlic Bread Supreme[non-veg],1.0,40.0,40.0
2025-04-17,POS,item,Garlic Bread With Cheese,3.0,40.0,120.0
2025-04-17,Swiggy,item,Garlic Bread With Cheese,1.0,40.0,40.0
2025-04-17,POS,item,Super Saver Meal Regular,2.0,40.0,80.0
2025-04-17,POS,item,7up 250ml Pet,4.0,0.0,0.0
2025-04-17,POS,item,7up@45rs,1.0,0.0,0.0
2025-04-17,Swiggy,item,Blue Mojito,2.0,0.0,0.0
2025-04-17,POS,item,Brownie With Ice Cream,1.0,0.0,0.0
2025-04-17,Swiggy,item,Bubble Gum,1.0,0.0,0.0
2025-04-17,POS,item,Burger Combo @ 169,4.0,0.0,0.0
2025-04-17,POS,item,Burger Combo @ 199,1.0,0.0,0.0
2025-04-17,POS,item,Chicken Nuggets,2.0,0.0,0.0
2025-04-17,POS,item,Chicken Pasta,1.0,0.0,0.0
2025-04-17,POS,item,Chocolate Shake,2.0,0.0,0.0
2025-04-17,POS,item,French Fries,6.0,0.0,0.0
2025-04-17,POS,item,Loaded Fries,2.0,0.0,0.0
2025-04-17,Swiggy,item,Mango,1.0,0.0,0.0
2025-04-17,POS,item,Mineral Water,4.0,0.0,0.0
2025-04-17,POS,item,Mixed Chicken Salad,1.0,0.0,0.0
2025-04-17,POS,addon,Non Veg Meal For 2-Extra Cheese,1.0,0.0,0.0
2025-04-17,POS,item,Pepsi 250ml Pet,2.0,0.0,0.0
2025-04-17,POS,item,Pepsi@45rs,1.0,0.0,0.0
2025-04-17,POS,item,Pineapple Juice,3.0,0.0,0.0
2025-04-17,POS,item,Pizza Upgrade,1.0,0.0,0.0
2025-04-17,POS,item,Regular Chicken Burger,2.0,0.0,0.0
2025-04-17,POS,item,Sizzling Brownie,1.0,0.0,0.0
2025-04-17,POS,item,Slice 200ml,3.0,0.0,0.0
2025-04-17,POS,item,Strawberry,1.0,0.0,0.0
2025-04-16,POS,item,12 Inch - Large Pizza,3.0,120.0,360.0
2025-04-16,POS,item,Veg Meal For 4,1.0,120.0,120.0
2025-04-16,POS,item,2 Regular Non-veg@389,1.0,80.0,80.0
2025-04-16,POS,item,9 Inch - Medium Pizza,8.0,75.0,600.0
2025-04-16,Swiggy,item,9 Inch - Medium Pizza,3.0,75.0,225.0
2025-04-16,POS,item,7 Inch - Regular Pizza,14.0,40.0,560.0
2025-04-16,Swiggy,item,7 Inch - Regular Pizza,3.0,40.0,120.0
2025-04-16,POS,item,Delicious Combo Delight,1.0,40.0,40.0
2025-04-16,POS,item,Garlic Bread With Cheese,3.0,40.0,120.0
2025-04-16,POS,item,Super Saver Meal Regular,1.0,40.0,40.0
2025-04-16,POS,item,Combo Delight Non-Veg,3.0,20.0,60.0
2025-04-16,POS,item,7up 250ml Pet,1.0,0.0,0.0
2025-04-16,POS,item,7up @50rs,2.0,0.0,0.0
2025-04-16,POS,item,7up@45rs,1.0,0.0,0.0
2025-04-16,POS,item,Blue Mojito,1.0,0.0,0.0
2025-04-16,POS,item,Burger Combo @ 169,3.0,0.0,0.0
2025-04-16,POS,item,Burger Combo @ 179,1.0,0.0,0.0
2025-04-16,Swiggy,item,Cheese N Macaroni Salad,1.0,0.0,0.0
2025-04-16,POS,item,Cheesy Fries,1.0,0.0,0.0
2025-04-16,Swiggy,item,Cheesy Fries,1.0,0.0,0.0
2025-04-16,POS,item,Chicken Nuggets,2.0,0.0,0.0
2025-04-16,POS,item,Chicken Pasta,2.0,0.0,0.0
2025-04-16,POS,item,Chikku Shake,2.0,0.0,0.0
2025-04-16,POS,item,Chocolate Shake,2.0,0.0,0.0
2025-04-16,POS,item,French Fries,4.0,0.0,0.0
2025-04-16,Swiggy,item,French Fries,1.0,0.0,0.0
2025-04-16,POS,item,Fresh Lime Juice,1.0,0.0,0.0
2025-04-16,Swiggy,item,Garlic Bread,1.0,0.0,0.0
2025-04-16,POS,item,Loaded Fries,3.0,0.0,0.0
2025-04-16,Swiggy,item,Mango,1.0,0.0,0.0
2025-04-16,POS,item,Mdew 250ml Pet,1.0,0.0,0.0
2025-04-16,POS,item,Mdew 330ml Can,2.0,0.0,0.0
2025-04-16,POS,item,Mineral Water,1.0,0.0,0.0
2025-04-16,POS,item,Mint Lime Juice,1.0,0.0,0.0
2025-04-16,POS,item,Pepsi 250ml Pet,1.0,0.0,0.0
2025-04-16,POS,item,Pepsi@50rs,2.0,0.0,0.0
2025-04-16,POS,item,Potato Wedges,2.0,0.0,0.0
2025-04-16,POS,item,Regular Chicken Burger,3.0,0.0,0.0
2025-04-16,POS,item,Slice 200ml,3.0,0.0,0.0
2025-04-16,POS,item,Soda,2.0,0.0,0.0
2025-04-16,POS,item,Tender Coconut,1.0,0.0,0.0
2025-04-16,POS,item,Water Melon,1.0,0.0,0.0
2025-04-16,POS,item,Watermelon Juice,1.0,0.0,0.0
2025-04-15,POS,item,12 Inch - Large Pizza,5.0,120.0,600.0
2025-04-15,POS,item,Non Veg Meal For 4,1.0,120.0,120.0
2025-04-15,POS,item,2 Regular Non-veg@389,3.0,80.0,240.0
2025-04-15,POS,item,9 Inch - Medium Pizza,11.0,75.0,825.0
2025-04-15,POS,item,Super Saver Meal Medium,1.0,75.0,75.0
2025-04-15,POS,item,7 Inch - Regular Pizza,10.0,40.0,400.0
2025-04-15,Swiggy,item,7 Inch - Regular Pizza,4.0,40.0,160.0
2025-04-15,POS,item,Non Veg Meal For 1,1.0,40.0,40.0
2025-04-15,POS,item,Super Saver Meal Regular,2.0,40.0,80.0
2025-04-15,POS,item,7up 250ml Pet,2.0,0.0,0.0
2025-04-15,POS,item,7up@45rs,2.0,0.0,0.0
2025-04-15,POS,item,Blue Curacao,1.0,0.0,0.0
2025-04-15,POS,item,Brownie With Ice Cream,1.0,0.0,0.0
2025-04-15,POS,item,Burger Combo @ 169,2.0,0.0,0.0
2025-04-15,POS,item,Burger Combo @ 179,1.0,0.0,0.0
2025-04-15,POS,item,Cheese N Macaroni Salad,1.0,0.0,0.0
2025-04-15,POS,item,Cheesy Fries,1.0,0.0,0.0
2025-04-15,Swiggy,item,Chicken Loaded Fries,1.0,0.0,0.0
2025-04-15,POS,item,Chicken Nuggets,1.0,0.0,0.0
2025-04-15,POS,item,Chicken Pasta,1.0,0.0,0.0
2025-04-15,POS,item,Chikku Shake,3.0,0.0,0.0
2025-04-15,POS,item,Chocolate Shake,1.0,0.0,0.0
2025-04-15,POS,item,French Fries,3.0,0.0,0.0
2025-04-15,POS,item,Grapes Juice,1.0,0.0,0.0
2025-04-15,POS,item,Green Apple,1.0,0.0,0.0
2025-04-15,POS,item,Loaded Fries,1.0,0.0,0.0
2025-04-15,POS,item,Mdew 250ml Pet,1.0,0.0,0.0
2025-04-15,POS,item,Mdew@40rs,1.0,0.0,0.0
2025-04-15,POS,item,Mineral Water,2.0,0.0,0.0
2025-04-15,POS,item,Mint Lime Juice,1.0,0.0,0.0
2025-04-15,POS,item,Pepsi 330ml Can,1.0,0.0,0.0
2025-04-15,POS,item,Pepsi@45rs,1.0,0.0,0.0
2025-04-15,POS,item,Pepsi@50rs,5.0,0.0,0.0
2025-04-15,POS,item,Pineapple Juice,5.0,0.0,0.0
2025-04-15,POS,item,Pizza Upgrade,2.0,0.0,0.0
2025-04-15,POS,item,Regular Chicken Burger,2.0,0.0,0.0
2025-04-15,POS,item,Slice 200ml,2.0,0.0,0.0
2025-04-15,POS,item,Soda,2.0,0.0,0.0
2025-04-15,POS,item,Tender Coconut,3.0,0.0,0.0
2025-04-15,Swiggy,item,Veg Pasta,1.0,0.0,0.0
2025-04-15,POS,item,Vishu Offer - Regular Non-veg Pizza,1.0,0.0,0.0
2025-04-15,POS,item,Vishu Offer - Regular Veg Pizza,1.0,0.0,0.0
2025-04-14,POS,item,12 Inch - Large Pizza,4.0,120.0,480.0
2025-04-14,Swiggy,item,12 Inch - Large Pizza,1.0,120.0,120.0
2025-04-14,POS,item,Veg Meal For 4,1.0,120.0,120.0
2025-04-14,POS,item,2 Regular Non-veg@389,5.0,80.0,400.0
2025-04-14,POS,item,9 Inch - Medium Pizza,11.0,75.0,825.0
2025-04-14,POS,item,Super Saver Meal Medium,1.0,75.0,75.0
2025-04-14,POS,item,7 Inch - Regular Pizza,14.0,40.0,560.0
2025-04-14,Swiggy,item,7 Inch - Regular Pizza,2.0,40.0,80.0
2025-04-14,POS,item,Garlic Bread With Cheese,1.0,40.0,40.0
2025-04-14,POS,item,Super Saver Meal Regular,1.0,40.0,40.0
2025-04-14,POS,item,7up 250ml Pet,1.0,0.0,0.0
2025-04-14,POS,item,7up @50rs,1.0,0.0,0.0
2025-04-14,POS,item,7up@45rs,1.0,0.0,0.0
2025-04-14,POS,item,Brownie,1.0,0.0,0.0
2025-04-14,Swiggy,item,Brownie,1.0,0.0,0.0
2025-04-14,POS,item,Burger Combo @ 179,2.0,0.0,0.0
2025-04-14,POS,item,Cheesy Fries,1.0,0.0,0.0
2025-04-14,POS,item,Chicken Nuggets,1.0,0.0,0.0
2025-04-14,Swiggy,item,Chicken Nuggets,1.0,0.0,0.0
2025-04-14,POS,item,Chicken Pasta,5.0,0.0,0.0
2025-04-14,POS,item,Chicken Popcorn,1.0,0.0,0.0
2025-04-14,POS,item,Chikku Shake,3.0,0.0,0.0
2025-04-14,POS,item,French Fries,8.0,0.0,0.0
2025-04-14,Swiggy,item,French Fries,2.0,0.0,0.0
2025-04-14,POS,item,Garlic Bread,2.0,0.0,0.0
2025-04-14,POS,item,Grapes Juice,2.0,0.0,0.0
2025-04-14,POS,item,Loaded Fries,1.0,0.0,0.0
2025-04-14,POS,item,Mineral Water,4.0,0.0,0.0
2025-04-14,POS,item,Mint Lime Juice,1.0,0.0,0.0
2025-04-14,POS,item,Pepsi 250ml Pet,3.0,0.0,0.0
2025-04-14,POS,item,Pepsi@45rs,1.0,0.0,0.0
2025-04-14,POS,item,Pepsi@50rs,1.0,0.0,0.0
2025-04-14,POS,item,Pineapple Juice,2.0,0.0,0.0
2025-04-14,POS,item,Regular Chicken Burger,5.0,0.0,0.0
2025-04-14,POS,item,Sizzling Brownie,1.0,0.0,0.0
2025-04-14,POS,item,Slice 200ml,2.0,0.0,0.0
2025-04-14,POS,item,Soft Drink,3.0,0.0,0.0
2025-04-14,POS,item,Tender Coconut,1.0,0.0,0.0
2025-04-14,Swiggy,item,Veg Pasta,1.0,0.0,0.0
2025-04-14,POS,item,Vishu Offer - Regular Non-veg Pizza,2.0,0.0,0.0
2025-04-14,POS,item,Watermelon Juice,2.0,0.0,0.0
2025-04-13,POS,item,2 Medium Non-veg@699,3.0,150.0,450.0
2025-04-13,POS,item,12 Inch - Large Pizza,4.0,120.0,480.0
2025-04-13,POS,item,Non Veg Meal For 4,1.0,120.0,120.0
2025-04-13,POS,item,2 Regular Non-veg@389,1.0,80.0,80.0
2025-04-13,POS,item,2 Regular Veg@329,1.0,80.0,80.0
2025-04-13,POS,item,9 Inch - Medium Pizza,8.0,75.0,600.0
2025-04-13,Swiggy,item,9 Inch - Medium Pizza,2.0,75.0,150.0
2025-04-13,POS,item,Super Saver Meal Medium,1.0,75.0,75.0
2025-04-13,POS,item,7 Inch - Regular Pizza,10.0,40.0,400.0
2025-04-13,Swiggy,item,7 Inch - Regular Pizza,2.0,40.0,80.0
2025-04-13,POS,item,Delicious Combo Delight,1.0,40.0,40.0
2025-04-13,POS,item,Fantastic Fun Meal,1.0,40.0,40.0
2025-04-13,POS,item,Garlic Bread With Cheese,1.0,40.0,40.0
2025-04-13,POS,item,Super Saver Meal Regular,4.0,40.0,160.0
2025-04-13,POS,item,Combo Delight Veg,1.0,20.0,20.0
2025-04-13,POS,item,7up 250ml Pet,1.0,0.0,0.0
2025-04-13,POS,item,7up @50rs,1.0,0.0,0.0
2025-04-13,POS,item,7up@45rs,1.0,0.0,0.0
2025-04-13,POS,item,Burger Combo @ 169,2.0,0.0,0.0
2025-04-13,POS,item,Burger Combo @ 179,2.0,0.0,0.0
2025-04-13,POS,item,Chicken Pasta,1.0,0.0,0.0
2025-04-13,Swiggy,item,Chicken Pasta,1.0,0.0,0.0
2025-04-13,POS,item,Chikku Shake,2.0,0.0,0.0
2025-04-13,POS,item,Chocolate Shake,1.0,0.0,0.0
2025-04-13,POS,item,French Fries,3.0,0.0,0.0
2025-04-13,POS,item,Garlic Bread,5.0,0.0,0.0
2025-04-13,POS,item,Grapes Juice,1.0,0.0,0.0
2025-04-13,POS,item,Mdew 330ml Can,2.0,0.0,0.0
2025-04-13,POS,item,Mint Lime Juice,1.0,0.0,0.0
2025-04-13,POS,item,Mixed Berry,1.0,0.0,0.0
2025-04-13,POS,item,Nutty Vanilla,2.0,0.0,0.0
2025-04-13,POS,item,Pizza Upgrade,2.0,0.0,0.0
2025-04-13,POS,item,Potato Wedges,2.0,0.0,0.0
2025-04-13,POS,item,Regular Chicken Burger,10.0,0.0,0.0
2025-04-13,POS,item,Slice 200ml,2.0,0.0,0.0
2025-04-13,POS,item,Slice@40rs,1.0,0.0,0.0
2025-04-13,POS,item,Soft Drink,1.0,0.0,0.0
2025-04-13,POS,item,Tender Coconut,1.0,0.0,0.0
2025-04-12,POS,item,2 Medium Non-veg@699,2.0,150.0,300.0
2025-04-12,POS,item,2 Medium Veg@649,2.0,150.0,300.0
2025-04-12,POS,item,12 Inch - Large Pizza,2.0,120.0,240.0
2025-04-12,POS,item,Non Veg Meal For 4,1.0,120.0,120.0
2025-04-12,POS,item,2 Regular Non-veg@389,2.0,80.0,160.0
2025-04-12,POS,item,2 Regular Veg@329,1.0,80.0,80.0
2025-04-12,POS,item,9 Inch - Medium Pizza,9.0,75.0,675.0
2025-04-12,Swiggy,item,9 Inch - Medium Pizza,1.0,75.0,75.0
2025-04-12,POS,item,Super Saver Meal Medium,1.0,75.0,75.0
2025-04-12,POS,item,7 Inch - Regular Pizza,9.0,40.0,360.0
2025-04-12,Swiggy,item,7 Inch - Regular Pizza,2.0,40.0,80.0
2025-04-12,POS,item,Delicious Combo Delight,1.0,40.0,40.0
2025-04-12,POS,item,Fantastic Fun Meal,1.0,40.0,40.0
2025-04-12,POS,item,Garlic Bread With Cheese,1.0,40.0,40.0
2025-04-12,POS,item,Super Saver Meal Regular,1.0,40.0,40.0
2025-04-12,POS,addon,7 Inch - Regular Pizza -Extra Cheese,1.0,20.0,20.0
2025-04-12,POS,item,Combo Delight Non-Veg,4.0,20.0,80.0
2025-04-12,POS,item,7up 250ml Pet,1.0,0.0,0.0
2025-04-12,POS,item,7up@45rs,1.0,0.0,0.0
2025-04-12,POS,item,Blue Mojito,1.0,0.0,0.0
2025-04-12,POS,item,Burger Combo @ 169,3.0,0.0,0.0
2025-04-12,POS,item,Burger Combo @ 179,1.0,0.0,0.0
2025-04-12,POS,item,Burger Combo @ 199,1.0,0.0,0.0
2025-04-12,POS,item,Chicken Nuggets,1.0,0.0,0.0
2025-04-12,Swiggy,item,Chicken Nuggets,1.0,0.0,0.0
2025-04-12,POS,item,Chicken Pasta,2.0,0.0,0.0
2025-04-12,POS,item,Chikku Shake,1.0,0.0,0.0
2025-04-12,POS,item,Chocolate Shake,1.0,0.0,0.0
2025-04-12,POS,item,French Fries,3.0,0.0,0.0
2025-04-12,POS,item,Garlic Bread,2.0,0.0,0.0
2025-04-12,POS,item,Loaded Fries,1.0,0.0,0.0
2025-04-12,POS,item,Mineral Water,1.0,0.0,0.0
2025-04-12,POS,item,Pepsi@50rs,2.0,0.0,0.0
2025-04-12,POS,item,Peri Peri Dip,1.0,0.0,0.0
2025-04-12,POS,item,Pineapple Juice,2.0,0.0,0.0
2025-04-12,POS,item,Regular Chicken Burger,3.0,0.0,0.0
2025-04-12,POS,item,Tender Coconut,2.0,0.0,0.0
2025-04-12,POS,item,Veg Pasta,3.0,0.0,0.0
2025-04-12,POS,item,Vishu Offer - Regular Non-veg Pizza,1.0,0.0,0.0
2025-04-12,POS,item,Vishu Offer - Regular Veg Pizza,1.0,0.0,0.0
2025-04-11,POS,item,Non Veg Meal For 6,1.0,195.0,195.0
2025-04-11,POS,item,Veg Meal For 6,1.0,195.0,195.0
2025-04-11,POS,item,2 Medium Non-veg@699,1.0,150.0,150.0
2025-04-11,POS,item,12 Inch - Large Pizza,3.0,120.0,360.0
2025-04-11,POS,item,2 Regular Non-veg@389,4.0,80.0,320.0
2025-04-11,POS,item,9 Inch - Medium Pizza,5.0,75.0,375.0
2025-04-11,Swiggy,item,9 Inch - Medium Pizza,1.0,75.0,75.0
2025-04-11,POS,item,Super Saver Meal Medium,3.0,75.0,225.0
2025-04-11,POS,item,7 Inch - Regular Pizza,10.0,40.0,400.0
2025-04-11,Swiggy,item,7 Inch - Regular Pizza,7.0,40.0,280.0
2025-04-11,POS,item,Garlic Bread With Cheese,2.0,40.0,80.0
2025-04-11,POS,item,Non Veg Meal For 1,2.0,40.0,80.0
2025-04-11,POS,item,Super Saver Meal Regular,3.0,40.0,120.0
2025-04-11,POS,item,Combo Delight Non-Veg,2.0,20.0,40.0
2025-04-11,POS,item,7up 250ml Pet,1.0,0.0,0.0
2025-04-11,POS,item,7up@45rs,1.0,0.0,0.0
2025-04-11,POS,item,Blue Mojito,2.0,0.0,0.0
2025-04-11,POS,item,Burger Combo @ 179,1.0,0.0,0.0
2025-04-11,POS,item,Burger Combo @ 199,1.0,0.0,0.0
2025-04-11,POS,item,Chicken Pasta,4.0,0.0,0.0
2025-04-11,POS,item,Coleslaw Salad,1.0,0.0,0.0
2025-04-11,POS,item,French Fries,7.0,0.0,0.0
2025-04-11,Swiggy,item,French Fries,1.0,0.0,0.0
2025-04-11,POS,item,Fresh Lime Juice,1.0,0.0,0.0
2025-04-11,POS,item,Grapes Juice,4.0,0.0,0.0
2025-04-11,POS,item,Loaded Fries,2.0,0.0,0.0
2025-04-11,POS,item,Mineral Water,1.0,0.0,0.0
2025-04-11,POS,item,Mint Lime Juice,1.0,0.0,0.0
2025-04-11,POS,item,Passion Fruit,1.0,0.0,0.0
2025-04-11,POS,item,Pepsi 250ml Pet,2.0,0.0,0.0
2025-04-11,POS,item,Pepsi@50rs,2.0,0.0,0.0
2025-04-11,POS,item,Pizza Upgrade,2.0,0.0,0.0
2025-04-11,POS,item,Regular Chicken Burger,8.0,0.0,0.0
2025-04-11,POS,item,Slice 200ml,1.0,0.0,0.0
2025-04-11,POS,item,Veg Burger,4.0,0.0,0.0
2025-04-11,POS,item,Water Melon,1.0,0.0,0.0
2025-04-11,POS,item,Non Veg Meal For 6,1.0,195.0,195.0
2025-04-11,POS,item,Veg Meal For 6,1.0,195.0,195.0
2025-04-11,POS,item,2 Medium Non-veg@699,1.0,150.0,150.0
2025-04-11,POS,item,12 Inch - Large Pizza,3.0,120.0,360.0
2025-04-11,POS,item,2 Regular Non-veg@389,4.0,80.0,320.0
2025-04-11,POS,item,9 Inch - Medium Pizza,5.0,75.0,375.0
2025-04-11,Swiggy,item,9 Inch - Medium Pizza,1.0,75.0,75.0
2025-04-11,POS,item,Super Saver Meal Medium,3.0,75.0,225.0
2025-04-11,POS,item,7 Inch - Regular Pizza,10.0,40.0,400.0
2025-04-11,Swiggy,item,7 Inch - Regular Pizza,7.0,40.0,280.0
2025-04-11,POS,item,Garlic Bread With Cheese,2.0,40.0,80.0
2025-04-11,POS,item,Non Veg Meal For 1,2.0,40.0,80.0
2025-04-11,POS,item,Super Saver Meal Regular,3.0,40.0,120.0
2025-04-11,POS,item,Combo Delight Non-Veg,2.0,20.0,40.0
2025-04-11,POS,item,7up 250ml Pet,1.0,0.0,0.0
2025-04-11,POS,item,7up@45rs,1.0,0.0,0.0
2025-04-11,POS,item,Blue Mojito,2.0,0.0,0.0
2025-04-11,POS,item,Burger Combo @ 179,1.0,0.0,0.0
2025-04-11,POS,item,Burger Combo @ 199,1.0,0.0,0.0
2025-04-11,POS,item,Chicken Pasta,4.0,0.0,0.0
2025-04-11,POS,item,Coleslaw Salad,1.0,0.0,0.0
2025-04-11,POS,item,French Fries,7.0,0.0,0.0
2025-04-11,Swiggy,item,French Fries,1.0,0.0,0.0
2025-04-11,POS,item,Fresh Lime Juice,1.0,0.0,0.0
2025-04-11,POS,item,Grapes Juice,4.0,0.0,0.0
2025-04-11,POS,item,Loaded Fries,2.0,0.0,0.0
2025-04-11,POS,item,Mineral Water,1.0,0.0,0.0
2025-04-11,POS,item,Mint Lime Juice,1.0,0.0,0.0
2025-04-11,POS,item,Passion Fruit,1.0,0.0,0.0
2025-04-11,POS,item,Pepsi 250ml Pet,2.0,0.0,0.0
2025-04-11,POS,item,Pepsi@50rs,2.0,0.0,0.0
2025-04-11,POS,item,Pizza Upgrade,2.0,0.0,0.0
2025-04-11,POS,item,Regular Chicken Burger,8.0,0.0,0.0
2025-04-11,POS,item,Slice 200ml,1.0,0.0,0.0
2025-04-11,POS,item,Veg Burger,4.0,0.0,0.0
2025-04-11,POS,item,Water Melon,1.0,0.0,0.0
2025-04-10,POS,item,Non Veg Meal For 6,1.0,195.0,195.0
2025-04-10,POS,item,12 Inch - Large Pizza,1.0,120.0,120.0
2025-04-10,POS,item,2 Regular Non-veg@389,1.0,80.0,80.0
2025-04-10,POS,item,9 Inch - Medium Pizza,9.0,75.0,675.0
2025-04-10,POS,item,Non Veg Meal For 2,2.0,75.0,150.0
2025-04-10,Swiggy,item,7 Inch - Regular Pizza,12.0,40.0,480.0
2025-04-10,POS,item,7 Inch - Regular Pizza,4.0,40.0,160.0
2025-04-10,POS,item,Super Saver Meal Regular,1.0,40.0,40.0
2025-04-10,Swiggy,addon,7 Inch - Regular Pizza -Extra Cheese,1.0,20.0,20.0
2025-04-10,POS,item,Big Slice Of Pizza,1.0,0.0,0.0
2025-04-10,Swiggy,item,Blue Curacao,1.0,0.0,0.0
2025-04-10,POS,item,Blue Mojito,1.0,0.0,0.0
2025-04-10,POS,item,Brownie With Ice Cream,1.0,0.0,0.0
2025-04-10,POS,item,Burger Combo @ 169,1.0,0.0,0.0
2025-04-10,POS,item,Burger Combo @ 179,1.0,0.0,0.0
2025-04-10,Swiggy,item,Butterscotch Sundae,1.0,0.0,0.0
2025-04-10,POS,item,Chicken Nuggets,3.0,0.0,0.0
2025-04-10,Swiggy,item,Chicken Nuggets,2.0,0.0,0.0
2025-04-10,POS,item,Chicken Pasta,2.0,0.0,0.0
2025-04-10,Swiggy,item,French Fries,3.0,0.0,0.0
2025-04-10,POS,item,French Fries,2.0,0.0,0.0
2025-04-10,Swiggy,item,Fresh Garden Mint,1.0,0.0,0.0
2025-04-10,Swiggy,item,Garlic Bread,2.0,0.0,0.0
2025-04-10,POS,item,Mango,1.0,0.0,0.0
2025-04-10,POS,item,Mdew 250ml Pet,3.0,0.0,0.0
2025-04-10,POS,item,Mdew 330ml Can,3.0,0.0,0.0
2025-04-10,POS,item,Mint Lime Juice,1.0,0.0,0.0
2025-04-10,POS,item,Passion Fruit,1.0,0.0,0.0
2025-04-10,POS,item,Pepsi 250ml Pet,2.0,0.0,0.0
2025-04-10,POS,item,Pepsi 330ml Can,2.0,0.0,0.0
2025-04-10,POS,item,Pepsi@50rs,1.0,0.0,0.0
2025-04-10,POS,item,Pineapple Juice,1.0,0.0,0.0
2025-04-10,Swiggy,item,Pink Lady,1.0,0.0,0.0
2025-04-10,POS,item,Pizza Upgrade,1.0,0.0,0.0
2025-04-10,Swiggy,item,Potato Wedges,1.0,0.0,0.0
2025-04-10,POS,item,Regular Chicken Burger,3.0,0.0,0.0
2025-04-10,POS,item,Soda,1.0,0.0,0.0
2025-04-10,POS,item,Soft Drink,1.0,0.0,0.0
2025-04-10,POS,item,Veg Burger,1.0,0.0,0.0
2025-04-10,POS,item,Non Veg Meal For 6,1.0,195.0,195.0
2025-04-10,POS,item,12 Inch - Large Pizza,1.0,120.0,120.0
2025-04-10,POS,item,2 Regular Non-veg@389,1.0,80.0,80.0
2025-04-10,POS,item,9 Inch - Medium Pizza,9.0,75.0,675.0
2025-04-10,POS,item,Non Veg Meal For 2,2.0,75.0,150.0
2025-04-10,Swiggy,item,7 Inch - Regular Pizza,12.0,40.0,480.0
2025-04-10,POS,item,7 Inch - Regular Pizza,4.0,40.0,160.0
2025-04-10,POS,item,Super Saver Meal Regular,1.0,40.0,40.0
2025-04-10,Swiggy,addon,7 Inch - Regular Pizza -Extra Cheese,1.0,20.0,20.0
2025-04-10,POS,item,Big Slice Of Pizza,1.0,0.0,0.0
2025-04-10,Swiggy,item,Blue Curacao,1.0,0.0,0.0
2025-04-10,POS,item,Blue Mojito,1.0,0.0,0.0
2025-04-10,POS,item,Brownie With Ice Cream,1.0,0.0,0.0
2025-04-10,POS,item,Burger Combo @ 169,1.0,0.0,0.0
2025-04-10,POS,item,Burger Combo @ 179,1.0,0.0,0.0
2025-04-10,Swiggy,item,Butterscotch Sundae,1.0,0.0,0.0
2025-04-10,POS,item,Chicken Nuggets,3.0,0.0,0.0
2025-04-10,Swiggy,item,Chicken Nuggets,2.0,0.0,0.0
2025-04-10,POS,item,Chicken Pasta,2.0,0.0,0.0
2025-04-10,Swiggy,item,French Fries,3.0,0.0,0.0
2025-04-10,POS,item,French Fries,2.0,0.0,0.0
2025-04-10,Swiggy,item,Fresh Garden Mint,1.0,0.0,0.0
2025-04-10,Swiggy,item,Garlic Bread,2.0,0.0,0.0
2025-04-10,POS,item,Mango,1.0,0.0,0.0
2025-04-10,POS,item,Mdew 250ml Pet,3.0,0.0,0.0
2025-04-10,POS,item,Mdew 330ml Can,3.0,0.0,0.0
2025-04-10,POS,item,Mint Lime Juice,1.0,0.0,0.0
2025-04-10,POS,item,Passion Fruit,1.0,0.0,0.0
2025-04-10,POS,item,Pepsi 250ml Pet,2.0,0.0,0.0
2025-04-10,POS,item,Pepsi 330ml Can,2.0,0.0,0.0
2025-04-10,POS,item,Pepsi@50rs,1.0,0.0,0.0
2025-04-10,POS,item,Pineapple Juice,1.0,0.0,0.0
2025-04-10,Swiggy,item,Pink Lady,1.0,0.0,0.0
2025-04-10,POS,item,Pizza Upgrade,1.0,0.0,0.0
2025-04-10,Swiggy,item,Potato Wedges,1.0,0.0,0.0
2025-04-10,POS,item,Regular Chicken Burger,3.0,0.0,0.0
2025-04-10,POS,item,Soda,1.0,0.0,0.0
2025-04-10,POS,item,Soft Drink,1.0,0.0,0.0
2025-04-10,POS,item,Veg Burger,1.0,0.0,0.0
2025-04-09,POS,item,12 Inch - Large Pizza,1.0,120.0,120.0
2025-04-09,POS,item,Non Veg Meal For 4,1.0,120.0,120.0
2025-04-09,POS,item,2 Regular Non-veg@389,1.0,80.0,80.0
2025-04-09,POS,item,9 Inch - Medium Pizza,2.0,75.0,150.0
2025-04-09,Swiggy,item,9 Inch - Medium Pizza,1.0,75.0,75.0
2025-04-09,POS,item,7 Inch - Regular Pizza,11.0,40.0,440.0
2025-04-09,Swiggy,item,7 Inch - Regular Pizza,4.0,40.0,160.0
2025-04-09,POS,item,Delicious Combo Delight,1.0,40.0,40.0
2025-04-09,POS,item,Garlic Bread With Cheese,1.0,40.0,40.0
2025-04-09,POS,item,Super Saver Meal Regular,1.0,40.0,40.0
2025-04-09,Swiggy,addon,7 Inch - Regular Pizza -Extra Cheese,1.0,20.0,20.0
2025-04-09,POS,item,Combo Delight Non-Veg,1.0,20.0,20.0
2025-04-09,POS,item,7up 250ml Pet,2.0,0.0,0.0
2025-04-09,POS,item,Blue Mojito,1.0,0.0,0.0
2025-04-09,POS,item,Brownie,1.0,0.0,0.0
2025-04-09,POS,item,Chicken Pasta,1.0,0.0,0.0
2025-04-09,POS,item,Chikku Shake,6.0,0.0,0.0
2025-04-09,POS,item,Chocolate Shake,1.0,0.0,0.0
2025-04-09,POS,item,French Fries,1.0,0.0,0.0
2025-04-09,Swiggy,item,French Fries,1.0,0.0,0.0
2025-04-09,POS,item,Fresh Garden Mint,1.0,0.0,0.0
2025-04-09,POS,item,Fresh Lime Juice,3.0,0.0,0.0
2025-04-09,POS,item,Grapes Juice,1.0,0.0,0.0
2025-04-09,POS,item,Mint Lime Juice,2.0,0.0,0.0
2025-04-09,POS,item,Pepsi 250ml Pet,1.0,0.0,0.0
2025-04-09,POS,item,Pineapple Juice,4.0,0.0,0.0
2025-04-09,POS,item,Regular Chicken Burger,8.0,0.0,0.0
2025-04-09,POS,item,Soft Drink,3.0,0.0,0.0
2025-04-09,POS,item,Tender Coconut,1.0,0.0,0.0
2025-04-09,POS,item,Water Melon,1.0,0.0,0.0
2025-04-08,POS,item,2 Medium Non-veg@699,1.0,150.0,150.0
2025-04-08,POS,item,12 Inch - Large Pizza,5.0,120.0,600.0
2025-04-08,POS,item,2 Regular Non-veg@389,2.0,80.0,160.0
2025-04-08,POS,item,9 Inch - Medium Pizza,4.0,75.0,300.0
2025-04-08,Swiggy,item,9 Inch - Medium Pizza,1.0,75.0,75.0
2025-04-08,POS,item,Super Saver Meal Medium,2.0,75.0,150.0
2025-04-08,POS,item,7 Inch - Regular Pizza,10.0,40.0,400.0
2025-04-08,Swiggy,item,7 Inch - Regular Pizza,1.0,40.0,40.0
2025-04-08,POS,item,Garlic Bread With Cheese,1.0,40.0,40.0
2025-04-08,Swiggy,item,Garlic Bread With Cheese,1.0,40.0,40.0
2025-04-08,POS,item,Non Veg Meal For 1,1.0,40.0,40.0
2025-04-08,POS,item,Combo Delight Non-Veg,2.0,20.0,40.0
2025-04-08,POS,item,7up 250ml Pet,2.0,0.0,0.0
2025-04-08,POS,item,7up @50rs,1.0,0.0,0.0
2025-04-08,POS,item,Big Slice Of Pizza,2.0,0.0,0.0
2025-04-08,POS,item,Blue Mojito,2.0,0.0,0.0
2025-04-08,Swiggy,item,Blue Mojito,1.0,0.0,0.0
2025-04-08,POS,item,Burger Combo @ 169,1.0,0.0,0.0
2025-04-08,POS,item,Burger Combo @ 179,2.0,0.0,0.0
2025-04-08,Swiggy,item,Butterscotch Sundae,1.0,0.0,0.0
2025-04-08,Swiggy,item,Chicken Loaded Fries,2.0,0.0,0.0
2025-04-08,POS,item,Chicken Popcorn,1.0,0.0,0.0
2025-04-08,POS,item,French Fries,2.0,0.0,0.0
2025-04-08,Swiggy,item,French Fries,1.0,0.0,0.0
2025-04-08,POS,item,Fresh Lime Juice,3.0,0.0,0.0
2025-04-08,POS,item,Grapes Juice,1.0,0.0,0.0
2025-04-08,POS,item,Greek Chicken Salad[non-veg],1.0,0.0,0.0
2025-04-08,POS,item,Loaded Fries,1.0,0.0,0.0
2025-04-08,POS,item,Mint Lime Juice,1.0,0.0,0.0
2025-04-08,POS,item,Pepsi@45rs,1.0,0.0,0.0
2025-04-08,POS,item,Regular Chicken Burger,3.0,0.0,0.0
2025-04-08,POS,item,Soda,2.0,0.0,0.0
2025-04-08,POS,item,Soft Drink,2.0,0.0,0.0
2025-04-07,POS,item,12 Inch - Large Pizza,2.0,120.0,240.0
2025-04-07,POS,item,2 Regular Non-veg@389,5.0,80.0,400.0
2025-04-07,POS,item,2 Regular Veg@329,1.0,80.0,80.0
2025-04-07,POS,item,9 Inch - Medium Pizza,2.0,75.0,150.0
2025-04-07,Swiggy,item,9 Inch - Medium Pizza,1.0,75.0,75.0
2025-04-07,POS,item,Super Saver Meal Medium,1.0,75.0,75.0
2025-04-07,POS,item,7 Inch - Regular Pizza,8.0,40.0,320.0
2025-04-07,Swiggy,item,7 Inch - Regular Pizza,5.0,40.0,200.0
2025-04-07,POS,item,Super Saver Meal Regular,2.0,40.0,80.0
2025-04-07,POS,item,Combo Delight Non-Veg,3.0,20.0,60.0
2025-04-07,POS,item,7up @50rs,1.0,0.0,0.0
2025-04-07,POS,item,7up@45rs,1.0,0.0,0.0
2025-04-07,POS,item,Big Slice Of Pizza,1.0,0.0,0.0
2025-04-07,POS,item,Blue Mojito,1.0,0.0,0.0
2025-04-07,POS,item,Brownie,1.0,0.0,0.0
2025-04-07,POS,item,Brownie With Ice Cream,1.0,0.0,0.0
2025-04-07,POS,item,Burger Combo @ 169,2.0,0.0,0.0
2025-04-07,POS,item,Cheese N Macaroni Salad,1.0,0.0,0.0
2025-04-07,POS,item,Chikku Shake,1.0,0.0,0.0
2025-04-07,POS,item,Chocolate Shake,3.0,0.0,0.0
2025-04-07,POS,item,French Fries,7.0,0.0,0.0
2025-04-07,POS,item,Fresh Lime Juice,2.0,0.0,0.0
2025-04-07,POS,item,Grapes Juice,1.0,0.0,0.0
2025-04-07,POS,item,Loaded Fries,3.0,0.0,0.0
2025-04-07,POS,item,Mango,1.0,0.0,0.0
2025-04-07,POS,item,Mineral Water,2.0,0.0,0.0
2025-04-07,POS,item,Mixed Berry,1.0,0.0,0.0
2025-04-07,POS,item,Pepsi 250ml Pet,1.0,0.0,0.0
2025-04-07,POS,item,Pineapple Juice,1.0,0.0,0.0
2025-04-07,POS,item,Regular Chicken Burger,8.0,0.0,0.0
2025-04-07,POS,item,Slice 200ml,2.0,0.0,0.0
2025-04-07,POS,item,Soft Drink,1.0,0.0,0.0
2025-04-07,POS,item,Veg Burger,3.0,0.0,0.0
2025-04-07,POS,item,Veg Pasta,1.0,0.0,0.0
2025-04-06,POS,item,2 Medium Non-veg@699,2.0,150.0,300.0
2025-04-06,POS,item,12 Inch - Large Pizza,5.0,120.0,600.0
2025-04-06,Swiggy,item,12 Inch - Large Pizza,1.0,120.0,120.0
2025-04-06,POS,item,2 Regular Non-veg@389,1.0,80.0,80.0
2025-04-06,POS,item,2 Regular Veg@329,1.0,80.0,80.0
2025-04-06,POS,item,9 Inch - Medium Pizza,9.0,75.0,675.0
2025-04-06,Swiggy,item,9 Inch - Medium Pizza,1.0,75.0,75.0
2025-04-06,POS,item,Non Veg Meal For 2,1.0,75.0,75.0
2025-04-06,POS,item,7 Inch - Regular Pizza,12.0,40.0,480.0
2025-04-06,Swiggy,item,7 Inch - Regular Pizza,6.0,40.0,240.0
2025-04-06,POS,item,Delicious Combo Delight,1.0,40.0,40.0
2025-04-06,POS,item,Garlic Bread Supreme[non-veg],1.0,40.0,40.0
2025-04-06,POS,item,Garlic Bread With Cheese,4.0,40.0,160.0
2025-04-06,Swiggy,item,Garlic Bread With Cheese,2.0,40.0,80.0
2025-04-06,POS,item,Combo Delight Non-Veg,1.0,20.0,20.0
2025-04-06,POS,item,7up @50rs,2.0,0.0,0.0
2025-04-06,POS,item,Blue Curacao,3.0,0.0,0.0
2025-04-06,POS,item,Blue Mojito,1.0,0.0,0.0
2025-04-06,Swiggy,item,Blue Mojito,1.0,0.0,0.0
2025-04-06,POS,item,Brownie,3.0,0.0,0.0
2025-04-06,Swiggy,item,Brownie With Ice Cream,1.0,0.0,0.0
2025-04-06,POS,item,Burger Combo @ 169,1.0,0.0,0.0
2025-04-06,POS,item,Burger Combo @ 179,2.0,0.0,0.0
2025-04-06,POS,item,Cheesy Fries,3.0,0.0,0.0
2025-04-06,POS,item,Chicken Nuggets,2.0,0.0,0.0
2025-04-06,Swiggy,item,Chicken Nuggets,1.0,0.0,0.0
2025-04-06,POS,item,Chicken Pasta,9.0,0.0,0.0
2025-04-06,Swiggy,item,Chicken Pasta,1.0,0.0,0.0
2025-04-06,POS,item,Chicken Popcorn,4.0,0.0,0.0
2025-04-06,POS,item,Chikku Shake,2.0,0.0,0.0
2025-04-06,POS,item,Chocolate Shake,2.0,0.0,0.0
2025-04-06,POS,item,French Fries,14.0,0.0,0.0
2025-04-06,Swiggy,item,French Fries,2.0,0.0,0.0
2025-04-06,POS,item,Fresh Lime Juice,2.0,0.0,0.0
2025-04-06,POS,item,Garlic Bread,2.0,0.0,0.0
2025-04-06,POS,item,Green Apple,1.0,0.0,0.0
2025-04-06,POS,item,Loaded Fries,1.0,0.0,0.0
2025-04-06,POS,item,Mango,1.0,0.0,0.0
2025-04-06,POS,item,Passion Fruit,1.0,0.0,0.0
2025-04-06,POS,item,Pepsi 250ml Pet,2.0,0.0,0.0
2025-04-06,POS,item,Pepsi@45rs,3.0,0.0,0.0
2025-04-06,POS,item,Pepsi@50rs,3.0,0.0,0.0
2025-04-06,POS,item,Regular Chicken Burger,2.0,0.0,0.0
2025-04-06,POS,item,Slice 200ml,1.0,0.0,0.0
2025-04-06,POS,item,Soft Drink,1.0,0.0,0.0
2025-04-06,POS,item,Tender Coconut,1.0,0.0,0.0
2025-04-06,Swiggy,item,Veg Pasta,1.0,0.0,0.0
2025-04-06,Swiggy,item,Water Melon,1.0,0.0,0.0
2025-04-06,POS,item,Watermelon Juice,1.0,0.0,0.0
2025-04-05,POS,item,Non Veg Meal For 6,1.0,195.0,195.0
2025-04-05,POS,item,2 Medium Non-veg@699,1.0,150.0,150.0
2025-04-05,POS,item,12 Inch - Large Pizza,1.0,120.0,120.0
2025-04-05,POS,item,Non Veg Meal For 4,1.0,120.0,120.0
2025-04-05,POS,item,Veg Meal For 4,1.0,120.0,120.0
2025-04-05,POS,item,2 Regular Non-veg@389,3.0,80.0,240.0
2025-04-05,POS,item,9 Inch - Medium Pizza,8.0,75.0,600.0
2025-04-05,Swiggy,item,9 Inch - Medium Pizza,1.0,75.0,75.0
2025-04-05,POS,item,Super Saver Meal Medium,1.0,75.0,75.0
2025-04-05,POS,item,7 Inch - Regular Pizza,7.0,40.0,280.0
2025-04-05,Swiggy,item,7 Inch - Regular Pizza,3.0,40.0,120.0
2025-04-05,POS,item,Delicious Combo Delight,1.0,40.0,40.0
2025-04-05,POS,item,Garlic Bread With Cheese,1.0,40.0,40.0
2025-04-05,POS,item,Non Veg Meal For 1,1.0,40.0,40.0
2025-04-05,POS,item,Super Saver Meal Regular,1.0,40.0,40.0
2025-04-05,POS,item,7up 250ml Pet,2.0,0.0,0.0
2025-04-05,POS,item,7up @50rs,1.0,0.0,0.0
2025-04-05,POS,item,Big Slice Of Pizza,1.0,0.0,0.0
2025-04-05,POS,item,Blue Mojito,1.0,0.0,0.0
2025-04-05,POS,item,Brownie,1.0,0.0,0.0
2025-04-05,POS,item,Brownie With Ice Cream,1.0,0.0,0.0
2025-04-05,Swiggy,item,Brownie With Ice Cream,1.0,0.0,0.0
2025-04-05,POS,item,Burger Combo @ 169,4.0,0.0,0.0
2025-04-05,Swiggy,item,Cheese N Macaroni Salad,1.0,0.0,0.0
2025-04-05,POS,item,Chicken Nuggets,3.0,0.0,0.0
2025-04-05,POS,item,Chicken Pasta,2.0,0.0,0.0
2025-04-05,POS,item,French Fries,2.0,0.0,0.0
2025-04-05,Swiggy,item,Fresh Garden Mint,1.0,0.0,0.0
2025-04-05,POS,item,Fresh Lime Juice,2.0,0.0,0.0
2025-04-05,POS,item,Green Apple,1.0,0.0,0.0
2025-04-05,POS,item,Loaded Fries,1.0,0.0,0.0
2025-04-05,POS,item,Mdew 250ml Pet,1.0,0.0,0.0
2025-04-05,POS,item,Mdew@40rs,2.0,0.0,0.0
2025-04-05,POS,item,Mineral Water,2.0,0.0,0.0
2025-04-05,POS,item,Mint Lime Juice,2.0,0.0,0.0
2025-04-05,POS,item,Passion Fruit,1.0,0.0,0.0
2025-04-05,POS,item,Pepsi 330ml Can,1.0,0.0,0.0
2025-04-05,POS,item,Pepsi@45rs,2.0,0.0,0.0
2025-04-05,POS,item,Pepsi@50rs,1.0,0.0,0.0
2025-04-05,POS,item,Pizza Upgrade,1.0,0.0,0.0
2025-04-05,POS,item,Potato Wedges,1.0,0.0,0.0
2025-04-05,POS,item,Regular Chicken Burger,5.0,0.0,0.0
2025-04-05,POS,item,Slice@40rs,1.0,0.0,0.0
2025-04-05,POS,item,Soft Drink,1.0,0.0,0.0
2025-04-05,Swiggy,item,Strawberry,1.0,0.0,0.0
2025-04-05,POS,item,Veg Burger,2.0,0.0,0.0
2025-04-04,POS,item,2 Medium Non-veg@699,3.0,150.0,450.0
2025-04-04,POS,item,12 Inch - Large Pizza,2.0,120.0,240.0
2025-04-04,POS,item,2 Regular Non-veg@389,1.0,80.0,80.0
2025-04-04,POS,item,9 Inch - Medium Pizza,3.0,75.0,225.0
2025-04-04,Swiggy,item,9 Inch - Medium Pizza,3.0,75.0,225.0
2025-04-04,POS,item,Super Saver Meal Medium,2.0,75.0,150.0
2025-04-04,POS,item,7 Inch - Regular Pizza,7.0,40.0,280.0
2025-04-04,Swiggy,item,7 Inch - Regular Pizza,1.0,40.0,40.0
2025-04-04,POS,item,Combo Delight Non-Veg,1.0,20.0,20.0
2025-04-04,POS,item,7up @50rs,1.0,0.0,0.0
2025-04-04,POS,item,7up@45rs,2.0,0.0,0.0
2025-04-04,POS,item,Big Slice Of Pizza,1.0,0.0,0.0
2025-04-04,POS,item,Brownie,1.0,0.0,0.0
2025-04-04,POS,item,Burger Combo @ 169,1.0,0.0,0.0
2025-04-04,POS,item,Burger Combo @ 179,2.0,0.0,0.0
2025-04-04,POS,item,Cheesy Fries,1.0,0.0,0.0
2025-04-04,Swiggy,item,Chicken Loaded Fries,2.0,0.0,0.0
2025-04-04,Swiggy,item,Chicken Nuggets,2.0,0.0,0.0
2025-04-04,POS,item,Chicken Pasta,1.0,0.0,0.0
2025-04-04,POS,item,Chicken Popcorn,1.0,0.0,0.0
2025-04-04,POS,item,Chikku Shake,2.0,0.0,0.0
2025-04-04,POS,item,French Fries,5.0,0.0,0.0
2025-04-04,Swiggy,item,French Fries,1.0,0.0,0.0
2025-04-04,POS,item,Fresh Lime Juice,4.0,0.0,0.0
2025-04-04,Swiggy,item,Garlic Bread,1.0,0.0,0.0
2025-04-04,POS,item,Greek Salad,1.0,0.0,0.0
2025-04-04,POS,item,Loaded Fries,2.0,0.0,0.0
2025-04-04,POS,item,Mineral Water,2.0,0.0,0.0
2025-04-04,POS,item,Mint Lime Juice,1.0,0.0,0.0
2025-04-04,POS,item,Pepsi 250ml Pet,2.0,0.0,0.0
2025-04-04,POS,item,Pepsi@50rs,1.0,0.0,0.0
2025-04-04,POS,item,Pineapple Juice,1.0,0.0,0.0
2025-04-04,POS,item,Regular Chicken Burger,2.0,0.0,0.0
2025-04-04,POS,item,Slice 200ml,2.0,0.0,0.0
2025-04-04,POS,item,Spicy Chicken Zinger Burger,1.0,0.0,0.0
2025-04-04,POS,item,Veg Pasta,1.0,0.0,0.0
2025-04-04,POS,item,Water Melon,1.0,0.0,0.0
2025-04-03,POS,item,2 Medium Non-veg@699,4.0,150.0,600.0
2025-04-03,POS,item,12 Inch - Large Pizza,1.0,120.0,120.0
2025-04-03,POS,item,Non Veg Meal For 4,1.0,120.0,120.0
2025-04-03,POS,item,2 Regular Non-veg@389,4.0,80.0,320.0
2025-04-03,POS,item,2 Regular Veg@329,1.0,80.0,80.0
2025-04-03,POS,item,9 Inch - Medium Pizza,5.0,75.0,375.0
2025-04-03,Swiggy,item,9 Inch - Medium Pizza,1.0,75.0,75.0
2025-04-03,POS,item,Super Saver Meal Medium,2.0,75.0,150.0
2025-04-03,POS,item,7 Inch - Regular Pizza,9.0,40.0,360.0
2025-04-03,Swiggy,item,7 Inch - Regular Pizza,3.0,40.0,120.0
2025-04-03,POS,item,Garlic Bread With Cheese,1.0,40.0,40.0
2025-04-03,POS,item,Super Saver Meal Regular,1.0,40.0,40.0
2025-04-03,POS,item,Combo Delight Non-Veg,3.0,20.0,60.0
2025-04-03,POS,item,7up @50rs,1.0,0.0,0.0
2025-04-03,POS,item,Big Slice Of Pizza,1.0,0.0,0.0
2025-04-03,POS,item,Brownie With Ice Cream,2.0,0.0,0.0
2025-04-03,POS,item,Chicken Pasta,3.0,0.0,0.0
2025-04-03,POS,item,Chikku Shake,1.0,0.0,0.0
2025-04-03,POS,item,French Fries,7.0,0.0,0.0
2025-04-03,Swiggy,item,French Fries,1.0,0.0,0.0
2025-04-03,POS,item,Fresh Garden Mint,1.0,0.0,0.0
2025-04-03,POS,item,Greek Chicken Salad[non-veg],1.0,0.0,0.0
2025-04-03,POS,item,Loaded Fries,1.0,0.0,0.0
2025-04-03,POS,item,Mint Lime Juice,1.0,0.0,0.0
2025-04-03,Swiggy,item,Mixed Chicken Salad,1.0,0.0,0.0
2025-04-03,POS,item,Pepsi 250ml Pet,1.0,0.0,0.0
2025-04-03,POS,item,Pepsi 330ml Can,1.0,0.0,0.0
2025-04-03,POS,item,Pepsi@50rs,1.0,0.0,0.0
2025-04-03,POS,item,Pineapple Juice,1.0,0.0,0.0
2025-04-03,POS,item,Potato Salad,2.0,0.0,0.0
2025-04-03,Swiggy,item,Potato Wedges,1.0,0.0,0.0
2025-04-03,POS,item,Soft Drink,1.0,0.0,0.0
2025-04-03,POS,item,Veg Burger,1.0,0.0,0.0
2025-04-03,POS,item,Veg Pasta,2.0,0.0,0.0
2025-04-02,POS,item,2 Medium Non-veg@699,1.0,150.0,150.0
2025-04-02,POS,item,12 Inch - Large Pizza,8.0,120.0,960.0
2025-04-02,POS,item,2 Regular Non-veg@389,1.0,80.0,80.0
2025-04-02,POS,item,2 Regular Veg@329,2.0,80.0,160.0
2025-04-02,POS,item,9 Inch - Medium Pizza,14.0,75.0,1050.0
2025-04-02,Swiggy,item,9 Inch - Medium Pizza,2.0,75.0,150.0
2025-04-02,POS,item,7 Inch - Regular Pizza,14.0,40.0,560.0
2025-04-02,Swiggy,item,7 Inch - Regular Pizza,5.0,40.0,200.0
2025-04-02,POS,item,Garlic Bread With Cheese,1.0,40.0,40.0
2025-04-02,Swiggy,addon,9 Inch - Medium Pizza -Extra Cheese,1.0,38.0,38.0
2025-04-02,POS,addon,7 Inch - Regular Pizza -Extra Cheese,1.0,20.0,20.0
2025-04-02,POS,item,Combo Delight Non-Veg,4.0,20.0,80.0
2025-04-02,POS,item,7up 250ml Pet,2.0,0.0,0.0
2025-04-02,POS,item,7up @50rs,2.0,0.0,0.0
2025-04-02,POS,item,Burger Combo @ 169,2.0,0.0,0.0
2025-04-02,POS,item,Burger Combo @ 179,1.0,0.0,0.0
2025-04-02,POS,item,Chicken Nuggets,1.0,0.0,0.0
2025-04-02,Swiggy,item,Chicken Nuggets,1.0,0.0,0.0
2025-04-02,Swiggy,item,Chicken Pasta,1.0,0.0,0.0
2025-04-02,POS,item,Chicken Popcorn,2.0,0.0,0.0
2025-04-02,POS,item,Chikku Shake,3.0,0.0,0.0
2025-04-02,Swiggy,item,Chipotle Dip,1.0,0.0,0.0
2025-04-02,POS,item,Chocolate Shake,3.0,0.0,0.0
2025-04-02,POS,item,Coleslaw Salad,1.0,0.0,0.0
2025-04-02,POS,item,French Fries,5.0,0.0,0.0
2025-04-02,POS,item,Fresh Lime Juice,2.0,0.0,0.0
2025-04-02,Swiggy,item,Garlic Bread,1.0,0.0,0.0
2025-04-02,POS,item,Loaded Fries,2.0,0.0,0.0
2025-04-02,Swiggy,item,Macaroni N Chicken Salad,1.0,0.0,0.0
2025-04-02,POS,item,Mdew 330ml Can,1.0,0.0,0.0
2025-04-02,POS,item,Passion Fruit,4.0,0.0,0.0
2025-04-02,Swiggy,item,Passion Mint,1.0,0.0,0.0
2025-04-02,POS,item,Pepsi 250ml Pet,2.0,0.0,0.0
2025-04-02,POS,item,Pepsi@45rs,2.0,0.0,0.0
2025-04-02,POS,item,Pepsi@50rs,2.0,0.0,0.0
2025-04-02,POS,item,Pizza Upgrade,1.0,0.0,0.0
2025-04-02,POS,item,Regular Chicken Burger,9.0,0.0,0.0
2025-04-02,POS,item,Slice 200ml,1.0,0.0,0.0
2025-04-02,POS,item,Spicy Chicken Zinger Burger,2.0,0.0,0.0
2025-04-02,POS,item,Tender Coconut,1.0,0.0,0.0
2025-04-02,POS,item,Veg Burger,6.0,0.0,0.0
2025-04-01,POS,item,2 Medium Non-veg@699,6.0,150.0,900.0
2025-04-01,POS,item,12 Inch - Large Pizza,10.0,120.0,1200.0
2025-04-01,POS,item,9 Inch - Medium Pizza,3.0,75.0,225.0
2025-04-01,Swiggy,item,9 Inch - Medium Pizza,2.0,75.0,150.0
2025-04-01,POS,item,7 Inch - Regular Pizza,13.0,40.0,520.0
2025-04-01,Swiggy,item,7 Inch - Regular Pizza,2.0,40.0,80.0
2025-04-01,POS,item,Delicious Combo Delight,1.0,40.0,40.0
2025-04-01,POS,item,Garlic Bread With Cheese,3.0,40.0,120.0
2025-04-01,POS,item,Super Saver Meal Regular,2.0,40.0,80.0
2025-04-01,POS,item,Combo Delight Non-Veg,4.0,20.0,80.0
2025-04-01,POS,item,7up 250ml Pet,1.0,0.0,0.0
2025-04-01,POS,item,7up @50rs,5.0,0.0,0.0
2025-04-01,POS,item,7up@45rs,1.0,0.0,0.0
2025-04-01,POS,item,Blue Curacao,1.0,0.0,0.0
2025-04-01,POS,item,Brownie With Ice Cream,4.0,0.0,0.0
2025-04-01,POS,item,Burger Combo @ 169,1.0,0.0,0.0
2025-04-01,POS,item,Burger Combo @ 179,1.0,0.0,0.0
2025-04-01,Swiggy,item,Chicken Loaded Fries,2.0,0.0,0.0
2025-04-01,POS,item,Chicken Pasta,7.0,0.0,0.0
2025-04-01,POS,item,Chicken Popcorn,1.0,0.0,0.0
2025-04-01,POS,item,Chikku Shake,4.0,0.0,0.0
2025-04-01,POS,item,Chocolate Shake,1.0,0.0,0.0
2025-04-01,POS,item,French Fries,3.0,0.0,0.0
2025-04-01,POS,item,Fresh Garden Mint,1.0,0.0,0.0
2025-04-01,POS,item,Fresh Lime Juice,1.0,0.0,0.0
2025-04-01,POS,item,Green Apple,1.0,0.0,0.0
2025-04-01,POS,item,Loaded Fries,2.0,0.0,0.0
2025-04-01,POS,item,Mdew@40rs,2.0,0.0,0.0
2025-04-01,POS,item,Pepsi 250ml Pet,4.0,0.0,0.0
2025-04-01,POS,item,Pepsi@45rs,6.0,0.0,0.0
2025-04-01,POS,item,Pepsi@50rs,3.0,0.0,0.0
2025-04-01,POS,item,Pineapple Juice,1.0,0.0,0.0
2025-04-01,POS,item,Regular Chicken Burger,7.0,0.0,0.0
2025-04-01,POS,item,Slice@40rs,2.0,0.0,0.0
2025-04-01,POS,item,Soft Drink,1.0,0.0,0.0
2025-04-01,POS,item,Water Melon,1.0,0.0,0.0
2025-04-01,Swiggy,item,Water Melon,1.0,0.0,0.0
2025-03-31,POS,item,2 Medium Non-veg@699,3.0,150.0,450.0
2025-03-31,POS,item,12 Inch - Large Pizza,3.0,120.0,360.0
2025-03-31,POS,item,Non Veg Meal For 4,1.0,120.0,120.0
2025-03-31,POS,item,2 Regular Non-veg@389,4.0,80.0,320.0
2025-03-31,POS,item,9 Inch - Medium Pizza,10.0,75.0,750.0
2025-03-31,POS,item,Super Saver Meal Medium,2.0,75.0,150.0
2025-03-31,POS,item,7 Inch - Regular Pizza,11.0,40.0,440.0
2025-03-31,POS,item,Delicious Combo Delight,1.0,40.0,40.0
2025-03-31,POS,item,Garlic Bread Supreme [veg],1.0,40.0,40.0
2025-03-31,POS,item,Garlic Bread Supreme[non-veg],1.0,40.0,40.0
2025-03-31,POS,item,Garlic Bread With Cheese,1.0,40.0,40.0
2025-03-31,POS,item,Super Saver Meal Regular,6.0,40.0,240.0
2025-03-31,POS,item,7up 250ml Pet,2.0,0.0,0.0
2025-03-31,POS,item,7up @50rs,2.0,0.0,0.0
2025-03-31,POS,item,7up@45rs,1.0,0.0,0.0
2025-03-31,POS,item,Blue Mojito,1.0,0.0,0.0
2025-03-31,POS,item,Brownie,2.0,0.0,0.0
2025-03-31,POS,item,Brownie With Ice Cream,2.0,0.0,0.0
2025-03-31,POS,item,Burger Combo @ 169,1.0,0.0,0.0
2025-03-31,POS,item,Burger Combo @ 179,5.0,0.0,0.0
2025-03-31,POS,item,Burger Combo @ 199,2.0,0.0,0.0
2025-03-31,POS,item,Chicken Nuggets,1.0,0.0,0.0
2025-03-31,POS,item,Chicken Pasta,3.0,0.0,0.0
2025-03-31,POS,item,Chikku Shake,3.0,0.0,0.0
2025-03-31,POS,item,Chocolate Shake,1.0,0.0,0.0
2025-03-31,POS,item,French Fries,1.0,0.0,0.0
2025-03-31,POS,item,Green Apple,1.0,0.0,0.0
2025-03-31,POS,item,Loaded Fries,2.0,0.0,0.0
2025-03-31,POS,item,Mdew 250ml Pet,2.0,0.0,0.0
2025-03-31,POS,item,Mdew 330ml Can,2.0,0.0,0.0
2025-03-31,POS,item,Mineral Water,3.0,0.0,0.0
2025-03-31,POS,item,Pepsi 250ml Pet,7.0,0.0,0.0
2025-03-31,POS,item,Pepsi 330ml Can,1.0,0.0,0.0
2025-03-31,POS,item,Pepsi@45rs,1.0,0.0,0.0
2025-03-31,POS,item,Pepsi@50rs,1.0,0.0,0.0
2025-03-31,POS,item,Pizza Upgrade,4.0,0.0,0.0
2025-03-31,POS,item,Regular Chicken Burger,1.0,0.0,0.0
2025-03-31,POS,item,Slice 200ml,3.0,0.0,0.0
2025-03-31,POS,item,Soft Drink,5.0,0.0,0.0
2025-03-31,POS,item,Spicy Chicken Zinger Burger,6.0,0.0,0.0
2025-03-31,POS,item,Tender Coconut,8.0,0.0,0.0
2025-03-31,POS,item,Veg Burger,2.0,0.0,0.0
2025-03-30,POS,item,12 Inch - Large Pizza,3.0,120.0,360.0
2025-03-30,Swiggy,item,12 Inch - Large Pizza,1.0,120.0,120.0
2025-03-30,POS,item,Non Veg Meal For 4,1.0,120.0,120.0
2025-03-30,POS,item,2 Regular Non-veg@389,2.0,80.0,160.0
2025-03-30,POS,item,9 Inch - Medium Pizza,12.0,75.0,900.0
2025-03-30,Swiggy,item,9 Inch - Medium Pizza,2.0,75.0,150.0
2025-03-30,POS,item,Super Saver Meal Medium,1.0,75.0,75.0
2025-03-30,POS,item,7 Inch - Regular Pizza,14.0,40.0,560.0
2025-03-30,Swiggy,item,7 Inch - Regular Pizza,2.0,40.0,80.0
2025-03-30,POS,item,Delicious Combo Delight,1.0,40.0,40.0
2025-03-30,Swiggy,item,Garlic Bread Supreme [Veg],1.0,40.0,40.0
2025-03-30,POS,item,Garlic Bread Supreme [veg],1.0,40.0,40.0
2025-03-30,POS,item,Garlic Bread Supreme[non-veg],3.0,40.0,120.0
2025-03-30,POS,item,Garlic Bread With Cheese,4.0,40.0,160.0
2025-03-30,POS,item,Super Saver Meal Regular,1.0,40.0,40.0
2025-03-30,POS,addon,9 Inch - Medium Pizza -Extra Cheese,1.0,38.0,38.0
2025-03-30,POS,item,Combo Delight Non-Veg,2.0,20.0,40.0
2025-03-30,POS,item,7up 250ml Pet,2.0,0.0,0.0
2025-03-30,POS,item,7up @50rs,2.0,0.0,0.0
2025-03-30,POS,item,7up@45rs,1.0,0.0,0.0
2025-03-30,Swiggy,item,Blue Curacao,1.0,0.0,0.0
2025-03-30,POS,item,Blue Mojito,2.0,0.0,0.0
2025-03-30,POS,item,Brownie,2.0,0.0,0.0
2025-03-30,POS,item,Burger Combo @ 169,2.0,0.0,0.0
2025-03-30,POS,item,Burger Combo @ 179,1.0,0.0,0.0
2025-03-30,POS,item,Cheese N Macaroni Salad,1.0,0.0,0.0
2025-03-30,POS,item,Cheesy Dip,1.0,0.0,0.0
2025-03-30,Swiggy,item,Cheesy Fries,2.0,0.0,0.0
2025-03-30,POS,item,Cheesy Fries,1.0,0.0,0.0
2025-03-30,Swiggy,item,Chicken Loaded Fries,2.0,0.0,0.0
2025-03-30,POS,item,Chicken Nuggets,2.0,0.0,0.0
2025-03-30,POS,item,Chicken Pasta,1.0,0.0,0.0
2025-03-30,POS,item,Chikku Shake,1.0,0.0,0.0
2025-03-30,POS,item,French Fries,4.0,0.0,0.0
2025-03-30,Swiggy,item,French Fries,1.0,0.0,0.0
2025-03-30,Swiggy,item,Fresh Garden Mint,2.0,0.0,0.0
2025-03-30,POS,item,Green Apple,1.0,0.0,0.0
2025-03-30,POS,item,Loaded Fries,1.0,0.0,0.0
2025-03-30,POS,item,Mdew 250ml Pet,1.0,0.0,0.0
2025-03-30,POS,item,Mineral Water,4.0,0.0,0.0
2025-03-30,POS,item,Mint Lime Juice,1.0,0.0,0.0
2025-03-30,POS,item,Mixed Berry,2.0,0.0,0.0
2025-03-30,POS,item,Pepsi@50rs,2.0,0.0,0.0
2025-03-30,POS,item,Potato Wedges,1.0,0.0,0.0
2025-03-30,POS,item,Regular Chicken Burger,3.0,0.0,0.0
2025-03-30,POS,item,Slice 200ml,1.0,0.0,0.0
2025-03-30,POS,item,Soft Drink,1.0,0.0,0.0
2025-03-30,POS,item,Veg Burger,1.0,0.0,0.0
2025-03-30,POS,item,Veg Pasta,2.0,0.0,0.0
2025-03-30,Swiggy,item,Veg Pasta,2.0,0.0,0.0
2025-03-30,POS,item,Watermelon Juice,2.0,0.0,0.0
2025-03-29,POS,item,2 Medium Non-veg@699,1.0,150.0,150.0
2025-03-29,POS,item,12 Inch - Large Pizza,2.0,120.0,240.0
2025-03-29,Swiggy,item,12 Inch - Large Pizza,1.0,120.0,120.0
2025-03-29,POS,item,2 Regular Non-veg@389,1.0,80.0,80.0
2025-03-29,POS,item,9 Inch - Medium Pizza,3.0,75.0,225.0
2025-03-29,POS,item,Super Saver Meal Medium,1.0,75.0,75.0
2025-03-29,POS,item,7 Inch - Regular Pizza,6.0,40.0,240.0
2025-03-29,Swiggy,item,7 Inch - Regular Pizza,2.0,40.0,80.0
2025-03-29,POS,item,Garlic Bread Supreme [veg],1.0,40.0,40.0
2025-03-29,POS,item,Super Saver Meal Regular,1.0,40.0,40.0
2025-03-29,POS,addon,7 Inch - Regular Pizza -Extra Cheese,1.0,20.0,20.0
2025-03-29,POS,item,7up @50rs,1.0,0.0,0.0
2025-03-29,POS,item,7up@45rs,3.0,0.0,0.0
2025-03-29,POS,item,Big Slice Of Pizza,1.0,0.0,0.0
2025-03-29,POS,item,Blue Curacao,2.0,0.0,0.0
2025-03-29,POS,item,Brownie,2.0,0.0,0.0
2025-03-29,Swiggy,item,Brownie With Ice Cream,1.0,0.0,0.0
2025-03-29,POS,item,Burger Combo @ 169,1.0,0.0,0.0
2025-03-29,POS,item,Chicken Pasta,3.0,0.0,0.0
2025-03-29,POS,item,Chikku Shake,2.0,0.0,0.0
2025-03-29,POS,item,Chocolate Shake,3.0,0.0,0.0
2025-03-29,POS,item,French Fries,6.0,0.0,0.0
2025-03-29,POS,item,Loaded Fries,2.0,0.0,0.0
2025-03-29,POS,item,Mango,1.0,0.0,0.0
2025-03-29,POS,item,Mineral Water,1.0,0.0,0.0
2025-03-29,Swiggy,item,Mixed Chicken Salad,1.0,0.0,0.0
2025-03-29,POS,item,Pepsi@50rs,4.0,0.0,0.0
2025-03-29,POS,item,Regular Chicken Burger,2.0,0.0,0.0
2025-03-29,POS,item,Sizzling Brownie,1.0,0.0,0.0
2025-03-29,POS,item,Slice 200ml,1.0,0.0,0.0
2025-03-29,POS,item,Slice@40rs,2.0,0.0,0.0
2025-03-29,POS,item,Soft Drink,1.0,0.0,0.0
2025-03-29,POS,item,Tender Coconut,4.0,0.0,0.0
2025-03-29,POS,item,Veg Pasta,3.0,0.0,0.0
2025-03-29,POS,item,Watermelon Juice,1.0,0.0,0.0
2025-03-29,POS,item,2 Medium Non-veg@699,1.0,150.0,150.0
2025-03-29,POS,item,12 Inch - Large Pizza,2.0,120.0,240.0
2025-03-29,Swiggy,item,12 Inch - Large Pizza,1.0,120.0,120.0
2025-03-29,POS,item,2 Regular Non-veg@389,1.0,80.0,80.0
2025-03-29,POS,item,9 Inch - Medium Pizza,3.0,75.0,225.0
2025-03-29,POS,item,Super Saver Meal Medium,1.0,75.0,75.0
2025-03-29,POS,item,7 Inch - Regular Pizza,6.0,40.0,240.0
2025-03-29,Swiggy,item,7 Inch - Regular Pizza,2.0,40.0,80.0
2025-03-29,POS,item,Garlic Bread Supreme [veg],1.0,40.0,40.0
2025-03-29,POS,item,Super Saver Meal Regular,1.0,40.0,40.0
2025-03-29,POS,addon,7 Inch - Regular Pizza -Extra Cheese,1.0,20.0,20.0
2025-03-29,POS,item,7up @50rs,1.0,0.0,0.0
2025-03-29,POS,item,7up@45rs,3.0,0.0,0.0
2025-03-29,POS,item,Big Slice Of Pizza,1.0,0.0,0.0
2025-03-29,POS,item,Blue Curacao,2.0,0.0,0.0
2025-03-29,POS,item,Brownie,2.0,0.0,0.0
2025-03-29,Swiggy,item,Brownie With Ice Cream,1.0,0.0,0.0
2025-03-29,POS,item,Burger Combo @ 169,1.0,0.0,0.0
2025-03-29,POS,item,Chicken Pasta,3.0,0.0,0.0
2025-03-29,POS,item,Chikku Shake,2.0,0.0,0.0
2025-03-29,POS,item,Chocolate Shake,3.0,0.0,0.0
2025-03-29,POS,item,French Fries,6.0,0.0,0.0
2025-03-29,POS,item,Loaded Fries,2.0,0.0,0.0
2025-03-29,POS,item,Mango,1.0,0.0,0.0
2025-03-29,POS,item,Mineral Water,1.0,0.0,0.0
2025-03-29,Swiggy,item,Mixed Chicken Salad,1.0,0.0,0.0
2025-03-29,POS,item,Pepsi@50rs,4.0,0.0,0.0
2025-03-29,POS,item,Regular Chicken Burger,2.0,0.0,0.0
2025-03-29,POS,item,Sizzling Brownie,1.0,0.0,0.0
2025-03-29,POS,item,Slice 200ml,1.0,0.0,0.0
2025-03-29,POS,item,Slice@40rs,2.0,0.0,0.0
2025-03-29,POS,item,Soft Drink,1.0,0.0,0.0
2025-03-29,POS,item,Tender Coconut,4.0,0.0,0.0
2025-03-29,POS,item,Veg Pasta,3.0,0.0,0.0
2025-03-29,POS,item,Watermelon Juice,1.0,0.0,0.0
2025-03-28,POS,item,2 Medium Non-veg@699,1.0,150.0,150.0
2025-03-28,POS,item,Veg Meal For 4,1.0,120.0,120.0
2025-03-28,POS,item,9 Inch - Medium Pizza,4.0,75.0,300.0
2025-03-28,POS,item,7 Inch - Regular Pizza,11.0,40.0,440.0
2025-03-28,Swiggy,item,7 Inch - Regular Pizza,2.0,40.0,80.0
2025-03-28,Swiggy,item,Garlic Bread Supreme[non-veg],1.0,40.0,40.0
2025-03-28,POS,addon,7 Inch - Regular Pizza -Extra Cheese,2.0,20.0,40.0
2025-03-28,POS,item,Combo Delight Non-Veg,2.0,20.0,40.0
2025-03-28,POS,item,7up @50rs,1.0,0.0,0.0
2025-03-28,POS,item,7up@45rs,1.0,0.0,0.0
2025-03-28,POS,item,Blue Mojito,2.0,0.0,0.0
2025-03-28,Swiggy,item,Blue Mojito,1.0,0.0,0.0
2025-03-28,POS,item,Brownie,3.0,0.0,0.0
2025-03-28,Swiggy,item,Brownie With Ice Cream,3.0,0.0,0.0
2025-03-28,POS,item,Brownie With Ice Cream,1.0,0.0,0.0
2025-03-28,POS,item,Burger Combo @ 169,1.0,0.0,0.0
2025-03-28,POS,item,Burger Combo @ 179,1.0,0.0,0.0
2025-03-28,POS,item,Cheesy Fries,2.0,0.0,0.0
2025-03-28,Swiggy,item,Chicken Loaded Fries,2.0,0.0,0.0
2025-03-28,Swiggy,item,Chicken Nuggets,2.0,0.0,0.0
2025-03-28,POS,item,Chicken Pasta,2.0,0.0,0.0
2025-03-28,POS,item,Chikku Shake,1.0,0.0,0.0
2025-03-28,POS,item,Chocolate Shake,3.0,0.0,0.0
2025-03-28,POS,item,French Fries,1.0,0.0,0.0
2025-03-28,Swiggy,item,Fresh Garden Mint,1.0,0.0,0.0
2025-03-28,POS,item,Grapes Juice,2.0,0.0,0.0
2025-03-28,POS,item,Loaded Fries,4.0,0.0,0.0
2025-03-28,POS,item,Macaroni N Chicken Salad,1.0,0.0,0.0
2025-03-28,POS,item,Mdew 250ml Pet,1.0,0.0,0.0
2025-03-28,POS,item,Mineral Water,3.0,0.0,0.0
2025-03-28,POS,item,Pepsi 250ml Pet,4.0,0.0,0.0
2025-03-28,POS,item,Pepsi@45rs,1.0,0.0,0.0
2025-03-28,POS,item,Peri Peri Dip,1.0,0.0,0.0
2025-03-28,POS,item,Pizza Upgrade,1.0,0.0,0.0
2025-03-28,POS,item,Regular Chicken Burger,3.0,0.0,0.0
2025-03-28,POS,item,Slice 200ml,1.0,0.0,0.0
2025-03-28,POS,item,Tender Coconut,2.0,0.0,0.0
2025-03-27,POS,item,2 Medium Non-veg@699,1.0,150.0,150.0
2025-03-27,Swiggy,item,12 Inch - Large Pizza,1.0,120.0,120.0
2025-03-27,POS,item,2 Regular Non-veg@389,1.0,80.0,80.0
2025-03-27,POS,item,9 Inch - Medium Pizza,6.0,75.0,450.0
2025-03-27,Swiggy,item,9 Inch - Medium Pizza,2.0,75.0,150.0
2025-03-27,POS,item,7 Inch - Regular Pizza,6.0,40.0,240.0
2025-03-27,Swiggy,item,7 Inch - Regular Pizza,2.0,40.0,80.0
2025-03-27,POS,item,Delicious Combo Delight,1.0,40.0,40.0
2025-03-27,POS,item,Fantastic Fun Meal,1.0,40.0,40.0
2025-03-27,POS,item,Garlic Bread Supreme[non-veg],1.0,40.0,40.0
2025-03-27,POS,item,Garlic Bread With Cheese,1.0,40.0,40.0
2025-03-27,Swiggy,addon,9 Inch - Medium Pizza -Extra Cheese,1.0,38.0,38.0
2025-03-27,POS,item,Combo Delight Non-Veg,1.0,20.0,20.0
2025-03-27,POS,item,7up@45rs,1.0,0.0,0.0
2025-03-27,POS,item,Blue Mojito,2.0,0.0,0.0
2025-03-27,POS,item,Brownie With Ice Cream,2.0,0.0,0.0
2025-03-27,POS,item,Bubble Gum,1.0,0.0,0.0
2025-03-27,Swiggy,item,Cheesy Dip,2.0,0.0,0.0
2025-03-27,POS,item,Chicken Nuggets,1.0,0.0,0.0
2025-03-27,POS,item,Chicken Pasta,2.0,0.0,0.0
2025-03-27,POS,item,French Fries,6.0,0.0,0.0
2025-03-27,POS,item,Fresh Garden Mint,1.0,0.0,0.0
2025-03-27,POS,item,Fresh Lime Juice,1.0,0.0,0.0
2025-03-27,Swiggy,item,Garlic Bread,2.0,0.0,0.0
2025-03-27,POS,item,Hot Garlic Dip,1.0,0.0,0.0
2025-03-27,POS,item,Loaded Fries,1.0,0.0,0.0
2025-03-27,POS,item,Mint Lime Juice,2.0,0.0,0.0
2025-03-27,POS,item,Pepsi@45rs,1.0,0.0,0.0
2025-03-27,POS,item,Pepsi@50rs,1.0,0.0,0.0
2025-03-27,Swiggy,item,Potato Wedges,1.0,0.0,0.0
2025-03-27,POS,item,Regular Chicken Burger,4.0,0.0,0.0
2025-03-27,POS,item,Veg Pasta,1.0,0.0,0.0
2025-03-27,POS,item,Water Melon,1.0,0.0,0.0
2025-03-27,Swiggy,item,Water Melon,1.0,0.0,0.0
2025-03-26,POS,item,2 Regular Non-veg@389,2.0,80.0,160.0
2025-03-26,POS,item,9 Inch - Medium Pizza,5.0,75.0,375.0
2025-03-26,Swiggy,item,9 Inch - Medium Pizza,1.0,75.0,75.0
2025-03-26,POS,item,7 Inch - Regular Pizza,6.0,40.0,240.0
2025-03-26,Swiggy,item,7 Inch - Regular Pizza,5.0,40.0,200.0
2025-03-26,POS,item,Garlic Bread Supreme[non-veg],1.0,40.0,40.0
2025-03-26,POS,item,Super Saver Meal Regular,1.0,40.0,40.0
2025-03-26,POS,item,Combo Delight Non-Veg,1.0,20.0,20.0
2025-03-26,POS,item,7up @50rs,1.0,0.0,0.0
2025-03-26,POS,item,Blue Mojito,1.0,0.0,0.0
2025-03-26,POS,item,Burger Combo @ 179,1.0,0.0,0.0
2025-03-26,Swiggy,item,Chicken Pasta,1.0,0.0,0.0
2025-03-26,POS,item,Chilly Potato Shots,1.0,0.0,0.0
2025-03-26,POS,item,French Fries,2.0,0.0,0.0
2025-03-26,Swiggy,item,French Fries,1.0,0.0,0.0
2025-03-26,POS,item,Fresh Garden Mint,1.0,0.0,0.0
2025-03-26,Swiggy,item,Fresh Garden Mint,1.0,0.0,0.0
2025-03-26,POS,item,Garlic Bread,2.0,0.0,0.0
2025-03-26,Swiggy,item,Garlic Bread,1.0,0.0,0.0
2025-03-26,POS,item,Grapes Juice,1.0,0.0,0.0
2025-03-26,POS,item,Loaded Fries,1.0,0.0,0.0
2025-03-26,POS,item,Mint Lime Juice,1.0,0.0,0.0
2025-03-26,POS,item,Pepsi 250ml Pet,1.0,0.0,0.0
2025-03-26,POS,item,Pepsi 330ml Can,3.0,0.0,0.0
2025-03-26,POS,item,Pepsi@40rs,1.0,0.0,0.0
2025-03-26,POS,item,Pepsi@45rs,2.0,0.0,0.0
2025-03-26,POS,item,Pepsi@50rs,1.0,0.0,0.0
2025-03-26,POS,item,Peri Peri Dip,1.0,0.0,0.0
2025-03-26,POS,item,Potato Wedges,1.0,0.0,0.0
2025-03-26,POS,item,Slice 200ml,1.0,0.0,0.0
2025-03-26,POS,item,Veg Burger,2.0,0.0,0.0
2025-03-25,POS,item,12 Inch - Large Pizza,3.0,120.0,360.0
2025-03-25,POS,item,9 Inch - Medium Pizza,4.0,75.0,300.0
2025-03-25,Swiggy,item,9 Inch - Medium Pizza,1.0,75.0,75.0
2025-03-25,POS,item,Super Saver Meal Medium,1.0,75.0,75.0
2025-03-25,POS,item,7 Inch - Regular Pizza,7.0,40.0,280.0
2025-03-25,POS,item,Fantastic Fun Meal,1.0,40.0,40.0
2025-03-25,POS,item,Brownie,1.0,0.0,0.0
2025-03-25,POS,item,Burger Combo @ 179,2.0,0.0,0.0
2025-03-25,POS,item,Chicken Nuggets,1.0,0.0,0.0
2025-03-25,Swiggy,item,Chicken Pasta,1.0,0.0,0.0
2025-03-25,POS,item,Chikku Shake,3.0,0.0,0.0
2025-03-25,Swiggy,item,Cucumber,1.0,0.0,0.0
2025-03-25,POS,item,French Fries,3.0,0.0,0.0
2025-03-25,POS,item,Grapes Juice,4.0,0.0,0.0
2025-03-25,POS,item,Loaded Fries,1.0,0.0,0.0
2025-03-25,POS,item,Mdew 250ml Pet,1.0,0.0,0.0
2025-03-25,POS,item,Mineral Water,7.0,0.0,0.0
2025-03-25,POS,item,Pepsi 250ml Pet,1.0,0.0,0.0
2025-03-25,POS,item,Pepsi@45rs,2.0,0.0,0.0
2025-03-25,POS,item,Pineapple Juice,2.0,0.0,0.0
2025-03-25,POS,item,Regular Chicken Burger,6.0,0.0,0.0
2025-03-25,POS,item,Slice 200ml,1.0,0.0,0.0
2025-03-25,POS,item,Soda,1.0,0.0,0.0
2025-03-25,POS,item,Spicy Chicken Zinger Burger,1.0,0.0,0.0
2025-03-25,POS,item,Veg Burger,3.0,0.0,0.0
2025-03-25,POS,item,Veg Pasta,1.0,0.0,0.0
2025-03-24,POS,item,12 Inch - Large Pizza,2.0,120.0,240.0
2025-03-24,Swiggy,item,12 Inch - Large Pizza,1.0,120.0,120.0
2025-03-24,POS,item,Non Veg Meal For 4,1.0,120.0,120.0
2025-03-24,Swiggy,item,9 Inch - Medium Pizza,2.0,75.0,150.0
2025-03-24,POS,item,9 Inch - Medium Pizza,1.0,75.0,75.0
2025-03-24,POS,item,Super Saver Meal Medium,1.0,75.0,75.0
2025-03-24,POS,item,7 Inch - Regular Pizza,6.0,40.0,240.0
2025-03-24,Swiggy,item,7 Inch - Regular Pizza,2.0,40.0,80.0
2025-03-24,POS,item,Garlic Bread Supreme [veg],1.0,40.0,40.0
2025-03-24,POS,item,Garlic Bread With Cheese,1.0,40.0,40.0
2025-03-24,POS,item,Super Saver Meal Regular,1.0,40.0,40.0
2025-03-24,POS,item,Veg Meal For 1,1.0,40.0,40.0
2025-03-24,POS,addon,7 Inch - Regular Pizza -Extra Cheese,1.0,20.0,20.0
2025-03-24,POS,item,Combo Delight Non-Veg,1.0,20.0,20.0
2025-03-24,POS,item,7up@45rs,1.0,0.0,0.0
2025-03-24,POS,item,Burger Combo @ 169,1.0,0.0,0.0
2025-03-24,POS,item,Burger Combo @ 199,1.0,0.0,0.0
2025-03-24,POS,item,Butterscotch Sundae,1.0,0.0,0.0
2025-03-24,POS,item,Cheesy Dip,1.0,0.0,0.0
2025-03-24,POS,item,Cheesy Fries,2.0,0.0,0.0
2025-03-24,POS,item,Chicken Pasta,2.0,0.0,0.0
2025-03-24,POS,item,Chicken Popcorn,1.0,0.0,0.0
2025-03-24,POS,item,Chikku Shake,1.0,0.0,0.0
2025-03-24,POS,item,Fish Finger,1.0,0.0,0.0
2025-03-24,POS,item,French Fries,2.0,0.0,0.0
2025-03-24,POS,item,Fresh Garden Mint,3.0,0.0,0.0
2025-03-24,POS,item,Greek Chicken Salad[non-veg],1.0,0.0,0.0
2025-03-24,POS,item,Loaded Fries,1.0,0.0,0.0
2025-03-24,Swiggy,item,Mango,1.0,0.0,0.0
2025-03-24,POS,item,Mineral Water,3.0,0.0,0.0
2025-03-24,POS,item,Mixed Chicken Salad,1.0,0.0,0.0
2025-03-24,POS,item,Passion Fruit,1.0,0.0,0.0
2025-03-24,Swiggy,item,Passion Mint,1.0,0.0,0.0
2025-03-24,POS,item,Pepsi 250ml Pet,1.0,0.0,0.0
2025-03-24,POS,item,Pepsi 330ml Can,1.0,0.0,0.0
2025-03-24,POS,item,Pepsi@40rs,2.0,0.0,0.0
2025-03-24,POS,item,Pink Lady,1.0,0.0,0.0
2025-03-24,POS,item,Pizza Upgrade,2.0,0.0,0.0
2025-03-24,POS,item,Potato Wedges,1.0,0.0,0.0
2025-03-24,POS,item,Regular Chicken Burger,3.0,0.0,0.0
2025-03-24,POS,item,Slice 200ml,3.0,0.0,0.0
2025-03-24,POS,item,Soda,1.0,0.0,0.0
2025-03-24,POS,item,Soft Drink,1.0,0.0,0.0
2025-03-24,POS,item,Tender Coconut,1.0,0.0,0.0
2025-03-24,Swiggy,item,Water Melon,3.0,0.0,0.0
2025-03-23,POS,item,12 Inch - Large Pizza,3.0,120.0,360.0
2025-03-23,POS,item,9 Inch - Medium Pizza,5.0,75.0,375.0
2025-03-23,Swiggy,item,9 Inch - Medium Pizza,2.0,75.0,150.0
2025-03-23,POS,item,7 Inch - Regular Pizza,10.0,40.0,400.0
2025-03-23,Swiggy,item,7 Inch - Regular Pizza,3.0,40.0,120.0
2025-03-23,POS,item,Garlic Bread With Cheese,3.0,40.0,120.0
2025-03-23,POS,item,Super Saver Meal Regular,1.0,40.0,40.0
2025-03-23,POS,item,7up 250ml Pet,2.0,0.0,0.0
2025-03-23,POS,item,7up @50rs,3.0,0.0,0.0
2025-03-23,POS,item,7up@40rs,1.0,0.0,0.0
2025-03-23,POS,item,7up@45rs,3.0,0.0,0.0
2025-03-23,POS,item,French Fries,5.0,0.0,0.0
2025-03-23,Swiggy,item,French Fries,1.0,0.0,0.0
2025-03-23,POS,item,Fresh Garden Mint,1.0,0.0,0.0
2025-03-23,POS,item,Grapes Juice,2.0,0.0,0.0
2025-03-23,POS,item,Green Apple,1.0,0.0,0.0
2025-03-23,POS,item,Loaded Fries,2.0,0.0,0.0
2025-03-23,POS,item,Mineral Water,1.0,0.0,0.0
2025-03-23,POS,item,Mint Lime Juice,2.0,0.0,0.0
2025-03-23,POS,item,Mixed Berry,1.0,0.0,0.0
2025-03-23,POS,item,Nutty Vanilla,2.0,0.0,0.0
2025-03-23,POS,item,Pepsi 250ml Pet,1.0,0.0,0.0
2025-03-23,POS,item,Pepsi@40rs,1.0,0.0,0.0
2025-03-23,POS,item,Pineapple Juice,1.0,0.0,0.0
2025-03-23,POS,item,Regular Chicken Burger,1.0,0.0,0.0
2025-03-23,POS,item,Slice 200ml,1.0,0.0,0.0
2025-03-23,POS,item,Special Discount,0.0,0.0,0.0
2025-03-23,Swiggy,item,Water Melon,1.0,0.0,0.0
2025-03-22,POS,item,2 Medium Non-veg@699,1.0,150.0,150.0
2025-03-22,POS,item,2 Medium Veg@649,1.0,150.0,150.0
2025-03-22,POS,item,12 Inch - Large Pizza,3.0,120.0,360.0
2025-03-22,POS,item,9 Inch - Medium Pizza,5.0,75.0,375.0
2025-03-22,Swiggy,item,9 Inch - Medium Pizza,4.0,75.0,300.0
2025-03-22,POS,item,7 Inch - Regular Pizza,13.0,40.0,520.0
2025-03-22,Swiggy,item,7 Inch - Regular Pizza,3.0,40.0,120.0
2025-03-22,POS,item,Garlic Bread Supreme[non-veg],1.0,40.0,40.0
2025-03-22,POS,addon,7 Inch - Regular Pizza -Extra Cheese,1.0,20.0,20.0
2025-03-22,POS,item,Combo Delight Non-Veg,2.0,20.0,40.0
2025-03-22,POS,item,7up @50rs,1.0,0.0,0.0
2025-03-22,POS,item,7up@45rs,1.0,0.0,0.0
2025-03-22,Swiggy,item,Blue Mojito,1.0,0.0,0.0
2025-03-22,Swiggy,item,Brownie,1.0,0.0,0.0
2025-03-22,Swiggy,item,Brownie With Ice Cream,1.0,0.0,0.0
2025-03-22,POS,item,Burger Combo @ 179,1.0,0.0,0.0
2025-03-22,POS,item,Burger Combo @ 199,1.0,0.0,0.0
2025-03-22,POS,item,Cheese N Macaroni Salad,1.0,0.0,0.0
2025-03-22,POS,item,Cheesy Fries,1.0,0.0,0.0
2025-03-22,POS,item,Chicken Pasta,2.0,0.0,0.0
2025-03-22,POS,item,Chikku Shake,1.0,0.0,0.0
2025-03-22,POS,item,Chilly Potato Shots,2.0,0.0,0.0
2025-03-22,POS,item,French Fries,5.0,0.0,0.0
2025-03-22,Swiggy,item,French Fries,1.0,0.0,0.0
2025-03-22,POS,item,Fresh Garden Mint,2.0,0.0,0.0
2025-03-22,POS,item,Garlic Bread,1.0,0.0,0.0
2025-03-22,POS,item,Greek Salad,1.0,0.0,0.0
2025-03-22,POS,item,Loaded Fries,2.0,0.0,0.0
2025-03-22,POS,item,Mineral Water,3.0,0.0,0.0
2025-03-22,POS,item,Mint Lime Juice,1.0,0.0,0.0
2025-03-22,Swiggy,item,Passion Mint,1.0,0.0,0.0
2025-03-22,POS,item,Pepsi 250ml Pet,1.0,0.0,0.0
2025-03-22,POS,item,Pepsi@40rs,1.0,0.0,0.0
2025-03-22,POS,item,Pepsi@50rs,1.0,0.0,0.0
2025-03-22,POS,item,Peri Peri Dip,2.0,0.0,0.0
2025-03-22,POS,item,Potato Wedges,1.0,0.0,0.0
2025-03-22,POS,item,Regular Chicken Burger,4.0,0.0,0.0
2025-03-22,POS,item,Slice 200ml,1.0,0.0,0.0
2025-03-22,POS,item,Soda,2.0,0.0,0.0
2025-03-22,POS,item,Soft Drink,1.0,0.0,0.0
2025-03-22,POS,item,Tender Coconut,2.0,0.0,0.0
2025-03-22,POS,item,Veg Burger,5.0,0.0,0.0
2025-03-22,POS,item,Veg Pasta,1.0,0.0,0.0
2025-03-22,POS,item,Watermelon Juice,1.0,0.0,0.0
2025-03-21,POS,item,12 Inch - Large Pizza,1.0,120.0,120.0
2025-03-21,POS,item,2 Regular Veg@329,1.0,80.0,80.0
2025-03-21,POS,item,9 Inch - Medium Pizza,9.0,75.0,675.0
2025-03-21,Swiggy,item,9 Inch - Medium Pizza,1.0,75.0,75.0
2025-03-21,POS,item,7 Inch - Regular Pizza,10.0,40.0,400.0
2025-03-21,Swiggy,item,7 Inch - Regular Pizza,4.0,40.0,160.0
2025-03-21,POS,item,Super Saver Meal Regular,1.0,40.0,40.0
2025-03-21,POS,item,7up 250ml Pet,1.0,0.0,0.0
2025-03-21,POS,item,7up@40rs,1.0,0.0,0.0
2025-03-21,POS,item,Burger Combo @ 179,1.0,0.0,0.0
2025-03-21,POS,item,Butterscotch Sundae,1.0,0.0,0.0
2025-03-21,POS,item,Cheesy Fries,1.0,0.0,0.0
2025-03-21,POS,item,Chicken Pasta,1.0,0.0,0.0
2025-03-21,Swiggy,item,Chicken Pasta,1.0,0.0,0.0
2025-03-21,POS,item,Chikku Shake,3.0,0.0,0.0
2025-03-21,POS,item,Chocolate Shake,1.0,0.0,0.0
2025-03-21,POS,item,Fresh Lime Juice,2.0,0.0,0.0
2025-03-21,Swiggy,item,Greek Salad,1.0,0.0,0.0
2025-03-21,POS,item,Loaded Fries,2.0,0.0,0.0
2025-03-21,POS,item,Mineral Water,1.0,0.0,0.0
2025-03-21,POS,item,Pepsi@40rs,1.0,0.0,0.0
2025-03-21,POS,item,Pepsi@50rs,4.0,0.0,0.0
2025-03-21,POS,item,Tender Coconut,2.0,0.0,0.0
2025-03-21,POS,item,Watermelon Juice,1.0,0.0,0.0
2025-03-20,POS,item,2 Medium Non-veg@699,1.0,150.0,150.0
2025-03-20,POS,item,12 Inch - Large Pizza,5.0,120.0,600.0
2025-03-20,POS,item,2 Regular Non-veg@389,3.0,80.0,240.0
2025-03-20,POS,item,9 Inch - Medium Pizza,3.0,75.0,225.0
2025-03-20,POS,item,7 Inch - Regular Pizza,10.0,40.0,400.0
2025-03-20,Swiggy,item,7 Inch - Regular Pizza,3.0,40.0,120.0
2025-03-20,POS,item,Super Saver Meal Regular,1.0,40.0,40.0
2025-03-20,POS,item,Combo Delight Non-Veg,1.0,20.0,20.0
2025-03-20,POS,item,7up 250ml Pet,1.0,0.0,0.0
2025-03-20,POS,item,7up@45rs,1.0,0.0,0.0
2025-03-20,POS,item,Blue Curacao,3.0,0.0,0.0
2025-03-20,POS,item,Blue Mojito,1.0,0.0,0.0
2025-03-20,POS,item,Cheese N Macaroni Salad,1.0,0.0,0.0
2025-03-20,Swiggy,item,Chicken Loaded Fries,1.0,0.0,0.0
2025-03-20,POS,item,Chicken Pasta,2.0,0.0,0.0
2025-03-20,POS,item,Chicken Popcorn,1.0,0.0,0.0
2025-03-20,POS,item,Chikku Shake,2.0,0.0,0.0
2025-03-20,POS,item,French Fries,4.0,0.0,0.0
2025-03-20,Swiggy,item,French Fries,1.0,0.0,0.0
2025-03-20,POS,item,Fresh Garden Mint,1.0,0.0,0.0
2025-03-20,POS,item,Garlic Bread,2.0,0.0,0.0
2025-03-20,POS,item,Loaded Fries,1.0,0.0,0.0
2025-03-20,POS,item,Mint Lime Juice,1.0,0.0,0.0
2025-03-20,POS,item,Mixed Berry,2.0,0.0,0.0
2025-03-20,POS,item,Passion Fruit,1.0,0.0,0.0
2025-03-20,POS,item,Pepsi@40rs,3.0,0.0,0.0
2025-03-20,POS,item,Pepsi@50rs,3.0,0.0,0.0
2025-03-20,POS,item,Potato Wedges,2.0,0.0,0.0
2025-03-20,POS,item,Regular Chicken Burger,1.0,0.0,0.0
2025-03-20,POS,item,Slice 200ml,3.0,0.0,0.0
2025-03-20,POS,item,Slice@40rs,1.0,0.0,0.0
2025-03-20,POS,item,Soda,1.0,0.0,0.0
2025-03-20,POS,item,Soft Drink,2.0,0.0,0.0
2025-03-20,POS,item,Special Discount,0.0,0.0,0.0
2025-03-20,POS,item,Tender Coconut,1.0,0.0,0.0
2025-03-20,POS,item,Veg Pasta,2.0,0.0,0.0
2025-03-20,POS,item,Watermelon Juice,1.0,0.0,0.0
2025-03-19,POS,item,2 Medium Non-veg@699,1.0,150.0,150.0
2025-03-19,POS,item,9 Inch - Medium Pizza,7.0,75.0,525.0
2025-03-19,POS,item,7 Inch - Regular Pizza,11.0,40.0,440.0
2025-03-19,Swiggy,item,7 Inch - Regular Pizza,6.0,40.0,240.0
2025-03-19,POS,item,Garlic Bread With Cheese,1.0,40.0,40.0
2025-03-19,POS,item,Super Saver Meal Regular,1.0,40.0,40.0
2025-03-19,POS,item,7up@45rs,2.0,0.0,0.0
2025-03-19,POS,item,Blue Mojito,1.0,0.0,0.0
2025-03-19,POS,item,Brownie,1.0,0.0,0.0
2025-03-19,POS,item,Brownie With Ice Cream,2.0,0.0,0.0
2025-03-19,POS,item,Burger Combo @ 169,1.0,0.0,0.0
2025-03-19,POS,item,Cheese N Macaroni Salad,1.0,0.0,0.0
2025-03-19,Swiggy,item,Chicken Loaded Fries,1.0,0.0,0.0
2025-03-19,POS,item,Chicken Nuggets,1.0,0.0,0.0
2025-03-19,POS,item,Chicken Pasta,5.0,0.0,0.0
2025-03-19,Swiggy,item,Chicken Pasta,1.0,0.0,0.0
2025-03-19,POS,item,French Fries,3.0,0.0,0.0
2025-03-19,POS,item,Garlic Bread,1.0,0.0,0.0
2025-03-19,POS,item,Greek Chicken Salad[non-veg],1.0,0.0,0.0
2025-03-19,POS,item,Mineral Water,1.0,0.0,0.0
2025-03-19,POS,item,Mixed Chicken Salad,2.0,0.0,0.0
2025-03-19,POS,item,Pepsi 330ml Can,1.0,0.0,0.0
2025-03-19,POS,item,Pepsi@40rs,1.0,0.0,0.0
2025-03-19,POS,item,Pepsi@50rs,1.0,0.0,0.0
2025-03-19,POS,item,Pizza Upgrade,1.0,0.0,0.0
2025-03-19,POS,item,Regular Chicken Burger,1.0,0.0,0.0
2025-03-19,POS,item,Soda,1.0,0.0,0.0
2025-03-19,POS,item,Soft Drink,1.0,0.0,0.0
2025-03-19,POS,item,Water Melon,2.0,0.0,0.0
2025-03-18,POS,item,Non Veg Meal For 6,1.0,195.0,195.0
2025-03-18,POS,item,2 Medium Non-veg@699,1.0,150.0,150.0
2025-03-18,Swiggy,item,12 Inch - Large Pizza,1.0,120.0,120.0
2025-03-18,POS,item,2 Regular Non-veg@389,1.0,80.0,80.0
2025-03-18,POS,item,2 Regular Veg@329,1.0,80.0,80.0
2025-03-18,POS,item,9 Inch - Medium Pizza,2.0,75.0,150.0
2025-03-18,POS,item,Non Veg Meal For 2,1.0,75.0,75.0
2025-03-18,POS,item,7 Inch - Regular Pizza,5.0,40.0,200.0
2025-03-18,Swiggy,item,7 Inch - Regular Pizza,4.0,40.0,160.0
2025-03-18,POS,item,Garlic Bread With Cheese,2.0,40.0,80.0
2025-03-18,POS,item,Non Veg Meal For 1,1.0,40.0,40.0
2025-03-18,POS,item,Combo Delight Non-Veg,3.0,20.0,60.0
2025-03-18,POS,item,7up @50rs,1.0,0.0,0.0
2025-03-18,POS,item,7up@45rs,1.0,0.0,0.0
2025-03-18,POS,item,Blue Mojito,1.0,0.0,0.0
2025-03-18,Swiggy,item,Chicken Pasta,1.0,0.0,0.0
2025-03-18,POS,item,Chikku Shake,2.0,0.0,0.0
2025-03-18,POS,item,Chilly Potato Shots,1.0,0.0,0.0
2025-03-18,POS,item,Chocolate Shake,6.0,0.0,0.0
2025-03-18,POS,item,French Fries,1.0,0.0,0.0
2025-03-18,POS,item,Fresh Lime Juice,1.0,0.0,0.0
2025-03-18,Swiggy,item,Garlic Bread,1.0,0.0,0.0
2025-03-18,POS,item,Greek Salad,1.0,0.0,0.0
2025-03-18,POS,item,Green Apple,1.0,0.0,0.0
2025-03-18,POS,item,Loaded Fries,2.0,0.0,0.0
2025-03-18,POS,item,Mdew@40rs,1.0,0.0,0.0
2025-03-18,POS,item,Mineral Water,1.0,0.0,0.0
2025-03-18,POS,item,Pepsi 250ml Pet,2.0,0.0,0.0
2025-03-18,POS,item,Pepsi@50rs,1.0,0.0,0.0
2025-03-18,POS,item,Ramadan Combo@349,1.0,0.0,0.0
2025-03-18,POS,item,Regular Chicken Burger,1.0,0.0,0.0
2025-03-18,POS,item,Sizzling Brownie,1.0,0.0,0.0
2025-03-18,POS,item,Soda,1.0,0.0,0.0
2025-03-18,POS,item,Soft Drink,2.0,0.0,0.0
2025-03-17,POS,item,12 Inch - Large Pizza,2.0,120.0,240.0
2025-03-17,POS,item,9 Inch - Medium Pizza,1.0,75.0,75.0
2025-03-17,Swiggy,item,9 Inch - Medium Pizza,1.0,75.0,75.0
2025-03-17,POS,item,Super Saver Meal Medium,1.0,75.0,75.0
2025-03-17,Swiggy,item,7 Inch - Regular Pizza,2.0,40.0,80.0
2025-03-17,POS,item,7 Inch - Regular Pizza,1.0,40.0,40.0
2025-03-17,POS,item,Combo Delight Non-Veg,1.0,20.0,20.0
2025-03-17,POS,item,Blue Mojito,1.0,0.0,0.0
2025-03-17,POS,item,Burger Combo @ 169,2.0,0.0,0.0
2025-03-17,POS,item,Chicken Pasta,1.0,0.0,0.0
2025-03-17,POS,item,Fish Finger,1.0,0.0,0.0
2025-03-17,POS,item,French Fries,1.0,0.0,0.0
2025-03-17,POS,item,Fresh Garden Mint,1.0,0.0,0.0
2025-03-17,POS,item,Loaded Fries,1.0,0.0,0.0
2025-03-17,POS,item,Makhani Dip,1.0,0.0,0.0
2025-03-17,POS,item,Pepsi 250ml Pet,1.0,0.0,0.0
2025-03-17,POS,item,Pepsi 330ml Can,1.0,0.0,0.0
2025-03-17,POS,item,Pepsi@50rs,2.0,0.0,0.0
2025-03-17,POS,item,Slice 200ml,1.0,0.0,0.0
2025-03-17,POS,item,Soda,1.0,0.0,0.0
2025-03-17,POS,item,Soft Drink,1.0,0.0,0.0
2025-03-16,POS,item,2 Regular Non-veg@389,3.0,80.0,240.0
2025-03-16,POS,item,2 Regular Veg@329,1.0,80.0,80.0
2025-03-16,POS,item,9 Inch - Medium Pizza,8.0,75.0,600.0
2025-03-16,Swiggy,item,9 Inch - Medium Pizza,1.0,75.0,75.0
2025-03-16,POS,item,7 Inch - Regular Pizza,8.0,40.0,320.0
2025-03-16,Swiggy,item,7 Inch - Regular Pizza,3.0,40.0,120.0
2025-03-16,POS,item,Garlic Bread Supreme[non-veg],1.0,40.0,40.0
2025-03-16,POS,item,Garlic Bread With Cheese,1.0,40.0,40.0
2025-03-16,POS,item,Super Saver Meal Regular,2.0,40.0,80.0
2025-03-16,POS,item,7up @50rs,2.0,0.0,0.0
2025-03-16,POS,item,7up@45rs,3.0,0.0,0.0
2025-03-16,POS,item,Burger Combo @ 179,1.0,0.0,0.0
2025-03-16,POS,item,Cheesy Fries,1.0,0.0,0.0
2025-03-16,POS,item,Chicken Nuggets,2.0,0.0,0.0
2025-03-16,POS,item,Chicken Pasta,3.0,0.0,0.0
2025-03-16,POS,item,French Fries,2.0,0.0,0.0
2025-03-16,POS,item,Fresh Lime Juice,2.0,0.0,0.0
2025-03-16,POS,item,Loaded Fries,1.0,0.0,0.0
2025-03-16,POS,item,Mdew@40rs,1.0,0.0,0.0
2025-03-16,POS,item,Nutty Vanilla,1.0,0.0,0.0
2025-03-16,POS,item,Passion Fruit,2.0,0.0,0.0
2025-03-16,POS,item,Pepsi@40rs,2.0,0.0,0.0
2025-03-16,POS,item,Pepsi@50rs,1.0,0.0,0.0
2025-03-16,POS,item,Regular Chicken Burger,3.0,0.0,0.0
2025-03-16,POS,item,Soda,1.0,0.0,0.0
2025-03-16,POS,item,Soft Drink,1.0,0.0,0.0
2025-03-16,POS,item,Spicy Chicken Zinger Burger,1.0,0.0,0.0
2025-03-16,POS,item,Veg Pasta,2.0,0.0,0.0
2025-03-16,POS,item,Water Melon,1.0,0.0,0.0
2025-03-15,POS,item,2 Medium Non-veg@699,1.0,150.0,150.0
2025-03-15,POS,item,12 Inch - Large Pizza,2.0,120.0,240.0
2025-03-15,POS,item,2 Regular Non-veg@389,1.0,80.0,80.0
2025-03-15,POS,item,9 Inch - Medium Pizza,7.0,75.0,525.0
2025-03-15,POS,addon,2 Regular Non-veg@389-Extra Cheese,1.0,40.0,40.0
2025-03-15,POS,item,7 Inch - Regular Pizza,11.0,40.0,440.0
2025-03-15,Swiggy,item,7 Inch - Regular Pizza,6.0,40.0,240.0
2025-03-15,Swiggy,item,Garlic Bread With Cheese,1.0,40.0,40.0
2025-03-15,POS,addon,9 Inch - Medium Pizza -Extra Cheese,1.0,38.0,38.0
2025-03-15,Swiggy,addon,7 Inch - Regular Pizza -Extra Cheese,1.0,20.0,20.0
2025-03-15,POS,item,7up @50rs,1.0,0.0,0.0
2025-03-15,POS,item,7up@40rs,1.0,0.0,0.0
2025-03-15,POS,item,7up@45rs,3.0,0.0,0.0
2025-03-15,POS,item,Cheesy Fries,1.0,0.0,0.0
2025-03-15,Swiggy,item,Chicken Loaded Fries,1.0,0.0,0.0
2025-03-15,Swiggy,item,Chicken Nuggets,1.0,0.0,0.0
2025-03-15,POS,item,Chikku Shake,2.0,0.0,0.0
2025-03-15,POS,item,Chocolate Shake,1.0,0.0,0.0
2025-03-15,POS,item,French Fries,8.0,0.0,0.0
2025-03-15,Swiggy,item,French Fries,2.0,0.0,0.0
2025-03-15,Swiggy,item,Green Apple,1.0,0.0,0.0
2025-03-15,Swiggy,item,Makhani Dip,1.0,0.0,0.0
2025-03-15,POS,item,Mint Lime Juice,1.0,0.0,0.0
2025-03-15,POS,item,Pepsi 250ml Pet,2.0,0.0,0.0
2025-03-15,POS,item,Pepsi@50rs,2.0,0.0,0.0
2025-03-15,POS,item,Peri Peri Dip,1.0,0.0,0.0
2025-03-15,POS,item,Potato Wedges,1.0,0.0,0.0
2025-03-15,POS,item,Regular Chicken Burger,1.0,0.0,0.0
2025-03-15,POS,item,Roasted Chicken Salad,1.0,0.0,0.0
2025-03-15,POS,item,Soda,2.0,0.0,0.0
2025-03-15,POS,item,Special Discount,0.0,0.0,0.0
2025-03-15,Swiggy,item,Veg Pasta,1.0,0.0,0.0
2025-03-14,POS,item,2 Regular Non-veg@389,2.0,80.0,160.0
2025-03-14,POS,item,2 Regular Veg@329,1.0,80.0,80.0
2025-03-14,POS,item,9 Inch - Medium Pizza,6.0,75.0,450.0
2025-03-14,Swiggy,item,9 Inch - Medium Pizza,1.0,75.0,75.0
2025-03-14,POS,item,7 Inch - Regular Pizza,8.0,40.0,320.0
2025-03-14,Swiggy,item,7 Inch - Regular Pizza,4.0,40.0,160.0
2025-03-14,POS,item,Garlic Bread Supreme[non-veg],1.0,40.0,40.0
2025-03-14,POS,item,Non Veg Meal For 1,1.0,40.0,40.0
2025-03-14,POS,item,Super Saver Meal Regular,1.0,40.0,40.0
2025-03-14,POS,item,7up@40rs,1.0,0.0,0.0
2025-03-14,POS,item,Blue Mojito,1.0,0.0,0.0
2025-03-14,POS,item,Burger Combo @ 169,1.0,0.0,0.0
2025-03-14,Swiggy,item,Butterscotch Sundae,1.0,0.0,0.0
2025-03-14,Swiggy,item,Chicken Loaded Fries,2.0,0.0,0.0
2025-03-14,POS,item,Chicken Nuggets,1.0,0.0,0.0
2025-03-14,POS,item,French Fries,3.0,0.0,0.0
2025-03-14,POS,item,Green Apple,1.0,0.0,0.0
2025-03-14,POS,item,Mango,1.0,0.0,0.0
2025-03-14,Swiggy,item,Mango,1.0,0.0,0.0
2025-03-14,POS,item,Mdew@40rs,1.0,0.0,0.0
2025-03-14,POS,item,Mineral Water,3.0,0.0,0.0
2025-03-14,POS,item,Mint Lime Juice,2.0,0.0,0.0
2025-03-14,POS,item,Passion Fruit,1.0,0.0,0.0
2025-03-14,POS,item,Pepsi 250ml Pet,1.0,0.0,0.0
2025-03-14,POS,item,Pepsi 330ml Can,1.0,0.0,0.0
2025-03-14,POS,item,Pepsi@40rs,2.0,0.0,0.0
2025-03-14,POS,item,Pineapple Juice,2.0,0.0,0.0
2025-03-14,POS,item,Ramadan Combo@349,1.0,0.0,0.0
2025-03-14,POS,item,Regular Chicken Burger,2.0,0.0,0.0
2025-03-14,POS,item,Soda,1.0,0.0,0.0
2025-03-14,POS,item,Soft Drink,4.0,0.0,0.0
2025-03-14,Swiggy,item,Strawberry,1.0,0.0,0.0
2025-03-14,POS,item,Veg Burger,1.0,0.0,0.0
2025-03-14,POS,item,Veg Pasta,2.0,0.0,0.0
2025-03-14,Swiggy,item,Veg Pasta,1.0,0.0,0.0
2025-03-13,POS,item,2 Medium Veg@649,1.0,150.0,150.0
2025-03-13,POS,item,2 Regular Veg@329,1.0,80.0,80.0
2025-03-13,POS,item,9 Inch - Medium Pizza,4.0,75.0,300.0
2025-03-13,Swiggy,item,9 Inch - Medium Pizza,1.0,75.0,75.0
2025-03-13,POS,item,7 Inch - Regular Pizza,10.0,40.0,400.0
2025-03-13,POS,item,Delicious Combo Delight,1.0,40.0,40.0
2025-03-13,POS,item,Garlic Bread Supreme[non-veg],1.0,40.0,40.0
2025-03-13,POS,item,Super Saver Meal Regular,1.0,40.0,40.0
2025-03-13,Swiggy,addon,9 Inch - Medium Pizza -Extra Cheese,1.0,38.0,38.0
2025-03-13,POS,item,7up@40rs,2.0,0.0,0.0
2025-03-13,POS,item,Brownie With Ice Cream,2.0,0.0,0.0
2025-03-13,POS,item,Chicken Nuggets,1.0,0.0,0.0
2025-03-13,POS,item,Chicken Pasta,3.0,0.0,0.0
2025-03-13,POS,item,French Fries,1.0,0.0,0.0
2025-03-13,POS,item,Garlic Bread,1.0,0.0,0.0
2025-03-13,POS,item,Grapes Juice,1.0,0.0,0.0
2025-03-13,Swiggy,item,Macaroni N Chicken Salad,1.0,0.0,0.0
2025-03-13,POS,item,Pepsi 250ml Pet,1.0,0.0,0.0
2025-03-13,POS,item,Pepsi 330ml Can,1.0,0.0,0.0
2025-03-13,POS,item,Pepsi@40rs,2.0,0.0,0.0
2025-03-13,POS,item,Pineapple Juice,1.0,0.0,0.0
2025-03-13,POS,item,Regular Chicken Burger,1.0,0.0,0.0
2025-03-13,POS,item,Sizzling Brownie,1.0,0.0,0.0
2025-03-13,POS,item,Slice 200ml,1.0,0.0,0.0
2025-03-13,POS,item,Soda,2.0,0.0,0.0
2025-03-13,POS,item,Soft Drink,2.0,0.0,0.0
2025-03-13,POS,item,Spicy Chicken Zinger Burger,3.0,0.0,0.0
2025-03-13,POS,item,Veg Burger,2.0,0.0,0.0
2025-03-12,POS,item,9 Inch - Medium Pizza,2.0,75.0,150.0
2025-03-12,POS,item,7 Inch - Regular Pizza,2.0,40.0,80.0
2025-03-12,Swiggy,item,7 Inch - Regular Pizza,2.0,40.0,80.0
2025-03-12,POS,item,Super Saver Meal Regular,1.0,40.0,40.0
2025-03-12,POS,addon,9 Inch - Medium Pizza -Extra Cheese,1.0,38.0,38.0
2025-03-12,POS,item,7up @50rs,1.0,0.0,0.0
2025-03-12,POS,item,Blue Curacao,1.0,0.0,0.0
2025-03-12,POS,item,French Fries,1.0,0.0,0.0
2025-03-12,POS,item,Fresh Lime Juice,2.0,0.0,0.0
2025-03-12,POS,item,Loaded Fries,1.0,0.0,0.0
2025-03-12,POS,item,Mango,1.0,0.0,0.0
2025-03-12,POS,item,Mdew 250ml Pet,1.0,0.0,0.0
2025-03-12,POS,item,Mineral Water,1.0,0.0,0.0
2025-03-12,POS,item,Mixed Chicken Salad,1.0,0.0,0.0
2025-03-12,POS,item,Pepsi@50rs,1.0,0.0,0.0
2025-03-12,POS,item,Regular Chicken Burger,2.0,0.0,0.0
2025-03-12,Swiggy,item,Roasted Chicken Salad,1.0,0.0,0.0
2025-03-12,POS,item,Slice 200ml,4.0,0.0,0.0
2025-03-12,POS,item,Soft Drink,2.0,0.0,0.0
2025-03-11,Swiggy,item,12 Inch - Large Pizza,1.0,120.0,120.0
2025-03-11,POS,item,2 Regular Veg@329,1.0,80.0,80.0
2025-03-11,POS,item,9 Inch - Medium Pizza,3.0,75.0,225.0
2025-03-11,Swiggy,addon,12 Inch - Large Pizza -Extra Cheese,1.0,60.0,60.0
2025-03-11,POS,item,7 Inch - Regular Pizza,4.0,40.0,160.0
2025-03-11,POS,item,Super Saver Meal Regular,1.0,40.0,40.0
2025-03-11,POS,item,Combo Delight Non-Veg,4.0,20.0,80.0
2025-03-11,POS,item,7up 250ml Pet,2.0,0.0,0.0
2025-03-11,POS,item,7up @50rs,1.0,0.0,0.0
2025-03-11,POS,item,7up@40rs,2.0,0.0,0.0
2025-03-11,POS,item,Blue Mojito,2.0,0.0,0.0
2025-03-11,POS,item,Chicken Nuggets,1.0,0.0,0.0
2025-03-11,POS,item,French Fries,4.0,0.0,0.0
2025-03-11,POS,item,Garlic Bread,1.0,0.0,0.0
2025-03-11,POS,item,Loaded Fries,2.0,0.0,0.0
2025-03-11,POS,item,Mayo,1.0,0.0,0.0
2025-03-11,POS,item,Mineral Water,1.0,0.0,0.0
2025-03-11,POS,item,Pepsi@40rs,3.0,0.0,0.0
2025-03-11,POS,item,Ramadan Combo@349,1.0,0.0,0.0
2025-03-11,POS,item,Regular Chicken Burger,2.0,0.0,0.0
2025-03-11,POS,item,Slice 200ml,4.0,0.0,0.0
2025-03-11,POS,item,Soda,1.0,0.0,0.0
2025-03-11,POS,item,Veg Pasta,2.0,0.0,0.0
2025-03-10,POS,item,12 Inch - Large Pizza,1.0,120.0,120.0
2025-03-10,POS,item,9 Inch - Medium Pizza,8.0,75.0,600.0
2025-03-10,POS,item,7 Inch - Regular Pizza,8.0,40.0,320.0
2025-03-10,Swiggy,item,7 Inch - Regular Pizza,4.0,40.0,160.0
2025-03-10,POS,item,Garlic Bread Supreme [veg],1.0,40.0,40.0
2025-03-10,POS,item,Super Saver Meal Regular,2.0,40.0,80.0
2025-03-10,POS,item,Combo Delight Non-Veg,1.0,20.0,20.0
2025-03-10,POS,item,7up 250ml Pet,1.0,0.0,0.0
2025-03-10,POS,item,7up @50rs,1.0,0.0,0.0
2025-03-10,POS,item,7up@40rs,3.0,0.0,0.0
2025-03-10,POS,item,Brownie,3.0,0.0,0.0
2025-03-10,POS,item,Burger Combo @ 169,1.0,0.0,0.0
2025-03-10,POS,item,Chicken Pasta,3.0,0.0,0.0
2025-03-10,Swiggy,item,Chicken Pasta,1.0,0.0,0.0
2025-03-10,POS,item,Chikku Shake,1.0,0.0,0.0
2025-03-10,POS,item,Chilly Potato Shots,1.0,0.0,0.0
2025-03-10,POS,item,Chocolate Shake,1.0,0.0,0.0
2025-03-10,POS,item,French Fries,1.0,0.0,0.0
2025-03-10,POS,item,Fresh Garden Mint,2.0,0.0,0.0
2025-03-10,POS,item,Fresh Lime Juice,5.0,0.0,0.0
2025-03-10,POS,item,Green Apple,1.0,0.0,0.0
2025-03-10,POS,item,Loaded Fries,1.0,0.0,0.0
2025-03-10,POS,item,Mdew 250ml Pet,1.0,0.0,0.0
2025-03-10,POS,item,Mineral Water,1.0,0.0,0.0
2025-03-10,POS,item,Mint Lime Juice,1.0,0.0,0.0
2025-03-10,POS,item,Pepsi 250ml Pet,1.0,0.0,0.0
2025-03-10,POS,item,Pepsi@50rs,1.0,0.0,0.0
2025-03-10,POS,item,Pineapple Juice,1.0,0.0,0.0
2025-03-10,POS,item,Ramadan Combo@349,1.0,0.0,0.0
2025-03-10,POS,item,Slice 200ml,1.0,0.0,0.0
2025-03-10,POS,item,Soda,5.0,0.0,0.0
2025-03-10,POS,item,Soft Drink,2.0,0.0,0.0
2025-03-10,POS,item,Spicy Chicken Zinger Burger,3.0,0.0,0.0
2025-03-10,POS,item,Veg Pasta,1.0,0.0,0.0
2025-03-10,POS,item,Watermelon Juice,5.0,0.0,0.0
2025-03-09,POS,item,Veg Meal For 6,1.0,195.0,195.0
2025-03-09,POS,item,2 Medium Non-veg@699,1.0,150.0,150.0
2025-03-09,POS,item,2 Medium Veg@649,1.0,150.0,150.0
2025-03-09,POS,item,12 Inch - Large Pizza,3.0,120.0,360.0
2025-03-09,POS,item,9 Inch - Medium Pizza,7.0,75.0,525.0
2025-03-09,POS,item,7 Inch - Regular Pizza,6.0,40.0,240.0
2025-03-09,Swiggy,item,7 Inch - Regular Pizza,5.0,40.0,200.0
2025-03-09,POS,item,Super Saver Meal Regular,1.0,40.0,40.0
2025-03-09,Swiggy,addon,7 Inch - Regular Pizza -Extra Cheese,1.0,20.0,20.0
2025-03-09,POS,item,Combo Delight Non-Veg,1.0,20.0,20.0
2025-03-09,POS,item,7up 250ml Pet,1.0,0.0,0.0
2025-03-09,POS,item,7up @50rs,1.0,0.0,0.0
2025-03-09,POS,item,7up@40rs,3.0,0.0,0.0
2025-03-09,POS,item,Blue Mojito,2.0,0.0,0.0
2025-03-09,POS,item,Brownie With Ice Cream,1.0,0.0,0.0
2025-03-09,POS,item,Burger Combo @ 179,1.0,0.0,0.0
2025-03-09,POS,item,Butterscotch Sundae,1.0,0.0,0.0
2025-03-09,POS,item,Cheese N Macaroni Salad,1.0,0.0,0.0
2025-03-09,POS,item,Chocolate Shake,1.0,0.0,0.0
2025-03-09,POS,item,French Fries,6.0,0.0,0.0
2025-03-09,Swiggy,item,French Fries,1.0,0.0,0.0
2025-03-09,POS,item,Fresh Garden Mint,2.0,0.0,0.0
2025-03-09,POS,item,Mixed Berry,1.0,0.0,0.0
2025-03-09,POS,item,Pepsi 250ml Pet,1.0,0.0,0.0
2025-03-09,POS,item,Pepsi 330ml Can,2.0,0.0,0.0
2025-03-09,POS,item,Pepsi@40rs,2.0,0.0,0.0
2025-03-09,POS,item,Pizza Upgrade,2.0,0.0,0.0
2025-03-09,POS,item,Slice 200ml,1.0,0.0,0.0
2025-03-09,POS,item,Soda,1.0,0.0,0.0
2025-03-09,POS,item,Soft Drink,3.0,0.0,0.0
2025-03-09,POS,item,Tender Coconut,1.0,0.0,0.0
2025-03-08,POS,item,2 Medium Non-veg@699,1.0,150.0,150.0
2025-03-08,POS,item,12 Inch - Large Pizza,4.0,120.0,480.0
2025-03-08,POS,item,2 Regular Non-veg@389,1.0,80.0,80.0
2025-03-08,POS,item,9 Inch - Medium Pizza,4.0,75.0,300.0
2025-03-08,Swiggy,item,9 Inch - Medium Pizza,3.0,75.0,225.0
2025-03-08,POS,item,7 Inch - Regular Pizza,9.0,40.0,360.0
2025-03-08,Swiggy,item,7 Inch - Regular Pizza,4.0,40.0,160.0
2025-03-08,POS,item,Garlic Bread With Cheese,2.0,40.0,80.0
2025-03-08,Swiggy,item,Garlic Bread With Cheese,1.0,40.0,40.0
2025-03-08,POS,item,Super Saver Meal Regular,3.0,40.0,120.0
2025-03-08,POS,item,Combo Delight Non-Veg,2.0,20.0,40.0
2025-03-08,POS,item,7up 250ml Pet,3.0,0.0,0.0
2025-03-08,POS,item,7up @50rs,4.0,0.0,0.0
2025-03-08,POS,item,7up@40rs,1.0,0.0,0.0
2025-03-08,POS,item,Burger Combo @ 169,2.0,0.0,0.0
2025-03-08,POS,item,Burger Combo @ 179,2.0,0.0,0.0
2025-03-08,Swiggy,item,Cheesy Fries,2.0,0.0,0.0
2025-03-08,POS,item,Chikku Shake,2.0,0.0,0.0
2025-03-08,POS,item,French Fries,2.0,0.0,0.0
2025-03-08,POS,item,Fresh Garden Mint,1.0,0.0,0.0
2025-03-08,Swiggy,item,Fresh Garden Mint,1.0,0.0,0.0
2025-03-08,POS,item,Fresh Lime Juice,1.0,0.0,0.0
2025-03-08,Swiggy,item,Garlic Bread,1.0,0.0,0.0
2025-03-08,POS,item,Greek Salad,1.0,0.0,0.0
2025-03-08,POS,item,Passion Fruit,1.0,0.0,0.0
2025-03-08,POS,item,Pepsi@40rs,2.0,0.0,0.0
2025-03-08,POS,item,Potato Salad,1.0,0.0,0.0
2025-03-08,Swiggy,item,Potato Wedges,1.0,0.0,0.0
2025-03-08,POS,item,Regular Chicken Burger,4.0,0.0,0.0
2025-03-08,POS,item,Soft Drink,3.0,0.0,0.0
2025-03-08,POS,item,Special Discount,0.0,0.0,0.0
2025-03-08,Swiggy,item,Thousand Dip,1.0,0.0,0.0
2025-03-08,POS,item,Veg Pasta,4.0,0.0,0.0
2025-03-08,Swiggy,item,Veg Pasta,1.0,0.0,0.0
2025-03-07,POS,item,2 Medium Non-veg@699,1.0,150.0,150.0
2025-03-07,POS,item,12 Inch - Large Pizza,1.0,120.0,120.0
2025-03-07,POS,item,2 Regular Non-veg@389,1.0,80.0,80.0
2025-03-07,POS,item,9 Inch - Medium Pizza,2.0,75.0,150.0
2025-03-07,POS,addon,12 Inch - Large Pizza -Extra Cheese,1.0,60.0,60.0
2025-03-07,POS,item,7 Inch - Regular Pizza,6.0,40.0,240.0
2025-03-07,Swiggy,item,7 Inch - Regular Pizza,2.0,40.0,80.0
2025-03-07,POS,item,7up 250ml Pet,1.0,0.0,0.0
2025-03-07,POS,item,7up@40rs,1.0,0.0,0.0
2025-03-07,POS,item,Burger Combo @ 169,2.0,0.0,0.0
2025-03-07,POS,item,Chicken Pasta,2.0,0.0,0.0
2025-03-07,POS,item,French Fries,2.0,0.0,0.0
2025-03-07,POS,item,Fresh Lime Juice,1.0,0.0,0.0
2025-03-07,Swiggy,item,Garlic Bread,1.0,0.0,0.0
2025-03-07,POS,item,Green Apple,1.0,0.0,0.0
2025-03-07,POS,item,Loaded Fries,1.0,0.0,0.0
2025-03-07,POS,item,Mdew 250ml Pet,2.0,0.0,0.0
2025-03-07,POS,item,Mint Lime Juice,2.0,0.0,0.0
2025-03-07,Swiggy,item,Mixed Chicken Salad,1.0,0.0,0.0
2025-03-07,POS,item,Pepsi@40rs,2.0,0.0,0.0
2025-03-07,POS,item,Pepsi@50rs,1.0,0.0,0.0
2025-03-07,POS,item,Slice 200ml,1.0,0.0,0.0
2025-03-07,POS,item,Veg Burger,1.0,0.0,0.0
2025-03-06,POS,item,2 Regular Non-veg@389,1.0,80.0,80.0
2025-03-06,POS,item,2 Regular Veg@329,1.0,80.0,80.0
2025-03-06,Swiggy,item,9 Inch - Medium Pizza,1.0,75.0,75.0
2025-03-06,POS,item,7 Inch - Regular Pizza,6.0,40.0,240.0
2025-03-06,Swiggy,item,7 Inch - Regular Pizza,3.0,40.0,120.0
2025-03-06,POS,item,Fantastic Fun Meal,1.0,40.0,40.0
2025-03-06,POS,item,Garlic Bread With Cheese,1.0,40.0,40.0
2025-03-06,POS,item,Super Saver Meal Regular,1.0,40.0,40.0
2025-03-06,Swiggy,addon,7 Inch - Regular Pizza -Extra Cheese,1.0,20.0,20.0
2025-03-06,POS,item,7up 250ml Pet,1.0,0.0,0.0
2025-03-06,POS,item,7up @50rs,1.0,0.0,0.0
2025-03-06,POS,item,7up@40rs,1.0,0.0,0.0
2025-03-06,POS,item,Burger Combo @ 169,2.0,0.0,0.0
2025-03-06,POS,item,Cheesy Fries,1.0,0.0,0.0
2025-03-06,POS,item,Chicken Nuggets,1.0,0.0,0.0
2025-03-06,POS,item,Chocolate Shake,2.0,0.0,0.0
2025-03-06,POS,item,French Fries,1.0,0.0,0.0
2025-03-06,POS,item,Loaded Fries,1.0,0.0,0.0
2025-03-06,POS,item,Mdew 250ml Pet,1.0,0.0,0.0
2025-03-06,POS,item,Mineral Water,3.0,0.0,0.0
2025-03-06,POS,item,Mint Lime Juice,2.0,0.0,0.0
2025-03-06,Swiggy,item,Mixed Berry,1.0,0.0,0.0
2025-03-06,POS,item,Pepsi 250ml Pet,2.0,0.0,0.0
2025-03-06,POS,item,Veg Burger,1.0,0.0,0.0
2025-03-05,POS,item,2 Regular Non-veg@389,1.0,80.0,80.0
2025-03-05,POS,item,2 Regular Veg@329,1.0,80.0,80.0
2025-03-05,POS,item,9 Inch - Medium Pizza,2.0,75.0,150.0
2025-03-05,POS,item,7 Inch - Regular Pizza,8.0,40.0,320.0
2025-03-05,Swiggy,item,7 Inch - Regular Pizza,4.0,40.0,160.0
2025-03-05,POS,item,Super Saver Meal Regular,1.0,40.0,40.0
2025-03-05,POS,item,7up 250ml Pet,1.0,0.0,0.0
2025-03-05,Swiggy,item,Brownie With Ice Cream,1.0,0.0,0.0
2025-03-05,Swiggy,item,Chicken Loaded Fries,1.0,0.0,0.0
2025-03-05,POS,item,Chicken Pasta,1.0,0.0,0.0
2025-03-05,Swiggy,item,Chicken Pasta,1.0,0.0,0.0
2025-03-05,POS,item,French Fries,2.0,0.0,0.0
2025-03-05,POS,item,Garlic Bread,1.0,0.0,0.0
2025-03-05,POS,item,Mdew 250ml Pet,1.0,0.0,0.0
2025-03-05,POS,item,Mdew@40rs,1.0,0.0,0.0
2025-03-05,POS,item,Mineral Water,3.0,0.0,0.0
2025-03-05,POS,item,Pepsi 250ml Pet,2.0,0.0,0.0
2025-03-05,POS,item,Pepsi@40rs,1.0,0.0,0.0
2025-03-05,POS,item,Pepsi@50rs,1.0,0.0,0.0
2025-03-05,POS,item,Pizza Upgrade,1.0,0.0,0.0
2025-03-05,POS,item,Regular Chicken Burger,1.0,0.0,0.0
2025-03-05,POS,item,Roasted Chicken Salad,1.0,0.0,0.0
2025-03-05,POS,item,Soda,2.0,0.0,0.0
2025-03-05,POS,item,Soft Drink,2.0,0.0,0.0
2025-03-05,POS,item,Spicy Chicken Zinger Burger,3.0,0.0,0.0
2025-03-04,POS,item,2 Medium Non-veg@699,1.0,150.0,150.0
2025-03-04,POS,item,9 Inch - Medium Pizza,5.0,75.0,375.0
2025-03-04,Swiggy,item,9 Inch - Medium Pizza,1.0,75.0,75.0
2025-03-04,POS,item,7 Inch - Regular Pizza,4.0,40.0,160.0
2025-03-04,Swiggy,item,7 Inch - Regular Pizza,4.0,40.0,160.0
2025-03-04,POS,item,Garlic Bread Supreme[non-veg],1.0,40.0,40.0
2025-03-04,POS,addon,9 Inch - Medium Pizza -Extra Cheese,4.0,38.0,152.0
2025-03-04,POS,item,7up@40rs,2.0,0.0,0.0
2025-03-04,POS,item,Blue Mojito,2.0,0.0,0.0
2025-03-04,Swiggy,item,Brownie,1.0,0.0,0.0
2025-03-04,POS,item,Burger Combo @ 169,1.0,0.0,0.0
2025-03-04,POS,item,Burger Combo @ 199,2.0,0.0,0.0
2025-03-04,Swiggy,item,Chicken Loaded Fries,2.0,0.0,0.0
2025-03-04,POS,item,Chicken Pasta,3.0,0.0,0.0
2025-03-04,POS,item,Loaded Fries,1.0,0.0,0.0
2025-03-04,POS,item,Mineral Water,1.0,0.0,0.0
2025-03-04,Swiggy,item,Nutty Vanilla,1.0,0.0,0.0
2025-03-04,POS,item,Passion Fruit,3.0,0.0,0.0
2025-03-04,POS,item,Pepsi 250ml Pet,1.0,0.0,0.0
2025-03-04,POS,item,Pineapple Juice,1.0,0.0,0.0
2025-03-04,POS,item,Regular Chicken Burger,1.0,0.0,0.0
2025-03-04,Swiggy,item,Roasted Chicken Salad,1.0,0.0,0.0
2025-03-04,POS,item,Slice 200ml,2.0,0.0,0.0
2025-03-04,POS,item,Soda,2.0,0.0,0.0
2025-03-04,POS,item,Soft Drink,1.0,0.0,0.0
2025-03-04,POS,item,Water Melon,1.0,0.0,0.0
2025-03-03,POS,item,2 Medium Non-veg@699,1.0,150.0,150.0
2025-03-03,POS,item,12 Inch - Large Pizza,1.0,120.0,120.0
2025-03-03,POS,item,2 Regular Non-veg@389,2.0,80.0,160.0
2025-03-03,POS,item,9 Inch - Medium Pizza,2.0,75.0,150.0
2025-03-03,Swiggy,item,9 Inch - Medium Pizza,1.0,75.0,75.0
2025-03-03,POS,item,7 Inch - Regular Pizza,9.0,40.0,360.0
2025-03-03,Swiggy,item,7 Inch - Regular Pizza,3.0,40.0,120.0
2025-03-03,POS,item,Delicious Combo Delight,1.0,40.0,40.0
2025-03-03,POS,item,Garlic Bread With Cheese,2.0,40.0,80.0
2025-03-03,POS,item,Super Saver Meal Regular,1.0,40.0,40.0
2025-03-03,Swiggy,addon,7 Inch - Regular Pizza -Extra Cheese,1.0,20.0,20.0
2025-03-03,POS,item,7up 250ml Pet,3.0,0.0,0.0
2025-03-03,Swiggy,item,Blue Mojito,2.0,0.0,0.0
2025-03-03,POS,item,Brownie With Ice Cream,1.0,0.0,0.0
2025-03-03,POS,item,Burger Combo @ 169,2.0,0.0,0.0
2025-03-03,POS,item,Cheesy Fries,1.0,0.0,0.0
2025-03-03,POS,item,French Fries,2.0,0.0,0.0
2025-03-03,Swiggy,item,French Fries,1.0,0.0,0.0
2025-03-03,POS,item,Green Apple,1.0,0.0,0.0
2025-03-03,Swiggy,item,Hot Garlic Dip,1.0,0.0,0.0
2025-03-03,POS,item,Mint Lime Juice,2.0,0.0,0.0
2025-03-03,POS,item,Pepsi 250ml Pet,2.0,0.0,0.0
2025-03-03,POS,item,Pepsi 330ml Can,1.0,0.0,0.0
2025-03-03,POS,item,Pepsi@40rs,1.0,0.0,0.0
2025-03-03,POS,item,Pepsi@50rs,2.0,0.0,0.0
2025-03-03,POS,item,Pineapple Juice,1.0,0.0,0.0
2025-03-03,POS,item,Regular Chicken Burger,1.0,0.0,0.0
2025-03-03,POS,item,Slice 200ml,2.0,0.0,0.0
2025-03-03,POS,item,Soda,2.0,0.0,0.0
2025-03-03,POS,item,Tender Coconut,2.0,0.0,0.0
2025-03-03,POS,item,Veg Burger,1.0,0.0,0.0
2025-03-03,POS,item,Veg Pasta,2.0,0.0,0.0
2025-03-02,POS,item,12 Inch - Large Pizza,3.0,120.0,360.0
2025-03-02,POS,item,Veg Meal For 4,1.0,120.0,120.0
2025-03-02,POS,item,2 Regular Non-veg@389,3.0,80.0,240.0
2025-03-02,POS,item,9 Inch - Medium Pizza,4.0,75.0,300.0
2025-03-02,POS,item,7 Inch - Regular Pizza,7.0,40.0,280.0
2025-03-02,Swiggy,item,7 Inch - Regular Pizza,5.0,40.0,200.0
2025-03-02,POS,item,Garlic Bread With Cheese,1.0,40.0,40.0
2025-03-02,POS,item,Super Saver Meal Regular,3.0,40.0,120.0
2025-03-02,POS,item,7up @50rs,2.0,0.0,0.0
2025-03-02,POS,item,Blue Mojito,2.0,0.0,0.0
2025-03-02,POS,item,Brownie,1.0,0.0,0.0
2025-03-02,Swiggy,item,Brownie,1.0,0.0,0.0
2025-03-02,POS,item,Chicken Nuggets,1.0,0.0,0.0
2025-03-02,POS,item,Chicken Pasta,1.0,0.0,0.0
2025-03-02,Swiggy,item,Chicken Pasta,1.0,0.0,0.0
2025-03-02,POS,item,Chikku Shake,1.0,0.0,0.0
2025-03-02,POS,item,French Fries,3.0,0.0,0.0
2025-03-02,POS,item,Garlic Bread,3.0,0.0,0.0
2025-03-02,POS,item,Macaroni N Chicken Salad,1.0,0.0,0.0
2025-03-02,POS,item,Mdew@40rs,2.0,0.0,0.0
2025-03-02,POS,item,Mineral Water,5.0,0.0,0.0
2025-03-02,POS,item,Mixed Chicken Salad,1.0,0.0,0.0
2025-03-02,Swiggy,item,Passion Mint,1.0,0.0,0.0
2025-03-02,POS,item,Pepsi 250ml Pet,2.0,0.0,0.0
2025-03-02,POS,item,Pepsi@40rs,3.0,0.0,0.0
2025-03-02,POS,item,Pepsi@50rs,1.0,0.0,0.0
2025-03-02,POS,item,Peri Peri Dip,1.0,0.0,0.0
2025-03-02,POS,item,Sizzling Brownie,1.0,0.0,0.0
2025-03-02,POS,item,Soft Drink,4.0,0.0,0.0
2025-03-02,POS,item,Special Discount,0.0,0.0,0.0
2025-03-02,POS,item,Veg Burger,3.0,0.0,0.0
2025-03-02,POS,item,Veg Pasta,1.0,0.0,0.0
2025-03-01,POS,item,12 Inch - Large Pizza,3.0,120.0,360.0
2025-03-01,POS,item,2 Regular Non-veg@389,4.0,80.0,320.0
2025-03-01,POS,item,2 Regular Veg@329,1.0,80.0,80.0
2025-03-01,POS,item,9 Inch - Medium Pizza,10.0,75.0,750.0
2025-03-01,Swiggy,item,9 Inch - Medium Pizza,2.0,75.0,150.0
2025-03-01,POS,item,Non Veg Meal For 2,1.0,75.0,75.0
2025-03-01,POS,item,7 Inch - Regular Pizza,14.0,40.0,560.0
2025-03-01,POS,item,Garlic Bread With Cheese,2.0,40.0,80.0
2025-03-01,POS,item,Super Saver Meal Regular,5.0,40.0,200.0
2025-03-01,POS,addon,9 Inch - Medium Pizza -Extra Cheese,2.0,38.0,76.0
2025-03-01,Swiggy,addon,9 Inch - Medium Pizza -Extra Cheese,1.0,38.0,38.0
2025-03-01,POS,addon,7 Inch - Regular Pizza -Extra Cheese,1.0,20.0,20.0
2025-03-01,POS,item,Gbr Extra Cheese,1.0,10.0,10.0
2025-03-01,POS,item,7up 250ml Pet,2.0,0.0,0.0
2025-03-01,POS,item,7up@40rs,2.0,0.0,0.0
2025-03-01,POS,item,Blue Curacao,1.0,0.0,0.0
2025-03-01,POS,item,Blue Mojito,2.0,0.0,0.0
2025-03-01,POS,item,Brownie,1.0,0.0,0.0
2025-03-01,POS,item,Burger Combo @ 179,1.0,0.0,0.0
2025-03-01,POS,item,Cheesy Fries,1.0,0.0,0.0
2025-03-01,POS,item,Chicken Nuggets,1.0,0.0,0.0
2025-03-01,Swiggy,item,Chicken Nuggets,1.0,0.0,0.0
2025-03-01,POS,item,Chicken Pasta,2.0,0.0,0.0
2025-03-01,POS,item,Chocolate Shake,1.0,0.0,0.0
2025-03-01,POS,item,Cucumber,1.0,0.0,0.0
2025-03-01,POS,item,French Fries,5.0,0.0,0.0
2025-03-01,POS,item,Fresh Lime Juice,1.0,0.0,0.0
2025-03-01,POS,item,Garlic Bread,2.0,0.0,0.0
2025-03-01,POS,item,Mineral Water,8.0,0.0,0.0
2025-03-01,POS,item,Mint Lime Juice,3.0,0.0,0.0
2025-03-01,POS,item,Passion Fruit,1.0,0.0,0.0
2025-03-01,POS,item,Pepsi 250ml Pet,3.0,0.0,0.0
2025-03-01,POS,item,Pepsi@40rs,5.0,0.0,0.0
2025-03-01,POS,item,Pepsi@50rs,6.0,0.0,0.0
2025-03-01,POS,item,Pineapple Juice,4.0,0.0,0.0
2025-03-01,POS,item,Regular Chicken Burger,3.0,0.0,0.0
2025-03-01,POS,item,Veg Burger,2.0,0.0,0.0
2025-03-01,Swiggy,item,Veg Pasta,1.0,0.0,0.0
2025-03-01,POS,item,Watermelon Juice,4.0,0.0,0.0
2025-03-01,POS,item,12 Inch - Large Pizza,3.0,120.0,360.0
2025-03-01,POS,item,2 Regular Non-veg@389,4.0,80.0,320.0
2025-03-01,POS,item,2 Regular Veg@329,1.0,80.0,80.0
2025-03-01,POS,item,9 Inch - Medium Pizza,10.0,75.0,750.0
2025-03-01,Swiggy,item,9 Inch - Medium Pizza,2.0,75.0,150.0
2025-03-01,POS,item,Non Veg Meal For 2,1.0,75.0,75.0
2025-03-01,POS,item,7 Inch - Regular Pizza,14.0,40.0,560.0
2025-03-01,POS,item,Garlic Bread With Cheese,2.0,40.0,80.0
2025-03-01,POS,item,Super Saver Meal Regular,5.0,40.0,200.0
2025-03-01,POS,addon,9 Inch - Medium Pizza -Extra Cheese,2.0,38.0,76.0
2025-03-01,Swiggy,addon,9 Inch - Medium Pizza -Extra Cheese,1.0,38.0,38.0
2025-03-01,POS,addon,7 Inch - Regular Pizza -Extra Cheese,1.0,20.0,20.0
2025-03-01,POS,item,Gbr Extra Cheese,1.0,10.0,10.0
2025-03-01,POS,item,7up 250ml Pet,2.0,0.0,0.0
2025-03-01,POS,item,7up@40rs,2.0,0.0,0.0
2025-03-01,POS,item,Blue Curacao,1.0,0.0,0.0
2025-03-01,POS,item,Blue Mojito,2.0,0.0,0.0
2025-03-01,POS,item,Brownie,1.0,0.0,0.0
2025-03-01,POS,item,Burger Combo @ 179,1.0,0.0,0.0
2025-03-01,POS,item,Cheesy Fries,1.0,0.0,0.0
2025-03-01,POS,item,Chicken Nuggets,1.0,0.0,0.0
2025-03-01,Swiggy,item,Chicken Nuggets,1.0,0.0,0.0
2025-03-01,POS,item,Chicken Pasta,2.0,0.0,0.0
2025-03-01,POS,item,Chocolate Shake,1.0,0.0,0.0
2025-03-01,POS,item,Cucumber,1.0,0.0,0.0
2025-03-01,POS,item,French Fries,5.0,0.0,0.0
2025-03-01,POS,item,Fresh Lime Juice,1.0,0.0,0.0
2025-03-01,POS,item,Garlic Bread,2.0,0.0,0.0
2025-03-01,POS,item,Mineral Water,8.0,0.0,0.0
2025-03-01,POS,item,Mint Lime Juice,3.0,0.0,0.0
2025-03-01,POS,item,Passion Fruit,1.0,0.0,0.0
2025-03-01,POS,item,Pepsi 250ml Pet,3.0,0.0,0.0
2025-03-01,POS,item,Pepsi@40rs,5.0,0.0,0.0
2025-03-01,POS,item,Pepsi@50rs,6.0,0.0,0.0
2025-03-01,POS,item,Pineapple Juice,4.0,0.0,0.0
2025-03-01,POS,item,Regular Chicken Burger,3.0,0.0,0.0
2025-03-01,POS,item,Veg Burger,2.0,0.0,0.0
2025-03-01,Swiggy,item,Veg Pasta,1.0,0.0,0.0
2025-03-01,POS,item,Watermelon Juice,4.0,0.0,0.0
2025-02-28,POS,item,12 Inch - Large Pizza,4.0,120.0,480.0
2025-02-28,Swiggy,item,12 Inch - Large Pizza,2.0,120.0,240.0
2025-02-28,POS,item,2 Regular Non-veg@389,1.0,80.0,80.0
2025-02-28,POS,item,9 Inch - Medium Pizza,5.0,75.0,375.0
2025-02-28,Swiggy,addon,12 Inch - Large Pizza -Extra Cheese,1.0,60.0,60.0
2025-02-28,POS,item,7 Inch - Regular Pizza,11.0,40.0,440.0
2025-02-28,Swiggy,item,7 Inch - Regular Pizza,3.0,40.0,120.0
2025-02-28,POS,item,Garlic Bread Supreme [veg],1.0,40.0,40.0
2025-02-28,POS,addon,9 Inch - Medium Pizza -Extra Cheese,1.0,38.0,38.0
2025-02-28,POS,item,Gbr Extra Cheese,1.0,10.0,10.0
2025-02-28,POS,item,7up@40rs,1.0,0.0,0.0
2025-02-28,POS,item,Blue Mojito,1.0,0.0,0.0
2025-02-28,POS,item,Burger Combo @ 169,1.0,0.0,0.0
2025-02-28,Swiggy,item,Chicken Nuggets,1.0,0.0,0.0
2025-02-28,POS,item,Chicken Pasta,1.0,0.0,0.0
2025-02-28,POS,item,Chilly Potato Shots,2.0,0.0,0.0
2025-02-28,POS,item,Chocolate Shake,1.0,0.0,0.0
2025-02-28,POS,item,French Fries,4.0,0.0,0.0
2025-02-28,POS,item,Fresh Lime Juice,1.0,0.0,0.0
2025-02-28,POS,item,Garlic Bread,1.0,0.0,0.0
2025-02-28,POS,item,Greek Salad,1.0,0.0,0.0
2025-02-28,POS,item,Loaded Fries,1.0,0.0,0.0
2025-02-28,POS,item,Mdew@40rs,1.0,0.0,0.0
2025-02-28,POS,item,Mineral Water,1.0,0.0,0.0
2025-02-28,POS,item,Passion Fruit,1.0,0.0,0.0
2025-02-28,POS,item,Pepsi 250ml Pet,3.0,0.0,0.0
2025-02-28,POS,item,Pepsi@40rs,2.0,0.0,0.0
2025-02-28,POS,item,Pineapple Juice,1.0,0.0,0.0
2025-02-28,POS,item,Pizza Upgrade,1.0,0.0,0.0
2025-02-28,POS,item,Regular Chicken Burger,2.0,0.0,0.0
2025-02-28,POS,item,Slice 200ml,3.0,0.0,0.0
2025-02-28,POS,item,Soft Drink,1.0,0.0,0.0
2025-02-28,POS,item,Tender Coconut,1.0,0.0,0.0
2025-02-28,Swiggy,item,Veg Pasta,2.0,0.0,0.0
2025-02-28,POS,item,Veg Pasta,1.0,0.0,0.0
2025-02-28,POS,item,Watermelon Juice,1.0,0.0,0.0
2025-02-27,POS,item,2 Medium Veg@649,1.0,150.0,150.0
2025-02-27,POS,item,12 Inch - Large Pizza,3.0,120.0,360.0
2025-02-27,Swiggy,item,12 Inch - Large Pizza,1.0,120.0,120.0
2025-02-27,POS,item,2 Regular Non-veg@389,3.0,80.0,240.0
2025-02-27,POS,item,9 Inch - Medium Pizza,5.0,75.0,375.0
2025-02-27,POS,addon,12 Inch - Large Pizza -Extra Cheese,1.0,60.0,60.0
2025-02-27,POS,item,7 Inch - Regular Pizza,10.0,40.0,400.0
2025-02-27,Swiggy,item,7 Inch - Regular Pizza,6.0,40.0,240.0
2025-02-27,POS,item,Garlic Bread Supreme [veg],1.0,40.0,40.0
2025-02-27,POS,item,Garlic Bread With Cheese,2.0,40.0,80.0
2025-02-27,POS,item,Super Saver Meal Regular,1.0,40.0,40.0
2025-02-27,POS,addon,9 Inch - Medium Pizza -Extra Cheese,1.0,38.0,38.0
2025-02-27,POS,addon,7 Inch - Regular Pizza -Extra Cheese,1.0,20.0,20.0
2025-02-27,Swiggy,addon,7 Inch - Regular Pizza -Extra Cheese,1.0,20.0,20.0
2025-02-27,POS,item,Combo Delight Non-Veg,1.0,20.0,20.0
2025-02-27,POS,item,7up 250ml Pet,2.0,0.0,0.0
2025-02-27,POS,item,7up @50rs,2.0,0.0,0.0
2025-02-27,POS,item,7up@40rs,2.0,0.0,0.0
2025-02-27,POS,item,Blue Mojito,1.0,0.0,0.0
2025-02-27,POS,item,Burger Combo @ 169,1.0,0.0,0.0
2025-02-27,Swiggy,item,Chicken Nuggets,1.0,0.0,0.0
2025-02-27,POS,item,Chicken Pasta,5.0,0.0,0.0
2025-02-27,POS,item,French Fries,1.0,0.0,0.0
2025-02-27,POS,item,Fresh Lime Juice,1.0,0.0,0.0
2025-02-27,POS,item,Green Apple,2.0,0.0,0.0
2025-02-27,POS,item,Loaded Fries,3.0,0.0,0.0
2025-02-27,Swiggy,item,Mango,1.0,0.0,0.0
2025-02-27,POS,item,Mdew 250ml Pet,1.0,0.0,0.0
2025-02-27,POS,item,Mdew@40rs,1.0,0.0,0.0
2025-02-27,POS,item,Mineral Water,2.0,0.0,0.0
2025-02-27,Swiggy,item,Passion Mint,1.0,0.0,0.0
2025-02-27,POS,item,Pepsi 250ml Pet,3.0,0.0,0.0
2025-02-27,POS,item,Pepsi@40rs,2.0,0.0,0.0
2025-02-27,POS,item,Pepsi@50rs,1.0,0.0,0.0
2025-02-27,POS,item,Pineapple Juice,3.0,0.0,0.0
2025-02-27,POS,item,Regular Chicken Burger,2.0,0.0,0.0
2025-02-27,POS,item,Slice 200ml,1.0,0.0,0.0
2025-02-27,POS,item,Special Discount,0.0,0.0,0.0
2025-02-27,POS,item,Spicy Chicken Zinger Burger,2.0,0.0,0.0
2025-02-27,POS,item,Water Melon,1.0,0.0,0.0
2025-02-26,POS,item,12 Inch - Large Pizza,2.0,120.0,240.0
2025-02-26,POS,item,9 Inch - Medium Pizza,6.0,75.0,450.0
2025-02-26,POS,item,7 Inch - Regular Pizza,6.0,40.0,240.0
2025-02-26,Swiggy,item,7 Inch - Regular Pizza,2.0,40.0,80.0
2025-02-26,POS,item,Garlic Bread With Cheese,1.0,40.0,40.0
2025-02-26,POS,item,Super Saver Meal Regular,1.0,40.0,40.0
2025-02-26,POS,item,7up 250ml Pet,2.0,0.0,0.0
2025-02-26,POS,item,7up @50rs,4.0,0.0,0.0
2025-02-26,POS,item,Chicken Pasta,2.0,0.0,0.0
2025-02-26,POS,item,Chikku Shake,1.0,0.0,0.0
2025-02-26,POS,item,Chocolate Shake,2.0,0.0,0.0
2025-02-26,POS,item,French Fries,3.0,0.0,0.0
2025-02-26,POS,item,Fresh Lime Juice,1.0,0.0,0.0
2025-02-26,POS,item,Grapes Juice,1.0,0.0,0.0
2025-02-26,POS,item,Mdew 250ml Pet,1.0,0.0,0.0
2025-02-26,POS,item,Mint Lime Juice,1.0,0.0,0.0
2025-02-26,POS,item,Nutty Vanilla,1.0,0.0,0.0
2025-02-26,POS,item,Pepsi 250ml Pet,2.0,0.0,0.0
2025-02-26,POS,item,Pepsi 330ml Can,1.0,0.0,0.0
2025-02-26,POS,item,Pepsi@40rs,3.0,0.0,0.0
2025-02-26,POS,item,Peri Peri Dip,1.0,0.0,0.0
2025-02-26,POS,item,Regular Chicken Burger,1.0,0.0,0.0
2025-02-25,POS,item,12 Inch - Large Pizza,3.0,120.0,360.0
2025-02-25,POS,item,Non Veg Meal For 4,1.0,120.0,120.0
2025-02-25,POS,item,9 Inch - Medium Pizza,7.0,75.0,525.0
2025-02-25,POS,item,7 Inch - Regular Pizza,8.0,40.0,320.0
2025-02-25,Swiggy,item,7 Inch - Regular Pizza,2.0,40.0,80.0
2025-02-25,POS,item,Garlic Bread With Cheese,2.0,40.0,80.0
2025-02-25,POS,item,7up 250ml Pet,1.0,0.0,0.0
2025-02-25,POS,item,7up @50rs,1.0,0.0,0.0
2025-02-25,POS,item,7up@40rs,2.0,0.0,0.0
2025-02-25,POS,item,Brownie,1.0,0.0,0.0
2025-02-25,POS,item,Cheese N Macaroni Salad,1.0,0.0,0.0
2025-02-25,Swiggy,item,Cheese N Macaroni Salad,1.0,0.0,0.0
2025-02-25,POS,item,Cheesy Fries,1.0,0.0,0.0
2025-02-25,Swiggy,item,Chicken Loaded Fries,1.0,0.0,0.0
2025-02-25,POS,item,Chicken Nuggets,1.0,0.0,0.0
2025-02-25,POS,item,French Fries,1.0,0.0,0.0
2025-02-25,POS,item,Grapes Juice,2.0,0.0,0.0
2025-02-25,POS,item,Loaded Fries,2.0,0.0,0.0
2025-02-25,POS,item,Mdew@40rs,1.0,0.0,0.0
2025-02-25,POS,item,Mineral Water,1.0,0.0,0.0
2025-02-25,POS,item,Pepsi 250ml Pet,1.0,0.0,0.0
2025-02-25,POS,item,Pepsi@50rs,3.0,0.0,0.0
2025-02-25,POS,item,Pineapple Juice,1.0,0.0,0.0
2025-02-25,POS,item,Pizza Upgrade,1.0,0.0,0.0
2025-02-25,POS,item,Regular Chicken Burger,7.0,0.0,0.0
2025-02-25,POS,item,Slice 200ml,2.0,0.0,0.0
2025-02-25,POS,item,Veg Pasta,2.0,0.0,0.0
2025-02-24,POS,item,12 Inch - Large Pizza,2.0,120.0,240.0
2025-02-24,POS,item,2 Regular Non-veg@389,1.0,80.0,80.0
2025-02-24,POS,item,9 Inch - Medium Pizza,4.0,75.0,300.0
2025-02-24,Swiggy,item,9 Inch - Medium Pizza,2.0,75.0,150.0
2025-02-24,POS,item,7 Inch - Regular Pizza,8.0,40.0,320.0
2025-02-24,Swiggy,item,7 Inch - Regular Pizza,3.0,40.0,120.0
2025-02-24,POS,item,Fantastic Fun Meal,1.0,40.0,40.0
2025-02-24,POS,item,Garlic Bread With Cheese,1.0,40.0,40.0
2025-02-24,POS,item,Combo Delight Non-Veg,1.0,20.0,20.0
2025-02-24,POS,item,Gbr Extra Cheese,1.0,10.0,10.0
2025-02-24,POS,item,7up@40rs,4.0,0.0,0.0
2025-02-24,POS,item,Brownie With Ice Cream,1.0,0.0,0.0
2025-02-24,POS,item,Burger Combo @ 179,1.0,0.0,0.0
2025-02-24,Swiggy,item,Cheesy Fries,2.0,0.0,0.0
2025-02-24,Swiggy,item,Chicken Nuggets,1.0,0.0,0.0
2025-02-24,POS,item,Chicken Pasta,3.0,0.0,0.0
2025-02-24,Swiggy,item,Chicken Pasta,1.0,0.0,0.0
2025-02-24,POS,item,Chikku Shake,2.0,0.0,0.0
2025-02-24,POS,item,Chocolate Shake,2.0,0.0,0.0
2025-02-24,POS,item,French Fries,3.0,0.0,0.0
2025-02-24,Swiggy,item,French Fries,1.0,0.0,0.0
2025-02-24,Swiggy,item,Fresh Garden Mint,2.0,0.0,0.0
2025-02-24,POS,item,Grapes Juice,1.0,0.0,0.0
2025-02-24,Swiggy,item,Macaroni N Chicken Salad,1.0,0.0,0.0
2025-02-24,POS,item,Mineral Water,2.0,0.0,0.0
2025-02-24,POS,item,Pepsi 250ml Pet,3.0,0.0,0.0
2025-02-24,POS,item,Pepsi 330ml Can,1.0,0.0,0.0
2025-02-24,POS,item,Pepsi@40rs,2.0,0.0,0.0
2025-02-24,POS,item,Pepsi@50rs,2.0,0.0,0.0
2025-02-24,POS,item,Potato Wedges,1.0,0.0,0.0
2025-02-24,Swiggy,item,Potato Wedges,1.0,0.0,0.0
2025-02-24,Swiggy,item,Roasted Chicken Salad,1.0,0.0,0.0
2025-02-24,POS,item,Soda,2.0,0.0,0.0
2025-02-24,POS,item,Spicy Chicken Zinger Burger,2.0,0.0,0.0
2025-02-24,POS,item,Veg Pasta,1.0,0.0,0.0
2025-02-24,POS,item,Watermelon Juice,2.0,0.0,0.0
2025-02-23,POS,item,2 Medium Non-veg@699,1.0,150.0,150.0
2025-02-23,POS,item,12 Inch - Large Pizza,4.0,120.0,480.0
2025-02-23,POS,item,2 Regular Non-veg@389,2.0,80.0,160.0
2025-02-23,POS,item,9 Inch - Medium Pizza,6.0,75.0,450.0
2025-02-23,POS,item,Super Saver Meal Medium,1.0,75.0,75.0
2025-02-23,POS,item,7 Inch - Regular Pizza,18.0,40.0,720.0
2025-02-23,Swiggy,item,7 Inch - Regular Pizza,6.0,40.0,240.0
2025-02-23,POS,item,Delicious Combo Delight,1.0,40.0,40.0
2025-02-23,POS,item,7up 250ml Pet,2.0,0.0,0.0
2025-02-23,POS,item,7up@40rs,1.0,0.0,0.0
2025-02-23,POS,item,Blue Mojito,2.0,0.0,0.0
2025-02-23,POS,item,Brownie With Ice Cream,1.0,0.0,0.0
2025-02-23,Swiggy,item,Brownie With Ice Cream,1.0,0.0,0.0
2025-02-23,POS,item,Burger Combo @ 179,2.0,0.0,0.0
2025-02-23,POS,item,Cheese N Macaroni Salad,1.0,0.0,0.0
2025-02-23,POS,item,Chicken Nuggets,1.0,0.0,0.0
2025-02-23,POS,item,Chicken Pasta,4.0,0.0,0.0
2025-02-23,POS,item,Fish Finger,1.0,0.0,0.0
2025-02-23,POS,item,French Fries,3.0,0.0,0.0
2025-02-23,POS,item,Fresh Lime Juice,2.0,0.0,0.0
2025-02-23,POS,item,Garlic Bread,2.0,0.0,0.0
2025-02-23,POS,item,Loaded Fries,1.0,0.0,0.0
2025-02-23,Swiggy,item,Macaroni N Chicken Salad,1.0,0.0,0.0
2025-02-23,POS,item,Mdew@40rs,1.0,0.0,0.0
2025-02-23,POS,item,Mint Lime Juice,3.0,0.0,0.0
2025-02-23,POS,item,Mixed Chicken Salad,2.0,0.0,0.0
2025-02-23,POS,item,Pepsi 250ml Pet,1.0,0.0,0.0
2025-02-23,POS,item,Pepsi@50rs,1.0,0.0,0.0
2025-02-23,POS,item,Pineapple Juice,2.0,0.0,0.0
2025-02-23,POS,item,Potato Wedges,2.0,0.0,0.0
2025-02-23,POS,item,Regular Chicken Burger,13.0,0.0,0.0
2025-02-23,POS,item,Slice 200ml,1.0,0.0,0.0
2025-02-23,POS,item,Slice@40rs,1.0,0.0,0.0
2025-02-23,POS,item,Veg Pasta,1.0,0.0,0.0
2025-02-23,POS,item,Watermelon Juice,2.0,0.0,0.0
2025-02-23,POS,item,2 Medium Non-veg@699,1.0,150.0,150.0
2025-02-23,POS,item,12 Inch - Large Pizza,4.0,120.0,480.0
2025-02-23,POS,item,2 Regular Non-veg@389,2.0,80.0,160.0
2025-02-23,POS,item,9 Inch - Medium Pizza,6.0,75.0,450.0
2025-02-23,POS,item,Super Saver Meal Medium,1.0,75.0,75.0
2025-02-23,POS,item,7 Inch - Regular Pizza,18.0,40.0,720.0
2025-02-23,Swiggy,item,7 Inch - Regular Pizza,6.0,40.0,240.0
2025-02-23,POS,item,Delicious Combo Delight,1.0,40.0,40.0
2025-02-23,POS,item,7up 250ml Pet,2.0,0.0,0.0
2025-02-23,POS,item,7up@40rs,1.0,0.0,0.0
2025-02-23,POS,item,Blue Mojito,2.0,0.0,0.0
2025-02-23,POS,item,Brownie With Ice Cream,1.0,0.0,0.0
2025-02-23,Swiggy,item,Brownie With Ice Cream,1.0,0.0,0.0
2025-02-23,POS,item,Burger Combo @ 179,2.0,0.0,0.0
2025-02-23,POS,item,Cheese N Macaroni Salad,1.0,0.0,0.0
2025-02-23,POS,item,Chicken Nuggets,1.0,0.0,0.0
2025-02-23,POS,item,Chicken Pasta,4.0,0.0,0.0
2025-02-23,POS,item,Fish Finger,1.0,0.0,0.0
2025-02-23,POS,item,French Fries,3.0,0.0,0.0
2025-02-23,POS,item,Fresh Lime Juice,2.0,0.0,0.0
2025-02-23,POS,item,Garlic Bread,2.0,0.0,0.0
2025-02-23,POS,item,Loaded Fries,1.0,0.0,0.0
2025-02-23,Swiggy,item,Macaroni N Chicken Salad,1.0,0.0,0.0
2025-02-23,POS,item,Mdew@40rs,1.0,0.0,0.0
2025-02-23,POS,item,Mint Lime Juice,3.0,0.0,0.0
2025-02-23,POS,item,Mixed Chicken Salad,2.0,0.0,0.0
2025-02-23,POS,item,Pepsi 250ml Pet,1.0,0.0,0.0
2025-02-23,POS,item,Pepsi@50rs,1.0,0.0,0.0
2025-02-23,POS,item,Pineapple Juice,2.0,0.0,0.0
2025-02-23,POS,item,Potato Wedges,2.0,0.0,0.0
2025-02-23,POS,item,Regular Chicken Burger,13.0,0.0,0.0
2025-02-23,POS,item,Slice 200ml,1.0,0.0,0.0
2025-02-23,POS,item,Slice@40rs,1.0,0.0,0.0
2025-02-23,POS,item,Veg Pasta,1.0,0.0,0.0
2025-02-23,POS,item,Watermelon Juice,2.0,0.0,0.0
2025-02-23,POS,item,2 Medium Non-veg@699,1.0,150.0,150.0
2025-02-23,POS,item,12 Inch - Large Pizza,4.0,120.0,480.0
2025-02-23,POS,item,2 Regular Non-veg@389,2.0,80.0,160.0
2025-02-23,POS,item,9 Inch - Medium Pizza,6.0,75.0,450.0
2025-02-23,POS,item,Super Saver Meal Medium,1.0,75.0,75.0
2025-02-23,POS,item,7 Inch - Regular Pizza,18.0,40.0,720.0
2025-02-23,Swiggy,item,7 Inch - Regular Pizza,6.0,40.0,240.0
2025-02-23,POS,item,Delicious Combo Delight,1.0,40.0,40.0
2025-02-23,POS,item,7up 250ml Pet,2.0,0.0,0.0
2025-02-23,POS,item,7up@40rs,1.0,0.0,0.0
2025-02-23,POS,item,Blue Mojito,2.0,0.0,0.0
2025-02-23,POS,item,Brownie With Ice Cream,1.0,0.0,0.0
2025-02-23,Swiggy,item,Brownie With Ice Cream,1.0,0.0,0.0
2025-02-23,POS,item,Burger Combo @ 179,2.0,0.0,0.0
2025-02-23,POS,item,Cheese N Macaroni Salad,1.0,0.0,0.0
2025-02-23,POS,item,Chicken Nuggets,1.0,0.0,0.0
2025-02-23,POS,item,Chicken Pasta,4.0,0.0,0.0
2025-02-23,POS,item,Fish Finger,1.0,0.0,0.0
2025-02-23,POS,item,French Fries,3.0,0.0,0.0
2025-02-23,POS,item,Fresh Lime Juice,2.0,0.0,0.0
2025-02-23,POS,item,Garlic Bread,2.0,0.0,0.0
2025-02-23,POS,item,Loaded Fries,1.0,0.0,0.0
2025-02-23,Swiggy,item,Macaroni N Chicken Salad,1.0,0.0,0.0
2025-02-23,POS,item,Mdew@40rs,1.0,0.0,0.0
2025-02-23,POS,item,Mint Lime Juice,3.0,0.0,0.0
2025-02-23,POS,item,Mixed Chicken Salad,2.0,0.0,0.0
2025-02-23,POS,item,Pepsi 250ml Pet,1.0,0.0,0.0
2025-02-23,POS,item,Pepsi@50rs,1.0,0.0,0.0
2025-02-23,POS,item,Pineapple Juice,2.0,0.0,0.0
2025-02-23,POS,item,Potato Wedges,2.0,0.0,0.0
2025-02-23,POS,item,Regular Chicken Burger,13.0,0.0,0.0
2025-02-23,POS,item,Slice 200ml,1.0,0.0,0.0
2025-02-23,POS,item,Slice@40rs,1.0,0.0,0.0
2025-02-23,POS,item,Veg Pasta,1.0,0.0,0.0
2025-02-23,POS,item,Watermelon Juice,2.0,0.0,0.0
2025-02-22,POS,item,2 Medium Non-veg@699,1.0,150.0,150.0
2025-02-22,POS,item,2 Medium Veg@649,1.0,150.0,150.0
2025-02-22,POS,item,12 Inch - Large Pizza,4.0,120.0,480.0
2025-02-22,POS,item,Non Veg Meal For 4,1.0,120.0,120.0
2025-02-22,POS,item,2 Regular Non-veg@389,1.0,80.0,80.0
2025-02-22,POS,item,9 Inch - Medium Pizza,13.0,75.0,975.0
2025-02-22,POS,item,Non Veg Meal For 2,1.0,75.0,75.0
2025-02-22,POS,item,7 Inch - Regular Pizza,15.0,40.0,600.0
2025-02-22,Swiggy,item,7 Inch - Regular Pizza,1.0,40.0,40.0
2025-02-22,POS,item,Garlic Bread Supreme[non-veg],3.0,40.0,120.0
2025-02-22,POS,item,Garlic Bread With Cheese,2.0,40.0,80.0
2025-02-22,POS,item,Combo Delight Non-Veg,3.0,20.0,60.0
2025-02-22,POS,item,7up@40rs,1.0,0.0,0.0
2025-02-22,POS,item,Blue Curacao,1.0,0.0,0.0
2025-02-22,POS,item,Blue Mojito,1.0,0.0,0.0
2025-02-22,POS,item,Brownie,2.0,0.0,0.0
2025-02-22,POS,item,Burger Combo @ 179,3.0,0.0,0.0
2025-02-22,POS,item,Cheesy Fries,1.0,0.0,0.0
2025-02-22,POS,item,Chicken Pasta,7.0,0.0,0.0
2025-02-22,POS,item,Chicken Popcorn,2.0,0.0,0.0
2025-02-22,POS,item,Chocolate Shake,2.0,0.0,0.0
2025-02-22,POS,item,Coleslaw Salad,1.0,0.0,0.0
2025-02-22,POS,item,French Fries,7.0,0.0,0.0
2025-02-22,POS,item,Fresh Lime Juice,5.0,0.0,0.0
2025-02-22,POS,item,Green Apple,3.0,0.0,0.0
2025-02-22,POS,item,Loaded Fries,2.0,0.0,0.0
2025-02-22,POS,item,Macaroni N Chicken Salad,1.0,0.0,0.0
2025-02-22,POS,item,Mdew 330ml Can,1.0,0.0,0.0
2025-02-22,POS,item,Mdew@40rs,1.0,0.0,0.0
2025-02-22,POS,item,Mineral Water,1.0,0.0,0.0
2025-02-22,POS,item,Mint Lime Juice,2.0,0.0,0.0
2025-02-22,POS,item,Pepsi 250ml Pet,7.0,0.0,0.0
2025-02-22,POS,item,Pepsi@40rs,3.0,0.0,0.0
2025-02-22,POS,item,Pepsi@50rs,1.0,0.0,0.0
2025-02-22,POS,item,Pizza Upgrade,1.0,0.0,0.0
2025-02-22,POS,item,Regular Chicken Burger,6.0,0.0,0.0
2025-02-22,POS,item,Soft Drink,1.0,0.0,0.0
2025-02-22,POS,item,Strawberry,2.0,0.0,0.0
2025-02-22,POS,item,Veg Pasta,1.0,0.0,0.0
2025-02-22,Swiggy,item,Veg Pasta,1.0,0.0,0.0
2025-02-22,POS,item,Water Melon,2.0,0.0,0.0
2025-02-22,POS,item,2 Medium Non-veg@699,1.0,150.0,150.0
2025-02-22,POS,item,2 Medium Veg@649,1.0,150.0,150.0
2025-02-22,POS,item,12 Inch - Large Pizza,4.0,120.0,480.0
2025-02-22,POS,item,Non Veg Meal For 4,1.0,120.0,120.0
2025-02-22,POS,item,2 Regular Non-veg@389,1.0,80.0,80.0
2025-02-22,POS,item,9 Inch - Medium Pizza,13.0,75.0,975.0
2025-02-22,POS,item,Non Veg Meal For 2,1.0,75.0,75.0
2025-02-22,POS,item,7 Inch - Regular Pizza,15.0,40.0,600.0
2025-02-22,Swiggy,item,7 Inch - Regular Pizza,1.0,40.0,40.0
2025-02-22,POS,item,Garlic Bread Supreme[non-veg],3.0,40.0,120.0
2025-02-22,POS,item,Garlic Bread With Cheese,2.0,40.0,80.0
2025-02-22,POS,item,Combo Delight Non-Veg,3.0,20.0,60.0
2025-02-22,POS,item,7up@40rs,1.0,0.0,0.0
2025-02-22,POS,item,Blue Curacao,1.0,0.0,0.0
2025-02-22,POS,item,Blue Mojito,1.0,0.0,0.0
2025-02-22,POS,item,Brownie,2.0,0.0,0.0
2025-02-22,POS,item,Burger Combo @ 179,3.0,0.0,0.0
2025-02-22,POS,item,Cheesy Fries,1.0,0.0,0.0
2025-02-22,POS,item,Chicken Pasta,7.0,0.0,0.0
2025-02-22,POS,item,Chicken Popcorn,2.0,0.0,0.0
2025-02-22,POS,item,Chocolate Shake,2.0,0.0,0.0
2025-02-22,POS,item,Coleslaw Salad,1.0,0.0,0.0
2025-02-22,POS,item,French Fries,7.0,0.0,0.0
2025-02-22,POS,item,Fresh Lime Juice,5.0,0.0,0.0
2025-02-22,POS,item,Green Apple,3.0,0.0,0.0
2025-02-22,POS,item,Loaded Fries,2.0,0.0,0.0
2025-02-22,POS,item,Macaroni N Chicken Salad,1.0,0.0,0.0
2025-02-22,POS,item,Mdew 330ml Can,1.0,0.0,0.0
2025-02-22,POS,item,Mdew@40rs,1.0,0.0,0.0
2025-02-22,POS,item,Mineral Water,1.0,0.0,0.0
2025-02-22,POS,item,Mint Lime Juice,2.0,0.0,0.0
2025-02-22,POS,item,Pepsi 250ml Pet,7.0,0.0,0.0
2025-02-22,POS,item,Pepsi@40rs,3.0,0.0,0.0
2025-02-22,POS,item,Pepsi@50rs,1.0,0.0,0.0
2025-02-22,POS,item,Pizza Upgrade,1.0,0.0,0.0
2025-02-22,POS,item,Regular Chicken Burger,6.0,0.0,0.0
2025-02-22,POS,item,Soft Drink,1.0,0.0,0.0
2025-02-22,POS,item,Strawberry,2.0,0.0,0.0
2025-02-22,POS,item,Veg Pasta,1.0,0.0,0.0
2025-02-22,Swiggy,item,Veg Pasta,1.0,0.0,0.0
2025-02-22,POS,item,Water Melon,2.0,0.0,0.0
2025-02-21,POS,item,Veg Meal For 6,1.0,195.0,195.0
2025-02-21,POS,item,2 Medium Non-veg@699,1.0,150.0,150.0
2025-02-21,POS,item,12 Inch - Large Pizza,4.0,120.0,480.0
2025-02-21,POS,item,2 Regular Non-veg@389,1.0,80.0,80.0
2025-02-21,POS,item,9 Inch - Medium Pizza,5.0,75.0,375.0
2025-02-21,POS,item,Non Veg Meal For 2,1.0,75.0,75.0
2025-02-21,POS,item,Super Saver Meal Medium,2.0,75.0,150.0
2025-02-21,POS,item,7 Inch - Regular Pizza,3.0,40.0,120.0
2025-02-21,POS,item,Garlic Bread With Cheese,1.0,40.0,40.0
2025-02-21,POS,item,Super Saver Meal Regular,2.0,40.0,80.0
2025-02-21,POS,addon,9 Inch - Medium Pizza -Extra Cheese,1.0,38.0,38.0
2025-02-21,POS,item,Combo Delight Non-Veg,1.0,20.0,20.0
2025-02-21,POS,item,7up 250ml Pet,1.0,0.0,0.0
2025-02-21,POS,item,7up @50rs,3.0,0.0,0.0
2025-02-21,POS,item,Brownie,1.0,0.0,0.0
2025-02-21,POS,item,Brownie With Ice Cream,1.0,0.0,0.0
2025-02-21,POS,item,Burger Combo @ 169,1.0,0.0,0.0
2025-02-21,POS,item,Chicken Nuggets,1.0,0.0,0.0
2025-02-21,POS,item,Chicken Pasta,4.0,0.0,0.0
2025-02-21,POS,item,French Fries,2.0,0.0,0.0
2025-02-21,POS,item,Fresh Lime Juice,2.0,0.0,0.0
2025-02-21,POS,item,Mdew 330ml Can,1.0,0.0,0.0
2025-02-21,POS,item,Mdew@40rs,1.0,0.0,0.0
2025-02-21,POS,item,Mineral Water,2.0,0.0,0.0
2025-02-21,POS,item,Mixed Chicken Salad,1.0,0.0,0.0
2025-02-21,POS,item,Pepsi 250ml Pet,1.0,0.0,0.0
2025-02-21,POS,item,Pepsi@40rs,1.0,0.0,0.0
2025-02-21,POS,item,Pineapple Juice,1.0,0.0,0.0
2025-02-21,POS,item,Regular Chicken Burger,3.0,0.0,0.0
2025-02-21,POS,item,Slice@40rs,1.0,0.0,0.0
2025-02-21,POS,item,Special Discount,0.0,0.0,0.0
2025-02-21,POS,item,Tender Coconut,1.0,0.0,0.0
2025-02-21,POS,item,Veg Pasta,1.0,0.0,0.0
2025-02-20,POS,item,2 Regular Veg@329,1.0,80.0,80.0
2025-02-20,POS,item,9 Inch - Medium Pizza,2.0,75.0,150.0
2025-02-20,Swiggy,item,7 Inch - Regular Pizza,4.0,40.0,160.0
2025-02-20,POS,item,7 Inch - Regular Pizza,2.0,40.0,80.0
2025-02-20,POS,item,Super Saver Meal Regular,1.0,40.0,40.0
2025-02-20,Swiggy,addon,7 Inch - Regular Pizza -Extra Cheese,1.0,20.0,20.0
2025-02-20,POS,item,7up@40rs,1.0,0.0,0.0
2025-02-20,POS,item,Blue Mojito,1.0,0.0,0.0
2025-02-20,POS,item,Burger Combo @ 179,1.0,0.0,0.0
2025-02-20,POS,item,Cheese N Macaroni Salad,1.0,0.0,0.0
2025-02-20,POS,item,Chicken Pasta,2.0,0.0,0.0
2025-02-20,POS,item,French Fries,1.0,0.0,0.0
2025-02-20,Swiggy,item,French Fries,1.0,0.0,0.0
2025-02-20,Swiggy,item,Fresh Garden Mint,1.0,0.0,0.0
2025-02-20,POS,item,Fresh Lime Juice,1.0,0.0,0.0
2025-02-20,POS,item,Grapes Juice,2.0,0.0,0.0
2025-02-20,POS,item,Green Apple,1.0,0.0,0.0
2025-02-20,Swiggy,item,Green Apple,1.0,0.0,0.0
2025-02-20,POS,item,Mdew 250ml Pet,1.0,0.0,0.0
2025-02-20,POS,item,Mixed Chicken Salad,1.0,0.0,0.0
2025-02-20,POS,item,Soft Drink,1.0,0.0,0.0
2025-02-20,POS,item,Veg Burger,1.0,0.0,0.0
2025-02-20,Swiggy,item,Veg Pasta,1.0,0.0,0.0
2025-02-19,POS,item,Non Veg Meal For 6,1.0,195.0,195.0
2025-02-19,POS,item,12 Inch - Large Pizza,2.0,120.0,240.0
2025-02-19,POS,item,2 Regular Non-veg@389,2.0,80.0,160.0
2025-02-19,POS,item,9 Inch - Medium Pizza,7.0,75.0,525.0
2025-02-19,Swiggy,item,9 Inch - Medium Pizza,1.0,75.0,75.0
2025-02-19,POS,item,7 Inch - Regular Pizza,10.0,40.0,400.0
2025-02-19,Swiggy,item,7 Inch - Regular Pizza,1.0,40.0,40.0
2025-02-19,POS,item,Non Veg Meal For 1,1.0,40.0,40.0
2025-02-19,POS,item,Super Saver Meal Regular,1.0,40.0,40.0
2025-02-19,POS,addon,7 Inch - Regular Pizza -Extra Cheese,1.0,20.0,20.0
2025-02-19,POS,item,Combo Delight Non-Veg,1.0,20.0,20.0
2025-02-19,POS,item,Blue Mojito,2.0,0.0,0.0
2025-02-19,Swiggy,item,Brownie,1.0,0.0,0.0
2025-02-19,POS,item,Burger Combo @ 169,1.0,0.0,0.0
2025-02-19,POS,item,Cheesy Fries,3.0,0.0,0.0
2025-02-19,Swiggy,item,Cheesy Fries,1.0,0.0,0.0
2025-02-19,POS,item,Chicken Pasta,4.0,0.0,0.0
2025-02-19,POS,item,French Fries,2.0,0.0,0.0
2025-02-19,POS,item,Fresh Lime Juice,2.0,0.0,0.0
2025-02-19,POS,item,Garlic Bread,1.0,0.0,0.0
2025-02-19,POS,item,Green Apple,1.0,0.0,0.0
2025-02-19,POS,item,Loaded Fries,9.0,0.0,0.0
2025-02-19,POS,item,Mineral Water,3.0,0.0,0.0
2025-02-19,POS,item,Mint Lime Juice,4.0,0.0,0.0
2025-02-19,POS,item,Passion Fruit,1.0,0.0,0.0
2025-02-19,POS,item,Pepsi 250ml Pet,7.0,0.0,0.0
2025-02-19,POS,item,Regular Chicken Burger,1.0,0.0,0.0
2025-02-19,POS,item,Soda,1.0,0.0,0.0
2025-02-19,POS,item,Soft Drink,2.0,0.0,0.0
2025-02-19,POS,item,Strawberry,1.0,0.0,0.0
2025-02-19,Swiggy,item,Veg Pasta,2.0,0.0,0.0
2025-02-19,POS,item,Veg Pasta,1.0,0.0,0.0
2025-02-19,POS,item,Non Veg Meal For 6,1.0,195.0,195.0
2025-02-19,POS,item,12 Inch - Large Pizza,2.0,120.0,240.0
2025-02-19,POS,item,2 Regular Non-veg@389,2.0,80.0,160.0
2025-02-19,POS,item,9 Inch - Medium Pizza,7.0,75.0,525.0
2025-02-19,Swiggy,item,9 Inch - Medium Pizza,1.0,75.0,75.0
2025-02-19,POS,item,7 Inch - Regular Pizza,10.0,40.0,400.0
2025-02-19,Swiggy,item,7 Inch - Regular Pizza,1.0,40.0,40.0
2025-02-19,POS,item,Non Veg Meal For 1,1.0,40.0,40.0
2025-02-19,POS,item,Super Saver Meal Regular,1.0,40.0,40.0
2025-02-19,POS,addon,7 Inch - Regular Pizza -Extra Cheese,1.0,20.0,20.0
2025-02-19,POS,item,Combo Delight Non-Veg,1.0,20.0,20.0
2025-02-19,POS,item,Blue Mojito,2.0,0.0,0.0
2025-02-19,Swiggy,item,Brownie,1.0,0.0,0.0
2025-02-19,POS,item,Burger Combo @ 169,1.0,0.0,0.0
2025-02-19,POS,item,Cheesy Fries,3.0,0.0,0.0
2025-02-19,Swiggy,item,Cheesy Fries,1.0,0.0,0.0
2025-02-19,POS,item,Chicken Pasta,4.0,0.0,0.0
2025-02-19,POS,item,French Fries,2.0,0.0,0.0
2025-02-19,POS,item,Fresh Lime Juice,2.0,0.0,0.0
2025-02-19,POS,item,Garlic Bread,1.0,0.0,0.0
2025-02-19,POS,item,Green Apple,1.0,0.0,0.0
2025-02-19,POS,item,Loaded Fries,9.0,0.0,0.0
2025-02-19,POS,item,Mineral Water,3.0,0.0,0.0
2025-02-19,POS,item,Mint Lime Juice,4.0,0.0,0.0
2025-02-19,POS,item,Passion Fruit,1.0,0.0,0.0
2025-02-19,POS,item,Pepsi 250ml Pet,7.0,0.0,0.0
2025-02-19,POS,item,Regular Chicken Burger,1.0,0.0,0.0
2025-02-19,POS,item,Soda,1.0,0.0,0.0
2025-02-19,POS,item,Soft Drink,2.0,0.0,0.0
2025-02-19,POS,item,Strawberry,1.0,0.0,0.0
2025-02-19,Swiggy,item,Veg Pasta,2.0,0.0,0.0
2025-02-19,POS,item,Veg Pasta,1.0,0.0,0.0
2025-02-19,POS,item,Non Veg Meal For 6,1.0,195.0,195.0
2025-02-19,POS,item,12 Inch - Large Pizza,2.0,120.0,240.0
2025-02-19,POS,item,2 Regular Non-veg@389,2.0,80.0,160.0
2025-02-19,POS,item,9 Inch - Medium Pizza,7.0,75.0,525.0
2025-02-19,Swiggy,item,9 Inch - Medium Pizza,1.0,75.0,75.0
2025-02-19,POS,item,7 Inch - Regular Pizza,10.0,40.0,400.0
2025-02-19,Swiggy,item,7 Inch - Regular Pizza,1.0,40.0,40.0
2025-02-19,POS,item,Non Veg Meal For 1,1.0,40.0,40.0
2025-02-19,POS,item,Super Saver Meal Regular,1.0,40.0,40.0
2025-02-19,POS,addon,7 Inch - Regular Pizza -Extra Cheese,1.0,20.0,20.0
2025-02-19,POS,item,Combo Delight Non-Veg,1.0,20.0,20.0
2025-02-19,POS,item,Blue Mojito,2.0,0.0,0.0
2025-02-19,Swiggy,item,Brownie,1.0,0.0,0.0
2025-02-19,POS,item,Burger Combo @ 169,1.0,0.0,0.0
2025-02-19,POS,item,Cheesy Fries,3.0,0.0,0.0
2025-02-19,Swiggy,item,Cheesy Fries,1.0,0.0,0.0
2025-02-19,POS,item,Chicken Pasta,4.0,0.0,0.0
2025-02-19,POS,item,French Fries,2.0,0.0,0.0
2025-02-19,POS,item,Fresh Lime Juice,2.0,0.0,0.0
2025-02-19,POS,item,Garlic Bread,1.0,0.0,0.0
2025-02-19,POS,item,Green Apple,1.0,0.0,0.0
2025-02-19,POS,item,Loaded Fries,9.0,0.0,0.0
2025-02-19,POS,item,Mineral Water,3.0,0.0,0.0
2025-02-19,POS,item,Mint Lime Juice,4.0,0.0,0.0
2025-02-19,POS,item,Passion Fruit,1.0,0.0,0.0
2025-02-19,POS,item,Pepsi 250ml Pet,7.0,0.0,0.0
2025-02-19,POS,item,Regular Chicken Burger,1.0,0.0,0.0
2025-02-19,POS,item,Soda,1.0,0.0,0.0
2025-02-19,POS,item,Soft Drink,2.0,0.0,0.0
2025-02-19,POS,item,Strawberry,1.0,0.0,0.0
2025-02-19,Swiggy,item,Veg Pasta,2.0,0.0,0.0
2025-02-19,POS,item,Veg Pasta,1.0,0.0,0.0
2025-02-18,POS,item,12 Inch - Large Pizza,3.0,120.0,360.0
2025-02-18,Swiggy,item,12 Inch - Large Pizza,1.0,120.0,120.0
2025-02-18,POS,item,2 Regular Non-veg@389,2.0,80.0,160.0
2025-02-18,POS,item,9 Inch - Medium Pizza,1.0,75.0,75.0
2025-02-18,Swiggy,item,9 Inch - Medium Pizza,1.0,75.0,75.0
2025-02-18,POS,item,7 Inch - Regular Pizza,11.0,40.0,440.0
2025-02-18,Swiggy,item,7 Inch - Regular Pizza,2.0,40.0,80.0
2025-02-18,Swiggy,item,Garlic Bread With Cheese,1.0,40.0,40.0
2025-02-18,POS,item,Super Saver Meal Regular,3.0,40.0,120.0
2025-02-18,POS,item,7up @50rs,2.0,0.0,0.0
2025-02-18,POS,item,7up@40rs,2.0,0.0,0.0
2025-02-18,POS,item,Brownie,1.0,0.0,0.0
2025-02-18,POS,item,Bubble Gum,1.0,0.0,0.0
2025-02-18,POS,item,Burger Combo @ 179,1.0,0.0,0.0
2025-02-18,POS,item,Cheesy Fries,4.0,0.0,0.0
2025-02-18,POS,item,Chicken Pasta,1.0,0.0,0.0
2025-02-18,POS,item,Chikku Shake,2.0,0.0,0.0
2025-02-18,POS,item,Chocolate Shake,3.0,0.0,0.0
2025-02-18,POS,item,French Fries,4.0,0.0,0.0
2025-02-18,Swiggy,item,French Fries,1.0,0.0,0.0
2025-02-18,Swiggy,item,Fresh Garden Mint,2.0,0.0,0.0
2025-02-18,POS,item,Loaded Fries,5.0,0.0,0.0
2025-02-18,POS,item,Macaroni N Chicken Salad,1.0,0.0,0.0
2025-02-18,POS,item,Mineral Water,1.0,0.0,0.0
2025-02-18,POS,item,Passion Fruit,1.0,0.0,0.0
2025-02-18,POS,item,Pepsi 250ml Pet,1.0,0.0,0.0
2025-02-18,POS,item,Pepsi@40rs,1.0,0.0,0.0
2025-02-18,POS,item,Soda,2.0,0.0,0.0
2025-02-18,POS,item,Tender Coconut,1.0,0.0,0.0
2025-02-18,POS,item,12 Inch - Large Pizza,3.0,120.0,360.0
2025-02-18,Swiggy,item,12 Inch - Large Pizza,1.0,120.0,120.0
2025-02-18,POS,item,2 Regular Non-veg@389,2.0,80.0,160.0
2025-02-18,POS,item,9 Inch - Medium Pizza,1.0,75.0,75.0
2025-02-18,Swiggy,item,9 Inch - Medium Pizza,1.0,75.0,75.0
2025-02-18,POS,item,7 Inch - Regular Pizza,11.0,40.0,440.0
2025-02-18,Swiggy,item,7 Inch - Regular Pizza,2.0,40.0,80.0
2025-02-18,Swiggy,item,Garlic Bread With Cheese,1.0,40.0,40.0
2025-02-18,POS,item,Super Saver Meal Regular,3.0,40.0,120.0
2025-02-18,POS,item,7up @50rs,2.0,0.0,0.0
2025-02-18,POS,item,7up@40rs,2.0,0.0,0.0
2025-02-18,POS,item,Brownie,1.0,0.0,0.0
2025-02-18,POS,item,Bubble Gum,1.0,0.0,0.0
2025-02-18,POS,item,Burger Combo @ 179,1.0,0.0,0.0
2025-02-18,POS,item,Cheesy Fries,4.0,0.0,0.0
2025-02-18,POS,item,Chicken Pasta,1.0,0.0,0.0
2025-02-18,POS,item,Chikku Shake,2.0,0.0,0.0
2025-02-18,POS,item,Chocolate Shake,3.0,0.0,0.0
2025-02-18,POS,item,French Fries,4.0,0.0,0.0
2025-02-18,Swiggy,item,French Fries,1.0,0.0,0.0
2025-02-18,Swiggy,item,Fresh Garden Mint,2.0,0.0,0.0
2025-02-18,POS,item,Loaded Fries,5.0,0.0,0.0
2025-02-18,POS,item,Macaroni N Chicken Salad,1.0,0.0,0.0
2025-02-18,POS,item,Mineral Water,1.0,0.0,0.0
2025-02-18,POS,item,Passion Fruit,1.0,0.0,0.0
2025-02-18,POS,item,Pepsi 250ml Pet,1.0,0.0,0.0
2025-02-18,POS,item,Pepsi@40rs,1.0,0.0,0.0
2025-02-18,POS,item,Soda,2.0,0.0,0.0
2025-02-18,POS,item,Tender Coconut,1.0,0.0,0.0
2025-02-17,POS,item,12 Inch - Large Pizza,4.0,120.0,480.0
2025-02-17,POS,item,2 Regular Non-veg@389,2.0,80.0,160.0
2025-02-17,POS,item,2 Regular Veg@329,1.0,80.0,80.0
2025-02-17,POS,item,9 Inch - Medium Pizza,5.0,75.0,375.0
2025-02-17,Swiggy,item,9 Inch - Medium Pizza,1.0,75.0,75.0
2025-02-17,POS,item,Super Saver Meal Medium,1.0,75.0,75.0
2025-02-17,POS,item,7 Inch - Regular Pizza,11.0,40.0,440.0
2025-02-17,Swiggy,item,7 Inch - Regular Pizza,2.0,40.0,80.0
2025-02-17,POS,item,Delicious Combo Delight,1.0,40.0,40.0
2025-02-17,POS,item,Garlic Bread With Cheese,2.0,40.0,80.0
2025-02-17,POS,addon,7 Inch - Regular Pizza -Extra Cheese,1.0,20.0,20.0
2025-02-17,POS,item,Combo Delight Non-Veg,2.0,20.0,40.0
2025-02-17,POS,item,7up @50rs,1.0,0.0,0.0
2025-02-17,POS,item,7up@40rs,1.0,0.0,0.0
2025-02-17,POS,item,Bubble Gum,1.0,0.0,0.0
2025-02-17,POS,item,Burger Combo @ 169,1.0,0.0,0.0
2025-02-17,POS,item,Chicken Pasta,2.0,0.0,0.0
2025-02-17,POS,item,Chikku Shake,1.0,0.0,0.0
2025-02-17,POS,item,French Fries,4.0,0.0,0.0
2025-02-17,POS,item,Fresh Lime Juice,1.0,0.0,0.0
2025-02-17,POS,item,Loaded Fries,1.0,0.0,0.0
2025-02-17,POS,item,Mdew@40rs,2.0,0.0,0.0
2025-02-17,POS,item,Mint Lime Juice,1.0,0.0,0.0
2025-02-17,POS,item,Passion Fruit,1.0,0.0,0.0
2025-02-17,POS,item,Pepsi 250ml Pet,4.0,0.0,0.0
2025-02-17,POS,item,Pepsi 330ml Can,1.0,0.0,0.0
2025-02-17,POS,item,Pineapple Juice,1.0,0.0,0.0
2025-02-17,POS,item,Pizza Upgrade,2.0,0.0,0.0
2025-02-17,POS,item,Slice 200ml,3.0,0.0,0.0
2025-02-17,POS,item,Water Melon,2.0,0.0,0.0
2025-02-16,POS,item,2 Medium Non-veg@699,1.0,150.0,150.0
2025-02-16,POS,item,12 Inch - Large Pizza,3.0,120.0,360.0
2025-02-16,POS,item,9 Inch - Medium Pizza,7.0,75.0,525.0
2025-02-16,Swiggy,item,9 Inch - Medium Pizza,2.0,75.0,150.0
2025-02-16,POS,item,Super Saver Meal Medium,1.0,75.0,75.0
2025-02-16,POS,item,7 Inch - Regular Pizza,8.0,40.0,320.0
2025-02-16,Swiggy,item,7 Inch - Regular Pizza,3.0,40.0,120.0
2025-02-16,POS,item,Delicious Combo Delight,1.0,40.0,40.0
2025-02-16,POS,item,Garlic Bread Supreme [veg],1.0,40.0,40.0
2025-02-16,POS,item,Garlic Bread Supreme[non-veg],1.0,40.0,40.0
2025-02-16,POS,addon,2 Medium Non-veg@699-Extra Cheese,2.0,0.0,0.0
2025-02-16,POS,item,7up@40rs,2.0,0.0,0.0
2025-02-16,POS,item,Bubble Gum,1.0,0.0,0.0
2025-02-16,POS,item,Burger Combo @ 169,1.0,0.0,0.0
2025-02-16,POS,item,Cheesy Fries,1.0,0.0,0.0
2025-02-16,POS,item,Chicken Nuggets,4.0,0.0,0.0
2025-02-16,POS,item,Chicken Pasta,2.0,0.0,0.0
2025-02-16,POS,item,Chicken Popcorn,3.0,0.0,0.0
2025-02-16,POS,item,Chikku Shake,2.0,0.0,0.0
2025-02-16,POS,item,French Fries,3.0,0.0,0.0
2025-02-16,POS,item,Fresh Lime Juice,2.0,0.0,0.0
2025-02-16,POS,item,Loaded Fries,1.0,0.0,0.0
2025-02-16,POS,item,Mdew 250ml Pet,3.0,0.0,0.0
2025-02-16,POS,item,Mdew 330ml Can,1.0,0.0,0.0
2025-02-16,POS,item,Mdew@40rs,1.0,0.0,0.0
2025-02-16,POS,item,Mineral Water,3.0,0.0,0.0
2025-02-16,POS,item,Mint Lime Juice,2.0,0.0,0.0
2025-02-16,POS,item,Mixed Berry,1.0,0.0,0.0
2025-02-16,POS,item,Passion Fruit,1.0,0.0,0.0
2025-02-16,POS,item,Pepsi@50rs,2.0,0.0,0.0
2025-02-16,POS,item,Regular Chicken Burger,8.0,0.0,0.0
2025-02-16,POS,item,Slice 200ml,1.0,0.0,0.0
2025-02-16,POS,item,Strawberry,2.0,0.0,0.0
2025-02-16,POS,item,Veg Burger,1.0,0.0,0.0
2025-02-16,POS,item,Water Melon,1.0,0.0,0.0
2025-02-15,POS,item,12 Inch - Large Pizza,3.0,120.0,360.0
2025-02-15,Swiggy,item,12 Inch - Large Pizza,1.0,120.0,120.0
2025-02-15,POS,item,2 Regular Non-veg@389,2.0,80.0,160.0
2025-02-15,POS,item,2 Regular Veg@329,1.0,80.0,80.0
2025-02-15,POS,item,9 Inch - Medium Pizza,3.0,75.0,225.0
2025-02-15,POS,item,7 Inch - Regular Pizza,13.0,40.0,520.0
2025-02-15,Swiggy,item,7 Inch - Regular Pizza,2.0,40.0,80.0
2025-02-15,POS,item,Super Saver Meal Regular,1.0,40.0,40.0
2025-02-15,POS,addon,7 Inch - Regular Pizza -Extra Cheese,1.0,20.0,20.0
2025-02-15,POS,item,7up 250ml Pet,1.0,0.0,0.0
2025-02-15,POS,item,7up @50rs,2.0,0.0,0.0
2025-02-15,POS,item,Blue Mojito,3.0,0.0,0.0
2025-02-15,Swiggy,item,Brownie With Ice Cream,3.0,0.0,0.0
2025-02-15,POS,item,Burger Combo @ 179,1.0,0.0,0.0
2025-02-15,POS,item,Cheesy Fries,1.0,0.0,0.0
2025-02-15,Swiggy,item,Chicken Loaded Fries,1.0,0.0,0.0
2025-02-15,POS,item,Chicken Pasta,3.0,0.0,0.0
2025-02-15,Swiggy,item,Chicken Pasta,1.0,0.0,0.0
2025-02-15,POS,item,Chocolate Shake,4.0,0.0,0.0
2025-02-15,POS,item,French Fries,5.0,0.0,0.0
2025-02-15,POS,item,Green Apple,2.0,0.0,0.0
2025-02-15,POS,item,Loaded Fries,2.0,0.0,0.0
2025-02-15,POS,item,Macaroni N Chicken Salad,1.0,0.0,0.0
2025-02-15,Swiggy,item,Macaroni N Chicken Salad,1.0,0.0,0.0
2025-02-15,POS,item,Mango,1.0,0.0,0.0
2025-02-15,POS,item,Mdew 330ml Can,1.0,0.0,0.0
2025-02-15,POS,item,Mineral Water,1.0,0.0,0.0
2025-02-15,POS,item,Mint Lime Juice,1.0,0.0,0.0
2025-02-15,POS,item,Pepsi 250ml Pet,2.0,0.0,0.0
2025-02-15,POS,item,Pepsi@40rs,1.0,0.0,0.0
2025-02-15,POS,item,Regular Chicken Burger,1.0,0.0,0.0
2025-02-15,POS,item,Veg Burger,1.0,0.0,0.0
2025-02-14,POS,item,12 Inch - Large Pizza,3.0,120.0,360.0
2025-02-14,POS,item,2 Regular Non-veg@389,2.0,80.0,160.0
2025-02-14,POS,item,9 Inch - Medium Pizza,5.0,75.0,375.0
2025-02-14,Swiggy,item,9 Inch - Medium Pizza,2.0,75.0,150.0
2025-02-14,POS,item,Super Saver Meal Medium,1.0,75.0,75.0
2025-02-14,POS,item,7 Inch - Regular Pizza,10.0,40.0,400.0
2025-02-14,Swiggy,item,7 Inch - Regular Pizza,1.0,40.0,40.0
2025-02-14,POS,item,Garlic Bread With Cheese,2.0,40.0,80.0
2025-02-14,Swiggy,item,Garlic Bread With Cheese,1.0,40.0,40.0
2025-02-14,POS,item,Super Saver Meal Regular,1.0,40.0,40.0
2025-02-14,POS,item,Combo Delight Non-Veg,2.0,20.0,40.0
2025-02-14,POS,item,7up 250ml Pet,1.0,0.0,0.0
2025-02-14,POS,item,Blue Mojito,1.0,0.0,0.0
2025-02-14,POS,item,Brownie With Ice Cream,3.0,0.0,0.0
2025-02-14,Swiggy,item,Brownie With Ice Cream,1.0,0.0,0.0
2025-02-14,POS,item,Cheesy Dip,1.0,0.0,0.0
2025-02-14,POS,item,Cheesy Fries,2.0,0.0,0.0
2025-02-14,POS,item,Chicken Nuggets,1.0,0.0,0.0
2025-02-14,POS,item,Chicken Pasta,2.0,0.0,0.0
2025-02-14,Swiggy,item,Coleslaw Salad,1.0,0.0,0.0
2025-02-14,Swiggy,item,French Fries,1.0,0.0,0.0
2025-02-14,POS,item,Grapes Juice,1.0,0.0,0.0
2025-02-14,Swiggy,item,Green Apple,1.0,0.0,0.0
2025-02-14,POS,item,Mdew@40rs,1.0,0.0,0.0
2025-02-14,POS,item,Mineral Water,1.0,0.0,0.0
2025-02-14,POS,item,Mint Lime Juice,2.0,0.0,0.0
2025-02-14,POS,item,Pepsi 250ml Pet,1.0,0.0,0.0
2025-02-14,POS,item,Pepsi@40rs,1.0,0.0,0.0
2025-02-14,POS,item,Pineapple Juice,3.0,0.0,0.0
2025-02-14,POS,item,Potato Wedges,1.0,0.0,0.0
2025-02-14,POS,item,Regular Chicken Burger,1.0,0.0,0.0
2025-02-14,POS,item,Sizzling Brownie,1.0,0.0,0.0
2025-02-14,POS,item,Slice 200ml,3.0,0.0,0.0
2025-02-14,POS,item,Special Discount,0.0,0.0,0.0
2025-02-14,POS,item,Tender Coconut,3.0,0.0,0.0
2025-02-14,POS,item,Veg Pasta,2.0,0.0,0.0
2025-02-14,POS,item,Watermelon Juice,1.0,0.0,0.0
2025-02-14,POS,item,12 Inch - Large Pizza,3.0,120.0,360.0
2025-02-14,POS,item,2 Regular Non-veg@389,2.0,80.0,160.0
2025-02-14,POS,item,9 Inch - Medium Pizza,5.0,75.0,375.0
2025-02-14,Swiggy,item,9 Inch - Medium Pizza,2.0,75.0,150.0
2025-02-14,POS,item,Super Saver Meal Medium,1.0,75.0,75.0
2025-02-14,POS,item,7 Inch - Regular Pizza,10.0,40.0,400.0
2025-02-14,Swiggy,item,7 Inch - Regular Pizza,1.0,40.0,40.0
2025-02-14,POS,item,Garlic Bread With Cheese,2.0,40.0,80.0
2025-02-14,Swiggy,item,Garlic Bread With Cheese,1.0,40.0,40.0
2025-02-14,POS,item,Super Saver Meal Regular,1.0,40.0,40.0
2025-02-14,POS,item,Combo Delight Non-Veg,2.0,20.0,40.0
2025-02-14,POS,item,7up 250ml Pet,1.0,0.0,0.0
2025-02-14,POS,item,Blue Mojito,1.0,0.0,0.0
2025-02-14,POS,item,Brownie With Ice Cream,3.0,0.0,0.0
2025-02-14,Swiggy,item,Brownie With Ice Cream,1.0,0.0,0.0
2025-02-14,POS,item,Cheesy Dip,1.0,0.0,0.0
2025-02-14,POS,item,Cheesy Fries,2.0,0.0,0.0
2025-02-14,POS,item,Chicken Nuggets,1.0,0.0,0.0
2025-02-14,POS,item,Chicken Pasta,2.0,0.0,0.0
2025-02-14,Swiggy,item,Coleslaw Salad,1.0,0.0,0.0
2025-02-14,Swiggy,item,French Fries,1.0,0.0,0.0
2025-02-14,POS,item,Grapes Juice,1.0,0.0,0.0
2025-02-14,Swiggy,item,Green Apple,1.0,0.0,0.0
2025-02-14,POS,item,Mdew@40rs,1.0,0.0,0.0
2025-02-14,POS,item,Mineral Water,1.0,0.0,0.0
2025-02-14,POS,item,Mint Lime Juice,2.0,0.0,0.0
2025-02-14,POS,item,Pepsi 250ml Pet,1.0,0.0,0.0
2025-02-14,POS,item,Pepsi@40rs,1.0,0.0,0.0
2025-02-14,POS,item,Pineapple Juice,3.0,0.0,0.0
2025-02-14,POS,item,Potato Wedges,1.0,0.0,0.0
2025-02-14,POS,item,Regular Chicken Burger,1.0,0.0,0.0
2025-02-14,POS,item,Sizzling Brownie,1.0,0.0,0.0
2025-02-14,POS,item,Slice 200ml,3.0,0.0,0.0
2025-02-14,POS,item,Special Discount,0.0,0.0,0.0
2025-02-14,POS,item,Tender Coconut,3.0,0.0,0.0
2025-02-14,POS,item,Veg Pasta,2.0,0.0,0.0
2025-02-14,POS,item,Watermelon Juice,1.0,0.0,0.0
2025-02-13,POS,item,12 Inch - Large Pizza,4.0,120.0,480.0
2025-02-13,POS,item,2 Regular Non-veg@389,1.0,80.0,80.0
2025-02-13,POS,item,2 Regular Veg@329,1.0,80.0,80.0
2025-02-13,POS,item,9 Inch - Medium Pizza,4.0,75.0,300.0
2025-02-13,Swiggy,item,9 Inch - Medium Pizza,3.0,75.0,225.0
2025-02-13,POS,item,Super Saver Meal Medium,1.0,75.0,75.0
2025-02-13,POS,item,7 Inch - Regular Pizza,6.0,40.0,240.0
2025-02-13,Swiggy,item,7 Inch - Regular Pizza,4.0,40.0,160.0
2025-02-13,POS,item,Super Saver Meal Regular,4.0,40.0,160.0
2025-02-13,POS,item,Combo Delight Non-Veg,1.0,20.0,20.0
2025-02-13,POS,item,7up @50rs,1.0,0.0,0.0
2025-02-13,POS,item,Blue Mojito,3.0,0.0,0.0
2025-02-13,POS,item,Chicken Pasta,1.0,0.0,0.0
2025-02-13,Swiggy,item,Chicken Pasta,1.0,0.0,0.0
2025-02-13,POS,item,French Fries,1.0,0.0,0.0
2025-02-13,POS,item,Loaded Fries,3.0,0.0,0.0
2025-02-13,POS,item,Mint Lime Juice,1.0,0.0,0.0
2025-02-13,POS,item,Pepsi@50rs,1.0,0.0,0.0
2025-02-13,POS,item,Slice 200ml,1.0,0.0,0.0
2025-02-13,POS,item,Slice@40rs,1.0,0.0,0.0
2025-02-13,POS,item,Soda,7.0,0.0,0.0
2025-02-13,POS,item,Soft Drink,2.0,0.0,0.0
2025-02-13,POS,item,Special Discount,0.0,0.0,0.0
2025-02-13,POS,item,Veg Pasta,1.0,0.0,0.0
2025-02-13,POS,item,Water Melon,1.0,0.0,0.0
2025-02-13,POS,item,12 Inch - Large Pizza,4.0,120.0,480.0
2025-02-13,POS,item,2 Regular Non-veg@389,1.0,80.0,80.0
2025-02-13,POS,item,2 Regular Veg@329,1.0,80.0,80.0
2025-02-13,POS,item,9 Inch - Medium Pizza,4.0,75.0,300.0
2025-02-13,Swiggy,item,9 Inch - Medium Pizza,3.0,75.0,225.0
2025-02-13,POS,item,Super Saver Meal Medium,1.0,75.0,75.0
2025-02-13,POS,item,7 Inch - Regular Pizza,6.0,40.0,240.0
2025-02-13,Swiggy,item,7 Inch - Regular Pizza,4.0,40.0,160.0
2025-02-13,POS,item,Super Saver Meal Regular,4.0,40.0,160.0
2025-02-13,POS,item,Combo Delight Non-Veg,1.0,20.0,20.0
2025-02-13,POS,item,7up @50rs,1.0,0.0,0.0
2025-02-13,POS,item,Blue Mojito,3.0,0.0,0.0
2025-02-13,POS,item,Chicken Pasta,1.0,0.0,0.0
2025-02-13,Swiggy,item,Chicken Pasta,1.0,0.0,0.0
2025-02-13,POS,item,French Fries,1.0,0.0,0.0
2025-02-13,POS,item,Loaded Fries,3.0,0.0,0.0
2025-02-13,POS,item,Mint Lime Juice,1.0,0.0,0.0
2025-02-13,POS,item,Pepsi@50rs,1.0,0.0,0.0
2025-02-13,POS,item,Slice 200ml,1.0,0.0,0.0
2025-02-13,POS,item,Slice@40rs,1.0,0.0,0.0
2025-02-13,POS,item,Soda,7.0,0.0,0.0
2025-02-13,POS,item,Soft Drink,2.0,0.0,0.0
2025-02-13,POS,item,Special Discount,0.0,0.0,0.0
2025-02-13,POS,item,Veg Pasta,1.0,0.0,0.0
2025-02-13,POS,item,Water Melon,1.0,0.0,0.0
2025-02-12,POS,item,2 Regular Non-veg@389,1.0,80.0,80.0
2025-02-12,POS,item,9 Inch - Medium Pizza,4.0,75.0,300.0
2025-02-12,POS,item,Super Saver Meal Medium,1.0,75.0,75.0
2025-02-12,POS,item,7 Inch - Regular Pizza,6.0,40.0,240.0
2025-02-12,POS,item,Fantastic Fun Meal,1.0,40.0,40.0
2025-02-12,POS,item,Super Saver Meal Regular,2.0,40.0,80.0
2025-02-12,POS,item,Combo Delight Veg,1.0,20.0,20.0
2025-02-12,POS,item,7up 250ml Pet,2.0,0.0,0.0
2025-02-12,POS,item,Burger Combo @ 179,1.0,0.0,0.0
2025-02-12,POS,item,Cheese N Macaroni Salad,1.0,0.0,0.0
2025-02-12,POS,item,Cheesy Fries,1.0,0.0,0.0
2025-02-12,POS,item,Chikku Shake,1.0,0.0,0.0
2025-02-12,POS,item,Chocolate Shake,1.0,0.0,0.0
2025-02-12,Swiggy,item,French Fries,2.0,0.0,0.0
2025-02-12,POS,item,French Fries,1.0,0.0,0.0
2025-02-12,POS,item,Fresh Lime Juice,4.0,0.0,0.0
2025-02-12,POS,item,Greek Chicken Salad[non-veg],1.0,0.0,0.0
2025-02-12,POS,item,Loaded Fries,1.0,0.0,0.0
2025-02-12,POS,item,Mdew 250ml Pet,1.0,0.0,0.0
2025-02-12,POS,item,Mdew@40rs,1.0,0.0,0.0
2025-02-12,POS,item,Mineral Water,2.0,0.0,0.0
2025-02-12,POS,item,Pepsi 250ml Pet,1.0,0.0,0.0
2025-02-12,POS,item,Pepsi@40rs,1.0,0.0,0.0
2025-02-12,POS,item,Pineapple Juice,3.0,0.0,0.0
2025-02-12,POS,item,Pizza Upgrade,1.0,0.0,0.0
2025-02-12,POS,item,Regular Chicken Burger,1.0,0.0,0.0
2025-02-12,POS,item,Slice@40rs,1.0,0.0,0.0
2025-02-12,POS,item,Soft Drink,1.0,0.0,0.0
2025-02-12,POS,item,Tender Coconut,4.0,0.0,0.0
2025-02-12,POS,item,2 Regular Non-veg@389,1.0,80.0,80.0
2025-02-12,POS,item,9 Inch - Medium Pizza,4.0,75.0,300.0
2025-02-12,POS,item,Super Saver Meal Medium,1.0,75.0,75.0
2025-02-12,POS,item,7 Inch - Regular Pizza,6.0,40.0,240.0
2025-02-12,POS,item,Fantastic Fun Meal,1.0,40.0,40.0
2025-02-12,POS,item,Super Saver Meal Regular,2.0,40.0,80.0
2025-02-12,POS,item,Combo Delight Veg,1.0,20.0,20.0
2025-02-12,POS,item,7up 250ml Pet,2.0,0.0,0.0
2025-02-12,POS,item,Burger Combo @ 179,1.0,0.0,0.0
2025-02-12,POS,item,Cheese N Macaroni Salad,1.0,0.0,0.0
2025-02-12,POS,item,Cheesy Fries,1.0,0.0,0.0
2025-02-12,POS,item,Chikku Shake,1.0,0.0,0.0
2025-02-12,POS,item,Chocolate Shake,1.0,0.0,0.0
2025-02-12,Swiggy,item,French Fries,2.0,0.0,0.0
2025-02-12,POS,item,French Fries,1.0,0.0,0.0
2025-02-12,POS,item,Fresh Lime Juice,4.0,0.0,0.0
2025-02-12,POS,item,Greek Chicken Salad[non-veg],1.0,0.0,0.0
2025-02-12,POS,item,Loaded Fries,1.0,0.0,0.0
2025-02-12,POS,item,Mdew 250ml Pet,1.0,0.0,0.0
2025-02-12,POS,item,Mdew@40rs,1.0,0.0,0.0
2025-02-12,POS,item,Mineral Water,2.0,0.0,0.0
2025-02-12,POS,item,Pepsi 250ml Pet,1.0,0.0,0.0
2025-02-12,POS,item,Pepsi@40rs,1.0,0.0,0.0
2025-02-12,POS,item,Pineapple Juice,3.0,0.0,0.0
2025-02-12,POS,item,Pizza Upgrade,1.0,0.0,0.0
2025-02-12,POS,item,Regular Chicken Burger,1.0,0.0,0.0
2025-02-12,POS,item,Slice@40rs,1.0,0.0,0.0
2025-02-12,POS,item,Soft Drink,1.0,0.0,0.0
2025-02-12,POS,item,Tender Coconut,4.0,0.0,0.0
2025-02-12,POS,item,2 Regular Non-veg@389,1.0,80.0,80.0
2025-02-12,POS,item,9 Inch - Medium Pizza,4.0,75.0,300.0
2025-02-12,POS,item,Super Saver Meal Medium,1.0,75.0,75.0
2025-02-12,POS,item,7 Inch - Regular Pizza,6.0,40.0,240.0
2025-02-12,POS,item,Fantastic Fun Meal,1.0,40.0,40.0
2025-02-12,POS,item,Super Saver Meal Regular,2.0,40.0,80.0
2025-02-12,POS,item,Combo Delight Veg,1.0,20.0,20.0
2025-02-12,POS,item,7up 250ml Pet,2.0,0.0,0.0
2025-02-12,POS,item,Burger Combo @ 179,1.0,0.0,0.0
2025-02-12,POS,item,Cheese N Macaroni Salad,1.0,0.0,0.0
2025-02-12,POS,item,Cheesy Fries,1.0,0.0,0.0
2025-02-12,POS,item,Chikku Shake,1.0,0.0,0.0
2025-02-12,POS,item,Chocolate Shake,1.0,0.0,0.0
2025-02-12,Swiggy,item,French Fries,2.0,0.0,0.0
2025-02-12,POS,item,French Fries,1.0,0.0,0.0
2025-02-12,POS,item,Fresh Lime Juice,4.0,0.0,0.0
2025-02-12,POS,item,Greek Chicken Salad[non-veg],1.0,0.0,0.0
2025-02-12,POS,item,Loaded Fries,1.0,0.0,0.0
2025-02-12,POS,item,Mdew 250ml Pet,1.0,0.0,0.0
2025-02-12,POS,item,Mdew@40rs,1.0,0.0,0.0
2025-02-12,POS,item,Mineral Water,2.0,0.0,0.0
2025-02-12,POS,item,Pepsi 250ml Pet,1.0,0.0,0.0
2025-02-12,POS,item,Pepsi@40rs,1.0,0.0,0.0
2025-02-12,POS,item,Pineapple Juice,3.0,0.0,0.0
2025-02-12,POS,item,Pizza Upgrade,1.0,0.0,0.0
2025-02-12,POS,item,Regular Chicken Burger,1.0,0.0,0.0
2025-02-12,POS,item,Slice@40rs,1.0,0.0,0.0
2025-02-12,POS,item,Soft Drink,1.0,0.0,0.0
2025-02-12,POS,item,Tender Coconut,4.0,0.0,0.0
2025-02-11,POS,item,12 Inch - Large Pizza,1.0,120.0,120.0
2025-02-11,POS,item,2 Regular Non-veg@389,1.0,80.0,80.0
2025-02-11,POS,item,9 Inch - Medium Pizza,5.0,75.0,375.0
2025-02-11,Swiggy,item,9 Inch - Medium Pizza,1.0,75.0,75.0
2025-02-11,POS,item,Super Saver Meal Medium,1.0,75.0,75.0
2025-02-11,POS,addon,12 Inch - Large Pizza -Extra Cheese,1.0,60.0,60.0
2025-02-11,POS,item,7 Inch - Regular Pizza,10.0,40.0,400.0
2025-02-11,POS,addon,9 Inch - Medium Pizza -Extra Cheese,1.0,38.0,38.0
2025-02-11,POS,item,Combo Delight Non-Veg,2.0,20.0,40.0
2025-02-11,POS,item,7up 250ml Pet,2.0,0.0,0.0
2025-02-11,POS,item,Burger Combo @ 169,3.0,0.0,0.0
2025-02-11,POS,item,Burger Combo @ 179,2.0,0.0,0.0
2025-02-11,POS,item,Chicken Nuggets,1.0,0.0,0.0
2025-02-11,POS,item,Chikku Shake,1.0,0.0,0.0
2025-02-11,POS,item,French Fries,3.0,0.0,0.0
2025-02-11,POS,item,Fresh Lime Juice,2.0,0.0,0.0
2025-02-11,POS,item,Grapes Juice,2.0,0.0,0.0
2025-02-11,POS,item,Mdew@40rs,1.0,0.0,0.0
2025-02-11,POS,item,Mineral Water,4.0,0.0,0.0
2025-02-11,POS,item,Passion Fruit,2.0,0.0,0.0
2025-02-11,POS,item,Pepsi 250ml Pet,1.0,0.0,0.0
2025-02-11,POS,item,Pineapple Juice,4.0,0.0,0.0
2025-02-11,Swiggy,item,Potato Wedges,1.0,0.0,0.0
2025-02-11,POS,item,Regular Chicken Burger,4.0,0.0,0.0
2025-02-11,POS,item,Slice 200ml,2.0,0.0,0.0
2025-02-11,POS,item,Soda,2.0,0.0,0.0
2025-02-11,POS,item,Soft Drink,2.0,0.0,0.0
2025-02-11,Swiggy,item,Veg Pasta,1.0,0.0,0.0
2025-02-10,POS,item,2 Medium Non-veg@699,2.0,150.0,300.0
2025-02-10,POS,item,2 Medium Veg@649,1.0,150.0,150.0
2025-02-10,POS,item,12 Inch - Large Pizza,4.0,120.0,480.0
2025-02-10,Swiggy,item,12 Inch - Large Pizza,1.0,120.0,120.0
2025-02-10,POS,item,2 Regular Non-veg@389,1.0,80.0,80.0
2025-02-10,Swiggy,item,9 Inch - Medium Pizza,2.0,75.0,150.0
2025-02-10,POS,item,9 Inch - Medium Pizza,1.0,75.0,75.0
2025-02-10,POS,item,Super Saver Meal Medium,1.0,75.0,75.0
2025-02-10,Swiggy,addon,12 Inch - Large Pizza -Extra Cheese,1.0,60.0,60.0
2025-02-10,POS,item,7 Inch - Regular Pizza,7.0,40.0,280.0
2025-02-10,Swiggy,item,7 Inch - Regular Pizza,1.0,40.0,40.0
2025-02-10,POS,item,7up @50rs,1.0,0.0,0.0
2025-02-10,POS,item,Blue Mojito,1.0,0.0,0.0
2025-02-10,Swiggy,item,Blue Mojito,1.0,0.0,0.0
2025-02-10,POS,item,Burger Combo @ 169,1.0,0.0,0.0
2025-02-10,Swiggy,item,Chicken Nuggets,1.0,0.0,0.0
2025-02-10,POS,item,Chicken Pasta,1.0,0.0,0.0
2025-02-10,POS,item,French Fries,2.0,0.0,0.0
2025-02-10,Swiggy,item,French Fries,1.0,0.0,0.0
2025-02-10,POS,item,Green Apple,1.0,0.0,0.0
2025-02-10,POS,item,Mdew@40rs,1.0,0.0,0.0
2025-02-10,POS,item,Mineral Water,4.0,0.0,0.0
2025-02-10,Swiggy,item,Mixed Berry,4.0,0.0,0.0
2025-02-10,POS,item,Pepsi@50rs,1.0,0.0,0.0
2025-02-10,POS,item,Slice 200ml,1.0,0.0,0.0
2025-02-10,POS,item,Special Discount,0.0,0.0,0.0
2025-02-10,Swiggy,item,Veg Pasta,1.0,0.0,0.0
2025-02-09,POS,item,2 Medium Non-veg@699,1.0,150.0,150.0
2025-02-09,POS,item,12 Inch - Large Pizza,1.0,120.0,120.0
2025-02-09,POS,item,2 Regular Non-veg@389,4.0,80.0,320.0
2025-02-09,POS,item,2 Regular Veg@329,1.0,80.0,80.0
2025-02-09,POS,item,9 Inch - Medium Pizza,5.0,75.0,375.0
2025-02-09,Swiggy,item,9 Inch - Medium Pizza,1.0,75.0,75.0
2025-02-09,POS,item,Super Saver Meal Medium,3.0,75.0,225.0
2025-02-09,POS,item,7 Inch - Regular Pizza,9.0,40.0,360.0
2025-02-09,Swiggy,item,7 Inch - Regular Pizza,2.0,40.0,80.0
2025-02-09,POS,item,Delicious Combo Delight,1.0,40.0,40.0
2025-02-09,POS,item,Super Saver Meal Regular,3.0,40.0,120.0
2025-02-09,POS,item,Combo Delight Veg,1.0,20.0,20.0
2025-02-09,POS,item,Gbr Extra Cheese,1.0,10.0,10.0
2025-02-09,POS,item,7up@40rs,3.0,0.0,0.0
2025-02-09,POS,item,Blue Curacao,1.0,0.0,0.0
2025-02-09,POS,item,Burger Combo @ 169,2.0,0.0,0.0
2025-02-09,POS,item,Burger Combo @ 179,1.0,0.0,0.0
2025-02-09,POS,item,Chicken Pasta,1.0,0.0,0.0
2025-02-09,POS,item,Chikku Shake,4.0,0.0,0.0
2025-02-09,POS,addon,Delicious Combo Delight-Extra Cheese,1.0,0.0,0.0
2025-02-09,POS,item,French Fries,5.0,0.0,0.0
2025-02-09,POS,item,Loaded Fries,1.0,0.0,0.0
2025-02-09,POS,item,Mdew@40rs,1.0,0.0,0.0
2025-02-09,POS,item,Mineral Water,1.0,0.0,0.0
2025-02-09,POS,item,Mixed Chicken Salad,2.0,0.0,0.0
2025-02-09,POS,item,Passion Fruit,1.0,0.0,0.0
2025-02-09,POS,item,Pepsi 250ml Pet,1.0,0.0,0.0
2025-02-09,POS,item,Roasted Chicken Salad,1.0,0.0,0.0
2025-02-09,POS,item,Soft Drink,3.0,0.0,0.0
2025-02-09,POS,item,Tender Coconut,1.0,0.0,0.0
2025-02-09,POS,item,Veg Burger,1.0,0.0,0.0
2025-02-08,POS,item,2 Medium Non-veg@699,2.0,150.0,300.0
2025-02-08,POS,item,12 Inch - Large Pizza,7.0,120.0,840.0
2025-02-08,POS,item,2 Regular Non-veg@389,3.0,80.0,240.0
2025-02-08,POS,item,2 Regular Veg@329,2.0,80.0,160.0
2025-02-08,POS,item,9 Inch - Medium Pizza,6.0,75.0,450.0
2025-02-08,Swiggy,item,9 Inch - Medium Pizza,3.0,75.0,225.0
2025-02-08,POS,item,Super Saver Meal Medium,1.0,75.0,75.0
2025-02-08,POS,item,7 Inch - Regular Pizza,18.0,40.0,720.0
2025-02-08,Swiggy,item,7 Inch - Regular Pizza,9.0,40.0,360.0
2025-02-08,POS,item,Fantastic Fun Meal,1.0,40.0,40.0
2025-02-08,POS,item,Garlic Bread Supreme[non-veg],2.0,40.0,80.0
2025-02-08,POS,item,Garlic Bread With Cheese,1.0,40.0,40.0
2025-02-08,POS,item,7up 250ml Pet,2.0,0.0,0.0
2025-02-08,POS,item,7up @50rs,6.0,0.0,0.0
2025-02-08,POS,item,Blue Mojito,1.0,0.0,0.0
2025-02-08,POS,item,Brownie With Ice Cream,1.0,0.0,0.0
2025-02-08,POS,item,Burger Combo @ 169,1.0,0.0,0.0
2025-02-08,POS,item,Burger Combo @ 179,2.0,0.0,0.0
2025-02-08,POS,item,Cheesy Dip,1.0,0.0,0.0
2025-02-08,Swiggy,item,Chicken Loaded Fries,1.0,0.0,0.0
2025-02-08,POS,item,Chicken Nuggets,3.0,0.0,0.0
2025-02-08,Swiggy,item,Chicken Nuggets,1.0,0.0,0.0
2025-02-08,POS,item,Chicken Pasta,4.0,0.0,0.0
2025-02-08,POS,item,Chicken Popcorn,1.0,0.0,0.0
2025-02-08,POS,item,Chilly Potato Shots,1.0,0.0,0.0
2025-02-08,POS,item,French Fries,4.0,0.0,0.0
2025-02-08,Swiggy,item,French Fries,4.0,0.0,0.0
2025-02-08,POS,item,Fresh Lime Juice,2.0,0.0,0.0
2025-02-08,POS,item,Greek Salad,1.0,0.0,0.0
2025-02-08,POS,item,Loaded Fries,1.0,0.0,0.0
2025-02-08,POS,item,Mineral Water,1.0,0.0,0.0
2025-02-08,POS,item,Pepsi 250ml Pet,1.0,0.0,0.0
2025-02-08,POS,item,Pepsi 330ml Can,1.0,0.0,0.0
2025-02-08,POS,item,Pepsi@40rs,1.0,0.0,0.0
2025-02-08,POS,item,Pepsi@50rs,1.0,0.0,0.0
2025-02-08,POS,item,Peri Peri Dip,1.0,0.0,0.0
2025-02-08,POS,item,Pineapple Juice,1.0,0.0,0.0
2025-02-08,POS,item,Regular Chicken Burger,7.0,0.0,0.0
2025-02-08,POS,item,Roasted Chicken Salad,2.0,0.0,0.0
2025-02-08,POS,item,Soft Drink,1.0,0.0,0.0
2025-02-08,POS,item,Special Discount,0.0,0.0,0.0
2025-02-08,POS,item,Veg Burger,2.0,0.0,0.0
2025-02-08,POS,item,Veg Pasta,1.0,0.0,0.0
2025-02-07,POS,item,12 Inch - Large Pizza,2.0,120.0,240.0
2025-02-07,POS,item,2 Regular Non-veg@389,2.0,80.0,160.0
2025-02-07,POS,item,9 Inch - Medium Pizza,4.0,75.0,300.0
2025-02-07,POS,item,Super Saver Meal Medium,2.0,75.0,150.0
2025-02-07,POS,item,7 Inch - Regular Pizza,9.0,40.0,360.0
2025-02-07,Swiggy,item,7 Inch - Regular Pizza,6.0,40.0,240.0
2025-02-07,POS,item,Garlic Bread With Cheese,3.0,40.0,120.0
2025-02-07,Swiggy,addon,7 Inch - Regular Pizza -Extra Cheese,1.0,20.0,20.0
2025-02-07,POS,item,Combo Delight Non-Veg,1.0,20.0,20.0
2025-02-07,Swiggy,item,Blue Mojito,1.0,0.0,0.0
2025-02-07,POS,item,Brownie,1.0,0.0,0.0
2025-02-07,POS,item,Brownie With Ice Cream,1.0,0.0,0.0
2025-02-07,POS,item,Burger Combo @ 169,1.0,0.0,0.0
2025-02-07,POS,item,Burger Combo @ 179,1.0,0.0,0.0
2025-02-07,Swiggy,item,Chicken Pasta,1.0,0.0,0.0
2025-02-07,POS,item,French Fries,1.0,0.0,0.0
2025-02-07,Swiggy,item,French Fries,1.0,0.0,0.0
2025-02-07,Swiggy,item,Fresh Garden Mint,1.0,0.0,0.0
2025-02-07,POS,item,Fresh Lime Juice,1.0,0.0,0.0
2025-02-07,POS,item,Green Apple,1.0,0.0,0.0
2025-02-07,POS,item,Mineral Water,3.0,0.0,0.0
2025-02-07,POS,item,Mint Lime Juice,3.0,0.0,0.0
2025-02-07,POS,item,Pepsi@50rs,1.0,0.0,0.0
2025-02-07,POS,item,Potato Salad,1.0,0.0,0.0
2025-02-07,POS,item,Roasted Chicken Salad,1.0,0.0,0.0
2025-02-07,POS,item,Soft Drink,1.0,0.0,0.0
2025-02-07,POS,item,Tender Coconut,2.0,0.0,0.0
2025-02-07,POS,item,Veg Burger,2.0,0.0,0.0
2025-02-07,POS,item,Veg Pasta,2.0,0.0,0.0
2025-02-07,Swiggy,item,Veg Pasta,1.0,0.0,0.0
2025-02-07,POS,item,12 Inch - Large Pizza,2.0,120.0,240.0
2025-02-07,POS,item,2 Regular Non-veg@389,2.0,80.0,160.0
2025-02-07,POS,item,9 Inch - Medium Pizza,4.0,75.0,300.0
2025-02-07,POS,item,Super Saver Meal Medium,2.0,75.0,150.0
2025-02-07,POS,item,7 Inch - Regular Pizza,9.0,40.0,360.0
2025-02-07,Swiggy,item,7 Inch - Regular Pizza,6.0,40.0,240.0
2025-02-07,POS,item,Garlic Bread With Cheese,3.0,40.0,120.0
2025-02-07,Swiggy,addon,7 Inch - Regular Pizza -Extra Cheese,1.0,20.0,20.0
2025-02-07,POS,item,Combo Delight Non-Veg,1.0,20.0,20.0
2025-02-07,Swiggy,item,Blue Mojito,1.0,0.0,0.0
2025-02-07,POS,item,Brownie,1.0,0.0,0.0
2025-02-07,POS,item,Brownie With Ice Cream,1.0,0.0,0.0
2025-02-07,POS,item,Burger Combo @ 169,1.0,0.0,0.0
2025-02-07,POS,item,Burger Combo @ 179,1.0,0.0,0.0
2025-02-07,Swiggy,item,Chicken Pasta,1.0,0.0,0.0
2025-02-07,POS,item,French Fries,1.0,0.0,0.0
2025-02-07,Swiggy,item,French Fries,1.0,0.0,0.0
2025-02-07,Swiggy,item,Fresh Garden Mint,1.0,0.0,0.0
2025-02-07,POS,item,Fresh Lime Juice,1.0,0.0,0.0
2025-02-07,POS,item,Green Apple,1.0,0.0,0.0
2025-02-07,POS,item,Mineral Water,3.0,0.0,0.0
2025-02-07,POS,item,Mint Lime Juice,3.0,0.0,0.0
2025-02-07,POS,item,Pepsi@50rs,1.0,0.0,0.0
2025-02-07,POS,item,Potato Salad,1.0,0.0,0.0
2025-02-07,POS,item,Roasted Chicken Salad,1.0,0.0,0.0
2025-02-07,POS,item,Soft Drink,1.0,0.0,0.0
2025-02-07,POS,item,Tender Coconut,2.0,0.0,0.0
2025-02-07,POS,item,Veg Burger,2.0,0.0,0.0
2025-02-07,POS,item,Veg Pasta,2.0,0.0,0.0
2025-02-07,Swiggy,item,Veg Pasta,1.0,0.0,0.0
2025-02-06,POS,item,2 Medium Non-veg@699,2.0,150.0,300.0
2025-02-06,POS,item,12 Inch - Large Pizza,5.0,120.0,600.0
2025-02-06,POS,item,9 Inch - Medium Pizza,7.0,75.0,525.0
2025-02-06,POS,item,7 Inch - Regular Pizza,9.0,40.0,360.0
2025-02-06,Swiggy,item,7 Inch - Regular Pizza,1.0,40.0,40.0
2025-02-06,POS,item,Garlic Bread Supreme[non-veg],1.0,40.0,40.0
2025-02-06,POS,item,Super Saver Meal Regular,2.0,40.0,80.0
2025-02-06,POS,addon,7 Inch - Regular Pizza -Extra Cheese,1.0,20.0,20.0
2025-02-06,POS,item,Blue Mojito,1.0,0.0,0.0
2025-02-06,POS,item,Burger Combo @ 169,1.0,0.0,0.0
2025-02-06,POS,item,Cheesy Fries,1.0,0.0,0.0
2025-02-06,POS,item,Chicken Pasta,1.0,0.0,0.0
2025-02-06,Swiggy,item,Chicken Pasta,1.0,0.0,0.0
2025-02-06,POS,item,Chicken Popcorn,1.0,0.0,0.0
2025-02-06,POS,item,Chikku Shake,2.0,0.0,0.0
2025-02-06,POS,item,Chocolate Shake,1.0,0.0,0.0
2025-02-06,POS,item,French Fries,2.0,0.0,0.0
2025-02-06,POS,item,Fresh Lime Juice,1.0,0.0,0.0
2025-02-06,POS,item,Loaded Fries,1.0,0.0,0.0
2025-02-06,POS,item,Mineral Water,2.0,0.0,0.0
2025-02-06,POS,item,Mint Lime Juice,1.0,0.0,0.0
2025-02-06,POS,item,Passion Fruit,2.0,0.0,0.0
2025-02-06,POS,item,Pepsi 250ml Pet,1.0,0.0,0.0
2025-02-06,POS,item,Pineapple Juice,1.0,0.0,0.0
2025-02-06,POS,item,Regular Chicken Burger,1.0,0.0,0.0
2025-02-06,POS,item,Slice 200ml,1.0,0.0,0.0
2025-02-06,POS,item,Soft Drink,3.0,0.0,0.0
2025-02-06,POS,item,Special Discount,0.0,0.0,0.0
2025-02-06,POS,item,Strawberry,1.0,0.0,0.0
2025-02-06,POS,item,Tender Coconut,2.0,0.0,0.0
2025-02-06,POS,item,Veg Burger,1.0,0.0,0.0
2025-02-06,Swiggy,item,Veg Pasta,1.0,0.0,0.0
2025-02-06,POS,item,Water Melon,1.0,0.0,0.0
2025-02-06,POS,item,Watermelon Juice,1.0,0.0,0.0
2025-02-05,POS,item,2 Medium Non-veg@699,1.0,150.0,150.0
2025-02-05,POS,item,12 Inch - Large Pizza,4.0,120.0,480.0
2025-02-05,POS,item,Non Veg Meal For 4,1.0,120.0,120.0
2025-02-05,POS,item,2 Regular Non-veg@389,1.0,80.0,80.0
2025-02-05,POS,item,9 Inch - Medium Pizza,7.0,75.0,525.0
2025-02-05,POS,item,Super Saver Meal Medium,1.0,75.0,75.0
2025-02-05,POS,item,7 Inch - Regular Pizza,9.0,40.0,360.0
2025-02-05,POS,item,Fantastic Fun Meal,1.0,40.0,40.0
2025-02-05,POS,item,Garlic Bread With Cheese,1.0,40.0,40.0
2025-02-05,POS,item,Super Saver Meal Regular,2.0,40.0,80.0
2025-02-05,POS,item,Combo Delight Non-Veg,2.0,20.0,40.0
2025-02-05,POS,item,Gbr Extra Cheese,3.0,10.0,30.0
2025-02-05,POS,item,7up 250ml Pet,1.0,0.0,0.0
2025-02-05,POS,item,7up @50rs,2.0,0.0,0.0
2025-02-05,POS,item,Blue Mojito,1.0,0.0,0.0
2025-02-05,POS,item,Brownie With Ice Cream,2.0,0.0,0.0
2025-02-05,POS,item,Burger Combo @ 199,1.0,0.0,0.0
2025-02-05,POS,item,Cheese N Macaroni Salad,1.0,0.0,0.0
2025-02-05,POS,item,Cheesy Fries,1.0,0.0,0.0
2025-02-05,POS,item,Chicken Pasta,1.0,0.0,0.0
2025-02-05,POS,item,Chilly Potato Shots,1.0,0.0,0.0
2025-02-05,POS,item,French Fries,6.0,0.0,0.0
2025-02-05,POS,item,Fresh Lime Juice,1.0,0.0,0.0
2025-02-05,POS,item,Garlic Bread,1.0,0.0,0.0
2025-02-05,POS,item,Hot Garlic Dip,2.0,0.0,0.0
2025-02-05,POS,item,Loaded Fries,2.0,0.0,0.0
2025-02-05,POS,item,Mdew 250ml Pet,1.0,0.0,0.0
2025-02-05,POS,item,Mineral Water,2.0,0.0,0.0
2025-02-05,POS,item,Passion Fruit,1.0,0.0,0.0
2025-02-05,POS,item,Pepsi 250ml Pet,1.0,0.0,0.0
2025-02-05,POS,item,Pepsi 330ml Can,1.0,0.0,0.0
2025-02-05,POS,item,Pepsi@40rs,1.0,0.0,0.0
2025-02-05,POS,item,Pizza Upgrade,1.0,0.0,0.0
2025-02-05,POS,item,Regular Chicken Burger,2.0,0.0,0.0
2025-02-05,POS,item,Soft Drink,1.0,0.0,0.0
2025-02-05,POS,item,Special Discount,0.0,0.0,0.0
2025-02-05,POS,item,Spicy Chicken Zinger Burger,3.0,0.0,0.0
2025-02-05,POS,item,Tender Coconut,1.0,0.0,0.0
2025-02-05,POS,item,Thousand Dip,2.0,0.0,0.0
2025-02-05,POS,item,Veg Pasta,2.0,0.0,0.0
2025-02-05,POS,item,Watermelon Juice,3.0,0.0,0.0
2025-02-04,POS,item,2 Medium Non-veg@699,1.0,150.0,150.0
2025-02-04,POS,item,12 Inch - Large Pizza,4.0,120.0,480.0
2025-02-04,POS,item,2 Regular Non-veg@389,1.0,80.0,80.0
2025-02-04,POS,item,9 Inch - Medium Pizza,2.0,75.0,150.0
2025-02-04,POS,item,7 Inch - Regular Pizza,10.0,40.0,400.0
2025-02-04,Swiggy,item,7 Inch - Regular Pizza,2.0,40.0,80.0
2025-02-04,POS,item,Garlic Bread With Cheese,2.0,40.0,80.0
2025-02-04,POS,item,Super Saver Meal Regular,3.0,40.0,120.0
2025-02-04,POS,item,Combo Delight Non-Veg,1.0,20.0,20.0
2025-02-04,POS,item,7up 250ml Pet,2.0,0.0,0.0
2025-02-04,POS,item,Blue Mojito,1.0,0.0,0.0
2025-02-04,POS,item,Brownie,2.0,0.0,0.0
2025-02-04,POS,item,Bubble Gum,1.0,0.0,0.0
2025-02-04,POS,item,Burger Combo @ 169,2.0,0.0,0.0
2025-02-04,POS,item,Chicken Nuggets,2.0,0.0,0.0
2025-02-04,POS,item,Chicken Pasta,1.0,0.0,0.0
2025-02-04,POS,item,Chicken Popcorn,1.0,0.0,0.0
2025-02-04,POS,item,Chocolate Shake,1.0,0.0,0.0
2025-02-04,POS,item,French Fries,1.0,0.0,0.0
2025-02-04,Swiggy,item,French Fries,1.0,0.0,0.0
2025-02-04,POS,item,Fresh Lime Juice,1.0,0.0,0.0
2025-02-04,POS,item,Loaded Fries,2.0,0.0,0.0
2025-02-04,POS,item,Mint Lime Juice,1.0,0.0,0.0
2025-02-04,POS,item,Pepsi@40rs,1.0,0.0,0.0
2025-02-04,POS,item,Pizza Upgrade,1.0,0.0,0.0
2025-02-04,POS,item,Slice 200ml,1.0,0.0,0.0
2025-02-04,POS,item,Slice@40rs,1.0,0.0,0.0
2025-02-04,POS,item,Soft Drink,1.0,0.0,0.0
2025-02-04,POS,item,Special Discount,0.0,0.0,0.0
2025-02-04,POS,item,Spicy Chicken Zinger Burger,4.0,0.0,0.0
2025-02-04,POS,item,Tender Coconut,1.0,0.0,0.0
2025-02-04,POS,item,Water Melon,1.0,0.0,0.0
2025-02-04,POS,item,2 Medium Non-veg@699,1.0,150.0,150.0
2025-02-04,POS,item,12 Inch - Large Pizza,4.0,120.0,480.0
2025-02-04,POS,item,2 Regular Non-veg@389,1.0,80.0,80.0
2025-02-04,POS,item,9 Inch - Medium Pizza,2.0,75.0,150.0
2025-02-04,POS,item,7 Inch - Regular Pizza,10.0,40.0,400.0
2025-02-04,Swiggy,item,7 Inch - Regular Pizza,2.0,40.0,80.0
2025-02-04,POS,item,Garlic Bread With Cheese,2.0,40.0,80.0
2025-02-04,POS,item,Super Saver Meal Regular,3.0,40.0,120.0
2025-02-04,POS,item,Combo Delight Non-Veg,1.0,20.0,20.0
2025-02-04,POS,item,7up 250ml Pet,2.0,0.0,0.0
2025-02-04,POS,item,Blue Mojito,1.0,0.0,0.0
2025-02-04,POS,item,Brownie,2.0,0.0,0.0
2025-02-04,POS,item,Bubble Gum,1.0,0.0,0.0
2025-02-04,POS,item,Burger Combo @ 169,2.0,0.0,0.0
2025-02-04,POS,item,Chicken Nuggets,2.0,0.0,0.0
2025-02-04,POS,item,Chicken Pasta,1.0,0.0,0.0
2025-02-04,POS,item,Chicken Popcorn,1.0,0.0,0.0
2025-02-04,POS,item,Chocolate Shake,1.0,0.0,0.0
2025-02-04,POS,item,French Fries,1.0,0.0,0.0
2025-02-04,Swiggy,item,French Fries,1.0,0.0,0.0
2025-02-04,POS,item,Fresh Lime Juice,1.0,0.0,0.0
2025-02-04,POS,item,Loaded Fries,2.0,0.0,0.0
2025-02-04,POS,item,Mint Lime Juice,1.0,0.0,0.0
2025-02-04,POS,item,Pepsi@40rs,1.0,0.0,0.0
2025-02-04,POS,item,Pizza Upgrade,1.0,0.0,0.0
2025-02-04,POS,item,Slice 200ml,1.0,0.0,0.0
2025-02-04,POS,item,Slice@40rs,1.0,0.0,0.0
2025-02-04,POS,item,Soft Drink,1.0,0.0,0.0
2025-02-04,POS,item,Special Discount,0.0,0.0,0.0
2025-02-04,POS,item,Spicy Chicken Zinger Burger,4.0,0.0,0.0
2025-02-04,POS,item,Tender Coconut,1.0,0.0,0.0
2025-02-04,POS,item,Water Melon,1.0,0.0,0.0
2025-02-03,POS,item,12 Inch - Large Pizza,2.0,120.0,240.0
2025-02-03,POS,item,2 Regular Non-veg@389,3.0,80.0,240.0
2025-02-03,POS,item,9 Inch - Medium Pizza,5.0,75.0,375.0
2025-02-03,POS,item,Super Saver Meal Medium,2.0,75.0,150.0
2025-02-03,POS,item,7 Inch - Regular Pizza,15.0,40.0,600.0
2025-02-03,Swiggy,item,7 Inch - Regular Pizza,6.0,40.0,240.0
2025-02-03,POS,item,Garlic Bread Supreme [veg],1.0,40.0,40.0
2025-02-03,POS,item,Combo Delight Non-Veg,3.0,20.0,60.0
2025-02-03,POS,item,7up 250ml Pet,2.0,0.0,0.0
2025-02-03,POS,item,7up @50rs,1.0,0.0,0.0
2025-02-03,POS,item,7up@40rs,2.0,0.0,0.0
2025-02-03,POS,item,Blue Mojito,2.0,0.0,0.0
2025-02-03,POS,item,Brownie With Ice Cream,1.0,0.0,0.0
2025-02-03,POS,item,Burger Combo @ 169,1.0,0.0,0.0
2025-02-03,POS,item,Burger Combo @ 179,1.0,0.0,0.0
2025-02-03,Swiggy,item,Butterscotch Sundae,1.0,0.0,0.0
2025-02-03,POS,item,Cheesy Fries,1.0,0.0,0.0
2025-02-03,POS,item,Chicken Nuggets,1.0,0.0,0.0
2025-02-03,POS,item,Chicken Pasta,6.0,0.0,0.0
2025-02-03,Swiggy,item,Chicken Pasta,1.0,0.0,0.0
2025-02-03,POS,item,Chocolate Shake,1.0,0.0,0.0
2025-02-03,POS,item,French Fries,5.0,0.0,0.0
2025-02-03,POS,item,Fresh Lime Juice,3.0,0.0,0.0
2025-02-03,POS,item,Green Apple,3.0,0.0,0.0
2025-02-03,POS,item,Loaded Fries,5.0,0.0,0.0
2025-02-03,POS,item,Mdew 250ml Pet,1.0,0.0,0.0
2025-02-03,POS,item,Mdew 330ml Can,1.0,0.0,0.0
2025-02-03,POS,item,Mineral Water,1.0,0.0,0.0
2025-02-03,POS,item,Mint Lime Juice,2.0,0.0,0.0
2025-02-03,POS,item,Passion Fruit,2.0,0.0,0.0
2025-02-03,POS,item,Pepsi 250ml Pet,3.0,0.0,0.0
2025-02-03,POS,item,Pepsi@40rs,4.0,0.0,0.0
2025-02-03,POS,item,Pepsi@50rs,2.0,0.0,0.0
2025-02-03,POS,item,Pineapple Juice,1.0,0.0,0.0
2025-02-03,POS,item,Pizza Upgrade,1.0,0.0,0.0
2025-02-03,POS,item,Potato Wedges,1.0,0.0,0.0
2025-02-03,POS,item,Slice 200ml,3.0,0.0,0.0
2025-02-03,POS,item,Tender Coconut,1.0,0.0,0.0
2025-02-03,POS,item,Water Melon,1.0,0.0,0.0
2025-02-02,POS,item,12 Inch - Large Pizza,4.0,120.0,480.0
2025-02-02,POS,item,Non Veg Meal For 4,1.0,120.0,120.0
2025-02-02,POS,item,2 Regular Non-veg@389,3.0,80.0,240.0
2025-02-02,POS,item,9 Inch - Medium Pizza,7.0,75.0,525.0
2025-02-02,Swiggy,item,9 Inch - Medium Pizza,1.0,75.0,75.0
2025-02-02,POS,item,7 Inch - Regular Pizza,8.0,40.0,320.0
2025-02-02,Swiggy,item,7 Inch - Regular Pizza,4.0,40.0,160.0
2025-02-02,POS,item,Garlic Bread With Cheese,1.0,40.0,40.0
2025-02-02,POS,item,Super Saver Meal Regular,1.0,40.0,40.0
2025-02-02,POS,item,Combo Delight Non-Veg,2.0,20.0,40.0
2025-02-02,POS,item,7up 250ml Pet,7.0,0.0,0.0
2025-02-02,POS,item,7up @50rs,2.0,0.0,0.0
2025-02-02,POS,item,7up@40rs,3.0,0.0,0.0
2025-02-02,POS,item,Black And White,1.0,0.0,0.0
2025-02-02,Swiggy,item,Blue Mojito,1.0,0.0,0.0
2025-02-02,Swiggy,item,Brownie,1.0,0.0,0.0
2025-02-02,Swiggy,item,Brownie With Ice Cream,1.0,0.0,0.0
2025-02-02,POS,item,Burger Combo @ 179,1.0,0.0,0.0
2025-02-02,POS,item,Cheesy Fries,1.0,0.0,0.0
2025-02-02,POS,item,Chicken Nuggets,1.0,0.0,0.0
2025-02-02,POS,item,Chikku Shake,2.0,0.0,0.0
2025-02-02,POS,item,French Fries,7.0,0.0,0.0
2025-02-02,Swiggy,item,French Fries,3.0,0.0,0.0
2025-02-02,POS,item,Fresh Lime Juice,3.0,0.0,0.0
2025-02-02,Swiggy,item,Mango,1.0,0.0,0.0
2025-02-02,POS,item,Mdew 330ml Can,1.0,0.0,0.0
2025-02-02,POS,item,Mint Lime Juice,1.0,0.0,0.0
2025-02-02,POS,item,Pepsi 250ml Pet,1.0,0.0,0.0
2025-02-02,POS,item,Pepsi 330ml Can,1.0,0.0,0.0
2025-02-02,POS,item,Pepsi@40rs,1.0,0.0,0.0
2025-02-02,POS,item,Pepsi@50rs,4.0,0.0,0.0
2025-02-02,POS,item,Pineapple Juice,4.0,0.0,0.0
2025-02-02,POS,item,Regular Chicken Burger,1.0,0.0,0.0
2025-02-02,POS,item,Slice 200ml,1.0,0.0,0.0
2025-02-02,POS,item,Special Discount,0.0,0.0,0.0
2025-02-02,POS,item,Veg Burger,2.0,0.0,0.0
2025-02-02,POS,item,Veg Pasta,3.0,0.0,0.0
2025-02-02,Swiggy,item,Veg Pasta,1.0,0.0,0.0
2025-02-02,POS,item,Water Melon,1.0,0.0,0.0
2025-02-02,POS,item,Watermelon Juice,1.0,0.0,0.0
2025-02-01,POS,item,2 Medium Non-veg@699,1.0,150.0,150.0
2025-02-01,POS,item,12 Inch - Large Pizza,6.0,120.0,720.0
2025-02-01,POS,item,2 Regular Veg@329,4.0,80.0,320.0
2025-02-01,POS,item,9 Inch - Medium Pizza,5.0,75.0,375.0
2025-02-01,Swiggy,item,9 Inch - Medium Pizza,2.0,75.0,150.0
2025-02-01,POS,item,Non Veg Meal For 2,1.0,75.0,75.0
2025-02-01,POS,item,7 Inch - Regular Pizza,9.0,40.0,360.0
2025-02-01,Swiggy,item,7 Inch - Regular Pizza,6.0,40.0,240.0
2025-02-01,POS,item,Delicious Combo Delight,2.0,40.0,80.0
2025-02-01,POS,item,Fantastic Fun Meal,1.0,40.0,40.0
2025-02-01,POS,item,Super Saver Meal Regular,2.0,40.0,80.0
2025-02-01,POS,addon,9 Inch - Medium Pizza -Extra Cheese,1.0,38.0,38.0
2025-02-01,POS,item,7up 250ml Pet,3.0,0.0,0.0
2025-02-01,POS,item,7up @50rs,1.0,0.0,0.0
2025-02-01,POS,item,Blue Mojito,1.0,0.0,0.0
2025-02-01,POS,item,Burger Combo @ 179,6.0,0.0,0.0
2025-02-01,POS,item,Cheesy Fries,1.0,0.0,0.0
2025-02-01,POS,item,Chicken Pasta,2.0,0.0,0.0
2025-02-01,Swiggy,item,Chicken Pasta,1.0,0.0,0.0
2025-02-01,POS,item,Chicken Popcorn,1.0,0.0,0.0
2025-02-01,POS,item,French Fries,3.0,0.0,0.0
2025-02-01,Swiggy,item,French Fries,1.0,0.0,0.0
2025-02-01,POS,item,Fresh Lime Juice,4.0,0.0,0.0
2025-02-01,POS,item,Garlic Bread,1.0,0.0,0.0
2025-02-01,Swiggy,item,Garlic Bread,1.0,0.0,0.0
2025-02-01,POS,item,Grapes Juice,1.0,0.0,0.0
2025-02-01,POS,item,Green Apple,1.0,0.0,0.0
2025-02-01,Swiggy,item,Green Apple,1.0,0.0,0.0
2025-02-01,POS,item,Mango,1.0,0.0,0.0
2025-02-01,Swiggy,item,Mango,1.0,0.0,0.0
2025-02-01,POS,item,Mdew@40rs,1.0,0.0,0.0
2025-02-01,POS,item,Mineral Water,3.0,0.0,0.0
2025-02-01,POS,item,Mint Lime Juice,3.0,0.0,0.0
2025-02-01,POS,item,Mixed Chicken Salad,1.0,0.0,0.0
2025-02-01,POS,item,Pepsi@40rs,3.0,0.0,0.0
2025-02-01,POS,item,Pepsi@50rs,6.0,0.0,0.0
2025-02-01,POS,item,Pineapple Juice,5.0,0.0,0.0
2025-02-01,POS,item,Pink Lady,1.0,0.0,0.0
2025-02-01,POS,item,Regular Chicken Burger,4.0,0.0,0.0
2025-02-01,POS,item,Special Discount,0.0,0.0,0.0
2025-02-01,POS,item,Spicy Chicken Zinger Burger,5.0,0.0,0.0
2025-02-01,POS,item,Tender Coconut,2.0,0.0,0.0
2025-02-01,POS,item,Veg Burger,3.0,0.0,0.0
2025-01-31,POS,item,12 Inch - Large Pizza,3.0,120.0,360.0
2025-01-31,POS,item,2 Regular Non-veg@389,1.0,80.0,80.0
2025-01-31,POS,item,9 Inch - Medium Pizza,1.0,75.0,75.0
2025-01-31,POS,item,7 Inch - Regular Pizza,7.0,40.0,280.0
2025-01-31,Swiggy,item,7 Inch - Regular Pizza,2.0,40.0,80.0
2025-01-31,Swiggy,item,Garlic Bread Supreme[non-veg],1.0,40.0,40.0
2025-01-31,POS,item,Non Veg Meal For 1,1.0,40.0,40.0
2025-01-31,POS,item,Super Saver Meal Regular,2.0,40.0,80.0
2025-01-31,Swiggy,addon,7 Inch - Regular Pizza -Extra Cheese,1.0,20.0,20.0
2025-01-31,POS,item,Combo Delight Non-Veg,1.0,20.0,20.0
2025-01-31,POS,item,Combo Delight Veg,1.0,20.0,20.0
2025-01-31,POS,item,7up @50rs,2.0,0.0,0.0
2025-01-31,POS,item,7up@40rs,1.0,0.0,0.0
2025-01-31,Swiggy,item,Blue Mojito,1.0,0.0,0.0
2025-01-31,Swiggy,item,Brownie With Ice Cream,1.0,0.0,0.0
2025-01-31,POS,item,Chicken Pasta,1.0,0.0,0.0
2025-01-31,POS,item,French Fries,3.0,0.0,0.0
2025-01-31,POS,item,Fresh Garden Mint,1.0,0.0,0.0
2025-01-31,POS,item,Greek Salad,1.0,0.0,0.0
2025-01-31,Swiggy,item,Green Apple,1.0,0.0,0.0
2025-01-31,POS,item,Mineral Water,3.0,0.0,0.0
2025-01-31,POS,item,Mint Lime Juice,1.0,0.0,0.0
2025-01-31,POS,item,Mixed Berry,1.0,0.0,0.0
2025-01-31,POS,item,Pepsi 250ml Pet,5.0,0.0,0.0
2025-01-31,POS,item,Pepsi@40rs,3.0,0.0,0.0
2025-01-31,POS,item,Pepsi@50rs,1.0,0.0,0.0
2025-01-31,POS,item,Tender Coconut,2.0,0.0,0.0
2025-01-31,POS,item,Veg Pasta,1.0,0.0,0.0
2025-01-30,POS,item,12 Inch - Large Pizza,1.0,120.0,120.0
2025-01-30,POS,item,9 Inch - Medium Pizza,4.0,75.0,300.0
2025-01-30,POS,item,Super Saver Meal Medium,2.0,75.0,150.0
2025-01-30,POS,item,7 Inch - Regular Pizza,11.0,40.0,440.0
2025-01-30,Swiggy,item,7 Inch - Regular Pizza,1.0,40.0,40.0
2025-01-30,POS,item,Garlic Bread Supreme [veg],1.0,40.0,40.0
2025-01-30,POS,item,Combo Delight Non-Veg,1.0,20.0,20.0
2025-01-30,POS,item,7up 330ml Can,1.0,0.0,0.0
2025-01-30,POS,item,Brownie,1.0,0.0,0.0
2025-01-30,Swiggy,item,Brownie With Ice Cream,1.0,0.0,0.0
2025-01-30,POS,item,Cheese N Macaroni Salad,1.0,0.0,0.0
2025-01-30,POS,item,Chicken Nuggets,1.0,0.0,0.0
2025-01-30,POS,item,Chicken Pasta,3.0,0.0,0.0
2025-01-30,POS,item,Chicken Popcorn,1.0,0.0,0.0
2025-01-30,POS,item,French Fries,4.0,0.0,0.0
2025-01-30,POS,item,Green Apple,1.0,0.0,0.0
2025-01-30,POS,item,Loaded Fries,1.0,0.0,0.0
2025-01-30,Swiggy,item,Macaroni N Chicken Salad,1.0,0.0,0.0
2025-01-30,POS,item,Mdew 250ml Pet,1.0,0.0,0.0
2025-01-30,POS,item,Mdew@40rs,1.0,0.0,0.0
2025-01-30,POS,item,Mint Lime Juice,2.0,0.0,0.0
2025-01-30,POS,item,Pepsi@40rs,2.0,0.0,0.0
2025-01-30,POS,item,Pepsi@50rs,1.0,0.0,0.0
2025-01-30,POS,item,Tender Coconut,3.0,0.0,0.0
2025-01-30,POS,item,Watermelon Juice,1.0,0.0,0.0
2025-01-30,POS,item,12 Inch - Large Pizza,1.0,120.0,120.0
2025-01-30,POS,item,9 Inch - Medium Pizza,4.0,75.0,300.0
2025-01-30,POS,item,Super Saver Meal Medium,2.0,75.0,150.0
2025-01-30,POS,item,7 Inch - Regular Pizza,11.0,40.0,440.0
2025-01-30,Swiggy,item,7 Inch - Regular Pizza,1.0,40.0,40.0
2025-01-30,POS,item,Garlic Bread Supreme [veg],1.0,40.0,40.0
2025-01-30,POS,item,Combo Delight Non-Veg,1.0,20.0,20.0
2025-01-30,POS,item,7up 330ml Can,1.0,0.0,0.0
2025-01-30,POS,item,Brownie,1.0,0.0,0.0
2025-01-30,Swiggy,item,Brownie With Ice Cream,1.0,0.0,0.0
2025-01-30,POS,item,Cheese N Macaroni Salad,1.0,0.0,0.0
2025-01-30,POS,item,Chicken Nuggets,1.0,0.0,0.0
2025-01-30,POS,item,Chicken Pasta,3.0,0.0,0.0
2025-01-30,POS,item,Chicken Popcorn,1.0,0.0,0.0
2025-01-30,POS,item,French Fries,4.0,0.0,0.0
2025-01-30,POS,item,Green Apple,1.0,0.0,0.0
2025-01-30,POS,item,Loaded Fries,1.0,0.0,0.0
2025-01-30,Swiggy,item,Macaroni N Chicken Salad,1.0,0.0,0.0
2025-01-30,POS,item,Mdew 250ml Pet,1.0,0.0,0.0
2025-01-30,POS,item,Mdew@40rs,1.0,0.0,0.0
2025-01-30,POS,item,Mint Lime Juice,2.0,0.0,0.0
2025-01-30,POS,item,Pepsi@40rs,2.0,0.0,0.0
2025-01-30,POS,item,Pepsi@50rs,1.0,0.0,0.0
2025-01-30,POS,item,Tender Coconut,3.0,0.0,0.0
2025-01-30,POS,item,Watermelon Juice,1.0,0.0,0.0
2025-01-29,POS,item,12 Inch - Large Pizza,1.0,120.0,120.0
2025-01-29,POS,item,9 Inch - Medium Pizza,3.0,75.0,225.0
2025-01-29,Swiggy,item,9 Inch - Medium Pizza,1.0,75.0,75.0
2025-01-29,POS,item,Non Veg Meal For 2,1.0,75.0,75.0
2025-01-29,POS,item,7 Inch - Regular Pizza,3.0,40.0,120.0
2025-01-29,Swiggy,item,7 Inch - Regular Pizza,3.0,40.0,120.0
2025-01-29,Swiggy,item,Garlic Bread With Cheese,1.0,40.0,40.0
2025-01-29,POS,item,Super Saver Meal Regular,1.0,40.0,40.0
2025-01-29,Swiggy,addon,9 Inch - Medium Pizza -Extra Cheese,1.0,38.0,38.0
2025-01-29,POS,item,7up 250ml Pet,6.0,0.0,0.0
2025-01-29,POS,item,7up@40rs,1.0,0.0,0.0
2025-01-29,POS,item,Blue Mojito,1.0,0.0,0.0
2025-01-29,POS,item,Brownie With Ice Cream,1.0,0.0,0.0
2025-01-29,Swiggy,item,Chicken Pasta,1.0,0.0,0.0
2025-01-29,POS,item,Chikku Shake,1.0,0.0,0.0
2025-01-29,POS,item,Chocolate Shake,4.0,0.0,0.0
2025-01-29,POS,item,French Fries,3.0,0.0,0.0
2025-01-29,POS,item,Fresh Lime Juice,1.0,0.0,0.0
2025-01-29,POS,item,Mango,1.0,0.0,0.0
2025-01-29,POS,item,Mdew 330ml Can,2.0,0.0,0.0
2025-01-29,POS,item,Mineral Water,2.0,0.0,0.0
2025-01-29,POS,item,Mixed Berry,1.0,0.0,0.0
2025-01-29,Swiggy,item,Passion Mint,1.0,0.0,0.0
2025-01-29,POS,item,Pepsi 250ml Pet,5.0,0.0,0.0
2025-01-29,POS,item,Pepsi 330ml Can,1.0,0.0,0.0
2025-01-29,POS,item,Pepsi@40rs,3.0,0.0,0.0
2025-01-29,POS,item,Pepsi@50rs,4.0,0.0,0.0
2025-01-29,POS,item,Sizzling Brownie,1.0,0.0,0.0
2025-01-29,POS,item,Soda,2.0,0.0,0.0
2025-01-29,POS,item,Strawberry,1.0,0.0,0.0
2025-01-29,Swiggy,item,Strawberry,1.0,0.0,0.0
2025-01-29,POS,item,Veg Pasta,1.0,0.0,0.0
2025-01-28,POS,item,Non Veg Meal For 6,1.0,195.0,195.0
2025-01-28,POS,item,2 Medium Non-veg@699,1.0,150.0,150.0
2025-01-28,POS,item,12 Inch - Large Pizza,2.0,120.0,240.0
2025-01-28,POS,item,2 Regular Non-veg@389,1.0,80.0,80.0
2025-01-28,POS,item,9 Inch - Medium Pizza,4.0,75.0,300.0
2025-01-28,POS,item,Non Veg Meal For 2,1.0,75.0,75.0
2025-01-28,POS,item,7 Inch - Regular Pizza,8.0,40.0,320.0
2025-01-28,Swiggy,item,7 Inch - Regular Pizza,3.0,40.0,120.0
2025-01-28,POS,addon,7 Inch - Regular Pizza -Extra Cheese,1.0,20.0,20.0
2025-01-28,POS,item,7up 250ml Pet,1.0,0.0,0.0
2025-01-28,POS,item,7up @50rs,1.0,0.0,0.0
2025-01-28,POS,item,7up@40rs,1.0,0.0,0.0
2025-01-28,POS,item,Blue Mojito,1.0,0.0,0.0
2025-01-28,POS,item,Chicken Nuggets,2.0,0.0,0.0
2025-01-28,POS,item,Chicken Pasta,1.0,0.0,0.0
2025-01-28,POS,item,Chicken Popcorn,1.0,0.0,0.0
2025-01-28,POS,item,Fresh Lime Juice,2.0,0.0,0.0
2025-01-28,POS,item,Green Apple,1.0,0.0,0.0
2025-01-28,POS,item,Loaded Fries,1.0,0.0,0.0
2025-01-28,POS,item,Macaroni N Chicken Salad,1.0,0.0,0.0
2025-01-28,POS,item,Mdew 330ml Can,1.0,0.0,0.0
2025-01-28,POS,item,Pepsi 250ml Pet,1.0,0.0,0.0
2025-01-28,POS,item,Pepsi@40rs,2.0,0.0,0.0
2025-01-28,POS,item,Pepsi@50rs,2.0,0.0,0.0
2025-01-28,POS,item,Pineapple Juice,1.0,0.0,0.0
2025-01-28,POS,item,Pizza Upgrade,1.0,0.0,0.0
2025-01-28,POS,item,Regular Chicken Burger,1.0,0.0,0.0
2025-01-28,POS,item,Soda,1.0,0.0,0.0
2025-01-28,POS,item,Special Discount,0.0,0.0,0.0
2025-01-28,POS,item,Tender Coconut,1.0,0.0,0.0
2025-01-28,POS,item,Veg Burger,1.0,0.0,0.0
2025-01-28,POS,item,Veg Pasta,1.0,0.0,0.0
2025-01-27,POS,item,2 Medium Non-veg@699,1.0,150.0,150.0
2025-01-27,POS,item,12 Inch - Large Pizza,4.0,120.0,480.0
2025-01-27,POS,item,2 Regular Non-veg@389,1.0,80.0,80.0
2025-01-27,POS,item,9 Inch - Medium Pizza,3.0,75.0,225.0
2025-01-27,Swiggy,item,9 Inch - Medium Pizza,1.0,75.0,75.0
2025-01-27,POS,item,Non Veg Meal For 2,1.0,75.0,75.0
2025-01-27,POS,item,7 Inch - Regular Pizza,10.0,40.0,400.0
2025-01-27,Swiggy,item,7 Inch - Regular Pizza,1.0,40.0,40.0
2025-01-27,POS,item,Garlic Bread With Cheese,1.0,40.0,40.0
2025-01-27,POS,item,Super Saver Meal Regular,1.0,40.0,40.0
2025-01-27,POS,item,Combo Delight Non-Veg,2.0,20.0,40.0
2025-01-27,POS,item,7up 250ml Pet,1.0,0.0,0.0
2025-01-27,POS,item,7up @50rs,1.0,0.0,0.0
2025-01-27,POS,item,7up@40rs,1.0,0.0,0.0
2025-01-27,POS,item,Blue Mojito,3.0,0.0,0.0
2025-01-27,POS,item,French Fries,1.0,0.0,0.0
2025-01-27,POS,item,Loaded Fries,2.0,0.0,0.0
2025-01-27,POS,item,Mdew 250ml Pet,1.0,0.0,0.0
2025-01-27,POS,item,Mineral Water,2.0,0.0,0.0
2025-01-27,POS,item,Mixed Chicken Salad,1.0,0.0,0.0
2025-01-27,POS,item,Pepsi 250ml Pet,1.0,0.0,0.0
2025-01-27,POS,item,Pepsi@40rs,3.0,0.0,0.0
2025-01-27,POS,item,Pepsi@50rs,2.0,0.0,0.0
2025-01-27,POS,item,Pizza Upgrade,1.0,0.0,0.0
2025-01-27,POS,item,Regular Chicken Burger,1.0,0.0,0.0
2025-01-27,POS,item,Sizzling Brownie,1.0,0.0,0.0
2025-01-27,POS,item,Slice 200ml,1.0,0.0,0.0
2025-01-27,POS,item,Soda,2.0,0.0,0.0
2025-01-27,POS,item,Soft Drink,1.0,0.0,0.0
2025-01-27,POS,item,Special Discount,0.0,0.0,0.0
2025-01-26,POS,item,2 Medium Non-veg@699,1.0,150.0,150.0
2025-01-26,POS,item,12 Inch - Large Pizza,6.0,120.0,720.0
2025-01-26,POS,item,2 Regular Non-veg@389,7.0,80.0,560.0
2025-01-26,POS,item,2 Regular Veg@329,1.0,80.0,80.0
2025-01-26,POS,item,9 Inch - Medium Pizza,6.0,75.0,450.0
2025-01-26,Swiggy,item,9 Inch - Medium Pizza,2.0,75.0,150.0
2025-01-26,POS,item,7 Inch - Regular Pizza,7.0,40.0,280.0
2025-01-26,Swiggy,item,7 Inch - Regular Pizza,6.0,40.0,240.0
2025-01-26,POS,item,Delicious Combo Delight,1.0,40.0,40.0
2025-01-26,POS,item,Garlic Bread With Cheese,1.0,40.0,40.0
2025-01-26,POS,item,Non Veg Meal For 1,1.0,40.0,40.0
2025-01-26,POS,item,Super Saver Meal Regular,3.0,40.0,120.0
2025-01-26,POS,item,Combo Delight Non-Veg,1.0,20.0,20.0
2025-01-26,POS,item,7up 250ml Pet,1.0,0.0,0.0
2025-01-26,POS,item,7up @50rs,5.0,0.0,0.0
2025-01-26,POS,item,7up@40rs,4.0,0.0,0.0
2025-01-26,POS,item,Blue Mojito,2.0,0.0,0.0
2025-01-26,Swiggy,item,Brownie,3.0,0.0,0.0
2025-01-26,POS,item,Brownie With Ice Cream,2.0,0.0,0.0
2025-01-26,Swiggy,item,Brownie With Ice Cream,2.0,0.0,0.0
2025-01-26,POS,item,Burger Combo @ 169,1.0,0.0,0.0
2025-01-26,Swiggy,item,Cheesy Fries,2.0,0.0,0.0
2025-01-26,POS,item,Cheesy Fries,1.0,0.0,0.0
2025-01-26,POS,item,Chicken Nuggets,1.0,0.0,0.0
2025-01-26,POS,item,Chicken Pasta,5.0,0.0,0.0
2025-01-26,Swiggy,item,Chicken Pasta,1.0,0.0,0.0
2025-01-26,POS,item,French Fries,3.0,0.0,0.0
2025-01-26,Swiggy,item,French Fries,1.0,0.0,0.0
2025-01-26,Swiggy,item,Fresh Garden Mint,1.0,0.0,0.0
2025-01-26,POS,item,Fresh Lime Juice,5.0,0.0,0.0
2025-01-26,POS,item,Garlic Bread,1.0,0.0,0.0
2025-01-26,POS,item,Grapes Juice,1.0,0.0,0.0
2025-01-26,Swiggy,item,Green Apple,1.0,0.0,0.0
2025-01-26,POS,item,Mango,1.0,0.0,0.0
2025-01-26,POS,item,Mineral Water,6.0,0.0,0.0
2025-01-26,POS,item,Mint Lime Juice,15.0,0.0,0.0
2025-01-26,Swiggy,item,Nutty Vanilla,1.0,0.0,0.0
2025-01-26,POS,item,Pepsi 250ml Pet,1.0,0.0,0.0
2025-01-26,POS,item,Pepsi@40rs,2.0,0.0,0.0
2025-01-26,POS,item,Pepsi@50rs,1.0,0.0,0.0
2025-01-26,POS,item,Potato Wedges,1.0,0.0,0.0
2025-01-26,Swiggy,item,Potato Wedges,1.0,0.0,0.0
2025-01-26,POS,item,Regular Chicken Burger,1.0,0.0,0.0
2025-01-26,POS,item,Slice 200ml,2.0,0.0,0.0
2025-01-26,POS,item,Special Discount,0.0,0.0,0.0
2025-01-26,POS,item,Veg Burger,3.0,0.0,0.0
2025-01-26,POS,item,Watermelon Juice,1.0,0.0,0.0
2025-01-25,POS,item,2 Medium Non-veg@699,1.0,150.0,150.0
2025-01-25,POS,item,12 Inch - Large Pizza,3.0,120.0,360.0
2025-01-25,POS,item,2 Regular Non-veg@389,4.0,80.0,320.0
2025-01-25,POS,item,9 Inch - Medium Pizza,9.0,75.0,675.0
2025-01-25,POS,item,7 Inch - Regular Pizza,11.0,40.0,440.0
2025-01-25,Swiggy,item,7 Inch - Regular Pizza,2.0,40.0,80.0
2025-01-25,POS,item,Garlic Bread Supreme[non-veg],2.0,40.0,80.0
2025-01-25,POS,item,Garlic Bread With Cheese,1.0,40.0,40.0
2025-01-25,POS,item,Super Saver Meal Regular,2.0,40.0,80.0
2025-01-25,POS,addon,7 Inch - Regular Pizza -Extra Cheese,1.0,20.0,20.0
2025-01-25,POS,item,Combo Delight Non-Veg,2.0,20.0,40.0
2025-01-25,POS,item,7up 250ml Pet,5.0,0.0,0.0
2025-01-25,POS,item,7up @50rs,1.0,0.0,0.0
2025-01-25,POS,item,Blue Curacao,1.0,0.0,0.0
2025-01-25,Swiggy,item,Brownie,1.0,0.0,0.0
2025-01-25,POS,item,Burger Combo @ 169,1.0,0.0,0.0
2025-01-25,POS,item,Burger Combo @ 179,1.0,0.0,0.0
2025-01-25,POS,item,Cheese N Macaroni Salad,1.0,0.0,0.0
2025-01-25,POS,item,Cheesy Fries,1.0,0.0,0.0
2025-01-25,Swiggy,item,Chicken Nuggets,1.0,0.0,0.0
2025-01-25,POS,item,Chicken Pasta,1.0,0.0,0.0
2025-01-25,Swiggy,item,Cucumber,1.0,0.0,0.0
2025-01-25,POS,item,French Fries,7.0,0.0,0.0
2025-01-25,Swiggy,item,French Fries,3.0,0.0,0.0
2025-01-25,POS,item,Fresh Lime Juice,3.0,0.0,0.0
2025-01-25,POS,item,Garlic Bread,2.0,0.0,0.0
2025-01-25,POS,item,Greek Salad,1.0,0.0,0.0
2025-01-25,POS,item,Green Apple,1.0,0.0,0.0
2025-01-25,POS,item,Loaded Fries,2.0,0.0,0.0
2025-01-25,POS,item,Mdew 250ml Pet,1.0,0.0,0.0
2025-01-25,POS,item,Pepsi 250ml Pet,1.0,0.0,0.0
2025-01-25,POS,item,Pepsi 330ml Can,1.0,0.0,0.0
2025-01-25,POS,item,Pineapple Juice,2.0,0.0,0.0
2025-01-25,POS,item,Regular Chicken Burger,2.0,0.0,0.0
2025-01-25,POS,item,Slice 200ml,5.0,0.0,0.0
2025-01-25,POS,item,Slice@40rs,1.0,0.0,0.0
2025-01-25,POS,item,Veg Burger,2.0,0.0,0.0
2025-01-24,POS,item,2 Medium Non-veg@699,1.0,150.0,150.0
2025-01-24,POS,item,12 Inch - Large Pizza,2.0,120.0,240.0
2025-01-24,POS,item,Non Veg Meal For 4,2.0,120.0,240.0
2025-01-24,POS,item,2 Regular Non-veg@389,2.0,80.0,160.0
2025-01-24,Swiggy,item,9 Inch - Medium Pizza,2.0,75.0,150.0
2025-01-24,POS,item,9 Inch - Medium Pizza,1.0,75.0,75.0
2025-01-24,POS,item,Super Saver Meal Medium,2.0,75.0,150.0
2025-01-24,POS,item,Veg Meal For 2,1.0,75.0,75.0
2025-01-24,POS,item,7 Inch - Regular Pizza,10.0,40.0,400.0
2025-01-24,Swiggy,item,7 Inch - Regular Pizza,1.0,40.0,40.0
2025-01-24,POS,item,Garlic Bread With Cheese,1.0,40.0,40.0
2025-01-24,POS,item,Super Saver Meal Regular,2.0,40.0,80.0
2025-01-24,POS,addon,7 Inch - Regular Pizza -Extra Cheese,1.0,20.0,20.0
2025-01-24,POS,item,7up 250ml Pet,1.0,0.0,0.0
2025-01-24,POS,item,7up @50rs,2.0,0.0,0.0
2025-01-24,POS,item,7up@40rs,2.0,0.0,0.0
2025-01-24,POS,item,Blue Mojito,1.0,0.0,0.0
2025-01-24,Swiggy,item,Blue Mojito,1.0,0.0,0.0
2025-01-24,POS,item,Cheesy Fries,1.0,0.0,0.0
2025-01-24,Swiggy,item,Chicken Loaded Fries,1.0,0.0,0.0
2025-01-24,Swiggy,item,Chicken Pasta,1.0,0.0,0.0
2025-01-24,POS,item,Coleslaw Salad,1.0,0.0,0.0
2025-01-24,POS,item,French Fries,4.0,0.0,0.0
2025-01-24,POS,item,Mango,1.0,0.0,0.0
2025-01-24,POS,item,Mineral Water,1.0,0.0,0.0
2025-01-24,POS,item,Pepsi 250ml Pet,1.0,0.0,0.0
2025-01-24,POS,item,Pepsi 330ml Can,1.0,0.0,0.0
2025-01-24,POS,item,Pepsi@50rs,1.0,0.0,0.0
2025-01-24,POS,item,Pizza Upgrade,2.0,0.0,0.0
2025-01-24,POS,item,Potato Wedges,1.0,0.0,0.0
2025-01-24,POS,item,Slice 200ml,2.0,0.0,0.0
2025-01-24,POS,item,Veg Pasta,1.0,0.0,0.0
2025-01-24,POS,item,Water Melon,1.0,0.0,0.0
2025-01-24,Swiggy,item,Water Melon,1.0,0.0,0.0
2025-01-24,POS,item,Watermelon Juice,1.0,0.0,0.0
2025-01-23,POS,item,2 Medium Non-veg@699,1.0,150.0,150.0
2025-01-23,POS,item,2 Regular Non-veg@389,1.0,80.0,80.0
2025-01-23,POS,item,9 Inch - Medium Pizza,5.0,75.0,375.0
2025-01-23,Swiggy,item,9 Inch - Medium Pizza,1.0,75.0,75.0
2025-01-23,POS,item,Super Saver Meal Medium,1.0,75.0,75.0
2025-01-23,POS,item,7 Inch - Regular Pizza,10.0,40.0,400.0
2025-01-23,Swiggy,item,7 Inch - Regular Pizza,4.0,40.0,160.0
2025-01-23,POS,item,Super Saver Meal Regular,1.0,40.0,40.0
2025-01-23,POS,item,7up 250ml Pet,1.0,0.0,0.0
2025-01-23,POS,item,7up@40rs,1.0,0.0,0.0
2025-01-23,POS,item,Blue Mojito,2.0,0.0,0.0
2025-01-23,POS,item,Burger Combo @ 169,4.0,0.0,0.0
2025-01-23,Swiggy,item,Cheesy Fries,2.0,0.0,0.0
2025-01-23,Swiggy,item,Chicken Loaded Fries,1.0,0.0,0.0
2025-01-23,POS,item,Chicken Pasta,2.0,0.0,0.0
2025-01-23,Swiggy,item,Chicken Pasta,1.0,0.0,0.0
2025-01-23,POS,item,Chikku Shake,2.0,0.0,0.0
2025-01-23,POS,item,Chocolate Shake,1.0,0.0,0.0
2025-01-23,POS,item,French Fries,7.0,0.0,0.0
2025-01-23,Swiggy,item,French Fries,1.0,0.0,0.0
2025-01-23,POS,item,Fresh Garden Mint,1.0,0.0,0.0
2025-01-23,POS,item,Fresh Lime Juice,3.0,0.0,0.0
2025-01-23,Swiggy,item,Garlic Bread,2.0,0.0,0.0
2025-01-23,POS,item,Grapes Juice,1.0,0.0,0.0
2025-01-23,Swiggy,item,Greek Salad,1.0,0.0,0.0
2025-01-23,POS,item,Loaded Fries,3.0,0.0,0.0
2025-01-23,POS,item,Mint Lime Juice,1.0,0.0,0.0
2025-01-23,POS,item,Passion Fruit,1.0,0.0,0.0
2025-01-23,POS,item,Pepsi 250ml Pet,3.0,0.0,0.0
2025-01-23,POS,item,Pepsi@40rs,1.0,0.0,0.0
2025-01-23,POS,item,Pepsi@50rs,1.0,0.0,0.0
2025-01-23,POS,item,Regular Chicken Burger,1.0,0.0,0.0
2025-01-23,POS,item,Slice 200ml,1.0,0.0,0.0
2025-01-23,POS,item,Tender Coconut,2.0,0.0,0.0
2025-01-23,POS,item,Veg Pasta,1.0,0.0,0.0
2025-01-23,POS,item,Watermelon Juice,1.0,0.0,0.0
2025-01-22,POS,item,2 Medium Non-veg@699,1.0,150.0,150.0
2025-01-22,POS,item,12 Inch - Large Pizza,5.0,120.0,600.0
2025-01-22,POS,item,2 Regular Non-veg@389,1.0,80.0,80.0
2025-01-22,POS,item,9 Inch - Medium Pizza,10.0,75.0,750.0
2025-01-22,POS,item,7 Inch - Regular Pizza,13.0,40.0,520.0
2025-01-22,POS,item,Garlic Bread Supreme [veg],1.0,40.0,40.0
2025-01-22,POS,item,Garlic Bread Supreme[non-veg],1.0,40.0,40.0
2025-01-22,POS,addon,7 Inch - Regular Pizza -Extra Cheese,1.0,20.0,20.0
2025-01-22,POS,item,7up 250ml Pet,1.0,0.0,0.0
2025-01-22,POS,item,7up@40rs,1.0,0.0,0.0
2025-01-22,POS,item,Cheesy Fries,1.0,0.0,0.0
2025-01-22,POS,item,Chicken Nuggets,2.0,0.0,0.0
2025-01-22,POS,item,French Fries,10.0,0.0,0.0
2025-01-22,POS,item,Fresh Lime Juice,3.0,0.0,0.0
2025-01-22,POS,item,Green Apple,2.0,0.0,0.0
2025-01-22,POS,item,Loaded Fries,1.0,0.0,0.0
2025-01-22,POS,item,Mdew@40rs,3.0,0.0,0.0
2025-01-22,POS,item,Mint Lime Juice,1.0,0.0,0.0
2025-01-22,POS,item,Pepsi@40rs,3.0,0.0,0.0
2025-01-22,POS,item,Pineapple Juice,3.0,0.0,0.0
2025-01-22,POS,item,Slice 200ml,1.0,0.0,0.0
2025-01-22,POS,item,Veg Burger,5.0,0.0,0.0
2025-01-22,POS,item,Veg Pasta,1.0,0.0,0.0
2025-01-22,POS,item,Watermelon Juice,1.0,0.0,0.0
2025-01-21,POS,item,2 Medium Non-veg@699,1.0,150.0,150.0
2025-01-21,POS,item,2 Medium Veg@649,1.0,150.0,150.0
2025-01-21,POS,item,12 Inch - Large Pizza,10.0,120.0,1200.0
2025-01-21,POS,item,2 Regular Non-veg@389,4.0,80.0,320.0
2025-01-21,POS,item,9 Inch - Medium Pizza,5.0,75.0,375.0
2025-01-21,POS,item,7 Inch - Regular Pizza,3.0,40.0,120.0
2025-01-21,POS,item,Garlic Bread With Cheese,4.0,40.0,160.0
2025-01-21,POS,item,Super Saver Meal Regular,1.0,40.0,40.0
2025-01-21,POS,item,Combo Delight Non-Veg,1.0,20.0,20.0
2025-01-21,POS,item,7up@40rs,1.0,0.0,0.0
2025-01-21,POS,item,Blue Mojito,2.0,0.0,0.0
2025-01-21,POS,item,Bubble Gum,1.0,0.0,0.0
2025-01-21,Swiggy,item,Chicken Loaded Fries,1.0,0.0,0.0
2025-01-21,POS,item,French Fries,2.0,0.0,0.0
2025-01-21,Swiggy,item,French Fries,1.0,0.0,0.0
2025-01-21,POS,item,Fresh Lime Juice,2.0,0.0,0.0
2025-01-21,POS,item,Greek Chicken Salad[non-veg],1.0,0.0,0.0
2025-01-21,POS,item,Green Apple,2.0,0.0,0.0
2025-01-21,POS,item,Mineral Water,6.0,0.0,0.0
2025-01-21,POS,item,Pepsi 250ml Pet,2.0,0.0,0.0
2025-01-21,POS,item,Pepsi 330ml Can,1.0,0.0,0.0
2025-01-21,POS,item,Pepsi@40rs,3.0,0.0,0.0
2025-01-21,POS,item,Pepsi@50rs,2.0,0.0,0.0
2025-01-21,POS,item,Regular Chicken Burger,1.0,0.0,0.0
2025-01-21,POS,item,Special Discount,0.0,0.0,0.0
2025-01-21,POS,item,Water Melon,1.0,0.0,0.0
2025-01-21,POS,item,Watermelon Juice,1.0,0.0,0.0
2025-01-20,POS,item,12 Inch - Large Pizza,4.0,120.0,480.0
2025-01-20,POS,item,2 Regular Non-veg@389,2.0,80.0,160.0
2025-01-20,POS,item,2 Regular Veg@329,1.0,80.0,80.0
2025-01-20,POS,item,9 Inch - Medium Pizza,2.0,75.0,150.0
2025-01-20,POS,item,Super Saver Meal Medium,1.0,75.0,75.0
2025-01-20,POS,item,7 Inch - Regular Pizza,7.0,40.0,280.0
2025-01-20,Swiggy,item,7 Inch - Regular Pizza,1.0,40.0,40.0
2025-01-20,POS,item,Garlic Bread Supreme[non-veg],1.0,40.0,40.0
2025-01-20,POS,item,Super Saver Meal Regular,3.0,40.0,120.0
2025-01-20,POS,item,Combo Delight Non-Veg,2.0,20.0,40.0
2025-01-20,POS,item,7up 250ml Pet,2.0,0.0,0.0
2025-01-20,POS,item,7up@40rs,1.0,0.0,0.0
2025-01-20,POS,item,Blue Mojito,2.0,0.0,0.0
2025-01-20,Swiggy,item,Chicken Loaded Fries,1.0,0.0,0.0
2025-01-20,POS,item,Chicken Pasta,1.0,0.0,0.0
2025-01-20,POS,item,Chikku Shake,2.0,0.0,0.0
2025-01-20,POS,item,Chocolate Shake,1.0,0.0,0.0
2025-01-20,POS,item,French Fries,3.0,0.0,0.0
2025-01-20,POS,item,Fresh Lime Juice,2.0,0.0,0.0
2025-01-20,Swiggy,item,Green Apple,1.0,0.0,0.0
2025-01-20,POS,item,Mineral Water,2.0,0.0,0.0
2025-01-20,Swiggy,item,Mixed Berry,1.0,0.0,0.0
2025-01-20,POS,item,Passion Fruit,1.0,0.0,0.0
2025-01-20,POS,item,Pepsi 330ml Can,1.0,0.0,0.0
2025-01-20,POS,item,Pepsi@50rs,2.0,0.0,0.0
2025-01-20,POS,item,Pineapple Juice,1.0,0.0,0.0
2025-01-20,POS,item,Regular Chicken Burger,5.0,0.0,0.0
2025-01-20,POS,item,Special Discount,0.0,0.0,0.0
2025-01-20,POS,item,Watermelon Juice,4.0,0.0,0.0
2025-01-19,POS,item,2 Medium Non-veg@699,2.0,150.0,300.0
2025-01-19,POS,item,2 Regular Non-veg@389,2.0,80.0,160.0
2025-01-19,POS,item,2 Regular Veg@329,1.0,80.0,80.0
2025-01-19,POS,item,9 Inch - Medium Pizza,10.0,75.0,750.0
2025-01-19,POS,item,Super Saver Meal Medium,1.0,75.0,75.0
2025-01-19,POS,item,7 Inch - Regular Pizza,9.0,40.0,360.0
2025-01-19,Swiggy,item,7 Inch - Regular Pizza,3.0,40.0,120.0
2025-01-19,POS,item,Garlic Bread Supreme [veg],1.0,40.0,40.0
2025-01-19,POS,item,Garlic Bread With Cheese,3.0,40.0,120.0
2025-01-19,POS,item,Super Saver Meal Regular,1.0,40.0,40.0
2025-01-19,POS,item,7up 250ml Pet,3.0,0.0,0.0
2025-01-19,POS,item,7up@40rs,4.0,0.0,0.0
2025-01-19,POS,item,Brownie,2.0,0.0,0.0
2025-01-19,POS,item,Burger Combo @ 169,1.0,0.0,0.0
2025-01-19,Swiggy,item,Chicken Loaded Fries,1.0,0.0,0.0
2025-01-19,POS,item,Chicken Pasta,2.0,0.0,0.0
2025-01-19,POS,item,Chicken Popcorn,1.0,0.0,0.0
2025-01-19,POS,item,Chikku Shake,1.0,0.0,0.0
2025-01-19,POS,item,French Fries,4.0,0.0,0.0
2025-01-19,Swiggy,item,Fresh Garden Mint,1.0,0.0,0.0
2025-01-19,POS,item,Fresh Lime Juice,3.0,0.0,0.0
2025-01-19,POS,item,Garlic Bread,1.0,0.0,0.0
2025-01-19,POS,item,Mdew 250ml Pet,1.0,0.0,0.0
2025-01-19,POS,item,Mdew@40rs,5.0,0.0,0.0
2025-01-19,POS,item,Pepsi 250ml Pet,4.0,0.0,0.0
2025-01-19,POS,item,Pepsi@40rs,2.0,0.0,0.0
2025-01-19,POS,item,Peri Peri Dip,2.0,0.0,0.0
2025-01-19,Swiggy,item,Potato Wedges,1.0,0.0,0.0
2025-01-19,POS,item,Regular Chicken Burger,1.0,0.0,0.0
2025-01-19,POS,item,Slice@40rs,1.0,0.0,0.0
2025-01-19,POS,item,Tender Coconut,1.0,0.0,0.0
2025-01-19,POS,item,Veg Burger,1.0,0.0,0.0
2025-01-19,POS,item,Veg Pasta,1.0,0.0,0.0
2025-01-18,POS,item,2 Medium Non-veg@699,5.0,150.0,750.0
2025-01-18,POS,item,12 Inch - Large Pizza,6.0,120.0,720.0
2025-01-18,POS,item,2 Regular Non-veg@389,2.0,80.0,160.0
2025-01-18,POS,item,9 Inch - Medium Pizza,8.0,75.0,600.0
2025-01-18,Swiggy,item,9 Inch - Medium Pizza,1.0,75.0,75.0
2025-01-18,POS,item,Super Saver Meal Medium,1.0,75.0,75.0
2025-01-18,POS,item,7 Inch - Regular Pizza,10.0,40.0,400.0
2025-01-18,Swiggy,item,7 Inch - Regular Pizza,1.0,40.0,40.0
2025-01-18,POS,item,Super Saver Meal Regular,4.0,40.0,160.0
2025-01-18,POS,item,Gbr Extra Cheese,1.0,10.0,10.0
2025-01-18,POS,item,7up @50rs,6.0,0.0,0.0
2025-01-18,POS,item,7up@40rs,5.0,0.0,0.0
2025-01-18,POS,item,Brownie,2.0,0.0,0.0
2025-01-18,POS,item,Cheese N Macaroni Salad,2.0,0.0,0.0
2025-01-18,POS,item,Cheesy Fries,1.0,0.0,0.0
2025-01-18,POS,item,Chicken Nuggets,1.0,0.0,0.0
2025-01-18,Swiggy,item,Chicken Nuggets,1.0,0.0,0.0
2025-01-18,POS,item,Chicken Pasta,1.0,0.0,0.0
2025-01-18,POS,item,Chicken Popcorn,1.0,0.0,0.0
2025-01-18,POS,item,French Fries,4.0,0.0,0.0
2025-01-18,POS,item,Fresh Garden Mint,1.0,0.0,0.0
2025-01-18,POS,item,Fresh Lime Juice,1.0,0.0,0.0
2025-01-18,POS,item,Green Apple,1.0,0.0,0.0
2025-01-18,POS,item,Loaded Fries,1.0,0.0,0.0
2025-01-18,POS,item,Mdew@40rs,3.0,0.0,0.0
2025-01-18,POS,item,Mint Lime Juice,1.0,0.0,0.0
2025-01-18,POS,item,Mixed Berry,1.0,0.0,0.0
2025-01-18,POS,item,Pepsi 250ml Pet,3.0,0.0,0.0
2025-01-18,POS,item,Pepsi@40rs,3.0,0.0,0.0
2025-01-18,POS,item,Pepsi@50rs,2.0,0.0,0.0
2025-01-18,POS,item,Pineapple Juice,2.0,0.0,0.0
2025-01-18,POS,item,Potato Wedges,2.0,0.0,0.0
2025-01-18,POS,item,Roasted Chicken Salad,1.0,0.0,0.0
2025-01-18,POS,item,Special Discount,0.0,0.0,0.0
2025-01-18,POS,item,Tender Coconut,2.0,0.0,0.0
2025-01-18,POS,item,Watermelon Juice,2.0,0.0,0.0
2025-01-17,POS,item,12 Inch - Large Pizza,6.0,120.0,720.0
2025-01-17,POS,item,2 Regular Non-veg@389,5.0,80.0,400.0
2025-01-17,POS,item,9 Inch - Medium Pizza,9.0,75.0,675.0
2025-01-17,POS,item,7 Inch - Regular Pizza,9.0,40.0,360.0
2025-01-17,Swiggy,item,7 Inch - Regular Pizza,4.0,40.0,160.0
2025-01-17,POS,item,Garlic Bread With Cheese,1.0,40.0,40.0
2025-01-17,Swiggy,addon,7 Inch - Regular Pizza -Extra Cheese,1.0,20.0,20.0
2025-01-17,POS,item,Combo Delight Non-Veg,1.0,20.0,20.0
2025-01-17,POS,item,7up @50rs,4.0,0.0,0.0
2025-01-17,POS,item,7up@40rs,5.0,0.0,0.0
2025-01-17,POS,item,Cheesy Fries,1.0,0.0,0.0
2025-01-17,Swiggy,item,Cheesy Fries,1.0,0.0,0.0
2025-01-17,Swiggy,item,Chicken Loaded Fries,1.0,0.0,0.0
2025-01-17,Swiggy,item,Chicken Nuggets,1.0,0.0,0.0
2025-01-17,POS,item,Chicken Pasta,2.0,0.0,0.0
2025-01-17,POS,item,Chikku Shake,1.0,0.0,0.0
2025-01-17,POS,item,Chilly Potato Shots,2.0,0.0,0.0
2025-01-17,POS,item,Chocolate Shake,1.0,0.0,0.0
2025-01-17,POS,item,Garlic Bread,2.0,0.0,0.0
2025-01-17,Swiggy,item,Garlic Bread,1.0,0.0,0.0
2025-01-17,POS,item,Grapes Juice,1.0,0.0,0.0
2025-01-17,Swiggy,item,Greek Salad,1.0,0.0,0.0
2025-01-17,POS,item,Loaded Fries,1.0,0.0,0.0
2025-01-17,POS,item,Mdew@40rs,1.0,0.0,0.0
2025-01-17,Swiggy,item,Nutty Vanilla,1.0,0.0,0.0
2025-01-17,POS,item,Pepsi 250ml Pet,4.0,0.0,0.0
2025-01-17,POS,item,Pepsi@40rs,3.0,0.0,0.0
2025-01-17,POS,item,Peri Peri Dip,1.0,0.0,0.0
2025-01-17,POS,item,Pineapple Juice,3.0,0.0,0.0
2025-01-17,POS,item,Potato Wedges,4.0,0.0,0.0
2025-01-17,POS,item,Soda,2.0,0.0,0.0
2025-01-17,POS,item,Soft Drink,1.0,0.0,0.0
2025-01-17,POS,item,Special Discount,0.0,0.0,0.0
2025-01-17,POS,item,Veg Burger,2.0,0.0,0.0
2025-01-17,POS,item,Veg Pasta,4.0,0.0,0.0
2025-01-17,Swiggy,item,Veg Pasta,1.0,0.0,0.0
2025-01-17,POS,item,Watermelon Juice,4.0,0.0,0.0
2025-01-16,POS,item,2 Medium Non-veg@699,1.0,150.0,150.0
2025-01-16,POS,item,12 Inch - Large Pizza,4.0,120.0,480.0
2025-01-16,POS,item,Non Veg Meal For 4,1.0,120.0,120.0
2025-01-16,POS,item,2 Regular Veg@329,1.0,80.0,80.0
2025-01-16,POS,item,9 Inch - Medium Pizza,8.0,75.0,600.0
2025-01-16,POS,item,Non Veg Meal For 2,1.0,75.0,75.0
2025-01-16,POS,item,7 Inch - Regular Pizza,6.0,40.0,240.0
2025-01-16,Swiggy,item,7 Inch - Regular Pizza,3.0,40.0,120.0
2025-01-16,Swiggy,item,Garlic Bread With Cheese,1.0,40.0,40.0
2025-01-16,POS,addon,9 Inch - Medium Pizza -Extra Cheese,1.0,38.0,38.0
2025-01-16,POS,item,7up 250ml Pet,2.0,0.0,0.0
2025-01-16,POS,item,7up @50rs,5.0,0.0,0.0
2025-01-16,POS,item,7up@40rs,2.0,0.0,0.0
2025-01-16,POS,item,Chicken Pasta,7.0,0.0,0.0
2025-01-16,POS,item,Cucumber,1.0,0.0,0.0
2025-01-16,POS,item,French Fries,2.0,0.0,0.0
2025-01-16,POS,item,Loaded Fries,2.0,0.0,0.0
2025-01-16,POS,item,Pepsi 250ml Pet,2.0,0.0,0.0
2025-01-16,POS,item,Pepsi@40rs,1.0,0.0,0.0
2025-01-16,POS,item,Pizza Upgrade,1.0,0.0,0.0
2025-01-16,POS,item,Slice 200ml,2.0,0.0,0.0
2025-01-16,POS,item,Slice 350ml Pet,2.0,0.0,0.0
2025-01-16,POS,item,Soft Drink,1.0,0.0,0.0
2025-01-16,POS,item,Special Discount,0.0,0.0,0.0
2025-01-16,POS,item,Veg Pasta,1.0,0.0,0.0
2025-01-15,POS,item,2 Medium Non-veg@699,1.0,150.0,150.0
2025-01-15,POS,item,12 Inch - Large Pizza,3.0,120.0,360.0
2025-01-15,POS,item,9 Inch - Medium Pizza,3.0,75.0,225.0
2025-01-15,POS,item,7 Inch - Regular Pizza,6.0,40.0,240.0
2025-01-15,Swiggy,item,7 Inch - Regular Pizza,2.0,40.0,80.0
2025-01-15,POS,item,Super Saver Meal Regular,2.0,40.0,80.0
2025-01-15,POS,item,Combo Delight Non-Veg,1.0,20.0,20.0
2025-01-15,POS,item,7up 250ml Pet,1.0,0.0,0.0
2025-01-15,POS,item,7up@40rs,3.0,0.0,0.0
2025-01-15,POS,item,Blue Mojito,2.0,0.0,0.0
2025-01-15,POS,item,Brownie With Ice Cream,1.0,0.0,0.0
2025-01-15,POS,item,Burger Combo @ 169,2.0,0.0,0.0
2025-01-15,POS,item,Chikku Shake,3.0,0.0,0.0
2025-01-15,POS,item,French Fries,2.0,0.0,0.0
2025-01-15,POS,item,Grapes Juice,1.0,0.0,0.0
2025-01-15,POS,item,Loaded Fries,2.0,0.0,0.0
2025-01-15,POS,item,Mdew@40rs,2.0,0.0,0.0
2025-01-15,POS,item,Mineral Water,1.0,0.0,0.0
2025-01-15,POS,item,Passion Fruit,2.0,0.0,0.0
2025-01-15,POS,item,Pepsi@40rs,4.0,0.0,0.0
2025-01-15,POS,item,Pineapple Juice,1.0,0.0,0.0
2025-01-15,POS,item,Regular Chicken Burger,1.0,0.0,0.0
2025-01-15,POS,item,Slice@40rs,1.0,0.0,0.0
2025-01-15,POS,item,Soda,2.0,0.0,0.0
2025-01-15,POS,item,Veg Burger,1.0,0.0,0.0
2025-01-15,POS,item,Veg Pasta,1.0,0.0,0.0
2025-01-15,POS,item,Water Melon,2.0,0.0,0.0
2025-01-15,POS,item,Watermelon Juice,1.0,0.0,0.0
2025-01-14,POS,item,Veg Meal For 6,1.0,195.0,195.0
2025-01-14,POS,item,12 Inch - Large Pizza,3.0,120.0,360.0
2025-01-14,POS,item,2 Regular Non-veg@389,2.0,80.0,160.0
2025-01-14,POS,item,9 Inch - Medium Pizza,6.0,75.0,450.0
2025-01-14,POS,item,Super Saver Meal Medium,1.0,75.0,75.0
2025-01-14,POS,item,7 Inch - Regular Pizza,12.0,40.0,480.0
2025-01-14,Swiggy,item,7 Inch - Regular Pizza,5.0,40.0,200.0
2025-01-14,POS,item,Delicious Combo Delight,1.0,40.0,40.0
2025-01-14,POS,item,Super Saver Meal Regular,1.0,40.0,40.0
2025-01-14,POS,addon,7 Inch - Regular Pizza -Extra Cheese,1.0,20.0,20.0
2025-01-14,POS,item,Combo Delight Non-Veg,1.0,20.0,20.0
2025-01-14,POS,item,7up @50rs,2.0,0.0,0.0
2025-01-14,POS,item,7up@40rs,2.0,0.0,0.0
2025-01-14,POS,item,Blue Mojito,1.0,0.0,0.0
2025-01-14,POS,item,Brownie With Ice Cream,5.0,0.0,0.0
2025-01-14,POS,item,Bubble Gum,3.0,0.0,0.0
2025-01-14,POS,item,Burger Combo @ 169,2.0,0.0,0.0
2025-01-14,Swiggy,item,Cheese N Macaroni Salad,1.0,0.0,0.0
2025-01-14,POS,item,Chicken Pasta,1.0,0.0,0.0
2025-01-14,POS,item,Chikku Shake,1.0,0.0,0.0
2025-01-14,POS,item,French Fries,2.0,0.0,0.0
2025-01-14,POS,item,Fresh Lime Juice,2.0,0.0,0.0
2025-01-14,POS,item,Loaded Fries,1.0,0.0,0.0
2025-01-14,POS,item,Mdew@40rs,1.0,0.0,0.0
2025-01-14,POS,item,Mineral Water,2.0,0.0,0.0
2025-01-14,POS,item,Pepsi@50rs,1.0,0.0,0.0
2025-01-14,POS,item,Regular Chicken Burger,3.0,0.0,0.0
2025-01-14,POS,item,Special Discount,0.0,0.0,0.0
2025-01-14,POS,item,Veg Pasta,1.0,0.0,0.0
2025-01-14,POS,item,Water Melon,1.0,0.0,0.0
2025-01-13,POS,item,12 Inch - Large Pizza,3.0,120.0,360.0
2025-01-13,POS,item,2 Regular Non-veg@389,2.0,80.0,160.0
2025-01-13,POS,item,7 Inch - Regular Pizza,6.0,40.0,240.0
2025-01-13,Swiggy,item,7 Inch - Regular Pizza,3.0,40.0,120.0
2025-01-13,POS,item,Garlic Bread With Cheese,1.0,40.0,40.0
2025-01-13,POS,item,Combo Delight Non-Veg,5.0,20.0,100.0
2025-01-13,POS,item,7up 250ml Pet,1.0,0.0,0.0
2025-01-13,POS,item,7up@40rs,1.0,0.0,0.0
2025-01-13,POS,item,Brownie With Ice Cream,1.0,0.0,0.0
2025-01-13,POS,item,Burger Combo @ 179,1.0,0.0,0.0
2025-01-13,POS,item,Chicken Nuggets,1.0,0.0,0.0
2025-01-13,POS,item,Chikku Shake,1.0,0.0,0.0
2025-01-13,POS,item,Chocolate Shake,1.0,0.0,0.0
2025-01-13,POS,item,French Fries,4.0,0.0,0.0
2025-01-13,Swiggy,item,French Fries,2.0,0.0,0.0
2025-01-13,POS,item,Fresh Garden Mint,1.0,0.0,0.0
2025-01-13,Swiggy,item,Fresh Garden Mint,1.0,0.0,0.0
2025-01-13,POS,item,Fresh Lime Juice,1.0,0.0,0.0
2025-01-13,POS,item,Garlic Bread,1.0,0.0,0.0
2025-01-13,POS,item,Greek Salad,1.0,0.0,0.0
2025-01-13,POS,item,Green Apple,1.0,0.0,0.0
2025-01-13,Swiggy,item,Green Apple,1.0,0.0,0.0
2025-01-13,POS,item,Loaded Fries,2.0,0.0,0.0
2025-01-13,POS,item,Mdew 250ml Pet,1.0,0.0,0.0
2025-01-13,POS,item,Pepsi 250ml Pet,1.0,0.0,0.0
2025-01-13,POS,item,Pepsi@50rs,2.0,0.0,0.0
2025-01-13,POS,item,Special Discount,0.0,0.0,0.0
2025-01-13,POS,item,Tender Coconut,1.0,0.0,0.0
2025-01-12,POS,item,2 Medium Non-veg@699,1.0,150.0,150.0
2025-01-12,POS,item,2 Medium Veg@649,1.0,150.0,150.0
2025-01-12,POS,item,12 Inch - Large Pizza,5.0,120.0,600.0
2025-01-12,POS,item,9 Inch - Medium Pizza,8.0,75.0,600.0
2025-01-12,Swiggy,item,9 Inch - Medium Pizza,1.0,75.0,75.0
2025-01-12,POS,item,7 Inch - Regular Pizza,7.0,40.0,280.0
2025-01-12,Swiggy,item,7 Inch - Regular Pizza,4.0,40.0,160.0
2025-01-12,POS,item,Garlic Bread Supreme[non-veg],1.0,40.0,40.0
2025-01-12,POS,item,Garlic Bread With Cheese,3.0,40.0,120.0
2025-01-12,POS,item,Super Saver Meal Regular,3.0,40.0,120.0
2025-01-12,POS,item,Combo Delight Non-Veg,2.0,20.0,40.0
2025-01-12,POS,item,Gbr Extra Cheese,1.0,10.0,10.0
2025-01-12,POS,item,Blue Mojito,1.0,0.0,0.0
2025-01-12,POS,item,Brownie,1.0,0.0,0.0
2025-01-12,POS,item,Brownie With Ice Cream,1.0,0.0,0.0
2025-01-12,POS,item,Bubble Gum,1.0,0.0,0.0
2025-01-12,POS,item,Burger Combo @ 179,1.0,0.0,0.0
2025-01-12,Swiggy,item,Chicken Loaded Fries,1.0,0.0,0.0
2025-01-12,POS,item,Chicken Pasta,4.0,0.0,0.0
2025-01-12,Swiggy,item,Chicken Pasta,1.0,0.0,0.0
2025-01-12,POS,item,Chicken Popcorn,1.0,0.0,0.0
2025-01-12,POS,item,Chocolate Shake,4.0,0.0,0.0
2025-01-12,POS,item,French Fries,3.0,0.0,0.0
2025-01-12,POS,item,Fresh Garden Mint,1.0,0.0,0.0
2025-01-12,POS,item,Fresh Lime Juice,4.0,0.0,0.0
2025-01-12,POS,item,Grapes Juice,1.0,0.0,0.0
2025-01-12,POS,item,Greek Salad,1.0,0.0,0.0
2025-01-12,POS,item,Green Apple,1.0,0.0,0.0
2025-01-12,POS,item,Loaded Fries,4.0,0.0,0.0
2025-01-12,POS,item,Mineral Water,1.0,0.0,0.0
2025-01-12,POS,item,Mint Lime Juice,1.0,0.0,0.0
2025-01-12,POS,item,Pepsi 250ml Pet,1.0,0.0,0.0
2025-01-12,POS,item,Regular Chicken Burger,3.0,0.0,0.0
2025-01-12,POS,item,Slice 200ml,2.0,0.0,0.0
2025-01-12,POS,item,Veg Burger,1.0,0.0,0.0
2025-01-12,Swiggy,item,Veg Pasta,1.0,0.0,0.0
2025-01-11,POS,item,2 Medium Non-veg@699,2.0,150.0,300.0
2025-01-11,POS,item,12 Inch - Large Pizza,9.0,120.0,1080.0
2025-01-11,POS,item,2 Regular Non-veg@389,1.0,80.0,80.0
2025-01-11,POS,item,2 Regular Veg@329,1.0,80.0,80.0
2025-01-11,POS,item,9 Inch - Medium Pizza,7.0,75.0,525.0
2025-01-11,POS,item,Super Saver Meal Medium,1.0,75.0,75.0
2025-01-11,POS,item,7 Inch - Regular Pizza,10.0,40.0,400.0
2025-01-11,Swiggy,item,7 Inch - Regular Pizza,4.0,40.0,160.0
2025-01-11,POS,item,Garlic Bread Supreme[non-veg],2.0,40.0,80.0
2025-01-11,POS,item,Garlic Bread With Cheese,1.0,40.0,40.0
2025-01-11,POS,item,Non Veg Meal For 1,1.0,40.0,40.0
2025-01-11,POS,item,Super Saver Meal Regular,1.0,40.0,40.0
2025-01-11,POS,addon,7 Inch - Regular Pizza -Extra Cheese,1.0,20.0,20.0
2025-01-11,POS,item,7up 250ml Pet,1.0,0.0,0.0
2025-01-11,POS,item,7up @50rs,1.0,0.0,0.0
2025-01-11,POS,item,7up@40rs,1.0,0.0,0.0
2025-01-11,POS,item,Blue Mojito,1.0,0.0,0.0
2025-01-11,Swiggy,item,Blue Mojito,1.0,0.0,0.0
2025-01-11,POS,item,Brownie,1.0,0.0,0.0
2025-01-11,POS,item,Bubble Gum,1.0,0.0,0.0
2025-01-11,POS,item,Cheesy Fries,1.0,0.0,0.0
2025-01-11,Swiggy,item,Chicken Nuggets,1.0,0.0,0.0
2025-01-11,POS,item,Chicken Pasta,3.0,0.0,0.0
2025-01-11,POS,item,Chocolate Shake,1.0,0.0,0.0
2025-01-11,POS,item,French Fries,11.0,0.0,0.0
2025-01-11,POS,item,Fresh Garden Mint,1.0,0.0,0.0
2025-01-11,POS,item,Fresh Lime Juice,4.0,0.0,0.0
2025-01-11,POS,item,Grapes Juice,1.0,0.0,0.0
2025-01-11,POS,item,Loaded Fries,1.0,0.0,0.0
2025-01-11,POS,item,Mdew 330ml Can,1.0,0.0,0.0
2025-01-11,POS,item,Pepsi 250ml Pet,4.0,0.0,0.0
2025-01-11,POS,item,Pepsi@40rs,4.0,0.0,0.0
2025-01-11,POS,item,Pepsi@50rs,1.0,0.0,0.0
2025-01-11,POS,item,Pineapple Juice,1.0,0.0,0.0
2025-01-11,POS,item,Soft Drink,2.0,0.0,0.0
2025-01-11,POS,item,Special Discount,0.0,0.0,0.0
2025-01-11,POS,item,Tender Coconut,1.0,0.0,0.0
2025-01-10,POS,item,12 Inch - Large Pizza,1.0,120.0,120.0
2025-01-10,POS,item,2 Regular Non-veg@389,2.0,80.0,160.0
2025-01-10,POS,item,9 Inch - Medium Pizza,3.0,75.0,225.0
2025-01-10,POS,item,7 Inch - Regular Pizza,6.0,40.0,240.0
2025-01-10,Swiggy,item,7 Inch - Regular Pizza,1.0,40.0,40.0
2025-01-10,POS,item,Garlic Bread Supreme [veg],1.0,40.0,40.0
2025-01-10,Swiggy,item,Garlic Bread With Cheese,1.0,40.0,40.0
2025-01-10,POS,item,Super Saver Meal Regular,1.0,40.0,40.0
2025-01-10,POS,addon,7 Inch - Regular Pizza -Extra Cheese,1.0,20.0,20.0
2025-01-10,POS,item,7up 250ml Pet,1.0,0.0,0.0
2025-01-10,Swiggy,item,Chicken Loaded Fries,1.0,0.0,0.0
2025-01-10,POS,item,Chicken Nuggets,3.0,0.0,0.0
2025-01-10,Swiggy,item,Chicken Nuggets,1.0,0.0,0.0
2025-01-10,Swiggy,item,Chicken Pasta,1.0,0.0,0.0
2025-01-10,POS,item,Chicken Popcorn,1.0,0.0,0.0
2025-01-10,POS,item,Chikku Shake,2.0,0.0,0.0
2025-01-10,POS,item,Coleslaw Salad,1.0,0.0,0.0
2025-01-10,POS,item,French Fries,3.0,0.0,0.0
2025-01-10,POS,item,Fresh Lime Juice,1.0,0.0,0.0
2025-01-10,POS,item,Garlic Bread,1.0,0.0,0.0
2025-01-10,POS,item,Mint Lime Juice,2.0,0.0,0.0
2025-01-10,POS,item,Mixed Berry,1.0,0.0,0.0
2025-01-10,POS,item,Pepsi 250ml Pet,1.0,0.0,0.0
2025-01-10,POS,item,Pizza Upgrade,1.0,0.0,0.0
2025-01-10,POS,item,Slice 200ml,1.0,0.0,0.0
2025-01-10,POS,item,Watermelon Juice,1.0,0.0,0.0
2025-01-09,POS,item,12 Inch - Large Pizza,2.0,120.0,240.0
2025-01-09,POS,item,2 Regular Non-veg@389,2.0,80.0,160.0
2025-01-09,POS,item,7 Inch - Regular Pizza,11.0,40.0,440.0
2025-01-09,Swiggy,item,7 Inch - Regular Pizza,3.0,40.0,120.0
2025-01-09,POS,item,Super Saver Meal Regular,1.0,40.0,40.0
2025-01-09,POS,item,Combo Delight Non-Veg,2.0,20.0,40.0
2025-01-09,POS,item,7up 250ml Pet,2.0,0.0,0.0
2025-01-09,POS,item,Blue Curacao,1.0,0.0,0.0
2025-01-09,POS,item,Blue Mojito,1.0,0.0,0.0
2025-01-09,POS,item,Brownie With Ice Cream,3.0,0.0,0.0
2025-01-09,POS,item,Chicken Pasta,1.0,0.0,0.0
2025-01-09,POS,item,French Fries,1.0,0.0,0.0
2025-01-09,Swiggy,item,French Fries,1.0,0.0,0.0
2025-01-09,POS,item,Green Apple,1.0,0.0,0.0
2025-01-09,POS,item,Mdew 250ml Pet,1.0,0.0,0.0
2025-01-09,POS,item,Pepsi 250ml Pet,2.0,0.0,0.0
2025-01-09,POS,item,Pepsi@50rs,1.0,0.0,0.0
2025-01-09,POS,item,Potato Salad,1.0,0.0,0.0
2025-01-09,POS,item,Regular Chicken Burger,2.0,0.0,0.0
2025-01-09,POS,item,Special Discount,0.0,0.0,0.0
2025-01-09,POS,item,Veg Pasta,1.0,0.0,0.0
2025-01-09,POS,item,Watermelon Juice,1.0,0.0,0.0
2025-01-08,POS,item,2 Medium Non-veg@699,2.0,150.0,300.0
2025-01-08,POS,item,12 Inch - Large Pizza,3.0,120.0,360.0
2025-01-08,POS,item,2 Regular Veg@329,1.0,80.0,80.0
2025-01-08,POS,item,9 Inch - Medium Pizza,5.0,75.0,375.0
2025-01-08,Swiggy,item,9 Inch - Medium Pizza,1.0,75.0,75.0
2025-01-08,POS,item,Super Saver Meal Medium,2.0,75.0,150.0
2025-01-08,POS,item,7 Inch - Regular Pizza,5.0,40.0,200.0
2025-01-08,POS,item,Garlic Bread Supreme[non-veg],3.0,40.0,120.0
2025-01-08,POS,item,Garlic Bread With Cheese,2.0,40.0,80.0
2025-01-08,POS,item,Super Saver Meal Regular,2.0,40.0,80.0
2025-01-08,POS,item,Burger Combo @ 169,2.0,0.0,0.0
2025-01-08,POS,item,Cheese N Macaroni Salad,1.0,0.0,0.0
2025-01-08,POS,item,Cheesy Fries,1.0,0.0,0.0
2025-01-08,POS,item,Chicken Nuggets,1.0,0.0,0.0
2025-01-08,POS,item,Chicken Pasta,1.0,0.0,0.0
2025-01-08,Swiggy,item,Chicken Pasta,1.0,0.0,0.0
2025-01-08,POS,item,Chikku Shake,5.0,0.0,0.0
2025-01-08,POS,item,French Fries,6.0,0.0,0.0
2025-01-08,POS,item,Grapes Juice,1.0,0.0,0.0
2025-01-08,Swiggy,item,Greek Salad,1.0,0.0,0.0
2025-01-08,POS,item,Loaded Fries,1.0,0.0,0.0
2025-01-08,POS,item,Mint Lime Juice,3.0,0.0,0.0
2025-01-08,POS,item,Passion Fruit,1.0,0.0,0.0
2025-01-08,POS,item,Pepsi@40rs,1.0,0.0,0.0
2025-01-08,POS,item,Pepsi@50rs,1.0,0.0,0.0
2025-01-08,POS,item,Peri Peri Dip,1.0,0.0,0.0
2025-01-08,POS,item,Potato Wedges,1.0,0.0,0.0
2025-01-08,POS,item,Soda,2.0,0.0,0.0
2025-01-08,POS,item,Soft Drink,1.0,0.0,0.0
2025-01-07,POS,item,12 Inch - Large Pizza,4.0,120.0,480.0
2025-01-07,POS,item,9 Inch - Medium Pizza,4.0,75.0,300.0
2025-01-07,POS,item,Super Saver Meal Medium,1.0,75.0,75.0
2025-01-07,POS,item,7 Inch - Regular Pizza,6.0,40.0,240.0
2025-01-07,Swiggy,item,7 Inch - Regular Pizza,5.0,40.0,200.0
2025-01-07,POS,item,Garlic Bread With Cheese,2.0,40.0,80.0
2025-01-07,POS,item,Super Saver Meal Regular,1.0,40.0,40.0
2025-01-07,POS,addon,7 Inch - Regular Pizza -Extra Cheese,1.0,20.0,20.0
2025-01-07,POS,item,Gbr Extra Cheese,2.0,10.0,20.0
2025-01-07,POS,item,7up @50rs,2.0,0.0,0.0
2025-01-07,POS,item,Blue Mojito,1.0,0.0,0.0
2025-01-07,POS,item,Burger Combo @ 169,1.0,0.0,0.0
2025-01-07,POS,item,Cheesy Fries,1.0,0.0,0.0
2025-01-07,POS,item,Chicken Nuggets,1.0,0.0,0.0
2025-01-07,Swiggy,item,Chicken Pasta,2.0,0.0,0.0
2025-01-07,POS,item,Chikku Shake,1.0,0.0,0.0
2025-01-07,POS,item,French Fries,1.0,0.0,0.0
2025-01-07,POS,item,Hot Garlic Dip,1.0,0.0,0.0
2025-01-07,POS,item,Mint Lime Juice,2.0,0.0,0.0
2025-01-07,Swiggy,item,Mixed Berry,1.0,0.0,0.0
2025-01-07,POS,item,Pepsi 250ml Pet,1.0,0.0,0.0
2025-01-07,POS,item,Pepsi@40rs,1.0,0.0,0.0
2025-01-07,POS,item,Peri Peri Dip,1.0,0.0,0.0
2025-01-07,POS,item,Regular Chicken Burger,2.0,0.0,0.0
2025-01-07,POS,item,Special Discount,0.0,0.0,0.0
2025-01-07,Swiggy,item,Strawberry,1.0,0.0,0.0
2025-01-07,POS,item,Tender Coconut,1.0,0.0,0.0
2025-01-07,POS,item,Veg Burger,3.0,0.0,0.0
2025-01-06,POS,item,2 Medium Veg@649,1.0,150.0,150.0
2025-01-06,POS,item,12 Inch - Large Pizza,7.0,120.0,840.0
2025-01-06,Swiggy,item,12 Inch - Large Pizza,1.0,120.0,120.0
2025-01-06,POS,item,2 Regular Non-veg@389,1.0,80.0,80.0
2025-01-06,POS,item,9 Inch - Medium Pizza,5.0,75.0,375.0
2025-01-06,Swiggy,item,9 Inch - Medium Pizza,1.0,75.0,75.0
2025-01-06,POS,item,7 Inch - Regular Pizza,6.0,40.0,240.0
2025-01-06,Swiggy,item,7 Inch - Regular Pizza,2.0,40.0,80.0
2025-01-06,POS,item,Garlic Bread Supreme[non-veg],1.0,40.0,40.0
2025-01-06,POS,item,Super Saver Meal Regular,1.0,40.0,40.0
2025-01-06,POS,item,Blue Mojito,1.0,0.0,0.0
2025-01-06,Swiggy,item,Blue Mojito,1.0,0.0,0.0
2025-01-06,POS,item,Brownie With Ice Cream,1.0,0.0,0.0
2025-01-06,POS,item,Chicken Pasta,5.0,0.0,0.0
2025-01-06,POS,item,French Fries,2.0,0.0,0.0
2025-01-06,POS,item,Fresh Lime Juice,2.0,0.0,0.0
2025-01-06,POS,item,Mixed Chicken Salad,1.0,0.0,0.0
2025-01-06,POS,item,Pineapple Juice,3.0,0.0,0.0
2025-01-06,POS,item,Slice 200ml,2.0,0.0,0.0
2025-01-06,POS,item,Special Discount,0.0,0.0,0.0
2025-01-06,POS,item,Veg Burger,1.0,0.0,0.0
2025-01-06,POS,item,Water Melon,1.0,0.0,0.0
2025-01-05,POS,item,2 Medium Non-veg@699,1.0,150.0,150.0
2025-01-05,POS,item,12 Inch - Large Pizza,10.0,120.0,1200.0
2025-01-05,POS,item,Non Veg Meal For 4,1.0,120.0,120.0
2025-01-05,POS,item,2 Regular Non-veg@389,2.0,80.0,160.0
2025-01-05,POS,item,2 Regular Veg@329,1.0,80.0,80.0
2025-01-05,POS,item,9 Inch - Medium Pizza,10.0,75.0,750.0
2025-01-05,POS,item,Super Saver Meal Medium,1.0,75.0,75.0
2025-01-05,POS,item,7 Inch - Regular Pizza,14.0,40.0,560.0
2025-01-05,Swiggy,item,7 Inch - Regular Pizza,2.0,40.0,80.0
2025-01-05,POS,item,Garlic Bread Supreme [veg],1.0,40.0,40.0
2025-01-05,POS,item,Super Saver Meal Regular,7.0,40.0,280.0
2025-01-05,POS,item,Combo Delight Non-Veg,2.0,20.0,40.0
2025-01-05,Swiggy,item,Blue Curacao,1.0,0.0,0.0
2025-01-05,POS,item,Brownie With Ice Cream,1.0,0.0,0.0
2025-01-05,POS,item,Bubble Gum,1.0,0.0,0.0
2025-01-05,Swiggy,item,Chicken Loaded Fries,1.0,0.0,0.0
2025-01-05,POS,item,Chicken Pasta,1.0,0.0,0.0
2025-01-05,POS,item,Chikku Shake,3.0,0.0,0.0
2025-01-05,POS,item,Chocolate Shake,2.0,0.0,0.0
2025-01-05,POS,item,French Fries,4.0,0.0,0.0
2025-01-05,Swiggy,item,French Fries,1.0,0.0,0.0
2025-01-05,POS,item,Garlic Bread,1.0,0.0,0.0
2025-01-05,POS,item,Loaded Fries,1.0,0.0,0.0
2025-01-05,POS,item,Passion Fruit,1.0,0.0,0.0
2025-01-05,POS,item,Pepsi@50rs,1.0,0.0,0.0
2025-01-05,POS,item,Pineapple Juice,1.0,0.0,0.0
2025-01-05,POS,item,Pizza Upgrade,2.0,0.0,0.0
2025-01-05,POS,item,Slice 200ml,4.0,0.0,0.0
2025-01-05,POS,item,Slice@40rs,1.0,0.0,0.0
2025-01-05,POS,item,Special Discount,0.0,0.0,0.0
2025-01-05,POS,item,Tender Coconut,2.0,0.0,0.0
2025-01-05,POS,item,Veg Pasta,2.0,0.0,0.0
2025-01-05,Swiggy,item,Veg Pasta,2.0,0.0,0.0
2025-01-05,POS,item,Water Melon,1.0,0.0,0.0
2025-01-05,POS,item,Watermelon Juice,1.0,0.0,0.0
2025-01-04,POS,item,12 Inch - Large Pizza,13.0,120.0,1560.0
2025-01-04,POS,item,2 Regular Non-veg@389,6.0,80.0,480.0
2025-01-04,POS,item,9 Inch - Medium Pizza,9.0,75.0,675.0
2025-01-04,Swiggy,item,9 Inch - Medium Pizza,1.0,75.0,75.0
2025-01-04,POS,addon,2 Regular Non-veg@389-Extra Cheese,2.0,40.0,80.0
2025-01-04,POS,item,7 Inch - Regular Pizza,13.0,40.0,520.0
2025-01-04,Swiggy,item,7 Inch - Regular Pizza,4.0,40.0,160.0
2025-01-04,POS,item,Garlic Bread Supreme[non-veg],1.0,40.0,40.0
2025-01-04,POS,item,Garlic Bread With Cheese,3.0,40.0,120.0
2025-01-04,POS,item,Super Saver Meal Regular,2.0,40.0,80.0
2025-01-04,Swiggy,addon,7 Inch - Regular Pizza -Extra Cheese,1.0,20.0,20.0
2025-01-04,POS,item,Combo Delight Non-Veg,4.0,20.0,80.0
2025-01-04,POS,item,7up 250ml Pet,3.0,0.0,0.0
2025-01-04,POS,item,7up @50rs,2.0,0.0,0.0
2025-01-04,POS,item,7up@40rs,2.0,0.0,0.0
2025-01-04,POS,item,Blue Curacao,1.0,0.0,0.0
2025-01-04,POS,item,Blue Mojito,2.0,0.0,0.0
2025-01-04,POS,item,Brownie With Ice Cream,2.0,0.0,0.0
2025-01-04,POS,item,Cheesy Fries,3.0,0.0,0.0
2025-01-04,Swiggy,item,Chicken Loaded Fries,2.0,0.0,0.0
2025-01-04,POS,item,Chicken Nuggets,1.0,0.0,0.0
2025-01-04,POS,item,French Fries,7.0,0.0,0.0
2025-01-04,POS,item,Fresh Lime Juice,2.0,0.0,0.0
2025-01-04,POS,item,Loaded Fries,2.0,0.0,0.0
2025-01-04,POS,item,Mineral Water,1.0,0.0,0.0
2025-01-04,POS,item,Mint Lime Juice,1.0,0.0,0.0
2025-01-04,POS,item,Mixed Chicken Salad,1.0,0.0,0.0
2025-01-04,POS,item,Passion Fruit,1.0,0.0,0.0
2025-01-04,POS,item,Pepsi 250ml Pet,1.0,0.0,0.0
2025-01-04,POS,item,Pepsi@50rs,3.0,0.0,0.0
2025-01-04,POS,item,Pineapple Juice,3.0,0.0,0.0
2025-01-04,POS,item,Potato Wedges,2.0,0.0,0.0
2025-01-04,POS,item,Slice 200ml,2.0,0.0,0.0
2025-01-04,POS,item,Soda,2.0,0.0,0.0
2025-01-04,POS,item,Special Discount,0.0,0.0,0.0
2025-01-04,POS,item,Tender Coconut,1.0,0.0,0.0
2025-01-04,POS,item,Watermelon Juice,2.0,0.0,0.0
2025-01-03,POS,item,2 Medium Non-veg@699,2.0,150.0,300.0
2025-01-03,POS,item,12 Inch - Large Pizza,11.0,120.0,1320.0
2025-01-03,POS,item,2 Regular Non-veg@389,2.0,80.0,160.0
2025-01-03,POS,item,9 Inch - Medium Pizza,8.0,75.0,600.0
2025-01-03,Swiggy,item,9 Inch - Medium Pizza,1.0,75.0,75.0
2025-01-03,POS,item,Super Saver Meal Medium,1.0,75.0,75.0
2025-01-03,POS,item,7 Inch - Regular Pizza,8.0,40.0,320.0
2025-01-03,Swiggy,item,7 Inch - Regular Pizza,3.0,40.0,120.0
2025-01-03,POS,item,Delicious Combo Delight,1.0,40.0,40.0
2025-01-03,POS,item,Super Saver Meal Regular,1.0,40.0,40.0
2025-01-03,POS,item,Combo Delight Non-Veg,1.0,20.0,20.0
2025-01-03,POS,item,7up 250ml Pet,1.0,0.0,0.0
2025-01-03,POS,item,Blue Mojito,1.0,0.0,0.0
2025-01-03,POS,item,Cheesy Fries,1.0,0.0,0.0
2025-01-03,POS,item,Chicken Nuggets,1.0,0.0,0.0
2025-01-03,POS,item,Chicken Pasta,2.0,0.0,0.0
2025-01-03,POS,item,Chikku Shake,2.0,0.0,0.0
2025-01-03,POS,item,Coleslaw Salad,1.0,0.0,0.0
2025-01-03,POS,item,French Fries,4.0,0.0,0.0
2025-01-03,Swiggy,item,French Fries,1.0,0.0,0.0
2025-01-03,POS,item,Garlic Bread,1.0,0.0,0.0
2025-01-03,POS,item,Green Apple,1.0,0.0,0.0
2025-01-03,POS,item,Loaded Fries,1.0,0.0,0.0
2025-01-03,Swiggy,item,Macaroni N Chicken Salad,1.0,0.0,0.0
2025-01-03,POS,item,Mdew@40rs,1.0,0.0,0.0
2025-01-03,POS,item,Pepsi 250ml Pet,2.0,0.0,0.0
2025-01-03,POS,item,Pepsi@50rs,1.0,0.0,0.0
2025-01-03,POS,item,Special Discount,0.0,0.0,0.0
2025-01-03,POS,item,Veg Burger,3.0,0.0,0.0
2025-01-03,POS,item,Watermelon Juice,2.0,0.0,0.0
2025-01-02,POS,item,12 Inch - Large Pizza,2.0,120.0,240.0
2025-01-02,Swiggy,item,12 Inch - Large Pizza,2.0,120.0,240.0
2025-01-02,POS,item,2 Regular Non-veg@389,1.0,80.0,80.0
2025-01-02,POS,item,9 Inch - Medium Pizza,3.0,75.0,225.0
2025-01-02,Swiggy,item,9 Inch - Medium Pizza,3.0,75.0,225.0
2025-01-02,POS,item,Super Saver Meal Medium,1.0,75.0,75.0
2025-01-02,POS,item,7 Inch - Regular Pizza,10.0,40.0,400.0
2025-01-02,Swiggy,item,7 Inch - Regular Pizza,2.0,40.0,80.0
2025-01-02,POS,item,Delicious Combo Delight,2.0,40.0,80.0
2025-01-02,POS,item,Garlic Bread Supreme[non-veg],1.0,40.0,40.0
2025-01-02,POS,item,Garlic Bread With Cheese,1.0,40.0,40.0
2025-01-02,POS,item,Super Saver Meal Regular,3.0,40.0,120.0
2025-01-02,POS,item,Combo Delight Non-Veg,2.0,20.0,40.0
2025-01-02,POS,item,7up 250ml Pet,2.0,0.0,0.0
2025-01-02,POS,item,Blue Mojito,2.0,0.0,0.0
2025-01-02,POS,item,Brownie With Ice Cream,6.0,0.0,0.0
2025-01-02,POS,item,Cheesy Fries,1.0,0.0,0.0
2025-01-02,Swiggy,item,Chicken Loaded Fries,1.0,0.0,0.0
2025-01-02,POS,item,Chicken Nuggets,1.0,0.0,0.0
2025-01-02,POS,item,Chicken Pasta,3.0,0.0,0.0
2025-01-02,POS,item,Chikku Shake,1.0,0.0,0.0
2025-01-02,POS,item,Chocolate Shake,3.0,0.0,0.0
2025-01-02,POS,item,Fish Finger,1.0,0.0,0.0
2025-01-02,POS,item,French Fries,3.0,0.0,0.0
2025-01-02,POS,item,Loaded Fries,2.0,0.0,0.0
2025-01-02,Swiggy,item,Makhani Dip,1.0,0.0,0.0
2025-01-02,POS,item,Mint Lime Juice,1.0,0.0,0.0
2025-01-02,POS,item,Pepsi 250ml Pet,1.0,0.0,0.0
2025-01-02,POS,item,Pepsi@40rs,1.0,0.0,0.0
2025-01-02,POS,item,Pepsi@50rs,1.0,0.0,0.0
2025-01-02,POS,item,Pineapple Juice,3.0,0.0,0.0
2025-01-02,Swiggy,item,Potato Wedges,1.0,0.0,0.0
2025-01-02,POS,item,Regular Chicken Burger,2.0,0.0,0.0
2025-01-02,POS,item,Roasted Chicken Salad,1.0,0.0,0.0
2025-01-02,POS,item,Slice@40rs,1.0,0.0,0.0
2025-01-02,POS,item,Soft Drink,1.0,0.0,0.0
2025-01-02,POS,item,Veg Burger,1.0,0.0,0.0
2025-01-01,POS,item,2 Medium Non-veg@699,2.0,150.0,300.0
2025-01-01,POS,item,2 Medium Veg@649,1.0,150.0,150.0
2025-01-01,POS,item,12 Inch - Large Pizza,14.0,120.0,1680.0
2025-01-01,POS,item,9 Inch - Medium Pizza,6.0,75.0,450.0
2025-01-01,Swiggy,item,9 Inch - Medium Pizza,2.0,75.0,150.0
2025-01-01,POS,item,Non Veg Meal For 2,1.0,75.0,75.0
2025-01-01,POS,item,7 Inch - Regular Pizza,15.0,40.0,600.0
2025-01-01,Swiggy,item,7 Inch - Regular Pizza,3.0,40.0,120.0
2025-01-01,POS,item,Delicious Combo Delight,1.0,40.0,40.0
2025-01-01,Swiggy,item,Garlic Bread Supreme [Veg],1.0,40.0,40.0
2025-01-01,POS,item,Super Saver Meal Regular,1.0,40.0,40.0
2025-01-01,POS,item,Combo Delight Non-Veg,2.0,20.0,40.0
2025-01-01,POS,item,7up 250ml Pet,2.0,0.0,0.0
2025-01-01,POS,item,7up @50rs,1.0,0.0,0.0
2025-01-01,POS,item,7up@40rs,1.0,0.0,0.0
2025-01-01,POS,item,Cheese N Macaroni Salad,1.0,0.0,0.0
2025-01-01,POS,item,Chicken Nuggets,3.0,0.0,0.0
2025-01-01,Swiggy,item,Chicken Nuggets,1.0,0.0,0.0
2025-01-01,POS,item,Chicken Pasta,2.0,0.0,0.0
2025-01-01,POS,item,French Fries,2.0,0.0,0.0
2025-01-01,Swiggy,item,French Fries,1.0,0.0,0.0
2025-01-01,Swiggy,item,Garlic Bread,1.0,0.0,0.0
2025-01-01,POS,item,Loaded Fries,1.0,0.0,0.0
2025-01-01,Swiggy,item,Mango,1.0,0.0,0.0
2025-01-01,POS,item,Mdew@40rs,2.0,0.0,0.0
2025-01-01,POS,item,Mineral Water,3.0,0.0,0.0
2025-01-01,POS,item,Mint Lime Juice,4.0,0.0,0.0
2025-01-01,Swiggy,item,Passion Mint,1.0,0.0,0.0
2025-01-01,POS,item,Pepsi@40rs,1.0,0.0,0.0
2025-01-01,POS,item,Pepsi@50rs,2.0,0.0,0.0
2025-01-01,POS,item,Potato Wedges,3.0,0.0,0.0
2025-01-01,POS,item,Slice@40rs,1.0,0.0,0.0
2025-01-01,POS,item,Special Discount,0.0,0.0,0.0
2025-01-01,POS,item,Veg Pasta,2.0,0.0,0.0
