Month_code,Category,Subcategory,Item_Name,expense_amount,YEAR_MONTH,Total Sales[POS Sales less GST + Swiggy to Loocos],expense_amount%
2026-02,ADVERTISEMENT & MARKETING,boosting,Athul govind boosting,500,2026-02,343926.2,0.15
2026-02,FOOD RAW MATERIAL PURCHASE,boneless chicken,Boneless chicken,13759,2026-02,343926.2,4.0
2026-02,FOOD RAW MATERIAL PURCHASE,butter and paneer,Butter Paneer,1050,2026-02,343926.2,0.31
2026-02,FOOD RAW MATERIAL PURCHASE,butter and paneer,Paneer And Butter,580,2026-02,343926.2,0.17
2026-02,FOOD RAW MATERIAL PURCHASE,english vegetables,english vegetables,1073,2026-02,343926.2,0.31
2026-02,FOOD RAW MATERIAL PURCHASE,fruit pulp,berry fresh fruit pulp,2880,2026-02,343926.2,0.84
2026-02,FOOD RAW MATERIAL PURCHASE,ice cream,ice cream,1904,2026-02,343926.2,0.55
2026-02,FOOD RAW MATERIAL PURCHASE,ice cream,Ice Cream,1232,2026-02,343926.2,0.36
2026-02,FOOD RAW MATERIAL PURCHASE,maida,maida 50kg and oil,8390,2026-02,343926.2,2.44
2026-02,FOOD RAW MATERIAL PURCHASE,vegetables,vegetables,3159,2026-02,343926.2,0.92
2026-02,FOOD RAW MATERIAL PURCHASE,vegetables,vegetable,455,2026-02,343926.2,0.13
2026-02,GAS & FUEL,hp gas,HP GAS 2 cylinder,14140,2026-02,343926.2,4.11
2026-02,GAS & FUEL,petrol,Petrol,5850,2026-02,343926.2,1.7
2026-02,"LICENSE, TAX & GOVERNMENT FEES",documentation work,Solar- Fabrication work,3200,2026-02,343926.2,0.93
2026-02,LOCAL PURCHASE (MISCELLANEOUS STORE ITEMS),local purchase,Local Purchase,16317,2026-02,343926.2,4.74
2026-02,LOCAL PURCHASE (MISCELLANEOUS STORE ITEMS),local purchase,local purchase 2/2/26,2734,2026-02,343926.2,0.79
2026-02,LOCAL PURCHASE (MISCELLANEOUS STORE ITEMS),local purchase,local purchase 3/2/26,465,2026-02,343926.2,0.14
2026-02,LOCAL PURCHASE (MISCELLANEOUS STORE ITEMS),local purchase,Local purchase,340,2026-02,343926.2,0.1
2026-02,MAINTENANCE – SHOP & EQUIPMENT,ac repair,pa pro repair,200,2026-02,343926.2,0.06
2026-02,MAINTENANCE – SHOP & EQUIPMENT,kitchen door work,electric work kitchen,250,2026-02,343926.2,0.07
2026-02,PACKAGING & DISPOSABLES,kot rolls,KOT ROLLS,2700,2026-02,343926.2,0.79
2026-02,SALARIES (MONTHLY PAYMENTS),anas salary,Anas Salary,1400,2026-02,343926.2,14.0
2026-02,SALARIES (MONTHLY PAYMENTS),anas salary,Anas Slary,200,2026-02,343926.2,2.0
2026-02,SALARIES (MONTHLY PAYMENTS),anas salary,anas salary,200,2026-02,343926.2,2.0
2026-02,SALARIES (MONTHLY PAYMENTS),indrajith salary,indrajith salary,800,2026-02,343926.2,8.0
2026-02,SALARIES (MONTHLY PAYMENTS),salary,Muhsin salary,2400,2026-02,343926.2,24.0
2026-02,SALARIES (MONTHLY PAYMENTS),salary,pashupathi salary advance,1000,2026-02,343926.2,10.0
2026-02,SALARIES (MONTHLY PAYMENTS),salary,sanah salary advance,800,2026-02,343926.2,8.0
2026-02,SALARIES (MONTHLY PAYMENTS),salary,sankar salary advance,300,2026-02,343926.2,3.0
2026-02,STAFF WELFARE & BENEFITS,staff party,Gafoor party fund,500,2026-02,343926.2,0.15
2026-02,UNMAPPED,UNMAPPED,puthanalkal temple festival,500,2026-02,343926.2,0.15
2026-01,ADVERTISEMENT & MARKETING,broadcasting charges,broadcasting charges,1000,2026-01,464506.6,0.22
2026-01,CLEANING & WASTE,waste pickup,Waste Pickup,100,2026-01,464506.6,0.02
2026-01,FOOD RAW MATERIAL PURCHASE,boneless chicken,Boneless chicken,18919,2026-01,464506.6,4.07
2026-01,FOOD RAW MATERIAL PURCHASE,burger buns,burger buns,160,2026-01,464506.6,0.03
2026-01,FOOD RAW MATERIAL PURCHASE,butter and paneer,Paneer And Butter,1340,2026-01,464506.6,0.29
2026-01,FOOD RAW MATERIAL PURCHASE,chicken,bone less chicken 25/1,1270,2026-01,464506.6,0.27
2026-01,FOOD RAW MATERIAL PURCHASE,chicken,bone less chicken 24/1,1171,2026-01,464506.6,0.25
2026-01,FOOD RAW MATERIAL PURCHASE,dry yeast,Dry yeast 10 pkt,1700,2026-01,464506.6,0.37
2026-01,FOOD RAW MATERIAL PURCHASE,english vegetables,english vegetables,2016,2026-01,464506.6,0.43
2026-01,FOOD RAW MATERIAL PURCHASE,fruit pulp,fruit pulp,1300,2026-01,464506.6,0.28
2026-01,FOOD RAW MATERIAL PURCHASE,maida,maida 50kg and oil,13970,2026-01,464506.6,3.01
2026-01,FOOD RAW MATERIAL PURCHASE,paneer,Paneer,580,2026-01,464506.6,0.12
2026-01,FOOD RAW MATERIAL PURCHASE,vegetables,vegetables,6708,2026-01,464506.6,1.44
2026-01,GAS & FUEL,generator petrol,Petrol Generator,2000,2026-01,464506.6,0.43
2026-01,GAS & FUEL,hp gas,HP GAS 2 cylinder,10380,2026-01,464506.6,2.23
2026-01,GAS & FUEL,petrol,Petrol,8080,2026-01,464506.6,1.74
2026-01,LOCAL PURCHASE (MISCELLANEOUS STORE ITEMS),local purchase,Local Purchase,21593,2026-01,464506.6,4.65
2026-01,LOCAL PURCHASE (MISCELLANEOUS STORE ITEMS),local purchase,Local purchase,2070,2026-01,464506.6,0.45
2026-01,MAINTENANCE – SHOP & EQUIPMENT,ro machine repair,RO Machine repair n service,2800,2026-01,464506.6,0.6
2026-01,MISCELLANEOUS / OTHER,common bill,loocos common bill,750,2026-01,464506.6,0.16
2026-01,OFFICE & ADMINISTRATION,printer usb cable,printer usb cable,200,2026-01,464506.6,0.04
2026-01,PACKAGING & DISPOSABLES,menu printing,safa menu printing,450,2026-01,464506.6,0.1
2026-01,RENT & UTILITIES,staff room electric bill,staff room elect.bill,1091,2026-01,464506.6,0.23
2026-01,SALARIES (MONTHLY PAYMENTS),ajay salary,Ajay salary,2000,2026-01,464506.6,20.0
2026-01,SALARIES (MONTHLY PAYMENTS),anas salary,Anas Salary,5200,2026-01,464506.6,52.0
2026-01,SALARIES (MONTHLY PAYMENTS),hashim salary,Hashim Salary,7550,2026-01,464506.6,75.5
2026-01,SALARIES (MONTHLY PAYMENTS),indrajith salary,indrajith salary,4800,2026-01,464506.6,48.0
2026-01,SALARIES (MONTHLY PAYMENTS),kaif salary,Kaif salary,3400,2026-01,464506.6,34.0
2026-01,SALARIES (MONTHLY PAYMENTS),salary,radhakrishnan salary,20000,2026-01,464506.6,200.0
2026-01,SALARIES (MONTHLY PAYMENTS),salary,pashupathy salary,19370,2026-01,464506.6,193.7
2026-01,SALARIES (MONTHLY PAYMENTS),salary,hisham salary,6000,2026-01,464506.6,60.0
2026-01,SALARIES (MONTHLY PAYMENTS),salary,sanah salary advance,3220,2026-01,464506.6,32.2
2026-01,SALARIES (MONTHLY PAYMENTS),salary,Hashim Salary advance,3200,2026-01,464506.6,32.0
2026-01,SALARIES (MONTHLY PAYMENTS),salary,Sanah salary,1600,2026-01,464506.6,16.0
2026-01,SALARIES (MONTHLY PAYMENTS),salary,pashupathi salary advance,1130,2026-01,464506.6,11.3
2026-01,SALARIES (MONTHLY PAYMENTS),salary,Hisham salary advance,1000,2026-01,464506.6,10.0
2026-01,SALARIES (MONTHLY PAYMENTS),salary,Muhsin salary,1000,2026-01,464506.6,10.0
2026-01,SALARIES (MONTHLY PAYMENTS),salary,Mushin salary,800,2026-01,464506.6,8.0
2026-01,SALARIES (MONTHLY PAYMENTS),salary,Shibil Salary,600,2026-01,464506.6,6.0
2026-01,SALARIES (MONTHLY PAYMENTS),salary,sanah salary,500,2026-01,464506.6,5.0
2026-01,SALARIES (MONTHLY PAYMENTS),sankar salary,sankar salary,17940,2026-01,464506.6,179.4
2026-01,SALARIES (MONTHLY PAYMENTS),shathru salary,shatru salary,30020,2026-01,464506.6,300.2
2026-01,STAFF WELFARE & BENEFITS,staff party,kitchen staff party (Manoj),500,2026-01,464506.6,0.11
2026-01,TRANSPORTATION & AUTO CHARGES,auto charge,auto charge goods from otp,600,2026-01,464506.6,0.13
2026-01,UNMAPPED,UNMAPPED,next traders(mojito),3092,2026-01,464506.6,0.67
2026-01,UNMAPPED,UNMAPPED,vanilla icecream,2176,2026-01,464506.6,0.47
2026-01,UNMAPPED,UNMAPPED,Icecream Box,1088,2026-01,464506.6,0.23
2026-01,UNMAPPED,UNMAPPED,athul Govind,1000,2026-01,464506.6,0.22
2026-01,UNMAPPED,UNMAPPED,isolator E Breaker,750,2026-01,464506.6,0.16
2025-12,ADVERTISEMENT & MARKETING,broadcasting charges,broadcasting charges,1000,2025-12,494089.55,0.2
2025-12,CLEANING & WASTE,waste pickup,Waste Pickup,100,2025-12,494089.55,0.02
2025-12,FOOD RAW MATERIAL PURCHASE,boneless chicken,Boneless chicken,18231,2025-12,494089.55,3.69
2025-12,FOOD RAW MATERIAL PURCHASE,boneless chicken,boneless chicken15/12,1174,2025-12,494089.55,0.24
2025-12,FOOD RAW MATERIAL PURCHASE,boneless chicken,boneless chicken 17/12,812,2025-12,494089.55,0.16
2025-12,FOOD RAW MATERIAL PURCHASE,butter and paneer,Butter Paneer,2680,2025-12,494089.55,0.54
2025-12,FOOD RAW MATERIAL PURCHASE,english vegetables,english vegetables,3043,2025-12,494089.55,0.62
2025-12,FOOD RAW MATERIAL PURCHASE,fruit pulp,berry fresh fruit pulp,1300,2025-12,494089.55,0.26
2025-12,FOOD RAW MATERIAL PURCHASE,ice cream,ice cream,3808,2025-12,494089.55,0.77
2025-12,FOOD RAW MATERIAL PURCHASE,ice cream,Ice Cream,2178,2025-12,494089.55,0.44
2025-12,FOOD RAW MATERIAL PURCHASE,maida,maida 50kg and oil,10415,2025-12,494089.55,2.11
2025-12,FOOD RAW MATERIAL PURCHASE,maida,maida n oil,3470,2025-12,494089.55,0.7
2025-12,FOOD RAW MATERIAL PURCHASE,paneer,paneer,580,2025-12,494089.55,0.12
2025-12,FOOD RAW MATERIAL PURCHASE,vegetables,vegetables,6940,2025-12,494089.55,1.4
2025-12,FOOD RAW MATERIAL PURCHASE,vegetables,vegetable,850,2025-12,494089.55,0.17
2025-12,GAS & FUEL,gas pipe,gas pipe,300,2025-12,494089.55,0.06
2025-12,GAS & FUEL,hp gas,HP GAS 2 cylinder,12960,2025-12,494089.55,2.62
2025-12,GAS & FUEL,petrol,Petrol,9150,2025-12,494089.55,1.85
2025-12,LOCAL PURCHASE (MISCELLANEOUS STORE ITEMS),local purchase,Local Purchase,21274,2025-12,494089.55,4.31
2025-12,LOCAL PURCHASE (MISCELLANEOUS STORE ITEMS),local purchase,local purchase 23/12,2426,2025-12,494089.55,0.49
2025-12,LOCAL PURCHASE (MISCELLANEOUS STORE ITEMS),local purchase,local purchase 5-12-25,1990,2025-12,494089.55,0.4
2025-12,LOCAL PURCHASE (MISCELLANEOUS STORE ITEMS),local purchase,Local purchase,1916,2025-12,494089.55,0.39
2025-12,LOCAL PURCHASE (MISCELLANEOUS STORE ITEMS),local purchase,local purchase 15/12,680,2025-12,494089.55,0.14
2025-12,SALARIES (MONTHLY PAYMENTS),ajay salary,Ajay salary,5800,2025-12,494089.55,58.0
2025-12,SALARIES (MONTHLY PAYMENTS),anas salary,Anas Salary,1600,2025-12,494089.55,16.0
2025-12,SALARIES (MONTHLY PAYMENTS),anas salary,Anas Slary,200,2025-12,494089.55,2.0
2025-12,SALARIES (MONTHLY PAYMENTS),hashim salary,Hashim Salary,8050,2025-12,494089.55,80.5
2025-12,SALARIES (MONTHLY PAYMENTS),indrajith salary,indrajith salary,6000,2025-12,494089.55,60.0
2025-12,SALARIES (MONTHLY PAYMENTS),kaif salary,Kaif salary,5000,2025-12,494089.55,50.0
2025-12,SALARIES (MONTHLY PAYMENTS),salary,radhakrishnan salary,20000,2025-12,494089.55,200.0
2025-12,SALARIES (MONTHLY PAYMENTS),salary,pashupathy salary,19400,2025-12,494089.55,194.0
2025-12,SALARIES (MONTHLY PAYMENTS),salary,Sanah salary,7730,2025-12,494089.55,77.3
2025-12,SALARIES (MONTHLY PAYMENTS),salary,Hisham salary,5127,2025-12,494089.55,51.27
2025-12,SALARIES (MONTHLY PAYMENTS),salary,Hisham salary advance,3640,2025-12,494089.55,36.4
2025-12,SALARIES (MONTHLY PAYMENTS),salary,shatru salary advance,2600,2025-12,494089.55,26.0
2025-12,SALARIES (MONTHLY PAYMENTS),salary,sanah salary advance,1370,2025-12,494089.55,13.7
2025-12,SALARIES (MONTHLY PAYMENTS),salary,pashupathi salary advance,1000,2025-12,494089.55,10.0
2025-12,SALARIES (MONTHLY PAYMENTS),salary,Hashim Salary advance,700,2025-12,494089.55,7.0
2025-12,SALARIES (MONTHLY PAYMENTS),salary,sankar salary advance,350,2025-12,494089.55,3.5
2025-12,SALARIES (MONTHLY PAYMENTS),salary,pashupathy salary advance,300,2025-12,494089.55,3.0
2025-12,SALARIES (MONTHLY PAYMENTS),sankar salary,sankar salary,17763,2025-12,494089.55,177.63
2025-12,SALARIES (MONTHLY PAYMENTS),shathru salary,Shathru Salary,26407,2025-12,494089.55,264.07
2025-12,STAFF WELFARE & BENEFITS,staff uniform,staff uniform,2295,2025-12,494089.55,0.46
2025-11,ADVERTISEMENT & MARKETING,broadcasting charges,broadcasting charges ananthakumar,1000,2025-11,454730.6,0.22
2025-11,BIKE EXPENSES (ALL VEHICLE RELATED),both bike repair,discover bike repair,600,2025-11,454730.6,0.13
2025-11,BIKE EXPENSES (ALL VEHICLE RELATED),both bike repair,pa pro bike repair,350,2025-11,454730.6,0.08
2025-11,BIKE EXPENSES (ALL VEHICLE RELATED),insurance bike,bike insurance KL51 C 26021,843,2025-11,454730.6,0.19
2025-11,BIKE EXPENSES (ALL VEHICLE RELATED),tyre,pa pro tyre 2 and fitting charges,1150,2025-11,454730.6,0.25
2025-11,CLEANING & WASTE,waste pickup,Waste Pickup,500,2025-11,454730.6,0.11
2025-11,DECORATION & EVENTS,balloon arch,Balloon arch,2200,2025-11,454730.6,0.48
2025-11,FOOD RAW MATERIAL PURCHASE,boneless chicken,Boneless chicken,15725,2025-11,454730.6,3.46
2025-11,FOOD RAW MATERIAL PURCHASE,boneless chicken,Boneless chicken 18/11,2721,2025-11,454730.6,0.6
2025-11,FOOD RAW MATERIAL PURCHASE,burger buns,burger buns,192,2025-11,454730.6,0.04
2025-11,FOOD RAW MATERIAL PURCHASE,butter and paneer,Butter Paneer,1340,2025-11,454730.6,0.29
2025-11,FOOD RAW MATERIAL PURCHASE,chicken,bonelesschicken 25th & 27th,2161,2025-11,454730.6,0.48
2025-11,FOOD RAW MATERIAL PURCHASE,choco chips,choco chips flipkart,423,2025-11,454730.6,0.09
2025-11,FOOD RAW MATERIAL PURCHASE,dry yeast,Dry yeast 10 pkt,1700,2025-11,454730.6,0.37
2025-11,FOOD RAW MATERIAL PURCHASE,english vegetables,english vegetables,3376,2025-11,454730.6,0.74
2025-11,FOOD RAW MATERIAL PURCHASE,fruit pulp,berry fresh fruit pulp,840,2025-11,454730.6,0.18
2025-11,FOOD RAW MATERIAL PURCHASE,ice cream,Ice Cream,3872,2025-11,454730.6,0.85
2025-11,FOOD RAW MATERIAL PURCHASE,maida,maida prince 30kg,1360,2025-11,454730.6,0.3
2025-11,FOOD RAW MATERIAL PURCHASE,paneer,Paneer,870,2025-11,454730.6,0.19
2025-11,FOOD RAW MATERIAL PURCHASE,vegetables,vegetables,5339,2025-11,454730.6,1.17
2025-11,FOOD RAW MATERIAL PURCHASE,vegetables,vegetables 18/11,2073,2025-11,454730.6,0.46
2025-11,GAS & FUEL,hp gas,HP GAS 2 cylinder,9780,2025-11,454730.6,2.15
2025-11,GAS & FUEL,hp gas,HP GAS 2Cylinder 18/11,3260,2025-11,454730.6,0.72
2025-11,GAS & FUEL,petrol,Petrol,8400,2025-11,454730.6,1.85
2025-11,"LICENSE, TAX & GOVERNMENT FEES",khra membership,KHRA membership,400,2025-11,454730.6,0.09
2025-11,LOCAL PURCHASE (MISCELLANEOUS STORE ITEMS),local purchase,Local Purchase,23824,2025-11,454730.6,5.24
2025-11,LOCAL PURCHASE (MISCELLANEOUS STORE ITEMS),local purchase,Local purchase 18/11,1908,2025-11,454730.6,0.42
2025-11,LOCAL PURCHASE (MISCELLANEOUS STORE ITEMS),local purchase,Local purchase,906,2025-11,454730.6,0.2
2025-11,MAINTENANCE – SHOP & EQUIPMENT,ac gas charging,A/C service n gas charging,2500,2025-11,454730.6,0.55
2025-11,MAINTENANCE – SHOP & EQUIPMENT,water lab testing,water testing lab charges,1000,2025-11,454730.6,0.22
2025-11,RENT & UTILITIES,rent,staff room current bill,1087,2025-11,454730.6,0.24
2025-11,RENT & UTILITIES,rent,loocos common current bill,750,2025-11,454730.6,0.16
2025-11,SALARIES (MONTHLY PAYMENTS),ajay salary,Ajay salary,8200,2025-11,454730.6,82.0
2025-11,SALARIES (MONTHLY PAYMENTS),anas salary,Anas Salary,200,2025-11,454730.6,2.0
2025-11,SALARIES (MONTHLY PAYMENTS),hashim salary,Hashim Salary,5533,2025-11,454730.6,55.33
2025-11,SALARIES (MONTHLY PAYMENTS),indrajith salary,indrajith salary,3000,2025-11,454730.6,30.0
2025-11,SALARIES (MONTHLY PAYMENTS),kaif salary,Kaif salary,4400,2025-11,454730.6,44.0
2025-11,SALARIES (MONTHLY PAYMENTS),nihal salary,Nihal salary,200,2025-11,454730.6,2.0
2025-11,SALARIES (MONTHLY PAYMENTS),salary,radhakrishnan salary,19000,2025-11,454730.6,190.0
2025-11,SALARIES (MONTHLY PAYMENTS),salary,pashupathy salary,7380,2025-11,454730.6,73.8
2025-11,SALARIES (MONTHLY PAYMENTS),salary,Hisham salary,4800,2025-11,454730.6,48.0
2025-11,SALARIES (MONTHLY PAYMENTS),salary,Sanah salary,4200,2025-11,454730.6,42.0
2025-11,SALARIES (MONTHLY PAYMENTS),salary,shyam salary advance,3450,2025-11,454730.6,34.5
2025-11,SALARIES (MONTHLY PAYMENTS),salary,Hashim Salary advance,1700,2025-11,454730.6,17.0
2025-11,SALARIES (MONTHLY PAYMENTS),salary,shatru salary advance,1500,2025-11,454730.6,15.0
2025-11,SALARIES (MONTHLY PAYMENTS),salary,pashupathy salary advance,1000,2025-11,454730.6,10.0
2025-11,SALARIES (MONTHLY PAYMENTS),salary,pashupathi salary advance,820,2025-11,454730.6,8.2
2025-11,SALARIES (MONTHLY PAYMENTS),salary,sankar salary advance,500,2025-11,454730.6,5.0
2025-11,SALARIES (MONTHLY PAYMENTS),salary,Shibil Salary,400,2025-11,454730.6,4.0
2025-11,SALARIES (MONTHLY PAYMENTS),salary,Hisham salary advance,100,2025-11,454730.6,1.0
2025-11,SALARIES (MONTHLY PAYMENTS),salu salary,Salu salary,200,2025-11,454730.6,2.0
2025-11,SALARIES (MONTHLY PAYMENTS),sankar salary,sankar salary,15880,2025-11,454730.6,158.8
2025-11,SALARIES (MONTHLY PAYMENTS),shathru salary,shatru salary,27633,2025-11,454730.6,276.33
2025-11,SALARIES (MONTHLY PAYMENTS),shyam salary,Shyam Salary,13910,2025-11,454730.6,139.1
2025-11,STAFF WELFARE & BENEFITS,kitchen staff health checkup,kitchen staff health checkup,1200,2025-11,454730.6,0.26
2025-11,STAFF WELFARE & BENEFITS,kitchen staff party,kitchen staff party,1000,2025-11,454730.6,0.22
2025-11,STAFF WELFARE & BENEFITS,staff food,staff food expense,3158,2025-11,454730.6,0.69
2025-11,TRANSPORTATION & AUTO CHARGES,rikshaw fare,rikshaw fare  goods from OTP,600,2025-11,454730.6,0.13
2025-11,UNMAPPED,UNMAPPED,news paper agent 2500pc flyer distribution,1500,2025-11,454730.6,0.33
2025-10,ADVERTISEMENT & MARKETING,broadcasting charges,broadcasting charges ananthakumar,1000,2025-10,455473.55,0.22
2025-10,ADVERTISEMENT & MARKETING,safa advertising,safa advertising,100,2025-10,455473.55,0.02
2025-10,ADVERTISEMENT & MARKETING,sound pod fee,sound pod,1499,2025-10,455473.55,0.33
2025-10,BIKE EXPENSES (ALL VEHICLE RELATED),both bike repair,bike repair,320,2025-10,455473.55,0.07
2025-10,BIKE EXPENSES (ALL VEHICLE RELATED),both bike repair,pa pro bike repair,300,2025-10,455473.55,0.07
2025-10,BIKE EXPENSES (ALL VEHICLE RELATED),discover maintanance,discover KL 53 C 7038 Insurance,843,2025-10,455473.55,0.19
2025-10,CLEANING & WASTE,waste pickup,Waste Pickup,650,2025-10,455473.55,0.14
2025-10,FOOD RAW MATERIAL PURCHASE,boneless chicken,Boneless chicken,16004,2025-10,455473.55,3.51
2025-10,FOOD RAW MATERIAL PURCHASE,butter and paneer,Butter Paneer,2390,2025-10,455473.55,0.52
2025-10,FOOD RAW MATERIAL PURCHASE,english vegetables,english vegetables,1751,2025-10,455473.55,0.38
2025-10,FOOD RAW MATERIAL PURCHASE,fruit pulp,berry fresh fruit pulp,560,2025-10,455473.55,0.12
2025-10,FOOD RAW MATERIAL PURCHASE,ice cream,Ice Cream,3834,2025-10,455473.55,0.84
2025-10,FOOD RAW MATERIAL PURCHASE,ice cream,ice cream,968,2025-10,455473.55,0.21
2025-10,FOOD RAW MATERIAL PURCHASE,vegetables,vegetables,5255,2025-10,455473.55,1.15
2025-10,FOOD RAW MATERIAL PURCHASE,vegetables,eng vegetables,1176,2025-10,455473.55,0.26
2025-10,GAS & FUEL,hp gas,HP GAS 2 cylinder,13120,2025-10,455473.55,2.88
2025-10,GAS & FUEL,petrol,Petrol,8500,2025-10,455473.55,1.87
2025-10,LOCAL PURCHASE (MISCELLANEOUS STORE ITEMS),local purchase,Local Purchase,19559,2025-10,455473.55,4.29
2025-10,LOCAL PURCHASE (MISCELLANEOUS STORE ITEMS),local purchase,Local purchase,5454,2025-10,455473.55,1.2
2025-10,LOCAL PURCHASE (MISCELLANEOUS STORE ITEMS),local purchase,local purchase 17th 18th 19th,3733,2025-10,455473.55,0.82
2025-10,MAINTENANCE – SHOP & EQUIPMENT,fryer plug changing,fryer plug & socket changing,1309,2025-10,455473.55,0.29
2025-10,MAINTENANCE – SHOP & EQUIPMENT,kitchen door work,kitchen door work,800,2025-10,455473.55,0.18
2025-10,SALARIES (MONTHLY PAYMENTS),ajay salary,Ajay salary,4800,2025-10,455473.55,48.0
2025-10,SALARIES (MONTHLY PAYMENTS),anas salary,Anas Salary,400,2025-10,455473.55,4.0
2025-10,SALARIES (MONTHLY PAYMENTS),hashim salary,Hashim Salary,5967,2025-10,455473.55,59.67
2025-10,SALARIES (MONTHLY PAYMENTS),indrajith salary,indrajith salary,10600,2025-10,455473.55,106.0
2025-10,SALARIES (MONTHLY PAYMENTS),kaif salary,Kaif salary,3600,2025-10,455473.55,36.0
2025-10,SALARIES (MONTHLY PAYMENTS),salary,radhakrishnan salary,19000,2025-10,455473.55,190.0
2025-10,SALARIES (MONTHLY PAYMENTS),salary,Sanah salary,6000,2025-10,455473.55,60.0
2025-10,SALARIES (MONTHLY PAYMENTS),salary,shyam salary advance,3900,2025-10,455473.55,39.0
2025-10,SALARIES (MONTHLY PAYMENTS),salary,Hisham salary,3400,2025-10,455473.55,34.0
2025-10,SALARIES (MONTHLY PAYMENTS),salary,Hashim Salary advance,2200,2025-10,455473.55,22.0
2025-10,SALARIES (MONTHLY PAYMENTS),salary,sankar salary advance,600,2025-10,455473.55,6.0
2025-10,SALARIES (MONTHLY PAYMENTS),sankar salary,sankar salary,17673,2025-10,455473.55,176.73
2025-10,SALARIES (MONTHLY PAYMENTS),shathru salary,Shathru Salary,30020,2025-10,455473.55,300.2
2025-10,SALARIES (MONTHLY PAYMENTS),shyam salary,Shyam Salary,14860,2025-10,455473.55,148.6
2025-10,SALARIES (MONTHLY PAYMENTS),swalih salary,Swalih salary,400,2025-10,455473.55,4.0
2025-10,STAFF WELFARE & BENEFITS,kitchen staff bonus,kitchen staff bonus,3500,2025-10,455473.55,0.77
2025-10,UNMAPPED,UNMAPPED,bed 3 pc staffroom,3600,2025-10,455473.55,0.79
2025-10,UNMAPPED,UNMAPPED,ABAD fishries,1893,2025-10,455473.55,0.42
2025-10,UNMAPPED,UNMAPPED,Pa pro KL 51 D 2637 insurance,856,2025-10,455473.55,0.19
2025-10,UNMAPPED,UNMAPPED,electrician pepsi fridge plug work,770,2025-10,455473.55,0.17
2025-09,ADVERTISEMENT & MARKETING,broadcasting charges,broadcasting charges ananthakumar,3000,2025-09,480840.35,0.62
2025-09,BIKE EXPENSES (ALL VEHICLE RELATED),both bike repair,bike repair,100,2025-09,480840.35,0.02
2025-09,BIKE EXPENSES (ALL VEHICLE RELATED),chain kit labour,Painting Labour Charges,6100,2025-09,480840.35,1.27
2025-09,BIKE EXPENSES (ALL VEHICLE RELATED),chain kit labour,painter labour charge,3200,2025-09,480840.35,0.67
2025-09,CLEANING & WASTE,waste pickup,Waste Pickup,700,2025-09,480840.35,0.15
2025-09,FOOD RAW MATERIAL PURCHASE,boneless chicken,Boneless chicken,17714,2025-09,480840.35,3.68
2025-09,FOOD RAW MATERIAL PURCHASE,butter,Butter,760,2025-09,480840.35,0.16
2025-09,FOOD RAW MATERIAL PURCHASE,butter and paneer,Butter Paneer,1340,2025-09,480840.35,0.28
2025-09,FOOD RAW MATERIAL PURCHASE,dry yeast,Dry yeast 10 pkt,1780,2025-09,480840.35,0.37
2025-09,FOOD RAW MATERIAL PURCHASE,english vegetables,english vegetables,2771,2025-09,480840.35,0.58
2025-09,FOOD RAW MATERIAL PURCHASE,fruit pulp,berry fresh fruit pulp,1300,2025-09,480840.35,0.27
2025-09,FOOD RAW MATERIAL PURCHASE,ice cream,ice cream,3536,2025-09,480840.35,0.74
2025-09,FOOD RAW MATERIAL PURCHASE,ice cream,Ice Cream,968,2025-09,480840.35,0.2
2025-09,FOOD RAW MATERIAL PURCHASE,paneer,Paneer,580,2025-09,480840.35,0.12
2025-09,FOOD RAW MATERIAL PURCHASE,vegetables,vegetables,5862,2025-09,480840.35,1.22
2025-09,GAS & FUEL,hp gas,HP GAS 2 cylinder,16200,2025-09,480840.35,3.37
2025-09,GAS & FUEL,petrol,Petrol,6850,2025-09,480840.35,1.42
2025-09,LOCAL PURCHASE (MISCELLANEOUS STORE ITEMS),local purchase,Local Purchase,20653,2025-09,480840.35,4.3
2025-09,LOCAL PURCHASE (MISCELLANEOUS STORE ITEMS),local purchase,local purchase 19th 20th 21st,5147,2025-09,480840.35,1.07
2025-09,LOCAL PURCHASE (MISCELLANEOUS STORE ITEMS),local purchase,Local purchase,3523,2025-09,480840.35,0.73
2025-09,MAINTENANCE – SHOP & EQUIPMENT,chair welding,make line welding work,200,2025-09,480840.35,0.04
2025-09,MAINTENANCE – SHOP & EQUIPMENT,shutter paint,shutter paint,1467,2025-09,480840.35,0.31
2025-09,MAINTENANCE – SHOP & EQUIPMENT,shutter paint,Paint,550,2025-09,480840.35,0.11
2025-09,OFFICE & ADMINISTRATION,sound box repair,sound box repair,650,2025-09,480840.35,0.14
2025-09,RENT & UTILITIES,rent,loocos common current bill,750,2025-09,480840.35,0.16
2025-09,RENT & UTILITIES,staff room electric bill,staff room elect.bill,983,2025-09,480840.35,0.2
2025-09,SALARIES (MONTHLY PAYMENTS),ajay salary,Ajay salary,6800,2025-09,480840.35,68.0
2025-09,SALARIES (MONTHLY PAYMENTS),hashim salary,Hashim Salary,5767,2025-09,480840.35,57.67
2025-09,SALARIES (MONTHLY PAYMENTS),indrajith salary,indrajith salary,8600,2025-09,480840.35,86.0
2025-09,SALARIES (MONTHLY PAYMENTS),salary,radhakrishnan salary,19000,2025-09,480840.35,190.0
2025-09,SALARIES (MONTHLY PAYMENTS),salary,Hisham salary,6800,2025-09,480840.35,68.0
2025-09,SALARIES (MONTHLY PAYMENTS),salary,Sanah salary,6200,2025-09,480840.35,62.0
2025-09,SALARIES (MONTHLY PAYMENTS),salary,shyam salary advance,2650,2025-09,480840.35,26.5
2025-09,SALARIES (MONTHLY PAYMENTS),salary,Shibil Salary,2600,2025-09,480840.35,26.0
2025-09,SALARIES (MONTHLY PAYMENTS),salary,shatru salary advance,1200,2025-09,480840.35,12.0
2025-09,SALARIES (MONTHLY PAYMENTS),salary,Hashim Salary advance,1000,2025-09,480840.35,10.0
2025-09,SALARIES (MONTHLY PAYMENTS),salary,sankar salary advance,650,2025-09,480840.35,6.5
2025-09,SALARIES (MONTHLY PAYMENTS),salary,Shyam Advance Salary,550,2025-09,480840.35,5.5
2025-09,SALARIES (MONTHLY PAYMENTS),sankar salary,sankar salary,17030,2025-09,480840.35,170.3
2025-09,SALARIES (MONTHLY PAYMENTS),shathru salary,shatru salary,17933,2025-09,480840.35,179.33
2025-09,SALARIES (MONTHLY PAYMENTS),shyam salary,Shyam Salary,14780,2025-09,480840.35,147.8
2025-09,TRANSPORTATION & AUTO CHARGES,rikshaw fare,rikshaw fare  goods from OTP,650,2025-09,480840.35,0.14
2025-09,UNMAPPED,UNMAPPED,Paint primer,2100,2025-09,480840.35,0.44
2025-09,UNMAPPED,UNMAPPED,hisham,200,2025-09,480840.35,0.04
2025-08,ADVERTISEMENT & MARKETING,broadcasting charges,broadcasting charges ananthakumar,1625,2025-08,507628.39999999997,0.32
2025-08,ADVERTISEMENT & MARKETING,broadcasting charges,broadcasting charges Ajay,1000,2025-08,507628.39999999997,0.2
2025-08,BIKE EXPENSES (ALL VEHICLE RELATED),chain kit labour,"dicover bike chain kit, bearingand repair",1640,2025-08,507628.39999999997,0.32
2025-08,CLEANING & WASTE,waste pickup,Waste Pickup,500,2025-08,507628.39999999997,0.1
2025-08,CLEANING & WASTE,waste pickup,Waste Pickup 2 days,100,2025-08,507628.39999999997,0.02
2025-08,FOOD RAW MATERIAL PURCHASE,boneless chicken,Boneless chicken,21860,2025-08,507628.39999999997,4.31
2025-08,FOOD RAW MATERIAL PURCHASE,butter and paneer,Butter Paneer,1340,2025-08,507628.39999999997,0.26
2025-08,FOOD RAW MATERIAL PURCHASE,english vegetables,english vegetables,3558,2025-08,507628.39999999997,0.7
2025-08,FOOD RAW MATERIAL PURCHASE,ice cream,ice cream,2992,2025-08,507628.39999999997,0.59
2025-08,FOOD RAW MATERIAL PURCHASE,paneer,Paneer,1160,2025-08,507628.39999999997,0.23
2025-08,FOOD RAW MATERIAL PURCHASE,vegetables,vegetables,6085,2025-08,507628.39999999997,1.2
2025-08,GAS & FUEL,hp gas,HP GAS 2 cylinder,13360,2025-08,507628.39999999997,2.63
2025-08,GAS & FUEL,petrol,Petrol,8180,2025-08,507628.39999999997,1.61
2025-08,LOCAL PURCHASE (MISCELLANEOUS STORE ITEMS),local purchase,Local Purchase,28232,2025-08,507628.39999999997,5.56
2025-08,LOCAL PURCHASE (MISCELLANEOUS STORE ITEMS),local purchase,Local purchase,3302,2025-08,507628.39999999997,0.65
2025-08,MAINTENANCE – SHOP & EQUIPMENT,fan repair,fan repair,400,2025-08,507628.39999999997,0.08
2025-08,MAINTENANCE – SHOP & EQUIPMENT,ro machine repair,RO Machine repair n service,650,2025-08,507628.39999999997,0.13
2025-08,PACKAGING & DISPOSABLES,kot rolls,KOT ROLLS,2700,2025-08,507628.39999999997,0.53
2025-08,RENT & UTILITIES,mobile recharge,airtel mobile recharge,2249,2025-08,507628.39999999997,0.44
2025-08,SALARIES (MONTHLY PAYMENTS),ajay salary,Ajay salary,3800,2025-08,507628.39999999997,38.0
2025-08,SALARIES (MONTHLY PAYMENTS),ajay salary,ajay salary,200,2025-08,507628.39999999997,2.0
2025-08,SALARIES (MONTHLY PAYMENTS),salary,Shaheel salary settlement,8550,2025-08,507628.39999999997,85.5
2025-08,SALARIES (MONTHLY PAYMENTS),salary,shyam salary advance,8150,2025-08,507628.39999999997,81.5
2025-08,SALARIES (MONTHLY PAYMENTS),salary,Hisham salary,6800,2025-08,507628.39999999997,68.0
2025-08,SALARIES (MONTHLY PAYMENTS),salary,Shibil Salary,6400,2025-08,507628.39999999997,64.0
2025-08,SALARIES (MONTHLY PAYMENTS),salary,Sanah salary,6000,2025-08,507628.39999999997,60.0
2025-08,SALARIES (MONTHLY PAYMENTS),salary,shatru salary advance,3360,2025-08,507628.39999999997,33.6
2025-08,SALARIES (MONTHLY PAYMENTS),salary,Hashim Salary advance,1800,2025-08,507628.39999999997,18.0
2025-08,SALARIES (MONTHLY PAYMENTS),salary,sankar salary advance,1700,2025-08,507628.39999999997,17.0
2025-08,SALARIES (MONTHLY PAYMENTS),salary,shaheel salary advance,650,2025-08,507628.39999999997,6.5
2025-08,SALARIES (MONTHLY PAYMENTS),salary,Ashif Salary,200,2025-08,507628.39999999997,2.0
2025-08,SALARIES (MONTHLY PAYMENTS),salary,hisham salary,200,2025-08,507628.39999999997,2.0
2025-08,SALARIES (MONTHLY PAYMENTS),swalih salary,Swalih salary,800,2025-08,507628.39999999997,8.0
2025-08,STAFF WELFARE & BENEFITS,kitchen staff party,kitchen staff party,800,2025-08,507628.39999999997,0.16
2025-08,UNMAPPED,UNMAPPED,hisham,200,2025-08,507628.39999999997,0.04
2025-07,ADVERTISEMENT & MARKETING,flyer delivery charges,flyer courier charges,250,2025-07,470467.1,0.05
2025-07,ADVERTISEMENT & MARKETING,safa advertising,safa advertising,5000,2025-07,470467.1,1.06
2025-07,BIKE EXPENSES (ALL VEHICLE RELATED),both bike repair,discover bike repair,862,2025-07,470467.1,0.18
2025-07,BIKE EXPENSES (ALL VEHICLE RELATED),both bike repair,bike repair,150,2025-07,470467.1,0.03
2025-07,BIKE EXPENSES (ALL VEHICLE RELATED),tyre,tyre fitting 2 bikes,280,2025-07,470467.1,0.06
2025-07,CLEANING & WASTE,waste pickup,Waste Pickup,650,2025-07,470467.1,0.14
2025-07,FOOD RAW MATERIAL PURCHASE,boneless chicken,Boneless chicken,20182,2025-07,470467.1,4.29
2025-07,FOOD RAW MATERIAL PURCHASE,butter and paneer,Butter Paneer,2680,2025-07,470467.1,0.57
2025-07,FOOD RAW MATERIAL PURCHASE,english vegetables,english vegetables,4421,2025-07,470467.1,0.94
2025-07,FOOD RAW MATERIAL PURCHASE,fruit pulp,berry fresh fruit pulp,1300,2025-07,470467.1,0.28
2025-07,FOOD RAW MATERIAL PURCHASE,ice cream,ice cream,1861,2025-07,470467.1,0.4
2025-07,FOOD RAW MATERIAL PURCHASE,paneer,Paneer,580,2025-07,470467.1,0.12
2025-07,FOOD RAW MATERIAL PURCHASE,vegetables,vegetables,6454,2025-07,470467.1,1.37
2025-07,GAS & FUEL,generator petrol,Petrol Generator,1500,2025-07,470467.1,0.32
2025-07,GAS & FUEL,hp gas,HP GAS 2 cylinder,10260,2025-07,470467.1,2.18
2025-07,GAS & FUEL,hp gas,HP GAS,1710,2025-07,470467.1,0.36
2025-07,GAS & FUEL,petrol,Petrol,6710,2025-07,470467.1,1.43
2025-07,LOCAL PURCHASE (MISCELLANEOUS STORE ITEMS),local purchase,Local Purchase,29904,2025-07,470467.1,6.36
2025-07,LOCAL PURCHASE (MISCELLANEOUS STORE ITEMS),local purchase,Local purchase,545,2025-07,470467.1,0.12
2025-07,MAINTENANCE – SHOP & EQUIPMENT,chiller repair,chiller repair,1850,2025-07,470467.1,0.39
2025-07,MAINTENANCE – SHOP & EQUIPMENT,electrical work material labour,electrical work meterial and labour,1850,2025-07,470467.1,0.39
2025-07,MAINTENANCE – SHOP & EQUIPMENT,wooden pizza server,wooden pizza server,1570,2025-07,470467.1,0.33
2025-07,RENT & UTILITIES,common electricity bill,common electricity bill,750,2025-07,470467.1,0.16
2025-07,RENT & UTILITIES,staff room electric bill,staff room elect.bill,1056,2025-07,470467.1,0.22
2025-07,SALARIES (MONTHLY PAYMENTS),ajay salary,Ajay salary,400,2025-07,470467.1,4.0
2025-07,SALARIES (MONTHLY PAYMENTS),hashim salary,Hashim Salary,4767,2025-07,470467.1,47.67
2025-07,SALARIES (MONTHLY PAYMENTS),salary,radhakrishnan salary,19000,2025-07,470467.1,190.0
2025-07,SALARIES (MONTHLY PAYMENTS),salary,Sanah salary,7200,2025-07,470467.1,72.0
2025-07,SALARIES (MONTHLY PAYMENTS),salary,Hisham salary,6400,2025-07,470467.1,64.0
2025-07,SALARIES (MONTHLY PAYMENTS),salary,shaheel salary advance,3930,2025-07,470467.1,39.3
2025-07,SALARIES (MONTHLY PAYMENTS),salary,Shibil Salary,3200,2025-07,470467.1,32.0
2025-07,SALARIES (MONTHLY PAYMENTS),salary,shyam salary advance,2250,2025-07,470467.1,22.5
2025-07,SALARIES (MONTHLY PAYMENTS),salary,Hashim Salary advance,2000,2025-07,470467.1,20.0
2025-07,SALARIES (MONTHLY PAYMENTS),salary,Ashif Salary,1400,2025-07,470467.1,14.0
2025-07,SALARIES (MONTHLY PAYMENTS),salary,sankar salary advance,1400,2025-07,470467.1,14.0
2025-07,SALARIES (MONTHLY PAYMENTS),salary,asif salary,800,2025-07,470467.1,8.0
2025-07,SALARIES (MONTHLY PAYMENTS),salary,shatru salary advance,700,2025-07,470467.1,7.0
2025-07,SALARIES (MONTHLY PAYMENTS),salary,hisham salary,200,2025-07,470467.1,2.0
2025-07,SALARIES (MONTHLY PAYMENTS),sankar salary,sankar salary,16107,2025-07,470467.1,161.07
2025-07,SALARIES (MONTHLY PAYMENTS),shathru salary,Shathru Salary,22900,2025-07,470467.1,229.0
2025-07,SALARIES (MONTHLY PAYMENTS),shyam salary,Shyam Salary,16230,2025-07,470467.1,162.3
2025-07,SALARIES (MONTHLY PAYMENTS),swalih salary,Swalih salary,2400,2025-07,470467.1,24.0
2025-07,STAFF WELFARE & BENEFITS,staff uniform,kitchen staff uniform 4 pc,1020,2025-07,470467.1,0.22
2025-07,TRANSPORTATION & AUTO CHARGES,auto charge,auto charge goods from otp,550,2025-07,470467.1,0.12
2025-07,UNMAPPED,UNMAPPED,Icecream Box,1088,2025-07,470467.1,0.23
2025-06,ADVERTISEMENT & MARKETING,boosting,whats app boosting,300,2025-06,403429.0,0.07
2025-06,BIKE EXPENSES (ALL VEHICLE RELATED),both bike repair,old mobile repair,450,2025-06,403429.0,0.11
2025-06,BIKE EXPENSES (ALL VEHICLE RELATED),tube,pa pro tube changing,370,2025-06,403429.0,0.09
2025-06,BIKE EXPENSES (ALL VEHICLE RELATED),tyre,second hand tyre,450,2025-06,403429.0,0.11
2025-06,CLEANING & WASTE,waste pickup,Waste Pickup,550,2025-06,403429.0,0.14
2025-06,FOOD RAW MATERIAL PURCHASE,boneless chicken,Boneless chicken,18567,2025-06,403429.0,4.6
2025-06,FOOD RAW MATERIAL PURCHASE,burger buns,burger buns,96,2025-06,403429.0,0.02
2025-06,FOOD RAW MATERIAL PURCHASE,butter,Butter,760,2025-06,403429.0,0.19
2025-06,FOOD RAW MATERIAL PURCHASE,dry yeast,Dry yeast 10 pkt,1780,2025-06,403429.0,0.44
2025-06,FOOD RAW MATERIAL PURCHASE,english vegetables,english vegetables,3646,2025-06,403429.0,0.9
2025-06,FOOD RAW MATERIAL PURCHASE,ice cream,ice cream,2720,2025-06,403429.0,0.67
2025-06,FOOD RAW MATERIAL PURCHASE,paneer,Paneer,580,2025-06,403429.0,0.14
2025-06,FOOD RAW MATERIAL PURCHASE,vegetables,vegetables,5405,2025-06,403429.0,1.34
2025-06,GAS & FUEL,hp gas,HP GAS,7080,2025-06,403429.0,1.75
2025-06,GAS & FUEL,hp gas,HP GAS 2 cylinder,7080,2025-06,403429.0,1.75
2025-06,GAS & FUEL,petrol,Petrol,7200,2025-06,403429.0,1.78
2025-06,LOCAL PURCHASE (MISCELLANEOUS STORE ITEMS),local purchase,Local Purchase,20695,2025-06,403429.0,5.13
2025-06,LOCAL PURCHASE (MISCELLANEOUS STORE ITEMS),local purchase,local purchase 11/6/25,2772,2025-06,403429.0,0.69
2025-06,LOCAL PURCHASE (MISCELLANEOUS STORE ITEMS),local purchase,Local Purchase 14/6,758,2025-06,403429.0,0.19
2025-06,LOCAL PURCHASE (MISCELLANEOUS STORE ITEMS),local purchase,Local Purchase12/6/25,530,2025-06,403429.0,0.13
2025-06,LOCAL PURCHASE (MISCELLANEOUS STORE ITEMS),local purchase,Local Purchase 13/6,340,2025-06,403429.0,0.08
2025-06,LOCAL PURCHASE (MISCELLANEOUS STORE ITEMS),local purchase,Local purchase,226,2025-06,403429.0,0.06
2025-06,MAINTENANCE – SHOP & EQUIPMENT,fryer repair,fryer repair,1500,2025-06,403429.0,0.37
2025-06,MAINTENANCE – SHOP & EQUIPMENT,makeline chiller repair,Makeline chiller repair,15200,2025-06,403429.0,3.77
2025-06,MISCELLANEOUS / OTHER,contribution for road work,loocos contribution for road to premise concrete work,370,2025-06,403429.0,0.09
2025-06,PARTNER & CAPITAL TRANSACTIONS,bike advance,Bike Advance,5000,2025-06,403429.0,1.24
2025-06,SALARIES (MONTHLY PAYMENTS),anas salary,Anas Salary,2893,2025-06,403429.0,28.93
2025-06,SALARIES (MONTHLY PAYMENTS),hashim salary,Hashim Salary,5433,2025-06,403429.0,54.33
2025-06,SALARIES (MONTHLY PAYMENTS),salary,radhakrishnan salary,19000,2025-06,403429.0,190.0
2025-06,SALARIES (MONTHLY PAYMENTS),salary,manoj salary,15900,2025-06,403429.0,159.0
2025-06,SALARIES (MONTHLY PAYMENTS),salary,arun salary settlement,10900,2025-06,403429.0,109.0
2025-06,SALARIES (MONTHLY PAYMENTS),salary,Hisham salary,6600,2025-06,403429.0,66.0
2025-06,SALARIES (MONTHLY PAYMENTS),salary,Sanah salary,6000,2025-06,403429.0,60.0
2025-06,SALARIES (MONTHLY PAYMENTS),salary,Anshid salary,4000,2025-06,403429.0,40.0
2025-06,SALARIES (MONTHLY PAYMENTS),salary,Hashim Salary advance,2500,2025-06,403429.0,25.0
2025-06,SALARIES (MONTHLY PAYMENTS),salary,anas salary advance,1540,2025-06,403429.0,15.4
2025-06,SALARIES (MONTHLY PAYMENTS),salary,shyam salary advance,1400,2025-06,403429.0,14.0
2025-06,SALARIES (MONTHLY PAYMENTS),salary,shaheel salary advance,600,2025-06,403429.0,6.0
2025-06,SALARIES (MONTHLY PAYMENTS),salary,shatru salary advance,600,2025-06,403429.0,6.0
2025-06,SALARIES (MONTHLY PAYMENTS),salary,sankar salary advance,500,2025-06,403429.0,5.0
2025-06,SALARIES (MONTHLY PAYMENTS),salary,Ashif Salary,400,2025-06,403429.0,4.0
2025-06,SALARIES (MONTHLY PAYMENTS),salary,asif salary,400,2025-06,403429.0,4.0
2025-06,SALARIES (MONTHLY PAYMENTS),salary,hisham salary,400,2025-06,403429.0,4.0
2025-06,SALARIES (MONTHLY PAYMENTS),salary,sanah salary,200,2025-06,403429.0,2.0
2025-06,SALARIES (MONTHLY PAYMENTS),sankar salary,sankar salary,4411,2025-06,403429.0,44.11
2025-06,SALARIES (MONTHLY PAYMENTS),shathru salary,shatru salary,22000,2025-06,403429.0,220.0
2025-06,SALARIES (MONTHLY PAYMENTS),shyam salary,Shyam Salary,3733,2025-06,403429.0,37.33
2025-06,SALARIES (MONTHLY PAYMENTS),swalih salary,Swalih salary,3000,2025-06,403429.0,30.0
2025-06,UNMAPPED,UNMAPPED,Icecream Box,1088,2025-06,403429.0,0.27
2025-06,UNMAPPED,UNMAPPED,vanilla icecream,1088,2025-06,403429.0,0.27
2025-06,UNMAPPED,UNMAPPED,electrician,400,2025-06,403429.0,0.1
2025-06,UNMAPPED,UNMAPPED,vyapari vyavasayi ekopana samithi,300,2025-06,403429.0,0.07
2025-05,BIKE EXPENSES (ALL VEHICLE RELATED),both bike repair,bike repair,250,2025-05,517650.44999999995,0.05
2025-05,BIKE EXPENSES (ALL VEHICLE RELATED),insurance bike,Pa Pro insurance KL 51A2914,1226,2025-05,517650.44999999995,0.24
2025-05,BIKE EXPENSES (ALL VEHICLE RELATED),pollution test,2 pa pro pollution test,160,2025-05,517650.44999999995,0.03
2025-05,BIKE EXPENSES (ALL VEHICLE RELATED),pollution test,bike pollution test,80,2025-05,517650.44999999995,0.02
2025-05,BIKE EXPENSES (ALL VEHICLE RELATED),puncture repair,bike puncture work,150,2025-05,517650.44999999995,0.03
2025-05,BIKE EXPENSES (ALL VEHICLE RELATED),tube,bike tube changing work,370,2025-05,517650.44999999995,0.07
2025-05,BIKE EXPENSES (ALL VEHICLE RELATED),tyre,dicover bike tyre tube,1000,2025-05,517650.44999999995,0.19
2025-05,CLEANING & WASTE,waste pickup,Waste Pickup,450,2025-05,517650.44999999995,0.09
2025-05,CLEANING & WASTE,waste pickup,Waste Pickup 3days,150,2025-05,517650.44999999995,0.03
2025-05,FOOD RAW MATERIAL PURCHASE,boneless chicken,Boneless chicken,22282,2025-05,517650.44999999995,4.3
2025-05,FOOD RAW MATERIAL PURCHASE,boneless chicken,boneless chicken,630,2025-05,517650.44999999995,0.12
2025-05,FOOD RAW MATERIAL PURCHASE,burger buns,burger buns,128,2025-05,517650.44999999995,0.02
2025-05,FOOD RAW MATERIAL PURCHASE,butter and paneer,Butter And Paneer,1630,2025-05,517650.44999999995,0.31
2025-05,FOOD RAW MATERIAL PURCHASE,butter and paneer,Butter Paneer,1340,2025-05,517650.44999999995,0.26
2025-05,FOOD RAW MATERIAL PURCHASE,english vegetables,english vegetables,3220,2025-05,517650.44999999995,0.62
2025-05,FOOD RAW MATERIAL PURCHASE,fruit pulp,berry fresh fruit pulp,1580,2025-05,517650.44999999995,0.31
2025-05,FOOD RAW MATERIAL PURCHASE,ice cream,ice cream,2992,2025-05,517650.44999999995,0.58
2025-05,FOOD RAW MATERIAL PURCHASE,vegetables,vegetables,6466,2025-05,517650.44999999995,1.25
2025-05,GAS & FUEL,hp gas,HP GAS 2 cylinder,14320,2025-05,517650.44999999995,2.77
2025-05,GAS & FUEL,hp gas,HP GAS,3580,2025-05,517650.44999999995,0.69
2025-05,GAS & FUEL,petrol,Petrol,7600,2025-05,517650.44999999995,1.47
2025-05,"LICENSE, TAX & GOVERNMENT FEES",shop license,shop licence,600,2025-05,517650.44999999995,0.12
2025-05,LOCAL PURCHASE (MISCELLANEOUS STORE ITEMS),local purchase,Local Purchase,22828,2025-05,517650.44999999995,4.41
2025-05,LOCAL PURCHASE (MISCELLANEOUS STORE ITEMS),local purchase,Local purchase,4510,2025-05,517650.44999999995,0.87
2025-05,MAINTENANCE – SHOP & EQUIPMENT,ac service,A/C service,1300,2025-05,517650.44999999995,0.25
2025-05,MAINTENANCE – SHOP & EQUIPMENT,deep freezer technician,chiller technician,500,2025-05,517650.44999999995,0.1
2025-05,MAINTENANCE – SHOP & EQUIPMENT,fryer repair,fryer machine,6500,2025-05,517650.44999999995,1.26
2025-05,OFFICE & ADMINISTRATION,cpu service,CPU service,300,2025-05,517650.44999999995,0.06
2025-05,OFFICE & ADMINISTRATION,ups,UPS,2000,2025-05,517650.44999999995,0.39
2025-05,PACKAGING & DISPOSABLES,menu printing,menu printing MUSTAFA,3700,2025-05,517650.44999999995,0.71
2025-05,RENT & UTILITIES,common electricity bill,common electricity bill,696,2025-05,517650.44999999995,0.13
2025-05,RENT & UTILITIES,staff room electric bill,staff room elect.bill,1127,2025-05,517650.44999999995,0.22
2025-05,RENT & UTILITIES,staff room rent,Staff Room Rent,3600,2025-05,517650.44999999995,0.7
2025-05,SALARIES (MONTHLY PAYMENTS),anas salary,Anas Salary,2192,2025-05,517650.44999999995,21.92
2025-05,SALARIES (MONTHLY PAYMENTS),arjun salary,arun salary,18800,2025-05,517650.44999999995,188.0
2025-05,SALARIES (MONTHLY PAYMENTS),hashim salary,Hashim Salary,6367,2025-05,517650.44999999995,63.67
2025-05,SALARIES (MONTHLY PAYMENTS),indrajith salary,indrajith salary,800,2025-05,517650.44999999995,8.0
2025-05,SALARIES (MONTHLY PAYMENTS),salary,shatru salary advance,23100,2025-05,517650.44999999995,231.0
2025-05,SALARIES (MONTHLY PAYMENTS),salary,radhakrishnan salary,19000,2025-05,517650.44999999995,190.0
2025-05,SALARIES (MONTHLY PAYMENTS),salary,manoj salary,18750,2025-05,517650.44999999995,187.5
2025-05,SALARIES (MONTHLY PAYMENTS),salary,Anshid salary,7800,2025-05,517650.44999999995,78.0
2025-05,SALARIES (MONTHLY PAYMENTS),salary,Sanah salary,5600,2025-05,517650.44999999995,56.0
2025-05,SALARIES (MONTHLY PAYMENTS),salary,anas salary advance,5055,2025-05,517650.44999999995,50.55
2025-05,SALARIES (MONTHLY PAYMENTS),salary,shaheel salary advance,3300,2025-05,517650.44999999995,33.0
2025-05,SALARIES (MONTHLY PAYMENTS),salary,Shibil Salary advance,2850,2025-05,517650.44999999995,28.5
2025-05,SALARIES (MONTHLY PAYMENTS),salary,arun salary advance,1900,2025-05,517650.44999999995,19.0
2025-05,SALARIES (MONTHLY PAYMENTS),salary,Hashim Salary advance,1800,2025-05,517650.44999999995,18.0
2025-05,SALARIES (MONTHLY PAYMENTS),salary,manoj salary advance,1750,2025-05,517650.44999999995,17.5
2025-05,SALARIES (MONTHLY PAYMENTS),salary,Hisham salary,1200,2025-05,517650.44999999995,12.0
2025-05,SALARIES (MONTHLY PAYMENTS),salary,shibil salary advance,200,2025-05,517650.44999999995,2.0
2025-05,SALARIES (MONTHLY PAYMENTS),shathru salary,Shathru Salary,25340,2025-05,517650.44999999995,253.4
2025-05,SALARIES (MONTHLY PAYMENTS),swalih salary,Swalih salary,400,2025-05,517650.44999999995,4.0
2025-05,STAFF WELFARE & BENEFITS,staff party,kitchen staff party (Manoj),600,2025-05,517650.44999999995,0.12
2025-05,TRANSPORTATION & AUTO CHARGES,table transporting charges,Table transpoting charges,650,2025-05,517650.44999999995,0.13
2025-05,UNMAPPED,UNMAPPED,restaurant table work,9500,2025-05,517650.44999999995,1.84
2025-05,UNMAPPED,UNMAPPED,Icecream,1632,2025-05,517650.44999999995,0.32
2025-05,UNMAPPED,UNMAPPED,Arjun refund vishu,1000,2025-05,517650.44999999995,0.19
2025-04,ADVERTISEMENT & MARKETING,boosting,insta boosting,300,2025-04,523213.8,0.06
2025-04,ADVERTISEMENT & MARKETING,boosting,whats app boosting,300,2025-04,523213.8,0.06
2025-04,ADVERTISEMENT & MARKETING,flyer delivery charges,flyer delivery charges,3300,2025-04,523213.8,0.63
2025-04,ADVERTISEMENT & MARKETING,flyer delivery charges,flyer delivery charges 2000nos,1200,2025-04,523213.8,0.23
2025-04,ADVERTISEMENT & MARKETING,flyer delivery charges,flyer delivery charges thiruvazhiyode,300,2025-04,523213.8,0.06
2025-04,CLEANING & WASTE,waste pickup,Waste Pickup,650,2025-04,523213.8,0.12
2025-04,FOOD RAW MATERIAL PURCHASE,boneless chicken,Boneless chicken,20118,2025-04,523213.8,3.85
2025-04,FOOD RAW MATERIAL PURCHASE,burger buns,burger buns,96,2025-04,523213.8,0.02
2025-04,FOOD RAW MATERIAL PURCHASE,butter,Butter,1140,2025-04,523213.8,0.22
2025-04,FOOD RAW MATERIAL PURCHASE,butter and paneer,Butter Paneer,1340,2025-04,523213.8,0.26
2025-04,FOOD RAW MATERIAL PURCHASE,butter and paneer,Paneer And Butter,960,2025-04,523213.8,0.18
2025-04,FOOD RAW MATERIAL PURCHASE,chicken,bonelesschicken,900,2025-04,523213.8,0.17
2025-04,FOOD RAW MATERIAL PURCHASE,english vegetables,english vegetables,3070,2025-04,523213.8,0.59
2025-04,FOOD RAW MATERIAL PURCHASE,fruit pulp,fruit pulp,1950,2025-04,523213.8,0.37
2025-04,FOOD RAW MATERIAL PURCHASE,ice cream,ice cream,6026,2025-04,523213.8,1.15
2025-04,FOOD RAW MATERIAL PURCHASE,staff chicken,Staff Chicken,300,2025-04,523213.8,0.06
2025-04,FOOD RAW MATERIAL PURCHASE,vegetables,vegetables,6238,2025-04,523213.8,1.19
2025-04,GAS & FUEL,hp gas,HP GAS 2 cylinder,14430,2025-04,523213.8,2.76
2025-04,GAS & FUEL,petrol,Petrol,8200,2025-04,523213.8,1.57
2025-04,LOCAL PURCHASE (MISCELLANEOUS STORE ITEMS),local purchase,Local Purchase,27110,2025-04,523213.8,5.18
2025-04,LOCAL PURCHASE (MISCELLANEOUS STORE ITEMS),local purchase,Local purchase,3843,2025-04,523213.8,0.73
2025-04,MAINTENANCE – SHOP & EQUIPMENT,mixer repair,mixer repair,100,2025-04,523213.8,0.02
2025-04,RENT & UTILITIES,staff room rent,Staff Room Rent,3600,2025-04,523213.8,0.69
2025-04,SALARIES (MONTHLY PAYMENTS),anas salary,Anas Salary,1015,2025-04,523213.8,10.15
2025-04,SALARIES (MONTHLY PAYMENTS),anas salary,Anas Slary,200,2025-04,523213.8,2.0
2025-04,SALARIES (MONTHLY PAYMENTS),arjun salary,arun salary,19170,2025-04,523213.8,191.7
2025-04,SALARIES (MONTHLY PAYMENTS),hashim salary,Hashim Salary,6167,2025-04,523213.8,61.67
2025-04,SALARIES (MONTHLY PAYMENTS),indrajith salary,indrajith salary,2000,2025-04,523213.8,20.0
2025-04,SALARIES (MONTHLY PAYMENTS),salary,radhakrishnan salary,18800,2025-04,523213.8,188.0
2025-04,SALARIES (MONTHLY PAYMENTS),salary,manoj salary,16800,2025-04,523213.8,168.0
2025-04,SALARIES (MONTHLY PAYMENTS),salary,Anshid salary,4600,2025-04,523213.8,46.0
2025-04,SALARIES (MONTHLY PAYMENTS),salary,anas salary advance,4578,2025-04,523213.8,45.78
2025-04,SALARIES (MONTHLY PAYMENTS),salary,Sanah salary,4400,2025-04,523213.8,44.0
2025-04,SALARIES (MONTHLY PAYMENTS),salary,manoj salary advance,3200,2025-04,523213.8,32.0
2025-04,SALARIES (MONTHLY PAYMENTS),salary,Hashim Salary advance,2700,2025-04,523213.8,27.0
2025-04,SALARIES (MONTHLY PAYMENTS),salary,Shibil Salary advance,2587,2025-04,523213.8,25.87
2025-04,SALARIES (MONTHLY PAYMENTS),salary,akshayjith salary,2400,2025-04,523213.8,24.0
2025-04,SALARIES (MONTHLY PAYMENTS),salary,shaheel salary advance,2100,2025-04,523213.8,21.0
2025-04,SALARIES (MONTHLY PAYMENTS),salary,shibil salary advance,1750,2025-04,523213.8,17.5
2025-04,SALARIES (MONTHLY PAYMENTS),salary,shatru salary advance,1000,2025-04,523213.8,10.0
2025-04,SALARIES (MONTHLY PAYMENTS),salary,arun salary advance,830,2025-04,523213.8,8.3
2025-04,SALARIES (MONTHLY PAYMENTS),salary,Shathru Salary advance,700,2025-04,523213.8,7.0
2025-04,SALARIES (MONTHLY PAYMENTS),shathru salary,shatru salary,25400,2025-04,523213.8,254.0
2025-04,TRANSPORTATION & AUTO CHARGES,auto charge,auto charge goods from otp,550,2025-04,523213.8,0.11
2025-04,TRANSPORTATION & AUTO CHARGES,goods transport,oil drum and transport,800,2025-04,523213.8,0.15
2025-04,TRANSPORTATION & AUTO CHARGES,transportation charge,Transportation Charge,30,2025-04,523213.8,0.01
2025-04,UNMAPPED,UNMAPPED,electrician,250,2025-04,523213.8,0.05
2025-03,ADVERTISEMENT & MARKETING,boosting,insta boosting,300,2025-03,358957.6,0.08
2025-03,BIKE EXPENSES (ALL VEHICLE RELATED),both bike repair,bike repair 27/3/25,1630,2025-03,358957.6,0.45
2025-03,BIKE EXPENSES (ALL VEHICLE RELATED),both bike repair,bike repair,100,2025-03,358957.6,0.03
2025-03,BIKE EXPENSES (ALL VEHICLE RELATED),puncture repair,bike puncture work,150,2025-03,358957.6,0.04
2025-03,CLEANING & WASTE,waste pickup,Waste Pickup,700,2025-03,358957.6,0.2
2025-03,FOOD RAW MATERIAL PURCHASE,boneless chicken,Boneless chicken,15212,2025-03,358957.6,4.24
2025-03,FOOD RAW MATERIAL PURCHASE,butter and paneer,Paneer And Butter,2300,2025-03,358957.6,0.64
2025-03,FOOD RAW MATERIAL PURCHASE,dry yeast,Dry yeast 10 pkt,1740,2025-03,358957.6,0.48
2025-03,FOOD RAW MATERIAL PURCHASE,english vegetables,english vegetables,1483,2025-03,358957.6,0.41
2025-03,FOOD RAW MATERIAL PURCHASE,ice cream,ice cream,2176,2025-03,358957.6,0.61
2025-03,FOOD RAW MATERIAL PURCHASE,vegetables,vegetables,6071,2025-03,358957.6,1.69
2025-03,FOOD RAW MATERIAL PURCHASE,vegetables,Isha english vegetables,1936,2025-03,358957.6,0.54
2025-03,GAS & FUEL,hp gas,HP GAS 2 cylinder,11076,2025-03,358957.6,3.09
2025-03,GAS & FUEL,hp gas,HP GAS,3686,2025-03,358957.6,1.03
2025-03,GAS & FUEL,petrol,Petrol,6160,2025-03,358957.6,1.72
2025-03,GAS & FUEL,petrol,petrol,1200,2025-03,358957.6,0.33
2025-03,LOCAL PURCHASE (MISCELLANEOUS STORE ITEMS),local purchase,Local Purchase,16577,2025-03,358957.6,4.62
2025-03,LOCAL PURCHASE (MISCELLANEOUS STORE ITEMS),local purchase,Local purchase,8711,2025-03,358957.6,2.43
2025-03,MAINTENANCE – SHOP & EQUIPMENT,mixer jar repair,old mixer jar repair,100,2025-03,358957.6,0.03
2025-03,MAINTENANCE – SHOP & EQUIPMENT,mixer repair,new mixer jar,1100,2025-03,358957.6,0.31
2025-03,MISCELLANEOUS / OTHER,aqua supervision,Aqua supervision,2500,2025-03,358957.6,0.7
2025-03,RENT & UTILITIES,rent,loocos common current bill,621,2025-03,358957.6,0.17
2025-03,RENT & UTILITIES,staff room electric bill,staff room elect.bill,1001,2025-03,358957.6,0.28
2025-03,RENT & UTILITIES,staff room rent,Staff Room Rent,3600,2025-03,358957.6,1.0
2025-03,SALARIES (MONTHLY PAYMENTS),abhijeeth salary,Abhijeeth Salary,200,2025-03,358957.6,2.0
2025-03,SALARIES (MONTHLY PAYMENTS),anas salary,Anas Salary,2883,2025-03,358957.6,28.83
2025-03,SALARIES (MONTHLY PAYMENTS),arjun salary,arun salary,18900,2025-03,358957.6,189.0
2025-03,SALARIES (MONTHLY PAYMENTS),hashim salary,Hashim Salary,5867,2025-03,358957.6,58.67
2025-03,SALARIES (MONTHLY PAYMENTS),indrajith salary,indrajith salary,1600,2025-03,358957.6,16.0
2025-03,SALARIES (MONTHLY PAYMENTS),salary,manoj salary,20700,2025-03,358957.6,207.0
2025-03,SALARIES (MONTHLY PAYMENTS),salary,radhakrishnan salary,18020,2025-03,358957.6,180.2
2025-03,SALARIES (MONTHLY PAYMENTS),salary,Shibil Salary advance,8860,2025-03,358957.6,88.6
2025-03,SALARIES (MONTHLY PAYMENTS),salary,anas salary advance,5310,2025-03,358957.6,53.1
2025-03,SALARIES (MONTHLY PAYMENTS),salary,akshayjith salary,5000,2025-03,358957.6,50.0
2025-03,SALARIES (MONTHLY PAYMENTS),salary,shaheel salary advance,3400,2025-03,358957.6,34.0
2025-03,SALARIES (MONTHLY PAYMENTS),salary,Sanah salary,2800,2025-03,358957.6,28.0
2025-03,SALARIES (MONTHLY PAYMENTS),salary,Anshid salary,2600,2025-03,358957.6,26.0
2025-03,SALARIES (MONTHLY PAYMENTS),salary,Hisham salary,2000,2025-03,358957.6,20.0
2025-03,SALARIES (MONTHLY PAYMENTS),salary,Hashim Salary advance,1600,2025-03,358957.6,16.0
2025-03,SALARIES (MONTHLY PAYMENTS),salary,arun salary advance,1600,2025-03,358957.6,16.0
2025-03,SALARIES (MONTHLY PAYMENTS),salary,shatru salary advance,1600,2025-03,358957.6,16.0
2025-03,SALARIES (MONTHLY PAYMENTS),salary,shibil salary advance,1080,2025-03,358957.6,10.8
2025-03,SALARIES (MONTHLY PAYMENTS),shathru salary,shatru salary,26840,2025-03,358957.6,268.4
2025-03,STAFF WELFARE & BENEFITS,health card,health card expenses 3 staff,1470,2025-03,358957.6,0.41
2025-03,UNMAPPED,UNMAPPED,shop licence application submitting expenses,1450,2025-03,358957.6,0.4
2025-02,ADVERTISEMENT & MARKETING,safa advertising,safa advertising,1720,2025-02,383291.2,0.45
2025-02,CLEANING & WASTE,waste pickup,Waste Pickup,700,2025-02,383291.2,0.18
2025-02,DECORATION & EVENTS,pooram donation,misccelleneous expense( pooram donation),250,2025-02,383291.2,0.07
2025-02,FOOD RAW MATERIAL PURCHASE,boneless chicken,Boneless chicken,13505,2025-02,383291.2,3.52
2025-02,FOOD RAW MATERIAL PURCHASE,boneless chicken,boneless chicken 27th and 28th,1306,2025-02,383291.2,0.34
2025-02,FOOD RAW MATERIAL PURCHASE,butter and paneer,Paneer And Butter,1390,2025-02,383291.2,0.36
2025-02,FOOD RAW MATERIAL PURCHASE,butter and paneer,Butter Paneer,1050,2025-02,383291.2,0.27
2025-02,FOOD RAW MATERIAL PURCHASE,english vegetables,english vegetables,1786,2025-02,383291.2,0.47
2025-02,FOOD RAW MATERIAL PURCHASE,fruit pulp,fruit pulp,1300,2025-02,383291.2,0.34
2025-02,FOOD RAW MATERIAL PURCHASE,ice cream,ice cream,3808,2025-02,383291.2,0.99
2025-02,FOOD RAW MATERIAL PURCHASE,staff chicken,Staff Chicken,304,2025-02,383291.2,0.08
2025-02,FOOD RAW MATERIAL PURCHASE,vegetables,vegetables,5620,2025-02,383291.2,1.47
2025-02,FOOD RAW MATERIAL PURCHASE,vegetables,Isha english vegetables,934,2025-02,383291.2,0.24
2025-02,FOOD RAW MATERIAL PURCHASE,vegetables,eng vegetables,784,2025-02,383291.2,0.2
2025-02,FOOD RAW MATERIAL PURCHASE,vegetables,vegetable,571,2025-02,383291.2,0.15
2025-02,GAS & FUEL,hp gas,HP GAS 2 cylinder,14720,2025-02,383291.2,3.84
2025-02,GAS & FUEL,hp gas,HP GAS,1846,2025-02,383291.2,0.48
2025-02,GAS & FUEL,petrol,Petrol,8000,2025-02,383291.2,2.09
2025-02,"LICENSE, TAX & GOVERNMENT FEES",professional tax,professional tax,1575,2025-02,383291.2,0.41
2025-02,LOCAL PURCHASE (MISCELLANEOUS STORE ITEMS),local purchase,Local Purchase,21490,2025-02,383291.2,5.61
2025-02,LOCAL PURCHASE (MISCELLANEOUS STORE ITEMS),local purchase,Local Purchase 15th,2861,2025-02,383291.2,0.75
2025-02,LOCAL PURCHASE (MISCELLANEOUS STORE ITEMS),local purchase,Local purchase,2396,2025-02,383291.2,0.63
2025-02,MAINTENANCE – SHOP & EQUIPMENT,chiller repair,chiller repair,250,2025-02,383291.2,0.07
2025-02,MAINTENANCE – SHOP & EQUIPMENT,fan repair,fan repair,350,2025-02,383291.2,0.09
2025-02,MAINTENANCE – SHOP & EQUIPMENT,water tank cleaning,"water tank cap, plumber, cleaning expense",220,2025-02,383291.2,0.06
2025-02,MAINTENANCE – SHOP & EQUIPMENT,wooden pizza server,ajay advance for wooden pizza holder,1000,2025-02,383291.2,0.26
2025-02,OFFICE & ADMINISTRATION,stock register,stock register,120,2025-02,383291.2,0.03
2025-02,PACKAGING & DISPOSABLES,kot rolls,KOT ROLLS,2500,2025-02,383291.2,0.65
2025-02,PARTNER & CAPITAL TRANSACTIONS,manoj advance,Manoj Advance,3000,2025-02,383291.2,0.78
2025-02,RENT & UTILITIES,electrical bill,gafoor electrical,6500,2025-02,383291.2,1.7
2025-02,RENT & UTILITIES,staff room rent,Staff Room Rent,3600,2025-02,383291.2,0.94
2025-02,SALARIES (MONTHLY PAYMENTS),anas salary,Anas Slary,2562,2025-02,383291.2,25.62
2025-02,SALARIES (MONTHLY PAYMENTS),arjun salary,arun salary,18503,2025-02,383291.2,185.03
2025-02,SALARIES (MONTHLY PAYMENTS),hashim salary,Hashim Salary,5600,2025-02,383291.2,56.0
2025-02,SALARIES (MONTHLY PAYMENTS),salary,radhakrishnan salary,19000,2025-02,383291.2,190.0
2025-02,SALARIES (MONTHLY PAYMENTS),salary,manoj salary,10900,2025-02,383291.2,109.0
2025-02,SALARIES (MONTHLY PAYMENTS),salary,Shibil Salary advance,7000,2025-02,383291.2,70.0
2025-02,SALARIES (MONTHLY PAYMENTS),salary,manoj salary advance,5000,2025-02,383291.2,50.0
2025-02,SALARIES (MONTHLY PAYMENTS),salary,Hisham salary,2600,2025-02,383291.2,26.0
2025-02,SALARIES (MONTHLY PAYMENTS),salary,Sanah salary,2600,2025-02,383291.2,26.0
2025-02,SALARIES (MONTHLY PAYMENTS),salary,akshayjith salary,2400,2025-02,383291.2,24.0
2025-02,SALARIES (MONTHLY PAYMENTS),salary,anas salary advance,2105,2025-02,383291.2,21.05
2025-02,SALARIES (MONTHLY PAYMENTS),salary,shatru salary advance,1850,2025-02,383291.2,18.5
2025-02,SALARIES (MONTHLY PAYMENTS),salary,Anshid salary,1200,2025-02,383291.2,12.0
2025-02,SALARIES (MONTHLY PAYMENTS),salary,shaheel salary advance,850,2025-02,383291.2,8.5
2025-02,SALARIES (MONTHLY PAYMENTS),salary,Shibil Salary,500,2025-02,383291.2,5.0
2025-02,SALARIES (MONTHLY PAYMENTS),salary,shibil salary advance,500,2025-02,383291.2,5.0
2025-02,SALARIES (MONTHLY PAYMENTS),salary,arun salary advance,350,2025-02,383291.2,3.5
2025-02,SALARIES (MONTHLY PAYMENTS),shathru salary,Shathru Salary,25270,2025-02,383291.2,252.7
2025-02,STAFF WELFARE & BENEFITS,staff uniform,staff uniform,510,2025-02,383291.2,0.13
2025-02,TRANSPORTATION & AUTO CHARGES,transportation charge,Transportation Charge GOODS FROM OTP,550,2025-02,383291.2,0.14
2025-02,TRANSPORTATION & AUTO CHARGES,transportation charge,Transportation Charge isha veg,60,2025-02,383291.2,0.02
2025-01,ADVERTISEMENT & MARKETING,boosting,whats app boosting,300,2025-01,438268.3,0.07
2025-01,ADVERTISEMENT & MARKETING,safa advertising,safa advertising,570,2025-01,438268.3,0.13
2025-01,BIKE EXPENSES (ALL VEHICLE RELATED),bike maintanance,Bike Maintanance,320,2025-01,438268.3,0.07
2025-01,BIKE EXPENSES (ALL VEHICLE RELATED),tyre,pa pro tyre and tube,1250,2025-01,438268.3,0.29
2025-01,BIKE EXPENSES (ALL VEHICLE RELATED),tyre,bike tyre puncture,130,2025-01,438268.3,0.03
2025-01,CLEANING & WASTE,waste pickup,Waste Pickup,700,2025-01,438268.3,0.16
2025-01,CLEANING & WASTE,waste pickup,waste pick up,50,2025-01,438268.3,0.01
2025-01,FOOD RAW MATERIAL PURCHASE,boneless chicken,Boneless chicken,16103,2025-01,438268.3,3.67
2025-01,FOOD RAW MATERIAL PURCHASE,butter and paneer,Butter And Paneer,1340,2025-01,438268.3,0.31
2025-01,FOOD RAW MATERIAL PURCHASE,butter and paneer,Butter Paneer,1050,2025-01,438268.3,0.24
2025-01,FOOD RAW MATERIAL PURCHASE,english vegetables,english vegetables,2275,2025-01,438268.3,0.52
2025-01,FOOD RAW MATERIAL PURCHASE,ice cream,Ice Cream,1632,2025-01,438268.3,0.37
2025-01,FOOD RAW MATERIAL PURCHASE,vegetables,vegetables,6453,2025-01,438268.3,1.47
2025-01,GAS & FUEL,hp gas,HP GAS 2 cylinder,11076,2025-01,438268.3,2.53
2025-01,GAS & FUEL,hp gas,hp gas 2 cylinder,3692,2025-01,438268.3,0.84
2025-01,GAS & FUEL,hp gas,HP GAS,1846,2025-01,438268.3,0.42
2025-01,GAS & FUEL,petrol,Petrol,9610,2025-01,438268.3,2.19
2025-01,LOCAL PURCHASE (MISCELLANEOUS STORE ITEMS),local purchase,Local Purchase,35364,2025-01,438268.3,8.07
2025-01,LOCAL PURCHASE (MISCELLANEOUS STORE ITEMS),local purchase,Local purchase,6098,2025-01,438268.3,1.39
2025-01,MAINTENANCE – SHOP & EQUIPMENT,dough machine repair,dough machine repair,1580,2025-01,438268.3,0.36
2025-01,MAINTENANCE – SHOP & EQUIPMENT,ro machine repair,RO Machine repair n service,150,2025-01,438268.3,0.03
2025-01,RENT & UTILITIES,rent,staff room current bill,1045,2025-01,438268.3,0.24
2025-01,RENT & UTILITIES,rent,loocos common current bill,625,2025-01,438268.3,0.14
2025-01,RENT & UTILITIES,staff room electric bill,staff room electric work,450,2025-01,438268.3,0.1
2025-01,RENT & UTILITIES,staff room rent,Staff Room Rent,3600,2025-01,438268.3,0.82
2025-01,SALARIES (MONTHLY PAYMENTS),arjun salary,arun salary,17780,2025-01,438268.3,177.8
2025-01,SALARIES (MONTHLY PAYMENTS),hashim salary,Hashim Salary,4233,2025-01,438268.3,42.33
2025-01,SALARIES (MONTHLY PAYMENTS),marshad salary,Marshad Salary,1000,2025-01,438268.3,10.0
2025-01,SALARIES (MONTHLY PAYMENTS),marshad salary,Marshad salary,200,2025-01,438268.3,2.0
2025-01,SALARIES (MONTHLY PAYMENTS),rauf salary,Rauf Salary,200,2025-01,438268.3,2.0
2025-01,SALARIES (MONTHLY PAYMENTS),salary,pashupathy salary,19740,2025-01,438268.3,197.4
2025-01,SALARIES (MONTHLY PAYMENTS),salary,radhakrishnan salary,18000,2025-01,438268.3,180.0
2025-01,SALARIES (MONTHLY PAYMENTS),salary,Shibil Salary advance,7600,2025-01,438268.3,76.0
2025-01,SALARIES (MONTHLY PAYMENTS),salary,Hisham salary,5000,2025-01,438268.3,50.0
2025-01,SALARIES (MONTHLY PAYMENTS),salary,Anshid salary,4400,2025-01,438268.3,44.0
2025-01,SALARIES (MONTHLY PAYMENTS),salary,Sanah salary,3600,2025-01,438268.3,36.0
2025-01,SALARIES (MONTHLY PAYMENTS),salary,shatru salary advance,2570,2025-01,438268.3,25.7
2025-01,SALARIES (MONTHLY PAYMENTS),salary,Hashim Salary advance,2300,2025-01,438268.3,23.0
2025-01,SALARIES (MONTHLY PAYMENTS),salary,arun salary advance,2000,2025-01,438268.3,20.0
2025-01,SALARIES (MONTHLY PAYMENTS),salary,shaheel salary advance,1500,2025-01,438268.3,15.0
2025-01,SALARIES (MONTHLY PAYMENTS),salary,radhakrishnan salary advance,1000,2025-01,438268.3,10.0
2025-01,SALARIES (MONTHLY PAYMENTS),salary,shibil salary advance,1000,2025-01,438268.3,10.0
2025-01,SALARIES (MONTHLY PAYMENTS),salary,hisham salary,200,2025-01,438268.3,2.0
2025-01,SALARIES (MONTHLY PAYMENTS),salary,pashupathi salary advance,60,2025-01,438268.3,0.6
2025-01,SALARIES (MONTHLY PAYMENTS),shathru salary,Shathru Salary,25870,2025-01,438268.3,258.7
2025-01,TRANSPORTATION & AUTO CHARGES,transportation charge,Transportation Charge isha veg,60,2025-01,438268.3,0.01
2025-01,UNMAPPED,UNMAPPED,Icecream Box,1632,2025-01,438268.3,0.37
2025-01,UNMAPPED,UNMAPPED,electrician,150,2025-01,438268.3,0.03
2024-12,ADVERTISEMENT & MARKETING,boosting,whats app boosting,300,2024-12,537780.95,0.06
2024-12,ADVERTISEMENT & MARKETING,flyer delivery charges,flyer delivery charges 2000nos,1200,2024-12,537780.95,0.22
2024-12,BIKE EXPENSES (ALL VEHICLE RELATED),engine oil,engine oil 5 ltr,1200,2024-12,537780.95,0.22
2024-12,BIKE EXPENSES (ALL VEHICLE RELATED),passion pro maintenance,pa pro maintanance,250,2024-12,537780.95,0.05
2024-12,BIKE EXPENSES (ALL VEHICLE RELATED),tyre,passion pro tyre tube second hand,250,2024-12,537780.95,0.05
2024-12,CLEANING & WASTE,waste pickup,Waste Pickup,650,2024-12,537780.95,0.12
2024-12,FOOD RAW MATERIAL PURCHASE,boneless chicken,Boneless chicken,18472,2024-12,537780.95,3.43
2024-12,FOOD RAW MATERIAL PURCHASE,burger buns,burger buns,64,2024-12,537780.95,0.01
2024-12,FOOD RAW MATERIAL PURCHASE,butter and paneer,Butter Paneer,2680,2024-12,537780.95,0.5
2024-12,FOOD RAW MATERIAL PURCHASE,butter and paneer,Paneer And Butter,1340,2024-12,537780.95,0.25
2024-12,FOOD RAW MATERIAL PURCHASE,english vegetables,english vegetables,3366,2024-12,537780.95,0.63
2024-12,FOOD RAW MATERIAL PURCHASE,fruit pulp,berry fresh fruit pulp,2420,2024-12,537780.95,0.45
2024-12,FOOD RAW MATERIAL PURCHASE,ice cream,ice cream,3808,2024-12,537780.95,0.71
2024-12,FOOD RAW MATERIAL PURCHASE,ice cream,Ice Cream,1904,2024-12,537780.95,0.35
2024-12,FOOD RAW MATERIAL PURCHASE,milk,milk egg,186,2024-12,537780.95,0.03
2024-12,FOOD RAW MATERIAL PURCHASE,staff chicken,Staff Chicken,300,2024-12,537780.95,0.06
2024-12,FOOD RAW MATERIAL PURCHASE,vegetables,vegetables,9578,2024-12,537780.95,1.78
2024-12,FOOD RAW MATERIAL PURCHASE,vegetables,vegetable,442,2024-12,537780.95,0.08
2024-12,GAS & FUEL,hp gas,HP GAS 2 cylinder,11160,2024-12,537780.95,2.08
2024-12,GAS & FUEL,hp gas,HP GAS,5580,2024-12,537780.95,1.04
2024-12,GAS & FUEL,petrol,Petrol,10450,2024-12,537780.95,1.94
2024-12,LOCAL PURCHASE (MISCELLANEOUS STORE ITEMS),local purchase,Local Purchase,28739,2024-12,537780.95,5.34
2024-12,LOCAL PURCHASE (MISCELLANEOUS STORE ITEMS),local purchase,Local purchase,2731,2024-12,537780.95,0.51
2024-12,MAINTENANCE – SHOP & EQUIPMENT,ac service,A/C service,950,2024-12,537780.95,0.18
2024-12,MAINTENANCE – SHOP & EQUIPMENT,fryer plug changing,fryer plug changing,150,2024-12,537780.95,0.03
2024-12,PACKAGING & DISPOSABLES,delivery bag,delivery bag transport,50,2024-12,537780.95,0.01
2024-12,RENT & UTILITIES,staff room rent,Staff Room Rent,3600,2024-12,537780.95,0.67
2024-12,SALARIES (MONTHLY PAYMENTS),akshay salary,Akshay Salary,1200,2024-12,537780.95,12.0
2024-12,SALARIES (MONTHLY PAYMENTS),arjun salary,arun salary,17520,2024-12,537780.95,175.2
2024-12,SALARIES (MONTHLY PAYMENTS),hashim salary,Hashim Salary,5900,2024-12,537780.95,59.0
2024-12,SALARIES (MONTHLY PAYMENTS),marshad salary,Marshad Salary,1600,2024-12,537780.95,16.0
2024-12,SALARIES (MONTHLY PAYMENTS),marshad salary,Marshad salary,400,2024-12,537780.95,4.0
2024-12,SALARIES (MONTHLY PAYMENTS),salary,shatru salary dec 24,25910,2024-12,537780.95,259.1
2024-12,SALARIES (MONTHLY PAYMENTS),salary,radhakrishnan salary,19000,2024-12,537780.95,190.0
2024-12,SALARIES (MONTHLY PAYMENTS),salary,pashupathy salary,16710,2024-12,537780.95,167.1
2024-12,SALARIES (MONTHLY PAYMENTS),salary,Hisham salary,6600,2024-12,537780.95,66.0
2024-12,SALARIES (MONTHLY PAYMENTS),salary,shibil salary advance,5450,2024-12,537780.95,54.5
2024-12,SALARIES (MONTHLY PAYMENTS),salary,Sanah salary,4400,2024-12,537780.95,44.0
2024-12,SALARIES (MONTHLY PAYMENTS),salary,anas salary advance,4080,2024-12,537780.95,40.8
2024-12,SALARIES (MONTHLY PAYMENTS),salary,pashupathi salary advance,3990,2024-12,537780.95,39.9
2024-12,SALARIES (MONTHLY PAYMENTS),salary,shaheel salary advance,3800,2024-12,537780.95,38.0
2024-12,SALARIES (MONTHLY PAYMENTS),salary,Anshid salary,2600,2024-12,537780.95,26.0
2024-12,SALARIES (MONTHLY PAYMENTS),salary,Shibil Salary advance,2600,2024-12,537780.95,26.0
2024-12,SALARIES (MONTHLY PAYMENTS),salary,Hashim Salary advance,2500,2024-12,537780.95,25.0
2024-12,SALARIES (MONTHLY PAYMENTS),salary,arun salary advance,1900,2024-12,537780.95,19.0
2024-12,SALARIES (MONTHLY PAYMENTS),salary,shatru salary advance,1550,2024-12,537780.95,15.5
2024-12,SALARIES (MONTHLY PAYMENTS),salary,Shathru Salary advance,500,2024-12,537780.95,5.0
2024-12,SALARIES (MONTHLY PAYMENTS),salary,hisham salary,200,2024-12,537780.95,2.0
2024-12,SALARIES (MONTHLY PAYMENTS),salary,sanah salary,200,2024-12,537780.95,2.0
2024-12,SALARIES (MONTHLY PAYMENTS),salary,Shibil Salary,50,2024-12,537780.95,0.5
2024-12,STAFF WELFARE & BENEFITS,medical expenses,shatru medical expenses,560,2024-12,537780.95,0.1
2024-12,STAFF WELFARE & BENEFITS,staff uniform,Kitchen staff uniform stitching,800,2024-12,537780.95,0.15
2024-12,TRANSPORTATION & AUTO CHARGES,auto charge,auto charge goods from otp,550,2024-12,537780.95,0.1
2024-12,TRANSPORTATION & AUTO CHARGES,transportation charge,Transportation Charge isha veg,90,2024-12,537780.95,0.02
2024-12,UNMAPPED,UNMAPPED,Icecream,1088,2024-12,537780.95,0.2
2024-11,ADVERTISEMENT & MARKETING,safa advertising,safa advertising,2785,2024-11,483662.0,0.58
2024-11,BIKE EXPENSES (ALL VEHICLE RELATED),bike transport,transport pizza pan,80,2024-11,483662.0,0.02
2024-11,BIKE EXPENSES (ALL VEHICLE RELATED),both bike repair,bike repair,250,2024-11,483662.0,0.05
2024-11,BIKE EXPENSES (ALL VEHICLE RELATED),chain tightening,bike chain tightening,40,2024-11,483662.0,0.01
2024-11,BIKE EXPENSES (ALL VEHICLE RELATED),pollution test,Pollution Test - Passion pro KL51A2914,80,2024-11,483662.0,0.02
2024-11,BIKE EXPENSES (ALL VEHICLE RELATED),pollution test,bike pa proKL51D 2637 POLLUTION TEST,80,2024-11,483662.0,0.02
2024-11,CLEANING & WASTE,waste pickup,Waste Pickup,450,2024-11,483662.0,0.09
2024-11,CLEANING & WASTE,waste pickup,waste pick up,100,2024-11,483662.0,0.02
2024-11,DECORATION & EVENTS,balloon decoration,balloon decoration,2200,2024-11,483662.0,0.45
2024-11,FOOD RAW MATERIAL PURCHASE,boneless chicken,Boneless chicken,19224,2024-11,483662.0,3.97
2024-11,FOOD RAW MATERIAL PURCHASE,butter and paneer,Butter Paneer,1340,2024-11,483662.0,0.28
2024-11,FOOD RAW MATERIAL PURCHASE,chicken,bonelesschicken,931,2024-11,483662.0,0.19
2024-11,FOOD RAW MATERIAL PURCHASE,dry yeast,Dry yeast 10 pkt,1740,2024-11,483662.0,0.36
2024-11,FOOD RAW MATERIAL PURCHASE,english vegetables,english vegetables,741,2024-11,483662.0,0.15
2024-11,FOOD RAW MATERIAL PURCHASE,maida,maida 50kg and oil,3600,2024-11,483662.0,0.74
2024-11,FOOD RAW MATERIAL PURCHASE,maida,maida n oil,3590,2024-11,483662.0,0.74
2024-11,FOOD RAW MATERIAL PURCHASE,milk,milk and curd,226,2024-11,483662.0,0.05
2024-11,FOOD RAW MATERIAL PURCHASE,paneer,paneer,580,2024-11,483662.0,0.12
2024-11,FOOD RAW MATERIAL PURCHASE,vegetables,vegetables,9494,2024-11,483662.0,1.96
2024-11,FOOD RAW MATERIAL PURCHASE,vegetables,Isha english vegetables,1697,2024-11,483662.0,0.35
2024-11,FOOD RAW MATERIAL PURCHASE,vegetables,vegetable,529,2024-11,483662.0,0.11
2024-11,FOOD RAW MATERIAL PURCHASE,vegetables,transport eng lish vegetables,30,2024-11,483662.0,0.01
2024-11,GAS & FUEL,gas stove,Gas stove and fittings,1900,2024-11,483662.0,0.39
2024-11,GAS & FUEL,gas stove,new gas stove connecting work,250,2024-11,483662.0,0.05
2024-11,GAS & FUEL,hp gas,HP GAS 2 cylinder,14720,2024-11,483662.0,3.04
2024-11,GAS & FUEL,petrol,Petrol,8250,2024-11,483662.0,1.71
2024-11,GAS & FUEL,petrol,petrol,500,2024-11,483662.0,0.1
2024-11,"LICENSE, TAX & GOVERNMENT FEES",fssai renewal,water testing FSSAI LICENCE RENEWAL,1000,2024-11,483662.0,0.21
2024-11,LOCAL PURCHASE (MISCELLANEOUS STORE ITEMS),local purchase,Local Purchase,21681,2024-11,483662.0,4.48
2024-11,LOCAL PURCHASE (MISCELLANEOUS STORE ITEMS),local purchase,Local purchase,12899,2024-11,483662.0,2.67
2024-11,MAINTENANCE – SHOP & EQUIPMENT,chiller repair,cash drawer repair,1493,2024-11,483662.0,0.31
2024-11,MAINTENANCE – SHOP & EQUIPMENT,dough machine repair,dough machine repair n transport,3000,2024-11,483662.0,0.62
2024-11,MAINTENANCE – SHOP & EQUIPMENT,dough machine repair,dough machine machanic,300,2024-11,483662.0,0.06
2024-11,MAINTENANCE – SHOP & EQUIPMENT,mixer jar repair,mixer jar repair,50,2024-11,483662.0,0.01
2024-11,MAINTENANCE – SHOP & EQUIPMENT,weighing machine repair,weighing machine flipkart,1835,2024-11,483662.0,0.38
2024-11,OFFICE & ADMINISTRATION,mobile cover,Mobile cover screen guard,250,2024-11,483662.0,0.05
2024-11,PACKAGING & DISPOSABLES,delivery bag,amazone delivery,339,2024-11,483662.0,0.07
2024-11,RENT & UTILITIES,rent,staff room current bill,1001,2024-11,483662.0,0.21
2024-11,RENT & UTILITIES,rent,loocos common current bill,665,2024-11,483662.0,0.14
2024-11,RENT & UTILITIES,staff room rent,Staff Room Rent,3600,2024-11,483662.0,0.74
2024-11,SALARIES (MONTHLY PAYMENTS),arjun salary,arun salary,17990,2024-11,483662.0,179.9
2024-11,SALARIES (MONTHLY PAYMENTS),hashim salary,Hashim Salary,6000,2024-11,483662.0,60.0
2024-11,SALARIES (MONTHLY PAYMENTS),nihal salary,Nihal salary,1400,2024-11,483662.0,14.0
2024-11,SALARIES (MONTHLY PAYMENTS),salary,radhakrishnan salary,19000,2024-11,483662.0,190.0
2024-11,SALARIES (MONTHLY PAYMENTS),salary,pashupathy salary,18150,2024-11,483662.0,181.5
2024-11,SALARIES (MONTHLY PAYMENTS),salary,anas salary advance,7117,2024-11,483662.0,71.17
2024-11,SALARIES (MONTHLY PAYMENTS),salary,Hisham salary,4600,2024-11,483662.0,46.0
2024-11,SALARIES (MONTHLY PAYMENTS),salary,Shibil Salary advance,4400,2024-11,483662.0,44.0
2024-11,SALARIES (MONTHLY PAYMENTS),salary,Sanah salary,3000,2024-11,483662.0,30.0
2024-11,SALARIES (MONTHLY PAYMENTS),salary,Shibil Salary,2600,2024-11,483662.0,26.0
2024-11,SALARIES (MONTHLY PAYMENTS),salary,Hashim Salary advance,2400,2024-11,483662.0,24.0
2024-11,SALARIES (MONTHLY PAYMENTS),salary,shaheel salary advance,2250,2024-11,483662.0,22.5
2024-11,SALARIES (MONTHLY PAYMENTS),salary,shatru salary advance,2150,2024-11,483662.0,21.5
2024-11,SALARIES (MONTHLY PAYMENTS),salary,shibil salary advance,1800,2024-11,483662.0,18.0
2024-11,SALARIES (MONTHLY PAYMENTS),salary,arun salary advance,1050,2024-11,483662.0,10.5
2024-11,SALARIES (MONTHLY PAYMENTS),salary,pashupathi salary advance,1050,2024-11,483662.0,10.5
2024-11,SALARIES (MONTHLY PAYMENTS),salary,Anshid salary,600,2024-11,483662.0,6.0
2024-11,SALARIES (MONTHLY PAYMENTS),shathru salary,shatru salary,25450,2024-11,483662.0,254.5
2024-11,STAFF WELFARE & BENEFITS,staff night food,staff night food expenses,2776,2024-11,483662.0,0.57
2024-11,STAFF WELFARE & BENEFITS,staff party,kitchen staff party (Manoj),1000,2024-11,483662.0,0.21
2024-11,TRANSPORTATION & AUTO CHARGES,goods transport,goods transport OTP and dough machine,900,2024-11,483662.0,0.19
2024-11,TRANSPORTATION & AUTO CHARGES,transportation charge,dough machine transportation,600,2024-11,483662.0,0.12
2024-11,UNMAPPED,UNMAPPED,Icecream Box,3765,2024-11,483662.0,0.78
2024-11,UNMAPPED,UNMAPPED,pizza pan transport PTB and MKD,100,2024-11,483662.0,0.02
2024-10,ADVERTISEMENT & MARKETING,boosting,whats app boosting,699,2024-10,482997.1,0.14
2024-10,ADVERTISEMENT & MARKETING,flyer delivery charges,flyer delivery charges,470,2024-10,482997.1,0.1
2024-10,ADVERTISEMENT & MARKETING,safa advertising,safa advertising,880,2024-10,482997.1,0.18
2024-10,BIKE EXPENSES (ALL VEHICLE RELATED),battery charging,pa pro chain kit and labour charge battery charging,1600,2024-10,482997.1,0.33
2024-10,BIKE EXPENSES (ALL VEHICLE RELATED),duplicate key,pa pro 2 duplicate key,200,2024-10,482997.1,0.04
2024-10,BIKE EXPENSES (ALL VEHICLE RELATED),engine oil,Bike generator engine oil 5 ltr,1200,2024-10,482997.1,0.25
2024-10,BIKE EXPENSES (ALL VEHICLE RELATED),insurance bike,Bike insurance,843,2024-10,482997.1,0.17
2024-10,BIKE EXPENSES (ALL VEHICLE RELATED),insurance bike,discover bike insurance,843,2024-10,482997.1,0.17
2024-10,BIKE EXPENSES (ALL VEHICLE RELATED),tyre,temperory tyre tube pa pro,250,2024-10,482997.1,0.05
2024-10,CLEANING & WASTE,waste pickup,Waste Pickup,600,2024-10,482997.1,0.12
2024-10,CLEANING & WASTE,waste pickup,waste pick up,50,2024-10,482997.1,0.01
2024-10,DECORATION & EVENTS,pooja expenses,pooja expences,450,2024-10,482997.1,0.09
2024-10,FOOD RAW MATERIAL PURCHASE,boneless chicken,Boneless chicken,12160,2024-10,482997.1,2.52
2024-10,FOOD RAW MATERIAL PURCHASE,boneless chicken,boneless chicken,3933,2024-10,482997.1,0.81
2024-10,FOOD RAW MATERIAL PURCHASE,butter and paneer,Butter Paneer,3350,2024-10,482997.1,0.69
2024-10,FOOD RAW MATERIAL PURCHASE,chicken,bonelesschicken,2783,2024-10,482997.1,0.58
2024-10,FOOD RAW MATERIAL PURCHASE,choco chips,chocolate chips flipkart,409,2024-10,482997.1,0.08
2024-10,FOOD RAW MATERIAL PURCHASE,dry yeast,Dry yeast 10 pkt,1740,2024-10,482997.1,0.36
2024-10,FOOD RAW MATERIAL PURCHASE,english vegetables,english vegetables,1821,2024-10,482997.1,0.38
2024-10,FOOD RAW MATERIAL PURCHASE,milk,Milk,156,2024-10,482997.1,0.03
2024-10,FOOD RAW MATERIAL PURCHASE,staff chicken,Staff Chicken 2 weeks,600,2024-10,482997.1,0.12
2024-10,FOOD RAW MATERIAL PURCHASE,staff chicken,Staff Chicken,308,2024-10,482997.1,0.06
2024-10,FOOD RAW MATERIAL PURCHASE,vegetables,vegetables,8669,2024-10,482997.1,1.79
2024-10,FOOD RAW MATERIAL PURCHASE,vegetables,Isha english vegetables,856,2024-10,482997.1,0.18
2024-10,FOOD RAW MATERIAL PURCHASE,vegetables,vegetable,622,2024-10,482997.1,0.13
2024-10,GAS & FUEL,hp gas,HP GAS 2 cylinder,17800,2024-10,482997.1,3.69
2024-10,GAS & FUEL,petrol,Petrol,8100,2024-10,482997.1,1.68
2024-10,GENERATOR EXPENSES,generator plug,generator plug from pkd,400,2024-10,482997.1,0.08
2024-10,LOCAL PURCHASE (MISCELLANEOUS STORE ITEMS),local purchase,Local Purchase,44510,2024-10,482997.1,9.22
2024-10,MAINTENANCE – SHOP & EQUIPMENT,ac repair,pa pro repair,200,2024-10,482997.1,0.04
2024-10,MAINTENANCE – SHOP & EQUIPMENT,dough machine repair,dough machine machanic,600,2024-10,482997.1,0.12
2024-10,MAINTENANCE – SHOP & EQUIPMENT,weighing machine repair,weighing machine repair,250,2024-10,482997.1,0.05
2024-10,MISCELLANEOUS / OTHER,miscellaneous expense,miscellaneous expense,294,2024-10,482997.1,0.06
2024-10,PACKAGING & DISPOSABLES,menu distribution,2000pc menu distribution,1200,2024-10,482997.1,0.25
2024-10,RENT & UTILITIES,pos machine charges,RO machine changing of filters,2800,2024-10,482997.1,0.58
2024-10,RENT & UTILITIES,pos machine charges,RO machine filter charge and service,350,2024-10,482997.1,0.07
2024-10,RENT & UTILITIES,staff room rent,Staff Room Rent,3600,2024-10,482997.1,0.75
2024-10,SALARIES (MONTHLY PAYMENTS),arjun salary,arun salary,17990,2024-10,482997.1,179.9
2024-10,SALARIES (MONTHLY PAYMENTS),hashim salary,Hashim Salary,2567,2024-10,482997.1,25.67
2024-10,SALARIES (MONTHLY PAYMENTS),nihal salary,Nihal salary,1000,2024-10,482997.1,10.0
2024-10,SALARIES (MONTHLY PAYMENTS),salary,radhakrishnan salary,19000,2024-10,482997.1,190.0
2024-10,SALARIES (MONTHLY PAYMENTS),salary,pashupathy salary,18310,2024-10,482997.1,183.1
2024-10,SALARIES (MONTHLY PAYMENTS),salary,anas salary advance,8400,2024-10,482997.1,84.0
2024-10,SALARIES (MONTHLY PAYMENTS),salary,shibil salary advance,6900,2024-10,482997.1,69.0
2024-10,SALARIES (MONTHLY PAYMENTS),salary,shatru salary advance,4800,2024-10,482997.1,48.0
2024-10,SALARIES (MONTHLY PAYMENTS),salary,Sanah salary,4200,2024-10,482997.1,42.0
2024-10,SALARIES (MONTHLY PAYMENTS),salary,Hisham salary,3600,2024-10,482997.1,36.0
2024-10,SALARIES (MONTHLY PAYMENTS),salary,shaheel salary advance,3400,2024-10,482997.1,34.0
2024-10,SALARIES (MONTHLY PAYMENTS),salary,Shibil Salary advance,2900,2024-10,482997.1,29.0
2024-10,SALARIES (MONTHLY PAYMENTS),salary,Hashim Salary advance,2800,2024-10,482997.1,28.0
2024-10,SALARIES (MONTHLY PAYMENTS),salary,pashupathi salary advance,1990,2024-10,482997.1,19.9
2024-10,SALARIES (MONTHLY PAYMENTS),salary,arun salary advance,330,2024-10,482997.1,3.3
2024-10,SALARIES (MONTHLY PAYMENTS),shathru salary,shatru salary,23640,2024-10,482997.1,236.4
2024-10,STAFF WELFARE & BENEFITS,kitchen staff bonus,kitchen staff bonus,3500,2024-10,482997.1,0.72
2024-10,TRANSPORTATION & AUTO CHARGES,transportation charge,Transportation Charge GOODS FROM OTP,750,2024-10,482997.1,0.16
2024-10,TRANSPORTATION & AUTO CHARGES,transportation charge,Transportation Charge isha veg,90,2024-10,482997.1,0.02
2024-10,UNMAPPED,UNMAPPED,Burgar tawa,1500,2024-10,482997.1,0.31
2024-10,UNMAPPED,UNMAPPED,vanilla icecream,1088,2024-10,482997.1,0.23
2024-09,ADVERTISEMENT & MARKETING,boosting,whats app boosting,699,2024-09,441945.6,0.16
2024-09,BIKE EXPENSES (ALL VEHICLE RELATED),2 bike servicing,2 bike servicing,750,2024-09,441945.6,0.17
2024-09,BIKE EXPENSES (ALL VEHICLE RELATED),bike transport,transport (eng veg),30,2024-09,441945.6,0.01
2024-09,BIKE EXPENSES (ALL VEHICLE RELATED),both bike repair,bike repair,50,2024-09,441945.6,0.01
2024-09,CLEANING & WASTE,waste pickup,Waste Pickup,450,2024-09,441945.6,0.1
2024-09,CLEANING & WASTE,waste pickup,waste pick up,150,2024-09,441945.6,0.03
2024-09,FOOD RAW MATERIAL PURCHASE,boneless chicken,boneless chicken,15056,2024-09,441945.6,3.41
2024-09,FOOD RAW MATERIAL PURCHASE,boneless chicken,Boneless chicken,1174,2024-09,441945.6,0.27
2024-09,FOOD RAW MATERIAL PURCHASE,butter,Butter,760,2024-09,441945.6,0.17
2024-09,FOOD RAW MATERIAL PURCHASE,english vegetables,english vegetables,770,2024-09,441945.6,0.17
2024-09,FOOD RAW MATERIAL PURCHASE,fruit pulp,berry fresh fruit pulp,1860,2024-09,441945.6,0.42
2024-09,FOOD RAW MATERIAL PURCHASE,ice cream,ice cream chocolate 2 box,1632,2024-09,441945.6,0.37
2024-09,FOOD RAW MATERIAL PURCHASE,milk,milk,156,2024-09,441945.6,0.04
2024-09,FOOD RAW MATERIAL PURCHASE,milk,milk egg,130,2024-09,441945.6,0.03
2024-09,FOOD RAW MATERIAL PURCHASE,paneer,Paneer,580,2024-09,441945.6,0.13
2024-09,FOOD RAW MATERIAL PURCHASE,staff chicken,Staff Chicken 2 weeks,600,2024-09,441945.6,0.14
2024-09,FOOD RAW MATERIAL PURCHASE,staff chicken,staff chicken,294,2024-09,441945.6,0.07
2024-09,FOOD RAW MATERIAL PURCHASE,vegetables,vegetable,6547,2024-09,441945.6,1.48
2024-09,FOOD RAW MATERIAL PURCHASE,vegetables,vegetables,2794,2024-09,441945.6,0.63
2024-09,FOOD RAW MATERIAL PURCHASE,vegetables,eng vegetables,1639,2024-09,441945.6,0.37
2024-09,GAS & FUEL,generator petrol,Petrol Generator,1000,2024-09,441945.6,0.23
2024-09,GAS & FUEL,hp gas,HP GAS 2 cylinder,10380,2024-09,441945.6,2.35
2024-09,GAS & FUEL,hp gas,hp gas 2,3460,2024-09,441945.6,0.78
2024-09,GAS & FUEL,petrol,petrol,1500,2024-09,441945.6,0.34
2024-09,LOCAL PURCHASE (MISCELLANEOUS STORE ITEMS),local purchase,Local Purchase,25034,2024-09,441945.6,5.66
2024-09,LOCAL PURCHASE (MISCELLANEOUS STORE ITEMS),local purchase,local purchase,10209,2024-09,441945.6,2.31
2024-09,LOCAL PURCHASE (MISCELLANEOUS STORE ITEMS),local purchase,Local purchase,291,2024-09,441945.6,0.07
2024-09,MAINTENANCE – SHOP & EQUIPMENT,chiller repair,chiller condenser motor,1550,2024-09,441945.6,0.35
2024-09,MAINTENANCE – SHOP & EQUIPMENT,kitchen door work,kitchen door work,1000,2024-09,441945.6,0.23
2024-09,MISCELLANEOUS / OTHER,common bill,loocos common bill,615,2024-09,441945.6,0.14
2024-09,MISCELLANEOUS / OTHER,google sound pod fee,google sound POD fee,1499,2024-09,441945.6,0.34
2024-09,MISCELLANEOUS / OTHER,miscellaneous expense,miscellaneous expense,190,2024-09,441945.6,0.04
2024-09,RENT & UTILITIES,staff room electric bill,staff room elect.bill,1035,2024-09,441945.6,0.23
2024-09,RENT & UTILITIES,staff room rent,Staff Room Rent,3600,2024-09,441945.6,0.81
2024-09,SALARIES (MONTHLY PAYMENTS),anas salary,Anas Slary,203,2024-09,441945.6,2.03
2024-09,SALARIES (MONTHLY PAYMENTS),arjun salary,arun salary,17167,2024-09,441945.6,171.67
2024-09,SALARIES (MONTHLY PAYMENTS),hashim salary,Hashim Salary,5667,2024-09,441945.6,56.67
2024-09,SALARIES (MONTHLY PAYMENTS),marshad salary,Marshad Salary,1000,2024-09,441945.6,10.0
2024-09,SALARIES (MONTHLY PAYMENTS),marshad salary,Marshad salary,200,2024-09,441945.6,2.0
2024-09,SALARIES (MONTHLY PAYMENTS),marshad salary,marshad salary,200,2024-09,441945.6,2.0
2024-09,SALARIES (MONTHLY PAYMENTS),salary,radhakrishnan salary,19000,2024-09,441945.6,190.0
2024-09,SALARIES (MONTHLY PAYMENTS),salary,pashupathy salary,18000,2024-09,441945.6,180.0
2024-09,SALARIES (MONTHLY PAYMENTS),salary,shatru salary advance,7600,2024-09,441945.6,76.0
2024-09,SALARIES (MONTHLY PAYMENTS),salary,anas salary advance,5380,2024-09,441945.6,53.8
2024-09,SALARIES (MONTHLY PAYMENTS),salary,Shibil Salary advance,4400,2024-09,441945.6,44.0
2024-09,SALARIES (MONTHLY PAYMENTS),salary,shibil salary advance,3800,2024-09,441945.6,38.0
2024-09,SALARIES (MONTHLY PAYMENTS),salary,hisham salary,3600,2024-09,441945.6,36.0
2024-09,SALARIES (MONTHLY PAYMENTS),salary,shaheel salary advance,3500,2024-09,441945.6,35.0
2024-09,SALARIES (MONTHLY PAYMENTS),salary,pashupathi salary advance,2100,2024-09,441945.6,21.0
2024-09,SALARIES (MONTHLY PAYMENTS),salary,Hisham salary,1800,2024-09,441945.6,18.0
2024-09,SALARIES (MONTHLY PAYMENTS),salary,Sanah salary,1800,2024-09,441945.6,18.0
2024-09,SALARIES (MONTHLY PAYMENTS),salary,arun salary advance,1660,2024-09,441945.6,16.6
2024-09,SALARIES (MONTHLY PAYMENTS),salary,pashupathy salary advance,1500,2024-09,441945.6,15.0
2024-09,SALARIES (MONTHLY PAYMENTS),salary,Hashim Salary advance,1300,2024-09,441945.6,13.0
2024-09,SALARIES (MONTHLY PAYMENTS),salary,sanah salary,1200,2024-09,441945.6,12.0
2024-09,SALARIES (MONTHLY PAYMENTS),salary,Shathru Salary advance,200,2024-09,441945.6,2.0
2024-09,SALARIES (MONTHLY PAYMENTS),shathru salary,shatru salary,19800,2024-09,441945.6,198.0
2024-09,TRANSPORTATION & AUTO CHARGES,auto charge,auto charge goods from otp,550,2024-09,441945.6,0.12
2024-09,UNMAPPED,UNMAPPED,fork n spoon,470,2024-09,441945.6,0.11
2024-09,UNMAPPED,UNMAPPED,transport charge eng veg,60,2024-09,441945.6,0.01
2024-08,ADVERTISEMENT & MARKETING,safa advertising,safa advertising juice menu,400,2024-08,498293.25,0.08
2024-08,BIKE EXPENSES (ALL VEHICLE RELATED),bike transport,discover bike transportation from SKpuram,250,2024-08,498293.25,0.05
2024-08,BIKE EXPENSES (ALL VEHICLE RELATED),bike transport,transport,30,2024-08,498293.25,0.01
2024-08,BIKE EXPENSES (ALL VEHICLE RELATED),chain kit labour,"pa pro chain kit ,liner and labour charge",1250,2024-08,498293.25,0.25
2024-08,BIKE EXPENSES (ALL VEHICLE RELATED),chain tightening,bike chain tightening,40,2024-08,498293.25,0.01
2024-08,BIKE EXPENSES (ALL VEHICLE RELATED),passion pro maintenance,pa pro repair maintanance,1940,2024-08,498293.25,0.39
2024-08,CLEANING & WASTE,floor cleaner,floor cleaner 5 ltr,220,2024-08,498293.25,0.04
2024-08,CLEANING & WASTE,mop,extendable glass mop with wiper,382,2024-08,498293.25,0.08
2024-08,CLEANING & WASTE,waste pickup,Waste Pickup,600,2024-08,498293.25,0.12
2024-08,CLEANING & WASTE,waste pickup,Waste Pickup 2 days,100,2024-08,498293.25,0.02
2024-08,FOOD RAW MATERIAL PURCHASE,boneless chicken,boneless chicken,16842,2024-08,498293.25,3.38
2024-08,FOOD RAW MATERIAL PURCHASE,butter and paneer,Butter Paneer,3730,2024-08,498293.25,0.75
2024-08,FOOD RAW MATERIAL PURCHASE,dry yeast,Dry yeast 10 pkt,1740,2024-08,498293.25,0.35
2024-08,FOOD RAW MATERIAL PURCHASE,milk,milk egg,174,2024-08,498293.25,0.03
2024-08,FOOD RAW MATERIAL PURCHASE,milk,milk,100,2024-08,498293.25,0.02
2024-08,FOOD RAW MATERIAL PURCHASE,staff chicken,Staff Chicken 2 weeks,1200,2024-08,498293.25,0.24
2024-08,FOOD RAW MATERIAL PURCHASE,staff rice,staff kattil 3pc,4650,2024-08,498293.25,0.93
2024-08,FOOD RAW MATERIAL PURCHASE,vegetables,vegetable,6646,2024-08,498293.25,1.33
2024-08,FOOD RAW MATERIAL PURCHASE,vegetables,eng vegetables,1734,2024-08,498293.25,0.35
2024-08,FOOD RAW MATERIAL PURCHASE,vegetables,hisham eng vegetables,740,2024-08,498293.25,0.15
2024-08,GAS & FUEL,generator petrol,Petrol Generator,3500,2024-08,498293.25,0.7
2024-08,GAS & FUEL,hp gas,HP GAS 2 cylinder,10200,2024-08,498293.25,2.05
2024-08,GAS & FUEL,hp gas,HP GAS,1700,2024-08,498293.25,0.34
2024-08,GAS & FUEL,petrol,petrol,750,2024-08,498293.25,0.15
2024-08,LOCAL PURCHASE (MISCELLANEOUS STORE ITEMS),local purchase,Local Purchase,31284,2024-08,498293.25,6.28
2024-08,MAINTENANCE – SHOP & EQUIPMENT,ac gas charging,A/C service n gas charging,1300,2024-08,498293.25,0.26
2024-08,MAINTENANCE – SHOP & EQUIPMENT,fan repair,wall fan repair,450,2024-08,498293.25,0.09
2024-08,MAINTENANCE – SHOP & EQUIPMENT,sign board electric work,sign board electric work,1329,2024-08,498293.25,0.27
2024-08,MISCELLANEOUS / OTHER,miscellaneous expense,miscellaneous expense,40,2024-08,498293.25,0.01
2024-08,OFFICE & ADMINISTRATION,sound box repair,passion pro repair,705,2024-08,498293.25,0.14
2024-08,PACKAGING & DISPOSABLES,kot rolls,KOT ROLLS,2700,2024-08,498293.25,0.54
2024-08,RENT & UTILITIES,electrical bill,gafoor electrical,1570,2024-08,498293.25,0.32
2024-08,RENT & UTILITIES,staff room rent,Staff Room Rent,3600,2024-08,498293.25,0.72
2024-08,SALARIES (MONTHLY PAYMENTS),anas salary,Anas Salary,1782,2024-08,498293.25,17.82
2024-08,SALARIES (MONTHLY PAYMENTS),arjun salary,arun salary,17502,2024-08,498293.25,175.02
2024-08,SALARIES (MONTHLY PAYMENTS),hashim salary,Hashim Salary,3233,2024-08,498293.25,32.33
2024-08,SALARIES (MONTHLY PAYMENTS),marshad salary,Marshad Salary,2800,2024-08,498293.25,28.0
2024-08,SALARIES (MONTHLY PAYMENTS),salary,radhakrishnan salary,18000,2024-08,498293.25,180.0
2024-08,SALARIES (MONTHLY PAYMENTS),salary,pashupathy salary,17885,2024-08,498293.25,178.85
2024-08,SALARIES (MONTHLY PAYMENTS),salary,anas salary advance,8035,2024-08,498293.25,80.35
2024-08,SALARIES (MONTHLY PAYMENTS),salary,Shibil Salary advance,7200,2024-08,498293.25,72.0
2024-08,SALARIES (MONTHLY PAYMENTS),salary,hisham salary,5000,2024-08,498293.25,50.0
2024-08,SALARIES (MONTHLY PAYMENTS),salary,sanah salary,3800,2024-08,498293.25,38.0
2024-08,SALARIES (MONTHLY PAYMENTS),salary,shatru salary advance,2470,2024-08,498293.25,24.7
2024-08,SALARIES (MONTHLY PAYMENTS),salary,Hashim Salary advance,2100,2024-08,498293.25,21.0
2024-08,SALARIES (MONTHLY PAYMENTS),salary,arun salary advance,2005,2024-08,498293.25,20.05
2024-08,SALARIES (MONTHLY PAYMENTS),salary,Shibil Salary,2000,2024-08,498293.25,20.0
2024-08,SALARIES (MONTHLY PAYMENTS),salary,pashupathy salary advance,1550,2024-08,498293.25,15.5
2024-08,SALARIES (MONTHLY PAYMENTS),salary,shaheel salary advance,1200,2024-08,498293.25,12.0
2024-08,SALARIES (MONTHLY PAYMENTS),salary,pashupathi salary advance,65,2024-08,498293.25,0.65
2024-08,SALARIES (MONTHLY PAYMENTS),shathru salary,Shathru Salary,24390,2024-08,498293.25,243.9
2024-08,TRANSPORTATION & AUTO CHARGES,transportation charge,Transportation Charge eng veg,30,2024-08,498293.25,0.01
2024-08,UNMAPPED,UNMAPPED,Icecream Box,2677,2024-08,498293.25,0.54
2024-08,UNMAPPED,UNMAPPED,Berryfresh,1560,2024-08,498293.25,0.31
2024-08,UNMAPPED,UNMAPPED,wall hooks 6pc flipkart,206,2024-08,498293.25,0.04
2024-08,UNMAPPED,UNMAPPED,transport charge 3pc staff kattil,60,2024-08,498293.25,0.01
2024-08,UNMAPPED,UNMAPPED,transport charge eng veg,30,2024-08,498293.25,0.01
2024-07,ADVERTISEMENT & MARKETING,safa advertising,safa advertising,1800,2024-07,432201.55,0.42
2024-07,BIKE EXPENSES (ALL VEHICLE RELATED),bike transport,eng veg transport,30,2024-07,432201.55,0.01
2024-07,BIKE EXPENSES (ALL VEHICLE RELATED),both bike repair,bike repair oil top,600,2024-07,432201.55,0.14
2024-07,BIKE EXPENSES (ALL VEHICLE RELATED),brake lever,bike brake lever,100,2024-07,432201.55,0.02
2024-07,CLEANING & WASTE,waste pickup,Waste Pickup,750,2024-07,432201.55,0.17
2024-07,FOOD RAW MATERIAL PURCHASE,boneless chicken,boneless chicken,17104,2024-07,432201.55,3.96
2024-07,FOOD RAW MATERIAL PURCHASE,boneless chicken,boneless chicken 28th and 29th,1769,2024-07,432201.55,0.41
2024-07,FOOD RAW MATERIAL PURCHASE,butter and paneer,Paneer And Butter,2100,2024-07,432201.55,0.49
2024-07,FOOD RAW MATERIAL PURCHASE,butter and paneer,Butter Paneer,1340,2024-07,432201.55,0.31
2024-07,FOOD RAW MATERIAL PURCHASE,chicken,bonelesschicken,1012,2024-07,432201.55,0.23
2024-07,FOOD RAW MATERIAL PURCHASE,maida,ss maida stainer,262,2024-07,432201.55,0.06
2024-07,FOOD RAW MATERIAL PURCHASE,milk,milk egg,425,2024-07,432201.55,0.1
2024-07,FOOD RAW MATERIAL PURCHASE,milk,milk,104,2024-07,432201.55,0.02
2024-07,FOOD RAW MATERIAL PURCHASE,staff chicken,Staff Chicken 2 weeks,600,2024-07,432201.55,0.14
2024-07,FOOD RAW MATERIAL PURCHASE,staff chicken,Staff Chicken,310,2024-07,432201.55,0.07
2024-07,FOOD RAW MATERIAL PURCHASE,vegetables,vegetable,8317,2024-07,432201.55,1.92
2024-07,FOOD RAW MATERIAL PURCHASE,vegetables,eng vegetables,2053,2024-07,432201.55,0.48
2024-07,FOOD RAW MATERIAL PURCHASE,vegetables,isha eng vegetables,403,2024-07,432201.55,0.09
2024-07,GAS & FUEL,generator petrol,Petrol Generator,3500,2024-07,432201.55,0.81
2024-07,GAS & FUEL,hp gas,HP GAS 2 cylinder,10140,2024-07,432201.55,2.35
2024-07,GAS & FUEL,hp gas,HP GAS,6760,2024-07,432201.55,1.56
2024-07,GENERATOR EXPENSES,generator plug,generator plug flipkart,454,2024-07,432201.55,0.11
2024-07,LOCAL PURCHASE (MISCELLANEOUS STORE ITEMS),local purchase,Local Purchase,34155,2024-07,432201.55,7.9
2024-07,MAINTENANCE – SHOP & EQUIPMENT,cctv power supply,cctv power supply,750,2024-07,432201.55,0.17
2024-07,MAINTENANCE – SHOP & EQUIPMENT,chiller repair,chiller repair,2600,2024-07,432201.55,0.6
2024-07,MAINTENANCE – SHOP & EQUIPMENT,exhaust fan repair,exhaust fan repair,330,2024-07,432201.55,0.08
2024-07,MAINTENANCE – SHOP & EQUIPMENT,fan repair,exhaust fan repair and lathe work,350,2024-07,432201.55,0.08
2024-07,MAINTENANCE – SHOP & EQUIPMENT,panel led light,panel LED light 6 pc with labour charges,3000,2024-07,432201.55,0.69
2024-07,MAINTENANCE – SHOP & EQUIPMENT,tube light fitting,tube light fitting,200,2024-07,432201.55,0.05
2024-07,MISCELLANEOUS / OTHER,miscellaneous expense,miscellaneous expense,100,2024-07,432201.55,0.02
2024-07,PARTNER & CAPITAL TRANSACTIONS,amount mismatch to verify,Amount mismatch to verify,6106,2024-07,432201.55,1.41
2024-07,RENT & UTILITIES,common electricity bill,common electricity bill,1150,2024-07,432201.55,0.27
2024-07,RENT & UTILITIES,staff room electric bill,staff room elect.bill,1720,2024-07,432201.55,0.4
2024-07,RENT & UTILITIES,staff room rent,Staff Room Rent,3600,2024-07,432201.55,0.83
2024-07,SALARIES (MONTHLY PAYMENTS),marshad salary,Marshad Salary,800,2024-07,432201.55,8.0
2024-07,SALARIES (MONTHLY PAYMENTS),salary,shatru salary for july 24,25160,2024-07,432201.55,251.6
2024-07,SALARIES (MONTHLY PAYMENTS),salary,pashupathy salary for july 24,19560,2024-07,432201.55,195.6
2024-07,SALARIES (MONTHLY PAYMENTS),salary,arun salary for july 24,18558,2024-07,432201.55,185.58
2024-07,SALARIES (MONTHLY PAYMENTS),salary,radhakrishnan salary july 24,18000,2024-07,432201.55,180.0
2024-07,SALARIES (MONTHLY PAYMENTS),salary,Hashim Salary for july 24,9800,2024-07,432201.55,98.0
2024-07,SALARIES (MONTHLY PAYMENTS),salary,shaheel salary  july 24,7800,2024-07,432201.55,78.0
2024-07,SALARIES (MONTHLY PAYMENTS),salary,anas salary advance,7160,2024-07,432201.55,71.6
2024-07,SALARIES (MONTHLY PAYMENTS),salary,hisham salary,5800,2024-07,432201.55,58.0
2024-07,SALARIES (MONTHLY PAYMENTS),salary,Shibil Salary advance,5600,2024-07,432201.55,56.0
2024-07,SALARIES (MONTHLY PAYMENTS),salary,sanah salary,3400,2024-07,432201.55,34.0
2024-07,SALARIES (MONTHLY PAYMENTS),salary,shaheel salary advance,2000,2024-07,432201.55,20.0
2024-07,SALARIES (MONTHLY PAYMENTS),salary,pashupathy salary advance,1940,2024-07,432201.55,19.4
2024-07,SALARIES (MONTHLY PAYMENTS),salary,shatru salary advance,1700,2024-07,432201.55,17.0
2024-07,SALARIES (MONTHLY PAYMENTS),salary,Anas Salary july 24,1007,2024-07,432201.55,10.07
2024-07,SALARIES (MONTHLY PAYMENTS),salary,Hashim Salary advance,900,2024-07,432201.55,9.0
2024-07,SALARIES (MONTHLY PAYMENTS),salary,arun salary advance,575,2024-07,432201.55,5.75
2024-07,SALARIES (MONTHLY PAYMENTS),salary,Hashim Salary adv,500,2024-07,432201.55,5.0
2024-07,TRANSPORTATION & AUTO CHARGES,auto charge,auto charge goods from otp,550,2024-07,432201.55,0.13
2024-07,TRANSPORTATION & AUTO CHARGES,transportation charge,Transportation Charge isha veg,30,2024-07,432201.55,0.01
2024-07,UNMAPPED,UNMAPPED,Icecream,1861,2024-07,432201.55,0.43
2024-07,UNMAPPED,UNMAPPED,extension board and tester,660,2024-07,432201.55,0.15
2024-07,UNMAPPED,UNMAPPED,wash basin water tap,592,2024-07,432201.55,0.14
2024-07,UNMAPPED,UNMAPPED,wash basin water tap outside,430,2024-07,432201.55,0.1
2024-07,UNMAPPED,UNMAPPED,electrician,300,2024-07,432201.55,0.07
2024-07,UNMAPPED,UNMAPPED,TDSmeter Flipkart,206,2024-07,432201.55,0.05
2024-07,UNMAPPED,UNMAPPED,accelarator cable pa pro,200,2024-07,432201.55,0.05
2024-07,UNMAPPED,UNMAPPED,wash basin water tap 2 feet connector pipe out side,115,2024-07,432201.55,0.03
2024-07,UNMAPPED,UNMAPPED,transport charge eng veg,30,2024-07,432201.55,0.01
2024-06,BIKE EXPENSES (ALL VEHICLE RELATED),both bike repair,bike repair and service,640,2024-06,429482.64999999997,0.15
2024-06,BIKE EXPENSES (ALL VEHICLE RELATED),tyre,two tyre fixing charges,200,2024-06,429482.64999999997,0.05
2024-06,CLEANING & WASTE,waste pickup,Waste Pickup,650,2024-06,429482.64999999997,0.15
2024-06,FOOD RAW MATERIAL PURCHASE,boneless chicken,boneless chicken,24785,2024-06,429482.64999999997,5.77
2024-06,FOOD RAW MATERIAL PURCHASE,butter and paneer,Paneer And Butter,2390,2024-06,429482.64999999997,0.56
2024-06,FOOD RAW MATERIAL PURCHASE,milk,milk,312,2024-06,429482.64999999997,0.07
2024-06,FOOD RAW MATERIAL PURCHASE,milk,milk egg,170,2024-06,429482.64999999997,0.04
2024-06,FOOD RAW MATERIAL PURCHASE,staff chicken,Staff Chicken,925,2024-06,429482.64999999997,0.22
2024-06,FOOD RAW MATERIAL PURCHASE,vegetables,vegetable,9376,2024-06,429482.64999999997,2.18
2024-06,FOOD RAW MATERIAL PURCHASE,vegetables,eng vegetables,1753,2024-06,429482.64999999997,0.41
2024-06,FOOD RAW MATERIAL PURCHASE,vegetables,isha eng vegetables,1152,2024-06,429482.64999999997,0.27
2024-06,GAS & FUEL,generator petrol,Petrol Generator,2000,2024-06,429482.64999999997,0.47
2024-06,GAS & FUEL,hp gas,HP GAS 2 cylinder,10320,2024-06,429482.64999999997,2.4
2024-06,GAS & FUEL,hp gas,HP GAS,1720,2024-06,429482.64999999997,0.4
2024-06,GAS & FUEL,petrol,Petrol Generator and bike,2500,2024-06,429482.64999999997,0.58
2024-06,GAS & FUEL,petrol,generator technician engine oil and petrol charges,600,2024-06,429482.64999999997,0.14
2024-06,GENERATOR EXPENSES,generator purchase balance,generator purchase balance amount,38000,2024-06,429482.64999999997,8.85
2024-06,GENERATOR EXPENSES,generator transportation,Transportation Charge generator,500,2024-06,429482.64999999997,0.12
2024-06,LOCAL PURCHASE (MISCELLANEOUS STORE ITEMS),local purchase,Local Purchase,31824,2024-06,429482.64999999997,7.41
2024-06,MAINTENANCE – SHOP & EQUIPMENT,kitchen door work,kitchen zink water tap work,965,2024-06,429482.64999999997,0.22
2024-06,MISCELLANEOUS / OTHER,miscellaneous expense,miscellaneous expense,351,2024-06,429482.64999999997,0.08
2024-06,OFFICE & ADMINISTRATION,printer usb cable,printer usb cable,400,2024-06,429482.64999999997,0.09
2024-06,OFFICE & ADMINISTRATION,sound box repair,passion pro repair,800,2024-06,429482.64999999997,0.19
2024-06,RENT & UTILITIES,staff room rent,Staff Room Rent,3600,2024-06,429482.64999999997,0.84
2024-06,SALARIES (MONTHLY PAYMENTS),anas salary,Anas Salary,800,2024-06,429482.64999999997,8.0
2024-06,SALARIES (MONTHLY PAYMENTS),arjun salary,arun salary,18463,2024-06,429482.64999999997,184.63
2024-06,SALARIES (MONTHLY PAYMENTS),hashim salary,Hashim Salary,13300,2024-06,429482.64999999997,133.0
2024-06,SALARIES (MONTHLY PAYMENTS),marshad salary,Marshad Salary,200,2024-06,429482.64999999997,2.0
2024-06,SALARIES (MONTHLY PAYMENTS),salary,radhakrishnan salary,18000,2024-06,429482.64999999997,180.0
2024-06,SALARIES (MONTHLY PAYMENTS),salary,pashupathy salary,15445,2024-06,429482.64999999997,154.45
2024-06,SALARIES (MONTHLY PAYMENTS),salary,hisham salary,7000,2024-06,429482.64999999997,70.0
2024-06,SALARIES (MONTHLY PAYMENTS),salary,anas salary advance,4800,2024-06,429482.64999999997,48.0
2024-06,SALARIES (MONTHLY PAYMENTS),salary,pashupathy salary advance,4355,2024-06,429482.64999999997,43.55
2024-06,SALARIES (MONTHLY PAYMENTS),salary,Shibil Salary,4124,2024-06,429482.64999999997,41.24
2024-06,SALARIES (MONTHLY PAYMENTS),salary,sanah salary,3800,2024-06,429482.64999999997,38.0
2024-06,SALARIES (MONTHLY PAYMENTS),salary,Shibil Salary advance,3276,2024-06,429482.64999999997,32.76
2024-06,SALARIES (MONTHLY PAYMENTS),salary,shaheel salary advance,1800,2024-06,429482.64999999997,18.0
2024-06,SALARIES (MONTHLY PAYMENTS),salary,arun salary advance,430,2024-06,429482.64999999997,4.3
2024-06,SALARIES (MONTHLY PAYMENTS),salary,jishnu salary,400,2024-06,429482.64999999997,4.0
2024-06,SALARIES (MONTHLY PAYMENTS),salary,shatru salary advance,200,2024-06,429482.64999999997,2.0
2024-06,SALARIES (MONTHLY PAYMENTS),shathru salary,Shathru Salary,25867,2024-06,429482.64999999997,258.67
2024-06,STAFF WELFARE & BENEFITS,uniform shirts,uniform charges,800,2024-06,429482.64999999997,0.19
2024-06,TRANSPORTATION & AUTO CHARGES,auto charge,auto charge goods from otp,550,2024-06,429482.64999999997,0.13
2024-06,TRANSPORTATION & AUTO CHARGES,transportation charge,Transportation Charge,30,2024-06,429482.64999999997,0.01
2024-06,UNMAPPED,UNMAPPED,Icecream,1904,2024-06,429482.64999999997,0.44
2024-06,UNMAPPED,UNMAPPED,Plates and tray,1408,2024-06,429482.64999999997,0.33
2024-06,UNMAPPED,UNMAPPED,vanilla icecream,1088,2024-06,429482.64999999997,0.25
2024-06,UNMAPPED,UNMAPPED,cap 5,750,2024-06,429482.64999999997,0.17
2024-06,UNMAPPED,UNMAPPED,tomato hibrid,520,2024-06,429482.64999999997,0.12
2024-06,UNMAPPED,UNMAPPED,vyapari vyavasayi ekopana samithi,300,2024-06,429482.64999999997,0.07
2024-05,ADVERTISEMENT & MARKETING,safa advertising,safa advertising menu laminaton,1200,2024-05,481157.89999999997,0.25
2024-05,BIKE EXPENSES (ALL VEHICLE RELATED),bike maintanance,Bike Maintanance,30,2024-05,481157.89999999997,0.01
2024-05,CLEANING & WASTE,waste pickup,Waste Pickup,550,2024-05,481157.89999999997,0.11
2024-05,FOOD RAW MATERIAL PURCHASE,boneless chicken,boneless chicken,25742,2024-05,481157.89999999997,5.35
2024-05,FOOD RAW MATERIAL PURCHASE,butter and paneer,Butter And Paneer,1340,2024-05,481157.89999999997,0.28
2024-05,FOOD RAW MATERIAL PURCHASE,butter and paneer,Butter Paneer,1340,2024-05,481157.89999999997,0.28
2024-05,FOOD RAW MATERIAL PURCHASE,ice cream,flipkart ice cream scoop,403,2024-05,481157.89999999997,0.08
2024-05,FOOD RAW MATERIAL PURCHASE,milk,milk egg,440,2024-05,481157.89999999997,0.09
2024-05,FOOD RAW MATERIAL PURCHASE,paneer,Paneer,290,2024-05,481157.89999999997,0.06
2024-05,FOOD RAW MATERIAL PURCHASE,tender coconut pulp,tender coconut pulp 2,720,2024-05,481157.89999999997,0.15
2024-05,FOOD RAW MATERIAL PURCHASE,vegetables,vegetable,6911,2024-05,481157.89999999997,1.44
2024-05,FOOD RAW MATERIAL PURCHASE,vegetables,hisham eng vegetables,1862,2024-05,481157.89999999997,0.39
2024-05,FOOD RAW MATERIAL PURCHASE,vegetables,eng vegetables,1397,2024-05,481157.89999999997,0.29
2024-05,GAS & FUEL,diesel,diesel to burn plastic waste,100,2024-05,481157.89999999997,0.02
2024-05,GAS & FUEL,generator petrol,Petrol Generator,2000,2024-05,481157.89999999997,0.42
2024-05,GAS & FUEL,hp gas,HP GAS,7160,2024-05,481157.89999999997,1.49
2024-05,GAS & FUEL,hp gas,hp gas,3600,2024-05,481157.89999999997,0.75
2024-05,GAS & FUEL,hp gas,hp gas 2 cylinder,3580,2024-05,481157.89999999997,0.74
2024-05,GAS & FUEL,hp gas,Gas HP,1790,2024-05,481157.89999999997,0.37
2024-05,GAS & FUEL,petrol,petrol,4000,2024-05,481157.89999999997,0.83
2024-05,GAS & FUEL,petrol,hisham petrol,50,2024-05,481157.89999999997,0.01
2024-05,"LICENSE, TAX & GOVERNMENT FEES",municipality license,municipality license charges,550,2024-05,481157.89999999997,0.11
2024-05,LOCAL PURCHASE (MISCELLANEOUS STORE ITEMS),local purchase,Local Purchase,34876,2024-05,481157.89999999997,7.25
2024-05,MAINTENANCE – SHOP & EQUIPMENT,ac gas charging,A/C service n gas charging,1500,2024-05,481157.89999999997,0.31
2024-05,MAINTENANCE – SHOP & EQUIPMENT,chiller repair,chiller repair,1850,2024-05,481157.89999999997,0.38
2024-05,MAINTENANCE – SHOP & EQUIPMENT,ro machine repair,RO Machine repair n service,1750,2024-05,481157.89999999997,0.36
2024-05,MISCELLANEOUS / OTHER,donation,Donation,40,2024-05,481157.89999999997,0.01
2024-05,RENT & UTILITIES,common electricity bill,common electricity bill,805,2024-05,481157.89999999997,0.17
2024-05,RENT & UTILITIES,staff room electric bill,staff room elect.bill,969,2024-05,481157.89999999997,0.2
2024-05,RENT & UTILITIES,staff room rent,Staff Room Rent,3600,2024-05,481157.89999999997,0.75
2024-05,SALARIES (MONTHLY PAYMENTS),anas salary,Anas Salary,4500,2024-05,481157.89999999997,45.0
2024-05,SALARIES (MONTHLY PAYMENTS),arjun salary,arun salary,18778,2024-05,481157.89999999997,187.78
2024-05,SALARIES (MONTHLY PAYMENTS),hashim salary,Hashim Salary,9700,2024-05,481157.89999999997,97.0
2024-05,SALARIES (MONTHLY PAYMENTS),marshad salary,Marshad Salary,3000,2024-05,481157.89999999997,30.0
2024-05,SALARIES (MONTHLY PAYMENTS),salary,pashupathy salary,19500,2024-05,481157.89999999997,195.0
2024-05,SALARIES (MONTHLY PAYMENTS),salary,radhakrishnan salary,18000,2024-05,481157.89999999997,180.0
2024-05,SALARIES (MONTHLY PAYMENTS),salary,hisham salary,6200,2024-05,481157.89999999997,62.0
2024-05,SALARIES (MONTHLY PAYMENTS),salary,Shibil Salary advance,5050,2024-05,481157.89999999997,50.5
2024-05,SALARIES (MONTHLY PAYMENTS),salary,anas salary advance,3200,2024-05,481157.89999999997,32.0
2024-05,SALARIES (MONTHLY PAYMENTS),salary,Shibil Salary,2950,2024-05,481157.89999999997,29.5
2024-05,SALARIES (MONTHLY PAYMENTS),salary,shaheel salary advance,2200,2024-05,481157.89999999997,22.0
2024-05,SALARIES (MONTHLY PAYMENTS),salary,jishnu salary,1800,2024-05,481157.89999999997,18.0
2024-05,SALARIES (MONTHLY PAYMENTS),salary,shatru salary advance,1730,2024-05,481157.89999999997,17.3
2024-05,SALARIES (MONTHLY PAYMENTS),salary,Hashim Salary advance,1500,2024-05,481157.89999999997,15.0
2024-05,SALARIES (MONTHLY PAYMENTS),salary,pashupathy salary advance,1215,2024-05,481157.89999999997,12.15
2024-05,SALARIES (MONTHLY PAYMENTS),salary,hisham salary(13th & 14th),600,2024-05,481157.89999999997,6.0
2024-05,SALARIES (MONTHLY PAYMENTS),salary,sanah salary,400,2024-05,481157.89999999997,4.0
2024-05,SALARIES (MONTHLY PAYMENTS),salary,arun salary advance,280,2024-05,481157.89999999997,2.8
2024-05,SALARIES (MONTHLY PAYMENTS),salary,Ashif Salary,200,2024-05,481157.89999999997,2.0
2024-05,SALARIES (MONTHLY PAYMENTS),shathru salary,shatru salary,25130,2024-05,481157.89999999997,251.3
2024-05,TRANSPORTATION & AUTO CHARGES,transportation charge,Transportation Charge GOODS FROM OTP,550,2024-05,481157.89999999997,0.11
2024-05,TRANSPORTATION & AUTO CHARGES,transportation charge,Transportation Charge eng veg,60,2024-05,481157.89999999997,0.01
2024-05,UNMAPPED,UNMAPPED,vegetable 3day,1361,2024-05,481157.89999999997,0.28
2024-05,UNMAPPED,UNMAPPED,vanilla icecream,1088,2024-05,481157.89999999997,0.23
2024-04,BIKE EXPENSES (ALL VEHICLE RELATED),chain kit labour,pa pro chain kit and labour charge,1200,2024-04,469828.19999999995,0.26
2024-04,BIKE EXPENSES (ALL VEHICLE RELATED),clutch wire,discover bike clutch wire &labour charge,220,2024-04,469828.19999999995,0.05
2024-04,CLEANING & WASTE,waste pickup,Waste Pickup,600,2024-04,469828.19999999995,0.13
2024-04,CLEANING & WASTE,waste pickup,waste pickup agreement expenses,150,2024-04,469828.19999999995,0.03
2024-04,FOOD RAW MATERIAL PURCHASE,boneless chicken,boneless chicken,23534,2024-04,469828.19999999995,5.01
2024-04,FOOD RAW MATERIAL PURCHASE,butter and paneer,Butter And Paneer,2680,2024-04,469828.19999999995,0.57
2024-04,FOOD RAW MATERIAL PURCHASE,butter and paneer,Butter Paneer,1340,2024-04,469828.19999999995,0.29
2024-04,FOOD RAW MATERIAL PURCHASE,egg,egg,125,2024-04,469828.19999999995,0.03
2024-04,FOOD RAW MATERIAL PURCHASE,maida,maida 100kg,4180,2024-04,469828.19999999995,0.89
2024-04,FOOD RAW MATERIAL PURCHASE,milk,milk egg,330,2024-04,469828.19999999995,0.07
2024-04,FOOD RAW MATERIAL PURCHASE,milk,milk,100,2024-04,469828.19999999995,0.02
2024-04,FOOD RAW MATERIAL PURCHASE,staff chicken,Staff Chicken,340,2024-04,469828.19999999995,0.07
2024-04,FOOD RAW MATERIAL PURCHASE,vegetables,vegetable,9345,2024-04,469828.19999999995,1.99
2024-04,FOOD RAW MATERIAL PURCHASE,vegetables,isham eng vegetables,504,2024-04,469828.19999999995,0.11
2024-04,FOOD RAW MATERIAL PURCHASE,vegetables,Transportation Charge hisham vegetables,30,2024-04,469828.19999999995,0.01
2024-04,GAS & FUEL,generator petrol,Petrol Generator,1000,2024-04,469828.19999999995,0.21
2024-04,GAS & FUEL,hp gas,hp gas,10860,2024-04,469828.19999999995,2.31
2024-04,GAS & FUEL,hp gas,Gas HP 2cylinder,3620,2024-04,469828.19999999995,0.77
2024-04,GAS & FUEL,hp gas,Gas HP,1810,2024-04,469828.19999999995,0.39
2024-04,GAS & FUEL,petrol,petrol,5500,2024-04,469828.19999999995,1.17
2024-04,"LICENSE, TAX & GOVERNMENT FEES",haritha karmasena,"haritha karmasena,licence service",1480,2024-04,469828.19999999995,0.32
2024-04,"LICENSE, TAX & GOVERNMENT FEES",municipal health officer,municipal health officer,570,2024-04,469828.19999999995,0.12
2024-04,"LICENSE, TAX & GOVERNMENT FEES",professional tax,municipal professional tax,1620,2024-04,469828.19999999995,0.34
2024-04,LOCAL PURCHASE (MISCELLANEOUS STORE ITEMS),local purchase,Local Purchase,29081,2024-04,469828.19999999995,6.19
2024-04,MAINTENANCE – SHOP & EQUIPMENT,kitchen door work,kitchen door work(manoj),600,2024-04,469828.19999999995,0.13
2024-04,MAINTENANCE – SHOP & EQUIPMENT,mixer repair,mixer repair,180,2024-04,469828.19999999995,0.04
2024-04,MISCELLANEOUS / OTHER,donation,Donation,90,2024-04,469828.19999999995,0.02
2024-04,PACKAGING & DISPOSABLES,paper bag,"Paper Bag( LG ,MED, REG)",3300,2024-04,469828.19999999995,0.7
2024-04,PACKAGING & DISPOSABLES,paper bag,Transportation Charge paper bags,140,2024-04,469828.19999999995,0.03
2024-04,RENT & UTILITIES,staff room rent,Staff Room Rent,3600,2024-04,469828.19999999995,0.77
2024-04,SALARIES (MONTHLY PAYMENTS),anas salary,Anas Salary,3500,2024-04,469828.19999999995,35.0
2024-04,SALARIES (MONTHLY PAYMENTS),arjun salary,arun salary,14823,2024-04,469828.19999999995,148.23
2024-04,SALARIES (MONTHLY PAYMENTS),hashim salary,Hashim Salary,6717,2024-04,469828.19999999995,67.17
2024-04,SALARIES (MONTHLY PAYMENTS),marshad salary,Marshad Salary,800,2024-04,469828.19999999995,8.0
2024-04,SALARIES (MONTHLY PAYMENTS),salary,shatru salary APRIL 24,18857,2024-04,469828.19999999995,188.57
2024-04,SALARIES (MONTHLY PAYMENTS),salary,radhakrishnan salary,18000,2024-04,469828.19999999995,180.0
2024-04,SALARIES (MONTHLY PAYMENTS),salary,pashupathy salary,17440,2024-04,469828.19999999995,174.4
2024-04,SALARIES (MONTHLY PAYMENTS),salary,Siyad Salary advance,9400,2024-04,469828.19999999995,94.0
2024-04,SALARIES (MONTHLY PAYMENTS),salary,shatru salary advance,7210,2024-04,469828.19999999995,72.1
2024-04,SALARIES (MONTHLY PAYMENTS),salary,Shibil Salary advance,5500,2024-04,469828.19999999995,55.0
2024-04,SALARIES (MONTHLY PAYMENTS),salary,jishnu salary,4800,2024-04,469828.19999999995,48.0
2024-04,SALARIES (MONTHLY PAYMENTS),salary,arun salary advance,3750,2024-04,469828.19999999995,37.5
2024-04,SALARIES (MONTHLY PAYMENTS),salary,anas salary advance,3500,2024-04,469828.19999999995,35.0
2024-04,SALARIES (MONTHLY PAYMENTS),salary,Hashim Salary advance,2850,2024-04,469828.19999999995,28.5
2024-04,SALARIES (MONTHLY PAYMENTS),salary,asif salary,2600,2024-04,469828.19999999995,26.0
2024-04,SALARIES (MONTHLY PAYMENTS),salary,pashupathi salary advance,2560,2024-04,469828.19999999995,25.6
2024-04,SALARIES (MONTHLY PAYMENTS),salary,rauf salary April,2200,2024-04,469828.19999999995,22.0
2024-04,SALARIES (MONTHLY PAYMENTS),salary,rauf salary advance,2000,2024-04,469828.19999999995,20.0
2024-04,SALARIES (MONTHLY PAYMENTS),salary,Shibil Salary,1100,2024-04,469828.19999999995,11.0
2024-04,SALARIES (MONTHLY PAYMENTS),salary,Ashif Salary,800,2024-04,469828.19999999995,8.0
2024-04,SALARIES (MONTHLY PAYMENTS),salary,hisham salary,800,2024-04,469828.19999999995,8.0
2024-04,SALARIES (MONTHLY PAYMENTS),salary,shefeer salary,800,2024-04,469828.19999999995,8.0
2024-04,SALARIES (MONTHLY PAYMENTS),salary,rauf May 24 salary settlement,700,2024-04,469828.19999999995,7.0
2024-04,SALARIES (MONTHLY PAYMENTS),salary,jishnu 2 days salary,400,2024-04,469828.19999999995,4.0
2024-04,SALARIES (MONTHLY PAYMENTS),salary,pashupathy salary adv,60,2024-04,469828.19999999995,0.6
2024-04,SALARIES (MONTHLY PAYMENTS),shohaib salary,shohaib salary,400,2024-04,469828.19999999995,4.0
2024-04,SALARIES (MONTHLY PAYMENTS),shuaib salary,Shuaib Salary,400,2024-04,469828.19999999995,4.0
2024-04,SALARIES (MONTHLY PAYMENTS),siyad salary,Siyad Salary,133,2024-04,469828.19999999995,1.33
2024-04,STAFF WELFARE & BENEFITS,health card,kitchen staff typhoid vaccination and health card expenses,920,2024-04,469828.19999999995,0.2
2024-04,STAFF WELFARE & BENEFITS,kitchen staff health checkup,kitchen staff medical checkup 2staff,200,2024-04,469828.19999999995,0.04
2024-04,STAFF WELFARE & BENEFITS,staff party,kitchen staff party (Manoj),800,2024-04,469828.19999999995,0.17
2024-04,TRANSPORTATION & AUTO CHARGES,transportation charge,Transportation Charge,30,2024-04,469828.19999999995,0.01
2024-04,UNMAPPED,UNMAPPED,Icecream Box,2634,2024-04,469828.19999999995,0.56
2024-04,UNMAPPED,UNMAPPED,wiping towel 4 pc flipkart,340,2024-04,469828.19999999995,0.07
2024-03,BIKE EXPENSES (ALL VEHICLE RELATED),both bike repair,manoj bike repair,2800,2024-03,331666.85,0.84
2024-03,BIKE EXPENSES (ALL VEHICLE RELATED),both bike repair,discover bike repair,770,2024-03,331666.85,0.23
2024-03,BIKE EXPENSES (ALL VEHICLE RELATED),clutch wire,bike clutch wire,173,2024-03,331666.85,0.05
2024-03,BIKE EXPENSES (ALL VEHICLE RELATED),insurance bike,insurance discover,977,2024-03,331666.85,0.29
2024-03,BIKE EXPENSES (ALL VEHICLE RELATED),insurance bike,Insurance-Passionpro,843,2024-03,331666.85,0.25
2024-03,BIKE EXPENSES (ALL VEHICLE RELATED),passion pro maintenance,pa pro maintanance,100,2024-03,331666.85,0.03
2024-03,BIKE EXPENSES (ALL VEHICLE RELATED),tyre,second hand tyre,1000,2024-03,331666.85,0.3
2024-03,BIKE EXPENSES (ALL VEHICLE RELATED),tyre,bike tyre puncture,130,2024-03,331666.85,0.04
2024-03,CLEANING & WASTE,waste pickup,Waste Pickup,600,2024-03,331666.85,0.18
2024-03,DECORATION & EVENTS,kitchen staff holi,kitchen staff holi,100,2024-03,331666.85,0.03
2024-03,FOOD RAW MATERIAL PURCHASE,boneless chicken,boneless chicken,14206,2024-03,331666.85,4.28
2024-03,FOOD RAW MATERIAL PURCHASE,butter and paneer,Butter Paneer,2010,2024-03,331666.85,0.61
2024-03,FOOD RAW MATERIAL PURCHASE,butter and paneer,Paneer And Butter,1050,2024-03,331666.85,0.32
2024-03,FOOD RAW MATERIAL PURCHASE,egg,egg n veg,60,2024-03,331666.85,0.02
2024-03,FOOD RAW MATERIAL PURCHASE,egg,egg,35,2024-03,331666.85,0.01
2024-03,FOOD RAW MATERIAL PURCHASE,milk,milk egg,763,2024-03,331666.85,0.23
2024-03,FOOD RAW MATERIAL PURCHASE,milk,Milk,224,2024-03,331666.85,0.07
2024-03,FOOD RAW MATERIAL PURCHASE,milk,milk,100,2024-03,331666.85,0.03
2024-03,FOOD RAW MATERIAL PURCHASE,sauce dispenser,sauce dispencer 1 ltr 2pc,476,2024-03,331666.85,0.14
2024-03,FOOD RAW MATERIAL PURCHASE,staff chicken,Staff Chicken,1237,2024-03,331666.85,0.37
2024-03,FOOD RAW MATERIAL PURCHASE,vegetables,vegetable,7028,2024-03,331666.85,2.12
2024-03,GAS & FUEL,generator petrol,Petrol Generator,500,2024-03,331666.85,0.15
2024-03,GAS & FUEL,hp gas,hp gas,11040,2024-03,331666.85,3.33
2024-03,GAS & FUEL,hp gas,Gas HP,1840,2024-03,331666.85,0.55
2024-03,GAS & FUEL,petrol,petrol,5000,2024-03,331666.85,1.51
2024-03,GAS & FUEL,petrol,petrol generator and bike,1500,2024-03,331666.85,0.45
2024-03,GAS & FUEL,petrol,Petrol 2 bikes,1000,2024-03,331666.85,0.3
2024-03,GAS & FUEL,petrol,Petrol Pa pro old and new,500,2024-03,331666.85,0.15
2024-03,"LICENSE, TAX & GOVERNMENT FEES",fssai certificate,frame for FSSAI certificate and loocos ad,860,2024-03,331666.85,0.26
2024-03,LOCAL PURCHASE (MISCELLANEOUS STORE ITEMS),local purchase,Local Purchase,20879,2024-03,331666.85,6.3
2024-03,MAINTENANCE – SHOP & EQUIPMENT,deep freezer technician,chiller technician,350,2024-03,331666.85,0.11
2024-03,MAINTENANCE – SHOP & EQUIPMENT,frame fixing,frame fixing,150,2024-03,331666.85,0.05
2024-03,MAINTENANCE – SHOP & EQUIPMENT,kitchen door work,kitchen electric work,300,2024-03,331666.85,0.09
2024-03,MAINTENANCE – SHOP & EQUIPMENT,led bulb,LED Bulb,160,2024-03,331666.85,0.05
2024-03,MAINTENANCE – SHOP & EQUIPMENT,switch repair,A/C switch changing work,500,2024-03,331666.85,0.15
2024-03,MAINTENANCE – SHOP & EQUIPMENT,water lab testing,water lab testing,1000,2024-03,331666.85,0.3
2024-03,MAINTENANCE – SHOP & EQUIPMENT,water lab testing,water 20 ltr,60,2024-03,331666.85,0.02
2024-03,MISCELLANEOUS / OTHER,donation,Donation,40,2024-03,331666.85,0.01
2024-03,OFFICE & ADMINISTRATION,voucher book,Voucher Book 3 & file folder,237,2024-03,331666.85,0.07
2024-03,RENT & UTILITIES,staff room electric bill,staff room elect.bill,849,2024-03,331666.85,0.26
2024-03,RENT & UTILITIES,staff room rent,Staff Room Rent,3600,2024-03,331666.85,1.09
2024-03,SALARIES (MONTHLY PAYMENTS),anas salary,Anas Salary,3500,2024-03,331666.85,35.0
2024-03,SALARIES (MONTHLY PAYMENTS),arjun salary,arun salary,18533,2024-03,331666.85,185.33
2024-03,SALARIES (MONTHLY PAYMENTS),hashim salary,Hashim Salary,3700,2024-03,331666.85,37.0
2024-03,SALARIES (MONTHLY PAYMENTS),rauf salary,rauf salary,2933,2024-03,331666.85,29.33
2024-03,SALARIES (MONTHLY PAYMENTS),salary,radhakrishnan salary,18000,2024-03,331666.85,180.0
2024-03,SALARIES (MONTHLY PAYMENTS),salary,pashupathy salary,15480,2024-03,331666.85,154.8
2024-03,SALARIES (MONTHLY PAYMENTS),salary,Siyad Salary advance,9750,2024-03,331666.85,97.5
2024-03,SALARIES (MONTHLY PAYMENTS),salary,Shibil Salary,5600,2024-03,331666.85,56.0
2024-03,SALARIES (MONTHLY PAYMENTS),salary,rauf salary advance,5000,2024-03,331666.85,50.0
2024-03,SALARIES (MONTHLY PAYMENTS),salary,pashupathi salary advance,3840,2024-03,331666.85,38.4
2024-03,SALARIES (MONTHLY PAYMENTS),salary,jishnu salary,3600,2024-03,331666.85,36.0
2024-03,SALARIES (MONTHLY PAYMENTS),salary,Shibil Salary advance,3400,2024-03,331666.85,34.0
2024-03,SALARIES (MONTHLY PAYMENTS),salary,anas salary advance,2500,2024-03,331666.85,25.0
2024-03,SALARIES (MONTHLY PAYMENTS),salary,Hashim Salary advance,1200,2024-03,331666.85,12.0
2024-03,SALARIES (MONTHLY PAYMENTS),salary,shatru salary advance,1200,2024-03,331666.85,12.0
2024-03,SALARIES (MONTHLY PAYMENTS),salary,arun salary advance,600,2024-03,331666.85,6.0
2024-03,SALARIES (MONTHLY PAYMENTS),salary,Ashif Salary,400,2024-03,331666.85,4.0
2024-03,SALARIES (MONTHLY PAYMENTS),salary,jishnu 2 days salary,400,2024-03,331666.85,4.0
2024-03,SALARIES (MONTHLY PAYMENTS),salary,shefeer salary,200,2024-03,331666.85,2.0
2024-03,SALARIES (MONTHLY PAYMENTS),shathru salary,shatru salary,25660,2024-03,331666.85,256.6
2024-03,STAFF WELFARE & BENEFITS,medical lab testing,2 kitchen staff medical lab testing charges,500,2024-03,331666.85,0.15
2024-03,STAFF WELFARE & BENEFITS,uniform t shirts,Uniform T shirts,400,2024-03,331666.85,0.12
2024-03,TRANSPORTATION & AUTO CHARGES,rikshaw fare,rikshaw fare  goods from OTP,550,2024-03,331666.85,0.17
2024-03,TRANSPORTATION & AUTO CHARGES,transportation charge,Transportation Charge,80,2024-03,331666.85,0.02
2024-03,TRANSPORTATION & AUTO CHARGES,transportation charge,Transportation Charge eng veg,30,2024-03,331666.85,0.01
2024-03,UNMAPPED,UNMAPPED,Icecream Box,2762,2024-03,331666.85,0.83
2024-03,UNMAPPED,UNMAPPED,wash basin water tap,280,2024-03,331666.85,0.08
2024-02,BIKE EXPENSES (ALL VEHICLE RELATED),bike maintanance,Bike Maintanance,480,2024-02,338566.7,0.14
2024-02,BIKE EXPENSES (ALL VEHICLE RELATED),tube,bike new tube,380,2024-02,338566.7,0.11
2024-02,CLEANING & WASTE,waste pickup,Waste Pickup,450,2024-02,338566.7,0.13
2024-02,FOOD RAW MATERIAL PURCHASE,boneless chicken,boneless chicken,11975,2024-02,338566.7,3.54
2024-02,FOOD RAW MATERIAL PURCHASE,boneless chicken,boneless chicken 16th & 17th,2350,2024-02,338566.7,0.69
2024-02,FOOD RAW MATERIAL PURCHASE,chicken,Chicken,736,2024-02,338566.7,0.22
2024-02,FOOD RAW MATERIAL PURCHASE,grocery,grocery,3272,2024-02,338566.7,0.97
2024-02,FOOD RAW MATERIAL PURCHASE,ice cream,ice cream,1088,2024-02,338566.7,0.32
2024-02,FOOD RAW MATERIAL PURCHASE,ice cube,milk and ice cubes,182,2024-02,338566.7,0.05
2024-02,FOOD RAW MATERIAL PURCHASE,ice cube,Ice-Cube,40,2024-02,338566.7,0.01
2024-02,FOOD RAW MATERIAL PURCHASE,maida,staff rice/ maida,2466,2024-02,338566.7,0.73
2024-02,FOOD RAW MATERIAL PURCHASE,maida,"Transportation Charge(maida ,eng veg)",60,2024-02,338566.7,0.02
2024-02,FOOD RAW MATERIAL PURCHASE,milk,milk egg,601,2024-02,338566.7,0.18
2024-02,FOOD RAW MATERIAL PURCHASE,milk,Milk,112,2024-02,338566.7,0.03
2024-02,FOOD RAW MATERIAL PURCHASE,paneer,Paneer,290,2024-02,338566.7,0.09
2024-02,FOOD RAW MATERIAL PURCHASE,staff chicken,Staff Chicken,1224,2024-02,338566.7,0.36
2024-02,FOOD RAW MATERIAL PURCHASE,staff rice,staff rice 26kg,1144,2024-02,338566.7,0.34
2024-02,FOOD RAW MATERIAL PURCHASE,vegetables,vegetable,10152,2024-02,338566.7,3.0
2024-02,GAS & FUEL,fuel charges,hashim bike fuel charges,70,2024-02,338566.7,0.02
2024-02,GAS & FUEL,hp gas,hp gas,10860,2024-02,338566.7,3.21
2024-02,GAS & FUEL,hp gas,hp gas 2 cylinder,3620,2024-02,338566.7,1.07
2024-02,GAS & FUEL,petrol,petrol,3630,2024-02,338566.7,1.07
2024-02,GAS & FUEL,petrol,Petrol Passion Pro new,550,2024-02,338566.7,0.16
2024-02,GAS & FUEL,petrol,Petrol Discover,500,2024-02,338566.7,0.15
2024-02,GAS & FUEL,petrol,Petrol Pa pro old and new,500,2024-02,338566.7,0.15
2024-02,GAS & FUEL,petrol,Petrol Passion Pro,500,2024-02,338566.7,0.15
2024-02,LOCAL PURCHASE (MISCELLANEOUS STORE ITEMS),local purchase,Local Purchase,16349,2024-02,338566.7,4.83
2024-02,MISCELLANEOUS / OTHER,donation,Donation,20,2024-02,338566.7,0.01
2024-02,PACKAGING & DISPOSABLES,menu distribution,menu card distribution news paper,550,2024-02,338566.7,0.16
2024-02,RENT & UTILITIES,staff room rent,Staff Room Rent,3600,2024-02,338566.7,1.06
2024-02,SALARIES (MONTHLY PAYMENTS),anas salary,Anas Salary,1950,2024-02,338566.7,19.5
2024-02,SALARIES (MONTHLY PAYMENTS),arjun salary,arun salary,15707,2024-02,338566.7,157.07
2024-02,SALARIES (MONTHLY PAYMENTS),hashim salary,Hashim Salary,2983,2024-02,338566.7,29.83
2024-02,SALARIES (MONTHLY PAYMENTS),rauf salary,rauf salary,867,2024-02,338566.7,8.67
2024-02,SALARIES (MONTHLY PAYMENTS),salary,radhakrishnan salary,18000,2024-02,338566.7,180.0
2024-02,SALARIES (MONTHLY PAYMENTS),salary,pashupathy salary,17663,2024-02,338566.7,176.63
2024-02,SALARIES (MONTHLY PAYMENTS),salary,Siyad Salary advance,8883,2024-02,338566.7,88.83
2024-02,SALARIES (MONTHLY PAYMENTS),salary,Shibil Salary,6500,2024-02,338566.7,65.0
2024-02,SALARIES (MONTHLY PAYMENTS),salary,anas salary advance,5450,2024-02,338566.7,54.5
2024-02,SALARIES (MONTHLY PAYMENTS),salary,rauf salary advance,4000,2024-02,338566.7,40.0
2024-02,SALARIES (MONTHLY PAYMENTS),salary,shatru salary advance,3800,2024-02,338566.7,38.0
2024-02,SALARIES (MONTHLY PAYMENTS),salary,arun salary advance,2120,2024-02,338566.7,21.2
2024-02,SALARIES (MONTHLY PAYMENTS),salary,Hashim Salary advance,2000,2024-02,338566.7,20.0
2024-02,SALARIES (MONTHLY PAYMENTS),salary,Shibil Salary advance,1300,2024-02,338566.7,13.0
2024-02,SALARIES (MONTHLY PAYMENTS),salary,Rauf Salary adv,1200,2024-02,338566.7,12.0
2024-02,SALARIES (MONTHLY PAYMENTS),salary,pashupathi salary advance,1190,2024-02,338566.7,11.9
2024-02,SALARIES (MONTHLY PAYMENTS),salary,Ashif Salary,1000,2024-02,338566.7,10.0
2024-02,SALARIES (MONTHLY PAYMENTS),salary,shefeer salary,1000,2024-02,338566.7,10.0
2024-02,SALARIES (MONTHLY PAYMENTS),salary,asif salary,200,2024-02,338566.7,2.0
2024-02,SALARIES (MONTHLY PAYMENTS),salary,shafeer salary,200,2024-02,338566.7,2.0
2024-02,SALARIES (MONTHLY PAYMENTS),salary,shibil Advace Salary,200,2024-02,338566.7,2.0
2024-02,SALARIES (MONTHLY PAYMENTS),salary,Hashim Salary adv,150,2024-02,338566.7,1.5
2024-02,SALARIES (MONTHLY PAYMENTS),salary,Shathru Advance Salary,100,2024-02,338566.7,1.0
2024-02,SALARIES (MONTHLY PAYMENTS),shathru salary,shatru salary,22040,2024-02,338566.7,220.4
2024-02,SALARY ADVANCES & SETTLEMENTS,salary advance,pashupathi sal advance,700,2024-02,338566.7,0.21
2024-02,SALARY ADVANCES & SETTLEMENTS,salary advance,shatru sal advance,270,2024-02,338566.7,0.08
2024-02,STAFF WELFARE & BENEFITS,medical card charges,medical card for shatru & radhakrishnan,660,2024-02,338566.7,0.19
2024-02,TRANSPORTATION & AUTO CHARGES,rikshaw fare,rikshaw fare  goods from OTP,500,2024-02,338566.7,0.15
2024-02,TRANSPORTATION & AUTO CHARGES,transportation charge,Transportation Charge PASSION PRO,350,2024-02,338566.7,0.1
2024-02,TRANSPORTATION & AUTO CHARGES,transportation charge,Transportation Charge eng veg,60,2024-02,338566.7,0.02
2024-02,TRANSPORTATION & AUTO CHARGES,transportation charge,Transportation Charge,30,2024-02,338566.7,0.01
2024-02,TRANSPORTATION & AUTO CHARGES,transportation charge,Transportation Charge (OTP)kheema masala,30,2024-02,338566.7,0.01
2024-02,UNMAPPED,UNMAPPED,sign board revet fixing charges,100,2024-02,338566.7,0.03
2024-01,ADVERTISEMENT & MARKETING,boosting,whats app boosting,399,2024-01,378809.64999999997,0.11
2024-01,ADVERTISEMENT & MARKETING,safa advertising,safa advertising,50,2024-01,378809.64999999997,0.01
2024-01,BIKE EXPENSES (ALL VEHICLE RELATED),discover maintanance,Water Filter Maintanance,50,2024-01,378809.64999999997,0.01
2024-01,CLEANING & WASTE,waste burning drum,waste burning drum & transport,800,2024-01,378809.64999999997,0.21
2024-01,CLEANING & WASTE,waste pickup,Waste Pickup,550,2024-01,378809.64999999997,0.15
2024-01,FOOD RAW MATERIAL PURCHASE,boneless chicken,boneless chicken,14634,2024-01,378809.64999999997,3.86
2024-01,FOOD RAW MATERIAL PURCHASE,butter and paneer,Butter Paneer,1720,2024-01,378809.64999999997,0.45
2024-01,FOOD RAW MATERIAL PURCHASE,butter and paneer,Butter And Paneer,960,2024-01,378809.64999999997,0.25
2024-01,FOOD RAW MATERIAL PURCHASE,chicken,Chicken,2456,2024-01,378809.64999999997,0.65
2024-01,FOOD RAW MATERIAL PURCHASE,grocery,grocery,3586,2024-01,378809.64999999997,0.95
2024-01,FOOD RAW MATERIAL PURCHASE,ice cream,Ice-Cream,3175,2024-01,378809.64999999997,0.84
2024-01,FOOD RAW MATERIAL PURCHASE,ice cube,Ice Cube,40,2024-01,378809.64999999997,0.01
2024-01,FOOD RAW MATERIAL PURCHASE,ice cube,Ice-Cube,40,2024-01,378809.64999999997,0.01
2024-01,FOOD RAW MATERIAL PURCHASE,milk,milk egg,142,2024-01,378809.64999999997,0.04
2024-01,FOOD RAW MATERIAL PURCHASE,milk,Milk,100,2024-01,378809.64999999997,0.03
2024-01,FOOD RAW MATERIAL PURCHASE,mustard oil,mustard oil,160,2024-01,378809.64999999997,0.04
2024-01,FOOD RAW MATERIAL PURCHASE,paneer,Paneer,290,2024-01,378809.64999999997,0.08
2024-01,FOOD RAW MATERIAL PURCHASE,staff chicken,Staff Chicken,1200,2024-01,378809.64999999997,0.32
2024-01,FOOD RAW MATERIAL PURCHASE,tender coconut pulp,"chiku, coconut pulp",1280,2024-01,378809.64999999997,0.34
2024-01,FOOD RAW MATERIAL PURCHASE,vegetables,vegetable,10671,2024-01,378809.64999999997,2.82
2024-01,GAS & FUEL,generator petrol,Petrol Generator,1000,2024-01,378809.64999999997,0.26
2024-01,GAS & FUEL,hp gas,hp gas,14400,2024-01,378809.64999999997,3.8
2024-01,GAS & FUEL,hp gas,Gas HP,1800,2024-01,378809.64999999997,0.48
2024-01,GAS & FUEL,petrol,Petrol Passion Pro,2000,2024-01,378809.64999999997,0.53
2024-01,GAS & FUEL,petrol,petrol,2000,2024-01,378809.64999999997,0.53
2024-01,GAS & FUEL,petrol,Petrol Passion Pro old,1000,2024-01,378809.64999999997,0.26
2024-01,GAS & FUEL,petrol,Petrol Discover,500,2024-01,378809.64999999997,0.13
2024-01,GENERATOR EXPENSES,generator rent,Generator Rent,5500,2024-01,378809.64999999997,1.45
2024-01,GENERATOR EXPENSES,generator repair,generator Repairing Charges,2500,2024-01,378809.64999999997,0.66
2024-01,GENERATOR EXPENSES,generator repair,generator repair balance,2300,2024-01,378809.64999999997,0.61
2024-01,LOCAL PURCHASE (MISCELLANEOUS STORE ITEMS),local purchase,Local Purchase,15469,2024-01,378809.64999999997,4.08
2024-01,LOCAL PURCHASE (MISCELLANEOUS STORE ITEMS),local purchase,local purchase,420,2024-01,378809.64999999997,0.11
2024-01,MAINTENANCE – SHOP & EQUIPMENT,ac service,A/C service,950,2024-01,378809.64999999997,0.25
2024-01,MAINTENANCE – SHOP & EQUIPMENT,oven service,TV repair & service,800,2024-01,378809.64999999997,0.21
2024-01,MISCELLANEOUS / OTHER,donation,Donation,20,2024-01,378809.64999999997,0.01
2024-01,OFFICE & ADMINISTRATION,stationery,stationery,280,2024-01,378809.64999999997,0.07
2024-01,PACKAGING & DISPOSABLES,paper glass,paper glass straw,280,2024-01,378809.64999999997,0.07
2024-01,RENT & UTILITIES,staff room rent,Staff Room Rent,3600,2024-01,378809.64999999997,0.95
2024-01,SALARIES (MONTHLY PAYMENTS),anas salary,Anas Salary,1400,2024-01,378809.64999999997,14.0
2024-01,SALARIES (MONTHLY PAYMENTS),anas salary,Anas Slary,400,2024-01,378809.64999999997,4.0
2024-01,SALARIES (MONTHLY PAYMENTS),hashim salary,Hashim Salary,1233,2024-01,378809.64999999997,12.33
2024-01,SALARIES (MONTHLY PAYMENTS),mahendra salary,Mahendra Salary,15493,2024-01,378809.64999999997,154.93
2024-01,SALARIES (MONTHLY PAYMENTS),rauf salary,rauf salary,933,2024-01,378809.64999999997,9.33
2024-01,SALARIES (MONTHLY PAYMENTS),salary,radhakrishnan salary,18000,2024-01,378809.64999999997,180.0
2024-01,SALARIES (MONTHLY PAYMENTS),salary,pashupathy salary,15657,2024-01,378809.64999999997,156.57
2024-01,SALARIES (MONTHLY PAYMENTS),salary,Siyad Salary advance,9982,2024-01,378809.64999999997,99.82
2024-01,SALARIES (MONTHLY PAYMENTS),salary,ashik salary settlement,7200,2024-01,378809.64999999997,72.0
2024-01,SALARIES (MONTHLY PAYMENTS),salary,Rauf Salary adv,5600,2024-01,378809.64999999997,56.0
2024-01,SALARIES (MONTHLY PAYMENTS),salary,Shibil Salary,5400,2024-01,378809.64999999997,54.0
2024-01,SALARIES (MONTHLY PAYMENTS),salary,Shibil Salary advance,3600,2024-01,378809.64999999997,36.0
2024-01,SALARIES (MONTHLY PAYMENTS),salary,Hashim Salary adv,3000,2024-01,378809.64999999997,30.0
2024-01,SALARIES (MONTHLY PAYMENTS),salary,Hashim Salary advance,3000,2024-01,378809.64999999997,30.0
2024-01,SALARIES (MONTHLY PAYMENTS),salary,shefeer salary,2600,2024-01,378809.64999999997,26.0
2024-01,SALARIES (MONTHLY PAYMENTS),salary,pashupathi salary advance,1050,2024-01,378809.64999999997,10.5
2024-01,SALARIES (MONTHLY PAYMENTS),salary,shatru salary advance,700,2024-01,378809.64999999997,7.0
2024-01,SALARIES (MONTHLY PAYMENTS),salary,Mahendra Salary adv,500,2024-01,378809.64999999997,5.0
2024-01,SALARIES (MONTHLY PAYMENTS),salary,shafeer salary,400,2024-01,378809.64999999997,4.0
2024-01,SALARIES (MONTHLY PAYMENTS),salary,mahendra salary advance,300,2024-01,378809.64999999997,3.0
2024-01,SALARIES (MONTHLY PAYMENTS),salary,Ashif Salary,200,2024-01,378809.64999999997,2.0
2024-01,SALARIES (MONTHLY PAYMENTS),salary,ashik salary advance,200,2024-01,378809.64999999997,2.0
2024-01,SALARIES (MONTHLY PAYMENTS),salary,asif salary,200,2024-01,378809.64999999997,2.0
2024-01,SALARIES (MONTHLY PAYMENTS),shathru salary,shatru salary,20190,2024-01,378809.64999999997,201.9
2024-01,SALARIES (MONTHLY PAYMENTS),siyad salary,Siyad Salary,1068,2024-01,378809.64999999997,10.68
2024-01,SALARY ADVANCES & SETTLEMENTS,salary advance,shatru sal advance,8400,2024-01,378809.64999999997,2.22
2024-01,SALARY ADVANCES & SETTLEMENTS,salary advance,pashupathi sal advance,2300,2024-01,378809.64999999997,0.61
2024-01,STAFF WELFARE & BENEFITS,staff party,kitchen staff party (Manoj),600,2024-01,378809.64999999997,0.16
2024-01,TRANSPORTATION & AUTO CHARGES,auto charge,auto fare cpy- otp-cpy,600,2024-01,378809.64999999997,0.16
2024-01,TRANSPORTATION & AUTO CHARGES,rikshaw fare,rikshaw fare cpy- pkd- cpy,1100,2024-01,378809.64999999997,0.29
2024-01,TRANSPORTATION & AUTO CHARGES,transportation charge,Transportation Charge,60,2024-01,378809.64999999997,0.02
2024-01,UNMAPPED,UNMAPPED,Vegitable,925,2024-01,378809.64999999997,0.24
2024-01,UNMAPPED,UNMAPPED,8 channel fiber SMPS,750,2024-01,378809.64999999997,0.2
2024-01,UNMAPPED,UNMAPPED,raw papaya,100,2024-01,378809.64999999997,0.03
2024-01,UNMAPPED,UNMAPPED,technician deepfreezer,100,2024-01,378809.64999999997,0.03
2023-12,ADVERTISEMENT & MARKETING,notice distribution,Notice Distribution in paper,1500,2023-12,473347.0,0.32
2023-12,ADVERTISEMENT & MARKETING,safa advertising,safa advertising,2030,2023-12,473347.0,0.43
2023-12,BIKE EXPENSES (ALL VEHICLE RELATED),both bike repair,bike repair,30,2023-12,473347.0,0.01
2023-12,CLEANING & WASTE,plastic waste disposal,plastic waste disposal,1000,2023-12,473347.0,0.21
2023-12,CLEANING & WASTE,waste pickup,Waste Pickup,700,2023-12,473347.0,0.15
2023-12,DECORATION & EVENTS,xmas star,xmas star 2 pc,360,2023-12,473347.0,0.08
2023-12,FOOD RAW MATERIAL PURCHASE,bio cover,bio cover,410,2023-12,473347.0,0.09
2023-12,FOOD RAW MATERIAL PURCHASE,boneless chicken,boneless chicken,15892,2023-12,473347.0,3.36
2023-12,FOOD RAW MATERIAL PURCHASE,butter and paneer,Butter Paneer,1340,2023-12,473347.0,0.28
2023-12,FOOD RAW MATERIAL PURCHASE,butter and paneer,Butter And Paneer,1050,2023-12,473347.0,0.22
2023-12,FOOD RAW MATERIAL PURCHASE,butter and paneer,Paneer And Butter,1050,2023-12,473347.0,0.22
2023-12,FOOD RAW MATERIAL PURCHASE,chicken,Chicken,1120,2023-12,473347.0,0.24
2023-12,FOOD RAW MATERIAL PURCHASE,ice cream,Ice-Cream,1088,2023-12,473347.0,0.23
2023-12,FOOD RAW MATERIAL PURCHASE,ice cube,Ice-Cube BIO COVER,900,2023-12,473347.0,0.19
2023-12,FOOD RAW MATERIAL PURCHASE,maida,auto charge maida and loading,80,2023-12,473347.0,0.02
2023-12,FOOD RAW MATERIAL PURCHASE,milk,Local Purchase maida milk egg,4480,2023-12,473347.0,0.95
2023-12,FOOD RAW MATERIAL PURCHASE,milk,milk egg,557,2023-12,473347.0,0.12
2023-12,FOOD RAW MATERIAL PURCHASE,milk,Milk,100,2023-12,473347.0,0.02
2023-12,FOOD RAW MATERIAL PURCHASE,staff chicken,Staff Chicken,1202,2023-12,473347.0,0.25
2023-12,FOOD RAW MATERIAL PURCHASE,vegetables,vegetable,14496,2023-12,473347.0,3.06
2023-12,GAS & FUEL,generator petrol,Petrol Generator,500,2023-12,473347.0,0.11
2023-12,GAS & FUEL,hp gas,hp gas,12880,2023-12,473347.0,2.72
2023-12,GAS & FUEL,hp gas,Gas HP,1840,2023-12,473347.0,0.39
2023-12,GAS & FUEL,hp gas,GAS,1800,2023-12,473347.0,0.38
2023-12,GAS & FUEL,petrol,Petrol,3850,2023-12,473347.0,0.81
2023-12,GAS & FUEL,petrol,petrol,1500,2023-12,473347.0,0.32
2023-12,GAS & FUEL,petrol,Petrol Pa pro old and new,1000,2023-12,473347.0,0.21
2023-12,GAS & FUEL,petrol,Petrol 2 bikes,700,2023-12,473347.0,0.15
2023-12,GAS & FUEL,petrol,Petrol Passion Pro,500,2023-12,473347.0,0.11
2023-12,GAS & FUEL,petrol,Petrol Passion Pro new,500,2023-12,473347.0,0.11
2023-12,GENERATOR EXPENSES,generator plug,generator plug 2 pc,335,2023-12,473347.0,0.07
2023-12,LOCAL PURCHASE (MISCELLANEOUS STORE ITEMS),local purchase,Local Purchase,19457,2023-12,473347.0,4.11
2023-12,MAINTENANCE – SHOP & EQUIPMENT,chiller repair,chiller repair,2550,2023-12,473347.0,0.54
2023-12,MAINTENANCE – SHOP & EQUIPMENT,led bulb,led bulb  2pc,250,2023-12,473347.0,0.05
2023-12,MAINTENANCE – SHOP & EQUIPMENT,water tank cleaning,WATER TANK CLEANING,400,2023-12,473347.0,0.08
2023-12,MISCELLANEOUS / OTHER,donation,Donation,20,2023-12,473347.0,0.0
2023-12,OFFICE & ADMINISTRATION,pen drive,pen drive,280,2023-12,473347.0,0.06
2023-12,OFFICE & ADMINISTRATION,voucher book,Voucher Book 3,186,2023-12,473347.0,0.04
2023-12,PACKAGING & DISPOSABLES,paper bag,Transportation Charge eng veg paper bags,80,2023-12,473347.0,0.02
2023-12,PACKAGING & DISPOSABLES,paper roll,hose pipe 1 roll,626,2023-12,473347.0,0.13
2023-12,PACKAGING & DISPOSABLES,wooden fork,wodden fork 4 pkt,400,2023-12,473347.0,0.08
2023-12,RENT & UTILITIES,staff room rent,Staff Room Rent,3600,2023-12,473347.0,0.76
2023-12,SALARIES (MONTHLY PAYMENTS),anas salary,Anas Salary,2800,2023-12,473347.0,28.0
2023-12,SALARIES (MONTHLY PAYMENTS),anas salary,Anas Slary,200,2023-12,473347.0,2.0
2023-12,SALARIES (MONTHLY PAYMENTS),hashim salary,Hashim Salary,4700,2023-12,473347.0,47.0
2023-12,SALARIES (MONTHLY PAYMENTS),mahendra salary,Mahendra Salary,17073,2023-12,473347.0,170.73
2023-12,SALARIES (MONTHLY PAYMENTS),rauf salary,rauf salary,633,2023-12,473347.0,6.33
2023-12,SALARIES (MONTHLY PAYMENTS),salary,radhakrishnan salary,18000,2023-12,473347.0,180.0
2023-12,SALARIES (MONTHLY PAYMENTS),salary,pashupathy salary,16813,2023-12,473347.0,168.13
2023-12,SALARIES (MONTHLY PAYMENTS),salary,Siyad Salary advance,8680,2023-12,473347.0,86.8
2023-12,SALARIES (MONTHLY PAYMENTS),salary,Shibil Salary advance,7000,2023-12,473347.0,70.0
2023-12,SALARIES (MONTHLY PAYMENTS),salary,Rauf Salary adv,6600,2023-12,473347.0,66.0
2023-12,SALARIES (MONTHLY PAYMENTS),salary,ashik salary,5600,2023-12,473347.0,56.0
2023-12,SALARIES (MONTHLY PAYMENTS),salary,ashif salary adance,2500,2023-12,473347.0,25.0
2023-12,SALARIES (MONTHLY PAYMENTS),salary,Hashim Salary adv,1700,2023-12,473347.0,17.0
2023-12,SALARIES (MONTHLY PAYMENTS),salary,Shathru Advance Salary,1000,2023-12,473347.0,10.0
2023-12,SALARIES (MONTHLY PAYMENTS),salary,pashupathy salary adv,1000,2023-12,473347.0,10.0
2023-12,SALARIES (MONTHLY PAYMENTS),salary,shefeer salary,1000,2023-12,473347.0,10.0
2023-12,SALARIES (MONTHLY PAYMENTS),salary,Ashik Advance Salary,700,2023-12,473347.0,7.0
2023-12,SALARIES (MONTHLY PAYMENTS),salary,asdhif salary,200,2023-12,473347.0,2.0
2023-12,SALARIES (MONTHLY PAYMENTS),shathru salary,shatru salary,20380,2023-12,473347.0,203.8
2023-12,SALARIES (MONTHLY PAYMENTS),siyad salary,Siyad Salary,7,2023-12,473347.0,0.07
2023-12,SALARY ADVANCES & SETTLEMENTS,salary advance,shatru sal advance,1200,2023-12,473347.0,0.25
2023-12,SALARY ADVANCES & SETTLEMENTS,salary advance,pashupathi sal advance,1000,2023-12,473347.0,0.21
2023-12,STAFF WELFARE & BENEFITS,kitchen staff party,rakesh kitchen staff from otp adv,1000,2023-12,473347.0,0.21
2023-12,STAFF WELFARE & BENEFITS,staff uniform,staff uniform,1845,2023-12,473347.0,0.39
2023-12,TRANSPORTATION & AUTO CHARGES,auto charge,auto fare generator palakkad,1150,2023-12,473347.0,0.24
2023-12,TRANSPORTATION & AUTO CHARGES,auto charge,auto charge,1100,2023-12,473347.0,0.23
2023-12,TRANSPORTATION & AUTO CHARGES,auto charge,auto charge koonathil goods,700,2023-12,473347.0,0.15
2023-12,TRANSPORTATION & AUTO CHARGES,auto charge,auto charge goods from otp,550,2023-12,473347.0,0.12
2023-12,TRANSPORTATION & AUTO CHARGES,chef bus fare,chef bus charge ottappalam,50,2023-12,473347.0,0.01
2023-12,TRANSPORTATION & AUTO CHARGES,staff bus fare,staff bus fare,100,2023-12,473347.0,0.02
2023-12,UNMAPPED,UNMAPPED,hungritos french fry 3 box,5250,2023-12,473347.0,1.11
2023-12,UNMAPPED,UNMAPPED,Essar Associates,1650,2023-12,473347.0,0.35
2023-12,UNMAPPED,UNMAPPED,pepsi 250ml pet,525,2023-12,473347.0,0.11
2023-12,UNMAPPED,UNMAPPED,20 ltr water with deposit,260,2023-12,473347.0,0.05
2023-12,UNMAPPED,UNMAPPED,water 20 ltr with deposit,260,2023-12,473347.0,0.05
2023-12,UNMAPPED,UNMAPPED,20 ltr water,60,2023-12,473347.0,0.01
2023-11,ADVERTISEMENT & MARKETING,flex printing,flex printing anniversary,1375,2023-11,405453.35,0.34
2023-11,BIKE EXPENSES (ALL VEHICLE RELATED),both bike repair,bike repair pa pro new,180,2023-11,405453.35,0.04
2023-11,BIKE EXPENSES (ALL VEHICLE RELATED),both bike repair,both bike repair,160,2023-11,405453.35,0.04
2023-11,BIKE EXPENSES (ALL VEHICLE RELATED),clutch wire,fuse wire,20,2023-11,405453.35,0.0
2023-11,CLEANING & WASTE,glass wiper,glass wiper,60,2023-11,405453.35,0.01
2023-11,CLEANING & WASTE,waste pickup,Waste Pickup,1150,2023-11,405453.35,0.28
2023-11,DECORATION & EVENTS,balloon decoration,baloon Decoration,2200,2023-11,405453.35,0.54
2023-11,DECORATION & EVENTS,deewali pooja,deewali pooja /ladoo,75,2023-11,405453.35,0.02
2023-11,FOOD RAW MATERIAL PURCHASE,bio cover,bio cover,1450,2023-11,405453.35,0.36
2023-11,FOOD RAW MATERIAL PURCHASE,boneless chicken,boneless chicken,16698,2023-11,405453.35,4.12
2023-11,FOOD RAW MATERIAL PURCHASE,butter,Butter,1140,2023-11,405453.35,0.28
2023-11,FOOD RAW MATERIAL PURCHASE,butter and paneer,Butter Paneer,1340,2023-11,405453.35,0.33
2023-11,FOOD RAW MATERIAL PURCHASE,chicken,bonelesschicken,984,2023-11,405453.35,0.24
2023-11,FOOD RAW MATERIAL PURCHASE,grocery,grocery,58,2023-11,405453.35,0.01
2023-11,FOOD RAW MATERIAL PURCHASE,ice cube,Ice Cube,80,2023-11,405453.35,0.02
2023-11,FOOD RAW MATERIAL PURCHASE,milk,milk egg,140,2023-11,405453.35,0.03
2023-11,FOOD RAW MATERIAL PURCHASE,milk,Milk,100,2023-11,405453.35,0.02
2023-11,FOOD RAW MATERIAL PURCHASE,paneer,Paneer,870,2023-11,405453.35,0.21
2023-11,FOOD RAW MATERIAL PURCHASE,staff chicken,Staff Chicken,1489,2023-11,405453.35,0.37
2023-11,FOOD RAW MATERIAL PURCHASE,vegetables,vegetable,13304,2023-11,405453.35,3.28
2023-11,GAS & FUEL,generator petrol,Petrol Generator,500,2023-11,405453.35,0.12
2023-11,GAS & FUEL,hp gas,hp gas,12940,2023-11,405453.35,3.19
2023-11,GAS & FUEL,petrol,Petrol,4650,2023-11,405453.35,1.15
2023-11,GAS & FUEL,petrol,Petrol Passion Pro old,1500,2023-11,405453.35,0.37
2023-11,GAS & FUEL,petrol,Petrol Passion Pro,500,2023-11,405453.35,0.12
2023-11,GAS & FUEL,petrol,petrol discover,500,2023-11,405453.35,0.12
2023-11,GENERATOR EXPENSES,generator repair,generator Repairing Charges,2700,2023-11,405453.35,0.67
2023-11,GENERATOR EXPENSES,generator technician charges,generator technician,200,2023-11,405453.35,0.05
2023-11,LOCAL PURCHASE (MISCELLANEOUS STORE ITEMS),local purchase,Local Purchase,20461,2023-11,405453.35,5.05
2023-11,MAINTENANCE – SHOP & EQUIPMENT,cctv maintenance,CCTV Maintenance work amount reimbursed to Arjun,780,2023-11,405453.35,0.19
2023-11,MAINTENANCE – SHOP & EQUIPMENT,shutter paint,spray paint,150,2023-11,405453.35,0.04
2023-11,MAINTENANCE – SHOP & EQUIPMENT,weighing machine repair,weighing machine repair,180,2023-11,405453.35,0.04
2023-11,MISCELLANEOUS / OTHER,donation,Donation,80,2023-11,405453.35,0.02
2023-11,MISCELLANEOUS / OTHER,ladder rent,ladder rent,100,2023-11,405453.35,0.02
2023-11,OFFICE & ADMINISTRATION,stationery,stationery,232,2023-11,405453.35,0.06
2023-11,PACKAGING & DISPOSABLES,cling film,cling film,167,2023-11,405453.35,0.04
2023-11,RENT & UTILITIES,rent,Generator Rent 3days,2000,2023-11,405453.35,0.49
2023-11,RENT & UTILITIES,room rent,Room Rent,3600,2023-11,405453.35,0.89
2023-11,SALARIES (MONTHLY PAYMENTS),anas salary,Anas Salary,600,2023-11,405453.35,6.0
2023-11,SALARIES (MONTHLY PAYMENTS),anas salary,Anas Slary,200,2023-11,405453.35,2.0
2023-11,SALARIES (MONTHLY PAYMENTS),hashim salary,Hashim Salary,4300,2023-11,405453.35,43.0
2023-11,SALARIES (MONTHLY PAYMENTS),mahendra salary,Mahendra Salary,14080,2023-11,405453.35,140.8
2023-11,SALARIES (MONTHLY PAYMENTS),rauf salary,rauf salary,33,2023-11,405453.35,0.33
2023-11,SALARIES (MONTHLY PAYMENTS),salary,radhakrishnan salary,18000,2023-11,405453.35,180.0
2023-11,SALARIES (MONTHLY PAYMENTS),salary,Siyad Salary advance,9730,2023-11,405453.35,97.3
2023-11,SALARIES (MONTHLY PAYMENTS),salary,pashupathy salary,9000,2023-11,405453.35,90.0
2023-11,SALARIES (MONTHLY PAYMENTS),salary,passhupathy salary,8167,2023-11,405453.35,81.67
2023-11,SALARIES (MONTHLY PAYMENTS),salary,ashik salary,7000,2023-11,405453.35,70.0
2023-11,SALARIES (MONTHLY PAYMENTS),salary,Mahendra Salary adv,5600,2023-11,405453.35,56.0
2023-11,SALARIES (MONTHLY PAYMENTS),salary,Rauf Salary adv,5100,2023-11,405453.35,51.0
2023-11,SALARIES (MONTHLY PAYMENTS),salary,Shibil Salary,4800,2023-11,405453.35,48.0
2023-11,SALARIES (MONTHLY PAYMENTS),salary,Ashik Advance Salary,2500,2023-11,405453.35,25.0
2023-11,SALARIES (MONTHLY PAYMENTS),salary,shibil Advace Salary,2400,2023-11,405453.35,24.0
2023-11,SALARIES (MONTHLY PAYMENTS),salary,Hashim Salary adv,1900,2023-11,405453.35,19.0
2023-11,SALARIES (MONTHLY PAYMENTS),salary,shefeer salary,600,2023-11,405453.35,6.0
2023-11,SALARIES (MONTHLY PAYMENTS),salary,ashif salary adance,300,2023-11,405453.35,3.0
2023-11,SALARIES (MONTHLY PAYMENTS),shathru salary,shatru salary,11933,2023-11,405453.35,119.33
2023-11,SALARY ADVANCES & SETTLEMENTS,salary advance,shatru sal advance,11100,2023-11,405453.35,2.74
2023-11,SALARY ADVANCES & SETTLEMENTS,salary advance,pashupathi sal advance,1000,2023-11,405453.35,0.25
2023-11,STAFF WELFARE & BENEFITS,staff food,Staff Food,2525,2023-11,405453.35,0.62
2023-11,TRANSPORTATION & AUTO CHARGES,auto charge,auto charge cpy-pgt-cpy generator,1300,2023-11,405453.35,0.32
2023-11,TRANSPORTATION & AUTO CHARGES,auto charge,auto charge goods from otp,550,2023-11,405453.35,0.14
2023-11,TRANSPORTATION & AUTO CHARGES,auto charge,auto charge,500,2023-11,405453.35,0.12
2023-11,TRANSPORTATION & AUTO CHARGES,transportation charge,Transportation Charge,240,2023-11,405453.35,0.06
2023-11,UNMAPPED,UNMAPPED,curtian work amount reimbursed to Arjun,8000,2023-11,405453.35,1.97
2023-11,UNMAPPED,UNMAPPED,bright electricals,621,2023-11,405453.35,0.15
2023-11,UNMAPPED,UNMAPPED,mosquito bat,295,2023-11,405453.35,0.07
2023-11,UNMAPPED,UNMAPPED,Vegitable,159,2023-11,405453.35,0.04
2023-11,UNMAPPED,UNMAPPED,lock and key 2pc,116,2023-11,405453.35,0.03
2023-11,UNMAPPED,UNMAPPED,raw papaya,100,2023-11,405453.35,0.02
2023-11,UNMAPPED,UNMAPPED,A3 print,50,2023-11,405453.35,0.01
2023-10,ADVERTISEMENT & MARKETING,advertisement,"to ARJUN(BIKE,advertisement,oven maint. etc",19199,2023-10,427381.25,4.49
2023-10,ADVERTISEMENT & MARKETING,google review card,google review card,60,2023-10,427381.25,0.01
2023-10,BIKE EXPENSES (ALL VEHICLE RELATED),tyre,tyre passion pro,700,2023-10,427381.25,0.16
2023-10,BIKE EXPENSES (ALL VEHICLE RELATED),tyre,new tube and tyre fixing charges,350,2023-10,427381.25,0.08
2023-10,CLEANING & WASTE,floor cleaner,FLOOR cleaner/hand wash,400,2023-10,427381.25,0.09
2023-10,CLEANING & WASTE,glass wiper,glass film sticker work,4250,2023-10,427381.25,0.99
2023-10,CLEANING & WASTE,waste pickup,Waste Pickup,1200,2023-10,427381.25,0.28
2023-10,DECORATION & EVENTS,pooja expenses,pooja expences,250,2023-10,427381.25,0.06
2023-10,FOOD RAW MATERIAL PURCHASE,bio cover,bio cover,1470,2023-10,427381.25,0.34
2023-10,FOOD RAW MATERIAL PURCHASE,butter and paneer,Paneer And Butter,1340,2023-10,427381.25,0.31
2023-10,FOOD RAW MATERIAL PURCHASE,butter and paneer,Butter And Paneer,960,2023-10,427381.25,0.22
2023-10,FOOD RAW MATERIAL PURCHASE,chicken,bonelesschicken,8738,2023-10,427381.25,2.04
2023-10,FOOD RAW MATERIAL PURCHASE,chicken,Chicken,4562,2023-10,427381.25,1.07
2023-10,FOOD RAW MATERIAL PURCHASE,chicken,bonelesschicken  4kg@260,1040,2023-10,427381.25,0.24
2023-10,FOOD RAW MATERIAL PURCHASE,chicken,bonelesschicken 2.1KG@270/-,567,2023-10,427381.25,0.13
2023-10,FOOD RAW MATERIAL PURCHASE,cooking oil,cooking oil,850,2023-10,427381.25,0.2
2023-10,FOOD RAW MATERIAL PURCHASE,disposable glass,disposible glass,70,2023-10,427381.25,0.02
2023-10,FOOD RAW MATERIAL PURCHASE,ice cream,Ice Cream,1543,2023-10,427381.25,0.36
2023-10,FOOD RAW MATERIAL PURCHASE,ice cream,Ice-Cream,1088,2023-10,427381.25,0.25
2023-10,FOOD RAW MATERIAL PURCHASE,maida,"surabi maida, staff rice",3160,2023-10,427381.25,0.74
2023-10,FOOD RAW MATERIAL PURCHASE,maida,maida,2120,2023-10,427381.25,0.5
2023-10,FOOD RAW MATERIAL PURCHASE,maida,surabi maida,2120,2023-10,427381.25,0.5
2023-10,FOOD RAW MATERIAL PURCHASE,milk,milk egg,111,2023-10,427381.25,0.03
2023-10,FOOD RAW MATERIAL PURCHASE,staff chicken,Staff Chicken,1209,2023-10,427381.25,0.28
2023-10,FOOD RAW MATERIAL PURCHASE,tender coconut pulp,pulp chikoo tender coconut,1240,2023-10,427381.25,0.29
2023-10,FOOD RAW MATERIAL PURCHASE,tissue,Tissue,180,2023-10,427381.25,0.04
2023-10,FOOD RAW MATERIAL PURCHASE,vegetables,vegetable,10777,2023-10,427381.25,2.52
2023-10,GAS & FUEL,diesel,diesel to burn plastic waste,200,2023-10,427381.25,0.05
2023-10,GAS & FUEL,generator petrol,Petrol Generator,500,2023-10,427381.25,0.12
2023-10,GAS & FUEL,hp gas,hp gas,8850,2023-10,427381.25,2.07
2023-10,GAS & FUEL,hp gas,Gas HP,7080,2023-10,427381.25,1.66
2023-10,GAS & FUEL,petrol,Petrol Passion Pro,2500,2023-10,427381.25,0.58
2023-10,GAS & FUEL,petrol,Petrol Passion Pro new,1500,2023-10,427381.25,0.35
2023-10,GAS & FUEL,petrol,Petrol,1000,2023-10,427381.25,0.23
2023-10,GAS & FUEL,petrol,Petrol Passion Pro old,1000,2023-10,427381.25,0.23
2023-10,GAS & FUEL,petrol,Discover Petrol,500,2023-10,427381.25,0.12
2023-10,LOCAL PURCHASE (MISCELLANEOUS STORE ITEMS),local purchase,Local Purchase,15735,2023-10,427381.25,3.68
2023-10,MISCELLANEOUS / OTHER,donation,Donation,50,2023-10,427381.25,0.01
2023-10,MISCELLANEOUS / OTHER,ladder rent,ladder rent,50,2023-10,427381.25,0.01
2023-10,OFFICE & ADMINISTRATION,sound box repair,passion pro old repair,300,2023-10,427381.25,0.07
2023-10,PACKAGING & DISPOSABLES,butter paper,Butter Paper,140,2023-10,427381.25,0.03
2023-10,PACKAGING & DISPOSABLES,butter paper,BUTTER PAPER,105,2023-10,427381.25,0.02
2023-10,RENT & UTILITIES,electrical bill,Electrical bill,550,2023-10,427381.25,0.13
2023-10,RENT & UTILITIES,staff room rent,Staff Room Rent,3600,2023-10,427381.25,0.84
2023-10,SALARIES (MONTHLY PAYMENTS),anas salary,Anas Salary,2400,2023-10,427381.25,24.0
2023-10,SALARIES (MONTHLY PAYMENTS),mahendra salary,Mahendra Salary,500,2023-10,427381.25,5.0
2023-10,SALARIES (MONTHLY PAYMENTS),mahendra salary,mahendra cleaning work,200,2023-10,427381.25,2.0
2023-10,SALARIES (MONTHLY PAYMENTS),salary,FOR SALARY,13980,2023-10,427381.25,139.8
2023-10,SALARIES (MONTHLY PAYMENTS),salary,Shathru Advance Salary,6700,2023-10,427381.25,67.0
2023-10,SALARIES (MONTHLY PAYMENTS),salary,Rauf Salary adv,6200,2023-10,427381.25,62.0
2023-10,SALARIES (MONTHLY PAYMENTS),salary,Siyad Salary advance,2580,2023-10,427381.25,25.8
2023-10,SALARIES (MONTHLY PAYMENTS),salary,Ashik Advance Salary,1650,2023-10,427381.25,16.5
2023-10,SALARIES (MONTHLY PAYMENTS),salary,Hashim Salary adv,1500,2023-10,427381.25,15.0
2023-10,SALARIES (MONTHLY PAYMENTS),salary,Mahendra Salary adv,1300,2023-10,427381.25,13.0
2023-10,SALARIES (MONTHLY PAYMENTS),salary,shibil Advace Salary,1150,2023-10,427381.25,11.5
2023-10,SALARIES (MONTHLY PAYMENTS),salary,shefeer salary,1000,2023-10,427381.25,10.0
2023-10,SALARIES (MONTHLY PAYMENTS),salary,pashupathy salary adv,600,2023-10,427381.25,6.0
2023-10,SALARIES (MONTHLY PAYMENTS),siyad salary,Siyad Salary,100,2023-10,427381.25,1.0
2023-10,SALARY ADVANCES & SETTLEMENTS,amount taken for salary,amount taken for salary,6964,2023-10,427381.25,1.63
2023-10,SALARY ADVANCES & SETTLEMENTS,salary advance,pashupathi sal advance,1000,2023-10,427381.25,0.23
2023-10,STAFF WELFARE & BENEFITS,medical expenses,shibil accident expenses,1500,2023-10,427381.25,0.35
2023-10,TRANSPORTATION & AUTO CHARGES,transportation charge,Transportation Charge,240,2023-10,427381.25,0.06
2023-10,TRANSPORTATION & AUTO CHARGES,transportation charge,Transportation Charge isha veg,30,2023-10,427381.25,0.01
2023-10,UNMAPPED,UNMAPPED,painting meterials/LED fittings/whatsapp marketing,8340,2023-10,427381.25,1.95
2023-10,UNMAPPED,UNMAPPED,pepsi essar associates,1350,2023-10,427381.25,0.32
2023-10,UNMAPPED,UNMAPPED,Icecream Box,1088,2023-10,427381.25,0.25
2023-10,UNMAPPED,UNMAPPED,7up 750ml pet 1case,800,2023-10,427381.25,0.19
2023-10,UNMAPPED,UNMAPPED,Vegitable,523,2023-10,427381.25,0.12
2023-10,UNMAPPED,UNMAPPED,high stool welding charges,200,2023-10,427381.25,0.05
2023-10,UNMAPPED,UNMAPPED,electric wire 10mtr,90,2023-10,427381.25,0.02
2023-10,UNMAPPED,UNMAPPED,lader fund,80,2023-10,427381.25,0.02
2023-10,UNMAPPED,UNMAPPED,tester,30,2023-10,427381.25,0.01
2023-09,ADVERTISEMENT & MARKETING,notice advertisement,Notice Advertisement,1500,2023-09,441300.64999999997,0.34
2023-09,BIKE EXPENSES (ALL VEHICLE RELATED),bike maintanance,Bike Maintanance,100,2023-09,441300.64999999997,0.02
2023-09,BIKE EXPENSES (ALL VEHICLE RELATED),discover maintanance,Discover Maintanance,800,2023-09,441300.64999999997,0.18
2023-09,BIKE EXPENSES (ALL VEHICLE RELATED),duplicate key,duplicate key passion pro,200,2023-09,441300.64999999997,0.05
2023-09,BIKE EXPENSES (ALL VEHICLE RELATED),helmet,helmet 2pc,900,2023-09,441300.64999999997,0.2
2023-09,BIKE EXPENSES (ALL VEHICLE RELATED),insurance bike,Insurance-Passionpro new,1200,2023-09,441300.64999999997,0.27
2023-09,BIKE EXPENSES (ALL VEHICLE RELATED),passion pro maintenance,passion pro new repair charges,2350,2023-09,441300.64999999997,0.53
2023-09,BIKE EXPENSES (ALL VEHICLE RELATED),passion pro maintenance,bike puncture making passion pro,130,2023-09,441300.64999999997,0.03
2023-09,BIKE EXPENSES (ALL VEHICLE RELATED),pollution test,Pollution Test - Passion pro new,80,2023-09,441300.64999999997,0.02
2023-09,CLEANING & WASTE,waste pickup,Waste Pickup,1200,2023-09,441300.64999999997,0.27
2023-09,CLEANING & WASTE,waste pickup,waste,100,2023-09,441300.64999999997,0.02
2023-09,FOOD RAW MATERIAL PURCHASE,bio cover,bio cover,660,2023-09,441300.64999999997,0.15
2023-09,FOOD RAW MATERIAL PURCHASE,butter and paneer,Paneer And Butter,1340,2023-09,441300.64999999997,0.3
2023-09,FOOD RAW MATERIAL PURCHASE,corn meal,Corn Meal,168,2023-09,441300.64999999997,0.04
2023-09,FOOD RAW MATERIAL PURCHASE,dry yeast,yeast dry,534,2023-09,441300.64999999997,0.12
2023-09,FOOD RAW MATERIAL PURCHASE,maida,surabi maida,6255,2023-09,441300.64999999997,1.42
2023-09,FOOD RAW MATERIAL PURCHASE,mutton,Mutton,300,2023-09,441300.64999999997,0.07
2023-09,FOOD RAW MATERIAL PURCHASE,paneer,Paneer cheruthuruthy bill issue,2680,2023-09,441300.64999999997,0.61
2023-09,FOOD RAW MATERIAL PURCHASE,salted peanuts,salted peanuts,135,2023-09,441300.64999999997,0.03
2023-09,FOOD RAW MATERIAL PURCHASE,staff chicken,Staff Chicken,1070,2023-09,441300.64999999997,0.24
2023-09,FOOD RAW MATERIAL PURCHASE,vegetables,vegetable,8628,2023-09,441300.64999999997,1.96
2023-09,GAS & FUEL,fuel charges,fuel passion pro new,500,2023-09,441300.64999999997,0.11
2023-09,GAS & FUEL,fuel charges,hashim bike fuel charges,20,2023-09,441300.64999999997,0.0
2023-09,GAS & FUEL,generator petrol,Generator Petrol,1000,2023-09,441300.64999999997,0.23
2023-09,GAS & FUEL,hp gas,Gas HP,14290,2023-09,441300.64999999997,3.24
2023-09,GAS & FUEL,petrol,Petrol Passion Pro,5450,2023-09,441300.64999999997,1.23
2023-09,GAS & FUEL,petrol,Petrol Discover,2000,2023-09,441300.64999999997,0.45
2023-09,GAS & FUEL,petrol,Petrol,500,2023-09,441300.64999999997,0.11
2023-09,GAS & FUEL,petrol,Petrol Passion Pro new,500,2023-09,441300.64999999997,0.11
2023-09,LOCAL PURCHASE (MISCELLANEOUS STORE ITEMS),local purchase,Local Purchase,16218,2023-09,441300.64999999997,3.68
2023-09,MAINTENANCE – SHOP & EQUIPMENT,kitchen door work,kitchen door work,5600,2023-09,441300.64999999997,1.27
2023-09,MAINTENANCE – SHOP & EQUIPMENT,mixer jar repair,nixer grinder repair,100,2023-09,441300.64999999997,0.02
2023-09,MISCELLANEOUS / OTHER,donation,Donation,90,2023-09,441300.64999999997,0.02
2023-09,OFFICE & ADMINISTRATION,exercise book,exercise book 2,70,2023-09,441300.64999999997,0.02
2023-09,OFFICE & ADMINISTRATION,sound box repair,passion pro old repair,800,2023-09,441300.64999999997,0.18
2023-09,OFFICE & ADMINISTRATION,voucher book,Voucher Book,120,2023-09,441300.64999999997,0.03
2023-09,PARTNER & CAPITAL TRANSACTIONS,bank deposit,Bank Deposit,50000,2023-09,441300.64999999997,11.33
2023-09,PARTNER & CAPITAL TRANSACTIONS,cash missing,Cash missing,554,2023-09,441300.64999999997,0.13
2023-09,RENT & UTILITIES,room rent,Room Rent,3600,2023-09,441300.64999999997,0.82
2023-09,SALARIES (MONTHLY PAYMENTS),anas salary,Anas Salary,3600,2023-09,441300.64999999997,36.0
2023-09,SALARIES (MONTHLY PAYMENTS),mahendra salary,Mahendra Salary,500,2023-09,441300.64999999997,5.0
2023-09,SALARIES (MONTHLY PAYMENTS),rauf salary,Rauf Salary,5000,2023-09,441300.64999999997,50.0
2023-09,SALARIES (MONTHLY PAYMENTS),salary,Mahendra Salary adv,5200,2023-09,441300.64999999997,52.0
2023-09,SALARIES (MONTHLY PAYMENTS),salary,shibil Advace Salary,5000,2023-09,441300.64999999997,50.0
2023-09,SALARIES (MONTHLY PAYMENTS),salary,Hashim Salary adv,4000,2023-09,441300.64999999997,40.0
2023-09,SALARIES (MONTHLY PAYMENTS),salary,Ashik Advance Salary,2600,2023-09,441300.64999999997,26.0
2023-09,SALARIES (MONTHLY PAYMENTS),salary,Siyad Salary advance,2060,2023-09,441300.64999999997,20.6
2023-09,SALARIES (MONTHLY PAYMENTS),salary,nahendra salary adance,1000,2023-09,441300.64999999997,10.0
2023-09,SALARIES (MONTHLY PAYMENTS),salary,salary adance ANAS,1000,2023-09,441300.64999999997,10.0
2023-09,SALARIES (MONTHLY PAYMENTS),salary,Shathru Advance Salary,900,2023-09,441300.64999999997,9.0
2023-09,SALARIES (MONTHLY PAYMENTS),salary,Ashif Salary,700,2023-09,441300.64999999997,7.0
2023-09,SALARIES (MONTHLY PAYMENTS),salary,shafeer salary,600,2023-09,441300.64999999997,6.0
2023-09,SALARIES (MONTHLY PAYMENTS),salary,Rauf Salary adv,500,2023-09,441300.64999999997,5.0
2023-09,SALARIES (MONTHLY PAYMENTS),salary,pashupathy salary adv,400,2023-09,441300.64999999997,4.0
2023-09,SALARIES (MONTHLY PAYMENTS),salary,salary advance satru,300,2023-09,441300.64999999997,3.0
2023-09,SALARIES (MONTHLY PAYMENTS),siyad salary,Siyad Salary,7000,2023-09,441300.64999999997,70.0
2023-09,STAFF WELFARE & BENEFITS,staff party,Staff Party,1000,2023-09,441300.64999999997,0.23
2023-09,STAFF WELFARE & BENEFITS,uniform shirts,Uniform shirts,1030,2023-09,441300.64999999997,0.23
2023-09,TRANSPORTATION & AUTO CHARGES,bus transportation,Bus Transportation,50,2023-09,441300.64999999997,0.01
2023-09,TRANSPORTATION & AUTO CHARGES,transportation charge,Transportation Charge GOODS FROM OTP,550,2023-09,441300.64999999997,0.12
2023-09,TRANSPORTATION & AUTO CHARGES,transportation charge,Transportation Charge,200,2023-09,441300.64999999997,0.05
2023-09,UNMAPPED,UNMAPPED,egitables,1471,2023-09,441300.64999999997,0.33
2023-09,UNMAPPED,UNMAPPED,Icecream Box,1088,2023-09,441300.64999999997,0.25
2023-09,UNMAPPED,UNMAPPED,Vegitable,429,2023-09,441300.64999999997,0.1
2023-09,UNMAPPED,UNMAPPED,key board,300,2023-09,441300.64999999997,0.07
2023-08,ADVERTISEMENT & MARKETING,boosting,Onam boosting,500,2023-08,434914.75,0.11
2023-08,ADVERTISEMENT & MARKETING,notice printing,Notice Printing charges,6300,2023-08,434914.75,1.45
2023-08,ADVERTISEMENT & MARKETING,safa advertising,safa advertising,4400,2023-08,434914.75,1.01
2023-08,BIKE EXPENSES (ALL VEHICLE RELATED),bike maintanance,Bike tier maintanance,350,2023-08,434914.75,0.08
2023-08,BIKE EXPENSES (ALL VEHICLE RELATED),discover maintanance,Discover Maintanance puncture,130,2023-08,434914.75,0.03
2023-08,CLEANING & WASTE,cleaning liquid,Cleaning liquid,200,2023-08,434914.75,0.05
2023-08,CLEANING & WASTE,micro fibre cloth,Micro fibre cloth,220,2023-08,434914.75,0.05
2023-08,CLEANING & WASTE,waste pickup,Waste Pickup,1400,2023-08,434914.75,0.32
2023-08,FOOD RAW MATERIAL PURCHASE,butter and paneer,Paneer And Butter,1340,2023-08,434914.75,0.31
2023-08,FOOD RAW MATERIAL PURCHASE,chicken,Chicken,585,2023-08,434914.75,0.13
2023-08,FOOD RAW MATERIAL PURCHASE,ice cube,Ice-Cube,100,2023-08,434914.75,0.02
2023-08,FOOD RAW MATERIAL PURCHASE,maida,surabi maida,4120,2023-08,434914.75,0.95
2023-08,FOOD RAW MATERIAL PURCHASE,paneer,Paneer,290,2023-08,434914.75,0.07
2023-08,FOOD RAW MATERIAL PURCHASE,staff chicken,Staff Chicken,286,2023-08,434914.75,0.07
2023-08,FOOD RAW MATERIAL PURCHASE,vegetables,vegetable,6500,2023-08,434914.75,1.49
2023-08,GAS & FUEL,generator petrol,Generator Petrol,800,2023-08,434914.75,0.18
2023-08,GAS & FUEL,hp gas,Gas,8650,2023-08,434914.75,1.99
2023-08,GAS & FUEL,hp gas,Gas HP,3460,2023-08,434914.75,0.8
2023-08,GAS & FUEL,petrol,Petrol Passion Pro,4500,2023-08,434914.75,1.03
2023-08,GAS & FUEL,petrol,Petrol Discover,1500,2023-08,434914.75,0.34
2023-08,GAS & FUEL,petrol,Discover Petrol,500,2023-08,434914.75,0.11
2023-08,GAS & FUEL,petrol,rauf petrol,50,2023-08,434914.75,0.01
2023-08,LOCAL PURCHASE (MISCELLANEOUS STORE ITEMS),local purchase,Local Purchase,36229,2023-08,434914.75,8.33
2023-08,MAINTENANCE – SHOP & EQUIPMENT,ac repair,Ac Repair,950,2023-08,434914.75,0.22
2023-08,MAINTENANCE – SHOP & EQUIPMENT,makeline chiller repair,Make Line Repair,2000,2023-08,434914.75,0.46
2023-08,MAINTENANCE – SHOP & EQUIPMENT,water lab testing,water can,60,2023-08,434914.75,0.01
2023-08,MISCELLANEOUS / OTHER,donation,Donation,120,2023-08,434914.75,0.03
2023-08,OFFICE & ADMINISTRATION,printer usb cable,RCA Sterio cable,50,2023-08,434914.75,0.01
2023-08,PARTNER & CAPITAL TRANSACTIONS,bank deposit,Bank Deposit,7000,2023-08,434914.75,1.61
2023-08,PARTNER & CAPITAL TRANSACTIONS,cash shortage,cash shortage,210,2023-08,434914.75,0.05
2023-08,RENT & UTILITIES,lan cable,Internet LAN Cable,100,2023-08,434914.75,0.02
2023-08,RENT & UTILITIES,mobile recharge,Recharge,1799,2023-08,434914.75,0.41
2023-08,RENT & UTILITIES,rent,Rent,35000,2023-08,434914.75,8.05
2023-08,RENT & UTILITIES,rent,rent,3600,2023-08,434914.75,0.83
2023-08,SALARIES (MONTHLY PAYMENTS),abhijeeth salary,Abhijeeth Salary,3600,2023-08,434914.75,36.0
2023-08,SALARIES (MONTHLY PAYMENTS),ajay salary,ajay salary,400,2023-08,434914.75,4.0
2023-08,SALARIES (MONTHLY PAYMENTS),akshay salary,Akshay Salary,3200,2023-08,434914.75,32.0
2023-08,SALARIES (MONTHLY PAYMENTS),anas salary,Anas Salary,8000,2023-08,434914.75,80.0
2023-08,SALARIES (MONTHLY PAYMENTS),hashim salary,Hashim Salary,1900,2023-08,434914.75,19.0
2023-08,SALARIES (MONTHLY PAYMENTS),mahendra salary,Mahendra Salary,5200,2023-08,434914.75,52.0
2023-08,SALARIES (MONTHLY PAYMENTS),mahendra salary,Mahendra,300,2023-08,434914.75,3.0
2023-08,SALARIES (MONTHLY PAYMENTS),marshad salary,Marshad Salary,200,2023-08,434914.75,2.0
2023-08,SALARIES (MONTHLY PAYMENTS),rauf salary,Rauf Salary,7767,2023-08,434914.75,77.67
2023-08,SALARIES (MONTHLY PAYMENTS),sajad salary,Sajad Salary,200,2023-08,434914.75,2.0
2023-08,SALARIES (MONTHLY PAYMENTS),salary,Arjun Staff Salary,9673,2023-08,434914.75,96.73
2023-08,SALARIES (MONTHLY PAYMENTS),salary,Shathru Advance Salary,7500,2023-08,434914.75,75.0
2023-08,SALARIES (MONTHLY PAYMENTS),salary,Haridasan advance Salary,3389,2023-08,434914.75,33.89
2023-08,SALARIES (MONTHLY PAYMENTS),salary,Ashif Salary,1500,2023-08,434914.75,15.0
2023-08,SALARIES (MONTHLY PAYMENTS),salary,shafeer salary,1200,2023-08,434914.75,12.0
2023-08,SALARIES (MONTHLY PAYMENTS),salary,towards salary shathru and nahendra,1147,2023-08,434914.75,11.47
2023-08,SALARIES (MONTHLY PAYMENTS),salary,ashif salary adance,1000,2023-08,434914.75,10.0
2023-08,SALARIES (MONTHLY PAYMENTS),salary,Shihab Salary,800,2023-08,434914.75,8.0
2023-08,SALARIES (MONTHLY PAYMENTS),salary,shabeer salary 2 days,800,2023-08,434914.75,8.0
2023-08,SALARIES (MONTHLY PAYMENTS),salary,Najah Salary,400,2023-08,434914.75,4.0
2023-08,SALARIES (MONTHLY PAYMENTS),salary,Arjun Staff Advance Salary,200,2023-08,434914.75,2.0
2023-08,SALARIES (MONTHLY PAYMENTS),salary,ansil salary,200,2023-08,434914.75,2.0
2023-08,SALARIES (MONTHLY PAYMENTS),salary,salim salary,200,2023-08,434914.75,2.0
2023-08,SALARIES (MONTHLY PAYMENTS),shathru salary,Shathru Salary,400,2023-08,434914.75,4.0
2023-08,SALARIES (MONTHLY PAYMENTS),siyad salary,Siyad Salary,13250,2023-08,434914.75,132.5
2023-08,SALARY ADVANCES & SETTLEMENTS,final settlement,Haridasan Final Settlement,5511,2023-08,434914.75,1.27
2023-08,TRANSPORTATION & AUTO CHARGES,transportation charge,Transportation Charge (OTP),550,2023-08,434914.75,0.13
2023-08,TRANSPORTATION & AUTO CHARGES,transportation charge,Notice Transportation,520,2023-08,434914.75,0.12
2023-08,TRANSPORTATION & AUTO CHARGES,transportation charge,Transportation Charge,120,2023-08,434914.75,0.03
2023-08,UNMAPPED,UNMAPPED,vegitable chy,9000,2023-08,434914.75,2.07
2023-08,UNMAPPED,UNMAPPED,Greengrass,350,2023-08,434914.75,0.08
2023-08,UNMAPPED,UNMAPPED,mocktail ice breaker spoon,339,2023-08,434914.75,0.08
2023-08,UNMAPPED,UNMAPPED,Screw driver,110,2023-08,434914.75,0.03
2023-08,UNMAPPED,UNMAPPED,dicover polution,80,2023-08,434914.75,0.02
2023-08,UNMAPPED,UNMAPPED,Music system cable,60,2023-08,434914.75,0.01
2023-08,UNMAPPED,UNMAPPED,New File,50,2023-08,434914.75,0.01
2023-07,CLEANING & WASTE,waste pickup,Waste Pickup,2300,2023-07,532297.35,0.43
2023-07,FOOD RAW MATERIAL PURCHASE,chicken,Chicken Pattambi,9524,2023-07,532297.35,1.79
2023-07,GAS & FUEL,generator petrol,Petrol Generator,800,2023-07,532297.35,0.15
2023-07,GAS & FUEL,hp gas,Gas,16370,2023-07,532297.35,3.08
2023-07,GAS & FUEL,petrol,Petrol Passion Pro,5500,2023-07,532297.35,1.03
2023-07,GAS & FUEL,petrol,Petrol Discover,1500,2023-07,532297.35,0.28
2023-07,GENERATOR EXPENSES,generator repair,generator Repairing Charges,2300,2023-07,532297.35,0.43
2023-07,"LICENSE, TAX & GOVERNMENT FEES",documentation work,Documentation Work,50,2023-07,532297.35,0.01
2023-07,"LICENSE, TAX & GOVERNMENT FEES",kvves,KVVES,200,2023-07,532297.35,0.04
2023-07,"LICENSE, TAX & GOVERNMENT FEES",stamp paper,Stamp paper and Notery,850,2023-07,532297.35,0.16
2023-07,LOCAL PURCHASE (MISCELLANEOUS STORE ITEMS),local purchase,Local Purchase,34684,2023-07,532297.35,6.52
2023-07,MAINTENANCE – SHOP & EQUIPMENT,door installation,Door Installation Charges,6500,2023-07,532297.35,1.22
2023-07,MISCELLANEOUS / OTHER,donation,Donation,260,2023-07,532297.35,0.05
2023-07,PARTNER & CAPITAL TRANSACTIONS,bank deposit,Bank Deposit,46000,2023-07,532297.35,8.64
2023-07,PARTNER & CAPITAL TRANSACTIONS,cash shortage,cash shortage,482,2023-07,532297.35,0.09
2023-07,RENT & UTILITIES,electrical bill,Maintnence (ELectrical),590,2023-07,532297.35,0.11
2023-07,RENT & UTILITIES,internet connection,Internet Connection,1668,2023-07,532297.35,0.31
2023-07,RENT & UTILITIES,jio mobile recharge,Jio Mobile Recharge,1559,2023-07,532297.35,0.29
2023-07,RENT & UTILITIES,mobile recharge,Mobile Recharge,180,2023-07,532297.35,0.03
2023-07,RENT & UTILITIES,room rent,Room Rent,3600,2023-07,532297.35,0.68
2023-07,RENT & UTILITIES,shop rent,shop Rent,35000,2023-07,532297.35,6.58
2023-07,SALARIES (MONTHLY PAYMENTS),abhijeeth salary,Abhijeeth Salary,9200,2023-07,532297.35,92.0
2023-07,SALARIES (MONTHLY PAYMENTS),akshay salary,Akshay Salary,4000,2023-07,532297.35,40.0
2023-07,SALARIES (MONTHLY PAYMENTS),anas salary,Anas Salary,2400,2023-07,532297.35,24.0
2023-07,SALARIES (MONTHLY PAYMENTS),arjun cook salary,Arjun Cook Salary,2400,2023-07,532297.35,24.0
2023-07,SALARIES (MONTHLY PAYMENTS),arjun salary,ARjun,2840,2023-07,532297.35,28.4
2023-07,SALARIES (MONTHLY PAYMENTS),haridasan salary,Haridasan Salary,18000,2023-07,532297.35,180.0
2023-07,SALARIES (MONTHLY PAYMENTS),hashim salary,Hashim Salary,6600,2023-07,532297.35,66.0
2023-07,SALARIES (MONTHLY PAYMENTS),mahendra cook salary,Mahendra Cook Salary,7507,2023-07,532297.35,75.07
2023-07,SALARIES (MONTHLY PAYMENTS),rauf salary,Rauf Salary,7000,2023-07,532297.35,70.0
2023-07,SALARIES (MONTHLY PAYMENTS),shathru salary,Shathru Salary,800,2023-07,532297.35,8.0
2023-07,SALARIES (MONTHLY PAYMENTS),siyad salary,Siyad Salary,11050,2023-07,532297.35,110.5
2023-07,SALARIES (MONTHLY PAYMENTS),swalih salary,Swalih salary,200,2023-07,532297.35,2.0
2023-07,SALARIES (MONTHLY PAYMENTS),vipin salary,Vipin Salary,200,2023-07,532297.35,2.0
2023-07,STAFF WELFARE & BENEFITS,staff party,Staff Party,200,2023-07,532297.35,0.04
2023-07,TRANSPORTATION & AUTO CHARGES,transportation charge,Transportation Charge (OTP),550,2023-07,532297.35,0.1
2023-07,TRANSPORTATION & AUTO CHARGES,transportation charge,Transportation Charge,90,2023-07,532297.35,0.02
2023-07,UNMAPPED,UNMAPPED,vegitable chy,23500,2023-07,532297.35,4.41
2023-07,UNMAPPED,UNMAPPED,Essar Associates,3808,2023-07,532297.35,0.72
2023-06,ADVERTISEMENT & MARKETING,advertisement,Advertisement-Notice Distribution,1000,2023-06,446505.69999999995,0.22
2023-06,BIKE EXPENSES (ALL VEHICLE RELATED),bike maintanance,Bike tier maintanance,350,2023-06,446505.69999999995,0.08
2023-06,BIKE EXPENSES (ALL VEHICLE RELATED),bike maintanance,Bike Maintanance,40,2023-06,446505.69999999995,0.01
2023-06,BIKE EXPENSES (ALL VEHICLE RELATED),discover maintanance,Water Filter Maintanance,200,2023-06,446505.69999999995,0.04
2023-06,CLEANING & WASTE,waste pickup,Waste Pickup,1300,2023-06,446505.69999999995,0.29
2023-06,GAS & FUEL,generator petrol,Petrol Generator,500,2023-06,446505.69999999995,0.11
2023-06,GAS & FUEL,hp gas,Gas,14480,2023-06,446505.69999999995,3.24
2023-06,GAS & FUEL,petrol,Petrol Passion Pro,4000,2023-06,446505.69999999995,0.9
2023-06,GAS & FUEL,petrol,Petrol Discover,2100,2023-06,446505.69999999995,0.47
2023-06,GAS & FUEL,petrol,Petrol Pulsar,50,2023-06,446505.69999999995,0.01
2023-06,LOCAL PURCHASE (MISCELLANEOUS STORE ITEMS),local purchase,Local Purchase,29681,2023-06,446505.69999999995,6.65
2023-06,MAINTENANCE – SHOP & EQUIPMENT,water lab testing,Drinking Water Testing Charges,1000,2023-06,446505.69999999995,0.22
2023-06,MISCELLANEOUS / OTHER,donation,Donation,110,2023-06,446505.69999999995,0.02
2023-06,OFFICE & ADMINISTRATION,thermal printer,Thermal Printer,10900,2023-06,446505.69999999995,2.44
2023-06,PARTNER & CAPITAL TRANSACTIONS,cash shortage,cash shortage,257,2023-06,446505.69999999995,0.06
2023-06,PARTNER & CAPITAL TRANSACTIONS,deposited to bank,Deposited To Bank,7000,2023-06,446505.69999999995,1.57
2023-06,RENT & UTILITIES,mobile recharge,Mobile Recharge,388,2023-06,446505.69999999995,0.09
2023-06,RENT & UTILITIES,rent,Rent,38600,2023-06,446505.69999999995,8.64
2023-06,SALARIES (MONTHLY PAYMENTS),abhijeeth salary,Abhijeeth Salary,6900,2023-06,446505.69999999995,69.0
2023-06,SALARIES (MONTHLY PAYMENTS),abhijeeth salary,Abhijeeth,300,2023-06,446505.69999999995,3.0
2023-06,SALARIES (MONTHLY PAYMENTS),akshay salary,Akshay Salary,800,2023-06,446505.69999999995,8.0
2023-06,SALARIES (MONTHLY PAYMENTS),anas salary,Anas Salary,2600,2023-06,446505.69999999995,26.0
2023-06,SALARIES (MONTHLY PAYMENTS),arjun cook salary,Arjun Cook Salary,100,2023-06,446505.69999999995,1.0
2023-06,SALARIES (MONTHLY PAYMENTS),habib salary,Habib Salary,200,2023-06,446505.69999999995,2.0
2023-06,SALARIES (MONTHLY PAYMENTS),haridasan salary,Haridasan Salary,26000,2023-06,446505.69999999995,260.0
2023-06,SALARIES (MONTHLY PAYMENTS),hashim salary,Hashim Salary,4400,2023-06,446505.69999999995,44.0
2023-06,SALARIES (MONTHLY PAYMENTS),mahendra cook salary,Mahendra Cook Salary,100,2023-06,446505.69999999995,1.0
2023-06,SALARIES (MONTHLY PAYMENTS),mahendra salary,Mahendra Salary,16813,2023-06,446505.69999999995,168.13
2023-06,SALARIES (MONTHLY PAYMENTS),nishal salary,Nishal Salary,400,2023-06,446505.69999999995,4.0
2023-06,SALARIES (MONTHLY PAYMENTS),rauf salary,Rauf Salary,4400,2023-06,446505.69999999995,44.0
2023-06,SALARIES (MONTHLY PAYMENTS),sajad salary,Sajad Salary,200,2023-06,446505.69999999995,2.0
2023-06,SALARIES (MONTHLY PAYMENTS),salary,Arjun Staff Salary,16540,2023-06,446505.69999999995,165.4
2023-06,SALARIES (MONTHLY PAYMENTS),shathru salary,Shathru Salary,24533,2023-06,446505.69999999995,245.33
2023-06,SALARIES (MONTHLY PAYMENTS),siyad salary,Siyad Salary,6067,2023-06,446505.69999999995,60.67
2023-06,STAFF WELFARE & BENEFITS,staff party,Staff Party,700,2023-06,446505.69999999995,0.16
2023-06,TRANSPORTATION & AUTO CHARGES,transportation charge,Transportation Charge (OTP),610,2023-06,446505.69999999995,0.14
2023-06,TRANSPORTATION & AUTO CHARGES,transportation charge,Transportation Charge,150,2023-06,446505.69999999995,0.03
2023-06,UNMAPPED,UNMAPPED,vegitable chy,10850,2023-06,446505.69999999995,2.43
2023-06,UNMAPPED,UNMAPPED,Maintnence Plumbing,1920,2023-06,446505.69999999995,0.43
2023-06,UNMAPPED,UNMAPPED,shihab,200,2023-06,446505.69999999995,0.04
2023-05,BIKE EXPENSES (ALL VEHICLE RELATED),bike maintanance,Bike tier maintanance,1100,2023-05,593731.0,0.19
2023-05,CLEANING & WASTE,waste pickup,Waste Pickup,500,2023-05,593731.0,0.08
2023-05,GAS & FUEL,generator petrol,Petrol Generator,200,2023-05,593731.0,0.03
2023-05,GAS & FUEL,hp gas,Gas,19000,2023-05,593731.0,3.2
2023-05,GAS & FUEL,petrol,Petrol Passion Pro,5500,2023-05,593731.0,0.93
2023-05,GAS & FUEL,petrol,Petrol Discover,4000,2023-05,593731.0,0.67
2023-05,GAS & FUEL,petrol,Petrol Pulsar,510,2023-05,593731.0,0.09
2023-05,LOCAL PURCHASE (MISCELLANEOUS STORE ITEMS),local purchase,Local Purchase,33990,2023-05,593731.0,5.72
2023-05,MAINTENANCE – SHOP & EQUIPMENT,chair welding,Chair Welding charges,150,2023-05,593731.0,0.03
2023-05,MAINTENANCE – SHOP & EQUIPMENT,door closer,Door Closer,3500,2023-05,593731.0,0.59
2023-05,MISCELLANEOUS / OTHER,donation,Donation,170,2023-05,593731.0,0.03
2023-05,PARTNER & CAPITAL TRANSACTIONS,bank deposit,Bank Deposit,50691,2023-05,593731.0,8.54
2023-05,PARTNER & CAPITAL TRANSACTIONS,cash shortage,cash shortage,389,2023-05,593731.0,0.07
2023-05,PARTNER & CAPITAL TRANSACTIONS,deposited to bank,Deposited To Bank,13500,2023-05,593731.0,2.27
2023-05,PARTNER & CAPITAL TRANSACTIONS,sukumaran share,Sukumaran Share,10000,2023-05,593731.0,1.68
2023-05,RENT & UTILITIES,mobile recharge,Recharge,448,2023-05,593731.0,0.08
2023-05,RENT & UTILITIES,room rent,Room Rent,3600,2023-05,593731.0,0.61
2023-05,RENT & UTILITIES,shop rent,shop Rent,35000,2023-05,593731.0,5.89
2023-05,SALARIES (MONTHLY PAYMENTS),anas salary,Anas Salary,400,2023-05,593731.0,4.0
2023-05,SALARIES (MONTHLY PAYMENTS),ansari salary,Ansari salary,200,2023-05,593731.0,2.0
2023-05,SALARIES (MONTHLY PAYMENTS),arjun cook salary,Arjun Cook Salary,800,2023-05,593731.0,8.0
2023-05,SALARIES (MONTHLY PAYMENTS),habib salary,Habib Salary,2300,2023-05,593731.0,23.0
2023-05,SALARIES (MONTHLY PAYMENTS),haridasan salary,Haridasan Salary,10000,2023-05,593731.0,100.0
2023-05,SALARIES (MONTHLY PAYMENTS),mahendra cook salary,Mahendra Cook Salary,700,2023-05,593731.0,7.0
2023-05,SALARIES (MONTHLY PAYMENTS),marshad salary,Marshad Salary,3200,2023-05,593731.0,32.0
2023-05,SALARIES (MONTHLY PAYMENTS),mehboob salary,Mehboob Salary,10400,2023-05,593731.0,104.0
2023-05,SALARIES (MONTHLY PAYMENTS),rauf salary,Rauf Salary,8067,2023-05,593731.0,80.67
2023-05,SALARIES (MONTHLY PAYMENTS),salary,Sukumaran Advance Salary,11000,2023-05,593731.0,110.0
2023-05,SALARIES (MONTHLY PAYMENTS),sanoj salary,Sanoj Salary,2000,2023-05,593731.0,20.0
2023-05,SALARIES (MONTHLY PAYMENTS),shathru salary,Shathru Salary,2739,2023-05,593731.0,27.39
2023-05,TRANSPORTATION & AUTO CHARGES,transportation charge,Transportation Charge (OTP),550,2023-05,593731.0,0.09
2023-05,TRANSPORTATION & AUTO CHARGES,transportation charge,Transportation Charge,210,2023-05,593731.0,0.04
2023-05,UNMAPPED,UNMAPPED,vegitable chy,10200,2023-05,593731.0,1.72
2023-05,UNMAPPED,UNMAPPED,Sathrujen,900,2023-05,593731.0,0.15
2023-05,UNMAPPED,UNMAPPED,Shabeer,200,2023-05,593731.0,0.03
2023-04,BIKE EXPENSES (ALL VEHICLE RELATED),tube,Puncture repair and Tube,300,2023-04,446139.94999999995,0.07
2023-04,CLEANING & WASTE,waste pickup,Waste Pickup,500,2023-04,446139.94999999995,0.11
2023-04,GAS & FUEL,gas indian,Gas Indian,2070,2023-04,446139.94999999995,0.46
2023-04,GAS & FUEL,generator petrol,Petrol Generator,500,2023-04,446139.94999999995,0.11
2023-04,GAS & FUEL,hp gas,Gas HP,14490,2023-04,446139.94999999995,3.25
2023-04,GAS & FUEL,petrol,Petrol Passion Pro,5000,2023-04,446139.94999999995,1.12
2023-04,GAS & FUEL,petrol,Petrol Discover,3000,2023-04,446139.94999999995,0.67
2023-04,GAS & FUEL,petrol,Petrol Pulsar,240,2023-04,446139.94999999995,0.05
2023-04,"LICENSE, TAX & GOVERNMENT FEES",fssai renewal,FSSAI,1250,2023-04,446139.94999999995,0.28
2023-04,LOCAL PURCHASE (MISCELLANEOUS STORE ITEMS),local purchase,Local Purchase,45948,2023-04,446139.94999999995,10.3
2023-04,MAINTENANCE – SHOP & EQUIPMENT,ac service,A C Water Service,1000,2023-04,446139.94999999995,0.22
2023-04,MAINTENANCE – SHOP & EQUIPMENT,mixer jar repair,Mixi Jar Repair,100,2023-04,446139.94999999995,0.02
2023-04,MISCELLANEOUS / OTHER,donation,Donation,100,2023-04,446139.94999999995,0.02
2023-04,OFFICE & ADMINISTRATION,mobile purchase,Mobile purchase,1000,2023-04,446139.94999999995,0.22
2023-04,PACKAGING & DISPOSABLES,paper bag,Mudra Paper for Bank,200,2023-04,446139.94999999995,0.04
2023-04,PARTNER & CAPITAL TRANSACTIONS,bank deposit,Bank Deposit,45000,2023-04,446139.94999999995,10.09
2023-04,PARTNER & CAPITAL TRANSACTIONS,cash shortage,cash shortage,303,2023-04,446139.94999999995,0.07
2023-04,RENT & UTILITIES,electrical bill,Electrical bill,18000,2023-04,446139.94999999995,4.03
2023-04,RENT & UTILITIES,mobile recharge,Recharge,209,2023-04,446139.94999999995,0.05
2023-04,RENT & UTILITIES,room rent,Room Rent,3600,2023-04,446139.94999999995,0.81
2023-04,SALARIES (MONTHLY PAYMENTS),anas salary,Anas Salary,3460,2023-04,446139.94999999995,34.6
2023-04,SALARIES (MONTHLY PAYMENTS),arjun cook salary,Arjun Cook Salary,15080,2023-04,446139.94999999995,150.8
2023-04,SALARIES (MONTHLY PAYMENTS),habib salary,Habib Salary,200,2023-04,446139.94999999995,2.0
2023-04,SALARIES (MONTHLY PAYMENTS),haridasan salary,Haridasan Salary,18000,2023-04,446139.94999999995,180.0
2023-04,SALARIES (MONTHLY PAYMENTS),jithu salary,Jithu Salary,200,2023-04,446139.94999999995,2.0
2023-04,SALARIES (MONTHLY PAYMENTS),mahendra cook salary,Mahendra Cook Salary,14580,2023-04,446139.94999999995,145.8
2023-04,SALARIES (MONTHLY PAYMENTS),mahendra salary,Mahendra,500,2023-04,446139.94999999995,5.0
2023-04,SALARIES (MONTHLY PAYMENTS),mehboob salary,Mehboob Salary,8000,2023-04,446139.94999999995,80.0
2023-04,SALARIES (MONTHLY PAYMENTS),rauf salary,Rauf Salary,1200,2023-04,446139.94999999995,12.0
2023-04,SALARIES (MONTHLY PAYMENTS),sadik salary,Sadik Salary,200,2023-04,446139.94999999995,2.0
2023-04,SALARIES (MONTHLY PAYMENTS),salary,Sukumaran Advance Salary,2000,2023-04,446139.94999999995,20.0
2023-04,SALARIES (MONTHLY PAYMENTS),shabir salary,Shabir Salary,400,2023-04,446139.94999999995,4.0
2023-04,SALARIES (MONTHLY PAYMENTS),shathru salary,Shathru Salary,23054,2023-04,446139.94999999995,230.54
2023-04,SALARIES (MONTHLY PAYMENTS),siyad salary,Siyad Salary,16000,2023-04,446139.94999999995,160.0
2023-04,STAFF WELFARE & BENEFITS,uniform t shirts,Uniform T shirts,860,2023-04,446139.94999999995,0.19
2023-04,TRANSPORTATION & AUTO CHARGES,transportation charge,Transportation Charge,90,2023-04,446139.94999999995,0.02
2023-04,UNMAPPED,UNMAPPED,vegitable chy,8900,2023-04,446139.94999999995,1.99
2023-04,UNMAPPED,UNMAPPED,Essar Associates,4915,2023-04,446139.94999999995,1.1
2023-03,BIKE EXPENSES (ALL VEHICLE RELATED),bike maintanance,Bike Maintanance,162,2023-03,384028.94999999995,0.04
2023-03,BIKE EXPENSES (ALL VEHICLE RELATED),bike maintanance,Bike tier maintanance,70,2023-03,384028.94999999995,0.02
2023-03,BIKE EXPENSES (ALL VEHICLE RELATED),passion pro maintenance,passion pro registration,600,2023-03,384028.94999999995,0.16
2023-03,CLEANING & WASTE,waste pickup,Waste Pickup,500,2023-03,384028.94999999995,0.13
2023-03,GAS & FUEL,generator petrol,Petrol Generator,1100,2023-03,384028.94999999995,0.29
2023-03,GAS & FUEL,hp gas,Gas HP,17200,2023-03,384028.94999999995,4.48
2023-03,GAS & FUEL,petrol,Petrol Passion Pro,5100,2023-03,384028.94999999995,1.33
2023-03,GAS & FUEL,petrol,Petrol Discover,3500,2023-03,384028.94999999995,0.91
2023-03,GAS & FUEL,petrol,Petrol Pulsar,290,2023-03,384028.94999999995,0.08
2023-03,GAS & FUEL,petrol,Petrol Twister,200,2023-03,384028.94999999995,0.05
2023-03,"LICENSE, TAX & GOVERNMENT FEES",license renewal,License Renewal,1320,2023-03,384028.94999999995,0.34
2023-03,LOCAL PURCHASE (MISCELLANEOUS STORE ITEMS),local purchase,Local Purchase,45097,2023-03,384028.94999999995,11.74
2023-03,MAINTENANCE – SHOP & EQUIPMENT,cctv installation,CCTV Camera install and service,2850,2023-03,384028.94999999995,0.74
2023-03,MAINTENANCE – SHOP & EQUIPMENT,makeline chiller repair,Make Line Repair,1800,2023-03,384028.94999999995,0.47
2023-03,MISCELLANEOUS / OTHER,donation,Donation,225,2023-03,384028.94999999995,0.06
2023-03,PACKAGING & DISPOSABLES,lucky draw coupon,Lucky Draw Coupon,1000,2023-03,384028.94999999995,0.26
2023-03,PARTNER & CAPITAL TRANSACTIONS,cash shortage,cash shortage,307,2023-03,384028.94999999995,0.08
2023-03,RENT & UTILITIES,mobile recharge,Recharge,478,2023-03,384028.94999999995,0.12
2023-03,RENT & UTILITIES,room rent,Room Rent,3600,2023-03,384028.94999999995,0.94
2023-03,RENT & UTILITIES,shop rent,shop Rent,5143,2023-03,384028.94999999995,1.34
2023-03,SALARIES (MONTHLY PAYMENTS),anas salary,Anas Salary,630,2023-03,384028.94999999995,6.3
2023-03,SALARIES (MONTHLY PAYMENTS),arjun cook salary,Arjun Cook Salary,600,2023-03,384028.94999999995,6.0
2023-03,SALARIES (MONTHLY PAYMENTS),haridasan salary,Haridasan Salary,18000,2023-03,384028.94999999995,180.0
2023-03,SALARIES (MONTHLY PAYMENTS),mahendra cook salary,Mahendra Cook Salary,500,2023-03,384028.94999999995,5.0
2023-03,SALARIES (MONTHLY PAYMENTS),mehboob salary,Mehboob Salary,9800,2023-03,384028.94999999995,98.0
2023-03,SALARIES (MONTHLY PAYMENTS),rauf salary,Rauf Salary,800,2023-03,384028.94999999995,8.0
2023-03,SALARIES (MONTHLY PAYMENTS),salary,Sukumaran Advance Salary,14000,2023-03,384028.94999999995,140.0
2023-03,SALARIES (MONTHLY PAYMENTS),shathru salary,Shathru Salary,7100,2023-03,384028.94999999995,71.0
2023-03,SALARIES (MONTHLY PAYMENTS),shathru salary,Shathru Medical,5,2023-03,384028.94999999995,0.05
2023-03,SALARIES (MONTHLY PAYMENTS),siyad salary,Siyad Salary,9400,2023-03,384028.94999999995,94.0
2023-03,STAFF WELFARE & BENEFITS,health card,health Card & Testing,1334,2023-03,384028.94999999995,0.35
2023-03,STAFF WELFARE & BENEFITS,health card form,Health card Form,6,2023-03,384028.94999999995,0.0
2023-03,STAFF WELFARE & BENEFITS,staff food,Staff Photo,400,2023-03,384028.94999999995,0.1
2023-03,TRANSPORTATION & AUTO CHARGES,transportation charge,Transportation charge ( Freezer),1200,2023-03,384028.94999999995,0.31
2023-03,TRANSPORTATION & AUTO CHARGES,transportation charge,Transportation Charge,120,2023-03,384028.94999999995,0.03
2023-03,TRANSPORTATION & AUTO CHARGES,transportation charge,Transportation charges Sathru,100,2023-03,384028.94999999995,0.03
2023-03,UNMAPPED,UNMAPPED,vegitable chy,7600,2023-03,384028.94999999995,1.98
2023-03,UNMAPPED,UNMAPPED,CA Charges,2000,2023-03,384028.94999999995,0.52
2023-02,ADVERTISEMENT & MARKETING,advertisement,Advertisement Safa,1750,2023-02,360952.5,0.48
2023-02,ADVERTISEMENT & MARKETING,boosting,Boosting ( Ottapalam),300,2023-02,360952.5,0.08
2023-02,BIKE EXPENSES (ALL VEHICLE RELATED),discover maintanance,Discover Maintanance puncture,120,2023-02,360952.5,0.03
2023-02,BIKE EXPENSES (ALL VEHICLE RELATED),insurance bike,Insurance-Passionpro,1170,2023-02,360952.5,0.32
2023-02,BIKE EXPENSES (ALL VEHICLE RELATED),pollution test,Pollution Test - Discover,80,2023-02,360952.5,0.02
2023-02,BIKE EXPENSES (ALL VEHICLE RELATED),pollution test,Pollution Test - Passion pro,80,2023-02,360952.5,0.02
2023-02,BIKE EXPENSES (ALL VEHICLE RELATED),pollution test,Pollution Test - Twister,80,2023-02,360952.5,0.02
2023-02,BIKE EXPENSES (ALL VEHICLE RELATED),puncture repair,passion pro puncture repair,350,2023-02,360952.5,0.1
2023-02,CLEANING & WASTE,waste pickup,Waste Pickup,500,2023-02,360952.5,0.14
2023-02,GAS & FUEL,gas indian,Gas Indian,5400,2023-02,360952.5,1.5
2023-02,GAS & FUEL,generator petrol,Petrol Generator,1200,2023-02,360952.5,0.33
2023-02,GAS & FUEL,hp gas,Gas HP,9000,2023-02,360952.5,2.49
2023-02,GAS & FUEL,petrol,Petrol Discover,3300,2023-02,360952.5,0.91
2023-02,GAS & FUEL,petrol,Petrol Twister,2300,2023-02,360952.5,0.64
2023-02,GAS & FUEL,petrol,Petrol Passion Pro,1720,2023-02,360952.5,0.48
2023-02,GAS & FUEL,petrol,Petrol Pulsar,160,2023-02,360952.5,0.04
2023-02,LOCAL PURCHASE (MISCELLANEOUS STORE ITEMS),local purchase,Local Purchase,31849,2023-02,360952.5,8.82
2023-02,MAINTENANCE – SHOP & EQUIPMENT,electrical maintenance,Electrical Maintanance,1550,2023-02,360952.5,0.43
2023-02,MISCELLANEOUS / OTHER,donation,Donation,130,2023-02,360952.5,0.04
2023-02,PACKAGING & DISPOSABLES,paper roll,Paper Roll,3120,2023-02,360952.5,0.86
2023-02,PARTNER & CAPITAL TRANSACTIONS,cash shortage,cash shortage,347,2023-02,360952.5,0.1
2023-02,PARTNER & CAPITAL TRANSACTIONS,deposited to bank,Deposited To Bank,17500,2023-02,360952.5,4.85
2023-02,RENT & UTILITIES,mobile recharge,Recharge,239,2023-02,360952.5,0.07
2023-02,RENT & UTILITIES,room rent,Room Rent,3600,2023-02,360952.5,1.0
2023-02,RENT & UTILITIES,shop rent,shop Rent,35000,2023-02,360952.5,9.7
2023-02,SALARIES (MONTHLY PAYMENTS),anas salary,Anas Salary,400,2023-02,360952.5,4.0
2023-02,SALARIES (MONTHLY PAYMENTS),arjun cook salary,Arjun Cook Salary,300,2023-02,360952.5,3.0
2023-02,SALARIES (MONTHLY PAYMENTS),haridasan salary,Haridasan Salary,18000,2023-02,360952.5,180.0
2023-02,SALARIES (MONTHLY PAYMENTS),mahendra cook salary,Mahendra Cook Salary,300,2023-02,360952.5,3.0
2023-02,SALARIES (MONTHLY PAYMENTS),mehboob salary,Mehboob Salary,7750,2023-02,360952.5,77.5
2023-02,SALARIES (MONTHLY PAYMENTS),ranjith salary,Ranjith Salary,11733,2023-02,360952.5,117.33
2023-02,SALARIES (MONTHLY PAYMENTS),rauf salary,Rauf Salary,3000,2023-02,360952.5,30.0
2023-02,SALARIES (MONTHLY PAYMENTS),salary,Sukumaran Advance Salary,11000,2023-02,360952.5,110.0
2023-02,SALARIES (MONTHLY PAYMENTS),santhosh salary,Santhosh Salary,1920,2023-02,360952.5,19.2
2023-02,SALARIES (MONTHLY PAYMENTS),shathru salary,Shathru Salary,1650,2023-02,360952.5,16.5
2023-02,SALARIES (MONTHLY PAYMENTS),shuaib salary,Shuaib Salary,2800,2023-02,360952.5,28.0
2023-02,SALARIES (MONTHLY PAYMENTS),siyad salary,Siyad Salary,10400,2023-02,360952.5,104.0
2023-02,TRANSPORTATION & AUTO CHARGES,transportation charge,Transportation Charge,760,2023-02,360952.5,0.21
2023-02,UNMAPPED,UNMAPPED,vegitable chy,6900,2023-02,360952.5,1.91
2023-02,UNMAPPED,UNMAPPED,Photo copy,30,2023-02,360952.5,0.01
2023-01,CLEANING & WASTE,waste pickup,Waste Pickup,500,2023-01,414134.44999999995,0.12
2023-01,GAS & FUEL,gas indian,Gas Indian,7200,2023-01,414134.44999999995,1.74
2023-01,GAS & FUEL,generator petrol,Petrol Generator,700,2023-01,414134.44999999995,0.17
2023-01,GAS & FUEL,hp gas,Gas HP,7190,2023-01,414134.44999999995,1.74
2023-01,GAS & FUEL,petrol,Petrol Discover,4300,2023-01,414134.44999999995,1.04
2023-01,GAS & FUEL,petrol,Petrol Twister,3340,2023-01,414134.44999999995,0.81
2023-01,GAS & FUEL,petrol,Petrol Pulsar,180,2023-01,414134.44999999995,0.04
2023-01,LOCAL PURCHASE (MISCELLANEOUS STORE ITEMS),local purchase,Local Purchase,29537,2023-01,414134.44999999995,7.13
2023-01,MISCELLANEOUS / OTHER,donation,Donation,275,2023-01,414134.44999999995,0.07
2023-01,PARTNER & CAPITAL TRANSACTIONS,cash shortage,cash shortage,358,2023-01,414134.44999999995,0.09
2023-01,RENT & UTILITIES,mobile recharge,Recharge,239,2023-01,414134.44999999995,0.06
2023-01,RENT & UTILITIES,room rent,Room Rent,3600,2023-01,414134.44999999995,0.87
2023-01,SALARIES (MONTHLY PAYMENTS),anas salary,Anas Salary,3167,2023-01,414134.44999999995,31.67
2023-01,SALARIES (MONTHLY PAYMENTS),anas salary,Anas Slary,1400,2023-01,414134.44999999995,14.0
2023-01,SALARIES (MONTHLY PAYMENTS),mehboob salary,Mehboob Salary,250,2023-01,414134.44999999995,2.5
2023-01,SALARIES (MONTHLY PAYMENTS),ranjith salary,Ranjith Salary,9730,2023-01,414134.44999999995,97.3
2023-01,SALARIES (MONTHLY PAYMENTS),rauf salary,Rauf Salary,1583,2023-01,414134.44999999995,15.83
2023-01,SALARIES (MONTHLY PAYMENTS),salary,Sukumaran Advance Salary,28559,2023-01,414134.44999999995,285.59
2023-01,SALARIES (MONTHLY PAYMENTS),salary,Jayan Salary,8200,2023-01,414134.44999999995,82.0
2023-01,SALARIES (MONTHLY PAYMENTS),santhosh salary,Santhosh Salary,4060,2023-01,414134.44999999995,40.6
2023-01,SALARIES (MONTHLY PAYMENTS),shabir salary,Shabir Salary,200,2023-01,414134.44999999995,2.0
2023-01,SALARIES (MONTHLY PAYMENTS),shathru salary,Shathru Salary,23466,2023-01,414134.44999999995,234.66
2023-01,SALARIES (MONTHLY PAYMENTS),shuaib salary,Shuaib Salary,1100,2023-01,414134.44999999995,11.0
2023-01,SALARIES (MONTHLY PAYMENTS),siyad salary,Siyad Salary,9800,2023-01,414134.44999999995,98.0
2023-01,TRANSPORTATION & AUTO CHARGES,transportation charge,Transportation Charge,90,2023-01,414134.44999999995,0.02
2023-01,UNMAPPED,UNMAPPED,vegitable chy,8250,2023-01,414134.44999999995,1.99
2023-01,UNMAPPED,UNMAPPED,Vegitable,500,2023-01,414134.44999999995,0.12
2022-12,ADVERTISEMENT & MARKETING,notice advertisement,Advertisement-Notice,100,2022-12,461247.8,0.02
2022-12,BIKE EXPENSES (ALL VEHICLE RELATED),bike maintanance,Bike tier maintanance,750,2022-12,461247.8,0.16
2022-12,CLEANING & WASTE,waste pickup,Waste Pickup,400,2022-12,461247.8,0.09
2022-12,DECORATION & EVENTS,decoration,Decoration,100,2022-12,461247.8,0.02
2022-12,GAS & FUEL,gas indian,Gas Indian,5340,2022-12,461247.8,1.16
2022-12,GAS & FUEL,generator petrol,Petrol Generator,800,2022-12,461247.8,0.17
2022-12,GAS & FUEL,hp gas,Gas HP,7120,2022-12,461247.8,1.54
2022-12,GAS & FUEL,petrol,Petrol Twister,4300,2022-12,461247.8,0.93
2022-12,GAS & FUEL,petrol,Petrol Discover,4000,2022-12,461247.8,0.87
2022-12,GAS & FUEL,petrol,Petrol Jayan,440,2022-12,461247.8,0.1
2022-12,GAS & FUEL,petrol,Petrol Pulsar,400,2022-12,461247.8,0.09
2022-12,GAS & FUEL,petrol,petrol siyad,100,2022-12,461247.8,0.02
2022-12,LOCAL PURCHASE (MISCELLANEOUS STORE ITEMS),local purchase,Local Purchase,30534,2022-12,461247.8,6.62
2022-12,MAINTENANCE – SHOP & EQUIPMENT,oven service,Oven Service,1500,2022-12,461247.8,0.33
2022-12,MISCELLANEOUS / OTHER,donation,Donation,200,2022-12,461247.8,0.04
2022-12,PARTNER & CAPITAL TRANSACTIONS,cash shortage,cash shortage,442,2022-12,461247.8,0.1
2022-12,PARTNER & CAPITAL TRANSACTIONS,manoj advance,Manoj Advance,6000,2022-12,461247.8,1.3
2022-12,RENT & UTILITIES,mobile recharge,Mobile Recharge,240,2022-12,461247.8,0.05
2022-12,RENT & UTILITIES,shop rent,shop Rent,35000,2022-12,461247.8,7.59
2022-12,RENT & UTILITIES,staff room rent,Staff Room Rent,3600,2022-12,461247.8,0.78
2022-12,SALARIES (MONTHLY PAYMENTS),anas salary,Anas Salary,800,2022-12,461247.8,8.0
2022-12,SALARIES (MONTHLY PAYMENTS),anas salary,Anas Slary,200,2022-12,461247.8,2.0
2022-12,SALARIES (MONTHLY PAYMENTS),haridasan salary,Haridasan Salary,36000,2022-12,461247.8,360.0
2022-12,SALARIES (MONTHLY PAYMENTS),ranjith salary,Ranjith Salary,500,2022-12,461247.8,5.0
2022-12,SALARIES (MONTHLY PAYMENTS),rauf salary,Rauf Salary,4000,2022-12,461247.8,40.0
2022-12,SALARIES (MONTHLY PAYMENTS),salary,Sukumaran Advance Salary,18500,2022-12,461247.8,185.0
2022-12,SALARIES (MONTHLY PAYMENTS),salary,Sonu Salary,17490,2022-12,461247.8,174.9
2022-12,SALARIES (MONTHLY PAYMENTS),salary,Jayan Salary,3000,2022-12,461247.8,30.0
2022-12,SALARIES (MONTHLY PAYMENTS),salary,ashiq Salary,250,2022-12,461247.8,2.5
2022-12,SALARIES (MONTHLY PAYMENTS),santhosh salary,Santhosh Salary,14080,2022-12,461247.8,140.8
2022-12,SALARIES (MONTHLY PAYMENTS),shathru salary,Shathru Salary,18281,2022-12,461247.8,182.81
2022-12,SALARIES (MONTHLY PAYMENTS),shyam salary,Shyam Salary,17084,2022-12,461247.8,170.84
2022-12,SALARIES (MONTHLY PAYMENTS),siyad salary,Siyad Salary,6800,2022-12,461247.8,68.0
2022-12,TRANSPORTATION & AUTO CHARGES,transportation charge,Transportation Charge,310,2022-12,461247.8,0.07
2022-12,UNMAPPED,UNMAPPED,vegitable chy,8300,2022-12,461247.8,1.8
2022-12,UNMAPPED,UNMAPPED,Photo copy,90,2022-12,461247.8,0.02
2022-11,ADVERTISEMENT & MARKETING,advertisement,Advertisement Anniversary Boosting Charges to OTP,1500,2022-11,426001.85,0.35
2022-11,CLEANING & WASTE,waste pickup,Waste Pickup,500,2022-11,426001.85,0.12
2022-11,GAS & FUEL,gas indian,Gas Indian,10300,2022-11,426001.85,2.42
2022-11,GAS & FUEL,generator petrol,Petrol Generator,800,2022-11,426001.85,0.19
2022-11,GAS & FUEL,hp gas,Gas HP,3560,2022-11,426001.85,0.84
2022-11,GAS & FUEL,petrol,Petrol Twister,4200,2022-11,426001.85,0.99
2022-11,GAS & FUEL,petrol,Petrol Discover,3885,2022-11,426001.85,0.91
2022-11,GAS & FUEL,petrol,Petrol Twsiter,300,2022-11,426001.85,0.07
2022-11,GAS & FUEL,petrol,Petrol Pulsar,270,2022-11,426001.85,0.06
2022-11,GAS & FUEL,petrol,Petrol Jayan,200,2022-11,426001.85,0.05
2022-11,LOCAL PURCHASE (MISCELLANEOUS STORE ITEMS),local purchase,Local Purchase,25316,2022-11,426001.85,5.94
2022-11,MISCELLANEOUS / OTHER,donation,Donation,220,2022-11,426001.85,0.05
2022-11,PARTNER & CAPITAL TRANSACTIONS,cash short,cash short,12,2022-11,426001.85,0.0
2022-11,PARTNER & CAPITAL TRANSACTIONS,cash shortage,cash shortage,399,2022-11,426001.85,0.09
2022-11,RENT & UTILITIES,mobile recharge,Recharge,239,2022-11,426001.85,0.06
2022-11,RENT & UTILITIES,rent,Rent,35000,2022-11,426001.85,8.22
2022-11,RENT & UTILITIES,room rent,Room Rent,3600,2022-11,426001.85,0.85
2022-11,SALARIES (MONTHLY PAYMENTS),anas salary,Anas Slary,400,2022-11,426001.85,4.0
2022-11,SALARIES (MONTHLY PAYMENTS),salary,Sukumaran Advance Salary,20000,2022-11,426001.85,200.0
2022-11,SALARIES (MONTHLY PAYMENTS),salary,Sonu Salary,12613,2022-11,426001.85,126.13
2022-11,SALARIES (MONTHLY PAYMENTS),salary,Jayan Salary,12000,2022-11,426001.85,120.0
2022-11,SALARIES (MONTHLY PAYMENTS),salary,Shibil Salary,11000,2022-11,426001.85,110.0
2022-11,SALARIES (MONTHLY PAYMENTS),salary,nafeeh salary,3133,2022-11,426001.85,31.33
2022-11,SALARIES (MONTHLY PAYMENTS),santhosh salary,Santhosh Salary,13600,2022-11,426001.85,136.0
2022-11,SALARIES (MONTHLY PAYMENTS),shathru salary,Shathru Salary,2900,2022-11,426001.85,29.0
2022-11,SALARIES (MONTHLY PAYMENTS),shyam salary,Shyam Salary,14167,2022-11,426001.85,141.67
2022-11,TRANSPORTATION & AUTO CHARGES,transportation charge,Transportation Charge,60,2022-11,426001.85,0.01
2022-11,UNMAPPED,UNMAPPED,vegitable chy,8900,2022-11,426001.85,2.09
2022-10,ADVERTISEMENT & MARKETING,advertisement,Advertisement Safa,12500,2022-10,525426.0,2.38
2022-10,ADVERTISEMENT & MARKETING,advertisement,Advertisement Farooq Cherpulasseri,500,2022-10,525426.0,0.1
2022-10,ADVERTISEMENT & MARKETING,boosting,Boosting ( Ottapalam),1400,2022-10,525426.0,0.27
2022-10,ADVERTISEMENT & MARKETING,notice distribution,Notice Distribution in paper,1250,2022-10,525426.0,0.24
2022-10,BIKE EXPENSES (ALL VEHICLE RELATED),bike maintanance,Bike Maintanance,1650,2022-10,525426.0,0.31
2022-10,BIKE EXPENSES (ALL VEHICLE RELATED),discover maintanance,Discover Maintanance,100,2022-10,525426.0,0.02
2022-10,BIKE EXPENSES (ALL VEHICLE RELATED),insurance bike,Bike insurance,2370,2022-10,525426.0,0.45
2022-10,BIKE EXPENSES (ALL VEHICLE RELATED),tyre,Twister Tyre puncture repair,100,2022-10,525426.0,0.02
2022-10,CLEANING & WASTE,waste pickup,Waste Pickup,600,2022-10,525426.0,0.11
2022-10,DECORATION & EVENTS,balloon decoration,baloon Decoration,2000,2022-10,525426.0,0.38
2022-10,DECORATION & EVENTS,light decoration,Light and Decoration,5470,2022-10,525426.0,1.04
2022-10,FOOD RAW MATERIAL PURCHASE,butter and paneer,Paneer And Butter,2390,2022-10,525426.0,0.45
2022-10,FOOD RAW MATERIAL PURCHASE,butter and paneer,Butter Paneer,1010,2022-10,525426.0,0.19
2022-10,FOOD RAW MATERIAL PURCHASE,ice cube,Ice-Cube,30,2022-10,525426.0,0.01
2022-10,GAS & FUEL,gas indian,Gas Indian,10200,2022-10,525426.0,1.94
2022-10,GAS & FUEL,generator petrol,Petrol Generator,600,2022-10,525426.0,0.11
2022-10,GAS & FUEL,hp gas,Gas HP,3400,2022-10,525426.0,0.65
2022-10,GAS & FUEL,petrol,Petrol Twister,5500,2022-10,525426.0,1.05
2022-10,GAS & FUEL,petrol,Petrol Discover,3900,2022-10,525426.0,0.74
2022-10,GAS & FUEL,petrol,Twister Petrol,700,2022-10,525426.0,0.13
2022-10,GAS & FUEL,petrol,Petrol Pulsar,620,2022-10,525426.0,0.12
2022-10,GAS & FUEL,petrol,Petrol Jayan,295,2022-10,525426.0,0.06
2022-10,GAS & FUEL,petrol,Discover Petrol,200,2022-10,525426.0,0.04
2022-10,GAS & FUEL,petrol,Petrol Shibil,100,2022-10,525426.0,0.02
2022-10,GAS & FUEL,petrol,Pulsar Petrol,50,2022-10,525426.0,0.01
2022-10,"LICENSE, TAX & GOVERNMENT FEES",fssai renewal,Petpooja Renewal,7500,2022-10,525426.0,1.43
2022-10,LOCAL PURCHASE (MISCELLANEOUS STORE ITEMS),local purchase,Local Purchase,22885,2022-10,525426.0,4.36
2022-10,LOCAL PURCHASE (MISCELLANEOUS STORE ITEMS),local purchase pooja items,Local Purchase Pooja items,294,2022-10,525426.0,0.06
2022-10,MAINTENANCE – SHOP & EQUIPMENT,sign board electric work,Shop Sign Board Cleanimng Charges,2000,2022-10,525426.0,0.38
2022-10,MISCELLANEOUS / OTHER,donation,Donation,160,2022-10,525426.0,0.03
2022-10,MISCELLANEOUS / OTHER,jcb charges,JCB,1200,2022-10,525426.0,0.23
2022-10,PARTNER & CAPITAL TRANSACTIONS,cash shortage,cash shortage,1018,2022-10,525426.0,0.19
2022-10,RENT & UTILITIES,mobile recharge,Recharge,239,2022-10,525426.0,0.05
2022-10,RENT & UTILITIES,rent,Rent,30000,2022-10,525426.0,5.71
2022-10,RENT & UTILITIES,staff room rent,Staff Room Rent,3600,2022-10,525426.0,0.69
2022-10,SALARIES (MONTHLY PAYMENTS),haridasan salary,Haridasan Salary,18000,2022-10,525426.0,180.0
2022-10,SALARIES (MONTHLY PAYMENTS),salary,Sukumaran Advance Salary,19000,2022-10,525426.0,190.0
2022-10,SALARIES (MONTHLY PAYMENTS),salary,Sonu Salary,12413,2022-10,525426.0,124.13
2022-10,SALARIES (MONTHLY PAYMENTS),salary,Jayan Salary,12000,2022-10,525426.0,120.0
2022-10,SALARIES (MONTHLY PAYMENTS),salary,Shibil Salary,9700,2022-10,525426.0,97.0
2022-10,SALARIES (MONTHLY PAYMENTS),salary,nafeeh salary,700,2022-10,525426.0,7.0
2022-10,SALARIES (MONTHLY PAYMENTS),santhosh salary,Santhosh Salary,13560,2022-10,525426.0,135.6
2022-10,SALARIES (MONTHLY PAYMENTS),shathru salary,Shathru Salary,24058,2022-10,525426.0,240.58
2022-10,SALARIES (MONTHLY PAYMENTS),shathru salary,Shathru Medical,500,2022-10,525426.0,5.0
2022-10,SALARIES (MONTHLY PAYMENTS),shyam salary,Shyam Salary,14133,2022-10,525426.0,141.33
2022-10,SALARIES (MONTHLY PAYMENTS),yasir salary,Yasir Salary,5195,2022-10,525426.0,51.95
2022-10,STAFF WELFARE & BENEFITS,staff bonus,Staff Bonus,3000,2022-10,525426.0,0.57
2022-10,STAFF WELFARE & BENEFITS,staff food,Staff Food,920,2022-10,525426.0,0.18
2022-10,STAFF WELFARE & BENEFITS,staff party,Staff Party,1759,2022-10,525426.0,0.33
2022-10,STAFF WELFARE & BENEFITS,uniform t shirts,"Looco,s ottapalam T Shirts",660,2022-10,525426.0,0.13
2022-10,TRANSPORTATION & AUTO CHARGES,transportation charge,Transportation Charge,660,2022-10,525426.0,0.13
2022-10,UNMAPPED,UNMAPPED,vegitable chy,12500,2022-10,525426.0,2.38
2022-10,UNMAPPED,UNMAPPED,Vegitable  Hisham,1211,2022-10,525426.0,0.23
2022-10,UNMAPPED,UNMAPPED,"Looco,s ottapalam notice",424,2022-10,525426.0,0.08
2022-10,UNMAPPED,UNMAPPED,Medicine,45,2022-10,525426.0,0.01
2022-09,ADVERTISEMENT & MARKETING,advertisement onam,Advertisement Onam,350,2022-09,455930.64999999997,0.08
2022-09,ADVERTISEMENT & MARKETING,boosting,Boosting ( Arjun),500,2022-09,455930.64999999997,0.11
2022-09,ADVERTISEMENT & MARKETING,notice advertisement,Advertisement-Notice,3000,2022-09,455930.64999999997,0.66
2022-09,BIKE EXPENSES (ALL VEHICLE RELATED),bike maintanance,Bike tier maintanance,1900,2022-09,455930.64999999997,0.42
2022-09,BIKE EXPENSES (ALL VEHICLE RELATED),discover maintanance,Water Filter Maintanance,3000,2022-09,455930.64999999997,0.66
2022-09,BIKE EXPENSES (ALL VEHICLE RELATED),discover maintanance,Discover Maintanance,1350,2022-09,455930.64999999997,0.3
2022-09,CLEANING & WASTE,cleaning liquid,Cleaning liquid,100,2022-09,455930.64999999997,0.02
2022-09,CLEANING & WASTE,soap powder,Soap powder,150,2022-09,455930.64999999997,0.03
2022-09,CLEANING & WASTE,waste pickup,Waste Pickup,500,2022-09,455930.64999999997,0.11
2022-09,GAS & FUEL,gas indian,Gas Indian,12180,2022-09,455930.64999999997,2.67
2022-09,GAS & FUEL,generator petrol,Petrol Generator,400,2022-09,455930.64999999997,0.09
2022-09,GAS & FUEL,hp gas,Gas HP,1700,2022-09,455930.64999999997,0.37
2022-09,GAS & FUEL,petrol,Petrol Twister,6241,2022-09,455930.64999999997,1.37
2022-09,GAS & FUEL,petrol,Petrol Discover,3700,2022-09,455930.64999999997,0.81
2022-09,GAS & FUEL,petrol,Petrol Pulsar,350,2022-09,455930.64999999997,0.08
2022-09,GAS & FUEL,petrol,Petrol Jayan,110,2022-09,455930.64999999997,0.02
2022-09,"LICENSE, TAX & GOVERNMENT FEES",license renewal,License Document Works,30,2022-09,455930.64999999997,0.01
2022-09,LOCAL PURCHASE (MISCELLANEOUS STORE ITEMS),local purchase,Local Purchase,26465,2022-09,455930.64999999997,5.8
2022-09,MAINTENANCE – SHOP & EQUIPMENT,cctv maintenance,CCTV Maintenance,130,2022-09,455930.64999999997,0.03
2022-09,MAINTENANCE – SHOP & EQUIPMENT,water lab testing,Drinking Water Testing Charges,1000,2022-09,455930.64999999997,0.22
2022-09,MISCELLANEOUS / OTHER,donation,Donation,150,2022-09,455930.64999999997,0.03
2022-09,PACKAGING & DISPOSABLES,menu printing,printing (QR Code),30,2022-09,455930.64999999997,0.01
2022-09,PARTNER & CAPITAL TRANSACTIONS,cash shortage,cash shortage,516,2022-09,455930.64999999997,0.11
2022-09,PARTNER & CAPITAL TRANSACTIONS,manoj advance,Manoj Advance,5000,2022-09,455930.64999999997,1.1
2022-09,RENT & UTILITIES,mobile recharge,Recharge,259,2022-09,455930.64999999997,0.06
2022-09,RENT & UTILITIES,mobile recharge,Mobile Recharge,20,2022-09,455930.64999999997,0.0
2022-09,RENT & UTILITIES,rent,Rent,30000,2022-09,455930.64999999997,6.58
2022-09,RENT & UTILITIES,room rent,Room Rent,3600,2022-09,455930.64999999997,0.79
2022-09,SALARIES (MONTHLY PAYMENTS),anas salary,Anas Slary,3166,2022-09,455930.64999999997,31.66
2022-09,SALARIES (MONTHLY PAYMENTS),anis salary,Anis Salary,2333,2022-09,455930.64999999997,23.33
2022-09,SALARIES (MONTHLY PAYMENTS),haridasan salary,Haridasan Salary,18000,2022-09,455930.64999999997,180.0
2022-09,SALARIES (MONTHLY PAYMENTS),salary,Sukumaran Advance Salary,24530,2022-09,455930.64999999997,245.3
2022-09,SALARIES (MONTHLY PAYMENTS),salary,Jayan Salary,12000,2022-09,455930.64999999997,120.0
2022-09,SALARIES (MONTHLY PAYMENTS),salary,Sonu Salary,11666,2022-09,455930.64999999997,116.66
2022-09,SALARIES (MONTHLY PAYMENTS),salary,Shibil Salary,11300,2022-09,455930.64999999997,113.0
2022-09,SALARIES (MONTHLY PAYMENTS),santhosh salary,Santhosh Salary,11120,2022-09,455930.64999999997,111.2
2022-09,SALARIES (MONTHLY PAYMENTS),shathru salary,Shathru Salary,14800,2022-09,455930.64999999997,148.0
2022-09,SALARIES (MONTHLY PAYMENTS),shyam salary,Shyam Salary,13741,2022-09,455930.64999999997,137.41
2022-09,SALARIES (MONTHLY PAYMENTS),yasir salary,Yasir Salary,833,2022-09,455930.64999999997,8.33
2022-09,STAFF WELFARE & BENEFITS,health card,health Card & Testing,165,2022-09,455930.64999999997,0.04
2022-09,STAFF WELFARE & BENEFITS,onam bonus,Onam Bonus,2500,2022-09,455930.64999999997,0.55
2022-09,STAFF WELFARE & BENEFITS,staff party,Staff Party,750,2022-09,455930.64999999997,0.16
2022-09,TRANSPORTATION & AUTO CHARGES,transportation charge,Transportation Charge,640,2022-09,455930.64999999997,0.14
2022-09,UNMAPPED,UNMAPPED,vegitable chy,10400,2022-09,455930.64999999997,2.28
2022-09,UNMAPPED,UNMAPPED,Bill Cancellation,230,2022-09,455930.64999999997,0.05
2022-09,UNMAPPED,UNMAPPED,Medicine,10,2022-09,455930.64999999997,0.0
2022-08,ADVERTISEMENT & MARKETING,poster printing,Poster Printing & Lamination,120,2022-08,502191.85,0.02
2022-08,ADVERTISEMENT & MARKETING,poster printing,Poster Printing,50,2022-08,502191.85,0.01
2022-08,BIKE EXPENSES (ALL VEHICLE RELATED),tyre,Tyre for Discovery,1300,2022-08,502191.85,0.26
2022-08,BIKE EXPENSES (ALL VEHICLE RELATED),tyre,Tyre changing charge,100,2022-08,502191.85,0.02
2022-08,CLEANING & WASTE,waste pickup,Waste Pickup,500,2022-08,502191.85,0.1
2022-08,FOOD RAW MATERIAL PURCHASE,chicken,Chicken,433,2022-08,502191.85,0.09
2022-08,FOOD RAW MATERIAL PURCHASE,mutton,Mutton,150,2022-08,502191.85,0.03
2022-08,GAS & FUEL,gas indian,Gas Indian,10980,2022-08,502191.85,2.19
2022-08,GAS & FUEL,generator petrol,Petrol Generator,300,2022-08,502191.85,0.06
2022-08,GAS & FUEL,hp gas,Gas HP,3540,2022-08,502191.85,0.7
2022-08,GAS & FUEL,petrol,Petrol Twister,5450,2022-08,502191.85,1.09
2022-08,GAS & FUEL,petrol,Petrol Discover,4520,2022-08,502191.85,0.9
2022-08,GAS & FUEL,petrol,Petrol Jayan,110,2022-08,502191.85,0.02
2022-08,"LICENSE, TAX & GOVERNMENT FEES",fssai certificate,FSSI Certificate Renewal,250,2022-08,502191.85,0.05
2022-08,LOCAL PURCHASE (MISCELLANEOUS STORE ITEMS),local purchase,Local Purchase,26769,2022-08,502191.85,5.33
2022-08,MAINTENANCE – SHOP & EQUIPMENT,cctv maintenance,CCTV Advance,2500,2022-08,502191.85,0.5
2022-08,MAINTENANCE – SHOP & EQUIPMENT,cctv maintenance,Project work - Maintenance,255,2022-08,502191.85,0.05
2022-08,MAINTENANCE – SHOP & EQUIPMENT,electrical maintenance,Electrical Maintanance,150,2022-08,502191.85,0.03
2022-08,MISCELLANEOUS / OTHER,donation,Donation,130,2022-08,502191.85,0.03
2022-08,PARTNER & CAPITAL TRANSACTIONS,cash short,cash short,75,2022-08,502191.85,0.01
2022-08,PARTNER & CAPITAL TRANSACTIONS,cash shortage,Cash Tray,800,2022-08,502191.85,0.16
2022-08,PARTNER & CAPITAL TRANSACTIONS,cash shortage,cash shortage,267,2022-08,502191.85,0.05
2022-08,PARTNER & CAPITAL TRANSACTIONS,partners share,Partners Share,19418,2022-08,502191.85,3.87
2022-08,RENT & UTILITIES,mobile recharge,Recharge,259,2022-08,502191.85,0.05
2022-08,RENT & UTILITIES,rent,Rent,29500,2022-08,502191.85,5.87
2022-08,RENT & UTILITIES,room rent,Room Rent,3600,2022-08,502191.85,0.72
2022-08,SALARIES (MONTHLY PAYMENTS),anas salary,Anas Slary,2333,2022-08,502191.85,23.33
2022-08,SALARIES (MONTHLY PAYMENTS),haridasan salary,Haridasan Salary,36000,2022-08,502191.85,360.0
2022-08,SALARIES (MONTHLY PAYMENTS),salary,Shyam Advance Salary,9239,2022-08,502191.85,92.39
2022-08,SALARIES (MONTHLY PAYMENTS),salary,Sonu Salary,7915,2022-08,502191.85,79.15
2022-08,SALARIES (MONTHLY PAYMENTS),salary,Sonu Advance Salary,7495,2022-08,502191.85,74.95
2022-08,SALARIES (MONTHLY PAYMENTS),salary,Jayan Salary,7200,2022-08,502191.85,72.0
2022-08,SALARIES (MONTHLY PAYMENTS),salary,shibil Advace Salary,4000,2022-08,502191.85,40.0
2022-08,SALARIES (MONTHLY PAYMENTS),salary,Shathru Advance Salary,3866,2022-08,502191.85,38.66
2022-08,SALARIES (MONTHLY PAYMENTS),salary,Arjun Staff Salary,2000,2022-08,502191.85,20.0
2022-08,SALARIES (MONTHLY PAYMENTS),salary,Shibil Salary,1600,2022-08,502191.85,16.0
2022-08,SALARIES (MONTHLY PAYMENTS),salary,Santhosh Advance Salary,1599,2022-08,502191.85,15.99
2022-08,SALARIES (MONTHLY PAYMENTS),salary,Athif Salary,1000,2022-08,502191.85,10.0
2022-08,SALARIES (MONTHLY PAYMENTS),santhosh salary,Santhosh Salary,15001,2022-08,502191.85,150.01
2022-08,SALARIES (MONTHLY PAYMENTS),shathru salary,Shathru Salary,29434,2022-08,502191.85,294.34
2022-08,SALARIES (MONTHLY PAYMENTS),shyam salary,Syam Salary,5094,2022-08,502191.85,50.94
2022-08,STAFF WELFARE & BENEFITS,staff party,Staff Party,400,2022-08,502191.85,0.08
2022-08,TRANSPORTATION & AUTO CHARGES,transportation charge,Transportation Charge,70,2022-08,502191.85,0.01
2022-08,UNMAPPED,UNMAPPED,Vegitable,7400,2022-08,502191.85,1.47
2022-08,UNMAPPED,UNMAPPED,vegitable chy,2220,2022-08,502191.85,0.44
2022-08,UNMAPPED,UNMAPPED,"Looco,s pattambi",1630,2022-08,502191.85,0.32
2022-08,UNMAPPED,UNMAPPED,Lakshyam Foods,630,2022-08,502191.85,0.13
2022-08,UNMAPPED,UNMAPPED,Vegitables Pattambi,530,2022-08,502191.85,0.11
2022-07,ADVERTISEMENT & MARKETING,advertisement,Advertisement,1200,2022-07,558955.2999999999,0.21
2022-07,BIKE EXPENSES (ALL VEHICLE RELATED),chain kit labour,Painting Labour Charges,1400,2022-07,558955.2999999999,0.25
2022-07,CLEANING & WASTE,waste pickup,Waste Pickup,500,2022-07,558955.2999999999,0.09
2022-07,CLEANING & WASTE,wiping cloth,Wipping Cloth,149,2022-07,558955.2999999999,0.03
2022-07,FOOD RAW MATERIAL PURCHASE,butter and paneer,Paneer And Butter,610,2022-07,558955.2999999999,0.11
2022-07,FOOD RAW MATERIAL PURCHASE,chicken,Chicken,893,2022-07,558955.2999999999,0.16
2022-07,FOOD RAW MATERIAL PURCHASE,ice cube,Ice Cube,90,2022-07,558955.2999999999,0.02
2022-07,GAS & FUEL,gas indian,Gas Indian,11160,2022-07,558955.2999999999,2.0
2022-07,GAS & FUEL,generator petrol,Petrol Generator,500,2022-07,558955.2999999999,0.09
2022-07,GAS & FUEL,hp gas,Gas,3660,2022-07,558955.2999999999,0.65
2022-07,GAS & FUEL,hp gas,Gas HP,1800,2022-07,558955.2999999999,0.32
2022-07,GAS & FUEL,petrol,Petrol Discover,3910,2022-07,558955.2999999999,0.7
2022-07,GAS & FUEL,petrol,Petrol,3730,2022-07,558955.2999999999,0.67
2022-07,GAS & FUEL,petrol,Petrol Twister,2500,2022-07,558955.2999999999,0.45
2022-07,GAS & FUEL,petrol,Petrol Boxer,900,2022-07,558955.2999999999,0.16
2022-07,GAS & FUEL,petrol,Petrol Pulsar,400,2022-07,558955.2999999999,0.07
2022-07,GAS & FUEL,petrol,Petrol bottle,200,2022-07,558955.2999999999,0.04
2022-07,LOCAL PURCHASE (MISCELLANEOUS STORE ITEMS),local purchase,Local Purchase,25210,2022-07,558955.2999999999,4.51
2022-07,MAINTENANCE – SHOP & EQUIPMENT,cctv maintenance,CCTV Advance,18500,2022-07,558955.2999999999,3.31
2022-07,MAINTENANCE – SHOP & EQUIPMENT,mixer jar repair,Mixi Jar Repair,230,2022-07,558955.2999999999,0.04
2022-07,MAINTENANCE – SHOP & EQUIPMENT,table paint,Paint for Table and Chair,340,2022-07,558955.2999999999,0.06
2022-07,MISCELLANEOUS / OTHER,donation,Donation,166,2022-07,558955.2999999999,0.03
2022-07,PARTNER & CAPITAL TRANSACTIONS,bike advance,Bike Advance,15000,2022-07,558955.2999999999,2.68
2022-07,PARTNER & CAPITAL TRANSACTIONS,cash short,cash short,18,2022-07,558955.2999999999,0.0
2022-07,PARTNER & CAPITAL TRANSACTIONS,cash shortage,cash shortage,197,2022-07,558955.2999999999,0.04
2022-07,PARTNER & CAPITAL TRANSACTIONS,deposited to bank,Deposited To Bank,45000,2022-07,558955.2999999999,8.05
2022-07,RENT & UTILITIES,electrical bill,Electrical bill,1448,2022-07,558955.2999999999,0.26
2022-07,RENT & UTILITIES,mobile recharge,Mobile Recharge,239,2022-07,558955.2999999999,0.04
2022-07,RENT & UTILITIES,rent,Rent,30000,2022-07,558955.2999999999,5.37
2022-07,RENT & UTILITIES,room rent,Room Rent,3600,2022-07,558955.2999999999,0.64
2022-07,SALARIES (MONTHLY PAYMENTS),fasil salary,Fasil Salary,8132,2022-07,558955.2999999999,81.32
2022-07,SALARIES (MONTHLY PAYMENTS),haridasan salary,Haridasan Salary,18000,2022-07,558955.2999999999,180.0
2022-07,SALARIES (MONTHLY PAYMENTS),salary,Sukumaran Advance Salary,31000,2022-07,558955.2999999999,310.0
2022-07,SALARIES (MONTHLY PAYMENTS),salary,Shathru Advance Salary,16188,2022-07,558955.2999999999,161.88
2022-07,SALARIES (MONTHLY PAYMENTS),salary,Shamil Salary settlment,7470,2022-07,558955.2999999999,74.7
2022-07,SALARIES (MONTHLY PAYMENTS),salary,Athif Salary,4200,2022-07,558955.2999999999,42.0
2022-07,SALARIES (MONTHLY PAYMENTS),salary,Arjun Staff Advance Salary,3000,2022-07,558955.2999999999,30.0
2022-07,SALARIES (MONTHLY PAYMENTS),salary,Shyam Advance Salary,2200,2022-07,558955.2999999999,22.0
2022-07,SALARIES (MONTHLY PAYMENTS),salary,Athif Advance Salary,1600,2022-07,558955.2999999999,16.0
2022-07,SALARIES (MONTHLY PAYMENTS),salary,Santhosh Advance Salary,1465,2022-07,558955.2999999999,14.65
2022-07,SALARIES (MONTHLY PAYMENTS),salary,Fasil Advance Salary,1184,2022-07,558955.2999999999,11.84
2022-07,SALARIES (MONTHLY PAYMENTS),salary,Sonu Advance Salary,439,2022-07,558955.2999999999,4.39
2022-07,SALARIES (MONTHLY PAYMENTS),santhosh salary,Santhosh Salary,12935,2022-07,558955.2999999999,129.35
2022-07,SALARIES (MONTHLY PAYMENTS),shathru salary,Shathru Salary,7112,2022-07,558955.2999999999,71.12
2022-07,SALARIES (MONTHLY PAYMENTS),shyam salary,Shyam Salary,12466,2022-07,558955.2999999999,124.66
2022-07,STAFF WELFARE & BENEFITS,staff food,Staff Food,70,2022-07,558955.2999999999,0.01
2022-07,STAFF WELFARE & BENEFITS,staff party,Staff Party,1040,2022-07,558955.2999999999,0.19
2022-07,STAFF WELFARE & BENEFITS,uniform shirts,Uniform shirts,1100,2022-07,558955.2999999999,0.2
2022-07,TRANSPORTATION & AUTO CHARGES,bus transportation,Bus Transportation,100,2022-07,558955.2999999999,0.02
2022-07,TRANSPORTATION & AUTO CHARGES,transportation charge,Twister Maintanance (parts & Transportation),3963,2022-07,558955.2999999999,0.71
2022-07,UNMAPPED,UNMAPPED,Vegitable,10500,2022-07,558955.2999999999,1.88
2022-07,UNMAPPED,UNMAPPED,Maintnence Plumbing,754,2022-07,558955.2999999999,0.13
2022-07,UNMAPPED,UNMAPPED,Medicine,104,2022-07,558955.2999999999,0.02
2022-07,UNMAPPED,UNMAPPED,Drinking Water (20 ltr),60,2022-07,558955.2999999999,0.01
2022-07,UNMAPPED,UNMAPPED,Mask,5,2022-07,558955.2999999999,0.0
2022-06,ADVERTISEMENT & MARKETING,advertisement,Advertisement,200,2022-06,435755.5,0.05
2022-06,BIKE EXPENSES (ALL VEHICLE RELATED),bike maintanance,Bike Maintanance,5150,2022-06,435755.5,1.18
2022-06,BIKE EXPENSES (ALL VEHICLE RELATED),bike maintanance,Seat cover for bike Maintanance,300,2022-06,435755.5,0.07
2022-06,BIKE EXPENSES (ALL VEHICLE RELATED),bike maintanance,Pollution Test - Bike Maintanance,80,2022-06,435755.5,0.02
2022-06,CLEANING & WASTE,cleaning towel,Cleaning Towel,339,2022-06,435755.5,0.08
2022-06,CLEANING & WASTE,soap powder,Soap powder,250,2022-06,435755.5,0.06
2022-06,CLEANING & WASTE,waste pickup,Waste Pickup,600,2022-06,435755.5,0.14
2022-06,FOOD RAW MATERIAL PURCHASE,butter,Butter,1580,2022-06,435755.5,0.36
2022-06,FOOD RAW MATERIAL PURCHASE,chicken,Chicken,19638,2022-06,435755.5,4.51
2022-06,FOOD RAW MATERIAL PURCHASE,french fries,Amelia French Fries,2750,2022-06,435755.5,0.63
2022-06,FOOD RAW MATERIAL PURCHASE,ice cream,Ice-Cream,1950,2022-06,435755.5,0.45
2022-06,FOOD RAW MATERIAL PURCHASE,ice cube,Ice-Cube,90,2022-06,435755.5,0.02
2022-06,FOOD RAW MATERIAL PURCHASE,ice cube,Ice Cube,45,2022-06,435755.5,0.01
2022-06,FOOD RAW MATERIAL PURCHASE,pasta,Pasta,800,2022-06,435755.5,0.18
2022-06,GAS & FUEL,hp gas,Gas,16270,2022-06,435755.5,3.73
2022-06,GAS & FUEL,petrol,Petrol,12560,2022-06,435755.5,2.88
2022-06,"LICENSE, TAX & GOVERNMENT FEES",gst,Gst,24094,2022-06,435755.5,5.53
2022-06,LOCAL PURCHASE (MISCELLANEOUS STORE ITEMS),local purchase,Local Purchase,20283,2022-06,435755.5,4.65
2022-06,MAINTENANCE – SHOP & EQUIPMENT,electrical maintenance,Electrical Maintanance,683,2022-06,435755.5,0.16
2022-06,MISCELLANEOUS / OTHER,donation,Donation,20,2022-06,435755.5,0.0
2022-06,MISCELLANEOUS / OTHER,royalty,Royalty,27914,2022-06,435755.5,6.41
2022-06,PACKAGING & DISPOSABLES,paper bag,Paper Bag,1775,2022-06,435755.5,0.41
2022-06,PACKAGING & DISPOSABLES,wooden plates,Wooden Plates,4115,2022-06,435755.5,0.94
2022-06,PARTNER & CAPITAL TRANSACTIONS,adjustment,Adjustment,108415,2022-06,435755.5,24.88
2022-06,PARTNER & CAPITAL TRANSACTIONS,credited to bank,Credited To Bank,7143,2022-06,435755.5,1.64
2022-06,PARTNER & CAPITAL TRANSACTIONS,deposited to bank,Deposited To Bank,78115,2022-06,435755.5,17.93
2022-06,PARTNER & CAPITAL TRANSACTIONS,inverter advance development,Inverter Advance Development,8500,2022-06,435755.5,1.95
2022-06,PARTNER & CAPITAL TRANSACTIONS,manoj advance,Arjun Staff Advance,6200,2022-06,435755.5,1.42
2022-06,PARTNER & CAPITAL TRANSACTIONS,missing amount,Missing Amount,56,2022-06,435755.5,0.01
2022-06,PARTNER & CAPITAL TRANSACTIONS,no change,No Change,11,2022-06,435755.5,0.0
2022-06,PARTNER & CAPITAL TRANSACTIONS,no change,No change,7,2022-06,435755.5,0.0
2022-06,PARTNER & CAPITAL TRANSACTIONS,opening balance,Opening Balance,93854,2022-06,435755.5,21.54
2022-06,PARTNER & CAPITAL TRANSACTIONS,opening bank balance,Opening Bank Balance,49318,2022-06,435755.5,11.32
2022-06,PARTNER & CAPITAL TRANSACTIONS,partner share,Partner share Manoj,30000,2022-06,435755.5,6.88
2022-06,PARTNER & CAPITAL TRANSACTIONS,partner share,Manoj Partner Share,8150,2022-06,435755.5,1.87
2022-06,RENT & UTILITIES,mobile recharge,Recharge,239,2022-06,435755.5,0.05
2022-06,RENT & UTILITIES,neft transaction charges,Neft Transaction Charges,56,2022-06,435755.5,0.01
2022-06,RENT & UTILITIES,pos machine charges,Pos Machine Charges,667,2022-06,435755.5,0.15
2022-06,RENT & UTILITIES,rent,Rent,10000,2022-06,435755.5,2.29
2022-06,RENT & UTILITIES,room rent,Room Rent,20000,2022-06,435755.5,4.59
2022-06,RENT & UTILITIES,sms charges,Sms Charges,236,2022-06,435755.5,0.05
2022-06,RENT & UTILITIES,staff room rent,Staff Room Rent,3700,2022-06,435755.5,0.85
2022-06,SALARIES (MONTHLY PAYMENTS),fasil salary,Fasil Salary,800,2022-06,435755.5,8.0
2022-06,SALARIES (MONTHLY PAYMENTS),hissan salary,Hissan Salary,10000,2022-06,435755.5,100.0
2022-06,SALARIES (MONTHLY PAYMENTS),salary,Salary,39587,2022-06,435755.5,395.87
2022-06,SALARIES (MONTHLY PAYMENTS),salary,Athif Advance Salary,5800,2022-06,435755.5,58.0
2022-06,SALARIES (MONTHLY PAYMENTS),salary,Sukumaran Advance Salary,5000,2022-06,435755.5,50.0
2022-06,SALARIES (MONTHLY PAYMENTS),salary,Arjun Staff Salary,4700,2022-06,435755.5,47.0
2022-06,SALARIES (MONTHLY PAYMENTS),salary,Fasil Advance Salary,4250,2022-06,435755.5,42.5
2022-06,SALARIES (MONTHLY PAYMENTS),salary,Shathru Advance Salary,1000,2022-06,435755.5,10.0
2022-06,SALARIES (MONTHLY PAYMENTS),salary,Shyam Advance Salary,700,2022-06,435755.5,7.0
2022-06,SALARIES (MONTHLY PAYMENTS),salary,Santhosh Advance Salary,400,2022-06,435755.5,4.0
2022-06,SALARIES (MONTHLY PAYMENTS),salary,Shamil Salary Advance,200,2022-06,435755.5,2.0
2022-06,SALARIES (MONTHLY PAYMENTS),salary,Arjun Staff Advance Salary,100,2022-06,435755.5,1.0
2022-06,SALARIES (MONTHLY PAYMENTS),santhosh salary,Santhosh Salary,13760,2022-06,435755.5,137.6
2022-06,SALARIES (MONTHLY PAYMENTS),shathru salary,Shathru Salary,18000,2022-06,435755.5,180.0
2022-06,SALARIES (MONTHLY PAYMENTS),shyam salary,Shyam Salary,12866,2022-06,435755.5,128.66
2022-06,SALARIES (MONTHLY PAYMENTS),shyam salary,Syam Salary,600,2022-06,435755.5,6.0
2022-06,SALARIES (MONTHLY PAYMENTS),sukumaran salary,Sukumaran Salary,5000,2022-06,435755.5,50.0
2022-06,STAFF WELFARE & BENEFITS,staff party,Staff Party,640,2022-06,435755.5,0.15
2022-06,STAFF WELFARE & BENEFITS,uniform t shirts,New T-Shirt,2000,2022-06,435755.5,0.46
2022-06,TRANSPORTATION & AUTO CHARGES,transportation charge,Transportation Charge,610,2022-06,435755.5,0.14
2022-06,UNMAPPED,UNMAPPED,Koonathil Traders,124730,2022-06,435755.5,28.62
2022-06,UNMAPPED,UNMAPPED,Lakshyam Foods - Masala,28118,2022-06,435755.5,6.45
2022-06,UNMAPPED,UNMAPPED,Essar Associates,17704,2022-06,435755.5,4.06
2022-06,UNMAPPED,UNMAPPED,Lakhyam Foods Masala,15541,2022-06,435755.5,3.57
2022-06,UNMAPPED,UNMAPPED,Vegitable,13100,2022-06,435755.5,3.01
2022-06,UNMAPPED,UNMAPPED,Narayana Traders,9350,2022-06,435755.5,2.15
2022-06,UNMAPPED,UNMAPPED,Taha Enterprises,6144,2022-06,435755.5,1.41
2022-06,UNMAPPED,UNMAPPED,United Trading Academy,2484,2022-06,435755.5,0.57
2022-06,UNMAPPED,UNMAPPED,Ishanys Accounting Charges,2000,2022-06,435755.5,0.46
2022-06,UNMAPPED,UNMAPPED,Medicine,210,2022-06,435755.5,0.05
2022-06,UNMAPPED,UNMAPPED,Bill Cancellation,89,2022-06,435755.5,0.02
2022-06,UNMAPPED,UNMAPPED,Photo copy,3,2022-06,435755.5,0.0
2022-05,SALARIES (MONTHLY PAYMENTS),fasil salary,Fasil Salary,5860,,0.0,58.6
2022-05,SALARIES (MONTHLY PAYMENTS),hissan salary,Hissan Salary,1332,,0.0,13.32
2022-05,SALARIES (MONTHLY PAYMENTS),salary,Sukumaran Salary For May,25000,,0.0,250.0
2022-05,SALARIES (MONTHLY PAYMENTS),salary,Shathru Advance Salary,16911,,0.0,169.11
2022-05,SALARIES (MONTHLY PAYMENTS),salary,Santhosh Advance Salary,14481,,0.0,144.81
2022-05,SALARIES (MONTHLY PAYMENTS),salary,Syam Adavance Salary,13465,,0.0,134.65
2022-05,SALARIES (MONTHLY PAYMENTS),salary,Athif Advance Salary,7200,,0.0,72.0
2022-05,SALARIES (MONTHLY PAYMENTS),santhosh salary,Santhosh Salary,100,,0.0,1.0
2022-05,SALARIES (MONTHLY PAYMENTS),sifan salary,Sifan Vegitable,3000,,0.0,30.0
