YEAR_MONTH,Txn_Date,Invoice_No,Item_Name,Price,Qty,Sub_Total,Discount,Final_Total,Variation,Category
2026-01,2026-01-01,8271.0,Mexicana Pizza (9 Inch),475.0,1.0,475.0,0.0,498.76,9 Inch,Non Veg Pizza
2026-01,2026-01-01,8271.0,Pineapple Juice,80.0,1.0,80.0,0.0,84.0,,Shakes & Juices
2026-01,2026-01-01,8271.0,Chicken Popcorn,135.0,1.0,135.0,0.0,141.76,,Munchies
2026-01,2026-01-01,8271.0,Regular Chicken Burger,105.0,1.0,105.0,0.0,110.26,,Burger
2026-01,2026-01-01,8271.0,Mint Lime Juice,45.0,1.0,45.0,0.0,47.26,,Shakes & Juices
2026-01,2026-01-01,8271.0,Blue Curacao,99.0,1.0,99.0,0.0,103.96,,Mojitos
2026-01,2026-01-01,8271.0,Chicken Pasta,275.0,1.0,275.0,0.0,288.76,,Pasta
2026-01,2026-01-01,8270.0,Super Saver Meal Medium,499.0,1.0,499.0,0.0,523.96,,Combos
2026-01,2026-01-01,8269.0,Super Saver Meal Regular,299.0,1.0,299.0,0.0,313.96,,Combos
2026-01,2026-01-01,8269.0,Pizza Upgrade,30.0,1.0,30.0,0.0,31.5,,Soft Drinks
2026-01,2026-01-01,8269.0,Passion Fruit,99.0,1.0,99.0,0.0,103.96,,Mojitos
2026-01,2026-01-01,8268.0,Veg Tandoori Paneer Pizza (12 Inch),685.0,1.0,685.0,0.0,719.26,12 Inch,Veg Pizza
2026-01,2026-01-01,8268.0,Mexicana Pizza (12 Inch),685.0,1.0,685.0,0.0,719.26,12 Inch,Non Veg Pizza
2026-01,2026-01-01,8267.0,Soda,20.0,1.0,20.0,0.0,20.0,,Soft Drinks
2026-01,2026-01-01,8266.0,Red Indian Pizza (7 Inch),299.0,1.0,299.0,0.0,313.96,7 Inch,Non Veg Pizza
2026-01,2026-01-01,8266.0,French Fries,95.0,1.0,95.0,0.0,99.76,,Munchies
2026-01,2026-01-01,8265.0,Super Saver Meal Regular,299.0,1.0,299.0,0.0,313.96,,Combos
2026-01,2026-01-01,8264.0,Pepsi@40rs,40.0,1.0,40.0,0.0,40.0,,Soft Drinks
2026-01,2026-01-01,8263.0,Schezwan Paneer (7 Inch),299.0,1.0,299.0,0.0,313.96,7 Inch,Veg Pizza
2026-01,2026-01-01,8263.0,Fiery Chicken Pizza (7 Inch),245.0,1.0,245.0,0.0,257.26,7 Inch,Non Veg Pizza
2026-01,2026-01-01,8262.0,2 Regular Veg@349,389.0,1.0,389.0,0.0,408.46,,Combos
2026-01,2026-01-01,8262.0,French Fries,95.0,1.0,95.0,0.0,99.76,,Munchies
2026-01,2026-01-01,8261.0,Chocolate Shake,99.0,1.0,99.0,0.0,99.0,,Shakes & Juices
2026-01,2026-01-01,8261.0,2 Regular Non-veg@409,489.0,1.0,489.0,0.0,513.46,,Combos
2026-01,2026-01-01,8261.0,Green Apple,99.0,1.0,99.0,0.0,103.96,,Mojitos
2026-01,2026-01-01,8261.0,2 Medium Non-veg@759,759.0,1.0,759.0,0.0,796.96,,Combos
2026-01,2026-01-01,8260.0,Hot Chicken Pizza (7 Inch),245.0,1.0,245.0,0.0,257.26,7 Inch,Non Veg Pizza
2026-01,2026-01-01,8260.0,2 Regular Veg@349,429.0,1.0,429.0,0.0,450.46,,Combos
2026-01,2026-01-01,8260.0,Supreme Veg Pizza (7 Inch),299.0,1.0,299.0,0.0,313.96,7 Inch,Veg Pizza
2026-01,2026-01-01,8260.0,Paneer Tikka Butter Masala (7 Inch),299.0,1.0,299.0,0.0,313.96,7 Inch,Veg Pizza
2026-01,2026-01-01,8260.0,Garlic Bread Supreme [veg],165.0,2.0,330.0,0.0,346.5,,Garlic Bread
2026-01,2026-01-01,8260.0,Pepsi@50rs,50.0,1.0,50.0,0.0,50.0,,Soft Drinks
2026-01,2026-01-01,8260.0,Mdew 250ml Pet,20.0,2.0,40.0,0.0,40.0,,Soft Drinks
2026-01,2026-01-01,8260.0,Pepsi 250ml Pet,20.0,1.0,20.0,0.0,20.0,,Soft Drinks
2026-01,2026-01-01,8259.0,Butter Chicken Pizza (12 Inch),685.0,1.0,685.0,0.0,719.26,12 Inch,Non Veg Pizza
2026-01,2026-01-01,8258.0,Hot Chicken Pizza (12 Inch),655.0,1.0,655.0,0.0,687.76,12 Inch,Non Veg Pizza
2026-01,2026-01-01,8258.0,Burger Combo @ 169,169.0,2.0,338.0,0.0,354.9,,Burger
2026-01,2026-01-01,8258.0,French Fries,95.0,1.0,95.0,0.0,99.76,,Munchies
2026-01,2026-01-01,8257.0,Schezwan Chicken (12 Inch),685.0,1.0,685.0,0.0,719.26,12 Inch,Non Veg Pizza
2026-01,2026-01-01,8257.0,French Fries,95.0,1.0,95.0,0.0,99.76,,Munchies
2026-01,2026-01-01,8257.0,Peri Peri Dip,30.0,1.0,30.0,0.0,31.5,,Munchies
2026-01,2026-01-01,8256.0,Tandoori Chicken Pizza (9 Inch),475.0,1.0,475.0,0.0,498.76,9 Inch,Non Veg Pizza
2026-01,2026-01-01,8256.0,Green Apple,99.0,1.0,99.0,0.0,103.96,,Mojitos
2026-01,2026-01-01,8256.0,Bubble Gum,99.0,1.0,99.0,0.0,103.96,,Mojitos
2026-01,2026-01-01,8256.0,Chocolate Shake,99.0,1.0,99.0,0.0,99.0,,Shakes & Juices
2026-01,2026-01-01,8256.0,Tandoori Chicken Pizza (7 Inch),299.0,1.0,299.0,0.0,313.96,7 Inch,Non Veg Pizza
2026-01,2026-01-01,8255.0,Tandoori Chicken Pizza (9 Inch),475.0,1.0,475.0,0.0,498.76,9 Inch,Non Veg Pizza
2026-01,2026-01-01,8254.0,Regular Chicken Burger,105.0,1.0,105.0,0.0,110.26,,Burger
2026-01,2026-01-01,8254.0,Water Melon,99.0,1.0,99.0,0.0,103.96,,Mojitos
2026-01,2026-01-01,8254.0,Grapes Juice,80.0,1.0,80.0,0.0,84.0,,Shakes & Juices
2026-01,2026-01-01,8253.0,2 Medium Non-veg@759,859.0,1.0,859.0,0.0,901.96,,Combos
2026-01,2026-01-01,8252.0,Hot Chicken Pizza (9 Inch),445.0,1.0,445.0,0.0,467.26,9 Inch,Non Veg Pizza
2026-01,2026-01-01,8251.0,Schezwan Paneer (9 Inch),475.0,1.0,475.0,0.0,498.76,9 Inch,Veg Pizza
2026-01,2026-01-01,8251.0,Mdew@40rs,40.0,1.0,40.0,0.0,40.0,,Soft Drinks
2026-01,2026-01-01,8250.0,Chicken Nuggets,130.0,1.0,130.0,0.0,136.5,,Munchies
2026-01,2026-01-01,8250.0,Slice 200ml,20.0,1.0,20.0,0.0,20.0,,Soft Drinks
2026-01,2026-01-01,8249.0,Cheese N Corn Chicken (9 Inch),445.0,1.0,445.0,0.0,467.26,9 Inch,Non Veg Pizza
2026-01,2026-01-01,8249.0,Chicken Pasta,275.0,1.0,275.0,0.0,288.76,,Pasta
2026-01,2026-01-01,8248.0,Chikku Shake,89.0,1.0,89.0,0.0,89.0,,Shakes & Juices
2026-01,2026-01-01,8248.0,Mint Lime Juice,45.0,1.0,45.0,0.0,47.26,,Shakes & Juices
2026-01,2026-01-01,8247.0,Hot Treat Pizza (9 Inch),475.0,1.0,475.0,0.0,498.76,9 Inch,Non Veg Pizza
2026-01,2026-01-01,8246.0,2 Medium Veg@699,749.0,1.0,749.0,0.0,786.46,,Combos
2026-01,2026-01-01,8245.0,BBQ & Onion Pizza (12 Inch),655.0,1.0,655.0,0.0,687.76,12 Inch,Non Veg Pizza
2026-01,2026-01-01,8245.0,Chocolate Shake,99.0,1.0,99.0,0.0,99.0,,Shakes & Juices
2026-01,2026-01-01,8245.0,Chikku Shake,89.0,1.0,89.0,0.0,89.0,,Shakes & Juices
2026-01,2026-01-01,8244.0,Regular Chicken Burger,105.0,3.0,315.0,0.0,330.76,,Burger
2026-01,2026-01-01,8244.0,Mint Lime Juice,45.0,1.0,45.0,0.0,47.26,,Shakes & Juices
2026-01,2026-01-01,8243.0,Tandoori Chicken Pizza (7 Inch),299.0,1.0,299.0,0.0,313.96,7 Inch,Non Veg Pizza
2026-01,2026-01-01,8242.0,Schezwan Chicken (9 Inch),475.0,1.0,475.0,0.0,498.76,9 Inch,Non Veg Pizza
2026-01,2026-01-01,8242.0,Supreme Veg Pizza (7 Inch),299.0,1.0,299.0,0.0,313.96,7 Inch,Veg Pizza
2026-01,2026-01-01,8242.0,Chocolate Shake,99.0,1.0,99.0,0.0,99.0,,Shakes & Juices
2026-01,2026-01-01,8242.0,Water Melon,99.0,1.0,99.0,0.0,103.96,,Mojitos
2026-01,2026-01-01,8241.0,Mexican Veg Pizza (7 Inch),205.0,1.0,205.0,0.0,215.26,7 Inch,Veg Pizza
2026-01,2026-01-01,8241.0,French Fries,95.0,1.0,95.0,0.0,99.76,,Munchies
2026-01,2026-01-01,8241.0,Pepsi 250ml Can,35.0,1.0,35.0,0.0,35.0,,Soft Drinks
2026-01,2026-01-01,8239.0,2 Medium Non-veg@759,859.0,1.0,859.0,0.0,901.96,,Combos
2026-01,2026-01-01,8239.0,Nutty Vanilla,175.0,1.0,175.0,0.0,183.76,,Sundaes
2026-01,2026-01-01,8239.0,Sizzling Brownie,205.0,1.0,205.0,0.0,215.26,,Desserts
2026-01,2026-01-01,8237.0,2 Regular Non-veg@409,409.0,1.0,409.0,0.0,429.46,,Combos
2026-01,2026-01-01,8237.0,Mdew@40rs,40.0,1.0,40.0,0.0,40.0,,Soft Drinks
2026-01,2026-01-01,8236.0,Chicken Tikka Butter Masala (9 Inch),475.0,1.0,475.0,0.0,498.76,9 Inch,Non Veg Pizza
2026-01,2026-01-01,8236.0,Cheesy Fries,155.0,1.0,155.0,0.0,162.76,,Munchies
2026-01,2026-01-01,8235.0,Hot Chicken Pizza (7 Inch),245.0,1.0,245.0,0.0,257.26,7 Inch,Non Veg Pizza
2026-01,2026-01-01,8234.0,2 Large Non-veg@1149,1269.0,1.0,1269.0,0.0,1332.46,,Combos
2026-01,2026-01-01,8233.0,Tandoori Chicken Pizza (9 Inch),475.0,1.0,475.0,0.0,498.76,9 Inch,Non Veg Pizza
2026-01,2026-01-01,8233.0,Garlic Bread,120.0,1.0,120.0,0.0,126.0,,Garlic Bread
2026-01,2026-01-01,8232.0,Meat Feast Pizza (12 Inch),725.0,1.0,725.0,0.0,761.26,12 Inch,Non Veg Pizza
2026-01,2026-01-01,8232.0,Butter Chicken Pizza (12 Inch),685.0,1.0,685.0,0.0,719.26,12 Inch,Non Veg Pizza
2026-01,2026-01-01,8231.0,Non Veg Meal For 1,289.0,1.0,289.0,0.0,303.46,,Combos
2026-01,2026-01-01,8230.0,Combo Delight Non-veg,189.0,1.0,189.0,0.0,198.44,,Combos
2026-01,2026-01-01,8229.0,Schezwan Chicken (9 Inch),475.0,1.0,475.0,0.0,498.76,9 Inch,Non Veg Pizza
2026-01,2026-01-01,8228.0,Watermelon Juice,80.0,2.0,160.0,0.0,168.0,,Shakes & Juices
2026-01,2026-01-01,8227.0,Combo Delight Non-veg,189.0,1.0,189.0,0.0,198.44,,Combos
2026-01,2026-01-01,8227.0,Burger Combo @ 169,169.0,1.0,169.0,0.0,177.44,,Burger
2026-01,2026-01-01,8227.0,Chicken Pasta,275.0,1.0,275.0,0.0,288.76,,Pasta
2026-01,2026-01-01,8226.0,Veg Meal For 1,259.0,1.0,259.0,0.0,271.96,,Combos
2026-01,2026-01-01,8226.0,Sizzling Brownie,205.0,1.0,205.0,0.0,215.26,,Desserts
2026-01,2026-01-01,8225.0,Hot Chicken Pizza (7 Inch),245.0,1.0,245.0,0.0,257.26,7 Inch,Non Veg Pizza
2026-01,2026-01-01,8225.0,Mineral Water,20.0,1.0,20.0,0.0,20.0,,Soft Drinks
2026-01,2026-01-01,8224.0,French Fries,95.0,1.0,95.0,0.0,99.76,,Munchies
2026-01,2026-01-01,8223.0,Supreme Veg Pizza (12 Inch),685.0,1.0,685.0,0.0,719.26,12 Inch,Veg Pizza
2026-01,2026-01-01,8223.0,Mexicana Pizza (7 Inch),299.0,1.0,299.0,0.0,313.96,7 Inch,Non Veg Pizza
2026-01,2026-01-01,8222.0,Hot Chicken Pizza (7 Inch),245.0,1.0,245.0,0.0,257.26,7 Inch,Non Veg Pizza
2026-01,2026-01-01,8222.0,French Fries,95.0,1.0,95.0,0.0,99.76,,Munchies
2026-01,2026-01-01,8222.0,Fresh Garden Mint,99.0,1.0,99.0,0.0,103.96,,Mojitos
2026-01,2026-01-01,8221.0,BBQ & Onion Pizza (7 Inch),245.0,1.0,245.0,0.0,257.26,7 Inch,Non Veg Pizza
2026-01,2026-01-01,8220.0,Hot Chicken Pizza (9 Inch),445.0,1.0,445.0,0.0,467.26,9 Inch,Non Veg Pizza
2026-01,2026-01-01,8220.0,French Fries,95.0,1.0,95.0,0.0,99.76,,Munchies
2026-01,2026-01-02,8301.0,2 Regular Non-veg@409,409.0,1.0,409.0,0.0,429.46,,Combos
2026-01,2026-01-02,8300.0,Tandoori Chicken Pizza (9 Inch),475.0,1.0,475.0,0.0,498.76,9 Inch,Non Veg Pizza
2026-01,2026-01-02,8300.0,Greek Chicken Salad[non-veg],189.0,1.0,189.0,0.0,198.44,,Salad
2026-01,2026-01-02,8299.0,Bbq Chicken Pizza (7 Inch),299.0,1.0,299.0,0.0,313.96,7 Inch,Non Veg Pizza
2026-01,2026-01-02,8299.0,Green Apple,99.0,1.0,99.0,0.0,103.96,,Mojitos
2026-01,2026-01-02,8298.0,Watermelon Juice,80.0,1.0,80.0,0.0,84.0,,Shakes & Juices
2026-01,2026-01-02,8298.0,Pineapple Juice,80.0,1.0,80.0,0.0,84.0,,Shakes & Juices
2026-01,2026-01-02,8298.0,Brownie With Ice Cream,189.0,1.0,189.0,0.0,198.44,,Desserts
2026-01,2026-01-02,8297.0,Super Saver Meal Regular,299.0,1.0,299.0,0.0,313.96,,Combos
2026-01,2026-01-02,8297.0,Soft Drink,20.0,1.0,20.0,0.0,20.0,,Soft Drinks
2026-01,2026-01-02,8296.0,Veg Burger,90.0,3.0,270.0,0.0,283.5,,Burger
2026-01,2026-01-02,8296.0,French Fries,95.0,1.0,95.0,0.0,99.76,,Munchies
2026-01,2026-01-02,8296.0,Green Apple,99.0,1.0,99.0,0.0,103.96,,Mojitos
2026-01,2026-01-02,8295.0,New York Pizza (9 Inch),545.0,1.0,545.0,0.0,572.26,9 Inch,Non Veg Pizza
2026-01,2026-01-02,8295.0,Garlic Bread With Cheese,155.0,1.0,155.0,0.0,162.76,,Garlic Bread
2026-01,2026-01-02,8295.0,7up @50rs,50.0,1.0,50.0,0.0,50.0,,Soft Drinks
2026-01,2026-01-02,8294.0,Mexicana Pizza (9 Inch),475.0,1.0,475.0,0.0,498.76,9 Inch,Non Veg Pizza
2026-01,2026-01-02,8294.0,French Fries,95.0,1.0,95.0,0.0,99.76,,Munchies
2026-01,2026-01-02,8293.0,2 Regular Non-veg@409,409.0,1.0,409.0,0.0,429.46,,Combos
2026-01,2026-01-02,8291.0,Non Veg Meal For 4,829.0,1.0,829.0,0.0,870.46,,Combos
2026-01,2026-01-02,8290.0,Tandoori Chicken Pizza (9 Inch),475.0,1.0,475.0,0.0,498.76,9 Inch,Non Veg Pizza
2026-01,2026-01-02,8290.0,Loaded Fries,185.0,1.0,185.0,0.0,194.26,,Munchies
2026-01,2026-01-02,8289.0,Mexican Veg Pizza (9 Inch),385.0,1.0,385.0,0.0,404.26,9 Inch,Veg Pizza
2026-01,2026-01-02,8288.0,Super Saver Meal Medium,499.0,1.0,499.0,0.0,523.96,,Combos
2026-01,2026-01-02,8287.0,Mexicana Pizza (7 Inch),299.0,1.0,299.0,0.0,313.96,7 Inch,Non Veg Pizza
2026-01,2026-01-02,8286.0,Fiery Chicken Pizza (7 Inch),245.0,1.0,245.0,0.0,257.26,7 Inch,Non Veg Pizza
2026-01,2026-01-02,8286.0,Burger Combo @ 179,179.0,1.0,179.0,0.0,187.94,,Burger
2026-01,2026-01-02,8285.0,Supreme Veg Pizza (7 Inch),299.0,1.0,299.0,0.0,313.96,7 Inch,Veg Pizza
2026-01,2026-01-02,8285.0,Veg Burger,90.0,1.0,90.0,0.0,94.5,,Burger
2026-01,2026-01-02,8285.0,French Fries,95.0,1.0,95.0,0.0,99.76,,Munchies
2026-01,2026-01-02,8284.0,Cheese N Macaroni Salad,159.0,1.0,159.0,0.0,166.96,,Salad
2026-01,2026-01-02,8284.0,Garlic Bread,120.0,1.0,120.0,0.0,126.0,,Garlic Bread
2026-01,2026-01-02,8284.0,Hot Garlic Dip,30.0,1.0,30.0,0.0,31.5,,Munchies
2026-01,2026-01-02,8284.0,Greek Salad,179.0,1.0,179.0,0.0,187.94,,Salad
2026-01,2026-01-02,8283.0,Garlic Bread With Cheese,155.0,1.0,155.0,0.0,162.76,,Garlic Bread
2026-01,2026-01-02,8282.0,Veg Pasta,245.0,1.0,245.0,0.0,257.26,,Pasta
2026-01,2026-01-02,8282.0,Veg Pasta,245.0,1.0,245.0,0.0,257.26,,Pasta
2026-01,2026-01-02,8281.0,BBQ & Onion Pizza (7 Inch),245.0,1.0,245.0,0.0,257.26,7 Inch,Non Veg Pizza
2026-01,2026-01-02,8281.0,Fresh Lime Juice,40.0,1.0,40.0,0.0,42.0,,Shakes & Juices
2026-01,2026-01-02,8280.0,Hot Chicken Pizza (9 Inch),445.0,1.0,445.0,0.0,467.26,9 Inch,Non Veg Pizza
2026-01,2026-01-02,8279.0,Watermelon Juice,80.0,1.0,80.0,0.0,84.0,,Shakes & Juices
2026-01,2026-01-02,8279.0,Pineapple Juice,80.0,1.0,80.0,0.0,84.0,,Shakes & Juices
2026-01,2026-01-02,8279.0,Regular Chicken Burger,105.0,1.0,105.0,0.0,110.26,,Burger
2026-01,2026-01-02,8278.0,Mexicana Pizza (9 Inch),475.0,1.0,475.0,0.0,498.76,9 Inch,Non Veg Pizza
2026-01,2026-01-02,8277.0,Mushroom Delight Pizza (12 Inch),545.0,1.0,545.0,0.0,572.26,12 Inch,Veg Pizza
2026-01,2026-01-02,8276.0,Cheese N Corn Chicken (9 Inch),445.0,1.0,445.0,0.0,467.26,9 Inch,Non Veg Pizza
2026-01,2026-01-02,8275.0,5 Cheese Pizza (7 Inch),235.0,1.0,235.0,0.0,246.76,7 Inch,Veg Pizza
2026-01,2026-01-02,8274.0,Bbq Chicken Pizza (7 Inch),299.0,1.0,299.0,0.0,313.96,7 Inch,Non Veg Pizza
2026-01,2026-01-02,8273.0,Combo Delight Non-veg,189.0,1.0,189.0,0.0,198.44,,Combos
2026-01,2026-01-02,8272.0,Bbq Chicken Pizza (12 Inch),685.0,1.0,685.0,0.0,719.26,12 Inch,Non Veg Pizza
2026-01,2026-01-03,8328.0,2 Regular Non-veg@409,409.0,1.0,409.0,0.0,429.46,,Combos
2026-01,2026-01-03,8327.0,Loaded Fries,185.0,1.0,185.0,0.0,194.26,,Munchies
2026-01,2026-01-03,8326.0,2 Regular Non-veg@409,409.0,1.0,409.0,0.0,429.46,,Combos
2026-01,2026-01-03,8326.0,French Fries,95.0,1.0,95.0,0.0,99.76,,Munchies
2026-01,2026-01-03,8326.0,Blue Mojito,99.0,1.0,99.0,0.0,103.96,,Mojitos
2026-01,2026-01-03,8325.0,Mexicana Pizza (7 Inch),299.0,1.0,299.0,0.0,313.96,7 Inch,Non Veg Pizza
2026-01,2026-01-03,8325.0,Cheesy Fries,155.0,1.0,155.0,0.0,162.76,,Munchies
2026-01,2026-01-03,8324.0,Soft Drink,30.0,1.0,30.0,0.0,30.0,,Soft Drinks
2026-01,2026-01-03,8323.0,2 Large Non-veg@1149,1269.0,1.0,1269.0,0.0,1332.46,,Combos
2026-01,2026-01-03,8323.0,Cheese N Corn Chicken (7 Inch),245.0,1.0,245.0,0.0,257.26,7 Inch,Non Veg Pizza
2026-01,2026-01-03,8322.0,Combo Delight Non-veg,189.0,1.0,189.0,0.0,198.44,,Combos
2026-01,2026-01-03,8322.0,Regular Chicken Burger,105.0,2.0,210.0,0.0,220.5,,Burger
2026-01,2026-01-03,8322.0,Regular Chicken Burger,105.0,1.0,105.0,0.0,110.26,,Burger
2026-01,2026-01-03,8321.0,2 Large Non-veg@1149,1149.0,1.0,1149.0,0.0,1206.46,,Combos
2026-01,2026-01-03,8320.0,Cheese N Corn Chicken (7 Inch),245.0,1.0,245.0,0.0,257.26,7 Inch,Non Veg Pizza
2026-01,2026-01-03,8319.0,2 Regular Non-veg@409,409.0,1.0,409.0,0.0,429.46,,Combos
2026-01,2026-01-03,8317.0,2 Regular Non-veg@409,489.0,1.0,489.0,0.0,513.46,,Combos
2026-01,2026-01-03,8316.0,Combo Delight Non-veg,189.0,1.0,189.0,0.0,198.44,,Combos
2026-01,2026-01-03,8315.0,Loaded Fries,185.0,1.0,185.0,0.0,194.26,,Munchies
2026-01,2026-01-03,8315.0,2 Regular Non-veg@409,449.0,1.0,449.0,0.0,471.46,,Combos
2026-01,2026-01-03,8314.0,Veg Burger,90.0,1.0,90.0,0.0,94.5,,Burger
2026-01,2026-01-03,8313.0,2 Large Non-veg@1149,1149.0,1.0,1149.0,0.0,1206.46,,Combos
2026-01,2026-01-03,8312.0,Schezwan Chicken (7 Inch),299.0,1.0,299.0,0.0,313.96,7 Inch,Non Veg Pizza
2026-01,2026-01-03,8312.0,Regular Chicken Burger,105.0,1.0,105.0,0.0,110.26,,Burger
2026-01,2026-01-03,8311.0,Burger Combo @ 179,179.0,1.0,179.0,0.0,187.94,,Burger
2026-01,2026-01-03,8311.0,Burger Combo @ 169,169.0,2.0,338.0,0.0,354.9,,Burger
2026-01,2026-01-03,8311.0,2 Regular Non-veg@409,409.0,1.0,409.0,0.0,429.46,,Combos
2026-01,2026-01-03,8310.0,Burn To Hell Pizza (7 Inch),299.0,1.0,299.0,0.0,313.96,7 Inch,Veg Pizza
2026-01,2026-01-03,8309.0,2 Regular Non-veg@409,409.0,1.0,409.0,0.0,429.46,,Combos
2026-01,2026-01-03,8308.0,American Heat (7 Inch),235.0,1.0,235.0,0.0,246.76,7 Inch,Veg Pizza
2026-01,2026-01-03,8308.0,Chocolate Shake,99.0,1.0,99.0,0.0,99.0,,Shakes & Juices
2026-01,2026-01-03,8307.0,BBQ & Onion Pizza (12 Inch),655.0,1.0,655.0,0.0,687.76,12 Inch,Non Veg Pizza
2026-01,2026-01-03,8307.0,French Fries,95.0,1.0,95.0,0.0,99.76,,Munchies
2026-01,2026-01-03,8307.0,Loaded Fries,185.0,1.0,185.0,0.0,194.26,,Munchies
2026-01,2026-01-03,8307.0,Slice 200ml,20.0,1.0,20.0,0.0,20.0,,Soft Drinks
2026-01,2026-01-03,8306.0,Non Veg Meal For 1,289.0,1.0,289.0,0.0,303.46,,Combos
2026-01,2026-01-03,8306.0,Regular Chicken Burger,105.0,1.0,105.0,0.0,110.26,,Burger
2026-01,2026-01-03,8305.0,Fresh Lime Juice,40.0,1.0,40.0,0.0,42.0,,Shakes & Juices
2026-01,2026-01-03,8305.0,Grapes Juice,80.0,1.0,80.0,0.0,84.0,,Shakes & Juices
2026-01,2026-01-03,8304.0,Hot Chicken Pizza (7 Inch),245.0,1.0,245.0,0.0,257.26,7 Inch,Non Veg Pizza
2026-01,2026-01-03,8303.0,Tandoori Chicken Pizza (7 Inch),299.0,1.0,299.0,0.0,313.96,7 Inch,Non Veg Pizza
2026-01,2026-01-03,8303.0,Brownie With Ice Cream,189.0,1.0,189.0,0.0,198.44,,Desserts
2026-01,2026-01-04,8364.0,Mdew@40rs,40.0,1.0,40.0,0.0,40.0,,Soft Drinks
2026-01,2026-01-04,8363.0,Mineral Water,20.0,1.0,20.0,0.0,20.0,,Soft Drinks
2026-01,2026-01-04,8362.0,Brownie,115.0,1.0,115.0,0.0,120.76,,Desserts
2026-01,2026-01-04,8361.0,2 Regular Non-veg@409,489.0,1.0,489.0,0.0,513.46,,Combos
2026-01,2026-01-04,8361.0,Mint Lime Juice,45.0,1.0,45.0,0.0,47.26,,Shakes & Juices
2026-01,2026-01-04,8361.0,Grapes Juice,80.0,1.0,80.0,0.0,84.0,,Shakes & Juices
2026-01,2026-01-04,8360.0,Mambo Combo Pizza (9 Inch),545.0,1.0,545.0,0.0,572.26,9 Inch,Non Veg Pizza
2026-01,2026-01-04,8360.0,Chicken Nuggets,130.0,1.0,130.0,0.0,136.5,,Munchies
2026-01,2026-01-04,8360.0,Veg Pasta,245.0,1.0,245.0,0.0,257.26,,Pasta
2026-01,2026-01-04,8359.0,Plain Cheese Pizza (7 Inch),175.0,1.0,175.0,0.0,183.76,7 Inch,Veg Pizza
2026-01,2026-01-04,8358.0,Regular Chicken Burger,105.0,1.0,105.0,0.0,110.26,,Burger
2026-01,2026-01-04,8356.0,Bbq Chicken Pizza (7 Inch),299.0,1.0,299.0,0.0,313.96,7 Inch,Non Veg Pizza
2026-01,2026-01-04,8355.0,2 Regular Non-veg@409,409.0,1.0,409.0,0.0,429.46,,Combos
2026-01,2026-01-04,8354.0,Chicken Pasta,275.0,1.0,275.0,0.0,288.76,,Pasta
2026-01,2026-01-04,8354.0,Garlic Bread With Cheese,155.0,1.0,155.0,0.0,162.76,,Garlic Bread
2026-01,2026-01-04,8353.0,Regular Chicken Burger,105.0,2.0,210.0,0.0,220.5,,Burger
2026-01,2026-01-04,8353.0,Mdew 250ml Pet,20.0,2.0,40.0,0.0,40.0,,Soft Drinks
2026-01,2026-01-04,8352.0,Combo Delight Non-veg,189.0,1.0,189.0,0.0,198.44,,Combos
2026-01,2026-01-04,8351.0,2 Regular Non-veg@409,489.0,1.0,489.0,0.0,513.46,,Combos
2026-01,2026-01-04,8351.0,French Fries,95.0,1.0,95.0,0.0,99.76,,Munchies
2026-01,2026-01-04,8351.0,Mdew@40rs,40.0,1.0,40.0,0.0,40.0,,Soft Drinks
2026-01,2026-01-04,8350.0,Chicken Pasta,275.0,1.0,275.0,0.0,288.76,,Pasta
2026-01,2026-01-04,8349.0,2 Medium Non-veg@759,809.0,1.0,809.0,0.0,849.46,,Combos
2026-01,2026-01-04,8349.0,Green Apple,99.0,1.0,99.0,0.0,103.96,,Mojitos
2026-01,2026-01-04,8348.0,Mexicana Pizza (7 Inch),299.0,1.0,299.0,0.0,313.96,7 Inch,Non Veg Pizza
2026-01,2026-01-04,8348.0,New York Pizza (7 Inch),315.0,1.0,315.0,0.0,330.76,7 Inch,Non Veg Pizza
2026-01,2026-01-04,8348.0,Green Apple,99.0,1.0,99.0,0.0,103.96,,Mojitos
2026-01,2026-01-04,8348.0,Passion Fruit,99.0,1.0,99.0,0.0,103.96,,Mojitos
2026-01,2026-01-04,8348.0,Brownie With Ice Cream,189.0,1.0,189.0,0.0,198.44,,Desserts
2026-01,2026-01-04,8348.0,Brownie,115.0,1.0,115.0,0.0,120.76,,Desserts
2026-01,2026-01-04,8347.0,Chicken Pasta,275.0,1.0,275.0,0.0,288.76,,Pasta
2026-01,2026-01-04,8347.0,Garlic Bread Supreme[non-veg],185.0,1.0,185.0,0.0,194.26,,Garlic Bread
2026-01,2026-01-04,8347.0,Mint Lime Juice,45.0,2.0,90.0,0.0,94.5,,Shakes & Juices
2026-01,2026-01-04,8346.0,Loaded Fries,185.0,1.0,185.0,0.0,194.26,,Munchies
2026-01,2026-01-04,8346.0,Mint Lime Juice,45.0,1.0,45.0,0.0,47.26,,Shakes & Juices
2026-01,2026-01-04,8345.0,2 Medium Non-veg@759,759.0,1.0,759.0,0.0,796.96,,Combos
2026-01,2026-01-04,8345.0,French Fries,95.0,1.0,95.0,0.0,99.76,,Munchies
2026-01,2026-01-04,8345.0,Pepsi@40rs,40.0,1.0,40.0,0.0,40.0,,Soft Drinks
2026-01,2026-01-04,8345.0,Blue Mojito,99.0,1.0,99.0,0.0,103.96,,Mojitos
2026-01,2026-01-04,8345.0,2 Regular Non-veg@409,409.0,1.0,409.0,0.0,429.46,,Combos
2026-01,2026-01-04,8344.0,Paneer Tikka Butter Masala (12 Inch),685.0,1.0,685.0,0.0,719.26,12 Inch,Veg Pizza
2026-01,2026-01-04,8344.0,French Fries,95.0,1.0,95.0,0.0,99.76,,Munchies
2026-01,2026-01-04,8343.0,Chicken Tikka Butter Masala (7 Inch),299.0,1.0,299.0,0.0,313.96,7 Inch,Non Veg Pizza
2026-01,2026-01-04,8343.0,Pepsi 250ml Pet,20.0,1.0,20.0,0.0,20.0,,Soft Drinks
2026-01,2026-01-04,8342.0,Mushroom Delight Pizza (9 Inch),385.0,1.0,385.0,0.0,404.26,9 Inch,Veg Pizza
2026-01,2026-01-04,8342.0,Veg Pasta,245.0,1.0,245.0,0.0,257.26,,Pasta
2026-01,2026-01-04,8341.0,Bbq Chicken Pizza (9 Inch),475.0,1.0,475.0,0.0,498.76,9 Inch,Non Veg Pizza
2026-01,2026-01-04,8341.0,Burger Combo @ 199,199.0,1.0,199.0,0.0,208.94,,Burger
2026-01,2026-01-04,8341.0,Green Apple,99.0,2.0,198.0,0.0,207.9,,Mojitos
2026-01,2026-01-04,8341.0,Chicken Nuggets,130.0,1.0,130.0,0.0,136.5,,Munchies
2026-01,2026-01-04,8341.0,Chicken Popcorn,135.0,1.0,135.0,0.0,141.76,,Munchies
2026-01,2026-01-04,8341.0,Brownie,115.0,1.0,115.0,0.0,120.76,,Desserts
2026-01,2026-01-04,8339.0,Schezwan Chicken (7 Inch),299.0,1.0,299.0,0.0,313.96,7 Inch,Non Veg Pizza
2026-01,2026-01-04,8338.0,Schezwan Chicken (12 Inch),685.0,1.0,685.0,0.0,719.26,12 Inch,Non Veg Pizza
2026-01,2026-01-04,8338.0,Pepsi 250ml Pet,20.0,2.0,40.0,0.0,40.0,,Soft Drinks
2026-01,2026-01-04,8337.0,Regular Chicken Burger,105.0,6.0,630.0,0.0,661.5,,Burger
2026-01,2026-01-04,8337.0,French Fries,95.0,2.0,190.0,0.0,199.5,,Munchies
2026-01,2026-01-04,8337.0,Slice 200ml,20.0,4.0,80.0,0.0,80.0,,Soft Drinks
2026-01,2026-01-04,8337.0,7up 250ml Pet,20.0,2.0,40.0,0.0,40.0,,Soft Drinks
2026-01,2026-01-04,8336.0,Hot Chicken Pizza (7 Inch),245.0,1.0,245.0,0.0,257.26,7 Inch,Non Veg Pizza
2026-01,2026-01-04,8335.0,2 Regular Veg@349,429.0,1.0,429.0,0.0,450.46,,Combos
2026-01,2026-01-04,8334.0,Tandoori Chicken Pizza (12 Inch),685.0,1.0,685.0,0.0,719.26,12 Inch,Non Veg Pizza
2026-01,2026-01-04,8334.0,Chicken Nuggets,130.0,3.0,390.0,0.0,409.5,,Munchies
2026-01,2026-01-04,8334.0,7up@40rs,40.0,1.0,40.0,0.0,40.0,,Soft Drinks
2026-01,2026-01-04,8333.0,Super Saver Meal Regular,299.0,1.0,299.0,0.0,313.96,,Combos
2026-01,2026-01-04,8332.0,2 Medium Non-veg@759,759.0,1.0,759.0,0.0,796.96,,Combos
2026-01,2026-01-04,8331.0,Garlic Bread With Cheese,155.0,1.0,155.0,0.0,162.76,,Garlic Bread
2026-01,2026-01-04,8331.0,Veg Tandoori Paneer Pizza (9 Inch),475.0,1.0,475.0,0.0,498.76,9 Inch,Veg Pizza
2026-01,2026-01-04,8331.0,Fresh Garden Mint,99.0,1.0,99.0,0.0,103.96,,Mojitos
2026-01,2026-01-04,8331.0,Cheese N Corn Chicken (7 Inch),245.0,1.0,245.0,0.0,257.26,7 Inch,Non Veg Pizza
2026-01,2026-01-04,8331.0,French Fries,95.0,1.0,95.0,0.0,99.76,,Munchies
2026-01,2026-01-04,8331.0,7up@40rs,40.0,1.0,40.0,0.0,40.0,,Soft Drinks
2026-01,2026-01-04,8330.0,Hot Chicken Pizza (7 Inch),245.0,1.0,245.0,0.0,257.26,7 Inch,Non Veg Pizza
2026-01,2026-01-04,8330.0,Veg Burger,90.0,1.0,90.0,0.0,94.5,,Burger
2026-01,2026-01-04,8329.0,Burger Combo @ 169,169.0,1.0,169.0,0.0,177.44,,Burger
2026-01,2026-01-04,8329.0,Regular Chicken Burger,105.0,1.0,105.0,0.0,110.26,,Burger
2026-01,2026-01-05,8383.0,Chicken Pasta,275.0,1.0,275.0,0.0,288.76,,Pasta
2026-01,2026-01-05,8382.0,Macaroni N Chicken Salad,189.0,1.0,189.0,0.0,198.44,,Salad
2026-01,2026-01-05,8382.0,Chikku Shake,89.0,1.0,89.0,0.0,89.0,,Shakes & Juices
2026-01,2026-01-05,8381.0,French Fries,95.0,1.0,95.0,0.0,99.76,,Munchies
2026-01,2026-01-05,8380.0,Hot Chicken Pizza (12 Inch),655.0,1.0,655.0,0.0,687.76,12 Inch,Non Veg Pizza
2026-01,2026-01-05,8379.0,Super Saver Meal Regular,299.0,1.0,299.0,0.0,313.96,,Combos
2026-01,2026-01-05,8379.0,Pizza Upgrade,30.0,1.0,30.0,0.0,31.5,,Soft Drinks
2026-01,2026-01-05,8378.0,BBQ & Onion Pizza (7 Inch),245.0,1.0,245.0,0.0,257.26,7 Inch,Non Veg Pizza
2026-01,2026-01-05,8377.0,Mexicana Pizza (12 Inch),685.0,1.0,685.0,0.0,719.26,12 Inch,Non Veg Pizza
2026-01,2026-01-05,8377.0,Garlic Bread With Cheese,155.0,1.0,155.0,0.0,162.76,,Garlic Bread
2026-01,2026-01-05,8376.0,2 Regular Non-veg@409,489.0,1.0,489.0,0.0,513.46,,Combos
2026-01,2026-01-05,8376.0,Hot Treat Pizza (7 Inch),299.0,1.0,299.0,0.0,313.96,7 Inch,Non Veg Pizza
2026-01,2026-01-05,8375.0,Pepsi@40rs,40.0,1.0,40.0,0.0,40.0,,Soft Drinks
2026-01,2026-01-05,8374.0,Cheese N Corn Chicken (7 Inch),245.0,1.0,245.0,0.0,257.26,7 Inch,Non Veg Pizza
2026-01,2026-01-05,8374.0,Pepsi@40rs,40.0,1.0,40.0,0.0,40.0,,Soft Drinks
2026-01,2026-01-05,8373.0,Mushroom Delight Pizza (7 Inch),205.0,1.0,205.0,0.0,215.26,7 Inch,Veg Pizza
2026-01,2026-01-05,8372.0,Bbq Chicken Pizza (7 Inch),299.0,1.0,299.0,0.0,313.96,7 Inch,Non Veg Pizza
2026-01,2026-01-05,8371.0,2 Regular Non-veg@409,409.0,1.0,409.0,0.0,429.46,,Combos
2026-01,2026-01-05,8370.0,Hot Chicken Pizza (7 Inch),245.0,1.0,245.0,0.0,257.26,7 Inch,Non Veg Pizza
2026-01,2026-01-05,8369.0,Tandoori Chicken Pizza (9 Inch),475.0,1.0,475.0,0.0,498.76,9 Inch,Non Veg Pizza
2026-01,2026-01-05,8369.0,Mushroom Delight Pizza (7 Inch),205.0,1.0,205.0,0.0,215.26,7 Inch,Veg Pizza
2026-01,2026-01-05,8369.0,Green Apple,99.0,4.0,396.0,0.0,415.8,,Mojitos
2026-01,2026-01-05,8368.0,Burger Combo @ 179,179.0,1.0,179.0,0.0,187.94,,Burger
2026-01,2026-01-05,8367.0,Soft Drink,28.0,1.0,28.0,0.0,28.0,,Soft Drinks
2026-01,2026-01-05,8366.0,2 Medium Non-veg@759,859.0,1.0,859.0,0.0,901.96,,Combos
2026-01,2026-01-05,8365.0,Chicken Pepperoni (7 Inch),315.0,1.0,315.0,0.0,330.76,7 Inch,Non Veg Pizza
2026-01,2026-01-06,8405.0,Red Indian Pizza (12 Inch),685.0,1.0,685.0,0.0,719.26,12 Inch,Non Veg Pizza
2026-01,2026-01-06,8405.0,Loaded Fries,185.0,1.0,185.0,0.0,194.26,,Munchies
2026-01,2026-01-06,8405.0,Mdew@40rs,40.0,2.0,80.0,0.0,80.0,,Soft Drinks
2026-01,2026-01-06,8404.0,Green Apple,99.0,1.0,99.0,0.0,103.96,,Mojitos
2026-01,2026-01-06,8404.0,Passion Fruit,99.0,1.0,99.0,0.0,103.96,,Mojitos
2026-01,2026-01-06,8404.0,Schezwan Chicken (7 Inch),299.0,1.0,299.0,0.0,313.96,7 Inch,Non Veg Pizza
2026-01,2026-01-06,8403.0,Veg Tandoori Paneer Pizza (9 Inch),475.0,1.0,475.0,0.0,498.76,9 Inch,Veg Pizza
2026-01,2026-01-06,8402.0,Meat Feast Pizza (9 Inch),545.0,1.0,545.0,0.0,572.26,9 Inch,Non Veg Pizza
2026-01,2026-01-06,8401.0,Super Saver Meal Regular,299.0,1.0,299.0,0.0,313.96,,Combos
2026-01,2026-01-06,8401.0,Regular Chicken Burger,105.0,1.0,105.0,0.0,110.26,,Burger
2026-01,2026-01-06,8400.0,Mexicana Pizza (12 Inch),685.0,1.0,685.0,0.0,719.26,12 Inch,Non Veg Pizza
2026-01,2026-01-06,8400.0,Chicken Pasta,275.0,1.0,275.0,0.0,288.76,,Pasta
2026-01,2026-01-06,8400.0,Mint Lime Juice,45.0,4.0,180.0,0.0,189.0,,Shakes & Juices
2026-01,2026-01-06,8399.0,Chicken Kheema Pizza (9 Inch),475.0,1.0,475.0,0.0,498.76,9 Inch,Non Veg Pizza
2026-01,2026-01-06,8399.0,Brownie With Ice Cream,189.0,1.0,189.0,0.0,198.44,,Desserts
2026-01,2026-01-06,8399.0,Chicken Pepperoni (9 Inch),545.0,1.0,545.0,0.0,572.26,9 Inch,Non Veg Pizza
2026-01,2026-01-06,8398.0,2 Regular Veg@349,349.0,1.0,349.0,0.0,366.46,,Combos
2026-01,2026-01-06,8397.0,BBQ & Onion Pizza (7 Inch),245.0,1.0,245.0,0.0,257.26,7 Inch,Non Veg Pizza
2026-01,2026-01-06,8396.0,Paneer Tikka Butter Masala (9 Inch),475.0,1.0,475.0,0.0,498.76,9 Inch,Veg Pizza
2026-01,2026-01-06,8396.0,Chilly Potato Shots,145.0,1.0,145.0,0.0,152.26,,Munchies
2026-01,2026-01-06,8396.0,Garlic Bread Supreme [veg],165.0,1.0,165.0,0.0,173.26,,Garlic Bread
2026-01,2026-01-06,8396.0,Peri Peri Dip,30.0,1.0,30.0,0.0,31.5,,Munchies
2026-01,2026-01-06,8396.0,Mexican Veg Pizza (9 Inch),445.0,1.0,445.0,0.0,467.26,9 Inch,Veg Pizza
2026-01,2026-01-06,8395.0,Butter Chicken Pizza (9 Inch),475.0,1.0,475.0,0.0,498.76,9 Inch,Non Veg Pizza
2026-01,2026-01-06,8395.0,French Fries,95.0,1.0,95.0,0.0,99.76,,Munchies
2026-01,2026-01-06,8395.0,Butter Chicken Pizza (7 Inch),299.0,1.0,299.0,0.0,313.96,7 Inch,Non Veg Pizza
2026-01,2026-01-06,8394.0,Fiery Chicken Pizza (7 Inch),245.0,1.0,245.0,0.0,257.26,7 Inch,Non Veg Pizza
2026-01,2026-01-06,8394.0,Pineapple Juice,80.0,2.0,160.0,0.0,168.0,,Shakes & Juices
2026-01,2026-01-06,8393.0,Garlic Bread With Cheese,155.0,1.0,155.0,0.0,162.76,,Garlic Bread
2026-01,2026-01-06,8393.0,5 Cheese Pizza (7 Inch),235.0,1.0,235.0,0.0,246.76,7 Inch,Veg Pizza
2026-01,2026-01-06,8393.0,Chikku Shake,89.0,1.0,89.0,0.0,89.0,,Shakes & Juices
2026-01,2026-01-06,8393.0,Chocolate Shake,99.0,1.0,99.0,0.0,99.0,,Shakes & Juices
2026-01,2026-01-06,8392.0,Hot Chicken Pizza (7 Inch),245.0,1.0,245.0,0.0,257.26,7 Inch,Non Veg Pizza
2026-01,2026-01-06,8391.0,Regular Chicken Burger,105.0,2.0,210.0,0.0,220.5,,Burger
2026-01,2026-01-06,8390.0,Chicken Pasta,275.0,1.0,275.0,0.0,288.76,,Pasta
2026-01,2026-01-06,8389.0,Bbq Chicken Pizza (9 Inch),475.0,1.0,475.0,0.0,498.76,9 Inch,Non Veg Pizza
2026-01,2026-01-06,8389.0,French Fries,95.0,2.0,190.0,0.0,199.5,,Munchies
2026-01,2026-01-06,8388.0,Burger Combo @ 169,169.0,7.0,1183.0,0.0,1242.16,,Burger
2026-01,2026-01-06,8387.0,2 Medium Non-veg@759,859.0,1.0,859.0,0.0,901.96,,Combos
2026-01,2026-01-06,8386.0,2 Regular Non-veg@409,409.0,1.0,409.0,0.0,429.46,,Combos
2026-01,2026-01-06,8385.0,Cheese N Corn Chicken (7 Inch),245.0,1.0,245.0,0.0,257.26,7 Inch,Non Veg Pizza
2026-01,2026-01-06,8384.0,Brownie With Ice Cream,210.0,1.0,210.0,0.0,220.5,,Desserts
2026-01,2026-01-06,8384.0,Bbq Chicken Pizza (7 Inch),335.0,1.0,335.0,0.0,351.76,7 Inch,Non Veg Pizza
2026-01,2026-01-06,8384.0,Fresh Garden Mint,120.0,1.0,120.0,0.0,126.0,,Mojitos
2026-01,2026-01-06,8384.0,Green Apple,120.0,1.0,120.0,0.0,126.0,,Mojitos
2026-01,2026-01-07,8430.0,2 Medium Non-veg@759,859.0,1.0,859.0,0.0,901.96,,Combos
2026-01,2026-01-07,8430.0,Pepsi@40rs,40.0,1.0,40.0,0.0,40.0,,Soft Drinks
2026-01,2026-01-07,8429.0,Mexicana Pizza (7 Inch),299.0,1.0,299.0,0.0,313.96,7 Inch,Non Veg Pizza
2026-01,2026-01-07,8429.0,Burger Combo @ 179,179.0,1.0,179.0,0.0,187.94,,Burger
2026-01,2026-01-07,8429.0,Sizzling Brownie,205.0,1.0,205.0,0.0,215.26,,Desserts
2026-01,2026-01-07,8429.0,Chocolate Shake,99.0,1.0,99.0,0.0,99.0,,Shakes & Juices
2026-01,2026-01-07,8428.0,Garlic Bread With Cheese,155.0,2.0,310.0,0.0,325.5,,Garlic Bread
2026-01,2026-01-07,8428.0,BBQ & Onion Pizza (12 Inch),655.0,1.0,655.0,0.0,687.76,12 Inch,Non Veg Pizza
2026-01,2026-01-07,8428.0,Pepsi@50rs,50.0,1.0,50.0,0.0,50.0,,Soft Drinks
2026-01,2026-01-07,8427.0,Non Veg Meal For 4,829.0,1.0,829.0,0.0,870.46,,Combos
2026-01,2026-01-07,8427.0,Veg Meal For 1,259.0,1.0,259.0,0.0,271.96,,Combos
2026-01,2026-01-07,8426.0,2 Medium Non-veg@759,859.0,1.0,859.0,0.0,901.96,,Combos
2026-01,2026-01-07,8426.0,Garlic Bread With Cheese,155.0,1.0,155.0,0.0,162.76,,Garlic Bread
2026-01,2026-01-07,8425.0,BBQ & Onion Pizza (7 Inch),245.0,1.0,245.0,0.0,257.26,7 Inch,Non Veg Pizza
2026-01,2026-01-07,8424.0,Chicken Nuggets Burger,140.0,3.0,420.0,0.0,441.0,,Burger
2026-01,2026-01-07,8424.0,Macaroni N Chicken Salad,189.0,1.0,189.0,0.0,198.44,,Salad
2026-01,2026-01-07,8423.0,Hot Chicken Pizza (9 Inch),485.0,1.0,485.0,0.0,509.26,9 Inch,Non Veg Pizza
2026-01,2026-01-07,8423.0,Hot Passion Pizza (7 Inch),235.0,1.0,235.0,0.0,246.76,7 Inch,Veg Pizza
2026-01,2026-01-07,8423.0,Garlic Bread,120.0,1.0,120.0,0.0,126.0,,Garlic Bread
2026-01,2026-01-07,8423.0,Pepsi 250ml Pet,20.0,1.0,20.0,0.0,20.0,,Soft Drinks
2026-01,2026-01-07,8422.0,Regular Chicken Burger,105.0,2.0,210.0,0.0,220.5,,Burger
2026-01,2026-01-07,8422.0,Chocolate Shake,99.0,1.0,99.0,0.0,99.0,,Shakes & Juices
2026-01,2026-01-07,8421.0,French Fries,95.0,1.0,95.0,0.0,99.76,,Munchies
2026-01,2026-01-07,8420.0,Chicken Pasta,275.0,1.0,275.0,0.0,288.76,,Pasta
2026-01,2026-01-07,8420.0,Margherita Pizza (9 Inch),295.0,1.0,295.0,0.0,309.76,9 Inch,Veg Pizza
2026-01,2026-01-07,8419.0,Mexicana Pizza (12 Inch),685.0,1.0,685.0,0.0,719.26,12 Inch,Non Veg Pizza
2026-01,2026-01-07,8419.0,Supreme Veg Pizza (7 Inch),299.0,1.0,299.0,0.0,313.96,7 Inch,Veg Pizza
2026-01,2026-01-07,8418.0,Mambo Combo Pizza (7 Inch),315.0,1.0,315.0,0.0,330.76,7 Inch,Non Veg Pizza
2026-01,2026-01-07,8418.0,French Fries,95.0,1.0,95.0,0.0,99.76,,Munchies
2026-01,2026-01-07,8418.0,Mushroom Delight Pizza (7 Inch),205.0,1.0,205.0,0.0,215.26,7 Inch,Veg Pizza
2026-01,2026-01-07,8418.0,Regular Chicken Burger,105.0,1.0,105.0,0.0,110.26,,Burger
2026-01,2026-01-07,8418.0,Slice 200ml,20.0,1.0,20.0,0.0,20.0,,Soft Drinks
2026-01,2026-01-07,8417.0,Red Indian Pizza (9 Inch),475.0,2.0,950.0,237.5,748.12,9 Inch,Non Veg Pizza
2026-01,2026-01-07,8416.0,Super Saver Meal Regular,299.0,1.0,299.0,0.0,313.96,,Combos
2026-01,2026-01-07,8416.0,Fresh Lime Juice,40.0,1.0,40.0,0.0,42.0,,Shakes & Juices
2026-01,2026-01-07,8415.0,Bbq Chicken Pizza (12 Inch),685.0,1.0,685.0,0.0,719.26,12 Inch,Non Veg Pizza
2026-01,2026-01-07,8414.0,Burger Combo @ 179,179.0,1.0,179.0,0.0,187.94,,Burger
2026-01,2026-01-07,8413.0,Non Veg Meal For 1,289.0,1.0,289.0,0.0,303.46,,Combos
2026-01,2026-01-07,8412.0,5 Cheese Pizza (9 Inch),445.0,1.0,445.0,0.0,467.26,9 Inch,Veg Pizza
2026-01,2026-01-07,8412.0,French Fries,95.0,1.0,95.0,0.0,99.76,,Munchies
2026-01,2026-01-07,8412.0,Mayo,30.0,1.0,30.0,0.0,31.5,,Munchies
2026-01,2026-01-07,8411.0,Fresh Lime Juice,40.0,3.0,120.0,0.0,126.0,,Shakes & Juices
2026-01,2026-01-07,8411.0,Pineapple Juice,80.0,1.0,80.0,0.0,84.0,,Shakes & Juices
2026-01,2026-01-07,8410.0,Tandoori Chicken Pizza (7 Inch),299.0,1.0,299.0,0.0,313.96,7 Inch,Non Veg Pizza
2026-01,2026-01-07,8410.0,French Fries,95.0,1.0,95.0,0.0,99.76,,Munchies
2026-01,2026-01-07,8409.0,Veg Burger,90.0,1.0,90.0,0.0,94.5,,Burger
2026-01,2026-01-07,8408.0,Regular Chicken Burger,105.0,2.0,210.0,0.0,220.5,,Burger
2026-01,2026-01-07,8408.0,Pineapple Juice,80.0,2.0,160.0,0.0,168.0,,Shakes & Juices
2026-01,2026-01-07,8407.0,Hawaiian Fantasy Pizza (7 Inch),235.0,1.0,235.0,0.0,246.76,7 Inch,Veg Pizza
2026-01,2026-01-08,8454.0,Hot Chicken Pizza (7 Inch),245.0,1.0,245.0,0.0,257.26,7 Inch,Non Veg Pizza
2026-01,2026-01-08,8454.0,Pepsi 250ml Pet,20.0,1.0,20.0,0.0,20.0,,Soft Drinks
2026-01,2026-01-08,8453.0,Non Veg Meal For 1,289.0,1.0,289.0,0.0,303.46,,Combos
2026-01,2026-01-08,8452.0,Mexicana Pizza (9 Inch),475.0,1.0,475.0,0.0,498.76,9 Inch,Non Veg Pizza
2026-01,2026-01-08,8451.0,French Fries,95.0,1.0,95.0,0.0,99.76,,Munchies
2026-01,2026-01-08,8451.0,Mint Lime Juice,45.0,2.0,90.0,0.0,94.5,,Shakes & Juices
2026-01,2026-01-08,8451.0,Mexicana Pizza (7 Inch),299.0,1.0,299.0,0.0,313.96,7 Inch,Non Veg Pizza
2026-01,2026-01-08,8450.0,Supreme Veg Pizza (7 Inch),299.0,1.0,299.0,0.0,313.96,7 Inch,Veg Pizza
2026-01,2026-01-08,8450.0,Cheesy Fries,155.0,1.0,155.0,0.0,162.76,,Munchies
2026-01,2026-01-08,8449.0,Non Veg Meal For 4,829.0,1.0,829.0,0.0,870.46,,Combos
2026-01,2026-01-08,8448.0,Pepsi 250ml Pet,20.0,1.0,20.0,0.0,20.0,,Soft Drinks
2026-01,2026-01-08,8447.0,French Fries,95.0,1.0,95.0,0.0,99.76,,Munchies
2026-01,2026-01-08,8446.0,2 Regular Veg@349,349.0,1.0,349.0,0.0,366.46,,Combos
2026-01,2026-01-08,8444.0,Supreme Veg Pizza (7 Inch),299.0,1.0,299.0,0.0,313.96,7 Inch,Veg Pizza
2026-01,2026-01-08,8443.0,Bbq Chicken Pizza (7 Inch),299.0,1.0,299.0,0.0,313.96,7 Inch,Non Veg Pizza
2026-01,2026-01-08,8442.0,Tandoori Chicken Pizza (12 Inch),685.0,1.0,685.0,0.0,719.26,12 Inch,Non Veg Pizza
2026-01,2026-01-08,8441.0,Veg Pasta,245.0,1.0,245.0,0.0,257.26,,Pasta
2026-01,2026-01-08,8441.0,Veg Pasta,245.0,1.0,245.0,0.0,257.26,,Pasta
2026-01,2026-01-08,8441.0,French Fries,95.0,1.0,95.0,0.0,99.76,,Munchies
2026-01,2026-01-08,8440.0,Mushroom Delight Pizza (7 Inch),205.0,1.0,205.0,0.0,215.26,7 Inch,Veg Pizza
2026-01,2026-01-08,8440.0,7up 250ml Pet,20.0,1.0,20.0,0.0,20.0,,Soft Drinks
2026-01,2026-01-08,8439.0,Brownie With Ice Cream,189.0,1.0,189.0,0.0,198.44,,Desserts
2026-01,2026-01-08,8438.0,Paneer Tikka Butter Masala (9 Inch),475.0,1.0,475.0,0.0,498.76,9 Inch,Veg Pizza
2026-01,2026-01-08,8438.0,Grapes Juice,80.0,1.0,80.0,0.0,84.0,,Shakes & Juices
2026-01,2026-01-08,8437.0,Butter Chicken Pizza (7 Inch),299.0,1.0,299.0,0.0,313.96,7 Inch,Non Veg Pizza
2026-01,2026-01-08,8437.0,7up 250ml Pet,20.0,1.0,20.0,0.0,20.0,,Soft Drinks
2026-01,2026-01-08,8436.0,Chikku Shake,89.0,1.0,89.0,0.0,89.0,,Shakes & Juices
2026-01,2026-01-08,8436.0,Fresh Lime Juice,40.0,2.0,80.0,0.0,84.0,,Shakes & Juices
2026-01,2026-01-08,8436.0,Chicken Pasta,275.0,1.0,275.0,0.0,288.76,,Pasta
2026-01,2026-01-08,8435.0,Makhani Dip,30.0,1.0,30.0,0.0,31.5,,Munchies
2026-01,2026-01-08,8434.0,Chicken Nuggets,130.0,1.0,130.0,0.0,136.5,,Munchies
2026-01,2026-01-08,8434.0,French Fries,95.0,1.0,95.0,0.0,99.76,,Munchies
2026-01,2026-01-08,8434.0,Peri Peri Dip,30.0,1.0,30.0,0.0,31.5,,Munchies
2026-01,2026-01-08,8433.0,Chikku Shake,89.0,2.0,178.0,0.0,178.0,,Shakes & Juices
2026-01,2026-01-08,8432.0,Hot Treat Pizza (7 Inch),299.0,1.0,299.0,0.0,313.96,7 Inch,Non Veg Pizza
2026-01,2026-01-08,8432.0,Chikku Shake,89.0,1.0,89.0,0.0,89.0,,Shakes & Juices
2026-01,2026-01-08,8431.0,Chicken Nuggets,130.0,1.0,130.0,0.0,136.5,,Munchies
2026-01,2026-01-09,8478.0,Tandoori Chicken Pizza (12 Inch),685.0,1.0,685.0,0.0,719.26,12 Inch,Non Veg Pizza
2026-01,2026-01-09,8478.0,Loaded Fries,185.0,1.0,185.0,0.0,194.26,,Munchies
2026-01,2026-01-09,8478.0,Pepsi 250ml Pet,20.0,1.0,20.0,0.0,20.0,,Soft Drinks
2026-01,2026-01-09,8478.0,Soft Drink,36.0,1.0,36.0,0.0,36.0,,Soft Drinks
2026-01,2026-01-09,8477.0,Hot Chicken Pizza (9 Inch),445.0,1.0,445.0,0.0,467.26,9 Inch,Non Veg Pizza
2026-01,2026-01-09,8476.0,Super Saver Meal Medium,499.0,1.0,499.0,0.0,523.96,,Combos
2026-01,2026-01-09,8476.0,Pizza Upgrade,40.0,1.0,40.0,0.0,42.0,,Soft Drinks
2026-01,2026-01-09,8476.0,Mushroom Delight Pizza (7 Inch),205.0,1.0,205.0,0.0,215.26,7 Inch,Veg Pizza
2026-01,2026-01-09,8475.0,Mexicana Pizza (7 Inch),299.0,1.0,299.0,0.0,313.96,7 Inch,Non Veg Pizza
2026-01,2026-01-09,8474.0,Combo Delight Non-veg,189.0,1.0,189.0,0.0,198.44,,Combos
2026-01,2026-01-09,8473.0,Hot Chicken Pizza (7 Inch),245.0,1.0,245.0,0.0,257.26,7 Inch,Non Veg Pizza
2026-01,2026-01-09,8472.0,Pepsi 250ml Pet,20.0,1.0,20.0,0.0,20.0,,Soft Drinks
2026-01,2026-01-09,8471.0,2 Large Veg@999,1119.0,1.0,1119.0,0.0,1174.96,,Combos
2026-01,2026-01-09,8471.0,Supreme Veg Pizza (9 Inch),475.0,1.0,475.0,0.0,498.76,9 Inch,Veg Pizza
2026-01,2026-01-09,8471.0,Garlic Bread With Cheese,155.0,3.0,465.0,0.0,488.26,,Garlic Bread
2026-01,2026-01-09,8471.0,Veg Pasta,245.0,1.0,245.0,0.0,257.26,,Pasta
2026-01,2026-01-09,8470.0,Red Indian Pizza (7 Inch),299.0,1.0,299.0,0.0,313.96,7 Inch,Non Veg Pizza
2026-01,2026-01-09,8469.0,Plain Cheese Pizza (12 Inch),535.0,1.0,535.0,0.0,561.76,12 Inch,Veg Pizza
2026-01,2026-01-09,8469.0,Butter Chicken Pizza (12 Inch),685.0,1.0,685.0,0.0,719.26,12 Inch,Non Veg Pizza
2026-01,2026-01-09,8469.0,French Fries,95.0,2.0,190.0,0.0,199.5,,Munchies
2026-01,2026-01-09,8469.0,Garlic Bread With Cheese,155.0,1.0,155.0,0.0,162.76,,Garlic Bread
2026-01,2026-01-09,8469.0,Regular Chicken Burger,105.0,2.0,210.0,0.0,220.5,,Burger
2026-01,2026-01-09,8468.0,Cheese N Corn Chicken (9 Inch),445.0,1.0,445.0,0.0,467.26,9 Inch,Non Veg Pizza
2026-01,2026-01-09,8467.0,Chicken Tikka Butter Masala (12 Inch),685.0,1.0,685.0,0.0,719.26,12 Inch,Non Veg Pizza
2026-01,2026-01-09,8466.0,Non Veg Meal For 4,829.0,1.0,829.0,0.0,870.46,,Combos
2026-01,2026-01-09,8465.0,Bbq Chicken Pizza (9 Inch),475.0,1.0,475.0,0.0,498.76,9 Inch,Non Veg Pizza
2026-01,2026-01-09,8465.0,Veg Tandoori Paneer Pizza (9 Inch),475.0,1.0,475.0,0.0,498.76,9 Inch,Veg Pizza
2026-01,2026-01-09,8465.0,Soft Drink,60.0,1.0,60.0,0.0,60.0,,Soft Drinks
2026-01,2026-01-09,8464.0,Chicken Pasta,275.0,1.0,275.0,0.0,288.76,,Pasta
2026-01,2026-01-09,8463.0,Mexican Veg Pizza (7 Inch),205.0,1.0,205.0,0.0,215.26,7 Inch,Veg Pizza
2026-01,2026-01-09,8463.0,Grapes Juice,80.0,1.0,80.0,0.0,84.0,,Shakes & Juices
2026-01,2026-01-09,8462.0,Chocolate Shake,99.0,1.0,99.0,0.0,99.0,,Shakes & Juices
2026-01,2026-01-09,8462.0,Chikku Shake,89.0,1.0,89.0,0.0,89.0,,Shakes & Juices
2026-01,2026-01-09,8461.0,Cheese N Corn Chicken (7 Inch),245.0,1.0,245.0,0.0,257.26,7 Inch,Non Veg Pizza
2026-01,2026-01-09,8461.0,Loaded Fries,185.0,1.0,185.0,0.0,194.26,,Munchies
2026-01,2026-01-09,8460.0,Watermelon Juice,80.0,1.0,80.0,0.0,84.0,,Shakes & Juices
2026-01,2026-01-09,8460.0,Loaded Fries,185.0,1.0,185.0,0.0,194.26,,Munchies
2026-01,2026-01-09,8460.0,Pineapple Juice,80.0,1.0,80.0,0.0,84.0,,Shakes & Juices
2026-01,2026-01-09,8459.0,Tender Coconut,99.0,1.0,99.0,0.0,99.0,,Shakes & Juices
2026-01,2026-01-09,8459.0,Chikku Shake,89.0,1.0,89.0,0.0,89.0,,Shakes & Juices
2026-01,2026-01-09,8458.0,2 Regular Non-veg@409,489.0,1.0,489.0,0.0,513.46,,Combos
2026-01,2026-01-09,8457.0,Cheese N Macaroni Salad,159.0,1.0,159.0,0.0,166.96,,Salad
2026-01,2026-01-09,8457.0,Cheesy Fries,155.0,1.0,155.0,0.0,162.76,,Munchies
2026-01,2026-01-09,8456.0,Tandoori Chicken Pizza (7 Inch),299.0,1.0,299.0,0.0,313.96,7 Inch,Non Veg Pizza
2026-01,2026-01-09,8456.0,Loaded Fries,185.0,2.0,370.0,0.0,388.5,,Munchies
2026-01,2026-01-09,8455.0,Mdew 330ml Can,40.0,1.0,40.0,0.0,40.0,,Soft Drinks
2026-01,2026-01-10,8513.0,Chicken Pasta,275.0,1.0,275.0,0.0,288.76,,Pasta
2026-01,2026-01-10,8513.0,Chicken Pasta,275.0,1.0,275.0,0.0,288.76,,Pasta
2026-01,2026-01-10,8513.0,Fresh Garden Mint,99.0,1.0,99.0,0.0,103.96,,Mojitos
2026-01,2026-01-10,8512.0,Super Saver Meal Regular,299.0,1.0,299.0,0.0,313.96,,Combos
2026-01,2026-01-10,8511.0,Cheese N Corn Chicken (7 Inch),245.0,1.0,245.0,0.0,257.26,7 Inch,Non Veg Pizza
2026-01,2026-01-10,8510.0,Supreme Veg Pizza (12 Inch),685.0,1.0,685.0,0.0,719.26,12 Inch,Veg Pizza
2026-01,2026-01-10,8509.0,Schezwan Paneer (12 Inch),685.0,1.0,685.0,0.0,719.26,12 Inch,Veg Pizza
2026-01,2026-01-10,8509.0,Paneer Tikka Butter Masala (12 Inch),685.0,1.0,685.0,0.0,719.26,12 Inch,Veg Pizza
2026-01,2026-01-10,8509.0,French Fries,95.0,4.0,380.0,0.0,399.0,,Munchies
2026-01,2026-01-10,8509.0,Hot Garlic Dip,30.0,2.0,60.0,0.0,63.0,,Munchies
2026-01,2026-01-10,8508.0,Chicken Tikka Butter Masala (12 Inch),685.0,1.0,685.0,0.0,719.26,12 Inch,Non Veg Pizza
2026-01,2026-01-10,8507.0,2 Regular Non-veg@409,409.0,1.0,409.0,0.0,429.46,,Combos
2026-01,2026-01-10,8506.0,Grapes Juice,80.0,1.0,80.0,0.0,84.0,,Shakes & Juices
2026-01,2026-01-10,8506.0,Mexicana Pizza (7 Inch),299.0,1.0,299.0,0.0,313.96,7 Inch,Non Veg Pizza
2026-01,2026-01-10,8506.0,Loaded Fries,185.0,1.0,185.0,0.0,194.26,,Munchies
2026-01,2026-01-10,8506.0,Chicken Pasta,275.0,1.0,275.0,0.0,288.76,,Pasta
2026-01,2026-01-10,8505.0,2 Medium Non-veg@759,859.0,1.0,859.0,0.0,901.96,,Combos
2026-01,2026-01-10,8505.0,French Fries,95.0,1.0,95.0,0.0,99.76,,Munchies
2026-01,2026-01-10,8505.0,Pepsi@40rs,40.0,1.0,40.0,0.0,40.0,,Soft Drinks
2026-01,2026-01-10,8504.0,Garlic Bread,120.0,1.0,120.0,0.0,126.0,,Garlic Bread
2026-01,2026-01-10,8503.0,Italian Feast Pizza (12 Inch),755.0,1.0,755.0,0.0,792.76,12 Inch,Non Veg Pizza
2026-01,2026-01-10,8503.0,Coleslaw Salad,139.0,1.0,139.0,0.0,145.96,,Salad
2026-01,2026-01-10,8503.0,Pepsi@40rs,40.0,1.0,40.0,0.0,40.0,,Soft Drinks
2026-01,2026-01-10,8502.0,Chicken Nuggets,130.0,1.0,130.0,0.0,136.5,,Munchies
2026-01,2026-01-10,8501.0,Non Veg Meal For 1,289.0,1.0,289.0,0.0,303.46,,Combos
2026-01,2026-01-10,8501.0,Mexican Veg Pizza (9 Inch),385.0,1.0,385.0,0.0,404.26,9 Inch,Veg Pizza
2026-01,2026-01-10,8500.0,French Fries,95.0,1.0,95.0,0.0,99.76,,Munchies
2026-01,2026-01-10,8500.0,Mdew@40rs,40.0,1.0,40.0,0.0,40.0,,Soft Drinks
2026-01,2026-01-10,8500.0,2 Medium Non-veg@759,859.0,1.0,859.0,0.0,901.96,,Combos
2026-01,2026-01-10,8499.0,Mexicana Pizza (9 Inch),475.0,1.0,475.0,0.0,498.76,9 Inch,Non Veg Pizza
2026-01,2026-01-10,8498.0,5 Chicken Pizza (9 Inch),545.0,1.0,545.0,0.0,572.26,9 Inch,Non Veg Pizza
2026-01,2026-01-10,8498.0,French Fries,95.0,1.0,95.0,0.0,99.76,,Munchies
2026-01,2026-01-10,8497.0,Mexican Veg Pizza (7 Inch),205.0,1.0,205.0,0.0,215.26,7 Inch,Veg Pizza
2026-01,2026-01-10,8497.0,Chicken Pepperoni (9 Inch),545.0,1.0,545.0,0.0,572.26,9 Inch,Non Veg Pizza
2026-01,2026-01-10,8496.0,New York Pizza (9 Inch),545.0,1.0,545.0,0.0,572.26,9 Inch,Non Veg Pizza
2026-01,2026-01-10,8496.0,Burger Combo @ 199,199.0,1.0,199.0,0.0,208.94,,Burger
2026-01,2026-01-10,8496.0,7up 250ml Pet,20.0,1.0,20.0,0.0,20.0,,Soft Drinks
2026-01,2026-01-10,8495.0,Cheese N Corn Chicken (7 Inch),245.0,1.0,245.0,0.0,257.26,7 Inch,Non Veg Pizza
2026-01,2026-01-10,8494.0,Fiery Chicken Pizza (7 Inch),245.0,1.0,245.0,0.0,257.26,7 Inch,Non Veg Pizza
2026-01,2026-01-10,8494.0,Pepsi 250ml Pet,20.0,1.0,20.0,0.0,20.0,,Soft Drinks
2026-01,2026-01-10,8493.0,Chicken Tikka Butter Masala (9 Inch),475.0,1.0,475.0,0.0,498.76,9 Inch,Non Veg Pizza
2026-01,2026-01-10,8493.0,Garlic Bread With Cheese,155.0,1.0,155.0,0.0,162.76,,Garlic Bread
2026-01,2026-01-10,8493.0,Pepsi@40rs,40.0,1.0,40.0,0.0,40.0,,Soft Drinks
2026-01,2026-01-10,8491.0,Mexicana Pizza (7 Inch),299.0,1.0,299.0,0.0,313.96,7 Inch,Non Veg Pizza
2026-01,2026-01-10,8490.0,Butter Chicken Pizza (7 Inch),299.0,1.0,299.0,0.0,313.96,7 Inch,Non Veg Pizza
2026-01,2026-01-10,8490.0,Regular Chicken Burger,105.0,2.0,210.0,0.0,220.5,,Burger
2026-01,2026-01-10,8490.0,7up 250ml Pet,20.0,1.0,20.0,0.0,20.0,,Soft Drinks
2026-01,2026-01-10,8489.0,Hot Chicken Pizza (7 Inch),245.0,1.0,245.0,0.0,257.26,7 Inch,Non Veg Pizza
2026-01,2026-01-10,8489.0,Fresh Lime Juice,40.0,1.0,40.0,0.0,42.0,,Shakes & Juices
2026-01,2026-01-10,8488.0,Combo Delight Non-veg,189.0,1.0,189.0,0.0,198.44,,Combos
2026-01,2026-01-10,8487.0,Veg Tandoori Paneer Pizza (9 Inch),475.0,1.0,475.0,0.0,498.76,9 Inch,Veg Pizza
2026-01,2026-01-10,8487.0,French Fries,95.0,1.0,95.0,0.0,99.76,,Munchies
2026-01,2026-01-10,8487.0,Garlic Bread With Cheese,155.0,1.0,155.0,0.0,162.76,,Garlic Bread
2026-01,2026-01-10,8486.0,Regular Chicken Burger,105.0,4.0,420.0,0.0,441.0,,Burger
2026-01,2026-01-10,8486.0,French Fries,95.0,1.0,95.0,0.0,99.76,,Munchies
2026-01,2026-01-10,8485.0,Soft Drink,30.0,1.0,30.0,0.0,30.0,,Soft Drinks
2026-01,2026-01-10,8484.0,Tandoori Chicken Pizza (9 Inch),475.0,1.0,475.0,0.0,498.76,9 Inch,Non Veg Pizza
2026-01,2026-01-10,8484.0,French Fries,95.0,1.0,95.0,0.0,99.76,,Munchies
2026-01,2026-01-10,8483.0,2 Regular Non-veg@409,409.0,1.0,409.0,0.0,429.46,,Combos
2026-01,2026-01-10,8482.0,Hot Chicken Pizza (9 Inch),445.0,1.0,445.0,0.0,467.26,9 Inch,Non Veg Pizza
2026-01,2026-01-10,8482.0,7up 250ml Pet,20.0,1.0,20.0,0.0,20.0,,Soft Drinks
2026-01,2026-01-10,8481.0,Slice 200ml,20.0,2.0,40.0,0.0,40.0,,Soft Drinks
2026-01,2026-01-10,8480.0,Hot Chicken Pizza (7 Inch),245.0,1.0,245.0,0.0,257.26,7 Inch,Non Veg Pizza
2026-01,2026-01-10,8480.0,Fresh Lime Juice,40.0,2.0,80.0,0.0,84.0,,Shakes & Juices
2026-01,2026-01-10,8479.0,Chikku Shake,89.0,1.0,89.0,0.0,89.0,,Shakes & Juices
2026-01,2026-01-11,8539.0,7up @50rs,50.0,2.0,100.0,0.0,100.0,,Soft Drinks
2026-01,2026-01-11,8539.0,7up 250ml Pet,20.0,1.0,20.0,0.0,20.0,,Soft Drinks
2026-01,2026-01-11,8538.0,Margherita Pizza (9 Inch),295.0,1.0,295.0,0.0,309.76,9 Inch,Veg Pizza
2026-01,2026-01-11,8538.0,Blue Mojito,99.0,1.0,99.0,0.0,103.96,,Mojitos
2026-01,2026-01-11,8537.0,Schezwan Chicken (9 Inch),475.0,1.0,475.0,0.0,498.76,9 Inch,Non Veg Pizza
2026-01,2026-01-11,8537.0,Chocolate Shake,99.0,1.0,99.0,0.0,99.0,,Shakes & Juices
2026-01,2026-01-11,8536.0,2 Regular Non-veg@409,409.0,1.0,409.0,0.0,429.46,,Combos
2026-01,2026-01-11,8535.0,2 Regular Non-veg@409,489.0,1.0,489.0,0.0,513.46,,Combos
2026-01,2026-01-11,8535.0,Chicken Kheema Pizza (7 Inch),299.0,1.0,299.0,0.0,313.96,7 Inch,Non Veg Pizza
2026-01,2026-01-11,8534.0,French Fries,95.0,1.0,95.0,0.0,99.76,,Munchies
2026-01,2026-01-11,8533.0,Supreme Veg Pizza (9 Inch),475.0,1.0,475.0,0.0,498.76,9 Inch,Veg Pizza
2026-01,2026-01-11,8533.0,Hot Passion Pizza (7 Inch),235.0,1.0,235.0,0.0,246.76,7 Inch,Veg Pizza
2026-01,2026-01-11,8533.0,Butter Chicken Pizza (7 Inch),299.0,1.0,299.0,0.0,313.96,7 Inch,Non Veg Pizza
2026-01,2026-01-11,8533.0,French Fries,95.0,1.0,95.0,0.0,99.76,,Munchies
2026-01,2026-01-11,8533.0,Chilly Potato Shots,145.0,1.0,145.0,0.0,152.26,,Munchies
2026-01,2026-01-11,8533.0,Chicken Nuggets,130.0,1.0,130.0,0.0,136.5,,Munchies
2026-01,2026-01-11,8533.0,Greek Salad,179.0,1.0,179.0,0.0,187.94,,Salad
2026-01,2026-01-11,8532.0,Mushroom Delight Pizza (7 Inch),205.0,1.0,205.0,0.0,215.26,7 Inch,Veg Pizza
2026-01,2026-01-11,8531.0,Regular Chicken Burger,105.0,2.0,210.0,0.0,220.5,,Burger
2026-01,2026-01-11,8530.0,2 Regular Non-veg@409,409.0,1.0,409.0,0.0,429.46,,Combos
2026-01,2026-01-11,8529.0,Delicious Combo Delight Regular,449.0,1.0,449.0,0.0,471.46,,Combos
2026-01,2026-01-11,8528.0,Non Veg Meal For 4,829.0,1.0,829.0,0.0,870.46,,Combos
2026-01,2026-01-11,8527.0,Las Vegas Pizza (7 Inch),275.0,1.0,275.0,0.0,288.76,7 Inch,Veg Pizza
2026-01,2026-01-11,8526.0,Regular Chicken Burger,105.0,2.0,210.0,0.0,220.5,,Burger
2026-01,2026-01-11,8526.0,Pepsi@40rs,40.0,1.0,40.0,0.0,40.0,,Soft Drinks
2026-01,2026-01-11,8525.0,Chocolate Shake,99.0,2.0,198.0,0.0,198.0,,Shakes & Juices
2026-01,2026-01-11,8525.0,Fresh Lime Juice,40.0,1.0,40.0,0.0,42.0,,Shakes & Juices
2026-01,2026-01-11,8525.0,Chikku Shake,89.0,1.0,89.0,0.0,89.0,,Shakes & Juices
2026-01,2026-01-11,8525.0,Regular Chicken Burger,105.0,2.0,210.0,0.0,220.5,,Burger
2026-01,2026-01-11,8524.0,Bbq Chicken Pizza (12 Inch),685.0,1.0,685.0,0.0,719.26,12 Inch,Non Veg Pizza
2026-01,2026-01-11,8523.0,Hot Chicken Pizza (7 Inch),245.0,1.0,245.0,0.0,257.26,7 Inch,Non Veg Pizza
2026-01,2026-01-11,8522.0,Grapes Juice,80.0,1.0,80.0,0.0,84.0,,Shakes & Juices
2026-01,2026-01-11,8521.0,Cheese N Corn Chicken (9 Inch),445.0,1.0,445.0,0.0,467.26,9 Inch,Non Veg Pizza
2026-01,2026-01-11,8520.0,Watermelon Juice,80.0,1.0,80.0,0.0,84.0,,Shakes & Juices
2026-01,2026-01-11,8520.0,Fresh Lime Juice,40.0,1.0,40.0,0.0,42.0,,Shakes & Juices
2026-01,2026-01-11,8519.0,Veg Bite Pizza (7 Inch),205.0,1.0,205.0,0.0,215.26,7 Inch,Veg Pizza
2026-01,2026-01-11,8518.0,Soft Drink,60.0,1.0,60.0,0.0,60.0,,Soft Drinks
2026-01,2026-01-11,8517.0,Soft Drink,30.0,1.0,30.0,0.0,30.0,,Soft Drinks
2026-01,2026-01-11,8516.0,Chicken Tikka Butter Masala (7 Inch),299.0,1.0,299.0,0.0,313.96,7 Inch,Non Veg Pizza
2026-01,2026-01-11,8515.0,Regular Chicken Burger,105.0,1.0,105.0,0.0,110.26,,Burger
2026-01,2026-01-11,8514.0,Plain Cheese Pizza (7 Inch),135.0,1.0,135.0,0.0,141.76,7 Inch,Veg Pizza
2026-01,2026-01-12,8572.0,Pineapple Juice,80.0,1.0,80.0,0.0,84.0,,Shakes & Juices
2026-01,2026-01-12,8572.0,Passion Fruit,99.0,1.0,99.0,0.0,103.96,,Mojitos
2026-01,2026-01-12,8572.0,Red Indian Pizza (7 Inch),299.0,1.0,299.0,0.0,313.96,7 Inch,Non Veg Pizza
2026-01,2026-01-12,8571.0,New York Pizza (12 Inch),725.0,1.0,725.0,0.0,761.26,12 Inch,Non Veg Pizza
2026-01,2026-01-12,8571.0,Garlic Bread With Cheese,155.0,2.0,310.0,0.0,325.5,,Garlic Bread
2026-01,2026-01-12,8571.0,Chicken Pepperoni (12 Inch),725.0,1.0,725.0,0.0,761.26,12 Inch,Non Veg Pizza
2026-01,2026-01-12,8571.0,Passion Fruit,99.0,2.0,198.0,0.0,207.9,,Mojitos
2026-01,2026-01-12,8571.0,Fresh Garden Mint,99.0,2.0,198.0,0.0,207.9,,Mojitos
2026-01,2026-01-12,8571.0,Potato Wedges,155.0,2.0,310.0,0.0,325.5,,Munchies
2026-01,2026-01-12,8571.0,Mambo Combo Pizza (12 Inch),725.0,1.0,725.0,0.0,761.26,12 Inch,Non Veg Pizza
2026-01,2026-01-12,8570.0,BBQ & Onion Pizza (7 Inch),245.0,1.0,245.0,0.0,257.26,7 Inch,Non Veg Pizza
2026-01,2026-01-12,8569.0,Combo Delight Non-veg,189.0,1.0,189.0,0.0,198.44,,Combos
2026-01,2026-01-12,8568.0,Combo Delight Non-veg,189.0,1.0,189.0,0.0,198.44,,Combos
2026-01,2026-01-12,8568.0,Soft Drink,10.0,1.0,10.0,0.0,10.0,,Soft Drinks
2026-01,2026-01-12,8567.0,Chicken Pasta,275.0,1.0,275.0,0.0,288.76,,Pasta
2026-01,2026-01-12,8566.0,Chicken Tikka Butter Masala (7 Inch),299.0,1.0,299.0,0.0,313.96,7 Inch,Non Veg Pizza
2026-01,2026-01-12,8566.0,Brownie,115.0,1.0,115.0,0.0,120.76,,Desserts
2026-01,2026-01-12,8565.0,Chicken Pasta,275.0,1.0,275.0,0.0,288.76,,Pasta
2026-01,2026-01-12,8565.0,Chicken Tikka Butter Masala (7 Inch),299.0,1.0,299.0,0.0,313.96,7 Inch,Non Veg Pizza
2026-01,2026-01-12,8564.0,Pepsi@40rs,40.0,1.0,40.0,0.0,40.0,,Soft Drinks
2026-01,2026-01-12,8563.0,Butter Chicken Pizza (9 Inch),475.0,1.0,475.0,0.0,498.76,9 Inch,Non Veg Pizza
2026-01,2026-01-12,8562.0,Bbq Chicken Pizza (12 Inch),685.0,1.0,685.0,0.0,719.26,12 Inch,Non Veg Pizza
2026-01,2026-01-12,8561.0,Tandoori Chicken Pizza (7 Inch),299.0,1.0,299.0,0.0,313.96,7 Inch,Non Veg Pizza
2026-01,2026-01-12,8561.0,Mint Lime Juice,45.0,3.0,135.0,0.0,141.76,,Shakes & Juices
2026-01,2026-01-12,8560.0,Veg Pasta,245.0,1.0,245.0,0.0,257.26,,Pasta
2026-01,2026-01-12,8560.0,Supreme Veg Pizza (9 Inch),475.0,1.0,475.0,0.0,498.76,9 Inch,Veg Pizza
2026-01,2026-01-12,8560.0,Chicken Tikka Butter Masala (7 Inch),299.0,1.0,299.0,0.0,313.96,7 Inch,Non Veg Pizza
2026-01,2026-01-12,8560.0,Garlic Bread With Cheese,155.0,1.0,155.0,0.0,162.76,,Garlic Bread
2026-01,2026-01-12,8558.0,Red Indian Pizza (9 Inch),475.0,1.0,475.0,0.0,498.76,9 Inch,Non Veg Pizza
2026-01,2026-01-12,8557.0,Cheese N Corn Chicken (9 Inch),445.0,1.0,445.0,0.0,467.26,9 Inch,Non Veg Pizza
2026-01,2026-01-12,8557.0,Cheese N Macaroni Salad,159.0,1.0,159.0,0.0,166.96,,Salad
2026-01,2026-01-12,8557.0,Chicken Nuggets,130.0,1.0,130.0,0.0,136.5,,Munchies
2026-01,2026-01-12,8557.0,Pepsi 250ml Pet,20.0,1.0,20.0,0.0,20.0,,Soft Drinks
2026-01,2026-01-12,8556.0,French Fries,95.0,1.0,95.0,0.0,99.76,,Munchies
2026-01,2026-01-12,8555.0,Veg Tandoori Paneer Pizza (7 Inch),299.0,1.0,299.0,0.0,313.96,7 Inch,Veg Pizza
2026-01,2026-01-12,8555.0,Burn To Hell Pizza (7 Inch),299.0,1.0,299.0,0.0,313.96,7 Inch,Veg Pizza
2026-01,2026-01-12,8555.0,Potato Wedges,155.0,1.0,155.0,0.0,162.76,,Munchies
2026-01,2026-01-12,8554.0,Burger Combo @ 179,179.0,1.0,179.0,0.0,187.94,,Burger
2026-01,2026-01-12,8554.0,Chikku Shake,89.0,1.0,89.0,0.0,89.0,,Shakes & Juices
2026-01,2026-01-12,8553.0,Butter Chicken Pizza (9 Inch),475.0,1.0,475.0,0.0,498.76,9 Inch,Non Veg Pizza
2026-01,2026-01-12,8553.0,Supreme Veg Pizza (9 Inch),475.0,1.0,475.0,0.0,498.76,9 Inch,Veg Pizza
2026-01,2026-01-12,8552.0,Chicken Pasta,275.0,1.0,275.0,0.0,288.76,,Pasta
2026-01,2026-01-12,8551.0,Mineral Water,20.0,1.0,20.0,0.0,20.0,,Soft Drinks
2026-01,2026-01-12,8550.0,Plain Cheese Pizza (7 Inch),135.0,1.0,135.0,0.0,141.76,7 Inch,Veg Pizza
2026-01,2026-01-12,8549.0,Hot Chicken Pizza (7 Inch),245.0,1.0,245.0,0.0,257.26,7 Inch,Non Veg Pizza
2026-01,2026-01-12,8549.0,Mdew 330ml Can,40.0,1.0,40.0,0.0,40.0,,Soft Drinks
2026-01,2026-01-12,8548.0,Tandoori Chicken Pizza (12 Inch),685.0,1.0,685.0,0.0,719.26,12 Inch,Non Veg Pizza
2026-01,2026-01-12,8547.0,Paneer Tikka Butter Masala (7 Inch),299.0,1.0,299.0,0.0,313.96,7 Inch,Veg Pizza
2026-01,2026-01-12,8547.0,Schezwan Paneer (9 Inch),475.0,1.0,475.0,0.0,498.76,9 Inch,Veg Pizza
2026-01,2026-01-12,8547.0,Veg Burger,90.0,1.0,90.0,0.0,94.5,,Burger
2026-01,2026-01-12,8546.0,Paneer Tikka Butter Masala (9 Inch),475.0,1.0,475.0,0.0,498.76,9 Inch,Veg Pizza
2026-01,2026-01-12,8546.0,Chilly Potato Shots,145.0,1.0,145.0,0.0,152.26,,Munchies
2026-01,2026-01-12,8546.0,Chikku Shake,89.0,1.0,89.0,0.0,89.0,,Shakes & Juices
2026-01,2026-01-12,8545.0,Super Saver Meal Regular,299.0,1.0,299.0,0.0,313.96,,Combos
2026-01,2026-01-12,8544.0,Burger Combo @ 169,169.0,1.0,169.0,0.0,177.44,,Burger
2026-01,2026-01-12,8544.0,Regular Chicken Burger,105.0,1.0,105.0,0.0,110.26,,Burger
2026-01,2026-01-12,8543.0,Combo Delight Non-veg,189.0,1.0,189.0,0.0,198.44,,Combos
2026-01,2026-01-12,8542.0,Bbq Chicken Pizza (12 Inch),685.0,1.0,685.0,0.0,719.26,12 Inch,Non Veg Pizza
2026-01,2026-01-12,8542.0,Chikku Shake,89.0,1.0,89.0,0.0,89.0,,Shakes & Juices
2026-01,2026-01-12,8541.0,Soft Drink,100.0,1.0,100.0,0.0,100.0,,Soft Drinks
2026-01,2026-01-12,8540.0,Burger Combo @ 179,179.0,1.0,179.0,0.0,187.94,,Burger
2026-01,2026-01-13,8598.0,Chicken Pasta,275.0,1.0,275.0,0.0,288.76,,Pasta
2026-01,2026-01-13,8597.0,Schezwan Chicken (9 Inch),475.0,1.0,475.0,0.0,498.76,9 Inch,Non Veg Pizza
2026-01,2026-01-13,8597.0,Mint Lime Juice,45.0,2.0,90.0,0.0,94.5,,Shakes & Juices
2026-01,2026-01-13,8596.0,Butter Chicken Pizza (9 Inch),475.0,1.0,475.0,0.0,498.76,9 Inch,Non Veg Pizza
2026-01,2026-01-13,8595.0,Soft Drink,20.0,1.0,20.0,0.0,20.0,,Soft Drinks
2026-01,2026-01-13,8594.0,Hot Chicken Pizza (12 Inch),655.0,1.0,655.0,0.0,687.76,12 Inch,Non Veg Pizza
2026-01,2026-01-13,8593.0,Combo Delight Non-veg,189.0,1.0,189.0,0.0,198.44,,Combos
2026-01,2026-01-13,8592.0,Delicious Combo Delight Medium,649.0,1.0,649.0,0.0,681.46,,Combos
2026-01,2026-01-13,8592.0,Regular Chicken Burger,105.0,1.0,105.0,0.0,110.26,,Burger
2026-01,2026-01-13,8592.0,Chicken Nuggets Burger,140.0,1.0,140.0,0.0,147.0,,Burger
2026-01,2026-01-13,8592.0,Green Apple,99.0,1.0,99.0,0.0,103.96,,Mojitos
2026-01,2026-01-13,8592.0,Regular Chicken Burger,105.0,1.0,105.0,0.0,110.26,,Burger
2026-01,2026-01-13,8592.0,Green Apple,99.0,1.0,99.0,0.0,103.96,,Mojitos
2026-01,2026-01-13,8591.0,Mexicana Pizza (9 Inch),475.0,1.0,475.0,0.0,498.76,9 Inch,Non Veg Pizza
2026-01,2026-01-13,8590.0,Delicious Combo Delight Medium,649.0,1.0,649.0,0.0,681.46,,Combos
2026-01,2026-01-13,8589.0,Soft Drink,20.0,1.0,20.0,0.0,20.0,,Soft Drinks
2026-01,2026-01-13,8588.0,Super Saver Meal Regular,299.0,1.0,299.0,0.0,313.96,,Combos
2026-01,2026-01-13,8587.0,Bbq Chicken Pizza (7 Inch),299.0,1.0,299.0,0.0,313.96,7 Inch,Non Veg Pizza
2026-01,2026-01-13,8587.0,Regular Chicken Burger,105.0,1.0,105.0,0.0,110.26,,Burger
2026-01,2026-01-13,8586.0,2 Regular Non-veg@409,449.0,1.0,449.0,0.0,471.46,,Combos
2026-01,2026-01-13,8585.0,Hot Treat Pizza (7 Inch),299.0,1.0,299.0,0.0,313.96,7 Inch,Non Veg Pizza
2026-01,2026-01-13,8585.0,Burger Combo @ 179,179.0,1.0,179.0,0.0,187.94,,Burger
2026-01,2026-01-13,8584.0,2 Regular Non-veg@409,409.0,1.0,409.0,0.0,429.46,,Combos
2026-01,2026-01-13,8583.0,Schezwan Paneer (7 Inch),299.0,1.0,299.0,0.0,313.96,7 Inch,Veg Pizza
2026-01,2026-01-13,8582.0,Margherita Pizza (7 Inch),135.0,1.0,135.0,0.0,141.76,7 Inch,Veg Pizza
2026-01,2026-01-13,8582.0,Mushroom Delight Pizza (7 Inch),205.0,1.0,205.0,0.0,215.26,7 Inch,Veg Pizza
2026-01,2026-01-13,8582.0,Veg Burger,90.0,1.0,90.0,0.0,94.5,,Burger
2026-01,2026-01-13,8581.0,Roasted Chicken Salad,179.0,1.0,179.0,0.0,187.94,,Salad
2026-01,2026-01-13,8581.0,Tandoori Chicken Pizza (7 Inch),299.0,1.0,299.0,0.0,313.96,7 Inch,Non Veg Pizza
2026-01,2026-01-13,8580.0,2 Regular Non-veg@409,489.0,1.0,489.0,0.0,513.46,,Combos
2026-01,2026-01-13,8579.0,Veg Bite Pizza (7 Inch),205.0,1.0,205.0,0.0,215.26,7 Inch,Veg Pizza
2026-01,2026-01-13,8578.0,Bbq Chicken Pizza (9 Inch),475.0,1.0,475.0,0.0,498.76,9 Inch,Non Veg Pizza
2026-01,2026-01-13,8578.0,Mambo Combo Pizza (7 Inch),315.0,1.0,315.0,0.0,330.76,7 Inch,Non Veg Pizza
2026-01,2026-01-13,8578.0,Chicken Pasta,275.0,1.0,275.0,0.0,288.76,,Pasta
2026-01,2026-01-13,8578.0,Cucumber,99.0,1.0,99.0,0.0,103.96,,Mojitos
2026-01,2026-01-13,8577.0,Slice 200ml,20.0,1.0,20.0,0.0,20.0,,Soft Drinks
2026-01,2026-01-13,8576.0,Mexican Veg Pizza (9 Inch),385.0,1.0,385.0,0.0,404.26,9 Inch,Veg Pizza
2026-01,2026-01-13,8575.0,Hot Chicken Pizza (7 Inch),245.0,1.0,245.0,0.0,257.26,7 Inch,Non Veg Pizza
2026-01,2026-01-13,8574.0,Super Saver Meal Regular,299.0,1.0,299.0,0.0,313.96,,Combos
2026-01,2026-01-13,8573.0,Veg Pasta,245.0,1.0,245.0,0.0,257.26,,Pasta
2026-01,2026-01-13,8573.0,Cheesy Fries,155.0,1.0,155.0,0.0,162.76,,Munchies
2026-01,2026-01-13,8573.0,Strawberry,99.0,1.0,99.0,0.0,103.96,,Mojitos
2026-01,2026-01-14,8619.0,Slice 200ml,20.0,1.0,20.0,0.0,20.0,,Soft Drinks
2026-01,2026-01-14,8619.0,Chicken Nuggets,130.0,1.0,130.0,0.0,136.5,,Munchies
2026-01,2026-01-14,8619.0,2 Regular Non-veg@409,409.0,1.0,409.0,0.0,429.46,,Combos
2026-01,2026-01-14,8619.0,Burger Combo @ 199,199.0,2.0,398.0,0.0,417.9,,Burger
2026-01,2026-01-14,8618.0,Burger Combo @ 169,169.0,1.0,169.0,0.0,177.44,,Burger
2026-01,2026-01-14,8618.0,Regular Chicken Burger,105.0,6.0,630.0,0.0,661.5,,Burger
2026-01,2026-01-14,8617.0,Super Saver Meal Medium,499.0,1.0,499.0,0.0,523.96,,Combos
2026-01,2026-01-14,8614.0,Regular Chicken Burger,105.0,5.0,525.0,0.0,551.26,,Burger
2026-01,2026-01-14,8614.0,Chicken Pasta,275.0,1.0,275.0,0.0,288.76,,Pasta
2026-01,2026-01-14,8613.0,Brownie With Ice Cream,189.0,1.0,189.0,0.0,198.44,,Desserts
2026-01,2026-01-14,8613.0,2 Regular Non-veg@409,489.0,1.0,489.0,0.0,513.46,,Combos
2026-01,2026-01-14,8613.0,French Fries,95.0,1.0,95.0,0.0,99.76,,Munchies
2026-01,2026-01-14,8612.0,Veg Tandoori Paneer Pizza (12 Inch),685.0,1.0,685.0,0.0,719.26,12 Inch,Veg Pizza
2026-01,2026-01-14,8612.0,Veg Bite Pizza (7 Inch),205.0,1.0,205.0,0.0,215.26,7 Inch,Veg Pizza
2026-01,2026-01-14,8611.0,7up @50rs,50.0,1.0,50.0,0.0,50.0,,Soft Drinks
2026-01,2026-01-14,8610.0,Bbq Chicken Pizza (9 Inch),475.0,1.0,475.0,0.0,498.76,9 Inch,Non Veg Pizza
2026-01,2026-01-14,8609.0,Cheese N Corn Chicken (9 Inch),445.0,1.0,445.0,0.0,467.26,9 Inch,Non Veg Pizza
2026-01,2026-01-14,8609.0,Loaded Fries,185.0,1.0,185.0,0.0,194.26,,Munchies
2026-01,2026-01-14,8609.0,Chicken Pasta,275.0,1.0,275.0,0.0,288.76,,Pasta
2026-01,2026-01-14,8609.0,Blue Mojito,99.0,3.0,297.0,0.0,311.86,,Mojitos
2026-01,2026-01-14,8608.0,Margherita Pizza (9 Inch),295.0,1.0,295.0,0.0,309.76,9 Inch,Veg Pizza
2026-01,2026-01-14,8608.0,Cheesy Fries,155.0,1.0,155.0,0.0,162.76,,Munchies
2026-01,2026-01-14,8607.0,Cheese N Corn Chicken (7 Inch),245.0,1.0,245.0,0.0,257.26,7 Inch,Non Veg Pizza
2026-01,2026-01-14,8607.0,Regular Chicken Burger,105.0,1.0,105.0,0.0,110.26,,Burger
2026-01,2026-01-14,8606.0,Tandoori Chicken Pizza (12 Inch),685.0,1.0,685.0,0.0,719.26,12 Inch,Non Veg Pizza
2026-01,2026-01-14,8606.0,Chikku Shake,89.0,1.0,89.0,0.0,89.0,,Shakes & Juices
2026-01,2026-01-14,8606.0,Tender Coconut,99.0,1.0,99.0,0.0,99.0,,Shakes & Juices
2026-01,2026-01-14,8605.0,Red Indian Pizza (9 Inch),475.0,1.0,475.0,0.0,498.76,9 Inch,Non Veg Pizza
2026-01,2026-01-14,8604.0,Plain Cheese Pizza (7 Inch),135.0,2.0,270.0,0.0,283.5,7 Inch,Veg Pizza
2026-01,2026-01-14,8604.0,French Fries,95.0,1.0,95.0,0.0,99.76,,Munchies
2026-01,2026-01-14,8603.0,Watermelon Juice,80.0,1.0,80.0,0.0,84.0,,Shakes & Juices
2026-01,2026-01-14,8602.0,Tandoori Chicken Pizza (7 Inch),299.0,1.0,299.0,0.0,313.96,7 Inch,Non Veg Pizza
2026-01,2026-01-14,8601.0,Bbq Chicken Pizza (12 Inch),685.0,1.0,685.0,0.0,719.26,12 Inch,Non Veg Pizza
2026-01,2026-01-14,8601.0,Brownie With Ice Cream,189.0,1.0,189.0,0.0,198.44,,Desserts
2026-01,2026-01-14,8600.0,Chicken Pasta,275.0,1.0,275.0,0.0,288.76,,Pasta
2026-01,2026-01-14,8599.0,Mexicana Pizza (7 Inch),299.0,1.0,299.0,0.0,313.96,7 Inch,Non Veg Pizza
2026-01,2026-01-14,8599.0,Burger Combo @ 179,179.0,1.0,179.0,0.0,187.94,,Burger
2026-01,2026-01-15,8651.0,2 Large Non-veg@1149,1209.0,1.0,1209.0,0.0,1269.46,,Combos
2026-01,2026-01-15,8651.0,French Fries,95.0,1.0,95.0,0.0,99.76,,Munchies
2026-01,2026-01-15,8651.0,French Fries,95.0,1.0,95.0,0.0,99.76,,Munchies
2026-01,2026-01-15,8651.0,Green Apple,99.0,2.0,198.0,0.0,207.9,,Mojitos
2026-01,2026-01-15,8651.0,Watermelon Juice,80.0,1.0,80.0,0.0,84.0,,Shakes & Juices
2026-01,2026-01-15,8651.0,Chikku Shake,89.0,1.0,89.0,0.0,89.0,,Shakes & Juices
2026-01,2026-01-15,8650.0,Veg Burger,90.0,1.0,90.0,0.0,94.5,,Burger
2026-01,2026-01-15,8649.0,Delicious Combo Delight Regular,449.0,1.0,449.0,0.0,471.46,,Combos
2026-01,2026-01-15,8649.0,Pizza Upgrade,40.0,1.0,40.0,0.0,42.0,,Soft Drinks
2026-01,2026-01-15,8648.0,Super Saver Meal Regular,299.0,1.0,299.0,0.0,313.96,,Combos
2026-01,2026-01-15,8647.0,Garlic Bread,120.0,1.0,120.0,0.0,126.0,,Garlic Bread
2026-01,2026-01-15,8647.0,Supreme Veg Pizza (7 Inch),299.0,1.0,299.0,0.0,313.96,7 Inch,Veg Pizza
2026-01,2026-01-15,8647.0,Burger Combo @ 179,179.0,2.0,358.0,0.0,375.9,,Burger
2026-01,2026-01-15,8647.0,Green Apple,99.0,1.0,99.0,0.0,103.96,,Mojitos
2026-01,2026-01-15,8647.0,Fresh Garden Mint,99.0,1.0,99.0,0.0,103.96,,Mojitos
2026-01,2026-01-15,8646.0,Veg Tandoori Paneer Pizza (9 Inch),475.0,1.0,475.0,0.0,498.76,9 Inch,Veg Pizza
2026-01,2026-01-15,8646.0,Cheesy Fries,155.0,1.0,155.0,0.0,162.76,,Munchies
2026-01,2026-01-15,8646.0,Veg Burger,90.0,1.0,90.0,0.0,94.5,,Burger
2026-01,2026-01-15,8646.0,Fresh Garden Mint,99.0,1.0,99.0,0.0,103.96,,Mojitos
2026-01,2026-01-15,8646.0,Bubble Gum,99.0,1.0,99.0,0.0,103.96,,Mojitos
2026-01,2026-01-15,8646.0,Pineapple Juice,80.0,1.0,80.0,0.0,84.0,,Shakes & Juices
2026-01,2026-01-15,8645.0,American Heat (9 Inch),445.0,1.0,445.0,0.0,467.26,9 Inch,Veg Pizza
2026-01,2026-01-15,8644.0,Plain Cheese Pizza (7 Inch),135.0,1.0,135.0,0.0,141.76,7 Inch,Veg Pizza
2026-01,2026-01-15,8644.0,Chikku Shake,89.0,1.0,89.0,0.0,89.0,,Shakes & Juices
2026-01,2026-01-15,8644.0,Regular Chicken Burger,105.0,1.0,105.0,0.0,110.26,,Burger
2026-01,2026-01-15,8643.0,French Fries,95.0,1.0,95.0,0.0,99.76,,Munchies
2026-01,2026-01-15,8643.0,Supreme Veg Pizza (7 Inch),299.0,1.0,299.0,0.0,313.96,7 Inch,Veg Pizza
2026-01,2026-01-15,8642.0,Bbq Chicken Pizza (7 Inch),299.0,1.0,299.0,0.0,313.96,7 Inch,Non Veg Pizza
2026-01,2026-01-15,8641.0,Bbq Chicken Pizza (9 Inch),475.0,1.0,475.0,0.0,498.76,9 Inch,Non Veg Pizza
2026-01,2026-01-15,8640.0,Green Apple,99.0,1.0,99.0,0.0,103.96,,Mojitos
2026-01,2026-01-15,8640.0,Chikku Shake,89.0,2.0,178.0,0.0,178.0,,Shakes & Juices
2026-01,2026-01-15,8639.0,Mexican Veg Pizza (7 Inch),205.0,1.0,205.0,0.0,215.26,7 Inch,Veg Pizza
2026-01,2026-01-15,8639.0,Tender Coconut,99.0,1.0,99.0,0.0,99.0,,Shakes & Juices
2026-01,2026-01-15,8639.0,Chikku Shake,89.0,1.0,89.0,0.0,89.0,,Shakes & Juices
2026-01,2026-01-15,8638.0,7up@40rs,40.0,1.0,40.0,0.0,40.0,,Soft Drinks
2026-01,2026-01-15,8637.0,2 Medium Veg@699,749.0,1.0,749.0,0.0,786.46,,Combos
2026-01,2026-01-15,8637.0,French Fries,95.0,1.0,95.0,0.0,99.76,,Munchies
2026-01,2026-01-15,8637.0,Pepsi 250ml Pet,20.0,1.0,20.0,0.0,20.0,,Soft Drinks
2026-01,2026-01-15,8636.0,Red Indian Pizza (12 Inch),685.0,1.0,685.0,0.0,719.26,12 Inch,Non Veg Pizza
2026-01,2026-01-15,8635.0,Burger Combo @ 169,169.0,1.0,169.0,0.0,177.44,,Burger
2026-01,2026-01-15,8635.0,Bbq Chicken Pizza (7 Inch),299.0,1.0,299.0,0.0,313.96,7 Inch,Non Veg Pizza
2026-01,2026-01-15,8634.0,Hot Chicken Pizza (12 Inch),655.0,1.0,655.0,0.0,687.76,12 Inch,Non Veg Pizza
2026-01,2026-01-15,8633.0,Hot Treat Pizza (12 Inch),685.0,1.0,685.0,0.0,719.26,12 Inch,Non Veg Pizza
2026-01,2026-01-15,8633.0,French Fries,95.0,1.0,95.0,0.0,99.76,,Munchies
2026-01,2026-01-15,8631.0,2 Regular Veg@349,349.0,1.0,349.0,0.0,366.46,,Combos
2026-01,2026-01-15,8630.0,Hot Chicken Pizza (7 Inch),245.0,1.0,245.0,0.0,257.26,7 Inch,Non Veg Pizza
2026-01,2026-01-15,8629.0,Butter Chicken Pizza (7 Inch),299.0,1.0,299.0,0.0,313.96,7 Inch,Non Veg Pizza
2026-01,2026-01-15,8629.0,Veg Pasta,245.0,1.0,245.0,0.0,257.26,,Pasta
2026-01,2026-01-15,8628.0,Delicious Combo Delight Medium,649.0,1.0,649.0,0.0,681.46,,Combos
2026-01,2026-01-15,8628.0,Fresh Lime Juice,40.0,1.0,40.0,0.0,42.0,,Shakes & Juices
2026-01,2026-01-15,8628.0,Super Saver Meal Regular,299.0,1.0,299.0,0.0,313.96,,Combos
2026-01,2026-01-15,8627.0,Margherita Pizza (9 Inch),295.0,1.0,295.0,0.0,309.76,9 Inch,Veg Pizza
2026-01,2026-01-15,8627.0,Plain Cheese Pizza (7 Inch),135.0,1.0,135.0,0.0,141.76,7 Inch,Veg Pizza
2026-01,2026-01-15,8626.0,Slice 200ml,20.0,1.0,20.0,0.0,20.0,,Soft Drinks
2026-01,2026-01-15,8625.0,Mdew 250ml Pet,20.0,1.0,20.0,0.0,20.0,,Soft Drinks
2026-01,2026-01-15,8624.0,Veg Tandoori Paneer Pizza (7 Inch),299.0,1.0,299.0,0.0,313.96,7 Inch,Veg Pizza
2026-01,2026-01-15,8624.0,Cheesy Fries,155.0,1.0,155.0,0.0,162.76,,Munchies
2026-01,2026-01-15,8623.0,Mexican Veg Pizza (7 Inch),205.0,1.0,205.0,0.0,215.26,7 Inch,Veg Pizza
2026-01,2026-01-15,8622.0,Mexican Veg Pizza (9 Inch),385.0,1.0,385.0,0.0,404.26,9 Inch,Veg Pizza
2026-01,2026-01-15,8622.0,Burger Combo @ 179,179.0,1.0,179.0,0.0,187.94,,Burger
2026-01,2026-01-15,8622.0,Water Melon,99.0,1.0,99.0,0.0,103.96,,Mojitos
2026-01,2026-01-15,8621.0,Supreme Veg Pizza (7 Inch),299.0,1.0,299.0,0.0,313.96,7 Inch,Veg Pizza
2026-01,2026-01-15,8621.0,French Fries,95.0,1.0,95.0,0.0,99.76,,Munchies
2026-01,2026-01-15,8620.0,Mineral Water,20.0,1.0,20.0,0.0,20.0,,Soft Drinks
2026-01,2026-01-16,8678.0,Butter Chicken Pizza (9 Inch),475.0,1.0,475.0,0.0,498.76,9 Inch,Non Veg Pizza
2026-01,2026-01-16,8678.0,Pepsi 330ml Can,40.0,1.0,40.0,0.0,40.0,,Soft Drinks
2026-01,2026-01-16,8678.0,Brownie With Ice Cream,189.0,1.0,189.0,0.0,198.44,,Desserts
2026-01,2026-01-16,8678.0,Green Apple,99.0,1.0,99.0,0.0,103.96,,Mojitos
2026-01,2026-01-16,8677.0,Red Indian Pizza (7 Inch),299.0,1.0,299.0,0.0,313.96,7 Inch,Non Veg Pizza
2026-01,2026-01-16,8677.0,Garlic Bread,120.0,2.0,240.0,0.0,252.0,,Garlic Bread
2026-01,2026-01-16,8676.0,Chicken Pasta,275.0,1.0,275.0,0.0,288.76,,Pasta
2026-01,2026-01-16,8676.0,Garlic Bread,120.0,1.0,120.0,0.0,126.0,,Garlic Bread
2026-01,2026-01-16,8676.0,French Fries,95.0,1.0,95.0,0.0,99.76,,Munchies
2026-01,2026-01-16,8676.0,Fresh Lime Juice,40.0,3.0,120.0,0.0,126.0,,Shakes & Juices
2026-01,2026-01-16,8676.0,Chocolate Shake,99.0,1.0,99.0,0.0,99.0,,Shakes & Juices
2026-01,2026-01-16,8675.0,7up @50rs,50.0,1.0,50.0,0.0,50.0,,Soft Drinks
2026-01,2026-01-16,8674.0,Watermelon Juice,80.0,2.0,160.0,0.0,168.0,,Shakes & Juices
2026-01,2026-01-16,8674.0,Chicken Nuggets,130.0,1.0,130.0,0.0,136.5,,Munchies
2026-01,2026-01-16,8673.0,Mineral Water,20.0,2.0,40.0,0.0,40.0,,Soft Drinks
2026-01,2026-01-16,8672.0,New York Pizza (7 Inch),315.0,1.0,315.0,0.0,330.76,7 Inch,Non Veg Pizza
2026-01,2026-01-16,8671.0,Hot Chicken Pizza (7 Inch),245.0,1.0,245.0,0.0,257.26,7 Inch,Non Veg Pizza
2026-01,2026-01-16,8671.0,Garlic Bread With Cheese,155.0,1.0,155.0,0.0,162.76,,Garlic Bread
2026-01,2026-01-16,8670.0,Mint Lime Juice,45.0,1.0,45.0,0.0,47.26,,Shakes & Juices
2026-01,2026-01-16,8670.0,Chocolate Shake,99.0,1.0,99.0,0.0,99.0,,Shakes & Juices
2026-01,2026-01-16,8670.0,Tandoori Chicken Pizza (7 Inch),299.0,1.0,299.0,0.0,313.96,7 Inch,Non Veg Pizza
2026-01,2026-01-16,8669.0,Hot Chicken Pizza (7 Inch),245.0,1.0,245.0,0.0,257.26,7 Inch,Non Veg Pizza
2026-01,2026-01-16,8669.0,Pepsi@40rs,40.0,1.0,40.0,0.0,40.0,,Soft Drinks
2026-01,2026-01-16,8668.0,Veg Burger,90.0,3.0,270.0,0.0,283.5,,Burger
2026-01,2026-01-16,8668.0,French Fries,95.0,1.0,95.0,0.0,99.76,,Munchies
2026-01,2026-01-16,8667.0,2 Regular Non-veg@409,409.0,1.0,409.0,0.0,429.46,,Combos
2026-01,2026-01-16,8667.0,7up 250ml Pet,20.0,1.0,20.0,0.0,20.0,,Soft Drinks
2026-01,2026-01-16,8666.0,Butter Chicken Pizza (9 Inch),475.0,1.0,475.0,0.0,498.76,9 Inch,Non Veg Pizza
2026-01,2026-01-16,8666.0,French Fries,95.0,1.0,95.0,0.0,99.76,,Munchies
2026-01,2026-01-16,8665.0,Combo Delight Non-veg,189.0,2.0,378.0,0.0,396.9,,Combos
2026-01,2026-01-16,8665.0,Chocolate Shake,99.0,1.0,99.0,0.0,99.0,,Shakes & Juices
2026-01,2026-01-16,8664.0,Cheese N Corn Chicken (7 Inch),245.0,1.0,245.0,0.0,257.26,7 Inch,Non Veg Pizza
2026-01,2026-01-16,8663.0,Tomatino Pizza (7 Inch),205.0,1.0,205.0,0.0,215.26,7 Inch,Veg Pizza
2026-01,2026-01-16,8662.0,Veg Burger,90.0,2.0,180.0,0.0,189.0,,Burger
2026-01,2026-01-16,8661.0,2 Regular Non-veg@409,409.0,1.0,409.0,0.0,429.46,,Combos
2026-01,2026-01-16,8660.0,Hot Chicken Pizza (9 Inch),445.0,1.0,445.0,0.0,467.26,9 Inch,Non Veg Pizza
2026-01,2026-01-16,8659.0,Pepsi@50rs,50.0,1.0,50.0,0.0,50.0,,Soft Drinks
2026-01,2026-01-16,8658.0,2 Medium Non-veg@759,759.0,1.0,759.0,0.0,796.96,,Combos
2026-01,2026-01-16,8657.0,Soft Drink,30.0,1.0,30.0,0.0,30.0,,Soft Drinks
2026-01,2026-01-16,8656.0,Butter Chicken Pizza (12 Inch),685.0,1.0,685.0,0.0,719.26,12 Inch,Non Veg Pizza
2026-01,2026-01-16,8655.0,Soft Drink,30.0,1.0,30.0,0.0,30.0,,Soft Drinks
2026-01,2026-01-16,8654.0,Fresh Lime Juice,40.0,3.0,120.0,0.0,126.0,,Shakes & Juices
2026-01,2026-01-16,8654.0,Mint Lime Juice,45.0,1.0,45.0,0.0,47.26,,Shakes & Juices
2026-01,2026-01-16,8653.0,Loaded Fries,185.0,1.0,185.0,0.0,194.26,,Munchies
2026-01,2026-01-16,8652.0,Chicken Pasta,275.0,1.0,275.0,0.0,288.76,,Pasta
2026-01,2026-01-17,8712.0,Margherita Pizza (12 Inch),475.0,1.0,475.0,0.0,498.76,12 Inch,Veg Pizza
2026-01,2026-01-17,8712.0,Supreme Veg Pizza (7 Inch),299.0,1.0,299.0,0.0,313.96,7 Inch,Veg Pizza
2026-01,2026-01-17,8712.0,Slice 200ml,20.0,1.0,20.0,0.0,20.0,,Soft Drinks
2026-01,2026-01-17,8711.0,Regular Chicken Burger,105.0,1.0,105.0,0.0,110.26,,Burger
2026-01,2026-01-17,8710.0,Super Saver Meal Regular,299.0,1.0,299.0,0.0,313.96,,Combos
2026-01,2026-01-17,8709.0,Meat Feast Pizza (7 Inch),315.0,1.0,315.0,0.0,330.76,7 Inch,Non Veg Pizza
2026-01,2026-01-17,8709.0,Loaded Fries,185.0,1.0,185.0,0.0,194.26,,Munchies
2026-01,2026-01-17,8709.0,Regular Chicken Burger,105.0,1.0,105.0,0.0,110.26,,Burger
2026-01,2026-01-17,8708.0,Burger Combo @ 199,199.0,1.0,199.0,0.0,208.94,,Burger
2026-01,2026-01-17,8707.0,2 Regular Veg@349,424.0,1.0,424.0,0.0,445.2,,Combos
2026-01,2026-01-17,8707.0,French Fries,95.0,1.0,95.0,0.0,99.76,,Munchies
2026-01,2026-01-17,8706.0,Slice 200ml,20.0,1.0,20.0,0.0,20.0,,Soft Drinks
2026-01,2026-01-17,8705.0,Super Saver Meal Medium,499.0,1.0,499.0,0.0,523.96,,Combos
2026-01,2026-01-17,8704.0,Chicken Pepperoni (7 Inch),315.0,1.0,315.0,0.0,330.76,7 Inch,Non Veg Pizza
2026-01,2026-01-17,8704.0,French Fries,95.0,1.0,95.0,0.0,99.76,,Munchies
2026-01,2026-01-17,8704.0,Pepsi 250ml Pet,20.0,1.0,20.0,0.0,20.0,,Soft Drinks
2026-01,2026-01-17,8703.0,Mushroom Delight Pizza (7 Inch),205.0,1.0,205.0,0.0,215.26,7 Inch,Veg Pizza
2026-01,2026-01-17,8702.0,Burn To Hell Pizza (9 Inch),475.0,1.0,475.0,0.0,498.76,9 Inch,Veg Pizza
2026-01,2026-01-17,8702.0,Green Apple,99.0,1.0,99.0,0.0,103.96,,Mojitos
2026-01,2026-01-17,8702.0,Blue Mojito,99.0,1.0,99.0,0.0,103.96,,Mojitos
2026-01,2026-01-17,8701.0,Supreme Veg Pizza (9 Inch),475.0,1.0,475.0,0.0,498.76,9 Inch,Veg Pizza
2026-01,2026-01-17,8701.0,Veg Bite Pizza (7 Inch),205.0,1.0,205.0,0.0,215.26,7 Inch,Veg Pizza
2026-01,2026-01-17,8701.0,Chicken Kheema Pizza (7 Inch),299.0,1.0,299.0,0.0,313.96,7 Inch,Non Veg Pizza
2026-01,2026-01-17,8701.0,French Fries,95.0,1.0,95.0,0.0,99.76,,Munchies
2026-01,2026-01-17,8701.0,Chicken Nuggets,130.0,1.0,130.0,0.0,136.5,,Munchies
2026-01,2026-01-17,8701.0,Chilly Potato Shots,145.0,1.0,145.0,0.0,152.26,,Munchies
2026-01,2026-01-17,8701.0,Garlic Bread,120.0,1.0,120.0,0.0,126.0,,Garlic Bread
2026-01,2026-01-17,8701.0,Greek Salad,179.0,1.0,179.0,0.0,187.94,,Salad
2026-01,2026-01-17,8700.0,Regular Chicken Burger,105.0,4.0,420.0,0.0,441.0,,Burger
2026-01,2026-01-17,8699.0,Chicken Nuggets,130.0,1.0,130.0,0.0,136.5,,Munchies
2026-01,2026-01-17,8698.0,Chicken Pasta,275.0,1.0,275.0,0.0,288.76,,Pasta
2026-01,2026-01-17,8698.0,Cheese N Corn Chicken (7 Inch),245.0,1.0,245.0,0.0,257.26,7 Inch,Non Veg Pizza
2026-01,2026-01-17,8697.0,Combo Delight Non-veg,189.0,1.0,189.0,0.0,198.44,,Combos
2026-01,2026-01-17,8697.0,Combo Delight Veg,189.0,1.0,189.0,0.0,198.44,,Combos
2026-01,2026-01-17,8696.0,Green Apple,99.0,1.0,99.0,0.0,103.96,,Mojitos
2026-01,2026-01-17,8696.0,2 Regular Non-veg@409,449.0,1.0,449.0,0.0,471.46,,Combos
2026-01,2026-01-17,8696.0,Fresh Lime Juice,40.0,1.0,40.0,0.0,42.0,,Shakes & Juices
2026-01,2026-01-17,8696.0,French Fries,95.0,1.0,95.0,0.0,99.76,,Munchies
2026-01,2026-01-17,8695.0,Veg Bite Pizza (12 Inch),545.0,1.0,545.0,0.0,572.26,12 Inch,Veg Pizza
2026-01,2026-01-17,8694.0,Tandoori Chicken Pizza (7 Inch),299.0,1.0,299.0,0.0,313.96,7 Inch,Non Veg Pizza
2026-01,2026-01-17,8694.0,Chicken Nuggets,130.0,2.0,260.0,0.0,273.0,,Munchies
2026-01,2026-01-17,8693.0,Cheese N Corn Chicken (7 Inch),245.0,1.0,245.0,0.0,257.26,7 Inch,Non Veg Pizza
2026-01,2026-01-17,8693.0,Mexicana Pizza (9 Inch),475.0,1.0,475.0,0.0,498.76,9 Inch,Non Veg Pizza
2026-01,2026-01-17,8692.0,Mushroom Delight Pizza (7 Inch),205.0,1.0,205.0,0.0,215.26,7 Inch,Veg Pizza
2026-01,2026-01-17,8692.0,Margherita Pizza (7 Inch),135.0,1.0,135.0,0.0,141.76,7 Inch,Veg Pizza
2026-01,2026-01-17,8691.0,Loaded Fries,185.0,1.0,185.0,0.0,194.26,,Munchies
2026-01,2026-01-17,8690.0,Cheese N Corn Chicken (7 Inch),245.0,1.0,245.0,0.0,257.26,7 Inch,Non Veg Pizza
2026-01,2026-01-17,8689.0,Chicken Kheema Pizza (7 Inch),299.0,1.0,299.0,0.0,313.96,7 Inch,Non Veg Pizza
2026-01,2026-01-17,8688.0,Mineral Water,20.0,1.0,20.0,0.0,20.0,,Soft Drinks
2026-01,2026-01-17,8687.0,Pineapple Juice,80.0,1.0,80.0,0.0,84.0,,Shakes & Juices
2026-01,2026-01-17,8687.0,Tender Coconut,99.0,2.0,198.0,0.0,198.0,,Shakes & Juices
2026-01,2026-01-17,8686.0,Loaded Fries,185.0,1.0,185.0,0.0,194.26,,Munchies
2026-01,2026-01-17,8686.0,Green Apple,99.0,1.0,99.0,0.0,103.96,,Mojitos
2026-01,2026-01-17,8685.0,2 Regular Veg@349,349.0,1.0,349.0,0.0,366.46,,Combos
2026-01,2026-01-17,8685.0,Garlic Bread,120.0,1.0,120.0,0.0,126.0,,Garlic Bread
2026-01,2026-01-17,8683.0,Chocolate Shake,99.0,1.0,99.0,0.0,99.0,,Shakes & Juices
2026-01,2026-01-17,8683.0,Super Saver Meal Regular,299.0,1.0,299.0,0.0,313.96,,Combos
2026-01,2026-01-17,8682.0,Blue Curacao,99.0,1.0,99.0,0.0,103.96,,Mojitos
2026-01,2026-01-17,8681.0,Tandoori Chicken Pizza (7 Inch),299.0,1.0,299.0,0.0,313.96,7 Inch,Non Veg Pizza
2026-01,2026-01-17,8681.0,Burger Combo @ 169,169.0,1.0,169.0,0.0,177.44,,Burger
2026-01,2026-01-17,8680.0,Hot Passion Pizza (12 Inch),625.0,1.0,625.0,0.0,656.26,12 Inch,Veg Pizza
2026-01,2026-01-17,8680.0,Margherita Pizza (7 Inch),135.0,1.0,135.0,0.0,141.76,7 Inch,Veg Pizza
2026-01,2026-01-17,8679.0,Chikku Shake,89.0,2.0,178.0,0.0,178.0,,Shakes & Juices
2026-01,2026-01-18,8749.0,Chicken Kheema Pizza (7 Inch),299.0,1.0,299.0,0.0,313.96,7 Inch,Non Veg Pizza
2026-01,2026-01-18,8749.0,Brownie With Ice Cream,189.0,1.0,189.0,0.0,198.44,,Desserts
2026-01,2026-01-18,8749.0,Pepsi@40rs,40.0,1.0,40.0,0.0,40.0,,Soft Drinks
2026-01,2026-01-18,8749.0,Garlic Bread Supreme[non-veg],185.0,1.0,185.0,0.0,194.26,,Garlic Bread
2026-01,2026-01-18,8749.0,Peri Peri Dip,30.0,1.0,30.0,0.0,31.5,,Munchies
2026-01,2026-01-18,8748.0,Chicken Pasta,275.0,1.0,275.0,0.0,288.76,,Pasta
2026-01,2026-01-18,8748.0,Mdew 250ml Pet,20.0,1.0,20.0,0.0,20.0,,Soft Drinks
2026-01,2026-01-18,8747.0,Mineral Water,20.0,3.0,60.0,0.0,60.0,,Soft Drinks
2026-01,2026-01-18,8746.0,2 Regular Non-veg@409,409.0,1.0,409.0,0.0,429.46,,Combos
2026-01,2026-01-18,8745.0,2 Regular Non-veg@409,409.0,1.0,409.0,0.0,429.46,,Combos
2026-01,2026-01-18,8744.0,2 Regular Non-veg@409,409.0,1.0,409.0,0.0,429.46,,Combos
2026-01,2026-01-18,8743.0,Hot Treat Pizza (12 Inch),685.0,1.0,685.0,0.0,719.26,12 Inch,Non Veg Pizza
2026-01,2026-01-18,8743.0,Paneer Tikka Butter Masala (7 Inch),299.0,1.0,299.0,0.0,313.96,7 Inch,Veg Pizza
2026-01,2026-01-18,8743.0,Regular Chicken Burger,105.0,2.0,210.0,0.0,220.5,,Burger
2026-01,2026-01-18,8743.0,7up@40rs,40.0,1.0,40.0,0.0,40.0,,Soft Drinks
2026-01,2026-01-18,8742.0,2 Regular Non-veg@409,409.0,1.0,409.0,0.0,429.46,,Combos
2026-01,2026-01-18,8741.0,Butter Chicken Pizza (9 Inch),475.0,1.0,475.0,0.0,498.76,9 Inch,Non Veg Pizza
2026-01,2026-01-18,8739.0,Mushroom Delight Pizza (9 Inch),385.0,1.0,385.0,0.0,404.26,9 Inch,Veg Pizza
2026-01,2026-01-18,8738.0,Burger Combo @ 179,179.0,1.0,179.0,37.73,148.33,,Burger
2026-01,2026-01-18,8738.0,Chicken Kheema Pizza (9 Inch),475.0,1.0,475.0,100.13,393.61,9 Inch,Non Veg Pizza
2026-01,2026-01-18,8738.0,Butter Chicken Pizza (9 Inch),475.0,1.0,475.0,100.13,393.61,9 Inch,Non Veg Pizza
2026-01,2026-01-18,8737.0,Margherita Pizza (7 Inch),135.0,1.0,135.0,0.0,141.76,7 Inch,Veg Pizza
2026-01,2026-01-18,8736.0,Tandoori Chicken Pizza (7 Inch),299.0,1.0,299.0,0.0,313.96,7 Inch,Non Veg Pizza
2026-01,2026-01-18,8736.0,French Fries,95.0,1.0,95.0,0.0,99.76,,Munchies
2026-01,2026-01-18,8735.0,Non Veg Meal For 1,289.0,1.0,289.0,0.0,303.46,,Combos
2026-01,2026-01-18,8734.0,Veg Tandoori Paneer Pizza (12 Inch),685.0,1.0,685.0,109.27,604.51,12 Inch,Veg Pizza
2026-01,2026-01-18,8734.0,Veg Tandoori Paneer Pizza (7 Inch),299.0,1.0,299.0,47.69,263.87,7 Inch,Veg Pizza
2026-01,2026-01-18,8734.0,Veg Tandoori Paneer Pizza (9 Inch),475.0,1.0,475.0,75.77,419.19,9 Inch,Veg Pizza
2026-01,2026-01-18,8734.0,Tandoori Chicken Pizza (12 Inch),685.0,1.0,685.0,109.27,604.51,12 Inch,Non Veg Pizza
2026-01,2026-01-18,8733.0,Fresh Lime Juice,40.0,5.0,200.0,0.0,210.0,,Shakes & Juices
2026-01,2026-01-18,8733.0,French Fries,95.0,1.0,95.0,0.0,99.76,,Munchies
2026-01,2026-01-18,8733.0,Tandoori Chicken Pizza (9 Inch),475.0,1.0,475.0,0.0,498.76,9 Inch,Non Veg Pizza
2026-01,2026-01-18,8733.0,Butter Chicken Pizza (9 Inch),475.0,1.0,475.0,0.0,498.76,9 Inch,Non Veg Pizza
2026-01,2026-01-18,8733.0,Butter Chicken Pizza (7 Inch),299.0,1.0,299.0,0.0,313.96,7 Inch,Non Veg Pizza
2026-01,2026-01-18,8732.0,Non Veg Meal For 1,289.0,1.0,289.0,0.0,303.46,,Combos
2026-01,2026-01-18,8730.0,Mexicana Pizza (9 Inch),475.0,1.0,475.0,0.0,498.76,9 Inch,Non Veg Pizza
2026-01,2026-01-18,8730.0,Fresh Lime Juice,40.0,2.0,80.0,0.0,84.0,,Shakes & Juices
2026-01,2026-01-18,8729.0,2 Medium Non-veg@759,859.0,1.0,859.0,0.0,901.96,,Combos
2026-01,2026-01-18,8729.0,Fresh Lime Juice,40.0,9.0,360.0,0.0,378.0,,Shakes & Juices
2026-01,2026-01-18,8728.0,Butter Chicken Pizza (9 Inch),475.0,1.0,475.0,0.0,498.76,9 Inch,Non Veg Pizza
2026-01,2026-01-18,8727.0,Paneer Tikka Butter Masala (7 Inch),299.0,1.0,299.0,0.0,313.96,7 Inch,Veg Pizza
2026-01,2026-01-18,8726.0,Schezwan Chicken (9 Inch),475.0,1.0,475.0,0.0,498.76,9 Inch,Non Veg Pizza
2026-01,2026-01-18,8726.0,French Fries,125.0,1.0,125.0,0.0,131.26,,Munchies
2026-01,2026-01-18,8725.0,2 Regular Non-veg@409,409.0,1.0,409.0,0.0,429.46,,Combos
2026-01,2026-01-18,8725.0,Loaded Fries,185.0,1.0,185.0,0.0,194.26,,Munchies
2026-01,2026-01-18,8724.0,Cheese N Corn Chicken (7 Inch),245.0,1.0,245.0,0.0,257.26,7 Inch,Non Veg Pizza
2026-01,2026-01-18,8724.0,Fresh Garden Mint,99.0,1.0,99.0,0.0,103.96,,Mojitos
2026-01,2026-01-18,8724.0,Passion Fruit,99.0,1.0,99.0,0.0,103.96,,Mojitos
2026-01,2026-01-18,8724.0,Mint Lime Juice,45.0,1.0,45.0,0.0,47.26,,Shakes & Juices
2026-01,2026-01-18,8723.0,Fiery Chicken Pizza (9 Inch),445.0,1.0,445.0,0.0,467.26,9 Inch,Non Veg Pizza
2026-01,2026-01-18,8723.0,Loaded Fries,185.0,1.0,185.0,0.0,194.26,,Munchies
2026-01,2026-01-18,8722.0,Supreme Veg Pizza (7 Inch),299.0,1.0,299.0,0.0,313.96,7 Inch,Veg Pizza
2026-01,2026-01-18,8721.0,Mdew 250ml Pet,20.0,1.0,20.0,0.0,20.0,,Soft Drinks
2026-01,2026-01-18,8720.0,Schezwan Chicken (12 Inch),685.0,1.0,685.0,0.0,719.26,12 Inch,Non Veg Pizza
2026-01,2026-01-18,8720.0,Pepsi 330ml Can,40.0,1.0,40.0,0.0,40.0,,Soft Drinks
2026-01,2026-01-18,8720.0,Chocolate Shake,99.0,1.0,99.0,0.0,99.0,,Shakes & Juices
2026-01,2026-01-18,8719.0,Margherita Pizza (7 Inch),135.0,1.0,135.0,0.0,141.76,7 Inch,Veg Pizza
2026-01,2026-01-18,8719.0,5 Cheese Pizza (7 Inch),235.0,1.0,235.0,0.0,246.76,7 Inch,Veg Pizza
2026-01,2026-01-18,8718.0,Garlic Bread With Cheese,155.0,1.0,155.0,0.0,162.76,,Garlic Bread
2026-01,2026-01-18,8718.0,Supreme Veg Pizza (9 Inch),475.0,1.0,475.0,0.0,498.76,9 Inch,Veg Pizza
2026-01,2026-01-18,8718.0,Slice 200ml,20.0,1.0,20.0,0.0,20.0,,Soft Drinks
2026-01,2026-01-18,8717.0,7up @50rs,50.0,1.0,50.0,0.0,50.0,,Soft Drinks
2026-01,2026-01-18,8716.0,French Fries,95.0,1.0,95.0,0.0,99.76,,Munchies
2026-01,2026-01-18,8716.0,Mineral Water,20.0,1.0,20.0,0.0,20.0,,Soft Drinks
2026-01,2026-01-18,8715.0,French Fries,95.0,1.0,95.0,0.0,99.76,,Munchies
2026-01,2026-01-18,8715.0,Soda,20.0,2.0,40.0,0.0,40.0,,Soft Drinks
2026-01,2026-01-18,8714.0,Paneer Tikka Butter Masala (7 Inch),299.0,1.0,299.0,0.0,313.96,7 Inch,Veg Pizza
2026-01,2026-01-18,8714.0,Mdew 250ml Pet,20.0,1.0,20.0,0.0,20.0,,Soft Drinks
2026-01,2026-01-18,8713.0,Mexicana Pizza (7 Inch),299.0,1.0,299.0,0.0,313.96,7 Inch,Non Veg Pizza
2026-01,2026-01-19,8771.0,Super Saver Meal Medium,499.0,1.0,499.0,0.0,523.96,,Combos
2026-01,2026-01-19,8771.0,Greek Chicken Salad[non-veg],189.0,1.0,189.0,0.0,198.44,,Salad
2026-01,2026-01-19,8770.0,New York Pizza (7 Inch),315.0,1.0,315.0,0.0,330.76,7 Inch,Non Veg Pizza
2026-01,2026-01-19,8770.0,Mint Lime Juice,45.0,1.0,45.0,0.0,47.26,,Shakes & Juices
2026-01,2026-01-19,8769.0,Pepsi@40rs,40.0,1.0,40.0,0.0,40.0,,Soft Drinks
2026-01,2026-01-19,8768.0,Red Indian Pizza (12 Inch),745.0,1.0,745.0,0.0,782.26,12 Inch,Non Veg Pizza
2026-01,2026-01-19,8767.0,Pepsi 250ml Pet,20.0,1.0,20.0,0.0,20.0,,Soft Drinks
2026-01,2026-01-19,8766.0,Chikku Shake,89.0,1.0,89.0,0.0,89.0,,Shakes & Juices
2026-01,2026-01-19,8766.0,Veg Burger,90.0,2.0,180.0,0.0,189.0,,Burger
2026-01,2026-01-19,8766.0,Watermelon Juice,80.0,1.0,80.0,0.0,84.0,,Shakes & Juices
2026-01,2026-01-19,8765.0,Meat Feast Pizza (12 Inch),725.0,1.0,725.0,0.0,761.26,12 Inch,Non Veg Pizza
2026-01,2026-01-19,8765.0,Garlic Bread With Cheese,155.0,1.0,155.0,0.0,162.76,,Garlic Bread
2026-01,2026-01-19,8765.0,Pineapple Juice,80.0,2.0,160.0,0.0,168.0,,Shakes & Juices
2026-01,2026-01-19,8765.0,Pepsi@50rs,50.0,1.0,50.0,0.0,50.0,,Soft Drinks
2026-01,2026-01-19,8765.0,Potato Wedges,155.0,1.0,155.0,0.0,162.76,,Munchies
2026-01,2026-01-19,8764.0,Cheese N Corn Chicken (7 Inch),245.0,1.0,245.0,0.0,257.26,7 Inch,Non Veg Pizza
2026-01,2026-01-19,8763.0,Tandoori Chicken Pizza (12 Inch),685.0,1.0,685.0,0.0,719.26,12 Inch,Non Veg Pizza
2026-01,2026-01-19,8762.0,Macaroni N Chicken Salad,189.0,1.0,189.0,0.0,198.44,,Salad
2026-01,2026-01-19,8761.0,5 Cheese Pizza (9 Inch),445.0,1.0,445.0,0.0,467.26,9 Inch,Veg Pizza
2026-01,2026-01-19,8760.0,Butter Chicken Pizza (7 Inch),299.0,1.0,299.0,0.0,313.96,7 Inch,Non Veg Pizza
2026-01,2026-01-19,8759.0,Hot Chicken Pizza (7 Inch),245.0,1.0,245.0,0.0,257.26,7 Inch,Non Veg Pizza
2026-01,2026-01-19,8758.0,Veg Tandoori Paneer Pizza (9 Inch),475.0,1.0,475.0,0.0,498.76,9 Inch,Veg Pizza
2026-01,2026-01-19,8758.0,French Fries,95.0,4.0,380.0,0.0,399.0,,Munchies
2026-01,2026-01-19,8756.0,Super Saver Meal Regular,299.0,1.0,299.0,0.0,313.96,,Combos
2026-01,2026-01-19,8755.0,Tandoori Chicken Pizza (9 Inch),475.0,1.0,475.0,0.0,498.76,9 Inch,Non Veg Pizza
2026-01,2026-01-19,8755.0,Regular Chicken Burger,105.0,1.0,105.0,0.0,110.26,,Burger
2026-01,2026-01-19,8754.0,Bbq Chicken Pizza (7 Inch),299.0,1.0,299.0,0.0,313.96,7 Inch,Non Veg Pizza
2026-01,2026-01-19,8754.0,French Fries,95.0,1.0,95.0,0.0,99.76,,Munchies
2026-01,2026-01-19,8754.0,Passion Fruit,99.0,1.0,99.0,0.0,103.96,,Mojitos
2026-01,2026-01-19,8754.0,Fresh Garden Mint,99.0,1.0,99.0,0.0,103.96,,Mojitos
2026-01,2026-01-19,8753.0,Super Saver Meal Medium,499.0,1.0,499.0,0.0,523.96,,Combos
2026-01,2026-01-19,8753.0,Pizza Upgrade,30.0,1.0,30.0,0.0,31.5,,Soft Drinks
2026-01,2026-01-19,8752.0,Super Saver Meal Medium,499.0,1.0,499.0,0.0,523.96,,Combos
2026-01,2026-01-19,8751.0,Super Saver Meal Regular,299.0,1.0,299.0,0.0,313.96,,Combos
2026-01,2026-01-19,8751.0,Pizza Upgrade,54.0,1.0,54.0,0.0,56.7,,Soft Drinks
2026-01,2026-01-19,8750.0,Super Saver Meal Regular,299.0,1.0,299.0,0.0,313.96,,Combos
2026-01,2026-01-19,8750.0,Passion Fruit,99.0,1.0,99.0,0.0,103.96,,Mojitos
2026-01,2026-01-20,8798.0,Combo Delight Non-veg,189.0,2.0,378.0,0.0,396.9,,Combos
2026-01,2026-01-20,8798.0,Regular Chicken Burger,105.0,3.0,315.0,0.0,330.76,,Burger
2026-01,2026-01-20,8797.0,New York Pizza (7 Inch),315.0,1.0,315.0,0.0,330.76,7 Inch,Non Veg Pizza
2026-01,2026-01-20,8797.0,Mint Lime Juice,45.0,1.0,45.0,0.0,47.26,,Shakes & Juices
2026-01,2026-01-20,8796.0,Soda,20.0,1.0,20.0,0.0,20.0,,Soft Drinks
2026-01,2026-01-20,8795.0,Soda,20.0,1.0,20.0,0.0,20.0,,Soft Drinks
2026-01,2026-01-20,8794.0,Soda,20.0,2.0,40.0,0.0,40.0,,Soft Drinks
2026-01,2026-01-20,8794.0,Mineral Water,20.0,1.0,20.0,0.0,20.0,,Soft Drinks
2026-01,2026-01-20,8793.0,Burger Combo @ 169,169.0,1.0,169.0,0.0,177.44,,Burger
2026-01,2026-01-20,8793.0,Burger Combo @ 179,179.0,1.0,179.0,0.0,187.94,,Burger
2026-01,2026-01-20,8792.0,Hot Chicken Pizza (7 Inch),245.0,1.0,245.0,0.0,257.26,7 Inch,Non Veg Pizza
2026-01,2026-01-20,8791.0,Supreme Veg Pizza (12 Inch),685.0,1.0,685.0,0.0,719.26,12 Inch,Veg Pizza
2026-01,2026-01-20,8791.0,Las Vegas Pizza (9 Inch),445.0,1.0,445.0,0.0,467.26,9 Inch,Veg Pizza
2026-01,2026-01-20,8791.0,Chicken Pepperoni (9 Inch),545.0,1.0,545.0,0.0,572.26,9 Inch,Non Veg Pizza
2026-01,2026-01-20,8790.0,Veg Pasta,245.0,1.0,245.0,0.0,257.26,,Pasta
2026-01,2026-01-20,8789.0,Mdew 250ml Pet,20.0,1.0,20.0,0.0,20.0,,Soft Drinks
2026-01,2026-01-20,8788.0,Mambo Combo Pizza (9 Inch),545.0,1.0,545.0,0.0,572.26,9 Inch,Non Veg Pizza
2026-01,2026-01-20,8788.0,Chicken Pepperoni (9 Inch),545.0,1.0,545.0,0.0,572.26,9 Inch,Non Veg Pizza
2026-01,2026-01-20,8788.0,Las Vegas Pizza (7 Inch),235.0,1.0,235.0,0.0,246.76,7 Inch,Veg Pizza
2026-01,2026-01-20,8788.0,French Fries,95.0,1.0,95.0,0.0,99.76,,Munchies
2026-01,2026-01-20,8788.0,Macaroni N Chicken Salad,189.0,1.0,189.0,0.0,198.44,,Salad
2026-01,2026-01-20,8788.0,Mdew@40rs,40.0,1.0,40.0,0.0,40.0,,Soft Drinks
2026-01,2026-01-20,8787.0,Combo Delight Non-veg,189.0,1.0,189.0,0.0,198.44,,Combos
2026-01,2026-01-20,8787.0,Tender Coconut,99.0,2.0,198.0,0.0,198.0,,Shakes & Juices
2026-01,2026-01-20,8787.0,Regular Chicken Burger,105.0,1.0,105.0,0.0,110.26,,Burger
2026-01,2026-01-20,8786.0,Bbq Chicken Pizza (9 Inch),475.0,1.0,475.0,0.0,498.76,9 Inch,Non Veg Pizza
2026-01,2026-01-20,8786.0,French Fries,95.0,1.0,95.0,0.0,99.76,,Munchies
2026-01,2026-01-20,8785.0,Chicken Pasta,275.0,1.0,275.0,0.0,288.76,,Pasta
2026-01,2026-01-20,8785.0,Garlic Bread With Cheese,155.0,1.0,155.0,0.0,162.76,,Garlic Bread
2026-01,2026-01-20,8785.0,New York Pizza (7 Inch),315.0,1.0,315.0,0.0,330.76,7 Inch,Non Veg Pizza
2026-01,2026-01-20,8785.0,Chicken Popcorn,135.0,1.0,135.0,0.0,141.76,,Munchies
2026-01,2026-01-20,8785.0,Tender Coconut,99.0,2.0,198.0,0.0,198.0,,Shakes & Juices
2026-01,2026-01-20,8784.0,BBQ & Onion Pizza (9 Inch),445.0,1.0,445.0,0.0,467.26,9 Inch,Non Veg Pizza
2026-01,2026-01-20,8784.0,Mint Lime Juice,45.0,3.0,135.0,0.0,141.76,,Shakes & Juices
2026-01,2026-01-20,8784.0,French Fries,95.0,1.0,95.0,0.0,99.76,,Munchies
2026-01,2026-01-20,8784.0,Mexicana Pizza (7 Inch),299.0,1.0,299.0,0.0,313.96,7 Inch,Non Veg Pizza
2026-01,2026-01-20,8783.0,2 Large Non-veg@1149,1269.0,1.0,1269.0,0.0,1332.46,,Combos
2026-01,2026-01-20,8782.0,Hot Chicken Pizza (9 Inch),445.0,1.0,445.0,0.0,467.26,9 Inch,Non Veg Pizza
2026-01,2026-01-20,8781.0,Hot Chicken Pizza (9 Inch),445.0,1.0,445.0,0.0,467.26,9 Inch,Non Veg Pizza
2026-01,2026-01-20,8780.0,Schezwan Chicken (9 Inch),475.0,1.0,475.0,0.0,498.76,9 Inch,Non Veg Pizza
2026-01,2026-01-20,8779.0,Chikku Shake,89.0,1.0,89.0,0.0,89.0,,Shakes & Juices
2026-01,2026-01-20,8779.0,Pineapple Juice,80.0,1.0,80.0,0.0,84.0,,Shakes & Juices
2026-01,2026-01-20,8778.0,Cheese N Corn Chicken (7 Inch),245.0,1.0,245.0,0.0,257.26,7 Inch,Non Veg Pizza
2026-01,2026-01-20,8778.0,French Fries,95.0,1.0,95.0,0.0,99.76,,Munchies
2026-01,2026-01-20,8776.0,Hot Chicken Pizza (7 Inch),245.0,1.0,245.0,0.0,257.26,7 Inch,Non Veg Pizza
2026-01,2026-01-20,8775.0,Pepsi 250ml Pet,20.0,1.0,20.0,0.0,20.0,,Soft Drinks
2026-01,2026-01-20,8774.0,2 Regular Veg@349,349.0,1.0,349.0,0.0,366.46,,Combos
2026-01,2026-01-20,8773.0,Loaded Fries,185.0,1.0,185.0,0.0,194.26,,Munchies
2026-01,2026-01-20,8772.0,Super Saver Meal Medium,499.0,1.0,499.0,0.0,523.96,,Combos
2026-01,2026-01-21,8822.0,Pizza Upgrade,60.0,1.0,60.0,0.0,63.0,,Soft Drinks
2026-01,2026-01-21,8821.0,Non Veg Meal For 2,649.0,1.0,649.0,0.0,681.46,,Combos
2026-01,2026-01-21,8821.0,Cheese N Macaroni Salad,159.0,1.0,159.0,0.0,166.96,,Salad
2026-01,2026-01-21,8820.0,7up@40rs,40.0,1.0,40.0,0.0,40.0,,Soft Drinks
2026-01,2026-01-21,8819.0,5 Cheese Pizza (7 Inch),235.0,1.0,235.0,0.0,246.76,7 Inch,Veg Pizza
2026-01,2026-01-21,8819.0,French Fries,95.0,1.0,95.0,0.0,99.76,,Munchies
2026-01,2026-01-21,8818.0,Super Saver Meal Regular,299.0,1.0,299.0,0.0,313.96,,Combos
2026-01,2026-01-21,8817.0,Delicious Combo Delight Regular,449.0,1.0,449.0,0.0,471.46,,Combos
2026-01,2026-01-21,8817.0,Cheese N Corn Chicken (7 Inch),245.0,1.0,245.0,0.0,257.26,7 Inch,Non Veg Pizza
2026-01,2026-01-21,8816.0,2 Regular Non-veg@409,489.0,1.0,489.0,0.0,513.46,,Combos
2026-01,2026-01-21,8816.0,Blue Mojito,99.0,1.0,99.0,0.0,103.96,,Mojitos
2026-01,2026-01-21,8816.0,Passion Fruit,99.0,1.0,99.0,0.0,103.96,,Mojitos
2026-01,2026-01-21,8816.0,Green Apple,99.0,1.0,99.0,0.0,103.96,,Mojitos
2026-01,2026-01-21,8816.0,Chicken Pasta,275.0,1.0,275.0,0.0,288.76,,Pasta
2026-01,2026-01-21,8815.0,Tandoori Chicken Pizza (9 Inch),475.0,1.0,475.0,0.0,498.76,9 Inch,Non Veg Pizza
2026-01,2026-01-21,8814.0,2 Regular Non-veg@409,409.0,1.0,409.0,0.0,429.46,,Combos
2026-01,2026-01-21,8813.0,Margherita Pizza (7 Inch),135.0,1.0,135.0,0.0,141.76,7 Inch,Veg Pizza
2026-01,2026-01-21,8812.0,2 Regular Non-veg@409,409.0,1.0,409.0,0.0,429.46,,Combos
2026-01,2026-01-21,8811.0,Regular Chicken Burger,105.0,1.0,105.0,0.0,110.26,,Burger
2026-01,2026-01-21,8810.0,Tandoori Chicken Pizza (7 Inch),299.0,1.0,299.0,0.0,313.96,7 Inch,Non Veg Pizza
2026-01,2026-01-21,8810.0,Green Apple,99.0,1.0,99.0,0.0,103.96,,Mojitos
2026-01,2026-01-21,8809.0,Super Saver Meal Regular,299.0,1.0,299.0,0.0,313.96,,Combos
2026-01,2026-01-21,8808.0,2 Regular Non-veg@409,489.0,1.0,489.0,0.0,513.46,,Combos
2026-01,2026-01-21,8807.0,BBQ & Onion Pizza (9 Inch),445.0,1.0,445.0,0.0,467.26,9 Inch,Non Veg Pizza
2026-01,2026-01-21,8806.0,Super Saver Meal Medium,499.0,1.0,499.0,0.0,523.96,,Combos
2026-01,2026-01-21,8805.0,2 Medium Veg@699,699.0,1.0,699.0,0.0,733.96,,Combos
2026-01,2026-01-21,8805.0,2 Medium Non-veg@759,759.0,1.0,759.0,0.0,796.96,,Combos
2026-01,2026-01-21,8804.0,Super Saver Meal Medium,499.0,1.0,499.0,0.0,523.96,,Combos
2026-01,2026-01-21,8803.0,Garlic Bread With Cheese,155.0,1.0,155.0,0.0,162.76,,Garlic Bread
2026-01,2026-01-21,8803.0,Chicken Pepperoni (12 Inch),725.0,1.0,725.0,0.0,761.26,12 Inch,Non Veg Pizza
2026-01,2026-01-21,8802.0,Hot Passion Pizza (7 Inch),270.0,1.0,270.0,0.0,283.5,7 Inch,Veg Pizza
2026-01,2026-01-21,8802.0,Water Melon,99.0,1.0,99.0,0.0,103.96,,Mojitos
2026-01,2026-01-21,8801.0,Hot Chicken Pizza (7 Inch),245.0,1.0,245.0,0.0,257.26,7 Inch,Non Veg Pizza
2026-01,2026-01-21,8800.0,Butter Chicken Pizza (7 Inch),299.0,1.0,299.0,0.0,313.96,7 Inch,Non Veg Pizza
2026-01,2026-01-21,8800.0,7up@40rs,40.0,1.0,40.0,0.0,40.0,,Soft Drinks
2026-01,2026-01-21,8799.0,Burger Combo @ 179,179.0,1.0,179.0,0.0,187.94,,Burger
2026-01,2026-01-21,8799.0,Regular Chicken Burger,105.0,1.0,105.0,0.0,110.26,,Burger
2026-01,2026-01-21,8799.0,French Fries,95.0,1.0,95.0,0.0,99.76,,Munchies
2026-01,2026-01-22,8844.0,Chikku Shake,89.0,1.0,89.0,0.0,89.0,,Shakes & Juices
2026-01,2026-01-22,8844.0,Hot Treat Pizza (12 Inch),685.0,1.0,685.0,0.0,719.26,12 Inch,Non Veg Pizza
2026-01,2026-01-22,8844.0,7up 250ml Pet,20.0,1.0,20.0,0.0,20.0,,Soft Drinks
2026-01,2026-01-22,8843.0,Mexicana Pizza (7 Inch),299.0,1.0,299.0,0.0,313.96,7 Inch,Non Veg Pizza
2026-01,2026-01-22,8843.0,Watermelon Juice,80.0,2.0,160.0,0.0,168.0,,Shakes & Juices
2026-01,2026-01-22,8843.0,Loaded Fries,185.0,1.0,185.0,0.0,194.26,,Munchies
2026-01,2026-01-22,8842.0,Chicken Pasta,275.0,1.0,275.0,0.0,288.76,,Pasta
2026-01,2026-01-22,8841.0,Slice 200ml,20.0,1.0,20.0,0.0,20.0,,Soft Drinks
2026-01,2026-01-22,8840.0,Combo Delight Non-veg,189.0,1.0,189.0,0.0,198.44,,Combos
2026-01,2026-01-22,8839.0,Red Indian Pizza (7 Inch),299.0,1.0,299.0,0.0,313.96,7 Inch,Non Veg Pizza
2026-01,2026-01-22,8839.0,Chicken Pepperoni (7 Inch),315.0,1.0,315.0,0.0,330.76,7 Inch,Non Veg Pizza
2026-01,2026-01-22,8839.0,Mdew@40rs,40.0,1.0,40.0,0.0,40.0,,Soft Drinks
2026-01,2026-01-22,8838.0,Super Saver Meal Regular,299.0,1.0,299.0,0.0,313.96,,Combos
2026-01,2026-01-22,8838.0,Hot Chicken Pizza (7 Inch),245.0,1.0,245.0,0.0,257.26,7 Inch,Non Veg Pizza
2026-01,2026-01-22,8837.0,Las Vegas Pizza (7 Inch),235.0,1.0,235.0,0.0,246.76,7 Inch,Veg Pizza
2026-01,2026-01-22,8837.0,Burn To Hell Pizza (12 Inch),685.0,1.0,685.0,0.0,719.26,12 Inch,Veg Pizza
2026-01,2026-01-22,8836.0,Chicken Pepperoni (9 Inch),545.0,2.0,1090.0,0.0,1144.5,9 Inch,Non Veg Pizza
2026-01,2026-01-22,8836.0,Brownie With Ice Cream,189.0,1.0,189.0,0.0,198.44,,Desserts
2026-01,2026-01-22,8836.0,Mdew 330ml Can,40.0,1.0,40.0,0.0,40.0,,Soft Drinks
2026-01,2026-01-22,8835.0,Pepsi 250ml Pet,20.0,1.0,20.0,0.0,20.0,,Soft Drinks
2026-01,2026-01-22,8834.0,Combo Delight Non-veg,189.0,1.0,189.0,0.0,198.44,,Combos
2026-01,2026-01-22,8833.0,Chicken Tikka Butter Masala (9 Inch),475.0,1.0,475.0,0.0,498.76,9 Inch,Non Veg Pizza
2026-01,2026-01-22,8833.0,French Fries,95.0,1.0,95.0,0.0,99.76,,Munchies
2026-01,2026-01-22,8832.0,Super Saver Meal Regular,299.0,1.0,299.0,0.0,313.96,,Combos
2026-01,2026-01-22,8832.0,Regular Chicken Burger,105.0,1.0,105.0,0.0,110.26,,Burger
2026-01,2026-01-22,8832.0,7up 250ml Pet,20.0,1.0,20.0,0.0,20.0,,Soft Drinks
2026-01,2026-01-22,8831.0,Red Indian Pizza (7 Inch),299.0,1.0,299.0,0.0,313.96,7 Inch,Non Veg Pizza
2026-01,2026-01-22,8831.0,French Fries,95.0,1.0,95.0,0.0,99.76,,Munchies
2026-01,2026-01-22,8830.0,Regular Chicken Burger,105.0,4.0,420.0,0.0,441.0,,Burger
2026-01,2026-01-22,8829.0,Regular Chicken Burger,105.0,1.0,105.0,0.0,110.26,,Burger
2026-01,2026-01-22,8829.0,Burger Combo @ 179,179.0,2.0,358.0,0.0,375.9,,Burger
2026-01,2026-01-22,8828.0,Mexicana Pizza (9 Inch),475.0,1.0,475.0,0.0,498.76,9 Inch,Non Veg Pizza
2026-01,2026-01-22,8828.0,Meat Feast Pizza (12 Inch),725.0,1.0,725.0,0.0,761.26,12 Inch,Non Veg Pizza
2026-01,2026-01-22,8828.0,Pepsi@50rs,50.0,1.0,50.0,0.0,50.0,,Soft Drinks
2026-01,2026-01-22,8828.0,Butterscotch Sundae,199.0,1.0,199.0,0.0,208.94,,Sundaes
2026-01,2026-01-22,8827.0,Mineral Water,20.0,1.0,20.0,0.0,20.0,,Soft Drinks
2026-01,2026-01-22,8826.0,Schezwan Chicken (7 Inch),299.0,1.0,299.0,0.0,313.96,7 Inch,Non Veg Pizza
2026-01,2026-01-22,8825.0,Regular Chicken Burger,105.0,4.0,420.0,0.0,441.0,,Burger
2026-01,2026-01-22,8825.0,French Fries,95.0,1.0,95.0,0.0,99.76,,Munchies
2026-01,2026-01-22,8824.0,Cheese N Corn Chicken (7 Inch),245.0,1.0,245.0,0.0,257.26,7 Inch,Non Veg Pizza
2026-01,2026-01-22,8823.0,Pineapple Juice,80.0,2.0,160.0,0.0,168.0,,Shakes & Juices
2026-01,2026-01-23,8862.0,French Fries,95.0,1.0,95.0,0.0,99.76,,Munchies
2026-01,2026-01-23,8862.0,Regular Chicken Burger,105.0,1.0,105.0,0.0,110.26,,Burger
2026-01,2026-01-23,8862.0,Pepsi@40rs,40.0,1.0,40.0,0.0,40.0,,Soft Drinks
2026-01,2026-01-23,8861.0,Bbq Chicken Pizza (7 Inch),339.0,1.0,339.0,0.0,355.96,7 Inch,Non Veg Pizza
2026-01,2026-01-23,8860.0,Cheesy Fries,155.0,2.0,310.0,0.0,325.5,,Munchies
2026-01,2026-01-23,8860.0,Garlic Bread With Cheese,155.0,1.0,155.0,0.0,162.76,,Garlic Bread
2026-01,2026-01-23,8860.0,Margherita Pizza (12 Inch),475.0,1.0,475.0,0.0,498.76,12 Inch,Veg Pizza
2026-01,2026-01-23,8860.0,Spicy N Hot Pizza (12 Inch),685.0,1.0,685.0,0.0,719.26,12 Inch,Veg Pizza
2026-01,2026-01-23,8860.0,Mineral Water,20.0,1.0,20.0,0.0,20.0,,Soft Drinks
2026-01,2026-01-23,8860.0,Peri Peri Dip,30.0,1.0,30.0,0.0,31.5,,Munchies
2026-01,2026-01-23,8860.0,Hot Garlic Dip,30.0,2.0,60.0,0.0,63.0,,Munchies
2026-01,2026-01-23,8859.0,Spicy N Hot Pizza (9 Inch),475.0,1.0,475.0,0.0,498.76,9 Inch,Veg Pizza
2026-01,2026-01-23,8859.0,Supreme Veg Pizza (9 Inch),475.0,1.0,475.0,0.0,498.76,9 Inch,Veg Pizza
2026-01,2026-01-23,8859.0,Veg Pasta,245.0,2.0,490.0,0.0,514.5,,Pasta
2026-01,2026-01-23,8859.0,Veg Pasta,245.0,1.0,245.0,0.0,257.26,,Pasta
2026-01,2026-01-23,8859.0,Garlic Bread With Cheese,155.0,1.0,155.0,0.0,162.76,,Garlic Bread
2026-01,2026-01-23,8858.0,Paneer Tikka Butter Masala (9 Inch),475.0,1.0,475.0,0.0,498.76,9 Inch,Veg Pizza
2026-01,2026-01-23,8857.0,Mexicana Pizza (9 Inch),475.0,1.0,475.0,0.0,498.76,9 Inch,Non Veg Pizza
2026-01,2026-01-23,8856.0,2 Regular Non-veg@409,449.0,1.0,449.0,0.0,471.46,,Combos
2026-01,2026-01-23,8856.0,Pepsi@40rs,40.0,1.0,40.0,0.0,40.0,,Soft Drinks
2026-01,2026-01-23,8855.0,Burger Combo @ 169,169.0,2.0,338.0,0.0,354.9,,Burger
2026-01,2026-01-23,8855.0,Chikku Shake,89.0,1.0,89.0,0.0,89.0,,Shakes & Juices
2026-01,2026-01-23,8854.0,2 Regular Non-veg@409,489.0,1.0,489.0,0.0,513.46,,Combos
2026-01,2026-01-23,8853.0,Plain Cheese Pizza (7 Inch),135.0,1.0,135.0,0.0,141.76,7 Inch,Veg Pizza
2026-01,2026-01-23,8852.0,Plain Cheese Pizza (7 Inch),135.0,1.0,135.0,0.0,141.76,7 Inch,Veg Pizza
2026-01,2026-01-23,8852.0,Veg Pasta,245.0,1.0,245.0,0.0,257.26,,Pasta
2026-01,2026-01-23,8851.0,Margherita Pizza (9 Inch),295.0,1.0,295.0,0.0,309.76,9 Inch,Veg Pizza
2026-01,2026-01-23,8851.0,Cheesy Fries,155.0,2.0,310.0,0.0,325.5,,Munchies
2026-01,2026-01-23,8850.0,Plain Cheese Pizza (9 Inch),295.0,2.0,590.0,0.0,619.5,9 Inch,Veg Pizza
2026-01,2026-01-23,8850.0,Veg Pasta,245.0,1.0,245.0,0.0,257.26,,Pasta
2026-01,2026-01-23,8849.0,French Fries,95.0,1.0,95.0,0.0,99.76,,Munchies
2026-01,2026-01-23,8848.0,Chikku Shake,89.0,2.0,178.0,0.0,178.0,,Shakes & Juices
2026-01,2026-01-23,8847.0,Mixed Chicken Salad,189.0,1.0,189.0,0.0,198.44,,Salad
2026-01,2026-01-23,8846.0,Mdew 250ml Pet,20.0,1.0,20.0,0.0,20.0,,Soft Drinks
2026-01,2026-01-23,8845.0,Tender Coconut,99.0,2.0,198.0,0.0,198.0,,Shakes & Juices
2026-01,2026-01-23,8845.0,Mint Lime Juice,45.0,1.0,45.0,0.0,47.26,,Shakes & Juices
2026-01,2026-01-23,8845.0,Chicken Nuggets,130.0,1.0,130.0,0.0,136.5,,Munchies
2026-01,2026-01-24,8910.0,Green Apple,99.0,1.0,99.0,0.0,103.96,,Mojitos
2026-01,2026-01-24,8910.0,Blue Mojito,99.0,1.0,99.0,0.0,103.96,,Mojitos
2026-01,2026-01-24,8910.0,Soft Drink,20.0,1.0,20.0,0.0,20.0,,Soft Drinks
2026-01,2026-01-24,8909.0,2 Medium Non-veg@759,859.0,1.0,859.0,0.0,901.96,,Combos
2026-01,2026-01-24,8909.0,Pizza Upgrade,130.0,1.0,130.0,0.0,136.5,,Soft Drinks
2026-01,2026-01-24,8908.0,Regular Chicken Burger,105.0,1.0,105.0,0.0,110.26,,Burger
2026-01,2026-01-24,8908.0,Soft Drink,20.0,1.0,20.0,0.0,20.0,,Soft Drinks
2026-01,2026-01-24,8906.0,Soft Drink,20.0,1.0,20.0,0.0,20.0,,Soft Drinks
2026-01,2026-01-24,8905.0,2 Regular Non-veg@409,409.0,1.0,409.0,0.0,429.46,,Combos
2026-01,2026-01-24,8905.0,Combo Delight Non-veg,189.0,1.0,189.0,0.0,198.44,,Combos
2026-01,2026-01-24,8903.0,French Fries,95.0,1.0,95.0,0.0,99.76,,Munchies
2026-01,2026-01-24,8902.0,Hot Chicken Pizza (7 Inch),245.0,1.0,245.0,0.0,257.26,7 Inch,Non Veg Pizza
2026-01,2026-01-24,8902.0,Soft Drink,20.0,1.0,20.0,0.0,20.0,,Soft Drinks
2026-01,2026-01-24,8901.0,Mexican Veg Pizza (7 Inch),205.0,1.0,205.0,0.0,215.26,7 Inch,Veg Pizza
2026-01,2026-01-24,8901.0,Soft Drink,20.0,1.0,20.0,0.0,20.0,,Soft Drinks
2026-01,2026-01-24,8900.0,Supreme Veg Pizza (7 Inch),299.0,1.0,299.0,0.0,313.96,7 Inch,Veg Pizza
2026-01,2026-01-24,8900.0,Greek Salad,179.0,1.0,179.0,0.0,187.94,,Salad
2026-01,2026-01-24,8899.0,Chicken Tikka Butter Masala (9 Inch),475.0,1.0,475.0,0.0,498.76,9 Inch,Non Veg Pizza
2026-01,2026-01-24,8899.0,Pepsi@40rs,40.0,1.0,40.0,0.0,40.0,,Soft Drinks
2026-01,2026-01-24,8898.0,2 Regular Non-veg@409,489.0,1.0,489.0,0.0,513.46,,Combos
2026-01,2026-01-24,8897.0,Chicken Nuggets Burger,140.0,3.0,420.0,0.0,441.0,,Burger
2026-01,2026-01-24,8897.0,Regular Chicken Burger,105.0,1.0,105.0,0.0,110.26,,Burger
2026-01,2026-01-24,8896.0,Mexican Veg Pizza (12 Inch),545.0,1.0,545.0,0.0,572.26,12 Inch,Veg Pizza
2026-01,2026-01-24,8896.0,French Fries,95.0,2.0,190.0,0.0,199.5,,Munchies
2026-01,2026-01-24,8896.0,Fiery Chicken Pizza (9 Inch),445.0,1.0,445.0,0.0,467.26,9 Inch,Non Veg Pizza
2026-01,2026-01-24,8894.0,2 Medium Non-veg@759,859.0,1.0,859.0,0.0,901.96,,Combos
2026-01,2026-01-24,8894.0,Pepsi 250ml Pet,20.0,1.0,20.0,0.0,20.0,,Soft Drinks
2026-01,2026-01-24,8893.0,Loaded Fries,185.0,1.0,185.0,0.0,194.26,,Munchies
2026-01,2026-01-24,8892.0,Mexicana Pizza (12 Inch),685.0,1.0,685.0,0.0,719.26,12 Inch,Non Veg Pizza
2026-01,2026-01-24,8892.0,Garlic Bread With Cheese,155.0,1.0,155.0,0.0,162.76,,Garlic Bread
2026-01,2026-01-24,8891.0,Margherita Pizza (7 Inch),135.0,2.0,270.0,0.0,283.5,7 Inch,Veg Pizza
2026-01,2026-01-24,8891.0,Plain Cheese Pizza (7 Inch),135.0,1.0,135.0,0.0,141.76,7 Inch,Veg Pizza
2026-01,2026-01-24,8891.0,Fresh Lime Juice,40.0,1.0,40.0,0.0,42.0,,Shakes & Juices
2026-01,2026-01-24,8891.0,Pineapple Juice,80.0,1.0,80.0,0.0,84.0,,Shakes & Juices
2026-01,2026-01-24,8891.0,Soft Drink,20.0,1.0,20.0,0.0,20.0,,Soft Drinks
2026-01,2026-01-24,8890.0,2 Regular Non-veg@409,409.0,1.0,409.0,0.0,429.46,,Combos
2026-01,2026-01-24,8889.0,Chicken Pasta,275.0,2.0,550.0,0.0,577.5,,Pasta
2026-01,2026-01-24,8889.0,French Fries,95.0,1.0,95.0,0.0,99.76,,Munchies
2026-01,2026-01-24,8888.0,2 Regular Non-veg@409,489.0,1.0,489.0,0.0,513.46,,Combos
2026-01,2026-01-24,8887.0,Super Saver Meal Medium,499.0,1.0,499.0,0.0,523.96,,Combos
2026-01,2026-01-24,8885.0,Combo Delight Veg,189.0,1.0,189.0,0.0,198.44,,Combos
2026-01,2026-01-24,8884.0,Veg Pasta,245.0,1.0,245.0,0.0,257.26,,Pasta
2026-01,2026-01-24,8884.0,Las Vegas Pizza (7 Inch),235.0,1.0,235.0,0.0,246.76,7 Inch,Veg Pizza
2026-01,2026-01-24,8884.0,Brownie,115.0,1.0,115.0,0.0,120.76,,Desserts
2026-01,2026-01-24,8883.0,Cheese N Corn Chicken (7 Inch),245.0,1.0,245.0,0.0,257.26,7 Inch,Non Veg Pizza
2026-01,2026-01-24,8882.0,Cheese N Corn Chicken (7 Inch),245.0,1.0,245.0,0.0,257.26,7 Inch,Non Veg Pizza
2026-01,2026-01-24,8881.0,Red Indian Pizza (7 Inch),299.0,1.0,299.0,0.0,313.96,7 Inch,Non Veg Pizza
2026-01,2026-01-24,8880.0,Cheese N Corn Chicken (7 Inch),245.0,1.0,245.0,0.0,257.26,7 Inch,Non Veg Pizza
2026-01,2026-01-24,8879.0,Paneer Tikka Butter Masala (9 Inch),475.0,1.0,475.0,0.0,498.76,9 Inch,Veg Pizza
2026-01,2026-01-24,8879.0,Cheesy Fries,155.0,1.0,155.0,0.0,162.76,,Munchies
2026-01,2026-01-24,8879.0,Loaded Fries,185.0,1.0,185.0,0.0,194.26,,Munchies
2026-01,2026-01-24,8878.0,Cheese N Corn Chicken (7 Inch),245.0,1.0,245.0,0.0,257.26,7 Inch,Non Veg Pizza
2026-01,2026-01-24,8878.0,Pepsi 250ml Pet,20.0,2.0,40.0,0.0,40.0,,Soft Drinks
2026-01,2026-01-24,8877.0,Chicken Nuggets,130.0,1.0,130.0,0.0,136.5,,Munchies
2026-01,2026-01-24,8875.0,Super Saver Meal Regular,299.0,1.0,299.0,0.0,313.96,,Combos
2026-01,2026-01-24,8874.0,Chicken Nuggets,130.0,1.0,130.0,0.0,136.5,,Munchies
2026-01,2026-01-24,8874.0,Bbq Chicken Pizza (7 Inch),299.0,1.0,299.0,0.0,313.96,7 Inch,Non Veg Pizza
2026-01,2026-01-24,8873.0,Burger Combo @ 179,179.0,1.0,179.0,0.0,187.94,,Burger
2026-01,2026-01-24,8873.0,Regular Chicken Burger,105.0,1.0,105.0,0.0,110.26,,Burger
2026-01,2026-01-24,8873.0,Fresh Lime Juice,40.0,1.0,40.0,0.0,42.0,,Shakes & Juices
2026-01,2026-01-24,8873.0,Chicken Nuggets,130.0,1.0,130.0,0.0,136.5,,Munchies
2026-01,2026-01-24,8872.0,Sizzling Brownie,205.0,1.0,205.0,0.0,215.26,,Desserts
2026-01,2026-01-24,8871.0,Mexicana Pizza (7 Inch),299.0,1.0,299.0,0.0,313.96,7 Inch,Non Veg Pizza
2026-01,2026-01-24,8871.0,Green Apple,99.0,1.0,99.0,0.0,103.96,,Mojitos
2026-01,2026-01-24,8871.0,Passion Fruit,99.0,1.0,99.0,0.0,103.96,,Mojitos
2026-01,2026-01-24,8870.0,Mushroom Delight Pizza (7 Inch),205.0,1.0,205.0,0.0,215.26,7 Inch,Veg Pizza
2026-01,2026-01-24,8870.0,Blue Mojito,99.0,1.0,99.0,0.0,103.96,,Mojitos
2026-01,2026-01-24,8869.0,Delicious Combo Delight Regular,449.0,1.0,449.0,0.0,471.46,,Combos
2026-01,2026-01-24,8868.0,Burger Combo @ 169,169.0,1.0,169.0,0.0,177.44,,Burger
2026-01,2026-01-24,8868.0,French Fries,95.0,1.0,95.0,0.0,99.76,,Munchies
2026-01,2026-01-24,8867.0,Watermelon Juice,80.0,1.0,80.0,0.0,84.0,,Shakes & Juices
2026-01,2026-01-24,8867.0,Pineapple Juice,80.0,1.0,80.0,0.0,84.0,,Shakes & Juices
2026-01,2026-01-24,8867.0,Cheesy Fries,155.0,1.0,155.0,0.0,162.76,,Munchies
2026-01,2026-01-24,8866.0,Hot Treat Pizza (9 Inch),475.0,1.0,475.0,0.0,498.76,9 Inch,Non Veg Pizza
2026-01,2026-01-24,8866.0,Garlic Bread,120.0,1.0,120.0,0.0,126.0,,Garlic Bread
2026-01,2026-01-24,8866.0,Loaded Fries,185.0,1.0,185.0,0.0,194.26,,Munchies
2026-01,2026-01-24,8866.0,Chicken Nuggets,130.0,1.0,130.0,0.0,136.5,,Munchies
2026-01,2026-01-24,8865.0,Burger Combo @ 169,169.0,4.0,676.0,0.0,709.8,,Burger
2026-01,2026-01-24,8865.0,French Fries,95.0,1.0,95.0,0.0,99.76,,Munchies
2026-01,2026-01-24,8865.0,Slice 200ml,20.0,1.0,20.0,0.0,20.0,,Soft Drinks
2026-01,2026-01-24,8865.0,Bbq Chicken Pizza (9 Inch),475.0,1.0,475.0,0.0,498.76,9 Inch,Non Veg Pizza
2026-01,2026-01-24,8864.0,Bbq Chicken Pizza (7 Inch),299.0,1.0,299.0,0.0,313.96,7 Inch,Non Veg Pizza
2026-01,2026-01-24,8864.0,7up 250ml Pet,20.0,1.0,20.0,0.0,20.0,,Soft Drinks
2026-01,2026-01-24,8863.0,BBQ & Onion Pizza (12 Inch),655.0,1.0,655.0,0.0,687.76,12 Inch,Non Veg Pizza
2026-01,2026-01-25,8957.0,Combo Delight Non-veg,189.0,1.0,189.0,0.0,198.44,,Combos
2026-01,2026-01-25,8956.0,Plain Cheese Pizza (7 Inch),135.0,1.0,135.0,0.0,141.76,7 Inch,Veg Pizza
2026-01,2026-01-25,8955.0,7up 330ml Can,40.0,1.0,40.0,0.0,40.0,,Soft Drinks
2026-01,2026-01-25,8954.0,Burger Combo @ 179,179.0,2.0,358.0,0.0,375.9,,Burger
2026-01,2026-01-25,8954.0,Super Saver Meal Medium,499.0,2.0,998.0,0.0,1047.9,,Combos
2026-01,2026-01-25,8953.0,Regular Chicken Burger,105.0,2.0,210.0,0.0,220.5,,Burger
2026-01,2026-01-25,8952.0,Regular Chicken Burger,105.0,1.0,105.0,0.0,110.26,,Burger
2026-01,2026-01-25,8952.0,Tender Coconut,99.0,1.0,99.0,0.0,99.0,,Shakes & Juices
2026-01,2026-01-25,8952.0,Brownie With Ice Cream,189.0,1.0,189.0,0.0,198.44,,Desserts
2026-01,2026-01-25,8951.0,2 Regular Non-veg@409,449.0,1.0,449.0,0.0,471.46,,Combos
2026-01,2026-01-25,8951.0,Mambo Combo Pizza (7 Inch),315.0,1.0,315.0,0.0,330.76,7 Inch,Non Veg Pizza
2026-01,2026-01-25,8951.0,Veg Burger,90.0,1.0,90.0,0.0,94.5,,Burger
2026-01,2026-01-25,8951.0,Chicken Nuggets,130.0,1.0,130.0,0.0,136.5,,Munchies
2026-01,2026-01-25,8951.0,Cheesy Fries,155.0,1.0,155.0,0.0,162.76,,Munchies
2026-01,2026-01-25,8951.0,Pepsi@40rs,40.0,1.0,40.0,0.0,40.0,,Soft Drinks
2026-01,2026-01-25,8951.0,Mexican Veg Pizza (7 Inch),205.0,1.0,205.0,0.0,215.26,7 Inch,Veg Pizza
2026-01,2026-01-25,8951.0,Chicken Popcorn,135.0,1.0,135.0,0.0,141.76,,Munchies
2026-01,2026-01-25,8951.0,Tender Coconut,99.0,1.0,99.0,0.0,99.0,,Shakes & Juices
2026-01,2026-01-25,8951.0,Chocolate Shake,99.0,1.0,99.0,0.0,99.0,,Shakes & Juices
2026-01,2026-01-25,8950.0,Regular Chicken Burger,105.0,1.0,105.0,0.0,110.26,,Burger
2026-01,2026-01-25,8950.0,Chikku Shake,89.0,1.0,89.0,0.0,89.0,,Shakes & Juices
2026-01,2026-01-25,8949.0,Tender Coconut,99.0,1.0,99.0,0.0,99.0,,Shakes & Juices
2026-01,2026-01-25,8948.0,Chicken Pasta,275.0,3.0,825.0,0.0,866.26,,Pasta
2026-01,2026-01-25,8947.0,7up 330ml Can,40.0,1.0,40.0,0.0,40.0,,Soft Drinks
2026-01,2026-01-25,8946.0,Pineapple Juice,80.0,2.0,160.0,0.0,168.0,,Shakes & Juices
2026-01,2026-01-25,8946.0,Mint Lime Juice,45.0,3.0,135.0,0.0,141.76,,Shakes & Juices
2026-01,2026-01-25,8946.0,Mexicana Pizza (12 Inch),685.0,1.0,685.0,0.0,719.26,12 Inch,Non Veg Pizza
2026-01,2026-01-25,8946.0,French Fries,95.0,2.0,190.0,0.0,199.5,,Munchies
2026-01,2026-01-25,8946.0,Mint Lime Juice,45.0,1.0,45.0,0.0,47.26,,Shakes & Juices
2026-01,2026-01-25,8946.0,Blue Mojito,99.0,1.0,99.0,0.0,103.96,,Mojitos
2026-01,2026-01-25,8945.0,Cheese N Corn Chicken (7 Inch),245.0,1.0,245.0,0.0,257.26,7 Inch,Non Veg Pizza
2026-01,2026-01-25,8945.0,French Fries,95.0,1.0,95.0,0.0,99.76,,Munchies
2026-01,2026-01-25,8944.0,Mexicana Pizza (7 Inch),299.0,1.0,299.0,0.0,313.96,7 Inch,Non Veg Pizza
2026-01,2026-01-25,8943.0,Bbq Chicken Pizza (9 Inch),475.0,1.0,475.0,0.0,498.76,9 Inch,Non Veg Pizza
2026-01,2026-01-25,8942.0,Mineral Water,20.0,1.0,20.0,0.0,20.0,,Soft Drinks
2026-01,2026-01-25,8941.0,Super Saver Meal Medium,499.0,1.0,499.0,0.0,523.96,,Combos
2026-01,2026-01-25,8940.0,Bbq Chicken Pizza (12 Inch),685.0,1.0,685.0,0.0,719.26,12 Inch,Non Veg Pizza
2026-01,2026-01-25,8940.0,Bbq Chicken Pizza (7 Inch),299.0,1.0,299.0,0.0,313.96,7 Inch,Non Veg Pizza
2026-01,2026-01-25,8939.0,Mexicana Pizza (9 Inch),475.0,1.0,475.0,0.0,498.76,9 Inch,Non Veg Pizza
2026-01,2026-01-25,8939.0,Loaded Fries,185.0,1.0,185.0,0.0,194.26,,Munchies
2026-01,2026-01-25,8939.0,Chikku Shake,89.0,2.0,178.0,0.0,178.0,,Shakes & Juices
2026-01,2026-01-25,8939.0,Grapes Juice,80.0,1.0,80.0,0.0,84.0,,Shakes & Juices
2026-01,2026-01-25,8938.0,French Fries,95.0,2.0,190.0,0.0,199.5,,Munchies
2026-01,2026-01-25,8937.0,Mushroom Delight Pizza (9 Inch),385.0,1.0,385.0,0.0,404.26,9 Inch,Veg Pizza
2026-01,2026-01-25,8937.0,Mexicana Pizza (7 Inch),299.0,1.0,299.0,0.0,313.96,7 Inch,Non Veg Pizza
2026-01,2026-01-25,8937.0,Veg Pasta,245.0,1.0,245.0,0.0,257.26,,Pasta
2026-01,2026-01-25,8936.0,Bbq Chicken Pizza (12 Inch),685.0,1.0,685.0,0.0,719.26,12 Inch,Non Veg Pizza
2026-01,2026-01-25,8936.0,French Fries,185.0,1.0,185.0,0.0,194.26,,Munchies
2026-01,2026-01-25,8936.0,Greek Chicken Salad[non-veg],189.0,1.0,189.0,0.0,198.44,,Salad
2026-01,2026-01-25,8935.0,Bbq Chicken Pizza (7 Inch),299.0,1.0,299.0,0.0,313.96,7 Inch,Non Veg Pizza
2026-01,2026-01-25,8934.0,Hawaiian Chicken Pizza (12 Inch),725.0,1.0,725.0,0.0,761.26,12 Inch,Non Veg Pizza
2026-01,2026-01-25,8934.0,Paneer Tikka Butter Masala (9 Inch),475.0,1.0,475.0,0.0,498.76,9 Inch,Veg Pizza
2026-01,2026-01-25,8934.0,Brownie With Ice Cream,189.0,1.0,189.0,0.0,198.44,,Desserts
2026-01,2026-01-25,8933.0,2 Regular Non-veg@409,489.0,1.0,489.0,0.0,513.46,,Combos
2026-01,2026-01-25,8932.0,Spicy N Hot Pizza (9 Inch),475.0,1.0,475.0,0.0,498.76,9 Inch,Veg Pizza
2026-01,2026-01-25,8932.0,Chicken Tikka Butter Masala (7 Inch),299.0,1.0,299.0,0.0,313.96,7 Inch,Non Veg Pizza
2026-01,2026-01-25,8931.0,Mexicana Pizza (9 Inch),475.0,1.0,475.0,0.0,498.76,9 Inch,Non Veg Pizza
2026-01,2026-01-25,8930.0,Bbq Chicken Pizza (12 Inch),685.0,1.0,685.0,0.0,719.26,12 Inch,Non Veg Pizza
2026-01,2026-01-25,8929.0,Loaded Fries,185.0,1.0,185.0,0.0,194.26,,Munchies
2026-01,2026-01-25,8929.0,Regular Chicken Burger,105.0,2.0,210.0,0.0,220.5,,Burger
2026-01,2026-01-25,8928.0,Garlic Bread With Cheese,155.0,1.0,155.0,0.0,162.76,,Garlic Bread
2026-01,2026-01-25,8927.0,Tandoori Chicken Pizza (12 Inch),685.0,1.0,685.0,0.0,719.26,12 Inch,Non Veg Pizza
2026-01,2026-01-25,8926.0,Garlic Bread Supreme[non-veg],185.0,2.0,370.0,0.0,388.5,,Garlic Bread
2026-01,2026-01-25,8925.0,Mineral Water,20.0,1.0,20.0,0.0,20.0,,Soft Drinks
2026-01,2026-01-25,8924.0,New York Pizza (12 Inch),725.0,1.0,725.0,0.0,761.26,12 Inch,Non Veg Pizza
2026-01,2026-01-25,8924.0,Fresh Lime Juice,40.0,1.0,40.0,0.0,42.0,,Shakes & Juices
2026-01,2026-01-25,8923.0,French Fries,95.0,1.0,95.0,0.0,99.76,,Munchies
2026-01,2026-01-25,8922.0,Hot Chicken Pizza (7 Inch),245.0,1.0,245.0,0.0,257.26,7 Inch,Non Veg Pizza
2026-01,2026-01-25,8922.0,Mint Lime Juice,45.0,2.0,90.0,0.0,94.5,,Shakes & Juices
2026-01,2026-01-25,8921.0,2 Regular Non-veg@409,409.0,1.0,409.0,0.0,429.46,,Combos
2026-01,2026-01-25,8921.0,Supreme Veg Pizza (7 Inch),299.0,1.0,299.0,0.0,313.96,7 Inch,Veg Pizza
2026-01,2026-01-25,8920.0,Tomatino Pizza (9 Inch),385.0,1.0,385.0,0.0,404.26,9 Inch,Veg Pizza
2026-01,2026-01-25,8920.0,French Fries,95.0,1.0,95.0,0.0,99.76,,Munchies
2026-01,2026-01-25,8920.0,7up 250ml Pet,20.0,1.0,20.0,0.0,20.0,,Soft Drinks
2026-01,2026-01-25,8919.0,Butter Chicken Pizza (9 Inch),475.0,1.0,475.0,0.0,498.76,9 Inch,Non Veg Pizza
2026-01,2026-01-25,8919.0,Veg Pasta,245.0,1.0,245.0,0.0,257.26,,Pasta
2026-01,2026-01-25,8919.0,7up@40rs,40.0,1.0,40.0,0.0,40.0,,Soft Drinks
2026-01,2026-01-25,8918.0,Burger Combo @ 179,179.0,1.0,179.0,0.0,187.94,,Burger
2026-01,2026-01-25,8917.0,Mineral Water,20.0,2.0,40.0,0.0,40.0,,Soft Drinks
2026-01,2026-01-25,8916.0,7up@40rs,40.0,1.0,40.0,0.0,40.0,,Soft Drinks
2026-01,2026-01-25,8915.0,2 Regular Veg@349,369.0,1.0,369.0,0.0,387.46,,Combos
2026-01,2026-01-25,8915.0,Veg Tandoori Paneer Pizza (7 Inch),299.0,1.0,299.0,0.0,313.96,7 Inch,Veg Pizza
2026-01,2026-01-25,8914.0,Veg Burger,90.0,2.0,180.0,0.0,189.0,,Burger
2026-01,2026-01-25,8913.0,Veg Burger,90.0,1.0,90.0,0.0,94.5,,Burger
2026-01,2026-01-25,8913.0,Chikku Shake,89.0,2.0,178.0,0.0,178.0,,Shakes & Juices
2026-01,2026-01-25,8912.0,Mineral Water,20.0,3.0,60.0,0.0,60.0,,Soft Drinks
2026-01,2026-01-25,8912.0,Pepsi@50rs,50.0,1.0,50.0,0.0,50.0,,Soft Drinks
2026-01,2026-01-25,8912.0,Soft Drink,30.0,1.0,30.0,0.0,30.0,,Soft Drinks
2026-01,2026-01-25,8911.0,Burger Combo @ 169,169.0,2.0,338.0,0.0,354.9,,Burger
2026-01,2026-01-26,8988.0,Loaded Fries,185.0,1.0,185.0,0.0,194.26,,Munchies
2026-01,2026-01-26,8988.0,Supreme Veg Pizza (7 Inch),299.0,1.0,299.0,0.0,313.96,7 Inch,Veg Pizza
2026-01,2026-01-26,8987.0,2 Regular Non-veg@409,409.0,1.0,409.0,0.0,429.46,,Combos
2026-01,2026-01-26,8986.0,Mushroom Delight Pizza (7 Inch),205.0,1.0,205.0,0.0,215.26,7 Inch,Veg Pizza
2026-01,2026-01-26,8986.0,Bbq Chicken Pizza (7 Inch),299.0,1.0,299.0,0.0,313.96,7 Inch,Non Veg Pizza
2026-01,2026-01-26,8986.0,Cheesy Fries,155.0,1.0,155.0,0.0,162.76,,Munchies
2026-01,2026-01-26,8986.0,Chicken Popcorn,135.0,1.0,135.0,0.0,141.76,,Munchies
2026-01,2026-01-26,8986.0,Brownie,115.0,1.0,115.0,0.0,120.76,,Desserts
2026-01,2026-01-26,8986.0,Supreme Veg Pizza (7 Inch),299.0,1.0,299.0,0.0,313.96,7 Inch,Veg Pizza
2026-01,2026-01-26,8985.0,2 Regular Veg@349,349.0,1.0,349.0,0.0,366.46,,Combos
2026-01,2026-01-26,8984.0,Non Veg Meal For 1,289.0,1.0,289.0,0.0,303.46,,Combos
2026-01,2026-01-26,8984.0,Loaded Fries,185.0,1.0,185.0,0.0,194.26,,Munchies
2026-01,2026-01-26,8983.0,Regular Chicken Burger,105.0,1.0,105.0,0.0,110.26,,Burger
2026-01,2026-01-26,8983.0,Pineapple Juice,80.0,1.0,80.0,0.0,84.0,,Shakes & Juices
2026-01,2026-01-26,8982.0,Supreme Veg Pizza (7 Inch),299.0,1.0,299.0,0.0,313.96,7 Inch,Veg Pizza
2026-01,2026-01-26,8981.0,Cheese N Corn Chicken (7 Inch),245.0,1.0,245.0,0.0,257.26,7 Inch,Non Veg Pizza
2026-01,2026-01-26,8980.0,2 Regular Non-veg@409,409.0,1.0,409.0,0.0,429.46,,Combos
2026-01,2026-01-26,8980.0,Fresh Lime Juice,40.0,1.0,40.0,0.0,42.0,,Shakes & Juices
2026-01,2026-01-26,8980.0,Mint Lime Juice,45.0,1.0,45.0,0.0,47.26,,Shakes & Juices
2026-01,2026-01-26,8979.0,Super Saver Meal Regular,299.0,1.0,299.0,0.0,313.96,,Combos
2026-01,2026-01-26,8978.0,2 Medium Non-veg@759,759.0,1.0,759.0,0.0,796.96,,Combos
2026-01,2026-01-26,8978.0,BBQ & Onion Pizza (9 Inch),445.0,1.0,445.0,0.0,467.26,9 Inch,Non Veg Pizza
2026-01,2026-01-26,8977.0,Loaded Fries,185.0,1.0,185.0,0.0,194.26,,Munchies
2026-01,2026-01-26,8977.0,Chicken Nuggets,130.0,1.0,130.0,0.0,136.5,,Munchies
2026-01,2026-01-26,8977.0,Brownie With Ice Cream,189.0,1.0,189.0,0.0,198.44,,Desserts
2026-01,2026-01-26,8976.0,Chicken Pasta,275.0,1.0,275.0,0.0,288.76,,Pasta
2026-01,2026-01-26,8975.0,5 Chicken Pizza (7 Inch),315.0,1.0,315.0,0.0,330.76,7 Inch,Non Veg Pizza
2026-01,2026-01-26,8975.0,Italian Feast Pizza (9 Inch),585.0,1.0,585.0,0.0,614.26,9 Inch,Non Veg Pizza
2026-01,2026-01-26,8975.0,French Fries,95.0,1.0,95.0,0.0,99.76,,Munchies
2026-01,2026-01-26,8974.0,Fiery Chicken Pizza (12 Inch),655.0,1.0,655.0,0.0,687.76,12 Inch,Non Veg Pizza
2026-01,2026-01-26,8974.0,Regular Chicken Burger,105.0,1.0,105.0,0.0,110.26,,Burger
2026-01,2026-01-26,8974.0,7up@40rs,40.0,1.0,40.0,0.0,40.0,,Soft Drinks
2026-01,2026-01-26,8972.0,Passion Fruit,99.0,1.0,99.0,0.0,103.96,,Mojitos
2026-01,2026-01-26,8972.0,Mexicana Pizza (7 Inch),299.0,1.0,299.0,0.0,313.96,7 Inch,Non Veg Pizza
2026-01,2026-01-26,8972.0,Pepsi 250ml Pet,20.0,1.0,20.0,0.0,20.0,,Soft Drinks
2026-01,2026-01-26,8971.0,Paneer Tikka Butter Masala (9 Inch),475.0,1.0,475.0,0.0,498.76,9 Inch,Veg Pizza
2026-01,2026-01-26,8971.0,Mexican Veg Pizza (7 Inch),205.0,1.0,205.0,0.0,215.26,7 Inch,Veg Pizza
2026-01,2026-01-26,8971.0,Fresh Garden Mint,99.0,1.0,99.0,0.0,103.96,,Mojitos
2026-01,2026-01-26,8971.0,Green Apple,99.0,1.0,99.0,0.0,103.96,,Mojitos
2026-01,2026-01-26,8970.0,Fiery Chicken Pizza (7 Inch),245.0,1.0,245.0,0.0,257.26,7 Inch,Non Veg Pizza
2026-01,2026-01-26,8970.0,Pepsi 250ml Pet,20.0,1.0,20.0,0.0,20.0,,Soft Drinks
2026-01,2026-01-26,8969.0,Veg Tandoori Paneer Pizza (7 Inch),299.0,1.0,299.0,0.0,313.96,7 Inch,Veg Pizza
2026-01,2026-01-26,8968.0,Delicious Combo Delight Regular,449.0,1.0,449.0,0.0,471.46,,Combos
2026-01,2026-01-26,8967.0,Veg Bite Pizza (7 Inch),205.0,1.0,205.0,0.0,215.26,7 Inch,Veg Pizza
2026-01,2026-01-26,8964.0,Fresh Lime Juice,40.0,2.0,80.0,0.0,84.0,,Shakes & Juices
2026-01,2026-01-26,8964.0,Fiery Chicken Pizza (9 Inch),445.0,1.0,445.0,0.0,467.26,9 Inch,Non Veg Pizza
2026-01,2026-01-26,8963.0,Burger Combo @ 179,179.0,1.0,179.0,0.0,187.94,,Burger
2026-01,2026-01-26,8962.0,BBQ & Onion Pizza (7 Inch),245.0,1.0,245.0,0.0,257.26,7 Inch,Non Veg Pizza
2026-01,2026-01-26,8961.0,Pepsi 250ml Pet,20.0,1.0,20.0,0.0,20.0,,Soft Drinks
2026-01,2026-01-26,8960.0,Brownie,115.0,1.0,115.0,0.0,120.76,,Desserts
2026-01,2026-01-26,8960.0,Cheesy Fries,155.0,1.0,155.0,0.0,162.76,,Munchies
2026-01,2026-01-26,8960.0,Brownie,115.0,1.0,115.0,0.0,120.76,,Desserts
2026-01,2026-01-26,8960.0,Watermelon Juice,80.0,1.0,80.0,0.0,84.0,,Shakes & Juices
2026-01,2026-01-26,8959.0,Tandoori Chicken Pizza (7 Inch),299.0,1.0,299.0,0.0,313.96,7 Inch,Non Veg Pizza
2026-01,2026-01-26,8959.0,Regular Chicken Burger,105.0,1.0,105.0,0.0,110.26,,Burger
2026-01,2026-01-26,8959.0,Pineapple Juice,80.0,1.0,80.0,0.0,84.0,,Shakes & Juices
2026-01,2026-01-26,8959.0,Chikku Shake,89.0,1.0,89.0,0.0,89.0,,Shakes & Juices
2026-01,2026-01-26,8959.0,Chocolate Shake,99.0,1.0,99.0,0.0,99.0,,Shakes & Juices
2026-01,2026-01-26,8958.0,Plain Cheese Pizza (9 Inch),295.0,1.0,295.0,0.0,309.76,9 Inch,Veg Pizza
2026-01,2026-01-27,9006.0,Super Saver Meal Regular,299.0,1.0,299.0,0.0,313.96,,Combos
2026-01,2026-01-27,9006.0,Pizza Upgrade,30.0,1.0,30.0,0.0,31.5,,Soft Drinks
2026-01,2026-01-27,9005.0,Mexicana Pizza (7 Inch),359.0,1.0,359.0,0.0,376.96,7 Inch,Non Veg Pizza
2026-01,2026-01-27,9005.0,French Fries,95.0,1.0,95.0,0.0,99.76,,Munchies
2026-01,2026-01-27,9005.0,Pepsi 330ml Can,40.0,1.0,40.0,0.0,40.0,,Soft Drinks
2026-01,2026-01-27,9004.0,2 Regular Non-veg@409,489.0,1.0,489.0,0.0,513.46,,Combos
2026-01,2026-01-27,9003.0,BBQ & Onion Pizza (7 Inch),245.0,1.0,245.0,0.0,257.26,7 Inch,Non Veg Pizza
2026-01,2026-01-27,9002.0,Combo Delight Non-veg,189.0,1.0,189.0,0.0,198.44,,Combos
2026-01,2026-01-27,9001.0,Bbq Chicken Pizza (9 Inch),475.0,1.0,475.0,0.0,498.76,9 Inch,Non Veg Pizza
2026-01,2026-01-27,9001.0,Cheese N Corn Chicken (7 Inch),245.0,1.0,245.0,0.0,257.26,7 Inch,Non Veg Pizza
2026-01,2026-01-27,9001.0,Burger Combo @ 179,179.0,1.0,179.0,0.0,187.94,,Burger
2026-01,2026-01-27,9000.0,Mexicana Pizza (9 Inch),475.0,1.0,475.0,0.0,498.76,9 Inch,Non Veg Pizza
2026-01,2026-01-27,8999.0,Super Saver Meal Regular,299.0,1.0,299.0,0.0,313.96,,Combos
2026-01,2026-01-27,8999.0,Fresh Lime Juice,40.0,1.0,40.0,0.0,42.0,,Shakes & Juices
2026-01,2026-01-27,8998.0,7up 250ml Pet,20.0,1.0,20.0,0.0,20.0,,Soft Drinks
2026-01,2026-01-27,8997.0,New York Pizza (9 Inch),545.0,1.0,545.0,0.0,572.26,9 Inch,Non Veg Pizza
2026-01,2026-01-27,8996.0,Tandoori Chicken Pizza (12 Inch),685.0,1.0,685.0,0.0,719.26,12 Inch,Non Veg Pizza
2026-01,2026-01-27,8995.0,Chocolate Shake,99.0,2.0,198.0,0.0,198.0,,Shakes & Juices
2026-01,2026-01-27,8995.0,Chikku Shake,89.0,2.0,178.0,0.0,178.0,,Shakes & Juices
2026-01,2026-01-27,8994.0,2 Regular Non-veg@409,409.0,1.0,409.0,0.0,429.46,,Combos
2026-01,2026-01-27,8993.0,Bbq Chicken Pizza (12 Inch),685.0,1.0,685.0,0.0,719.26,12 Inch,Non Veg Pizza
2026-01,2026-01-27,8992.0,Margherita Pizza (7 Inch),135.0,1.0,135.0,0.0,141.76,7 Inch,Veg Pizza
2026-01,2026-01-27,8991.0,Passion Fruit,99.0,1.0,99.0,0.0,103.96,,Mojitos
2026-01,2026-01-27,8991.0,Brownie,115.0,1.0,115.0,0.0,120.76,,Desserts
2026-01,2026-01-27,8990.0,5 Chicken Pizza (7 Inch),315.0,1.0,315.0,0.0,330.76,7 Inch,Non Veg Pizza
2026-01,2026-01-27,8989.0,Burger Combo @ 179,179.0,1.0,179.0,0.0,187.94,,Burger
2026-01,2026-01-27,8989.0,Veg Pasta,245.0,1.0,245.0,0.0,257.26,,Pasta
2026-01,2026-01-28,9030.0,Greek Salad,179.0,1.0,179.0,0.0,187.94,,Salad
2026-01,2026-01-28,9030.0,Veg Tandoori Paneer Pizza (9 Inch),475.0,1.0,475.0,0.0,498.76,9 Inch,Veg Pizza
2026-01,2026-01-28,9030.0,Combo Delight Non-veg,189.0,1.0,189.0,0.0,198.44,,Combos
2026-01,2026-01-28,9030.0,Garlic Bread With Cheese,155.0,1.0,155.0,0.0,162.76,,Garlic Bread
2026-01,2026-01-28,9030.0,Fresh Lime Juice,40.0,1.0,40.0,0.0,42.0,,Shakes & Juices
2026-01,2026-01-28,9029.0,2 Medium Non-veg@759,859.0,1.0,859.0,0.0,901.96,,Combos
2026-01,2026-01-28,9028.0,Garlic Bread Supreme[non-veg],185.0,1.0,185.0,0.0,194.26,,Garlic Bread
2026-01,2026-01-28,9028.0,Chicken Pasta,275.0,1.0,275.0,0.0,288.76,,Pasta
2026-01,2026-01-28,9027.0,Super Saver Meal Medium,499.0,1.0,499.0,0.0,523.96,,Combos
2026-01,2026-01-28,9026.0,Burger Combo @ 169,169.0,2.0,338.0,0.0,354.9,,Burger
2026-01,2026-01-28,9025.0,Combo Delight Non-veg,189.0,1.0,189.0,0.0,198.44,,Combos
2026-01,2026-01-28,9024.0,Hungarian Street Pizza (7 Inch),235.0,1.0,235.0,0.0,246.76,7 Inch,Veg Pizza
2026-01,2026-01-28,9024.0,French Fries,95.0,1.0,95.0,0.0,99.76,,Munchies
2026-01,2026-01-28,9023.0,Super Saver Meal Medium,499.0,1.0,499.0,0.0,523.96,,Combos
2026-01,2026-01-28,9022.0,BBQ & Onion Pizza (9 Inch),445.0,1.0,445.0,0.0,467.26,9 Inch,Non Veg Pizza
2026-01,2026-01-28,9022.0,Cheese N Corn Chicken (7 Inch),245.0,1.0,245.0,0.0,257.26,7 Inch,Non Veg Pizza
2026-01,2026-01-28,9022.0,Supreme Veg Pizza (7 Inch),339.0,1.0,339.0,0.0,355.96,7 Inch,Veg Pizza
2026-01,2026-01-28,9021.0,Loaded Fries,185.0,2.0,370.0,0.0,388.5,,Munchies
2026-01,2026-01-28,9021.0,Veg Pasta,245.0,1.0,245.0,0.0,257.26,,Pasta
2026-01,2026-01-28,9021.0,Blue Mojito,99.0,3.0,297.0,0.0,311.86,,Mojitos
2026-01,2026-01-28,9020.0,Water Melon,99.0,1.0,99.0,0.0,103.96,,Mojitos
2026-01,2026-01-28,9020.0,Burger Combo @ 169,169.0,1.0,169.0,0.0,177.44,,Burger
2026-01,2026-01-28,9019.0,Tandoori Chicken Pizza (7 Inch),299.0,1.0,299.0,0.0,313.96,7 Inch,Non Veg Pizza
2026-01,2026-01-28,9019.0,Loaded Fries,185.0,1.0,185.0,0.0,194.26,,Munchies
2026-01,2026-01-28,9018.0,Blue Mojito,99.0,1.0,99.0,0.0,103.96,,Mojitos
2026-01,2026-01-28,9017.0,Hot Chicken Pizza (7 Inch),245.0,1.0,245.0,0.0,257.26,7 Inch,Non Veg Pizza
2026-01,2026-01-28,9016.0,Bbq Chicken Pizza (7 Inch),299.0,1.0,299.0,0.0,313.96,7 Inch,Non Veg Pizza
2026-01,2026-01-28,9016.0,Passion Fruit,99.0,2.0,198.0,0.0,207.9,,Mojitos
2026-01,2026-01-28,9015.0,Chicken Pasta,275.0,1.0,275.0,0.0,288.76,,Pasta
2026-01,2026-01-28,9015.0,Cheese N Corn Chicken (7 Inch),245.0,1.0,245.0,0.0,257.26,7 Inch,Non Veg Pizza
2026-01,2026-01-28,9014.0,2 Medium Non-veg@759,859.0,1.0,859.0,0.0,901.96,,Combos
2026-01,2026-01-28,9013.0,Butter Chicken Pizza (12 Inch),685.0,1.0,685.0,0.0,719.26,12 Inch,Non Veg Pizza
2026-01,2026-01-28,9012.0,Super Saver Meal Regular,299.0,1.0,299.0,0.0,313.96,,Combos
2026-01,2026-01-28,9011.0,Soft Drink,30.0,1.0,30.0,0.0,30.0,,Soft Drinks
2026-01,2026-01-28,9011.0,7up 250ml Pet,20.0,1.0,20.0,0.0,20.0,,Soft Drinks
2026-01,2026-01-28,9010.0,Schezwan Chicken (9 Inch),475.0,1.0,475.0,0.0,498.76,9 Inch,Non Veg Pizza
2026-01,2026-01-28,9008.0,Garlic Bread With Cheese,155.0,1.0,155.0,0.0,162.76,,Garlic Bread
2026-01,2026-01-28,9008.0,Margherita Pizza (7 Inch),135.0,1.0,135.0,0.0,141.76,7 Inch,Veg Pizza
2026-01,2026-01-28,9008.0,Supreme Veg Pizza (9 Inch),475.0,1.0,475.0,0.0,498.76,9 Inch,Veg Pizza
2026-01,2026-01-29,9070.0,Cheese N Corn Chicken (7 Inch),245.0,1.0,245.0,0.0,257.26,7 Inch,Non Veg Pizza
2026-01,2026-01-29,9070.0,Chicken Nuggets,130.0,1.0,130.0,0.0,136.5,,Munchies
2026-01,2026-01-29,9070.0,Soft Drink,30.0,1.0,30.0,0.0,30.0,,Soft Drinks
2026-01,2026-01-29,9069.0,Water Melon,99.0,1.0,99.0,0.0,103.96,,Mojitos
2026-01,2026-01-29,9068.0,2 Regular Veg@349,349.0,1.0,349.0,0.0,366.46,,Combos
2026-01,2026-01-29,9067.0,Pizza Upgrade,85.0,1.0,85.0,0.0,89.26,,Soft Drinks
2026-01,2026-01-29,9066.0,Bbq Chicken Pizza (9 Inch),475.0,1.0,475.0,0.0,498.76,9 Inch,Non Veg Pizza
2026-01,2026-01-29,9066.0,Passion Fruit,99.0,3.0,297.0,0.0,311.86,,Mojitos
2026-01,2026-01-29,9066.0,French Fries,95.0,1.0,95.0,0.0,99.76,,Munchies
2026-01,2026-01-29,9065.0,Schezwan Chicken (9 Inch),475.0,1.0,475.0,0.0,498.76,9 Inch,Non Veg Pizza
2026-01,2026-01-29,9065.0,Garlic Bread With Cheese,155.0,1.0,155.0,0.0,162.76,,Garlic Bread
2026-01,2026-01-29,9065.0,French Fries,95.0,1.0,95.0,0.0,99.76,,Munchies
2026-01,2026-01-29,9065.0,Brownie With Ice Cream,189.0,1.0,189.0,0.0,198.44,,Desserts
2026-01,2026-01-29,9065.0,Regular Chicken Burger,105.0,1.0,105.0,0.0,110.26,,Burger
2026-01,2026-01-29,9064.0,Super Saver Meal Regular,299.0,1.0,299.0,0.0,313.96,,Combos
2026-01,2026-01-29,9064.0,Pizza Upgrade,30.0,1.0,30.0,0.0,31.5,,Soft Drinks
2026-01,2026-01-29,9063.0,Red Indian Pizza (9 Inch),475.0,1.0,475.0,0.0,498.76,9 Inch,Non Veg Pizza
2026-01,2026-01-29,9062.0,7up @50rs,50.0,1.0,50.0,0.0,50.0,,Soft Drinks
2026-01,2026-01-29,9061.0,Supreme Veg Pizza (7 Inch),299.0,1.0,299.0,0.0,313.96,7 Inch,Veg Pizza
2026-01,2026-01-29,9061.0,5 Cheese Pizza (7 Inch),235.0,1.0,235.0,0.0,246.76,7 Inch,Veg Pizza
2026-01,2026-01-29,9061.0,French Fries,95.0,1.0,95.0,0.0,99.76,,Munchies
2026-01,2026-01-29,9061.0,Garlic Bread With Cheese,155.0,1.0,155.0,0.0,162.76,,Garlic Bread
2026-01,2026-01-29,9060.0,Garlic Bread,120.0,1.0,120.0,0.0,126.0,,Garlic Bread
2026-01,2026-01-29,9059.0,2 Regular Non-veg@409,409.0,1.0,409.0,0.0,429.46,,Combos
2026-01,2026-01-29,9058.0,Schezwan Chicken (7 Inch),299.0,1.0,299.0,0.0,313.96,7 Inch,Non Veg Pizza
2026-01,2026-01-29,9057.0,2 Medium Non-veg@759,759.0,1.0,759.0,0.0,796.96,,Combos
2026-01,2026-01-29,9056.0,2 Regular Non-veg@409,409.0,1.0,409.0,0.0,429.46,,Combos
2026-01,2026-01-29,9055.0,Garlic Bread,120.0,2.0,240.0,0.0,252.0,,Garlic Bread
2026-01,2026-01-29,9054.0,Loaded Fries,185.0,1.0,185.0,0.0,194.26,,Munchies
2026-01,2026-01-29,9054.0,Blue Mojito,99.0,1.0,99.0,0.0,103.96,,Mojitos
2026-01,2026-01-29,9053.0,Mexicana Pizza (12 Inch),685.0,1.0,685.0,0.0,719.26,12 Inch,Non Veg Pizza
2026-01,2026-01-29,9053.0,Spanish Passion Pizza (12 Inch),725.0,1.0,725.0,0.0,761.26,12 Inch,Non Veg Pizza
2026-01,2026-01-29,9053.0,Pineapple Juice,80.0,1.0,80.0,0.0,84.0,,Shakes & Juices
2026-01,2026-01-29,9053.0,Fresh Lime Juice,40.0,2.0,80.0,0.0,84.0,,Shakes & Juices
2026-01,2026-01-29,9052.0,French Fries,95.0,1.0,95.0,0.0,99.76,,Munchies
2026-01,2026-01-29,9052.0,Fresh Lime Juice,40.0,2.0,80.0,0.0,84.0,,Shakes & Juices
2026-01,2026-01-29,9051.0,Cheese N Corn Chicken (7 Inch),245.0,1.0,245.0,0.0,257.26,7 Inch,Non Veg Pizza
2026-01,2026-01-29,9051.0,Nutty Vanilla,175.0,1.0,175.0,0.0,183.76,,Sundaes
2026-01,2026-01-29,9050.0,Paneer Tikka Butter Masala (9 Inch),475.0,1.0,475.0,0.0,498.76,9 Inch,Veg Pizza
2026-01,2026-01-29,9050.0,Tandoori Chicken Pizza (9 Inch),475.0,1.0,475.0,0.0,498.76,9 Inch,Non Veg Pizza
2026-01,2026-01-29,9050.0,5 Chicken Pizza (7 Inch),315.0,1.0,315.0,0.0,330.76,7 Inch,Non Veg Pizza
2026-01,2026-01-29,9050.0,7up@40rs,40.0,1.0,40.0,0.0,40.0,,Soft Drinks
2026-01,2026-01-29,9050.0,Hot Garlic Dip,30.0,1.0,30.0,0.0,31.5,,Munchies
2026-01,2026-01-29,9049.0,Bbq Chicken Pizza (7 Inch),299.0,1.0,299.0,0.0,313.96,7 Inch,Non Veg Pizza
2026-01,2026-01-29,9049.0,Chicken Pasta,275.0,2.0,550.0,0.0,577.5,,Pasta
2026-01,2026-01-29,9048.0,2 Regular Veg@349,349.0,1.0,349.0,0.0,366.46,,Combos
2026-01,2026-01-29,9047.0,Chikku Shake,89.0,1.0,89.0,0.0,89.0,,Shakes & Juices
2026-01,2026-01-29,9047.0,Tender Coconut,99.0,1.0,99.0,0.0,99.0,,Shakes & Juices
2026-01,2026-01-29,9046.0,Loaded Fries,185.0,1.0,185.0,0.0,194.26,,Munchies
2026-01,2026-01-29,9046.0,Fresh Lime Juice,40.0,1.0,40.0,0.0,42.0,,Shakes & Juices
2026-01,2026-01-29,9045.0,Chicken Nuggets,130.0,1.0,130.0,0.0,136.5,,Munchies
2026-01,2026-01-29,9044.0,Brownie,115.0,2.0,230.0,0.0,241.5,,Desserts
2026-01,2026-01-29,9043.0,Chicken Tikka Butter Masala (7 Inch),299.0,1.0,299.0,0.0,313.96,7 Inch,Non Veg Pizza
2026-01,2026-01-29,9042.0,Mexicana Pizza (9 Inch),475.0,1.0,475.0,0.0,498.76,9 Inch,Non Veg Pizza
2026-01,2026-01-29,9041.0,Mushroom Delight Pizza (7 Inch),205.0,1.0,205.0,0.0,215.26,7 Inch,Veg Pizza
2026-01,2026-01-29,9041.0,French Fries,95.0,1.0,95.0,0.0,99.76,,Munchies
2026-01,2026-01-29,9040.0,Margherita Pizza (9 Inch),295.0,1.0,295.0,0.0,309.76,9 Inch,Veg Pizza
2026-01,2026-01-29,9040.0,Cheesy Fries,155.0,2.0,310.0,0.0,325.5,,Munchies
2026-01,2026-01-29,9039.0,Pepsi@50rs,50.0,1.0,50.0,0.0,50.0,,Soft Drinks
2026-01,2026-01-29,9038.0,Fresh Garden Mint,99.0,1.0,99.0,0.0,103.96,,Mojitos
2026-01,2026-01-29,9037.0,Veg Burger,90.0,2.0,180.0,0.0,189.0,,Burger
2026-01,2026-01-29,9037.0,Chicken Nuggets,130.0,1.0,130.0,0.0,136.5,,Munchies
2026-01,2026-01-29,9037.0,Cheesy Fries,155.0,1.0,155.0,0.0,162.76,,Munchies
2026-01,2026-01-29,9036.0,2 Regular Non-veg@409,409.0,1.0,409.0,0.0,429.46,,Combos
2026-01,2026-01-29,9035.0,Grapes Juice,80.0,1.0,80.0,0.0,84.0,,Shakes & Juices
2026-01,2026-01-29,9035.0,Pineapple Juice,80.0,1.0,80.0,0.0,84.0,,Shakes & Juices
2026-01,2026-01-29,9034.0,Butter Chicken Pizza (7 Inch),299.0,1.0,299.0,0.0,313.96,7 Inch,Non Veg Pizza
2026-01,2026-01-29,9034.0,7up@40rs,40.0,1.0,40.0,0.0,40.0,,Soft Drinks
2026-01,2026-01-29,9033.0,Schezwan Chicken (12 Inch),745.0,1.0,745.0,0.0,782.26,12 Inch,Non Veg Pizza
2026-01,2026-01-29,9033.0,Chocolate Shake,99.0,1.0,99.0,0.0,99.0,,Shakes & Juices
2026-01,2026-01-29,9033.0,Pepsi 330ml Can,40.0,2.0,80.0,0.0,80.0,,Soft Drinks
2026-01,2026-01-29,9032.0,Plain Cheese Pizza (9 Inch),295.0,1.0,295.0,0.0,309.76,9 Inch,Veg Pizza
2026-01,2026-01-29,9032.0,Chicken Pasta,275.0,1.0,275.0,0.0,288.76,,Pasta
2026-01,2026-01-29,9032.0,Veg Pasta,245.0,1.0,245.0,0.0,257.26,,Pasta
2026-01,2026-01-29,9031.0,Tender Coconut,99.0,2.0,198.0,0.0,198.0,,Shakes & Juices
2026-01,2026-01-30,9094.0,Mdew 250ml Pet,20.0,1.0,20.0,0.0,20.0,,Soft Drinks
2026-01,2026-01-30,9093.0,Mdew@40rs,40.0,1.0,40.0,0.0,40.0,,Soft Drinks
2026-01,2026-01-30,9092.0,Veg Bite Pizza (7 Inch),205.0,1.0,205.0,0.0,215.26,7 Inch,Veg Pizza
2026-01,2026-01-30,9091.0,Bbq Chicken Pizza (9 Inch),475.0,1.0,475.0,0.0,498.76,9 Inch,Non Veg Pizza
2026-01,2026-01-30,9090.0,Cheese N Corn Chicken (9 Inch),445.0,1.0,445.0,0.0,467.26,9 Inch,Non Veg Pizza
2026-01,2026-01-30,9090.0,Garlic Bread With Cheese,155.0,1.0,155.0,0.0,162.76,,Garlic Bread
2026-01,2026-01-30,9090.0,Mint Lime Juice,45.0,2.0,90.0,0.0,94.5,,Shakes & Juices
2026-01,2026-01-30,9090.0,Garlic Bread With Cheese,155.0,1.0,155.0,0.0,162.76,,Garlic Bread
2026-01,2026-01-30,9089.0,Hot Chicken Pizza (7 Inch),245.0,1.0,245.0,0.0,257.26,7 Inch,Non Veg Pizza
2026-01,2026-01-30,9088.0,Bbq Chicken Pizza (12 Inch),685.0,1.0,685.0,0.0,719.26,12 Inch,Non Veg Pizza
2026-01,2026-01-30,9087.0,Tandoori Chicken Pizza (7 Inch),299.0,1.0,299.0,0.0,313.96,7 Inch,Non Veg Pizza
2026-01,2026-01-30,9086.0,Bbq Chicken Pizza (7 Inch),299.0,1.0,299.0,0.0,313.96,7 Inch,Non Veg Pizza
2026-01,2026-01-30,9086.0,Coleslaw Salad,139.0,1.0,139.0,0.0,145.96,,Salad
2026-01,2026-01-30,9085.0,Loaded Fries,185.0,2.0,370.0,0.0,388.5,,Munchies
2026-01,2026-01-30,9084.0,Combo Delight Non-veg,189.0,1.0,189.0,0.0,198.44,,Combos
2026-01,2026-01-30,9083.0,Brownie With Ice Cream,189.0,1.0,189.0,0.0,198.44,,Desserts
2026-01,2026-01-30,9083.0,Veg Tandoori Paneer Pizza (7 Inch),354.0,1.0,354.0,0.0,371.7,7 Inch,Veg Pizza
2026-01,2026-01-30,9083.0,Pepsi 250ml Pet,20.0,1.0,20.0,0.0,20.0,,Soft Drinks
2026-01,2026-01-30,9082.0,Supreme Veg Pizza (12 Inch),685.0,1.0,685.0,0.0,719.26,12 Inch,Veg Pizza
2026-01,2026-01-30,9082.0,Hot Treat Pizza (12 Inch),685.0,1.0,685.0,0.0,719.26,12 Inch,Non Veg Pizza
2026-01,2026-01-30,9082.0,Veg Pasta,245.0,1.0,245.0,0.0,257.26,,Pasta
2026-01,2026-01-30,9080.0,Delicious Combo Delight Regular,449.0,1.0,449.0,0.0,471.46,,Combos
2026-01,2026-01-30,9079.0,Schezwan Chicken (7 Inch),299.0,1.0,299.0,0.0,313.96,7 Inch,Non Veg Pizza
2026-01,2026-01-30,9079.0,Pineapple Juice,80.0,1.0,80.0,0.0,84.0,,Shakes & Juices
2026-01,2026-01-30,9078.0,Hot Chicken Pizza (12 Inch),655.0,1.0,655.0,0.0,687.76,12 Inch,Non Veg Pizza
2026-01,2026-01-30,9077.0,Butter Chicken Pizza (9 Inch),475.0,1.0,475.0,0.0,498.76,9 Inch,Non Veg Pizza
2026-01,2026-01-30,9077.0,French Fries,95.0,1.0,95.0,0.0,99.76,,Munchies
2026-01,2026-01-30,9076.0,Chicken Tikka Butter Masala (9 Inch),475.0,1.0,475.0,0.0,498.76,9 Inch,Non Veg Pizza
2026-01,2026-01-30,9075.0,2 Regular Non-veg@409,409.0,1.0,409.0,0.0,429.46,,Combos
2026-01,2026-01-30,9074.0,BBQ & Onion Pizza (7 Inch),245.0,1.0,245.0,0.0,257.26,7 Inch,Non Veg Pizza
2026-01,2026-01-30,9074.0,Mint Lime Juice,45.0,1.0,45.0,0.0,47.26,,Shakes & Juices
2026-01,2026-01-30,9074.0,Pineapple Juice,80.0,1.0,80.0,0.0,84.0,,Shakes & Juices
2026-01,2026-01-30,9074.0,Strawberry,99.0,1.0,99.0,0.0,103.96,,Mojitos
2026-01,2026-01-30,9073.0,Garlic Bread,120.0,1.0,120.0,0.0,126.0,,Garlic Bread
2026-01,2026-01-30,9073.0,Chicken Nuggets,130.0,1.0,130.0,0.0,136.5,,Munchies
2026-01,2026-01-30,9073.0,Cheese N Macaroni Salad,159.0,1.0,159.0,0.0,166.96,,Salad
2026-01,2026-01-30,9073.0,Brownie,115.0,1.0,115.0,0.0,120.76,,Desserts
2026-01,2026-01-30,9071.0,Margherita Pizza (7 Inch),135.0,1.0,135.0,0.0,141.76,7 Inch,Veg Pizza
2026-01,2026-01-31,9126.0,Super Saver Meal Regular,299.0,1.0,299.0,0.0,313.96,,Combos
2026-01,2026-01-31,9125.0,Hot Chicken Pizza (7 Inch),245.0,1.0,245.0,0.0,257.26,7 Inch,Non Veg Pizza
2026-01,2026-01-31,9124.0,Tandoori Chicken Pizza (12 Inch),685.0,1.0,685.0,0.0,719.26,12 Inch,Non Veg Pizza
2026-01,2026-01-31,9124.0,7up @50rs,50.0,1.0,50.0,0.0,50.0,,Soft Drinks
2026-01,2026-01-31,9124.0,French Fries,95.0,1.0,95.0,0.0,99.76,,Munchies
2026-01,2026-01-31,9124.0,Chicken Pasta,275.0,1.0,275.0,0.0,288.76,,Pasta
2026-01,2026-01-31,9123.0,Super Saver Meal Medium,499.0,1.0,499.0,0.0,523.96,,Combos
2026-01,2026-01-31,9122.0,Super Saver Meal Regular,299.0,1.0,299.0,0.0,313.96,,Combos
2026-01,2026-01-31,9122.0,Regular Chicken Burger,105.0,1.0,105.0,0.0,110.26,,Burger
2026-01,2026-01-31,9122.0,Mint Lime Juice,45.0,1.0,45.0,0.0,47.26,,Shakes & Juices
2026-01,2026-01-31,9121.0,Loaded Fries,185.0,1.0,185.0,0.0,194.26,,Munchies
2026-01,2026-01-31,9120.0,Hot Treat Pizza (7 Inch),299.0,1.0,299.0,0.0,313.96,7 Inch,Non Veg Pizza
2026-01,2026-01-31,9120.0,Meat Feast Pizza (7 Inch),315.0,1.0,315.0,0.0,330.76,7 Inch,Non Veg Pizza
2026-01,2026-01-31,9120.0,7up 250ml Pet,20.0,2.0,40.0,0.0,40.0,,Soft Drinks
2026-01,2026-01-31,9119.0,Regular Chicken Burger,105.0,2.0,210.0,0.0,220.5,,Burger
2026-01,2026-01-31,9119.0,Veg Burger,90.0,2.0,180.0,0.0,189.0,,Burger
2026-01,2026-01-31,9119.0,French Fries,95.0,1.0,95.0,0.0,99.76,,Munchies
2026-01,2026-01-31,9119.0,Fresh Lime Juice,40.0,1.0,40.0,0.0,42.0,,Shakes & Juices
2026-01,2026-01-31,9119.0,Pineapple Juice,80.0,2.0,160.0,0.0,168.0,,Shakes & Juices
2026-01,2026-01-31,9118.0,Greek Salad,179.0,1.0,179.0,0.0,187.94,,Salad
2026-01,2026-01-31,9117.0,Veg Burger,90.0,1.0,90.0,0.0,94.5,,Burger
2026-01,2026-01-31,9117.0,Margherita Pizza (7 Inch),135.0,1.0,135.0,0.0,141.76,7 Inch,Veg Pizza
2026-01,2026-01-31,9117.0,Pineapple Juice,80.0,1.0,80.0,0.0,84.0,,Shakes & Juices
2026-01,2026-01-31,9117.0,Green Apple,99.0,1.0,99.0,0.0,103.96,,Mojitos
2026-01,2026-01-31,9116.0,French Fries,95.0,1.0,95.0,0.0,99.76,,Munchies
2026-01,2026-01-31,9115.0,French Fries,95.0,3.0,285.0,0.0,299.26,,Munchies
2026-01,2026-01-31,9114.0,Non Veg Meal For 4,829.0,1.0,829.0,0.0,870.46,,Combos
2026-01,2026-01-31,9113.0,Cheese N Corn Chicken (7 Inch),245.0,1.0,245.0,0.0,257.26,7 Inch,Non Veg Pizza
2026-01,2026-01-31,9112.0,Hot Treat Pizza (9 Inch),475.0,1.0,475.0,0.0,498.76,9 Inch,Non Veg Pizza
2026-01,2026-01-31,9111.0,Burger Combo @ 199,199.0,1.0,199.0,0.0,208.94,,Burger
2026-01,2026-01-31,9111.0,Fresh Garden Mint,99.0,1.0,99.0,0.0,103.96,,Mojitos
2026-01,2026-01-31,9110.0,2 Medium Non-veg@759,809.0,1.0,809.0,0.0,849.46,,Combos
2026-01,2026-01-31,9109.0,Butter Chicken Pizza (7 Inch),299.0,1.0,299.0,0.0,313.96,7 Inch,Non Veg Pizza
2026-01,2026-01-31,9109.0,7up 250ml Pet,20.0,1.0,20.0,0.0,20.0,,Soft Drinks
2026-01,2026-01-31,9107.0,2 Regular Non-veg@409,409.0,1.0,409.0,0.0,429.46,,Combos
2026-01,2026-01-31,9107.0,Mint Lime Juice,45.0,3.0,135.0,0.0,141.76,,Shakes & Juices
2026-01,2026-01-31,9106.0,2 Regular Non-veg@409,409.0,1.0,409.0,0.0,429.46,,Combos
2026-01,2026-01-31,9105.0,Veg Tandoori Paneer Pizza (7 Inch),299.0,1.0,299.0,0.0,313.96,7 Inch,Veg Pizza
2026-01,2026-01-31,9104.0,Pepsi 250ml Pet,20.0,2.0,40.0,0.0,40.0,,Soft Drinks
2026-01,2026-01-31,9103.0,Cheese N Corn Chicken (7 Inch),245.0,1.0,245.0,0.0,257.26,7 Inch,Non Veg Pizza
2026-01,2026-01-31,9102.0,Combo Delight Non-veg,189.0,1.0,189.0,0.0,198.44,,Combos
2026-01,2026-01-31,9102.0,Tender Coconut,99.0,1.0,99.0,0.0,99.0,,Shakes & Juices
2026-01,2026-01-31,9102.0,Chocolate Shake,99.0,1.0,99.0,0.0,99.0,,Shakes & Juices
2026-01,2026-01-31,9101.0,Chikku Shake,89.0,2.0,178.0,0.0,178.0,,Shakes & Juices
2026-01,2026-01-31,9100.0,Burger Combo @ 199,199.0,1.0,199.0,0.0,208.94,,Burger
2026-01,2026-01-31,9100.0,Bbq Chicken Pizza (7 Inch),299.0,1.0,299.0,0.0,313.96,7 Inch,Non Veg Pizza
2026-01,2026-01-31,9100.0,Fresh Lime Juice,40.0,1.0,40.0,0.0,42.0,,Shakes & Juices
2026-01,2026-01-31,9099.0,2 Regular Non-veg@409,409.0,1.0,409.0,0.0,429.46,,Combos
2026-01,2026-01-31,9098.0,Mdew 330ml Can,40.0,1.0,40.0,0.0,40.0,,Soft Drinks
2026-01,2026-01-31,9098.0,Pepsi 330ml Can,40.0,1.0,40.0,0.0,40.0,,Soft Drinks
2026-01,2026-01-31,9097.0,Mushroom Delight Pizza (7 Inch),205.0,1.0,205.0,0.0,215.26,7 Inch,Veg Pizza
2026-01,2026-01-31,9097.0,Supreme Veg Pizza (7 Inch),299.0,1.0,299.0,0.0,313.96,7 Inch,Veg Pizza
2026-01,2026-01-31,9097.0,Garlic Bread,120.0,1.0,120.0,0.0,126.0,,Garlic Bread
2026-01,2026-01-31,9096.0,Chicken Pepperoni (7 Inch),315.0,2.0,630.0,0.0,661.5,7 Inch,Non Veg Pizza
2026-01,2026-01-31,9095.0,Slice 200ml,20.0,1.0,20.0,0.0,20.0,,Soft Drinks
2026-01,2026-01-31,9095.0,Soft Drink,55.0,1.0,55.0,0.0,55.0,,Soft Drinks
