Month_code,Category,Subcategory,Item_Name,consumed-stock_amount,YEAR_MONTH,Total Sales[POS Sales less GST + Swiggy to Loocos],consumed-stock_amount%
2026-03,BAKERY & PREMIX,bread premix,Bread Premix,327.6,2026-03,35872.95,0.91
2026-03,BAKERY & PREMIX,brownie,Brownie,1925.0,2026-03,35872.95,5.37
2026-03,BAKERY & PREMIX,chocolate chips,chocolate chips,270.0,2026-03,35872.95,0.75
2026-03,BAKERY & PREMIX,pizza premix,Pizza Premix,4939.2,2026-03,35872.95,13.77
2026-03,BEVERAGES,7up,7up can 300ml,857.25,2026-03,35872.95,2.39
2026-03,BEVERAGES,7up,7up 1 ltr,753.78,2026-03,35872.95,2.1
2026-03,BEVERAGES,7up,7UP 750ml Pet,687.4,2026-03,35872.95,1.92
2026-03,BEVERAGES,7up,7up 250ml Pet,612.5,2026-03,35872.95,1.71
2026-03,BEVERAGES,aqua fina,Aqua Fina Mineral Water 1Ltr,125.8,2026-03,35872.95,0.35
2026-03,BEVERAGES,dew,Dew 250ml Pet,787.5,2026-03,35872.95,2.2
2026-03,BEVERAGES,dew,Dew 750ml Pet,446.81,2026-03,35872.95,1.25
2026-03,BEVERAGES,dew,Dew can 300ml,68.58,2026-03,35872.95,0.19
2026-03,BEVERAGES,lehar soda,Lehar Soda,370.5,2026-03,35872.95,1.03
2026-03,BEVERAGES,mojito mint,Mojito Menta Cubano,552.0,2026-03,35872.95,1.54
2026-03,BEVERAGES,passion fruit syrup,DVC PASSION FRUIT FLV SYRUP 750ML,460.0,2026-03,35872.95,1.28
2026-03,BEVERAGES,pepsi,Pepsi 250ml Pet,1085.0,2026-03,35872.95,3.02
2026-03,BEVERAGES,pepsi,Pepsi 750ml Pet,549.92,2026-03,35872.95,1.53
2026-03,BEVERAGES,pepsi,pepsi 1 ltr,532.08,2026-03,35872.95,1.48
2026-03,BEVERAGES,slice mango,Slice Mango 200ml pet,159.03,2026-03,35872.95,0.44
2026-03,BEVERAGES,tropicana guava,Tropicana Guava Delight 500ml,526.68,2026-03,35872.95,1.47
2026-03,CHEESE & DAIRY,butter,butter scotch ice cream 4 ltr,773.0,2026-03,35872.95,2.15
2026-03,CHEESE & DAIRY,butter,Butter,760.0,2026-03,35872.95,2.12
2026-03,CHEESE & DAIRY,butter,milky mist butter 500gm,624.5,2026-03,35872.95,1.74
2026-03,CHEESE & DAIRY,butter,Butter Scotch Sauce 750ml,257.4,2026-03,35872.95,0.72
2026-03,CHEESE & DAIRY,diced mozzarella,dynamic diced mozerella,8468.33,2026-03,35872.95,23.61
2026-03,CHEESE & DAIRY,fresh cream,Richs versatie cream,2632.0,2026-03,35872.95,7.34
2026-03,CHEESE & DAIRY,fresh cream,Chocolate Ice-cream 4ltr,1632.0,2026-03,35872.95,4.55
2026-03,CHEESE & DAIRY,fresh cream,Vanilla Ice-cream 4ltr,924.8,2026-03,35872.95,2.58
2026-03,CHEESE & DAIRY,fresh cream,Strawberry-Ice cream,880.6,2026-03,35872.95,2.45
2026-03,CHEESE & DAIRY,milk,milk shake assorted,264.0,2026-03,35872.95,0.74
2026-03,CHEESE & DAIRY,milk,milk fruits sugar balls,177.0,2026-03,35872.95,0.49
2026-03,CHEESE & DAIRY,milk,milk,75.0,2026-03,35872.95,0.21
2026-03,CHEESE & DAIRY,paneer,paneer tikka powder,1620.0,2026-03,35872.95,4.52
2026-03,CHEESE & DAIRY,paneer,Paneer,580.0,2026-03,35872.95,1.62
2026-03,CHEESE & DAIRY,processed cheese,Processed cheese block,1039.5,2026-03,35872.95,2.9
2026-03,CHEESE & DAIRY,slice cheese,slice cheese,1257.66,2026-03,35872.95,3.51
2026-03,"FLOUR, GRAINS & DRY GOODS",corn meal,Corn Meal - MAKKA RAVA,110.0,2026-03,35872.95,0.31
2026-03,"FLOUR, GRAINS & DRY GOODS",horlicks,horlicks,192.0,2026-03,35872.95,0.54
2026-03,"FLOUR, GRAINS & DRY GOODS",rice,staff rice,765.0,2026-03,35872.95,2.13
2026-03,FROZEN ITEMS,frozen sweet corn,sweet corn abad,425.0,2026-03,35872.95,1.18
2026-03,FROZEN ITEMS,frozen sweet corn,sweet corn,252.0,2026-03,35872.95,0.7
2026-03,FROZEN ITEMS,potato wedges,potato wedges,383.46,2026-03,35872.95,1.07
2026-03,FRUITS,apple,DVC Green Apple 750 ML,920.0,2026-03,35872.95,2.56
2026-03,FRUITS,chicku pulp,Berry Fresh Chicku Pulp 2kg,1120.0,2026-03,35872.95,3.12
2026-03,FRUITS,pineapple,Pineapple slice-Tajir Habit-850g,330.75,2026-03,35872.95,0.92
2026-03,FRUITS,tender coconut pulp,Berry Fresh Tender Coconut Pulp 2kg,1480.0,2026-03,35872.95,4.13
2026-03,FRUITS,watermelon,DVC Watermelon Syrup 750 ml,519.2,2026-03,35872.95,1.45
2026-03,KITCHEN EQUIPMENT & UTENSILS,tripod,Tripod,675.0,2026-03,35872.95,1.88
2026-03,MASALA & SEASONINGS,aromat seasoning,Aromat Seasoning Powder,172.0,2026-03,35872.95,0.48
2026-03,MASALA & SEASONINGS,bbq mix,BBQ Mix Masala,4185.0,2026-03,35872.95,11.67
2026-03,MASALA & SEASONINGS,bbq mix,bbq mix,465.0,2026-03,35872.95,1.3
2026-03,MASALA & SEASONINGS,chilly flakes,CHILLY FLAKES SACHET 0.8GM,624.0,2026-03,35872.95,1.74
2026-03,MASALA & SEASONINGS,chilly flakes,chilly flake sachet,260.0,2026-03,35872.95,0.72
2026-03,MASALA & SEASONINGS,dry basil,dry basil,112.0,2026-03,35872.95,0.31
2026-03,MASALA & SEASONINGS,herb mix,Herb Mix Masla,1784.0,2026-03,35872.95,4.97
2026-03,MASALA & SEASONINGS,herb mix,Chettinad Mix,130.2,2026-03,35872.95,0.36
2026-03,MASALA & SEASONINGS,mexican mix,mexican mix,5437.5,2026-03,35872.95,15.16
2026-03,MASALA & SEASONINGS,oregano,OREGANO SACHET 0.8GM,517.5,2026-03,35872.95,1.44
2026-03,MASALA & SEASONINGS,oregano,Oregano Sprinkler 500g,368.4,2026-03,35872.95,1.03
2026-03,MASALA & SEASONINGS,piri piri marinade,Piri Piri Marinade 1KG,400.5,2026-03,35872.95,1.12
2026-03,MASALA & SEASONINGS,salt,salted cookies syrup taste craft,430.5,2026-03,35872.95,1.2
2026-03,MASALA & SEASONINGS,tandoori masala,Tandoori mix Masala,2490.0,2026-03,35872.95,6.94
2026-03,MEAT & POULTRY,boneless chicken,Boneless Chicken,1800.0,2026-03,35872.95,5.02
2026-03,MEAT & POULTRY,chicken burger pattis,Chicken burger pattis,932.4,2026-03,35872.95,2.6
2026-03,MEAT & POULTRY,chicken burger pattis,Veg burger pattis,225.0,2026-03,35872.95,0.63
2026-03,MEAT & POULTRY,chicken kheema,Chicken Kheema  Masala,975.0,2026-03,35872.95,2.72
2026-03,MEAT & POULTRY,chicken kheema,chicken kheema masala,260.0,2026-03,35872.95,0.72
2026-03,MEAT & POULTRY,chicken nuggets,sneha chi nuggets,595.12,2026-03,35872.95,1.66
2026-03,MEAT & POULTRY,chicken pepperoni,chicken pepperoni,1903.0,2026-03,35872.95,5.3
2026-03,MEAT & POULTRY,chicken popcorn,CHICKEN POPCORN,292.5,2026-03,35872.95,0.82
2026-03,MEAT & POULTRY,chicken salami,SALAMI,279.0,2026-03,35872.95,0.78
2026-03,MEAT & POULTRY,lamb pepperoni,Lamp Pepperoni,1790.0,2026-03,35872.95,4.99
2026-03,OILS,olive oil,habit olive oil,922.5,2026-03,35872.95,2.57
2026-03,OILS,palm oil,oil,1696.5,2026-03,35872.95,4.73
2026-03,PACKAGING MATERIALS,bio bag,bio glass,80.0,2026-03,35872.95,0.22
2026-03,PACKAGING MATERIALS,burger box,Mini Burger Box,210.0,2026-03,35872.95,0.59
2026-03,PACKAGING MATERIALS,french fries box,French Fries Box,802.5,2026-03,35872.95,2.24
2026-03,PACKAGING MATERIALS,garlic bread box,Garlic Bread Box,1575.0,2026-03,35872.95,4.39
2026-03,PACKAGING MATERIALS,large pizza box,Large Pizza Box,4455.0,2026-03,35872.95,12.42
2026-03,PACKAGING MATERIALS,medium pizza box,Medium Pizza Box,5000.0,2026-03,35872.95,13.94
2026-03,PACKAGING MATERIALS,paper glass,Moktails Glass,1304.0,2026-03,35872.95,3.64
2026-03,PACKAGING MATERIALS,paper straw,Paper Straw,60.0,2026-03,35872.95,0.17
2026-03,PACKAGING MATERIALS,pasta container,Pasta Container Black,1378.3,2026-03,35872.95,3.84
2026-03,PACKAGING MATERIALS,regular pizza box,Regular Pizza Box,5525.0,2026-03,35872.95,15.4
2026-03,PACKAGING MATERIALS,salad bowl,Salad Bowl 250ml,1475.25,2026-03,35872.95,4.11
2026-03,PACKAGING MATERIALS,salad bowl,Salad Bowl 500ml,1473.75,2026-03,35872.95,4.11
2026-03,PACKAGING MATERIALS,salad bowl,Dip Bowl,160.0,2026-03,35872.95,0.45
2026-03,PACKAGING MATERIALS,tissue,Tissue Big,160.0,2026-03,35872.95,0.45
2026-03,PACKAGING MATERIALS,wooden spoon,wodden spoon,130.0,2026-03,35872.95,0.36
2026-03,SAUCES & SPREADS,cheesy spread,cheesy spread dip,618.76,2026-03,35872.95,1.72
2026-03,SAUCES & SPREADS,eggless mayonnaise,Veeba Eggless Mayonise Chef 1KG,1124.8,2026-03,35872.95,3.14
2026-03,SAUCES & SPREADS,gouda flavoured dressing,Veeba Gouda Flavoured Dressing,946.9,2026-03,35872.95,2.64
2026-03,SAUCES & SPREADS,honey mustard dressing,Honey,488.0,2026-03,35872.95,1.36
2026-03,SAUCES & SPREADS,honey mustard dressing,Honey mustard dressing,423.74,2026-03,35872.95,1.18
2026-03,SAUCES & SPREADS,ketchup sachet,Veeba Ketchup Sachet,720.0,2026-03,35872.95,2.01
2026-03,SAUCES & SPREADS,makhani gravy,makhni gravy,630.0,2026-03,35872.95,1.76
2026-03,SAUCES & SPREADS,pasta sauce,veeba pizza pasta sauce,1447.6,2026-03,35872.95,4.04
2026-03,SAUCES & SPREADS,pizza sauce,Pizza sauce premix,650.0,2026-03,35872.95,1.81
2026-03,SAUCES & SPREADS,pizza sauce,pizza sauce,360.0,2026-03,35872.95,1.0
2026-03,SAUCES & SPREADS,schezwan sauce,Schezwan sauce,175.32,2026-03,35872.95,0.49
2026-03,SAUCES & SPREADS,tandoori mayonnaise,tandoori mayonise,1066.0,2026-03,35872.95,2.97
2026-03,SAUCES & SPREADS,thousand island dressing,Veeba ThousandIsland Dressing 1KG,366.0,2026-03,35872.95,1.02
2026-03,SAUCES & SPREADS,tomato ketchup,tomato ketchup 1.2 bottle,618.78,2026-03,35872.95,1.72
2026-03,STATIONERY & MISC,pen,HABIT JALAPENO SLICES 2.9 KG,556.0,2026-03,35872.95,1.55
2026-03,STATIONERY & MISC,pen,Puramate Pasta-Penne Rigatte 500g,469.0,2026-03,35872.95,1.31
2026-03,STATIONERY & MISC,tape,Celotape-3/4inch-,184.0,2026-03,35872.95,0.51
2026-03,UNMAPPED,UNMAPPED,hungritos premium,4040.92,2026-03,35872.95,11.26
2026-03,UNMAPPED,UNMAPPED,grocery,3851.3100000000004,2026-03,35872.95,10.74
2026-03,UNMAPPED,UNMAPPED,KOT ROLLS,2916.0,2026-03,35872.95,8.13
2026-03,UNMAPPED,UNMAPPED,black olive slice Habit,1296.56,2026-03,35872.95,3.61
2026-03,UNMAPPED,UNMAPPED,Blue curacao mojito,947.1,2026-03,35872.95,2.64
2026-03,UNMAPPED,UNMAPPED,Rose lichy crush mojito,606.38,2026-03,35872.95,1.69
2026-03,UNMAPPED,UNMAPPED,Mayonise premium,517.5,2026-03,35872.95,1.44
2026-03,UNMAPPED,UNMAPPED,sky vanilla 4 ltr,516.0,2026-03,35872.95,1.44
2026-03,UNMAPPED,UNMAPPED,ENGLISH vegetables,459.87,2026-03,35872.95,1.28
2026-03,UNMAPPED,UNMAPPED,coffee mocha syrup taste craft,430.5,2026-03,35872.95,1.2
2026-03,UNMAPPED,UNMAPPED,red paprika habit,395.0,2026-03,35872.95,1.1
2026-03,UNMAPPED,UNMAPPED,cheese cake cassata syrup,387.45,2026-03,35872.95,1.08
2026-03,UNMAPPED,UNMAPPED,bio covers,305.5,2026-03,35872.95,0.85
2026-03,UNMAPPED,UNMAPPED,vegetables,277.0,2026-03,35872.95,0.77
2026-03,UNMAPPED,UNMAPPED,mango crush taste craft,222.08,2026-03,35872.95,0.62
2026-03,UNMAPPED,UNMAPPED,ice cube/80,160.0,2026-03,35872.95,0.45
2026-03,UNMAPPED,UNMAPPED,Puramate Pasta-Gomiti Rigate - macroni - 500g,134.0,2026-03,35872.95,0.37
2026-03,UNMAPPED,UNMAPPED,Green Peas,42.5,2026-03,35872.95,0.12
2026-03,UTILITIES & EXPENSES,lpg gas,Gas-LPG-HPCL,3560.0,2026-03,35872.95,9.92
2026-03,VEGETABLES,baby corn,baby corn,540.0,2026-03,35872.95,1.51
2026-03,VEGETABLES,mushroom,mushroom slice Food coast,2850.0,2026-03,35872.95,7.94
2026-02,BAKERY & PREMIX,bread premix,Bread Premix,1134.0,2026-02,385016.45,0.29
2026-02,BAKERY & PREMIX,brownie,Brownie,1540.0,2026-02,385016.45,0.4
2026-02,BAKERY & PREMIX,burger bun,burger buns,640.0,2026-02,385016.45,0.17
2026-02,BAKERY & PREMIX,chocolate chips,chocolate chips,0.0,2026-02,385016.45,0.0
2026-02,BAKERY & PREMIX,pizza premix,Pizza Premix,1814.4000000000005,2026-02,385016.45,0.47
2026-02,BEVERAGES,7up,7up 250ml Pet,770.0,2026-02,385016.45,0.2
2026-02,BEVERAGES,7up,7UP 750ml Pet,687.4,2026-02,385016.45,0.18
2026-02,BEVERAGES,7up,7up 1 ltr,620.76,2026-02,385016.45,0.16
2026-02,BEVERAGES,7up,7up can 300ml,34.29000000000008,2026-02,385016.45,0.01
2026-02,BEVERAGES,aqua fina,Aqua Fina Mineral Water 1Ltr,641.58,2026-02,385016.45,0.17
2026-02,BEVERAGES,dew,Dew 250ml Pet,630.0,2026-02,385016.45,0.16
2026-02,BEVERAGES,dew,Dew 750ml Pet,618.6600000000001,2026-02,385016.45,0.16
2026-02,BEVERAGES,dew,Dew can 300ml,-68.58,2026-02,385016.45,-0.02
2026-02,BEVERAGES,drinking water,drinking water-20ltr,60.0,2026-02,385016.45,0.02
2026-02,BEVERAGES,lehar soda,Lehar Soda,741.0,2026-02,385016.45,0.19
2026-02,BEVERAGES,mojito mint,Mojito Menta Cubano,920.0,2026-02,385016.45,0.24
2026-02,BEVERAGES,passion fruit syrup,DVC PASSION FRUIT FLV SYRUP 750ML,-460.0,2026-02,385016.45,-0.12
2026-02,BEVERAGES,pepsi,Pepsi 250ml Pet,1715.0,2026-02,385016.45,0.45
2026-02,BEVERAGES,pepsi,Pepsi 750ml Pet,1031.1,2026-02,385016.45,0.27
2026-02,BEVERAGES,pepsi,pepsi can300ml,822.96,2026-02,385016.45,0.21
2026-02,BEVERAGES,pepsi,pepsi 1 ltr,354.7199999999999,2026-02,385016.45,0.09
2026-02,BEVERAGES,pepsi,pepsi can 330ml,274.32,2026-02,385016.45,0.07
2026-02,BEVERAGES,slice mango,Slice Mango 200ml pet,194.36999999999998,2026-02,385016.45,0.05
2026-02,BEVERAGES,strawberry syrup,straw,40.0,2026-02,385016.45,0.01
2026-02,BEVERAGES,tropicana guava,Tropicana Guava Delight 500ml,351.12,2026-02,385016.45,0.09
2026-02,CHEESE & DAIRY,butter,Butter Scotch Ice-cream,1100.8,2026-02,385016.45,0.29
2026-02,CHEESE & DAIRY,butter,dynamix butter,1078.0,2026-02,385016.45,0.28
2026-02,CHEESE & DAIRY,butter,Butter,570.0,2026-02,385016.45,0.15
2026-02,CHEESE & DAIRY,butter,Butter Scotch Sauce 750ml,-257.4,2026-02,385016.45,-0.07
2026-02,CHEESE & DAIRY,butter,milky mist butter 500gm,-624.5,2026-02,385016.45,-0.16
2026-02,CHEESE & DAIRY,colby cheese,colby cheese 1 kg,1776.54,2026-02,385016.45,0.46
2026-02,CHEESE & DAIRY,diced mozzarella,dynamic diced mozerella,11754.550000000001,2026-02,385016.45,3.05
2026-02,CHEESE & DAIRY,fresh cream,Richs versatie cream,1880.0,2026-02,385016.45,0.49
2026-02,CHEESE & DAIRY,fresh cream,Vanilla Ice-cream 4ltr,1795.2,2026-02,385016.45,0.47
2026-02,CHEESE & DAIRY,fresh cream,Chocolate Ice-cream 4ltr,1305.6,2026-02,385016.45,0.34
2026-02,CHEESE & DAIRY,fresh cream,Strawberry-Ice cream,314.4999999999999,2026-02,385016.45,0.08
2026-02,CHEESE & DAIRY,milk,milk,1025.0,2026-02,385016.45,0.27
2026-02,CHEESE & DAIRY,milk,milk coffee 180ml,596.4,2026-02,385016.45,0.15
2026-02,CHEESE & DAIRY,milk,milk choco,288.0,2026-02,385016.45,0.07
2026-02,CHEESE & DAIRY,milk,milk choco 180 ml,288.0,2026-02,385016.45,0.07
2026-02,CHEESE & DAIRY,milk,milk 28 milma,168.0,2026-02,385016.45,0.04
2026-02,CHEESE & DAIRY,milk,milk shake coffee,120.0,2026-02,385016.45,0.03
2026-02,CHEESE & DAIRY,milk,milk fruits sugar balls,-177.0,2026-02,385016.45,-0.05
2026-02,CHEESE & DAIRY,milk,milk shake assorted,-264.0,2026-02,385016.45,-0.07
2026-02,CHEESE & DAIRY,orange cheddar,dynamic cheddar block,363.57,2026-02,385016.45,0.09
2026-02,CHEESE & DAIRY,paneer,paneer,580.0,2026-02,385016.45,0.15
2026-02,CHEESE & DAIRY,paneer,Paneer,290.0,2026-02,385016.45,0.08
2026-02,CHEESE & DAIRY,paneer,paneer tikka powder,-1170.0,2026-02,385016.45,-0.3
2026-02,CHEESE & DAIRY,processed cheese,Processed cheese block,1299.38,2026-02,385016.45,0.34
2026-02,CHEESE & DAIRY,slice cheese,slice cheese,1257.66,2026-02,385016.45,0.33
2026-02,"FLOUR, GRAINS & DRY GOODS",corn meal,Corn Meal - MAKKA RAVA,55.0,2026-02,385016.45,0.01
2026-02,"FLOUR, GRAINS & DRY GOODS",horlicks,horlicks,-192.0,2026-02,385016.45,-0.05
2026-02,"FLOUR, GRAINS & DRY GOODS",maida,prince maida 50kg,6272.0,2026-02,385016.45,1.63
2026-02,"FLOUR, GRAINS & DRY GOODS",rice,staff rice 26kg,2136.0,2026-02,385016.45,0.55
2026-02,"FLOUR, GRAINS & DRY GOODS",rice,staff rice,-765.0,2026-02,385016.45,-0.2
2026-02,FROZEN ITEMS,french fries,french fry hungritos 2.5kg,1396.5,2026-02,385016.45,0.36
2026-02,FROZEN ITEMS,french fries,chill fill french fry,900.0,2026-02,385016.45,0.23
2026-02,FROZEN ITEMS,frozen sweet corn,sweet corn 1kg,630.0,2026-02,385016.45,0.16
2026-02,FROZEN ITEMS,frozen sweet corn,Sweet corn koonathil,260.0,2026-02,385016.45,0.07
2026-02,FROZEN ITEMS,frozen sweet corn,sweet corn,-252.0,2026-02,385016.45,-0.07
2026-02,FROZEN ITEMS,potato wedges,potato wedges,488.04,2026-02,385016.45,0.13
2026-02,FRUITS,apple,DVC Green Apple 750 ML,460.0,2026-02,385016.45,0.12
2026-02,FRUITS,chicku pulp,Berry Fresh Chicku Pulp,1400.0,2026-02,385016.45,0.36
2026-02,FRUITS,chicku pulp,Berry Fresh Chicku Pulp 2kg,-868.0,2026-02,385016.45,-0.23
2026-02,FRUITS,pineapple,Pineapple slice-Tajir Habit-850g,110.25,2026-02,385016.45,0.03
2026-02,FRUITS,pineapple,pineapple,117.0,2026-02,385016.45,0.03
2026-02,FRUITS,tender coconut pulp,Berry Fresh Tender Coconut Pulp,1480.0,2026-02,385016.45,0.38
2026-02,FRUITS,tender coconut pulp,Berry Fresh Tender Coconut Pulp 2kg,-555.0,2026-02,385016.45,-0.14
2026-02,FRUITS,watermelon,DVC Watermelon Syrup 750 ml,-207.68000000000006,2026-02,385016.45,-0.05
2026-02,KITCHEN EQUIPMENT & UTENSILS,tripod,Tripod,0.0,2026-02,385016.45,0.0
2026-02,MASALA & SEASONINGS,aromat seasoning,Aromat Seasoning Powder,172.0,2026-02,385016.45,0.04
2026-02,MASALA & SEASONINGS,bbq mix,bbq mix,1860.0,2026-02,385016.45,0.48
2026-02,MASALA & SEASONINGS,bbq mix,BBQ Mix Masala,-1581.0,2026-02,385016.45,-0.41
2026-02,MASALA & SEASONINGS,chilly flakes,CHILLY FLAKES SACHET 0.8GM,572.0,2026-02,385016.45,0.15
2026-02,MASALA & SEASONINGS,chilly flakes,chilly flakes 500 gm,58.5,2026-02,385016.45,0.02
2026-02,MASALA & SEASONINGS,chilly flakes,chilly flake sachet,-57.19999999999999,2026-02,385016.45,-0.01
2026-02,MASALA & SEASONINGS,dry basil,dry basil,14.0,2026-02,385016.45,0.0
2026-02,MASALA & SEASONINGS,herb mix,Herb Mix Masla,1382.6,2026-02,385016.45,0.36
2026-02,MASALA & SEASONINGS,herb mix,Chettinad Mix,-130.2,2026-02,385016.45,-0.03
2026-02,MASALA & SEASONINGS,mexican masala,Mexican Masala,4565.0,2026-02,385016.45,1.19
2026-02,MASALA & SEASONINGS,mexican mix,mexican mix,-1087.5,2026-02,385016.45,-0.28
2026-02,MASALA & SEASONINGS,oregano,OREGANO SACHET 0.8GM,945.3,2026-02,385016.45,0.25
2026-02,MASALA & SEASONINGS,oregano,Oregano Sprinkler 500g,552.6,2026-02,385016.45,0.14
2026-02,MASALA & SEASONINGS,piri piri marinade,Piri Piri Marinade 1KG,178.0,2026-02,385016.45,0.05
2026-02,MASALA & SEASONINGS,salt,salted cookies syrup taste craft,0.0,2026-02,385016.45,0.0
2026-02,MASALA & SEASONINGS,tandoori masala,Tandoori mix Masala,415.0,2026-02,385016.45,0.11
2026-02,MEAT & POULTRY,boneless chicken,Boneless Chicken,14255.4,2026-02,385016.45,3.7
2026-02,MEAT & POULTRY,chicken burger pattis,Chicken burger pattis,1083.6,2026-02,385016.45,0.28
2026-02,MEAT & POULTRY,chicken burger pattis,sneha chi burgar pattis,504.0,2026-02,385016.45,0.13
2026-02,MEAT & POULTRY,chicken burger pattis,Veg burger pattis,225.0,2026-02,385016.45,0.06
2026-02,MEAT & POULTRY,chicken kheema,Chicken Kheema  Masala,975.0,2026-02,385016.45,0.25
2026-02,MEAT & POULTRY,chicken kheema,chicken kheema masala,195.0,2026-02,385016.45,0.05
2026-02,MEAT & POULTRY,chicken nuggets,sneha chi nuggets,750.38,2026-02,385016.45,0.19
2026-02,MEAT & POULTRY,chicken pepperoni,chicken pepperoni,259.5,2026-02,385016.45,0.07
2026-02,MEAT & POULTRY,chicken popcorn,CHICKEN POPCORN,-67.5,2026-02,385016.45,-0.02
2026-02,MEAT & POULTRY,chicken salami,Zippy Chicken Salami,618.0,2026-02,385016.45,0.16
2026-02,MEAT & POULTRY,chicken salami,SALAMI,-279.0,2026-02,385016.45,-0.07
2026-02,MEAT & POULTRY,chicken sausage,Chicken Sausage,632.5,2026-02,385016.45,0.16
2026-02,MEAT & POULTRY,lamb pepperoni,Lamp Pepperoni,447.5,2026-02,385016.45,0.12
2026-02,MEAT & POULTRY,staff chicken,staff chicken,600.0,2026-02,385016.45,0.16
2026-02,OILS,olive oil,habit olive oil,369.0,2026-02,385016.45,0.1
2026-02,OILS,palm oil,oil,2472.5,2026-02,385016.45,0.64
2026-02,PACKAGING MATERIALS,bio bag,bio glass,160.0,2026-02,385016.45,0.04
2026-02,PACKAGING MATERIALS,burger box,burger box 5*5*4,380.0,2026-02,385016.45,0.1
2026-02,PACKAGING MATERIALS,burger box,Mini Burger Box,14.0,2026-02,385016.45,0.0
2026-02,PACKAGING MATERIALS,french fries box,French Fries Box,-535.0,2026-02,385016.45,-0.14
2026-02,PACKAGING MATERIALS,garlic bread box,Garlic Bread Box,555.0,2026-02,385016.45,0.14
2026-02,PACKAGING MATERIALS,large pizza box,Large Pizza Box,920.6999999999998,2026-02,385016.45,0.24
2026-02,PACKAGING MATERIALS,medium pizza box,Medium Pizza Box,1730.0,2026-02,385016.45,0.45
2026-02,PACKAGING MATERIALS,paper glass,Moktails Glass,528.0,2026-02,385016.45,0.14
2026-02,PACKAGING MATERIALS,paper straw,Paper Straw,-60.0,2026-02,385016.45,-0.02
2026-02,PACKAGING MATERIALS,pasta container,Pasta Container Black,787.6000000000001,2026-02,385016.45,0.2
2026-02,PACKAGING MATERIALS,regular pizza box,Regular Pizza Box,3026.0,2026-02,385016.45,0.79
2026-02,PACKAGING MATERIALS,salad bowl,Salad Bowl 500ml,288.20000000000005,2026-02,385016.45,0.07
2026-02,PACKAGING MATERIALS,salad bowl,Dip Bowl,40.0,2026-02,385016.45,0.01
2026-02,PACKAGING MATERIALS,salad bowl,Salad Bowl 250ml,-84.0,2026-02,385016.45,-0.02
2026-02,PACKAGING MATERIALS,tissue,Tissue,180.0,2026-02,385016.45,0.05
2026-02,PACKAGING MATERIALS,tissue,Tissue Big,-160.0,2026-02,385016.45,-0.04
2026-02,PACKAGING MATERIALS,wooden spoon,Wooden Spoon,130.0,2026-02,385016.45,0.03
2026-02,PACKAGING MATERIALS,wooden spoon,wodden spoon,-130.0,2026-02,385016.45,-0.03
2026-02,SAUCES & SPREADS,cheesy spread,cheesy spread dip,309.38,2026-02,385016.45,0.08
2026-02,SAUCES & SPREADS,eggless mayonnaise,Veeba Eggless Mayonise Chef 1KG,1124.8,2026-02,385016.45,0.29
2026-02,SAUCES & SPREADS,gouda flavoured dressing,Veeba Gouda Flavoured Dressing,568.14,2026-02,385016.45,0.15
2026-02,SAUCES & SPREADS,honey mustard dressing,Honey mustard dressing,423.74,2026-02,385016.45,0.11
2026-02,SAUCES & SPREADS,honey mustard dressing,Honey,0.0,2026-02,385016.45,0.0
2026-02,SAUCES & SPREADS,ketchup sachet,Veeba Ketchup Sachet,1360.0,2026-02,385016.45,0.35
2026-02,SAUCES & SPREADS,makhani gravy,makhni gravy,-210.0,2026-02,385016.45,-0.05
2026-02,SAUCES & SPREADS,pasta sauce,veeba pizza pasta sauce,1447.6,2026-02,385016.45,0.38
2026-02,SAUCES & SPREADS,pizza sauce,Pizza sauce premix,1885.0,2026-02,385016.45,0.49
2026-02,SAUCES & SPREADS,pizza sauce,pizza sauce,840.0,2026-02,385016.45,0.22
2026-02,SAUCES & SPREADS,schezwan sauce,Schezwan sauce,175.32,2026-02,385016.45,0.05
2026-02,SAUCES & SPREADS,tandoori mayonnaise,tandoori mayonise,234.0,2026-02,385016.45,0.06
2026-02,SAUCES & SPREADS,thousand island dressing,Veeba ThousandIsland Dressing 1KG,183.0,2026-02,385016.45,0.05
2026-02,SAUCES & SPREADS,tomato ketchup,Veeba T. Ketchup 1.2KG,367.5,2026-02,385016.45,0.1
2026-02,SAUCES & SPREADS,tomato ketchup,tomato ketchup 1.2 bottle,193.74,2026-02,385016.45,0.05
2026-02,STATIONERY & MISC,pen,Puramate Pasta-Penne Rigatte 500g,871.0,2026-02,385016.45,0.23
2026-02,STATIONERY & MISC,pen,HABIT JALAPENO SLICES 2.9 KG,834.0,2026-02,385016.45,0.22
2026-02,STATIONERY & MISC,tape,Celotape-3/4inch-,92.0,2026-02,385016.45,0.02
2026-02,UNMAPPED,UNMAPPED,grocery,12210.59,2026-02,385016.45,3.17
2026-02,UNMAPPED,UNMAPPED,hungritos premium,4530.72,2026-02,385016.45,1.18
2026-02,UNMAPPED,UNMAPPED,vegetables,4104.29,2026-02,385016.45,1.07
2026-02,UNMAPPED,UNMAPPED,ENGLISH vegetables,1935.6599999999999,2026-02,385016.45,0.5
2026-02,UNMAPPED,UNMAPPED,veg fruit grocery,1880.0,2026-02,385016.45,0.49
2026-02,UNMAPPED,UNMAPPED,black olive slice Habit,1109.81,2026-02,385016.45,0.29
2026-02,UNMAPPED,UNMAPPED,fruits and vegetables,970.0,2026-02,385016.45,0.25
2026-02,UNMAPPED,UNMAPPED,sirocco black olive,771.0,2026-02,385016.45,0.2
2026-02,UNMAPPED,UNMAPPED,red paprika habit,395.0,2026-02,385016.45,0.1
2026-02,UNMAPPED,UNMAPPED,Mayonise premium,345.0,2026-02,385016.45,0.09
2026-02,UNMAPPED,UNMAPPED,bio covers,292.5,2026-02,385016.45,0.08
2026-02,UNMAPPED,UNMAPPED,Blue curacao mojito,215.2499999999999,2026-02,385016.45,0.06
2026-02,UNMAPPED,UNMAPPED,egg 8,240.0,2026-02,385016.45,0.06
2026-02,UNMAPPED,UNMAPPED,Puramate Pasta-Gomiti Rigate - macroni - 500g,201.0,2026-02,385016.45,0.05
2026-02,UNMAPPED,UNMAPPED,egg 7,140.0,2026-02,385016.45,0.04
2026-02,UNMAPPED,UNMAPPED,sky vanilla 4 ltr,172.0,2026-02,385016.45,0.04
2026-02,UNMAPPED,UNMAPPED,Rose lichy crush mojito,86.62,2026-02,385016.45,0.02
2026-02,UNMAPPED,UNMAPPED,ice cube/80,80.0,2026-02,385016.45,0.02
2026-02,UNMAPPED,UNMAPPED,cheese cake cassata syrup,43.05000000000001,2026-02,385016.45,0.01
2026-02,UNMAPPED,UNMAPPED,mango crush taste craft,24.669999999999987,2026-02,385016.45,0.01
2026-02,UNMAPPED,UNMAPPED,Green Peas,17.0,2026-02,385016.45,0.0
2026-02,UNMAPPED,UNMAPPED,coffee mocha syrup taste craft,0.0,2026-02,385016.45,0.0
2026-02,UNMAPPED,UNMAPPED,KOT ROLLS,-216.0,2026-02,385016.45,-0.06
2026-02,UTILITIES & EXPENSES,lpg gas,Gas-LPG-HPCL,15005.0,2026-02,385016.45,3.9
2026-02,VEGETABLES,baby corn,habit baby corn,540.0,2026-02,385016.45,0.14
2026-02,VEGETABLES,baby corn,Baby Corn Whole-800GM-Tajir Habit,336.0,2026-02,385016.45,0.09
2026-02,VEGETABLES,baby corn,baby corn,-540.0,2026-02,385016.45,-0.14
2026-02,VEGETABLES,garlic,garlic,380.0,2026-02,385016.45,0.1
2026-02,VEGETABLES,garlic,chilly garlic spread,165.0,2026-02,385016.45,0.04
2026-02,VEGETABLES,mushroom,G.Crown Mushroom Slice 800g,3811.0,2026-02,385016.45,0.99
2026-02,VEGETABLES,mushroom,mushroom slice Food coast,-570.0,2026-02,385016.45,-0.15
2026-02,VEGETABLES,tomato,TOMATO 10KG,220.0,2026-02,385016.45,0.06
2026-01,BAKERY & PREMIX,bread premix,Bread Premix,134.4000000000001,2026-01,464506.6,0.03
2026-01,BAKERY & PREMIX,brownie,Brownie,1155.0,2026-01,464506.6,0.25
2026-01,BAKERY & PREMIX,burger bun,burger buns,416.0,2026-01,464506.6,0.09
2026-01,BAKERY & PREMIX,pizza premix,Pizza Premix,3402.0000000000005,2026-01,464506.6,0.73
2026-01,BEVERAGES,7up,7up750mlpet,1306.44,2026-01,464506.6,0.28
2026-01,BEVERAGES,7up,7up 250ml Pet,1067.5,2026-01,464506.6,0.23
2026-01,BEVERAGES,7up,7up 1 ltr,443.4000000000001,2026-01,464506.6,0.1
2026-01,BEVERAGES,7up,7up can 300ml,102.86999999999999,2026-01,464506.6,0.02
2026-01,BEVERAGES,7up,7UP 750ml Pet,-549.92,2026-01,464506.6,-0.12
2026-01,BEVERAGES,aqua fina,Aqua Fina Mineral Water 1Ltr,415.14,2026-01,464506.6,0.09
2026-01,BEVERAGES,dew,Dew 250ml Pet,507.5,2026-01,464506.6,0.11
2026-01,BEVERAGES,dew,Dew 750ml Pet,515.55,2026-01,464506.6,0.11
2026-01,BEVERAGES,dew,Dew can 300ml,411.48,2026-01,464506.6,0.09
2026-01,BEVERAGES,lehar soda,Lehar Soda,785.4599999999999,2026-01,464506.6,0.17
2026-01,BEVERAGES,mojito mint,Mojito Menta Cubano,368.0,2026-01,464506.6,0.08
2026-01,BEVERAGES,passion fruit syrup,DVC PASSION FRUIT FLV SYRUP 750ML,2300.0,2026-01,464506.6,0.5
2026-01,BEVERAGES,pepsi,Pepsi 750ml Pet,1924.7200000000003,2026-01,464506.6,0.41
2026-01,BEVERAGES,pepsi,Pepsi 250ml Pet,1347.5,2026-01,464506.6,0.29
2026-01,BEVERAGES,pepsi,pepsi can300ml,480.06,2026-01,464506.6,0.1
2026-01,BEVERAGES,pepsi,pepsi 1 ltr,354.72,2026-01,464506.6,0.08
2026-01,BEVERAGES,pepsi,pepsi can 330ml,-274.32,2026-01,464506.6,-0.06
2026-01,BEVERAGES,slice mango,Slice Mango 250ml pet,498.6,2026-01,464506.6,0.11
2026-01,BEVERAGES,slice mango,Slice Mango 200ml pet,70.68,2026-01,464506.6,0.02
2026-01,BEVERAGES,strawberry syrup,straw,-40.0,2026-01,464506.6,-0.01
2026-01,BEVERAGES,tropicana guava,Tropicana Guava Delight 500ml,326.03999999999996,2026-01,464506.6,0.07
2026-01,CHEESE & DAIRY,butter,Butter,1330.0,2026-01,464506.6,0.29
2026-01,CHEESE & DAIRY,butter,Butter Scotch Ice-cream,-412.79999999999995,2026-01,464506.6,-0.09
2026-01,CHEESE & DAIRY,colby cheese,colby cheese 1 kg,0.0,2026-01,464506.6,0.0
2026-01,CHEESE & DAIRY,diced mozzarella,dynamic diced mozerella,29913.01,2026-01,464506.6,6.44
2026-01,CHEESE & DAIRY,fresh cream,Vanilla Ice-cream 4ltr,2828.8,2026-01,464506.6,0.61
2026-01,CHEESE & DAIRY,fresh cream,Richs versatie cream,2256.0,2026-01,464506.6,0.49
2026-01,CHEESE & DAIRY,fresh cream,Chocolate Ice-cream 4ltr,979.2000000000003,2026-01,464506.6,0.21
2026-01,CHEESE & DAIRY,fresh cream,Strawberry-Ice cream,-125.79999999999995,2026-01,464506.6,-0.03
2026-01,CHEESE & DAIRY,milk,milky mist diced mozerella,5250.0,2026-01,464506.6,1.13
2026-01,CHEESE & DAIRY,milk,fruits and milk,790.02,2026-01,464506.6,0.17
2026-01,CHEESE & DAIRY,milk,milk,675.0,2026-01,464506.6,0.15
2026-01,CHEESE & DAIRY,milk,milk shake assorted,288.0,2026-01,464506.6,0.06
2026-01,CHEESE & DAIRY,milk,milk shake coffee,168.0,2026-01,464506.6,0.04
2026-01,CHEESE & DAIRY,milk,milk 28 milma,0.0,2026-01,464506.6,0.0
2026-01,CHEESE & DAIRY,orange cheddar,dynamic cheddar block,-363.57,2026-01,464506.6,-0.08
2026-01,CHEESE & DAIRY,paneer,paneer tikka powder,2745.0,2026-01,464506.6,0.59
2026-01,CHEESE & DAIRY,paneer,Paneer,1160.0,2026-01,464506.6,0.25
2026-01,CHEESE & DAIRY,processed cheese,Processed cheese block,1039.5,2026-01,464506.6,0.22
2026-01,CHEESE & DAIRY,slice cheese,slice cheese,1676.8799999999999,2026-01,464506.6,0.36
2026-01,"FLOUR, GRAINS & DRY GOODS",corn meal,Corn Meal - MAKKA RAVA,-110.0,2026-01,464506.6,-0.02
2026-01,"FLOUR, GRAINS & DRY GOODS",maida,prince maida 50kg,8288.0,2026-01,464506.6,1.78
2026-01,"FLOUR, GRAINS & DRY GOODS",maida,maida loose,120.0,2026-01,464506.6,0.03
2026-01,"FLOUR, GRAINS & DRY GOODS",rice,staff rice 26kg,270.0,2026-01,464506.6,0.06
2026-01,FROZEN ITEMS,french fries,french fry hungritos 2.5kg,2346.12,2026-01,464506.6,0.51
2026-01,FROZEN ITEMS,frozen sweet corn,sweet corn abad,475.0,2026-01,464506.6,0.1
2026-01,FROZEN ITEMS,frozen sweet corn,sweet corn 1kg,252.0,2026-01,464506.6,0.05
2026-01,FROZEN ITEMS,potato pops,POTATO POPS,261.42,2026-01,464506.6,0.06
2026-01,FROZEN ITEMS,potato wedges,potato wedges,226.59,2026-01,464506.6,0.05
2026-01,FRUITS,apple,DVC Green Apple 750 ML,920.0,2026-01,464506.6,0.2
2026-01,FRUITS,chicku pulp,Berry Fresh Chicku Pulp,896.0,2026-01,464506.6,0.19
2026-01,FRUITS,chicku pulp,Berry Fresh Chicku Pulp 2kg,-252.0,2026-01,464506.6,-0.05
2026-01,FRUITS,pineapple,Pineapple slice-Tajir Habit-850g,0.0,2026-01,464506.6,0.0
2026-01,FRUITS,tender coconut pulp,Berry Fresh Tender Coconut Pulp,740.0,2026-01,464506.6,0.16
2026-01,FRUITS,tender coconut pulp,Berry Fresh Tender Coconut Pulp 2kg,-925.0,2026-01,464506.6,-0.2
2026-01,FRUITS,watermelon,DVC Watermelon Syrup 750 ml,207.68000000000006,2026-01,464506.6,0.04
2026-01,MASALA & SEASONINGS,aromat seasoning,Aromat Seasoning Powder,-86.0,2026-01,464506.6,-0.02
2026-01,MASALA & SEASONINGS,bbq mix,BBQ Mix Masala,1441.5,2026-01,464506.6,0.31
2026-01,MASALA & SEASONINGS,chilli flakes,Veeba Chilli Flakes Seasoning(8G),438.0,2026-01,464506.6,0.09
2026-01,MASALA & SEASONINGS,chilly flakes,CHILLY FLAKES SACHET 0.8GM,416.0,2026-01,464506.6,0.09
2026-01,MASALA & SEASONINGS,chilly flakes,chilly flakes 500 gm,39.0,2026-01,464506.6,0.01
2026-01,MASALA & SEASONINGS,chilly flakes,chilly flake sachet,-202.8,2026-01,464506.6,-0.04
2026-01,MASALA & SEASONINGS,dry basil,dry basil,-126.0,2026-01,464506.6,-0.03
2026-01,MASALA & SEASONINGS,herb mix,Herb Mix Masla,178.4000000000001,2026-01,464506.6,0.04
2026-01,MASALA & SEASONINGS,herb mix,Chettinad Mix,97.65,2026-01,464506.6,0.02
2026-01,MASALA & SEASONINGS,mexican masala,Mexican Masala,-3527.5,2026-01,464506.6,-0.76
2026-01,MASALA & SEASONINGS,mexican mix,mexican mix,4350.0,2026-01,464506.6,0.94
2026-01,MASALA & SEASONINGS,oregano,OREGANO SACHET 0.8GM,676.2,2026-01,464506.6,0.15
2026-01,MASALA & SEASONINGS,oregano,Oregano Sprinkler 500g,614.0,2026-01,464506.6,0.13
2026-01,MASALA & SEASONINGS,piri piri marinade,Piri Piri Marinade 1KG,222.5,2026-01,464506.6,0.05
2026-01,MASALA & SEASONINGS,salt,salted cookies syrup taste craft,0.0,2026-01,464506.6,0.0
2026-01,MASALA & SEASONINGS,tandoori masala,Tandoori mix Masala,581.0,2026-01,464506.6,0.13
2026-01,MEAT & POULTRY,boneless chicken,Boneless Chicken,23202.04,2026-01,464506.6,4.99
2026-01,MEAT & POULTRY,chicken burger pattis,Chicken burger pattis,1965.6,2026-01,464506.6,0.42
2026-01,MEAT & POULTRY,chicken burger pattis,Veg burger pattis,420.0,2026-01,464506.6,0.09
2026-01,MEAT & POULTRY,chicken kheema,chicken kheema masala,1755.0,2026-01,464506.6,0.38
2026-01,MEAT & POULTRY,chicken kheema,Chicken Kheema  Masala,-1950.0,2026-01,464506.6,-0.42
2026-01,MEAT & POULTRY,chicken nuggets,sneha chi nuggets,1035.0,2026-01,464506.6,0.22
2026-01,MEAT & POULTRY,chicken pepperoni,chicken pepperoni,1730.0,2026-01,464506.6,0.37
2026-01,MEAT & POULTRY,chicken popcorn,chicken popcorn,337.5,2026-01,464506.6,0.07
2026-01,MEAT & POULTRY,chicken salami,Zippy Chicken Salami,309.0,2026-01,464506.6,0.07
2026-01,MEAT & POULTRY,chicken sausage,Chicken Sausage,-82.5,2026-01,464506.6,-0.02
2026-01,MEAT & POULTRY,lamb pepperoni,Lamp Pepperoni,1342.5,2026-01,464506.6,0.29
2026-01,MEAT & POULTRY,staff chicken,staff chicken,749.5,2026-01,464506.6,0.16
2026-01,OILS,olive oil,habit olive oil,553.5,2026-01,464506.6,0.12
2026-01,OILS,palm oil,oil,6244.0,2026-01,464506.6,1.34
2026-01,PACKAGING MATERIALS,bio bag,bio glass,0.0,2026-01,464506.6,0.0
2026-01,PACKAGING MATERIALS,burger box,Mini Burger Box,336.0,2026-01,464506.6,0.07
2026-01,PACKAGING MATERIALS,french fries box,French Fries Box,1471.25,2026-01,464506.6,0.32
2026-01,PACKAGING MATERIALS,garlic bread box,Garlic Bread Box,120.0,2026-01,464506.6,0.03
2026-01,PACKAGING MATERIALS,large pizza box,Large Pizza Box,1306.8000000000002,2026-01,464506.6,0.28
2026-01,PACKAGING MATERIALS,medium pizza box,Medium Pizza Box,1270.0,2026-01,464506.6,0.27
2026-01,PACKAGING MATERIALS,paper glass,Moktails Glass,288.0,2026-01,464506.6,0.06
2026-01,PACKAGING MATERIALS,pasta container,Pasta Container Black,966.5999999999999,2026-01,464506.6,0.21
2026-01,PACKAGING MATERIALS,regular pizza box,Regular Pizza Box,3349.0,2026-01,464506.6,0.72
2026-01,PACKAGING MATERIALS,salad bowl,Dip Bowl,200.0,2026-01,464506.6,0.04
2026-01,PACKAGING MATERIALS,salad bowl,Salad Bowl 250ml,183.75,2026-01,464506.6,0.04
2026-01,PACKAGING MATERIALS,salad bowl,Salad Bowl 500ml,203.04999999999995,2026-01,464506.6,0.04
2026-01,PACKAGING MATERIALS,tissue,Tissue,-108.0,2026-01,464506.6,-0.02
2026-01,PACKAGING MATERIALS,wooden fork,wooden fork,85.0,2026-01,464506.6,0.02
2026-01,PACKAGING MATERIALS,wooden spoon,Wooden Spoon,-130.0,2026-01,464506.6,-0.03
2026-01,SAUCES & SPREADS,cheesy spread,cheesy spread dip,309.38,2026-01,464506.6,0.07
2026-01,SAUCES & SPREADS,eggless mayonnaise,Veeba Eggless Mayonise Chef 1KG,1124.8000000000002,2026-01,464506.6,0.24
2026-01,SAUCES & SPREADS,gouda flavoured dressing,Veeba Gouda Flavoured Dressing,189.3800000000001,2026-01,464506.6,0.04
2026-01,SAUCES & SPREADS,honey mustard dressing,Honey mustard dressing,635.6099999999999,2026-01,464506.6,0.14
2026-01,SAUCES & SPREADS,honey mustard dressing,Honey,0.0,2026-01,464506.6,0.0
2026-01,SAUCES & SPREADS,ketchup sachet,Veeba Ketchup Sachet,1784.0,2026-01,464506.6,0.38
2026-01,SAUCES & SPREADS,makhani gravy,makhni gravy,630.0,2026-01,464506.6,0.14
2026-01,SAUCES & SPREADS,makhani gravy,Veeba Makhani Gravy 1KG,420.0,2026-01,464506.6,0.09
2026-01,SAUCES & SPREADS,pasta sauce,veeba pizza pasta sauce,2171.3999999999996,2026-01,464506.6,0.47
2026-01,SAUCES & SPREADS,pizza sauce,Pizza sauce premix,65.0,2026-01,464506.6,0.01
2026-01,SAUCES & SPREADS,pizza sauce,pizza sauce,-600.0,2026-01,464506.6,-0.13
2026-01,SAUCES & SPREADS,schezwan sauce,Schezwan sauce,175.32000000000005,2026-01,464506.6,0.04
2026-01,SAUCES & SPREADS,tandoori mayonnaise,tandoori mayonise,260.0,2026-01,464506.6,0.06
2026-01,SAUCES & SPREADS,thousand island dressing,Veeba ThousandIsland Dressing 1KG,183.0,2026-01,464506.6,0.04
2026-01,SAUCES & SPREADS,tomato ketchup,tomato ketchup 1.2 bottle,812.44,2026-01,464506.6,0.17
2026-01,SAUCES & SPREADS,tomato ketchup,Veeba T. Ketchup 1.2KG,-367.5,2026-01,464506.6,-0.08
2026-01,STATIONERY & MISC,pen,HABIT JALAPENO SLICES 2.9 KG,834.0,2026-01,464506.6,0.18
2026-01,STATIONERY & MISC,pen,Puramate Pasta-Penne Rigatte 500g,737.0,2026-01,464506.6,0.16
2026-01,STATIONERY & MISC,tape,Celotape-3/4inch-,-161.0,2026-01,464506.6,-0.03
2026-01,UNMAPPED,UNMAPPED,grocery,17143.18,2026-01,464506.6,3.69
2026-01,UNMAPPED,UNMAPPED,vegetables,8289.13,2026-01,464506.6,1.78
2026-01,UNMAPPED,UNMAPPED,ENGLISH vegetables,3401.5,2026-01,464506.6,0.73
2026-01,UNMAPPED,UNMAPPED,black olive slice Habit,2313.0,2026-01,464506.6,0.5
2026-01,UNMAPPED,UNMAPPED,red paprika habit,395.0,2026-01,464506.6,0.09
2026-01,UNMAPPED,UNMAPPED,Mayonise premium,345.0,2026-01,464506.6,0.07
2026-01,UNMAPPED,UNMAPPED,Puramate Pasta-Gomiti Rigate - macroni - 500g,201.0,2026-01,464506.6,0.04
2026-01,UNMAPPED,UNMAPPED,Blue curacao mojito,129.1500000000001,2026-01,464506.6,0.03
2026-01,UNMAPPED,UNMAPPED,egg 8,160.0,2026-01,464506.6,0.03
2026-01,UNMAPPED,UNMAPPED,Egg 7.5,75.0,2026-01,464506.6,0.02
2026-01,UNMAPPED,UNMAPPED,Green Peas,110.5,2026-01,464506.6,0.02
2026-01,UNMAPPED,UNMAPPED,cheese cake cassata syrup,0.0,2026-01,464506.6,0.0
2026-01,UNMAPPED,UNMAPPED,coffee mocha syrup taste craft,0.0,2026-01,464506.6,0.0
2026-01,UNMAPPED,UNMAPPED,ice cube/80,0.0,2026-01,464506.6,0.0
2026-01,UNMAPPED,UNMAPPED,mango crush taste craft,0.0,2026-01,464506.6,0.0
2026-01,UNMAPPED,UNMAPPED,bio covers,-78.0,2026-01,464506.6,-0.02
2026-01,UNMAPPED,UNMAPPED,hungritos premium,-222.64000000000033,2026-01,464506.6,-0.05
2026-01,UNMAPPED,UNMAPPED,Rose lichy crush mojito,-346.5,2026-01,464506.6,-0.07
2026-01,UNMAPPED,UNMAPPED,veg fruit grocery,-1880.0,2026-01,464506.6,-0.4
2026-01,UTILITIES & EXPENSES,lpg gas,Gas-LPG-HPCL,15570.0,2026-01,464506.6,3.35
2026-01,VEGETABLES,baby corn,habit baby corn,324.0,2026-01,464506.6,0.07
2026-01,VEGETABLES,baby corn,Baby Corn Whole-800GM-Tajir Habit,-336.0,2026-01,464506.6,-0.07
2026-01,VEGETABLES,garlic,chilly garlic spread,330.0,2026-01,464506.6,0.07
2026-01,VEGETABLES,mushroom,G.Crown Mushroom Slice 800g,3811.0,2026-01,464506.6,0.82
2026-01,VEGETABLES,tomato,TOMATO 10KG,420.0,2026-01,464506.6,0.09
2026-01,VEGETABLES,tomato,tomato,420.0,2026-01,464506.6,0.09
2025-12,BAKERY & PREMIX,bread premix,Bread Premix,120.0,2025-12,494089.55,0.02
2025-12,BAKERY & PREMIX,brownie,Brownie,1540.0,2025-12,494089.55,0.31
2025-12,BAKERY & PREMIX,burger bun,burger buns,224.0,2025-12,494089.55,0.05
2025-12,BAKERY & PREMIX,pizza premix,Pizza Premix,4964.4,2025-12,494089.55,1.0
2025-12,BEVERAGES,7up,7UP 750ml Pet,1374.8,2025-12,494089.55,0.28
2025-12,BEVERAGES,7up,7up 250ml Pet,892.5,2025-12,494089.55,0.18
2025-12,BEVERAGES,7up,7up pet 750ml,824.88,2025-12,494089.55,0.17
2025-12,BEVERAGES,7up,7up 1 ltr,620.76,2025-12,494089.55,0.13
2025-12,BEVERAGES,7up,7up can 300ml,0.0,2025-12,494089.55,0.0
2025-12,BEVERAGES,7up,7up750mlpet,-1306.44,2025-12,494089.55,-0.26
2025-12,BEVERAGES,aqua fina,Aqua Fina Mineral Water 1Ltr,418.37,2025-12,494089.55,0.08
2025-12,BEVERAGES,blue occean syrup,DVC BLUE OCCEAN FLV SYRUP 750ML,2336.4,2025-12,494089.55,0.47
2025-12,BEVERAGES,dew,dew 750 ml,824.88,2025-12,494089.55,0.17
2025-12,BEVERAGES,dew,Dew 330 ml can,548.64,2025-12,494089.55,0.11
2025-12,BEVERAGES,dew,Dew 250ml Pet,402.5,2025-12,494089.55,0.08
2025-12,BEVERAGES,dew,Dew 750ml Pet,-240.59000000000003,2025-12,494089.55,-0.05
2025-12,BEVERAGES,dew,Dew can 300ml,-411.48,2025-12,494089.55,-0.08
2025-12,BEVERAGES,lehar soda,Lehar Soda,652.0799999999999,2025-12,494089.55,0.13
2025-12,BEVERAGES,mojito mint,Mojito Menta Cubano,920.0,2025-12,494089.55,0.19
2025-12,BEVERAGES,passion fruit syrup,DVC PASSION FRUIT FLV SYRUP 750ML,460.0,2025-12,494089.55,0.09
2025-12,BEVERAGES,pepsi,Pepsi 250ml Pet,1260.0,2025-12,494089.55,0.26
2025-12,BEVERAGES,pepsi,pepsi can 330ml,720.09,2025-12,494089.55,0.15
2025-12,BEVERAGES,pepsi,pepsi 1 ltr,532.08,2025-12,494089.55,0.11
2025-12,BEVERAGES,pepsi,Pepsi 750ml Pet,0.0,2025-12,494089.55,0.0
2025-12,BEVERAGES,pepsi,pepsi can300ml,-480.06,2025-12,494089.55,-0.1
2025-12,BEVERAGES,slice mango,slice 250ml,498.6,2025-12,494089.55,0.1
2025-12,BEVERAGES,slice mango,Slice Mango 250ml pet,166.2,2025-12,494089.55,0.03
2025-12,BEVERAGES,slice mango,Slice Mango 200ml pet,-424.08,2025-12,494089.55,-0.09
2025-12,BEVERAGES,tropicana guava,Tropicana Guava Delight 500ml,426.36,2025-12,494089.55,0.09
2025-12,BEVERAGES,water 20l,water melon,100.0,2025-12,494089.55,0.02
2025-12,CHEESE & DAIRY,butter,Butter,950.0,2025-12,494089.55,0.19
2025-12,CHEESE & DAIRY,butter,Butter Scotch Ice-cream,825.5999999999999,2025-12,494089.55,0.17
2025-12,CHEESE & DAIRY,butter,milky mist butter 500gm,312.25,2025-12,494089.55,0.06
2025-12,CHEESE & DAIRY,butter,malas butterscotch crush,143.0,2025-12,494089.55,0.03
2025-12,CHEESE & DAIRY,colby cheese,colby cheese 1 kg,-634.48,2025-12,494089.55,-0.13
2025-12,CHEESE & DAIRY,diced mozzarella,dynamic diced mozerella,28464.98,2025-12,494089.55,5.76
2025-12,CHEESE & DAIRY,fresh cream,Vanilla Ice-cream 4ltr,3943.2,2025-12,494089.55,0.8
2025-12,CHEESE & DAIRY,fresh cream,Richs versatie cream,2632.0,2025-12,494089.55,0.53
2025-12,CHEESE & DAIRY,fresh cream,Chocolate Ice-cream 4ltr,1452.6,2025-12,494089.55,0.29
2025-12,CHEESE & DAIRY,fresh cream,Strawberry-Ice cream,0.0,2025-12,494089.55,0.0
2025-12,CHEESE & DAIRY,milk,fruits and milk,660.0,2025-12,494089.55,0.13
2025-12,CHEESE & DAIRY,milk,milk,625.0,2025-12,494089.55,0.13
2025-12,CHEESE & DAIRY,milk,milk choco 180 ml,389.87,2025-12,494089.55,0.08
2025-12,CHEESE & DAIRY,milk,milk 26,312.0,2025-12,494089.55,0.06
2025-12,CHEESE & DAIRY,milk,milk shake coffee,288.0,2025-12,494089.55,0.06
2025-12,CHEESE & DAIRY,milk,milk shake assorted,-288.0,2025-12,494089.55,-0.06
2025-12,CHEESE & DAIRY,orange cheddar,dynamic cheddar block,519.38,2025-12,494089.55,0.11
2025-12,CHEESE & DAIRY,paneer,Paneer,1015.0,2025-12,494089.55,0.21
2025-12,CHEESE & DAIRY,paneer,paneer,580.0,2025-12,494089.55,0.12
2025-12,CHEESE & DAIRY,paneer,paneer tikka powder,-1485.0,2025-12,494089.55,-0.3
2025-12,CHEESE & DAIRY,processed cheese,Processed cheese block,1293.62,2025-12,494089.55,0.26
2025-12,CHEESE & DAIRY,slice cheese,slice cheese,1297.1000000000001,2025-12,494089.55,0.26
2025-12,CLEANING SUPPLIES,ant powder,tandoori tikka powder,287.5,2025-12,494089.55,0.06
2025-12,"FLOUR, GRAINS & DRY GOODS",corn meal,Corn Meal - MAKKA RAVA,55.0,2025-12,494089.55,0.01
2025-12,"FLOUR, GRAINS & DRY GOODS",maida,prince maida 50kg,5600.0,2025-12,494089.55,1.13
2025-12,"FLOUR, GRAINS & DRY GOODS",maida,maida 30kg,1359.9,2025-12,494089.55,0.28
2025-12,"FLOUR, GRAINS & DRY GOODS",rice,staff rice 26kg,108.0,2025-12,494089.55,0.02
2025-12,"FLOUR, GRAINS & DRY GOODS",sugar,Sugar,90.0,2025-12,494089.55,0.02
2025-12,FROZEN ITEMS,french fries,french fry hungritos 2.5kg,2122.6800000000003,2025-12,494089.55,0.43
2025-12,FROZEN ITEMS,french fries,chill fill french fry,900.0,2025-12,494089.55,0.18
2025-12,FROZEN ITEMS,frozen sweet corn,sweet corn abad,425.0,2025-12,494089.55,0.09
2025-12,FROZEN ITEMS,frozen sweet corn,sweet corn 1kg,276.0,2025-12,494089.55,0.06
2025-12,FROZEN ITEMS,potato pops,POTATO POPS,160.86999999999995,2025-12,494089.55,0.03
2025-12,FROZEN ITEMS,potato wedges,potato wedges,923.7900000000001,2025-12,494089.55,0.19
2025-12,FRUITS,apple,DVC Green Apple 750 ML,1150.0,2025-12,494089.55,0.23
2025-12,FRUITS,chicku pulp,Berry Fresh Chicku Pulp 2kg,420.0,2025-12,494089.55,0.09
2025-12,FRUITS,chicku pulp,Berry Fresh Chicku Pulp,224.0,2025-12,494089.55,0.05
2025-12,FRUITS,pineapple,Pineapple slice-Tajir Habit-850g,110.25,2025-12,494089.55,0.02
2025-12,FRUITS,tender coconut pulp,Berry Fresh Tender Coconut Pulp,1110.0,2025-12,494089.55,0.22
2025-12,FRUITS,watermelon,DVC Watermelon Syrup 750 ml,0.0,2025-12,494089.55,0.0
2025-12,KITCHEN EQUIPMENT & UTENSILS,tripod,Tripod,675.0,2025-12,494089.55,0.14
2025-12,MASALA & SEASONINGS,aromat seasoning,Aromat Seasoning Powder,86.0,2025-12,494089.55,0.02
2025-12,MASALA & SEASONINGS,bbq mix,BBQ Mix Masala,1069.5,2025-12,494089.55,0.22
2025-12,MASALA & SEASONINGS,chilly flakes,CHILLY FLAKES SACHET 0.8GM,639.5999999999999,2025-12,494089.55,0.13
2025-12,MASALA & SEASONINGS,chilly flakes,chilly flakes 500gm,195.0,2025-12,494089.55,0.04
2025-12,MASALA & SEASONINGS,chilly flakes,chilly flakes 500 gm,-97.5,2025-12,494089.55,-0.02
2025-12,MASALA & SEASONINGS,herb mix,mix herb amazon 1 kg,586.0,2025-12,494089.55,0.12
2025-12,MASALA & SEASONINGS,herb mix,Herb Mix Masla,312.1999999999998,2025-12,494089.55,0.06
2025-12,MASALA & SEASONINGS,herb mix,Chettinad Mix,227.85,2025-12,494089.55,0.05
2025-12,MASALA & SEASONINGS,mexican masala,Mexican Masala,2946.5,2025-12,494089.55,0.6
2025-12,MASALA & SEASONINGS,oregano,OREGANO SACHET 0.8GM,1048.8,2025-12,494089.55,0.21
2025-12,MASALA & SEASONINGS,oregano,Oregano Sprinkler 500g,614.0,2025-12,494089.55,0.12
2025-12,MASALA & SEASONINGS,piri piri marinade,Piri Piri Marinade 1KG,89.0,2025-12,494089.55,0.02
2025-12,MASALA & SEASONINGS,tandoori masala,Tandoori mix Masala,1079.0,2025-12,494089.55,0.22
2025-12,MEAT & POULTRY,boneless chicken,Boneless Chicken,18278.94,2025-12,494089.55,3.7
2025-12,MEAT & POULTRY,chicken burger pattis,Chicken burger pattis,1562.4,2025-12,494089.55,0.32
2025-12,MEAT & POULTRY,chicken burger pattis,Veg burger pattis,477.5,2025-12,494089.55,0.1
2025-12,MEAT & POULTRY,chicken kheema,Chicken Kheema  Masala,975.0,2025-12,494089.55,0.2
2025-12,MEAT & POULTRY,chicken kheema,chicken kheema masala,-1560.0,2025-12,494089.55,-0.32
2025-12,MEAT & POULTRY,chicken nuggets,sneha chi nuggets,1449.0,2025-12,494089.55,0.29
2025-12,MEAT & POULTRY,chicken pepperoni,chicken pepperoni,432.5,2025-12,494089.55,0.09
2025-12,MEAT & POULTRY,chicken popcorn,chicken popcorn,281.25,2025-12,494089.55,0.06
2025-12,MEAT & POULTRY,chicken salami,Zippy Chicken Salami,309.0,2025-12,494089.55,0.06
2025-12,MEAT & POULTRY,lamb pepperoni,Lamp Pepperoni,1342.5,2025-12,494089.55,0.27
2025-12,MEAT & POULTRY,staff chicken,staff chicken,300.0,2025-12,494089.55,0.06
2025-12,OILS,mustard oil,Mustard Oil,50.4,2025-12,494089.55,0.01
2025-12,OILS,olive oil,habit olive oil,553.5,2025-12,494089.55,0.11
2025-12,OILS,palm oil,oil,2758.0,2025-12,494089.55,0.56
2025-12,PACKAGING MATERIALS,bio bag,bio glass,0.0,2025-12,494089.55,0.0
2025-12,PACKAGING MATERIALS,burger box,Mini Burger Box,616.0,2025-12,494089.55,0.12
2025-12,PACKAGING MATERIALS,french fries box,French Fries Box,401.25,2025-12,494089.55,0.08
2025-12,PACKAGING MATERIALS,garlic bread box,Garlic Bread Box,450.0,2025-12,494089.55,0.09
2025-12,PACKAGING MATERIALS,large pizza box,Large Pizza Box,2702.7,2025-12,494089.55,0.55
2025-12,PACKAGING MATERIALS,medium pizza box,Medium Pizza Box,3560.0,2025-12,494089.55,0.72
2025-12,PACKAGING MATERIALS,paper glass,Moktails Glass,680.0,2025-12,494089.55,0.14
2025-12,PACKAGING MATERIALS,paper straw,Paper Straw,120.0,2025-12,494089.55,0.02
2025-12,PACKAGING MATERIALS,pasta container,Pasta Container Black,895.0,2025-12,494089.55,0.18
2025-12,PACKAGING MATERIALS,regular pizza box,Regular Pizza Box,4275.5,2025-12,494089.55,0.87
2025-12,PACKAGING MATERIALS,salad bowl,Salad Bowl 500ml,655.0,2025-12,494089.55,0.13
2025-12,PACKAGING MATERIALS,salad bowl,Salad Bowl 250ml,262.5,2025-12,494089.55,0.05
2025-12,PACKAGING MATERIALS,salad bowl,Dip Bowl,-60.0,2025-12,494089.55,-0.01
2025-12,PACKAGING MATERIALS,tissue,Tissue,252.0,2025-12,494089.55,0.05
2025-12,PACKAGING MATERIALS,tissue,Tissue Spl,116.0,2025-12,494089.55,0.02
2025-12,PACKAGING MATERIALS,wooden fork,wooden fork,85.0,2025-12,494089.55,0.02
2025-12,SAUCES & SPREADS,cheesy spread,cheesy spread dip,0.0,2025-12,494089.55,0.0
2025-12,SAUCES & SPREADS,eggless mayonnaise,Veeba Eggless Mayonise Chef 1KG,2415.0,2025-12,494089.55,0.49
2025-12,SAUCES & SPREADS,gouda flavoured dressing,Veeba Gouda Flavoured Dressing,757.52,2025-12,494089.55,0.15
2025-12,SAUCES & SPREADS,honey mustard dressing,Honey mustard dressing,635.61,2025-12,494089.55,0.13
2025-12,SAUCES & SPREADS,ketchup sachet,Veeba Ketchup Sachet,1960.0,2025-12,494089.55,0.4
2025-12,SAUCES & SPREADS,makhani gravy,makhni gravy,420.0,2025-12,494089.55,0.09
2025-12,SAUCES & SPREADS,pasta sauce,veeba pizza pasta sauce,2352.3500000000004,2025-12,494089.55,0.48
2025-12,SAUCES & SPREADS,pizza sauce,Pizza sauce premix,1300.0,2025-12,494089.55,0.26
2025-12,SAUCES & SPREADS,pizza sauce,pizza sauce,0.0,2025-12,494089.55,0.0
2025-12,SAUCES & SPREADS,schezwan sauce,Schezwan sauce,0.0,2025-12,494089.55,0.0
2025-12,SAUCES & SPREADS,tandoori mayonnaise,tandoori mayonise,520.0,2025-12,494089.55,0.11
2025-12,SAUCES & SPREADS,thousand island dressing,Veeba ThousandIsland Dressing 1KG,366.0,2025-12,494089.55,0.07
2025-12,SAUCES & SPREADS,tomato ketchup,tomato ketchup 1.2 bottle,721.77,2025-12,494089.55,0.15
2025-12,STATIONERY & MISC,pen,HABIT JALAPENO SLICES 2.9 KG,1112.0,2025-12,494089.55,0.23
2025-12,STATIONERY & MISC,pen,Puramate Pasta-Penne Rigatte 500g,804.0,2025-12,494089.55,0.16
2025-12,STATIONERY & MISC,tape,Celotape-3/4inch-,115.0,2025-12,494089.55,0.02
2025-12,UNMAPPED,UNMAPPED,grocery,15839.0,2025-12,494089.55,3.21
2025-12,UNMAPPED,UNMAPPED,vegetables,7242.47,2025-12,494089.55,1.47
2025-12,UNMAPPED,UNMAPPED,hungritos premium,3095.82,2025-12,494089.55,0.63
2025-12,UNMAPPED,UNMAPPED,ENGLISH vegetables,2919.99,2025-12,494089.55,0.59
2025-12,UNMAPPED,UNMAPPED,black olive slice Habit,2313.0,2025-12,494089.55,0.47
2025-12,UNMAPPED,UNMAPPED,KOT Printing Rolls,1566.0,2025-12,494089.55,0.32
2025-12,UNMAPPED,UNMAPPED,veg fruit grocery,1128.0,2025-12,494089.55,0.23
2025-12,UNMAPPED,UNMAPPED,Mayonise premium,517.5,2025-12,494089.55,0.1
2025-12,UNMAPPED,UNMAPPED,fruits and vegetables,395.01,2025-12,494089.55,0.08
2025-12,UNMAPPED,UNMAPPED,red paprika habit 670ml,375.27,2025-12,494089.55,0.08
2025-12,UNMAPPED,UNMAPPED,Puramate Pasta-Gomiti Rigate - macroni - 500g,335.0,2025-12,494089.55,0.07
2025-12,UNMAPPED,UNMAPPED,Rose lichy crush mojito,346.5,2025-12,494089.55,0.07
2025-12,UNMAPPED,UNMAPPED,Egg 7.5,300.0,2025-12,494089.55,0.06
2025-12,UNMAPPED,UNMAPPED,Fruits,150.0,2025-12,494089.55,0.03
2025-12,UNMAPPED,UNMAPPED,Green Peas,124.0,2025-12,494089.55,0.03
2025-12,UNMAPPED,UNMAPPED,red paprika habit,-18.0,2025-12,494089.55,-0.0
2025-12,UNMAPPED,UNMAPPED,bio covers,-52.0,2025-12,494089.55,-0.01
2025-12,UNMAPPED,UNMAPPED,ice cube/80,-80.0,2025-12,494089.55,-0.02
2025-12,UNMAPPED,UNMAPPED,Blue curacao mojito,-430.5,2025-12,494089.55,-0.09
2025-12,UTILITIES & EXPENSES,lpg gas,Gas-LPG-HPCL,7125.0,2025-12,494089.55,1.44
2025-12,VEGETABLES,baby corn,habit baby corn,756.0,2025-12,494089.55,0.15
2025-12,VEGETABLES,garlic,chilly garlic spread,0.0,2025-12,494089.55,0.0
2025-12,VEGETABLES,mushroom,G.Crown Mushroom Slice 800g,2472.0,2025-12,494089.55,0.5
2025-12,VEGETABLES,mushroom,canvill button mushroom,1560.0,2025-12,494089.55,0.32
2025-12,VEGETABLES,tomato,tomato,480.0,2025-12,494089.55,0.1
2025-12,VEGETABLES,tomato,TOMATO 10KG,450.0,2025-12,494089.55,0.09
2025-11,BAKERY & PREMIX,bread premix,Bread Premix,240.0,2025-11,454730.6,0.05
2025-11,BAKERY & PREMIX,brownie,Brownie,1155.0,2025-11,454730.6,0.25
2025-11,BAKERY & PREMIX,burger bun,burger buns,832.0,2025-11,454730.6,0.18
2025-11,BAKERY & PREMIX,pizza premix,Pizza Premix,4208.4,2025-11,454730.6,0.93
2025-11,BEVERAGES,7up,7UP 750ml Pet,859.2500000000001,2025-11,454730.6,0.19
2025-11,BEVERAGES,7up,7up 1 ltr,798.12,2025-11,454730.6,0.18
2025-11,BEVERAGES,7up,7up 250ml Pet,525.0,2025-11,454730.6,0.12
2025-11,BEVERAGES,7up,7up zero sugar 400ml,525.0,2025-11,454730.6,0.12
2025-11,BEVERAGES,7up,7up can 300ml,34.29000000000002,2025-11,454730.6,0.01
2025-11,BEVERAGES,aqua fina,Aqua Fina Mineral Water 1Ltr,420.75,2025-11,454730.6,0.09
2025-11,BEVERAGES,blue occean syrup,DVC BLUE OCCEAN FLV SYRUP 750ML,-778.8000000000002,2025-11,454730.6,-0.17
2025-11,BEVERAGES,cucumber syrup,DVC Cucumber Syrup 750 ml,530.0,2025-11,454730.6,0.12
2025-11,BEVERAGES,dew,Dew 750ml Pet,721.77,2025-11,454730.6,0.16
2025-11,BEVERAGES,dew,Dew 250ml Pet,297.5,2025-11,454730.6,0.07
2025-11,BEVERAGES,dew,Dew 330 ml can,274.32000000000005,2025-11,454730.6,0.06
2025-11,BEVERAGES,dew,dew can300ml,68.58,2025-11,454730.6,0.02
2025-11,BEVERAGES,lehar soda,Lehar Soda,563.1600000000001,2025-11,454730.6,0.12
2025-11,BEVERAGES,mojito mint,Mojito Menta Cubano,782.0,2025-11,454730.6,0.17
2025-11,BEVERAGES,passion fruit syrup,DVC PASSION FRUIT FLV SYRUP 750ML,460.0,2025-11,454730.6,0.1
2025-11,BEVERAGES,pepsi,pepsi can300ml,1097.28,2025-11,454730.6,0.24
2025-11,BEVERAGES,pepsi,Pepsi 250ml Pet,1050.0,2025-11,454730.6,0.23
2025-11,BEVERAGES,pepsi,Pepsi 750ml Pet,927.99,2025-11,454730.6,0.2
2025-11,BEVERAGES,pepsi,pepsi 1 ltr,753.7800000000001,2025-11,454730.6,0.17
2025-11,BEVERAGES,pepsi,pepsi can 330ml,-720.09,2025-11,454730.6,-0.16
2025-11,BEVERAGES,slice mango,Slice Mango 200ml pet,459.42,2025-11,454730.6,0.1
2025-11,BEVERAGES,slice mango,Slice Mango 250ml pet,-166.2,2025-11,454730.6,-0.04
2025-11,BEVERAGES,strawberry syrup,straw,120.0,2025-11,454730.6,0.03
2025-11,BEVERAGES,tropicana guava,Tropicana Guava Delight 500ml,175.55999999999995,2025-11,454730.6,0.04
2025-11,CHEESE & DAIRY,butter,milky mist butter 500gm,936.75,2025-11,454730.6,0.21
2025-11,CHEESE & DAIRY,butter,Butter,665.0,2025-11,454730.6,0.15
2025-11,CHEESE & DAIRY,butter,malas butterscotch crush,0.0,2025-11,454730.6,0.0
2025-11,CHEESE & DAIRY,butter,Butter Scotch Ice-cream,-825.5999999999999,2025-11,454730.6,-0.18
2025-11,CHEESE & DAIRY,colby cheese,colby cheese 1 kg,761.3800000000001,2025-11,454730.6,0.17
2025-11,CHEESE & DAIRY,diced mozzarella,dynamic diced mozerella,28951.649999999998,2025-11,454730.6,6.37
2025-11,CHEESE & DAIRY,fresh cream,Vanilla Ice-cream 4ltr,2420.0,2025-11,454730.6,0.53
2025-11,CHEESE & DAIRY,fresh cream,Richs versatie cream,1107.58,2025-11,454730.6,0.24
2025-11,CHEESE & DAIRY,fresh cream,Chocolate Ice-cream 4ltr,798.5999999999999,2025-11,454730.6,0.18
2025-11,CHEESE & DAIRY,fresh cream,Strawberry-Ice cream,-440.29999999999995,2025-11,454730.6,-0.1
2025-11,CHEESE & DAIRY,milk,milk fruits sugar balls,885.0,2025-11,454730.6,0.19
2025-11,CHEESE & DAIRY,milk,milk shake assorted,744.0,2025-11,454730.6,0.16
2025-11,CHEESE & DAIRY,milk,milk,700.0,2025-11,454730.6,0.15
2025-11,CHEESE & DAIRY,milk,milk choco,288.0,2025-11,454730.6,0.06
2025-11,CHEESE & DAIRY,milk,milk 28 milma,224.0,2025-11,454730.6,0.05
2025-11,CHEESE & DAIRY,milk,milk choco 180 ml,-389.87,2025-11,454730.6,-0.09
2025-11,CHEESE & DAIRY,orange cheddar,dynamic cheddar block,554.0,2025-11,454730.6,0.12
2025-11,CHEESE & DAIRY,paneer,paneer,580.0,2025-11,454730.6,0.13
2025-11,CHEESE & DAIRY,paneer,paneer tikka powder,585.0,2025-11,454730.6,0.13
2025-11,CHEESE & DAIRY,paneer,Paneer,-145.0,2025-11,454730.6,-0.03
2025-11,CHEESE & DAIRY,processed cheese,Processed cheese block,1028.0,2025-11,454730.6,0.23
2025-11,CHEESE & DAIRY,slice cheese,slice cheese,1466.5900000000001,2025-11,454730.6,0.32
2025-11,CLEANING SUPPLIES,ant powder,tandoori tikka powder,-287.5,2025-11,454730.6,-0.06
2025-11,"FLOUR, GRAINS & DRY GOODS",atta,atta,270.0,2025-11,454730.6,0.06
2025-11,"FLOUR, GRAINS & DRY GOODS",corn meal,Corn Meal - MAKKA RAVA,137.5,2025-11,454730.6,0.03
2025-11,"FLOUR, GRAINS & DRY GOODS",maida,maida prince 30kg,1359.9,2025-11,454730.6,0.3
2025-11,"FLOUR, GRAINS & DRY GOODS",maida,maida 30kg,-1359.9,2025-11,454730.6,-0.3
2025-11,"FLOUR, GRAINS & DRY GOODS",rice,staff rice 26kg,-162.0,2025-11,454730.6,-0.04
2025-11,FROZEN ITEMS,frozen sweet corn,sweet corn,727.0,2025-11,454730.6,0.16
2025-11,FROZEN ITEMS,frozen sweet corn,sweet corn 1kg,0.0,2025-11,454730.6,0.0
2025-11,FROZEN ITEMS,potato pops,POTATO POPS,60.329999999999984,2025-11,454730.6,0.01
2025-11,FROZEN ITEMS,potato wedges,potato wedges,87.14999999999986,2025-11,454730.6,0.02
2025-11,FRUITS,apple,DVC Green Apple 750 ML,552.0,2025-11,454730.6,0.12
2025-11,FRUITS,chicku pulp,Berry Fresh Chicku Pulp,840.0,2025-11,454730.6,0.18
2025-11,FRUITS,chicku pulp,Berry Fresh Chicku Pulp 2kg,-420.0,2025-11,454730.6,-0.09
2025-11,FRUITS,pineapple,Pineapple slice-Tajir Habit-850g,110.25,2025-11,454730.6,0.02
2025-11,FRUITS,pineapple,pineapple,90.0,2025-11,454730.6,0.02
2025-11,FRUITS,tender coconut pulp,Berry Fresh Tender Coconut Pulp,814.0,2025-11,454730.6,0.18
2025-11,FRUITS,watermelon,watermelon,75.0,2025-11,454730.6,0.02
2025-11,FRUITS,watermelon,DVC Watermelon Syrup 750 ml,0.0,2025-11,454730.6,0.0
2025-11,KITCHEN EQUIPMENT & UTENSILS,tripod,Tripod,0.0,2025-11,454730.6,0.0
2025-11,MASALA & SEASONINGS,aromat seasoning,Aromat Seasoning Powder,-172.0,2025-11,454730.6,-0.04
2025-11,MASALA & SEASONINGS,bbq mix,BBQ Mix Masala,1162.5,2025-11,454730.6,0.26
2025-11,MASALA & SEASONINGS,chilly flakes,chilly flake sachet,1095.6399999999999,2025-11,454730.6,0.24
2025-11,MASALA & SEASONINGS,chilly flakes,chilly flakes 500 gm,195.0,2025-11,454730.6,0.04
2025-11,MASALA & SEASONINGS,chilly flakes,CHILLY FLAKES SACHET 0.8GM,-171.60000000000002,2025-11,454730.6,-0.04
2025-11,MASALA & SEASONINGS,chilly flakes,chilly flakes 500gm,-195.0,2025-11,454730.6,-0.04
2025-11,MASALA & SEASONINGS,herb mix,Herb Mix Masla,1115.0,2025-11,454730.6,0.25
2025-11,MASALA & SEASONINGS,herb mix,Chettinad Mix,0.0,2025-11,454730.6,0.0
2025-11,MASALA & SEASONINGS,mexican masala,Mexican Masala,-3818.0,2025-11,454730.6,-0.84
2025-11,MASALA & SEASONINGS,mexican mix,mexican mix,6525.0,2025-11,454730.6,1.43
2025-11,MASALA & SEASONINGS,oregano,OREGANO SACHET 0.8GM,1113.53,2025-11,454730.6,0.24
2025-11,MASALA & SEASONINGS,oregano,Oregano Sprinkler 500g,736.8,2025-11,454730.6,0.16
2025-11,MASALA & SEASONINGS,piri piri marinade,Piri Piri Marinade 1KG,178.0,2025-11,454730.6,0.04
2025-11,MASALA & SEASONINGS,tandoori masala,Tandoori mix Masala,-1452.5,2025-11,454730.6,-0.32
2025-11,MEAT & POULTRY,boneless chicken,Boneless Chicken,22300.92,2025-11,454730.6,4.9
2025-11,MEAT & POULTRY,boneless chicken,bonless chicken,739.5,2025-11,454730.6,0.16
2025-11,MEAT & POULTRY,chicken burger pattis,Chicken burger pattis,1008.0,2025-11,454730.6,0.22
2025-11,MEAT & POULTRY,chicken burger pattis,sneha chi burgar pattis,630.0,2025-11,454730.6,0.14
2025-11,MEAT & POULTRY,chicken burger pattis,Veg burger pattis,410.0,2025-11,454730.6,0.09
2025-11,MEAT & POULTRY,chicken kheema,chicken kheema masala,1235.0,2025-11,454730.6,0.27
2025-11,MEAT & POULTRY,chicken kheema,Chicken Kheema  Masala,-975.0,2025-11,454730.6,-0.21
2025-11,MEAT & POULTRY,chicken nuggets,sneha chi nuggets,828.0,2025-11,454730.6,0.18
2025-11,MEAT & POULTRY,chicken pepperoni,chicken pepperoni,-865.0,2025-11,454730.6,-0.19
2025-11,MEAT & POULTRY,chicken popcorn,chicken popcorn,26.25,2025-11,454730.6,0.01
2025-11,MEAT & POULTRY,chicken salami,Zippy Chicken Salami,772.5,2025-11,454730.6,0.17
2025-11,MEAT & POULTRY,chicken sausage,Chicken Sausage,825.0,2025-11,454730.6,0.18
2025-11,MEAT & POULTRY,lamb pepperoni,Lamp Pepperoni,-895.0,2025-11,454730.6,-0.2
2025-11,OILS,mustard oil,Mustard Oil,67.19999999999999,2025-11,454730.6,0.01
2025-11,OILS,olive oil,habit olive oil,369.0,2025-11,454730.6,0.08
2025-11,OILS,palm oil,oil,-136.5,2025-11,454730.6,-0.03
2025-11,PACKAGING MATERIALS,bio bag,bio glass,40.0,2025-11,454730.6,0.01
2025-11,PACKAGING MATERIALS,burger box,Mini Burger Box,224.0,2025-11,454730.6,0.05
2025-11,PACKAGING MATERIALS,french fries box,French Fries Box,535.0,2025-11,454730.6,0.12
2025-11,PACKAGING MATERIALS,garlic bread box,Garlic Bread Box,232.5,2025-11,454730.6,0.05
2025-11,PACKAGING MATERIALS,large pizza box,Large Pizza Box,1143.4499999999998,2025-11,454730.6,0.25
2025-11,PACKAGING MATERIALS,medium pizza box,Medium Pizza Box,3670.0,2025-11,454730.6,0.81
2025-11,PACKAGING MATERIALS,paper glass,Moktails Glass,320.0,2025-11,454730.6,0.07
2025-11,PACKAGING MATERIALS,paper straw,Paper Straw,-120.0,2025-11,454730.6,-0.03
2025-11,PACKAGING MATERIALS,pasta container,Pasta Container Black,796.5500000000002,2025-11,454730.6,0.18
2025-11,PACKAGING MATERIALS,regular pizza box,Regular Pizza Box,4267.0,2025-11,454730.6,0.94
2025-11,PACKAGING MATERIALS,salad bowl,Salad Bowl 250ml,262.5,2025-11,454730.6,0.06
2025-11,PACKAGING MATERIALS,salad bowl,Salad Bowl 500ml,262.0,2025-11,454730.6,0.06
2025-11,PACKAGING MATERIALS,salad bowl,Dip Bowl,60.0,2025-11,454730.6,0.01
2025-11,PACKAGING MATERIALS,tissue,Tissue,-90.0,2025-11,454730.6,-0.02
2025-11,PACKAGING MATERIALS,wooden fork,Wooden Fork-160mm,150.0,2025-11,454730.6,0.03
2025-11,PACKAGING MATERIALS,wooden fork,wooden fork,-170.0,2025-11,454730.6,-0.04
2025-11,SAUCES & SPREADS,cheesy spread,cheesy spread dip,0.0,2025-11,454730.6,0.0
2025-11,SAUCES & SPREADS,chocolate sauce,Malas Chocolate Sauce 5 ltr,265.0,2025-11,454730.6,0.06
2025-11,SAUCES & SPREADS,eggless mayonnaise,Veeba Eggless Mayonise Chef 1KG,819.4899999999998,2025-11,454730.6,0.18
2025-11,SAUCES & SPREADS,gouda flavoured dressing,Veeba Gouda Flavoured Dressing,378.75999999999976,2025-11,454730.6,0.08
2025-11,SAUCES & SPREADS,honey mustard dressing,Honey mustard dressing,635.6100000000001,2025-11,454730.6,0.14
2025-11,SAUCES & SPREADS,ketchup sachet,Veeba Ketchup Sachet,2058.4,2025-11,454730.6,0.45
2025-11,SAUCES & SPREADS,makhani gravy,makhni gravy,672.0,2025-11,454730.6,0.15
2025-11,SAUCES & SPREADS,pasta sauce,veeba pizza pasta sauce,2352.3500000000004,2025-11,454730.6,0.52
2025-11,SAUCES & SPREADS,pizza sauce,pizza sauce,120.0,2025-11,454730.6,0.03
2025-11,SAUCES & SPREADS,pizza sauce,Pizza sauce premix,-97.5,2025-11,454730.6,-0.02
2025-11,SAUCES & SPREADS,schezwan sauce,Schezwan sauce,182.0,2025-11,454730.6,0.04
2025-11,SAUCES & SPREADS,tandoori mayonnaise,tandoori mayonise,260.0,2025-11,454730.6,0.06
2025-11,SAUCES & SPREADS,thousand island dressing,Veeba ThousandIsland Dressing 1KG,351.76,2025-11,454730.6,0.08
2025-11,SAUCES & SPREADS,tomato ketchup,tomato ketchup 1.2 bottle,609.3299999999999,2025-11,454730.6,0.13
2025-11,STATIONERY & MISC,pen,HABIT JALAPENO SLICES 2.9 KG,1390.0,2025-11,454730.6,0.31
2025-11,STATIONERY & MISC,pen,Puramate Pasta-Penne Rigatte 500g,670.0,2025-11,454730.6,0.15
2025-11,STATIONERY & MISC,tape,Celotape-3/4inch-,-230.0,2025-11,454730.6,-0.05
2025-11,UNMAPPED,UNMAPPED,grocery,23342.1,2025-11,454730.6,5.13
2025-11,UNMAPPED,UNMAPPED,vegetables,9541.91,2025-11,454730.6,2.1
2025-11,UNMAPPED,UNMAPPED,hungritos premium,4842.18,2025-11,454730.6,1.06
2025-11,UNMAPPED,UNMAPPED,ENGLISH vegetables,3204.25,2025-11,454730.6,0.7
2025-11,UNMAPPED,UNMAPPED,fruits and vegetables,1638.0,2025-11,454730.6,0.36
2025-11,UNMAPPED,UNMAPPED,black olive slice Habit,1542.0,2025-11,454730.6,0.34
2025-11,UNMAPPED,UNMAPPED,red paprika habit,942.5,2025-11,454730.6,0.21
2025-11,UNMAPPED,UNMAPPED,KOT Printing Rolls,432.0,2025-11,454730.6,0.1
2025-11,UNMAPPED,UNMAPPED,bio covers,457.0,2025-11,454730.6,0.1
2025-11,UNMAPPED,UNMAPPED,vegetable n fruit,400.0,2025-11,454730.6,0.09
2025-11,UNMAPPED,UNMAPPED,fruits,300.0,2025-11,454730.6,0.07
2025-11,UNMAPPED,UNMAPPED,ice cube/80,320.0,2025-11,454730.6,0.07
2025-11,UNMAPPED,UNMAPPED,Egg 7.5,225.0,2025-11,454730.6,0.05
2025-11,UNMAPPED,UNMAPPED,Mayonise premium,172.5,2025-11,454730.6,0.04
2025-11,UNMAPPED,UNMAPPED,Puramate Pasta-Gomiti Rigate - macroni - 500g,201.0,2025-11,454730.6,0.04
2025-11,UNMAPPED,UNMAPPED,egg 7,70.0,2025-11,454730.6,0.02
2025-11,UNMAPPED,UNMAPPED,Green Peas,31.0,2025-11,454730.6,0.01
2025-11,UNMAPPED,UNMAPPED,egg-6.50,65.0,2025-11,454730.6,0.01
2025-11,UNMAPPED,UNMAPPED,Fruits,-150.0,2025-11,454730.6,-0.03
2025-11,UTILITIES & EXPENSES,lpg gas,Gas-LPG-HPCL,19580.0,2025-11,454730.6,4.31
2025-11,VEGETABLES,baby corn,habit baby corn,540.0,2025-11,454730.6,0.12
2025-11,VEGETABLES,garlic,chilly garlic spread,165.0,2025-11,454730.6,0.04
2025-11,VEGETABLES,garlic,garlic,130.0,2025-11,454730.6,0.03
2025-11,VEGETABLES,mushroom,G.Crown Mushroom Slice 800g,4326.0,2025-11,454730.6,0.95
2025-11,VEGETABLES,tomato,tomato,480.0,2025-11,454730.6,0.11
2025-11,VEGETABLES,tomato,TOMATO 10KG,260.0,2025-11,454730.6,0.06
2025-11,VEGETABLES,yam,Maida yamuna,8132.0,2025-11,454730.6,1.79
2025-10,BAKERY & PREMIX,bread premix,Bread Premix,240.0,2025-10,455473.55,0.05
2025-10,BAKERY & PREMIX,brownie,Brownie,1540.0,2025-10,455473.55,0.34
2025-10,BAKERY & PREMIX,burger bun,burger buns,544.0,2025-10,455473.55,0.12
2025-10,BAKERY & PREMIX,pizza premix,Pizza Premix,579.5999999999999,2025-10,455473.55,0.13
2025-10,BEVERAGES,7up,7up 250ml Pet,962.5,2025-10,455473.55,0.21
2025-10,BEVERAGES,7up,7up 1 ltr,620.7600000000001,2025-10,455473.55,0.14
2025-10,BEVERAGES,7up,7UP 750ml Pet,584.29,2025-10,455473.55,0.13
2025-10,BEVERAGES,7up,7up can 300ml,377.18999999999994,2025-10,455473.55,0.08
2025-10,BEVERAGES,aqua fina,Aqua Fina Mineral Water 1Ltr,586.5,2025-10,455473.55,0.13
2025-10,BEVERAGES,blue occean syrup,DVC BLUE OCCEAN FLV SYRUP 750ML,259.60000000000014,2025-10,455473.55,0.06
2025-10,BEVERAGES,bubblegum syrup,DVC Bubblegum Syrup Syrup 750 ml,253.7,2025-10,455473.55,0.06
2025-10,BEVERAGES,cucumber syrup,DVC Cucumber Syrup 750 ml,0.0,2025-10,455473.55,0.0
2025-10,BEVERAGES,dew,dew 750 ml,1134.21,2025-10,455473.55,0.25
2025-10,BEVERAGES,dew,Dew 250ml Pet,525.0,2025-10,455473.55,0.12
2025-10,BEVERAGES,dew,Dew 330 ml can,377.19,2025-10,455473.55,0.08
2025-10,BEVERAGES,dew,dew can300ml,-68.58,2025-10,455473.55,-0.02
2025-10,BEVERAGES,dew,Dew 750ml Pet,-412.44,2025-10,455473.55,-0.09
2025-10,BEVERAGES,lehar soda,Lehar Soda,813.1600000000001,2025-10,455473.55,0.18
2025-10,BEVERAGES,mixed berry syrup,DVC Mixed Berry Beverage Blend Syrup 750 ml,414.0,2025-10,455473.55,0.09
2025-10,BEVERAGES,mojito mint,DVC MOJITO MINT 750ML,2029.6,2025-10,455473.55,0.45
2025-10,BEVERAGES,mojito mint,Mojito Menta Cubano,-782.0,2025-10,455473.55,-0.17
2025-10,BEVERAGES,passion fruit syrup,DVC PASSION FRUIT FLV SYRUP 750ML,640.0,2025-10,455473.55,0.14
2025-10,BEVERAGES,peach syrup,DVC Peach Garden Syrup Syrup 750 ml,244.26,2025-10,455473.55,0.05
2025-10,BEVERAGES,pepsi,Pepsi 750ml Pet,1271.69,2025-10,455473.55,0.28
2025-10,BEVERAGES,pepsi,Pepsi 250ml Pet,1120.0,2025-10,455473.55,0.25
2025-10,BEVERAGES,pepsi,pepsi 1 ltr,842.4599999999999,2025-10,455473.55,0.18
2025-10,BEVERAGES,pepsi,pepsi can 330ml,342.9,2025-10,455473.55,0.08
2025-10,BEVERAGES,pepsi,pepsi can300ml,-274.32,2025-10,455473.55,-0.06
2025-10,BEVERAGES,slice mango,slice mango 250ml pet,498.6,2025-10,455473.55,0.11
2025-10,BEVERAGES,slice mango,slice mango 600ml,36.08,2025-10,455473.55,0.01
2025-10,BEVERAGES,slice mango,Slice Mango 200ml pet,-459.42,2025-10,455473.55,-0.1
2025-10,BEVERAGES,strawberry syrup,DVC Strawberry Syrup Syrup 750 ml,244.26,2025-10,455473.55,0.05
2025-10,BEVERAGES,strawberry syrup,straw,-40.0,2025-10,455473.55,-0.01
2025-10,CHEESE & DAIRY,butter,Butter,1615.0,2025-10,455473.55,0.35
2025-10,CHEESE & DAIRY,butter,dynamix butter,1560.02,2025-10,455473.55,0.34
2025-10,CHEESE & DAIRY,butter,Butter Scotch Ice-cream,773.0,2025-10,455473.55,0.17
2025-10,CHEESE & DAIRY,butter,malas butterscotch crush,0.0,2025-10,455473.55,0.0
2025-10,CHEESE & DAIRY,butter,milky mist butter 500gm,-1249.0,2025-10,455473.55,-0.27
2025-10,CHEESE & DAIRY,cheese jalapeno dip,cheese jalapeno dip,184.0,2025-10,455473.55,0.04
2025-10,CHEESE & DAIRY,colby cheese,colby cheese 1 kg,190.34000000000015,2025-10,455473.55,0.04
2025-10,CHEESE & DAIRY,curd,curd,30.0,2025-10,455473.55,0.01
2025-10,CHEESE & DAIRY,diced mozzarella,dynamic diced mozerella,26038.789999999997,2025-10,455473.55,5.72
2025-10,CHEESE & DAIRY,fresh cream,Vanilla Ice-cream 4ltr,3508.0,2025-10,455473.55,0.77
2025-10,CHEESE & DAIRY,fresh cream,Richs versatie cream,1695.52,2025-10,455473.55,0.37
2025-10,CHEESE & DAIRY,fresh cream,Chocolate Ice-cream 4ltr,1142.4,2025-10,455473.55,0.25
2025-10,CHEESE & DAIRY,fresh cream,Strawberry-Ice cream,0.0,2025-10,455473.55,0.0
2025-10,CHEESE & DAIRY,milk,milk shake assorted,1061.5,2025-10,455473.55,0.23
2025-10,CHEESE & DAIRY,milk,milk,950.0,2025-10,455473.55,0.21
2025-10,CHEESE & DAIRY,milk,fruits and milk,525.0,2025-10,455473.55,0.12
2025-10,CHEESE & DAIRY,milk,Mittai-Milk-Amul,64.0,2025-10,455473.55,0.01
2025-10,CHEESE & DAIRY,orange cheddar,dynamic cheddar block,-554.0,2025-10,455473.55,-0.12
2025-10,CHEESE & DAIRY,paneer,paneer tikka powder,1485.0,2025-10,455473.55,0.33
2025-10,CHEESE & DAIRY,paneer,Paneer,580.0,2025-10,455473.55,0.13
2025-10,CHEESE & DAIRY,paneer,paneer,580.0,2025-10,455473.55,0.13
2025-10,CHEESE & DAIRY,processed cheese,Processed cheese block,1357.12,2025-10,455473.55,0.3
2025-10,CHEESE & DAIRY,slice cheese,slice cheese,1636.08,2025-10,455473.55,0.36
2025-10,"FLOUR, GRAINS & DRY GOODS",atta,atta,270.0,2025-10,455473.55,0.06
2025-10,"FLOUR, GRAINS & DRY GOODS",corn meal,Corn Meal - MAKKA RAVA,137.5,2025-10,455473.55,0.03
2025-10,"FLOUR, GRAINS & DRY GOODS",rice,staff rice 26kg,54.0,2025-10,455473.55,0.01
2025-10,FROZEN ITEMS,french fries,French Fries 6mm,600.0,2025-10,455473.55,0.13
2025-10,FROZEN ITEMS,frozen sweet corn,sweet corn,855.0,2025-10,455473.55,0.19
2025-10,FROZEN ITEMS,frozen sweet corn,sweet corn 1kg,-260.0,2025-10,455473.55,-0.06
2025-10,FROZEN ITEMS,potato pops,POTATO POPS,-120.64999999999999,2025-10,455473.55,-0.03
2025-10,FROZEN ITEMS,potato wedges,Mc Cain Potato Wedges 2.5kg,435.75,2025-10,455473.55,0.1
2025-10,FROZEN ITEMS,potato wedges,potato wedges,156.87,2025-10,455473.55,0.03
2025-10,FRUITS,apple,DVC Green Apple 750 ML,516.0,2025-10,455473.55,0.11
2025-10,FRUITS,chicku pulp,Berry Fresh Chicku Pulp,560.0,2025-10,455473.55,0.12
2025-10,FRUITS,pineapple,Pineapple slice-Tajir Habit-850g,110.25,2025-10,455473.55,0.02
2025-10,FRUITS,tender coconut pulp,Berry Fresh Tender Coconut Pulp,296.0,2025-10,455473.55,0.06
2025-10,FRUITS,watermelon,DVC Watermelon Syrup 750 ml,0.0,2025-10,455473.55,0.0
2025-10,MASALA & SEASONINGS,aromat seasoning,Aromat Seasoning Powder,172.0,2025-10,455473.55,0.04
2025-10,MASALA & SEASONINGS,bbq mix,BBQ Mix Masala,883.5,2025-10,455473.55,0.19
2025-10,MASALA & SEASONINGS,chilly flakes,CHILLY FLAKES SACHET 0.8GM,696.8,2025-10,455473.55,0.15
2025-10,MASALA & SEASONINGS,chilly flakes,chilly flakes 500gm,39.0,2025-10,455473.55,0.01
2025-10,MASALA & SEASONINGS,chilly flakes,chilly flakes 500 gm,0.0,2025-10,455473.55,0.0
2025-10,MASALA & SEASONINGS,chilly flakes,chilly flake sachet,-55.639999999999986,2025-10,455473.55,-0.01
2025-10,MASALA & SEASONINGS,dry basil,dry basil,140.0,2025-10,455473.55,0.03
2025-10,MASALA & SEASONINGS,herb mix,Herb Mix Masla,-133.79999999999973,2025-10,455473.55,-0.03
2025-10,MASALA & SEASONINGS,herb mix,Chettinad Mix,-260.4,2025-10,455473.55,-0.06
2025-10,MASALA & SEASONINGS,mexican masala,Mexican Masala,6474.0,2025-10,455473.55,1.42
2025-10,MASALA & SEASONINGS,mexican mix,mexican mix,-4350.0,2025-10,455473.55,-0.96
2025-10,MASALA & SEASONINGS,oregano,Oregano Sprinkler 500g,821.2,2025-10,455473.55,0.18
2025-10,MASALA & SEASONINGS,oregano,OREGANO SACHET 0.8GM,741.0700000000002,2025-10,455473.55,0.16
2025-10,MASALA & SEASONINGS,piri piri marinade,Piri Piri Marinade 1KG,59.75999999999999,2025-10,455473.55,0.01
2025-10,MASALA & SEASONINGS,tandoori masala,Tandoori mix Masala,2697.5,2025-10,455473.55,0.59
2025-10,MEAT & POULTRY,boneless chicken,Boneless Chicken,16244.010000000002,2025-10,455473.55,3.57
2025-10,MEAT & POULTRY,chicken burger pattis,Chicken burger pattis,2155.5,2025-10,455473.55,0.47
2025-10,MEAT & POULTRY,chicken burger pattis,Veg burger pattis,382.5,2025-10,455473.55,0.08
2025-10,MEAT & POULTRY,chicken burger pattis,sneha chi burgar pattis,378.0,2025-10,455473.55,0.08
2025-10,MEAT & POULTRY,chicken kheema,chicken kheema masala,552.5,2025-10,455473.55,0.12
2025-10,MEAT & POULTRY,chicken nuggets,sneha chi nuggets,1207.5,2025-10,455473.55,0.27
2025-10,MEAT & POULTRY,chicken pepperoni,chicken pepperoni,865.0,2025-10,455473.55,0.19
2025-10,MEAT & POULTRY,chicken popcorn,CHICKEN POPCORN,331.2,2025-10,455473.55,0.07
2025-10,MEAT & POULTRY,chicken popcorn,chicken popcorn,105.0,2025-10,455473.55,0.02
2025-10,MEAT & POULTRY,chicken salami,SALAMI,558.0,2025-10,455473.55,0.12
2025-10,MEAT & POULTRY,chicken salami,Zippy Chicken Salami,-154.5,2025-10,455473.55,-0.03
2025-10,MEAT & POULTRY,chicken sausage,Chicken Sausage,-275.0,2025-10,455473.55,-0.06
2025-10,MEAT & POULTRY,lamb pepperoni,Lamp Pepperoni,447.5,2025-10,455473.55,0.1
2025-10,MEAT & POULTRY,staff chicken,staff chicken,632.0,2025-10,455473.55,0.14
2025-10,OILS,mustard oil,Mustard Oil,50.400000000000006,2025-10,455473.55,0.01
2025-10,OILS,olive oil,habit olive oil,369.0,2025-10,455473.55,0.08
2025-10,OILS,palm oil,oil,409.5,2025-10,455473.55,0.09
2025-10,PACKAGING MATERIALS,bio bag,bio glass,40.0,2025-10,455473.55,0.01
2025-10,PACKAGING MATERIALS,burger box,Mini Burger Box,490.0,2025-10,455473.55,0.11
2025-10,PACKAGING MATERIALS,french fries box,French Fries Box,1016.5,2025-10,455473.55,0.22
2025-10,PACKAGING MATERIALS,garlic bread box,Garlic Bread Box,262.5,2025-10,455473.55,0.06
2025-10,PACKAGING MATERIALS,large pizza box,Large Pizza Box,1306.8000000000002,2025-10,455473.55,0.29
2025-10,PACKAGING MATERIALS,medium pizza box,Medium Pizza Box,360.0,2025-10,455473.55,0.08
2025-10,PACKAGING MATERIALS,paper glass,Moktails Glass,880.0,2025-10,455473.55,0.19
2025-10,PACKAGING MATERIALS,pasta container,Pasta Container Black,1109.8,2025-10,455473.55,0.24
2025-10,PACKAGING MATERIALS,regular pizza box,Regular Pizza Box,2320.5,2025-10,455473.55,0.51
2025-10,PACKAGING MATERIALS,salad bowl,Salad Bowl 500ml,393.0,2025-10,455473.55,0.09
2025-10,PACKAGING MATERIALS,salad bowl,Salad Bowl 250ml,220.5,2025-10,455473.55,0.05
2025-10,PACKAGING MATERIALS,salad bowl,Dip Bowl,56.0,2025-10,455473.55,0.01
2025-10,PACKAGING MATERIALS,tissue,Tissue,54.0,2025-10,455473.55,0.01
2025-10,PACKAGING MATERIALS,wooden fork,Wooden Fork-160mm,-150.0,2025-10,455473.55,-0.03
2025-10,PACKAGING MATERIALS,wooden spoon,wodden spoon,130.0,2025-10,455473.55,0.03
2025-10,SAUCES & SPREADS,chocolate sauce,Malas Chocolate Sauce 5 ltr,265.0,2025-10,455473.55,0.06
2025-10,SAUCES & SPREADS,eggless mayonnaise,Veeba Eggless Mayonise Chef 1KG,1340.6299999999999,2025-10,455473.55,0.29
2025-10,SAUCES & SPREADS,gouda flavoured dressing,Veeba Gouda Flavoured Dressing,643.8600000000001,2025-10,455473.55,0.14
2025-10,SAUCES & SPREADS,honey mustard dressing,Honey mustard dressing,635.61,2025-10,455473.55,0.14
2025-10,SAUCES & SPREADS,ketchup sachet,Veeba Ketchup Sachet,1998.6,2025-10,455473.55,0.44
2025-10,SAUCES & SPREADS,makhani gravy,Veeba Makhani Gravy 1KG,420.0,2025-10,455473.55,0.09
2025-10,SAUCES & SPREADS,makhani gravy,makhni gravy,0.0,2025-10,455473.55,0.0
2025-10,SAUCES & SPREADS,pasta sauce,veeba pizza pasta sauce,2316.1200000000003,2025-10,455473.55,0.51
2025-10,SAUCES & SPREADS,pizza sauce,Pizza sauce premix,325.0,2025-10,455473.55,0.07
2025-10,SAUCES & SPREADS,pizza sauce,pizza sauce,-240.0,2025-10,455473.55,-0.05
2025-10,SAUCES & SPREADS,schezwan sauce,Schezwan sauce,0.0,2025-10,455473.55,0.0
2025-10,SAUCES & SPREADS,tandoori mayonnaise,tandoori mayonise,520.0,2025-10,455473.55,0.11
2025-10,SAUCES & SPREADS,thousand island dressing,Veeba ThousandIsland Dressing 1KG,351.76,2025-10,455473.55,0.08
2025-10,SAUCES & SPREADS,tomato ketchup,Veeba T. Ketchup 1.2KG,420.0,2025-10,455473.55,0.09
2025-10,SAUCES & SPREADS,tomato ketchup,tomato ketchup 1.2 bottle,100.0,2025-10,455473.55,0.02
2025-10,STATIONERY & MISC,pen,HABIT JALAPENO SLICES 2.9 KG,1112.0,2025-10,455473.55,0.24
2025-10,STATIONERY & MISC,pen,Puramate Pasta-Penne Rigatte 500g,1029.0,2025-10,455473.55,0.23
2025-10,STATIONERY & MISC,tape,Celotape-3/4inch-,184.0,2025-10,455473.55,0.04
2025-10,STATIONERY & MISC,voucher book,voucher book,290.0,2025-10,455473.55,0.06
2025-10,UNMAPPED,UNMAPPED,grocery,22583.45,2025-10,455473.55,4.96
2025-10,UNMAPPED,UNMAPPED,vegetables,5254.93,2025-10,455473.55,1.15
2025-10,UNMAPPED,UNMAPPED,hungritos premium,4734.6,2025-10,455473.55,1.04
2025-10,UNMAPPED,UNMAPPED,ENGLISH vegetables,2093.75,2025-10,455473.55,0.46
2025-10,UNMAPPED,UNMAPPED,black olive slice Habit,1542.0,2025-10,455473.55,0.34
2025-10,UNMAPPED,UNMAPPED,fruits and vegetables,871.0,2025-10,455473.55,0.19
2025-10,UNMAPPED,UNMAPPED,Mayonise premium,713.0,2025-10,455473.55,0.16
2025-10,UNMAPPED,UNMAPPED,red paprika habit,440.70000000000005,2025-10,455473.55,0.1
2025-10,UNMAPPED,UNMAPPED,KOT Printing Rolls,324.0,2025-10,455473.55,0.07
2025-10,UNMAPPED,UNMAPPED,Puramate Pasta-Gomiti Rigate - macroni - 500g,209.0,2025-10,455473.55,0.05
2025-10,UNMAPPED,UNMAPPED,egg-6.50,195.0,2025-10,455473.55,0.04
2025-10,UNMAPPED,UNMAPPED,bio covers,75.0,2025-10,455473.55,0.02
2025-10,UNMAPPED,UNMAPPED,Green Peas,0.0,2025-10,455473.55,0.0
2025-10,UNMAPPED,UNMAPPED,ice cube/80,0.0,2025-10,455473.55,0.0
2025-10,UNMAPPED,UNMAPPED,vegetable n fruit,-400.0,2025-10,455473.55,-0.09
2025-10,UTILITIES & EXPENSES,lpg gas,Gas-LPG-HPCL,15530.0,2025-10,455473.55,3.41
2025-10,VEGETABLES,baby corn,habit baby corn,108.0,2025-10,455473.55,0.02
2025-10,VEGETABLES,garlic,chilly garlic spread,340.0,2025-10,455473.55,0.07
2025-10,VEGETABLES,garlic,garlic,260.0,2025-10,455473.55,0.06
2025-10,VEGETABLES,mushroom,G.Crown Mushroom Slice 800g,3193.0,2025-10,455473.55,0.7
2025-10,VEGETABLES,tomato,tomato and fruits,610.0,2025-10,455473.55,0.13
2025-10,VEGETABLES,yam,Maida yamuna,1276.0,2025-10,455473.55,0.28
2025-09,BAKERY & PREMIX,bread premix,Bread Premix,480.0,2025-09,480840.35,0.1
2025-09,BAKERY & PREMIX,brownie,Brownie,770.0,2025-09,480840.35,0.16
2025-09,BAKERY & PREMIX,burger bun,burger buns,768.0,2025-09,480840.35,0.16
2025-09,BAKERY & PREMIX,pizza premix,Pizza Premix,6048.0,2025-09,480840.35,1.26
2025-09,BEVERAGES,7up,7UP 750ml Pet,1443.54,2025-09,480840.35,0.3
2025-09,BEVERAGES,7up,7up 1 ltr,842.4599999999999,2025-09,480840.35,0.18
2025-09,BEVERAGES,7up,7up 250ml Pet,420.0,2025-09,480840.35,0.09
2025-09,BEVERAGES,7up,7up can 300ml,-68.57999999999993,2025-09,480840.35,-0.01
2025-09,BEVERAGES,aqua fina,Aqua Fina Mineral Water 1Ltr,345.65999999999997,2025-09,480840.35,0.07
2025-09,BEVERAGES,blue occean syrup,DVC BLUE OCCEAN FLV SYRUP 750ML,-778.8,2025-09,480840.35,-0.16
2025-09,BEVERAGES,bubblegum syrup,DVC Bubblegum Syrup Syrup 750 ml,-253.7,2025-09,480840.35,-0.05
2025-09,BEVERAGES,cucumber syrup,DVC Cucumber Syrup 750 ml,530.0,2025-09,480840.35,0.11
2025-09,BEVERAGES,dew,Dew 750ml Pet,1031.1,2025-09,480840.35,0.21
2025-09,BEVERAGES,dew,Dew can 300ml,651.51,2025-09,480840.35,0.14
2025-09,BEVERAGES,dew,Dew 250ml Pet,525.0,2025-09,480840.35,0.11
2025-09,BEVERAGES,dew,dew 750 ml,-309.33,2025-09,480840.35,-0.06
2025-09,BEVERAGES,dew,Dew 330 ml can,-377.19,2025-09,480840.35,-0.08
2025-09,BEVERAGES,lehar soda,Lehar Soda,493.79999999999995,2025-09,480840.35,0.1
2025-09,BEVERAGES,mixed berry syrup,DVC Mixed Berry Beverage Blend Syrup 750 ml,-414.0,2025-09,480840.35,-0.09
2025-09,BEVERAGES,mojito mint,mojito,4160.0,2025-09,480840.35,0.87
2025-09,BEVERAGES,mojito mint,Mojito Menta Cubano,3120.0,2025-09,480840.35,0.65
2025-09,BEVERAGES,mojito mint,DVC MOJITO MINT 750ML,-2029.6,2025-09,480840.35,-0.42
2025-09,BEVERAGES,passion fruit syrup,DVC PASSION FRUIT FLV SYRUP 750ML,-260.0,2025-09,480840.35,-0.05
2025-09,BEVERAGES,peach syrup,DVC Peach Garden Syrup Syrup 750 ml,-244.26,2025-09,480840.35,-0.05
2025-09,BEVERAGES,pepsi,Pepsi 250ml Pet,1662.5,2025-09,480840.35,0.35
2025-09,BEVERAGES,pepsi,pepsi can300ml,891.5400000000001,2025-09,480840.35,0.19
2025-09,BEVERAGES,pepsi,pepsi 1 ltr,620.76,2025-09,480840.35,0.13
2025-09,BEVERAGES,pepsi,Pepsi 750ml Pet,412.44000000000005,2025-09,480840.35,0.09
2025-09,BEVERAGES,pepsi,pepsi can 330ml,-342.9,2025-09,480840.35,-0.07
2025-09,BEVERAGES,slice mango,Slice Mango 600ml pet,188.28,2025-09,480840.35,0.04
2025-09,BEVERAGES,slice mango,slice mango 600ml,-36.08,2025-09,480840.35,-0.01
2025-09,BEVERAGES,strawberry syrup,straw,-20.0,2025-09,480840.35,-0.0
2025-09,BEVERAGES,strawberry syrup,DVC Strawberry Syrup Syrup 750 ml,-244.26,2025-09,480840.35,-0.05
2025-09,BEVERAGES,water 20l,water melon,100.0,2025-09,480840.35,0.02
2025-09,CHEESE & DAIRY,butter,milky mist butter 500gm,1249.0,2025-09,480840.35,0.26
2025-09,CHEESE & DAIRY,butter,butter,760.0,2025-09,480840.35,0.16
2025-09,CHEESE & DAIRY,butter,Butter,380.0,2025-09,480840.35,0.08
2025-09,CHEESE & DAIRY,butter,malas butterscotch crush,42.900000000000006,2025-09,480840.35,0.01
2025-09,CHEESE & DAIRY,butter,Butter Scotch Ice-cream,0.0,2025-09,480840.35,0.0
2025-09,CHEESE & DAIRY,butter,dynamix butter,-526.4,2025-09,480840.35,-0.11
2025-09,CHEESE & DAIRY,cheddar cheese,GO Orange Cheddar Cheese 2kg,1926.1,2025-09,480840.35,0.4
2025-09,CHEESE & DAIRY,cheese jalapeno dip,cheese jalapeno dip,0.0,2025-09,480840.35,0.0
2025-09,CHEESE & DAIRY,colby cheese,colby cheese 1 kg,126.89999999999964,2025-09,480840.35,0.03
2025-09,CHEESE & DAIRY,diced mozzarella,dynamic diced mozerella,27445.950000000004,2025-09,480840.35,5.71
2025-09,CHEESE & DAIRY,fresh cream,Vanilla Ice-cream 4ltr,2720.0,2025-09,480840.35,0.57
2025-09,CHEESE & DAIRY,fresh cream,Chocolate Ice-cream 4ltr,1142.4,2025-09,480840.35,0.24
2025-09,CHEESE & DAIRY,fresh cream,Richs versatie cream,1059.7000000000003,2025-09,480840.35,0.22
2025-09,CHEESE & DAIRY,fresh cream,ice cream vanilla,968.0,2025-09,480840.35,0.2
2025-09,CHEESE & DAIRY,fresh cream,Strawberry-Ice cream,0.0,2025-09,480840.35,0.0
2025-09,CHEESE & DAIRY,milk,milk,800.0,2025-09,480840.35,0.17
2025-09,CHEESE & DAIRY,milk,milk choco 180 ml,599.8,2025-09,480840.35,0.12
2025-09,CHEESE & DAIRY,milk,milk rose,110.0,2025-09,480840.35,0.02
2025-09,CHEESE & DAIRY,milk,Mittai-Milk-Amul,-64.0,2025-09,480840.35,-0.01
2025-09,CHEESE & DAIRY,milk,milk shake assorted,-49.18,2025-09,480840.35,-0.01
2025-09,CHEESE & DAIRY,paneer,Paneer,1450.0,2025-09,480840.35,0.3
2025-09,CHEESE & DAIRY,paneer,paneer,580.0,2025-09,480840.35,0.12
2025-09,CHEESE & DAIRY,paneer,paneer tikka powder,-2745.0,2025-09,480840.35,-0.57
2025-09,CHEESE & DAIRY,processed cheese,Processed cheese block,831.5999999999998,2025-09,480840.35,0.17
2025-09,CHEESE & DAIRY,slice cheese,slice cheese,692.46,2025-09,480840.35,0.14
2025-09,CHEESE & DAIRY,slice cheese,dynamix slice cheese,639.54,2025-09,480840.35,0.13
2025-09,"FLOUR, GRAINS & DRY GOODS",atta,atta,0.0,2025-09,480840.35,0.0
2025-09,"FLOUR, GRAINS & DRY GOODS",corn meal,Corn Meal - MAKKA RAVA,-165.0,2025-09,480840.35,-0.03
2025-09,"FLOUR, GRAINS & DRY GOODS",rice,staff rice 26kg,-270.0,2025-09,480840.35,-0.06
2025-09,FROZEN ITEMS,french fries,french fry hungritos 2.5kg,7355.0,2025-09,480840.35,1.53
2025-09,FROZEN ITEMS,frozen sweet corn,sweet corn 1kg,1430.0,2025-09,480840.35,0.3
2025-09,FROZEN ITEMS,frozen sweet corn,sweet corn,-380.0,2025-09,480840.35,-0.08
2025-09,FROZEN ITEMS,potato pops,POTATO POPS,348.56,2025-09,480840.35,0.07
2025-09,FROZEN ITEMS,potato wedges,potato wedges,842.4499999999999,2025-09,480840.35,0.18
2025-09,FRUITS,apple,DVC Green Apple 750 ML,-259.5999999999999,2025-09,480840.35,-0.05
2025-09,FRUITS,chicku pulp,Berry Fresh Chicku Pulp,1036.0,2025-09,480840.35,0.22
2025-09,FRUITS,chicku pulp,Berry Fresh Chicku Pulp 2kg,560.0,2025-09,480840.35,0.12
2025-09,FRUITS,pineapple,Pineapple slice-Tajir Habit-850g,0.0,2025-09,480840.35,0.0
2025-09,FRUITS,tender coconut pulp,Berry Fresh Tender Coconut Pulp 2kg,1184.0,2025-09,480840.35,0.25
2025-09,FRUITS,tender coconut pulp,Berry Fresh Tender Coconut Pulp,-370.0,2025-09,480840.35,-0.08
2025-09,FRUITS,watermelon,DVC Watermelon Syrup 750 ml,0.0,2025-09,480840.35,0.0
2025-09,MASALA & SEASONINGS,aromat seasoning,Aromat Seasoning Powder,344.0,2025-09,480840.35,0.07
2025-09,MASALA & SEASONINGS,bbq mix,BBQ Mix Masala,279.0,2025-09,480840.35,0.06
2025-09,MASALA & SEASONINGS,chilly flakes,chilly flakes sachet,1157.0,2025-09,480840.35,0.24
2025-09,MASALA & SEASONINGS,chilly flakes,chilly flakes 500gm,-39.0,2025-09,480840.35,-0.01
2025-09,MASALA & SEASONINGS,chilly flakes,CHILLY FLAKES SACHET 0.8GM,-696.8,2025-09,480840.35,-0.14
2025-09,MASALA & SEASONINGS,herb mix,Herb Mix Masla,936.5999999999999,2025-09,480840.35,0.19
2025-09,MASALA & SEASONINGS,herb mix,Chettinad Mix,0.0,2025-09,480840.35,0.0
2025-09,MASALA & SEASONINGS,mexican masala,Mexican Masala,-6640.0,2025-09,480840.35,-1.38
2025-09,MASALA & SEASONINGS,mexican mix,mexican mix,8700.0,2025-09,480840.35,1.81
2025-09,MASALA & SEASONINGS,oregano,OREGANO SACHET 0.8GM,978.1999999999999,2025-09,480840.35,0.2
2025-09,MASALA & SEASONINGS,oregano,Oregano Sprinkler 500g,660.0,2025-09,480840.35,0.14
2025-09,MASALA & SEASONINGS,piri piri marinade,Piri Piri Marinade 1KG,332.86,2025-09,480840.35,0.07
2025-09,MASALA & SEASONINGS,piri piri marinade,Grain spicy marinade,254.8,2025-09,480840.35,0.05
2025-09,MASALA & SEASONINGS,tandoori masala,Tandoori mix Masala,705.5,2025-09,480840.35,0.15
2025-09,MEAT & POULTRY,boneless chicken,Boneless Chicken,17713.22,2025-09,480840.35,3.68
2025-09,MEAT & POULTRY,chicken burger pattis,sneha chi burgar pattis,2889.6,2025-09,480840.35,0.6
2025-09,MEAT & POULTRY,chicken burger pattis,Veg burger pattis,322.5,2025-09,480840.35,0.07
2025-09,MEAT & POULTRY,chicken burger pattis,Chicken burger pattis,-1095.5,2025-09,480840.35,-0.23
2025-09,MEAT & POULTRY,chicken kheema,chicken kheema masala,-942.5,2025-09,480840.35,-0.2
2025-09,MEAT & POULTRY,chicken nuggets,sneha chi nuggets,855.5999999999999,2025-09,480840.35,0.18
2025-09,MEAT & POULTRY,chicken pepperoni,chicken pepperoni,865.0,2025-09,480840.35,0.18
2025-09,MEAT & POULTRY,chicken popcorn,CHICKEN POPCORN,-331.2,2025-09,480840.35,-0.07
2025-09,MEAT & POULTRY,chicken salami,Zippy Chicken Salami,1320.0,2025-09,480840.35,0.27
2025-09,MEAT & POULTRY,chicken salami,SALAMI,-558.0,2025-09,480840.35,-0.12
2025-09,MEAT & POULTRY,chicken sausage,Chicken Sausage,-550.0,2025-09,480840.35,-0.11
2025-09,MEAT & POULTRY,lamb pepperoni,Lamp Pepperoni,895.0,2025-09,480840.35,0.19
2025-09,MEAT & POULTRY,staff chicken,staff chicken,315.0,2025-09,480840.35,0.07
2025-09,MEAT & POULTRY,whole chicken,chicken pop corn sneha,428.0,2025-09,480840.35,0.09
2025-09,OILS,mustard oil,Mustard Oil,0.0,2025-09,480840.35,0.0
2025-09,OILS,olive oil,habit olive oil,369.0,2025-09,480840.35,0.08
2025-09,OILS,palm oil,oil,136.5,2025-09,480840.35,0.03
2025-09,PACKAGING MATERIALS,bio bag,bio glass,-40.0,2025-09,480840.35,-0.01
2025-09,PACKAGING MATERIALS,burger box,Mini Burger Box,255.0,2025-09,480840.35,0.05
2025-09,PACKAGING MATERIALS,french fries box,French Fries Box,-80.25,2025-09,480840.35,-0.02
2025-09,PACKAGING MATERIALS,garlic bread box,Garlic Bread Box,502.5,2025-09,480840.35,0.1
2025-09,PACKAGING MATERIALS,large pizza box,Large Pizza Box,1544.4000000000005,2025-09,480840.35,0.32
2025-09,PACKAGING MATERIALS,medium pizza box,Medium Pizza Box,3510.0,2025-09,480840.35,0.73
2025-09,PACKAGING MATERIALS,paper glass,Moktails Glass,840.0,2025-09,480840.35,0.17
2025-09,PACKAGING MATERIALS,pasta container,Pasta Container Black,868.1500000000001,2025-09,480840.35,0.18
2025-09,PACKAGING MATERIALS,regular pizza box,Regular Pizza Box,3893.0,2025-09,480840.35,0.81
2025-09,PACKAGING MATERIALS,salad bowl,Salad Bowl 500ml,327.5,2025-09,480840.35,0.07
2025-09,PACKAGING MATERIALS,salad bowl,Salad Bowl 250ml,157.5,2025-09,480840.35,0.03
2025-09,PACKAGING MATERIALS,salad bowl,Dip Bowl,44.0,2025-09,480840.35,0.01
2025-09,PACKAGING MATERIALS,tissue,Tissue,18.0,2025-09,480840.35,0.0
2025-09,PACKAGING MATERIALS,wooden fork,wooden fork,170.0,2025-09,480840.35,0.04
2025-09,PACKAGING MATERIALS,wooden spoon,wodden spoon,-130.0,2025-09,480840.35,-0.03
2025-09,SAUCES & SPREADS,cheesy spread,cheesy spread dip,396.0,2025-09,480840.35,0.08
2025-09,SAUCES & SPREADS,chocolate sauce,Malas Chocolate Sauce 5 ltr,3392.0,2025-09,480840.35,0.71
2025-09,SAUCES & SPREADS,eggless mayonnaise,Veeba Eggless Mayonise Chef 1KG,1200.0,2025-09,480840.35,0.25
2025-09,SAUCES & SPREADS,gouda flavoured dressing,Veeba Gouda Flavoured Dressing,-1212.0,2025-09,480840.35,-0.25
2025-09,SAUCES & SPREADS,honey mustard dressing,Honey mustard dressing,791.0,2025-09,480840.35,0.16
2025-09,SAUCES & SPREADS,honey mustard dressing,Honey,244.0,2025-09,480840.35,0.05
2025-09,SAUCES & SPREADS,ketchup sachet,Veeba Ketchup Sachet,1122.0,2025-09,480840.35,0.23
2025-09,SAUCES & SPREADS,makhani gravy,Veeba Makhani Gravy 1KG,644.0,2025-09,480840.35,0.13
2025-09,SAUCES & SPREADS,makhani gravy,makhni gravy,-224.0,2025-09,480840.35,-0.05
2025-09,SAUCES & SPREADS,pasta sauce,veeba pizza pasta sauce,1930.0999999999995,2025-09,480840.35,0.4
2025-09,SAUCES & SPREADS,pizza sauce,Pizza sauce premix,260.0,2025-09,480840.35,0.05
2025-09,SAUCES & SPREADS,pizza sauce,pizza sauce,120.0,2025-09,480840.35,0.02
2025-09,SAUCES & SPREADS,schezwan sauce,Schezwan sauce,182.0,2025-09,480840.35,0.04
2025-09,SAUCES & SPREADS,tandoori mayonnaise,tandoori mayonise,520.0,2025-09,480840.35,0.11
2025-09,SAUCES & SPREADS,thousand island dressing,Veeba ThousandIsland Dressing 1KG,750.4000000000001,2025-09,480840.35,0.16
2025-09,SAUCES & SPREADS,tomato ketchup,tomato ketchup 1.2 bottle,440.0,2025-09,480840.35,0.09
2025-09,SAUCES & SPREADS,tomato ketchup,Veeba T. Ketchup 1.2KG,105.0,2025-09,480840.35,0.02
2025-09,STATIONERY & MISC,pen,HABIT JALAPENO SLICES 2.9 KG,1262.0,2025-09,480840.35,0.26
2025-09,STATIONERY & MISC,pen,Puramate Pasta-Penne Rigatte 500g,781.0,2025-09,480840.35,0.16
2025-09,STATIONERY & MISC,tape,Celotape-3/4inch-,-184.0,2025-09,480840.35,-0.04
2025-09,UNMAPPED,UNMAPPED,grocery,22585.44,2025-09,480840.35,4.7
2025-09,UNMAPPED,UNMAPPED,vegetables,5984.13,2025-09,480840.35,1.24
2025-09,UNMAPPED,UNMAPPED,ENGLISH vegetables,3318.6,2025-09,480840.35,0.69
2025-09,UNMAPPED,UNMAPPED,black olive slice btl 450gm,1557.52,2025-09,480840.35,0.32
2025-09,UNMAPPED,UNMAPPED,black olive slice Habit,1352.7,2025-09,480840.35,0.28
2025-09,UNMAPPED,UNMAPPED,red paprika habit,603.72,2025-09,480840.35,0.13
2025-09,UNMAPPED,UNMAPPED,KOT Printing Rolls,540.0,2025-09,480840.35,0.11
2025-09,UNMAPPED,UNMAPPED,fruits,506.68,2025-09,480840.35,0.11
2025-09,UNMAPPED,UNMAPPED,fruits and vegetables,316.0,2025-09,480840.35,0.07
2025-09,UNMAPPED,UNMAPPED,Mayonise premium,276.0,2025-09,480840.35,0.06
2025-09,UNMAPPED,UNMAPPED,egg-6.50,260.0,2025-09,480840.35,0.05
2025-09,UNMAPPED,UNMAPPED,Puramate Pasta-Gomiti Rigate - macroni - 500g,213.0,2025-09,480840.35,0.04
2025-09,UNMAPPED,UNMAPPED,Green Peas,72.5,2025-09,480840.35,0.02
2025-09,UNMAPPED,UNMAPPED,cashew,100.0,2025-09,480840.35,0.02
2025-09,UNMAPPED,UNMAPPED,ice cube/80,0.0,2025-09,480840.35,0.0
2025-09,UNMAPPED,UNMAPPED,bio covers,-60.0,2025-09,480840.35,-0.01
2025-09,UNMAPPED,UNMAPPED,hungritos premium,-2657.6,2025-09,480840.35,-0.55
2025-09,UTILITIES & EXPENSES,lpg gas,Gas-LPG-HPCL,15490.0,2025-09,480840.35,3.22
2025-09,VEGETABLES,baby corn,Baby Corn Whole-800GM-Tajir Habit,560.0,2025-09,480840.35,0.12
2025-09,VEGETABLES,baby corn,habit baby corn,-108.0,2025-09,480840.35,-0.02
2025-09,VEGETABLES,capsicum,capsicum,72.0,2025-09,480840.35,0.01
2025-09,VEGETABLES,garlic,garlic,180.0,2025-09,480840.35,0.04
2025-09,VEGETABLES,garlic,chilly garlic spread,0.0,2025-09,480840.35,0.0
2025-09,VEGETABLES,mushroom,G.Crown Mushroom Slice 800g,3605.0,2025-09,480840.35,0.75
2025-09,VEGETABLES,yam,Maida yamuna,7292.8,2025-09,480840.35,1.52
2025-08,BAKERY & PREMIX,bread premix,Bread Premix,0.0,2025-08,507628.39999999997,0.0
2025-08,BAKERY & PREMIX,brownie,Brownie,1925.0,2025-08,507628.39999999997,0.38
2025-08,BAKERY & PREMIX,burger bun,burger buns,384.0,2025-08,507628.39999999997,0.08
2025-08,BAKERY & PREMIX,burger bun,burger bun 4,96.0,2025-08,507628.39999999997,0.02
2025-08,BAKERY & PREMIX,pizza premix,Pizza Premix,3654.0,2025-08,507628.39999999997,0.72
2025-08,BEVERAGES,7up,7up 250ml Pet,1557.5,2025-08,507628.39999999997,0.31
2025-08,BEVERAGES,7up,7up pet 750ml,859.25,2025-08,507628.39999999997,0.17
2025-08,BEVERAGES,7up,7up 1 ltr,753.78,2025-08,507628.39999999997,0.15
2025-08,BEVERAGES,7up,7up can 300ml,308.61,2025-08,507628.39999999997,0.06
2025-08,BEVERAGES,7up,7UP 750ml Pet,-137.48000000000002,2025-08,507628.39999999997,-0.03
2025-08,BEVERAGES,aqua fina,Aqua Fina Mineral Water 1Ltr,270.88,2025-08,507628.39999999997,0.05
2025-08,BEVERAGES,blue occean syrup,DVC BLUE OCCEAN FLV SYRUP 750ML,363.4399999999998,2025-08,507628.39999999997,0.07
2025-08,BEVERAGES,bubblegum syrup,DVC Bubblegum Syrup Syrup 750 ml,405.92,2025-08,507628.39999999997,0.08
2025-08,BEVERAGES,cucumber syrup,DVC Cucumber Syrup 750 ml,0.0,2025-08,507628.39999999997,0.0
2025-08,BEVERAGES,dew,dew 750 ml,893.62,2025-08,507628.39999999997,0.18
2025-08,BEVERAGES,dew,dew can300ml,788.67,2025-08,507628.39999999997,0.16
2025-08,BEVERAGES,dew,Dew 250ml Pet,472.5,2025-08,507628.39999999997,0.09
2025-08,BEVERAGES,dew,Dew 750ml Pet,-206.22,2025-08,507628.39999999997,-0.04
2025-08,BEVERAGES,dew,Dew can 300ml,-651.51,2025-08,507628.39999999997,-0.13
2025-08,BEVERAGES,lehar soda,Lehar Soda,1168.66,2025-08,507628.39999999997,0.23
2025-08,BEVERAGES,mixed berry syrup,DVC Mixed Berry Beverage Blend Syrup 750 ml,828.0,2025-08,507628.39999999997,0.16
2025-08,BEVERAGES,mojito mint,Mojito Menta Cubano,0.0,2025-08,507628.39999999997,0.0
2025-08,BEVERAGES,passion fruit syrup,DVC Passion Fruit 750ML,726.88,2025-08,507628.39999999997,0.14
2025-08,BEVERAGES,passion fruit syrup,DVC PASSION FRUIT FLV SYRUP 750ML,-260.0,2025-08,507628.39999999997,-0.05
2025-08,BEVERAGES,peach syrup,DVC Peach GardenSyrup 750 ml,424.0,2025-08,507628.39999999997,0.08
2025-08,BEVERAGES,pepsi,Pepsi 250ml Pet,1225.0,2025-08,507628.39999999997,0.24
2025-08,BEVERAGES,pepsi,Pepsi 750ml Pet,1237.32,2025-08,507628.39999999997,0.24
2025-08,BEVERAGES,pepsi,pepsi 1 ltr,886.8000000000001,2025-08,507628.39999999997,0.17
2025-08,BEVERAGES,pepsi,pepsi can300ml,754.38,2025-08,507628.39999999997,0.15
2025-08,BEVERAGES,slice mango,slice mango 600ml,721.6,2025-08,507628.39999999997,0.14
2025-08,BEVERAGES,slice mango,Slice Mango 600ml pet,-188.28,2025-08,507628.39999999997,-0.04
2025-08,BEVERAGES,strawberry syrup,DVC Strawberry Syrup Syrup 750 ml,977.04,2025-08,507628.39999999997,0.19
2025-08,BEVERAGES,strawberry syrup,DVC Strawberry Syrup 750 ml,405.92,2025-08,507628.39999999997,0.08
2025-08,BEVERAGES,strawberry syrup,straw,60.0,2025-08,507628.39999999997,0.01
2025-08,CHEESE & DAIRY,butter,Butter,1330.0,2025-08,507628.39999999997,0.26
2025-08,CHEESE & DAIRY,butter,dynamix butter,1052.8,2025-08,507628.39999999997,0.21
2025-08,CHEESE & DAIRY,butter,Butter Scotch Sauce 750ml,114.4,2025-08,507628.39999999997,0.02
2025-08,CHEESE & DAIRY,butter,Butter Scotch Ice-cream,0.0,2025-08,507628.39999999997,0.0
2025-08,CHEESE & DAIRY,butter,malas butterscotch crush,-185.9,2025-08,507628.39999999997,-0.04
2025-08,CHEESE & DAIRY,butter,milky mist butter 500gm,-624.5,2025-08,507628.39999999997,-0.12
2025-08,CHEESE & DAIRY,cheddar cheese,dynamix shredded cheese,8393.75,2025-08,507628.39999999997,1.65
2025-08,CHEESE & DAIRY,cheddar cheese,GO Orange Cheddar Cheese 2kg,-1926.1,2025-08,507628.39999999997,-0.38
2025-08,CHEESE & DAIRY,colby cheese,colby cheese 1 kg,-2220.68,2025-08,507628.39999999997,-0.44
2025-08,CHEESE & DAIRY,curd,curd,30.0,2025-08,507628.39999999997,0.01
2025-08,CHEESE & DAIRY,diced mozzarella,dynamic diced mozerella,21149.260000000002,2025-08,507628.39999999997,4.17
2025-08,CHEESE & DAIRY,fresh cream,Vanilla Ice-cream,2176.0,2025-08,507628.39999999997,0.43
2025-08,CHEESE & DAIRY,fresh cream,Richs versatie cream,1907.46,2025-08,507628.39999999997,0.38
2025-08,CHEESE & DAIRY,fresh cream,Chocolate Ice-cream 4ltr,979.2,2025-08,507628.39999999997,0.19
2025-08,CHEESE & DAIRY,fresh cream,Strawberry-Ice cream,754.8,2025-08,507628.39999999997,0.15
2025-08,CHEESE & DAIRY,fresh cream,Vanilla Ice-cream 4ltr,0.0,2025-08,507628.39999999997,0.0
2025-08,CHEESE & DAIRY,milk,milk,525.0,2025-08,507628.39999999997,0.1
2025-08,CHEESE & DAIRY,milk,milk choco 180 ml,239.92,2025-08,507628.39999999997,0.05
2025-08,CHEESE & DAIRY,milk,milk kesar badam 180ml,202.0,2025-08,507628.39999999997,0.04
2025-08,CHEESE & DAIRY,milk,milk vanilla 180ml,202.0,2025-08,507628.39999999997,0.04
2025-08,CHEESE & DAIRY,monterey jack,GO-Monterey Jack Cheese-2kg,2035.25,2025-08,507628.39999999997,0.4
2025-08,CHEESE & DAIRY,orange cheddar,dynamic cheddar block,1108.0,2025-08,507628.39999999997,0.22
2025-08,CHEESE & DAIRY,paneer,paneer tikka powder,2700.0,2025-08,507628.39999999997,0.53
2025-08,CHEESE & DAIRY,paneer,Paneer,870.0,2025-08,507628.39999999997,0.17
2025-08,CHEESE & DAIRY,paneer,Paneer tikka masala,187.5,2025-08,507628.39999999997,0.04
2025-08,CHEESE & DAIRY,paneer,paneer,-580.0,2025-08,507628.39999999997,-0.11
2025-08,CHEESE & DAIRY,processed cheese,Processed cheese block,1663.1999999999998,2025-08,507628.39999999997,0.33
2025-08,CHEESE & DAIRY,slice cheese,slice cheese,1553.58,2025-08,507628.39999999997,0.31
2025-08,CLEANING SUPPLIES,ant powder,tandoori tikka powder,1150.0,2025-08,507628.39999999997,0.23
2025-08,"FLOUR, GRAINS & DRY GOODS",atta,atta,-270.0,2025-08,507628.39999999997,-0.05
2025-08,"FLOUR, GRAINS & DRY GOODS",corn meal,Corn Meal - MAKKA RAVA,110.0,2025-08,507628.39999999997,0.02
2025-08,"FLOUR, GRAINS & DRY GOODS",rice,staff rice,730.0,2025-08,507628.39999999997,0.14
2025-08,"FLOUR, GRAINS & DRY GOODS",rice,staff rice 26kg,594.0,2025-08,507628.39999999997,0.12
2025-08,FROZEN ITEMS,french fries,french fry hungritos 2.5kg,6554.35,2025-08,507628.39999999997,1.29
2025-08,FROZEN ITEMS,frozen sweet corn,Frozen Sweet Corn-Pal Fresh 500gm,450.0,2025-08,507628.39999999997,0.09
2025-08,FROZEN ITEMS,frozen sweet corn,sweet corn 1kg,-130.0,2025-08,507628.39999999997,-0.03
2025-08,FROZEN ITEMS,potato pops,POTATO POPS,150.14999999999998,2025-08,507628.39999999997,0.03
2025-08,FROZEN ITEMS,potato wedges,Mc Cain Potato Wedges 2.5kg,464.8,2025-08,507628.39999999997,0.09
2025-08,FROZEN ITEMS,potato wedges,potato wedges,278.87999999999994,2025-08,507628.39999999997,0.05
2025-08,FRUITS,apple,DVC Green Apple 750 ML,363.44000000000005,2025-08,507628.39999999997,0.07
2025-08,FRUITS,chicku pulp,Berry Fresh Chicku Pulp,-476.0,2025-08,507628.39999999997,-0.09
2025-08,FRUITS,pineapple,pineapple,199.99,2025-08,507628.39999999997,0.04
2025-08,FRUITS,pineapple,Pineapple slice-Tajir Habit-850g,110.25,2025-08,507628.39999999997,0.02
2025-08,FRUITS,tender coconut pulp,Berry Fresh Tender Coconut Pulp,1295.0,2025-08,507628.39999999997,0.26
2025-08,FRUITS,tender coconut pulp,Berry Fresh Tender Coconut Pulp 2kg,-444.0,2025-08,507628.39999999997,-0.09
2025-08,FRUITS,watermelon,DVC Watermelon Syrup 750 ml,-519.2,2025-08,507628.39999999997,-0.1
2025-08,MASALA & SEASONINGS,aromat seasoning,Aromat Seasoning Powder,-292.4,2025-08,507628.39999999997,-0.06
2025-08,MASALA & SEASONINGS,bbq mix,BBQ Mix Masala,1720.5,2025-08,507628.39999999997,0.34
2025-08,MASALA & SEASONINGS,chilli flakes,Chilli Flakes,44.0,2025-08,507628.39999999997,0.01
2025-08,MASALA & SEASONINGS,chilly flakes,chilly flakes sachet,856.44,2025-08,507628.39999999997,0.17
2025-08,MASALA & SEASONINGS,herb mix,Herb Mix Masla,669.0,2025-08,507628.39999999997,0.13
2025-08,MASALA & SEASONINGS,herb mix,Chettinad Mix,260.4,2025-08,507628.39999999997,0.05
2025-08,MASALA & SEASONINGS,mexican masala,Mexican Masala,830.0,2025-08,507628.39999999997,0.16
2025-08,MASALA & SEASONINGS,mexican mix,mexican mix,1696.5,2025-08,507628.39999999997,0.33
2025-08,MASALA & SEASONINGS,oregano,OREGANO SACHET 0.8GM,773.8000000000002,2025-08,507628.39999999997,0.15
2025-08,MASALA & SEASONINGS,oregano,Oregano Sprinkler 500g,660.0,2025-08,507628.39999999997,0.13
2025-08,MASALA & SEASONINGS,piri piri marinade,Piri Piri Marinade 1KG,237.76,2025-08,507628.39999999997,0.05
2025-08,MASALA & SEASONINGS,piri piri marinade,Grain spicy marinade,-254.8,2025-08,507628.39999999997,-0.05
2025-08,MASALA & SEASONINGS,tandoori masala,Tandoori mix Masala,1120.5,2025-08,507628.39999999997,0.22
2025-08,MEAT & POULTRY,boneless chicken,Boneless Chicken,20955.59,2025-08,507628.39999999997,4.13
2025-08,MEAT & POULTRY,chicken burger pattis,sneha chi burgar pattis,2150.4,2025-08,507628.39999999997,0.42
2025-08,MEAT & POULTRY,chicken burger pattis,Veg burger pattis,360.0,2025-08,507628.39999999997,0.07
2025-08,MEAT & POULTRY,chicken kheema,chicken kheema masala,780.0,2025-08,507628.39999999997,0.15
2025-08,MEAT & POULTRY,chicken nuggets,sneha chi nuggets,1214.4,2025-08,507628.39999999997,0.24
2025-08,MEAT & POULTRY,chicken pepperoni,chicken pepperoni,432.5,2025-08,507628.39999999997,0.09
2025-08,MEAT & POULTRY,chicken salami,Zippy Chicken Salami,495.0,2025-08,507628.39999999997,0.1
2025-08,MEAT & POULTRY,chicken sausage,Chicken Sausage,1198.6,2025-08,507628.39999999997,0.24
2025-08,MEAT & POULTRY,lamb pepperoni,Lamp Pepperoni,1342.5,2025-08,507628.39999999997,0.26
2025-08,MEAT & POULTRY,staff chicken,staff chicken,300.0,2025-08,507628.39999999997,0.06
2025-08,MEAT & POULTRY,whole chicken,chicken pop corn sneha,193.2,2025-08,507628.39999999997,0.04
2025-08,OILS,mustard oil,Mustard Oil,0.0,2025-08,507628.39999999997,0.0
2025-08,OILS,olive oil,habit olive oil,553.5,2025-08,507628.39999999997,0.11
2025-08,OILS,palm oil,oil,-955.5,2025-08,507628.39999999997,-0.19
2025-08,PACKAGING MATERIALS,bio bag,bio glass,40.0,2025-08,507628.39999999997,0.01
2025-08,PACKAGING MATERIALS,burger box,Mini Burger Box,585.0,2025-08,507628.39999999997,0.12
2025-08,PACKAGING MATERIALS,french fries box,French Fries Box,-401.25,2025-08,507628.39999999997,-0.08
2025-08,PACKAGING MATERIALS,garlic bread box,Garlic Bread Box,600.0,2025-08,507628.39999999997,0.12
2025-08,PACKAGING MATERIALS,large pizza box,Large Pizza Box,1752.2999999999997,2025-08,507628.39999999997,0.35
2025-08,PACKAGING MATERIALS,medium pizza box,Medium Pizza Box,2990.0,2025-08,507628.39999999997,0.59
2025-08,PACKAGING MATERIALS,paper glass,Moktails Glass,760.0,2025-08,507628.39999999997,0.15
2025-08,PACKAGING MATERIALS,pasta container,Pasta Container Black,125.29999999999995,2025-08,507628.39999999997,0.02
2025-08,PACKAGING MATERIALS,regular pizza box,Regular Pizza Box,4037.5,2025-08,507628.39999999997,0.8
2025-08,PACKAGING MATERIALS,salad bowl,Salad Bowl 250ml,409.5,2025-08,507628.39999999997,0.08
2025-08,PACKAGING MATERIALS,salad bowl,Salad Bowl 500ml,327.5,2025-08,507628.39999999997,0.06
2025-08,PACKAGING MATERIALS,tissue,Tissue,54.0,2025-08,507628.39999999997,0.01
2025-08,PACKAGING MATERIALS,wooden fork,wooden fork,-170.0,2025-08,507628.39999999997,-0.03
2025-08,PACKAGING MATERIALS,wooden spoon,wodden spoon,130.0,2025-08,507628.39999999997,0.03
2025-08,SAUCES & SPREADS,cheesy spread,cheesy spread dip,132.0,2025-08,507628.39999999997,0.03
2025-08,SAUCES & SPREADS,chocolate sauce,Malas Chocolate Sauce 5 ltr,-2862.0,2025-08,507628.39999999997,-0.56
2025-08,SAUCES & SPREADS,eggless mayonnaise,Veeba Eggless Mayonise Chef 1KG,1350.0,2025-08,507628.39999999997,0.27
2025-08,SAUCES & SPREADS,gouda flavoured dressing,Veeba Gouda Flavoured Dressing,2222.0,2025-08,507628.39999999997,0.44
2025-08,SAUCES & SPREADS,honey mustard dressing,Honey mustard dressing,791.0,2025-08,507628.39999999997,0.16
2025-08,SAUCES & SPREADS,honey mustard dressing,Honey,170.8,2025-08,507628.39999999997,0.03
2025-08,SAUCES & SPREADS,ketchup sachet,Veeba Ketchup Sachet,1893.8000000000002,2025-08,507628.39999999997,0.37
2025-08,SAUCES & SPREADS,makhani gravy,makhni gravy,896.0,2025-08,507628.39999999997,0.18
2025-08,SAUCES & SPREADS,makhani gravy,Veeba Makhani Gravy 1KG,-224.0,2025-08,507628.39999999997,-0.04
2025-08,SAUCES & SPREADS,pasta sauce,veeba pizza pasta sauce,2316.1199999999994,2025-08,507628.39999999997,0.46
2025-08,SAUCES & SPREADS,pizza sauce,pizza sauce,600.0,2025-08,507628.39999999997,0.12
2025-08,SAUCES & SPREADS,pizza sauce,Pizza sauce premix,487.5,2025-08,507628.39999999997,0.1
2025-08,SAUCES & SPREADS,schezwan sauce,Schezwan sauce,546.0,2025-08,507628.39999999997,0.11
2025-08,SAUCES & SPREADS,tandoori mayonnaise,tandoori mayonise,260.0,2025-08,507628.39999999997,0.05
2025-08,SAUCES & SPREADS,thousand island dressing,Veeba ThousandIsland Dressing 1KG,375.2,2025-08,507628.39999999997,0.07
2025-08,SAUCES & SPREADS,tomato ketchup,tomato ketchup 1.2 bottle,660.0,2025-08,507628.39999999997,0.13
2025-08,STATIONERY & MISC,pen,HABIT JALAPENO SLICES 2.9 KG,924.0,2025-08,507628.39999999997,0.18
2025-08,STATIONERY & MISC,pen,Puramate Pasta-Penne Rigatte 500g,852.0,2025-08,507628.39999999997,0.17
2025-08,UNMAPPED,UNMAPPED,grocery,20851.92,2025-08,507628.39999999997,4.11
2025-08,UNMAPPED,UNMAPPED,vegetables,5894.95,2025-08,507628.39999999997,1.16
2025-08,UNMAPPED,UNMAPPED,ENGLISH vegetables,3858.7999999999997,2025-08,507628.39999999997,0.76
2025-08,UNMAPPED,UNMAPPED,fruits and vegetables,3721.97,2025-08,507628.39999999997,0.73
2025-08,UNMAPPED,UNMAPPED,black olive slice Habit,2167.5,2025-08,507628.39999999997,0.43
2025-08,UNMAPPED,UNMAPPED,red paprika habit,804.96,2025-08,507628.39999999997,0.16
2025-08,UNMAPPED,UNMAPPED,Mayonise premium,644.0,2025-08,507628.39999999997,0.13
2025-08,UNMAPPED,UNMAPPED,KOT Printing Rolls,388.0,2025-08,507628.39999999997,0.08
2025-08,UNMAPPED,UNMAPPED,bio covers,180.0,2025-08,507628.39999999997,0.04
2025-08,UNMAPPED,UNMAPPED,Puramate Pasta-Gomiti Rigate - macroni - 500g,142.0,2025-08,507628.39999999997,0.03
2025-08,UNMAPPED,UNMAPPED,egg-6.50,130.0,2025-08,507628.39999999997,0.03
2025-08,UNMAPPED,UNMAPPED,fruits,126.66999999999999,2025-08,507628.39999999997,0.02
2025-08,UNMAPPED,UNMAPPED,Green Peas,14.5,2025-08,507628.39999999997,0.0
2025-08,UNMAPPED,UNMAPPED,ice cube/80,-160.0,2025-08,507628.39999999997,-0.03
2025-08,UTILITIES & EXPENSES,lpg gas,Gas-LPG-HPCL,13440.0,2025-08,507628.39999999997,2.65
2025-08,VEGETABLES,baby corn,habit baby corn,864.0,2025-08,507628.39999999997,0.17
2025-08,VEGETABLES,baby corn,Baby Corn Whole-800GM-Tajir Habit,-560.0,2025-08,507628.39999999997,-0.11
2025-08,VEGETABLES,capsicum,capsicum,160.0,2025-08,507628.39999999997,0.03
2025-08,VEGETABLES,garlic,garlic,280.0,2025-08,507628.39999999997,0.06
2025-08,VEGETABLES,garlic,chilly garlic spread,-340.0,2025-08,507628.39999999997,-0.07
2025-08,VEGETABLES,mushroom,G.Crown Mushroom Slice 800g,3296.0,2025-08,507628.39999999997,0.65
2025-08,VEGETABLES,tomato,TOMATO 10KG,530.0,2025-08,507628.39999999997,0.1
2025-08,VEGETABLES,yam,Maida yamuna,7547.2,2025-08,507628.39999999997,1.49
2025-07,BAKERY & PREMIX,bread premix,Bread Premix,540.0,2025-07,470467.1,0.11
2025-07,BAKERY & PREMIX,brownie,Brownie,1155.0,2025-07,470467.1,0.25
2025-07,BAKERY & PREMIX,burger bun,burger buns,416.0,2025-07,470467.1,0.09
2025-07,BAKERY & PREMIX,pizza premix,Pizza Premix,3402.0,2025-07,470467.1,0.72
2025-07,BEVERAGES,7up,7up 250ml Pet,1207.5,2025-07,470467.1,0.26
2025-07,BEVERAGES,7up,7UP 750ml Pet,859.25,2025-07,470467.1,0.18
2025-07,BEVERAGES,7up,7up 1 ltr,665.1,2025-07,470467.1,0.14
2025-07,BEVERAGES,7up,7up can 300ml,0.0,2025-07,470467.1,0.0
2025-07,BEVERAGES,7up,7up pet 750ml,-34.370000000000005,2025-07,470467.1,-0.01
2025-07,BEVERAGES,aqua fina,Aqua Fina Mineral Water 1Ltr,352.15999999999997,2025-07,470467.1,0.07
2025-07,BEVERAGES,blue occean syrup,DVC BLUE OCCEAN FLV SYRUP 750ML,155.76,2025-07,470467.1,0.03
2025-07,BEVERAGES,bubblegum syrup,DVC Bubblegum Syrup Syrup 750 ml,0.0,2025-07,470467.1,0.0
2025-07,BEVERAGES,cucumber syrup,DVC Cucumber Syrup 750 ml,0.0,2025-07,470467.1,0.0
2025-07,BEVERAGES,dew,Dew can 300ml,822.96,2025-07,470467.1,0.17
2025-07,BEVERAGES,dew,Dew 750ml Pet,549.92,2025-07,470467.1,0.12
2025-07,BEVERAGES,dew,Dew 250ml Pet,52.5,2025-07,470467.1,0.01
2025-07,BEVERAGES,dew,dew 750 ml,-68.74,2025-07,470467.1,-0.01
2025-07,BEVERAGES,dew,dew can300ml,-788.67,2025-07,470467.1,-0.17
2025-07,BEVERAGES,lehar soda,Lehar Soda,707.7800000000002,2025-07,470467.1,0.15
2025-07,BEVERAGES,mango syrup,DVC Mango Beverage Blend Syrup 750 ml,152.93,2025-07,470467.1,0.03
2025-07,BEVERAGES,mixed berry syrup,DVC Mixed Berry Beverage Blend Syrup 750 ml,0.0,2025-07,470467.1,0.0
2025-07,BEVERAGES,mojito mint,Mojito Menta Cubano,0.0,2025-07,470467.1,0.0
2025-07,BEVERAGES,passion fruit syrup,DVC Passion Fruit 750ML,519.1999999999999,2025-07,470467.1,0.11
2025-07,BEVERAGES,peach syrup,DVC Peach Garden Syrup Syrup 750 ml,390.82,2025-07,470467.1,0.08
2025-07,BEVERAGES,peach syrup,DVC Peach GardenSyrup 750 ml,-424.0,2025-07,470467.1,-0.09
2025-07,BEVERAGES,pepsi,Pepsi 250ml Pet,1942.5,2025-07,470467.1,0.41
2025-07,BEVERAGES,pepsi,Pepsi 750ml Pet,1031.1,2025-07,470467.1,0.22
2025-07,BEVERAGES,pepsi,pepsi 1 ltr,842.46,2025-07,470467.1,0.18
2025-07,BEVERAGES,pepsi,pepsi can 330ml,308.61,2025-07,470467.1,0.07
2025-07,BEVERAGES,pepsi,pepsi can300ml,0.0,2025-07,470467.1,0.0
2025-07,BEVERAGES,slice mango,Slice Mango 600ml pet,502.08,2025-07,470467.1,0.11
2025-07,BEVERAGES,slice mango,slice mango 600ml,-721.6,2025-07,470467.1,-0.15
2025-07,BEVERAGES,strawberry syrup,Strawberry sause 750,71.5,2025-07,470467.1,0.02
2025-07,BEVERAGES,strawberry syrup,straw,0.0,2025-07,470467.1,0.0
2025-07,BEVERAGES,strawberry syrup,DVC Strawberry Syrup 750 ml,-405.92,2025-07,470467.1,-0.09
2025-07,BEVERAGES,strawberry syrup,DVC Strawberry Syrup Syrup 750 ml,-537.3699999999999,2025-07,470467.1,-0.11
2025-07,BEVERAGES,tropicana guava,Tropicana Guava Delight 500ml,204.08,2025-07,470467.1,0.04
2025-07,CHEESE & DAIRY,butter,butter,760.0,2025-07,470467.1,0.16
2025-07,CHEESE & DAIRY,butter,milky mist butter 500gm,624.5,2025-07,470467.1,0.13
2025-07,CHEESE & DAIRY,butter,Butter,570.0,2025-07,470467.1,0.12
2025-07,CHEESE & DAIRY,butter,Butter Scotch Ice-cream,541.0999999999999,2025-07,470467.1,0.12
2025-07,CHEESE & DAIRY,butter,malas butterscotch crush,128.7,2025-07,470467.1,0.03
2025-07,CHEESE & DAIRY,butter,Butter Scotch Sauce 750ml,-114.4,2025-07,470467.1,-0.02
2025-07,CHEESE & DAIRY,cheddar cheese,dynamix shredded cheese,-8393.75,2025-07,470467.1,-1.78
2025-07,CHEESE & DAIRY,colby cheese,colby cheese 1 kg,2537.92,2025-07,470467.1,0.54
2025-07,CHEESE & DAIRY,curd,curd,30.0,2025-07,470467.1,0.01
2025-07,CHEESE & DAIRY,curd,curd local,30.0,2025-07,470467.1,0.01
2025-07,CHEESE & DAIRY,diced mozzarella,dynamic diced mozerella,36524.57,2025-07,470467.1,7.76
2025-07,CHEESE & DAIRY,fresh cream,Richs versatie cream,1483.5800000000004,2025-07,470467.1,0.32
2025-07,CHEESE & DAIRY,fresh cream,Vanilla Ice-cream 4ltr,1496.0,2025-07,470467.1,0.32
2025-07,CHEESE & DAIRY,fresh cream,Vanilla Ice-cream,1088.0,2025-07,470467.1,0.23
2025-07,CHEESE & DAIRY,fresh cream,Chocolate Ice-cream 4ltr,0.0,2025-07,470467.1,0.0
2025-07,CHEESE & DAIRY,fresh cream,Strawberry-Ice cream,-754.8,2025-07,470467.1,-0.16
2025-07,CHEESE & DAIRY,milk,milk,725.0,2025-07,470467.1,0.15
2025-07,CHEESE & DAIRY,monterey jack,GO-Monterey Jack Cheese-2kg,-2035.25,2025-07,470467.1,-0.43
2025-07,CHEESE & DAIRY,orange cheddar,dynamic cheddar block,166.20000000000005,2025-07,470467.1,0.04
2025-07,CHEESE & DAIRY,paneer,Paneer,1450.0,2025-07,470467.1,0.31
2025-07,CHEESE & DAIRY,paneer,paneer tikka powder,675.0,2025-07,470467.1,0.14
2025-07,CHEESE & DAIRY,paneer,Paneer tikka masala,-187.5,2025-07,470467.1,-0.04
2025-07,CHEESE & DAIRY,processed cheese,Processed cheese block,1674.0,2025-07,470467.1,0.36
2025-07,CHEESE & DAIRY,slice cheese,slice cheese,1537.1400000000003,2025-07,470467.1,0.33
2025-07,CLEANING SUPPLIES,ant powder,tandoori tikka powder,1150.0,2025-07,470467.1,0.24
2025-07,"FLOUR, GRAINS & DRY GOODS",corn meal,Corn Meal - MAKKA RAVA,-55.0,2025-07,470467.1,-0.01
2025-07,"FLOUR, GRAINS & DRY GOODS",rice,staff rice,-73.0,2025-07,470467.1,-0.02
2025-07,FROZEN ITEMS,french fries,french fry hungritos 2.5kg,6077.67,2025-07,470467.1,1.29
2025-07,FROZEN ITEMS,frozen sweet corn,sweet corn 1kg,1560.0,2025-07,470467.1,0.33
2025-07,FROZEN ITEMS,frozen sweet corn,Frozen Sweet Corn-Pal Fresh 500gm,-450.0,2025-07,470467.1,-0.1
2025-07,FROZEN ITEMS,potato pops,POTATO POPS,-42.89999999999998,2025-07,470467.1,-0.01
2025-07,FROZEN ITEMS,potato wedges,potato wedges,520.58,2025-07,470467.1,0.11
2025-07,FRUITS,apple,DVC Green Apple 750 ML,415.36,2025-07,470467.1,0.09
2025-07,FRUITS,chicku pulp,Berry Fresh Chicku Pulp,616.0,2025-07,470467.1,0.13
2025-07,FRUITS,pineapple,Pineapple slice-Tajir Habit-850g,0.0,2025-07,470467.1,0.0
2025-07,FRUITS,tender coconut pulp,Berry Fresh Tender Coconut Pulp 2kg,777.0,2025-07,470467.1,0.17
2025-07,FRUITS,tender coconut pulp,Berry Fresh Tender Coconut Pulp,-555.0,2025-07,470467.1,-0.12
2025-07,FRUITS,watermelon,DVC Watermelon Syrup 750 ml,1038.4,2025-07,470467.1,0.22
2025-07,MASALA & SEASONINGS,aromat seasoning,Aromat Seasoning Powder,17.199999999999996,2025-07,470467.1,0.0
2025-07,MASALA & SEASONINGS,bbq mix,bbq mix,2325.0,2025-07,470467.1,0.49
2025-07,MASALA & SEASONINGS,bbq mix,BBQ Mix Masala,-1348.5,2025-07,470467.1,-0.29
2025-07,MASALA & SEASONINGS,chilli flakes,Chilli Flakes,-44.0,2025-07,470467.1,-0.01
2025-07,MASALA & SEASONINGS,chilly flakes,chilly flakes sachet,586.56,2025-07,470467.1,0.12
2025-07,MASALA & SEASONINGS,chilly flakes,chilly flakes 500gm,243.75,2025-07,470467.1,0.05
2025-07,MASALA & SEASONINGS,chilly flakes,CHILLY FLAKES SACHET 0.8GM,96.2,2025-07,470467.1,0.02
2025-07,MASALA & SEASONINGS,garam masala,garam masala,40.0,2025-07,470467.1,0.01
2025-07,MASALA & SEASONINGS,herb mix,Chettinad Mix,1627.5,2025-07,470467.1,0.35
2025-07,MASALA & SEASONINGS,herb mix,Herb Mix Masla,-356.8000000000002,2025-07,470467.1,-0.08
2025-07,MASALA & SEASONINGS,mexican masala,Mexican Masala,788.5,2025-07,470467.1,0.17
2025-07,MASALA & SEASONINGS,mexican mix,mexican mix,1783.5,2025-07,470467.1,0.38
2025-07,MASALA & SEASONINGS,oregano,OREGANO SACHET 0.8GM,1115.6,2025-07,470467.1,0.24
2025-07,MASALA & SEASONINGS,oregano,Oregano Sprinkler 500g,659.6800000000001,2025-07,470467.1,0.14
2025-07,MASALA & SEASONINGS,piri piri marinade,Piri Piri Marinade 1KG,142.65999999999997,2025-07,470467.1,0.03
2025-07,MASALA & SEASONINGS,tandoori masala,Tandoori mix Masala,-581.0,2025-07,470467.1,-0.12
2025-07,MEAT & POULTRY,boneless chicken,Boneless Chicken,17095.49,2025-07,470467.1,3.63
2025-07,MEAT & POULTRY,boneless chicken,bonless chicken,2482.5,2025-07,470467.1,0.53
2025-07,MEAT & POULTRY,chicken burger pattis,sneha chi burgar pattis,1274.1,2025-07,470467.1,0.27
2025-07,MEAT & POULTRY,chicken burger pattis,Chicken burger pattis,626.0,2025-07,470467.1,0.13
2025-07,MEAT & POULTRY,chicken burger pattis,Veg burger pattis,312.0,2025-07,470467.1,0.07
2025-07,MEAT & POULTRY,chicken kheema,chicken kheema masala,1300.0,2025-07,470467.1,0.28
2025-07,MEAT & POULTRY,chicken nuggets,sneha chi nuggets,1214.4,2025-07,470467.1,0.26
2025-07,MEAT & POULTRY,chicken pepperoni,chicken pepperoni,583.8800000000001,2025-07,470467.1,0.12
2025-07,MEAT & POULTRY,chicken salami,Zippy Chicken Salami,494.28,2025-07,470467.1,0.11
2025-07,MEAT & POULTRY,chicken sausage,Chicken Sausage,-648.6,2025-07,470467.1,-0.14
2025-07,MEAT & POULTRY,lamb pepperoni,Lamp Pepperoni,-290.8800000000001,2025-07,470467.1,-0.06
2025-07,MEAT & POULTRY,staff chicken,staff chicken,619.5,2025-07,470467.1,0.13
2025-07,MEAT & POULTRY,whole chicken,chicken pop corn sneha,193.2,2025-07,470467.1,0.04
2025-07,OILS,mustard oil,Mustard Oil,-134.4,2025-07,470467.1,-0.03
2025-07,OILS,olive oil,habit olive oil,738.0,2025-07,470467.1,0.16
2025-07,OILS,palm oil,oil,136.5,2025-07,470467.1,0.03
2025-07,PACKAGING MATERIALS,bio bag,bio glass,-80.0,2025-07,470467.1,-0.02
2025-07,PACKAGING MATERIALS,burger box,Mini Burger Box,450.0,2025-07,470467.1,0.1
2025-07,PACKAGING MATERIALS,french fries box,French Fries Box,1391.0,2025-07,470467.1,0.3
2025-07,PACKAGING MATERIALS,garlic bread box,Garlic Bread Box,397.5,2025-07,470467.1,0.08
2025-07,PACKAGING MATERIALS,large pizza box,Large Pizza Box,861.3000000000002,2025-07,470467.1,0.18
2025-07,PACKAGING MATERIALS,medium pizza box,Medium Pizza Box,2120.0,2025-07,470467.1,0.45
2025-07,PACKAGING MATERIALS,paper glass,Moktails Glass,2096.0,2025-07,470467.1,0.45
2025-07,PACKAGING MATERIALS,pasta container,Pasta Container Black,1754.2,2025-07,470467.1,0.37
2025-07,PACKAGING MATERIALS,regular pizza box,Regular Pizza Box,3051.5,2025-07,470467.1,0.65
2025-07,PACKAGING MATERIALS,salad bowl,Salad Bowl 250ml,262.5,2025-07,470467.1,0.06
2025-07,PACKAGING MATERIALS,salad bowl,Salad Bowl 500ml,-393.0,2025-07,470467.1,-0.08
2025-07,PACKAGING MATERIALS,tissue,Tissue,-54.0,2025-07,470467.1,-0.01
2025-07,PACKAGING MATERIALS,wooden fork,Wooden Fork-160mm,40.0,2025-07,470467.1,0.01
2025-07,PACKAGING MATERIALS,wooden spoon,wodden spoon,-85.8,2025-07,470467.1,-0.02
2025-07,SAUCES & SPREADS,chocolate sauce,Malas Chocolate Sauce 5 ltr,0.0,2025-07,470467.1,0.0
2025-07,SAUCES & SPREADS,eggless mayonnaise,Veeba Eggless Mayonise Chef 1KG,1050.0,2025-07,470467.1,0.22
2025-07,SAUCES & SPREADS,gouda flavoured dressing,Veeba Gouda Flavoured Dressing,1010.0,2025-07,470467.1,0.21
2025-07,SAUCES & SPREADS,honey mustard dressing,Honey mustard dressing,678.0,2025-07,470467.1,0.14
2025-07,SAUCES & SPREADS,honey mustard dressing,Honey,73.19999999999999,2025-07,470467.1,0.02
2025-07,SAUCES & SPREADS,ketchup sachet,Veeba Ketchup Sachet,1601.3999999999999,2025-07,470467.1,0.34
2025-07,SAUCES & SPREADS,makhani gravy,Veeba Makhani Gravy 1KG,448.0,2025-07,470467.1,0.1
2025-07,SAUCES & SPREADS,makhani gravy,makhni gravy,-224.0,2025-07,470467.1,-0.05
2025-07,SAUCES & SPREADS,pasta sauce,veeba pizza pasta sauce,1158.06,2025-07,470467.1,0.25
2025-07,SAUCES & SPREADS,pizza sauce,Veeba Pasta & Pizza Sauce 1KG,1102.08,2025-07,470467.1,0.23
2025-07,SAUCES & SPREADS,pizza sauce,Pizza sauce premix,325.0,2025-07,470467.1,0.07
2025-07,SAUCES & SPREADS,pizza sauce,pizza sauce,-720.0,2025-07,470467.1,-0.15
2025-07,SAUCES & SPREADS,schezwan sauce,Schezwan sauce,-182.0,2025-07,470467.1,-0.04
2025-07,SAUCES & SPREADS,tandoori mayonnaise,Tandoori Tikka Marinade 500Grm,1150.0,2025-07,470467.1,0.24
2025-07,SAUCES & SPREADS,tandoori mayonnaise,tandoori mayonise,260.0,2025-07,470467.1,0.06
2025-07,SAUCES & SPREADS,thousand island dressing,Veeba ThousandIsland Dressing 1KG,375.2,2025-07,470467.1,0.08
2025-07,SAUCES & SPREADS,tomato ketchup,Veeba T. Ketchup 1.2KG,420.0,2025-07,470467.1,0.09
2025-07,SAUCES & SPREADS,tomato ketchup,tomato ketchup 1.2 bottle,110.0,2025-07,470467.1,0.02
2025-07,STATIONERY & MISC,pen,HABIT JALAPENO SLICES 2.9 KG,1386.0,2025-07,470467.1,0.29
2025-07,STATIONERY & MISC,pen,Puramate Pasta-Penne Rigatte 500g,914.3,2025-07,470467.1,0.19
2025-07,UNMAPPED,UNMAPPED,grocery,27326.059999999998,2025-07,470467.1,5.81
2025-07,UNMAPPED,UNMAPPED,vegetables,6412.1,2025-07,470467.1,1.36
2025-07,UNMAPPED,UNMAPPED,ENGLISH vegetables,3572.6,2025-07,470467.1,0.76
2025-07,UNMAPPED,UNMAPPED,black olive slice Habit,1746.3599999999997,2025-07,470467.1,0.37
2025-07,UNMAPPED,UNMAPPED,fruits,1256.01,2025-07,470467.1,0.27
2025-07,UNMAPPED,UNMAPPED,eng veg,1066.68,2025-07,470467.1,0.23
2025-07,UNMAPPED,UNMAPPED,red paprika habit,402.48,2025-07,470467.1,0.09
2025-07,UNMAPPED,UNMAPPED,Mayonise premium,368.0,2025-07,470467.1,0.08
2025-07,UNMAPPED,UNMAPPED,KOT Printing Rolls,350.0,2025-07,470467.1,0.07
2025-07,UNMAPPED,UNMAPPED,Egg 7.5,150.0,2025-07,470467.1,0.03
2025-07,UNMAPPED,UNMAPPED,Puramate Pasta-Gomiti Rigate - macroni - 500g,140.55,2025-07,470467.1,0.03
2025-07,UNMAPPED,UNMAPPED,ice cube/80,160.0,2025-07,470467.1,0.03
2025-07,UNMAPPED,UNMAPPED,Green Peas,43.5,2025-07,470467.1,0.01
2025-07,UNMAPPED,UNMAPPED,egg 7,70.0,2025-07,470467.1,0.01
2025-07,UNMAPPED,UNMAPPED,bio covers,-225.0,2025-07,470467.1,-0.05
2025-07,UTILITIES & EXPENSES,lpg gas,Gas-LPG-HPCL,15510.0,2025-07,470467.1,3.3
2025-07,VEGETABLES,baby corn,habit baby corn,216.0,2025-07,470467.1,0.05
2025-07,VEGETABLES,fresh basil,Puramate Basil 250g Pouch,195.0,2025-07,470467.1,0.04
2025-07,VEGETABLES,garlic,chilly garlic spread,510.0,2025-07,470467.1,0.11
2025-07,VEGETABLES,mint,DVC Mint Flavoured Syrup 750 ml,1167.02,2025-07,470467.1,0.25
2025-07,VEGETABLES,mushroom,G.Crown Mushroom Slice 800g,3502.0,2025-07,470467.1,0.74
2025-07,VEGETABLES,tomato,tomato,670.0,2025-07,470467.1,0.14
2025-07,VEGETABLES,yam,Maida yamuna,7208.0,2025-07,470467.1,1.53
2025-06,BAKERY & PREMIX,bread premix,Bread Premix,-302.4,2025-06,403429.0,-0.07
2025-06,BAKERY & PREMIX,brownie,Brownie,1155.0,2025-06,403429.0,0.29
2025-06,BAKERY & PREMIX,burger bun,burger buns,416.0,2025-06,403429.0,0.1
2025-06,BAKERY & PREMIX,burger bun,burger bun 4,96.0,2025-06,403429.0,0.02
2025-06,BAKERY & PREMIX,pizza premix,Pizza Premix,1512.0,2025-06,403429.0,0.37
2025-06,BEVERAGES,7up,7UP 750ml Pet,895.6300000000001,2025-06,403429.0,0.22
2025-06,BEVERAGES,7up,7up 250ml Pet,857.5,2025-06,403429.0,0.21
2025-06,BEVERAGES,7up,7up 1 ltr,576.4200000000001,2025-06,403429.0,0.14
2025-06,BEVERAGES,aqua fina,Aqua Fina Mineral Water 1Ltr,137.28,2025-06,403429.0,0.03
2025-06,BEVERAGES,blue occean syrup,DVC BLUE OCCEAN FLV SYRUP 750ML,363.44000000000005,2025-06,403429.0,0.09
2025-06,BEVERAGES,bubblegum syrup,DVC Bubblegum Syrup Syrup 750 ml,50.74000000000001,2025-06,403429.0,0.01
2025-06,BEVERAGES,cucumber syrup,DVC Cucumber Syrup 750 ml,0.0,2025-06,403429.0,0.0
2025-06,BEVERAGES,dew,dew 750 ml,1409.17,2025-06,403429.0,0.35
2025-06,BEVERAGES,dew,Dew can 300ml,342.9,2025-06,403429.0,0.08
2025-06,BEVERAGES,dew,Dew 250ml Pet,227.5,2025-06,403429.0,0.06
2025-06,BEVERAGES,dew,Dew 750ml Pet,-549.92,2025-06,403429.0,-0.14
2025-06,BEVERAGES,lehar soda,Lehar Soda,609.02,2025-06,403429.0,0.15
2025-06,BEVERAGES,mango syrup,DVC Mango Beverage Blend Syrup 750 ml,76.45999999999998,2025-06,403429.0,0.02
2025-06,BEVERAGES,mixed berry syrup,DVC Mixed Berry Beverage Blend Syrup 750 ml,0.0,2025-06,403429.0,0.0
2025-06,BEVERAGES,mojito mint,Mojito Menta Cubano,2180.64,2025-06,403429.0,0.54
2025-06,BEVERAGES,passion fruit syrup,DVC PASSION FRUIT FLV SYRUP 750ML,1674.42,2025-06,403429.0,0.42
2025-06,BEVERAGES,passion fruit syrup,DVC Passion Fruit 750ML,-1246.08,2025-06,403429.0,-0.31
2025-06,BEVERAGES,peach syrup,DVC Peach Garden Syrup Syrup 750 ml,24.420000000000016,2025-06,403429.0,0.01
2025-06,BEVERAGES,pepsi,Pepsi 250ml Pet,2065.0,2025-06,403429.0,0.51
2025-06,BEVERAGES,pepsi,pepsi 1 ltr,1064.16,2025-06,403429.0,0.26
2025-06,BEVERAGES,pepsi,Pepsi 750ml Pet,790.5099999999999,2025-06,403429.0,0.2
2025-06,BEVERAGES,pepsi,pepsi can 330ml,514.35,2025-06,403429.0,0.13
2025-06,BEVERAGES,slice mango,slice 600ml pet,1046.32,2025-06,403429.0,0.26
2025-06,BEVERAGES,slice mango,Slice Mango 250ml pet,141.36,2025-06,403429.0,0.04
2025-06,BEVERAGES,slice mango,Slice Mango 600ml pet,-502.08,2025-06,403429.0,-0.12
2025-06,BEVERAGES,strawberry syrup,DVC Strawberry Syrup 750 ml,507.4,2025-06,403429.0,0.13
2025-06,BEVERAGES,strawberry syrup,DVC Strawberry Syrup Syrup 750 ml,48.849999999999966,2025-06,403429.0,0.01
2025-06,BEVERAGES,strawberry syrup,Strawberry sause 750,-71.5,2025-06,403429.0,-0.02
2025-06,BEVERAGES,strawberry syrup,straw,-120.0,2025-06,403429.0,-0.03
2025-06,BEVERAGES,tropicana guava,Tropicana Guava Delight 500ml,306.12,2025-06,403429.0,0.08
2025-06,CHEESE & DAIRY,butter,butter,760.0,2025-06,403429.0,0.19
2025-06,CHEESE & DAIRY,butter,Butter Scotch Ice-cream,541.1,2025-06,403429.0,0.13
2025-06,CHEESE & DAIRY,butter,Butter,380.0,2025-06,403429.0,0.09
2025-06,CHEESE & DAIRY,butter,malas butterscotch crush,14.300000000000011,2025-06,403429.0,0.0
2025-06,CHEESE & DAIRY,colby cheese,colby cheese 1 kg,-2537.92,2025-06,403429.0,-0.63
2025-06,CHEESE & DAIRY,diced mozzarella,dynamic diced mozerella,23008.29,2025-06,403429.0,5.7
2025-06,CHEESE & DAIRY,fresh cream,Richs versatie cream,2331.3400000000006,2025-06,403429.0,0.58
2025-06,CHEESE & DAIRY,fresh cream,Chocolate Ice-cream 4ltr,2040.0,2025-06,403429.0,0.51
2025-06,CHEESE & DAIRY,fresh cream,Vanilla Ice-cream 4ltr,2040.0,2025-06,403429.0,0.51
2025-06,CHEESE & DAIRY,fresh cream,Vanilla Ice-cream,1088.0,2025-06,403429.0,0.27
2025-06,CHEESE & DAIRY,fresh cream,Strawberry-Ice cream,188.70000000000005,2025-06,403429.0,0.05
2025-06,CHEESE & DAIRY,milk,milk,1250.0,2025-06,403429.0,0.31
2025-06,CHEESE & DAIRY,monterey jack,GO-Monterey Jack Cheese-2kg,1163.0,2025-06,403429.0,0.29
2025-06,CHEESE & DAIRY,orange cheddar,dynamic cheddar block,221.5999999999999,2025-06,403429.0,0.05
2025-06,CHEESE & DAIRY,paneer,Paneer tikka masala,562.5,2025-06,403429.0,0.14
2025-06,CHEESE & DAIRY,paneer,Paneer,290.0,2025-06,403429.0,0.07
2025-06,CHEESE & DAIRY,paneer,paneer tikka powder,-2592.0,2025-06,403429.0,-0.64
2025-06,CHEESE & DAIRY,processed cheese,Processed cheese block,837.0,2025-06,403429.0,0.21
2025-06,CHEESE & DAIRY,slice cheese,slice cheese,1257.66,2025-06,403429.0,0.31
2025-06,CLEANING SUPPLIES,ant powder,tandoori tikka powder,-2300.0,2025-06,403429.0,-0.57
2025-06,"FLOUR, GRAINS & DRY GOODS",corn meal,Corn Meal - MAKKA RAVA,110.0,2025-06,403429.0,0.03
2025-06,"FLOUR, GRAINS & DRY GOODS",rice,staff rice 26kg,1349.92,2025-06,403429.0,0.33
2025-06,"FLOUR, GRAINS & DRY GOODS",rice,staff rice,73.0,2025-06,403429.0,0.02
2025-06,FROZEN ITEMS,french fries,french fry hungritos 2.5kg,5600.99,2025-06,403429.0,1.39
2025-06,FROZEN ITEMS,frozen sweet corn,Frozen Sweet Corn-Pal Fresh 500gm,1200.0,2025-06,403429.0,0.3
2025-06,FROZEN ITEMS,frozen sweet corn,sweet corn 1kg,-260.0,2025-06,403429.0,-0.06
2025-06,FROZEN ITEMS,potato pops,POTATO POPS,0.0,2025-06,403429.0,0.0
2025-06,FROZEN ITEMS,potato wedges,potato wedges,185.92000000000007,2025-06,403429.0,0.05
2025-06,FRUITS,apple,DVC Green Apple 750 ML,467.28,2025-06,403429.0,0.12
2025-06,FRUITS,chicku pulp,Berry Fresh Chicku Pulp,84.0,2025-06,403429.0,0.02
2025-06,FRUITS,pineapple,Pineapple slice-Tajir Habit-850g,110.25,2025-06,403429.0,0.03
2025-06,FRUITS,tender coconut pulp,Berry Fresh Tender Coconut Pulp,740.0,2025-06,403429.0,0.18
2025-06,FRUITS,tender coconut pulp,Berry Fresh Tender Coconut Pulp 2kg,-777.0,2025-06,403429.0,-0.19
2025-06,FRUITS,watermelon,DVC Watermelon Syrup 750 ml,101.48000000000002,2025-06,403429.0,0.03
2025-06,KITCHEN EQUIPMENT & UTENSILS,tripod,Tripod,675.0,2025-06,403429.0,0.17
2025-06,MASALA & SEASONINGS,aromat seasoning,Aromat Seasoning Powder,103.2,2025-06,403429.0,0.03
2025-06,MASALA & SEASONINGS,bbq mix,BBQ Mix Masala,558.0,2025-06,403429.0,0.14
2025-06,MASALA & SEASONINGS,chicken masala,chicken masala,54.0,2025-06,403429.0,0.01
2025-06,MASALA & SEASONINGS,chilli flakes,Chilli Flakes,81.4,2025-06,403429.0,0.02
2025-06,MASALA & SEASONINGS,chilly flakes,CHILLY FLAKES SACHET 0.8GM,553.8,2025-06,403429.0,0.14
2025-06,MASALA & SEASONINGS,chilly flakes,chilly flakes sachet,0.0,2025-06,403429.0,0.0
2025-06,MASALA & SEASONINGS,chilly flakes,chilly flakes 500gm,-48.75,2025-06,403429.0,-0.01
2025-06,MASALA & SEASONINGS,herb mix,Herb Mix Masla,1694.8,2025-06,403429.0,0.42
2025-06,MASALA & SEASONINGS,herb mix,Chettinad Mix,-943.95,2025-06,403429.0,-0.23
2025-06,MASALA & SEASONINGS,mexican masala,Mexican Masala,871.5,2025-06,403429.0,0.22
2025-06,MASALA & SEASONINGS,mexican mix,mexican mix,870.0,2025-06,403429.0,0.22
2025-06,MASALA & SEASONINGS,mixed herbs,Mixed Herb Loose,60.48,2025-06,403429.0,0.01
2025-06,MASALA & SEASONINGS,oregano,OREGANO SACHET 0.8GM,880.0,2025-06,403429.0,0.22
2025-06,MASALA & SEASONINGS,oregano,Oregano Sprinkler 500g,659.3599999999999,2025-06,403429.0,0.16
2025-06,MASALA & SEASONINGS,piri piri marinade,Piri Piri Marinade 1KG,190.21000000000004,2025-06,403429.0,0.05
2025-06,MASALA & SEASONINGS,tandoori masala,Tandoori mix Masala,1618.5,2025-06,403429.0,0.4
2025-06,MEAT & POULTRY,boneless chicken,bonless chicken,18040.54,2025-06,403429.0,4.47
2025-06,MEAT & POULTRY,boneless chicken,Boneless Chicken,106.00999999999999,2025-06,403429.0,0.03
2025-06,MEAT & POULTRY,chicken burger pattis,sneha chi burgar pattis,1581.47,2025-06,403429.0,0.39
2025-06,MEAT & POULTRY,chicken burger pattis,Chicken burger pattis,250.39999999999998,2025-06,403429.0,0.06
2025-06,MEAT & POULTRY,chicken burger pattis,Veg burger pattis,240.0,2025-06,403429.0,0.06
2025-06,MEAT & POULTRY,chicken kheema,chicken kheema masala,-877.5,2025-06,403429.0,-0.22
2025-06,MEAT & POULTRY,chicken nuggets,sneha chi nuggets,717.6,2025-06,403429.0,0.18
2025-06,MEAT & POULTRY,chicken pepperoni,chicken pepperoni,194.6199999999999,2025-06,403429.0,0.05
2025-06,MEAT & POULTRY,chicken salami,Zippy Chicken Salami,493.9200000000001,2025-06,403429.0,0.12
2025-06,MEAT & POULTRY,chicken sausage,Chicken Sausage,564.0,2025-06,403429.0,0.14
2025-06,MEAT & POULTRY,lamb pepperoni,Lamp Pepperoni,-246.1199999999999,2025-06,403429.0,-0.06
2025-06,MEAT & POULTRY,staff chicken,staff chicken,322.5,2025-06,403429.0,0.08
2025-06,MEAT & POULTRY,whole chicken,chicken pop corn sneha,27.600000000000023,2025-06,403429.0,0.01
2025-06,OILS,mustard oil,Mustard Oil,50.4,2025-06,403429.0,0.01
2025-06,OILS,olive oil,habit olive oil,738.0,2025-06,403429.0,0.18
2025-06,OILS,palm oil,oil,682.5,2025-06,403429.0,0.17
2025-06,PACKAGING MATERIALS,bio bag,bio glass,80.0,2025-06,403429.0,0.02
2025-06,PACKAGING MATERIALS,burger box,Mini Burger Box,600.0,2025-06,403429.0,0.15
2025-06,PACKAGING MATERIALS,french fries box,French Fries Box,567.0999999999999,2025-06,403429.0,0.14
2025-06,PACKAGING MATERIALS,garlic bread box,Garlic Bread Box,240.0,2025-06,403429.0,0.06
2025-06,PACKAGING MATERIALS,large pizza box,Large Pizza Box,1514.6999999999998,2025-06,403429.0,0.38
2025-06,PACKAGING MATERIALS,medium pizza box,Medium Pizza Box,1470.0,2025-06,403429.0,0.36
2025-06,PACKAGING MATERIALS,paper glass,Paper Glass,200.0,2025-06,403429.0,0.05
2025-06,PACKAGING MATERIALS,paper glass,Moktails Glass,-768.0,2025-06,403429.0,-0.19
2025-06,PACKAGING MATERIALS,pasta container,Pasta Container Black,903.9499999999998,2025-06,403429.0,0.22
2025-06,PACKAGING MATERIALS,plastic cover,bio cover,300.0,2025-06,403429.0,0.07
2025-06,PACKAGING MATERIALS,regular pizza box,Regular Pizza Box,3587.0,2025-06,403429.0,0.89
2025-06,PACKAGING MATERIALS,salad bowl,Salad Bowl 250ml,2425.5,2025-06,403429.0,0.6
2025-06,PACKAGING MATERIALS,salad bowl,Dip Bowl,200.0,2025-06,403429.0,0.05
2025-06,PACKAGING MATERIALS,salad bowl,Salad Bowl 500ml,-1781.6,2025-06,403429.0,-0.44
2025-06,PACKAGING MATERIALS,tissue,Tissue,-126.0,2025-06,403429.0,-0.03
2025-06,PACKAGING MATERIALS,wooden fork,wooden fork,294.1,2025-06,403429.0,0.07
2025-06,PACKAGING MATERIALS,wooden fork,Wooden Fork-160mm,-40.0,2025-06,403429.0,-0.01
2025-06,PACKAGING MATERIALS,wooden spoon,wodden spoon,-44.2,2025-06,403429.0,-0.01
2025-06,SAUCES & SPREADS,chocolate sauce,Malas Chocolate Sauce 5 ltr,0.0,2025-06,403429.0,0.0
2025-06,SAUCES & SPREADS,eggless mayonnaise,Veeba Eggless Mayonise Chef 1KG,1200.0,2025-06,403429.0,0.3
2025-06,SAUCES & SPREADS,gouda flavoured dressing,Veeba Gouda Flavoured Dressing,1010.0,2025-06,403429.0,0.25
2025-06,SAUCES & SPREADS,honey mustard dressing,Honey mustard dressing,226.0,2025-06,403429.0,0.06
2025-06,SAUCES & SPREADS,honey mustard dressing,Honey,0.0,2025-06,403429.0,0.0
2025-06,SAUCES & SPREADS,ketchup sachet,Veeba Ketchup Sachet,1893.8,2025-06,403429.0,0.47
2025-06,SAUCES & SPREADS,makhani gravy,makhni gravy,672.0,2025-06,403429.0,0.17
2025-06,SAUCES & SPREADS,pasta sauce,veeba pizza pasta sauce,3088.16,2025-06,403429.0,0.77
2025-06,SAUCES & SPREADS,pizza sauce,Pizza sauce premix,325.0,2025-06,403429.0,0.08
2025-06,SAUCES & SPREADS,pizza sauce,pizza sauce,-360.0,2025-06,403429.0,-0.09
2025-06,SAUCES & SPREADS,pizza sauce,Veeba Pasta & Pizza Sauce 1KG,-1102.08,2025-06,403429.0,-0.27
2025-06,SAUCES & SPREADS,schezwan sauce,Schezwan sauce,182.0,2025-06,403429.0,0.05
2025-06,SAUCES & SPREADS,tandoori mayonnaise,tandoori mayonise,520.0,2025-06,403429.0,0.13
2025-06,SAUCES & SPREADS,tandoori mayonnaise,Tandoori Tikka Marinade 500Grm,0.0,2025-06,403429.0,0.0
2025-06,SAUCES & SPREADS,thousand island dressing,Veeba ThousandIsland Dressing 1KG,0.0,2025-06,403429.0,0.0
2025-06,SAUCES & SPREADS,tomato ketchup,tomato ketchup 1.2 bottle,770.0,2025-06,403429.0,0.19
2025-06,STATIONERY & MISC,pen,HABIT JALAPENO SLICES 2.9 KG,736.4000000000001,2025-06,403429.0,0.18
2025-06,STATIONERY & MISC,pen,Puramate Pasta-Penne Rigatte 500g,556.4000000000001,2025-06,403429.0,0.14
2025-06,UNMAPPED,UNMAPPED,grocery,20080.8,2025-06,403429.0,4.98
2025-06,UNMAPPED,UNMAPPED,vegetables,5341.42,2025-06,403429.0,1.32
2025-06,UNMAPPED,UNMAPPED,eng veg,2990.6500000000005,2025-06,403429.0,0.74
2025-06,UNMAPPED,UNMAPPED,black olive slice Habit,1552.32,2025-06,403429.0,0.38
2025-06,UNMAPPED,UNMAPPED,KOT Printing Rolls,400.0,2025-06,403429.0,0.1
2025-06,UNMAPPED,UNMAPPED,red paprika habit,402.48,2025-06,403429.0,0.1
2025-06,UNMAPPED,UNMAPPED,egg 7,350.0,2025-06,403429.0,0.09
2025-06,UNMAPPED,UNMAPPED,Mayonise premium,320.0,2025-06,403429.0,0.08
2025-06,UNMAPPED,UNMAPPED,Puramate Pasta-Gomiti Rigate - macroni - 500g,208.64999999999998,2025-06,403429.0,0.05
2025-06,UNMAPPED,UNMAPPED,fruits,170.01,2025-06,403429.0,0.04
2025-06,UNMAPPED,UNMAPPED,Green Peas,47.0,2025-06,403429.0,0.01
2025-06,UNMAPPED,UNMAPPED,ice cube/80,-80.0,2025-06,403429.0,-0.02
2025-06,UNMAPPED,UNMAPPED,bio covers,-150.0,2025-06,403429.0,-0.04
2025-06,UTILITIES & EXPENSES,lpg gas,Gas-LPG-HPCL,11535.0,2025-06,403429.0,2.86
2025-06,VEGETABLES,baby corn,habit baby corn,216.0,2025-06,403429.0,0.05
2025-06,VEGETABLES,fresh basil,Puramate Basil 250g Pouch,0.0,2025-06,403429.0,0.0
2025-06,VEGETABLES,garlic,garlic,640.0,2025-06,403429.0,0.16
2025-06,VEGETABLES,garlic,chilly garlic spread,170.0,2025-06,403429.0,0.04
2025-06,VEGETABLES,mint,DVC Mint Flavoured Syrup 750 ml,-1167.02,2025-06,403429.0,-0.29
2025-06,VEGETABLES,mushroom,G.Crown Mushroom Slice 800g,2575.0,2025-06,403429.0,0.64
2025-06,VEGETABLES,tomato,tomato,240.0,2025-06,403429.0,0.06
2025-06,VEGETABLES,yam,Maida yamuna,7335.200000000001,2025-06,403429.0,1.82
2025-05,BAKERY & PREMIX,bread premix,Bread Premix,75.60000000000002,2025-05,517650.44999999995,0.01
2025-05,BAKERY & PREMIX,brownie,Brownie,1540.0,2025-05,517650.44999999995,0.3
2025-05,BAKERY & PREMIX,burger bun,burger buns,416.0,2025-05,517650.44999999995,0.08
2025-05,BAKERY & PREMIX,pizza premix,Pizza Premix,6300.0,2025-05,517650.44999999995,1.22
2025-05,BEVERAGES,7up,7up750mlpet,2596.25,2025-05,517650.44999999995,0.5
2025-05,BEVERAGES,7up,7up zero sugar 400ml,525.0,2025-05,517650.44999999995,0.1
2025-05,BEVERAGES,7up,7up 1 ltr,487.74,2025-05,517650.44999999995,0.09
2025-05,BEVERAGES,7up,7up 250ml Pet,-472.5,2025-05,517650.44999999995,-0.09
2025-05,BEVERAGES,7up,7UP 750ml Pet,-930.0,2025-05,517650.44999999995,-0.18
2025-05,BEVERAGES,aqua fina,Aqua Fina Mineral Water 1Ltr,448.32,2025-05,517650.44999999995,0.09
2025-05,BEVERAGES,blue occean syrup,DVC BLUE OCCEAN FLV SYRUP 750ML,385.8600000000001,2025-05,517650.44999999995,0.07
2025-05,BEVERAGES,bubblegum syrup,DVC Bubblegum Syrup Syrup 750 ml,0.0,2025-05,517650.44999999995,0.0
2025-05,BEVERAGES,cucumber syrup,DVC Cucumber Syrup 750 ml,0.0,2025-05,517650.44999999995,0.0
2025-05,BEVERAGES,dew,Dew 750ml Pet,1793.63,2025-05,517650.44999999995,0.35
2025-05,BEVERAGES,dew,Dew can 300ml,480.06000000000006,2025-05,517650.44999999995,0.09
2025-05,BEVERAGES,dew,Dew 250ml Pet,297.5,2025-05,517650.44999999995,0.06
2025-05,BEVERAGES,dew,Dew 330 ml can,102.87,2025-05,517650.44999999995,0.02
2025-05,BEVERAGES,dew,dew 750 ml,-584.29,2025-05,517650.44999999995,-0.11
2025-05,BEVERAGES,lehar soda,Lehar Soda,609.02,2025-05,517650.44999999995,0.12
2025-05,BEVERAGES,mango syrup,DVC Mango Beverage Blend Syrup 750 ml,-229.39,2025-05,517650.44999999995,-0.04
2025-05,BEVERAGES,mixed berry syrup,DVC Mixed Berry Beverage Blend Syrup 750 ml,-828.0,2025-05,517650.44999999995,-0.16
2025-05,BEVERAGES,mojito mint,Mojito Menta Cubano,1344.0200000000004,2025-05,517650.44999999995,0.26
2025-05,BEVERAGES,passion fruit syrup,DVC Passion Fruit 750ML,1038.4,2025-05,517650.44999999995,0.2
2025-05,BEVERAGES,passion fruit syrup,DVC PASSION FRUIT FLV SYRUP 750ML,-608.8800000000001,2025-05,517650.44999999995,-0.12
2025-05,BEVERAGES,peach syrup,DVC Peach GardenSyrup 750 ml,424.0,2025-05,517650.44999999995,0.08
2025-05,BEVERAGES,peach syrup,DVC Peach Garden Syrup Syrup 750 ml,-415.24,2025-05,517650.44999999995,-0.08
2025-05,BEVERAGES,pepsi,Pepsi 250ml Pet,1907.5,2025-05,517650.44999999995,0.37
2025-05,BEVERAGES,pepsi,Pepsi 750ml Pet,1924.72,2025-05,517650.44999999995,0.37
2025-05,BEVERAGES,pepsi,pepsi 1 ltr,1330.2000000000003,2025-05,517650.44999999995,0.26
2025-05,BEVERAGES,pepsi,pepsi diet 400ml,525.0,2025-05,517650.44999999995,0.1
2025-05,BEVERAGES,pepsi,pepsi can 330ml,171.45000000000005,2025-05,517650.44999999995,0.03
2025-05,BEVERAGES,slice mango,Slice Mango 250ml pet,388.74,2025-05,517650.44999999995,0.08
2025-05,BEVERAGES,slice mango,Slice Mango 600ml pet,188.28,2025-05,517650.44999999995,0.04
2025-05,BEVERAGES,slice mango,slice 600ml pet,-180.39999999999998,2025-05,517650.44999999995,-0.03
2025-05,BEVERAGES,strawberry syrup,DVC Strawberry Syrup Syrup 750 ml,293.11,2025-05,517650.44999999995,0.06
2025-05,BEVERAGES,strawberry syrup,Strawberry sause 750,143.0,2025-05,517650.44999999995,0.03
2025-05,BEVERAGES,strawberry syrup,straw,60.0,2025-05,517650.44999999995,0.01
2025-05,BEVERAGES,strawberry syrup,DVC Strawberry Syrup 750 ml,-507.4,2025-05,517650.44999999995,-0.1
2025-05,BEVERAGES,tropicana guava,Tropicana Guava Delight 500ml,484.69,2025-05,517650.44999999995,0.09
2025-05,CHEESE & DAIRY,butter,butter,2280.0,2025-05,517650.44999999995,0.44
2025-05,CHEESE & DAIRY,butter,Butter,570.0,2025-05,517650.44999999995,0.11
2025-05,CHEESE & DAIRY,butter,Butter Scotch Ice-cream,309.20000000000005,2025-05,517650.44999999995,0.06
2025-05,CHEESE & DAIRY,butter,Butter Scotch Sauce 750ml,157.3,2025-05,517650.44999999995,0.03
2025-05,CHEESE & DAIRY,butter,malas butterscotch crush,-143.0,2025-05,517650.44999999995,-0.03
2025-05,CHEESE & DAIRY,colby cheese,colby cheese 1 kg,1078.62,2025-05,517650.44999999995,0.21
2025-05,CHEESE & DAIRY,diced mozzarella,dynamic diced mozerella,24451.780000000002,2025-05,517650.44999999995,4.72
2025-05,CHEESE & DAIRY,fresh cream,Vanilla Ice-cream 4ltr,2556.8,2025-05,517650.44999999995,0.49
2025-05,CHEESE & DAIRY,fresh cream,Richs versatie cream,2331.34,2025-05,517650.44999999995,0.45
2025-05,CHEESE & DAIRY,fresh cream,Chocolate Ice-cream,1085.0,2025-05,517650.44999999995,0.21
2025-05,CHEESE & DAIRY,fresh cream,Vanilla Ice-cream,1088.0,2025-05,517650.44999999995,0.21
2025-05,CHEESE & DAIRY,fresh cream,Strawberry-Ice cream,125.79999999999995,2025-05,517650.44999999995,0.02
2025-05,CHEESE & DAIRY,fresh cream,Chocolate Ice-cream 4ltr,-1224.0,2025-05,517650.44999999995,-0.24
2025-05,CHEESE & DAIRY,milk,Milkymist Cheese BLock 1KG,1116.0,2025-05,517650.44999999995,0.22
2025-05,CHEESE & DAIRY,milk,milk,650.0,2025-05,517650.44999999995,0.13
2025-05,CHEESE & DAIRY,milk,milk 28 milma,336.0,2025-05,517650.44999999995,0.06
2025-05,CHEESE & DAIRY,orange cheddar,dynamic cheddar block,166.20000000000005,2025-05,517650.44999999995,0.03
2025-05,CHEESE & DAIRY,paneer,Paneer,870.0,2025-05,517650.44999999995,0.17
2025-05,CHEESE & DAIRY,paneer,paneer tikka powder,792.0,2025-05,517650.44999999995,0.15
2025-05,CHEESE & DAIRY,paneer,paneer,580.0,2025-05,517650.44999999995,0.11
2025-05,CHEESE & DAIRY,paneer,Paneer tikka masala,-562.5,2025-05,517650.44999999995,-0.11
2025-05,CHEESE & DAIRY,processed cheese,Processed cheese block,829.8000000000002,2025-05,517650.44999999995,0.16
2025-05,CHEESE & DAIRY,slice cheese,slice cheese,1479.6,2025-05,517650.44999999995,0.29
2025-05,"FLOUR, GRAINS & DRY GOODS",corn meal,Corn Meal - MAKKA RAVA,-165.0,2025-05,517650.44999999995,-0.03
2025-05,"FLOUR, GRAINS & DRY GOODS",dry yeast,Dried Yeast,679.96,2025-05,517650.44999999995,0.13
2025-05,"FLOUR, GRAINS & DRY GOODS",rice,staff rice 26kg,1380.08,2025-05,517650.44999999995,0.27
2025-05,"FLOUR, GRAINS & DRY GOODS",rice,staff rice,-730.0,2025-05,517650.44999999995,-0.14
2025-05,"FLOUR, GRAINS & DRY GOODS",sugar,Sugar,90.0,2025-05,517650.44999999995,0.02
2025-05,FROZEN ITEMS,fish finger,fish finger,297.36,2025-05,517650.44999999995,0.06
2025-05,FROZEN ITEMS,french fries,french fry hungritos 2.5kg,6256.419999999999,2025-05,517650.44999999995,1.21
2025-05,FROZEN ITEMS,frozen sweet corn,Frozen Sweet Corn-Pal Fresh 500gm,600.0,2025-05,517650.44999999995,0.12
2025-05,FROZEN ITEMS,frozen sweet corn,Frozen Sweet Corn-Pal Fresh,520.0,2025-05,517650.44999999995,0.1
2025-05,FROZEN ITEMS,potato pops,POTATO POPS,0.0,2025-05,517650.44999999995,0.0
2025-05,FROZEN ITEMS,potato wedges,potato wedges,780.86,2025-05,517650.44999999995,0.15
2025-05,FRUITS,apple,DVC Green Apple 750 ML,541.6200000000001,2025-05,517650.44999999995,0.1
2025-05,FRUITS,chicku pulp,Berry Fresh Chicku Pulp,140.0,2025-05,517650.44999999995,0.03
2025-05,FRUITS,pineapple,Pineapple slice-Tajir Habit-850g,110.25,2025-05,517650.44999999995,0.02
2025-05,FRUITS,tender coconut pulp,Berry Fresh Tender Coconut Pulp 2kg,1332.0,2025-05,517650.44999999995,0.26
2025-05,FRUITS,tender coconut pulp,Berry Fresh Tender Coconut Pulp,0.0,2025-05,517650.44999999995,0.0
2025-05,FRUITS,watermelon,DVC Watermelon Syrup 750 ml,202.95999999999998,2025-05,517650.44999999995,0.04
2025-05,KITCHEN EQUIPMENT & UTENSILS,tripod,Tripod,405.0,2025-05,517650.44999999995,0.08
2025-05,MASALA & SEASONINGS,aromat seasoning,Aromat Seasoning Powder,172.0,2025-05,517650.44999999995,0.03
2025-05,MASALA & SEASONINGS,bbq mix,bbq mix,4650.0,2025-05,517650.44999999995,0.9
2025-05,MASALA & SEASONINGS,bbq mix,BBQ Mix Masala,-3255.0,2025-05,517650.44999999995,-0.63
2025-05,MASALA & SEASONINGS,chilli flakes,Chilli Flakes,-81.4,2025-05,517650.44999999995,-0.02
2025-05,MASALA & SEASONINGS,chilly flakes,chilly flakes sachet,520.0,2025-05,517650.44999999995,0.1
2025-05,MASALA & SEASONINGS,chilly flakes,chilly flakes 500gm,150.0,2025-05,517650.44999999995,0.03
2025-05,MASALA & SEASONINGS,chilly flakes,CHILLY FLAKES SACHET 0.8GM,97.24,2025-05,517650.44999999995,0.02
2025-05,MASALA & SEASONINGS,garam masala,garam masala,30.0,2025-05,517650.44999999995,0.01
2025-05,MASALA & SEASONINGS,herb mix,Herb Mix Masla,892.0,2025-05,517650.44999999995,0.17
2025-05,MASALA & SEASONINGS,herb mix,Chettinad Mix,-292.94999999999993,2025-05,517650.44999999995,-0.06
2025-05,MASALA & SEASONINGS,mexican masala,Mexican Masala,-1245.0,2025-05,517650.44999999995,-0.24
2025-05,MASALA & SEASONINGS,mexican mix,mexican mix,4045.5,2025-05,517650.44999999995,0.78
2025-05,MASALA & SEASONINGS,mixed herbs,Mixed Herb Loose,-60.48,2025-05,517650.44999999995,-0.01
2025-05,MASALA & SEASONINGS,oregano,Oregano Sprinkler 500g,758.26,2025-05,517650.44999999995,0.15
2025-05,MASALA & SEASONINGS,oregano,OREGANO SACHET 0.8GM,0.0,2025-05,517650.44999999995,0.0
2025-05,MASALA & SEASONINGS,piri piri marinade,Piri Piri Marinade 1KG,417.52,2025-05,517650.44999999995,0.08
2025-05,MASALA & SEASONINGS,tandoori masala,Tandoori mix Masala,249.0,2025-05,517650.44999999995,0.05
2025-05,MEAT & POULTRY,boneless chicken,bonless chicken,19132.9,2025-05,517650.44999999995,3.7
2025-05,MEAT & POULTRY,boneless chicken,Boneless Chicken,4337.0,2025-05,517650.44999999995,0.84
2025-05,MEAT & POULTRY,chicken burger pattis,sneha chi burgar pattis,2057.2,2025-05,517650.44999999995,0.4
2025-05,MEAT & POULTRY,chicken burger pattis,Veg burger pattis,168.0,2025-05,517650.44999999995,0.03
2025-05,MEAT & POULTRY,chicken burger pattis,Chicken burger pattis,-281.69999999999993,2025-05,517650.44999999995,-0.05
2025-05,MEAT & POULTRY,chicken kheema,Chicken Kheema  Masala,911.4,2025-05,517650.44999999995,0.18
2025-05,MEAT & POULTRY,chicken kheema,chicken kheema masala,-747.5,2025-05,517650.44999999995,-0.14
2025-05,MEAT & POULTRY,chicken nuggets,sneha chi nuggets,1570.8200000000002,2025-05,517650.44999999995,0.3
2025-05,MEAT & POULTRY,chicken pepperoni,chicken pepperoni,519.0,2025-05,517650.44999999995,0.1
2025-05,MEAT & POULTRY,chicken salami,Zippy Chicken Salami,493.91999999999985,2025-05,517650.44999999995,0.1
2025-05,MEAT & POULTRY,chicken sausage,Chicken Sausage,564.0,2025-05,517650.44999999995,0.11
2025-05,MEAT & POULTRY,lamb pepperoni,Lamp Pepperoni,537.0,2025-05,517650.44999999995,0.1
2025-05,MEAT & POULTRY,staff chicken,staff chicken,900.0,2025-05,517650.44999999995,0.17
2025-05,MEAT & POULTRY,whole chicken,chicken pop corn sneha,616.0,2025-05,517650.44999999995,0.12
2025-05,OILS,mustard oil,mustard oil,49.6,2025-05,517650.44999999995,0.01
2025-05,OILS,mustard oil,Mustard Oil,-84.0,2025-05,517650.44999999995,-0.02
2025-05,OILS,olive oil,habit olive oil,819.0,2025-05,517650.44999999995,0.16
2025-05,OILS,palm oil,oil,682.5,2025-05,517650.44999999995,0.13
2025-05,PACKAGING MATERIALS,bio bag,bio cup,100.0,2025-05,517650.44999999995,0.02
2025-05,PACKAGING MATERIALS,burger box,Mini Burger Box,600.0,2025-05,517650.44999999995,0.12
2025-05,PACKAGING MATERIALS,french fries box,French Fries Box,358.44999999999993,2025-05,517650.44999999995,0.07
2025-05,PACKAGING MATERIALS,garlic bread box,Garlic Bread Box,390.0,2025-05,517650.44999999995,0.08
2025-05,PACKAGING MATERIALS,large pizza box,Large Pizza Box,2465.1000000000004,2025-05,517650.44999999995,0.48
2025-05,PACKAGING MATERIALS,medium pizza box,Medium Pizza Box,2560.0,2025-05,517650.44999999995,0.49
2025-05,PACKAGING MATERIALS,paper glass,Moktails Glass,720.0,2025-05,517650.44999999995,0.14
2025-05,PACKAGING MATERIALS,paper glass,Paper Glass,-200.0,2025-05,517650.44999999995,-0.04
2025-05,PACKAGING MATERIALS,pasta container,Pasta Container Black,1011.3500000000004,2025-05,517650.44999999995,0.2
2025-05,PACKAGING MATERIALS,regular pizza box,Regular Pizza Box,4309.5,2025-05,517650.44999999995,0.83
2025-05,PACKAGING MATERIALS,salad bowl,Salad Bowl 500ml,2947.5,2025-05,517650.44999999995,0.57
2025-05,PACKAGING MATERIALS,salad bowl,Dip Bowl,-146.0,2025-05,517650.44999999995,-0.03
2025-05,PACKAGING MATERIALS,salad bowl,Salad Bowl 250ml,-2068.5,2025-05,517650.44999999995,-0.4
2025-05,PACKAGING MATERIALS,tissue,Tissue,144.0,2025-05,517650.44999999995,0.03
2025-05,PACKAGING MATERIALS,wooden fork,wooden fork,-209.10000000000002,2025-05,517650.44999999995,-0.04
2025-05,PACKAGING MATERIALS,wooden spoon,wodden spoon,65.0,2025-05,517650.44999999995,0.01
2025-05,SAUCES & SPREADS,chocolate sauce,Malas Chocolate Sauce 5 ltr,2650.0,2025-05,517650.44999999995,0.51
2025-05,SAUCES & SPREADS,eggless mayonnaise,Veeba Eggless Mayonise Chef 1KG,1050.0,2025-05,517650.44999999995,0.2
2025-05,SAUCES & SPREADS,gouda flavoured dressing,Veeba Gouda Flavoured Dressing,962.0,2025-05,517650.44999999995,0.19
2025-05,SAUCES & SPREADS,honey mustard dressing,Honey mustard dressing,452.0,2025-05,517650.44999999995,0.09
2025-05,SAUCES & SPREADS,honey mustard dressing,Honey,195.2,2025-05,517650.44999999995,0.04
2025-05,SAUCES & SPREADS,ketchup sachet,Veeba Ketchup Sachet,2040.0,2025-05,517650.44999999995,0.39
2025-05,SAUCES & SPREADS,makhani gravy,makhni gravy,336.0,2025-05,517650.44999999995,0.06
2025-05,SAUCES & SPREADS,pasta sauce,veeba pizza pasta sauce,2316.12,2025-05,517650.44999999995,0.45
2025-05,SAUCES & SPREADS,pizza sauce,pizza sauce,480.0,2025-05,517650.44999999995,0.09
2025-05,SAUCES & SPREADS,pizza sauce,Pizza sauce premix,325.0,2025-05,517650.44999999995,0.06
2025-05,SAUCES & SPREADS,schezwan sauce,Schezwan sauce,182.0,2025-05,517650.44999999995,0.04
2025-05,SAUCES & SPREADS,tandoori mayonnaise,tandoori mayonise,390.0,2025-05,517650.44999999995,0.08
2025-05,SAUCES & SPREADS,tandoori mayonnaise,Tandoori Tikka Marinade 500Grm,0.0,2025-05,517650.44999999995,0.0
2025-05,SAUCES & SPREADS,thousand island dressing,Veeba ThousandIsland Dressing 1KG,750.4,2025-05,517650.44999999995,0.14
2025-05,SAUCES & SPREADS,tomato ketchup,Veeba T. Ketchup 1.2KG,945.0,2025-05,517650.44999999995,0.18
2025-05,SAUCES & SPREADS,tomato ketchup,tomato ketchup 1.2 bottle,-330.0,2025-05,517650.44999999995,-0.06
2025-05,STATIONERY & MISC,pen,HABIT JALAPENO SLICES 2.9 KG,1187.1999999999998,2025-05,517650.44999999995,0.23
2025-05,STATIONERY & MISC,pen,Puramate Pasta-Penne Rigatte 500g,625.95,2025-05,517650.44999999995,0.12
2025-05,UNMAPPED,UNMAPPED,grocery,20993.37,2025-05,517650.44999999995,4.06
2025-05,UNMAPPED,UNMAPPED,vegetables,6266.27,2025-05,517650.44999999995,1.21
2025-05,UNMAPPED,UNMAPPED,eng veg,3195.47,2025-05,517650.44999999995,0.62
2025-05,UNMAPPED,UNMAPPED,black olive slice Habit,1358.28,2025-05,517650.44999999995,0.26
2025-05,UNMAPPED,UNMAPPED,bio covers,1065.0,2025-05,517650.44999999995,0.21
2025-05,UNMAPPED,UNMAPPED,red paprika habit,804.96,2025-05,517650.44999999995,0.16
2025-05,UNMAPPED,UNMAPPED,Mayonise premium,453.6,2025-05,517650.44999999995,0.09
2025-05,UNMAPPED,UNMAPPED,Mango Crush Sauce 750ml Malas,420.08,2025-05,517650.44999999995,0.08
2025-05,UNMAPPED,UNMAPPED,vegetable n fruit,400.0,2025-05,517650.44999999995,0.08
2025-05,UNMAPPED,UNMAPPED,fruits,320.0,2025-05,517650.44999999995,0.06
2025-05,UNMAPPED,UNMAPPED,Puramate Pasta-Gomiti Rigate - macroni - 500g,278.2,2025-05,517650.44999999995,0.05
2025-05,UNMAPPED,UNMAPPED,egg 6,180.0,2025-05,517650.44999999995,0.03
2025-05,UNMAPPED,UNMAPPED,ice cube/80,80.0,2025-05,517650.44999999995,0.02
2025-05,UNMAPPED,UNMAPPED,egg 7,70.0,2025-05,517650.44999999995,0.01
2025-05,UNMAPPED,UNMAPPED,Green Peas,-32.5,2025-05,517650.44999999995,-0.01
2025-05,UNMAPPED,UNMAPPED,KOT Printing Rolls,-1300.0,2025-05,517650.44999999995,-0.25
2025-05,UTILITIES & EXPENSES,lpg gas,Gas-LPG-HPCL,17005.0,2025-05,517650.44999999995,3.29
2025-05,VEGETABLES,baby corn,habit baby corn,540.0,2025-05,517650.44999999995,0.1
2025-05,VEGETABLES,capsicum,capsicum,70.0,2025-05,517650.44999999995,0.01
2025-05,VEGETABLES,fresh basil,BASIL,204.0,2025-05,517650.44999999995,0.04
2025-05,VEGETABLES,fresh basil,Puramate Basil 250g Pouch,-195.0,2025-05,517650.44999999995,-0.04
2025-05,VEGETABLES,garlic,chilly garlic spread,170.0,2025-05,517650.44999999995,0.03
2025-05,VEGETABLES,garlic,garlic,0.0,2025-05,517650.44999999995,0.0
2025-05,VEGETABLES,mushroom,canvill button mushroom,2717.0,2025-05,517650.44999999995,0.52
2025-05,VEGETABLES,mushroom,G.Crown Mushroom Slice 800g,1545.0,2025-05,517650.44999999995,0.3
2025-05,VEGETABLES,tomato,tomato,440.0,2025-05,517650.44999999995,0.08
2025-05,VEGETABLES,yam,Maida yamuna,9108.8,2025-05,517650.44999999995,1.76
2025-04,BAKERY & PREMIX,bread premix,Bread Premix,-327.6,2025-04,523213.8,-0.06
2025-04,BAKERY & PREMIX,brownie,Brownie,1925.0,2025-04,523213.8,0.37
2025-04,BAKERY & PREMIX,burger bun,burger buns,416.0,2025-04,523213.8,0.08
2025-04,BAKERY & PREMIX,chocolate chips,chocolate chips,390.0,2025-04,523213.8,0.07
2025-04,BAKERY & PREMIX,pizza premix,Pizza Premix,4964.4,2025-04,523213.8,0.95
2025-04,BEVERAGES,7up,7up 250ml Pet,1050.0,2025-04,523213.8,0.2
2025-04,BEVERAGES,7up,7up pet 750ml,930.0,2025-04,523213.8,0.18
2025-04,BEVERAGES,7up,7up 1 ltr,798.12,2025-04,523213.8,0.15
2025-04,BEVERAGES,7up,7up750mlpet,-2596.25,2025-04,523213.8,-0.5
2025-04,BEVERAGES,aqua fina,Aqua Fina Mineral Water 1Ltr,454.08000000000004,2025-04,523213.8,0.09
2025-04,BEVERAGES,blue occean syrup,DVC BLUE OCCEAN FLV SYRUP 750ML,507.4000000000001,2025-04,523213.8,0.1
2025-04,BEVERAGES,bubblegum syrup,DVC Bubblegum Syrup Syrup 750 ml,50.73999999999995,2025-04,523213.8,0.01
2025-04,BEVERAGES,cucumber syrup,DVC Cucumber Syrup 750 ml,0.0,2025-04,523213.8,0.0
2025-04,BEVERAGES,dew,dew 750 ml,824.88,2025-04,523213.8,0.16
2025-04,BEVERAGES,dew,Dew 250ml Pet,525.0,2025-04,523213.8,0.1
2025-04,BEVERAGES,dew,Dew 750ml Pet,-38.75,2025-04,523213.8,-0.01
2025-04,BEVERAGES,dew,Dew 330 ml can,-102.87,2025-04,523213.8,-0.02
2025-04,BEVERAGES,drinking water,drinking water-20ltr,120.0,2025-04,523213.8,0.02
2025-04,BEVERAGES,lehar soda,Lehar Soda,460.88000000000005,2025-04,523213.8,0.09
2025-04,BEVERAGES,mixed berry syrup,DVC Mixed Berry Beverage Blend Syrup 750 ml,828.0,2025-04,523213.8,0.16
2025-04,BEVERAGES,mojito mint,Mojito Menta Cubano,1268.5,2025-04,523213.8,0.24
2025-04,BEVERAGES,passion fruit syrup,DVC PASSION FRUIT FLV SYRUP 750ML,608.8800000000001,2025-04,523213.8,0.12
2025-04,BEVERAGES,peach syrup,DVC Peach GardenSyrup 750 ml,0.0,2025-04,523213.8,0.0
2025-04,BEVERAGES,pepsi,Pepsi 250ml Pet,1470.0,2025-04,523213.8,0.28
2025-04,BEVERAGES,pepsi,pepsi 1 ltr,1197.1799999999998,2025-04,523213.8,0.23
2025-04,BEVERAGES,pepsi,pepsi can 330ml,651.51,2025-04,523213.8,0.12
2025-04,BEVERAGES,pepsi,Pepsi 750ml Pet,551.9300000000001,2025-04,523213.8,0.11
2025-04,BEVERAGES,slice mango,Slice Mango 250ml pet,530.1,2025-04,523213.8,0.1
2025-04,BEVERAGES,slice mango,Slice Mango 600ml pet,-188.28,2025-04,523213.8,-0.04
2025-04,BEVERAGES,strawberry syrup,DVC Strawberry Syrup 750 ml,608.88,2025-04,523213.8,0.12
2025-04,BEVERAGES,strawberry syrup,straw,80.0,2025-04,523213.8,0.02
2025-04,BEVERAGES,strawberry syrup,Strawberry sause 750,-57.2,2025-04,523213.8,-0.01
2025-04,BEVERAGES,strawberry syrup,DVC Strawberry Syrup Syrup 750 ml,-781.63,2025-04,523213.8,-0.15
2025-04,BEVERAGES,tropicana guava,Tropicana Guava Delight 500ml,841.83,2025-04,523213.8,0.16
2025-04,CHEESE & DAIRY,butter,butter,1178.0,2025-04,523213.8,0.23
2025-04,CHEESE & DAIRY,butter,malas butterscotch crush,185.9,2025-04,523213.8,0.04
2025-04,CHEESE & DAIRY,butter,Butter Scotch Ice-cream,154.5999999999999,2025-04,523213.8,0.03
2025-04,CHEESE & DAIRY,butter,Butter Scotch Sauce 750ml,-157.3,2025-04,523213.8,-0.03
2025-04,CHEESE & DAIRY,colby cheese,colby cheese 1 kg,190.34000000000015,2025-04,523213.8,0.04
2025-04,CHEESE & DAIRY,diced mozzarella,dynamic diced mozerella,38558.57,2025-04,523213.8,7.37
2025-04,CHEESE & DAIRY,fresh cream,Richs versatie cream,2967.1600000000003,2025-04,523213.8,0.57
2025-04,CHEESE & DAIRY,fresh cream,Vanilla Ice-cream 4ltr,2611.2,2025-04,523213.8,0.5
2025-04,CHEESE & DAIRY,fresh cream,Chocolate Ice-cream 4ltr,2040.0,2025-04,523213.8,0.39
2025-04,CHEESE & DAIRY,fresh cream,Strawberry-Ice cream,188.70000000000005,2025-04,523213.8,0.04
2025-04,CHEESE & DAIRY,fresh cream,Chocolate Ice-cream,-1085.0,2025-04,523213.8,-0.21
2025-04,CHEESE & DAIRY,milk,milk,450.0,2025-04,523213.8,0.09
2025-04,CHEESE & DAIRY,milk,milk 28 milma,168.0,2025-04,523213.8,0.03
2025-04,CHEESE & DAIRY,milk,milk 30,180.0,2025-04,523213.8,0.03
2025-04,CHEESE & DAIRY,orange cheddar,dynamic cheddar block,-332.4,2025-04,523213.8,-0.06
2025-04,CHEESE & DAIRY,paneer,Paneer,580.0,2025-04,523213.8,0.11
2025-04,CHEESE & DAIRY,paneer,Paneer tikka masala,37.5,2025-04,523213.8,0.01
2025-04,CHEESE & DAIRY,paneer,paneer tikka powder,-450.0,2025-04,523213.8,-0.09
2025-04,CHEESE & DAIRY,processed cheese,Processed cheese block,831.6000000000001,2025-04,523213.8,0.16
2025-04,CHEESE & DAIRY,slice cheese,slice cheese,1454.94,2025-04,523213.8,0.28
2025-04,CLEANING SUPPLIES,ant powder,tandoori tikka powder,2300.0,2025-04,523213.8,0.44
2025-04,CLEANING SUPPLIES,hit spray,hit spray big,315.0,2025-04,523213.8,0.06
2025-04,"FLOUR, GRAINS & DRY GOODS",corn meal,Corn Meal - MAKKA RAVA,82.5,2025-04,523213.8,0.02
2025-04,"FLOUR, GRAINS & DRY GOODS",dry yeast,Dried Yeast,-679.96,2025-04,523213.8,-0.13
2025-04,"FLOUR, GRAINS & DRY GOODS",maida,maida,4194.0,2025-04,523213.8,0.8
2025-04,"FLOUR, GRAINS & DRY GOODS",rice,staff rice 26kg,920.0,2025-04,523213.8,0.18
2025-04,FROZEN ITEMS,fish finger,fish finger,59.46999999999997,2025-04,523213.8,0.01
2025-04,FROZEN ITEMS,french fries,french fry hungritos 2.5kg,6494.76,2025-04,523213.8,1.24
2025-04,FROZEN ITEMS,frozen sweet corn,Frozen Sweet Corn-Pal Fresh 500gm,750.0,2025-04,523213.8,0.14
2025-04,FROZEN ITEMS,frozen sweet corn,Frozen Sweet Corn-Pal Fresh,390.0,2025-04,523213.8,0.07
2025-04,FROZEN ITEMS,potato pops,POTATO POPS,0.0,2025-04,523213.8,0.0
2025-04,FROZEN ITEMS,potato wedges,potato wedges,37.18000000000001,2025-04,523213.8,0.01
2025-04,FRUITS,apple,DVC Green Apple 750 ML,456.6600000000001,2025-04,523213.8,0.09
2025-04,FRUITS,chicku pulp,Berry Fresh Chicku Pulp,1120.0,2025-04,523213.8,0.21
2025-04,FRUITS,pineapple,pineapple,160.0,2025-04,523213.8,0.03
2025-04,FRUITS,pineapple,Pineapple slice-Tajir Habit-850g,0.0,2025-04,523213.8,0.0
2025-04,FRUITS,tender coconut pulp,Berry Fresh Tender Coconut Pulp,1480.0,2025-04,523213.8,0.28
2025-04,FRUITS,tender coconut pulp,Berry Fresh Tender Coconut Pulp 2kg,-1332.0,2025-04,523213.8,-0.25
2025-04,FRUITS,watermelon,DVC Watermelon Syrup 750 ml,202.95999999999998,2025-04,523213.8,0.04
2025-04,KITCHEN EQUIPMENT & UTENSILS,tripod,Tripod,-769.5,2025-04,523213.8,-0.15
2025-04,MASALA & SEASONINGS,aromat seasoning,Aromat Seasoning Powder,-120.4,2025-04,523213.8,-0.02
2025-04,MASALA & SEASONINGS,bbq mix,BBQ Mix Masala,2790.0,2025-04,523213.8,0.53
2025-04,MASALA & SEASONINGS,bbq mix,bbq mix,-1860.0,2025-04,523213.8,-0.36
2025-04,MASALA & SEASONINGS,chilli flakes,Chilli Flakes-Tasty Pixel-Veeba-Sachet-0.8g,529.2,2025-04,523213.8,0.1
2025-04,MASALA & SEASONINGS,chilli flakes,Veeba Chilli Flakes Seasoning(8G),33.08,2025-04,523213.8,0.01
2025-04,MASALA & SEASONINGS,chilly flakes,chilly flakes sachet,520.0,2025-04,523213.8,0.1
2025-04,MASALA & SEASONINGS,chilly flakes,Green Chilly-Veg,80.0,2025-04,523213.8,0.02
2025-04,MASALA & SEASONINGS,chilly flakes,chilly flakes 500gm,0.0,2025-04,523213.8,0.0
2025-04,MASALA & SEASONINGS,chilly flakes,CHILLY FLAKES SACHET 0.8GM,-97.24,2025-04,523213.8,-0.02
2025-04,MASALA & SEASONINGS,herb mix,Chettinad Mix,1302.0,2025-04,523213.8,0.25
2025-04,MASALA & SEASONINGS,herb mix,Herb Mix Masla,-356.79999999999995,2025-04,523213.8,-0.07
2025-04,MASALA & SEASONINGS,mexican masala,Mexican Masala,-1245.0,2025-04,523213.8,-0.24
2025-04,MASALA & SEASONINGS,mexican mix,mexican mix,3784.5,2025-04,523213.8,0.72
2025-04,MASALA & SEASONINGS,mixed herbs,Mixed Herb Loose,90.72,2025-04,523213.8,0.02
2025-04,MASALA & SEASONINGS,oregano,OREGANO SACHET 0.8GM,1980.0,2025-04,523213.8,0.38
2025-04,MASALA & SEASONINGS,oregano,Oregano Sprinkler 500g,890.1400000000001,2025-04,523213.8,0.17
2025-04,MASALA & SEASONINGS,piri piri marinade,Piri Piri Marinade 1KG,0.009999999999990905,2025-04,523213.8,0.0
2025-04,MASALA & SEASONINGS,tandoori masala,Tandoori mix Masala,522.5,2025-04,523213.8,0.1
2025-04,MEAT & POULTRY,boneless chicken,bonless chicken,19687.25,2025-04,523213.8,3.76
2025-04,MEAT & POULTRY,boneless chicken,Boneless Chicken,768.99,2025-04,523213.8,0.15
2025-04,MEAT & POULTRY,chicken burger pattis,Chicken burger pattis,2535.3,2025-04,523213.8,0.48
2025-04,MEAT & POULTRY,chicken burger pattis,Veg burger pattis,288.0,2025-04,523213.8,0.06
2025-04,MEAT & POULTRY,chicken burger pattis,Chicken burger pattis koonathil,265.0,2025-04,523213.8,0.05
2025-04,MEAT & POULTRY,chicken burger pattis,sneha chi burgar pattis,0.0,2025-04,523213.8,0.0
2025-04,MEAT & POULTRY,chicken kheema,Chicken Kheema  Masala,-911.4,2025-04,523213.8,-0.17
2025-04,MEAT & POULTRY,chicken nuggets,sneha chi nuggets,804.9799999999999,2025-04,523213.8,0.15
2025-04,MEAT & POULTRY,chicken pepperoni,chicken pepperoni,692.0,2025-04,523213.8,0.13
2025-04,MEAT & POULTRY,chicken popcorn,chicken popcorn,281.7,2025-04,523213.8,0.05
2025-04,MEAT & POULTRY,chicken salami,Zippy Chicken Salami,428.05999999999995,2025-04,523213.8,0.08
2025-04,MEAT & POULTRY,chicken sausage,Chicken Sausage,564.0,2025-04,523213.8,0.11
2025-04,MEAT & POULTRY,lamb pepperoni,Lamp Pepperoni,-179.0,2025-04,523213.8,-0.03
2025-04,MEAT & POULTRY,staff chicken,staff chicken,300.0,2025-04,523213.8,0.06
2025-04,MEAT & POULTRY,whole chicken,chicken pop corn sneha,224.0,2025-04,523213.8,0.04
2025-04,OILS,mustard oil,mustard oil,74.4,2025-04,523213.8,0.01
2025-04,OILS,olive oil,habit olive oil,990.0,2025-04,523213.8,0.19
2025-04,OILS,palm oil,oil,-1365.0,2025-04,523213.8,-0.26
2025-04,PACKAGING MATERIALS,bio bag,bio cup,0.0,2025-04,523213.8,0.0
2025-04,PACKAGING MATERIALS,burger box,Mini Burger Box,450.0,2025-04,523213.8,0.09
2025-04,PACKAGING MATERIALS,french fries box,French Fries Box,1027.2,2025-04,523213.8,0.2
2025-04,PACKAGING MATERIALS,garlic bread box,Garlic Bread Box,300.0,2025-04,523213.8,0.06
2025-04,PACKAGING MATERIALS,large pizza box,Large Pizza Box,1559.25,2025-04,523213.8,0.3
2025-04,PACKAGING MATERIALS,medium pizza box,Medium Pizza Box,2760.0,2025-04,523213.8,0.53
2025-04,PACKAGING MATERIALS,paper glass,mocktail glass,1176.0,2025-04,523213.8,0.22
2025-04,PACKAGING MATERIALS,paper glass,Moktails Glass,-48.0,2025-04,523213.8,-0.01
2025-04,PACKAGING MATERIALS,pasta container,Pasta Container Black,1038.2,2025-04,523213.8,0.2
2025-04,PACKAGING MATERIALS,plastic cover,bio cover 140,140.0,2025-04,523213.8,0.03
2025-04,PACKAGING MATERIALS,regular pizza box,Regular Pizza Box,3833.5,2025-04,523213.8,0.73
2025-04,PACKAGING MATERIALS,salad bowl,Salad Bowl 250ml,514.5,2025-04,523213.8,0.1
2025-04,PACKAGING MATERIALS,salad bowl,Salad Bowl 500ml,301.2999999999997,2025-04,523213.8,0.06
2025-04,PACKAGING MATERIALS,salad bowl,Dip Bowl,246.0,2025-04,523213.8,0.05
2025-04,PACKAGING MATERIALS,tissue,Tissue,36.0,2025-04,523213.8,0.01
2025-04,PACKAGING MATERIALS,wooden fork,wooden fork,0.0,2025-04,523213.8,0.0
2025-04,PACKAGING MATERIALS,wooden spoon,Wooden Spoon,65.0,2025-04,523213.8,0.01
2025-04,PACKAGING MATERIALS,wooden spoon,wodden spoon,-65.0,2025-04,523213.8,-0.01
2025-04,SAUCES & SPREADS,chocolate sauce,Malas Chocolate Sauce 5 ltr,-1590.0,2025-04,523213.8,-0.3
2025-04,SAUCES & SPREADS,eggless mayonnaise,Veeba Eggless Mayonise Chef 1KG,1800.0,2025-04,523213.8,0.34
2025-04,SAUCES & SPREADS,eggless mayonnaise,egg,91.0,2025-04,523213.8,0.02
2025-04,SAUCES & SPREADS,gouda flavoured dressing,Veeba Gouda Flavoured Dressing,784.0,2025-04,523213.8,0.15
2025-04,SAUCES & SPREADS,honey mustard dressing,Honey mustard dressing,452.0,2025-04,523213.8,0.09
2025-04,SAUCES & SPREADS,honey mustard dressing,Honey,122.0,2025-04,523213.8,0.02
2025-04,SAUCES & SPREADS,ketchup sachet,Veeba Ketchup Sachet,2152.2,2025-04,523213.8,0.41
2025-04,SAUCES & SPREADS,makhani gravy,makhni gravy,336.0,2025-04,523213.8,0.06
2025-04,SAUCES & SPREADS,pasta sauce,veeba pizza pasta sauce,-772.04,2025-04,523213.8,-0.15
2025-04,SAUCES & SPREADS,pizza sauce,pizza sauce,2520.0,2025-04,523213.8,0.48
2025-04,SAUCES & SPREADS,pizza sauce,Pizza sauce premix,487.5,2025-04,523213.8,0.09
2025-04,SAUCES & SPREADS,schezwan sauce,Schezwan sauce,0.0,2025-04,523213.8,0.0
2025-04,SAUCES & SPREADS,tandoori mayonnaise,tandoori mayonise,390.0,2025-04,523213.8,0.07
2025-04,SAUCES & SPREADS,tandoori mayonnaise,Tandoori Tikka Marinade 500Grm,-1150.0,2025-04,523213.8,-0.22
2025-04,SAUCES & SPREADS,thousand island dressing,Veeba ThousandIsland Dressing 1KG,375.2,2025-04,523213.8,0.07
2025-04,SAUCES & SPREADS,tomato ketchup,tomato ketchup 1.2 bottle,1280.0,2025-04,523213.8,0.24
2025-04,SAUCES & SPREADS,tomato ketchup,Veeba T. Ketchup 1.2KG,-525.0,2025-04,523213.8,-0.1
2025-04,STATIONERY & MISC,pen,HABIT JALAPENO SLICES 2.9 KG,1187.1999999999998,2025-04,523213.8,0.23
2025-04,STATIONERY & MISC,pen,Puramate Pasta-Penne Rigatte 500g,695.5,2025-04,523213.8,0.13
2025-04,UNMAPPED,UNMAPPED,grocery,25410.07,2025-04,523213.8,4.86
2025-04,UNMAPPED,UNMAPPED,vegetables,6012.46,2025-04,523213.8,1.15
2025-04,UNMAPPED,UNMAPPED,eng veg,2671.1899999999996,2025-04,523213.8,0.51
2025-04,UNMAPPED,UNMAPPED,black olive slice Habit,2328.48,2025-04,523213.8,0.45
2025-04,UNMAPPED,UNMAPPED,KOT Printing Rolls,2000.0,2025-04,523213.8,0.38
2025-04,UNMAPPED,UNMAPPED,red paprika habit,402.48,2025-04,523213.8,0.08
2025-04,UNMAPPED,UNMAPPED,Mayonise premium,386.4,2025-04,523213.8,0.07
2025-04,UNMAPPED,UNMAPPED,Sumeru Nuggets Premium 1Kg,344.3,2025-04,523213.8,0.07
2025-04,UNMAPPED,UNMAPPED,Puramate Pasta-Gomiti Rigate - macroni - 500g,278.20000000000005,2025-04,523213.8,0.05
2025-04,UNMAPPED,UNMAPPED,nuggets sneha,257.15,2025-04,523213.8,0.05
2025-04,UNMAPPED,UNMAPPED,Mango Crush Sauce 750ml Malas,168.03000000000003,2025-04,523213.8,0.03
2025-04,UNMAPPED,UNMAPPED,egg 6,180.0,2025-04,523213.8,0.03
2025-04,UNMAPPED,UNMAPPED,fruits,140.0,2025-04,523213.8,0.03
2025-04,UNMAPPED,UNMAPPED,veg,132.0,2025-04,523213.8,0.03
2025-04,UNMAPPED,UNMAPPED,Green Peas,130.0,2025-04,523213.8,0.02
2025-04,UNMAPPED,UNMAPPED,ice cube,80.0,2025-04,523213.8,0.02
2025-04,UNMAPPED,UNMAPPED,Egg-5.5,55.0,2025-04,523213.8,0.01
2025-04,UNMAPPED,UNMAPPED,egg-6.50,65.0,2025-04,523213.8,0.01
2025-04,UNMAPPED,UNMAPPED,bio covers,16.0,2025-04,523213.8,0.0
2025-04,UNMAPPED,UNMAPPED,ice cube/80,0.0,2025-04,523213.8,0.0
2025-04,UTILITIES & EXPENSES,lpg gas,Gas-LPG-HPCL,12630.0,2025-04,523213.8,2.41
2025-04,VEGETABLES,baby corn,habit baby corn,432.0,2025-04,523213.8,0.08
2025-04,VEGETABLES,fresh basil,BASIL,-204.0,2025-04,523213.8,-0.04
2025-04,VEGETABLES,garlic,garlic,260.0,2025-04,523213.8,0.05
2025-04,VEGETABLES,garlic,chilly garlic spread,0.0,2025-04,523213.8,0.0
2025-04,VEGETABLES,mushroom,canvill button mushroom,4576.0,2025-04,523213.8,0.87
2025-04,VEGETABLES,tomato,tomato,400.0,2025-04,523213.8,0.08
2025-04,VEGETABLES,yam,maida yamuna,6480.0,2025-04,523213.8,1.24
2025-04,VEGETABLES,yam,Maida yamuna,-1040.0,2025-04,523213.8,-0.2
2025-03,BAKERY & PREMIX,bread premix,Bread Premix,428.4,2025-03,358957.6,0.12
2025-03,BAKERY & PREMIX,brownie,Brownie,962.5,2025-03,358957.6,0.27
2025-03,BAKERY & PREMIX,burger bun,burger buns,352.0,2025-03,358957.6,0.1
2025-03,BAKERY & PREMIX,burger bun,burger bun 4,160.0,2025-03,358957.6,0.04
2025-03,BAKERY & PREMIX,pizza premix,Pizza Premix,2721.6,2025-03,358957.6,0.76
2025-03,BEVERAGES,7up,7up 250ml Pet,2870.0,2025-03,358957.6,0.8
2025-03,BEVERAGES,7up,7up 1 ltr,2704.7400000000002,2025-03,358957.6,0.75
2025-03,BEVERAGES,7up,7up pet 750ml,2518.75,2025-03,358957.6,0.7
2025-03,BEVERAGES,7up,7UP 750ml Pet,930.0,2025-03,358957.6,0.26
2025-03,BEVERAGES,7up,7up750mlpet,930.0,2025-03,358957.6,0.26
2025-03,BEVERAGES,7up,7up 600ml,687.6,2025-03,358957.6,0.19
2025-03,BEVERAGES,aqua fina,Aqua Fina Mineral Water 1Ltr,1332.5,2025-03,358957.6,0.37
2025-03,BEVERAGES,blue occean syrup,DVC BLUE OCCEAN FLV SYRUP 750ML,558.1399999999999,2025-03,358957.6,0.16
2025-03,BEVERAGES,bubblegum syrup,DVC Bubblegum Syrup Syrup 750 ml,0.0,2025-03,358957.6,0.0
2025-03,BEVERAGES,cucumber syrup,DVC Cucumber Syrup 750 ml,53.0,2025-03,358957.6,0.01
2025-03,BEVERAGES,dew,Dew 330 ml can,1268.73,2025-03,358957.6,0.35
2025-03,BEVERAGES,dew,Dew 250ml Pet,752.5,2025-03,358957.6,0.21
2025-03,BEVERAGES,dew,Dew 600 ml,653.03,2025-03,358957.6,0.18
2025-03,BEVERAGES,lehar soda,Lehar Soda,2337.3199999999997,2025-03,358957.6,0.65
2025-03,BEVERAGES,mixed berry syrup,DVC Mixed Berry Beverage Blend Syrup 750 ml,165.60000000000002,2025-03,358957.6,0.05
2025-03,BEVERAGES,mojito mint,DVC MOJITO MINT 750ML,2537.0,2025-03,358957.6,0.71
2025-03,BEVERAGES,mojito mint,Mojito Menta Cubano,-3754.76,2025-03,358957.6,-1.05
2025-03,BEVERAGES,passion fruit syrup,DVC PASSION FRUIT FLV SYRUP 750ML,558.1399999999999,2025-03,358957.6,0.16
2025-03,BEVERAGES,peach syrup,DVC Peach Garden Syrup Syrup 750 ml,390.82,2025-03,358957.6,0.11
2025-03,BEVERAGES,peach syrup,DVC Peach GardenSyrup 750 ml,-424.0,2025-03,358957.6,-0.12
2025-03,BEVERAGES,pepsi,Pepsi 750ml Pet,3255.0,2025-03,358957.6,0.91
2025-03,BEVERAGES,pepsi,pepsi 1 ltr,2749.08,2025-03,358957.6,0.77
2025-03,BEVERAGES,pepsi,Pepsi 250ml Pet,2660.0,2025-03,358957.6,0.74
2025-03,BEVERAGES,pepsi,pepsi 600 ml,1306.06,2025-03,358957.6,0.36
2025-03,BEVERAGES,pepsi,pepsi can 330ml,651.51,2025-03,358957.6,0.18
2025-03,BEVERAGES,slice mango,Slice Mango 250ml pet,1060.2,2025-03,358957.6,0.3
2025-03,BEVERAGES,slice mango,Slice Mango 600ml pet,1013.5799999999999,2025-03,358957.6,0.28
2025-03,BEVERAGES,slice mango,Slice Mango 200ml pet,477.09,2025-03,358957.6,0.13
2025-03,BEVERAGES,slice mango,slice 350ml,350.08,2025-03,358957.6,0.1
2025-03,BEVERAGES,strawberry syrup,DVC Strawberry Syrup Syrup 750 ml,635.08,2025-03,358957.6,0.18
2025-03,BEVERAGES,strawberry syrup,Strawberry sause 750,0.0,2025-03,358957.6,0.0
2025-03,BEVERAGES,strawberry syrup,straw,-20.0,2025-03,358957.6,-0.01
2025-03,BEVERAGES,strawberry syrup,DVC Strawberry Syrup 750 ml,-608.88,2025-03,358957.6,-0.17
2025-03,BEVERAGES,tropicana guava,Tropicana Guava Delight 500ml,959.27,2025-03,358957.6,0.27
2025-03,BEVERAGES,tropicana guava,Tropicana Guava Delight,612.24,2025-03,358957.6,0.17
2025-03,BEVERAGES,tropicana guava,tropicana guava 180ml,70.68,2025-03,358957.6,0.02
2025-03,CHEESE & DAIRY,butter,butter,2242.0,2025-03,358957.6,0.62
2025-03,CHEESE & DAIRY,butter,Butter Scotch Ice-cream,0.0,2025-03,358957.6,0.0
2025-03,CHEESE & DAIRY,butter,malas butterscotch crush,-42.900000000000006,2025-03,358957.6,-0.01
2025-03,CHEESE & DAIRY,colby cheese,colby cheese 1 kg,-1268.96,2025-03,358957.6,-0.35
2025-03,CHEESE & DAIRY,diced mozzarella,dynamic diced mozerella,20055.71,2025-03,358957.6,5.59
2025-03,CHEESE & DAIRY,fresh cream,Vanilla Ice-cream 4ltr,3699.2,2025-03,358957.6,1.03
2025-03,CHEESE & DAIRY,fresh cream,Richs versatie cream,2007.7000000000003,2025-03,358957.6,0.56
2025-03,CHEESE & DAIRY,fresh cream,Chocolate Ice-cream 4ltr,408.0,2025-03,358957.6,0.11
2025-03,CHEESE & DAIRY,fresh cream,Strawberry-Ice cream,125.80000000000001,2025-03,358957.6,0.04
2025-03,CHEESE & DAIRY,milk,milk 28 milma,280.0,2025-03,358957.6,0.08
2025-03,CHEESE & DAIRY,milk,milk,100.0,2025-03,358957.6,0.03
2025-03,CHEESE & DAIRY,milk maid,milk maid,66.0,2025-03,358957.6,0.02
2025-03,CHEESE & DAIRY,monterey jack,GO-Monterey Jack Cheese-2kg,1163.0,2025-03,358957.6,0.32
2025-03,CHEESE & DAIRY,orange cheddar,dynamic cheddar block,805.6,2025-03,358957.6,0.22
2025-03,CHEESE & DAIRY,paneer,Paneer,1740.0,2025-03,358957.6,0.48
2025-03,CHEESE & DAIRY,paneer,paneer tikka powder,450.0,2025-03,358957.6,0.13
2025-03,CHEESE & DAIRY,paneer,Paneer tikka masala,37.5,2025-03,358957.6,0.01
2025-03,CHEESE & DAIRY,processed cheese,Processed cheese block,1335.6,2025-03,358957.6,0.37
2025-03,CHEESE & DAIRY,slice cheese,slice cheese,1257.66,2025-03,358957.6,0.35
2025-03,CLEANING SUPPLIES,ant powder,tandoori tikka powder,-2300.0,2025-03,358957.6,-0.64
2025-03,"FLOUR, GRAINS & DRY GOODS",atta,atta,108.0,2025-03,358957.6,0.03
2025-03,"FLOUR, GRAINS & DRY GOODS",corn meal,Corn Meal - MAKKA RAVA,137.5,2025-03,358957.6,0.04
2025-03,"FLOUR, GRAINS & DRY GOODS",maida,maida,-4194.0,2025-03,358957.6,-1.17
2025-03,"FLOUR, GRAINS & DRY GOODS",rice,staff rice 26kg,-207.0,2025-03,358957.6,-0.06
2025-03,FROZEN ITEMS,fish finger,fish finger,118.94999999999999,2025-03,358957.6,0.03
2025-03,FROZEN ITEMS,french fries,french fry hungritos 2.5kg,4623.8,2025-03,358957.6,1.29
2025-03,FROZEN ITEMS,frozen sweet corn,Frozen Sweet Corn,480.0,2025-03,358957.6,0.13
2025-03,FROZEN ITEMS,frozen sweet corn,Frozen Sweet Corn-Pal Fresh,230.0,2025-03,358957.6,0.06
2025-03,FROZEN ITEMS,potato pops,POTATO POPS,286.16999999999996,2025-03,358957.6,0.08
2025-03,FROZEN ITEMS,potato wedges,potato wedges,911.01,2025-03,358957.6,0.25
2025-03,FRUITS,apple,DVC Green Apple 750 ML,304.4399999999998,2025-03,358957.6,0.08
2025-03,FRUITS,chicku pulp,Berry Fresh Chicku Pulp,616.0,2025-03,358957.6,0.17
2025-03,FRUITS,grapes,grapes,100.0,2025-03,358957.6,0.03
2025-03,FRUITS,pineapple,Pineapple slice-Tajir Habit-850g,110.25,2025-03,358957.6,0.03
2025-03,FRUITS,tender coconut pulp,Berry Fresh Tender Coconut Pulp,925.0,2025-03,358957.6,0.26
2025-03,FRUITS,watermelon,DVC Watermelon Syrup 750 ml,202.96000000000004,2025-03,358957.6,0.06
2025-03,KITCHEN EQUIPMENT & UTENSILS,tripod,Tripod,229.5,2025-03,358957.6,0.06
2025-03,MASALA & SEASONINGS,aromat seasoning,Aromat Seasoning Powder,120.4,2025-03,358957.6,0.03
2025-03,MASALA & SEASONINGS,bbq mix,bbq mix,2464.5,2025-03,358957.6,0.69
2025-03,MASALA & SEASONINGS,bbq mix,BBQ Mix Masala,-930.0,2025-03,358957.6,-0.26
2025-03,MASALA & SEASONINGS,chilli flakes,Chilli Flakes,88.0,2025-03,358957.6,0.02
2025-03,MASALA & SEASONINGS,chilli flakes,Veeba Chilli Flakes Seasoning(8G),-33.08,2025-03,358957.6,-0.01
2025-03,MASALA & SEASONINGS,chilli flakes,Chilli Flakes-Tasty Pixel-Veeba-Sachet-0.8g,-529.2,2025-03,358957.6,-0.15
2025-03,MASALA & SEASONINGS,chilly flakes,chilly flakes sachet,894.4,2025-03,358957.6,0.25
2025-03,MASALA & SEASONINGS,chilly flakes,chilly flakes 500gm,0.0,2025-03,358957.6,0.0
2025-03,MASALA & SEASONINGS,herb mix,Herb Mix Masla,490.5999999999999,2025-03,358957.6,0.14
2025-03,MASALA & SEASONINGS,herb mix,Chettinad Mix,-1432.1999999999998,2025-03,358957.6,-0.4
2025-03,MASALA & SEASONINGS,mexican mix,mexican mix,1305.0,2025-03,358957.6,0.36
2025-03,MASALA & SEASONINGS,mixed herbs,Mixed Herb Loose,5.280000000000001,2025-03,358957.6,0.0
2025-03,MASALA & SEASONINGS,oregano,OREGANO SACHET 0.8GM,655.0,2025-03,358957.6,0.18
2025-03,MASALA & SEASONINGS,oregano,Oregano Sprinkler 500g,649.6000000000001,2025-03,358957.6,0.18
2025-03,MASALA & SEASONINGS,piri piri marinade,Piri Piri Marinade 1KG,140.24,2025-03,358957.6,0.04
2025-03,MASALA & SEASONINGS,tandoori masala,Tandoori mix Masala,1185.0,2025-03,358957.6,0.33
2025-03,MEAT & POULTRY,boneless chicken,bonless chicken,13054.3,2025-03,358957.6,3.64
2025-03,MEAT & POULTRY,chicken burger pattis,Chicken burger pattis,1392.85,2025-03,358957.6,0.39
2025-03,MEAT & POULTRY,chicken burger pattis,Veg burger pattis,301.5,2025-03,358957.6,0.08
2025-03,MEAT & POULTRY,chicken kheema,Chicken Kheema  Masala,1953.0,2025-03,358957.6,0.54
2025-03,MEAT & POULTRY,chicken kheema,chicken kheema masala,195.0,2025-03,358957.6,0.05
2025-03,MEAT & POULTRY,chicken pepperoni,chicken pepperoni,-259.5,2025-03,358957.6,-0.07
2025-03,MEAT & POULTRY,chicken popcorn,chicken popcorn,112.68,2025-03,358957.6,0.03
2025-03,MEAT & POULTRY,chicken salami,Zippy Chicken Salami,487.33999999999986,2025-03,358957.6,0.14
2025-03,MEAT & POULTRY,lamb pepperoni,Lamp Pepperoni,179.0,2025-03,358957.6,0.05
2025-03,MEAT & POULTRY,staff chicken,staff chicken,1500.0,2025-03,358957.6,0.42
2025-03,OILS,mustard oil,Mustard Oil,84.0,2025-03,358957.6,0.02
2025-03,OILS,olive oil,habit olive oil,882.0,2025-03,358957.6,0.25
2025-03,OILS,palm oil,oil,1638.0,2025-03,358957.6,0.46
2025-03,PACKAGING MATERIALS,bio bag,bio cup,-100.0,2025-03,358957.6,-0.03
2025-03,PACKAGING MATERIALS,burger box,Mini Burger Box,648.0,2025-03,358957.6,0.18
2025-03,PACKAGING MATERIALS,french fries box,French Fries Box,-829.25,2025-03,358957.6,-0.23
2025-03,PACKAGING MATERIALS,garlic bread box,Garlic Bread Box,292.5,2025-03,358957.6,0.08
2025-03,PACKAGING MATERIALS,large pizza box,Large Pizza Box,222.75,2025-03,358957.6,0.06
2025-03,PACKAGING MATERIALS,medium pizza box,Medium Pizza Box,2330.0,2025-03,358957.6,0.65
2025-03,PACKAGING MATERIALS,paper glass,Moktails Glass,592.0,2025-03,358957.6,0.16
2025-03,PACKAGING MATERIALS,paper glass,Paper Glass,100.0,2025-03,358957.6,0.03
2025-03,PACKAGING MATERIALS,paper glass,mocktail glass,-376.0,2025-03,358957.6,-0.1
2025-03,PACKAGING MATERIALS,paper plate,Paper Plates,99.0,2025-03,358957.6,0.03
2025-03,PACKAGING MATERIALS,pasta container,Pasta Container Black,993.45,2025-03,358957.6,0.28
2025-03,PACKAGING MATERIALS,plastic cover,bio cover,540.0,2025-03,358957.6,0.15
2025-03,PACKAGING MATERIALS,regular pizza box,Regular Pizza Box,3859.0,2025-03,358957.6,1.08
2025-03,PACKAGING MATERIALS,salad bowl,Salad Bowl 250ml,330.75,2025-03,358957.6,0.09
2025-03,PACKAGING MATERIALS,salad bowl,Salad Bowl 500ml,288.20000000000005,2025-03,358957.6,0.08
2025-03,PACKAGING MATERIALS,salad bowl,Dip Bowl,-220.0,2025-03,358957.6,-0.06
2025-03,PACKAGING MATERIALS,tissue,Tissue,288.0,2025-03,358957.6,0.08
2025-03,PACKAGING MATERIALS,wooden fork,wooden fork,-85.0,2025-03,358957.6,-0.02
2025-03,PACKAGING MATERIALS,wooden spoon,Wooden Spoon,0.0,2025-03,358957.6,0.0
2025-03,SAUCES & SPREADS,chocolate sauce,Malas Chocolate Sauce 5 ltr,0.0,2025-03,358957.6,0.0
2025-03,SAUCES & SPREADS,eggless mayonnaise,Veeba Eggless Mayonise Chef 1KG,900.0,2025-03,358957.6,0.25
2025-03,SAUCES & SPREADS,eggless mayonnaise,egg,-91.0,2025-03,358957.6,-0.03
2025-03,SAUCES & SPREADS,gouda flavoured dressing,Veeba Gouda Flavoured Dressing,980.0,2025-03,358957.6,0.27
2025-03,SAUCES & SPREADS,honey mustard dressing,Honey mustard dressing,565.0,2025-03,358957.6,0.16
2025-03,SAUCES & SPREADS,honey mustard dressing,Honey,97.60000000000002,2025-03,358957.6,0.03
2025-03,SAUCES & SPREADS,ketchup sachet,Veeba Ketchup Sachet,1273.3,2025-03,358957.6,0.35
2025-03,SAUCES & SPREADS,makhani gravy,makhni gravy,224.0,2025-03,358957.6,0.06
2025-03,SAUCES & SPREADS,pasta sauce,veeba pizza pasta sauce,5018.26,2025-03,358957.6,1.4
2025-03,SAUCES & SPREADS,pizza sauce,Pizza sauce premix,325.0,2025-03,358957.6,0.09
2025-03,SAUCES & SPREADS,pizza sauce,pizza sauce,-1920.0,2025-03,358957.6,-0.53
2025-03,SAUCES & SPREADS,schezwan sauce,Schezwan sauce,182.0,2025-03,358957.6,0.05
2025-03,SAUCES & SPREADS,tandoori spread,Veeba Tandoori Spread-1kg,232.0,2025-03,358957.6,0.06
2025-03,SAUCES & SPREADS,thousand island dressing,Veeba ThousandIsland Dressing 1KG,0.0,2025-03,358957.6,0.0
2025-03,SAUCES & SPREADS,tomato ketchup,Veeba T. Ketchup 1.2KG,735.0,2025-03,358957.6,0.2
2025-03,SAUCES & SPREADS,tomato ketchup,tomato ketchup 1.2 bottle,-315.0,2025-03,358957.6,-0.09
2025-03,STATIONERY & MISC,pen,HABIT JALAPENO SLICES 2.9 KG,890.4000000000001,2025-03,358957.6,0.25
2025-03,STATIONERY & MISC,pen,Puramate Pasta-Penne Rigatte 500g,208.6500000000001,2025-03,358957.6,0.06
2025-03,STATIONERY & MISC,tape,Celotape-3/4inch-,138.0,2025-03,358957.6,0.04
2025-03,UNMAPPED,UNMAPPED,grocery,19360.93,2025-03,358957.6,5.39
2025-03,UNMAPPED,UNMAPPED,vegetables,6910.4400000000005,2025-03,358957.6,1.93
2025-03,UNMAPPED,UNMAPPED,eng veg,4160.0,2025-03,358957.6,1.16
2025-03,UNMAPPED,UNMAPPED,black olive slice Habit,2328.48,2025-03,358957.6,0.65
2025-03,UNMAPPED,UNMAPPED,nuggets sumeru,876.4,2025-03,358957.6,0.24
2025-03,UNMAPPED,UNMAPPED,Mango Crush Sauce 750ml Malas,588.11,2025-03,358957.6,0.16
2025-03,UNMAPPED,UNMAPPED,KOT Printing Rolls,450.0,2025-03,358957.6,0.13
2025-03,UNMAPPED,UNMAPPED,red paprika habit,402.48,2025-03,358957.6,0.11
2025-03,UNMAPPED,UNMAPPED,Sumeru Nuggets Premium 1Kg,281.7,2025-03,358957.6,0.08
2025-03,UNMAPPED,UNMAPPED,Mayonise premium,252.0,2025-03,358957.6,0.07
2025-03,UNMAPPED,UNMAPPED,cashew,200.0,2025-03,358957.6,0.06
2025-03,UNMAPPED,UNMAPPED,Puramate Pasta-Gomiti Rigate - macroni - 500g,156.48999999999995,2025-03,358957.6,0.04
2025-03,UNMAPPED,UNMAPPED,egg 7,140.0,2025-03,358957.6,0.04
2025-03,UNMAPPED,UNMAPPED,ice cube/80,80.0,2025-03,358957.6,0.02
2025-03,UNMAPPED,UNMAPPED,Green Peas,18.0,2025-03,358957.6,0.01
2025-03,UNMAPPED,UNMAPPED,ice cube,-40.0,2025-03,358957.6,-0.01
2025-03,UNMAPPED,UNMAPPED,bio covers,-416.0,2025-03,358957.6,-0.12
2025-03,UTILITIES & EXPENSES,lpg gas,Gas-LPG-HPCL,22094.0,2025-03,358957.6,6.16
2025-03,VEGETABLES,baby corn,habit baby corn,432.0,2025-03,358957.6,0.12
2025-03,VEGETABLES,capsicum,capsicum,64.0,2025-03,358957.6,0.02
2025-03,VEGETABLES,fresh basil,Puramate Basil 250g Pouch,273.0,2025-03,358957.6,0.08
2025-03,VEGETABLES,garlic,garlic,360.0,2025-03,358957.6,0.1
2025-03,VEGETABLES,garlic,chilly garlic spread,170.0,2025-03,358957.6,0.05
2025-03,VEGETABLES,mint,DVC Mint Flavoured Syrup 750 ml,2587.74,2025-03,358957.6,0.72
2025-03,VEGETABLES,mushroom,canvill button mushroom,3575.0,2025-03,358957.6,1.0
2025-03,VEGETABLES,tomato,tomato,200.0,2025-03,358957.6,0.06
2025-03,VEGETABLES,yam,Maida yamuna,6791.0,2025-03,358957.6,1.89
2025-02,BAKERY & PREMIX,bread premix,Bread Premix,330.0,2025-02,383291.2,0.09
2025-02,BAKERY & PREMIX,brownie,Brownie,1423.5,2025-02,383291.2,0.37
2025-02,BAKERY & PREMIX,burger bun,burger bun 4,128.0,2025-02,383291.2,0.03
2025-02,BAKERY & PREMIX,burger bun,burger buns,32.0,2025-02,383291.2,0.01
2025-02,BAKERY & PREMIX,pizza premix,Pizza Premix,2898.0,2025-02,383291.2,0.76
2025-02,BEVERAGES,7up,7up 600ml,1409.58,2025-02,383291.2,0.37
2025-02,BEVERAGES,7up,7up 1 ltr,842.4599999999999,2025-02,383291.2,0.22
2025-02,BEVERAGES,7up,7up 250ml Pet,787.5,2025-02,383291.2,0.21
2025-02,BEVERAGES,aqua fina,Aqua Fina Mineral Water 1Ltr,505.28,2025-02,383291.2,0.13
2025-02,BEVERAGES,blue occean syrup,DVC BLUE OCCEAN FLV SYRUP 750ML,355.17999999999995,2025-02,383291.2,0.09
2025-02,BEVERAGES,bubblegum syrup,DVC Bubblegum Syrup Syrup 750 ml,50.74000000000001,2025-02,383291.2,0.01
2025-02,BEVERAGES,cucumber syrup,DVC Cucumber Syrup 750 ml,0.0,2025-02,383291.2,0.0
2025-02,BEVERAGES,dew,Dew 600 ml,687.3999999999999,2025-02,383291.2,0.18
2025-02,BEVERAGES,dew,Dew 250ml Pet,665.0,2025-02,383291.2,0.17
2025-02,BEVERAGES,dew,Dew 330 ml can,205.74000000000012,2025-02,383291.2,0.05
2025-02,BEVERAGES,lehar soda,Lehar Soda,905.3,2025-02,383291.2,0.24
2025-02,BEVERAGES,mango syrup,DVC Mango Beverage Blend Syrup 750 ml,764.64,2025-02,383291.2,0.2
2025-02,BEVERAGES,mixed berry syrup,DVC Mixed Berry Beverage Blend Syrup 750 ml,165.60000000000002,2025-02,383291.2,0.04
2025-02,BEVERAGES,mojito mint,DVC MOJITO MINT 750ML,2080.34,2025-02,383291.2,0.54
2025-02,BEVERAGES,passion fruit syrup,DVC Passion Fruit 750ML,1268.5,2025-02,383291.2,0.33
2025-02,BEVERAGES,passion fruit syrup,DVC PASSION FRUIT FLV SYRUP 750ML,-710.36,2025-02,383291.2,-0.19
2025-02,BEVERAGES,peach syrup,DVC Peach GardenSyrup 750 ml,424.0,2025-02,383291.2,0.11
2025-02,BEVERAGES,peach syrup,DVC Peach Garden Syrup Syrup 750 ml,-390.82,2025-02,383291.2,-0.1
2025-02,BEVERAGES,pepsi,Pepsi 250ml Pet,1575.0,2025-02,383291.2,0.41
2025-02,BEVERAGES,pepsi,pepsi 600 ml,1202.9500000000003,2025-02,383291.2,0.31
2025-02,BEVERAGES,pepsi,pepsi 1 ltr,1152.8400000000001,2025-02,383291.2,0.3
2025-02,BEVERAGES,pepsi,pepsi can 330ml,274.32000000000005,2025-02,383291.2,0.07
2025-02,BEVERAGES,slice mango,Slice Mango 250ml pet,1060.2,2025-02,383291.2,0.28
2025-02,BEVERAGES,slice mango,Slice Mango 600ml pet,252.63,2025-02,383291.2,0.07
2025-02,BEVERAGES,slice mango,Slice Mango 200ml pet,17.67,2025-02,383291.2,0.0
2025-02,BEVERAGES,slice mango,slice 350ml,-350.08,2025-02,383291.2,-0.09
2025-02,BEVERAGES,strawberry syrup,DVC Strawberry Syrup 750 ml,507.4,2025-02,383291.2,0.13
2025-02,BEVERAGES,strawberry syrup,Strawberry sause 750,57.2,2025-02,383291.2,0.01
2025-02,BEVERAGES,strawberry syrup,straw,-120.0,2025-02,383291.2,-0.03
2025-02,BEVERAGES,strawberry syrup,DVC Strawberry Syrup Syrup 750 ml,-390.82000000000005,2025-02,383291.2,-0.1
2025-02,BEVERAGES,tropicana guava,tropicana guava 180ml,459.42,2025-02,383291.2,0.12
2025-02,CHEESE & DAIRY,butter,Butter Scotch Ice-cream,927.5999999999999,2025-02,383291.2,0.24
2025-02,CHEESE & DAIRY,butter,butter,190.0,2025-02,383291.2,0.05
2025-02,CHEESE & DAIRY,diced mozzarella,dynamic diced mozerella,22359.28,2025-02,383291.2,5.83
2025-02,CHEESE & DAIRY,fresh cream,Richs versatie cream,3413.09,2025-02,383291.2,0.89
2025-02,CHEESE & DAIRY,fresh cream,Chocolate Ice-cream,1848.0,2025-02,383291.2,0.48
2025-02,CHEESE & DAIRY,fresh cream,Vanilla Ice-cream,865.45,2025-02,383291.2,0.23
2025-02,CHEESE & DAIRY,fresh cream,Vanilla Ice-cream 4ltr,652.8,2025-02,383291.2,0.17
2025-02,CHEESE & DAIRY,fresh cream,Strawberry-Ice cream,125.79999999999995,2025-02,383291.2,0.03
2025-02,CHEESE & DAIRY,fresh cream,Chocolate Ice-cream 4ltr,0.0,2025-02,383291.2,0.0
2025-02,CHEESE & DAIRY,milk,milk 28 milma,672.0,2025-02,383291.2,0.18
2025-02,CHEESE & DAIRY,milk maid,milk maid,0.0,2025-02,383291.2,0.0
2025-02,CHEESE & DAIRY,orange cheddar,dynamic cheddar block,-177.45,2025-02,383291.2,-0.05
2025-02,CHEESE & DAIRY,paneer,paneer tikka powder,2250.0,2025-02,383291.2,0.59
2025-02,CHEESE & DAIRY,paneer,Paneer,870.0,2025-02,383291.2,0.23
2025-02,CHEESE & DAIRY,paneer,Paneer tikka masala,-18.75,2025-02,383291.2,-0.0
2025-02,CHEESE & DAIRY,processed cheese,Processed cheese block,1058.4,2025-02,383291.2,0.28
2025-02,CHEESE & DAIRY,slice cheese,slice cheese,600.0,2025-02,383291.2,0.16
2025-02,"FLOUR, GRAINS & DRY GOODS",atta,atta,162.0,2025-02,383291.2,0.04
2025-02,"FLOUR, GRAINS & DRY GOODS",corn meal,Corn Meal - MAKKA RAVA,-110.0,2025-02,383291.2,-0.03
2025-02,"FLOUR, GRAINS & DRY GOODS",masoor dal,masoor dal,180.0,2025-02,383291.2,0.05
2025-02,"FLOUR, GRAINS & DRY GOODS",rice,staff rice 26kg,-92.0,2025-02,383291.2,-0.02
2025-02,"FLOUR, GRAINS & DRY GOODS",sugar,sugar,84.0,2025-02,383291.2,0.02
2025-02,FROZEN ITEMS,fish finger,fish finger,59.47000000000003,2025-02,383291.2,0.02
2025-02,FROZEN ITEMS,french fries,french fry hungritos 2.5kg,5504.799999999999,2025-02,383291.2,1.44
2025-02,FROZEN ITEMS,frozen sweet corn,Frozen Sweet Corn-Pal Fresh,1350.0,2025-02,383291.2,0.35
2025-02,FROZEN ITEMS,frozen sweet corn,Frozen Sweet Corn,-480.0,2025-02,383291.2,-0.13
2025-02,FROZEN ITEMS,potato pops,POTATO POPS,59.640000000000015,2025-02,383291.2,0.02
2025-02,FROZEN ITEMS,potato wedges,potato wedges,278.8799999999999,2025-02,383291.2,0.07
2025-02,FRUITS,apple,DVC Green Apple 750 ML,355.18000000000006,2025-02,383291.2,0.09
2025-02,FRUITS,chicku pulp,Berry Fresh Chicku Pulp 2kg,560.0,2025-02,383291.2,0.15
2025-02,FRUITS,chicku pulp,Berry Fresh Chicku Pulp,-336.0,2025-02,383291.2,-0.09
2025-02,FRUITS,pineapple,Pineapple slice-Tajir Habit-850g,110.25,2025-02,383291.2,0.03
2025-02,FRUITS,tender coconut pulp,Berry Fresh Tender Coconut Pulp 2kg,740.0,2025-02,383291.2,0.19
2025-02,FRUITS,tender coconut pulp,Berry Fresh Tender Coconut Pulp,0.0,2025-02,383291.2,0.0
2025-02,FRUITS,watermelon,DVC Watermelon Syrup 750 ml,202.95999999999992,2025-02,383291.2,0.05
2025-02,KITCHEN EQUIPMENT & UTENSILS,dust bin,dust bin,456.0,2025-02,383291.2,0.12
2025-02,KITCHEN EQUIPMENT & UTENSILS,tripod,Tripod,135.0,2025-02,383291.2,0.04
2025-02,MASALA & SEASONINGS,aromat seasoning,Aromat Seasoning Powder,86.0,2025-02,383291.2,0.02
2025-02,MASALA & SEASONINGS,bbq mix,BBQ Mix Masala,465.0,2025-02,383291.2,0.12
2025-02,MASALA & SEASONINGS,bbq mix,bbq mix,-604.5,2025-02,383291.2,-0.16
2025-02,MASALA & SEASONINGS,chilli flakes,Chilli Flakes,220.0,2025-02,383291.2,0.06
2025-02,MASALA & SEASONINGS,chilly flakes,chilly flakes sachet,1003.6,2025-02,383291.2,0.26
2025-02,MASALA & SEASONINGS,chilly flakes,CHILLY FLAKES SACHET 0.8GM,98.8,2025-02,383291.2,0.03
2025-02,MASALA & SEASONINGS,chilly flakes,chilly flakes 500gm,-150.0,2025-02,383291.2,-0.04
2025-02,MASALA & SEASONINGS,herb mix,Herb Mix Masla,2395.2,2025-02,383291.2,0.62
2025-02,MASALA & SEASONINGS,herb mix,Chettinad Mix,32.55000000000007,2025-02,383291.2,0.01
2025-02,MASALA & SEASONINGS,mexican mix,mexican mix,1957.5,2025-02,383291.2,0.51
2025-02,MASALA & SEASONINGS,mixed herbs,Mixed Herb Loose,-96.0,2025-02,383291.2,-0.03
2025-02,MASALA & SEASONINGS,oregano,OREGANO SACHET 0.8GM,1759.3000000000002,2025-02,383291.2,0.46
2025-02,MASALA & SEASONINGS,oregano,Oregano Sprinkler 500g,649.6,2025-02,383291.2,0.17
2025-02,MASALA & SEASONINGS,piri piri marinade,Piri Piri Marinade 1KG,93.5,2025-02,383291.2,0.02
2025-02,MASALA & SEASONINGS,salt,Salt,28.0,2025-02,383291.2,0.01
2025-02,MASALA & SEASONINGS,tandoori masala,Tandoori mix Masala,-316.0,2025-02,383291.2,-0.08
2025-02,MEAT & POULTRY,boneless chicken,bonless chicken,11930.67,2025-02,383291.2,3.11
2025-02,MEAT & POULTRY,boneless chicken,Boneless Chicken,779.99,2025-02,383291.2,0.2
2025-02,MEAT & POULTRY,chicken burger pattis,Chicken burger pattis,1111.15,2025-02,383291.2,0.29
2025-02,MEAT & POULTRY,chicken burger pattis,Veg burger pattis,170.5,2025-02,383291.2,0.04
2025-02,MEAT & POULTRY,chicken kheema,chicken kheema masala,780.0,2025-02,383291.2,0.2
2025-02,MEAT & POULTRY,chicken kheema,Chicken Kheema  Masala,-1302.0,2025-02,383291.2,-0.34
2025-02,MEAT & POULTRY,chicken pepperoni,chicken pepperoni,259.5,2025-02,383291.2,0.07
2025-02,MEAT & POULTRY,chicken popcorn,chicken popcorn,231.62,2025-02,383291.2,0.06
2025-02,MEAT & POULTRY,chicken salami,Zippy Chicken Salami,401.71999999999997,2025-02,383291.2,0.1
2025-02,MEAT & POULTRY,lamb pepperoni,Lamp Pepperoni,447.5,2025-02,383291.2,0.12
2025-02,MEAT & POULTRY,staff chicken,staff chicken,600.0,2025-02,383291.2,0.16
2025-02,MEAT & POULTRY,whole chicken,sumeru chicken pop corn,626.0,2025-02,383291.2,0.16
2025-02,OILS,mustard oil,Mustard Oil,-84.0,2025-02,383291.2,-0.02
2025-02,OILS,olive oil,habit olive oil,1107.0,2025-02,383291.2,0.29
2025-02,OILS,palm oil,oil,258.0,2025-02,383291.2,0.07
2025-02,PACKAGING MATERIALS,bio bag,bio cup,250.0,2025-02,383291.2,0.07
2025-02,PACKAGING MATERIALS,burger box,Mini Burger Box,768.0,2025-02,383291.2,0.2
2025-02,PACKAGING MATERIALS,french fries box,French Fries Box,1096.75,2025-02,383291.2,0.29
2025-02,PACKAGING MATERIALS,garlic bread box,Garlic Bread Box,-472.5,2025-02,383291.2,-0.12
2025-02,PACKAGING MATERIALS,large pizza box,Large Pizza Box,2093.8500000000004,2025-02,383291.2,0.55
2025-02,PACKAGING MATERIALS,medium pizza box,Medium Pizza Box,1850.0,2025-02,383291.2,0.48
2025-02,PACKAGING MATERIALS,paper glass,mocktail glass,2000.0,2025-02,383291.2,0.52
2025-02,PACKAGING MATERIALS,paper glass,Paper Glass,-100.0,2025-02,383291.2,-0.03
2025-02,PACKAGING MATERIALS,paper glass,Moktails Glass,-1488.0,2025-02,383291.2,-0.39
2025-02,PACKAGING MATERIALS,paper straw,Paper Straw Small,70.0,2025-02,383291.2,0.02
2025-02,PACKAGING MATERIALS,paper straw,Paper Straw Big,22.5,2025-02,383291.2,0.01
2025-02,PACKAGING MATERIALS,pasta container,Pasta Container Black,1118.7499999999998,2025-02,383291.2,0.29
2025-02,PACKAGING MATERIALS,plastic cover,bio cover,-540.0,2025-02,383291.2,-0.14
2025-02,PACKAGING MATERIALS,regular pizza box,Regular Pizza Box,2830.5,2025-02,383291.2,0.74
2025-02,PACKAGING MATERIALS,salad bowl,Dip Bowl,354.0,2025-02,383291.2,0.09
2025-02,PACKAGING MATERIALS,salad bowl,Salad Bowl 500ml,301.29999999999995,2025-02,383291.2,0.08
2025-02,PACKAGING MATERIALS,salad bowl,Salad Bowl 250ml,194.25,2025-02,383291.2,0.05
2025-02,PACKAGING MATERIALS,tissue,Tissue,-72.0,2025-02,383291.2,-0.02
2025-02,PACKAGING MATERIALS,wooden fork,wooden fork,297.5,2025-02,383291.2,0.08
2025-02,PACKAGING MATERIALS,wooden spoon,wodden spoon,65.0,2025-02,383291.2,0.02
2025-02,PACKAGING MATERIALS,wooden spoon,Wooden Spoon,-65.0,2025-02,383291.2,-0.02
2025-02,SAUCES & SPREADS,chocolate sauce,Malas Chocolate Sauce 5 ltr,0.0,2025-02,383291.2,0.0
2025-02,SAUCES & SPREADS,eggless mayonnaise,Veeba Eggless Mayonise Chef 1KG,3300.0,2025-02,383291.2,0.86
2025-02,SAUCES & SPREADS,garlic chilli spread,chilli garlic spread,510.0,2025-02,383291.2,0.13
2025-02,SAUCES & SPREADS,gouda flavoured dressing,Veeba Gouda Flavoured Dressing,2940.0,2025-02,383291.2,0.77
2025-02,SAUCES & SPREADS,honey mustard dressing,Honey mustard dressing,1356.0,2025-02,383291.2,0.35
2025-02,SAUCES & SPREADS,honey mustard dressing,Honey,73.19999999999999,2025-02,383291.2,0.02
2025-02,SAUCES & SPREADS,ketchup sachet,Veeba Ketchup Sachet,1360.0,2025-02,383291.2,0.35
2025-02,SAUCES & SPREADS,pasta sauce,veeba pizza pasta sauce,4246.220000000001,2025-02,383291.2,1.11
2025-02,SAUCES & SPREADS,pizza sauce,Pizza sauce premix,910.0,2025-02,383291.2,0.24
2025-02,SAUCES & SPREADS,pizza sauce,pizza sauce,0.0,2025-02,383291.2,0.0
2025-02,SAUCES & SPREADS,schezwan sauce,Schezwan sauce,182.0,2025-02,383291.2,0.05
2025-02,SAUCES & SPREADS,tandoori mayonnaise,Tandoori Tikka Marinade 500Grm,2300.0,2025-02,383291.2,0.6
2025-02,SAUCES & SPREADS,tandoori spread,Veeba Tandoori Spread-1kg,232.0,2025-02,383291.2,0.06
2025-02,SAUCES & SPREADS,thousand island dressing,Veeba ThousandIsland Dressing 1KG,938.0,2025-02,383291.2,0.24
2025-02,SAUCES & SPREADS,tomato ketchup,tomato ketchup 1.2 bottle,1075.0,2025-02,383291.2,0.28
2025-02,SAUCES & SPREADS,tomato ketchup,Veeba T. Ketchup 1.2KG,-525.0,2025-02,383291.2,-0.14
2025-02,STATIONERY & MISC,pen,HABIT JALAPENO SLICES 2.9 KG,1929.2,2025-02,383291.2,0.5
2025-02,STATIONERY & MISC,pen,Puramate Pasta-Penne Rigatte 500g,1321.45,2025-02,383291.2,0.34
2025-02,UNMAPPED,UNMAPPED,grocery,21052.96,2025-02,383291.2,5.49
2025-02,UNMAPPED,UNMAPPED,vegetables,6245.5199999999995,2025-02,383291.2,1.63
2025-02,UNMAPPED,UNMAPPED,eng veg,2763.0,2025-02,383291.2,0.72
2025-02,UNMAPPED,UNMAPPED,black olive slice Habit,1552.32,2025-02,383291.2,0.4
2025-02,UNMAPPED,UNMAPPED,red paprika habit,1207.44,2025-02,383291.2,0.32
2025-02,UNMAPPED,UNMAPPED,Mayonise premium,672.0,2025-02,383291.2,0.18
2025-02,UNMAPPED,UNMAPPED,bio covers,640.0,2025-02,383291.2,0.17
2025-02,UNMAPPED,UNMAPPED,Sumeru Nuggets Premium 1Kg,626.0,2025-02,383291.2,0.16
2025-02,UNMAPPED,UNMAPPED,TAJIR HABIT Pinaple Slice 50g,630.0,2025-02,383291.2,0.16
2025-02,UNMAPPED,UNMAPPED,KOT Printing Rolls,428.0,2025-02,383291.2,0.11
2025-02,UNMAPPED,UNMAPPED,nuggets sumeru,375.6,2025-02,383291.2,0.1
2025-02,UNMAPPED,UNMAPPED,Puramate Pasta-Gomiti Rigate - macroni - 500g,260.81,2025-02,383291.2,0.07
2025-02,UNMAPPED,UNMAPPED,nimboz,210.0,2025-02,383291.2,0.05
2025-02,UNMAPPED,UNMAPPED,egg 6,120.0,2025-02,383291.2,0.03
2025-02,UNMAPPED,UNMAPPED,ice cube/80,80.0,2025-02,383291.2,0.02
2025-02,UNMAPPED,UNMAPPED,Green Peas,27.0,2025-02,383291.2,0.01
2025-02,UNMAPPED,UNMAPPED,egg 7,-7.0,2025-02,383291.2,-0.0
2025-02,UNMAPPED,UNMAPPED,Mango Crush Sauce 750ml Malas,-756.1400000000001,2025-02,383291.2,-0.2
2025-02,UTILITIES & EXPENSES,lpg gas,Gas-LPG-HPCL,15655.0,2025-02,383291.2,4.08
2025-02,VEGETABLES,baby corn,habit baby corn,972.0,2025-02,383291.2,0.25
2025-02,VEGETABLES,fresh basil,BASIL,272.0,2025-02,383291.2,0.07
2025-02,VEGETABLES,fresh basil,Puramate Basil 250g Pouch,-273.0,2025-02,383291.2,-0.07
2025-02,VEGETABLES,garlic,garlic,320.0,2025-02,383291.2,0.08
2025-02,VEGETABLES,garlic,chilly garlic spread,0.0,2025-02,383291.2,0.0
2025-02,VEGETABLES,mint,DVC Mint Flavoured Syrup 750 ml,0.0,2025-02,383291.2,0.0
2025-02,VEGETABLES,mushroom,G.Crown Mushroom Slice 800g,2121.0,2025-02,383291.2,0.55
2025-02,VEGETABLES,mushroom,canvill button mushroom,858.0,2025-02,383291.2,0.22
2025-02,VEGETABLES,yam,Maida yamuna,7634.0,2025-02,383291.2,1.99
2025-01,BAKERY & PREMIX,bread premix,Bread Premix,240.0,2025-01,438268.3,0.05
2025-01,BAKERY & PREMIX,brownie,Brownie,1155.0,2025-01,438268.3,0.26
2025-01,BAKERY & PREMIX,burger bun,burger buns,160.0,2025-01,438268.3,0.04
2025-01,BAKERY & PREMIX,pizza premix,Pizza Premix,4608.0,2025-01,438268.3,1.05
2025-01,BEVERAGES,7up,7up 600ml,1547.1,2025-01,438268.3,0.35
2025-01,BEVERAGES,7up,7up 250ml Pet,1242.5,2025-01,438268.3,0.28
2025-01,BEVERAGES,7up,7up 1 ltr,842.46,2025-01,438268.3,0.19
2025-01,BEVERAGES,aqua fina,Aqua Fina Mineral Water 1Ltr,442.56,2025-01,438268.3,0.1
2025-01,BEVERAGES,blue occean syrup,DVC BLUE OCCEAN FLV SYRUP 750ML,355.18000000000006,2025-01,438268.3,0.08
2025-01,BEVERAGES,bubblegum syrup,DVC Bubblegum Syrup Syrup 750 ml,101.48000000000002,2025-01,438268.3,0.02
2025-01,BEVERAGES,cucumber syrup,DVC Cucumber Syrup 750 ml,53.0,2025-01,438268.3,0.01
2025-01,BEVERAGES,dew,Dew 600 ml,790.51,2025-01,438268.3,0.18
2025-01,BEVERAGES,dew,Dew 250ml Pet,402.5,2025-01,438268.3,0.09
2025-01,BEVERAGES,dew,Dew 250ml Can,240.0,2025-01,438268.3,0.05
2025-01,BEVERAGES,dew,Dew 330 ml can,-68.58,2025-01,438268.3,-0.02
2025-01,BEVERAGES,lehar soda,Lehar Soda,905.3,2025-01,438268.3,0.21
2025-01,BEVERAGES,mango syrup,DVC Mango Beverage Blend Syrup 750 ml,0.0,2025-01,438268.3,0.0
2025-01,BEVERAGES,mixed berry syrup,DVC Mixed Berry Beverage Blend Syrup 750 ml,82.79999999999995,2025-01,438268.3,0.02
2025-01,BEVERAGES,mojito mint,DVC MOJITO MINT 750ML,-2080.34,2025-01,438268.3,-0.47
2025-01,BEVERAGES,passion fruit syrup,DVC PASSION FRUIT FLV SYRUP 750ML,1623.68,2025-01,438268.3,0.37
2025-01,BEVERAGES,passion fruit syrup,DVC Passion Fruit 750ML,-1268.5,2025-01,438268.3,-0.29
2025-01,BEVERAGES,peach syrup,DVC Peach Garden Syrup Syrup 750 ml,415.24,2025-01,438268.3,0.09
2025-01,BEVERAGES,peach syrup,DVC Peach GardenSyrup 750 ml,-424.0,2025-01,438268.3,-0.1
2025-01,BEVERAGES,pepsi,Pepsi 250ml Pet,1750.0,2025-01,438268.3,0.4
2025-01,BEVERAGES,pepsi,pepsi 600 ml,1752.87,2025-01,438268.3,0.4
2025-01,BEVERAGES,pepsi,pepsi 1 ltr,1551.8200000000002,2025-01,438268.3,0.35
2025-01,BEVERAGES,pepsi,pepsi can 330ml,205.74,2025-01,438268.3,0.05
2025-01,BEVERAGES,slice mango,Slice Mango 200ml pet,565.44,2025-01,438268.3,0.13
2025-01,BEVERAGES,slice mango,Slice Mango 600ml pet,216.54000000000002,2025-01,438268.3,0.05
2025-01,BEVERAGES,strawberry syrup,DVC Strawberry Syrup Syrup 750 ml,415.24,2025-01,438268.3,0.09
2025-01,BEVERAGES,strawberry syrup,straw,120.0,2025-01,438268.3,0.03
2025-01,BEVERAGES,strawberry syrup,Strawberry sause 750,-143.0,2025-01,438268.3,-0.03
2025-01,BEVERAGES,water 20l,water melon,140.4,2025-01,438268.3,0.03
2025-01,CHEESE & DAIRY,butter,butter,1710.0,2025-01,438268.3,0.39
2025-01,CHEESE & DAIRY,butter,Butter Scotch Ice-cream,154.60000000000014,2025-01,438268.3,0.04
2025-01,CHEESE & DAIRY,butter,malas butterscotch crush,71.5,2025-01,438268.3,0.02
2025-01,CHEESE & DAIRY,diced mozzarella,dynamic diced mozerella,28197.28,2025-01,438268.3,6.43
2025-01,CHEESE & DAIRY,fresh cream,Vanilla Ice-cream 4ltr,3862.4,2025-01,438268.3,0.88
2025-01,CHEESE & DAIRY,fresh cream,Richs versatie cream,2610.0099999999998,2025-01,438268.3,0.6
2025-01,CHEESE & DAIRY,fresh cream,Chocolate Ice-cream 4ltr,1632.0,2025-01,438268.3,0.37
2025-01,CHEESE & DAIRY,fresh cream,Strawberry-Ice cream,0.0,2025-01,438268.3,0.0
2025-01,CHEESE & DAIRY,fresh cream,Vanilla Ice-cream,-865.45,2025-01,438268.3,-0.2
2025-01,CHEESE & DAIRY,fresh cream,Chocolate Ice-cream,-1848.0,2025-01,438268.3,-0.42
2025-01,CHEESE & DAIRY,milk,milk 28 milma,448.0,2025-01,438268.3,0.1
2025-01,CHEESE & DAIRY,milk,milk 26,364.0,2025-01,438268.3,0.08
2025-01,CHEESE & DAIRY,orange cheddar,dynamic cheddar block,591.5,2025-01,438268.3,0.13
2025-01,CHEESE & DAIRY,paneer,paneer,580.0,2025-01,438268.3,0.13
2025-01,CHEESE & DAIRY,paneer,Paneer,290.0,2025-01,438268.3,0.07
2025-01,CHEESE & DAIRY,paneer,Paneer tikka masala,206.25,2025-01,438268.3,0.05
2025-01,CHEESE & DAIRY,paneer,paneer tikka powder,-2250.0,2025-01,438268.3,-0.51
2025-01,CHEESE & DAIRY,processed cheese,Processed cheese block,0.0,2025-01,438268.3,0.0
2025-01,CHEESE & DAIRY,slice cheese,slice cheese,459.9,2025-01,438268.3,0.1
2025-01,"FLOUR, GRAINS & DRY GOODS",corn meal,Corn Meal - MAKKA RAVA,110.0,2025-01,438268.3,0.03
2025-01,"FLOUR, GRAINS & DRY GOODS",masoor dal,masoor dal,0.0,2025-01,438268.3,0.0
2025-01,"FLOUR, GRAINS & DRY GOODS",red dal,red dal,220.0,2025-01,438268.3,0.05
2025-01,"FLOUR, GRAINS & DRY GOODS",rice,staff rice,146.0,2025-01,438268.3,0.03
2025-01,"FLOUR, GRAINS & DRY GOODS",rice,staff rice 26kg,-621.0,2025-01,438268.3,-0.14
2025-01,"FLOUR, GRAINS & DRY GOODS",sugar,sugar,0.0,2025-01,438268.3,0.0
2025-01,FROZEN ITEMS,fish finger,fish finger,-535.25,2025-01,438268.3,-0.12
2025-01,FROZEN ITEMS,french fries,french fry hungritos 2.5kg,4199.0,2025-01,438268.3,0.96
2025-01,FROZEN ITEMS,french fries,French Fries 6mm-Hungritos,1617.0,2025-01,438268.3,0.37
2025-01,FROZEN ITEMS,frozen sweet corn,Frozen Sweet Corn-Pal Fresh,1050.0,2025-01,438268.3,0.24
2025-01,FROZEN ITEMS,potato pops,POTATO POPS,19.879999999999995,2025-01,438268.3,0.0
2025-01,FROZEN ITEMS,potato wedges,potato wedges,725.0900000000001,2025-01,438268.3,0.17
2025-01,FRUITS,apple,DVC Green Apple 750 ML,253.69999999999982,2025-01,438268.3,0.06
2025-01,FRUITS,chicku pulp,Berry Fresh Chicku Pulp,588.0,2025-01,438268.3,0.13
2025-01,FRUITS,pineapple,Pineapple slice-Tajir Habit-850g,771.75,2025-01,438268.3,0.18
2025-01,FRUITS,pineapple,pineapple,120.0,2025-01,438268.3,0.03
2025-01,FRUITS,tender coconut pulp,Berry Fresh Tender Coconut Pulp,185.0,2025-01,438268.3,0.04
2025-01,FRUITS,watermelon,DVC Watermelon Syrup 750 ml,101.47999999999996,2025-01,438268.3,0.02
2025-01,KITCHEN EQUIPMENT & UTENSILS,tripod,Tripod,-675.0,2025-01,438268.3,-0.15
2025-01,MASALA & SEASONINGS,aromat seasoning,Aromat Seasoning Powder,258.0,2025-01,438268.3,0.06
2025-01,MASALA & SEASONINGS,bbq mix,BBQ Mix Masala,1860.0,2025-01,438268.3,0.42
2025-01,MASALA & SEASONINGS,bbq mix,bbq mix,-1488.0,2025-01,438268.3,-0.34
2025-01,MASALA & SEASONINGS,chilli flakes,Chilli Flakes,-308.0,2025-01,438268.3,-0.07
2025-01,MASALA & SEASONINGS,chilly flakes,chilly flakes sachet,513.0,2025-01,438268.3,0.12
2025-01,MASALA & SEASONINGS,chilly flakes,chilly flakes 500gm,150.0,2025-01,438268.3,0.03
2025-01,MASALA & SEASONINGS,chilly flakes,CHILLY FLAKES SACHET 0.8GM,-98.8,2025-01,438268.3,-0.02
2025-01,MASALA & SEASONINGS,herb mix,Chettinad Mix,358.04999999999995,2025-01,438268.3,0.08
2025-01,MASALA & SEASONINGS,herb mix,Herb Mix Masla,-637.5,2025-01,438268.3,-0.15
2025-01,MASALA & SEASONINGS,mexican mix,mexican mix,1653.0,2025-01,438268.3,0.38
2025-01,MASALA & SEASONINGS,oregano,OREGANO SACHET 0.8GM,1602.5000000000002,2025-01,438268.3,0.37
2025-01,MASALA & SEASONINGS,oregano,Oregano Sprinkler 500g,1364.1599999999999,2025-01,438268.3,0.31
2025-01,MASALA & SEASONINGS,piri piri marinade,Piri Piri Marinade 1KG,560.99,2025-01,438268.3,0.13
2025-01,MASALA & SEASONINGS,salt,Salt,-28.0,2025-01,438268.3,-0.01
2025-01,MASALA & SEASONINGS,tandoori masala,Tandoori mix Masala,513.5,2025-01,438268.3,0.12
2025-01,MEAT & POULTRY,boneless chicken,bonless chicken,13559.03,2025-01,438268.3,3.09
2025-01,MEAT & POULTRY,boneless chicken,Boneless Chicken,2825.98,2025-01,438268.3,0.64
2025-01,MEAT & POULTRY,chicken burger pattis,Chicken burger pattis,1204.0,2025-01,438268.3,0.27
2025-01,MEAT & POULTRY,chicken burger pattis,Veg burger pattis,260.1,2025-01,438268.3,0.06
2025-01,MEAT & POULTRY,chicken kheema,chicken kheema masala,650.0,2025-01,438268.3,0.15
2025-01,MEAT & POULTRY,chicken kheema,Chicken Kheema  Masala,-651.0,2025-01,438268.3,-0.15
2025-01,MEAT & POULTRY,chicken pepperoni,chicken pepperoni,173.0,2025-01,438268.3,0.04
2025-01,MEAT & POULTRY,chicken popcorn,chicken popcorn,60.0,2025-01,438268.3,0.01
2025-01,MEAT & POULTRY,chicken salami,Zippy Chicken Salami,493.9200000000001,2025-01,438268.3,0.11
2025-01,MEAT & POULTRY,lamb pepperoni,Lamp Pepperoni,0.0,2025-01,438268.3,0.0
2025-01,MEAT & POULTRY,staff chicken,staff chicken,600.0,2025-01,438268.3,0.14
2025-01,MEAT & POULTRY,whole chicken,sumeru chicken pop corn,-626.0,2025-01,438268.3,-0.14
2025-01,OILS,mustard oil,Mustard Oil,117.6,2025-01,438268.3,0.03
2025-01,OILS,olive oil,habit olive oil,553.5,2025-01,438268.3,0.13
2025-01,OILS,palm oil,oil,804.0,2025-01,438268.3,0.18
2025-01,PACKAGING MATERIALS,bio bag,bio cup,-250.0,2025-01,438268.3,-0.06
2025-01,PACKAGING MATERIALS,burger box,Mini Burger Box,234.0,2025-01,438268.3,0.05
2025-01,PACKAGING MATERIALS,butter paper,butter paper,105.0,2025-01,438268.3,0.02
2025-01,PACKAGING MATERIALS,catering cap,Catering Cap,80.0,2025-01,438268.3,0.02
2025-01,PACKAGING MATERIALS,french fries box,French Fries Box,-96.29999999999995,2025-01,438268.3,-0.02
2025-01,PACKAGING MATERIALS,garlic bread box,Garlic Bread Box,435.0,2025-01,438268.3,0.1
2025-01,PACKAGING MATERIALS,large pizza box,Large Pizza Box,920.6999999999998,2025-01,438268.3,0.21
2025-01,PACKAGING MATERIALS,medium pizza box,Medium Pizza Box,2250.0,2025-01,438268.3,0.51
2025-01,PACKAGING MATERIALS,paper glass,mocktail glass,800.0,2025-01,438268.3,0.18
2025-01,PACKAGING MATERIALS,paper glass,Paper Glass,150.0,2025-01,438268.3,0.03
2025-01,PACKAGING MATERIALS,paper glass,Moktails Glass,-304.0,2025-01,438268.3,-0.07
2025-01,PACKAGING MATERIALS,paper straw,Paper Straw Big,-22.5,2025-01,438268.3,-0.01
2025-01,PACKAGING MATERIALS,paper straw,Paper Straw Small,-70.0,2025-01,438268.3,-0.02
2025-01,PACKAGING MATERIALS,pasta container,Pasta Container Black,1020.3,2025-01,438268.3,0.23
2025-01,PACKAGING MATERIALS,regular pizza box,Regular Pizza Box,3833.5,2025-01,438268.3,0.87
2025-01,PACKAGING MATERIALS,salad bowl,Salad Bowl 500ml,628.8,2025-01,438268.3,0.14
2025-01,PACKAGING MATERIALS,salad bowl,Salad Bowl 250ml,210.0,2025-01,438268.3,0.05
2025-01,PACKAGING MATERIALS,salad bowl,Dip Bowl,-34.0,2025-01,438268.3,-0.01
2025-01,PACKAGING MATERIALS,tissue,Tissue,36.0,2025-01,438268.3,0.01
2025-01,PACKAGING MATERIALS,wooden fork,wooden fork,-297.5,2025-01,438268.3,-0.07
2025-01,PACKAGING MATERIALS,wooden spoon,wodden spoon,0.0,2025-01,438268.3,0.0
2025-01,SAUCES & SPREADS,chocolate sauce,Malas Chocolate Sauce 5 ltr,1908.0,2025-01,438268.3,0.44
2025-01,SAUCES & SPREADS,eggless mayonnaise,Veeba Eggless Mayonise Chef 1KG,2700.0,2025-01,438268.3,0.62
2025-01,SAUCES & SPREADS,garlic chilli spread,chilli garlic spread,0.0,2025-01,438268.3,0.0
2025-01,SAUCES & SPREADS,gouda flavoured dressing,Veeba Gouda Flavoured Dressing,3322.0,2025-01,438268.3,0.76
2025-01,SAUCES & SPREADS,honey mustard dressing,Honey mustard dressing,565.0,2025-01,438268.3,0.13
2025-01,SAUCES & SPREADS,honey mustard dressing,Honey,122.0,2025-01,438268.3,0.03
2025-01,SAUCES & SPREADS,ketchup sachet,Veeba Ketchup Sachet,3738.3,2025-01,438268.3,0.85
2025-01,SAUCES & SPREADS,makhani gravy,makhni gravy,672.0,2025-01,438268.3,0.15
2025-01,SAUCES & SPREADS,pasta sauce,veeba pizza pasta sauce,4246.219999999999,2025-01,438268.3,0.97
2025-01,SAUCES & SPREADS,pizza sauce,Pizza sauce premix,-260.0,2025-01,438268.3,-0.06
2025-01,SAUCES & SPREADS,pizza sauce,pizza sauce,-1200.0,2025-01,438268.3,-0.27
2025-01,SAUCES & SPREADS,schezwan sauce,Schezwan sauce,364.0,2025-01,438268.3,0.08
2025-01,SAUCES & SPREADS,tandoori mayonnaise,Tandoori Tikka Marinade 500Grm,-1150.0,2025-01,438268.3,-0.26
2025-01,SAUCES & SPREADS,tandoori spread,Veeba Tandoori Spread-1kg,696.0,2025-01,438268.3,0.16
2025-01,SAUCES & SPREADS,thousand island dressing,Veeba ThousandIsland Dressing 1KG,750.4000000000001,2025-01,438268.3,0.17
2025-01,SAUCES & SPREADS,tomato ketchup,Veeba T. Ketchup 1.2KG,525.0,2025-01,438268.3,0.12
2025-01,STATIONERY & MISC,pen,HABIT JALAPENO SLICES 2.9 KG,3116.4000000000005,2025-01,438268.3,0.71
2025-01,STATIONERY & MISC,pen,Puramate Pasta-Penne Rigatte 500g,1517.6999999999998,2025-01,438268.3,0.35
2025-01,UNMAPPED,UNMAPPED,grocery,29740.64,2025-01,438268.3,6.79
2025-01,UNMAPPED,UNMAPPED,vegetables,8373.08,2025-01,438268.3,1.91
2025-01,UNMAPPED,UNMAPPED,black olive slice Habit,3856.0699999999997,2025-01,438268.3,0.88
2025-01,UNMAPPED,UNMAPPED,eng veg,3015.0,2025-01,438268.3,0.69
2025-01,UNMAPPED,UNMAPPED,red paprika habit,1615.96,2025-01,438268.3,0.37
2025-01,UNMAPPED,UNMAPPED,nuggets sumeru,782.5,2025-01,438268.3,0.18
2025-01,UNMAPPED,UNMAPPED,fruits,517.5,2025-01,438268.3,0.12
2025-01,UNMAPPED,UNMAPPED,Puramate Pasta-Gomiti Rigate - macroni - 500g,424.3999999999999,2025-01,438268.3,0.1
2025-01,UNMAPPED,UNMAPPED,Mayonise premium,252.0,2025-01,438268.3,0.06
2025-01,UNMAPPED,UNMAPPED,ice cube/80,160.0,2025-01,438268.3,0.04
2025-01,UNMAPPED,UNMAPPED,egg 7,147.0,2025-01,438268.3,0.03
2025-01,UNMAPPED,UNMAPPED,Green Peas,45.0,2025-01,438268.3,0.01
2025-01,UNMAPPED,UNMAPPED,egg 6,60.0,2025-01,438268.3,0.01
2025-01,UNMAPPED,UNMAPPED,bio covers,-320.0,2025-01,438268.3,-0.07
2025-01,UNMAPPED,UNMAPPED,KOT Printing Rolls,-378.0,2025-01,438268.3,-0.09
2025-01,UNMAPPED,UNMAPPED,Mango Crush Sauce 750ml Malas,-420.08,2025-01,438268.3,-0.1
2025-01,UTILITIES & EXPENSES,lpg gas,Gas-LPG-HPCL,16635.0,2025-01,438268.3,3.8
2025-01,VEGETABLES,baby corn,habit baby corn,756.0,2025-01,438268.3,0.17
2025-01,VEGETABLES,fresh basil,Puramate Basil 250g Pouch,78.0,2025-01,438268.3,0.02
2025-01,VEGETABLES,fresh basil,BASIL,-272.0,2025-01,438268.3,-0.06
2025-01,VEGETABLES,garlic,garlic,1160.0,2025-01,438268.3,0.26
2025-01,VEGETABLES,garlic,chilly garlic spread,502.0,2025-01,438268.3,0.11
2025-01,VEGETABLES,mint,DVC Mint Flavoured Syrup 750 ml,3799.25,2025-01,438268.3,0.87
2025-01,VEGETABLES,mushroom,G.Crown Mushroom Slice 800g,4724.0,2025-01,438268.3,1.08
2025-01,VEGETABLES,mushroom,canvill button mushroom,858.0,2025-01,438268.3,0.2
2025-01,VEGETABLES,tomato,tomato hibreed,640.0,2025-01,438268.3,0.15
2025-01,VEGETABLES,yam,Maida yamuna,4223.0,2025-01,438268.3,0.96
2024-12,BAKERY & PREMIX,bread premix,Bread Premix,312.0,2024-12,537780.95,0.06
2024-12,BAKERY & PREMIX,brownie,Brownie,1925.0,2024-12,537780.95,0.36
2024-12,BAKERY & PREMIX,pizza premix,Pizza Premix,4584.0,2024-12,537780.95,0.85
2024-12,BEVERAGES,7up,7up750mlpet,2337.84,2024-12,537780.95,0.43
2024-12,BEVERAGES,7up,7up 600ml,2269.08,2024-12,537780.95,0.42
2024-12,BEVERAGES,7up,7up 1 ltr,1596.1000000000001,2024-12,537780.95,0.3
2024-12,BEVERAGES,7up,7up 250ml Pet,-262.5,2024-12,537780.95,-0.05
2024-12,BEVERAGES,aqua fina,Aqua Fina Mineral Water 1Ltr,346.96,2024-12,537780.95,0.06
2024-12,BEVERAGES,blue occean syrup,DVC BLUE OCCEAN FLV SYRUP 750ML,405.91999999999985,2024-12,537780.95,0.08
2024-12,BEVERAGES,bubblegum syrup,DVC Bubblegum Syrup Syrup 750 ml,50.74000000000001,2024-12,537780.95,0.01
2024-12,BEVERAGES,cucumber syrup,DVC Cucumber Syrup 750 ml,-1060.0,2024-12,537780.95,-0.2
2024-12,BEVERAGES,dew,Dew 600 ml,927.9899999999998,2024-12,537780.95,0.17
2024-12,BEVERAGES,dew,Dew 250ml Pet,612.5,2024-12,537780.95,0.11
2024-12,BEVERAGES,dew,Dew 750ml Pet,503.75,2024-12,537780.95,0.09
2024-12,BEVERAGES,dew,Dew 250ml Can,-240.0,2024-12,537780.95,-0.04
2024-12,BEVERAGES,lehar soda,Lehar Soda,987.6,2024-12,537780.95,0.18
2024-12,BEVERAGES,mango syrup,DVC Mango Beverage Blend Syrup 750 ml,-764.64,2024-12,537780.95,-0.14
2024-12,BEVERAGES,mixed berry syrup,DVC Mixed Berry Beverage Blend Syrup 750 ml,82.79999999999995,2024-12,537780.95,0.02
2024-12,BEVERAGES,mojito mint,Mojito Menta Cubano,2537.0,2024-12,537780.95,0.47
2024-12,BEVERAGES,mojito mint,DVC MOJITO MINT 750ML,1369.98,2024-12,537780.95,0.25
2024-12,BEVERAGES,passion fruit syrup,DVC Passion Fruit 750ML,1116.28,2024-12,537780.95,0.21
2024-12,BEVERAGES,passion fruit syrup,DVC PASSION FRUIT FLV SYRUP 750ML,-608.8800000000001,2024-12,537780.95,-0.11
2024-12,BEVERAGES,peach syrup,DVC Peach Garden Syrup Syrup 750 ml,24.430000000000007,2024-12,537780.95,0.0
2024-12,BEVERAGES,pepsi,pepsi 600 ml,3679.48,2024-12,537780.95,0.68
2024-12,BEVERAGES,pepsi,Pepsi 250ml Pet,1995.0,2024-12,537780.95,0.37
2024-12,BEVERAGES,pepsi,pepsi 1 ltr,886.72,2024-12,537780.95,0.16
2024-12,BEVERAGES,pepsi,pepsi can 330ml,274.32,2024-12,537780.95,0.05
2024-12,BEVERAGES,slice mango,Slice Mango 200ml pet,424.08000000000004,2024-12,537780.95,0.08
2024-12,BEVERAGES,slice mango,Slice Mango 600ml pet,180.44999999999993,2024-12,537780.95,0.03
2024-12,BEVERAGES,strawberry syrup,DVC Strawberry Syrup Syrup 750 ml,170.98000000000002,2024-12,537780.95,0.03
2024-12,BEVERAGES,strawberry syrup,straw,-80.0,2024-12,537780.95,-0.01
2024-12,BEVERAGES,tropicana guava,Tropicana Guava Delight,612.24,2024-12,537780.95,0.11
2024-12,BEVERAGES,tropicana guava,tropicana juice,24.68,2024-12,537780.95,0.0
2024-12,CHEESE & DAIRY,butter,butter,950.0,2024-12,537780.95,0.18
2024-12,CHEESE & DAIRY,butter,Butter Scotch Ice-cream,231.89999999999986,2024-12,537780.95,0.04
2024-12,CHEESE & DAIRY,butter,Butter Scotch Sauce 750ml,71.5,2024-12,537780.95,0.01
2024-12,CHEESE & DAIRY,butter,malas butterscotch crush,-71.5,2024-12,537780.95,-0.01
2024-12,CHEESE & DAIRY,diced mozzarella,dynamic diced mozerella,38571.89,2024-12,537780.95,7.17
2024-12,CHEESE & DAIRY,fresh cream,Vanilla Ice-cream 4ltr,3753.6,2024-12,537780.95,0.7
2024-12,CHEESE & DAIRY,fresh cream,Richs versatie cream,1806.9299999999996,2024-12,537780.95,0.34
2024-12,CHEESE & DAIRY,fresh cream,Chocolate Ice-cream 4ltr,816.0,2024-12,537780.95,0.15
2024-12,CHEESE & DAIRY,fresh cream,Vanilla Ice-cream,326.4,2024-12,537780.95,0.06
2024-12,CHEESE & DAIRY,fresh cream,Chocolate Ice-cream,210.0,2024-12,537780.95,0.04
2024-12,CHEESE & DAIRY,fresh cream,Strawberry-Ice cream,125.80000000000007,2024-12,537780.95,0.02
2024-12,CHEESE & DAIRY,milk,Milkymist Cheese BLock 1KG,2337.5,2024-12,537780.95,0.43
2024-12,CHEESE & DAIRY,milk,milky mist cheese block 500gm,1058.4,2024-12,537780.95,0.2
2024-12,CHEESE & DAIRY,milk,milk 26,468.0,2024-12,537780.95,0.09
2024-12,CHEESE & DAIRY,milk,milk 28 milma,280.0,2024-12,537780.95,0.05
2024-12,CHEESE & DAIRY,milk,milk,75.0,2024-12,537780.95,0.01
2024-12,CHEESE & DAIRY,orange cheddar,dynamic cheddar block,118.29999999999995,2024-12,537780.95,0.02
2024-12,CHEESE & DAIRY,paneer,Paneer,1015.0,2024-12,537780.95,0.19
2024-12,CHEESE & DAIRY,paneer,paneer tikka powder,450.0,2024-12,537780.95,0.08
2024-12,CHEESE & DAIRY,paneer,Paneer tikka masala,112.5,2024-12,537780.95,0.02
2024-12,"FLOUR, GRAINS & DRY GOODS",atta,atta,250.0,2024-12,537780.95,0.05
2024-12,"FLOUR, GRAINS & DRY GOODS",corn meal,Corn Meal - MAKKA RAVA,-165.0,2024-12,537780.95,-0.03
2024-12,"FLOUR, GRAINS & DRY GOODS",maida,maida,2796.0,2024-12,537780.95,0.52
2024-12,"FLOUR, GRAINS & DRY GOODS",masoor dal,masoor dal,-180.0,2024-12,537780.95,-0.03
2024-12,"FLOUR, GRAINS & DRY GOODS",red dal,red dal,240.0,2024-12,537780.95,0.04
2024-12,"FLOUR, GRAINS & DRY GOODS",rice,staff rice,766.5,2024-12,537780.95,0.14
2024-12,"FLOUR, GRAINS & DRY GOODS",sugar,sugar,90.0,2024-12,537780.95,0.02
2024-12,FROZEN ITEMS,fish finger,fish finger,1070.5,2024-12,537780.95,0.2
2024-12,FROZEN ITEMS,french fries,french fry hungritos 2.5kg,5914.999999999999,2024-12,537780.95,1.1
2024-12,FROZEN ITEMS,frozen sweet corn,Frozen Sweet Corn-Pal Fresh,600.0,2024-12,537780.95,0.11
2024-12,FROZEN ITEMS,frozen sweet corn,Frozen Sweet Corn,420.0,2024-12,537780.95,0.08
2024-12,FROZEN ITEMS,potato pops,POTATO POPS,39.75999999999999,2024-12,537780.95,0.01
2024-12,FROZEN ITEMS,potato wedges,potato wedges,929.6000000000001,2024-12,537780.95,0.17
2024-12,FRUITS,apple,DVC Green Apple 750 ML,304.44000000000005,2024-12,537780.95,0.06
2024-12,FRUITS,chicku pulp,Berry Fresh Chicku Pulp,588.02,2024-12,537780.95,0.11
2024-12,FRUITS,pineapple,Pineapple slice-Tajir Habit-850g,110.25,2024-12,537780.95,0.02
2024-12,FRUITS,pineapple,pineapple,120.01,2024-12,537780.95,0.02
2024-12,FRUITS,tender coconut pulp,Berry Fresh Tender Coconut Pulp,740.0,2024-12,537780.95,0.14
2024-12,FRUITS,watermelon,DVC Watermelon Syrup 750 ml,253.69999999999993,2024-12,537780.95,0.05
2024-12,FRUITS,watermelon,watermelon,240.0,2024-12,537780.95,0.04
2024-12,KITCHEN EQUIPMENT & UTENSILS,tripod,Tripod,1350.0,2024-12,537780.95,0.25
2024-12,MASALA & SEASONINGS,aromat seasoning,Aromat Seasoning Powder,0.0,2024-12,537780.95,0.0
2024-12,MASALA & SEASONINGS,bbq mix,bbq mix,1953.0,2024-12,537780.95,0.36
2024-12,MASALA & SEASONINGS,bbq mix,BBQ Mix Masala,-465.0,2024-12,537780.95,-0.09
2024-12,MASALA & SEASONINGS,chicken masala,chicken masala,45.0,2024-12,537780.95,0.01
2024-12,MASALA & SEASONINGS,chilly flakes,chilly flakes sachet,527.25,2024-12,537780.95,0.1
2024-12,MASALA & SEASONINGS,chilly flakes,chilly flakes 500gm,-15.0,2024-12,537780.95,-0.0
2024-12,MASALA & SEASONINGS,herb mix,Herb Mix Masla,807.5,2024-12,537780.95,0.15
2024-12,MASALA & SEASONINGS,herb mix,Chettinad Mix,-716.1,2024-12,537780.95,-0.13
2024-12,MASALA & SEASONINGS,mexican mix,mexican mix,1784.5,2024-12,537780.95,0.33
2024-12,MASALA & SEASONINGS,oregano,OREGANO SACHET 0.8GM,1004.2,2024-12,537780.95,0.19
2024-12,MASALA & SEASONINGS,oregano,Oregano Sprinkler 500g,730.8000000000002,2024-12,537780.95,0.14
2024-12,MASALA & SEASONINGS,piri piri marinade,Piri Piri Marinade 1KG,280.49,2024-12,537780.95,0.05
2024-12,MASALA & SEASONINGS,salt,Salt,28.0,2024-12,537780.95,0.01
2024-12,MASALA & SEASONINGS,tandoori masala,Tandoori mix Masala,592.5,2024-12,537780.95,0.11
2024-12,MEAT & POULTRY,boneless chicken,bonless chicken,18138.8,2024-12,537780.95,3.37
2024-12,MEAT & POULTRY,chicken burger pattis,Chicken burger pattis,313.0,2024-12,537780.95,0.06
2024-12,MEAT & POULTRY,chicken burger pattis,Veg burger pattis,45.02000000000001,2024-12,537780.95,0.01
2024-12,MEAT & POULTRY,chicken kheema,chicken kheema masala,-32.5,2024-12,537780.95,-0.01
2024-12,MEAT & POULTRY,chicken pepperoni,chicken pepperoni,-1384.0,2024-12,537780.95,-0.26
2024-12,MEAT & POULTRY,chicken popcorn,chicken popcorn,65.0,2024-12,537780.95,0.01
2024-12,MEAT & POULTRY,chicken salami,Zippy Chicken Salami,576.24,2024-12,537780.95,0.11
2024-12,MEAT & POULTRY,lamb pepperoni,Lamp Pepperoni,2371.75,2024-12,537780.95,0.44
2024-12,MEAT & POULTRY,staff chicken,staff chicken,610.0,2024-12,537780.95,0.11
2024-12,OILS,mustard oil,Mustard Oil,-117.6,2024-12,537780.95,-0.02
2024-12,OILS,olive oil,habit olive oil,738.0,2024-12,537780.95,0.14
2024-12,OILS,palm oil,oil,273.0,2024-12,537780.95,0.05
2024-12,PACKAGING MATERIALS,bio bag,bio cup,100.0,2024-12,537780.95,0.02
2024-12,PACKAGING MATERIALS,burger box,Mini Burger Box,525.0,2024-12,537780.95,0.1
2024-12,PACKAGING MATERIALS,burger box,burger box 5*5*4,389.0,2024-12,537780.95,0.07
2024-12,PACKAGING MATERIALS,french fries box,French Fries Box,1567.55,2024-12,537780.95,0.29
2024-12,PACKAGING MATERIALS,garlic bread box,Garlic Bread Box,457.5,2024-12,537780.95,0.09
2024-12,PACKAGING MATERIALS,large pizza box,Large Pizza Box,2643.3,2024-12,537780.95,0.49
2024-12,PACKAGING MATERIALS,medium pizza box,Medium Pizza Box,3490.0,2024-12,537780.95,0.65
2024-12,PACKAGING MATERIALS,paper glass,Moktails Glass,2248.0,2024-12,537780.95,0.42
2024-12,PACKAGING MATERIALS,paper glass,Paper Glass,0.0,2024-12,537780.95,0.0
2024-12,PACKAGING MATERIALS,paper glass,mocktail glass,-2000.0,2024-12,537780.95,-0.37
2024-12,PACKAGING MATERIALS,pasta container,Pasta Container Black,984.5,2024-12,537780.95,0.18
2024-12,PACKAGING MATERIALS,regular pizza box,Regular Pizza Box,4131.0,2024-12,537780.95,0.77
2024-12,PACKAGING MATERIALS,salad bowl,Salad Bowl 250ml,409.5,2024-12,537780.95,0.08
2024-12,PACKAGING MATERIALS,salad bowl,Salad Bowl 500ml,45.84999999999991,2024-12,537780.95,0.01
2024-12,PACKAGING MATERIALS,salad bowl,Dip Bowl,-84.0,2024-12,537780.95,-0.02
2024-12,PACKAGING MATERIALS,tissue,Tissue-Energy-Big,180.0,2024-12,537780.95,0.03
2024-12,PACKAGING MATERIALS,tissue,Tissue,-54.0,2024-12,537780.95,-0.01
2024-12,PACKAGING MATERIALS,wooden fork,wooden fork,255.0,2024-12,537780.95,0.05
2024-12,PACKAGING MATERIALS,wooden spoon,wodden spoon,-65.0,2024-12,537780.95,-0.01
2024-12,SAUCES & SPREADS,chocolate sauce,Malas Chocolate Sauce 5 ltr,-848.0,2024-12,537780.95,-0.16
2024-12,SAUCES & SPREADS,eggless mayonnaise,Veeba Eggless Mayonise Chef 1KG,1350.0,2024-12,537780.95,0.25
2024-12,SAUCES & SPREADS,eggless mayonnaise,egg,70.0,2024-12,537780.95,0.01
2024-12,SAUCES & SPREADS,gouda flavoured dressing,Veeba Gouda Flavoured Dressing,1002.8400000000001,2024-12,537780.95,0.19
2024-12,SAUCES & SPREADS,honey mustard dressing,Honey,-73.2,2024-12,537780.95,-0.01
2024-12,SAUCES & SPREADS,honey mustard dressing,Honey mustard dressing,-49.10000000000002,2024-12,537780.95,-0.01
2024-12,SAUCES & SPREADS,ketchup sachet,Veeba Ketchup Sachet,2033.1999999999998,2024-12,537780.95,0.38
2024-12,SAUCES & SPREADS,makhani gravy,makhni gravy,420.0,2024-12,537780.95,0.08
2024-12,SAUCES & SPREADS,pasta sauce,veeba pizza pasta sauce,-1930.1000000000004,2024-12,537780.95,-0.36
2024-12,SAUCES & SPREADS,pizza sauce,Veeba Pasta & Pizza Sauce 1KG,4408.32,2024-12,537780.95,0.82
2024-12,SAUCES & SPREADS,pizza sauce,Pizza sauce premix,-520.0,2024-12,537780.95,-0.1
2024-12,SAUCES & SPREADS,schezwan sauce,Schezwan sauce,0.0,2024-12,537780.95,0.0
2024-12,SAUCES & SPREADS,tandoori mayonnaise,Tandoori Tikka Marinade 500Grm,-230.0,2024-12,537780.95,-0.04
2024-12,SAUCES & SPREADS,tandoori spread,Veeba Tandoori Spread-1kg,464.0,2024-12,537780.95,0.09
2024-12,SAUCES & SPREADS,thousand island dressing,Veeba ThousandIsland Dressing 1KG,562.7999999999998,2024-12,537780.95,0.1
2024-12,SAUCES & SPREADS,tomato ketchup,tomato ketchup 1.2 bottle,440.0,2024-12,537780.95,0.08
2024-12,SAUCES & SPREADS,tomato ketchup,Veeba T. Ketchup 1.2KG,105.0,2024-12,537780.95,0.02
2024-12,STATIONERY & MISC,pen,HABIT JALAPENO SLICES 2.9 KG,1007.2000000000003,2024-12,537780.95,0.19
2024-12,STATIONERY & MISC,pen,Puramate Pasta-Penne Rigatte 500g,816.0,2024-12,537780.95,0.15
2024-12,UNMAPPED,UNMAPPED,grocery,18921.68,2024-12,537780.95,3.52
2024-12,UNMAPPED,UNMAPPED,vegetables,15737.91,2024-12,537780.95,2.93
2024-12,UNMAPPED,UNMAPPED,eng veg,3070.6,2024-12,537780.95,0.57
2024-12,UNMAPPED,UNMAPPED,black olive slice Habit,1882.0299999999997,2024-12,537780.95,0.35
2024-12,UNMAPPED,UNMAPPED,Sumeru Nuggets Premium 1Kg,1658.9,2024-12,537780.95,0.31
2024-12,UNMAPPED,UNMAPPED,bio covers,1416.9,2024-12,537780.95,0.26
2024-12,UNMAPPED,UNMAPPED,KOT Printing Rolls,1080.0,2024-12,537780.95,0.2
2024-12,UNMAPPED,UNMAPPED,Mango Crush Sauce 750ml Malas,1092.21,2024-12,537780.95,0.2
2024-12,UNMAPPED,UNMAPPED,vegetable n fruit,544.0,2024-12,537780.95,0.1
2024-12,UNMAPPED,UNMAPPED,red paprika habit,405.5,2024-12,537780.95,0.08
2024-12,UNMAPPED,UNMAPPED,Puramate Pasta-Gomiti Rigate - macroni - 500g,282.2,2024-12,537780.95,0.05
2024-12,UNMAPPED,UNMAPPED,Green Peas,139.5,2024-12,537780.95,0.03
2024-12,UNMAPPED,UNMAPPED,egg 7,140.0,2024-12,537780.95,0.03
2024-12,UNMAPPED,UNMAPPED,egg-6.50,130.0,2024-12,537780.95,0.02
2024-12,UNMAPPED,UNMAPPED,ice cube/80,-80.0,2024-12,537780.95,-0.01
2024-12,UNMAPPED,UNMAPPED,Mayonise premium,-84.0,2024-12,537780.95,-0.02
2024-12,UNMAPPED,UNMAPPED,nuggets sumeru,-156.5,2024-12,537780.95,-0.03
2024-12,UNMAPPED,UNMAPPED,fruits,-517.5,2024-12,537780.95,-0.1
2024-12,UTILITIES & EXPENSES,lpg gas,Gas-LPG-HPCL,17630.0,2024-12,537780.95,3.28
2024-12,VEGETABLES,baby corn,habit baby corn,432.0,2024-12,537780.95,0.08
2024-12,VEGETABLES,fresh basil,Puramate Basil 250g Pouch,-78.0,2024-12,537780.95,-0.01
2024-12,VEGETABLES,garlic,chilly garlic spread,162.0,2024-12,537780.95,0.03
2024-12,VEGETABLES,mint,DVC Mint Flavoured Syrup 750 ml,-2784.45,2024-12,537780.95,-0.52
2024-12,VEGETABLES,mushroom,G.Crown Mushroom Slice 800g,3800.0,2024-12,537780.95,0.71
2024-12,VEGETABLES,tomato,hybrid tomato,992.0,2024-12,537780.95,0.18
2024-12,VEGETABLES,yam,Maida yamuna,7872.0,2024-12,537780.95,1.46
2024-11,BAKERY & PREMIX,bread premix,Bread Premix,-360.0,2024-11,483662.0,-0.07
2024-11,BAKERY & PREMIX,brownie,Brownie,770.0,2024-11,483662.0,0.16
2024-11,BAKERY & PREMIX,pizza premix,Pizza Premix,4800.0,2024-11,483662.0,0.99
2024-11,BEVERAGES,7up,7up 250ml Pet,2432.5,2024-11,483662.0,0.5
2024-11,BEVERAGES,7up,7up 600ml,2269.08,2024-11,483662.0,0.47
2024-11,BEVERAGES,7up,7UP 1250ml Pet,542.7,2024-11,483662.0,0.11
2024-11,BEVERAGES,7up,7up 1 ltr,44.33000000000004,2024-11,483662.0,0.01
2024-11,BEVERAGES,7up,7up750mlpet,-1512.7200000000003,2024-11,483662.0,-0.31
2024-11,BEVERAGES,aqua fina,Aqua Fina Mineral Water 1Ltr,140.0,2024-11,483662.0,0.03
2024-11,BEVERAGES,blue occean syrup,DVC BLUE OCCEAN FLV SYRUP 750ML,304.43999999999994,2024-11,483662.0,0.06
2024-11,BEVERAGES,bubblegum syrup,DVC Bubblegum Syrup Syrup 750 ml,0.0,2024-11,483662.0,0.0
2024-11,BEVERAGES,cucumber syrup,DVC Cucumber Syrup 750 ml,0.0,2024-11,483662.0,0.0
2024-11,BEVERAGES,dew,Dew 600 ml,584.29,2024-11,483662.0,0.12
2024-11,BEVERAGES,dew,Dew 250ml Pet,525.0,2024-11,483662.0,0.11
2024-11,BEVERAGES,dew,Dew 330 ml can,548.64,2024-11,483662.0,0.11
2024-11,BEVERAGES,dew,Dew 750ml Pet,-503.75,2024-11,483662.0,-0.1
2024-11,BEVERAGES,lehar soda,Lehar Soda,691.32,2024-11,483662.0,0.14
2024-11,BEVERAGES,mixed berry syrup,DVC Mixed Berry Beverage Blend Syrup 750 ml,82.79999999999995,2024-11,483662.0,0.02
2024-11,BEVERAGES,mojito mint,DVC MOJITO MINT 750ML,811.8400000000001,2024-11,483662.0,0.17
2024-11,BEVERAGES,passion fruit syrup,DVC Passion Fruit 750ML,-1116.28,2024-11,483662.0,-0.23
2024-11,BEVERAGES,peach syrup,DVC Peach GardenSyrup 750 ml,609.5,2024-11,483662.0,0.13
2024-11,BEVERAGES,peach syrup,DVC Peach Garden Syrup Syrup 750 ml,-439.67,2024-11,483662.0,-0.09
2024-11,BEVERAGES,pepsi,pepsi 600 ml,5328.900000000001,2024-11,483662.0,1.1
2024-11,BEVERAGES,pepsi,Pepsi 250ml Pet,1837.5,2024-11,483662.0,0.38
2024-11,BEVERAGES,pepsi,Pepsi 1250ml Pet,904.5,2024-11,483662.0,0.19
2024-11,BEVERAGES,pepsi,pepsi can 330ml,68.57999999999998,2024-11,483662.0,0.01
2024-11,BEVERAGES,pepsi,pepsi 1 ltr,-443.3600000000001,2024-11,483662.0,-0.09
2024-11,BEVERAGES,slice mango,Slice Mango 600ml pet,902.25,2024-11,483662.0,0.19
2024-11,BEVERAGES,slice mango,Slice Mango 200ml pet,229.70999999999998,2024-11,483662.0,0.05
2024-11,BEVERAGES,strawberry syrup,DVC Strawberry Syrup 750 ml,1014.8,2024-11,483662.0,0.21
2024-11,BEVERAGES,strawberry syrup,straw,120.0,2024-11,483662.0,0.02
2024-11,BEVERAGES,strawberry syrup,DVC Strawberry Syrup Syrup 750 ml,-830.48,2024-11,483662.0,-0.17
2024-11,BEVERAGES,tropicana guava,Tropicana Guava Delight,575.92,2024-11,483662.0,0.12
2024-11,BEVERAGES,tropicana guava,tropicana juice,-24.68,2024-11,483662.0,-0.01
2024-11,CHEESE & DAIRY,butter,butter,3230.0,2024-11,483662.0,0.67
2024-11,CHEESE & DAIRY,butter,malas butterscotch crush,143.0,2024-11,483662.0,0.03
2024-11,CHEESE & DAIRY,butter,Butter Scotch Sauce 750ml,-71.5,2024-11,483662.0,-0.01
2024-11,CHEESE & DAIRY,butter,Butter Scotch Ice-cream,-541.0999999999999,2024-11,483662.0,-0.11
2024-11,CHEESE & DAIRY,colby cheese,colby cheese 1 kg,190.34,2024-11,483662.0,0.04
2024-11,CHEESE & DAIRY,diced mozzarella,dynamic diced mozerella,38276.71,2024-11,483662.0,7.91
2024-11,CHEESE & DAIRY,fresh cream,Vanilla Ice-cream 4ltr,3100.8,2024-11,483662.0,0.64
2024-11,CHEESE & DAIRY,fresh cream,Richs versatie cream,1204.6199999999997,2024-11,483662.0,0.25
2024-11,CHEESE & DAIRY,fresh cream,Chocolate Ice-cream 4ltr,816.0,2024-11,483662.0,0.17
2024-11,CHEESE & DAIRY,fresh cream,Strawberry-Ice cream,62.89999999999998,2024-11,483662.0,0.01
2024-11,CHEESE & DAIRY,fresh cream,Chocolate Ice-cream,-70.0,2024-11,483662.0,-0.01
2024-11,CHEESE & DAIRY,fresh cream,Vanilla Ice-cream,-326.4,2024-11,483662.0,-0.07
2024-11,CHEESE & DAIRY,milk,milk 26,1768.0,2024-11,483662.0,0.37
2024-11,CHEESE & DAIRY,milk,milk,-75.0,2024-11,483662.0,-0.02
2024-11,CHEESE & DAIRY,milk,Milkymist Cheese BLock 1KG,-1237.5,2024-11,483662.0,-0.26
2024-11,CHEESE & DAIRY,orange cheddar,dynamic cheddar block,177.45,2024-11,483662.0,0.04
2024-11,CHEESE & DAIRY,paneer,paneer,580.0,2024-11,483662.0,0.12
2024-11,CHEESE & DAIRY,paneer,Paneer,435.0,2024-11,483662.0,0.09
2024-11,CHEESE & DAIRY,paneer,Paneer tikka masala,300.0,2024-11,483662.0,0.06
2024-11,CHEESE & DAIRY,processed cheese,Processed cheese block,2708.4,2024-11,483662.0,0.56
2024-11,CLEANING SUPPLIES,washing powder,washing powder,35.0,2024-11,483662.0,0.01
2024-11,"FLOUR, GRAINS & DRY GOODS",atta,atta,0.0,2024-11,483662.0,0.0
2024-11,"FLOUR, GRAINS & DRY GOODS",corn meal,Corn Meal - MAKKA RAVA,-55.0,2024-11,483662.0,-0.01
2024-11,"FLOUR, GRAINS & DRY GOODS",maida,Maida 50 kg,4520.0,2024-11,483662.0,0.93
2024-11,"FLOUR, GRAINS & DRY GOODS",maida,maida,-233.0,2024-11,483662.0,-0.05
2024-11,"FLOUR, GRAINS & DRY GOODS",red dal,red dal,-240.0,2024-11,483662.0,-0.05
2024-11,"FLOUR, GRAINS & DRY GOODS",rice,staff rice 26kg,920.0,2024-11,483662.0,0.19
2024-11,"FLOUR, GRAINS & DRY GOODS",rice,staff rice,-912.5,2024-11,483662.0,-0.19
2024-11,"FLOUR, GRAINS & DRY GOODS",sugar,sugar,-90.0,2024-11,483662.0,-0.02
2024-11,FROZEN ITEMS,fish finger,fish finger,-59.47999999999996,2024-11,483662.0,-0.01
2024-11,FROZEN ITEMS,french fries,french fry hungritos 2.5kg,5331.2,2024-11,483662.0,1.1
2024-11,FROZEN ITEMS,french fries,mc cain french fry,3002.1,2024-11,483662.0,0.62
2024-11,FROZEN ITEMS,french fries,French Fries 6mm-Hungritos,517.44,2024-11,483662.0,0.11
2024-11,FROZEN ITEMS,frozen sweet corn,Frozen Sweet Corn-Pal Fresh,1680.0,2024-11,483662.0,0.35
2024-11,FROZEN ITEMS,frozen sweet corn,Frozen Sweet Corn,-420.0,2024-11,483662.0,-0.09
2024-11,FROZEN ITEMS,potato wedges,potato wedges,223.0999999999999,2024-11,483662.0,0.05
2024-11,FRUITS,apple,DVC Green Apple 750 ML,253.70000000000005,2024-11,483662.0,0.05
2024-11,FRUITS,chicku pulp,Berry Fresh Chicku Pulp 2kg,476.0,2024-11,483662.0,0.1
2024-11,FRUITS,chicku pulp,Berry Fresh Chicku Pulp,-56.0,2024-11,483662.0,-0.01
2024-11,FRUITS,pineapple,pineapple,309.98,2024-11,483662.0,0.06
2024-11,FRUITS,pineapple,Pineapple slice-Tajir Habit-850g,110.25,2024-11,483662.0,0.02
2024-11,FRUITS,tender coconut pulp,Berry Fresh Tender Coconut Pulp 2kg,370.0,2024-11,483662.0,0.08
2024-11,FRUITS,tender coconut pulp,Berry Fresh Tender Coconut Pulp,0.0,2024-11,483662.0,0.0
2024-11,FRUITS,watermelon,DVC Watermelon Syrup 750 ml,253.7,2024-11,483662.0,0.05
2024-11,KITCHEN EQUIPMENT & UTENSILS,tripod,Tripod,0.0,2024-11,483662.0,0.0
2024-11,MASALA & SEASONINGS,aromat seasoning,Aromat Seasoning Powder,0.0,2024-11,483662.0,0.0
2024-11,MASALA & SEASONINGS,bbq mix,BBQ Mix Masala,930.0,2024-11,483662.0,0.19
2024-11,MASALA & SEASONINGS,bbq mix,bbq mix,-465.0,2024-11,483662.0,-0.1
2024-11,MASALA & SEASONINGS,chicken masala,chicken masala,-45.0,2024-11,483662.0,-0.01
2024-11,MASALA & SEASONINGS,chilly flakes,chilly flakes sachet,640.25,2024-11,483662.0,0.13
2024-11,MASALA & SEASONINGS,chilly flakes,CHILLY FLAKES SACHET 0.8GM,520.0,2024-11,483662.0,0.11
2024-11,MASALA & SEASONINGS,chilly flakes,chilly flakes 500gm,165.0,2024-11,483662.0,0.03
2024-11,MASALA & SEASONINGS,herb mix,Chettinad Mix,2018.1,2024-11,483662.0,0.42
2024-11,MASALA & SEASONINGS,herb mix,Herb Mix Masla,552.5,2024-11,483662.0,0.11
2024-11,MASALA & SEASONINGS,mexican mix,mexican mix,2780.5,2024-11,483662.0,0.57
2024-11,MASALA & SEASONINGS,oregano,Oregano Sprinkler 500g,1013.38,2024-11,483662.0,0.21
2024-11,MASALA & SEASONINGS,oregano,OREGANO SACHET 0.8GM,966.0,2024-11,483662.0,0.2
2024-11,MASALA & SEASONINGS,piri piri marinade,Piri Piri Marinade 1KG,163.62,2024-11,483662.0,0.03
2024-11,MASALA & SEASONINGS,salt,Salt,14.0,2024-11,483662.0,0.0
2024-11,MASALA & SEASONINGS,tandoori masala,Tandoori mix Masala,-1580.0,2024-11,483662.0,-0.33
2024-11,MEAT & POULTRY,boneless chicken,bonless chicken,19528.76,2024-11,483662.0,4.04
2024-11,MEAT & POULTRY,chicken burger pattis,Chicken burger pattis,0.0,2024-11,483662.0,0.0
2024-11,MEAT & POULTRY,chicken burger pattis,Veg burger pattis,0.0,2024-11,483662.0,0.0
2024-11,MEAT & POULTRY,chicken kheema,Chicken Kheema  Masala,195.3,2024-11,483662.0,0.04
2024-11,MEAT & POULTRY,chicken kheema,chicken kheema masala,-292.5,2024-11,483662.0,-0.06
2024-11,MEAT & POULTRY,chicken pepperoni,chicken pepperoni,3373.5,2024-11,483662.0,0.7
2024-11,MEAT & POULTRY,chicken popcorn,chicken popcorn,-125.0,2024-11,483662.0,-0.03
2024-11,MEAT & POULTRY,chicken salami,Zippy Chicken Salami,576.2399999999999,2024-11,483662.0,0.12
2024-11,MEAT & POULTRY,lamb pepperoni,Lamp Pepperoni,-1476.75,2024-11,483662.0,-0.31
2024-11,MEAT & POULTRY,staff chicken,staff chicken,625.99,2024-11,483662.0,0.13
2024-11,MEAT & POULTRY,whole chicken,sumeru chicken pop corn,1189.4,2024-11,483662.0,0.25
2024-11,OILS,mustard oil,Mustard Oil,201.6,2024-11,483662.0,0.04
2024-11,OILS,olive oil,habit olive oil,553.5,2024-11,483662.0,0.11
2024-11,OILS,palm oil,oil,3625.5,2024-11,483662.0,0.75
2024-11,OILS,palm oil,Palm Oil - Refined Oil,1875.0,2024-11,483662.0,0.39
2024-11,PACKAGING MATERIALS,bio bag,bio cup,150.0,2024-11,483662.0,0.03
2024-11,PACKAGING MATERIALS,burger box,Mini Burger Box,765.0,2024-11,483662.0,0.16
2024-11,PACKAGING MATERIALS,french fries box,French Fries Box,668.75,2024-11,483662.0,0.14
2024-11,PACKAGING MATERIALS,garlic bread box,Garlic Bread Box,375.0,2024-11,483662.0,0.08
2024-11,PACKAGING MATERIALS,large pizza box,Large Pizza Box,1945.3500000000004,2024-11,483662.0,0.4
2024-11,PACKAGING MATERIALS,medium pizza box,Medium Pizza Box,4290.0,2024-11,483662.0,0.89
2024-11,PACKAGING MATERIALS,paper glass,Paper Glass,-150.0,2024-11,483662.0,-0.03
2024-11,PACKAGING MATERIALS,paper glass,Moktails Glass,-296.0,2024-11,483662.0,-0.06
2024-11,PACKAGING MATERIALS,pasta container,Pasta Container Black,1261.9499999999998,2024-11,483662.0,0.26
2024-11,PACKAGING MATERIALS,plastic cover,bio cover,774.0,2024-11,483662.0,0.16
2024-11,PACKAGING MATERIALS,regular pizza box,Regular Pizza Box,3833.5,2024-11,483662.0,0.79
2024-11,PACKAGING MATERIALS,salad bowl,Salad Bowl 250ml,483.0,2024-11,483662.0,0.1
2024-11,PACKAGING MATERIALS,salad bowl,Salad Bowl 500ml,189.95000000000005,2024-11,483662.0,0.04
2024-11,PACKAGING MATERIALS,salad bowl,Dip Bowl,64.0,2024-11,483662.0,0.01
2024-11,PACKAGING MATERIALS,tissue,Tissue,54.0,2024-11,483662.0,0.01
2024-11,PACKAGING MATERIALS,wooden fork,wooden fork,-255.0,2024-11,483662.0,-0.05
2024-11,PACKAGING MATERIALS,wooden spoon,wodden spoon,585.0,2024-11,483662.0,0.12
2024-11,SAUCES & SPREADS,chocolate sauce,Malas Chocolate Sauce 5 ltr,1060.0,2024-11,483662.0,0.22
2024-11,SAUCES & SPREADS,eggless mayonnaise,Veeba Eggless Mayonise Chef 1KG,1090.0,2024-11,483662.0,0.23
2024-11,SAUCES & SPREADS,gouda flavoured dressing,Veeba Gouda Flavoured Dressing,1086.42,2024-11,483662.0,0.22
2024-11,SAUCES & SPREADS,honey mustard dressing,Honey,122.00000000000001,2024-11,483662.0,0.03
2024-11,SAUCES & SPREADS,honey mustard dressing,Honey mustard dressing,-63.9,2024-11,483662.0,-0.01
2024-11,SAUCES & SPREADS,ketchup sachet,Veeba Ketchup Sachet,1549.5500000000002,2024-11,483662.0,0.32
2024-11,SAUCES & SPREADS,makhani gravy,makhni gravy,420.0,2024-11,483662.0,0.09
2024-11,SAUCES & SPREADS,pasta sauce,veeba pizza pasta sauce,4632.24,2024-11,483662.0,0.96
2024-11,SAUCES & SPREADS,pizza sauce,Pizza sauce premix,2015.0,2024-11,483662.0,0.42
2024-11,SAUCES & SPREADS,pizza sauce,Veeba Pasta & Pizza Sauce 1KG,-2204.16,2024-11,483662.0,-0.46
2024-11,SAUCES & SPREADS,schezwan sauce,Schezwan sauce,364.0,2024-11,483662.0,0.08
2024-11,SAUCES & SPREADS,tandoori mayonnaise,Tandoori Tikka Marinade 500Grm,230.0,2024-11,483662.0,0.05
2024-11,SAUCES & SPREADS,tandoori spread,Veeba Tandoori Spread-1kg,1736.0,2024-11,483662.0,0.36
2024-11,SAUCES & SPREADS,thousand island dressing,Veeba ThousandIsland Dressing 1KG,187.60000000000002,2024-11,483662.0,0.04
2024-11,SAUCES & SPREADS,tomato ketchup,Veeba T. Ketchup 1.2KG,315.0,2024-11,483662.0,0.07
2024-11,STATIONERY & MISC,pen,HABIT JALAPENO SLICES 2.9 KG,1631.6799999999998,2024-11,483662.0,0.34
2024-11,STATIONERY & MISC,pen,Puramate Pasta-Penne Rigatte 500g,612.0,2024-11,483662.0,0.13
2024-11,UNMAPPED,UNMAPPED,grocery,18354.04,2024-11,483662.0,3.79
2024-11,UNMAPPED,UNMAPPED,vegetables,11995.64,2024-11,483662.0,2.48
2024-11,UNMAPPED,UNMAPPED,eng veg,2734.4,2024-11,483662.0,0.57
2024-11,UNMAPPED,UNMAPPED,nuggets sumeru,1471.1,2024-11,483662.0,0.3
2024-11,UNMAPPED,UNMAPPED,black olive slice Habit,1302.5600000000002,2024-11,483662.0,0.27
2024-11,UNMAPPED,UNMAPPED,red paprika habit,1190.98,2024-11,483662.0,0.25
2024-11,UNMAPPED,UNMAPPED,vegetable n fruit,661.02,2024-11,483662.0,0.14
2024-11,UNMAPPED,UNMAPPED,bio covers,583.1,2024-11,483662.0,0.12
2024-11,UNMAPPED,UNMAPPED,KOT Printing Rolls,540.0,2024-11,483662.0,0.11
2024-11,UNMAPPED,UNMAPPED,egg-6.50,325.0,2024-11,483662.0,0.07
2024-11,UNMAPPED,UNMAPPED,Puramate Pasta-Gomiti Rigate - macroni - 500g,183.6,2024-11,483662.0,0.04
2024-11,UNMAPPED,UNMAPPED,egg 7,210.0,2024-11,483662.0,0.04
2024-11,UNMAPPED,UNMAPPED,Mayonise premium,168.0,2024-11,483662.0,0.03
2024-11,UNMAPPED,UNMAPPED,Green Peas,115.5,2024-11,483662.0,0.02
2024-11,UNMAPPED,UNMAPPED,ice cube,90.0,2024-11,483662.0,0.02
2024-11,UNMAPPED,UNMAPPED,ice cube/80,80.0,2024-11,483662.0,0.02
2024-11,UNMAPPED,UNMAPPED,Sumeru Nuggets Premium 1Kg,-406.9,2024-11,483662.0,-0.08
2024-11,UNMAPPED,UNMAPPED,Mango Crush Sauce 750ml Malas,-714.1400000000001,2024-11,483662.0,-0.15
2024-11,UTILITIES & EXPENSES,lpg gas,Gas-LPG-HPCL,14600.0,2024-11,483662.0,3.02
2024-11,VEGETABLES,baby corn,habit baby corn,382.0,2024-11,483662.0,0.08
2024-11,VEGETABLES,fresh basil,BASIL,272.0,2024-11,483662.0,0.06
2024-11,VEGETABLES,garlic,garlic,780.0,2024-11,483662.0,0.16
2024-11,VEGETABLES,garlic,chilly garlic spread,162.0,2024-11,483662.0,0.03
2024-11,VEGETABLES,mushroom,G.Crown Mushroom Slice 800g,-600.0,2024-11,483662.0,-0.12
2024-11,VEGETABLES,tomato,hybrid tomato,2136.0,2024-11,483662.0,0.44
2024-11,VEGETABLES,yam,Maida yamuna,5720.0,2024-11,483662.0,1.18
2024-10,BAKERY & PREMIX,bread premix,Bread Premix,936.0,2024-10,482997.1,0.19
2024-10,BAKERY & PREMIX,brownie,Brownie,1540.0,2024-10,482997.1,0.32
2024-10,BAKERY & PREMIX,burger bun,burger bun 4,128.0,2024-10,482997.1,0.03
2024-10,BAKERY & PREMIX,chocolate chips,chocolate chips,408.0,2024-10,482997.1,0.08
2024-10,BAKERY & PREMIX,pizza premix,Pizza Premix,4320.0,2024-10,482997.1,0.89
2024-10,BEVERAGES,7up,7up 600ml,2612.88,2024-10,482997.1,0.54
2024-10,BEVERAGES,7up,7UP 1250ml Pet,1266.3,2024-10,482997.1,0.26
2024-10,BEVERAGES,7up,7up 250ml Pet,1242.5,2024-10,482997.1,0.26
2024-10,BEVERAGES,aqua fina,Aqua Fina Mineral Water 1Ltr,229.2,2024-10,482997.1,0.05
2024-10,BEVERAGES,blue occean syrup,DVC BLUE OCCEAN FLV SYRUP 750ML,152.22000000000003,2024-10,482997.1,0.03
2024-10,BEVERAGES,bubblegum syrup,DVC Bubblegum Syrup Syrup 750 ml,50.74000000000001,2024-10,482997.1,0.01
2024-10,BEVERAGES,cucumber syrup,DVC Cucumber Syrup 750 ml,1060.0,2024-10,482997.1,0.22
2024-10,BEVERAGES,dew,Dew 600 ml,1099.8400000000001,2024-10,482997.1,0.23
2024-10,BEVERAGES,dew,Dew 250ml Pet,875.0,2024-10,482997.1,0.18
2024-10,BEVERAGES,dew,Dew 330 ml can,308.61,2024-10,482997.1,0.06
2024-10,BEVERAGES,drinking water,drinking water-20ltr,60.0,2024-10,482997.1,0.01
2024-10,BEVERAGES,lehar soda,Lehar Soda,576.1,2024-10,482997.1,0.12
2024-10,BEVERAGES,mixed berry syrup,DVC Mixed Berry Beverage Blend Syrup 750 ml,82.80000000000018,2024-10,482997.1,0.02
2024-10,BEVERAGES,mojito mint,DVC MOJITO MINT 750ML,253.69999999999982,2024-10,482997.1,0.05
2024-10,BEVERAGES,passion fruit syrup,DVC Passion Fruit 750ML,1014.8,2024-10,482997.1,0.21
2024-10,BEVERAGES,passion fruit syrup,DVC PASSION FRUIT FLV SYRUP 750ML,913.32,2024-10,482997.1,0.19
2024-10,BEVERAGES,peach syrup,DVC Peach GardenSyrup 750 ml,-132.5,2024-10,482997.1,-0.03
2024-10,BEVERAGES,pepsi,pepsi 600 ml,2165.9399999999996,2024-10,482997.1,0.45
2024-10,BEVERAGES,pepsi,Pepsi 250ml Pet,1995.0,2024-10,482997.1,0.41
2024-10,BEVERAGES,pepsi,Pepsi 1250ml Pet,904.5,2024-10,482997.1,0.19
2024-10,BEVERAGES,pepsi,pepsi can 330ml,137.15999999999997,2024-10,482997.1,0.03
2024-10,BEVERAGES,slice mango,Slice Mango 200ml pet,353.40000000000003,2024-10,482997.1,0.07
2024-10,BEVERAGES,slice mango,Slice Mango 600ml pet,288.7199999999999,2024-10,482997.1,0.06
2024-10,BEVERAGES,strawberry syrup,Strawberry sause 750,114.4,2024-10,482997.1,0.02
2024-10,BEVERAGES,strawberry syrup,straw,-80.0,2024-10,482997.1,-0.02
2024-10,BEVERAGES,strawberry syrup,DVC Strawberry Syrup 750 ml,-507.4,2024-10,482997.1,-0.11
2024-10,BEVERAGES,tropicana guava,Tropicana Guava Delight,25.040000000000077,2024-10,482997.1,0.01
2024-10,CHEESE & DAIRY,butter,Butter Scotch Ice-cream,1391.4,2024-10,482997.1,0.29
2024-10,CHEESE & DAIRY,butter,Paneer Tikka Butter Masala,225.0,2024-10,482997.1,0.05
2024-10,CHEESE & DAIRY,butter,malas butterscotch crush,0.0,2024-10,482997.1,0.0
2024-10,CHEESE & DAIRY,butter,butter,-380.0,2024-10,482997.1,-0.08
2024-10,CHEESE & DAIRY,colby cheese,colby cheese 1 kg,-190.34,2024-10,482997.1,-0.04
2024-10,CHEESE & DAIRY,diced mozzarella,dynamic diced mozerella,34425.0,2024-10,482997.1,7.13
2024-10,CHEESE & DAIRY,fresh cream,Chocolate Ice-cream,2093.0,2024-10,482997.1,0.43
2024-10,CHEESE & DAIRY,fresh cream,Richs versatie cream,2006.3399999999997,2024-10,482997.1,0.42
2024-10,CHEESE & DAIRY,fresh cream,Vanilla Ice-cream,707.2,2024-10,482997.1,0.15
2024-10,CHEESE & DAIRY,fresh cream,Strawberry-Ice cream,629.0,2024-10,482997.1,0.13
2024-10,CHEESE & DAIRY,fresh cream,Vanilla Ice-cream 4ltr,163.20000000000005,2024-10,482997.1,0.03
2024-10,CHEESE & DAIRY,milk,milk 26,1456.0,2024-10,482997.1,0.3
2024-10,CHEESE & DAIRY,milk,milk,100.0,2024-10,482997.1,0.02
2024-10,CHEESE & DAIRY,milk,milk 28 milma,112.0,2024-10,482997.1,0.02
2024-10,CHEESE & DAIRY,monterey jack,GO-Monterey Jack Cheese-2kg,244.0,2024-10,482997.1,0.05
2024-10,CHEESE & DAIRY,orange cheddar,dynamic cheddar block,-473.2,2024-10,482997.1,-0.1
2024-10,CHEESE & DAIRY,paneer,Paneer,1740.0,2024-10,482997.1,0.36
2024-10,CHEESE & DAIRY,paneer,Paneer tikka masala,75.0,2024-10,482997.1,0.02
2024-10,CHEESE & DAIRY,processed cheese,Processed cheese block,1650.0,2024-10,482997.1,0.34
2024-10,CHEESE & DAIRY,slice cheese,slice cheese,336.0,2024-10,482997.1,0.07
2024-10,CLEANING SUPPLIES,ant powder,tandoori tikka powder,287.5,2024-10,482997.1,0.06
2024-10,"FLOUR, GRAINS & DRY GOODS",corn meal,Corn Meal - MAKKA RAVA,267.0,2024-10,482997.1,0.06
2024-10,"FLOUR, GRAINS & DRY GOODS",maida,Maida 50 kg,2260.0,2024-10,482997.1,0.47
2024-10,"FLOUR, GRAINS & DRY GOODS",maida,maida 30kg,1359.9,2024-10,482997.1,0.28
2024-10,"FLOUR, GRAINS & DRY GOODS",maida,maida,1286.0,2024-10,482997.1,0.27
2024-10,"FLOUR, GRAINS & DRY GOODS",red dal,red dal,240.0,2024-10,482997.1,0.05
2024-10,"FLOUR, GRAINS & DRY GOODS",rice,staff rice 26kg,756.0,2024-10,482997.1,0.16
2024-10,FROZEN ITEMS,fish finger,fish finger,118.94999999999999,2024-10,482997.1,0.02
2024-10,FROZEN ITEMS,french fries,french fry hungritos 2.5kg,7651.84,2024-10,482997.1,1.58
2024-10,FROZEN ITEMS,french fries,French Fries 6mm-Hungritos,-517.44,2024-10,482997.1,-0.11
2024-10,FROZEN ITEMS,frozen sweet corn,Frozen Sweet Corn-Pal Fresh,868.0,2024-10,482997.1,0.18
2024-10,FROZEN ITEMS,potato wedges,potato wedges,706.5,2024-10,482997.1,0.15
2024-10,FRUITS,apple,DVC Green Apple 750 ML,355.17999999999984,2024-10,482997.1,0.07
2024-10,FRUITS,chicku pulp,Berry Fresh Chicku Pulp 2kg,-476.0,2024-10,482997.1,-0.1
2024-10,FRUITS,grapes,grapes,100.0,2024-10,482997.1,0.02
2024-10,FRUITS,pineapple,Pineapple slice-Tajir Habit-850g,220.5,2024-10,482997.1,0.05
2024-10,FRUITS,pineapple,Pineapple-Veg,212.0,2024-10,482997.1,0.04
2024-10,FRUITS,tender coconut pulp,Berry Fresh Tender Coconut Pulp,1368.0,2024-10,482997.1,0.28
2024-10,FRUITS,tender coconut pulp,Berry Fresh Tender Coconut Pulp 2kg,-370.0,2024-10,482997.1,-0.08
2024-10,FRUITS,watermelon,watermelon,120.0,2024-10,482997.1,0.02
2024-10,FRUITS,watermelon,DVC Watermelon Syrup 750 ml,0.0,2024-10,482997.1,0.0
2024-10,KITCHEN EQUIPMENT & UTENSILS,tripod,Tripod,-675.0,2024-10,482997.1,-0.14
2024-10,MASALA & SEASONINGS,bbq mix,bbq mix,3162.0,2024-10,482997.1,0.65
2024-10,MASALA & SEASONINGS,bbq mix,BBQ Mix Masala,-2790.0,2024-10,482997.1,-0.58
2024-10,MASALA & SEASONINGS,chilli flakes,Chilli Flakes-Tasty Pixel-Veeba-Sachet-0.8g,264.6,2024-10,482997.1,0.05
2024-10,MASALA & SEASONINGS,chilly flakes,CHILLY FLAKES SACHET 0.8GM,650.0,2024-10,482997.1,0.13
2024-10,MASALA & SEASONINGS,chilly flakes,chilly flakes 500gm,58.5,2024-10,482997.1,0.01
2024-10,MASALA & SEASONINGS,chilly flakes,chilly flakes sachet,-670.8,2024-10,482997.1,-0.14
2024-10,MASALA & SEASONINGS,herb mix,Herb Mix Masla,552.5,2024-10,482997.1,0.11
2024-10,MASALA & SEASONINGS,herb mix,Chettinad Mix,-1627.5,2024-10,482997.1,-0.34
2024-10,MASALA & SEASONINGS,mexican masala,Mexican Masala,996.0,2024-10,482997.1,0.21
2024-10,MASALA & SEASONINGS,mexican mix,mexican mix,954.5,2024-10,482997.1,0.2
2024-10,MASALA & SEASONINGS,oregano,OREGANO SACHET 0.8GM,1385.2,2024-10,482997.1,0.29
2024-10,MASALA & SEASONINGS,oregano,Oregano Sprinkler 500g,496.94000000000005,2024-10,482997.1,0.1
2024-10,MASALA & SEASONINGS,piri piri marinade,Grain spicy marinade,364.0,2024-10,482997.1,0.08
2024-10,MASALA & SEASONINGS,piri piri marinade,Piri Piri Marinade 1KG,163.63,2024-10,482997.1,0.03
2024-10,MASALA & SEASONINGS,salt,Salt,-42.0,2024-10,482997.1,-0.01
2024-10,MASALA & SEASONINGS,tandoori masala,Tandoori mix Masala,2488.5,2024-10,482997.1,0.52
2024-10,MEAT & POULTRY,boneless chicken,bonless chicken,20638.22,2024-10,482997.1,4.27
2024-10,MEAT & POULTRY,chicken burger pattis,Chicken burger pattis,0.0,2024-10,482997.1,0.0
2024-10,MEAT & POULTRY,chicken burger pattis,Veg burger pattis,0.0,2024-10,482997.1,0.0
2024-10,MEAT & POULTRY,chicken kheema,chicken kheema masala,975.0,2024-10,482997.1,0.2
2024-10,MEAT & POULTRY,chicken kheema,Chicken Kheema  Masala,-195.3,2024-10,482997.1,-0.04
2024-10,MEAT & POULTRY,chicken pepperoni,chicken pepperoni,-1124.5,2024-10,482997.1,-0.23
2024-10,MEAT & POULTRY,chicken salami,Zippy Chicken Salami,493.9200000000001,2024-10,482997.1,0.1
2024-10,MEAT & POULTRY,lamb pepperoni,Lamp Pepperoni,626.5,2024-10,482997.1,0.13
2024-10,MEAT & POULTRY,staff chicken,staff chicken,908.0,2024-10,482997.1,0.19
2024-10,MEAT & POULTRY,whole chicken,sumeru chicken pop corn,381.6,2024-10,482997.1,0.08
2024-10,OILS,mustard oil,Mustard Oil,-201.6,2024-10,482997.1,-0.04
2024-10,OILS,olive oil,habit olive oil,738.0,2024-10,482997.1,0.15
2024-10,OILS,palm oil,oil,1265.0,2024-10,482997.1,0.26
2024-10,OILS,palm oil,Palm Oil - Refined Oil,-287.5,2024-10,482997.1,-0.06
2024-10,PACKAGING MATERIALS,bio bag,bio cup,-150.0,2024-10,482997.1,-0.03
2024-10,PACKAGING MATERIALS,burger box,Mini Burger Box,510.0,2024-10,482997.1,0.11
2024-10,PACKAGING MATERIALS,french fries box,French Fries Box,716.9000000000001,2024-10,482997.1,0.15
2024-10,PACKAGING MATERIALS,garlic bread box,Garlic Bread Box,187.5,2024-10,482997.1,0.04
2024-10,PACKAGING MATERIALS,large pizza box,Large Pizza Box,1782.0,2024-10,482997.1,0.37
2024-10,PACKAGING MATERIALS,medium pizza box,Medium Pizza Box,3150.0,2024-10,482997.1,0.65
2024-10,PACKAGING MATERIALS,paper glass,Moktails Glass,1648.0,2024-10,482997.1,0.34
2024-10,PACKAGING MATERIALS,paper glass,Paper Glass,200.0,2024-10,482997.1,0.04
2024-10,PACKAGING MATERIALS,paper straw,Paper Straw Big,45.0,2024-10,482997.1,0.01
2024-10,PACKAGING MATERIALS,paper straw,Paper Straw Small,70.0,2024-10,482997.1,0.01
2024-10,PACKAGING MATERIALS,pasta container,Pasta Container Black,590.7,2024-10,482997.1,0.12
2024-10,PACKAGING MATERIALS,plastic cover,bio cover,-774.0,2024-10,482997.1,-0.16
2024-10,PACKAGING MATERIALS,regular pizza box,Regular Pizza Box,4097.0,2024-10,482997.1,0.85
2024-10,PACKAGING MATERIALS,salad bowl,Dip Bowl,240.0,2024-10,482997.1,0.05
2024-10,PACKAGING MATERIALS,salad bowl,Salad Bowl 500ml,136.95000000000005,2024-10,482997.1,0.03
2024-10,PACKAGING MATERIALS,salad bowl,Salad Bowl 250ml,-31.5,2024-10,482997.1,-0.01
2024-10,PACKAGING MATERIALS,tissue,Tissue,-36.0,2024-10,482997.1,-0.01
2024-10,PACKAGING MATERIALS,wooden fork,wooden fork,382.5,2024-10,482997.1,0.08
2024-10,PACKAGING MATERIALS,wooden spoon,Wooden Spoon,130.0,2024-10,482997.1,0.03
2024-10,PACKAGING MATERIALS,wooden spoon,wodden spoon,-585.0,2024-10,482997.1,-0.12
2024-10,SAUCES & SPREADS,chocolate sauce,Malas Chocolate Sauce 5 ltr,-1060.0,2024-10,482997.1,-0.22
2024-10,SAUCES & SPREADS,eggless mayonnaise,Veeba Eggless Mayonise Chef 1KG,1120.0,2024-10,482997.1,0.23
2024-10,SAUCES & SPREADS,garlic chilli spread,chilli garlic spread,648.0,2024-10,482997.1,0.13
2024-10,SAUCES & SPREADS,gouda flavoured dressing,Veeba Gouda Flavoured Dressing,905.3499999999995,2024-10,482997.1,0.19
2024-10,SAUCES & SPREADS,honey mustard dressing,Honey,195.2,2024-10,482997.1,0.04
2024-10,SAUCES & SPREADS,honey mustard dressing,Honey mustard dressing,213.0,2024-10,482997.1,0.04
2024-10,SAUCES & SPREADS,ketchup sachet,Veeba Ketchup Sachet,1519.2500000000002,2024-10,482997.1,0.31
2024-10,SAUCES & SPREADS,makhani gravy,Veeba Makhani Gravy 1KG,840.0,2024-10,482997.1,0.17
2024-10,SAUCES & SPREADS,makhani gravy,makhni gravy,-420.0,2024-10,482997.1,-0.09
2024-10,SAUCES & SPREADS,pizza sauce,Veeba Pasta & Pizza Sauce 1KG,2571.5200000000004,2024-10,482997.1,0.53
2024-10,SAUCES & SPREADS,pizza sauce,pizza sauce,600.0,2024-10,482997.1,0.12
2024-10,SAUCES & SPREADS,pizza sauce,Pizza sauce premix,-357.5,2024-10,482997.1,-0.07
2024-10,SAUCES & SPREADS,schezwan sauce,Schezwan sauce,182.0,2024-10,482997.1,0.04
2024-10,SAUCES & SPREADS,tandoori mayonnaise,Tandoori Tikka Marinade 500Grm,2300.0,2024-10,482997.1,0.48
2024-10,SAUCES & SPREADS,tandoori spread,Veeba Tandoori Spread-1kg,-1302.0,2024-10,482997.1,-0.27
2024-10,SAUCES & SPREADS,thousand island dressing,Veeba ThousandIsland Dressing 1KG,187.60000000000002,2024-10,482997.1,0.04
2024-10,SAUCES & SPREADS,tomato ketchup,Veeba T. Ketchup 1.2KG,525.0,2024-10,482997.1,0.11
2024-10,STATIONERY & MISC,pad lock,Pad Lock,368.01,2024-10,482997.1,0.08
2024-10,STATIONERY & MISC,pen,HABIT JALAPENO SLICES 2.9 KG,1022.6800000000001,2024-10,482997.1,0.21
2024-10,STATIONERY & MISC,pen,Puramate Pasta-Penne Rigatte 500g,816.0,2024-10,482997.1,0.17
2024-10,UNMAPPED,UNMAPPED,grocery,22998.95,2024-10,482997.1,4.76
2024-10,UNMAPPED,UNMAPPED,vegetables,9816.5,2024-10,482997.1,2.03
2024-10,UNMAPPED,UNMAPPED,eng veg,3447.01,2024-10,482997.1,0.71
2024-10,UNMAPPED,UNMAPPED,veg,2109.0,2024-10,482997.1,0.44
2024-10,UNMAPPED,UNMAPPED,black olive slice Habit,1953.84,2024-10,482997.1,0.4
2024-10,UNMAPPED,UNMAPPED,Sumeru Nuggets Premium 1Kg,1565.0,2024-10,482997.1,0.32
2024-10,UNMAPPED,UNMAPPED,bio covers,1080.0,2024-10,482997.1,0.22
2024-10,UNMAPPED,UNMAPPED,Mango Crush Sauce 750ml Malas,882.1700000000001,2024-10,482997.1,0.18
2024-10,UNMAPPED,UNMAPPED,ice cube/80,400.0,2024-10,482997.1,0.08
2024-10,UNMAPPED,UNMAPPED,Grain mild breading,225.12,2024-10,482997.1,0.05
2024-10,UNMAPPED,UNMAPPED,egg 6,240.0,2024-10,482997.1,0.05
2024-10,UNMAPPED,UNMAPPED,Puramate Pasta-Gomiti Rigate - macroni - 500g,163.2,2024-10,482997.1,0.03
2024-10,UNMAPPED,UNMAPPED,egg-6.50,65.0,2024-10,482997.1,0.01
2024-10,UNMAPPED,UNMAPPED,payar,30.0,2024-10,482997.1,0.01
2024-10,UNMAPPED,UNMAPPED,Green Peas,0.0,2024-10,482997.1,0.0
2024-10,UNMAPPED,UNMAPPED,Mayonise premium,0.0,2024-10,482997.1,0.0
2024-10,UNMAPPED,UNMAPPED,ice cube,-90.0,2024-10,482997.1,-0.02
2024-10,UNMAPPED,UNMAPPED,red paprika habit,-79.60000000000002,2024-10,482997.1,-0.02
2024-10,UNMAPPED,UNMAPPED,nuggets sumeru,-532.1,2024-10,482997.1,-0.11
2024-10,UNMAPPED,UNMAPPED,KOT Printing Rolls,-918.0,2024-10,482997.1,-0.19
2024-10,UTILITIES & EXPENSES,lpg gas,Gas-LPG-HPCL,16910.0,2024-10,482997.1,3.5
2024-10,VEGETABLES,baby corn,habit baby corn,490.0,2024-10,482997.1,0.1
2024-10,VEGETABLES,capsicum,capsicum,352.0,2024-10,482997.1,0.07
2024-10,VEGETABLES,cucumber,Cucumber-veg,20.0,2024-10,482997.1,0.0
2024-10,VEGETABLES,fresh basil,Puramate Basil 250g Pouch,390.0,2024-10,482997.1,0.08
2024-10,VEGETABLES,fresh basil,BASIL,-272.0,2024-10,482997.1,-0.06
2024-10,VEGETABLES,garlic,garlic,1410.0,2024-10,482997.1,0.29
2024-10,VEGETABLES,garlic,Garlic-Veg,780.0,2024-10,482997.1,0.16
2024-10,VEGETABLES,garlic,chilly garlic spread,-486.0,2024-10,482997.1,-0.1
2024-10,VEGETABLES,mint,mint,18.0,2024-10,482997.1,0.0
2024-10,VEGETABLES,mushroom,G.Crown Mushroom Slice 800g,3765.0,2024-10,482997.1,0.78
2024-10,VEGETABLES,tomato,hybrid tomato,700.0,2024-10,482997.1,0.14
2024-10,VEGETABLES,tomato,tomato,65.0,2024-10,482997.1,0.01
2024-09,BAKERY & PREMIX,bread premix,Bread Premix,312.0,2024-09,441945.6,0.07
2024-09,BAKERY & PREMIX,brownie,Brownie,770.0,2024-09,441945.6,0.17
2024-09,BAKERY & PREMIX,pizza premix,Pizza Premix,3840.0,2024-09,441945.6,0.87
2024-09,BEVERAGES,7up,7up 600ml,2853.54,2024-09,441945.6,0.65
2024-09,BEVERAGES,7up,7UP 1250ml Pet,1507.5000000000002,2024-09,441945.6,0.34
2024-09,BEVERAGES,7up,7up 250ml Pet,927.5,2024-09,441945.6,0.21
2024-09,BEVERAGES,aqua fina,Aqua Fina Mineral Water 1Ltr,200.56,2024-09,441945.6,0.05
2024-09,BEVERAGES,blue occean syrup,DVC BLUE OCCEAN FLV SYRUP 750ML,405.9200000000001,2024-09,441945.6,0.09
2024-09,BEVERAGES,bubblegum syrup,DVC Bubblegum Syrup Syrup 750 ml,0.0,2024-09,441945.6,0.0
2024-09,BEVERAGES,cucumber syrup,DVC Cucumber Syrup 750 ml,53.0,2024-09,441945.6,0.01
2024-09,BEVERAGES,dew,Dew 250ml Pet,910.0,2024-09,441945.6,0.21
2024-09,BEVERAGES,dew,Dew 750ml Pet,542.5,2024-09,441945.6,0.12
2024-09,BEVERAGES,dew,Dew 600 ml,378.07,2024-09,441945.6,0.09
2024-09,BEVERAGES,dew,Dew 250ml Can,240.0,2024-09,441945.6,0.05
2024-09,BEVERAGES,dew,Dew 330 ml can,-34.289999999999964,2024-09,441945.6,-0.01
2024-09,BEVERAGES,lehar soda,Lehar Soda,625.48,2024-09,441945.6,0.14
2024-09,BEVERAGES,mirinda,Mirinda 750ml pet,137.52,2024-09,441945.6,0.03
2024-09,BEVERAGES,mixed berry syrup,DVC Mixed Berry Beverage Blend Syrup 750 ml,0.0,2024-09,441945.6,0.0
2024-09,BEVERAGES,mojito mint,DVC MOJITO MINT 750ML,1116.2800000000002,2024-09,441945.6,0.25
2024-09,BEVERAGES,passion fruit syrup,DVC Passion Fruit 750ML,1522.2,2024-09,441945.6,0.34
2024-09,BEVERAGES,passion fruit syrup,DVC PASSION FRUIT FLV SYRUP 750ML,-913.32,2024-09,441945.6,-0.21
2024-09,BEVERAGES,peach syrup,DVC Peach GardenSyrup 750 ml,159.0,2024-09,441945.6,0.04
2024-09,BEVERAGES,pepsi,pepsi 600 ml,2750.3999999999996,2024-09,441945.6,0.62
2024-09,BEVERAGES,pepsi,Pepsi 250ml Pet,2117.5,2024-09,441945.6,0.48
2024-09,BEVERAGES,pepsi,Pepsi 1250ml Pet,1206.0000000000002,2024-09,441945.6,0.27
2024-09,BEVERAGES,pepsi,pepsi can 330ml,137.16000000000008,2024-09,441945.6,0.03
2024-09,BEVERAGES,slice mango,slice 350 ml,590.76,2024-09,441945.6,0.13
2024-09,BEVERAGES,slice mango,Slice Mango 600ml pet,396.99,2024-09,441945.6,0.09
2024-09,BEVERAGES,slice mango,Slice Mango 200ml pet,0.0,2024-09,441945.6,0.0
2024-09,BEVERAGES,strawberry syrup,DVC Strawberry Syrup 750 ml,405.9200000000001,2024-09,441945.6,0.09
2024-09,BEVERAGES,strawberry syrup,straw,80.0,2024-09,441945.6,0.02
2024-09,BEVERAGES,strawberry syrup,Strawberry sause 750,-114.4,2024-09,441945.6,-0.03
2024-09,BEVERAGES,water 20l,water melon,120.0,2024-09,441945.6,0.03
2024-09,CHEESE & DAIRY,butter,butter,1710.0,2024-09,441945.6,0.39
2024-09,CHEESE & DAIRY,butter,Butter Scotch Ice-cream,541.0999999999999,2024-09,441945.6,0.12
2024-09,CHEESE & DAIRY,butter,malas butterscotch crush,0.0,2024-09,441945.6,0.0
2024-09,CHEESE & DAIRY,butter,Paneer Tikka Butter Masala,-225.0,2024-09,441945.6,-0.05
2024-09,CHEESE & DAIRY,colby cheese,colby cheese 1 kg,317.24,2024-09,441945.6,0.07
2024-09,CHEESE & DAIRY,diced mozzarella,dynamic diced mozerella,26350.0,2024-09,441945.6,5.96
2024-09,CHEESE & DAIRY,diced mozzarella,amul diced mozzrella,3060.0,2024-09,441945.6,0.69
2024-09,CHEESE & DAIRY,fresh cream,Chocolate Ice-cream 4ltr,3100.8,2024-09,441945.6,0.7
2024-09,CHEESE & DAIRY,fresh cream,Vanilla Ice-cream 4ltr,2393.6,2024-09,441945.6,0.54
2024-09,CHEESE & DAIRY,fresh cream,Richs versatie cream,1604.8,2024-09,441945.6,0.36
2024-09,CHEESE & DAIRY,fresh cream,Strawberry-Ice cream,-566.1,2024-09,441945.6,-0.13
2024-09,CHEESE & DAIRY,fresh cream,Vanilla Ice-cream,-707.2,2024-09,441945.6,-0.16
2024-09,CHEESE & DAIRY,fresh cream,Chocolate Ice-cream,-2233.0,2024-09,441945.6,-0.51
2024-09,CHEESE & DAIRY,milk,milk 26,1456.0,2024-09,441945.6,0.33
2024-09,CHEESE & DAIRY,milk,milk 28 milma,168.0,2024-09,441945.6,0.04
2024-09,CHEESE & DAIRY,milk,milk,0.0,2024-09,441945.6,0.0
2024-09,CHEESE & DAIRY,monterey jack,GO-Monterey Jack Cheese-2kg,366.0,2024-09,441945.6,0.08
2024-09,CHEESE & DAIRY,orange cheddar,dynamic cheddar block,768.95,2024-09,441945.6,0.17
2024-09,CHEESE & DAIRY,paneer,Paneer tikka masala,937.5,2024-09,441945.6,0.21
2024-09,CHEESE & DAIRY,paneer,Paneer,870.0,2024-09,441945.6,0.2
2024-09,CHEESE & DAIRY,processed cheese,Processed cheese block,1355.0,2024-09,441945.6,0.31
2024-09,CLEANING SUPPLIES,ant powder,tandoori tikka powder,-287.5,2024-09,441945.6,-0.07
2024-09,"FLOUR, GRAINS & DRY GOODS",atta,atta,495.0,2024-09,441945.6,0.11
2024-09,"FLOUR, GRAINS & DRY GOODS",corn meal,Corn Meal - Chola Rava,109.5,2024-09,441945.6,0.02
2024-09,"FLOUR, GRAINS & DRY GOODS",corn meal,Corn Meal - MAKKA RAVA,-47.0,2024-09,441945.6,-0.01
2024-09,"FLOUR, GRAINS & DRY GOODS",dry yeast,Dried Yeast,1019.94,2024-09,441945.6,0.23
2024-09,"FLOUR, GRAINS & DRY GOODS",maida,maida prince,1325.1,2024-09,441945.6,0.3
2024-09,"FLOUR, GRAINS & DRY GOODS",maida,maida,-217.0,2024-09,441945.6,-0.05
2024-09,"FLOUR, GRAINS & DRY GOODS",masoor dal,masoor dal,180.0,2024-09,441945.6,0.04
2024-09,"FLOUR, GRAINS & DRY GOODS",rice,staff rice 26kg,-480.0,2024-09,441945.6,-0.11
2024-09,"FLOUR, GRAINS & DRY GOODS",sugar,sugar,90.0,2024-09,441945.6,0.02
2024-09,"FLOUR, GRAINS & DRY GOODS",tea,AVT Premium Tea,75.0,2024-09,441945.6,0.02
2024-09,FROZEN ITEMS,fish finger,fish finger,59.47000000000003,2024-09,441945.6,0.01
2024-09,FROZEN ITEMS,french fries,french fry hungritos 2.5kg,4510.639999999999,2024-09,441945.6,1.02
2024-09,FROZEN ITEMS,french fries,French Fries 6mm-Funwave 2.5 kg,1525.0,2024-09,441945.6,0.35
2024-09,FROZEN ITEMS,frozen sweet corn,Frozen Sweet Corn-Pal Fresh,584.0,2024-09,441945.6,0.13
2024-09,FROZEN ITEMS,potato wedges,potato wedges,557.7600000000001,2024-09,441945.6,0.13
2024-09,FRUITS,apple,DVC Green Apple 750 ML,405.9200000000001,2024-09,441945.6,0.09
2024-09,FRUITS,chicku pulp,Berry Fresh Chicku Pulp 2kg,1120.0,2024-09,441945.6,0.25
2024-09,FRUITS,chicku pulp,Berry Fresh Chicku Pulp,980.0,2024-09,441945.6,0.22
2024-09,FRUITS,pineapple,Pineapple-Veg,330.0,2024-09,441945.6,0.07
2024-09,FRUITS,pineapple,Pineapple slice-Tajir Habit-850g,110.25,2024-09,441945.6,0.02
2024-09,FRUITS,tender coconut pulp,Berry Fresh Tender Coconut Pulp 2kg,740.0,2024-09,441945.6,0.17
2024-09,FRUITS,tender coconut pulp,Berry Fresh Tender Coconut Pulp,-468.0,2024-09,441945.6,-0.11
2024-09,FRUITS,watermelon,DVC Watermelon Syrup 750 ml,152.22000000000003,2024-09,441945.6,0.03
2024-09,FRUITS,watermelon,watermelon,120.0,2024-09,441945.6,0.03
2024-09,KITCHEN EQUIPMENT & UTENSILS,tripod,Tripod,740.0,2024-09,441945.6,0.17
2024-09,MASALA & SEASONINGS,aromat seasoning,Aromat Seasoning Powder,68.8,2024-09,441945.6,0.02
2024-09,MASALA & SEASONINGS,bbq mix,bbq mix,1674.0,2024-09,441945.6,0.38
2024-09,MASALA & SEASONINGS,chilli flakes,Chilli Flakes-Tasty Pixel-Veeba-Sachet-0.8g,-264.6,2024-09,441945.6,-0.06
2024-09,MASALA & SEASONINGS,chilly flakes,CHILLY FLAKES SACHET 0.8GM,650.0,2024-09,441945.6,0.15
2024-09,MASALA & SEASONINGS,chilly flakes,chilly flakes sachet,395.71999999999997,2024-09,441945.6,0.09
2024-09,MASALA & SEASONINGS,chilly flakes,chilly flakes 500gm,0.0,2024-09,441945.6,0.0
2024-09,MASALA & SEASONINGS,herb mix,Herb Mix Masla,595.0,2024-09,441945.6,0.13
2024-09,MASALA & SEASONINGS,herb mix,Chettinad Mix,0.0,2024-09,441945.6,0.0
2024-09,MASALA & SEASONINGS,mexican masala,Mexican Masala,-996.0,2024-09,441945.6,-0.23
2024-09,MASALA & SEASONINGS,mexican mix,mexican mix,2075.0,2024-09,441945.6,0.47
2024-09,MASALA & SEASONINGS,oregano,OREGANO SACHET 0.8GM,742.79,2024-09,441945.6,0.17
2024-09,MASALA & SEASONINGS,oregano,Oregano Sprinkler 500g,665.84,2024-09,441945.6,0.15
2024-09,MASALA & SEASONINGS,piri piri marinade,Piri Piri Marinade 1KG,233.74,2024-09,441945.6,0.05
2024-09,MASALA & SEASONINGS,tandoori masala,Tandoori mix Masala,395.0,2024-09,441945.6,0.09
2024-09,MEAT & POULTRY,boneless chicken,bonless chicken,13383.07,2024-09,441945.6,3.03
2024-09,MEAT & POULTRY,chicken kheema,chicken kheema masala,195.0,2024-09,441945.6,0.04
2024-09,MEAT & POULTRY,chicken pepperoni,chicken pepperoni,432.5,2024-09,441945.6,0.1
2024-09,MEAT & POULTRY,chicken popcorn,chicken popcorn,626.0,2024-09,441945.6,0.14
2024-09,MEAT & POULTRY,chicken salami,Zippy Chicken Salami,329.28000000000003,2024-09,441945.6,0.07
2024-09,MEAT & POULTRY,lamb pepperoni,Lamp Pepperoni,0.0,2024-09,441945.6,0.0
2024-09,MEAT & POULTRY,staff chicken,staff chicken,600.0,2024-09,441945.6,0.14
2024-09,MEAT & POULTRY,whole chicken,sumeru chicken pop corn,0.0,2024-09,441945.6,0.0
2024-09,OILS,mustard oil,Mustard Oil,216.0,2024-09,441945.6,0.05
2024-09,OILS,olive oil,habit olive oil,369.0,2024-09,441945.6,0.08
2024-09,OILS,palm oil,Palm Oil - Refined Oil,1527.5,2024-09,441945.6,0.35
2024-09,PACKAGING MATERIALS,bio bag,bio cup,100.0,2024-09,441945.6,0.02
2024-09,PACKAGING MATERIALS,burger box,Mini Burger Box,405.0,2024-09,441945.6,0.09
2024-09,PACKAGING MATERIALS,french fries box,French Fries Box,486.85,2024-09,441945.6,0.11
2024-09,PACKAGING MATERIALS,garlic bread box,Garlic Bread Box,630.0,2024-09,441945.6,0.14
2024-09,PACKAGING MATERIALS,large pizza box,Large Pizza Box,1707.75,2024-09,441945.6,0.39
2024-09,PACKAGING MATERIALS,medium pizza box,Medium Pizza Box,2500.0,2024-09,441945.6,0.57
2024-09,PACKAGING MATERIALS,paper bag,paper bags regular,330.0,2024-09,441945.6,0.07
2024-09,PACKAGING MATERIALS,paper glass,Moktails Glass,688.0,2024-09,441945.6,0.16
2024-09,PACKAGING MATERIALS,paper glass,Paper Glass,-56.0,2024-09,441945.6,-0.01
2024-09,PACKAGING MATERIALS,paper straw,Paper Straw Big,-45.0,2024-09,441945.6,-0.01
2024-09,PACKAGING MATERIALS,paper straw,Paper Straw Small,-70.0,2024-09,441945.6,-0.02
2024-09,PACKAGING MATERIALS,pasta container,Pasta Container Black,1646.8000000000002,2024-09,441945.6,0.37
2024-09,PACKAGING MATERIALS,plastic cover,bio cover,540.0,2024-09,441945.6,0.12
2024-09,PACKAGING MATERIALS,regular pizza box,Regular Pizza Box,3442.5,2024-09,441945.6,0.78
2024-09,PACKAGING MATERIALS,salad bowl,Salad Bowl 250ml,288.75,2024-09,441945.6,0.07
2024-09,PACKAGING MATERIALS,salad bowl,Salad Bowl 500ml,294.0,2024-09,441945.6,0.07
2024-09,PACKAGING MATERIALS,salad bowl,Dip Bowl,20.0,2024-09,441945.6,0.0
2024-09,PACKAGING MATERIALS,tissue,Tissue,162.0,2024-09,441945.6,0.04
2024-09,PACKAGING MATERIALS,tooth pick,Tooth Pick,20.0,2024-09,441945.6,0.0
2024-09,PACKAGING MATERIALS,wooden fork,wooden fork,-42.5,2024-09,441945.6,-0.01
2024-09,PACKAGING MATERIALS,wooden spoon,wodden spoon,187.23,2024-09,441945.6,0.04
2024-09,PACKAGING MATERIALS,wooden spoon,Wooden Spoon,0.0,2024-09,441945.6,0.0
2024-09,SAUCES & SPREADS,chocolate sauce,Malas Chocolate Sauce 5 ltr,1060.0,2024-09,441945.6,0.24
2024-09,SAUCES & SPREADS,eggless mayonnaise,Veeba Eggless Mayonise Chef 1KG,1120.0,2024-09,441945.6,0.25
2024-09,SAUCES & SPREADS,garlic chilli spread,chilli garlic spread,-648.0,2024-09,441945.6,-0.15
2024-09,SAUCES & SPREADS,gouda flavoured dressing,Veeba Gouda Flavoured Dressing,-905.3499999999995,2024-09,441945.6,-0.2
2024-09,SAUCES & SPREADS,honey mustard dressing,Honey,-122.0,2024-09,441945.6,-0.03
2024-09,SAUCES & SPREADS,ketchup sachet,Veeba Ketchup Sachet,3542.38,2024-09,441945.6,0.8
2024-09,SAUCES & SPREADS,makhani gravy,makhni gravy,420.0,2024-09,441945.6,0.1
2024-09,SAUCES & SPREADS,pasta sauce,veeba pizza pasta sauce,6979.46,2024-09,441945.6,1.58
2024-09,SAUCES & SPREADS,pizza sauce,pizza sauce,600.0,2024-09,441945.6,0.14
2024-09,SAUCES & SPREADS,pizza sauce,Pizza sauce premix,520.0,2024-09,441945.6,0.12
2024-09,SAUCES & SPREADS,pizza sauce,Veeba Pasta & Pizza Sauce 1KG,-2571.5200000000004,2024-09,441945.6,-0.58
2024-09,SAUCES & SPREADS,schezwan sauce,Schezwan sauce,182.0,2024-09,441945.6,0.04
2024-09,SAUCES & SPREADS,tandoori mayonnaise,Tandoori Tikka Marinade 500Grm,-1840.0,2024-09,441945.6,-0.42
2024-09,SAUCES & SPREADS,tandoori spread,Veeba Tandoori Spread-1kg,434.0,2024-09,441945.6,0.1
2024-09,SAUCES & SPREADS,thousand island dressing,Veeba ThousandIsland Dressing 1KG,0.0,2024-09,441945.6,0.0
2024-09,SAUCES & SPREADS,tomato ketchup,Veeba T. Ketchup 1.2KG,315.0,2024-09,441945.6,0.07
2024-09,SAUCES & SPREADS,tomato ketchup,tomato ketchup,105.0,2024-09,441945.6,0.02
2024-09,STATIONERY & MISC,pen,HABIT JALAPENO SLICES 2.9 KG,843.0,2024-09,441945.6,0.19
2024-09,STATIONERY & MISC,pen,Puramate Pasta-Penne Rigatte 500g,748.0,2024-09,441945.6,0.17
2024-09,STATIONERY & MISC,tape,cello tape,230.0,2024-09,441945.6,0.05
2024-09,UNMAPPED,UNMAPPED,grocery,25022.940000000002,2024-09,441945.6,5.66
2024-09,UNMAPPED,UNMAPPED,veg,8637.96,2024-09,441945.6,1.95
2024-09,UNMAPPED,UNMAPPED,eng veg,1639.0000000000002,2024-09,441945.6,0.37
2024-09,UNMAPPED,UNMAPPED,nuggets sumeru,1565.0,2024-09,441945.6,0.35
2024-09,UNMAPPED,UNMAPPED,black olive slice Habit,968.5199999999998,2024-09,441945.6,0.22
2024-09,UNMAPPED,UNMAPPED,red paprica 680gm,730.24,2024-09,441945.6,0.17
2024-09,UNMAPPED,UNMAPPED,fruits,345.0,2024-09,441945.6,0.08
2024-09,UNMAPPED,UNMAPPED,Puramate Pasta-Gomiti Rigate - macroni - 500g,244.8,2024-09,441945.6,0.06
2024-09,UNMAPPED,UNMAPPED,egg 6,240.0,2024-09,441945.6,0.05
2024-09,UNMAPPED,UNMAPPED,Mango Crush Sauce 750ml Malas,168.02999999999997,2024-09,441945.6,0.04
2024-09,UNMAPPED,UNMAPPED,ice cube,180.0,2024-09,441945.6,0.04
2024-09,UNMAPPED,UNMAPPED,bio covers,90.0,2024-09,441945.6,0.02
2024-09,UNMAPPED,UNMAPPED,egg 7,70.0,2024-09,441945.6,0.02
2024-09,UNMAPPED,UNMAPPED,ice cube/80,80.0,2024-09,441945.6,0.02
2024-09,UNMAPPED,UNMAPPED,Green Peas,46.5,2024-09,441945.6,0.01
2024-09,UNMAPPED,UNMAPPED,egg-6.50,26.0,2024-09,441945.6,0.01
2024-09,UNMAPPED,UNMAPPED,red paprika habit,-119.39999999999998,2024-09,441945.6,-0.03
2024-09,UNMAPPED,UNMAPPED,KOT Printing Rolls,-702.0,2024-09,441945.6,-0.16
2024-09,UTILITIES & EXPENSES,lpg gas,Gas-LPG-HPCL,7650.0,2024-09,441945.6,1.73
2024-09,VEGETABLES,baby corn,habit baby corn,196.0,2024-09,441945.6,0.04
2024-09,VEGETABLES,bitter gourd,bottle gourd,37.0,2024-09,441945.6,0.01
2024-09,VEGETABLES,capsicum,capsicum,78.0,2024-09,441945.6,0.02
2024-09,VEGETABLES,fresh basil,Puramate Basil 250g Pouch,0.0,2024-09,441945.6,0.0
2024-09,VEGETABLES,garlic,garlic,1320.0,2024-09,441945.6,0.3
2024-09,VEGETABLES,garlic,chilly garlic spread,972.0,2024-09,441945.6,0.22
2024-09,VEGETABLES,mushroom,G.Crown Mushroom Slice 800g,3069.0,2024-09,441945.6,0.69
2024-09,VEGETABLES,tomato,hybrid tomato,390.0,2024-09,441945.6,0.09
2024-08,BAKERY & PREMIX,bread premix,Bread Premix,312.0,2024-08,498293.25,0.06
2024-08,BAKERY & PREMIX,brownie,Brownie,1540.0,2024-08,498293.25,0.31
2024-08,BAKERY & PREMIX,pizza premix,Pizza Premix,3840.0,2024-08,498293.25,0.77
2024-08,BEVERAGES,7up,7UP 750ml Pet,2015.0,2024-08,498293.25,0.4
2024-08,BEVERAGES,7up,7UP 1250ml Pet,1748.7000000000003,2024-08,498293.25,0.35
2024-08,BEVERAGES,7up,7up 250ml Pet,1330.0,2024-08,498293.25,0.27
2024-08,BEVERAGES,7up,7up 250ml Can,90.0,2024-08,498293.25,0.02
2024-08,BEVERAGES,7up,7up 600ml,-446.94,2024-08,498293.25,-0.09
2024-08,BEVERAGES,aqua fina,Aqua Fina Mineral Water 1Ltr,266.0,2024-08,498293.25,0.05
2024-08,BEVERAGES,blue occean syrup,DVC BLUE OCCEAN FLV SYRUP 750ML,558.1399999999999,2024-08,498293.25,0.11
2024-08,BEVERAGES,bubblegum syrup,DVC Bubblegum Syrup Syrup 750 ml,50.74000000000001,2024-08,498293.25,0.01
2024-08,BEVERAGES,cucumber syrup,DVC Cucumber Syrup 750 ml,0.0,2024-08,498293.25,0.0
2024-08,BEVERAGES,dew,Dew 750ml Pet,503.75,2024-08,498293.25,0.1
2024-08,BEVERAGES,dew,Dew 250ml Pet,455.0,2024-08,498293.25,0.09
2024-08,BEVERAGES,dew,Dew 250ml Can,390.0,2024-08,498293.25,0.08
2024-08,BEVERAGES,lehar soda,Lehar Soda,740.6999999999999,2024-08,498293.25,0.15
2024-08,BEVERAGES,mirinda,Mirinda 250ml pet,420.0,2024-08,498293.25,0.08
2024-08,BEVERAGES,mirinda,Mirinda 750ml pet,103.13999999999999,2024-08,498293.25,0.02
2024-08,BEVERAGES,mixed berry syrup,DVC Mixed Berry Beverage Blend Syrup 750 ml,165.5999999999999,2024-08,498293.25,0.03
2024-08,BEVERAGES,mojito mint,DVC MOJITO MINT 750ML,-507.4,2024-08,498293.25,-0.1
2024-08,BEVERAGES,passion fruit syrup,DVC PASSION FRUIT FLV SYRUP 750ML,2074.8,2024-08,498293.25,0.42
2024-08,BEVERAGES,passion fruit syrup,DVC Passion Fruit 750ML,-1522.2,2024-08,498293.25,-0.31
2024-08,BEVERAGES,peach syrup,DVC Peach Garden Syrup Syrup 750 ml,488.52,2024-08,498293.25,0.1
2024-08,BEVERAGES,peach syrup,DVC Peach GardenSyrup 750 ml,-636.0,2024-08,498293.25,-0.13
2024-08,BEVERAGES,pepsi,pepsi 600 ml,2406.6,2024-08,498293.25,0.48
2024-08,BEVERAGES,pepsi,Pepsi 250ml Pet,1942.5,2024-08,498293.25,0.39
2024-08,BEVERAGES,pepsi,Pepsi 750ml Pet,1240.0,2024-08,498293.25,0.25
2024-08,BEVERAGES,pepsi,Pepsi 1250ml Pet,964.8,2024-08,498293.25,0.19
2024-08,BEVERAGES,pepsi,pepsi can 330ml,822.96,2024-08,498293.25,0.17
2024-08,BEVERAGES,slice mango,slice 350ml,656.4,2024-08,498293.25,0.13
2024-08,BEVERAGES,slice mango,Slice Mango 600ml pet,288.7199999999999,2024-08,498293.25,0.06
2024-08,BEVERAGES,slice mango,slice 350 ml,-393.84000000000003,2024-08,498293.25,-0.08
2024-08,BEVERAGES,strawberry syrup,DVC Strawberry Syrup Syrup 750 ml,1123.6,2024-08,498293.25,0.23
2024-08,BEVERAGES,strawberry syrup,straw,-80.0,2024-08,498293.25,-0.02
2024-08,BEVERAGES,strawberry syrup,DVC Strawberry Syrup 750 ml,-913.32,2024-08,498293.25,-0.18
2024-08,BEVERAGES,tropicana guava,Tropicana Guava Delight,582.24,2024-08,498293.25,0.12
2024-08,CHEESE & DAIRY,butter,butter,1786.0,2024-08,498293.25,0.36
2024-08,CHEESE & DAIRY,butter,Butter Scotch Sauce 750ml,14.3,2024-08,498293.25,0.0
2024-08,CHEESE & DAIRY,butter,malas butterscotch crush,0.0,2024-08,498293.25,0.0
2024-08,CHEESE & DAIRY,butter,Butter Scotch Ice-cream,-386.5,2024-08,498293.25,-0.08
2024-08,CHEESE & DAIRY,cheddar cheese,dynamix shredded cheese,12750.0,2024-08,498293.25,2.56
2024-08,CHEESE & DAIRY,colby cheese,colby cheese 1 kg,126.89999999999998,2024-08,498293.25,0.03
2024-08,CHEESE & DAIRY,diced mozzarella,dynamic diced mozerella,18718.4,2024-08,498293.25,3.76
2024-08,CHEESE & DAIRY,fresh cream,Richs versatie cream,2005.9999999999995,2024-08,498293.25,0.4
2024-08,CHEESE & DAIRY,fresh cream,Chocolate Ice-cream,770.0,2024-08,498293.25,0.15
2024-08,CHEESE & DAIRY,fresh cream,Strawberry-Ice cream,251.60000000000002,2024-08,498293.25,0.05
2024-08,CHEESE & DAIRY,fresh cream,Vanilla Ice-cream 4ltr,-489.5999999999999,2024-08,498293.25,-0.1
2024-08,CHEESE & DAIRY,fresh cream,Chocolate Ice-cream 4ltr,-652.8,2024-08,498293.25,-0.13
2024-08,CHEESE & DAIRY,milk,Milkymist Cheese BLock 1KG,1100.0,2024-08,498293.25,0.22
2024-08,CHEESE & DAIRY,milk,milk 26,676.0,2024-08,498293.25,0.14
2024-08,CHEESE & DAIRY,milk,milk,450.0,2024-08,498293.25,0.09
2024-08,CHEESE & DAIRY,monterey jack,GO-Monterey Jack Cheese-2kg,-61.0,2024-08,498293.25,-0.01
2024-08,CHEESE & DAIRY,orange cheddar,dynamic cheddar block,295.75,2024-08,498293.25,0.06
2024-08,CHEESE & DAIRY,paneer,Paneer,580.0,2024-08,498293.25,0.12
2024-08,CHEESE & DAIRY,paneer,paneer,580.0,2024-08,498293.25,0.12
2024-08,CHEESE & DAIRY,paneer,Paneer tikka masala,-75.0,2024-08,498293.25,-0.02
2024-08,CHEESE & DAIRY,processed cheese,Processed cheese block,275.0,2024-08,498293.25,0.06
2024-08,CLEANING SUPPLIES,ant powder,tandoori tikka powder,920.0,2024-08,498293.25,0.18
2024-08,CLEANING SUPPLIES,floor cleaning liquid,Floor Cleaning Liquid Soad,220.0,2024-08,498293.25,0.04
2024-08,"FLOUR, GRAINS & DRY GOODS",atta,atta,-245.0,2024-08,498293.25,-0.05
2024-08,"FLOUR, GRAINS & DRY GOODS",corn meal,Corn Meal - Chola Rava,109.5,2024-08,498293.25,0.02
2024-08,"FLOUR, GRAINS & DRY GOODS",corn meal,Corn Meal - MAKKA RAVA,32.9,2024-08,498293.25,0.01
2024-08,"FLOUR, GRAINS & DRY GOODS",dry yeast,Dried Yeast,-1019.94,2024-08,498293.25,-0.2
2024-08,"FLOUR, GRAINS & DRY GOODS",maida,maida 30kg,2620.2,2024-08,498293.25,0.53
2024-08,"FLOUR, GRAINS & DRY GOODS",maida,maida,868.0,2024-08,498293.25,0.17
2024-08,"FLOUR, GRAINS & DRY GOODS",rice,staff rice,657.0,2024-08,498293.25,0.13
2024-08,FROZEN ITEMS,fish finger,fish finger,297.36,2024-08,498293.25,0.06
2024-08,FROZEN ITEMS,french fries,french fry hungritos 2.5kg,6967.68,2024-08,498293.25,1.4
2024-08,FROZEN ITEMS,frozen sweet corn,Frozen Sweet Corn-Pal Fresh,775.0,2024-08,498293.25,0.16
2024-08,FROZEN ITEMS,frozen sweet corn,Frozen Sweet Corn,420.0,2024-08,498293.25,0.08
2024-08,FROZEN ITEMS,potato pops,POTATO POPS,202.67,2024-08,498293.25,0.04
2024-08,FROZEN ITEMS,potato wedges,Mc Cain Potato Wedges 2.5kg,390.43,2024-08,498293.25,0.08
2024-08,FROZEN ITEMS,potato wedges,potato wedges,371.84000000000003,2024-08,498293.25,0.07
2024-08,FRUITS,apple,DVC Green Apple 750 ML,456.6600000000001,2024-08,498293.25,0.09
2024-08,FRUITS,chicku pulp,Berry Fresh Chicku Pulp,1120.0,2024-08,498293.25,0.22
2024-08,FRUITS,pineapple,Pineapple-Veg,177.99,2024-08,498293.25,0.04
2024-08,FRUITS,pineapple,Pineapple slice-Tajir Habit-850g,0.0,2024-08,498293.25,0.0
2024-08,FRUITS,tender coconut pulp,Berry Fresh Tender Coconut Pulp,1800.0,2024-08,498293.25,0.36
2024-08,FRUITS,watermelon,DVC Watermelon Syrup 750 ml,152.22000000000003,2024-08,498293.25,0.03
2024-08,KITCHEN EQUIPMENT & UTENSILS,tripod,Tripod,0.0,2024-08,498293.25,0.0
2024-08,MASALA & SEASONINGS,aromat seasoning,Aromat Seasoning Powder,103.2,2024-08,498293.25,0.02
2024-08,MASALA & SEASONINGS,bbq mix,BBQ Mix Masala,930.0,2024-08,498293.25,0.19
2024-08,MASALA & SEASONINGS,bbq mix,bbq mix,46.5,2024-08,498293.25,0.01
2024-08,MASALA & SEASONINGS,chilly flakes,chilly flakes sachet,577.58,2024-08,498293.25,0.12
2024-08,MASALA & SEASONINGS,chilly flakes,chilly flakes 500gm,39.0,2024-08,498293.25,0.01
2024-08,MASALA & SEASONINGS,herb mix,Herb Mix Masla,722.5,2024-08,498293.25,0.14
2024-08,MASALA & SEASONINGS,mexican mix,mexican mix,1494.0,2024-08,498293.25,0.3
2024-08,MASALA & SEASONINGS,oregano,OREGANO SACHET 0.8GM,1129.31,2024-08,498293.25,0.23
2024-08,MASALA & SEASONINGS,oregano,Oregano Sprinkler 500g,698.32,2024-08,498293.25,0.14
2024-08,MASALA & SEASONINGS,piri piri marinade,Piri Piri Marinade 1KG,187.0,2024-08,498293.25,0.04
2024-08,MASALA & SEASONINGS,tandoori masala,Tandoori mix Masala,1580.0,2024-08,498293.25,0.32
2024-08,MEAT & POULTRY,boneless chicken,bonless chicken,15717.3,2024-08,498293.25,3.15
2024-08,MEAT & POULTRY,chicken kheema,Chicken Kheema  Masala,455.7,2024-08,498293.25,0.09
2024-08,MEAT & POULTRY,chicken kheema,chicken kheema masala,-195.0,2024-08,498293.25,-0.04
2024-08,MEAT & POULTRY,chicken pepperoni,chicken pepperoni,0.0,2024-08,498293.25,0.0
2024-08,MEAT & POULTRY,chicken popcorn,chicken popcorn,633.6,2024-08,498293.25,0.13
2024-08,MEAT & POULTRY,chicken salami,SALAMI,279.0,2024-08,498293.25,0.06
2024-08,MEAT & POULTRY,chicken salami,Zippy Chicken Salami,164.63999999999993,2024-08,498293.25,0.03
2024-08,MEAT & POULTRY,lamb pepperoni,Lamp Pepperoni,537.0,2024-08,498293.25,0.11
2024-08,MEAT & POULTRY,staff chicken,staff chicken,1200.0,2024-08,498293.25,0.24
2024-08,MEAT & POULTRY,staff chicken,Chicken-Whole-Staff,306.99,2024-08,498293.25,0.06
2024-08,OILS,mustard oil,Mustard Oil,-48.0,2024-08,498293.25,-0.01
2024-08,OILS,olive oil,habit olive oil,734.3699999999999,2024-08,498293.25,0.15
2024-08,OILS,palm oil,Palm Oil - Refined Oil,1565.0,2024-08,498293.25,0.31
2024-08,PACKAGING MATERIALS,burger box,Mini Burger Box,495.0,2024-08,498293.25,0.1
2024-08,PACKAGING MATERIALS,butter paper,butter papper,70.0,2024-08,498293.25,0.01
2024-08,PACKAGING MATERIALS,french fries box,French Fries Box,668.75,2024-08,498293.25,0.13
2024-08,PACKAGING MATERIALS,garlic bread box,Garlic Bread Box,476.85,2024-08,498293.25,0.1
2024-08,PACKAGING MATERIALS,large pizza box,Large Pizza Box,-5643.0,2024-08,498293.25,-1.13
2024-08,PACKAGING MATERIALS,medium pizza box,Medium Pizza Box,-1090.0,2024-08,498293.25,-0.22
2024-08,PACKAGING MATERIALS,paper bag,paper bags regular,330.0,2024-08,498293.25,0.07
2024-08,PACKAGING MATERIALS,paper bag,paper bags large,130.0,2024-08,498293.25,0.03
2024-08,PACKAGING MATERIALS,paper bag,paper bags medium,84.0,2024-08,498293.25,0.02
2024-08,PACKAGING MATERIALS,paper glass,Paper Glass,181.0,2024-08,498293.25,0.04
2024-08,PACKAGING MATERIALS,paper glass,Moktails Glass,112.0,2024-08,498293.25,0.02
2024-08,PACKAGING MATERIALS,paper straw,Paper Straw,120.0,2024-08,498293.25,0.02
2024-08,PACKAGING MATERIALS,pasta container,Pasta Container Black,537.0,2024-08,498293.25,0.11
2024-08,PACKAGING MATERIALS,plastic cover,bio cover,700.0,2024-08,498293.25,0.14
2024-08,PACKAGING MATERIALS,plastic cover,plastic Cover-1kg,320.0,2024-08,498293.25,0.06
2024-08,PACKAGING MATERIALS,plastic cover,Plastic Cover 26X30,150.0,2024-08,498293.25,0.03
2024-08,PACKAGING MATERIALS,regular pizza box,Regular Pizza Box,-1411.0,2024-08,498293.25,-0.28
2024-08,PACKAGING MATERIALS,salad bowl,Salad Bowl 500ml,445.75,2024-08,498293.25,0.09
2024-08,PACKAGING MATERIALS,salad bowl,Salad Bowl 250ml,210.0,2024-08,498293.25,0.04
2024-08,PACKAGING MATERIALS,salad bowl,Dip Bowl,-140.0,2024-08,498293.25,-0.03
2024-08,PACKAGING MATERIALS,tissue,tissue,198.0,2024-08,498293.25,0.04
2024-08,PACKAGING MATERIALS,tissue,Tissue,18.0,2024-08,498293.25,0.0
2024-08,PACKAGING MATERIALS,tooth pick,Tooth Pick,-20.0,2024-08,498293.25,-0.0
2024-08,PACKAGING MATERIALS,wooden fork,wooden fork,357.0,2024-08,498293.25,0.07
2024-08,PACKAGING MATERIALS,wooden spoon,Wooden Spoon,90.0,2024-08,498293.25,0.02
2024-08,PACKAGING MATERIALS,wooden spoon,wodden spoon,-187.23,2024-08,498293.25,-0.04
2024-08,SAUCES & SPREADS,chocolate sauce,Malas Chocolate Sauce 5 ltr,0.0,2024-08,498293.25,0.0
2024-08,SAUCES & SPREADS,eggless mayonnaise,Veeba Eggless Mayonise Chef 1KG,1260.0,2024-08,498293.25,0.25
2024-08,SAUCES & SPREADS,gouda flavoured dressing,Veeba Gouda Flavoured Dressing,3163.6400000000003,2024-08,498293.25,0.63
2024-08,SAUCES & SPREADS,honey mustard dressing,Honey,244.0,2024-08,498293.25,0.05
2024-08,SAUCES & SPREADS,ketchup sachet,Veeba Ketchup Sachet,-513.56,2024-08,498293.25,-0.1
2024-08,SAUCES & SPREADS,makhani gravy,makhni gravy,210.0,2024-08,498293.25,0.04
2024-08,SAUCES & SPREADS,pasta sauce,veeba pizza pasta sauce,-2204.04,2024-08,498293.25,-0.44
2024-08,SAUCES & SPREADS,pizza sauce,Veeba Pasta & Pizza Sauce 1KG,3306.24,2024-08,498293.25,0.66
2024-08,SAUCES & SPREADS,pizza sauce,Pizza sauce premix,-97.5,2024-08,498293.25,-0.02
2024-08,SAUCES & SPREADS,pizza sauce,pizza sauce,-600.0,2024-08,498293.25,-0.12
2024-08,SAUCES & SPREADS,schezwan sauce,Schezwan sauce,182.0,2024-08,498293.25,0.04
2024-08,SAUCES & SPREADS,tandoori mayonnaise,Tandoori Tikka Marinade 500Grm,-1610.0,2024-08,498293.25,-0.32
2024-08,SAUCES & SPREADS,tandoori spread,Veeba Tandoori Spread-1kg,1085.0,2024-08,498293.25,0.22
2024-08,SAUCES & SPREADS,thousand island dressing,Veeba ThousandIsland Dressing 1KG,562.8,2024-08,498293.25,0.11
2024-08,SAUCES & SPREADS,tomato ketchup,Veeba T. Ketchup 1.2KG,525.0,2024-08,498293.25,0.11
2024-08,SAUCES & SPREADS,tomato ketchup,tomato ketchup,-105.0,2024-08,498293.25,-0.02
2024-08,STATIONERY & MISC,pen,HABIT JALAPENO SLICES 2.9 KG,1015.88,2024-08,498293.25,0.2
2024-08,STATIONERY & MISC,pen,Puramate Pasta-Penne Rigatte 500g,884.0,2024-08,498293.25,0.18
2024-08,STATIONERY & MISC,tape,Celotape-3/4inch-,92.0,2024-08,498293.25,0.02
2024-08,STATIONERY & MISC,tape,cello tape,-230.0,2024-08,498293.25,-0.05
2024-08,UNMAPPED,UNMAPPED,grocery,21409.35,2024-08,498293.25,4.3
2024-08,UNMAPPED,UNMAPPED,veg,7556.1,2024-08,498293.25,1.52
2024-08,UNMAPPED,UNMAPPED,eng veg,3093.98,2024-08,498293.25,0.62
2024-08,UNMAPPED,UNMAPPED,KOT Printing Rolls,2908.0,2024-08,498293.25,0.58
2024-08,UNMAPPED,UNMAPPED,nuggets sumeru,1169.27,2024-08,498293.25,0.23
2024-08,UNMAPPED,UNMAPPED,black olive slice Habit,951.72,2024-08,498293.25,0.19
2024-08,UNMAPPED,UNMAPPED,red paprika habit,398.0,2024-08,498293.25,0.08
2024-08,UNMAPPED,UNMAPPED,Puramate Pasta-Gomiti Rigate - macroni - 500g,204.0,2024-08,498293.25,0.04
2024-08,UNMAPPED,UNMAPPED,egg 7,210.0,2024-08,498293.25,0.04
2024-08,UNMAPPED,UNMAPPED,fruits,180.0,2024-08,498293.25,0.04
2024-08,UNMAPPED,UNMAPPED,kadala brown,194.0,2024-08,498293.25,0.04
2024-08,UNMAPPED,UNMAPPED,Mango Crush Sauce 750ml Malas,84.01999999999998,2024-08,498293.25,0.02
2024-08,UNMAPPED,UNMAPPED,Green Peas,31.0,2024-08,498293.25,0.01
2024-08,UNMAPPED,UNMAPPED,ice cube/80,0.0,2024-08,498293.25,0.0
2024-08,UNMAPPED,UNMAPPED,bio covers,-270.0,2024-08,498293.25,-0.05
2024-08,UTILITIES & EXPENSES,lpg gas,Gas-LPG-HPCL,11880.0,2024-08,498293.25,2.38
2024-08,VEGETABLES,baby corn,habit baby corn,392.0,2024-08,498293.25,0.08
2024-08,VEGETABLES,capsicum,capsicum,218.5,2024-08,498293.25,0.04
2024-08,VEGETABLES,fresh basil,BASIL,340.0,2024-08,498293.25,0.07
2024-08,VEGETABLES,fresh basil,Puramate Basil 250g Pouch,-390.0,2024-08,498293.25,-0.08
2024-08,VEGETABLES,garlic,garlic,1480.0,2024-08,498293.25,0.3
2024-08,VEGETABLES,garlic,chilly garlic spread,0.0,2024-08,498293.25,0.0
2024-08,VEGETABLES,mint,DVC Mint Flavoured Syrup 750 ml,1709.75,2024-08,498293.25,0.34
2024-08,VEGETABLES,mushroom,G.Crown Mushroom Slice 800g,2970.0,2024-08,498293.25,0.6
2024-08,VEGETABLES,tomato,tomato,900.0,2024-08,498293.25,0.18
2024-07,BAKERY & PREMIX,bread premix,Bread Premix,-312.0,2024-07,432201.55,-0.07
2024-07,BAKERY & PREMIX,brownie,Brownie,0.0,2024-07,432201.55,0.0
2024-07,BAKERY & PREMIX,pizza premix,Pizza Premix,480.0,2024-07,432201.55,0.11
2024-07,BEVERAGES,7up,7up pet 750ml,1650.24,2024-07,432201.55,0.38
2024-07,BEVERAGES,7up,7UP 1250ml Pet,1025.1,2024-07,432201.55,0.24
2024-07,BEVERAGES,7up,7up750mlpet,825.12,2024-07,432201.55,0.19
2024-07,BEVERAGES,7up,7up 250ml Pet,735.0,2024-07,432201.55,0.17
2024-07,BEVERAGES,7up,7up 250ml Can,360.0,2024-07,432201.55,0.08
2024-07,BEVERAGES,7up,7UP 750ml Pet,38.75,2024-07,432201.55,0.01
2024-07,BEVERAGES,aqua fina,Aqua Fina Mineral Water 1Ltr,238.0,2024-07,432201.55,0.06
2024-07,BEVERAGES,blue occean syrup,DVC BLUE OCCEAN FLV SYRUP 750ML,304.44000000000005,2024-07,432201.55,0.07
2024-07,BEVERAGES,bubblegum syrup,DVC Bubblegum Syrup Syrup 750 ml,-507.40000000000003,2024-07,432201.55,-0.12
2024-07,BEVERAGES,cucumber syrup,DVC Cucumber Syrup 750 ml,0.0,2024-07,432201.55,0.0
2024-07,BEVERAGES,dew,Dew 750ml Pet,571.35,2024-07,432201.55,0.13
2024-07,BEVERAGES,dew,Dew 250ml Pet,455.0,2024-07,432201.55,0.11
2024-07,BEVERAGES,dew,Dew 250ml Can,210.0,2024-07,432201.55,0.05
2024-07,BEVERAGES,lehar soda,Lehar Soda,1004.06,2024-07,432201.55,0.23
2024-07,BEVERAGES,mango syrup,DVC Mango Beverage Blend Syrup 750 ml,1529.28,2024-07,432201.55,0.35
2024-07,BEVERAGES,mirinda,Mirinda 250ml pet,192.5,2024-07,432201.55,0.04
2024-07,BEVERAGES,mirinda,Mirinda 750ml pet,137.52,2024-07,432201.55,0.03
2024-07,BEVERAGES,mixed berry syrup,DVC Mixed Berry Beverage Blend Syrup 750 ml,-910.8,2024-07,432201.55,-0.21
2024-07,BEVERAGES,passion fruit syrup,DVC Passion Fruit 750ML,1572.94,2024-07,432201.55,0.36
2024-07,BEVERAGES,passion fruit syrup,DVC PASSION FRUIT FLV SYRUP 750ML,-1060.0,2024-07,432201.55,-0.25
2024-07,BEVERAGES,peach syrup,DVC Peach GardenSyrup 750 ml,530.0,2024-07,432201.55,0.12
2024-07,BEVERAGES,peach syrup,DVC Peach Garden Syrup Syrup 750 ml,-488.52,2024-07,432201.55,-0.11
2024-07,BEVERAGES,pepsi,Pepsi 250ml Pet,2887.5,2024-07,432201.55,0.67
2024-07,BEVERAGES,pepsi,Pepsi 750ml Pet,1580.8999999999996,2024-07,432201.55,0.37
2024-07,BEVERAGES,pepsi,Pepsi 1250ml Pet,1085.4,2024-07,432201.55,0.25
2024-07,BEVERAGES,pepsi,Pepsi 250ml Can,450.0,2024-07,432201.55,0.1
2024-07,BEVERAGES,pepsi,pepsi can 330ml,0.0,2024-07,432201.55,0.0
2024-07,BEVERAGES,slice mango,slice 350 ml,875.1999999999999,2024-07,432201.55,0.2
2024-07,BEVERAGES,slice mango,Slice Mango 600ml pet,216.54000000000008,2024-07,432201.55,0.05
2024-07,BEVERAGES,strawberry syrup,DVC Strawberry Syrup 750 ml,507.4,2024-07,432201.55,0.12
2024-07,BEVERAGES,strawberry syrup,straw,160.0,2024-07,432201.55,0.04
2024-07,BEVERAGES,strawberry syrup,DVC Strawberry Syrup Syrup 750 ml,-732.78,2024-07,432201.55,-0.17
2024-07,BEVERAGES,tropicana guava,tropicana juice,592.32,2024-07,432201.55,0.14
2024-07,CHEESE & DAIRY,butter,butter,1634.0,2024-07,432201.55,0.38
2024-07,CHEESE & DAIRY,butter,Butter Scotch Ice-cream,231.9000000000001,2024-07,432201.55,0.05
2024-07,CHEESE & DAIRY,butter,Butter Scotch Sauce 750ml,128.7,2024-07,432201.55,0.03
2024-07,CHEESE & DAIRY,cheddar cheese,dynamix shredded cheese,15300.0,2024-07,432201.55,3.54
2024-07,CHEESE & DAIRY,colby cheese,colby cheese 1 kg,126.88999999999999,2024-07,432201.55,0.03
2024-07,CHEESE & DAIRY,curd,curd,90.0,2024-07,432201.55,0.02
2024-07,CHEESE & DAIRY,diced mozzarella,dynamic diced mozerella,18862.1,2024-07,432201.55,4.36
2024-07,CHEESE & DAIRY,fresh cream,Vanilla Ice-cream 4ltr,1360.0,2024-07,432201.55,0.31
2024-07,CHEESE & DAIRY,fresh cream,Chocolate Ice-cream 4ltr,816.0,2024-07,432201.55,0.19
2024-07,CHEESE & DAIRY,fresh cream,Richs versatie cream,601.2,2024-07,432201.55,0.14
2024-07,CHEESE & DAIRY,fresh cream,Flexi Cream Gold,200.6,2024-07,432201.55,0.05
2024-07,CHEESE & DAIRY,fresh cream,pristene cookig cream,191.16,2024-07,432201.55,0.04
2024-07,CHEESE & DAIRY,fresh cream,Strawberry-Ice cream,0.0,2024-07,432201.55,0.0
2024-07,CHEESE & DAIRY,fresh cream,Chocolate Ice-cream,-770.0,2024-07,432201.55,-0.18
2024-07,CHEESE & DAIRY,milk,milk,1075.0,2024-07,432201.55,0.25
2024-07,CHEESE & DAIRY,milk,milk 26,104.0,2024-07,432201.55,0.02
2024-07,CHEESE & DAIRY,monterey jack,GO-Monterey Jack Cheese-2kg,-549.0,2024-07,432201.55,-0.13
2024-07,CHEESE & DAIRY,paneer,paneer,580.0,2024-07,432201.55,0.13
2024-07,CHEESE & DAIRY,paneer,Paneer,435.0,2024-07,432201.55,0.1
2024-07,CHEESE & DAIRY,paneer,Paneer tikka masala,300.0,2024-07,432201.55,0.07
2024-07,CHEESE & DAIRY,processed cheese,Processed cheese block,1100.0,2024-07,432201.55,0.25
2024-07,CLEANING SUPPLIES,ant powder,tandoori tikka powder,-920.0,2024-07,432201.55,-0.21
2024-07,"FLOUR, GRAINS & DRY GOODS",corn meal,Corn Meal - MAKKA RAVA,-32.9,2024-07,432201.55,-0.01
2024-07,"FLOUR, GRAINS & DRY GOODS",maida,maida,5805.0,2024-07,432201.55,1.34
2024-07,"FLOUR, GRAINS & DRY GOODS",maida,maida 30kg,0.0,2024-07,432201.55,0.0
2024-07,"FLOUR, GRAINS & DRY GOODS",rice,staff rice 26kg,720.0,2024-07,432201.55,0.17
2024-07,"FLOUR, GRAINS & DRY GOODS",rice,staff rice,-657.0,2024-07,432201.55,-0.15
2024-07,FROZEN ITEMS,fish finger,fish finger,-59.47000000000003,2024-07,432201.55,-0.01
2024-07,FROZEN ITEMS,french fries,french fry hungritos 2.5kg,4527.6,2024-07,432201.55,1.05
2024-07,FROZEN ITEMS,french fries,French Fries 6mm-Hungritos,1617.0,2024-07,432201.55,0.37
2024-07,FROZEN ITEMS,frozen sweet corn,Frozen Sweet Corn-Pal Fresh,390.0,2024-07,432201.55,0.09
2024-07,FROZEN ITEMS,frozen sweet corn,Frozen Sweet Corn,300.0,2024-07,432201.55,0.07
2024-07,FROZEN ITEMS,potato pops,POTATO POPS,-20.269999999999982,2024-07,432201.55,-0.0
2024-07,FROZEN ITEMS,potato wedges,Mc Cain Potato Wedges 2.5kg,-390.43,2024-07,432201.55,-0.09
2024-07,FROZEN ITEMS,savoury wedges,Savoury Wedges 2.5 KG,1115.52,2024-07,432201.55,0.26
2024-07,FRUITS,apple,DVC Green Apple 750 ML,355.17999999999995,2024-07,432201.55,0.08
2024-07,FRUITS,chicku pulp,Berry Fresh Chicku Pulp,84.0,2024-07,432201.55,0.02
2024-07,FRUITS,pineapple,Pineapple slice-Tajir Habit-850g,110.25,2024-07,432201.55,0.03
2024-07,FRUITS,tender coconut pulp,Berry Fresh Tender Coconut Pulp,-360.0,2024-07,432201.55,-0.08
2024-07,FRUITS,watermelon,DVC Watermelon Syrup 750 ml,202.95999999999992,2024-07,432201.55,0.05
2024-07,KITCHEN EQUIPMENT & UTENSILS,tds meter,TDS meter,206.0,2024-07,432201.55,0.05
2024-07,KITCHEN EQUIPMENT & UTENSILS,tripod,Tripod,0.0,2024-07,432201.55,0.0
2024-07,MASALA & SEASONINGS,aromat seasoning,Aromat Seasoning Powder,-172.0,2024-07,432201.55,-0.04
2024-07,MASALA & SEASONINGS,bbq mix,BBQ Mix Masala,1162.5,2024-07,432201.55,0.27
2024-07,MASALA & SEASONINGS,bbq mix,bbq mix,-232.5,2024-07,432201.55,-0.05
2024-07,MASALA & SEASONINGS,chilli flakes,Chilli Flakes-Tasty Pixel-Veeba-Sachet-0.8g,926.1,2024-07,432201.55,0.21
2024-07,MASALA & SEASONINGS,chilly flakes,chilly flakes 500gm,-19.5,2024-07,432201.55,-0.0
2024-07,MASALA & SEASONINGS,chilly flakes,chilly flakes sachet,-164.15999999999997,2024-07,432201.55,-0.04
2024-07,MASALA & SEASONINGS,herb mix,Herb Mix Masla,637.5,2024-07,432201.55,0.15
2024-07,MASALA & SEASONINGS,mexican masala,Mexican Masala,4274.5,2024-07,432201.55,0.99
2024-07,MASALA & SEASONINGS,mexican mix,mexican mix,-3984.0,2024-07,432201.55,-0.92
2024-07,MASALA & SEASONINGS,oregano,OREGANO SACHET 0.8GM,977.46,2024-07,432201.55,0.23
2024-07,MASALA & SEASONINGS,oregano,Oregano Sprinkler 500g,876.96,2024-07,432201.55,0.2
2024-07,MASALA & SEASONINGS,piri piri marinade,Piri Piri Marinade 1KG,280.49,2024-07,432201.55,0.06
2024-07,MASALA & SEASONINGS,tandoori masala,Tandoori mix Masala,-750.5,2024-07,432201.55,-0.17
2024-07,MEAT & POULTRY,boneless chicken,bonless chicken,18396.85,2024-07,432201.55,4.26
2024-07,MEAT & POULTRY,chicken kheema,Chicken Kheema  Masala,-260.4,2024-07,432201.55,-0.06
2024-07,MEAT & POULTRY,chicken kheema,chicken kheema masala,-325.0,2024-07,432201.55,-0.08
2024-07,MEAT & POULTRY,chicken pepperoni,chicken pepperoni,1038.0,2024-07,432201.55,0.24
2024-07,MEAT & POULTRY,chicken popcorn,chicken popcorn,-316.8,2024-07,432201.55,-0.07
2024-07,MEAT & POULTRY,chicken salami,Zippy Chicken Salami,329.28,2024-07,432201.55,0.08
2024-07,MEAT & POULTRY,chicken salami,SALAMI,139.5,2024-07,432201.55,0.03
2024-07,MEAT & POULTRY,lamb pepperoni,Lamp Pepperoni,-268.5,2024-07,432201.55,-0.06
2024-07,MEAT & POULTRY,staff chicken,staff chicken,1275.0,2024-07,432201.55,0.3
2024-07,MEAT & POULTRY,whole chicken,sumeru chicken pop corn,576.0,2024-07,432201.55,0.13
2024-07,OILS,mustard oil,Mustard Oil,128.0,2024-07,432201.55,0.03
2024-07,OILS,olive oil,habit olive oil,677.88,2024-07,432201.55,0.16
2024-07,OILS,palm oil,Palm Oil - Refined Oil,-368.0,2024-07,432201.55,-0.09
2024-07,PACKAGING MATERIALS,burger box,Mini Burger Box,300.0,2024-07,432201.55,0.07
2024-07,PACKAGING MATERIALS,butter paper,butter papper,-70.0,2024-07,432201.55,-0.02
2024-07,PACKAGING MATERIALS,french fries box,French Fries Box,1203.75,2024-07,432201.55,0.28
2024-07,PACKAGING MATERIALS,garlic bread box,Garlic Bread Box,588.93,2024-07,432201.55,0.14
2024-07,PACKAGING MATERIALS,large pizza box,Large Pizza Box,4677.75,2024-07,432201.55,1.08
2024-07,PACKAGING MATERIALS,medium pizza box,Medium Pizza Box,3490.0,2024-07,432201.55,0.81
2024-07,PACKAGING MATERIALS,paper bag,paper bags large,585.0,2024-07,432201.55,0.14
2024-07,PACKAGING MATERIALS,paper bag,paper bags medium,-48.0,2024-07,432201.55,-0.01
2024-07,PACKAGING MATERIALS,paper bag,paper bags regular,-374.0,2024-07,432201.55,-0.09
2024-07,PACKAGING MATERIALS,paper glass,Paper Glass,-125.0,2024-07,432201.55,-0.03
2024-07,PACKAGING MATERIALS,paper glass,Moktails Glass,-640.0,2024-07,432201.55,-0.15
2024-07,PACKAGING MATERIALS,paper straw,Paper Straw,-120.0,2024-07,432201.55,-0.03
2024-07,PACKAGING MATERIALS,pasta container,Pasta Container Black,-89.5,2024-07,432201.55,-0.02
2024-07,PACKAGING MATERIALS,plastic cover,plastic cover,300.0,2024-07,432201.55,0.07
2024-07,PACKAGING MATERIALS,plastic cover,bio cover,180.0,2024-07,432201.55,0.04
2024-07,PACKAGING MATERIALS,regular pizza box,Regular Pizza Box,884.0,2024-07,432201.55,0.2
2024-07,PACKAGING MATERIALS,salad bowl,Dip Bowl,-60.0,2024-07,432201.55,-0.01
2024-07,PACKAGING MATERIALS,salad bowl,Salad Bowl 250ml,-26.25,2024-07,432201.55,-0.01
2024-07,PACKAGING MATERIALS,salad bowl,Salad Bowl 500ml,-331.25,2024-07,432201.55,-0.08
2024-07,PACKAGING MATERIALS,tissue,Tissue,72.0,2024-07,432201.55,0.02
2024-07,PACKAGING MATERIALS,tissue,tissue,-198.0,2024-07,432201.55,-0.05
2024-07,PACKAGING MATERIALS,tooth pick,Tooth Pick,40.0,2024-07,432201.55,0.01
2024-07,PACKAGING MATERIALS,wooden fork,wooden fork,34.0,2024-07,432201.55,0.01
2024-07,PACKAGING MATERIALS,wooden spoon,wodden spoon,79.0,2024-07,432201.55,0.02
2024-07,PACKAGING MATERIALS,wooden spoon,Wooden Spoon,-40.0,2024-07,432201.55,-0.01
2024-07,SAUCES & SPREADS,chocolate sauce,DVC CHocolate Sauce 2 LTR,1150.5,2024-07,432201.55,0.27
2024-07,SAUCES & SPREADS,chocolate sauce,Malas Chocolate Sauce 5 ltr,0.0,2024-07,432201.55,0.0
2024-07,SAUCES & SPREADS,eggless mayonnaise,egg,140.0,2024-07,432201.55,0.03
2024-07,SAUCES & SPREADS,eggless mayonnaise,Veeba Eggless Mayonise Chef 1KG,0.0,2024-07,432201.55,0.0
2024-07,SAUCES & SPREADS,gouda flavoured dressing,Veeba Gouda Flavoured Dressing,813.1199999999999,2024-07,432201.55,0.19
2024-07,SAUCES & SPREADS,honey mustard dressing,Honey,0.0,2024-07,432201.55,0.0
2024-07,SAUCES & SPREADS,ketchup sachet,Veeba Ketchup Sachet,-1276.5,2024-07,432201.55,-0.3
2024-07,SAUCES & SPREADS,makhani gravy,makhni gravy,420.0,2024-07,432201.55,0.1
2024-07,SAUCES & SPREADS,pasta sauce,veeba pizza pasta sauce,6428.45,2024-07,432201.55,1.49
2024-07,SAUCES & SPREADS,pizza sauce,Pizza sauce premix,-422.5,2024-07,432201.55,-0.1
2024-07,SAUCES & SPREADS,pizza sauce,pizza sauce,-600.0,2024-07,432201.55,-0.14
2024-07,SAUCES & SPREADS,pizza sauce,Veeba Pasta & Pizza Sauce 1KG,-3306.24,2024-07,432201.55,-0.76
2024-07,SAUCES & SPREADS,schezwan sauce,Schezwan sauce,182.0,2024-07,432201.55,0.04
2024-07,SAUCES & SPREADS,tandoori mayonnaise,Tandoori Tikka Marinade 500Grm,1035.0,2024-07,432201.55,0.24
2024-07,SAUCES & SPREADS,tandoori spread,Veeba Tandoori Spread-1kg,0.0,2024-07,432201.55,0.0
2024-07,SAUCES & SPREADS,thousand island dressing,Veeba ThousandIsland Dressing 1KG,563.19,2024-07,432201.55,0.13
2024-07,SAUCES & SPREADS,tomato ketchup,tomato ketchup,420.0,2024-07,432201.55,0.1
2024-07,SAUCES & SPREADS,tomato ketchup,Veeba T. Ketchup 1.2KG,0.0,2024-07,432201.55,0.0
2024-07,STATIONERY & MISC,pen,HABIT JALAPENO SLICES 2.9 KG,1003.62,2024-07,432201.55,0.23
2024-07,STATIONERY & MISC,pen,Puramate Pasta-Penne Rigatte 500g,680.0,2024-07,432201.55,0.16
2024-07,STATIONERY & MISC,tape,Celotape-3/4inch-,-92.0,2024-07,432201.55,-0.02
2024-07,UNMAPPED,UNMAPPED,grocery,23273.66,2024-07,432201.55,5.38
2024-07,UNMAPPED,UNMAPPED,veg,8109.969999999999,2024-07,432201.55,1.88
2024-07,UNMAPPED,UNMAPPED,eng veg,1836.0,2024-07,432201.55,0.42
2024-07,UNMAPPED,UNMAPPED,black olive slice Habit,1268.96,2024-07,432201.55,0.29
2024-07,UNMAPPED,UNMAPPED,packing meterials,695.0,2024-07,432201.55,0.16
2024-07,UNMAPPED,UNMAPPED,Sumeru Nuggets Premium 1Kg,626.0,2024-07,432201.55,0.14
2024-07,UNMAPPED,UNMAPPED,egg 7,595.0,2024-07,432201.55,0.14
2024-07,UNMAPPED,UNMAPPED,nuggets sumeru,489.33000000000004,2024-07,432201.55,0.11
2024-07,UNMAPPED,UNMAPPED,KOT Printing Rolls,312.0,2024-07,432201.55,0.07
2024-07,UNMAPPED,UNMAPPED,Puramate Pasta-Gomiti Rigate - macroni - 500g,204.0,2024-07,432201.55,0.05
2024-07,UNMAPPED,UNMAPPED,red paprika habit,199.0,2024-07,432201.55,0.05
2024-07,UNMAPPED,UNMAPPED,Green Peas,77.5,2024-07,432201.55,0.02
2024-07,UNMAPPED,UNMAPPED,egg-6.50,65.0,2024-07,432201.55,0.02
2024-07,UNMAPPED,UNMAPPED,ice cube/70,70.0,2024-07,432201.55,0.02
2024-07,UNMAPPED,UNMAPPED,bio covers,-180.0,2024-07,432201.55,-0.04
2024-07,UNMAPPED,UNMAPPED,Mango Crush Sauce 750ml Malas,-1512.29,2024-07,432201.55,-0.35
2024-07,UTILITIES & EXPENSES,lpg gas,Gas-LPG-HPCL,7620.0,2024-07,432201.55,1.76
2024-07,VEGETABLES,baby corn,habit baby corn,392.0,2024-07,432201.55,0.09
2024-07,VEGETABLES,capsicum,capsicum,90.0,2024-07,432201.55,0.02
2024-07,VEGETABLES,fresh basil,BASIL,-340.0,2024-07,432201.55,-0.08
2024-07,VEGETABLES,garlic,garlic,600.0,2024-07,432201.55,0.14
2024-07,VEGETABLES,garlic,chilly garlic spread,0.0,2024-07,432201.55,0.0
2024-07,VEGETABLES,mint,DVC Mint Flavoured Syrup 750 ml,244.25,2024-07,432201.55,0.06
2024-07,VEGETABLES,mushroom,G.Crown Mushroom Slice 800g,3168.0,2024-07,432201.55,0.73
2024-07,VEGETABLES,tomato,hybrid tomato,1212.0,2024-07,432201.55,0.28
2024-07,VEGETABLES,tomato,tomato,300.0,2024-07,432201.55,0.07
2024-06,BAKERY & PREMIX,bread premix,Bread Premix,240.0,2024-06,429482.64999999997,0.06
2024-06,BAKERY & PREMIX,brownie,Brownie,1925.0,2024-06,429482.64999999997,0.45
2024-06,BAKERY & PREMIX,pizza premix,Pizza Premix,6240.0,2024-06,429482.64999999997,1.45
2024-06,BEVERAGES,7up,7up pet 750ml,2819.16,2024-06,429482.64999999997,0.66
2024-06,BEVERAGES,7up,7up 250ml Pet,1312.5,2024-06,429482.64999999997,0.31
2024-06,BEVERAGES,7up,7UP 1250ml Pet,1145.7000000000003,2024-06,429482.64999999997,0.27
2024-06,BEVERAGES,7up,7up750mlpet,825.12,2024-06,429482.64999999997,0.19
2024-06,BEVERAGES,7up,7up 250ml Can,150.0,2024-06,429482.64999999997,0.03
2024-06,BEVERAGES,7up,7UP 750ml Pet,-1123.75,2024-06,429482.64999999997,-0.26
2024-06,BEVERAGES,aqua fina,Aqua Fina Mineral Water 1Ltr,196.0,2024-06,429482.64999999997,0.05
2024-06,BEVERAGES,blue occean syrup,DVC BLUE OCCEAN FLV SYRUP 750ML,1571.9199999999998,2024-06,429482.64999999997,0.37
2024-06,BEVERAGES,bubblegum syrup,DVC Bubblegum Syrup Syrup 750 ml,558.1399999999999,2024-06,429482.64999999997,0.13
2024-06,BEVERAGES,cucumber syrup,DVC Cucumber Syrup 750 ml,0.0,2024-06,429482.64999999997,0.0
2024-06,BEVERAGES,dew,Dew 750ml Pet,859.4999999999999,2024-06,429482.64999999997,0.2
2024-06,BEVERAGES,dew,Dew 250ml Pet,682.5,2024-06,429482.64999999997,0.16
2024-06,BEVERAGES,dew,Dew 250ml Can,330.0,2024-06,429482.64999999997,0.08
2024-06,BEVERAGES,lehar soda,Lehar Soda,740.7,2024-06,429482.64999999997,0.17
2024-06,BEVERAGES,mango syrup,DVC Mango Beverage Blend Syrup 750 ml,-1529.28,2024-06,429482.64999999997,-0.36
2024-06,BEVERAGES,mirinda,Mirinda 250ml pet,262.5,2024-06,429482.64999999997,0.06
2024-06,BEVERAGES,mirinda,Mirinda 750ml pet,275.04,2024-06,429482.64999999997,0.06
2024-06,BEVERAGES,mixed berry syrup,DVC Mixed Berry Beverage Blend Syrup 750 ml,910.8,2024-06,429482.64999999997,0.21
2024-06,BEVERAGES,mojito mint,DVC MOJITO MINT 750ML,4770.0,2024-06,429482.64999999997,1.11
2024-06,BEVERAGES,passion fruit syrup,DVC Passion Fruit 750ML,-50.74000000000024,2024-06,429482.64999999997,-0.01
2024-06,BEVERAGES,peach syrup,DVC Peach Garden Syrup Syrup 750 ml,537.37,2024-06,429482.64999999997,0.13
2024-06,BEVERAGES,peach syrup,DVC Peach GardenSyrup 750 ml,-530.0,2024-06,429482.64999999997,-0.12
2024-06,BEVERAGES,pepsi,Pepsi 750ml Pet,2303.46,2024-06,429482.64999999997,0.54
2024-06,BEVERAGES,pepsi,Pepsi 250ml Pet,1995.0,2024-06,429482.64999999997,0.46
2024-06,BEVERAGES,pepsi,Pepsi 1250ml Pet,1145.7000000000003,2024-06,429482.64999999997,0.27
2024-06,BEVERAGES,pepsi,Pepsi 250ml Can,270.0,2024-06,429482.64999999997,0.06
2024-06,BEVERAGES,slice mango,slice 350 ml,897.0799999999999,2024-06,429482.64999999997,0.21
2024-06,BEVERAGES,slice mango,Slice Mango 600ml pet,469.1700000000001,2024-06,429482.64999999997,0.11
2024-06,BEVERAGES,strawberry syrup,DVC Strawberry Syrup Syrup 750 ml,586.22,2024-06,429482.64999999997,0.14
2024-06,BEVERAGES,strawberry syrup,straw,18.5,2024-06,429482.64999999997,0.0
2024-06,CHEESE & DAIRY,butter,butter,1900.0,2024-06,429482.64999999997,0.44
2024-06,CHEESE & DAIRY,butter,Butter Scotch Ice-cream,927.6,2024-06,429482.64999999997,0.22
2024-06,CHEESE & DAIRY,butter,Butter Scotch Sauce 750ml,-57.2,2024-06,429482.64999999997,-0.01
2024-06,CHEESE & DAIRY,cheddar cheese,GO Orange Cheddar Cheese 2kg,396.55,2024-06,429482.64999999997,0.09
2024-06,CHEESE & DAIRY,colby cheese,colby cheese 1 kg,63.450000000000045,2024-06,429482.64999999997,0.01
2024-06,CHEESE & DAIRY,diced mozzarella,dynamic diced mozerella,32323.2,2024-06,429482.64999999997,7.53
2024-06,CHEESE & DAIRY,fresh cream,Flexi Cream Gold,2006.0,2024-06,429482.64999999997,0.47
2024-06,CHEESE & DAIRY,fresh cream,Vanilla Ice-cream 4ltr,1795.1999999999998,2024-06,429482.64999999997,0.42
2024-06,CHEESE & DAIRY,fresh cream,Chocolate Ice-cream 4ltr,734.4000000000001,2024-06,429482.64999999997,0.17
2024-06,CHEESE & DAIRY,fresh cream,Strawberry-Ice cream,-62.90000000000009,2024-06,429482.64999999997,-0.01
2024-06,CHEESE & DAIRY,milk,Milkymist Cheese BLock 1KG,1100.0,2024-06,429482.64999999997,0.26
2024-06,CHEESE & DAIRY,milk,milk,725.0,2024-06,429482.64999999997,0.17
2024-06,CHEESE & DAIRY,milk,milk 28 milma,112.0,2024-06,429482.64999999997,0.03
2024-06,CHEESE & DAIRY,paneer,Paneer,1015.0,2024-06,429482.64999999997,0.24
2024-06,CHEESE & DAIRY,paneer,Paneer tikka masala,360.29999999999995,2024-06,429482.64999999997,0.08
2024-06,CHEESE & DAIRY,processed cheese,Processed cheese block,275.0,2024-06,429482.64999999997,0.06
2024-06,CLEANING SUPPLIES,ant powder,tandoori tikka powder,575.0,2024-06,429482.64999999997,0.13
2024-06,CLEANING SUPPLIES,hit spray,hit spray big,225.0,2024-06,429482.64999999997,0.05
2024-06,"FLOUR, GRAINS & DRY GOODS",atta,atta,245.0,2024-06,429482.64999999997,0.06
2024-06,"FLOUR, GRAINS & DRY GOODS",corn meal,Corn Meal - MAKKA RAVA,70.5,2024-06,429482.64999999997,0.02
2024-06,"FLOUR, GRAINS & DRY GOODS",maida,maida,1482.6,2024-06,429482.64999999997,0.35
2024-06,"FLOUR, GRAINS & DRY GOODS",maida,maida 30kg,1290.0,2024-06,429482.64999999997,0.3
2024-06,"FLOUR, GRAINS & DRY GOODS",masoor dal,masoor dal,180.0,2024-06,429482.64999999997,0.04
2024-06,"FLOUR, GRAINS & DRY GOODS",rice,staff rice 26kg,528.0,2024-06,429482.64999999997,0.12
2024-06,"FLOUR, GRAINS & DRY GOODS",tea,Tea Loose,33.0,2024-06,429482.64999999997,0.01
2024-06,FROZEN ITEMS,fish finger,fish finger,59.47000000000003,2024-06,429482.64999999997,0.01
2024-06,FROZEN ITEMS,french fries,French Fries 6mm-Hungritos,6222.0,2024-06,429482.64999999997,1.45
2024-06,FROZEN ITEMS,french fries,french fry hungritos 2.5kg,560.0,2024-06,429482.64999999997,0.13
2024-06,FROZEN ITEMS,frozen sweet corn,Frozen Sweet Corn-Pal Fresh,175.0,2024-06,429482.64999999997,0.04
2024-06,FROZEN ITEMS,potato pops,POTATO POPS,20.269999999999982,2024-06,429482.64999999997,0.0
2024-06,FROZEN ITEMS,potato wedges,Mc Cain Potato Wedges 2.5kg,1700.1599999999999,2024-06,429482.64999999997,0.4
2024-06,FROZEN ITEMS,savoury wedges,Savoury Wedges 2.5 KG,-1115.52,2024-06,429482.64999999997,-0.26
2024-06,FRUITS,apple,DVC Green Apple 750 ML,507.39999999999986,2024-06,429482.64999999997,0.12
2024-06,FRUITS,chicku pulp,Berry Fresh Chicku Pulp,0.0,2024-06,429482.64999999997,0.0
2024-06,FRUITS,pineapple,Pineapple slice-Tajir Habit-850g,-330.75,2024-06,429482.64999999997,-0.08
2024-06,FRUITS,tender coconut pulp,Berry Fresh Tender Coconut Pulp,180.0,2024-06,429482.64999999997,0.04
2024-06,FRUITS,watermelon,DVC Watermelon Syrup 750 ml,202.96000000000004,2024-06,429482.64999999997,0.05
2024-06,KITCHEN EQUIPMENT & UTENSILS,tripod,Tripod,-740.0,2024-06,429482.64999999997,-0.17
2024-06,MASALA & SEASONINGS,aromat seasoning,Aromat Seasoning Powder,172.0,2024-06,429482.64999999997,0.04
2024-06,MASALA & SEASONINGS,bbq mix,bbq mix,2790.0,2024-06,429482.64999999997,0.65
2024-06,MASALA & SEASONINGS,bbq mix,BBQ Mix Masala,-1813.5,2024-06,429482.64999999997,-0.42
2024-06,MASALA & SEASONINGS,chilli flakes,Chilli Flakes-Tasty Pixel-Veeba-Sachet-0.8g,-926.1,2024-06,429482.64999999997,-0.22
2024-06,MASALA & SEASONINGS,chilly flakes,chilly flakes sachet,1157.5200000000002,2024-06,429482.64999999997,0.27
2024-06,MASALA & SEASONINGS,chilly flakes,chilly flakes 500gm,117.0,2024-06,429482.64999999997,0.03
2024-06,MASALA & SEASONINGS,herb mix,Herb Mix Masla,850.0,2024-06,429482.64999999997,0.2
2024-06,MASALA & SEASONINGS,mexican masala,Mexican Masala,-4274.5,2024-06,429482.64999999997,-1.0
2024-06,MASALA & SEASONINGS,mexican mix,mexican mix,6225.0,2024-06,429482.64999999997,1.45
2024-06,MASALA & SEASONINGS,oregano,OREGANO SACHET 0.8GM,1566.24,2024-06,429482.64999999997,0.36
2024-06,MASALA & SEASONINGS,oregano,Oregano Sprinkler 500g,649.5999999999999,2024-06,429482.64999999997,0.15
2024-06,MASALA & SEASONINGS,piri piri marinade,Piri Piri Marinade 1KG,0.0,2024-06,429482.64999999997,0.0
2024-06,MASALA & SEASONINGS,tandoori masala,Tandoori mix Masala,750.5,2024-06,429482.64999999997,0.17
2024-06,MEAT & POULTRY,boneless chicken,bonless chicken,26635.140000000003,2024-06,429482.64999999997,6.2
2024-06,MEAT & POULTRY,chicken kheema,Chicken Kheema  Masala,1106.7,2024-06,429482.64999999997,0.26
2024-06,MEAT & POULTRY,chicken kheema,chicken kheema masala,-325.0,2024-06,429482.64999999997,-0.08
2024-06,MEAT & POULTRY,chicken nuggets,Chicken Nuggets-Godrej-1kg,960.0,2024-06,429482.64999999997,0.22
2024-06,MEAT & POULTRY,chicken pepperoni,chicken pepperoni,-1038.0,2024-06,429482.64999999997,-0.24
2024-06,MEAT & POULTRY,chicken popcorn,chicken popcorn,259.2,2024-06,429482.64999999997,0.06
2024-06,MEAT & POULTRY,chicken popcorn,CHICKEN POPCORN,151.8,2024-06,429482.64999999997,0.04
2024-06,MEAT & POULTRY,chicken salami,Zippy Chicken Salami,1317.12,2024-06,429482.64999999997,0.31
2024-06,MEAT & POULTRY,chicken salami,SALAMI,-418.5,2024-06,429482.64999999997,-0.1
2024-06,MEAT & POULTRY,chicken sausage,Chicken Sausage,282.0,2024-06,429482.64999999997,0.07
2024-06,MEAT & POULTRY,lamb pepperoni,Lamp Pepperoni,1790.0,2024-06,429482.64999999997,0.42
2024-06,MEAT & POULTRY,staff chicken,staff chicken,925.01,2024-06,429482.64999999997,0.22
2024-06,OILS,mustard oil,Mustard-Oil,217.0,2024-06,429482.64999999997,0.05
2024-06,OILS,mustard oil,Mustard Oil,-128.0,2024-06,429482.64999999997,-0.03
2024-06,OILS,olive oil,habit olive oil,847.3499999999999,2024-06,429482.64999999997,0.2
2024-06,OILS,palm oil,Palm Oil - Refined Oil,1656.0,2024-06,429482.64999999997,0.39
2024-06,PACKAGING MATERIALS,bio bag,bio plate,170.0,2024-06,429482.64999999997,0.04
2024-06,PACKAGING MATERIALS,burger box,Mini Burger Box,300.0,2024-06,429482.64999999997,0.07
2024-06,PACKAGING MATERIALS,butter paper,butter papper,70.0,2024-06,429482.64999999997,0.02
2024-06,PACKAGING MATERIALS,french fries box,French Fries Box,588.5,2024-06,429482.64999999997,0.14
2024-06,PACKAGING MATERIALS,garlic bread box,Garlic Bread Box,474.6600000000001,2024-06,429482.64999999997,0.11
2024-06,PACKAGING MATERIALS,large pizza box,Large Pizza Box,1494.5500000000002,2024-06,429482.64999999997,0.35
2024-06,PACKAGING MATERIALS,medium pizza box,Medium Pizza Box,2826.8199999999997,2024-06,429482.64999999997,0.66
2024-06,PACKAGING MATERIALS,paper bag,paper bags regular,2093.0,2024-06,429482.64999999997,0.49
2024-06,PACKAGING MATERIALS,paper bag,paper bags medium,1464.0,2024-06,429482.64999999997,0.34
2024-06,PACKAGING MATERIALS,paper bag,paper bags large,418.0,2024-06,429482.64999999997,0.1
2024-06,PACKAGING MATERIALS,paper glass,Moktails Glass,640.0,2024-06,429482.64999999997,0.15
2024-06,PACKAGING MATERIALS,paper glass,Paper Glass,0.0,2024-06,429482.64999999997,0.0
2024-06,PACKAGING MATERIALS,pasta container,Pasta Container Black,483.29999999999995,2024-06,429482.64999999997,0.11
2024-06,PACKAGING MATERIALS,plastic cover,bio cover,360.0,2024-06,429482.64999999997,0.08
2024-06,PACKAGING MATERIALS,plastic cover,plastic cover,-300.0,2024-06,429482.64999999997,-0.07
2024-06,PACKAGING MATERIALS,regular pizza box,Regular Pizza Box,5525.0,2024-06,429482.64999999997,1.29
2024-06,PACKAGING MATERIALS,salad bowl,Salad Bowl 500ml,302.25,2024-06,429482.64999999997,0.07
2024-06,PACKAGING MATERIALS,salad bowl,Dip Bowl,220.0,2024-06,429482.64999999997,0.05
2024-06,PACKAGING MATERIALS,salad bowl,Salad Bowl 250ml,210.0,2024-06,429482.64999999997,0.05
2024-06,PACKAGING MATERIALS,tissue,Tissue,198.0,2024-06,429482.64999999997,0.05
2024-06,PACKAGING MATERIALS,tooth pick,Tooth Pick,-40.0,2024-06,429482.64999999997,-0.01
2024-06,PACKAGING MATERIALS,wooden fork,wooden fork,-51.0,2024-06,429482.64999999997,-0.01
2024-06,PACKAGING MATERIALS,wooden spoon,Wooden Spoon,135.0,2024-06,429482.64999999997,0.03
2024-06,PACKAGING MATERIALS,wooden spoon,wodden spoon,-79.0,2024-06,429482.64999999997,-0.02
2024-06,SAUCES & SPREADS,chocolate sauce,DVC CHocolate Sauce 2 LTR,-1150.5,2024-06,429482.64999999997,-0.27
2024-06,SAUCES & SPREADS,eggless mayonnaise,Veeba Eggless Mayonise Chef 1KG,2380.0,2024-06,429482.64999999997,0.55
2024-06,SAUCES & SPREADS,gouda flavoured dressing,Veeba Gouda Flavoured Dressing,1016.4000000000001,2024-06,429482.64999999997,0.24
2024-06,SAUCES & SPREADS,honey mustard dressing,Honey,170.8,2024-06,429482.64999999997,0.04
2024-06,SAUCES & SPREADS,ketchup sachet,Veeba Ketchup Sachet,4319.38,2024-06,429482.64999999997,1.01
2024-06,SAUCES & SPREADS,makhani gravy,Veeba Makhani Gravy 1KG,315.0,2024-06,429482.64999999997,0.07
2024-06,SAUCES & SPREADS,makhani gravy,makhni gravy,0.0,2024-06,429482.64999999997,0.0
2024-06,SAUCES & SPREADS,pasta sauce,veeba pizza pasta sauce,-2020.37,2024-06,429482.64999999997,-0.47
2024-06,SAUCES & SPREADS,pizza sauce,Veeba Pasta & Pizza Sauce 1KG,4408.32,2024-06,429482.64999999997,1.03
2024-06,SAUCES & SPREADS,pizza sauce,Pizza sauce premix,487.5,2024-06,429482.64999999997,0.11
2024-06,SAUCES & SPREADS,schezwan sauce,Schezwan sauce,182.0,2024-06,429482.64999999997,0.04
2024-06,SAUCES & SPREADS,tandoori mayonnaise,Tandoori Tikka Marinade 500Grm,-1035.0,2024-06,429482.64999999997,-0.24
2024-06,SAUCES & SPREADS,tandoori spread,Veeba Tandoori Spread-1kg,868.0,2024-06,429482.64999999997,0.2
2024-06,SAUCES & SPREADS,thousand island dressing,Veeba ThousandIsland Dressing 1KG,375.98,2024-06,429482.64999999997,0.09
2024-06,SAUCES & SPREADS,tomato ketchup,Veeba T. Ketchup 1.2KG,1050.0,2024-06,429482.64999999997,0.24
2024-06,SAUCES & SPREADS,tomato ketchup,tomato ketchup,-420.0,2024-06,429482.64999999997,-0.1
2024-06,STATIONERY & MISC,pen,Puramate Pasta-Penne Rigatte 500g,1020.0,2024-06,429482.64999999997,0.24
2024-06,STATIONERY & MISC,pen,HABIT JALAPENO SLICES 2.9 KG,973.0,2024-06,429482.64999999997,0.23
2024-06,UNMAPPED,UNMAPPED,grocery,21448.409999999996,2024-06,429482.64999999997,4.99
2024-06,UNMAPPED,UNMAPPED,veg,9107.99,2024-06,429482.64999999997,2.12
2024-06,UNMAPPED,UNMAPPED,eng veg,2904.98,2024-06,429482.64999999997,0.68
2024-06,UNMAPPED,UNMAPPED,Mango Crush Sauce 750ml Malas,1680.32,2024-06,429482.64999999997,0.39
2024-06,UNMAPPED,UNMAPPED,black olive slice Habit,1474.48,2024-06,429482.64999999997,0.34
2024-06,UNMAPPED,UNMAPPED,red paprika habit,597.0,2024-06,429482.64999999997,0.14
2024-06,UNMAPPED,UNMAPPED,KOT Printing Rolls,416.0,2024-06,429482.64999999997,0.1
2024-06,UNMAPPED,UNMAPPED,Puramate Pasta-Gomiti Rigate - macroni - 500g,204.0,2024-06,429482.64999999997,0.05
2024-06,UNMAPPED,UNMAPPED,egg 7,210.0,2024-06,429482.64999999997,0.05
2024-06,UNMAPPED,UNMAPPED,nuggets sumeru,143.91999999999996,2024-06,429482.64999999997,0.03
2024-06,UNMAPPED,UNMAPPED,Green Peas,78.6,2024-06,429482.64999999997,0.02
2024-06,UNMAPPED,UNMAPPED,ice cube/80,80.0,2024-06,429482.64999999997,0.02
2024-06,UNMAPPED,UNMAPPED,ice cube/70,-70.0,2024-06,429482.64999999997,-0.02
2024-06,UTILITIES & EXPENSES,lpg gas,Gas-LPG-HPCL,11320.0,2024-06,429482.64999999997,2.64
2024-06,VEGETABLES,baby corn,Baby Corn Whole-450GM-Golden Crown,980.0,2024-06,429482.64999999997,0.23
2024-06,VEGETABLES,baby corn,habit baby corn,-490.0,2024-06,429482.64999999997,-0.11
2024-06,VEGETABLES,garlic,garlic,600.0,2024-06,429482.64999999997,0.14
2024-06,VEGETABLES,garlic,Garlic-Veg,520.0,2024-06,429482.64999999997,0.12
2024-06,VEGETABLES,garlic,chilly garlic spread,0.0,2024-06,429482.64999999997,0.0
2024-06,VEGETABLES,mint,DVC Mint Flavoured Syrup 750 ml,-1954.0,2024-06,429482.64999999997,-0.45
2024-06,VEGETABLES,mushroom,G.Crown Mushroom Slice 800g,3267.0,2024-06,429482.64999999997,0.76
2024-06,VEGETABLES,tomato,hybrid tomato,1170.0,2024-06,429482.64999999997,0.27
2024-06,VEGETABLES,tomato,tomato,740.0,2024-06,429482.64999999997,0.17
2024-06,VEGETABLES,tomato,tomato hibreed,720.0,2024-06,429482.64999999997,0.17
2024-05,BAKERY & PREMIX,bread premix,Bread Premix,480.0,2024-05,481157.89999999997,0.1
2024-05,BAKERY & PREMIX,brownie,Brownie,1155.0,2024-05,481157.89999999997,0.24
2024-05,BAKERY & PREMIX,pizza premix,Pizza Premix,4200.0,2024-05,481157.89999999997,0.87
2024-05,BEVERAGES,7up,7up750mlpet,2097.18,2024-05,481157.89999999997,0.44
2024-05,BEVERAGES,7up,7UP 1250ml Pet,1869.3000000000002,2024-05,481157.89999999997,0.39
2024-05,BEVERAGES,7up,7up 250ml Pet,1365.0,2024-05,481157.89999999997,0.28
2024-05,BEVERAGES,7up,7up pet 750ml,481.31999999999994,2024-05,481157.89999999997,0.1
2024-05,BEVERAGES,7up,7up 250ml Can,210.0,2024-05,481157.89999999997,0.04
2024-05,BEVERAGES,aqua fina,Aqua Fina Mineral Water 1Ltr,313.5,2024-05,481157.89999999997,0.07
2024-05,BEVERAGES,blue occean syrup,DVC BLUE OCCEAN FLV SYRUP 750ML,583.0,2024-05,481157.89999999997,0.12
2024-05,BEVERAGES,bubblegum syrup,DVC Bubblegum Syrup Syrup 750 ml,35.639999999999986,2024-05,481157.89999999997,0.01
2024-05,BEVERAGES,cucumber syrup,DVC Cucumber Syrup 750 ml,-1060.0,2024-05,481157.89999999997,-0.22
2024-05,BEVERAGES,dew,Dew 750ml Pet,928.26,2024-05,481157.89999999997,0.19
2024-05,BEVERAGES,dew,Dew 250ml Pet,875.0,2024-05,481157.89999999997,0.18
2024-05,BEVERAGES,dew,Dew 250ml Can,270.0,2024-05,481157.89999999997,0.06
2024-05,BEVERAGES,lehar soda,Lehar Soda,724.2399999999999,2024-05,481157.89999999997,0.15
2024-05,BEVERAGES,mango syrup,DVC Mango Beverage Blend Syrup 750 ml,305.86,2024-05,481157.89999999997,0.06
2024-05,BEVERAGES,mirinda,Mirinda 250ml pet,332.5,2024-05,481157.89999999997,0.07
2024-05,BEVERAGES,mirinda,Mirinda 750ml pet,275.03999999999996,2024-05,481157.89999999997,0.06
2024-05,BEVERAGES,mixed berry syrup,DVC Mixed Berry Beverage Blend Syrup 750 ml,-82.79999999999995,2024-05,481157.89999999997,-0.02
2024-05,BEVERAGES,mojito mint,DVC MOJITO MINT 750ML,1696.0,2024-05,481157.89999999997,0.35
2024-05,BEVERAGES,passion fruit syrup,DVC Passion Fruit 750ML,1103.8200000000002,2024-05,481157.89999999997,0.23
2024-05,BEVERAGES,peach syrup,DVC Peach GardenSyrup 750 ml,583.0,2024-05,481157.89999999997,0.12
2024-05,BEVERAGES,peach syrup,DVC Peach Garden Syrup Syrup 750 ml,-537.37,2024-05,481157.89999999997,-0.11
2024-05,BEVERAGES,pepsi,Pepsi 750ml Pet,2819.16,2024-05,481157.89999999997,0.59
2024-05,BEVERAGES,pepsi,Pepsi 250ml Pet,1802.5,2024-05,481157.89999999997,0.37
2024-05,BEVERAGES,pepsi,Pepsi 1250ml Pet,964.8000000000001,2024-05,481157.89999999997,0.2
2024-05,BEVERAGES,pepsi,Pepsi 250ml Can,480.0,2024-05,481157.89999999997,0.1
2024-05,BEVERAGES,slice mango,Slice Mango 200ml pet,530.1,2024-05,481157.89999999997,0.11
2024-05,BEVERAGES,slice mango,Slice Mango 250ml pet,353.4,2024-05,481157.89999999997,0.07
2024-05,BEVERAGES,slice mango,Slice Mango 600ml pet,216.53999999999996,2024-05,481157.89999999997,0.05
2024-05,BEVERAGES,strawberry syrup,DVC Strawberry Syrup 750 ml,146.56,2024-05,481157.89999999997,0.03
2024-05,BEVERAGES,strawberry syrup,straw,-58.5,2024-05,481157.89999999997,-0.01
2024-05,BEVERAGES,strawberry syrup,DVC Strawberry Syrup Syrup 750 ml,-977.04,2024-05,481157.89999999997,-0.2
2024-05,CHEESE & DAIRY,butter,butter,2204.0,2024-05,481157.89999999997,0.46
2024-05,CHEESE & DAIRY,butter,Butter Scotch Sauce 750ml,0.0,2024-05,481157.89999999997,0.0
2024-05,CHEESE & DAIRY,butter,Butter Scotch Ice-cream,-386.5,2024-05,481157.89999999997,-0.08
2024-05,CHEESE & DAIRY,cheddar cheese,GO Orange Cheddar Cheese 2kg,-396.55,2024-05,481157.89999999997,-0.08
2024-05,CHEESE & DAIRY,curd,curd local,30.0,2024-05,481157.89999999997,0.01
2024-05,CHEESE & DAIRY,curd,curd milma,70.0,2024-05,481157.89999999997,0.01
2024-05,CHEESE & DAIRY,diced mozzarella,dynamic diced mozerella,36393.6,2024-05,481157.89999999997,7.56
2024-05,CHEESE & DAIRY,fresh cream,Flexi Cream Gold,1604.8,2024-05,481157.89999999997,0.33
2024-05,CHEESE & DAIRY,fresh cream,Vanilla Ice-cream 4ltr,924.8,2024-05,481157.89999999997,0.19
2024-05,CHEESE & DAIRY,fresh cream,Chocolate Ice-cream 4ltr,326.4,2024-05,481157.89999999997,0.07
2024-05,CHEESE & DAIRY,fresh cream,Strawberry-Ice cream,251.60000000000014,2024-05,481157.89999999997,0.05
2024-05,CHEESE & DAIRY,milk,milk,1225.0,2024-05,481157.89999999997,0.25
2024-05,CHEESE & DAIRY,milk,milk 28 milma,364.0,2024-05,481157.89999999997,0.08
2024-05,CHEESE & DAIRY,paneer,Paneer,870.0,2024-05,481157.89999999997,0.18
2024-05,CHEESE & DAIRY,paneer,Paneer tikka masala,115.92000000000007,2024-05,481157.89999999997,0.02
2024-05,CHEESE & DAIRY,processed cheese,Processed cheese block,1100.0,2024-05,481157.89999999997,0.23
2024-05,CLEANING SUPPLIES,ant powder,ant powder,42.0,2024-05,481157.89999999997,0.01
2024-05,CLEANING SUPPLIES,hit spray,hit spray big,450.0,2024-05,481157.89999999997,0.09
2024-05,CLEANING SUPPLIES,hit spray,hit spray,115.0,2024-05,481157.89999999997,0.02
2024-05,"FLOUR, GRAINS & DRY GOODS",atta,Atta Loose,61.5,2024-05,481157.89999999997,0.01
2024-05,"FLOUR, GRAINS & DRY GOODS",atta,atta,0.0,2024-05,481157.89999999997,0.0
2024-05,"FLOUR, GRAINS & DRY GOODS",corn meal,Corn Meal - MAKKA RAVA,164.5,2024-05,481157.89999999997,0.03
2024-05,"FLOUR, GRAINS & DRY GOODS",maida,maida 30kg,1290.0,2024-05,481157.89999999997,0.27
2024-05,"FLOUR, GRAINS & DRY GOODS",maida,maida,1256.4,2024-05,481157.89999999997,0.26
2024-05,"FLOUR, GRAINS & DRY GOODS",rice,staff rice,1149.0,2024-05,481157.89999999997,0.24
2024-05,FROZEN ITEMS,fish finger,fish finger,297.36,2024-05,481157.89999999997,0.06
2024-05,FROZEN ITEMS,french fries,French Fries 6mm-Hungritos,4648.0,2024-05,481157.89999999997,0.97
2024-05,FROZEN ITEMS,french fries,french fry hungritos 2.5kg,0.0,2024-05,481157.89999999997,0.0
2024-05,FROZEN ITEMS,frozen sweet corn,Frozen Sweet Corn-Pal Fresh,1495.0,2024-05,481157.89999999997,0.31
2024-05,FROZEN ITEMS,frozen sweet corn,Frozen Sweet Corn,250.0,2024-05,481157.89999999997,0.05
2024-05,FROZEN ITEMS,potato pops,POTATO POPS,-202.67,2024-05,481157.89999999997,-0.04
2024-05,FROZEN ITEMS,potato wedges,Mc Cain Potato Wedges 2.5kg,-770.56,2024-05,481157.89999999997,-0.16
2024-05,FROZEN ITEMS,savoury wedges,Savoury Wedges 2.5 KG,1394.4,2024-05,481157.89999999997,0.29
2024-05,FRUITS,apple,DVC Green Apple 750 ML,614.64,2024-05,481157.89999999997,0.13
2024-05,FRUITS,chicku pulp,Berry Fresh Chicku Pulp,-504.0,2024-05,481157.89999999997,-0.1
2024-05,FRUITS,pineapple,Pineapple-Veg,504.0,2024-05,481157.89999999997,0.1
2024-05,FRUITS,tender coconut pulp,Berry Fresh Tender Coconut Pulp,-360.0,2024-05,481157.89999999997,-0.07
2024-05,FRUITS,watermelon,DVC Watermelon Syrup 750 ml,187.84,2024-05,481157.89999999997,0.04
2024-05,KITCHEN EQUIPMENT & UTENSILS,tripod,Tripod,740.0,2024-05,481157.89999999997,0.15
2024-05,MASALA & SEASONINGS,aromat seasoning,Aromat Seasoning Powder,-86.0,2024-05,481157.89999999997,-0.02
2024-05,MASALA & SEASONINGS,bbq mix,BBQ Mix Masala,1395.0,2024-05,481157.89999999997,0.29
2024-05,MASALA & SEASONINGS,bbq mix,bbq mix,-465.0,2024-05,481157.89999999997,-0.1
2024-05,MASALA & SEASONINGS,chilli flakes,Chilli Flakes-Tasty Pixel-Veeba-Sachet-0.8g,661.5,2024-05,481157.89999999997,0.14
2024-05,MASALA & SEASONINGS,chilly flakes,chilly flakes sachet,253.76,2024-05,481157.89999999997,0.05
2024-05,MASALA & SEASONINGS,herb mix,Herb Mix Masla,573.75,2024-05,481157.89999999997,0.12
2024-05,MASALA & SEASONINGS,mexican mix,mexican mix,2075.0,2024-05,481157.89999999997,0.43
2024-05,MASALA & SEASONINGS,oregano,OREGANO SACHET 0.8GM,1760.0,2024-05,481157.89999999997,0.37
2024-05,MASALA & SEASONINGS,oregano,Oregano Sprinkler 500g,974.3999999999996,2024-05,481157.89999999997,0.2
2024-05,MASALA & SEASONINGS,piri piri marinade,Piri Piri Marinade 1KG,303.87,2024-05,481157.89999999997,0.06
2024-05,MASALA & SEASONINGS,tandoori masala,Tandoori Masala,200.08,2024-05,481157.89999999997,0.04
2024-05,MASALA & SEASONINGS,tandoori masala,Tandoori mix Masala,-1698.5,2024-05,481157.89999999997,-0.35
2024-05,MEAT & POULTRY,boneless chicken,bonless chicken,23441.409999999996,2024-05,481157.89999999997,4.87
2024-05,MEAT & POULTRY,chicken kheema,Chicken Kheema  Masala,0.0,2024-05,481157.89999999997,0.0
2024-05,MEAT & POULTRY,chicken nuggets,Chicken Nuggets-Godrej-1kg,864.0,2024-05,481157.89999999997,0.18
2024-05,MEAT & POULTRY,chicken popcorn,CHICKEN POPCORN,482.99999999999994,2024-05,481157.89999999997,0.1
2024-05,MEAT & POULTRY,chicken salami,Zippy Chicken Salami,295.68000000000006,2024-05,481157.89999999997,0.06
2024-05,MEAT & POULTRY,lamb pepperoni,Lamp Pepperoni,-358.0,2024-05,481157.89999999997,-0.07
2024-05,MEAT & POULTRY,staff chicken,staff chicken,1439.99,2024-05,481157.89999999997,0.3
2024-05,OILS,mustard oil,Mustard-Oil,-217.0,2024-05,481157.89999999997,-0.05
2024-05,OILS,olive oil,habit olive oil,564.9000000000001,2024-05,481157.89999999997,0.12
2024-05,OILS,palm oil,Palm Oil - Refined Oil,987.0,2024-05,481157.89999999997,0.21
2024-05,PACKAGING MATERIALS,bio bag,bio plate,1275.0,2024-05,481157.89999999997,0.26
2024-05,PACKAGING MATERIALS,burger box,Mini Burger Box,720.0,2024-05,481157.89999999997,0.15
2024-05,PACKAGING MATERIALS,cling flim,Cling Flim,120.0,2024-05,481157.89999999997,0.02
2024-05,PACKAGING MATERIALS,french fries box,French Fries Box,-321.0,2024-05,481157.89999999997,-0.07
2024-05,PACKAGING MATERIALS,garlic bread box,Garlic Bread Box,-181.44000000000005,2024-05,481157.89999999997,-0.04
2024-05,PACKAGING MATERIALS,large pizza box,Large Pizza Box,-544.4499999999998,2024-05,481157.89999999997,-0.11
2024-05,PACKAGING MATERIALS,medium pizza box,Medium Pizza Box,1009.1900000000003,2024-05,481157.89999999997,0.21
2024-05,PACKAGING MATERIALS,paper bag,paper bags regular,1400.0,2024-05,481157.89999999997,0.29
2024-05,PACKAGING MATERIALS,paper bag,paper bags medium,968.0,2024-05,481157.89999999997,0.2
2024-05,PACKAGING MATERIALS,paper bag,paper bags large,48.0,2024-05,481157.89999999997,0.01
2024-05,PACKAGING MATERIALS,paper glass,Paper Glass,330.0,2024-05,481157.89999999997,0.07
2024-05,PACKAGING MATERIALS,paper glass,Moktails Glass,280.0,2024-05,481157.89999999997,0.06
2024-05,PACKAGING MATERIALS,paper straw,Paper Straw,120.0,2024-05,481157.89999999997,0.02
2024-05,PACKAGING MATERIALS,pasta container,Pasta Container Black,1611.0,2024-05,481157.89999999997,0.33
2024-05,PACKAGING MATERIALS,plastic cover,bio cover,216.0,2024-05,481157.89999999997,0.04
2024-05,PACKAGING MATERIALS,regular pizza box,Regular Pizza Box,5380.0,2024-05,481157.89999999997,1.12
2024-05,PACKAGING MATERIALS,salad bowl,Salad Bowl 500ml,524.0,2024-05,481157.89999999997,0.11
2024-05,PACKAGING MATERIALS,salad bowl,Salad Bowl 250ml,262.5,2024-05,481157.89999999997,0.05
2024-05,PACKAGING MATERIALS,salad bowl,Dip Bowl,36.0,2024-05,481157.89999999997,0.01
2024-05,PACKAGING MATERIALS,tissue,Tissue,288.0,2024-05,481157.89999999997,0.06
2024-05,PACKAGING MATERIALS,wooden fork,wooden fork,212.5,2024-05,481157.89999999997,0.04
2024-05,PACKAGING MATERIALS,wooden spoon,wodden spoon,94.8,2024-05,481157.89999999997,0.02
2024-05,PACKAGING MATERIALS,wooden spoon,Wooden Spoon,-135.0,2024-05,481157.89999999997,-0.03
2024-05,SAUCES & SPREADS,chocolate sauce,Malas Chocolate Sauce 5 ltr,1060.0,2024-05,481157.89999999997,0.22
2024-05,SAUCES & SPREADS,eggless mayonnaise,Veeba Eggless Mayonise Chef 1KG,980.0,2024-05,481157.89999999997,0.2
2024-05,SAUCES & SPREADS,garlic chilli spread,chilli garlic spread,324.0,2024-05,481157.89999999997,0.07
2024-05,SAUCES & SPREADS,gouda flavoured dressing,Veeba Gouda Flavoured Dressing,1016.4000000000005,2024-05,481157.89999999997,0.21
2024-05,SAUCES & SPREADS,honey mustard dressing,Honey,73.19999999999999,2024-05,481157.89999999997,0.02
2024-05,SAUCES & SPREADS,ketchup sachet,Veeba Ketchup Sachet,1860.25,2024-05,481157.89999999997,0.39
2024-05,SAUCES & SPREADS,makhani gravy,Veeba Makhani Gravy 1KG,735.0,2024-05,481157.89999999997,0.15
2024-05,SAUCES & SPREADS,pasta sauce,veeba pizza pasta sauce,1102.0199999999995,2024-05,481157.89999999997,0.23
2024-05,SAUCES & SPREADS,pizza sauce,Veeba Pasta & Pizza Sauce 1KG,2204.16,2024-05,481157.89999999997,0.46
2024-05,SAUCES & SPREADS,pizza sauce,Pizza sauce premix,1137.5,2024-05,481157.89999999997,0.24
2024-05,SAUCES & SPREADS,tandoori mayonnaise,Tandoori Tikka Marinade 500Grm,4025.0,2024-05,481157.89999999997,0.84
2024-05,SAUCES & SPREADS,tandoori spread,Veeba Tandoori Spread-1kg,434.0,2024-05,481157.89999999997,0.09
2024-05,SAUCES & SPREADS,thousand island dressing,Veeba ThousandIsland Dressing 1KG,188.0,2024-05,481157.89999999997,0.04
2024-05,SAUCES & SPREADS,tomato ketchup,tomato ketchup,525.0,2024-05,481157.89999999997,0.11
2024-05,SAUCES & SPREADS,tomato ketchup,Veeba T. Ketchup 1.2KG,0.0,2024-05,481157.89999999997,0.0
2024-05,STATIONERY & MISC,cash voucher book,Cash Voucher Book,330.0,2024-05,481157.89999999997,0.07
2024-05,STATIONERY & MISC,pen,HABIT JALAPENO SLICES 2.9 KG,1251.0,2024-05,481157.89999999997,0.26
2024-05,STATIONERY & MISC,pen,Puramate Pasta-Penne Rigatte 500g,748.0,2024-05,481157.89999999997,0.16
2024-05,UNMAPPED,UNMAPPED,grocery,21584.61,2024-05,481157.89999999997,4.49
2024-05,UNMAPPED,UNMAPPED,veg,7852.92,2024-05,481157.89999999997,1.63
2024-05,UNMAPPED,UNMAPPED,eng veg,2428.03,2024-05,481157.89999999997,0.5
2024-05,UNMAPPED,UNMAPPED,black olive slice Habit,1205.12,2024-05,481157.89999999997,0.25
2024-05,UNMAPPED,UNMAPPED,Brocoli,379.0,2024-05,481157.89999999997,0.08
2024-05,UNMAPPED,UNMAPPED,bio covers,360.0,2024-05,481157.89999999997,0.07
2024-05,UNMAPPED,UNMAPPED,egg 7,350.0,2024-05,481157.89999999997,0.07
2024-05,UNMAPPED,UNMAPPED,Puramate Pasta-Gomiti Rigate - macroni - 500g,272.0,2024-05,481157.89999999997,0.06
2024-05,UNMAPPED,UNMAPPED,egg 6,210.0,2024-05,481157.89999999997,0.04
2024-05,UNMAPPED,UNMAPPED,red paprika habit,199.0,2024-05,481157.89999999997,0.04
2024-05,UNMAPPED,UNMAPPED,rubber band,200.0,2024-05,481157.89999999997,0.04
2024-05,UNMAPPED,UNMAPPED,Hand Wash,95.0,2024-05,481157.89999999997,0.02
2024-05,UNMAPPED,UNMAPPED,Mango Crush Sauce 750ml Malas,110.66,2024-05,481157.89999999997,0.02
2024-05,UNMAPPED,UNMAPPED,ice cube/80,80.0,2024-05,481157.89999999997,0.02
2024-05,UNMAPPED,UNMAPPED,Green Peas,65.5,2024-05,481157.89999999997,0.01
2024-05,UNMAPPED,UNMAPPED,egg-6.50,65.0,2024-05,481157.89999999997,0.01
2024-05,UNMAPPED,UNMAPPED,Parsely-Veg,24.0,2024-05,481157.89999999997,0.0
2024-05,UNMAPPED,UNMAPPED,churanga,18.0,2024-05,481157.89999999997,0.0
2024-05,UNMAPPED,UNMAPPED,KOT Printing Rolls,-936.0,2024-05,481157.89999999997,-0.19
2024-05,UTILITIES & EXPENSES,lpg gas,Gas-LPG-HPCL,14380.0,2024-05,481157.89999999997,2.99
2024-05,VEGETABLES,baby corn,habit baby corn,1470.0,2024-05,481157.89999999997,0.31
2024-05,VEGETABLES,baby corn,Baby Corn Whole-450GM-Golden Crown,-980.0,2024-05,481157.89999999997,-0.2
2024-05,VEGETABLES,capsicum,Red yellow capsicum,360.0,2024-05,481157.89999999997,0.07
2024-05,VEGETABLES,capsicum,capsicum,148.0,2024-05,481157.89999999997,0.03
2024-05,VEGETABLES,fresh basil,Puramate Basil 250g Pouch,195.0,2024-05,481157.89999999997,0.04
2024-05,VEGETABLES,fresh basil,BASIL,68.0,2024-05,481157.89999999997,0.01
2024-05,VEGETABLES,garlic,Garlic-Veg,1500.0,2024-05,481157.89999999997,0.31
2024-05,VEGETABLES,ginger,Ginger-Veg,32.0,2024-05,481157.89999999997,0.01
2024-05,VEGETABLES,lemon,lemon,70.0,2024-05,481157.89999999997,0.01
2024-05,VEGETABLES,mushroom,G.Crown Mushroom Slice 800g,3564.0,2024-05,481157.89999999997,0.74
2024-05,VEGETABLES,onion,Onion-Veg,165.0,2024-05,481157.89999999997,0.03
2024-05,VEGETABLES,tomato,hybrid tomato,2085.0,2024-05,481157.89999999997,0.43
2024-05,VEGETABLES,tomato,tomato hibreed,430.0,2024-05,481157.89999999997,0.09
2024-05,VEGETABLES,tomato,tomato,60.0,2024-05,481157.89999999997,0.01
2024-04,BAKERY & PREMIX,bread premix,Bread Premix,216.0,2024-04,469828.19999999995,0.05
2024-04,BAKERY & PREMIX,brownie,Brownie,1540.0,2024-04,469828.19999999995,0.33
2024-04,BAKERY & PREMIX,pizza premix,Pizza Premix,3792.0,2024-04,469828.19999999995,0.81
2024-04,BEVERAGES,7up,7UP 1250ml Pet,2018.38,2024-04,469828.19999999995,0.43
2024-04,BEVERAGES,7up,7up pet 750ml,1650.24,2024-04,469828.19999999995,0.35
2024-04,BEVERAGES,7up,7up 250ml Pet,1225.0,2024-04,469828.19999999995,0.26
2024-04,BEVERAGES,7up,7up750mlpet,1203.3,2024-04,469828.19999999995,0.26
2024-04,BEVERAGES,7up,7UP 750ml Pet,1123.75,2024-04,469828.19999999995,0.24
2024-04,BEVERAGES,7up,7up 250ml Can,600.0,2024-04,469828.19999999995,0.13
2024-04,BEVERAGES,aqua fina,Aqua Fina Mineral Water 1Ltr,714.0,2024-04,469828.19999999995,0.15
2024-04,BEVERAGES,blue occean syrup,DVC BLUE OCCEAN FLV SYRUP 750ML,742.0,2024-04,469828.19999999995,0.16
2024-04,BEVERAGES,bubblegum syrup,DVC Bubblegum Syrup Syrup 750 ml,97.69999999999999,2024-04,469828.19999999995,0.02
2024-04,BEVERAGES,cucumber syrup,DVC Cucumber Syrup 750 ml,1113.0,2024-04,469828.19999999995,0.24
2024-04,BEVERAGES,dew,Dew 250ml Pet,997.5,2024-04,469828.19999999995,0.21
2024-04,BEVERAGES,dew,Dew 750ml Pet,891.25,2024-04,469828.19999999995,0.19
2024-04,BEVERAGES,dew,Dew 250ml Can,180.0,2024-04,469828.19999999995,0.04
2024-04,BEVERAGES,lehar soda,Lehar Soda,1053.4399999999998,2024-04,469828.19999999995,0.22
2024-04,BEVERAGES,mango syrup,DVC Mango Beverage Blend Syrup 750 ml,535.24,2024-04,469828.19999999995,0.11
2024-04,BEVERAGES,mirinda,Mirinda 750ml pet,687.6,2024-04,469828.19999999995,0.15
2024-04,BEVERAGES,mirinda,Mirinda 250ml pet,472.5,2024-04,469828.19999999995,0.1
2024-04,BEVERAGES,mixed berry syrup,DVC Mixed Berry Beverage Blend Syrup 750 ml,-662.4000000000001,2024-04,469828.19999999995,-0.14
2024-04,BEVERAGES,mojito mint,DVC MOJITO MINT 750ML,-2756.0,2024-04,469828.19999999995,-0.59
2024-04,BEVERAGES,passion fruit syrup,DVC PASSION FRUIT FLV SYRUP 750ML,2756.0,2024-04,469828.19999999995,0.59
2024-04,BEVERAGES,passion fruit syrup,DVC Passion Fruit 750ML,-1611.22,2024-04,469828.19999999995,-0.34
2024-04,BEVERAGES,peach syrup,DVC Peach GardenSyrup 750 ml,53.0,2024-04,469828.19999999995,0.01
2024-04,BEVERAGES,pepsi,Pepsi 750ml Pet,3506.76,2024-04,469828.19999999995,0.75
2024-04,BEVERAGES,pepsi,Pepsi 250ml Pet,2537.5,2024-04,469828.19999999995,0.54
2024-04,BEVERAGES,pepsi,Pepsi 1250ml Pet,1528.86,2024-04,469828.19999999995,0.33
2024-04,BEVERAGES,pepsi,Pepsi 250ml Can,930.0,2024-04,469828.19999999995,0.2
2024-04,BEVERAGES,slice mango,Slice Mango 600ml pet,721.8,2024-04,469828.19999999995,0.15
2024-04,BEVERAGES,slice mango,slice 350 ml,656.4,2024-04,469828.19999999995,0.14
2024-04,BEVERAGES,slice mango,Slice Mango 200ml pet,530.1,2024-04,469828.19999999995,0.11
2024-04,BEVERAGES,slice mango,Slice Mango 250ml pet,-353.4,2024-04,469828.19999999995,-0.08
2024-04,BEVERAGES,strawberry syrup,DVC Strawberry Syrup Syrup 750 ml,1954.08,2024-04,469828.19999999995,0.42
2024-04,BEVERAGES,strawberry syrup,DVC Strawberry Syrup 750 ml,341.96,2024-04,469828.19999999995,0.07
2024-04,BEVERAGES,strawberry syrup,straw,78.0,2024-04,469828.19999999995,0.02
2024-04,CHEESE & DAIRY,butter,butter,2356.0,2024-04,469828.19999999995,0.5
2024-04,CHEESE & DAIRY,butter,Butter Scotch Ice-cream,1159.5,2024-04,469828.19999999995,0.25
2024-04,CHEESE & DAIRY,butter,Butter Scotch Sauce 750ml,57.2,2024-04,469828.19999999995,0.01
2024-04,CHEESE & DAIRY,cheddar cheese,dynamix shredded cheese,10392.0,2024-04,469828.19999999995,2.21
2024-04,CHEESE & DAIRY,diced mozzarella,dynamic diced mozerella,25538.24,2024-04,469828.19999999995,5.44
2024-04,CHEESE & DAIRY,fresh cream,Flexi Cream Gold,2006.0000000000005,2024-04,469828.19999999995,0.43
2024-04,CHEESE & DAIRY,fresh cream,Chocolate Ice-cream,945.0,2024-04,469828.19999999995,0.2
2024-04,CHEESE & DAIRY,fresh cream,Vanilla Ice-cream 4ltr,544.0,2024-04,469828.19999999995,0.12
2024-04,CHEESE & DAIRY,fresh cream,Vanilla Ice-cream,494.55,2024-04,469828.19999999995,0.11
2024-04,CHEESE & DAIRY,fresh cream,Strawberry-Ice cream,251.5999999999999,2024-04,469828.19999999995,0.05
2024-04,CHEESE & DAIRY,fresh cream,Chocolate Ice-cream 4ltr,-1060.8,2024-04,469828.19999999995,-0.23
2024-04,CHEESE & DAIRY,milk,milk,937.5,2024-04,469828.19999999995,0.2
2024-04,CHEESE & DAIRY,milk,milk 28 milma,112.0,2024-04,469828.19999999995,0.02
2024-04,CHEESE & DAIRY,paneer,Paneer,1450.0,2024-04,469828.19999999995,0.31
2024-04,CHEESE & DAIRY,paneer,paneer,580.0,2024-04,469828.19999999995,0.12
2024-04,CHEESE & DAIRY,paneer,Paneer tikka masala,270.48,2024-04,469828.19999999995,0.06
2024-04,CHEESE & DAIRY,processed cheese,Processed cheese block,1375.0,2024-04,469828.19999999995,0.29
2024-04,CLEANING SUPPLIES,floor cleaning liquid,Floor Cleaning Liquid Soad,220.0,2024-04,469828.19999999995,0.05
2024-04,"FLOUR, GRAINS & DRY GOODS",atta,atta,249.0,2024-04,469828.19999999995,0.05
2024-04,"FLOUR, GRAINS & DRY GOODS",atta,Atta Loose,-61.5,2024-04,469828.19999999995,-0.01
2024-04,"FLOUR, GRAINS & DRY GOODS",corn meal,Corn Meal - MAKKA RAVA,-141.0,2024-04,469828.19999999995,-0.03
2024-04,"FLOUR, GRAINS & DRY GOODS",maida,Maida(Porotta 50kg),6290.0,2024-04,469828.19999999995,1.34
2024-04,"FLOUR, GRAINS & DRY GOODS",maida,maida 30kg,1290.0,2024-04,469828.19999999995,0.27
2024-04,"FLOUR, GRAINS & DRY GOODS",rice,staff rice,-200.0,2024-04,469828.19999999995,-0.04
2024-04,FROZEN ITEMS,fish finger,fish finger,237.89,2024-04,469828.19999999995,0.05
2024-04,FROZEN ITEMS,french fries,French Fries 6mm-Hungritos,9628.0,2024-04,469828.19999999995,2.05
2024-04,FROZEN ITEMS,french fries,french fry hungritos 2.5kg,-560.0,2024-04,469828.19999999995,-0.12
2024-04,FROZEN ITEMS,frozen sweet corn,Frozen Sweet Corn-Pal Fresh,374.5,2024-04,469828.19999999995,0.08
2024-04,FROZEN ITEMS,frozen sweet corn,Frozen Sweet Corn,-250.0,2024-04,469828.19999999995,-0.05
2024-04,FROZEN ITEMS,potato pops,POTATO POPS,263.47,2024-04,469828.19999999995,0.06
2024-04,FROZEN ITEMS,potato wedges,Mc Cain Potato Wedges 2.5kg,963.2,2024-04,469828.19999999995,0.21
2024-04,FROZEN ITEMS,savoury wedges,Savoury Wedges 2.5 KG,-464.8,2024-04,469828.19999999995,-0.1
2024-04,FRUITS,apple,DVC Green Apple 750 ML,795.0,2024-04,469828.19999999995,0.17
2024-04,FRUITS,cherry,Cherry,30.0,2024-04,469828.19999999995,0.01
2024-04,FRUITS,chicku pulp,Berry Fresh Chicku Pulp,616.0,2024-04,469828.19999999995,0.13
2024-04,FRUITS,pineapple,Pineapple slice-Tajir Habit-850g,1102.5,2024-04,469828.19999999995,0.23
2024-04,FRUITS,pineapple,Pineapple-Veg,-504.0,2024-04,469828.19999999995,-0.11
2024-04,FRUITS,tender coconut pulp,Berry Fresh Tender Coconut Pulp,756.0,2024-04,469828.19999999995,0.16
2024-04,FRUITS,watermelon,DVC Watermelon Syrup 750 ml,341.95,2024-04,469828.19999999995,0.07
2024-04,KITCHEN EQUIPMENT & UTENSILS,tripod,Tripod,296.0,2024-04,469828.19999999995,0.06
2024-04,MASALA & SEASONINGS,aromat seasoning,Aromat Seasoning Powder,-86.0,2024-04,469828.19999999995,-0.02
2024-04,MASALA & SEASONINGS,bbq mix,bbq mix,1488.0,2024-04,469828.19999999995,0.32
2024-04,MASALA & SEASONINGS,bbq mix,BBQ Mix Masala,-744.0,2024-04,469828.19999999995,-0.16
2024-04,MASALA & SEASONINGS,chilly flakes,chilly flakes sachet,461.24,2024-04,469828.19999999995,0.1
2024-04,MASALA & SEASONINGS,chilly flakes,Green Chilly-Veg,40.0,2024-04,469828.19999999995,0.01
2024-04,MASALA & SEASONINGS,chilly flakes,chilly flakes 500gm,29.25,2024-04,469828.19999999995,0.01
2024-04,MASALA & SEASONINGS,herb mix,Herb Mix Masla,-658.75,2024-04,469828.19999999995,-0.14
2024-04,MASALA & SEASONINGS,mexican mix,mexican mix,2697.5,2024-04,469828.19999999995,0.57
2024-04,MASALA & SEASONINGS,oregano,Oregano Sprinkler 500g,649.6,2024-04,469828.19999999995,0.14
2024-04,MASALA & SEASONINGS,oregano,OREGANO SACHET 0.8GM,220.0,2024-04,469828.19999999995,0.05
2024-04,MASALA & SEASONINGS,piri piri marinade,Piri Piri Marinade 1KG,-210.37,2024-04,469828.19999999995,-0.04
2024-04,MASALA & SEASONINGS,tandoori masala,Tandoori mix Masala,790.0,2024-04,469828.19999999995,0.17
2024-04,MASALA & SEASONINGS,tandoori masala,Tandoori Masala,-173.82,2024-04,469828.19999999995,-0.04
2024-04,MEAT & POULTRY,boneless chicken,bonless chicken,19983.4,2024-04,469828.19999999995,4.25
2024-04,MEAT & POULTRY,boneless chicken,Boneless Chicken,3222.54,2024-04,469828.19999999995,0.69
2024-04,MEAT & POULTRY,chicken kheema,Chicken Kheema  Masala,416.6400000000001,2024-04,469828.19999999995,0.09
2024-04,MEAT & POULTRY,chicken nuggets,Chicken Nuggets-Godrej-1kg,736.0,2024-04,469828.19999999995,0.16
2024-04,MEAT & POULTRY,chicken popcorn,CHICKEN POPCORN,249.87,2024-04,469828.19999999995,0.05
2024-04,MEAT & POULTRY,chicken salami,Zippy Chicken Salami,312.48,2024-04,469828.19999999995,0.07
2024-04,MEAT & POULTRY,lamb pepperoni,Lamp Pepperoni,537.0,2024-04,469828.19999999995,0.11
2024-04,MEAT & POULTRY,staff chicken,staff chicken,340.0,2024-04,469828.19999999995,0.07
2024-04,OILS,olive oil,habit olive oil,0.0,2024-04,469828.19999999995,0.0
2024-04,OILS,palm oil,Palm Oil - Refined Oil,1435.0,2024-04,469828.19999999995,0.31
2024-04,OILS,pomace olive oil,sano pomace olive oil,738.0,2024-04,469828.19999999995,0.16
2024-04,PACKAGING MATERIALS,bio bag,bio plate,-255.0,2024-04,469828.19999999995,-0.05
2024-04,PACKAGING MATERIALS,burger box,Mini Burger Box,180.0,2024-04,469828.19999999995,0.04
2024-04,PACKAGING MATERIALS,butter paper,butter papper,70.0,2024-04,469828.19999999995,0.01
2024-04,PACKAGING MATERIALS,cling flim,Cling Flim,0.0,2024-04,469828.19999999995,0.0
2024-04,PACKAGING MATERIALS,french fries box,French Fries Box,535.0,2024-04,469828.19999999995,0.11
2024-04,PACKAGING MATERIALS,garlic bread box,Garlic Bread Box,990.0,2024-04,469828.19999999995,0.21
2024-04,PACKAGING MATERIALS,large pizza box,Large Pizza Box,3519.45,2024-04,469828.19999999995,0.75
2024-04,PACKAGING MATERIALS,medium pizza box,Medium Pizza Box,4557.99,2024-04,469828.19999999995,0.97
2024-04,PACKAGING MATERIALS,paper bag,paper bags large,324.0,2024-04,469828.19999999995,0.07
2024-04,PACKAGING MATERIALS,paper bag,paper bags medium,198.0,2024-04,469828.19999999995,0.04
2024-04,PACKAGING MATERIALS,paper bag,paper bags regular,-270.0,2024-04,469828.19999999995,-0.06
2024-04,PACKAGING MATERIALS,paper glass,Paper Glass,-130.0,2024-04,469828.19999999995,-0.03
2024-04,PACKAGING MATERIALS,paper glass,Moktails Glass,-480.0,2024-04,469828.19999999995,-0.1
2024-04,PACKAGING MATERIALS,paper plate,Paper Plates,375.0,2024-04,469828.19999999995,0.08
2024-04,PACKAGING MATERIALS,paper straw,Paper Straw,-80.0,2024-04,469828.19999999995,-0.02
2024-04,PACKAGING MATERIALS,pasta container,Pasta Container Black,447.5,2024-04,469828.19999999995,0.1
2024-04,PACKAGING MATERIALS,plastic cover,plastic cover,240.0,2024-04,469828.19999999995,0.05
2024-04,PACKAGING MATERIALS,plastic cover,bio cover,-216.0,2024-04,469828.19999999995,-0.05
2024-04,PACKAGING MATERIALS,regular pizza box,Regular Pizza Box,3870.0,2024-04,469828.19999999995,0.82
2024-04,PACKAGING MATERIALS,salad bowl,Salad Bowl 250ml,84.0,2024-04,469828.19999999995,0.02
2024-04,PACKAGING MATERIALS,salad bowl,Salad Bowl 500ml,39.299999999999955,2024-04,469828.19999999995,0.01
2024-04,PACKAGING MATERIALS,salad bowl,Dip Bowl,-96.0,2024-04,469828.19999999995,-0.02
2024-04,PACKAGING MATERIALS,tissue,Tissue,-54.0,2024-04,469828.19999999995,-0.01
2024-04,PACKAGING MATERIALS,wooden fork,wooden fork,127.5,2024-04,469828.19999999995,0.03
2024-04,PACKAGING MATERIALS,wooden spoon,Wooden Spoon-140mm,85.8,2024-04,469828.19999999995,0.02
2024-04,PACKAGING MATERIALS,wooden spoon,wodden spoon,63.2,2024-04,469828.19999999995,0.01
2024-04,SAUCES & SPREADS,chocolate sauce,DVC CHocolate Sauce 2 LTR,1725.75,2024-04,469828.19999999995,0.37
2024-04,SAUCES & SPREADS,chocolate sauce,Malas Chocolate Sauce 5 ltr,-1060.0,2024-04,469828.19999999995,-0.23
2024-04,SAUCES & SPREADS,eggless mayonnaise,Veeba Eggless Mayonise Chef 1KG,1263.7799999999997,2024-04,469828.19999999995,0.27
2024-04,SAUCES & SPREADS,garlic chilli spread,chilli garlic spread,162.0,2024-04,469828.19999999995,0.03
2024-04,SAUCES & SPREADS,gouda flavoured dressing,Veeba Gouda Flavoured Dressing,813.1199999999999,2024-04,469828.19999999995,0.17
2024-04,SAUCES & SPREADS,honey mustard dressing,Honey,0.0,2024-04,469828.19999999995,0.0
2024-04,SAUCES & SPREADS,ketchup sachet,Veeba Ketchup Sachet,1605.0,2024-04,469828.19999999995,0.34
2024-04,SAUCES & SPREADS,makhani gravy,Veeba Makhani Gravy 1KG,210.0,2024-04,469828.19999999995,0.04
2024-04,SAUCES & SPREADS,pasta sauce,veeba pizza pasta sauce,5142.76,2024-04,469828.19999999995,1.09
2024-04,SAUCES & SPREADS,pizza sauce,Pizza sauce premix,0.0,2024-04,469828.19999999995,0.0
2024-04,SAUCES & SPREADS,pizza sauce,Veeba Pasta & Pizza Sauce 1KG,-2204.16,2024-04,469828.19999999995,-0.47
2024-04,SAUCES & SPREADS,schezwan sauce,Schezwan sauce,540.0,2024-04,469828.19999999995,0.11
2024-04,SAUCES & SPREADS,tandoori mayonnaise,Tandoori Tikka Marinade 500Grm,0.0,2024-04,469828.19999999995,0.0
2024-04,SAUCES & SPREADS,tandoori spread,Veeba Tandoori Spread-1kg,-217.0,2024-04,469828.19999999995,-0.05
2024-04,SAUCES & SPREADS,thousand island dressing,Veeba ThousandIsland Dressing 1KG,187.98000000000002,2024-04,469828.19999999995,0.04
2024-04,SAUCES & SPREADS,tomato ketchup,Veeba T. Ketchup 1.2KG,315.0,2024-04,469828.19999999995,0.07
2024-04,STATIONERY & MISC,pen,Puramate Pasta-Penne Rigatte 500g,884.0,2024-04,469828.19999999995,0.19
2024-04,STATIONERY & MISC,pen,HABIT JALAPENO SLICES 2.9 KG,834.0,2024-04,469828.19999999995,0.18
2024-04,UNMAPPED,UNMAPPED,grocery,14523.059999999998,2024-04,469828.19999999995,3.09
2024-04,UNMAPPED,UNMAPPED,veg,8777.9,2024-04,469828.19999999995,1.87
2024-04,UNMAPPED,UNMAPPED,KOT Printing Rolls,1560.0,2024-04,469828.19999999995,0.33
2024-04,UNMAPPED,UNMAPPED,black olive slice Habit,1506.3999999999996,2024-04,469828.19999999995,0.32
2024-04,UNMAPPED,UNMAPPED,eng veg,848.0,2024-04,469828.19999999995,0.18
2024-04,UNMAPPED,UNMAPPED,eng.veg,752.0,2024-04,469828.19999999995,0.16
2024-04,UNMAPPED,UNMAPPED,red paprika habit,398.0,2024-04,469828.19999999995,0.08
2024-04,UNMAPPED,UNMAPPED,bio covers,340.0,2024-04,469828.19999999995,0.07
2024-04,UNMAPPED,UNMAPPED,Brocoli,285.0,2024-04,469828.19999999995,0.06
2024-04,UNMAPPED,UNMAPPED,egg 7,182.0,2024-04,469828.19999999995,0.04
2024-04,UNMAPPED,UNMAPPED,Green Peas,117.9,2024-04,469828.19999999995,0.03
2024-04,UNMAPPED,UNMAPPED,egg 6,120.0,2024-04,469828.19999999995,0.03
2024-04,UNMAPPED,UNMAPPED,egg-6.50,130.0,2024-04,469828.19999999995,0.03
2024-04,UNMAPPED,UNMAPPED,ice cube/70,140.0,2024-04,469828.19999999995,0.03
2024-04,UNMAPPED,UNMAPPED,ice cube/80,80.0,2024-04,469828.19999999995,0.02
2024-04,UNMAPPED,UNMAPPED,Parsely-Veg,19.0,2024-04,469828.19999999995,0.0
2024-04,UNMAPPED,UNMAPPED,Puramate Pasta-Gomiti Rigate - macroni - 500g,0.0,2024-04,469828.19999999995,0.0
2024-04,UNMAPPED,UNMAPPED,Mango Crush Sauce 750ml Malas,-110.66,2024-04,469828.19999999995,-0.02
2024-04,UTILITIES & EXPENSES,lpg gas,Gas-LPG-HPCL,15430.0,2024-04,469828.19999999995,3.28
2024-04,VEGETABLES,baby corn,Baby Corn Whole-800GM-Tajir Habit,672.0,2024-04,469828.19999999995,0.14
2024-04,VEGETABLES,baby corn,habit baby corn,-196.0,2024-04,469828.19999999995,-0.04
2024-04,VEGETABLES,capsicum,Red yellow capsicum,132.0,2024-04,469828.19999999995,0.03
2024-04,VEGETABLES,fresh basil,BASIL,68.0,2024-04,469828.19999999995,0.01
2024-04,VEGETABLES,lemon,lemon,128.0,2024-04,469828.19999999995,0.03
2024-04,VEGETABLES,mint,DVC Mint Flavoured Syrup 750 ml,4298.8,2024-04,469828.19999999995,0.91
2024-04,VEGETABLES,mint,mint,20.0,2024-04,469828.19999999995,0.0
2024-04,VEGETABLES,mushroom,G.Crown Mushroom Slice 800g,3861.0,2024-04,469828.19999999995,0.82
2024-04,VEGETABLES,tomato,tomato hibreed,619.99,2024-04,469828.19999999995,0.13
2024-04,VEGETABLES,tomato,hybrid tomato,380.0,2024-04,469828.19999999995,0.08
2024-03,BAKERY & PREMIX,bread premix,Bread Premix,360.0,2024-03,331666.85,0.11
2024-03,BAKERY & PREMIX,brownie,Brownie,770.0,2024-03,331666.85,0.23
2024-03,BAKERY & PREMIX,pizza premix,Pizza Premix,3192.0,2024-03,331666.85,0.96
2024-03,BEVERAGES,7up,7up750mlpet,2716.02,2024-03,331666.85,0.82
2024-03,BEVERAGES,7up,7UP 1250ml Pet,1303.68,2024-03,331666.85,0.39
2024-03,BEVERAGES,7up,7up 250ml Pet,1120.0,2024-03,331666.85,0.34
2024-03,BEVERAGES,7up,7up 250ml Can,150.0,2024-03,331666.85,0.05
2024-03,BEVERAGES,7up,7UP 750ml Pet,-193.75,2024-03,331666.85,-0.06
2024-03,BEVERAGES,aqua fina,Aqua Fina Mineral Water 1Ltr,252.0,2024-03,331666.85,0.08
2024-03,BEVERAGES,blue occean syrup,DVC BLUE OCCEAN FLV SYRUP 750ML,278.8199999999997,2024-03,331666.85,0.08
2024-03,BEVERAGES,bubblegum syrup,DVC Bubblegum Syrup Syrup 750 ml,0.0,2024-03,331666.85,0.0
2024-03,BEVERAGES,cucumber syrup,DVC Cucumber Syrup 750 ml,-9.220000000000027,2024-03,331666.85,-0.0
2024-03,BEVERAGES,dew,Dew 750ml Pet,891.25,2024-03,331666.85,0.27
2024-03,BEVERAGES,dew,Dew 250ml Pet,472.5,2024-03,331666.85,0.14
2024-03,BEVERAGES,dew,Dew 250ml Can,270.0,2024-03,331666.85,0.08
2024-03,BEVERAGES,lehar soda,Lehar Soda,740.7,2024-03,331666.85,0.22
2024-03,BEVERAGES,mango syrup,DVC Mango Beverage Blend Syrup 750 ml,-76.46000000000004,2024-03,331666.85,-0.02
2024-03,BEVERAGES,mirinda,Mirinda 750ml pet,481.31999999999994,2024-03,331666.85,0.15
2024-03,BEVERAGES,mirinda,Mirinda 250ml pet,402.5,2024-03,331666.85,0.12
2024-03,BEVERAGES,mixed berry syrup,DVC Mixed Berry Beverage Blend Syrup 750 ml,681.8400000000001,2024-03,331666.85,0.21
2024-03,BEVERAGES,mojito mint,DVC MOJITO MINT 750ML,6265.05,2024-03,331666.85,1.89
2024-03,BEVERAGES,passion fruit syrup,DVC PASSION FRUIT FLV SYRUP 750ML,258.0799999999999,2024-03,331666.85,0.08
2024-03,BEVERAGES,peach syrup,DVC Peach GardenSyrup 750 ml,89.40999999999997,2024-03,331666.85,0.03
2024-03,BEVERAGES,pepsi,Pepsi 750ml Pet,1899.9099999999999,2024-03,331666.85,0.57
2024-03,BEVERAGES,pepsi,Pepsi 250ml Pet,1382.5,2024-03,331666.85,0.42
2024-03,BEVERAGES,pepsi,Pepsi 1250ml Pet,558.72,2024-03,331666.85,0.17
2024-03,BEVERAGES,pepsi,Pepsi 250ml Can,480.0,2024-03,331666.85,0.14
2024-03,BEVERAGES,slice mango,Slice Mango 600ml pet,520.83,2024-03,331666.85,0.16
2024-03,BEVERAGES,slice mango,Slice Mango 200ml pet,234.0,2024-03,331666.85,0.07
2024-03,BEVERAGES,strawberry syrup,DVC Strawberry Syrup 750 ml,488.52,2024-03,331666.85,0.15
2024-03,BEVERAGES,strawberry syrup,DVC Strawberry Syrup Syrup 750 ml,-1954.08,2024-03,331666.85,-0.59
2024-03,CHEESE & DAIRY,butter,Butter Scotch Ice-cream,773.0,2024-03,331666.85,0.23
2024-03,CHEESE & DAIRY,butter,Paneer Tikka Butter Masala,562.5,2024-03,331666.85,0.17
2024-03,CHEESE & DAIRY,butter,butter,76.0,2024-03,331666.85,0.02
2024-03,CHEESE & DAIRY,butter,Butter Scotch Sauce 750ml,18.4,2024-03,331666.85,0.01
2024-03,CHEESE & DAIRY,cheddar cheese,GO Orange Cheddar Cheese 2kg,396.55,2024-03,331666.85,0.12
2024-03,CHEESE & DAIRY,diced mozzarella,dynamic diced mozerella,27836.440000000002,2024-03,331666.85,8.39
2024-03,CHEESE & DAIRY,fresh cream,Vanilla Ice-cream 4ltr,1632.0,2024-03,331666.85,0.49
2024-03,CHEESE & DAIRY,fresh cream,Chocolate Ice-cream 4ltr,1586.0,2024-03,331666.85,0.48
2024-03,CHEESE & DAIRY,fresh cream,Flexi Cream Gold,1156.3999999999996,2024-03,331666.85,0.35
2024-03,CHEESE & DAIRY,fresh cream,Strawberry-Ice cream,71.61000000000013,2024-03,331666.85,0.02
2024-03,CHEESE & DAIRY,fresh cream,Vanilla Ice-cream,-494.55,2024-03,331666.85,-0.15
2024-03,CHEESE & DAIRY,fresh cream,Chocolate Ice-cream,-945.0,2024-03,331666.85,-0.28
2024-03,CHEESE & DAIRY,milk,Milkymist Cheese BLock 1KG,2750.0,2024-03,331666.85,0.83
2024-03,CHEESE & DAIRY,milk,milk,1162.5,2024-03,331666.85,0.35
2024-03,CHEESE & DAIRY,milk,milk 28 milma,448.0,2024-03,331666.85,0.14
2024-03,CHEESE & DAIRY,monterey jack,GO-Monterey Jack Cheese-2kg,610.0,2024-03,331666.85,0.18
2024-03,CHEESE & DAIRY,paneer,Paneer,1160.0,2024-03,331666.85,0.35
2024-03,CHEESE & DAIRY,paneer,Paneer tikka masala,-386.4000000000001,2024-03,331666.85,-0.12
2024-03,CHEESE & DAIRY,processed cheese,Processed cheese block,-1650.0,2024-03,331666.85,-0.5
2024-03,CLEANING SUPPLIES,ant powder,tandoori tikka powder,575.0,2024-03,331666.85,0.17
2024-03,"FLOUR, GRAINS & DRY GOODS",atta,atta,378.0,2024-03,331666.85,0.11
2024-03,"FLOUR, GRAINS & DRY GOODS",corn meal,Corn Meal - MAKKA RAVA,0.0,2024-03,331666.85,0.0
2024-03,"FLOUR, GRAINS & DRY GOODS",maida,maida,2094.0,2024-03,331666.85,0.63
2024-03,"FLOUR, GRAINS & DRY GOODS",maida,Maida(Porotta 50kg),-2110.0,2024-03,331666.85,-0.64
2024-03,FROZEN ITEMS,fish finger,fish finger,118.94,2024-03,331666.85,0.04
2024-03,FROZEN ITEMS,french fries,French Fries 6mm-Funwave,4068.0,2024-03,331666.85,1.23
2024-03,FROZEN ITEMS,french fries,French Fries 6mm-Hungritos,1422.2399999999998,2024-03,331666.85,0.43
2024-03,FROZEN ITEMS,french fries,french fry hungritos 2.5kg,700.0,2024-03,331666.85,0.21
2024-03,FROZEN ITEMS,frozen sweet corn,Frozen Sweet Corn-Pal Fresh,540.5,2024-03,331666.85,0.16
2024-03,FROZEN ITEMS,potato pops,POTATO POPS,-60.80000000000004,2024-03,331666.85,-0.02
2024-03,FROZEN ITEMS,potato wedges,Mc Cain Potato Wedges 2.5kg,-963.2,2024-03,331666.85,-0.29
2024-03,FROZEN ITEMS,savoury wedges,Savoury Wedges 2.5 KG,743.68,2024-03,331666.85,0.22
2024-03,FRUITS,apple,DVC Green Apple 750 ML,161.25,2024-03,331666.85,0.05
2024-03,FRUITS,chicku pulp,Berry Fresh Chicku Pulp,84.0,2024-03,331666.85,0.03
2024-03,FRUITS,pineapple,Pineapple slice-Tajir Habit-500g,220.5,2024-03,331666.85,0.07
2024-03,FRUITS,pineapple,Pineapple slice-Tajir Habit-850g,0.0,2024-03,331666.85,0.0
2024-03,FRUITS,tender coconut pulp,Berry Fresh Tender Coconut Pulp,144.0,2024-03,331666.85,0.04
2024-03,FRUITS,watermelon,DVC Watermelon Syrup 750 ml,146.54999999999995,2024-03,331666.85,0.04
2024-03,KITCHEN EQUIPMENT & UTENSILS,tripod,Tripod,148.0,2024-03,331666.85,0.04
2024-03,MASALA & SEASONINGS,aromat seasoning,Aromat Seasoning Powder,172.0,2024-03,331666.85,0.05
2024-03,MASALA & SEASONINGS,bbq mix,BBQ Mix Masala,883.5,2024-03,331666.85,0.27
2024-03,MASALA & SEASONINGS,bbq mix,bbq mix,-558.0,2024-03,331666.85,-0.17
2024-03,MASALA & SEASONINGS,chilly flakes,CHILLY FLAKES SACHET 0.8GM,1275.0,2024-03,331666.85,0.38
2024-03,MASALA & SEASONINGS,chilly flakes,Green Chilly-Veg,40.0,2024-03,331666.85,0.01
2024-03,MASALA & SEASONINGS,chilly flakes,chilly flakes 500gm,9.75,2024-03,331666.85,0.0
2024-03,MASALA & SEASONINGS,chilly flakes,chilly flakes sachet,-601.64,2024-03,331666.85,-0.18
2024-03,MASALA & SEASONINGS,herb mix,Herb Mix Masla,212.5,2024-03,331666.85,0.06
2024-03,MASALA & SEASONINGS,mexican masala,Mexican Masala,5768.5,2024-03,331666.85,1.74
2024-03,MASALA & SEASONINGS,mexican mix,mexican mix,-1452.5,2024-03,331666.85,-0.44
2024-03,MASALA & SEASONINGS,oregano,OREGANO SACHET 0.8GM,1100.0,2024-03,331666.85,0.33
2024-03,MASALA & SEASONINGS,oregano,Oregano Sprinkler 500g,-227.3599999999999,2024-03,331666.85,-0.07
2024-03,MASALA & SEASONINGS,piri piri marinade,Piri Piri Marinade 1KG,93.5,2024-03,331666.85,0.03
2024-03,MASALA & SEASONINGS,tandoori masala,Tandoori mix Masala,2567.5,2024-03,331666.85,0.77
2024-03,MASALA & SEASONINGS,tandoori masala,Tandoori Masala,30.02,2024-03,331666.85,0.01
2024-03,MEAT & POULTRY,boneless chicken,Boneless Chicken,15161.57,2024-03,331666.85,4.57
2024-03,MEAT & POULTRY,chicken kheema,chicken kheema masala,1300.0,2024-03,331666.85,0.39
2024-03,MEAT & POULTRY,chicken kheema,Chicken Kheema  Masala,-1132.7400000000002,2024-03,331666.85,-0.34
2024-03,MEAT & POULTRY,chicken nuggets,Chicken Nuggets-Godrej-1kg,736.0,2024-03,331666.85,0.22
2024-03,MEAT & POULTRY,chicken popcorn,CHICKEN POPCORN,510.05,2024-03,331666.85,0.15
2024-03,MEAT & POULTRY,chicken salami,SALAMI,558.0,2024-03,331666.85,0.17
2024-03,MEAT & POULTRY,chicken salami,Zippy Chicken Salami,-312.48,2024-03,331666.85,-0.09
2024-03,MEAT & POULTRY,lamb pepperoni,Lamp Pepperoni,134.25,2024-03,331666.85,0.04
2024-03,MEAT & POULTRY,staff chicken,Chicken-Whole-Staff,1224.0,2024-03,331666.85,0.37
2024-03,OILS,olive oil,habit olive oil,-218.69999999999982,2024-03,331666.85,-0.07
2024-03,OILS,palm oil,oil,988.0,2024-03,331666.85,0.3
2024-03,OILS,palm oil,Palm Oil - Refined Oil,-460.0,2024-03,331666.85,-0.14
2024-03,PACKAGING MATERIALS,burger box,Mini Burger Box,300.0,2024-03,331666.85,0.09
2024-03,PACKAGING MATERIALS,french fries box,French Fries Box,535.0,2024-03,331666.85,0.16
2024-03,PACKAGING MATERIALS,garlic bread box,Garlic Bread Box,375.0,2024-03,331666.85,0.11
2024-03,PACKAGING MATERIALS,large pizza box,Large Pizza Box,2227.5,2024-03,331666.85,0.67
2024-03,PACKAGING MATERIALS,medium pizza box,Medium Pizza Box,1786.5,2024-03,331666.85,0.54
2024-03,PACKAGING MATERIALS,paper bag,Paper bags regular,1250.0,2024-03,331666.85,0.38
2024-03,PACKAGING MATERIALS,paper bag,paper bags medium,1034.0,2024-03,331666.85,0.31
2024-03,PACKAGING MATERIALS,paper bag,paper bags regular,960.0,2024-03,331666.85,0.29
2024-03,PACKAGING MATERIALS,paper bag,paper bags large,684.0,2024-03,331666.85,0.21
2024-03,PACKAGING MATERIALS,paper glass,mocktail glass,1600.0,2024-03,331666.85,0.48
2024-03,PACKAGING MATERIALS,paper glass,Moktails Glass,200.0,2024-03,331666.85,0.06
2024-03,PACKAGING MATERIALS,paper glass,Paper Glass,100.0,2024-03,331666.85,0.03
2024-03,PACKAGING MATERIALS,paper plate,Paper Plates,55.0,2024-03,331666.85,0.02
2024-03,PACKAGING MATERIALS,paper straw,Paper Straw Small,70.0,2024-03,331666.85,0.02
2024-03,PACKAGING MATERIALS,paper straw,Paper Straw,-40.0,2024-03,331666.85,-0.01
2024-03,PACKAGING MATERIALS,pasta container,Pasta Container Black,1029.25,2024-03,331666.85,0.31
2024-03,PACKAGING MATERIALS,regular pizza box,Regular Pizza Box,4050.0,2024-03,331666.85,1.22
2024-03,PACKAGING MATERIALS,salad bowl,Salad Bowl 250ml,324.72,2024-03,331666.85,0.1
2024-03,PACKAGING MATERIALS,salad bowl,Salad Bowl 500ml,314.4000000000001,2024-03,331666.85,0.09
2024-03,PACKAGING MATERIALS,salad bowl,Dip Bowl,200.0,2024-03,331666.85,0.06
2024-03,PACKAGING MATERIALS,tissue,Tissue,36.0,2024-03,331666.85,0.01
2024-03,PACKAGING MATERIALS,wooden fork,Wooden Fork-160mm,100.0,2024-03,331666.85,0.03
2024-03,PACKAGING MATERIALS,wooden spoon,Wooden Spoon,180.0,2024-03,331666.85,0.05
2024-03,PACKAGING MATERIALS,wooden spoon,Wooden Spoon-140mm,-85.8,2024-03,331666.85,-0.03
2024-03,SAUCES & SPREADS,chocolate sauce,Malas Chocolate Sauce 5 ltr,1060.0,2024-03,331666.85,0.32
2024-03,SAUCES & SPREADS,chocolate sauce,DVC CHocolate Sauce 2 LTR,-1725.75,2024-03,331666.85,-0.52
2024-03,SAUCES & SPREADS,eggless mayonnaise,Veeba Eggless Mayonise Chef 1KG,1123.36,2024-03,331666.85,0.34
2024-03,SAUCES & SPREADS,eggless mayonnaise,egg,318.6,2024-03,331666.85,0.1
2024-03,SAUCES & SPREADS,garlic chilli spread,chilli garlic spread,162.0,2024-03,331666.85,0.05
2024-03,SAUCES & SPREADS,gouda flavoured dressing,Veeba Gouda Flavoured Dressing,1219.68,2024-03,331666.85,0.37
2024-03,SAUCES & SPREADS,ketchup sachet,Veeba Ketchup Sachet,-607.5,2024-03,331666.85,-0.18
2024-03,SAUCES & SPREADS,makhani gravy,Veeba Makhani Gravy 1KG,420.0,2024-03,331666.85,0.13
2024-03,SAUCES & SPREADS,pasta sauce,veeba pizza pasta sauce,4224.41,2024-03,331666.85,1.27
2024-03,SAUCES & SPREADS,pizza sauce,Pizza sauce premix,1690.0,2024-03,331666.85,0.51
2024-03,SAUCES & SPREADS,schezwan sauce,Schezwan sauce,0.0,2024-03,331666.85,0.0
2024-03,SAUCES & SPREADS,tandoori mayonnaise,Tandoori Tikka Marinade 500Grm,-4025.0,2024-03,331666.85,-1.21
2024-03,SAUCES & SPREADS,tandoori spread,Veeba Tandoori Spread-1kg,1085.0,2024-03,331666.85,0.33
2024-03,SAUCES & SPREADS,thousand island dressing,Veeba ThousandIsland Dressing 1KG,375.98,2024-03,331666.85,0.11
2024-03,SAUCES & SPREADS,tomato ketchup,tomato ketchup,630.0,2024-03,331666.85,0.19
2024-03,SAUCES & SPREADS,tomato ketchup,Veeba T. Ketchup 1.2KG,-315.0,2024-03,331666.85,-0.09
2024-03,STATIONERY & MISC,cash voucher book,Cash Voucher Book,165.0,2024-03,331666.85,0.05
2024-03,STATIONERY & MISC,file folder,file folder,72.0,2024-03,331666.85,0.02
2024-03,STATIONERY & MISC,pen,HABIT JALAPENO SLICES 2.9 KG,556.0,2024-03,331666.85,0.17
2024-03,STATIONERY & MISC,pen,Puramate Pasta-Penne Rigatte 500g,408.0,2024-03,331666.85,0.12
2024-03,STATIONERY & MISC,sticker,sticker,70.0,2024-03,331666.85,0.02
2024-03,UNMAPPED,UNMAPPED,grocery,15662.59,2024-03,331666.85,4.72
2024-03,UNMAPPED,UNMAPPED,veg,7431.98,2024-03,331666.85,2.24
2024-03,UNMAPPED,UNMAPPED,eng veg,1074.98,2024-03,331666.85,0.32
2024-03,UNMAPPED,UNMAPPED,black olive slice Habit,590.24,2024-03,331666.85,0.18
2024-03,UNMAPPED,UNMAPPED,red paprika habit,398.0,2024-03,331666.85,0.12
2024-03,UNMAPPED,UNMAPPED,Puramate Pasta-Gomiti Rigate - macroni - 500g,170.0,2024-03,331666.85,0.05
2024-03,UNMAPPED,UNMAPPED,bio covers,170.0,2024-03,331666.85,0.05
2024-03,UNMAPPED,UNMAPPED,egg 7,147.0,2024-03,331666.85,0.04
2024-03,UNMAPPED,UNMAPPED,Ice cube,80.0,2024-03,331666.85,0.02
2024-03,UNMAPPED,UNMAPPED,Puramate Pasta-Gomiti Rigate 500g,68.0,2024-03,331666.85,0.02
2024-03,UNMAPPED,UNMAPPED,egg 40,40.02,2024-03,331666.85,0.01
2024-03,UNMAPPED,UNMAPPED,Green Peas,-11.0,2024-03,331666.85,-0.0
2024-03,UNMAPPED,UNMAPPED,KOT Printing Rolls,0.0,2024-03,331666.85,0.0
2024-03,UTILITIES & EXPENSES,lpg gas,Gas-LPG-HPCL,11900.0,2024-03,331666.85,3.59
2024-03,VEGETABLES,baby corn,habit baby corn,882.0,2024-03,331666.85,0.27
2024-03,VEGETABLES,baby corn,Baby Corn Whole-800GM-Tajir Habit,-672.0,2024-03,331666.85,-0.2
2024-03,VEGETABLES,fresh basil,Puramate Basil 250g Pouch,243.75,2024-03,331666.85,0.07
2024-03,VEGETABLES,mint,DVC Mint Flavoured Syrup 750 ml,-4298.8,2024-03,331666.85,-1.3
2024-03,VEGETABLES,mushroom,G.Crown Mushroom Slice 800g,2871.0,2024-03,331666.85,0.87
2024-03,VEGETABLES,tomato,tomato,60.0,2024-03,331666.85,0.02
2024-02,BAKERY & PREMIX,bread premix,Bread Premix,144.0,2024-02,338566.7,0.04
2024-02,BAKERY & PREMIX,brownie,Brownie,1540.0,2024-02,338566.7,0.45
2024-02,BAKERY & PREMIX,pizza premix,Pizza Premix,4776.0,2024-02,338566.7,1.41
2024-02,BEVERAGES,7up,7UP 750ml Pet,2790.0,2024-02,338566.7,0.82
2024-02,BEVERAGES,7up,7UP 1250ml Pet,1489.92,2024-02,338566.7,0.44
2024-02,BEVERAGES,7up,7up 250ml Pet,1032.5,2024-02,338566.7,0.3
2024-02,BEVERAGES,7up,7up pet 750ml,930.0,2024-02,338566.7,0.27
2024-02,BEVERAGES,7up,7up 250ml Can,180.0,2024-02,338566.7,0.05
2024-02,BEVERAGES,7up,7up750mlpet,-1065.7800000000002,2024-02,338566.7,-0.31
2024-02,BEVERAGES,aqua fina,Aqua Fina Mineral Water 1Ltr,279.99,2024-02,338566.7,0.08
2024-02,BEVERAGES,blue occean syrup,DVC BLUE OCCEAN FLV SYRUP 750ML,439.66999999999985,2024-02,338566.7,0.13
2024-02,BEVERAGES,bubblegum syrup,DVC Bubblegum Syrup Syrup 750 ml,0.0,2024-02,338566.7,0.0
2024-02,BEVERAGES,cucumber syrup,DVC Cucumber Syrup 750 ml,0.0,2024-02,338566.7,0.0
2024-02,BEVERAGES,dew,Dew 250ml Pet,700.0,2024-02,338566.7,0.21
2024-02,BEVERAGES,dew,Dew 250ml Can,660.0,2024-02,338566.7,0.19
2024-02,BEVERAGES,dew,Dew 750ml Pet,593.2,2024-02,338566.7,0.18
2024-02,BEVERAGES,lehar soda,Lehar Soda,658.3999999999999,2024-02,338566.7,0.19
2024-02,BEVERAGES,mango syrup,DVC Mango Beverage Blend Syrup 750 ml,-764.64,2024-02,338566.7,-0.23
2024-02,BEVERAGES,mirinda,Mirinda 250ml pet,385.0,2024-02,338566.7,0.11
2024-02,BEVERAGES,mirinda,Mirinda 750ml pet,137.52000000000004,2024-02,338566.7,0.04
2024-02,BEVERAGES,mixed berry syrup,DVC Mixed Berry Beverage Blend Syrup 750 ml,229.39,2024-02,338566.7,0.07
2024-02,BEVERAGES,mojito mint,Mojito Menta Cubano,2931.12,2024-02,338566.7,0.87
2024-02,BEVERAGES,mojito mint,DVC MOJITO MINT 750ML,-3615.05,2024-02,338566.7,-1.07
2024-02,BEVERAGES,passion fruit syrup,DVC Passion Fruit 750ML,1269.45,2024-02,338566.7,0.37
2024-02,BEVERAGES,passion fruit syrup,DVC PASSION FRUIT FLV SYRUP 750ML,-977.04,2024-02,338566.7,-0.29
2024-02,BEVERAGES,peach syrup,DVC Peach GardenSyrup 750 ml,0.0,2024-02,338566.7,0.0
2024-02,BEVERAGES,pepsi,Pepsi 750ml Pet,1474.5500000000002,2024-02,338566.7,0.44
2024-02,BEVERAGES,pepsi,Pepsi 250ml Pet,1382.5,2024-02,338566.7,0.41
2024-02,BEVERAGES,pepsi,Pepsi 1250ml Pet,807.04,2024-02,338566.7,0.24
2024-02,BEVERAGES,pepsi,Pepsi 250ml Can,510.0,2024-02,338566.7,0.15
2024-02,BEVERAGES,slice mango,Slice Mango 200ml pet,364.0,2024-02,338566.7,0.11
2024-02,BEVERAGES,slice mango,Slice Mango 600ml pet,206.28000000000003,2024-02,338566.7,0.06
2024-02,BEVERAGES,strawberry syrup,DVC Strawberry Syrup 750 ml,146.55999999999995,2024-02,338566.7,0.04
2024-02,BEVERAGES,strawberry syrup,Strawberry sause 750,143.0,2024-02,338566.7,0.04
2024-02,CHEESE & DAIRY,butter,butter,988.0,2024-02,338566.7,0.29
2024-02,CHEESE & DAIRY,butter,Paneer Tikka Butter Masala,375.0,2024-02,338566.7,0.11
2024-02,CHEESE & DAIRY,butter,Butter Scotch Ice-cream,231.9000000000001,2024-02,338566.7,0.07
2024-02,CHEESE & DAIRY,butter,Butter Scotch Sauce 750ml,9.200000000000003,2024-02,338566.7,0.0
2024-02,CHEESE & DAIRY,cheddar cheese,GO Orange Cheddar Cheese 2kg,0.0,2024-02,338566.7,0.0
2024-02,CHEESE & DAIRY,colby cheese,GO Colby Cheese Block 2kg,488.0,2024-02,338566.7,0.14
2024-02,CHEESE & DAIRY,diced mozzarella,dynamic diced mozerella,19624.0,2024-02,338566.7,5.8
2024-02,CHEESE & DAIRY,fresh cream,Flexi Cream Gold,1752.3000000000002,2024-02,338566.7,0.52
2024-02,CHEESE & DAIRY,fresh cream,Vanilla Ice-cream 4ltr,1305.6,2024-02,338566.7,0.39
2024-02,CHEESE & DAIRY,fresh cream,Chocolate Ice-cream 4ltr,385.0,2024-02,338566.7,0.11
2024-02,CHEESE & DAIRY,fresh cream,Strawberry-Ice cream,-689.1100000000001,2024-02,338566.7,-0.2
2024-02,CHEESE & DAIRY,milk,milk,587.5,2024-02,338566.7,0.17
2024-02,CHEESE & DAIRY,milk,milk 28 milma,336.0,2024-02,338566.7,0.1
2024-02,CHEESE & DAIRY,milk,Milkymist Cheese BLock 1KG,-1100.0,2024-02,338566.7,-0.32
2024-02,CHEESE & DAIRY,monterey jack,GO-Monterey Jack Cheese-2kg,-610.0,2024-02,338566.7,-0.18
2024-02,CHEESE & DAIRY,mozzarella,AMUL Mozzarella Diced 1Kg,15648.0,2024-02,338566.7,4.62
2024-02,CHEESE & DAIRY,paneer,Paneer,290.0,2024-02,338566.7,0.09
2024-02,CHEESE & DAIRY,processed cheese,Processed cheese block,1925.0,2024-02,338566.7,0.57
2024-02,CLEANING SUPPLIES,washing powder,washing powder,29.0,2024-02,338566.7,0.01
2024-02,"FLOUR, GRAINS & DRY GOODS",maida,maida 30kg,1284.9,2024-02,338566.7,0.38
2024-02,"FLOUR, GRAINS & DRY GOODS",masoor dal,Masoor-Red,120.0,2024-02,338566.7,0.04
2024-02,"FLOUR, GRAINS & DRY GOODS",rice,staff rice 26kg,2245.88,2024-02,338566.7,0.66
2024-02,"FLOUR, GRAINS & DRY GOODS",soya chunks,Soya loose,177.0,2024-02,338566.7,0.05
2024-02,"FLOUR, GRAINS & DRY GOODS",sugar,Sugar-Loose,58.8,2024-02,338566.7,0.02
2024-02,"FLOUR, GRAINS & DRY GOODS",tea,AVT Premium Tea,75.0,2024-02,338566.7,0.02
2024-02,FROZEN ITEMS,fish finger,fish finger,237.89000000000004,2024-02,338566.7,0.07
2024-02,FROZEN ITEMS,french fries,French Fries 6mm-Hungritos,5900.76,2024-02,338566.7,1.74
2024-02,FROZEN ITEMS,french fries,French Fries 6mm-Funwave 2.5 KG,3390.0,2024-02,338566.7,1.0
2024-02,FROZEN ITEMS,french fries,french fry hungritos 2.5kg,-700.0,2024-02,338566.7,-0.21
2024-02,FROZEN ITEMS,french fries,French Fries 6mm-Funwave,-4068.0,2024-02,338566.7,-1.2
2024-02,FROZEN ITEMS,frozen sweet corn,Frozen Sweet Corn-Pal Fresh,495.0,2024-02,338566.7,0.15
2024-02,FROZEN ITEMS,potato pops,POTATO POPS,0.0,2024-02,338566.7,0.0
2024-02,FROZEN ITEMS,savoury wedges,Savoury Wedges 2.5 KG,-111.54999999999995,2024-02,338566.7,-0.03
2024-02,FRUITS,apple,DVC Green Apple 750 ML,586.2,2024-02,338566.7,0.17
2024-02,FRUITS,chicku pulp,Berry Fresh Chicku Pulp,-140.0,2024-02,338566.7,-0.04
2024-02,FRUITS,pineapple,Pineapple slice-Tajir Habit-500g,220.5,2024-02,338566.7,0.07
2024-02,FRUITS,tender coconut pulp,Berry Fresh Tender Coconut Pulp,-180.0,2024-02,338566.7,-0.05
2024-02,FRUITS,watermelon,DVC Watermelon Syrup 750 ml,-293.0999999999999,2024-02,338566.7,-0.09
2024-02,KITCHEN EQUIPMENT & UTENSILS,tripod,Tripod,-444.0,2024-02,338566.7,-0.13
2024-02,MASALA & SEASONINGS,bbq mix,BBQ Mix Masala,511.5,2024-02,338566.7,0.15
2024-02,MASALA & SEASONINGS,chicken masala,Tandoori Chicken Masala-Bakers,65.0,2024-02,338566.7,0.02
2024-02,MASALA & SEASONINGS,chicken masala,chicken masala,50.0,2024-02,338566.7,0.01
2024-02,MASALA & SEASONINGS,chilli powder,Chilly Powder 1kg-Eastern,135.3,2024-02,338566.7,0.04
2024-02,MASALA & SEASONINGS,chilly flakes,chilly flakes sachet,547.56,2024-02,338566.7,0.16
2024-02,MASALA & SEASONINGS,chilly flakes,CHILLY FLAKES SACHET 0.8GM,85.0,2024-02,338566.7,0.03
2024-02,MASALA & SEASONINGS,chilly flakes,chilly flakes 500gm,0.0,2024-02,338566.7,0.0
2024-02,MASALA & SEASONINGS,coriander powder,Coriander Powder-loose,48.0,2024-02,338566.7,0.01
2024-02,MASALA & SEASONINGS,herb mix,Herb Mix Masla,595.0,2024-02,338566.7,0.18
2024-02,MASALA & SEASONINGS,mexican masala,Mexican Masala,-2033.5,2024-02,338566.7,-0.6
2024-02,MASALA & SEASONINGS,oregano,Oregano Sprinkler 500g,2565.92,2024-02,338566.7,0.76
2024-02,MASALA & SEASONINGS,oregano,OREGANO SACHET 0.8GM,-990.0,2024-02,338566.7,-0.29
2024-02,MASALA & SEASONINGS,piri piri marinade,Piri Piri Marinade 1KG,654.48,2024-02,338566.7,0.19
2024-02,MASALA & SEASONINGS,salt,Salt,28.0,2024-02,338566.7,0.01
2024-02,MASALA & SEASONINGS,tandoori masala,Tandoori mix Masala,900.5999999999999,2024-02,338566.7,0.27
2024-02,MASALA & SEASONINGS,tandoori masala,Tandoori Masala,-56.28,2024-02,338566.7,-0.02
2024-02,MASALA & SEASONINGS,turmeric powder,Turmeric Powder,35.0,2024-02,338566.7,0.01
2024-02,MEAT & POULTRY,boneless chicken,Boneless Chicken,14568.29,2024-02,338566.7,4.3
2024-02,MEAT & POULTRY,chicken kheema,Chicken Kheema  Masala,-169.26,2024-02,338566.7,-0.05
2024-02,MEAT & POULTRY,chicken nuggets,Chicken Nuggets-Godrej-1kg,672.0,2024-02,338566.7,0.2
2024-02,MEAT & POULTRY,chicken popcorn,CHICKEN POPCORN,-283.36,2024-02,338566.7,-0.08
2024-02,MEAT & POULTRY,chicken salami,Zippy Chicken Salami,937.44,2024-02,338566.7,0.28
2024-02,MEAT & POULTRY,chicken salami,SALAMI,-558.0,2024-02,338566.7,-0.16
2024-02,MEAT & POULTRY,lamb pepperoni,Lamp Pepperoni,581.75,2024-02,338566.7,0.17
2024-02,MEAT & POULTRY,staff chicken,Chicken-Whole-Staff,1200.0,2024-02,338566.7,0.35
2024-02,MEAT & POULTRY,whole chicken,Chicken-Whole-Staff 310,310.0,2024-02,338566.7,0.09
2024-02,OILS,mustard oil,Mustard-Oil,186.0,2024-02,338566.7,0.05
2024-02,OILS,olive oil,habit olive oil,553.5,2024-02,338566.7,0.16
2024-02,PACKAGING MATERIALS,burger box,Mini Burger Box,150.0,2024-02,338566.7,0.04
2024-02,PACKAGING MATERIALS,french fries box,French Fries Box,535.0,2024-02,338566.7,0.16
2024-02,PACKAGING MATERIALS,garlic bread box,Garlic Bread Box,450.0,2024-02,338566.7,0.13
2024-02,PACKAGING MATERIALS,large pizza box,Large Pizza Box,2227.5,2024-02,338566.7,0.66
2024-02,PACKAGING MATERIALS,medium pizza box,Medium Pizza Box,2300.0,2024-02,338566.7,0.68
2024-02,PACKAGING MATERIALS,paper bag,paper bags regular,940.0,2024-02,338566.7,0.28
2024-02,PACKAGING MATERIALS,paper bag,paper bags large,588.0,2024-02,338566.7,0.17
2024-02,PACKAGING MATERIALS,paper bag,paper bags medium,321.3,2024-02,338566.7,0.09
2024-02,PACKAGING MATERIALS,paper glass,Moktails Glass,400.0,2024-02,338566.7,0.12
2024-02,PACKAGING MATERIALS,paper glass,Paper Glass,-100.0,2024-02,338566.7,-0.03
2024-02,PACKAGING MATERIALS,paper plate,Paper Plates,-100.0,2024-02,338566.7,-0.03
2024-02,PACKAGING MATERIALS,paper straw,Paper Straw Small,-70.0,2024-02,338566.7,-0.02
2024-02,PACKAGING MATERIALS,pasta container,Pasta Container Black,1467.8000000000002,2024-02,338566.7,0.43
2024-02,PACKAGING MATERIALS,plastic cover,bio cover,540.0,2024-02,338566.7,0.16
2024-02,PACKAGING MATERIALS,plastic cover,Plastic Cover 12X16,472.5,2024-02,338566.7,0.14
2024-02,PACKAGING MATERIALS,plastic cover,Plastic Cover 16X20,390.0,2024-02,338566.7,0.12
2024-02,PACKAGING MATERIALS,plastic cover,Plastic Cover 26X30,328.69,2024-02,338566.7,0.1
2024-02,PACKAGING MATERIALS,plastic cover,Plastic Cover 20X26,70.0,2024-02,338566.7,0.02
2024-02,PACKAGING MATERIALS,regular pizza box,Regular Pizza Box,4050.0,2024-02,338566.7,1.2
2024-02,PACKAGING MATERIALS,salad bowl,Salad Bowl 500ml,157.19999999999993,2024-02,338566.7,0.05
2024-02,PACKAGING MATERIALS,salad bowl,Salad Bowl 250ml,147.77999999999997,2024-02,338566.7,0.04
2024-02,PACKAGING MATERIALS,salad bowl,Dip Bowl,82.0,2024-02,338566.7,0.02
2024-02,PACKAGING MATERIALS,tissue,Tissue,-45.0,2024-02,338566.7,-0.01
2024-02,PACKAGING MATERIALS,wooden fork,Wooden Fork-160mm,-100.0,2024-02,338566.7,-0.03
2024-02,PACKAGING MATERIALS,wooden spoon,Wooden Spoon-140mm,207.48,2024-02,338566.7,0.06
2024-02,PACKAGING MATERIALS,wooden spoon,Wooden Spoon,-180.0,2024-02,338566.7,-0.05
2024-02,SAUCES & SPREADS,chocolate sauce,Malas Chocolate Sauce 5 ltr,0.0,2024-02,338566.7,0.0
2024-02,SAUCES & SPREADS,eggless mayonnaise,Veeba Eggless Mayonise Chef 1KG,982.94,2024-02,338566.7,0.29
2024-02,SAUCES & SPREADS,eggless mayonnaise,egg,306.82,2024-02,338566.7,0.09
2024-02,SAUCES & SPREADS,garlic chilli spread,Garlic Chilli Spread,162.0,2024-02,338566.7,0.05
2024-02,SAUCES & SPREADS,garlic chilli spread,chilli garlic spread,0.0,2024-02,338566.7,0.0
2024-02,SAUCES & SPREADS,gouda flavoured dressing,Veeba Gouda Flavoured Dressing,679.3200000000002,2024-02,338566.7,0.2
2024-02,SAUCES & SPREADS,honey mustard dressing,Honey,170.8,2024-02,338566.7,0.05
2024-02,SAUCES & SPREADS,ketchup sachet,Veeba Ketchup Sachet,3019.75,2024-02,338566.7,0.89
2024-02,SAUCES & SPREADS,makhani gravy,Veeba Makhani Gravy 1KG,425.03999999999996,2024-02,338566.7,0.13
2024-02,SAUCES & SPREADS,makhani gravy,kadai gravy,230.0,2024-02,338566.7,0.07
2024-02,SAUCES & SPREADS,pasta sauce,veeba pizza pasta sauce,-4040.74,2024-02,338566.7,-1.19
2024-02,SAUCES & SPREADS,pizza sauce,Veeba Pasta & Pizza Sauce 1KG,4408.32,2024-02,338566.7,1.3
2024-02,SAUCES & SPREADS,pizza sauce,Pizza sauce premix,-1594.0,2024-02,338566.7,-0.47
2024-02,SAUCES & SPREADS,schezwan sauce,Schezwan sauce,350.0,2024-02,338566.7,0.1
2024-02,SAUCES & SPREADS,tandoori spread,Veeba Tandoori Spread-1kg,0.0,2024-02,338566.7,0.0
2024-02,SAUCES & SPREADS,thousand island dressing,Veeba ThousandIsland Dressing 1KG,375.99,2024-02,338566.7,0.11
2024-02,SAUCES & SPREADS,tomato ketchup,Veeba T. Ketchup 1.2KG,525.0,2024-02,338566.7,0.16
2024-02,SAUCES & SPREADS,tomato ketchup,tomato ketchup,-210.0,2024-02,338566.7,-0.06
2024-02,STATIONERY & MISC,pen,HABIT JALAPENO SLICES 2.9 KG,1112.0,2024-02,338566.7,0.33
2024-02,STATIONERY & MISC,pen,Puramate Pasta-Penne Rigatte 500g,816.0,2024-02,338566.7,0.24
2024-02,UNMAPPED,UNMAPPED,grocery,17808.100000000002,2024-02,338566.7,5.26
2024-02,UNMAPPED,UNMAPPED,veg,8655.0,2024-02,338566.7,2.56
2024-02,UNMAPPED,UNMAPPED,eng.veg,1362.0,2024-02,338566.7,0.4
2024-02,UNMAPPED,UNMAPPED,black olive slice Habit,1136.0,2024-02,338566.7,0.34
2024-02,UNMAPPED,UNMAPPED,KOT Printing Rolls,520.0,2024-02,338566.7,0.15
2024-02,UNMAPPED,UNMAPPED,Hersheys Cocoa-70grm,353.57,2024-02,338566.7,0.1
2024-02,UNMAPPED,UNMAPPED,eng veg,246.99,2024-02,338566.7,0.07
2024-02,UNMAPPED,UNMAPPED,Hersheys Syrup-200grm,188.0,2024-02,338566.7,0.06
2024-02,UNMAPPED,UNMAPPED,Jeerakham - Loose,150.0,2024-02,338566.7,0.04
2024-02,UNMAPPED,UNMAPPED,Mango Crush Sauce 750ml Malas,138.32,2024-02,338566.7,0.04
2024-02,UNMAPPED,UNMAPPED,Puramate Pasta-Gomiti Rigate - macroni - 500g,146.2,2024-02,338566.7,0.04
2024-02,UNMAPPED,UNMAPPED,Green Peas,80.0,2024-02,338566.7,0.02
2024-02,UNMAPPED,UNMAPPED,Ice cube/70,70.0,2024-02,338566.7,0.02
2024-02,UNMAPPED,UNMAPPED,red paprika habit,0.0,2024-02,338566.7,0.0
2024-02,UNMAPPED,UNMAPPED,Ice cube,-80.0,2024-02,338566.7,-0.02
2024-02,UTILITIES & EXPENSES,lpg gas,Gas-LPG-HPCL,10840.0,2024-02,338566.7,3.2
2024-02,VEGETABLES,baby corn,Baby Corn Whole-450GM-Golden Crown,882.0,2024-02,338566.7,0.26
2024-02,VEGETABLES,baby corn,habit baby corn,-392.0,2024-02,338566.7,-0.12
2024-02,VEGETABLES,fresh basil,Puramate Basil 250g Pouch,-103.35,2024-02,338566.7,-0.03
2024-02,VEGETABLES,lemon,Lemon-Veg,100.0,2024-02,338566.7,0.03
2024-02,VEGETABLES,mint,DVC Mint Flavoured Syrup 750 ml,244.25,2024-02,338566.7,0.07
2024-02,VEGETABLES,mushroom,G.Crown Mushroom Slice 800g,2277.0,2024-02,338566.7,0.67
2024-01,BAKERY & PREMIX,bread premix,Bread Premix,192.0,2024-01,378809.64999999997,0.05
2024-01,BAKERY & PREMIX,brownie,Brownie,770.0,2024-01,378809.64999999997,0.2
2024-01,BAKERY & PREMIX,pizza premix,Pizza Premix,1560.0,2024-01,378809.64999999997,0.41
2024-01,BEVERAGES,7up,7up750mlpet,1547.1000000000004,2024-01,378809.64999999997,0.41
2024-01,BEVERAGES,7up,7up 250ml Pet,1067.5,2024-01,378809.64999999997,0.28
2024-01,BEVERAGES,7up,7UP 1250ml Pet,972.0300000000002,2024-01,378809.64999999997,0.26
2024-01,BEVERAGES,7up,7up 250ml Can,150.0,2024-01,378809.64999999997,0.04
2024-01,BEVERAGES,aqua fina,Aqua Fina Mineral Water 1Ltr,139.99,2024-01,378809.64999999997,0.04
2024-01,BEVERAGES,blue occean syrup,DVC BLUE OCCEAN FLV SYRUP 750ML,537.3199999999999,2024-01,378809.64999999997,0.14
2024-01,BEVERAGES,bubblegum syrup,DVC Bubblegum Syrup Syrup 750 ml,97.70000000000005,2024-01,378809.64999999997,0.03
2024-01,BEVERAGES,cucumber syrup,DVC Cucumber Syrup 750 ml,-244.26,2024-01,378809.64999999997,-0.06
2024-01,BEVERAGES,dew,Dew 250ml Pet,840.0,2024-01,378809.64999999997,0.22
2024-01,BEVERAGES,dew,Dew 750ml Pet,687.5999999999999,2024-01,378809.64999999997,0.18
2024-01,BEVERAGES,dew,Dew 250ml Can,150.0,2024-01,378809.64999999997,0.04
2024-01,BEVERAGES,lehar soda,Lehar Soda,806.5400000000002,2024-01,378809.64999999997,0.21
2024-01,BEVERAGES,mango syrup,DVC Mango Beverage Blend Syrup 750 ml,764.64,2024-01,378809.64999999997,0.2
2024-01,BEVERAGES,mirinda,Mirinda 750ml pet,378.17999999999995,2024-01,378809.64999999997,0.1
2024-01,BEVERAGES,mirinda,Mirinda 250ml pet,332.5,2024-01,378809.64999999997,0.09
2024-01,BEVERAGES,mixed berry syrup,DVC Mixed Berry Beverage Blend Syrup 750 ml,305.86,2024-01,378809.64999999997,0.08
2024-01,BEVERAGES,mojito mint,DVC MOJITO MINT 750ML,3908.16,2024-01,378809.64999999997,1.03
2024-01,BEVERAGES,passion fruit syrup,DVC PASSION FRUIT FLV SYRUP 750ML,1758.67,2024-01,378809.64999999997,0.46
2024-01,BEVERAGES,passion fruit syrup,DVC Passion Fruit 750ML,-1269.45,2024-01,378809.64999999997,-0.34
2024-01,BEVERAGES,peach syrup,DVC Peach GardenSyrup 750 ml,48.849999999999994,2024-01,378809.64999999997,0.01
2024-01,BEVERAGES,pepsi,Pepsi 750ml Pet,2819.16,2024-01,378809.64999999997,0.74
2024-01,BEVERAGES,pepsi,Pepsi 250ml Pet,1155.0,2024-01,378809.64999999997,0.3
2024-01,BEVERAGES,pepsi,Pepsi 1250ml Pet,914.95,2024-01,378809.64999999997,0.24
2024-01,BEVERAGES,pepsi,Pepsi 250ml Can,210.0,2024-01,378809.64999999997,0.06
2024-01,BEVERAGES,slice mango,Slice Mango 200ml pet,411.66999999999996,2024-01,378809.64999999997,0.11
2024-01,BEVERAGES,slice mango,Slice Mango 600ml pet,103.13999999999999,2024-01,378809.64999999997,0.03
2024-01,BEVERAGES,strawberry syrup,DVC Strawberry Syrup Syrup 750 ml,830.48,2024-01,378809.64999999997,0.22
2024-01,BEVERAGES,strawberry syrup,DVC Strawberry Syrup 750 ml,-146.56000000000006,2024-01,378809.64999999997,-0.04
2024-01,BEVERAGES,strawberry syrup,Strawberry sause 750,-143.0,2024-01,378809.64999999997,-0.04
2024-01,CHEESE & DAIRY,butter,butter,1026.0,2024-01,378809.64999999997,0.27
2024-01,CHEESE & DAIRY,butter,Butter Scotch Ice-cream,309.1999999999998,2024-01,378809.64999999997,0.08
2024-01,CHEESE & DAIRY,butter,Paneer Tikka Butter Masala,187.5,2024-01,378809.64999999997,0.05
2024-01,CHEESE & DAIRY,butter,Butter Scotch Sauce 750ml,27.6,2024-01,378809.64999999997,0.01
2024-01,CHEESE & DAIRY,cheddar cheese,GO Orange Cheddar Cheese 2kg,396.55,2024-01,378809.64999999997,0.1
2024-01,CHEESE & DAIRY,colby cheese,GO Colby Cheese Block 2kg,122.0,2024-01,378809.64999999997,0.03
2024-01,CHEESE & DAIRY,curd,curd milma,70.0,2024-01,378809.64999999997,0.02
2024-01,CHEESE & DAIRY,diced mozzarella,dynamic diced mozerella,21854.0,2024-01,378809.64999999997,5.77
2024-01,CHEESE & DAIRY,fresh cream,Flexi Cream Gold,973.5,2024-01,378809.64999999997,0.26
2024-01,CHEESE & DAIRY,fresh cream,Vanilla Ice-cream 4ltr,598.4000000000001,2024-01,378809.64999999997,0.16
2024-01,CHEESE & DAIRY,fresh cream,Strawberry-Ice cream,301.2,2024-01,378809.64999999997,0.08
2024-01,CHEESE & DAIRY,fresh cream,Chocolate Ice-cream 4ltr,-385.0,2024-01,378809.64999999997,-0.1
2024-01,CHEESE & DAIRY,milk,milk,737.5,2024-01,378809.64999999997,0.19
2024-01,CHEESE & DAIRY,milk,milk 26,104.0,2024-01,378809.64999999997,0.03
2024-01,CHEESE & DAIRY,mozzarella,AMUL Mozzarella Diced 1Kg,1956.0,2024-01,378809.64999999997,0.52
2024-01,CHEESE & DAIRY,paneer,Paneer,1450.0,2024-01,378809.64999999997,0.38
2024-01,CHEESE & DAIRY,processed cheese,Processed cheese block,1375.0,2024-01,378809.64999999997,0.36
2024-01,"FLOUR, GRAINS & DRY GOODS",atta,atta,123.0,2024-01,378809.64999999997,0.03
2024-01,"FLOUR, GRAINS & DRY GOODS",corn meal,Corn Meal - Chola Rava,40.0,2024-01,378809.64999999997,0.01
2024-01,"FLOUR, GRAINS & DRY GOODS",maida,Maida(Porotta 50kg),4260.0,2024-01,378809.64999999997,1.12
2024-01,"FLOUR, GRAINS & DRY GOODS",masoor dal,Masoor-Red,0.0,2024-01,378809.64999999997,0.0
2024-01,"FLOUR, GRAINS & DRY GOODS",soya chunks,Soya loose,-77.0,2024-01,378809.64999999997,-0.02
2024-01,"FLOUR, GRAINS & DRY GOODS",sugar,Sugar-Loose,25.200000000000003,2024-01,378809.64999999997,0.01
2024-01,FROZEN ITEMS,fish finger,fish finger,178.5,2024-01,378809.64999999997,0.05
2024-01,FROZEN ITEMS,french fries,French Fries 6mm-Funwave,3390.0,2024-01,378809.64999999997,0.89
2024-01,FROZEN ITEMS,french fries,french fry hungritos 2.5kg,1400.0,2024-01,378809.64999999997,0.37
2024-01,FROZEN ITEMS,french fries,French Fries 6mm-Funwave 2.5 KG,339.0,2024-01,378809.64999999997,0.09
2024-01,FROZEN ITEMS,french fries,French Fries 6mm-Hungritos,-1332.0,2024-01,378809.64999999997,-0.35
2024-01,FROZEN ITEMS,frozen sweet corn,Frozen Sweet Corn-Pal Fresh,594.0,2024-01,378809.64999999997,0.16
2024-01,FROZEN ITEMS,potato pops,POTATO POPS,222.93,2024-01,378809.64999999997,0.06
2024-01,FROZEN ITEMS,potato wedges,Mc Cain Potato Wedges 2.5kg-Taha,864.0,2024-01,378809.64999999997,0.23
2024-01,FROZEN ITEMS,savoury wedges,Savoury Wedges 2.5 KG,297.47,2024-01,378809.64999999997,0.08
2024-01,FRUITS,apple,DVC Green Apple 750 ML,586.2,2024-01,378809.64999999997,0.15
2024-01,FRUITS,chicku pulp,Berry Fresh Chicku Pulp,0.0,2024-01,378809.64999999997,0.0
2024-01,FRUITS,pineapple,Pineapple slice-Tajir Habit-850g,441.0,2024-01,378809.64999999997,0.12
2024-01,FRUITS,pineapple,Pineapple slice-Tajir Habit-500g,-441.0,2024-01,378809.64999999997,-0.12
2024-01,FRUITS,tender coconut pulp,Berry Fresh Tender Coconut Pulp,175.0,2024-01,378809.64999999997,0.05
2024-01,FRUITS,watermelon,DVC Watermelon Syrup 750 ml,683.8999999999999,2024-01,378809.64999999997,0.18
2024-01,KITCHEN EQUIPMENT & UTENSILS,tripod,Tripod,-740.0,2024-01,378809.64999999997,-0.2
2024-01,MASALA & SEASONINGS,bbq mix,BBQ Mix Masala,604.5,2024-01,378809.64999999997,0.16
2024-01,MASALA & SEASONINGS,chicken masala,Tandoori Chicken Masala-Bakers,-65.0,2024-01,378809.64999999997,-0.02
2024-01,MASALA & SEASONINGS,chilli powder,Chilly Powder 1kg-Eastern,-102.30000000000001,2024-01,378809.64999999997,-0.03
2024-01,MASALA & SEASONINGS,chilly flakes,chilly flakes sachet,1903.72,2024-01,378809.64999999997,0.5
2024-01,MASALA & SEASONINGS,chilly flakes,chilly flakes 500gm,156.0,2024-01,378809.64999999997,0.04
2024-01,MASALA & SEASONINGS,chilly flakes,CHILLY FLAKES SACHET 0.8GM,-1360.0,2024-01,378809.64999999997,-0.36
2024-01,MASALA & SEASONINGS,coriander powder,Coriander Powder-loose,0.0,2024-01,378809.64999999997,0.0
2024-01,MASALA & SEASONINGS,herb mix,Herb Mix Masla,595.0,2024-01,378809.64999999997,0.16
2024-01,MASALA & SEASONINGS,mexican masala,Mexican Masala,1909.0,2024-01,378809.64999999997,0.5
2024-01,MASALA & SEASONINGS,mixed herbs,Mixed Herb Loose,192.0,2024-01,378809.64999999997,0.05
2024-01,MASALA & SEASONINGS,oregano,OREGANO SACHET 0.8GM,3182.96,2024-01,378809.64999999997,0.84
2024-01,MASALA & SEASONINGS,oregano,Oregano Sprinkler 500g,-617.1200000000001,2024-01,378809.64999999997,-0.16
2024-01,MASALA & SEASONINGS,piri piri marinade,Piri Piri Marinade 1KG,327.24,2024-01,378809.64999999997,0.09
2024-01,MASALA & SEASONINGS,salt,Salt,21.0,2024-01,378809.64999999997,0.01
2024-01,MASALA & SEASONINGS,tandoori masala,Tandoori mix Masala,560.9000000000001,2024-01,378809.64999999997,0.15
2024-01,MASALA & SEASONINGS,turmeric powder,Turmeric Powder-loose,39.6,2024-01,378809.64999999997,0.01
2024-01,MASALA & SEASONINGS,turmeric powder,Turmeric Powder,-35.0,2024-01,378809.64999999997,-0.01
2024-01,MEAT & POULTRY,boneless chicken,Boneless Chicken,17322.66,2024-01,378809.64999999997,4.57
2024-01,MEAT & POULTRY,chicken kheema,Chicken Kheema  Masala,-91.13999999999999,2024-01,378809.64999999997,-0.02
2024-01,MEAT & POULTRY,chicken nuggets,Chicken Nuggets-Godrej-1kg,726.83,2024-01,378809.64999999997,0.19
2024-01,MEAT & POULTRY,chicken popcorn,CHICKEN POPCORN,502.64,2024-01,378809.64999999997,0.13
2024-01,MEAT & POULTRY,chicken salami,SALAMI,837.0,2024-01,378809.64999999997,0.22
2024-01,MEAT & POULTRY,chicken salami,Zippy Chicken Salami,-624.96,2024-01,378809.64999999997,-0.16
2024-01,MEAT & POULTRY,lamb pepperoni,Lamp Pepperoni,895.0,2024-01,378809.64999999997,0.24
2024-01,MEAT & POULTRY,staff chicken,Chicken-Whole-Staff,1200.0,2024-01,378809.64999999997,0.32
2024-01,OILS,mustard oil,Mustard Oil,160.0,2024-01,378809.64999999997,0.04
2024-01,OILS,mustard oil,Mustard-Oil,-186.0,2024-01,378809.64999999997,-0.05
2024-01,OILS,olive oil,habit olive oil,738.0,2024-01,378809.64999999997,0.19
2024-01,OILS,palm oil,Palm Oil - Refined Oil,612.5,2024-01,378809.64999999997,0.16
2024-01,PACKAGING MATERIALS,burger box,Mini Burger Box,300.0,2024-01,378809.64999999997,0.08
2024-01,PACKAGING MATERIALS,cling flim,Cling Flim,130.0,2024-01,378809.64999999997,0.03
2024-01,PACKAGING MATERIALS,french fries box,French Fries Box,171.2,2024-01,378809.64999999997,0.05
2024-01,PACKAGING MATERIALS,garlic bread box,Garlic Bread Box,-107.25,2024-01,378809.64999999997,-0.03
2024-01,PACKAGING MATERIALS,large pizza box,Large Pizza Box,1633.5,2024-01,378809.64999999997,0.43
2024-01,PACKAGING MATERIALS,medium pizza box,Medium Pizza Box,2898.0,2024-01,378809.64999999997,0.77
2024-01,PACKAGING MATERIALS,paper bag,paper bags medium,856.8,2024-01,378809.64999999997,0.23
2024-01,PACKAGING MATERIALS,paper bag,paper bags large,252.0,2024-01,378809.64999999997,0.07
2024-01,PACKAGING MATERIALS,paper bag,paper bags regular,-190.0,2024-01,378809.64999999997,-0.05
2024-01,PACKAGING MATERIALS,paper glass,Paper Glass,200.0,2024-01,378809.64999999997,0.05
2024-01,PACKAGING MATERIALS,paper glass,Moktails Glass,-400.0,2024-01,378809.64999999997,-0.11
2024-01,PACKAGING MATERIALS,paper straw,Paper Straw,80.0,2024-01,378809.64999999997,0.02
2024-01,PACKAGING MATERIALS,pasta container,Pasta Container Black,-1602.05,2024-01,378809.64999999997,-0.42
2024-01,PACKAGING MATERIALS,plastic cover,bio cover,900.0,2024-01,378809.64999999997,0.24
2024-01,PACKAGING MATERIALS,plastic cover,Plastic Cover 26X30,-31.3,2024-01,378809.64999999997,-0.01
2024-01,PACKAGING MATERIALS,plastic cover,Plastic Cover 20X26,-70.0,2024-01,378809.64999999997,-0.02
2024-01,PACKAGING MATERIALS,plastic cover,Plastic Cover 16X20,-390.0,2024-01,378809.64999999997,-0.1
2024-01,PACKAGING MATERIALS,plastic cover,Plastic Cover 12X16,-472.5,2024-01,378809.64999999997,-0.12
2024-01,PACKAGING MATERIALS,regular pizza box,Regular Pizza Box,-819.0,2024-01,378809.64999999997,-0.22
2024-01,PACKAGING MATERIALS,salad bowl,Salad Bowl 500ml,275.1,2024-01,378809.64999999997,0.07
2024-01,PACKAGING MATERIALS,salad bowl,Salad Bowl 250ml,-153.14,2024-01,378809.64999999997,-0.04
2024-01,PACKAGING MATERIALS,salad bowl,Dip Bowl,-182.0,2024-01,378809.64999999997,-0.05
2024-01,PACKAGING MATERIALS,tissue,Tissue,45.0,2024-01,378809.64999999997,0.01
2024-01,PACKAGING MATERIALS,wooden spoon,Wooden Spoon-140mm,-207.48,2024-01,378809.64999999997,-0.05
2024-01,SAUCES & SPREADS,chocolate sauce,Malas Chocolate Sauce 5 ltr,0.0,2024-01,378809.64999999997,0.0
2024-01,SAUCES & SPREADS,eggless mayonnaise,Veeba Eggless Mayonise Chef 1KG,1123.3599999999997,2024-01,378809.64999999997,0.3
2024-01,SAUCES & SPREADS,eggless mayonnaise,egg,248.04,2024-01,378809.64999999997,0.07
2024-01,SAUCES & SPREADS,garlic chilli spread,Garlic Chilli Spread,162.0,2024-01,378809.64999999997,0.04
2024-01,SAUCES & SPREADS,gouda flavoured dressing,Veeba Gouda Flavoured Dressing,1087.32,2024-01,378809.64999999997,0.29
2024-01,SAUCES & SPREADS,honey mustard dressing,Honey,122.0,2024-01,378809.64999999997,0.03
2024-01,SAUCES & SPREADS,ketchup sachet,Veeba Ketchup Sachet,1285.4,2024-01,378809.64999999997,0.34
2024-01,SAUCES & SPREADS,makhani gravy,Veeba Makhani Gravy 1KG,430.08000000000004,2024-01,378809.64999999997,0.11
2024-01,SAUCES & SPREADS,makhani gravy,kadai gravy,-230.0,2024-01,378809.64999999997,-0.06
2024-01,SAUCES & SPREADS,pasta sauce,veeba pizza pasta sauce,2938.7199999999993,2024-01,378809.64999999997,0.78
2024-01,SAUCES & SPREADS,pizza sauce,Pizza sauce premix,432.0,2024-01,378809.64999999997,0.11
2024-01,SAUCES & SPREADS,schezwan sauce,Schezwan sauce,350.0,2024-01,378809.64999999997,0.09
2024-01,SAUCES & SPREADS,tandoori spread,Veeba Tandoori Spread-1kg,434.0,2024-01,378809.64999999997,0.11
2024-01,SAUCES & SPREADS,thousand island dressing,Veeba ThousandIsland Dressing 1KG,-0.009999999999990905,2024-01,378809.64999999997,-0.0
2024-01,SAUCES & SPREADS,tomato ketchup,Veeba T. Ketchup 1.2KG,420.0,2024-01,378809.64999999997,0.11
2024-01,SAUCES & SPREADS,tomato ketchup,tomato ketchup,105.0,2024-01,378809.64999999997,0.03
2024-01,STATIONERY & MISC,pen,HABIT JALAPENO SLICES 2.9 KG,1112.0,2024-01,378809.64999999997,0.29
2024-01,STATIONERY & MISC,pen,Puramate Pasta-Penne Rigatte 500g,884.0,2024-01,378809.64999999997,0.23
2024-01,UNMAPPED,UNMAPPED,grocery,17188.95,2024-01,378809.64999999997,4.54
2024-01,UNMAPPED,UNMAPPED,veg,11597.07,2024-01,378809.64999999997,3.06
2024-01,UNMAPPED,UNMAPPED,eng.veg,1756.0,2024-01,378809.64999999997,0.46
2024-01,UNMAPPED,UNMAPPED,black olive slice Habit,852.0,2024-01,378809.64999999997,0.22
2024-01,UNMAPPED,UNMAPPED,red paprika habit,597.0,2024-01,378809.64999999997,0.16
2024-01,UNMAPPED,UNMAPPED,Puramate Pasta-Gomiti Rigate - macroni - 500g,377.40000000000003,2024-01,378809.64999999997,0.1
2024-01,UNMAPPED,UNMAPPED,Ice cube,120.0,2024-01,378809.64999999997,0.03
2024-01,UNMAPPED,UNMAPPED,Agarbathi,50.0,2024-01,378809.64999999997,0.01
2024-01,UNMAPPED,UNMAPPED,egg-6.50,39.0,2024-01,378809.64999999997,0.01
2024-01,UNMAPPED,UNMAPPED,Green Peas,0.0,2024-01,378809.64999999997,0.0
2024-01,UNMAPPED,UNMAPPED,Jeerakham - Loose,-150.0,2024-01,378809.64999999997,-0.04
2024-01,UNMAPPED,UNMAPPED,Mango Crush Sauce 750ml Malas,-138.32,2024-01,378809.64999999997,-0.04
2024-01,UNMAPPED,UNMAPPED,Hersheys Syrup-200grm,-188.0,2024-01,378809.64999999997,-0.05
2024-01,UNMAPPED,UNMAPPED,Hersheys Cocoa-70grm,-353.57,2024-01,378809.64999999997,-0.09
2024-01,UNMAPPED,UNMAPPED,KOT Printing Rolls,-2080.0,2024-01,378809.64999999997,-0.55
2024-01,UTILITIES & EXPENSES,lpg gas,Gas-LPG-HPCL,16200.0,2024-01,378809.64999999997,4.28
2024-01,VEGETABLES,baby corn,habit baby corn,686.0,2024-01,378809.64999999997,0.18
2024-01,VEGETABLES,baby corn,Baby Corn Whole-450GM-Golden Crown,-392.0,2024-01,378809.64999999997,-0.1
2024-01,VEGETABLES,fresh basil,Puramate Basil 250g Pouch,-140.4,2024-01,378809.64999999997,-0.04
2024-01,VEGETABLES,garlic,Garlic-Veg,760.0,2024-01,378809.64999999997,0.2
2024-01,VEGETABLES,mint,DVC Mint Flavoured Syrup 750 ml,-244.25,2024-01,378809.64999999997,-0.06
2024-01,VEGETABLES,mushroom,canvill button mushroom,5577.0,2024-01,378809.64999999997,1.47
2024-01,VEGETABLES,mushroom,G.Crown Mushroom Slice 800g,0.0,2024-01,378809.64999999997,0.0
2024-01,VEGETABLES,tomato,Tomato-Veg,30.0,2024-01,378809.64999999997,0.01
2023-12,BAKERY & PREMIX,bread premix,bred premix,472.5,2023-12,473347.0,0.1
2023-12,BAKERY & PREMIX,bread premix,Bread Premix,0.0,2023-12,473347.0,0.0
2023-12,BAKERY & PREMIX,brownie,Brownie,0.0,2023-12,473347.0,0.0
2023-12,BAKERY & PREMIX,pizza premix,Pizza Premix,2160.0,2023-12,473347.0,0.46
2023-12,BEVERAGES,7up,7up pet 750ml,3506.76,2023-12,473347.0,0.74
2023-12,BEVERAGES,7up,7UP 1250ml Pet,973.2800000000001,2023-12,473347.0,0.21
2023-12,BEVERAGES,7up,7up750mlpet,928.26,2023-12,473347.0,0.2
2023-12,BEVERAGES,7up,7up 250ml Pet,857.5,2023-12,473347.0,0.18
2023-12,BEVERAGES,7up,7up 250ml Can,300.0,2023-12,473347.0,0.06
2023-12,BEVERAGES,aqua fina,Aqua Fina Mineral Water 1Ltr,293.98,2023-12,473347.0,0.06
2023-12,BEVERAGES,blue occean syrup,DVC BLUE OCCEAN FLV SYRUP 750ML,732.79,2023-12,473347.0,0.15
2023-12,BEVERAGES,bubblegum syrup,DVC Bubblegum Syrup Syrup 750 ml,97.70999999999992,2023-12,473347.0,0.02
2023-12,BEVERAGES,cucumber syrup,DVC Cucumber Syrup 750 ml,341.96,2023-12,473347.0,0.07
2023-12,BEVERAGES,dew,Dew 250ml Pet,822.5,2023-12,473347.0,0.17
2023-12,BEVERAGES,dew,Dew 250ml Can,780.0,2023-12,473347.0,0.16
2023-12,BEVERAGES,dew,Dew 750ml Pet,653.22,2023-12,473347.0,0.14
2023-12,BEVERAGES,drinking water,drinking water-20ltr,60.0,2023-12,473347.0,0.01
2023-12,BEVERAGES,lehar soda,Lehar Soda,806.5400000000002,2023-12,473347.0,0.17
2023-12,BEVERAGES,mango syrup,DVC Mango Beverage Blend Syrup 750 ml,994.0300000000001,2023-12,473347.0,0.21
2023-12,BEVERAGES,mirinda,Mirinda 750ml pet,275.0400000000001,2023-12,473347.0,0.06
2023-12,BEVERAGES,mirinda,Mirinda 250ml pet,210.0,2023-12,473347.0,0.04
2023-12,BEVERAGES,mixed berry syrup,DVC Mixed Berry Beverage Blend Syrup 750 ml,76.46000000000004,2023-12,473347.0,0.02
2023-12,BEVERAGES,mojito mint,Mojito Menta Cubano,2442.6,2023-12,473347.0,0.52
2023-12,BEVERAGES,mojito mint,DVC MOJITO MINT 750ML,-977.04,2023-12,473347.0,-0.21
2023-12,BEVERAGES,passion fruit syrup,DVC Passion Fruit 750ML,488.25,2023-12,473347.0,0.1
2023-12,BEVERAGES,passion fruit syrup,DVC PASSION FRUIT FLV SYRUP 750ML,97.70999999999981,2023-12,473347.0,0.02
2023-12,BEVERAGES,peach syrup,DVC Peach GardenSyrup 750 ml,48.85000000000002,2023-12,473347.0,0.01
2023-12,BEVERAGES,pepsi,Pepsi 250ml Pet,1750.0,2023-12,473347.0,0.37
2023-12,BEVERAGES,pepsi,Pepsi 1250ml Pet,1642.4099999999999,2023-12,473347.0,0.35
2023-12,BEVERAGES,pepsi,Pepsi 750ml Pet,1581.48,2023-12,473347.0,0.33
2023-12,BEVERAGES,pepsi,Pepsi 250ml Can,510.0,2023-12,473347.0,0.11
2023-12,BEVERAGES,slice mango,Slice Mango 200ml pet,795.0000000000001,2023-12,473347.0,0.17
2023-12,BEVERAGES,slice mango,Slice Mango 600ml pet,275.03999999999996,2023-12,473347.0,0.06
2023-12,BEVERAGES,strawberry syrup,DVC Strawberry Syrup Syrup 750 ml,146.55999999999995,2023-12,473347.0,0.03
2023-12,BEVERAGES,strawberry syrup,Strawberry sause 750,143.0,2023-12,473347.0,0.03
2023-12,BEVERAGES,strawberry syrup,DVC Strawberry Syrup 750 ml,-488.52,2023-12,473347.0,-0.1
2023-12,BEVERAGES,water 20l,water 20ltr with botl,520.0,2023-12,473347.0,0.11
2023-12,CHEESE & DAIRY,butter,butter,2090.0,2023-12,473347.0,0.44
2023-12,CHEESE & DAIRY,butter,Butter Scotch Ice-cream,618.4,2023-12,473347.0,0.13
2023-12,CHEESE & DAIRY,butter,Paneer Tikka Butter Masala,375.0,2023-12,473347.0,0.08
2023-12,CHEESE & DAIRY,butter,Butter Scotch Sauce 750ml,13.799999999999997,2023-12,473347.0,0.0
2023-12,CHEESE & DAIRY,cheddar cheese,GO Orange Cheddar Cheese 2kg,-793.1,2023-12,473347.0,-0.17
2023-12,CHEESE & DAIRY,colby cheese,GO Colby Cheese Block 2kg,-610.0,2023-12,473347.0,-0.13
2023-12,CHEESE & DAIRY,curd,curd milma,70.0,2023-12,473347.0,0.01
2023-12,CHEESE & DAIRY,diced mozzarella,dynamic diced mozerella,17394.0,2023-12,473347.0,3.67
2023-12,CHEESE & DAIRY,fresh cream,Vanilla Ice-cream,1958.4,2023-12,473347.0,0.41
2023-12,CHEESE & DAIRY,fresh cream,Flexi Cream Gold,1557.6,2023-12,473347.0,0.33
2023-12,CHEESE & DAIRY,fresh cream,Chocolate Ice-cream,280.0,2023-12,473347.0,0.06
2023-12,CHEESE & DAIRY,fresh cream,Strawberry-Ice cream,50.200000000000045,2023-12,473347.0,0.01
2023-12,CHEESE & DAIRY,fresh cream,Vanilla Ice-cream 4ltr,-272.0,2023-12,473347.0,-0.06
2023-12,CHEESE & DAIRY,milk,Milkymist Cheese BLock 1KG,5115.0,2023-12,473347.0,1.08
2023-12,CHEESE & DAIRY,milk,milk,900.0,2023-12,473347.0,0.19
2023-12,CHEESE & DAIRY,milk,Mittai-Milk-Amul,19.2,2023-12,473347.0,0.0
2023-12,CHEESE & DAIRY,mozzarella,AMUL Mozzarella Cheese Block 1Kg,17490.0,2023-12,473347.0,3.69
2023-12,CHEESE & DAIRY,mozzarella,MilkyMist-Mozzarella Cheese-shredded-2kg,2874.0,2023-12,473347.0,0.61
2023-12,CHEESE & DAIRY,orange cheddar,dynamic cheddar block,1183.0,2023-12,473347.0,0.25
2023-12,CHEESE & DAIRY,paneer,Paneer,1740.0,2023-12,473347.0,0.37
2023-12,CHEESE & DAIRY,processed cheese,Processed cheese block,-1100.0,2023-12,473347.0,-0.23
2023-12,"FLOUR, GRAINS & DRY GOODS",corn meal,Corn Meal - MAKKA RAVA,180.0,2023-12,473347.0,0.04
2023-12,"FLOUR, GRAINS & DRY GOODS",corn meal,Corn Meal - Chola Rava,0.0,2023-12,473347.0,0.0
2023-12,"FLOUR, GRAINS & DRY GOODS",maida,Maida(Porotta 50kg),5751.0,2023-12,473347.0,1.21
2023-12,"FLOUR, GRAINS & DRY GOODS",masoor dal,Masoor-Red,48.0,2023-12,473347.0,0.01
2023-12,"FLOUR, GRAINS & DRY GOODS",sugar,Sugar-Loose,33.599999999999994,2023-12,473347.0,0.01
2023-12,FROZEN ITEMS,fish finger,fish finger,-178.5,2023-12,473347.0,-0.04
2023-12,FROZEN ITEMS,french fries,french fry hungritos 2.5kg,10630.0,2023-12,473347.0,2.25
2023-12,FROZEN ITEMS,french fries,French Fries 9mm-Funwave,3390.0,2023-12,473347.0,0.72
2023-12,FROZEN ITEMS,french fries,French Fries 6mm-Funwave 2.5 KG,-339.0,2023-12,473347.0,-0.07
2023-12,FROZEN ITEMS,frozen sweet corn,Frozen Sweet Corn-Pal Fresh,1485.0,2023-12,473347.0,0.31
2023-12,FROZEN ITEMS,potato pops,POTATO POPS,182.4,2023-12,473347.0,0.04
2023-12,FROZEN ITEMS,potato wedges,Mc Cain Potato Wedges 2.5kg,1926.4,2023-12,473347.0,0.41
2023-12,FRUITS,apple,DVC Green Apple 750 ML,537.3899999999999,2023-12,473347.0,0.11
2023-12,FRUITS,chicku pulp,Berry Fresh Chicku Pulp,144.0,2023-12,473347.0,0.03
2023-12,FRUITS,pineapple,Pineapple slice-Tajir Habit-500g,850.5,2023-12,473347.0,0.18
2023-12,FRUITS,pineapple,Pineapple slice-Tajir Habit-850g,-441.0,2023-12,473347.0,-0.09
2023-12,FRUITS,tender coconut pulp,Berry Fresh Tender Coconut Pulp,245.0,2023-12,473347.0,0.05
2023-12,FRUITS,watermelon,DVC Watermelon Syrup 750 ml,97.74000000000024,2023-12,473347.0,0.02
2023-12,KITCHEN EQUIPMENT & UTENSILS,tripod,Tripod,1480.0,2023-12,473347.0,0.31
2023-12,MASALA & SEASONINGS,bbq mix,BBQ Mix Masala,744.0,2023-12,473347.0,0.16
2023-12,MASALA & SEASONINGS,black pepper,Black pepper,148.0,2023-12,473347.0,0.03
2023-12,MASALA & SEASONINGS,chicken masala,Tandoori Chicken Masala-Bakers,65.0,2023-12,473347.0,0.01
2023-12,MASALA & SEASONINGS,chilli flakes,Veeba Chilli Flakes Seasoning(8G),396.9,2023-12,473347.0,0.08
2023-12,MASALA & SEASONINGS,chilli powder,Chilli Powder Loose,10.0,2023-12,473347.0,0.0
2023-12,MASALA & SEASONINGS,chilli powder,Chilly Powder 1kg-Eastern,-33.0,2023-12,473347.0,-0.01
2023-12,MASALA & SEASONINGS,chilly flakes,chilly flakes 500gm,195.0,2023-12,473347.0,0.04
2023-12,MASALA & SEASONINGS,coriander powder,Coriander Powder-loose,-48.0,2023-12,473347.0,-0.01
2023-12,MASALA & SEASONINGS,herb mix,Herb Mix Masla,2040.0,2023-12,473347.0,0.43
2023-12,MASALA & SEASONINGS,mexican masala,Mexican Masala,1784.5,2023-12,473347.0,0.38
2023-12,MASALA & SEASONINGS,mixed herbs,Mixed Herb Loose,-192.0,2023-12,473347.0,-0.04
2023-12,MASALA & SEASONINGS,oregano,OREGANO SACHET 0.8GM,473.1999999999998,2023-12,473347.0,0.1
2023-12,MASALA & SEASONINGS,oregano,Oregano Sprinkler 500g,259.84000000000015,2023-12,473347.0,0.05
2023-12,MASALA & SEASONINGS,piri piri marinade,Piri Piri Marinade 1KG,155.51,2023-12,473347.0,0.03
2023-12,MASALA & SEASONINGS,salt,Salt,-1.3999999999999986,2023-12,473347.0,-0.0
2023-12,MASALA & SEASONINGS,tandoori masala,Tandoori mix Masala,632.0,2023-12,473347.0,0.13
2023-12,MASALA & SEASONINGS,turmeric powder,Turmeric Powder-loose,0.0,2023-12,473347.0,0.0
2023-12,MEAT & POULTRY,boneless chicken,Boneless Chicken,18051.55,2023-12,473347.0,3.81
2023-12,MEAT & POULTRY,chicken kheema,Chicken Kheema  Masala,162.75,2023-12,473347.0,0.03
2023-12,MEAT & POULTRY,chicken nuggets,Chicken Nuggets-Godrej-1kg,-197.2700000000001,2023-12,473347.0,-0.04
2023-12,MEAT & POULTRY,chicken popcorn,CHICKEN POPCORN,-59.139999999999986,2023-12,473347.0,-0.01
2023-12,MEAT & POULTRY,chicken salami,Zippy Chicken Salami,1562.4,2023-12,473347.0,0.33
2023-12,MEAT & POULTRY,chicken salami,SALAMI,-223.19000000000005,2023-12,473347.0,-0.05
2023-12,MEAT & POULTRY,chicken sausage,Chicken Sausage,793.5,2023-12,473347.0,0.17
2023-12,MEAT & POULTRY,lamb pepperoni,Lamp Pepperoni,-447.5,2023-12,473347.0,-0.09
2023-12,MEAT & POULTRY,staff chicken,Chicken-Whole-Staff,900.0,2023-12,473347.0,0.19
2023-12,OILS,mustard oil,Mustard-Oil,93.0,2023-12,473347.0,0.02
2023-12,OILS,olive oil,habit olive oil,1336.9499999999998,2023-12,473347.0,0.28
2023-12,OILS,palm oil,Palm Oil - Refined Oil,-612.5,2023-12,473347.0,-0.13
2023-12,PACKAGING MATERIALS,bio bag,Bio-Bag-16x20-50,690.0,2023-12,473347.0,0.15
2023-12,PACKAGING MATERIALS,bio bag,Bio-Bag-20x26-35,460.0,2023-12,473347.0,0.1
2023-12,PACKAGING MATERIALS,burger box,Mini Burger Box,450.0,2023-12,473347.0,0.1
2023-12,PACKAGING MATERIALS,french fries box,French Fries Box,1166.3,2023-12,473347.0,0.25
2023-12,PACKAGING MATERIALS,garlic bread box,Garlic Bread Box,198.0,2023-12,473347.0,0.04
2023-12,PACKAGING MATERIALS,large pizza box,Large Pizza Box,118.80000000000018,2023-12,473347.0,0.03
2023-12,PACKAGING MATERIALS,medium pizza box,Medium Pizza Box,989.0,2023-12,473347.0,0.21
2023-12,PACKAGING MATERIALS,paper bag,paper bags regular,1850.0,2023-12,473347.0,0.39
2023-12,PACKAGING MATERIALS,paper bag,paper bags large,1140.0,2023-12,473347.0,0.24
2023-12,PACKAGING MATERIALS,paper bag,paper bags medium,-107.09999999999991,2023-12,473347.0,-0.02
2023-12,PACKAGING MATERIALS,paper glass,Moktails Glass,1512.0,2023-12,473347.0,0.32
2023-12,PACKAGING MATERIALS,paper glass,Paper Glass,-100.0,2023-12,473347.0,-0.02
2023-12,PACKAGING MATERIALS,paper straw,Paper Straw big,45.0,2023-12,473347.0,0.01
2023-12,PACKAGING MATERIALS,pasta container,Pasta Container Black,895.0,2023-12,473347.0,0.19
2023-12,PACKAGING MATERIALS,plastic cover,Plastic Cover 16X20,195.0,2023-12,473347.0,0.04
2023-12,PACKAGING MATERIALS,plastic cover,Plastic Cover 26X30,180.0,2023-12,473347.0,0.04
2023-12,PACKAGING MATERIALS,plastic cover,Plastic Cover 12X16,35.0,2023-12,473347.0,0.01
2023-12,PACKAGING MATERIALS,plastic cover,bio cover,-900.0,2023-12,473347.0,-0.19
2023-12,PACKAGING MATERIALS,regular pizza box,Regular Pizza Box,279.0,2023-12,473347.0,0.06
2023-12,PACKAGING MATERIALS,salad bowl,Salad Bowl 500ml,347.15,2023-12,473347.0,0.07
2023-12,PACKAGING MATERIALS,salad bowl,Salad Bowl 250ml,294.5,2023-12,473347.0,0.06
2023-12,PACKAGING MATERIALS,salad bowl,Dip Bowl,100.0,2023-12,473347.0,0.02
2023-12,PACKAGING MATERIALS,tissue,Tissue,-90.0,2023-12,473347.0,-0.02
2023-12,PACKAGING MATERIALS,wooden fork,Wooden Fork-160mm,400.0,2023-12,473347.0,0.08
2023-12,PACKAGING MATERIALS,wooden spoon,Wooden Spoon-160mm,125.0,2023-12,473347.0,0.03
2023-12,SAUCES & SPREADS,chocolate sauce,Malas Chocolate Sauce 5 ltr,127.2,2023-12,473347.0,0.03
2023-12,SAUCES & SPREADS,eggless mayonnaise,Veeba Eggless Mayonise Chef 1KG,1544.6200000000008,2023-12,473347.0,0.33
2023-12,SAUCES & SPREADS,eggless mayonnaise,egg,349.74,2023-12,473347.0,0.07
2023-12,SAUCES & SPREADS,garlic chilli spread,Garlic Chilli Spread,162.0,2023-12,473347.0,0.03
2023-12,SAUCES & SPREADS,gouda flavoured dressing,Veeba Gouda Flavoured Dressing,1290.24,2023-12,473347.0,0.27
2023-12,SAUCES & SPREADS,honey mustard dressing,Honey,71.19999999999999,2023-12,473347.0,0.02
2023-12,SAUCES & SPREADS,ketchup sachet,Veeba Ketchup Sachet,1777.04,2023-12,473347.0,0.38
2023-12,SAUCES & SPREADS,makhani gravy,Veeba Makhani Gravy 1KG,215.03999999999996,2023-12,473347.0,0.05
2023-12,SAUCES & SPREADS,pasta sauce,veeba pizza pasta sauce,1102.02,2023-12,473347.0,0.23
2023-12,SAUCES & SPREADS,pizza sauce,Veeba Pasta & Pizza Sauce 1KG,4968.0,2023-12,473347.0,1.05
2023-12,SAUCES & SPREADS,pizza sauce,Pizza sauce premix,600.0,2023-12,473347.0,0.13
2023-12,SAUCES & SPREADS,schezwan sauce,Schezwan sauce,0.0,2023-12,473347.0,0.0
2023-12,SAUCES & SPREADS,tandoori mayonnaise,Tandoori Tikka Marinade 500Grm,230.0,2023-12,473347.0,0.05
2023-12,SAUCES & SPREADS,tandoori spread,Veeba Tandoori Spread-1kg,-434.0,2023-12,473347.0,-0.09
2023-12,SAUCES & SPREADS,thousand island dressing,Veeba ThousandIsland Dressing 1KG,187.99,2023-12,473347.0,0.04
2023-12,SAUCES & SPREADS,tomato ketchup,tomato ketchup,830.0,2023-12,473347.0,0.18
2023-12,SAUCES & SPREADS,tomato ketchup,Veeba T. Ketchup 1.2KG,-420.0,2023-12,473347.0,-0.09
2023-12,STATIONERY & MISC,apron,apron,390.0,2023-12,473347.0,0.08
2023-12,STATIONERY & MISC,cash voucher book,Cash Voucher Book,186.0,2023-12,473347.0,0.04
2023-12,STATIONERY & MISC,led bulb,led bulb,250.0,2023-12,473347.0,0.05
2023-12,STATIONERY & MISC,pen,HABIT JALAPENO SLICES 2.9 KG,933.26,2023-12,473347.0,0.2
2023-12,STATIONERY & MISC,pen,Puramate Pasta-Penne Rigatte 500g,802.4000000000001,2023-12,473347.0,0.17
2023-12,UNMAPPED,UNMAPPED,grocery,18123.02,2023-12,473347.0,3.83
2023-12,UNMAPPED,UNMAPPED,veg,14406.97,2023-12,473347.0,3.04
2023-12,UNMAPPED,UNMAPPED,eng.veg,2269.01,2023-12,473347.0,0.48
2023-12,UNMAPPED,UNMAPPED,bio covers,1310.0,2023-12,473347.0,0.28
2023-12,UNMAPPED,UNMAPPED,nuggets sumeru,1180.0,2023-12,473347.0,0.25
2023-12,UNMAPPED,UNMAPPED,isham veg,618.0,2023-12,473347.0,0.13
2023-12,UNMAPPED,UNMAPPED,kitchen towel,260.0,2023-12,473347.0,0.05
2023-12,UNMAPPED,UNMAPPED,red paprika habit,199.0,2023-12,473347.0,0.04
2023-12,UNMAPPED,UNMAPPED,Puramate Pasta-Gomiti Rigate - macroni - 500g,163.20000000000005,2023-12,473347.0,0.03
2023-12,UNMAPPED,UNMAPPED,Agarbathi,50.0,2023-12,473347.0,0.01
2023-12,UNMAPPED,UNMAPPED,Green Peas,10.0,2023-12,473347.0,0.0
2023-12,UNMAPPED,UNMAPPED,Ice cube,-40.0,2023-12,473347.0,-0.01
2023-12,UNMAPPED,UNMAPPED,black olive slice Habit,-284.0,2023-12,473347.0,-0.06
2023-12,UTILITIES & EXPENSES,lpg gas,Gas-LPG-HPCL,14800.0,2023-12,473347.0,3.13
2023-12,VEGETABLES,baby corn,Baby Corn Whole-450GM-Golden Crown,490.0,2023-12,473347.0,0.1
2023-12,VEGETABLES,baby corn,habit baby corn,0.0,2023-12,473347.0,0.0
2023-12,VEGETABLES,fresh basil,Basil-fresh,136.0,2023-12,473347.0,0.03
2023-12,VEGETABLES,lemon,Lemon-Veg,21.0,2023-12,473347.0,0.0
2023-12,VEGETABLES,mint,DVC Mint Flavoured Syrup 750 ml,1318.95,2023-12,473347.0,0.28
2023-12,VEGETABLES,mushroom,G.Crown Mushroom Slice 800g,2376.0,2023-12,473347.0,0.5
2023-12,VEGETABLES,mushroom,canvill button mushroom,1573.0,2023-12,473347.0,0.33
2023-12,VEGETABLES,raw papaya,raw papaya,100.0,2023-12,473347.0,0.02
2023-11,BAKERY & PREMIX,bread premix,Bread Premix,716.25,2023-11,405453.35,0.18
2023-11,BAKERY & PREMIX,bread premix,bred premix,-472.5,2023-11,405453.35,-0.12
2023-11,BAKERY & PREMIX,brownie,Brownie,1813.5,2023-11,405453.35,0.45
2023-11,BAKERY & PREMIX,pizza premix,Pizza Premix,5116.35,2023-11,405453.35,1.26
2023-11,BEVERAGES,7up,7UP 750ml Pet,1856.52,2023-11,405453.35,0.46
2023-11,BEVERAGES,7up,7up750mlpet,1065.78,2023-11,405453.35,0.26
2023-11,BEVERAGES,7up,7up 250ml Pet,997.5,2023-11,405453.35,0.25
2023-11,BEVERAGES,7up,7UP 1250ml Pet,851.6200000000001,2023-11,405453.35,0.21
2023-11,BEVERAGES,7up,7up 250ml Can,-30.0,2023-11,405453.35,-0.01
2023-11,BEVERAGES,7up,7up pet 750ml,-1856.52,2023-11,405453.35,-0.46
2023-11,BEVERAGES,aqua fina,Aqua Fina Mineral Water 1Ltr,251.99,2023-11,405453.35,0.06
2023-11,BEVERAGES,blue occean syrup,DVC BLUE OCCEAN FLV SYRUP 750ML,781.6300000000001,2023-11,405453.35,0.19
2023-11,BEVERAGES,bubblegum syrup,DVC Bubblegum Syrup Syrup 750 ml,48.849999999999994,2023-11,405453.35,0.01
2023-11,BEVERAGES,cucumber syrup,DVC Cucumber Syrup 750 ml,48.860000000000014,2023-11,405453.35,0.01
2023-11,BEVERAGES,dew,Dew 750ml Pet,1100.1599999999999,2023-11,405453.35,0.27
2023-11,BEVERAGES,dew,Dew 250ml Pet,647.5,2023-11,405453.35,0.16
2023-11,BEVERAGES,dew,Dew 250ml Can,240.0,2023-11,405453.35,0.06
2023-11,BEVERAGES,drinking water,drinking water-20ltr,60.0,2023-11,405453.35,0.01
2023-11,BEVERAGES,lehar soda,Lehar Soda,148.14,2023-11,405453.35,0.04
2023-11,BEVERAGES,mango syrup,DVC Mango Beverage Blend Syrup 750 ml,-1758.67,2023-11,405453.35,-0.43
2023-11,BEVERAGES,mirinda,Mirinda 250ml pet,402.5,2023-11,405453.35,0.1
2023-11,BEVERAGES,mirinda,Mirinda 750ml pet,275.04,2023-11,405453.35,0.07
2023-11,BEVERAGES,mixed berry syrup,DVC Mixed Berry Beverage Blend Syrup 750 ml,-611.71,2023-11,405453.35,-0.15
2023-11,BEVERAGES,passion fruit syrup,DVC PASSION FRUIT FLV SYRUP 750ML,1042.1700000000003,2023-11,405453.35,0.26
2023-11,BEVERAGES,peach syrup,DVC Peach GardenSyrup 750 ml,48.849999999999966,2023-11,405453.35,0.01
2023-11,BEVERAGES,pepsi,Pepsi 750ml Pet,2062.8,2023-11,405453.35,0.51
2023-11,BEVERAGES,pepsi,Pepsi 250ml Pet,1032.5,2023-11,405453.35,0.25
2023-11,BEVERAGES,pepsi,Pepsi 1250ml Pet,912.45,2023-11,405453.35,0.23
2023-11,BEVERAGES,pepsi,Pepsi 250ml Can,210.0,2023-11,405453.35,0.05
2023-11,BEVERAGES,slice mango,Slice Mango 200ml pet,353.33,2023-11,405453.35,0.09
2023-11,BEVERAGES,slice mango,Slice Mango 600ml pet,171.9000000000001,2023-11,405453.35,0.04
2023-11,BEVERAGES,strawberry syrup,DVC Strawberry Syrup 750 ml,1367.86,2023-11,405453.35,0.34
2023-11,BEVERAGES,strawberry syrup,DVC Strawberry Syrup Syrup 750 ml,-977.04,2023-11,405453.35,-0.24
2023-11,CHEESE & DAIRY,butter,butter,380.0,2023-11,405453.35,0.09
2023-11,CHEESE & DAIRY,butter,Butter Scotch Ice-cream,309.20000000000005,2023-11,405453.35,0.08
2023-11,CHEESE & DAIRY,butter,Paneer Tikka Butter Masala,331.9200000000001,2023-11,405453.35,0.08
2023-11,CHEESE & DAIRY,butter,Butter Scotch Sauce 750ml,41.400000000000006,2023-11,405453.35,0.01
2023-11,CHEESE & DAIRY,cheddar cheese,GO Orange Cheddar Cheese 2kg,339.9,2023-11,405453.35,0.08
2023-11,CHEESE & DAIRY,curd,Curd-Elanad-500ml,74.0,2023-11,405453.35,0.02
2023-11,CHEESE & DAIRY,diced mozzarella,amul diced mozzrella,29340.0,2023-11,405453.35,7.24
2023-11,CHEESE & DAIRY,fresh cream,Flexi Cream Gold,1409.1,2023-11,405453.35,0.35
2023-11,CHEESE & DAIRY,fresh cream,Vanilla Ice-cream,1251.1999999999998,2023-11,405453.35,0.31
2023-11,CHEESE & DAIRY,fresh cream,Chocolate Ice-cream,798.0,2023-11,405453.35,0.2
2023-11,CHEESE & DAIRY,fresh cream,Strawberry-Ice cream,-415.29,2023-11,405453.35,-0.1
2023-11,CHEESE & DAIRY,milk,milk,1500.0,2023-11,405453.35,0.37
2023-11,CHEESE & DAIRY,milk,Milkymist Cheese BLock 1KG,385.0,2023-11,405453.35,0.09
2023-11,CHEESE & DAIRY,milk,Mittai-Milk-Amul,108.8,2023-11,405453.35,0.03
2023-11,CHEESE & DAIRY,monterey jack,GO-Monterey Jack Cheese-2kg,793.01,2023-11,405453.35,0.2
2023-11,CHEESE & DAIRY,mozzarella,MilkyMist-Mozzarella Cheese-shredded-2kg,20597.04,2023-11,405453.35,5.08
2023-11,CHEESE & DAIRY,mozzarella,AMUL Mozzarella Diced 1Kg,9912.0,2023-11,405453.35,2.44
2023-11,CHEESE & DAIRY,mozzarella,AMUL Mozzarella Cheese Block 1Kg,-16665.0,2023-11,405453.35,-4.11
2023-11,CHEESE & DAIRY,paneer,Paneer,1450.0,2023-11,405453.35,0.36
2023-11,CHEESE & DAIRY,processed cheese,Processed cheese block,-1100.0,2023-11,405453.35,-0.27
2023-11,CLEANING SUPPLIES,washing powder,Washing Powder 500G,31.0,2023-11,405453.35,0.01
2023-11,"FLOUR, GRAINS & DRY GOODS",atta,atta,123.0,2023-11,405453.35,0.03
2023-11,"FLOUR, GRAINS & DRY GOODS",corn meal,Corn Meal - MAKKA RAVA,-126.0,2023-11,405453.35,-0.03
2023-11,"FLOUR, GRAINS & DRY GOODS",dry yeast,Dried Yeast,764.96,2023-11,405453.35,0.19
2023-11,"FLOUR, GRAINS & DRY GOODS",maida,Maida(Porotta 50kg),4889.0,2023-11,405453.35,1.21
2023-11,"FLOUR, GRAINS & DRY GOODS",masoor dal,Masoor-Red,-104.0,2023-11,405453.35,-0.03
2023-11,"FLOUR, GRAINS & DRY GOODS",soya chunks,Soya loose,55.0,2023-11,405453.35,0.01
2023-11,"FLOUR, GRAINS & DRY GOODS",sugar,Sugar,39.0,2023-11,405453.35,0.01
2023-11,"FLOUR, GRAINS & DRY GOODS",sugar,Sugar-Loose,-33.6,2023-11,405453.35,-0.01
2023-11,FROZEN ITEMS,fish finger,fish finger,297.5,2023-11,405453.35,0.07
2023-11,FROZEN ITEMS,french fries,French Fries 6mm-Funwave 2.5 KG,2792.0,2023-11,405453.35,0.69
2023-11,FROZEN ITEMS,french fries,French Fries 9mm-Hungritos,1695.0,2023-11,405453.35,0.42
2023-11,FROZEN ITEMS,french fries,french fry hungritos 2.5kg,-1695.0,2023-11,405453.35,-0.42
2023-11,FROZEN ITEMS,frozen sweet corn,Frozen Sweet Corn-Pal Fresh,792.0,2023-11,405453.35,0.2
2023-11,FROZEN ITEMS,potato pops,POTATO POPS,91.19999999999999,2023-11,405453.35,0.02
2023-11,FROZEN ITEMS,potato wedges,Mc Cain Potato Wedges 2.5kg-Taha,1033.99,2023-11,405453.35,0.26
2023-11,FROZEN ITEMS,potato wedges,Mc Cain Potato Wedges 2.5kg,-1926.4,2023-11,405453.35,-0.48
2023-11,FROZEN ITEMS,savoury wedges,Savoury Wedges 2.5 KG,470.0,2023-11,405453.35,0.12
2023-11,FRUITS,apple,DVC Green Apple 750 ML,-488.52,2023-11,405453.35,-0.12
2023-11,FRUITS,chicku pulp,Berry Fresh Chicku Pulp,288.0,2023-11,405453.35,0.07
2023-11,FRUITS,pineapple,Pineapple slice-Tajir Habit-500g,105.0,2023-11,405453.35,0.03
2023-11,FRUITS,tender coconut pulp,Berry Fresh Tender Coconut Pulp,-245.0,2023-11,405453.35,-0.06
2023-11,FRUITS,watermelon,DVC Watermelon Syrup 750 ml,341.9599999999999,2023-11,405453.35,0.08
2023-11,KITCHEN EQUIPMENT & UTENSILS,tripod,Tripod,148.0,2023-11,405453.35,0.04
2023-11,MASALA & SEASONINGS,bbq mix,BBQ Mix Masala,643.26,2023-11,405453.35,0.16
2023-11,MASALA & SEASONINGS,black pepper,Black pepper,296.0,2023-11,405453.35,0.07
2023-11,MASALA & SEASONINGS,chicken masala,Tandoori Chicken Masala-Bakers,-65.0,2023-11,405453.35,-0.02
2023-11,MASALA & SEASONINGS,chilli flakes,Chilli Flakes-Puramate-400grm,197.79,2023-11,405453.35,0.05
2023-11,MASALA & SEASONINGS,chilli flakes,Veeba Chilli Flakes Seasoning(8G),-396.9,2023-11,405453.35,-0.1
2023-11,MASALA & SEASONINGS,chilli powder,Chilli Powder Loose,90.0,2023-11,405453.35,0.02
2023-11,MASALA & SEASONINGS,chilly flakes,chilly flakes sachet,2215.0,2023-11,405453.35,0.55
2023-11,MASALA & SEASONINGS,chilly flakes,chilly flakes 500gm,0.0,2023-11,405453.35,0.0
2023-11,MASALA & SEASONINGS,herb mix,Chettinad Mix,195.3,2023-11,405453.35,0.05
2023-11,MASALA & SEASONINGS,herb mix,Herb Mix Masla,-1400.6399999999999,2023-11,405453.35,-0.35
2023-11,MASALA & SEASONINGS,mexican masala,Mexican Masala,2400.22,2023-11,405453.35,0.59
2023-11,MASALA & SEASONINGS,oregano,Oregano Sprinkler 500g,1790.46,2023-11,405453.35,0.44
2023-11,MASALA & SEASONINGS,oregano,OREGANO SACHET 0.8GM,966.0,2023-11,405453.35,0.24
2023-11,MASALA & SEASONINGS,piri piri marinade,Piri Piri Marinade 1KG,133.5,2023-11,405453.35,0.03
2023-11,MASALA & SEASONINGS,salt,Salt,-9.800000000000004,2023-11,405453.35,-0.0
2023-11,MASALA & SEASONINGS,tandoori masala,Tandoori mix Masala,-1007.6,2023-11,405453.35,-0.25
2023-11,MASALA & SEASONINGS,turmeric powder,Turmeric Powder-loose,26.4,2023-11,405453.35,0.01
2023-11,MEAT & POULTRY,boneless chicken,Boneless Chicken,16542.71,2023-11,405453.35,4.08
2023-11,MEAT & POULTRY,chicken kheema,Chicken Kheema  Masala,162.75,2023-11,405453.35,0.04
2023-11,MEAT & POULTRY,chicken nuggets,Chicken Nuggets-Godrej-1kg,1216.0,2023-11,405453.35,0.3
2023-11,MEAT & POULTRY,chicken popcorn,CHICKEN POPCORN,206.97000000000003,2023-11,405453.35,0.05
2023-11,MEAT & POULTRY,chicken salami,Zippy Chicken Salami,1249.92,2023-11,405453.35,0.31
2023-11,MEAT & POULTRY,chicken salami,SALAMI,-613.81,2023-11,405453.35,-0.15
2023-11,MEAT & POULTRY,chicken sausage,Chicken Sausage,-207.0,2023-11,405453.35,-0.05
2023-11,MEAT & POULTRY,lamb pepperoni,Lamp Pepperoni,729.95,2023-11,405453.35,0.18
2023-11,MEAT & POULTRY,staff chicken,Chicken-Whole-Staff,1489.0,2023-11,405453.35,0.37
2023-11,OILS,mustard oil,Mustard-Oil,104.0,2023-11,405453.35,0.03
2023-11,OILS,olive oil,habit olive oil,-507.1500000000001,2023-11,405453.35,-0.13
2023-11,OILS,palm oil,Palm Oil - Refined Oil,2823.5,2023-11,405453.35,0.7
2023-11,PACKAGING MATERIALS,bio bag,Bio-Bag-20x26-35,-460.0,2023-11,405453.35,-0.11
2023-11,PACKAGING MATERIALS,bio bag,Bio-Bag-16x20-50,-690.0,2023-11,405453.35,-0.17
2023-11,PACKAGING MATERIALS,burger box,Mini Burger Box,407.09999999999997,2023-11,405453.35,0.1
2023-11,PACKAGING MATERIALS,cling flim,Cling Flim,287.0,2023-11,405453.35,0.07
2023-11,PACKAGING MATERIALS,french fries box,French Fries Box,-141.17999999999984,2023-11,405453.35,-0.03
2023-11,PACKAGING MATERIALS,garlic bread box,Garlic Bread Box,490.02,2023-11,405453.35,0.12
2023-11,PACKAGING MATERIALS,large pizza box,Large Pizza Box,1674.6999999999998,2023-11,405453.35,0.41
2023-11,PACKAGING MATERIALS,medium pizza box,Medium Pizza Box,4824.030000000001,2023-11,405453.35,1.19
2023-11,PACKAGING MATERIALS,paper bag,Papper carry bag medium,756.0,2023-11,405453.35,0.19
2023-11,PACKAGING MATERIALS,paper bag,paper bags regular,400.0,2023-11,405453.35,0.1
2023-11,PACKAGING MATERIALS,paper bag,Papper carry bag small,344.0,2023-11,405453.35,0.08
2023-11,PACKAGING MATERIALS,paper bag,paper bags large,-180.0,2023-11,405453.35,-0.04
2023-11,PACKAGING MATERIALS,paper glass,Moktails Glass,542.4000000000001,2023-11,405453.35,0.13
2023-11,PACKAGING MATERIALS,paper glass,Paper Glass,184.0,2023-11,405453.35,0.05
2023-11,PACKAGING MATERIALS,paper straw,Paper Straw,35.0,2023-11,405453.35,0.01
2023-11,PACKAGING MATERIALS,paper straw,Paper Straw big,-45.0,2023-11,405453.35,-0.01
2023-11,PACKAGING MATERIALS,pasta container,Pasta Container Black,880.46,2023-11,405453.35,0.22
2023-11,PACKAGING MATERIALS,plastic cover,Plastic Cover 12X16,-35.0,2023-11,405453.35,-0.01
2023-11,PACKAGING MATERIALS,plastic cover,Plastic Cover 26X30,-180.0,2023-11,405453.35,-0.04
2023-11,PACKAGING MATERIALS,plastic cover,Plastic Cover 16X20,-195.0,2023-11,405453.35,-0.05
2023-11,PACKAGING MATERIALS,regular pizza box,Regular Pizza Box,5353.799999999999,2023-11,405453.35,1.32
2023-11,PACKAGING MATERIALS,salad bowl,Salad Bowl 500ml,343.35,2023-11,405453.35,0.08
2023-11,PACKAGING MATERIALS,salad bowl,Dip Bowl,100.0,2023-11,405453.35,0.02
2023-11,PACKAGING MATERIALS,salad bowl,Salad Bowl 250ml,0.0,2023-11,405453.35,0.0
2023-11,PACKAGING MATERIALS,tissue,Tissue,90.0,2023-11,405453.35,0.02
2023-11,PACKAGING MATERIALS,wooden spoon,Wooden Spoon-160mm,-125.0,2023-11,405453.35,-0.03
2023-11,SAUCES & SPREADS,chocolate sauce,Malas Chocolate Sauce 5 ltr,-127.2,2023-11,405453.35,-0.03
2023-11,SAUCES & SPREADS,eggless mayonnaise,Veeba Eggless Mayonise Chef 1KG,1262.0999999999995,2023-11,405453.35,0.31
2023-11,SAUCES & SPREADS,eggless mayonnaise,egg,482.29999999999995,2023-11,405453.35,0.12
2023-11,SAUCES & SPREADS,garlic chilli spread,Garlic Chilli Spread,97.20000000000005,2023-11,405453.35,0.02
2023-11,SAUCES & SPREADS,gouda flavoured dressing,Veeba Gouda Flavoured Dressing,1290.24,2023-11,405453.35,0.32
2023-11,SAUCES & SPREADS,honey mustard dressing,Honey,296.2,2023-11,405453.35,0.07
2023-11,SAUCES & SPREADS,ketchup sachet,Veeba Ketchup Sachet,0.0,2023-11,405453.35,0.0
2023-11,SAUCES & SPREADS,makhani gravy,Veeba Makhani Gravy 1KG,387.07000000000005,2023-11,405453.35,0.1
2023-11,SAUCES & SPREADS,pizza sauce,Veeba Pasta & Pizza Sauce 1KG,3662.6,2023-11,405453.35,0.9
2023-11,SAUCES & SPREADS,pizza sauce,Pizza sauce premix,855.3499999999999,2023-11,405453.35,0.21
2023-11,SAUCES & SPREADS,schezwan sauce,Schezwan sauce,350.0,2023-11,405453.35,0.09
2023-11,SAUCES & SPREADS,tandoori mayonnaise,Tandoori Tikka Marinade 500Grm,345.0,2023-11,405453.35,0.09
2023-11,SAUCES & SPREADS,tandoori spread,Veeba Tandoori Spread-1kg,868.0,2023-11,405453.35,0.21
2023-11,SAUCES & SPREADS,thousand island dressing,Veeba ThousandIsland Dressing 1KG,206.79000000000002,2023-11,405453.35,0.05
2023-11,SAUCES & SPREADS,tomato ketchup,Veeba T. Ketchup 1.2KG,945.0,2023-11,405453.35,0.23
2023-11,SAUCES & SPREADS,tomato ketchup,gustora tom ketchup,650.0,2023-11,405453.35,0.16
2023-11,SAUCES & SPREADS,tomato ketchup,tomato ketchup,574.0,2023-11,405453.35,0.14
2023-11,STATIONERY & MISC,cash voucher book,Cash Voucher Book,124.0,2023-11,405453.35,0.03
2023-11,STATIONERY & MISC,pad lock,Pad Lock,116.0,2023-11,405453.35,0.03
2023-11,STATIONERY & MISC,pen,HABIT JALAPENO SLICES 2.9 KG,992.8399999999999,2023-11,405453.35,0.24
2023-11,STATIONERY & MISC,pen,Puramate Pasta-Penne Rigatte 500g,897.6,2023-11,405453.35,0.22
2023-11,STATIONERY & MISC,spray gun,spray paint,150.0,2023-11,405453.35,0.04
2023-11,UNMAPPED,UNMAPPED,veg,13170.1,2023-11,405453.35,3.25
2023-11,UNMAPPED,UNMAPPED,grocery,12671.05,2023-11,405453.35,3.13
2023-11,UNMAPPED,UNMAPPED,Neo Black Sliced Olives,1878.24,2023-11,405453.35,0.46
2023-11,UNMAPPED,UNMAPPED,bio covers,1450.0,2023-11,405453.35,0.36
2023-11,UNMAPPED,UNMAPPED,eng.veg,1175.99,2023-11,405453.35,0.29
2023-11,UNMAPPED,UNMAPPED,Neo Red Paprika 3Kg,1086.4,2023-11,405453.35,0.27
2023-11,UNMAPPED,UNMAPPED,mosquito bat,295.0,2023-11,405453.35,0.07
2023-11,UNMAPPED,UNMAPPED,stationery,232.0,2023-11,405453.35,0.06
2023-11,UNMAPPED,UNMAPPED,Mango Crush Sauce 750ml Malas,207.48,2023-11,405453.35,0.05
2023-11,UNMAPPED,UNMAPPED,Puramate Pasta-Gomiti Rigate - macroni - 500g,217.6,2023-11,405453.35,0.05
2023-11,UNMAPPED,UNMAPPED,Ice cube,160.0,2023-11,405453.35,0.04
2023-11,UNMAPPED,UNMAPPED,roasted peanuts,129.6,2023-11,405453.35,0.03
2023-11,UNMAPPED,UNMAPPED,Padlock,90.0,2023-11,405453.35,0.02
2023-11,UNMAPPED,UNMAPPED,Jeerakham - Loose,30.0,2023-11,405453.35,0.01
2023-11,UNMAPPED,UNMAPPED,black olive slice Habit,0.0,2023-11,405453.35,0.0
2023-11,UNMAPPED,UNMAPPED,red paprika habit,0.0,2023-11,405453.35,0.0
2023-11,UNMAPPED,UNMAPPED,Green Peas,-50.0,2023-11,405453.35,-0.01
2023-11,UTILITIES & EXPENSES,lpg gas,Gas-LPG-HPCL,13000.0,2023-11,405453.35,3.21
2023-11,VEGETABLES,baby corn,Baby Corn Whole-450GM-Golden Crown,520.0,2023-11,405453.35,0.13
2023-11,VEGETABLES,baby corn,habit baby corn,-294.0,2023-11,405453.35,-0.07
2023-11,VEGETABLES,fresh basil,Puramate Basil 250g Pouch,234.0,2023-11,405453.35,0.06
2023-11,VEGETABLES,fresh basil,Basil-fresh,-136.0,2023-11,405453.35,-0.03
2023-11,VEGETABLES,mint,DVC Mint Flavoured Syrup 750 ml,1587.3299999999997,2023-11,405453.35,0.39
2023-11,VEGETABLES,mushroom,G.Crown Mushroom Slice 800g,1862.0,2023-11,405453.35,0.46
2023-11,VEGETABLES,mushroom,canvill button mushroom,-3718.0,2023-11,405453.35,-0.92
2023-11,VEGETABLES,raw papaya,raw papaya,100.0,2023-11,405453.35,0.02
2023-10,BAKERY & PREMIX,bread premix,Bread Premix,448.88,2023-10,427381.25,0.11
2023-10,BAKERY & PREMIX,brownie,Brownie,1612.0,2023-10,427381.25,0.38
2023-10,BAKERY & PREMIX,pizza premix,Pizza Premix,3283.87,2023-10,427381.25,0.77
2023-10,BEVERAGES,7up,7up750mlpet,3034.34,2023-10,427381.25,0.71
2023-10,BEVERAGES,7up,7UP 1250ml Pet,987.59,2023-10,427381.25,0.23
2023-10,BEVERAGES,7up,7up 250ml Pet,735.0,2023-10,427381.25,0.17
2023-10,BEVERAGES,7up,7up 250ml Can,480.0,2023-10,427381.25,0.11
2023-10,BEVERAGES,7up,7UP 750ml Pet,-481.31999999999994,2023-10,427381.25,-0.11
2023-10,BEVERAGES,aqua fina,Aqua Fina Mineral Water 1Ltr,153.99,2023-10,427381.25,0.04
2023-10,BEVERAGES,blue occean syrup,DVC BLUE OCCEAN FLV SYRUP 750ML,244.26,2023-10,427381.25,0.06
2023-10,BEVERAGES,bubblegum syrup,DVC Bubblegum Syrup Syrup 750 ml,48.85000000000002,2023-10,427381.25,0.01
2023-10,BEVERAGES,cucumber syrup,DVC Cucumber Syrup 750 ml,48.85000000000002,2023-10,427381.25,0.01
2023-10,BEVERAGES,dew,Dew 750ml Pet,1168.9099999999999,2023-10,427381.25,0.27
2023-10,BEVERAGES,dew,Dew 250ml Pet,397.0,2023-10,427381.25,0.09
2023-10,BEVERAGES,dew,Dew 250ml Can,270.0,2023-10,427381.25,0.06
2023-10,BEVERAGES,lehar soda,Lehar Soda,395.04,2023-10,427381.25,0.09
2023-10,BEVERAGES,mango syrup,DVC Mango Beverage Blend Syrup 750 ml,1146.96,2023-10,427381.25,0.27
2023-10,BEVERAGES,mirinda,Mirinda 750ml pet,275.03999999999996,2023-10,427381.25,0.06
2023-10,BEVERAGES,mirinda,Mirinda 250ml pet,210.0,2023-10,427381.25,0.05
2023-10,BEVERAGES,mixed berry syrup,DVC Mixed Berry Beverage Blend Syrup 750 ml,764.64,2023-10,427381.25,0.18
2023-10,BEVERAGES,passion fruit syrup,DVC PASSION FRUIT FLV SYRUP 750ML,-65.13000000000034,2023-10,427381.25,-0.02
2023-10,BEVERAGES,peach syrup,DVC Peach GardenSyrup 750 ml,97.71000000000004,2023-10,427381.25,0.02
2023-10,BEVERAGES,pepsi,Pepsi 750ml Pet,2819.1299999999997,2023-10,427381.25,0.66
2023-10,BEVERAGES,pepsi,Pepsi 250ml Pet,1942.5,2023-10,427381.25,0.45
2023-10,BEVERAGES,pepsi,Pepsi 250ml Can,585.0,2023-10,427381.25,0.14
2023-10,BEVERAGES,pepsi,Pepsi 1250ml Pet,304.3900000000001,2023-10,427381.25,0.07
2023-10,BEVERAGES,slice mango,Slice Mango 200ml pet,742.0,2023-10,427381.25,0.17
2023-10,BEVERAGES,slice mango,Slice Mango 600ml pet,309.42,2023-10,427381.25,0.07
2023-10,BEVERAGES,strawberry syrup,DVC Strawberry Syrup 750 ml,-195.40999999999985,2023-10,427381.25,-0.05
2023-10,CHEESE & DAIRY,butter,butter,2280.0,2023-10,427381.25,0.53
2023-10,CHEESE & DAIRY,butter,Paneer Tikka Butter Masala,1468.3199999999997,2023-10,427381.25,0.34
2023-10,CHEESE & DAIRY,butter,Butter Scotch Ice-cream,688.6699999999998,2023-10,427381.25,0.16
2023-10,CHEESE & DAIRY,butter,Butter Scotch Sauce 750ml,-110.4,2023-10,427381.25,-0.03
2023-10,CHEESE & DAIRY,cheddar cheese,GO Orange Cheddar Cheese 2kg,283.25,2023-10,427381.25,0.07
2023-10,CHEESE & DAIRY,colby cheese,GO Colby Cheese Block 2kg,793.0,2023-10,427381.25,0.19
2023-10,CHEESE & DAIRY,curd,Curd-Elanad-500ml,70.0,2023-10,427381.25,0.02
2023-10,CHEESE & DAIRY,fresh cream,Vanilla Ice-cream,3372.8000000000006,2023-10,427381.25,0.79
2023-10,CHEESE & DAIRY,fresh cream,Strawberry-Ice cream,1419.2899999999997,2023-10,427381.25,0.33
2023-10,CHEESE & DAIRY,fresh cream,Flexi Cream Gold,1362.9,2023-10,427381.25,0.32
2023-10,CHEESE & DAIRY,fresh cream,Chocolate Ice-cream,1057.0,2023-10,427381.25,0.25
2023-10,CHEESE & DAIRY,milk,Milkymist Cheese BLock 1KG,2200.0,2023-10,427381.25,0.51
2023-10,CHEESE & DAIRY,milk,Milk,1052.0,2023-10,427381.25,0.25
2023-10,CHEESE & DAIRY,milk,milk,800.0,2023-10,427381.25,0.19
2023-10,CHEESE & DAIRY,milk,Mittai-Milk-Amul,-128.0,2023-10,427381.25,-0.03
2023-10,CHEESE & DAIRY,monterey jack,GO-Monterey Jack Cheese-2kg,0.0,2023-10,427381.25,0.0
2023-10,CHEESE & DAIRY,mozzarella,AMUL Mozzarella Diced 1Kg,23600.0,2023-10,427381.25,5.52
2023-10,CHEESE & DAIRY,mozzarella,MilkyMist-Mozzarella Cheese-shredded-2kg,15396.480000000001,2023-10,427381.25,3.6
2023-10,CHEESE & DAIRY,mozzarella,AMUL Mozzarella Cheese Block 1Kg,825.0,2023-10,427381.25,0.19
2023-10,CHEESE & DAIRY,paneer,Paneer,1450.0,2023-10,427381.25,0.34
2023-10,CHEESE & DAIRY,processed cheese,Processed cheese block,1650.0,2023-10,427381.25,0.39
2023-10,CLEANING SUPPLIES,dishwash cake,Exo Dishwash cake,100.0,2023-10,427381.25,0.02
2023-10,CLEANING SUPPLIES,washing powder,Washing Powder 500G,62.0,2023-10,427381.25,0.01
2023-10,CLEANING SUPPLIES,wiper,Wiper-Arafa,110.0,2023-10,427381.25,0.03
2023-10,"FLOUR, GRAINS & DRY GOODS",atta,Atta Loose,246.0,2023-10,427381.25,0.06
2023-10,"FLOUR, GRAINS & DRY GOODS",corn meal,super Meal,80.0,2023-10,427381.25,0.02
2023-10,"FLOUR, GRAINS & DRY GOODS",corn meal,Corn Meal - MAKKA RAVA,-54.0,2023-10,427381.25,-0.01
2023-10,"FLOUR, GRAINS & DRY GOODS",dry yeast,Dried Yeast,475.97,2023-10,427381.25,0.11
2023-10,"FLOUR, GRAINS & DRY GOODS",horlicks,horlicks,48.0,2023-10,427381.25,0.01
2023-10,"FLOUR, GRAINS & DRY GOODS",kabuli chana,KABULI CHANA,94.0,2023-10,427381.25,0.02
2023-10,"FLOUR, GRAINS & DRY GOODS",maida,Maida(Porotta 50kg),11034.4,2023-10,427381.25,2.58
2023-10,"FLOUR, GRAINS & DRY GOODS",masoor dal,Masoor-Red,96.0,2023-10,427381.25,0.02
2023-10,"FLOUR, GRAINS & DRY GOODS",rice,staff rice,2080.0,2023-10,427381.25,0.49
2023-10,"FLOUR, GRAINS & DRY GOODS",soya chunks,Soya loose,51.2,2023-10,427381.25,0.01
2023-10,"FLOUR, GRAINS & DRY GOODS",sugar,Sugar-Loose,130.2,2023-10,427381.25,0.03
2023-10,"FLOUR, GRAINS & DRY GOODS",sugar,Sugar,-39.0,2023-10,427381.25,-0.01
2023-10,"FLOUR, GRAINS & DRY GOODS",tea,Tea Loose,36.0,2023-10,427381.25,0.01
2023-10,FROZEN ITEMS,fish finger,fish finger,476.0,2023-10,427381.25,0.11
2023-10,FROZEN ITEMS,french fries,French Fries 6mm-Funwave 2.5 KG,5165.2,2023-10,427381.25,1.21
2023-10,FROZEN ITEMS,frozen sweet corn,Frozen Sweet Corn,1250.0,2023-10,427381.25,0.29
2023-10,FROZEN ITEMS,frozen sweet corn,Frozen Sweet Corn-Pal Fresh,0.0,2023-10,427381.25,0.0
2023-10,FROZEN ITEMS,potato pops,POTATO POPS,60.80000000000001,2023-10,427381.25,0.01
2023-10,FROZEN ITEMS,potato wedges,Mc Cain Potato Wedges 2.5kg,1695.23,2023-10,427381.25,0.4
2023-10,FROZEN ITEMS,potato wedges,Mc Cain Potato Wedges 2.5kg-Taha,-1033.99,2023-10,427381.25,-0.24
2023-10,FRUITS,apple,DVC Green Apple 750 ML,1514.41,2023-10,427381.25,0.35
2023-10,FRUITS,banana,Berry Fresh Banana Pulp,180.0,2023-10,427381.25,0.04
2023-10,FRUITS,cherry,Cherry,60.0,2023-10,427381.25,0.01
2023-10,FRUITS,chicku pulp,Berry Fresh Chicku Pulp,108.0,2023-10,427381.25,0.03
2023-10,FRUITS,pineapple,Pineapple-Veg,360.0,2023-10,427381.25,0.08
2023-10,FRUITS,pineapple,Pineapple slice-Tajir Habit-500g,-735.0,2023-10,427381.25,-0.17
2023-10,FRUITS,tender coconut pulp,Berry Fresh Tender Coconut Pulp,805.0,2023-10,427381.25,0.19
2023-10,FRUITS,watermelon,DVC Watermelon Syrup 750 ml,244.26,2023-10,427381.25,0.06
2023-10,KITCHEN EQUIPMENT & UTENSILS,tripod,Tripod,148.0,2023-10,427381.25,0.03
2023-10,MASALA & SEASONINGS,bbq mix,BBQ Mix Masala,1858.0800000000002,2023-10,427381.25,0.43
2023-10,MASALA & SEASONINGS,black pepper,Black pepper,-148.0,2023-10,427381.25,-0.03
2023-10,MASALA & SEASONINGS,chilli flakes,Chilli Flakes-Tasty Pixel-Veeba-Sachet-0.8g,661.5,2023-10,427381.25,0.15
2023-10,MASALA & SEASONINGS,chilli flakes,Chilli Flakes-Puramate-400grm,-197.79,2023-10,427381.25,-0.05
2023-10,MASALA & SEASONINGS,chilli powder,Chilly Powder 1kg-Eastern,165.0,2023-10,427381.25,0.04
2023-10,MASALA & SEASONINGS,chilli powder,Chilli Powder Loose,-100.0,2023-10,427381.25,-0.02
2023-10,MASALA & SEASONINGS,chilly flakes,CHILLY FLAKES SACHET 0.8GM,225.0,2023-10,427381.25,0.05
2023-10,MASALA & SEASONINGS,chilly flakes,Green Chilly-Veg,136.0,2023-10,427381.25,0.03
2023-10,MASALA & SEASONINGS,chilly flakes,Whole Chilly,52.0,2023-10,427381.25,0.01
2023-10,MASALA & SEASONINGS,herb mix,Herb Mix Masla,1322.5,2023-10,427381.25,0.31
2023-10,MASALA & SEASONINGS,herb mix,Chettinad Mix,32.54999999999998,2023-10,427381.25,0.01
2023-10,MASALA & SEASONINGS,mexican masala,Mexican Masala,4935.84,2023-10,427381.25,1.15
2023-10,MASALA & SEASONINGS,oregano,OREGANO SACHET 0.8GM,976.0699999999999,2023-10,427381.25,0.23
2023-10,MASALA & SEASONINGS,oregano,Oregano Sprinkler 500g,852.5999999999999,2023-10,427381.25,0.2
2023-10,MASALA & SEASONINGS,piri piri marinade,Piri Piri Marinade 1KG,-311.5,2023-10,427381.25,-0.07
2023-10,MASALA & SEASONINGS,salt,Salt-sprinkle-powder,24.0,2023-10,427381.25,0.01
2023-10,MASALA & SEASONINGS,salt,Salt,-37.8,2023-10,427381.25,-0.01
2023-10,MASALA & SEASONINGS,tandoori masala,Tandoori mix Masala,1823.3600000000001,2023-10,427381.25,0.43
2023-10,MASALA & SEASONINGS,tandoori masala,Tandoori Masala,562.8,2023-10,427381.25,0.13
2023-10,MASALA & SEASONINGS,turmeric powder,Turmeric Powder-loose,-34.32,2023-10,427381.25,-0.01
2023-10,MEAT & POULTRY,boneless chicken,Boneless Chicken,15785.83,2023-10,427381.25,3.69
2023-10,MEAT & POULTRY,chicken kheema,Chicken Kheema  Masala,195.3,2023-10,427381.25,0.05
2023-10,MEAT & POULTRY,chicken nuggets,Chicken Nuggets-Godrej-1kg,384.0,2023-10,427381.25,0.09
2023-10,MEAT & POULTRY,chicken popcorn,CHICKEN POPCORN,236.53999999999996,2023-10,427381.25,0.06
2023-10,MEAT & POULTRY,chicken salami,Zippy Chicken Salami,1093.68,2023-10,427381.25,0.26
2023-10,MEAT & POULTRY,chicken sausage,Chicken Sausage,345.0,2023-10,427381.25,0.08
2023-10,MEAT & POULTRY,lamb pepperoni,Lamp Pepperoni,376.59999999999997,2023-10,427381.25,0.09
2023-10,MEAT & POULTRY,staff chicken,Chicken-Whole-Staff,2330.56,2023-10,427381.25,0.55
2023-10,OILS,lamp oil,LAMP OIL,99.0,2023-10,427381.25,0.02
2023-10,OILS,mustard oil,Mustard-Oil,63.0,2023-10,427381.25,0.01
2023-10,OILS,palm oil,Palm Oil - Refined Oil,4270.5,2023-10,427381.25,1.0
2023-10,PACKAGING MATERIALS,bio bag,Bio-Bag-16x20-50,460.0,2023-10,427381.25,0.11
2023-10,PACKAGING MATERIALS,bio bag,Bio-Bag-20x26-35,230.0,2023-10,427381.25,0.05
2023-10,PACKAGING MATERIALS,burger box,Mini Burger Box,233.40000000000003,2023-10,427381.25,0.05
2023-10,PACKAGING MATERIALS,butter paper,butter papper,297.5,2023-10,427381.25,0.07
2023-10,PACKAGING MATERIALS,catering cap,Catering Cap,80.0,2023-10,427381.25,0.02
2023-10,PACKAGING MATERIALS,cling flim,Cling Flim,130.0,2023-10,427381.25,0.03
2023-10,PACKAGING MATERIALS,french fries box,French Fries Box,415.83000000000004,2023-10,427381.25,0.1
2023-10,PACKAGING MATERIALS,garlic bread box,Garlic Bread Box,404.3399999999999,2023-10,427381.25,0.09
2023-10,PACKAGING MATERIALS,gloves,catering gloves,58.0,2023-10,427381.25,0.01
2023-10,PACKAGING MATERIALS,large pizza box,Large Pizza Box,1180.0,2023-10,427381.25,0.28
2023-10,PACKAGING MATERIALS,medium pizza box,Medium Pizza Box,3648.61,2023-10,427381.25,0.85
2023-10,PACKAGING MATERIALS,paper bag,Papper carry bag medium,81.0,2023-10,427381.25,0.02
2023-10,PACKAGING MATERIALS,paper bag,Papper carry bag small,-208.0,2023-10,427381.25,-0.05
2023-10,PACKAGING MATERIALS,paper glass,Moktails Glass,537.5999999999999,2023-10,427381.25,0.13
2023-10,PACKAGING MATERIALS,paper glass,Paper Glass,332.0,2023-10,427381.25,0.08
2023-10,PACKAGING MATERIALS,paper straw,Paper Straw,70.0,2023-10,427381.25,0.02
2023-10,PACKAGING MATERIALS,paper straw,Paper Straw Small,35.0,2023-10,427381.25,0.01
2023-10,PACKAGING MATERIALS,paper straw,Paper Straw Big,6.75,2023-10,427381.25,0.0
2023-10,PACKAGING MATERIALS,pasta container,Pasta Container Black,559.24,2023-10,427381.25,0.13
2023-10,PACKAGING MATERIALS,plastic cover,Plastic Cover 20X26,420.0,2023-10,427381.25,0.1
2023-10,PACKAGING MATERIALS,plastic cover,Plastic Cover 12X16,210.0,2023-10,427381.25,0.05
2023-10,PACKAGING MATERIALS,plastic cover,Plastic Cover 16X20,195.0,2023-10,427381.25,0.05
2023-10,PACKAGING MATERIALS,plastic cover,Plastic Cover 26X30,180.0,2023-10,427381.25,0.04
2023-10,PACKAGING MATERIALS,regular pizza box,Regular Pizza Box,5860.92,2023-10,427381.25,1.37
2023-10,PACKAGING MATERIALS,salad bowl,Salad Bowl 500ml,348.48,2023-10,427381.25,0.08
2023-10,PACKAGING MATERIALS,salad bowl,Salad Bowl 250ml,265.04999999999995,2023-10,427381.25,0.06
2023-10,PACKAGING MATERIALS,tissue,Tissue,814.0,2023-10,427381.25,0.19
2023-10,PACKAGING MATERIALS,wooden spoon,Wooden Spoon-160mm,81.25,2023-10,427381.25,0.02
2023-10,SAUCES & SPREADS,chocolate sauce,DVC CHocolate Sauce 2 LTR,843.7,2023-10,427381.25,0.2
2023-10,SAUCES & SPREADS,eggless mayonnaise,Veeba Eggless Mayonise Chef 1KG,1400.0,2023-10,427381.25,0.33
2023-10,SAUCES & SPREADS,eggless mayonnaise,egg,462.0,2023-10,427381.25,0.11
2023-10,SAUCES & SPREADS,garlic chilli spread,Garlic Chilli Spread,64.79999999999995,2023-10,427381.25,0.02
2023-10,SAUCES & SPREADS,gouda flavoured dressing,Veeba Gouda Flavoured Dressing,1290.24,2023-10,427381.25,0.3
2023-10,SAUCES & SPREADS,honey mustard dressing,Honey,381.8,2023-10,427381.25,0.09
2023-10,SAUCES & SPREADS,ketchup sachet,Veeba Ketchup Sachet,1532.17,2023-10,427381.25,0.36
2023-10,SAUCES & SPREADS,makhani gravy,Veeba Makhani Gravy 1KG,258.04999999999995,2023-10,427381.25,0.06
2023-10,SAUCES & SPREADS,pizza sauce,Veeba Pasta & Pizza Sauce 1KG,2949.48,2023-10,427381.25,0.69
2023-10,SAUCES & SPREADS,pizza sauce,Pizza sauce premix,1951.4300000000003,2023-10,427381.25,0.46
2023-10,SAUCES & SPREADS,schezwan sauce,Schezwan sauce,680.0,2023-10,427381.25,0.16
2023-10,SAUCES & SPREADS,tandoori mayonnaise,Tandoori Tikka Marinade 500Grm,575.0,2023-10,427381.25,0.13
2023-10,SAUCES & SPREADS,thousand island dressing,Veeba ThousandIsland Dressing 1KG,-18.8,2023-10,427381.25,-0.0
2023-10,SAUCES & SPREADS,tomato ketchup,Veeba T. Ketchup 1.2KG,0.0,2023-10,427381.25,0.0
2023-10,STATIONERY & MISC,decoration items,decoration-Baloon,80.0,2023-10,427381.25,0.02
2023-10,STATIONERY & MISC,pen,HABIT JALAPENO SLICES 2.9 KG,2270.5000000000005,2023-10,427381.25,0.53
2023-10,STATIONERY & MISC,pen,Puramate Pasta-Penne Rigatte 500g,884.0,2023-10,427381.25,0.21
2023-10,STATIONERY & MISC,pen,TAJIR JALAPENO SLICES 2.5 KG,855.0,2023-10,427381.25,0.2
2023-10,UNMAPPED,UNMAPPED,veg,7308.08,2023-10,427381.25,1.71
2023-10,UNMAPPED,UNMAPPED,grocery,2213.96,2023-10,427381.25,0.52
2023-10,UNMAPPED,UNMAPPED,Neo-Black Sliced Olives-3kg,1014.0,2023-10,427381.25,0.24
2023-10,UNMAPPED,UNMAPPED,bio covers,840.0,2023-10,427381.25,0.2
2023-10,UNMAPPED,UNMAPPED,Capcicum-Veg,544.0,2023-10,427381.25,0.13
2023-10,UNMAPPED,UNMAPPED,Hand Wash,460.0,2023-10,427381.25,0.11
2023-10,UNMAPPED,UNMAPPED,roasted peanuts,410.4,2023-10,427381.25,0.1
2023-10,UNMAPPED,UNMAPPED,Brocoli,375.0,2023-10,427381.25,0.09
2023-10,UNMAPPED,UNMAPPED,Brocoli-isha Vegitable,372.0,2023-10,427381.25,0.09
2023-10,UNMAPPED,UNMAPPED,isha veg,396.0,2023-10,427381.25,0.09
2023-10,UNMAPPED,UNMAPPED,Ice cube,240.0,2023-10,427381.25,0.06
2023-10,UNMAPPED,UNMAPPED,Neo Red Paprika 3Kg,217.27999999999997,2023-10,427381.25,0.05
2023-10,UNMAPPED,UNMAPPED,Cauli Flower-veg,120.92,2023-10,427381.25,0.03
2023-10,UNMAPPED,UNMAPPED,Red Yellow Capcicum,130.0,2023-10,427381.25,0.03
2023-10,UNMAPPED,UNMAPPED,Green Peas,100.0,2023-10,427381.25,0.02
2023-10,UNMAPPED,UNMAPPED,Puramate Pasta-Gomiti Rigate - macroni - 500g,95.2,2023-10,427381.25,0.02
2023-10,UNMAPPED,UNMAPPED,cashew,75.0,2023-10,427381.25,0.02
2023-10,UNMAPPED,UNMAPPED,Jeerakham - Loose,30.0,2023-10,427381.25,0.01
2023-10,UNMAPPED,UNMAPPED,Parsely- Isha Vegitable,46.0,2023-10,427381.25,0.01
2023-10,UNMAPPED,UNMAPPED,Parsely-Veg,63.6,2023-10,427381.25,0.01
2023-10,UNMAPPED,UNMAPPED,VEG,40.0,2023-10,427381.25,0.01
2023-10,UNMAPPED,UNMAPPED,payyar-veg,30.0,2023-10,427381.25,0.01
2023-10,UNMAPPED,UNMAPPED,Mango Crush Sauce 750ml Malas,-138.32,2023-10,427381.25,-0.03
2023-10,UNMAPPED,UNMAPPED,Neo Black Sliced Olives,-626.0799999999999,2023-10,427381.25,-0.15
2023-10,UTILITIES & EXPENSES,lpg gas,Gas-LPG-HPCL,18285.0,2023-10,427381.25,4.28
2023-10,UTILITIES & EXPENSES,petrol,Petrol-Nayara,500.02,2023-10,427381.25,0.12
2023-10,VEGETABLES,baby corn,habit baby corn,490.0,2023-10,427381.25,0.11
2023-10,VEGETABLES,baby corn,Baby Corn Tasty 450G,325.0,2023-10,427381.25,0.08
2023-10,VEGETABLES,baby corn,Baby Corn Whole-450GM-Golden Crown,-130.0,2023-10,427381.25,-0.03
2023-10,VEGETABLES,bitter gourd,Bitter Guard-Veg,80.0,2023-10,427381.25,0.02
2023-10,VEGETABLES,cabbage,cabbage-veg,10.28,2023-10,427381.25,0.0
2023-10,VEGETABLES,capsicum,Red yellow capsicum-isha Vegitable,144.0,2023-10,427381.25,0.03
2023-10,VEGETABLES,carrot,Carrot-Veg,22.0,2023-10,427381.25,0.01
2023-10,VEGETABLES,fresh basil,Basil-fresh-Isha Vegitables,136.0,2023-10,427381.25,0.03
2023-10,VEGETABLES,fresh basil,Puramate Basil 250g Pouch,0.0,2023-10,427381.25,0.0
2023-10,VEGETABLES,garlic,Garlic-Veg,300.0,2023-10,427381.25,0.07
2023-10,VEGETABLES,ginger,Ginger-Veg,80.0,2023-10,427381.25,0.02
2023-10,VEGETABLES,lemon,Lemon-Veg,420.0,2023-10,427381.25,0.1
2023-10,VEGETABLES,mint,Mint-Veg,115.0,2023-10,427381.25,0.03
2023-10,VEGETABLES,mint,DVC Mint Flavoured Syrup 750 ml,-344.8499999999999,2023-10,427381.25,-0.08
2023-10,VEGETABLES,mushroom,G.Crown Mushroom Slice 800g,4802.0,2023-10,427381.25,1.12
2023-10,VEGETABLES,onion,Onion-Veg,1020.0,2023-10,427381.25,0.24
2023-10,VEGETABLES,potato,Potato-Veg,256.0,2023-10,427381.25,0.06
2023-10,VEGETABLES,tomato,Tomato-Veg,904.0,2023-10,427381.25,0.21
2023-09,BAKERY & PREMIX,bread premix,Bread Premix,-70.88,2023-09,441300.64999999997,-0.02
2023-09,BAKERY & PREMIX,brownie,Brownie,-604.5,2023-09,441300.64999999997,-0.14
2023-09,BAKERY & PREMIX,pizza premix,Pizza Premix,-1110.37,2023-09,441300.64999999997,-0.25
2023-09,BEVERAGES,7up,7UP 750ml Pet,2200.31,2023-09,441300.64999999997,0.5
2023-09,BEVERAGES,7up,7up 250ml Pet,1102.5,2023-09,441300.64999999997,0.25
2023-09,BEVERAGES,7up,7UP 1250ml Pet,752.9599999999999,2023-09,441300.64999999997,0.17
2023-09,BEVERAGES,7up,7up 250ml can,720.0,2023-09,441300.64999999997,0.16
2023-09,BEVERAGES,7up,7up 250ml Can,-390.0,2023-09,441300.64999999997,-0.09
2023-09,BEVERAGES,aqua fina,Aqua Fina Mineral Water 1Ltr,251.99,2023-09,441300.64999999997,0.06
2023-09,BEVERAGES,blue occean syrup,DVC BLUE OCCEAN FLV SYRUP 750ML,439.66999999999985,2023-09,441300.64999999997,0.1
2023-09,BEVERAGES,bubblegum syrup,DVC Bubblegum Syrup Syrup 750 ml,97.70999999999998,2023-09,441300.64999999997,0.02
2023-09,BEVERAGES,cucumber syrup,DVC Cucumber Syrup 750 ml,48.849999999999966,2023-09,441300.64999999997,0.01
2023-09,BEVERAGES,dew,Dew 750ml Pet,893.86,2023-09,441300.64999999997,0.2
2023-09,BEVERAGES,dew,Dew 250ml Pet,449.5,2023-09,441300.64999999997,0.1
2023-09,BEVERAGES,dew,Dew 250ml Can,270.0,2023-09,441300.64999999997,0.06
2023-09,BEVERAGES,dew,Dew 500ml Pet,195.03,2023-09,441300.64999999997,0.04
2023-09,BEVERAGES,lehar soda,Lehar Soda,395.04,2023-09,441300.64999999997,0.09
2023-09,BEVERAGES,mango syrup,DVC Mango Beverage Blend Syrup 750 ml,127.44,2023-09,441300.64999999997,0.03
2023-09,BEVERAGES,mirinda,Mirinda 750ml pet,687.6,2023-09,441300.64999999997,0.16
2023-09,BEVERAGES,mirinda,Mirinda 250ml pet,87.5,2023-09,441300.64999999997,0.02
2023-09,BEVERAGES,mixed berry syrup,DVC Mixed Berry Beverage Blend Syrup 750 ml,0.0,2023-09,441300.64999999997,0.0
2023-09,BEVERAGES,mojito mint,DVC MOJITO MINT 750ML,2931.12,2023-09,441300.64999999997,0.66
2023-09,BEVERAGES,passion fruit syrup,DVC PASSION FRUIT FLV SYRUP 750ML,1414.22,2023-09,441300.64999999997,0.32
2023-09,BEVERAGES,peach syrup,DVC Peach Garden Syrup Syrup 750 ml,488.52,2023-09,441300.64999999997,0.11
2023-09,BEVERAGES,peach syrup,DVC Peach GardenSyrup 750 ml,-439.67,2023-09,441300.64999999997,-0.1
2023-09,BEVERAGES,pepsi,Pepsi 1250ml Pet,1853.44,2023-09,441300.64999999997,0.42
2023-09,BEVERAGES,pepsi,Pepsi 750ml Pet,1650.21,2023-09,441300.64999999997,0.37
2023-09,BEVERAGES,pepsi,Pepsi 250ml Pet,1190.0,2023-09,441300.64999999997,0.27
2023-09,BEVERAGES,pepsi,Pepsi 250ml Can,385.0,2023-09,441300.64999999997,0.09
2023-09,BEVERAGES,slice mango,Slice Mango 600ml pet,240.66,2023-09,441300.64999999997,0.05
2023-09,BEVERAGES,slice mango,Slice Mango 200ml pet,70.66999999999996,2023-09,441300.64999999997,0.02
2023-09,BEVERAGES,strawberry syrup,DVC Strawberry Syrup Syrup 750 ml,977.04,2023-09,441300.64999999997,0.22
2023-09,BEVERAGES,strawberry syrup,Strawberry sause 750,96.0,2023-09,441300.64999999997,0.02
2023-09,BEVERAGES,strawberry syrup,DVC Strawberry Syrup 750 ml,-1172.45,2023-09,441300.64999999997,-0.27
2023-09,CHEESE & DAIRY,butter,butter,760.0,2023-09,441300.64999999997,0.17
2023-09,CHEESE & DAIRY,butter,Butter Scotch Sauce 750ml,96.6,2023-09,441300.64999999997,0.02
2023-09,CHEESE & DAIRY,butter,Paneer Tikka Butter Masala,77.27999999999997,2023-09,441300.64999999997,0.02
2023-09,CHEESE & DAIRY,butter,Butter Scotch Ice-cream,-224.87,2023-09,441300.64999999997,-0.05
2023-09,CHEESE & DAIRY,cheddar cheese,GO Orange Cheddar Cheese 2kg,509.85,2023-09,441300.64999999997,0.12
2023-09,CHEESE & DAIRY,colby cheese,GO Colby Cheese Block 2kg,-793.0,2023-09,441300.64999999997,-0.18
2023-09,CHEESE & DAIRY,curd,Curd-Elanad-500ml,147.0,2023-09,441300.64999999997,0.03
2023-09,CHEESE & DAIRY,curd,Curd-Sheethal-400g,28.0,2023-09,441300.64999999997,0.01
2023-09,CHEESE & DAIRY,fresh cream,Flexi Cream Gold,2141.7,2023-09,441300.64999999997,0.49
2023-09,CHEESE & DAIRY,fresh cream,Vanilla Ice-cream,509.38,2023-09,441300.64999999997,0.12
2023-09,CHEESE & DAIRY,fresh cream,Chocolate Ice-cream,0.0,2023-09,441300.64999999997,0.0
2023-09,CHEESE & DAIRY,fresh cream,Strawberry-Ice cream,-451.79999999999995,2023-09,441300.64999999997,-0.1
2023-09,CHEESE & DAIRY,milk,Milk,1414.0,2023-09,441300.64999999997,0.32
2023-09,CHEESE & DAIRY,milk,Milkymist Cheese BLock 1KG,1100.0,2023-09,441300.64999999997,0.25
2023-09,CHEESE & DAIRY,milk,milk,212.0,2023-09,441300.64999999997,0.05
2023-09,CHEESE & DAIRY,monterey jack,GO-Monterey Jack Cheese-2kg,793.01,2023-09,441300.64999999997,0.18
2023-09,CHEESE & DAIRY,mozzarella,AMUL Mozzarella Diced 1Kg,28320.0,2023-09,441300.64999999997,6.42
2023-09,CHEESE & DAIRY,mozzarella,AMUL Mozzarella Cheese Block 1Kg,660.0,2023-09,441300.64999999997,0.15
2023-09,CHEESE & DAIRY,mozzarella,MilkyMist-Mozzarella Cheese-shredded-2kg,-6842.880000000001,2023-09,441300.64999999997,-1.55
2023-09,CHEESE & DAIRY,paneer,Paneer,754.0,2023-09,441300.64999999997,0.17
2023-09,CHEESE & DAIRY,processed cheese,Processed cheese block,0.0,2023-09,441300.64999999997,0.0
2023-09,CLEANING SUPPLIES,dishwash cake,Exo Dishwash cake,48.0,2023-09,441300.64999999997,0.01
2023-09,CLEANING SUPPLIES,soap powder,Soap Powder-500g,35.0,2023-09,441300.64999999997,0.01
2023-09,"FLOUR, GRAINS & DRY GOODS",atta,Atta Loose,164.0,2023-09,441300.64999999997,0.04
2023-09,"FLOUR, GRAINS & DRY GOODS",atta,Atta-Tasty-pkt-1kg,185.5,2023-09,441300.64999999997,0.04
2023-09,"FLOUR, GRAINS & DRY GOODS",corn meal,Corn Meal - MAKKA RAVA,270.0,2023-09,441300.64999999997,0.06
2023-09,"FLOUR, GRAINS & DRY GOODS",corn meal,Corn Meal - Chola Rava,40.0,2023-09,441300.64999999997,0.01
2023-09,"FLOUR, GRAINS & DRY GOODS",corn meal,super Meal,-80.0,2023-09,441300.64999999997,-0.02
2023-09,"FLOUR, GRAINS & DRY GOODS",dry yeast,Dried Yeast,1886.8899999999996,2023-09,441300.64999999997,0.43
2023-09,"FLOUR, GRAINS & DRY GOODS",maida,Maida(Porotta 50kg),7800.6,2023-09,441300.64999999997,1.77
2023-09,"FLOUR, GRAINS & DRY GOODS",masoor dal,Masoor-Red,8.0,2023-09,441300.64999999997,0.0
2023-09,"FLOUR, GRAINS & DRY GOODS",rice,staff rice,962.0,2023-09,441300.64999999997,0.22
2023-09,"FLOUR, GRAINS & DRY GOODS",soya chunks,Soya loose,64.0,2023-09,441300.64999999997,0.01
2023-09,"FLOUR, GRAINS & DRY GOODS",sugar,Sugar-Loose,102.60000000000001,2023-09,441300.64999999997,0.02
2023-09,"FLOUR, GRAINS & DRY GOODS",sugar,Sugar,19.5,2023-09,441300.64999999997,0.0
2023-09,"FLOUR, GRAINS & DRY GOODS",tea,Tea Loose,18.0,2023-09,441300.64999999997,0.0
2023-09,FROZEN ITEMS,fish finger,fish finger,-476.0,2023-09,441300.64999999997,-0.11
2023-09,FROZEN ITEMS,french fries,French Fries 6mm,9100.0,2023-09,441300.64999999997,2.06
2023-09,FROZEN ITEMS,french fries,French Fries 6mm-Funwave,574.39,2023-09,441300.64999999997,0.13
2023-09,FROZEN ITEMS,french fries,French Fries 6mm-Funwave 2.5 KG,-628.2,2023-09,441300.64999999997,-0.14
2023-09,FROZEN ITEMS,frozen sweet corn,Frozen Sweet Corn-Pal Fresh,495.0,2023-09,441300.64999999997,0.11
2023-09,FROZEN ITEMS,frozen sweet corn,Frozen Sweet Corn,125.0,2023-09,441300.64999999997,0.03
2023-09,FROZEN ITEMS,potato pops,POTATO POPS,-152.0,2023-09,441300.64999999997,-0.03
2023-09,FROZEN ITEMS,potato wedges,Mc Cain Potato Wedges 2.5kg-Taha,1240.79,2023-09,441300.64999999997,0.28
2023-09,FROZEN ITEMS,potato wedges,Mc Cain Potato Wedges 2.5kg,-1695.23,2023-09,441300.64999999997,-0.38
2023-09,FROZEN ITEMS,savoury wedges,Savoury Wedges 2.5 KG,940.0,2023-09,441300.64999999997,0.21
2023-09,FRUITS,apple,DVC Green Apple 750 ML,365.14999999999986,2023-09,441300.64999999997,0.08
2023-09,FRUITS,banana,Berry Fresh Banana Pulp,171.0,2023-09,441300.64999999997,0.04
2023-09,FRUITS,chicku pulp,Berry Fresh Chicku Pulp,351.0,2023-09,441300.64999999997,0.08
2023-09,FRUITS,pineapple,Pineapple slice-Tajir Habit-500g,525.0,2023-09,441300.64999999997,0.12
2023-09,FRUITS,pineapple,Pineapple-Veg,284.4,2023-09,441300.64999999997,0.06
2023-09,FRUITS,tender coconut pulp,Berry Fresh Tender Coconut Pulp,245.0,2023-09,441300.64999999997,0.06
2023-09,FRUITS,watermelon,DVC Watermelon Syrup 750 ml,195.41,2023-09,441300.64999999997,0.04
2023-09,KITCHEN EQUIPMENT & UTENSILS,tripod,Tripod,-1776.0,2023-09,441300.64999999997,-0.4
2023-09,MASALA & SEASONINGS,bbq mix,BBQ Mix Masala,796.3200000000002,2023-09,441300.64999999997,0.18
2023-09,MASALA & SEASONINGS,black pepper,Black pepper,0.0,2023-09,441300.64999999997,0.0
2023-09,MASALA & SEASONINGS,chicken masala,Chicken-Masala-Melam,29.0,2023-09,441300.64999999997,0.01
2023-09,MASALA & SEASONINGS,chilli flakes,Veeba Chilli Flakes Seasoning(8G),793.8,2023-09,441300.64999999997,0.18
2023-09,MASALA & SEASONINGS,chilli flakes,Chilli Flakes-Puramate-400grm,107.89,2023-09,441300.64999999997,0.02
2023-09,MASALA & SEASONINGS,chilli flakes,Chilli Flakes-Tasty Pixel-Veeba-Sachet-0.8g,-661.5,2023-09,441300.64999999997,-0.15
2023-09,MASALA & SEASONINGS,chilli powder,Chilly Powder 1kg-Eastern,-66.0,2023-09,441300.64999999997,-0.01
2023-09,MASALA & SEASONINGS,chilly flakes,CHILLY FLAKES SACHET 0.8GM,1925.0,2023-09,441300.64999999997,0.44
2023-09,MASALA & SEASONINGS,chilly flakes,Green Chilly-Veg,240.0,2023-09,441300.64999999997,0.05
2023-09,MASALA & SEASONINGS,coriander powder,KT Coriander 1kg,21.5,2023-09,441300.64999999997,0.0
2023-09,MASALA & SEASONINGS,herb mix,Herb Mix Masla,826.56,2023-09,441300.64999999997,0.19
2023-09,MASALA & SEASONINGS,herb mix,Chettinad Mix,0.0,2023-09,441300.64999999997,0.0
2023-09,MASALA & SEASONINGS,mexican masala,Mexican Masala,-2315.04,2023-09,441300.64999999997,-0.52
2023-09,MASALA & SEASONINGS,oregano,OREGANO SACHET 0.8GM,2103.93,2023-09,441300.64999999997,0.48
2023-09,MASALA & SEASONINGS,oregano,Oregano Sprinkler 500g,1187.5500000000002,2023-09,441300.64999999997,0.27
2023-09,MASALA & SEASONINGS,salt,Salt-sprinkle-powder,0.0,2023-09,441300.64999999997,0.0
2023-09,MASALA & SEASONINGS,tandoori masala,Tandoori mix Masala,1491.84,2023-09,441300.64999999997,0.34
2023-09,MASALA & SEASONINGS,tandoori masala,Tandoori Masala,112.56,2023-09,441300.64999999997,0.03
2023-09,MASALA & SEASONINGS,turmeric powder,Turmeric Powder-loose,7.920000000000002,2023-09,441300.64999999997,0.0
2023-09,MEAT & POULTRY,boneless chicken,Boneless Chicken,23298.0,2023-09,441300.64999999997,5.28
2023-09,MEAT & POULTRY,chicken kheema,Chicken Kheema  Masala,520.8,2023-09,441300.64999999997,0.12
2023-09,MEAT & POULTRY,chicken nuggets,Chicken Nuggets-Godrej-1kg,544.0,2023-09,441300.64999999997,0.12
2023-09,MEAT & POULTRY,chicken popcorn,DEL POPCORN,887.04,2023-09,441300.64999999997,0.2
2023-09,MEAT & POULTRY,chicken popcorn,CHICKEN POPCORN,-887.01,2023-09,441300.64999999997,-0.2
2023-09,MEAT & POULTRY,chicken salami,Zippy Chicken Salami,468.72,2023-09,441300.64999999997,0.11
2023-09,MEAT & POULTRY,chicken sausage,Chicken Sausage,0.0,2023-09,441300.64999999997,0.0
2023-09,MEAT & POULTRY,lamb pepperoni,Lamp Pepperoni,1223.95,2023-09,441300.64999999997,0.28
2023-09,MEAT & POULTRY,staff chicken,Chicken-Whole-Staff,-1121.01,2023-09,441300.64999999997,-0.25
2023-09,OILS,mustard oil,Mustard-Oil,84.0,2023-09,441300.64999999997,0.02
2023-09,OILS,palm oil,Palm Oil - Refined Oil,5995.5,2023-09,441300.64999999997,1.36
2023-09,PACKAGING MATERIALS,burger box,Mini Burger Box,-369.1,2023-09,441300.64999999997,-0.08
2023-09,PACKAGING MATERIALS,butter paper,butter papper,87.5,2023-09,441300.64999999997,0.02
2023-09,PACKAGING MATERIALS,catering cap,Catering Cap,80.0,2023-09,441300.64999999997,0.02
2023-09,PACKAGING MATERIALS,french fries box,French Fries Box,-1077.15,2023-09,441300.64999999997,-0.24
2023-09,PACKAGING MATERIALS,garlic bread box,Garlic Bread Box,-1397.61,2023-09,441300.64999999997,-0.32
2023-09,PACKAGING MATERIALS,large pizza box,Large Pizza Box,-3864.5,2023-09,441300.64999999997,-0.88
2023-09,PACKAGING MATERIALS,medium pizza box,Medium Pizza Box,-6609.64,2023-09,441300.64999999997,-1.5
2023-09,PACKAGING MATERIALS,paper bag,Papper carry bag large,402.5,2023-09,441300.64999999997,0.09
2023-09,PACKAGING MATERIALS,paper bag,Papper carry bag small,240.0,2023-09,441300.64999999997,0.05
2023-09,PACKAGING MATERIALS,paper bag,Papper carry bag medium,-657.0,2023-09,441300.64999999997,-0.15
2023-09,PACKAGING MATERIALS,paper glass,Paper Glass,180.0,2023-09,441300.64999999997,0.04
2023-09,PACKAGING MATERIALS,paper glass,Moktails Glass,-448.0,2023-09,441300.64999999997,-0.1
2023-09,PACKAGING MATERIALS,paper straw,Paper Straw,35.0,2023-09,441300.64999999997,0.01
2023-09,PACKAGING MATERIALS,paper straw,Paper Straw Big,-2.25,2023-09,441300.64999999997,-0.0
2023-09,PACKAGING MATERIALS,paper straw,Paper Straw Small,5.25,2023-09,441300.64999999997,0.0
2023-09,PACKAGING MATERIALS,pasta container,Pasta Container Black,-550.22,2023-09,441300.64999999997,-0.12
2023-09,PACKAGING MATERIALS,plastic cover,Plastic Cover 16X20,0.0,2023-09,441300.64999999997,0.0
2023-09,PACKAGING MATERIALS,plastic cover,Plastic Cover 20X26,-140.0,2023-09,441300.64999999997,-0.03
2023-09,PACKAGING MATERIALS,plastic cover,Plastic Cover 26X30,-180.0,2023-09,441300.64999999997,-0.04
2023-09,PACKAGING MATERIALS,plastic cover,Plastic Cover 12X16,-210.0,2023-09,441300.64999999997,-0.05
2023-09,PACKAGING MATERIALS,regular pizza box,Regular Pizza Box,-7074.72,2023-09,441300.64999999997,-1.6
2023-09,PACKAGING MATERIALS,salad bowl,Dip Bowl,147.5,2023-09,441300.64999999997,0.03
2023-09,PACKAGING MATERIALS,salad bowl,Salad Bowl 500ml,14.519999999999982,2023-09,441300.64999999997,0.0
2023-09,PACKAGING MATERIALS,salad bowl,Salad Bowl 250ml,-76.56999999999994,2023-09,441300.64999999997,-0.02
2023-09,PACKAGING MATERIALS,tissue,Tissue,412.0,2023-09,441300.64999999997,0.09
2023-09,PACKAGING MATERIALS,tissue,Tissue Big,40.0,2023-09,441300.64999999997,0.01
2023-09,PACKAGING MATERIALS,wooden fork,Wooden Fork-160mm,210.0,2023-09,441300.64999999997,0.05
2023-09,PACKAGING MATERIALS,wooden spoon,Wooden Spoon,90.0,2023-09,441300.64999999997,0.02
2023-09,PACKAGING MATERIALS,wooden spoon,Wooden Spoon-160mm,93.75,2023-09,441300.64999999997,0.02
2023-09,SAUCES & SPREADS,chocolate sauce,Malas Chocolate Sauce 5 ltr,742.01,2023-09,441300.64999999997,0.17
2023-09,SAUCES & SPREADS,chocolate sauce,DVC CHocolate Sauce 2 LTR,-843.7,2023-09,441300.64999999997,-0.19
2023-09,SAUCES & SPREADS,eggless mayonnaise,egg,750.0,2023-09,441300.64999999997,0.17
2023-09,SAUCES & SPREADS,eggless mayonnaise,Veeba Eggless Mayonise Chef 1KG,560.0,2023-09,441300.64999999997,0.13
2023-09,SAUCES & SPREADS,garlic chilli spread,Garlic Chilli Spread,162.0,2023-09,441300.64999999997,0.04
2023-09,SAUCES & SPREADS,gouda flavoured dressing,Veeba Gouda Flavoured Dressing,1290.24,2023-09,441300.64999999997,0.29
2023-09,SAUCES & SPREADS,ketchup sachet,Veeba Ketchup Sachet,1657.3899999999999,2023-09,441300.64999999997,0.38
2023-09,SAUCES & SPREADS,makhani gravy,Veeba Makhani Gravy 1KG,430.08000000000004,2023-09,441300.64999999997,0.1
2023-09,SAUCES & SPREADS,pizza sauce,Veeba Pasta & Pizza Sauce 1KG,3210.88,2023-09,441300.64999999997,0.73
2023-09,SAUCES & SPREADS,pizza sauce,Pizza sauce premix,-1208.0300000000002,2023-09,441300.64999999997,-0.27
2023-09,SAUCES & SPREADS,schezwan sauce,Schezwan Mix,105.0,2023-09,441300.64999999997,0.02
2023-09,SAUCES & SPREADS,schezwan sauce,Schezwan sauce,-680.0,2023-09,441300.64999999997,-0.15
2023-09,SAUCES & SPREADS,tandoori mayonnaise,Tandoori Tikka Marinade 500Grm,-1150.0,2023-09,441300.64999999997,-0.26
2023-09,SAUCES & SPREADS,tandoori spread,Veeba Tandoori Spread-1kg,651.0,2023-09,441300.64999999997,0.15
2023-09,SAUCES & SPREADS,tomato ketchup,Veeba T. Ketchup 1.2KG,840.0,2023-09,441300.64999999997,0.19
2023-09,STATIONERY & MISC,decoration items,decoration-Baloon,30.0,2023-09,441300.64999999997,0.01
2023-09,STATIONERY & MISC,pen,HABIT JALAPENO SLICES 2.9 KG,1774.08,2023-09,441300.64999999997,0.4
2023-09,STATIONERY & MISC,pen,Puramate Pasta-Penne Rigatte 500g,748.0,2023-09,441300.64999999997,0.17
2023-09,STATIONERY & MISC,pen,TAJIR JALAPENO SLICES 2.5 KG,-285.0,2023-09,441300.64999999997,-0.06
2023-09,UNMAPPED,UNMAPPED,Capcicum-Veg,1094.8,2023-09,441300.64999999997,0.25
2023-09,UNMAPPED,UNMAPPED,Brocoli,637.0,2023-09,441300.64999999997,0.14
2023-09,UNMAPPED,UNMAPPED,Neo Black Sliced Olives,626.0799999999999,2023-09,441300.64999999997,0.14
2023-09,UNMAPPED,UNMAPPED,Neo Red Paprika 3Kg,434.56,2023-09,441300.64999999997,0.1
2023-09,UNMAPPED,UNMAPPED,Cauli Flower-veg,218.1,2023-09,441300.64999999997,0.05
2023-09,UNMAPPED,UNMAPPED,cashew,200.0,2023-09,441300.64999999997,0.05
2023-09,UNMAPPED,UNMAPPED,APIS Honey 1kg,163.8,2023-09,441300.64999999997,0.04
2023-09,UNMAPPED,UNMAPPED,Jumbo Cover-Blue,180.0,2023-09,441300.64999999997,0.04
2023-09,UNMAPPED,UNMAPPED,Parsely-Veg,169.6,2023-09,441300.64999999997,0.04
2023-09,UNMAPPED,UNMAPPED,Puramate Pasta-Gomiti Rigate 500g,136.0,2023-09,441300.64999999997,0.03
2023-09,UNMAPPED,UNMAPPED,Hersheys Cocoa-70grm,99.0,2023-09,441300.64999999997,0.02
2023-09,UNMAPPED,UNMAPPED,Jeerakham - Loose,60.0,2023-09,441300.64999999997,0.01
2023-09,UNMAPPED,UNMAPPED,brinjal-veg,30.0,2023-09,441300.64999999997,0.01
2023-09,UNMAPPED,UNMAPPED,churanga,51.0,2023-09,441300.64999999997,0.01
2023-09,UNMAPPED,UNMAPPED,Green Peas,0.0,2023-09,441300.64999999997,0.0
2023-09,UNMAPPED,UNMAPPED,Ice cube,-20.0,2023-09,441300.64999999997,-0.0
2023-09,UNMAPPED,UNMAPPED,Mango Crush Sauce 750ml Malas,-69.16,2023-09,441300.64999999997,-0.02
2023-09,UNMAPPED,UNMAPPED,roasted peanuts,-405.0,2023-09,441300.64999999997,-0.09
2023-09,UTILITIES & EXPENSES,lpg gas,Gas-LPG-HPCL,12255.0,2023-09,441300.64999999997,2.78
2023-09,UTILITIES & EXPENSES,lpg gas,Gas-LPG-IOCL,3600.0,2023-09,441300.64999999997,0.82
2023-09,VEGETABLES,baby corn,Baby Corn Whole-450GM-Golden Crown,195.0,2023-09,441300.64999999997,0.04
2023-09,VEGETABLES,bitter gourd,Bitter Guard-Veg,100.0,2023-09,441300.64999999997,0.02
2023-09,VEGETABLES,capsicum,Red yellow capsicum-isha Vegitable,480.0,2023-09,441300.64999999997,0.11
2023-09,VEGETABLES,carrot,Carrot-Veg,22.0,2023-09,441300.64999999997,0.0
2023-09,VEGETABLES,cheera,Cheera-veg,60.0,2023-09,441300.64999999997,0.01
2023-09,VEGETABLES,fresh basil,Puramate Basil 250g Pouch,-234.0,2023-09,441300.64999999997,-0.05
2023-09,VEGETABLES,garlic,Garlic-Veg,972.0,2023-09,441300.64999999997,0.22
2023-09,VEGETABLES,ginger,Ginger-Veg,80.0,2023-09,441300.64999999997,0.02
2023-09,VEGETABLES,lemon,Lemon-Veg,1043.0,2023-09,441300.64999999997,0.24
2023-09,VEGETABLES,mint,Mint-Veg,87.5,2023-09,441300.64999999997,0.02
2023-09,VEGETABLES,mint,DVC Mint Flavoured Syrup 750 ml,-1584.43,2023-09,441300.64999999997,-0.36
2023-09,VEGETABLES,mushroom,G.Crown Mushroom Slice 800g,4900.0,2023-09,441300.64999999997,1.11
2023-09,VEGETABLES,onion,Onion-Veg,2720.0,2023-09,441300.64999999997,0.62
2023-09,VEGETABLES,potato,Potato-Veg,704.0,2023-09,441300.64999999997,0.16
2023-09,VEGETABLES,tomato,Tomato-Veg,2183.0,2023-09,441300.64999999997,0.49
2023-08,BAKERY & PREMIX,bread premix,BREAD PREMIX,480.0,2023-08,434914.75,0.11
2023-08,BAKERY & PREMIX,bread premix,Bread Premix,189.0,2023-08,434914.75,0.04
2023-08,BAKERY & PREMIX,bread primix,Bread Primix,480.0,2023-08,434914.75,0.11
2023-08,BAKERY & PREMIX,brownie,Brownie,5239.0,2023-08,434914.75,1.2
2023-08,BAKERY & PREMIX,cocoa powder,Royal HyperMarket-Hersheys Cocoa powder,99.0,2023-08,434914.75,0.02
2023-08,BAKERY & PREMIX,pizza premix,Pizza Premix,2622.37,2023-08,434914.75,0.6
2023-08,BAKERY & PREMIX,pizza premix,PIZZA PREMIX,2400.0,2023-08,434914.75,0.55
2023-08,BAKERY & PREMIX,pizza premix,Pizza Primix,2400.0,2023-08,434914.75,0.55
2023-08,BEVERAGES,7up,7up pet,2175.22,2023-08,434914.75,0.5
2023-08,BEVERAGES,7up,7UP 750 PET,1650.23,2023-08,434914.75,0.38
2023-08,BEVERAGES,7up,7UP 1250ml Pet,1274.2399999999998,2023-08,434914.75,0.29
2023-08,BEVERAGES,7up,7UP 250 PET,1050.0,2023-08,434914.75,0.24
2023-08,BEVERAGES,7up,7up 250ml Can,450.0,2023-08,434914.75,0.1
2023-08,BEVERAGES,7up,7up 250ml Pet,-630.0,2023-08,434914.75,-0.14
2023-08,BEVERAGES,7up,7UP 750ml Pet,-859.5,2023-08,434914.75,-0.2
2023-08,BEVERAGES,aqua fina,Aqua Fina,167.99,2023-08,434914.75,0.04
2023-08,BEVERAGES,aqua fina,Aqua Fina Mineral Water 1Ltr,83.99000000000001,2023-08,434914.75,0.02
2023-08,BEVERAGES,blue occean syrup,Blue Occean Flv Syrup,488.52,2023-08,434914.75,0.11
2023-08,BEVERAGES,blue occean syrup,DVC BLUE OCCEAN FLV SYRUP 750ML,-146.55999999999995,2023-08,434914.75,-0.03
2023-08,BEVERAGES,bubblegum syrup,DVC Bubblegum Syrup Syrup 750 ml,97.69999999999999,2023-08,434914.75,0.02
2023-08,BEVERAGES,cucumber syrup,DVC Cucumber Syrup 750 ml,0.0,2023-08,434914.75,0.0
2023-08,BEVERAGES,dew,Dew,1810.2,2023-08,434914.75,0.42
2023-08,BEVERAGES,dew,Dew 250 PET,930.0,2023-08,434914.75,0.21
2023-08,BEVERAGES,dew,Dew 750 PET,825.1,2023-08,434914.75,0.19
2023-08,BEVERAGES,dew,Dew Can,720.0,2023-08,434914.75,0.17
2023-08,BEVERAGES,dew,Dew 500ml Pet,54.97,2023-08,434914.75,0.01
2023-08,BEVERAGES,dew,Dew 250ml Can,-450.0,2023-08,434914.75,-0.1
2023-08,BEVERAGES,dew,Dew 250ml Pet,-829.0,2023-08,434914.75,-0.19
2023-08,BEVERAGES,dew,Dew 750ml Pet,-893.88,2023-08,434914.75,-0.21
2023-08,BEVERAGES,lehar soda,Lehar Soda,460.88,2023-08,434914.75,0.11
2023-08,BEVERAGES,mango syrup,DVC Mango Beverage Blend Syrup 750 ml,254.88,2023-08,434914.75,0.06
2023-08,BEVERAGES,mirinda,Mirinda 750 PET,825.1,2023-08,434914.75,0.19
2023-08,BEVERAGES,mirinda,Mirinda 250ml pet,315.0,2023-08,434914.75,0.07
2023-08,BEVERAGES,mirinda,Mirinda 750ml pet,-584.46,2023-08,434914.75,-0.13
2023-08,BEVERAGES,mixed berry syrup,DVC Mixed Berry Beverage Blend Syrup 750 ml,0.0,2023-08,434914.75,0.0
2023-08,BEVERAGES,mojito mint,DVC MOJITO MINT 750ML,-2931.12,2023-08,434914.75,-0.67
2023-08,BEVERAGES,passion fruit syrup,Passion Fruit,488.52,2023-08,434914.75,0.11
2023-08,BEVERAGES,passion fruit syrup,DVC PASSION FRUIT FLV SYRUP 750ML,-683.9299999999998,2023-08,434914.75,-0.16
2023-08,BEVERAGES,peach syrup,DVC Peach GardenSyrup 750 ml,488.52,2023-08,434914.75,0.11
2023-08,BEVERAGES,peach syrup,DVC Peach Garden Syrup Syrup 750 ml,-488.52,2023-08,434914.75,-0.11
2023-08,BEVERAGES,pepsi,Pepsi pet,2570.15,2023-08,434914.75,0.59
2023-08,BEVERAGES,pepsi,Pepsi 750 PET,1650.23,2023-08,434914.75,0.38
2023-08,BEVERAGES,pepsi,Pepsi 250 PET,1050.0,2023-08,434914.75,0.24
2023-08,BEVERAGES,pepsi,Pepsi 1250ml Pet,521.28,2023-08,434914.75,0.12
2023-08,BEVERAGES,pepsi,Pepsi 250ml Can,270.0,2023-08,434914.75,0.06
2023-08,BEVERAGES,pepsi,Pepsi 250ml Pet,157.5,2023-08,434914.75,0.04
2023-08,BEVERAGES,pepsi,Pepsi 750ml Pet,-1409.58,2023-08,434914.75,-0.32
2023-08,BEVERAGES,slice mango,Slice Mango,1060.19,2023-08,434914.75,0.24
2023-08,BEVERAGES,slice mango,Slice Mango 600 PET,412.56,2023-08,434914.75,0.09
2023-08,BEVERAGES,slice mango,Slice Mango 250ml pet,141.36,2023-08,434914.75,0.03
2023-08,BEVERAGES,slice mango,Slice Mango 600ml pet,-171.89999999999998,2023-08,434914.75,-0.04
2023-08,BEVERAGES,slice mango,Slice Mango 200ml pet,-600.67,2023-08,434914.75,-0.14
2023-08,BEVERAGES,strawberry syrup,DVC Strawberry Syrup 750 ml,488.52,2023-08,434914.75,0.11
2023-08,BEVERAGES,strawberry syrup,Strawberry,488.52,2023-08,434914.75,0.11
2023-08,BEVERAGES,strawberry syrup,Strawberry sause 750,10.670000000000002,2023-08,434914.75,0.0
2023-08,BEVERAGES,strawberry syrup,DVC Strawberry Syrup Syrup 750 ml,-488.52,2023-08,434914.75,-0.11
2023-08,CHEESE & DAIRY,butter,Local Purchase-Paneer And Butter,1340.0,2023-08,434914.75,0.31
2023-08,CHEESE & DAIRY,butter,babu palakkad-Butter,1140.0,2023-08,434914.75,0.26
2023-08,CHEESE & DAIRY,butter,Butter Scotch Ice-cream,772.99,2023-08,434914.75,0.18
2023-08,CHEESE & DAIRY,butter,babu palakkad-butter,760.0,2023-08,434914.75,0.17
2023-08,CHEESE & DAIRY,butter,butter,380.0,2023-08,434914.75,0.09
2023-08,CHEESE & DAIRY,butter,Butter Scotch Sauce 750ml,50.75,2023-08,434914.75,0.01
2023-08,CHEESE & DAIRY,butter,Paneer Tikka Butter Masala,-115.91999999999985,2023-08,434914.75,-0.03
2023-08,CHEESE & DAIRY,cheddar cheese,GO Orange Cheddar Cheese 2kg,906.4000000000001,2023-08,434914.75,0.21
2023-08,CHEESE & DAIRY,curd,Local Purchase-Curd Milma,140.0,2023-08,434914.75,0.03
2023-08,CHEESE & DAIRY,fresh cream,Flexi Cream Gold,1752.2999999999997,2023-08,434914.75,0.4
2023-08,CHEESE & DAIRY,fresh cream,Srinivasan-Vanilla Ice Cream,1088.0,2023-08,434914.75,0.25
2023-08,CHEESE & DAIRY,fresh cream,Chocolate Ice-cream,70.0,2023-08,434914.75,0.02
2023-08,CHEESE & DAIRY,fresh cream,Strawberry-Ice cream,0.0,2023-08,434914.75,0.0
2023-08,CHEESE & DAIRY,fresh cream,Vanilla Ice-cream,-98.90999999999997,2023-08,434914.75,-0.02
2023-08,CHEESE & DAIRY,gouda cheese,Gouda Cheese,1053.7,2023-08,434914.75,0.24
2023-08,CHEESE & DAIRY,milk,Local Purchase-Milk Milma,716.0,2023-08,434914.75,0.16
2023-08,CHEESE & DAIRY,milk,Local Purchase-milk Milma,560.0,2023-08,434914.75,0.13
2023-08,CHEESE & DAIRY,milk,Local Purchase-milk milma,280.0,2023-08,434914.75,0.06
2023-08,CHEESE & DAIRY,milk,Local Purchase-Milk milma,168.0,2023-08,434914.75,0.04
2023-08,CHEESE & DAIRY,milk,milk-Milma-525ml,168.0,2023-08,434914.75,0.04
2023-08,CHEESE & DAIRY,milk,Local Purchase-milk Milma Toned,104.0,2023-08,434914.75,0.02
2023-08,CHEESE & DAIRY,milk,Milk Maid 400ml,76.88,2023-08,434914.75,0.02
2023-08,CHEESE & DAIRY,milk,Milk,-50.0,2023-08,434914.75,-0.01
2023-08,CHEESE & DAIRY,monterey jack,GO-Monterey Jack Cheese-2kg,0.0,2023-08,434914.75,0.0
2023-08,CHEESE & DAIRY,mozzarella,AMUL Mozzarella Cheese Block 1Kg,30690.0,2023-08,434914.75,7.06
2023-08,CHEESE & DAIRY,mozzarella,Mozzarella Diced Cheese,16991.65,2023-08,434914.75,3.91
2023-08,CHEESE & DAIRY,mozzarella,MilkyMist-Mozzarella Cheese-shredded-2kg,11894.4,2023-08,434914.75,2.73
2023-08,CHEESE & DAIRY,mozzerella,Amul Diced Mozzerella Cheese,11328.0,2023-08,434914.75,2.6
2023-08,CHEESE & DAIRY,mozzerella,Go Mozzerella Cheese,11290.0,2023-08,434914.75,2.6
2023-08,CHEESE & DAIRY,paneer,babu palakkad-paneer,580.0,2023-08,434914.75,0.13
2023-08,CHEESE & DAIRY,paneer,Local Purchase-Paneer,290.0,2023-08,434914.75,0.07
2023-08,CHEESE & DAIRY,paneer,Paneer,-464.0,2023-08,434914.75,-0.11
2023-08,CHEESE & DAIRY,processed cheese,Processed cheese block,1374.9899999999998,2023-08,434914.75,0.32
2023-08,CLEANING SUPPLIES,cockroach chalk,Local Purchase-cockroach chalk,15.0,2023-08,434914.75,0.0
2023-08,CLEANING SUPPLIES,dishwash cake,Exo Dishwash cake,28.8,2023-08,434914.75,0.01
2023-08,CLEANING SUPPLIES,dishwash cake,mbS Traders-exo dishwash cake,50.0,2023-08,434914.75,0.01
2023-08,CLEANING SUPPLIES,soap powder,five Star Traders-soap powder,30.0,2023-08,434914.75,0.01
2023-08,"FLOUR, GRAINS & DRY GOODS",atta,Bornless Chicken- pattambi,7612.8,2023-08,434914.75,1.75
2023-08,"FLOUR, GRAINS & DRY GOODS",atta,five Star Traders-atta,585.0,2023-08,434914.75,0.13
2023-08,"FLOUR, GRAINS & DRY GOODS",atta,Atta Loose,205.0,2023-08,434914.75,0.05
2023-08,"FLOUR, GRAINS & DRY GOODS",atta,Local Purchase-atta,234.0,2023-08,434914.75,0.05
2023-08,"FLOUR, GRAINS & DRY GOODS",corn meal,Corn Meal - MAKKA RAVA,72.0,2023-08,434914.75,0.02
2023-08,"FLOUR, GRAINS & DRY GOODS",corn meal,Royal HyperMarket-Corn Meal,90.0,2023-08,434914.75,0.02
2023-08,"FLOUR, GRAINS & DRY GOODS",corn meal,Corn Meal - Chola Rava,-40.0,2023-08,434914.75,-0.01
2023-08,"FLOUR, GRAINS & DRY GOODS",dry yeast,Dried Yeast,237.98000000000002,2023-08,434914.75,0.05
2023-08,"FLOUR, GRAINS & DRY GOODS",horlicks,five Star Traders-horlicks,20.0,2023-08,434914.75,0.0
2023-08,"FLOUR, GRAINS & DRY GOODS",maida,Local Purchase-Maida,6390.0,2023-08,434914.75,1.47
2023-08,"FLOUR, GRAINS & DRY GOODS",maida,Local Purchase-surabi maida,4120.0,2023-08,434914.75,0.95
2023-08,"FLOUR, GRAINS & DRY GOODS",maida,Maida(Porotta 50kg),1804.0,2023-08,434914.75,0.41
2023-08,"FLOUR, GRAINS & DRY GOODS",maida,labour Charges-maida,10.0,2023-08,434914.75,0.0
2023-08,"FLOUR, GRAINS & DRY GOODS",masoor dal,Local Purchase-masoor dal red,160.0,2023-08,434914.75,0.04
2023-08,"FLOUR, GRAINS & DRY GOODS",masoor dal,Masoor-Red,88.0,2023-08,434914.75,0.02
2023-08,"FLOUR, GRAINS & DRY GOODS",rice,PTM stores-nawab rice,962.0,2023-08,434914.75,0.22
2023-08,"FLOUR, GRAINS & DRY GOODS",rice,Rice-Nawab-26kg,555.0,2023-08,434914.75,0.13
2023-08,"FLOUR, GRAINS & DRY GOODS",soya chunks,Local Purchase-Soya chunk,30.0,2023-08,434914.75,0.01
2023-08,"FLOUR, GRAINS & DRY GOODS",sugar,five Star Traders-sugar,160.0,2023-08,434914.75,0.04
2023-08,"FLOUR, GRAINS & DRY GOODS",sugar,cake lakes-Sugar Ball,80.0,2023-08,434914.75,0.02
2023-08,"FLOUR, GRAINS & DRY GOODS",sugar,Sugar,-19.5,2023-08,434914.75,-0.0
2023-08,"FLOUR, GRAINS & DRY GOODS",sugar,Sugar-Loose,7.599999999999998,2023-08,434914.75,0.0
2023-08,"FLOUR, GRAINS & DRY GOODS",tea,five Star Traders-tea loose,45.0,2023-08,434914.75,0.01
2023-08,"FLOUR, GRAINS & DRY GOODS",tea,Tea Loose,0.0,2023-08,434914.75,0.0
2023-08,FROZEN ITEMS,chili cheese poppers,Chili Cheese Poppers,919.99,2023-08,434914.75,0.21
2023-08,FROZEN ITEMS,french fries,French Fries 6mm-Funwave 2.5 KG,9143.8,2023-08,434914.75,2.1
2023-08,FROZEN ITEMS,french fries,French Fries 9mm-Funwave,145.6,2023-08,434914.75,0.03
2023-08,FROZEN ITEMS,french fries,French Fries 6mm-Funwave,-574.39,2023-08,434914.75,-0.13
2023-08,FROZEN ITEMS,french fries,French Fries 6mm,-2120.16,2023-08,434914.75,-0.49
2023-08,FROZEN ITEMS,frozen sweet corn,Frozen Sweet Corn-Pal Fresh,792.0,2023-08,434914.75,0.18
2023-08,FROZEN ITEMS,frozen sweet corn,Frozen Sweet corn,495.0,2023-08,434914.75,0.11
2023-08,FROZEN ITEMS,frozen sweet corn,Frozen Sweet Corn,-750.0,2023-08,434914.75,-0.17
2023-08,FROZEN ITEMS,potato wedges,Mc Cain Potato Wedges 2.5kg,2041.98,2023-08,434914.75,0.47
2023-08,FROZEN ITEMS,potato wedges,Mc Cain Potato Wedges 2.5kg-Taha,-1240.79,2023-08,434914.75,-0.29
2023-08,FRUITS,apple,Green Apple,488.52,2023-08,434914.75,0.11
2023-08,FRUITS,apple,DVC Green Apple 750 ML,244.26,2023-08,434914.75,0.06
2023-08,FRUITS,banana,Berry Fresh Banana Pulp,-81.0,2023-08,434914.75,-0.02
2023-08,FRUITS,black grapes,Black Grapes,45.0,2023-08,434914.75,0.01
2023-08,FRUITS,cherry,Cherry,30.0,2023-08,434914.75,0.01
2023-08,FRUITS,cherry,mbS Traders-Cherry,30.0,2023-08,434914.75,0.01
2023-08,FRUITS,chicku pulp,Berry Fresh Chicku Pulp,27.0,2023-08,434914.75,0.01
2023-08,FRUITS,pineapple,Pineapple slice,551.25,2023-08,434914.75,0.13
2023-08,FRUITS,pineapple,Pineapple slice-Tajir Habit-850g,330.75,2023-08,434914.75,0.08
2023-08,FRUITS,pineapple,Pineapple slice-Tajir Habit-500g,-525.0,2023-08,434914.75,-0.12
2023-08,FRUITS,tender coconut pulp,Berry Fresh Tender Coconut Pulp,210.0,2023-08,434914.75,0.05
2023-08,FRUITS,watermelon,DVC Watermelon Syrup 750 ml,293.11,2023-08,434914.75,0.07
2023-08,KITCHEN EQUIPMENT & UTENSILS,pizza bat,Diamond Hotel ware and Cutlerys-AW 067 Wooden Rect Pizza Bat,904.84,2023-08,434914.75,0.21
2023-08,KITCHEN EQUIPMENT & UTENSILS,platter,"Diamond Hotel ware and Cutlerys-Glare Hammered 8"" Rec Platter",1338.12,2023-08,434914.75,0.31
2023-08,KITCHEN EQUIPMENT & UTENSILS,remekin bowl,"Diamond Hotel ware and Cutlerys-Glare Remekin Bowl 2.5"" Black",318.6,2023-08,434914.75,0.07
2023-08,KITCHEN EQUIPMENT & UTENSILS,serving bowl,"Diamond Hotel ware and Cutlerys-Glare Rock Serving Bowl 6.5""",1253.16,2023-08,434914.75,0.29
2023-08,KITCHEN EQUIPMENT & UTENSILS,steel fork,Local Purchase-Steel Fork,228.0,2023-08,434914.75,0.05
2023-08,KITCHEN EQUIPMENT & UTENSILS,steel spoon,Local Purchase-Steel Spoon Big,150.0,2023-08,434914.75,0.03
2023-08,KITCHEN EQUIPMENT & UTENSILS,steel spoon,Local Purchase-Steel Spoon Small,120.0,2023-08,434914.75,0.03
2023-08,KITCHEN EQUIPMENT & UTENSILS,tripod,Tripod,1420.8,2023-08,434914.75,0.33
2023-08,MASALA & SEASONINGS,aromat seasoning,Aromat Seasoning Powder,172.0,2023-08,434914.75,0.04
2023-08,MASALA & SEASONINGS,bbq mix,BBQ Mix Masala,1238.7199999999998,2023-08,434914.75,0.28
2023-08,MASALA & SEASONINGS,bbq mix,BBQ MIX,930.0,2023-08,434914.75,0.21
2023-08,MASALA & SEASONINGS,bbq mix,BBQ Mix,930.0,2023-08,434914.75,0.21
2023-08,MASALA & SEASONINGS,black pepper,Black pepper,108.0,2023-08,434914.75,0.02
2023-08,MASALA & SEASONINGS,chicken masala,five Star Traders-Tandoori Chicken Masala,148.0,2023-08,434914.75,0.03
2023-08,MASALA & SEASONINGS,chicken masala,Local Purchase-Chicken Masala,28.0,2023-08,434914.75,0.01
2023-08,MASALA & SEASONINGS,chicken masala,Tandoori Chicken Masala-Bakers,65.0,2023-08,434914.75,0.01
2023-08,MASALA & SEASONINGS,chilli flakes,Chilli Flakes-Tasty Pixel-Veeba-Sachet-0.8g,2167.6000000000004,2023-08,434914.75,0.5
2023-08,MASALA & SEASONINGS,chilli flakes,Chilli Flakes-Puramate-400grm,-0.010000000000005116,2023-08,434914.75,-0.0
2023-08,MASALA & SEASONINGS,chilli flakes,Veeba Chilli Flakes Seasoning(8G),-793.8,2023-08,434914.75,-0.18
2023-08,MASALA & SEASONINGS,chilli powder,five Star Traders-Chilly Powder,165.0,2023-08,434914.75,0.04
2023-08,MASALA & SEASONINGS,chilli powder,Chilli Powder Loose,30.0,2023-08,434914.75,0.01
2023-08,MASALA & SEASONINGS,chilli powder,Chilly Powder 1kg-Eastern,-99.0,2023-08,434914.75,-0.02
2023-08,MASALA & SEASONINGS,chilly flakes,Tasty Fixel Chilly Flakes 0.8gm,529.2,2023-08,434914.75,0.12
2023-08,MASALA & SEASONINGS,chilly flakes,Chilly Flakes,143.85,2023-08,434914.75,0.03
2023-08,MASALA & SEASONINGS,chilly flakes,CHILLY FLAKES SACHET 0.8GM,-146.67,2023-08,434914.75,-0.03
2023-08,MASALA & SEASONINGS,coriander powder,five Star Traders-Coriander Powder,100.0,2023-08,434914.75,0.02
2023-08,MASALA & SEASONINGS,coriander powder,Coriander Powder-loose,16.0,2023-08,434914.75,0.0
2023-08,MASALA & SEASONINGS,coriander powder,KT Coriander 1kg,-21.5,2023-08,434914.75,-0.0
2023-08,MASALA & SEASONINGS,herb mix,HERB MIX,850.0,2023-08,434914.75,0.2
2023-08,MASALA & SEASONINGS,herb mix,Herb Mix,850.0,2023-08,434914.75,0.2
2023-08,MASALA & SEASONINGS,herb mix,Chettinad Mix,0.0,2023-08,434914.75,0.0
2023-08,MASALA & SEASONINGS,herb mix,Herb Mix Masla,-206.63999999999987,2023-08,434914.75,-0.05
2023-08,MASALA & SEASONINGS,jeerakam,five Star Traders-jeerakam,70.0,2023-08,434914.75,0.02
2023-08,MASALA & SEASONINGS,mexican masala,Mexican Masala,2577.12,2023-08,434914.75,0.59
2023-08,MASALA & SEASONINGS,mixed herbs,Mixed Herb Loose,240.0,2023-08,434914.75,0.06
2023-08,MASALA & SEASONINGS,oregano,Oregano Sachet 0.8gm,659.99,2023-08,434914.75,0.15
2023-08,MASALA & SEASONINGS,oregano,Oregano Sprinkler 500g,91.34999999999991,2023-08,434914.75,0.02
2023-08,MASALA & SEASONINGS,oregano,OREGANO SACHET 0.8GM,-271.33000000000004,2023-08,434914.75,-0.06
2023-08,MASALA & SEASONINGS,oregano sprinkler,Oregano Sprinkler,649.6,2023-08,434914.75,0.15
2023-08,MASALA & SEASONINGS,piri piri marinade,Piri Piri Marinade 1KG,578.5,2023-08,434914.75,0.13
2023-08,MASALA & SEASONINGS,salt,Salt Powder,10.0,2023-08,434914.75,0.0
2023-08,MASALA & SEASONINGS,salt,five Star Traders-salt powder,20.0,2023-08,434914.75,0.0
2023-08,MASALA & SEASONINGS,salt,Salt-sprinkle-powder,-24.0,2023-08,434914.75,-0.01
2023-08,MASALA & SEASONINGS,tandoori masala,TANDOORI MIX,1185.0,2023-08,434914.75,0.27
2023-08,MASALA & SEASONINGS,tandoori masala,Tandoori Mix,1185.0,2023-08,434914.75,0.27
2023-08,MASALA & SEASONINGS,tandoori masala,Tandoori Masala,-75.04,2023-08,434914.75,-0.02
2023-08,MASALA & SEASONINGS,tandoori masala,Tandoori mix Masala,-1740.4800000000002,2023-08,434914.75,-0.4
2023-08,MASALA & SEASONINGS,turmeric powder,five Star Traders-Turmeric powder,70.0,2023-08,434914.75,0.02
2023-08,MASALA & SEASONINGS,turmeric powder,Turmeric Powder-loose,-26.400000000000002,2023-08,434914.75,-0.01
2023-08,MEAT & POULTRY,boneless chicken,Local Purchase-Chicken Boneless,14587.0,2023-08,434914.75,3.35
2023-08,MEAT & POULTRY,chicken kheema,CHICKEN KHEEMA MASALA,325.0,2023-08,434914.75,0.07
2023-08,MEAT & POULTRY,chicken kheema,Chicken Kheema  Masala,-325.5,2023-08,434914.75,-0.07
2023-08,MEAT & POULTRY,chicken nuggets,Chicken Nuggets-Godrej-1kg,-32.0,2023-08,434914.75,-0.01
2023-08,MEAT & POULTRY,chicken salami,salami,1171.8,2023-08,434914.75,0.27
2023-08,MEAT & POULTRY,chicken salami,Zippy Chicken Salami,-624.96,2023-08,434914.75,-0.14
2023-08,MEAT & POULTRY,chicken sausage,Chicken Sausage,-345.0,2023-08,434914.75,-0.08
2023-08,MEAT & POULTRY,kheema,kheema Masala,325.0,2023-08,434914.75,0.07
2023-08,MEAT & POULTRY,lamb pepperoni,LAMB PEPPERONI,895.0,2023-08,434914.75,0.21
2023-08,MEAT & POULTRY,lamb pepperoni,Lamp Pepperoni,-1223.95,2023-08,434914.75,-0.28
2023-08,MEAT & POULTRY,pepperoni,Pepperoni,895.0,2023-08,434914.75,0.21
2023-08,MEAT & POULTRY,staff chicken,Local Purchase-Staff Chicken,286.0,2023-08,434914.75,0.07
2023-08,MEAT & POULTRY,whole chicken,Sherif Cherpulasery-Whole chicken,1009.0,2023-08,434914.75,0.23
2023-08,MEAT & POULTRY,whole chicken,Local Purchase-Chicken,585.0,2023-08,434914.75,0.13
2023-08,OILS,mustard oil,five Star Traders-Mustard oil,180.0,2023-08,434914.75,0.04
2023-08,OILS,mustard oil,Mustard-Oil,-52.5,2023-08,434914.75,-0.01
2023-08,OILS,palm oil,five Star Traders-palm oil,1755.0,2023-08,434914.75,0.4
2023-08,OILS,palm oil,Local Purchase-palm oil,885.0,2023-08,434914.75,0.2
2023-08,OILS,palm oil,Palm Oil - Refined Oil,-392.0,2023-08,434914.75,-0.09
2023-08,PACKAGING MATERIALS,bio bag,Bio-Bag-10x14-140,552.0,2023-08,434914.75,0.13
2023-08,PACKAGING MATERIALS,bio bag,Bio-Bag-20x26-35,575.0,2023-08,434914.75,0.13
2023-08,PACKAGING MATERIALS,bio bag,Bio-Bag-16x20-50,460.0,2023-08,434914.75,0.11
2023-08,PACKAGING MATERIALS,bio bag,Bio-Bag-13x16-90,138.0,2023-08,434914.75,0.03
2023-08,PACKAGING MATERIALS,burger box,Mini Burger Box,1511.6999999999998,2023-08,434914.75,0.35
2023-08,PACKAGING MATERIALS,butter paper,butter papper,105.0,2023-08,434914.75,0.02
2023-08,PACKAGING MATERIALS,cling film,mbS Traders-Cling Film,120.0,2023-08,434914.75,0.03
2023-08,PACKAGING MATERIALS,french fries box,French Fries Box,1917.76,2023-08,434914.75,0.44
2023-08,PACKAGING MATERIALS,french fries box,FRENCH FRIES BOX,535.0,2023-08,434914.75,0.12
2023-08,PACKAGING MATERIALS,garlic bread box,GARLIC BREAD BOx,1758.0,2023-08,434914.75,0.4
2023-08,PACKAGING MATERIALS,garlic bread box,Garlic Bread Box,562.56,2023-08,434914.75,0.13
2023-08,PACKAGING MATERIALS,gbc box,GBC Box,1758.0,2023-08,434914.75,0.4
2023-08,PACKAGING MATERIALS,large pizza box,LARGE PIZZA BOX,2970.0,2023-08,434914.75,0.68
2023-08,PACKAGING MATERIALS,large pizza box,Large Pizza Box,1696.25,2023-08,434914.75,0.39
2023-08,PACKAGING MATERIALS,medium pizza box,MEDIUM PIZZA BOX,5750.0,2023-08,434914.75,1.32
2023-08,PACKAGING MATERIALS,medium pizza box,Medium Pizza Box,3770.6,2023-08,434914.75,0.87
2023-08,PACKAGING MATERIALS,paper bag,Papper carry bag medium,405.0,2023-08,434914.75,0.09
2023-08,PACKAGING MATERIALS,paper bag,Papper carry bag large,115.0,2023-08,434914.75,0.03
2023-08,PACKAGING MATERIALS,paper bag,Papper carry bag small,24.0,2023-08,434914.75,0.01
2023-08,PACKAGING MATERIALS,paper glass,MOCKTAIL GLASS,896.0,2023-08,434914.75,0.21
2023-08,PACKAGING MATERIALS,paper glass,moktails Glass,896.0,2023-08,434914.75,0.21
2023-08,PACKAGING MATERIALS,paper glass,Moktails Glass,358.4000000000001,2023-08,434914.75,0.08
2023-08,PACKAGING MATERIALS,paper glass,mbS Traders-paper glass,140.0,2023-08,434914.75,0.03
2023-08,PACKAGING MATERIALS,paper glass,Paper Glass,34.2,2023-08,434914.75,0.01
2023-08,PACKAGING MATERIALS,paper plate,Local Purchase-paper plate,120.0,2023-08,434914.75,0.03
2023-08,PACKAGING MATERIALS,paper plate,Paper Plates,64.0,2023-08,434914.75,0.01
2023-08,PACKAGING MATERIALS,paper straw,mbS Traders-paper straw small,70.0,2023-08,434914.75,0.02
2023-08,PACKAGING MATERIALS,paper straw,Paper Straw Big,40.5,2023-08,434914.75,0.01
2023-08,PACKAGING MATERIALS,paper straw,Paper Straw,10.5,2023-08,434914.75,0.0
2023-08,PACKAGING MATERIALS,paper straw,Paper Straw Small,-5.25,2023-08,434914.75,-0.0
2023-08,PACKAGING MATERIALS,pasta container,PASTHA CONTAINER,1790.0,2023-08,434914.75,0.41
2023-08,PACKAGING MATERIALS,pasta container,Pasta Container,1790.0,2023-08,434914.75,0.41
2023-08,PACKAGING MATERIALS,pasta container,Pasta Container Black,108.24000000000001,2023-08,434914.75,0.02
2023-08,PACKAGING MATERIALS,pizza box,Medium Box,5750.0,2023-08,434914.75,1.32
2023-08,PACKAGING MATERIALS,pizza box,Large Box,2970.0,2023-08,434914.75,0.68
2023-08,PACKAGING MATERIALS,plastic cover,plastic Cover-1kg,80.0,2023-08,434914.75,0.02
2023-08,PACKAGING MATERIALS,plastic cover,plastic cover-HM- 5kg,102.0,2023-08,434914.75,0.02
2023-08,PACKAGING MATERIALS,regular pizza box,REGULAR PIZZA BOX,7200.0,2023-08,434914.75,1.66
2023-08,PACKAGING MATERIALS,regular pizza box,Regular Box,7200.0,2023-08,434914.75,1.66
2023-08,PACKAGING MATERIALS,regular pizza box,Regular Pizza Box,3814.8,2023-08,434914.75,0.88
2023-08,PACKAGING MATERIALS,salad bowl,SALAD BOWL 500ML,655.0,2023-08,434914.75,0.15
2023-08,PACKAGING MATERIALS,salad bowl,Salad Bowl (Big )500ml,655.0,2023-08,434914.75,0.15
2023-08,PACKAGING MATERIALS,salad bowl,SALAD BOWL 250ML,262.5,2023-08,434914.75,0.06
2023-08,PACKAGING MATERIALS,salad bowl,Salad Bowl (Small )250ml,262.5,2023-08,434914.75,0.06
2023-08,PACKAGING MATERIALS,salad bowl,Dip Bowl,59.0,2023-08,434914.75,0.01
2023-08,PACKAGING MATERIALS,salad bowl,Salad Bowl 250ml,-53.00999999999999,2023-08,434914.75,-0.01
2023-08,PACKAGING MATERIALS,salad bowl,Salad Bowl 500ml,-450.12,2023-08,434914.75,-0.1
2023-08,PACKAGING MATERIALS,tissue,mbS Traders-tissue Big size,270.0,2023-08,434914.75,0.06
2023-08,PACKAGING MATERIALS,tissue,Tissue-Energy-Big,108.0,2023-08,434914.75,0.02
2023-08,PACKAGING MATERIALS,tissue,Tissue Big,-40.0,2023-08,434914.75,-0.01
2023-08,PACKAGING MATERIALS,wooden fork,Wooden Fork-160mm,105.0,2023-08,434914.75,0.02
2023-08,PACKAGING MATERIALS,wooden spoon,Wooden Spoon-160mm,37.5,2023-08,434914.75,0.01
2023-08,PACKAGING MATERIALS,wooden spoon,Wooden Spoon-140mm,15.6,2023-08,434914.75,0.0
2023-08,SAUCES & SPREADS,chocolate sauce,Malas Chocolate Sauce 5 ltr,106.0,2023-08,434914.75,0.02
2023-08,SAUCES & SPREADS,eggless mayonnaise,Veeba Eggless Mayonise Chef 1KG,560.0,2023-08,434914.75,0.13
2023-08,SAUCES & SPREADS,eggless mayonnaise,egg,48.0,2023-08,434914.75,0.01
2023-08,SAUCES & SPREADS,garlic chilli spread,Garlic Chilli Spread,160.49,2023-08,434914.75,0.04
2023-08,SAUCES & SPREADS,gouda flavoured dressing,Veeba Gouda Flavoured Dressing,322.56000000000006,2023-08,434914.75,0.07
2023-08,SAUCES & SPREADS,ketchup sachet,Ketchup Sachet (8g),959.88,2023-08,434914.75,0.22
2023-08,SAUCES & SPREADS,ketchup sachet,Veeba Ketchup Sachet,430.35,2023-08,434914.75,0.1
2023-08,SAUCES & SPREADS,makhani gravy,Kadai Gravy,388.07,2023-08,434914.75,0.09
2023-08,SAUCES & SPREADS,makhani gravy,Veeba Makhani Gravy 1KG,-215.04000000000002,2023-08,434914.75,-0.05
2023-08,SAUCES & SPREADS,makhani sauce,Makhani Sauce,421.48,2023-08,434914.75,0.1
2023-08,SAUCES & SPREADS,pasta pizza sauce,Pasta and Pizza Sause,2202.0,2023-08,434914.75,0.51
2023-08,SAUCES & SPREADS,pasta pizza sauce,Pasta-Gomiti Rigatte,136.01,2023-08,434914.75,0.03
2023-08,SAUCES & SPREADS,pizza sauce,Veeba Pasta & Pizza Sauce 1KG,950.0,2023-08,434914.75,0.22
2023-08,SAUCES & SPREADS,pizza sauce,PIZZA SAUCE PREMIX,650.0,2023-08,434914.75,0.15
2023-08,SAUCES & SPREADS,pizza sauce,Pizza Sauce Primix,650.0,2023-08,434914.75,0.15
2023-08,SAUCES & SPREADS,pizza sauce,Pizza sauce premix,-650.47,2023-08,434914.75,-0.15
2023-08,SAUCES & SPREADS,schezwan sauce,Schezwan sauce,340.0,2023-08,434914.75,0.08
2023-08,SAUCES & SPREADS,schezwan sauce,Schezwan Mix,245.0,2023-08,434914.75,0.06
2023-08,SAUCES & SPREADS,tandoori mayonnaise,Tandoori Tikka Marinade 500Grm,517.5,2023-08,434914.75,0.12
2023-08,SAUCES & SPREADS,tandoori spread,Tandoori Spread,431.18,2023-08,434914.75,0.1
2023-08,SAUCES & SPREADS,tandoori spread,Veeba Tandoori Spread-1kg,217.0,2023-08,434914.75,0.05
2023-08,SAUCES & SPREADS,thousand island dressing,Veeba ThousandIsland Dressing 1KG,563.97,2023-08,434914.75,0.13
2023-08,SAUCES & SPREADS,tomato ketchup,Veeba T. Ketchup 1.2KG,420.0,2023-08,434914.75,0.1
2023-08,STATIONERY & MISC,cash voucher book,Local Purchase-voucher,168.0,2023-08,434914.75,0.04
2023-08,STATIONERY & MISC,led bulb,Local Purchase-LED Bulb 9w,150.0,2023-08,434914.75,0.03
2023-08,STATIONERY & MISC,note book,Local Purchase-Note Book,70.0,2023-08,434914.75,0.02
2023-08,STATIONERY & MISC,pen,HABIT JALAPENO SLICES 2.9 KG,1921.92,2023-08,434914.75,0.44
2023-08,STATIONERY & MISC,pen,Pasta-Penne Rigatte,680.06,2023-08,434914.75,0.16
2023-08,STATIONERY & MISC,pen,Puramate Pasta-Penne Rigatte 500g,136.0,2023-08,434914.75,0.03
2023-08,STATIONERY & MISC,pen,Local Purchase-Pen,8.0,2023-08,434914.75,0.0
2023-08,STATIONERY & MISC,pen,Local Purchase-pen,20.0,2023-08,434914.75,0.0
2023-08,STATIONERY & MISC,pen,TAJIR JALAPENO SLICES 2.5 KG,-570.0,2023-08,434914.75,-0.13
2023-08,STATIONERY & MISC,tape,cello tape,115.0,2023-08,434914.75,0.03
2023-08,UNMAPPED,UNMAPPED,KTP Vegitables-vegitables,9000.0,2023-08,434914.75,2.07
2023-08,UNMAPPED,UNMAPPED,Local Purchase-vegetable,6500.0,2023-08,434914.75,1.49
2023-08,UNMAPPED,UNMAPPED,Local Purchase-Local Purchase,5788.0,2023-08,434914.75,1.33
2023-08,UNMAPPED,UNMAPPED,Local Purchase-vegitables,3744.0,2023-08,434914.75,0.86
2023-08,UNMAPPED,UNMAPPED,Local Purchase-Gas HP,3460.0,2023-08,434914.75,0.8
2023-08,UNMAPPED,UNMAPPED,Maintenance-Make line Repair,2000.0,2023-08,434914.75,0.46
2023-08,UNMAPPED,UNMAPPED,"Diamond Hotel ware and Cutlerys-Glare Rock Dinner Plate 10.75""",1529.28,2023-08,434914.75,0.35
2023-08,UNMAPPED,UNMAPPED,Local Purchase-Green Plants,1540.0,2023-08,434914.75,0.35
2023-08,UNMAPPED,UNMAPPED,KOT Printing Rolls,1248.0,2023-08,434914.75,0.29
2023-08,UNMAPPED,UNMAPPED,Black Olives Slice,1135.99,2023-08,434914.75,0.26
2023-08,UNMAPPED,UNMAPPED,Local Purchase-egg,516.0,2023-08,434914.75,0.12
2023-08,UNMAPPED,UNMAPPED,Neo Red Paprika 3Kg,434.56000000000006,2023-08,434914.75,0.1
2023-08,UNMAPPED,UNMAPPED,Micro 20x26,326.67,2023-08,434914.75,0.08
2023-08,UNMAPPED,UNMAPPED,Puramate Pasta-Gomiti Rigate 500g,350.88,2023-08,434914.75,0.08
2023-08,UNMAPPED,UNMAPPED,APIS Honey 1kg,294.84,2023-08,434914.75,0.07
2023-08,UNMAPPED,UNMAPPED,Local Purchase-Egg,270.0,2023-08,434914.75,0.06
2023-08,UNMAPPED,UNMAPPED,mbS Traders-micro 16x20,280.0,2023-08,434914.75,0.06
2023-08,UNMAPPED,UNMAPPED,Micro 16x20,189.0,2023-08,434914.75,0.04
2023-08,UNMAPPED,UNMAPPED,Cashew nut,150.0,2023-08,434914.75,0.03
2023-08,UNMAPPED,UNMAPPED,I square-V3 Pin Cable,120.0,2023-08,434914.75,0.03
2023-08,UNMAPPED,UNMAPPED,Local Purchase-Baloon,150.0,2023-08,434914.75,0.03
2023-08,UNMAPPED,UNMAPPED,Mango Crush Sauce 750ml Malas,138.32,2023-08,434914.75,0.03
2023-08,UNMAPPED,UNMAPPED,Micro 13x16,133.0,2023-08,434914.75,0.03
2023-08,UNMAPPED,UNMAPPED,five Star Traders-black papper,128.0,2023-08,434914.75,0.03
2023-08,UNMAPPED,UNMAPPED,mbS Traders-Micro 20x26,140.0,2023-08,434914.75,0.03
2023-08,UNMAPPED,UNMAPPED,mbS Traders-micro 10x14,140.0,2023-08,434914.75,0.03
2023-08,UNMAPPED,UNMAPPED,mbS Traders-micro 27x30,150.0,2023-08,434914.75,0.03
2023-08,UNMAPPED,UNMAPPED,Local Purchase-Baloon Handle,80.0,2023-08,434914.75,0.02
2023-08,UNMAPPED,UNMAPPED,Local Purchase-Ice-Cube,100.0,2023-08,434914.75,0.02
2023-08,UNMAPPED,UNMAPPED,Local Purchase-SR200 Grip Plus,80.0,2023-08,434914.75,0.02
2023-08,UNMAPPED,UNMAPPED,Local Purchase-cashew nut,75.0,2023-08,434914.75,0.02
2023-08,UNMAPPED,UNMAPPED,Royal HyperMarket-Hersheys Chocolate syrup,99.0,2023-08,434914.75,0.02
2023-08,UNMAPPED,UNMAPPED,five Star Traders-cashew nut,75.0,2023-08,434914.75,0.02
2023-08,UNMAPPED,UNMAPPED,mbS Traders-jumbo cover,75.0,2023-08,434914.75,0.02
2023-08,UNMAPPED,UNMAPPED,Ice cube,30.0,2023-08,434914.75,0.01
2023-08,UNMAPPED,UNMAPPED,Jumbo Cover-Blue,45.0,2023-08,434914.75,0.01
2023-08,UNMAPPED,UNMAPPED,Local Purchase-Stick,40.0,2023-08,434914.75,0.01
2023-08,UNMAPPED,UNMAPPED,Local Purchase-agarbatti,40.0,2023-08,434914.75,0.01
2023-08,UNMAPPED,UNMAPPED,Local Purchase-kadala,35.0,2023-08,434914.75,0.01
2023-08,UNMAPPED,UNMAPPED,Micro 10x13,28.0,2023-08,434914.75,0.01
2023-08,UNMAPPED,UNMAPPED,Micro 27x30,52.5,2023-08,434914.75,0.01
2023-08,UNMAPPED,UNMAPPED,Phoenix Ice Cubes-ice cubes,40.0,2023-08,434914.75,0.01
2023-08,UNMAPPED,UNMAPPED,badam,60.0,2023-08,434914.75,0.01
2023-08,UNMAPPED,UNMAPPED,five Star Traders-Soya chunk,54.0,2023-08,434914.75,0.01
2023-08,UNMAPPED,UNMAPPED,five Star Traders-kadala,35.0,2023-08,434914.75,0.01
2023-08,UNMAPPED,UNMAPPED,mbS Traders-Vilakenna,55.0,2023-08,434914.75,0.01
2023-08,UNMAPPED,UNMAPPED,mbS Traders-agarbatti,50.0,2023-08,434914.75,0.01
2023-08,UNMAPPED,UNMAPPED,A.N.A Agencies-screw,12.0,2023-08,434914.75,0.0
2023-08,UNMAPPED,UNMAPPED,Hersheys Syrup-200grm,18.8,2023-08,434914.75,0.0
2023-08,UNMAPPED,UNMAPPED,Local Purchase-lighter,20.0,2023-08,434914.75,0.0
2023-08,UNMAPPED,UNMAPPED,Neo Black Sliced Olives,0.0,2023-08,434914.75,0.0
2023-08,UNMAPPED,UNMAPPED,Vineger,4.2,2023-08,434914.75,0.0
2023-08,UNMAPPED,UNMAPPED,Hersheys Cocoa-70grm,-59.4,2023-08,434914.75,-0.01
2023-08,UNMAPPED,UNMAPPED,Jeerakham - Loose,-30.0,2023-08,434914.75,-0.01
2023-08,UTILITIES & EXPENSES,bike maintenance,Maintenance-Bike tube replace,350.0,2023-08,434914.75,0.08
2023-08,UTILITIES & EXPENSES,labour charges,labour Charges-Union Charges,20.0,2023-08,434914.75,0.0
2023-08,UTILITIES & EXPENSES,lpg gas,HPCL-Gas,6920.0,2023-08,434914.75,1.59
2023-08,UTILITIES & EXPENSES,lpg gas,HPCL-gas,1730.0,2023-08,434914.75,0.4
2023-08,UTILITIES & EXPENSES,lpg gas,Gas-LPG-IOCL,-3600.0,2023-08,434914.75,-0.83
2023-08,UTILITIES & EXPENSES,mobile recharge,Airtel-mobile recharge,1799.0,2023-08,434914.75,0.41
2023-08,UTILITIES & EXPENSES,petrol,HPCL-Petrol,1500.0,2023-08,434914.75,0.34
2023-08,UTILITIES & EXPENSES,petrol,Indian Oil-petrol,1000.0,2023-08,434914.75,0.23
2023-08,UTILITIES & EXPENSES,petrol,Nayara Energy-petrol,1000.0,2023-08,434914.75,0.23
2023-08,UTILITIES & EXPENSES,rent,Rent-Staff Room Remt,3600.0,2023-08,434914.75,0.83
2023-08,UTILITIES & EXPENSES,transportation charges,Transportation-Auto fare,550.0,2023-08,434914.75,0.13
2023-08,UTILITIES & EXPENSES,transportation charges,Transportation-vegitables,90.0,2023-08,434914.75,0.02
2023-08,UTILITIES & EXPENSES,waste collection,Satheesh-Waste Collection,800.0,2023-08,434914.75,0.18
2023-08,VEGETABLES,baby corn,Baby Corn Whole-800GM-Tajir Habit,2240.0,2023-08,434914.75,0.52
2023-08,VEGETABLES,baby corn,Baby Corn Whole-450GM-Golden Crown,65.0,2023-08,434914.75,0.01
2023-08,VEGETABLES,fresh basil,Basil,183.0,2023-08,434914.75,0.04
2023-08,VEGETABLES,fresh basil,Puramate Basil 250g Pouch,78.0,2023-08,434914.75,0.02
2023-08,VEGETABLES,green chilli,Local Purchase-whole chilli,28.0,2023-08,434914.75,0.01
2023-08,VEGETABLES,mint,DVC Mint Flavoured Syrup 750 ml,3541.68,2023-08,434914.75,0.81
2023-08,VEGETABLES,mint,Fresh Garden Mint,2442.6,2023-08,434914.75,0.56
2023-08,VEGETABLES,mint,Local Purchase-Mint,20.0,2023-08,434914.75,0.0
2023-08,VEGETABLES,mushroom,Mushroom Slice,4704.0,2023-08,434914.75,1.08
2023-08,VEGETABLES,mushroom,G.Crown Mushroom Slice 800g,392.0,2023-08,434914.75,0.09
2023-07,BAKERY & PREMIX,bread premix,Bread Premix,-519.75,2023-07,532297.35,-0.1
2023-07,BAKERY & PREMIX,brownie,Brownie,-5239.0,2023-07,532297.35,-0.98
2023-07,BAKERY & PREMIX,browny,Looco'S-Browny-1Kg,3465.0,2023-07,532297.35,0.65
2023-07,BAKERY & PREMIX,cocoa powder,Royal HyperMarket-Hersheys Cocoa powder,99.0,2023-07,532297.35,0.02
2023-07,BAKERY & PREMIX,pizza premix,Looco'S-Pizza Primix-1Kg,7440.0,2023-07,532297.35,1.4
2023-07,BAKERY & PREMIX,pizza premix,Pizza Premix,-2480.62,2023-07,532297.35,-0.47
2023-07,BEVERAGES,7up,7up 250ml Can,360.0,2023-07,532297.35,0.07
2023-07,BEVERAGES,7up,7up 250ml Pet,140.0,2023-07,532297.35,0.03
2023-07,BEVERAGES,7up,7UP 750ml Pet,68.75999999999999,2023-07,532297.35,0.01
2023-07,BEVERAGES,7up,7UP 1250ml Pet,-1216.32,2023-07,532297.35,-0.23
2023-07,BEVERAGES,aqua fina,Aqua Fina Mineral Water 1Ltr,-56.0,2023-07,532297.35,-0.01
2023-07,BEVERAGES,blue occean syrup,Dvc-Blue Occean Flv Syrup-750Ml,414.0,2023-07,532297.35,0.08
2023-07,BEVERAGES,blue occean syrup,DVC BLUE OCCEAN FLV SYRUP 750ML,146.55999999999995,2023-07,532297.35,0.03
2023-07,BEVERAGES,bubblegum syrup,Dvc-Bubblegum-750Ml,414.0,2023-07,532297.35,0.08
2023-07,BEVERAGES,bubblegum syrup,DVC Bubblegum Syrup Syrup 750 ml,-488.52,2023-07,532297.35,-0.09
2023-07,BEVERAGES,cucumber syrup,DVC Cucumber Syrup 750 ml,-488.52,2023-07,532297.35,-0.09
2023-07,BEVERAGES,dew,Dew 250ml Pet,507.5,2023-07,532297.35,0.1
2023-07,BEVERAGES,dew,Dew 750ml Pet,515.7,2023-07,532297.35,0.1
2023-07,BEVERAGES,dew,Dew 500ml Pet,450.0,2023-07,532297.35,0.08
2023-07,BEVERAGES,dew,Dew 250ml Can,270.0,2023-07,532297.35,0.05
2023-07,BEVERAGES,lehar soda,Lehar Soda,-164.59999999999997,2023-07,532297.35,-0.03
2023-07,BEVERAGES,mango syrup,DVC Mango Beverage Blend Syrup 750 ml,-764.64,2023-07,532297.35,-0.14
2023-07,BEVERAGES,mirinda,Mirinda 250ml pet,52.5,2023-07,532297.35,0.01
2023-07,BEVERAGES,mirinda,Mirinda 750ml pet,0.0,2023-07,532297.35,0.0
2023-07,BEVERAGES,mixed berry syrup,Dvc-Mixed Berry Beverage Blend-750Ml,648.0,2023-07,532297.35,0.12
2023-07,BEVERAGES,mixed berry syrup,DVC Mixed Berry Beverage Blend Syrup 750 ml,-764.64,2023-07,532297.35,-0.14
2023-07,BEVERAGES,passion fruit syrup,Dvc-Passion Fruit-750Ml,828.0,2023-07,532297.35,0.16
2023-07,BEVERAGES,passion fruit syrup,DVC PASSION FRUIT FLV SYRUP 750ML,97.70999999999981,2023-07,532297.35,0.02
2023-07,BEVERAGES,peach syrup,Dvc-Peach Garden Syrup-750Ml,414.0,2023-07,532297.35,0.08
2023-07,BEVERAGES,peach syrup,DVC Peach GardenSyrup 750 ml,-488.52,2023-07,532297.35,-0.09
2023-07,BEVERAGES,pepsi,Pepsi-7Up Pet-1250Ml,4070.94,2023-07,532297.35,0.76
2023-07,BEVERAGES,pepsi,Pepsi-Dew-750Ml,3536.28,2023-07,532297.35,0.66
2023-07,BEVERAGES,pepsi,Pepsi-Mirinda-750Ml,3536.28,2023-07,532297.35,0.66
2023-07,BEVERAGES,pepsi,Pepsi-Pepsi Pet-750Ml,2475.36,2023-07,532297.35,0.47
2023-07,BEVERAGES,pepsi,Pepsi-Pepsi Pet-1250Ml,2085.12,2023-07,532297.35,0.39
2023-07,BEVERAGES,pepsi,Pepsi-7Up Pet-750Ml,1650.24,2023-07,532297.35,0.31
2023-07,BEVERAGES,pepsi,Pepsi-Pepsi Pet-250Ml,1575.0,2023-07,532297.35,0.3
2023-07,BEVERAGES,pepsi,Pepsi-7Up Pet-250Ml,1050.0,2023-07,532297.35,0.2
2023-07,BEVERAGES,pepsi,Pepsi 750ml Pet,825.12,2023-07,532297.35,0.16
2023-07,BEVERAGES,pepsi,Pepsi-Lehar Soda-750Ml,790.08,2023-07,532297.35,0.15
2023-07,BEVERAGES,pepsi,Pepsi 250ml Can,510.0,2023-07,532297.35,0.1
2023-07,BEVERAGES,pepsi,Pepsi-Slice Mango-600Ml,368.4,2023-07,532297.35,0.07
2023-07,BEVERAGES,pepsi,Pepsi-Aqua Fina-1Ltr,336.0,2023-07,532297.35,0.06
2023-07,BEVERAGES,pepsi,Pepsi-Dew-500Ml,325.05,2023-07,532297.35,0.06
2023-07,BEVERAGES,pepsi,Pepsi-Mirinda-250Ml,187.5,2023-07,532297.35,0.04
2023-07,BEVERAGES,pepsi,Pepsi-Slice Mango-250Ml,236.7,2023-07,532297.35,0.04
2023-07,BEVERAGES,pepsi,Pepsi 250ml Pet,-52.5,2023-07,532297.35,-0.01
2023-07,BEVERAGES,pepsi,Pepsi 1250ml Pet,-347.52,2023-07,532297.35,-0.07
2023-07,BEVERAGES,slice mango,Slice Mango 250ml pet,388.74,2023-07,532297.35,0.07
2023-07,BEVERAGES,slice mango,Slice Mango 600ml pet,-103.14000000000001,2023-07,532297.35,-0.02
2023-07,BEVERAGES,strawberry syrup,Dvc-Strawberry-750Ml,414.0,2023-07,532297.35,0.08
2023-07,BEVERAGES,strawberry syrup,Strawberry sause 750,-26.67,2023-07,532297.35,-0.01
2023-07,BEVERAGES,strawberry syrup,DVC Strawberry Syrup 750 ml,-488.52,2023-07,532297.35,-0.09
2023-07,CHEESE & DAIRY,butter,babu palakkad-butter,1900.0,2023-07,532297.35,0.36
2023-07,CHEESE & DAIRY,butter,Looco'S-Paneer Tikka Butter Masala -1Kg,1125.0,2023-07,532297.35,0.21
2023-07,CHEESE & DAIRY,butter,Srinivasan-Butter Scotch Ice Cream,773.0,2023-07,532297.35,0.15
2023-07,CHEESE & DAIRY,butter,mbS Traders-butter paper,210.0,2023-07,532297.35,0.04
2023-07,CHEESE & DAIRY,butter,Butter Scotch Sauce 750ml,-9.349999999999994,2023-07,532297.35,-0.0
2023-07,CHEESE & DAIRY,butter,Paneer Tikka Butter Masala,-270.48,2023-07,532297.35,-0.05
2023-07,CHEESE & DAIRY,butter,butter,-570.0,2023-07,532297.35,-0.11
2023-07,CHEESE & DAIRY,butter,Butter Scotch Ice-cream,-1335.17,2023-07,532297.35,-0.25
2023-07,CHEESE & DAIRY,cheddar cheese,GO Orange Cheddar Cheese 2kg,-283.25,2023-07,532297.35,-0.05
2023-07,CHEESE & DAIRY,curd,Local Purchase-Curd Milma,455.0,2023-07,532297.35,0.09
2023-07,CHEESE & DAIRY,fresh cream,Flexi-Flexi Cream Gold-1Kg,1980.0,2023-07,532297.35,0.37
2023-07,CHEESE & DAIRY,fresh cream,Srinivasan-Vanilla Ice Cream,1632.0,2023-07,532297.35,0.31
2023-07,CHEESE & DAIRY,fresh cream,Srinivasan-Strawberry Ice cream,629.0,2023-07,532297.35,0.12
2023-07,CHEESE & DAIRY,fresh cream,Flexi Cream Gold,-292.05000000000007,2023-07,532297.35,-0.05
2023-07,CHEESE & DAIRY,fresh cream,Strawberry-Ice cream,-319.45,2023-07,532297.35,-0.06
2023-07,CHEESE & DAIRY,fresh cream,Vanilla Ice-cream,-321.45,2023-07,532297.35,-0.06
2023-07,CHEESE & DAIRY,fresh cream,Chocolate Ice-cream,-945.0,2023-07,532297.35,-0.18
2023-07,CHEESE & DAIRY,gouda cheese,Veeba-Gouda Cheese-1Kg,1505.28,2023-07,532297.35,0.28
2023-07,CHEESE & DAIRY,milk,Local Purchase-milk milma,884.0,2023-07,532297.35,0.17
2023-07,CHEESE & DAIRY,milk,Local Purchase-milk Milma,728.0,2023-07,532297.35,0.14
2023-07,CHEESE & DAIRY,milk,Local Purchase-Milk Milma,492.0,2023-07,532297.35,0.09
2023-07,CHEESE & DAIRY,milk,Local Purchase-milk Milma Toned,364.0,2023-07,532297.35,0.07
2023-07,CHEESE & DAIRY,milk,Local Purchase-Milk 450ml,300.0,2023-07,532297.35,0.06
2023-07,CHEESE & DAIRY,milk,Local Purchase-Milk milma,224.0,2023-07,532297.35,0.04
2023-07,CHEESE & DAIRY,milk,Milk Maid 400ml,46.120000000000005,2023-07,532297.35,0.01
2023-07,CHEESE & DAIRY,milk,milk-Milma-525ml,0.0,2023-07,532297.35,0.0
2023-07,CHEESE & DAIRY,monterey jack,GO-Monterey Jack Cheese-2kg,122.0,2023-07,532297.35,0.02
2023-07,CHEESE & DAIRY,mozzarella,Amul-Mozzarella Diced Cheese-1Kg,45513.36,2023-07,532297.35,8.55
2023-07,CHEESE & DAIRY,mozzarella,Milky Mist-Mozzarella Diced Cheese-2Kg,5132.22,2023-07,532297.35,0.96
2023-07,CHEESE & DAIRY,mozzarella,MilkyMist-Mozzarella Cheese-shredded-2kg,-11894.4,2023-07,532297.35,-2.23
2023-07,CHEESE & DAIRY,mozzarella,AMUL Mozzarella Cheese Block 1Kg,-15295.5,2023-07,532297.35,-2.87
2023-07,CHEESE & DAIRY,paneer,babu palakkad-paneer,1740.0,2023-07,532297.35,0.33
2023-07,CHEESE & DAIRY,paneer,Paneer,29.0,2023-07,532297.35,0.01
2023-07,CHEESE & DAIRY,processed cheese,Milky Mist-Processed Cheese Block-1Kg,1964.28,2023-07,532297.35,0.37
2023-07,CHEESE & DAIRY,processed cheese,Processed cheese block,-550.0,2023-07,532297.35,-0.1
2023-07,CLEANING SUPPLIES,dishwash cake,five Star Traders-exo dishwash cake,48.0,2023-07,532297.35,0.01
2023-07,CLEANING SUPPLIES,dishwash cake,mbS Traders-exo dishwash cake,50.0,2023-07,532297.35,0.01
2023-07,CLEANING SUPPLIES,dishwash cake,Exo Dishwash cake,9.599999999999998,2023-07,532297.35,0.0
2023-07,CLEANING SUPPLIES,scrubber,Local Purchase-Scrubber,5.0,2023-07,532297.35,0.0
2023-07,CLEANING SUPPLIES,scrubber,Local Purchase-plastic scrubber,20.0,2023-07,532297.35,0.0
2023-07,CLEANING SUPPLIES,soap powder,Local Purchase-soap powder,30.0,2023-07,532297.35,0.01
2023-07,CLEANING SUPPLIES,soap powder,five Star Traders-soap powder,60.0,2023-07,532297.35,0.01
2023-07,CLEANING SUPPLIES,soap powder,mbS Traders-soap powder,34.0,2023-07,532297.35,0.01
2023-07,"FLOUR, GRAINS & DRY GOODS",atta,Faizal Pattambi-Bornless Chicken,9524.0,2023-07,532297.35,1.79
2023-07,"FLOUR, GRAINS & DRY GOODS",atta,five Star Traders-atta,1032.0,2023-07,532297.35,0.19
2023-07,"FLOUR, GRAINS & DRY GOODS",atta,Atta Loose,0.0,2023-07,532297.35,0.0
2023-07,"FLOUR, GRAINS & DRY GOODS",atta,Bornless Chicken- pattambi,-5270.4,2023-07,532297.35,-0.99
2023-07,"FLOUR, GRAINS & DRY GOODS",corn meal,Corn Meal - Chola Rava,184.0,2023-07,532297.35,0.03
2023-07,"FLOUR, GRAINS & DRY GOODS",corn meal,Corn Meal - MAKKA RAVA,-72.0,2023-07,532297.35,-0.01
2023-07,"FLOUR, GRAINS & DRY GOODS",dry yeast,Dried Yeast,-118.99000000000001,2023-07,532297.35,-0.02
2023-07,"FLOUR, GRAINS & DRY GOODS",horlicks,horlicks,20.0,2023-07,532297.35,0.0
2023-07,"FLOUR, GRAINS & DRY GOODS",instant yeast,Prime-Instant Dried Yeast-500Gm,758.9,2023-07,532297.35,0.14
2023-07,"FLOUR, GRAINS & DRY GOODS",maida,Elite-Maida-50Kg,10150.0,2023-07,532297.35,1.91
2023-07,"FLOUR, GRAINS & DRY GOODS",maida,Maida(Porotta 50kg),246.0,2023-07,532297.35,0.05
2023-07,"FLOUR, GRAINS & DRY GOODS",masoor dal,five Star Traders-masoor dal red,250.0,2023-07,532297.35,0.05
2023-07,"FLOUR, GRAINS & DRY GOODS",masoor dal,Masoor-Red,112.0,2023-07,532297.35,0.02
2023-07,"FLOUR, GRAINS & DRY GOODS",rice,PTM stores-nawab rice,962.0,2023-07,532297.35,0.18
2023-07,"FLOUR, GRAINS & DRY GOODS",rice,Rice-Nawab-26kg,259.0,2023-07,532297.35,0.05
2023-07,"FLOUR, GRAINS & DRY GOODS",rice,Local Purchase-Price sticker,50.0,2023-07,532297.35,0.01
2023-07,"FLOUR, GRAINS & DRY GOODS",sugar,Sugar-Loose,102.6,2023-07,532297.35,0.02
2023-07,"FLOUR, GRAINS & DRY GOODS",sugar,five Star Traders-sugar,120.0,2023-07,532297.35,0.02
2023-07,"FLOUR, GRAINS & DRY GOODS",tea,five Star Traders-tea loose,43.0,2023-07,532297.35,0.01
2023-07,"FLOUR, GRAINS & DRY GOODS",tea,Tea Loose,9.0,2023-07,532297.35,0.0
2023-07,"FLOUR, GRAINS & DRY GOODS",vermicelli,Vermicelli Mix,30.0,2023-07,532297.35,0.01
2023-07,FROZEN ITEMS,french fries,Funwave-French Fries 6Mm-2.5Kg,7790.0,2023-07,532297.35,1.46
2023-07,FROZEN ITEMS,french fries,Looco'S-French Fries Box-25Nos,1070.0,2023-07,532297.35,0.2
2023-07,FROZEN ITEMS,french fries,French Fries 9mm-Funwave,-145.6,2023-07,532297.35,-0.03
2023-07,FROZEN ITEMS,french fries,French Fries 6mm-Funwave 2.5 KG,-7782.699999999999,2023-07,532297.35,-1.46
2023-07,FROZEN ITEMS,frozen sweet corn,Crest-Frozen Sweet Corn-1Kg,990.0,2023-07,532297.35,0.19
2023-07,FROZEN ITEMS,frozen sweet corn,Frozen Sweet Corn,625.0,2023-07,532297.35,0.12
2023-07,FROZEN ITEMS,frozen sweet corn,Frozen Sweet Corn-Pal Fresh,-792.0,2023-07,532297.35,-0.15
2023-07,FROZEN ITEMS,potato wedges,Mc Cain Potato Wedges 2.5kg,-1030.6200000000001,2023-07,532297.35,-0.19
2023-07,FRUITS,apple,Dvc-Green Apple-750Ml,414.0,2023-07,532297.35,0.08
2023-07,FRUITS,apple,DVC Green Apple 750 ML,341.96000000000004,2023-07,532297.35,0.06
2023-07,FRUITS,apple,Local Purchase-apple,50.0,2023-07,532297.35,0.01
2023-07,FRUITS,banana,Berry Fresh Banana Pulp,0.0,2023-07,532297.35,0.0
2023-07,FRUITS,black grapes,Black Grapes,0.0,2023-07,532297.35,0.0
2023-07,FRUITS,cherry,mbS Traders-Cherry,30.0,2023-07,532297.35,0.01
2023-07,FRUITS,cherry,Cherry,0.0,2023-07,532297.35,0.0
2023-07,FRUITS,cherry,five Star Traders-Cherry,20.0,2023-07,532297.35,0.0
2023-07,FRUITS,chicku pulp,berry Fresh-Chikku Pulp,540.0,2023-07,532297.35,0.1
2023-07,FRUITS,chicku pulp,Berry Fresh Chicku Pulp,-162.0,2023-07,532297.35,-0.03
2023-07,FRUITS,pineapple,Pineapple slice-Tajir Habit-500g,420.0,2023-07,532297.35,0.08
2023-07,FRUITS,pineapple,Tajir Habit-Pineapple Slice-500Gm,210.0,2023-07,532297.35,0.04
2023-07,FRUITS,pineapple,Pineapple slice-Tajir Habit-850g,-330.75,2023-07,532297.35,-0.06
2023-07,FRUITS,tender coconut pulp,berry Fresh-Tender Coconut Pulp,700.0,2023-07,532297.35,0.13
2023-07,FRUITS,tender coconut pulp,Berry Fresh Tender Coconut Pulp,-350.0,2023-07,532297.35,-0.07
2023-07,FRUITS,watermelon,Dvc-Watermelon Syrup-750Ml,414.0,2023-07,532297.35,0.08
2023-07,FRUITS,watermelon,DVC Watermelon Syrup 750 ml,-488.52,2023-07,532297.35,-0.09
2023-07,KITCHEN EQUIPMENT & UTENSILS,tripod,Looco'S-Tripod-500Nos,675.0,2023-07,532297.35,0.13
2023-07,KITCHEN EQUIPMENT & UTENSILS,tripod,Tripod,-532.8,2023-07,532297.35,-0.1
2023-07,MASALA & SEASONINGS,aromat seasoning,Knorr-Aromat Seasoning Powder-500Grm,153.57,2023-07,532297.35,0.03
2023-07,MASALA & SEASONINGS,aromat seasoning,Aromat Seasoning Powder,-172.0,2023-07,532297.35,-0.03
2023-07,MASALA & SEASONINGS,bbq mix,Looco'S-Bbq Mix-1Kg,465.0,2023-07,532297.35,0.09
2023-07,MASALA & SEASONINGS,bbq mix,BBQ Mix Masala,-929.04,2023-07,532297.35,-0.17
2023-07,MASALA & SEASONINGS,black pepper,Black pepper,0.0,2023-07,532297.35,0.0
2023-07,MASALA & SEASONINGS,chicken masala,five Star Traders-Tandoori Chicken Masala,148.0,2023-07,532297.35,0.03
2023-07,MASALA & SEASONINGS,chicken masala,Tandoori Chicken Masala-Bakers,65.0,2023-07,532297.35,0.01
2023-07,MASALA & SEASONINGS,chicken masala,five Star Traders-Chicken Masala,53.0,2023-07,532297.35,0.01
2023-07,MASALA & SEASONINGS,chilli flakes,Chilli Flakes-Puramate-400grm,-35.959999999999994,2023-07,532297.35,-0.01
2023-07,MASALA & SEASONINGS,chilli flakes,Chilli Flakes-Tasty Pixel-Veeba-Sachet-0.8g,-1601.3600000000001,2023-07,532297.35,-0.3
2023-07,MASALA & SEASONINGS,chilli powder,Chilli Powder Loose,70.0,2023-07,532297.35,0.01
2023-07,MASALA & SEASONINGS,chilli powder,five Star Traders-Chilly Powder,60.0,2023-07,532297.35,0.01
2023-07,MASALA & SEASONINGS,chilly flakes,Veeba-Tasty Fixel Chilly Flakes 0.8Gm-250S,1008.0,2023-07,532297.35,0.19
2023-07,MASALA & SEASONINGS,chilly flakes,Vks Chef'S Art-Chilly Flakes 0.8Gm-300S,419.04,2023-07,532297.35,0.08
2023-07,MASALA & SEASONINGS,coriander powder,Coriander Powder-loose,64.0,2023-07,532297.35,0.01
2023-07,MASALA & SEASONINGS,coriander powder,five Star Traders-Coriander Powder,65.0,2023-07,532297.35,0.01
2023-07,MASALA & SEASONINGS,garam masala,Local Purchase-Garam Masala,44.0,2023-07,532297.35,0.01
2023-07,MASALA & SEASONINGS,herb mix,Looco'S-Herb Mix-1Kg,850.0,2023-07,532297.35,0.16
2023-07,MASALA & SEASONINGS,herb mix,Herb Mix Masla,183.67999999999984,2023-07,532297.35,0.03
2023-07,MASALA & SEASONINGS,herb mix,Chettinad Mix,0.0,2023-07,532297.35,0.0
2023-07,MASALA & SEASONINGS,jeerakam,five Star Traders-jeerakam,70.0,2023-07,532297.35,0.01
2023-07,MASALA & SEASONINGS,mexican masala,Mexican Masala,-4542.72,2023-07,532297.35,-0.85
2023-07,MASALA & SEASONINGS,mexican mix,Looco'S-Mexican Mix-1Kg,7470.0,2023-07,532297.35,1.4
2023-07,MASALA & SEASONINGS,mixed herbs,Mixed Herb Loose,240.0,2023-07,532297.35,0.05
2023-07,MASALA & SEASONINGS,oregano,Vks Chef'S Art-Oregano Sprinkler-500Gm,1740.0,2023-07,532297.35,0.33
2023-07,MASALA & SEASONINGS,oregano,Vks Chef'S Art-Oregano Sachet 0.8Gm-300S,628.56,2023-07,532297.35,0.12
2023-07,MASALA & SEASONINGS,oregano,OREGANO SACHET 0.8GM,469.33000000000004,2023-07,532297.35,0.09
2023-07,MASALA & SEASONINGS,oregano,Oregano Sprinkler 500g,-913.4999999999998,2023-07,532297.35,-0.17
2023-07,MASALA & SEASONINGS,piri piri marinade,Chefs Art-Piri Piri Marinade-1Kg,417.4,2023-07,532297.35,0.08
2023-07,MASALA & SEASONINGS,piri piri marinade,Piri Piri Marinade 1KG,89.0,2023-07,532297.35,0.02
2023-07,MASALA & SEASONINGS,salt,Salt Powder,20.0,2023-07,532297.35,0.0
2023-07,MASALA & SEASONINGS,salt,five Star Traders-salt powder,20.0,2023-07,532297.35,0.0
2023-07,MASALA & SEASONINGS,tandoori masala,Tandoori mix Masala,-911.6799999999998,2023-07,532297.35,-0.17
2023-07,MASALA & SEASONINGS,turmeric powder,Turmeric Powder-loose,39.599999999999994,2023-07,532297.35,0.01
2023-07,MASALA & SEASONINGS,turmeric powder,five Star Traders-Turmeric powder,65.0,2023-07,532297.35,0.01
2023-07,MEAT & POULTRY,chicken kheema,Chicken Kheema  Masala,65.09999999999997,2023-07,532297.35,0.01
2023-07,MEAT & POULTRY,chicken nuggets,Meatza-Godrej Chicken Nuggets -1Kg,857.13,2023-07,532297.35,0.16
2023-07,MEAT & POULTRY,chicken nuggets,Chicken Nuggets-Godrej-1kg,-192.0,2023-07,532297.35,-0.04
2023-07,MEAT & POULTRY,chicken salami,Zippy Chicken Salami,859.32,2023-07,532297.35,0.16
2023-07,MEAT & POULTRY,chicken salami,Zippy-Chicken Salami-1Kg,837.0,2023-07,532297.35,0.16
2023-07,MEAT & POULTRY,chicken salami,salami,-1171.8,2023-07,532297.35,-0.22
2023-07,MEAT & POULTRY,chicken sausage,Zippy-Chicken Sausage-1Kg,570.0,2023-07,532297.35,0.11
2023-07,MEAT & POULTRY,lamb pepperoni,Lamp Pepperoni,282.45000000000005,2023-07,532297.35,0.05
2023-07,MEAT & POULTRY,pepperoni,Looco'S-Pepperoni-1Kg,470.96,2023-07,532297.35,0.09
2023-07,MEAT & POULTRY,whole chicken,Sherif Cherpulasery-Whole chicken,872.0,2023-07,532297.35,0.16
2023-07,MEAT & POULTRY,whole chicken,Sherif Cherpulasery-whole chicken,633.0,2023-07,532297.35,0.12
2023-07,OILS,mustard oil,five Star Traders-Mustard oil,100.0,2023-07,532297.35,0.02
2023-07,OILS,mustard oil,Mustard-Oil,52.5,2023-07,532297.35,0.01
2023-07,OILS,palm oil,five Star Traders-palm oil,5335.0,2023-07,532297.35,1.0
2023-07,OILS,palm oil,Palm Oil - Refined Oil,588.0,2023-07,532297.35,0.11
2023-07,OILS,pomace olive oil,Jivo-Pomace Olive Oil-1Ltr,1857.15,2023-07,532297.35,0.35
2023-07,PACKAGING MATERIALS,bio bag,Local Purchase-Bio Bag,1320.0,2023-07,532297.35,0.25
2023-07,PACKAGING MATERIALS,bio bag,Bio-Bag-13x16-90,36.80000000000001,2023-07,532297.35,0.01
2023-07,PACKAGING MATERIALS,bio bag,Bio-Bag-10x14-140,-465.75,2023-07,532297.35,-0.09
2023-07,PACKAGING MATERIALS,bio bag,Bio-Bag-16x20-50,-460.0,2023-07,532297.35,-0.09
2023-07,PACKAGING MATERIALS,bio bag,Bio-Bag-20x26-35,-473.8,2023-07,532297.35,-0.09
2023-07,PACKAGING MATERIALS,burger box,Mini Burger Box,423.38,2023-07,532297.35,0.08
2023-07,PACKAGING MATERIALS,butter paper,butter papper,0.0,2023-07,532297.35,0.0
2023-07,PACKAGING MATERIALS,catering cap,mbS Traders-Catering Cap,80.0,2023-07,532297.35,0.02
2023-07,PACKAGING MATERIALS,cling film,mbS Traders-Cling Film,120.0,2023-07,532297.35,0.02
2023-07,PACKAGING MATERIALS,french fries box,French Fries Box,65.13000000000011,2023-07,532297.35,0.01
2023-07,PACKAGING MATERIALS,garlic bread box,Garlic Bread Box,-149.42999999999995,2023-07,532297.35,-0.03
2023-07,PACKAGING MATERIALS,gbc box,Looco'S-Gbc Box-50Nos,825.0,2023-07,532297.35,0.15
2023-07,PACKAGING MATERIALS,large pizza box,Large Pizza Box,1017.75,2023-07,532297.35,0.19
2023-07,PACKAGING MATERIALS,medium pizza box,Medium Pizza Box,609.9500000000003,2023-07,532297.35,0.11
2023-07,PACKAGING MATERIALS,paper bag,Looco'S-Paper Bag Medium-Nos,1425.0,2023-07,532297.35,0.27
2023-07,PACKAGING MATERIALS,paper bag,Looco'S-Paper Bag Regular-Nos,1275.0,2023-07,532297.35,0.24
2023-07,PACKAGING MATERIALS,paper bag,Papper carry bag large,333.5,2023-07,532297.35,0.06
2023-07,PACKAGING MATERIALS,paper bag,Papper carry bag small,96.0,2023-07,532297.35,0.02
2023-07,PACKAGING MATERIALS,paper bag,Papper carry bag medium,-324.0,2023-07,532297.35,-0.06
2023-07,PACKAGING MATERIALS,paper glass,mbS Traders-paper glass,395.0,2023-07,532297.35,0.07
2023-07,PACKAGING MATERIALS,paper glass,Paper Glass,55.8,2023-07,532297.35,0.01
2023-07,PACKAGING MATERIALS,paper glass,Moktails Glass,-609.2800000000002,2023-07,532297.35,-0.11
2023-07,PACKAGING MATERIALS,paper plate,Paper Plates,46.0,2023-07,532297.35,0.01
2023-07,PACKAGING MATERIALS,paper plate,mbS Traders-paper plate,75.0,2023-07,532297.35,0.01
2023-07,PACKAGING MATERIALS,paper straw,mbS Traders-paper straw small,70.0,2023-07,532297.35,0.01
2023-07,PACKAGING MATERIALS,paper straw,Paper Straw,-10.5,2023-07,532297.35,-0.0
2023-07,PACKAGING MATERIALS,paper straw,Paper Straw Big,0.0,2023-07,532297.35,0.0
2023-07,PACKAGING MATERIALS,paper straw,Paper Straw Small,17.5,2023-07,532297.35,0.0
2023-07,PACKAGING MATERIALS,pasta container,Pasta Container Black,883.96,2023-07,532297.35,0.17
2023-07,PACKAGING MATERIALS,plastic cover,five Star Traders-plastic cover 1kg,180.0,2023-07,532297.35,0.03
2023-07,PACKAGING MATERIALS,plastic cover,plastic cover 5kg,80.0,2023-07,532297.35,0.02
2023-07,PACKAGING MATERIALS,plastic cover,plastic Cover-1kg,0.0,2023-07,532297.35,0.0
2023-07,PACKAGING MATERIALS,plastic cover,plastic cover-HM- 5kg,-102.0,2023-07,532297.35,-0.02
2023-07,PACKAGING MATERIALS,regular pizza box,Looco'S-Regular Box-50Nos,7200.0,2023-07,532297.35,1.35
2023-07,PACKAGING MATERIALS,regular pizza box,Regular Pizza Box,-1213.8000000000002,2023-07,532297.35,-0.23
2023-07,PACKAGING MATERIALS,salad bowl,Salad Bowl 500ml,493.67999999999995,2023-07,532297.35,0.09
2023-07,PACKAGING MATERIALS,salad bowl,Salad Bowl 250ml,212.03999999999996,2023-07,532297.35,0.04
2023-07,PACKAGING MATERIALS,salad bowl,Dip Bowl,53.10000000000002,2023-07,532297.35,0.01
2023-07,PACKAGING MATERIALS,tissue,mbS Traders-tissue Big size,616.0,2023-07,532297.35,0.12
2023-07,PACKAGING MATERIALS,tissue,MBS Traders-tissue Big size,80.0,2023-07,532297.35,0.02
2023-07,PACKAGING MATERIALS,tissue,Tissue-Energy-Big,-72.0,2023-07,532297.35,-0.01
2023-07,PACKAGING MATERIALS,tooth pick,MBS Traders-tooth pick,20.0,2023-07,532297.35,0.0
2023-07,PACKAGING MATERIALS,wooden fork,Mansoor Traders-Wooden Fork,170.0,2023-07,532297.35,0.03
2023-07,PACKAGING MATERIALS,wooden fork,Wooden Fork-160mm,-105.0,2023-07,532297.35,-0.02
2023-07,PACKAGING MATERIALS,wooden spoon,Mansoor Traders-Wooden Spoon,158.0,2023-07,532297.35,0.03
2023-07,PACKAGING MATERIALS,wooden spoon,Wooden Spoon-140mm,31.199999999999996,2023-07,532297.35,0.01
2023-07,PACKAGING MATERIALS,wooden spoon,Wooden Spoon-160mm,-112.5,2023-07,532297.35,-0.02
2023-07,SAUCES & SPREADS,chocolate sauce,Malas Chocolate Sauce 5 ltr,169.60000000000002,2023-07,532297.35,0.03
2023-07,SAUCES & SPREADS,eggless mayonnaise,Veeba-Eggless Mayonise -1Kg,1237.5,2023-07,532297.35,0.23
2023-07,SAUCES & SPREADS,eggless mayonnaise,Veeba Eggless Mayonise Chef 1KG,0.0,2023-07,532297.35,0.0
2023-07,SAUCES & SPREADS,eggless mayonnaise,egg,-12.0,2023-07,532297.35,-0.0
2023-07,SAUCES & SPREADS,garlic chilli spread,Garlic Chilli Spread,162.0,2023-07,532297.35,0.03
2023-07,SAUCES & SPREADS,gouda flavoured dressing,Veeba Gouda Flavoured Dressing,107.51999999999998,2023-07,532297.35,0.02
2023-07,SAUCES & SPREADS,ketchup sachet,Veeba-Ketchup Sachet (8G)-100,1714.08,2023-07,532297.35,0.32
2023-07,SAUCES & SPREADS,ketchup sachet,Veeba Ketchup Sachet,26.3900000000001,2023-07,532297.35,0.0
2023-07,SAUCES & SPREADS,makhani gravy,Veeba Makhani Gravy 1KG,215.04000000000002,2023-07,532297.35,0.04
2023-07,SAUCES & SPREADS,pizza sauce,Salva Food Agencies-Pasta Pizza Sauce,2204.0,2023-07,532297.35,0.41
2023-07,SAUCES & SPREADS,pizza sauce,Veeba-Pasta & Pizza Sauce-1Kg,1966.32,2023-07,532297.35,0.37
2023-07,SAUCES & SPREADS,pizza sauce,Veena-Pasta Pizza Sauce-1Kg,1968.0,2023-07,532297.35,0.37
2023-07,SAUCES & SPREADS,pizza sauce,Looco'S-Pizza Sauce Primix-1Kg,1300.0,2023-07,532297.35,0.24
2023-07,SAUCES & SPREADS,pizza sauce,Pizza sauce premix,-92.92999999999995,2023-07,532297.35,-0.02
2023-07,SAUCES & SPREADS,pizza sauce,Veeba Pasta & Pizza Sauce 1KG,-1330.0,2023-07,532297.35,-0.25
2023-07,SAUCES & SPREADS,schezwan sauce,Schezwan sauce,-340.0,2023-07,532297.35,-0.06
2023-07,SAUCES & SPREADS,schezwan sauce,Schezwan Mix,-350.0,2023-07,532297.35,-0.07
2023-07,SAUCES & SPREADS,tandoori mayonnaise,Tandoori Tikka Marinade 500Grm,57.5,2023-07,532297.35,0.01
2023-07,SAUCES & SPREADS,tandoori spread,Veeba-Tandoori Spread-1Kg,384.98,2023-07,532297.35,0.07
2023-07,SAUCES & SPREADS,tandoori spread,Veeba Tandoori Spread-1kg,0.0,2023-07,532297.35,0.0
2023-07,SAUCES & SPREADS,thousand island dressing,Veeba-Thousand Island-1Kg,332.5,2023-07,532297.35,0.06
2023-07,SAUCES & SPREADS,thousand island dressing,Veeba ThousandIsland Dressing 1KG,-187.99,2023-07,532297.35,-0.04
2023-07,SAUCES & SPREADS,tomato ketchup,Veeba-Ketchup -1.2Kg,656.25,2023-07,532297.35,0.12
2023-07,SAUCES & SPREADS,tomato ketchup,Veeba T. Ketchup 1.2KG,-630.0,2023-07,532297.35,-0.12
2023-07,STATIONERY & MISC,pen,Tajir Habit-Jalapeno Slices-2.9 Kg,1710.0,2023-07,532297.35,0.32
2023-07,STATIONERY & MISC,pen,TAJIR JALAPENO SLICES 2.5 KG,997.5,2023-07,532297.35,0.19
2023-07,STATIONERY & MISC,pen,Puramate-Pasta-Penne Rigatte-500Gm,971.52,2023-07,532297.35,0.18
2023-07,STATIONERY & MISC,pen,Entree-Jalapeno Slices-2.9 Kg,798.21,2023-07,532297.35,0.15
2023-07,STATIONERY & MISC,pen,Safa Books -Pen,10.0,2023-07,532297.35,0.0
2023-07,STATIONERY & MISC,pen,Puramate Pasta-Penne Rigatte 500g,-68.0,2023-07,532297.35,-0.01
2023-07,STATIONERY & MISC,pen,HABIT JALAPENO SLICES 2.9 KG,-1921.92,2023-07,532297.35,-0.36
2023-07,STATIONERY & MISC,tape,Celotape-3/4inch-,230.0,2023-07,532297.35,0.04
2023-07,STATIONERY & MISC,tape,cello tape,115.0,2023-07,532297.35,0.02
2023-07,UNMAPPED,UNMAPPED,KTP Vegitables-vegitables,23500.0,2023-07,532297.35,4.41
2023-07,UNMAPPED,UNMAPPED,Essar Associates-Soft Drink Bill,3808.0,2023-07,532297.35,0.72
2023-07,UNMAPPED,UNMAPPED,Looco'S-Medium Box-50Nos,3450.0,2023-07,532297.35,0.65
2023-07,UNMAPPED,UNMAPPED,Looco'S-Tandoori Mix-1Kg,1580.0,2023-07,532297.35,0.3
2023-07,UNMAPPED,UNMAPPED,Neo-Black Sliced Olives-3kg,1565.2,2023-07,532297.35,0.29
2023-07,UNMAPPED,UNMAPPED,Looco'S-Large Box-50Nos,1485.0,2023-07,532297.35,0.28
2023-07,UNMAPPED,UNMAPPED,Local Purchase-egg,1163.0,2023-07,532297.35,0.22
2023-07,UNMAPPED,UNMAPPED,Isha Fresh Vegitalbles-Eng Veg,997.0,2023-07,532297.35,0.19
2023-07,UNMAPPED,UNMAPPED,Sirocco-Black Olives Slice-3 Kg,1014.28,2023-07,532297.35,0.19
2023-07,UNMAPPED,UNMAPPED,Looco'S-Moktails Glass-50Nos,896.0,2023-07,532297.35,0.17
2023-07,UNMAPPED,UNMAPPED,mbS Traders-micro 16x20,700.0,2023-07,532297.35,0.13
2023-07,UNMAPPED,UNMAPPED,Dvc-Mango Beverage Blend-750Ml,648.0,2023-07,532297.35,0.12
2023-07,UNMAPPED,UNMAPPED,Looco'S-Schezwan Mix-1Kg,350.0,2023-07,532297.35,0.07
2023-07,UNMAPPED,UNMAPPED,Neo-Red Paprika Slice-2.5Kg,388.0,2023-07,532297.35,0.07
2023-07,UNMAPPED,UNMAPPED,Apis-Honey-1Ltr,312.0,2023-07,532297.35,0.06
2023-07,UNMAPPED,UNMAPPED,Puramate-Pasta-Gomiti Rigatte-500Gm,242.88,2023-07,532297.35,0.05
2023-07,UNMAPPED,UNMAPPED,mbS Traders-micro 13x16,280.0,2023-07,532297.35,0.05
2023-07,UNMAPPED,UNMAPPED,KOT Printing Rolls,208.0,2023-07,532297.35,0.04
2023-07,UNMAPPED,UNMAPPED,Neo Red Paprika 3Kg,217.27999999999997,2023-07,532297.35,0.04
2023-07,UNMAPPED,UNMAPPED,five Star Traders-cashew nut,225.0,2023-07,532297.35,0.04
2023-07,UNMAPPED,UNMAPPED,Local Purchase-micro,140.0,2023-07,532297.35,0.03
2023-07,UNMAPPED,UNMAPPED,Micro 27x30,181.5,2023-07,532297.35,0.03
2023-07,UNMAPPED,UNMAPPED,Veeba Barbequesauce 1KG,166.0,2023-07,532297.35,0.03
2023-07,UNMAPPED,UNMAPPED,Veeba-Schezwansauce-1Kg,161.88,2023-07,532297.35,0.03
2023-07,UNMAPPED,UNMAPPED,five Star Traders-black papper,138.0,2023-07,532297.35,0.03
2023-07,UNMAPPED,UNMAPPED,mbS Traders-Micro 20x26,140.0,2023-07,532297.35,0.03
2023-07,UNMAPPED,UNMAPPED,mbS Traders-jumbo cover,140.0,2023-07,532297.35,0.03
2023-07,UNMAPPED,UNMAPPED,Micro 10x13,112.0,2023-07,532297.35,0.02
2023-07,UNMAPPED,UNMAPPED,Phoenix Ice Cubes-ice cubes,110.0,2023-07,532297.35,0.02
2023-07,UNMAPPED,UNMAPPED,five Star Traders-Soya chunk,85.0,2023-07,532297.35,0.02
2023-07,UNMAPPED,UNMAPPED,five Star Traders-badam,80.0,2023-07,532297.35,0.02
2023-07,UNMAPPED,UNMAPPED,mbS Traders-Egg,117.0,2023-07,532297.35,0.02
2023-07,UNMAPPED,UNMAPPED,Hersheys Syrup-200grm,75.2,2023-07,532297.35,0.01
2023-07,UNMAPPED,UNMAPPED,Jeerakham - Loose,30.0,2023-07,532297.35,0.01
2023-07,UNMAPPED,UNMAPPED,Lion Honey 1kg,48.3,2023-07,532297.35,0.01
2023-07,UNMAPPED,UNMAPPED,Local Purchase-Egg,78.0,2023-07,532297.35,0.01
2023-07,UNMAPPED,UNMAPPED,Local Purchase-Poly Dust,45.0,2023-07,532297.35,0.01
2023-07,UNMAPPED,UNMAPPED,Local Purchase-Stick,40.0,2023-07,532297.35,0.01
2023-07,UNMAPPED,UNMAPPED,Micro 13x16,77.0,2023-07,532297.35,0.01
2023-07,UNMAPPED,UNMAPPED,five Star Traders-kadala,35.0,2023-07,532297.35,0.01
2023-07,UNMAPPED,UNMAPPED,mbS Traders-agarbatti,30.0,2023-07,532297.35,0.01
2023-07,UNMAPPED,UNMAPPED,mbS Traders-egg,65.0,2023-07,532297.35,0.01
2023-07,UNMAPPED,UNMAPPED,Ice cube,-15.0,2023-07,532297.35,-0.0
2023-07,UNMAPPED,UNMAPPED,Local Purchase-agarbatti,20.0,2023-07,532297.35,0.0
2023-07,UNMAPPED,UNMAPPED,Local Purchase-lighter,10.0,2023-07,532297.35,0.0
2023-07,UNMAPPED,UNMAPPED,Local Purchase-stick,20.0,2023-07,532297.35,0.0
2023-07,UNMAPPED,UNMAPPED,MBS Traders-agarbatti,20.0,2023-07,532297.35,0.0
2023-07,UNMAPPED,UNMAPPED,Mango Crush Sauce 750ml Malas,0.0,2023-07,532297.35,0.0
2023-07,UNMAPPED,UNMAPPED,Micro 16x20,21.0,2023-07,532297.35,0.0
2023-07,UNMAPPED,UNMAPPED,Safa Books -Whitner,25.0,2023-07,532297.35,0.0
2023-07,UNMAPPED,UNMAPPED,Vineger,4.2,2023-07,532297.35,0.0
2023-07,UNMAPPED,UNMAPPED,badam,20.0,2023-07,532297.35,0.0
2023-07,UNMAPPED,UNMAPPED,Cashew nut,-75.0,2023-07,532297.35,-0.01
2023-07,UNMAPPED,UNMAPPED,Hersheys Cocoa-70grm,-39.6,2023-07,532297.35,-0.01
2023-07,UNMAPPED,UNMAPPED,Jumbo Cover-Blue,-45.0,2023-07,532297.35,-0.01
2023-07,UNMAPPED,UNMAPPED,Micro 20x26,-32.670000000000016,2023-07,532297.35,-0.01
2023-07,UNMAPPED,UNMAPPED,Puramate Pasta-Gomiti Rigate 500g,-78.88,2023-07,532297.35,-0.01
2023-07,UNMAPPED,UNMAPPED,APIS Honey 1kg,-131.03999999999996,2023-07,532297.35,-0.02
2023-07,UNMAPPED,UNMAPPED,Neo Black Sliced Olives,-1878.24,2023-07,532297.35,-0.35
2023-07,UTILITIES & EXPENSES,lpg gas,HPCL-gas,7280.0,2023-07,532297.35,1.37
2023-07,UTILITIES & EXPENSES,lpg gas,HPCL-GAS,5450.0,2023-07,532297.35,1.02
2023-07,UTILITIES & EXPENSES,lpg gas,HPCL-Gas,1820.0,2023-07,532297.35,0.34
2023-07,UTILITIES & EXPENSES,transportation charges,Transportation-vegitables,60.0,2023-07,532297.35,0.01
2023-07,VEGETABLES,baby corn,Tajir Habit-Baby Corn Whole-800Gm,990.0,2023-07,532297.35,0.19
2023-07,VEGETABLES,baby corn,Golden Crown-Baby Corn Whole-450Gm,130.0,2023-07,532297.35,0.02
2023-07,VEGETABLES,baby corn,Baby Corn Whole-450GM-Golden Crown,0.0,2023-07,532297.35,0.0
2023-07,VEGETABLES,baby corn,Baby Corn Whole-800GM-Tajir Habit,-2240.0,2023-07,532297.35,-0.42
2023-07,VEGETABLES,cucumber,Dvc-Cucumber-750Ml,414.0,2023-07,532297.35,0.08
2023-07,VEGETABLES,fresh basil,Puramate Basil 250g Pouch,0.0,2023-07,532297.35,0.0
2023-07,VEGETABLES,green chilli,five Star Traders-whole chilli,28.0,2023-07,532297.35,0.01
2023-07,VEGETABLES,green chilli,PTM stores-whole chilli,26.0,2023-07,532297.35,0.0
2023-07,VEGETABLES,lemon,Local Purchase-lemon,20.0,2023-07,532297.35,0.0
2023-07,VEGETABLES,mint,Dvc-Fresh Garden Mint-750Ml,4140.0,2023-07,532297.35,0.78
2023-07,VEGETABLES,mint,DVC Mint Flavoured Syrup 750 ml,-2376.66,2023-07,532297.35,-0.45
2023-07,VEGETABLES,mushroom,Golden Crown-Mushroom Slice-800Gm,7104.0,2023-07,532297.35,1.33
2023-07,VEGETABLES,mushroom,G.Crown Mushroom Slice 800g,-686.0,2023-07,532297.35,-0.13
2023-07,VEGETABLES,parsley,Centreal Bazar-Parsley Herbs,99.0,2023-07,532297.35,0.02
2023-06,BAKERY & PREMIX,bread premix,Bread Premix,94.5,2023-06,446505.69999999995,0.02
2023-06,BAKERY & PREMIX,bread primix,Bread Primix-1kg,720.0,2023-06,446505.69999999995,0.16
2023-06,BAKERY & PREMIX,brownie,Brownie,-1289.6,2023-06,446505.69999999995,-0.29
2023-06,BAKERY & PREMIX,browny,Browny-1kg,4235.0,2023-06,446505.69999999995,0.95
2023-06,BAKERY & PREMIX,pizza premix,Pizza Primix-1kg,8640.0,2023-06,446505.69999999995,1.94
2023-06,BAKERY & PREMIX,pizza premix,Pizza Premix,-425.25,2023-06,446505.69999999995,-0.1
2023-06,BEVERAGES,7up,7up pet-750ml,2887.9,2023-06,446505.69999999995,0.65
2023-06,BEVERAGES,7up,7up pet-1250ml,2780.16,2023-06,446505.69999999995,0.62
2023-06,BEVERAGES,7up,7up pet-250ml,1050.0,2023-06,446505.69999999995,0.24
2023-06,BEVERAGES,7up,7up can-250ml,720.0,2023-06,446505.69999999995,0.16
2023-06,BEVERAGES,7up,7UP 1250ml Pet,-57.91999999999996,2023-06,446505.69999999995,-0.01
2023-06,BEVERAGES,7up,7up 250ml Pet,-175.0,2023-06,446505.69999999995,-0.04
2023-06,BEVERAGES,7up,7up 250ml Can,-300.0,2023-06,446505.69999999995,-0.07
2023-06,BEVERAGES,7up,7UP 750ml Pet,-825.1199999999999,2023-06,446505.69999999995,-0.18
2023-06,BEVERAGES,aqua fina,Aqua Fina-1ltr,671.96,2023-06,446505.69999999995,0.15
2023-06,BEVERAGES,aqua fina,Aqua Fina Mineral Water 1Ltr,-167.99,2023-06,446505.69999999995,-0.04
2023-06,BEVERAGES,blue occean syrup,Blue Occean Flv Syrup-750ml,1465.56,2023-06,446505.69999999995,0.33
2023-06,BEVERAGES,blue occean syrup,DVC BLUE OCCEAN FLV SYRUP 750ML,-854.91,2023-06,446505.69999999995,-0.19
2023-06,BEVERAGES,dew,Dew-500ml,1235.1799999999998,2023-06,446505.69999999995,0.28
2023-06,BEVERAGES,dew,Dew-750ml,1237.71,2023-06,446505.69999999995,0.28
2023-06,BEVERAGES,dew,Dew-250ml,930.0,2023-06,446505.69999999995,0.21
2023-06,BEVERAGES,dew,Dew Can-250ml,720.0,2023-06,446505.69999999995,0.16
2023-06,BEVERAGES,dew,Dew 750ml Pet,-343.80000000000007,2023-06,446505.69999999995,-0.08
2023-06,BEVERAGES,dew,Dew 250ml Can,-390.0,2023-06,446505.69999999995,-0.09
2023-06,BEVERAGES,dew,Dew 250ml Pet,-455.0,2023-06,446505.69999999995,-0.1
2023-06,BEVERAGES,dew,Dew 500ml Pet,-700.0,2023-06,446505.69999999995,-0.16
2023-06,BEVERAGES,lehar soda,Lehar Soda-750ml,395.04,2023-06,446505.69999999995,0.09
2023-06,BEVERAGES,lehar soda,Lehar Soda,115.21999999999997,2023-06,446505.69999999995,0.03
2023-06,BEVERAGES,mirinda,Mirinda-750ml,825.12,2023-06,446505.69999999995,0.18
2023-06,BEVERAGES,mirinda,Mirinda-250ml,525.0,2023-06,446505.69999999995,0.12
2023-06,BEVERAGES,mirinda,Mirinda 750ml pet,-103.13999999999999,2023-06,446505.69999999995,-0.02
2023-06,BEVERAGES,mirinda,Mirinda 250ml pet,-192.5,2023-06,446505.69999999995,-0.04
2023-06,BEVERAGES,passion fruit syrup,Passion Fruit-750ml,977.04,2023-06,446505.69999999995,0.22
2023-06,BEVERAGES,passion fruit syrup,DVC PASSION FRUIT FLV SYRUP 750ML,-146.55999999999995,2023-06,446505.69999999995,-0.03
2023-06,BEVERAGES,pepsi,Pepsi pet-750ml,3300.44,2023-06,446505.69999999995,0.74
2023-06,BEVERAGES,pepsi,Pepsi pet-250ml,2100.0,2023-06,446505.69999999995,0.47
2023-06,BEVERAGES,pepsi,Pepsi Can-250ml,720.0,2023-06,446505.69999999995,0.16
2023-06,BEVERAGES,pepsi,Pepsi pet-1250ml,695.04,2023-06,446505.69999999995,0.16
2023-06,BEVERAGES,pepsi,Pepsi 1250ml Pet,521.2800000000001,2023-06,446505.69999999995,0.12
2023-06,BEVERAGES,pepsi,Pepsi 250ml Can,-240.0,2023-06,446505.69999999995,-0.05
2023-06,BEVERAGES,pepsi,Pepsi 750ml Pet,-343.8,2023-06,446505.69999999995,-0.08
2023-06,BEVERAGES,pepsi,Pepsi 250ml Pet,-437.5,2023-06,446505.69999999995,-0.1
2023-06,BEVERAGES,slice mango,Slice Mango-250ml,795.15,2023-06,446505.69999999995,0.18
2023-06,BEVERAGES,slice mango,Slice Mango-600ml,618.84,2023-06,446505.69999999995,0.14
2023-06,BEVERAGES,slice mango,Slice Mango-200ml,530.1,2023-06,446505.69999999995,0.12
2023-06,BEVERAGES,slice mango,Slice Mango 600ml pet,-103.14,2023-06,446505.69999999995,-0.02
2023-06,BEVERAGES,slice mango,Slice Mango 250ml pet,-530.1,2023-06,446505.69999999995,-0.12
2023-06,BEVERAGES,strawberry syrup,MBS Traders-Hersheys Chocolate syrup,95.0,2023-06,446505.69999999995,0.02
2023-06,BEVERAGES,strawberry syrup,Strawberry sause 750,69.33000000000001,2023-06,446505.69999999995,0.02
2023-06,CHEESE & DAIRY,butter,babu palakkad-butter,1140.0,2023-06,446505.69999999995,0.26
2023-06,CHEESE & DAIRY,butter,Paneer Tikka Butter Masala -1kg,1125.0,2023-06,446505.69999999995,0.25
2023-06,CHEESE & DAIRY,butter,Srinivasan-Butter Scotch Ice Cream,773.0,2023-06,446505.69999999995,0.17
2023-06,CHEESE & DAIRY,butter,babu palakkad-BUTTER,380.0,2023-06,446505.69999999995,0.09
2023-06,CHEESE & DAIRY,butter,Butter Scotch Sauce-750ml,138.0,2023-06,446505.69999999995,0.03
2023-06,CHEESE & DAIRY,butter,Butter Scotch Ice-cream,70.26999999999998,2023-06,446505.69999999995,0.02
2023-06,CHEESE & DAIRY,butter,Local Purchase-butter paper,90.0,2023-06,446505.69999999995,0.02
2023-06,CHEESE & DAIRY,butter,MBS Traders-Butter Sheets,105.0,2023-06,446505.69999999995,0.02
2023-06,CHEESE & DAIRY,butter,MBS Traders-butter paper,105.0,2023-06,446505.69999999995,0.02
2023-06,CHEESE & DAIRY,butter,Butter Scotch Sauce 750ml,-110.4,2023-06,446505.69999999995,-0.02
2023-06,CHEESE & DAIRY,butter,butter,-304.0,2023-06,446505.69999999995,-0.07
2023-06,CHEESE & DAIRY,butter,Paneer Tikka Butter Masala,-850.08,2023-06,446505.69999999995,-0.19
2023-06,CHEESE & DAIRY,cheddar cheese,Orange Cheddar cheese-2kg,2390.08,2023-06,446505.69999999995,0.54
2023-06,CHEESE & DAIRY,cheddar cheese,GO Orange Cheddar Cheese 2kg,-1756.15,2023-06,446505.69999999995,-0.39
2023-06,CHEESE & DAIRY,curd,Local Purchase-Curd Milma,140.0,2023-06,446505.69999999995,0.03
2023-06,CHEESE & DAIRY,curd,Fathima Super Market-Curd Milma,70.0,2023-06,446505.69999999995,0.02
2023-06,CHEESE & DAIRY,fresh cream,Srinivasan-Vanilla Ice Cream,1632.0,2023-06,446505.69999999995,0.37
2023-06,CHEESE & DAIRY,fresh cream,Flexi Cream Gold-1kg,1557.6,2023-06,446505.69999999995,0.35
2023-06,CHEESE & DAIRY,fresh cream,Chocolate Ice-cream,262.5,2023-06,446505.69999999995,0.06
2023-06,CHEESE & DAIRY,fresh cream,Strawberry-Ice cream,136.89999999999998,2023-06,446505.69999999995,0.03
2023-06,CHEESE & DAIRY,fresh cream,Vanilla Ice-cream,-12.370000000000005,2023-06,446505.69999999995,-0.0
2023-06,CHEESE & DAIRY,fresh cream,Flexi Cream Gold,-486.75,2023-06,446505.69999999995,-0.11
2023-06,CHEESE & DAIRY,gouda cheese,Gouda Cheese-1kg,2343.94,2023-06,446505.69999999995,0.52
2023-06,CHEESE & DAIRY,milk,Local Purchase-milk milma,840.0,2023-06,446505.69999999995,0.19
2023-06,CHEESE & DAIRY,milk,Local Purchase-Milk Milma,784.0,2023-06,446505.69999999995,0.18
2023-06,CHEESE & DAIRY,milk,Fathima Super Market-Milk Milma,336.0,2023-06,446505.69999999995,0.08
2023-06,CHEESE & DAIRY,milk,Local Purchase-Milk 450ml,375.0,2023-06,446505.69999999995,0.08
2023-06,CHEESE & DAIRY,milk,Local Purchase-milk Milma Toned,364.0,2023-06,446505.69999999995,0.08
2023-06,CHEESE & DAIRY,milk,Local Purchase-MILK,112.0,2023-06,446505.69999999995,0.03
2023-06,CHEESE & DAIRY,milk,five Star Traders-milk maid,123.0,2023-06,446505.69999999995,0.03
2023-06,CHEESE & DAIRY,milk,Local Purchase-milk,56.0,2023-06,446505.69999999995,0.01
2023-06,CHEESE & DAIRY,milk,Milk Maid 400ml,-123.0,2023-06,446505.69999999995,-0.03
2023-06,CHEESE & DAIRY,milk,milk-Milma-525ml,-112.0,2023-06,446505.69999999995,-0.03
2023-06,CHEESE & DAIRY,monterey jack,GO-Monterey Jack Cheese-2kg,0.0,2023-06,446505.69999999995,0.0
2023-06,CHEESE & DAIRY,mozzarella,Mozzarella Diced Cheese-1kg,56638.84,2023-06,446505.69999999995,12.68
2023-06,CHEESE & DAIRY,mozzarella,MilkyMist-Mozzarella Cheese-shredded-2kg,11274.9,2023-06,446505.69999999995,2.53
2023-06,CHEESE & DAIRY,mozzarella,AMUL Mozzarella Cheese Block 1Kg,-17704.5,2023-06,446505.69999999995,-3.97
2023-06,CHEESE & DAIRY,paneer,babu palakkad-paneer,870.0,2023-06,446505.69999999995,0.19
2023-06,CHEESE & DAIRY,paneer,Paneer,406.0,2023-06,446505.69999999995,0.09
2023-06,CHEESE & DAIRY,processed cheese,Processed cheese block-1kg,2199.84,2023-06,446505.69999999995,0.49
2023-06,CHEESE & DAIRY,processed cheese,Processed cheese block,-824.9899999999998,2023-06,446505.69999999995,-0.18
2023-06,CLEANING SUPPLIES,dishwash cake,MBS Traders-exo dishwash cake,50.0,2023-06,446505.69999999995,0.01
2023-06,CLEANING SUPPLIES,dishwash cake,Exo Dishwash cake,0.0,2023-06,446505.69999999995,0.0
2023-06,CLEANING SUPPLIES,scrubber,Local Purchase-plactic scrubber,10.0,2023-06,446505.69999999995,0.0
2023-06,CLEANING SUPPLIES,soap powder,Fathima Super Market-soap powder,54.0,2023-06,446505.69999999995,0.01
2023-06,CLEANING SUPPLIES,soap powder,Local Purchase-soap powder,35.0,2023-06,446505.69999999995,0.01
2023-06,"FLOUR, GRAINS & DRY GOODS",atta,five Star Traders-atta,1034.0,2023-06,446505.69999999995,0.23
2023-06,"FLOUR, GRAINS & DRY GOODS",atta,Bornless Chicken- pattambi,341.5999999999999,2023-06,446505.69999999995,0.08
2023-06,"FLOUR, GRAINS & DRY GOODS",atta,Atta Loose,-123.0,2023-06,446505.69999999995,-0.03
2023-06,"FLOUR, GRAINS & DRY GOODS",corn meal,Corn Meal - Chola Rava,56.0,2023-06,446505.69999999995,0.01
2023-06,"FLOUR, GRAINS & DRY GOODS",dry yeast,Dried Yeast,560.97,2023-06,446505.69999999995,0.13
2023-06,"FLOUR, GRAINS & DRY GOODS",horlicks,five Star Traders-Horlicks Small packet,20.0,2023-06,446505.69999999995,0.0
2023-06,"FLOUR, GRAINS & DRY GOODS",horlicks,horlicks,-20.0,2023-06,446505.69999999995,-0.0
2023-06,"FLOUR, GRAINS & DRY GOODS",instant yeast,Instant Dried Yeast-500gm,849.97,2023-06,446505.69999999995,0.19
2023-06,"FLOUR, GRAINS & DRY GOODS",maida,Maida-50kg,6090.0,2023-06,446505.69999999995,1.36
2023-06,"FLOUR, GRAINS & DRY GOODS",maida,Maida(Porotta 50kg),3690.0,2023-06,446505.69999999995,0.83
2023-06,"FLOUR, GRAINS & DRY GOODS",masoor dal,five Star Traders-masoor dal red,480.0,2023-06,446505.69999999995,0.11
2023-06,"FLOUR, GRAINS & DRY GOODS",masoor dal,Masoor-Red,-112.0,2023-06,446505.69999999995,-0.03
2023-06,"FLOUR, GRAINS & DRY GOODS",rice,Local Purchase-nawab rice,962.0,2023-06,446505.69999999995,0.22
2023-06,"FLOUR, GRAINS & DRY GOODS",rice,Rice-Nawab-26kg,148.0,2023-06,446505.69999999995,0.03
2023-06,"FLOUR, GRAINS & DRY GOODS",sugar,five Star Traders-sugar,196.0,2023-06,446505.69999999995,0.04
2023-06,"FLOUR, GRAINS & DRY GOODS",sugar,Sugar-Loose,-41.8,2023-06,446505.69999999995,-0.01
2023-06,"FLOUR, GRAINS & DRY GOODS",tea,five Star Traders-Tea loose,45.0,2023-06,446505.69999999995,0.01
2023-06,"FLOUR, GRAINS & DRY GOODS",tea,Tea Loose,9.0,2023-06,446505.69999999995,0.0
2023-06,"FLOUR, GRAINS & DRY GOODS",vermicelli,Vermicelli Mix,0.0,2023-06,446505.69999999995,0.0
2023-06,FROZEN ITEMS,french fries,French Fries 6mm-2.5kg,13959.68,2023-06,446505.69999999995,3.13
2023-06,FROZEN ITEMS,french fries,French Fries 6mm-Funwave,5959.29,2023-06,446505.69999999995,1.33
2023-06,FROZEN ITEMS,french fries,French Fries 9mm-Funwave,291.2,2023-06,446505.69999999995,0.07
2023-06,FROZEN ITEMS,french fries,French Fries 6mm-Funwave 2.5 KG,-1710.1,2023-06,446505.69999999995,-0.38
2023-06,FROZEN ITEMS,frozen sweet corn,Frozen Sweet corn-1kg,693.0,2023-06,446505.69999999995,0.16
2023-06,FROZEN ITEMS,frozen sweet corn,Frozen Sweet Corn-Pal Fresh,594.0,2023-06,446505.69999999995,0.13
2023-06,FROZEN ITEMS,frozen sweet corn,Frozen Sweet Corn,-625.0,2023-06,446505.69999999995,-0.14
2023-06,FROZEN ITEMS,potato wedges,Potato Wedges-2.5kg,2159.98,2023-06,446505.69999999995,0.48
2023-06,FROZEN ITEMS,potato wedges,Mc Cain Potato Wedges 2.5kg-Taha,1785.99,2023-06,446505.69999999995,0.4
2023-06,FROZEN ITEMS,potato wedges,Mc Cain Potato Wedges 2.5kg,-1011.36,2023-06,446505.69999999995,-0.23
2023-06,FRUITS,apple,Green Apple-750ml,1465.56,2023-06,446505.69999999995,0.33
2023-06,FRUITS,apple,Local Purchase-apple,40.0,2023-06,446505.69999999995,0.01
2023-06,FRUITS,apple,DVC Green Apple 750 ML,-390.80999999999995,2023-06,446505.69999999995,-0.09
2023-06,FRUITS,banana,Berry Fresh Banana Pulp,0.0,2023-06,446505.69999999995,0.0
2023-06,FRUITS,black grapes,Black Grapes,-22.5,2023-06,446505.69999999995,-0.01
2023-06,FRUITS,cherry,MBS Traders-cherry,30.0,2023-06,446505.69999999995,0.01
2023-06,FRUITS,cherry,five Star Traders-Cherry,40.0,2023-06,446505.69999999995,0.01
2023-06,FRUITS,cherry,Cherry,0.0,2023-06,446505.69999999995,0.0
2023-06,FRUITS,cherry,Local Purchase-cherry,20.0,2023-06,446505.69999999995,0.0
2023-06,FRUITS,chicku pulp,Berry Fresh Chicku Pulp,162.0,2023-06,446505.69999999995,0.04
2023-06,FRUITS,grapes,five Star Traders-black grapes,45.0,2023-06,446505.69999999995,0.01
2023-06,FRUITS,pineapple,Pineapple slice-Tajir Habit-850g,551.25,2023-06,446505.69999999995,0.12
2023-06,FRUITS,pineapple,Pineapple slice-Tajir Habit-500g,-420.0,2023-06,446505.69999999995,-0.09
2023-06,FRUITS,tender coconut pulp,Berry Fresh Tender Coconut Pulp,17.5,2023-06,446505.69999999995,0.0
2023-06,KITCHEN EQUIPMENT & UTENSILS,tripod,Tripod,37.0,2023-06,446505.69999999995,0.01
2023-06,MASALA & SEASONINGS,bbq mix,BBQ Mix-1kg,930.0,2023-06,446505.69999999995,0.21
2023-06,MASALA & SEASONINGS,bbq mix,BBQ Mix Masala,-2079.2799999999997,2023-06,446505.69999999995,-0.47
2023-06,MASALA & SEASONINGS,black pepper,Black pepper,-108.0,2023-06,446505.69999999995,-0.02
2023-06,MASALA & SEASONINGS,chicken masala,five Star Traders-Tandoori Chicken Masala,148.0,2023-06,446505.69999999995,0.03
2023-06,MASALA & SEASONINGS,chicken masala,five Star Traders-Chicken Masala,28.0,2023-06,446505.69999999995,0.01
2023-06,MASALA & SEASONINGS,chicken masala,Chicken Masala-Quality,19.0,2023-06,446505.69999999995,0.0
2023-06,MASALA & SEASONINGS,chicken masala,Tandoori Chicken Masala-Bakers,-32.5,2023-06,446505.69999999995,-0.01
2023-06,MASALA & SEASONINGS,chilli flakes,Chilli Flakes-Tasty Pixel-Veeba-Sachet-0.8g,187.87,2023-06,446505.69999999995,0.04
2023-06,MASALA & SEASONINGS,chilli flakes,Chilli Flakes-Puramate-400grm,71.92999999999999,2023-06,446505.69999999995,0.02
2023-06,MASALA & SEASONINGS,chilli powder,five Star Traders-Chilly Powder,55.0,2023-06,446505.69999999995,0.01
2023-06,MASALA & SEASONINGS,chilli powder,Chilli Powder Loose,0.0,2023-06,446505.69999999995,0.0
2023-06,MASALA & SEASONINGS,chilly flakes,Tasty Fixel Chilly Flakes 0.8gm-250s,529.2,2023-06,446505.69999999995,0.12
2023-06,MASALA & SEASONINGS,coriander powder,five Star Traders-Coriander Powder,100.0,2023-06,446505.69999999995,0.02
2023-06,MASALA & SEASONINGS,coriander powder,Coriander Powder-loose,-40.0,2023-06,446505.69999999995,-0.01
2023-06,MASALA & SEASONINGS,herb mix,Herb Mix-1kg,2125.0,2023-06,446505.69999999995,0.48
2023-06,MASALA & SEASONINGS,herb mix,Chettinad Mix,32.54999999999998,2023-06,446505.69999999995,0.01
2023-06,MASALA & SEASONINGS,herb mix,Herb Mix Masla,-1377.6,2023-06,446505.69999999995,-0.31
2023-06,MASALA & SEASONINGS,jeerakam,five Star Traders-jeerakam,116.0,2023-06,446505.69999999995,0.03
2023-06,MASALA & SEASONINGS,mexican masala,Mexican Masala,567.8399999999999,2023-06,446505.69999999995,0.13
2023-06,MASALA & SEASONINGS,mexican mix,Mexican Mix-1kg,3320.0,2023-06,446505.69999999995,0.74
2023-06,MASALA & SEASONINGS,mixed herbs,Mixed Herb Loose,-364.8,2023-06,446505.69999999995,-0.08
2023-06,MASALA & SEASONINGS,oregano,Oregano Sachet 0.8gm-300s,1759.97,2023-06,446505.69999999995,0.39
2023-06,MASALA & SEASONINGS,oregano,Oregano Sprinkler-500gm,609.0,2023-06,446505.69999999995,0.14
2023-06,MASALA & SEASONINGS,oregano,Oregano Sprinkler 500g,243.5999999999999,2023-06,446505.69999999995,0.05
2023-06,MASALA & SEASONINGS,oregano,OREGANO SACHET 0.8GM,-883.6700000000001,2023-06,446505.69999999995,-0.2
2023-06,MASALA & SEASONINGS,piri piri marinade,Piri Piri Marinade-1kg,445.0,2023-06,446505.69999999995,0.1
2023-06,MASALA & SEASONINGS,piri piri marinade,Piri Piri Marinade 1KG,-222.5,2023-06,446505.69999999995,-0.05
2023-06,MASALA & SEASONINGS,salt,five Star Traders-salt powder,30.0,2023-06,446505.69999999995,0.01
2023-06,MASALA & SEASONINGS,salt,Salt Powder,4.0,2023-06,446505.69999999995,0.0
2023-06,MASALA & SEASONINGS,tandoori masala,Tandoori mix Masala,1036.0,2023-06,446505.69999999995,0.23
2023-06,MASALA & SEASONINGS,turmeric powder,five Star Traders-Turmeric powder,30.0,2023-06,446505.69999999995,0.01
2023-06,MASALA & SEASONINGS,turmeric powder,Turmeric Powder-loose,-19.799999999999997,2023-06,446505.69999999995,-0.0
2023-06,MEAT & POULTRY,chicken kheema,Sherif Cherpulasery-Chicken Kheema,267.0,2023-06,446505.69999999995,0.06
2023-06,MEAT & POULTRY,chicken kheema,Chicken Kheema  Masala,-195.3,2023-06,446505.69999999995,-0.04
2023-06,MEAT & POULTRY,chicken nuggets,Godrej chicken Nuggets -1kg,639.99,2023-06,446505.69999999995,0.14
2023-06,MEAT & POULTRY,chicken nuggets,Chicken Nuggets-Godrej-1kg,-320.0,2023-06,446505.69999999995,-0.07
2023-06,MEAT & POULTRY,chicken salami,Chicken Salami-1kg,624.96,2023-06,446505.69999999995,0.14
2023-06,MEAT & POULTRY,chicken salami,Zippy Chicken Salami,-109.37,2023-06,446505.69999999995,-0.02
2023-06,MEAT & POULTRY,chicken sausage,Chicken Sausage-1kg,638.4,2023-06,446505.69999999995,0.14
2023-06,MEAT & POULTRY,kheema,kheema Masala-250gr,650.0,2023-06,446505.69999999995,0.15
2023-06,MEAT & POULTRY,lamb pepperoni,Lamp Pepperoni,-847.35,2023-06,446505.69999999995,-0.19
2023-06,MEAT & POULTRY,pepperoni,Pepperoni-1kg,895.0,2023-06,446505.69999999995,0.2
2023-06,MEAT & POULTRY,whole chicken,Sherif Cherpulasery-whole chicken,1651.0,2023-06,446505.69999999995,0.37
2023-06,OILS,mustard oil,five Star Traders-Mustard oil,202.0,2023-06,446505.69999999995,0.05
2023-06,OILS,mustard oil,Mustard-Oil,-21.0,2023-06,446505.69999999995,-0.0
2023-06,OILS,palm oil,five Star Traders-palm oil,5180.0,2023-06,446505.69999999995,1.16
2023-06,OILS,palm oil,Palm Oil - Refined Oil,-98.0,2023-06,446505.69999999995,-0.02
2023-06,OILS,pomace olive oil,Pomace Olive oil-1ltr,669.9,2023-06,446505.69999999995,0.15
2023-06,PACKAGING MATERIALS,bio bag,Bio-Bag-20x26-35,48.3,2023-06,446505.69999999995,0.01
2023-06,PACKAGING MATERIALS,bio bag,Bio-Bag-10x14-140,5.75,2023-06,446505.69999999995,0.0
2023-06,PACKAGING MATERIALS,bio bag,Bio-Bag-13x16-90,-82.80000000000001,2023-06,446505.69999999995,-0.02
2023-06,PACKAGING MATERIALS,burger box,Mini Burger Box-Nos,1085.6,2023-06,446505.69999999995,0.24
2023-06,PACKAGING MATERIALS,burger box,Mini Burger Box,-944.47,2023-06,446505.69999999995,-0.21
2023-06,PACKAGING MATERIALS,butter paper,butter papper,0.0,2023-06,446505.69999999995,0.0
2023-06,PACKAGING MATERIALS,cling film,MBS Traders-Cling Film,120.0,2023-06,446505.69999999995,0.03
2023-06,PACKAGING MATERIALS,french fries box,French Fries Box-,535.0,2023-06,446505.69999999995,0.12
2023-06,PACKAGING MATERIALS,french fries box,French Fries Box,-45.090000000000146,2023-06,446505.69999999995,-0.01
2023-06,PACKAGING MATERIALS,garlic bread box,Garlic Bread Box,79.11000000000001,2023-06,446505.69999999995,0.02
2023-06,PACKAGING MATERIALS,gbc box,GBC Box-50Nos,412.5,2023-06,446505.69999999995,0.09
2023-06,PACKAGING MATERIALS,large pizza box,Large Box-50Nos,2227.5,2023-06,446505.69999999995,0.5
2023-06,PACKAGING MATERIALS,large pizza box,Large Pizza Box,-737.5,2023-06,446505.69999999995,-0.17
2023-06,PACKAGING MATERIALS,medium pizza box,Medium Box-50Nos,5750.0,2023-06,446505.69999999995,1.29
2023-06,PACKAGING MATERIALS,medium pizza box,Medium Pizza Box,-2084.92,2023-06,446505.69999999995,-0.47
2023-06,PACKAGING MATERIALS,paper bag,Paper Bag Medium-Nos,950.0,2023-06,446505.69999999995,0.21
2023-06,PACKAGING MATERIALS,paper bag,Paper Bag Regular-Nos,850.0,2023-06,446505.69999999995,0.19
2023-06,PACKAGING MATERIALS,paper bag,Paper Bag Large-Nos,409.5,2023-06,446505.69999999995,0.09
2023-06,PACKAGING MATERIALS,paper bag,Papper carry bag medium,90.0,2023-06,446505.69999999995,0.02
2023-06,PACKAGING MATERIALS,paper bag,Papper carry bag large,-287.5,2023-06,446505.69999999995,-0.06
2023-06,PACKAGING MATERIALS,paper bag,Papper carry bag small,-480.0,2023-06,446505.69999999995,-0.11
2023-06,PACKAGING MATERIALS,paper glass,V Mart-Glass,1900.0,2023-06,446505.69999999995,0.43
2023-06,PACKAGING MATERIALS,paper glass,MBS Traders-paper glass,340.0,2023-06,446505.69999999995,0.08
2023-06,PACKAGING MATERIALS,paper glass,Local Purchase-paper glass,130.0,2023-06,446505.69999999995,0.03
2023-06,PACKAGING MATERIALS,paper glass,Paper Glass,18.0,2023-06,446505.69999999995,0.0
2023-06,PACKAGING MATERIALS,paper glass,Moktails Glass,-403.19999999999993,2023-06,446505.69999999995,-0.09
2023-06,PACKAGING MATERIALS,paper plate,Local Purchase-paper plate,120.0,2023-06,446505.69999999995,0.03
2023-06,PACKAGING MATERIALS,paper plate,Paper Plates,-55.0,2023-06,446505.69999999995,-0.01
2023-06,PACKAGING MATERIALS,paper straw,MBS Traders-paper straw small,70.0,2023-06,446505.69999999995,0.02
2023-06,PACKAGING MATERIALS,paper straw,MBS Traders-paper straw Big,45.0,2023-06,446505.69999999995,0.01
2023-06,PACKAGING MATERIALS,paper straw,Paper Straw Big,-18.0,2023-06,446505.69999999995,-0.0
2023-06,PACKAGING MATERIALS,paper straw,Paper Straw Small,1.75,2023-06,446505.69999999995,0.0
2023-06,PACKAGING MATERIALS,pasta container,Pasta Container-100Nos,2237.5,2023-06,446505.69999999995,0.5
2023-06,PACKAGING MATERIALS,pasta container,Local Purchase-Steel Container,1957.0,2023-06,446505.69999999995,0.44
2023-06,PACKAGING MATERIALS,pasta container,Pasta Container Black,-712.58,2023-06,446505.69999999995,-0.16
2023-06,PACKAGING MATERIALS,plastic cover,MBS Traders-plastic cover,160.0,2023-06,446505.69999999995,0.04
2023-06,PACKAGING MATERIALS,plastic cover,plastic cover-HM- 5kg,85.0,2023-06,446505.69999999995,0.02
2023-06,PACKAGING MATERIALS,plastic cover,plastic Cover-1kg,64.0,2023-06,446505.69999999995,0.01
2023-06,PACKAGING MATERIALS,plastic cover,plastic cover 5kg,-80.0,2023-06,446505.69999999995,-0.02
2023-06,PACKAGING MATERIALS,regular pizza box,Regular Box-50Nos,6300.0,2023-06,446505.69999999995,1.41
2023-06,PACKAGING MATERIALS,regular pizza box,Regular Pizza Box,-728.28,2023-06,446505.69999999995,-0.16
2023-06,PACKAGING MATERIALS,salad bowl,Salad Bowl 500ml,319.44000000000005,2023-06,446505.69999999995,0.07
2023-06,PACKAGING MATERIALS,salad bowl,Salad Bowl (Small )250ml-Nos,262.5,2023-06,446505.69999999995,0.06
2023-06,PACKAGING MATERIALS,salad bowl,Dip Bowl,35.39999999999998,2023-06,446505.69999999995,0.01
2023-06,PACKAGING MATERIALS,salad bowl,Salad Bowl 250ml,-153.14,2023-06,446505.69999999995,-0.03
2023-06,PACKAGING MATERIALS,tissue,MBS Traders-tissue Big size,506.0,2023-06,446505.69999999995,0.11
2023-06,PACKAGING MATERIALS,tissue,Local Purchase-tissue Big size,36.0,2023-06,446505.69999999995,0.01
2023-06,PACKAGING MATERIALS,tissue,Tissue-Energy-Big,0.0,2023-06,446505.69999999995,0.0
2023-06,PACKAGING MATERIALS,wooden spoon,Wooden Spoon-110mm,228.9,2023-06,446505.69999999995,0.05
2023-06,PACKAGING MATERIALS,wooden spoon,Wooden Spoon-140mm,78.0,2023-06,446505.69999999995,0.02
2023-06,PACKAGING MATERIALS,wooden spoon,Wooden Spoon-160mm,-100.0,2023-06,446505.69999999995,-0.02
2023-06,SAUCES & SPREADS,chocolate sauce,Malas Chocolate Sauce 5 ltr,42.39999999999998,2023-06,446505.69999999995,0.01
2023-06,SAUCES & SPREADS,eggless mayonnaise,Eggless Mayonise -1kg,980.0,2023-06,446505.69999999995,0.22
2023-06,SAUCES & SPREADS,eggless mayonnaise,Veeba Eggless Mayonise Chef 1KG,140.0,2023-06,446505.69999999995,0.03
2023-06,SAUCES & SPREADS,eggless mayonnaise,egg,-36.0,2023-06,446505.69999999995,-0.01
2023-06,SAUCES & SPREADS,garlic chilli spread,Garlic Chilli Spread,648.0,2023-06,446505.69999999995,0.15
2023-06,SAUCES & SPREADS,gouda flavoured dressing,Veeba Gouda Flavoured Dressing,-645.12,2023-06,446505.69999999995,-0.14
2023-06,SAUCES & SPREADS,ketchup sachet,Ketchup Sachet (8g)-100,1919.76,2023-06,446505.69999999995,0.43
2023-06,SAUCES & SPREADS,ketchup sachet,Ketchup -1.2kg,840.0,2023-06,446505.69999999995,0.19
2023-06,SAUCES & SPREADS,ketchup sachet,Veeba Ketchup Sachet,-856.69,2023-06,446505.69999999995,-0.19
2023-06,SAUCES & SPREADS,makhani gravy,Veeba Makhani Gravy 1KG,-215.04000000000002,2023-06,446505.69999999995,-0.05
2023-06,SAUCES & SPREADS,makhani sauce,Makhani Sauce-1kg,632.22,2023-06,446505.69999999995,0.14
2023-06,SAUCES & SPREADS,pizza sauce,Pasta & Pizza Sauce-1kg,2202.28,2023-06,446505.69999999995,0.49
2023-06,SAUCES & SPREADS,pizza sauce,Veeba Pasta & Pizza Sauce 1KG,1330.0,2023-06,446505.69999999995,0.3
2023-06,SAUCES & SPREADS,pizza sauce,Pizza sauce premix,278.76999999999987,2023-06,446505.69999999995,0.06
2023-06,SAUCES & SPREADS,tandoori mayonnaise,Tandoori Tikka Marinade-500grm,575.0,2023-06,446505.69999999995,0.13
2023-06,SAUCES & SPREADS,tandoori mayonnaise,Tandoori Tikka Marinade 500Grm,-575.0,2023-06,446505.69999999995,-0.13
2023-06,SAUCES & SPREADS,tandoori spread,Tandoori Spread-1kg,431.18,2023-06,446505.69999999995,0.1
2023-06,SAUCES & SPREADS,tandoori spread,Veeba Tandoori Spread-1kg,434.0,2023-06,446505.69999999995,0.1
2023-06,SAUCES & SPREADS,thousand island dressing,Thousand island-1kg,379.99,2023-06,446505.69999999995,0.09
2023-06,SAUCES & SPREADS,thousand island dressing,Veeba ThousandIsland Dressing 1KG,-375.98,2023-06,446505.69999999995,-0.08
2023-06,SAUCES & SPREADS,tomato ketchup,Veeba T. Ketchup 1.2KG,105.0,2023-06,446505.69999999995,0.02
2023-06,STATIONERY & MISC,pen,Pasta-Penne Rigatte-500gm,1088.1,2023-06,446505.69999999995,0.24
2023-06,STATIONERY & MISC,pen,TAJIR JALAPENO SLICES 2.5 KG,712.5,2023-06,446505.69999999995,0.16
2023-06,STATIONERY & MISC,pen,Jalapeno Slices-2.9 kg,596.0,2023-06,446505.69999999995,0.13
2023-06,STATIONERY & MISC,pen,Local Purchase-Pen,10.0,2023-06,446505.69999999995,0.0
2023-06,STATIONERY & MISC,pen,Safa Books -PEN,8.0,2023-06,446505.69999999995,0.0
2023-06,STATIONERY & MISC,pen,Safa Books -pen,4.0,2023-06,446505.69999999995,0.0
2023-06,STATIONERY & MISC,pen,Puramate Pasta-Penne Rigatte 500g,-68.0,2023-06,446505.69999999995,-0.02
2023-06,STATIONERY & MISC,sticker,Local Purchase-Sticker,40.0,2023-06,446505.69999999995,0.01
2023-06,STATIONERY & MISC,tape,cello tape,-155.0,2023-06,446505.69999999995,-0.03
2023-06,STATIONERY & MISC,tape,Celotape-3/4inch-,-230.0,2023-06,446505.69999999995,-0.05
2023-06,STATIONERY & MISC,voucher book,Safa Books -voucher book,112.0,2023-06,446505.69999999995,0.03
2023-06,UNMAPPED,UNMAPPED,KTP Vegitables-vegitables,10850.0,2023-06,446505.69999999995,2.43
2023-06,UNMAPPED,UNMAPPED,Local Purchase-egg,988.0,2023-06,446505.69999999995,0.22
2023-06,UNMAPPED,UNMAPPED,Red Paprika Slice-2.5kg,869.12,2023-06,446505.69999999995,0.19
2023-06,UNMAPPED,UNMAPPED,KOT Printing Rolls,728.0,2023-06,446505.69999999995,0.16
2023-06,UNMAPPED,UNMAPPED,MBS Traders-micro 16x20,700.0,2023-06,446505.69999999995,0.16
2023-06,UNMAPPED,UNMAPPED,Black Olives Slice-3 kg,626.08,2023-06,446505.69999999995,0.14
2023-06,UNMAPPED,UNMAPPED,Honey-1ltr,327.6,2023-06,446505.69999999995,0.07
2023-06,UNMAPPED,UNMAPPED,MBS Traders-Micro 20x26,280.0,2023-06,446505.69999999995,0.06
2023-06,UNMAPPED,UNMAPPED,Pasta-Gomiti Rigatte-500gm,272.03,2023-06,446505.69999999995,0.06
2023-06,UNMAPPED,UNMAPPED,five Star Traders-black papper,216.0,2023-06,446505.69999999995,0.05
2023-06,UNMAPPED,UNMAPPED,five Star Traders-cashew nut,230.0,2023-06,446505.69999999995,0.05
2023-06,UNMAPPED,UNMAPPED,Lion Honey 1kg,193.2,2023-06,446505.69999999995,0.04
2023-06,UNMAPPED,UNMAPPED,MBS Traders-egg,122.0,2023-06,446505.69999999995,0.03
2023-06,UNMAPPED,UNMAPPED,Puramate Pasta-Gomiti Rigate - macroni - 500g,136.0,2023-06,446505.69999999995,0.03
2023-06,UNMAPPED,UNMAPPED,five Star Traders-honey 250grm,117.0,2023-06,446505.69999999995,0.03
2023-06,UNMAPPED,UNMAPPED,Local Purchase-Egg,81.0,2023-06,446505.69999999995,0.02
2023-06,UNMAPPED,UNMAPPED,MBS Traders-jumbo cover,70.0,2023-06,446505.69999999995,0.02
2023-06,UNMAPPED,UNMAPPED,Micro 13x16,77.0,2023-06,446505.69999999995,0.02
2023-06,UNMAPPED,UNMAPPED,Fathima Super Market-egg,52.0,2023-06,446505.69999999995,0.01
2023-06,UNMAPPED,UNMAPPED,Ice cube,60.0,2023-06,446505.69999999995,0.01
2023-06,UNMAPPED,UNMAPPED,MBS Traders-Egg,48.0,2023-06,446505.69999999995,0.01
2023-06,UNMAPPED,UNMAPPED,Phoenix Ice Cubes-ice cubes,60.0,2023-06,446505.69999999995,0.01
2023-06,UNMAPPED,UNMAPPED,Jumbo Cover-Blue,18.0,2023-06,446505.69999999995,0.0
2023-06,UNMAPPED,UNMAPPED,Local Purchase-Washer,6.0,2023-06,446505.69999999995,0.0
2023-06,UNMAPPED,UNMAPPED,Mango Crush Sauce 750ml Malas,0.0,2023-06,446505.69999999995,0.0
2023-06,UNMAPPED,UNMAPPED,Neo-Black Sliced Olives-3kg,0.0,2023-06,446505.69999999995,0.0
2023-06,UNMAPPED,UNMAPPED,Vineger,4.199999999999999,2023-06,446505.69999999995,0.0
2023-06,UNMAPPED,UNMAPPED,five Star Traders-Nool,2.0,2023-06,446505.69999999995,0.0
2023-06,UNMAPPED,UNMAPPED,Cashew nut,-37.5,2023-06,446505.69999999995,-0.01
2023-06,UNMAPPED,UNMAPPED,Hersheys Syrup-200grm,-23.5,2023-06,446505.69999999995,-0.01
2023-06,UNMAPPED,UNMAPPED,Jeerakham - Loose,-60.0,2023-06,446505.69999999995,-0.01
2023-06,UNMAPPED,UNMAPPED,Micro 27x30,-54.0,2023-06,446505.69999999995,-0.01
2023-06,UNMAPPED,UNMAPPED,badam,-40.0,2023-06,446505.69999999995,-0.01
2023-06,UNMAPPED,UNMAPPED,Micro 16x20,-98.0,2023-06,446505.69999999995,-0.02
2023-06,UNMAPPED,UNMAPPED,Micro 10x13,-140.0,2023-06,446505.69999999995,-0.03
2023-06,UNMAPPED,UNMAPPED,Micro 20x26,-189.0,2023-06,446505.69999999995,-0.04
2023-06,UNMAPPED,UNMAPPED,Veeba Barbequesauce 1KG,-166.0,2023-06,446505.69999999995,-0.04
2023-06,UNMAPPED,UNMAPPED,Puramate Pasta-Gomiti Rigate 500g,-272.0,2023-06,446505.69999999995,-0.06
2023-06,UNMAPPED,UNMAPPED,APIS Honey 1kg,-327.6,2023-06,446505.69999999995,-0.07
2023-06,UNMAPPED,UNMAPPED,Neo Red Paprika 3Kg,-434.55999999999995,2023-06,446505.69999999995,-0.1
2023-06,UTILITIES & EXPENSES,lpg gas,HPCL-gas,10860.0,2023-06,446505.69999999995,2.43
2023-06,UTILITIES & EXPENSES,lpg gas,HPCL-Gas,3620.0,2023-06,446505.69999999995,0.81
2023-06,UTILITIES & EXPENSES,transportation charges,Transportation-vegitables,60.0,2023-06,446505.69999999995,0.01
2023-06,UTILITIES & EXPENSES,waste collection,Satheesh-Waste Collection,100.0,2023-06,446505.69999999995,0.02
2023-06,VEGETABLES,baby corn,Baby Corn Whole-450gm,650.0,2023-06,446505.69999999995,0.15
2023-06,VEGETABLES,baby corn,Baby Corn Whole-450GM-Golden Crown,-650.0,2023-06,446505.69999999995,-0.15
2023-06,VEGETABLES,fresh basil,Puramate Basil 250g Pouch,-7.799999999999997,2023-06,446505.69999999995,-0.0
2023-06,VEGETABLES,green chilli,five Star Traders-whole chilli,28.0,2023-06,446505.69999999995,0.01
2023-06,VEGETABLES,mint,Fresh Garden Mint-750ml,1954.08,2023-06,446505.69999999995,0.44
2023-06,VEGETABLES,mint,DVC Mint Flavoured Syrup 750 ml,-512.61,2023-06,446505.69999999995,-0.11
2023-06,VEGETABLES,mushroom,Mushroom Slice-800gm,7056.0,2023-06,446505.69999999995,1.58
2023-06,VEGETABLES,mushroom,G.Crown Mushroom Slice 800g,-2254.0,2023-06,446505.69999999995,-0.5
2023-05,BAKERY & PREMIX,bread premix,Bread Premix,255.14999999999998,2023-05,593731.0,0.04
2023-05,BAKERY & PREMIX,brownie,Brownie,-443.29999999999995,2023-05,593731.0,-0.07
2023-05,BAKERY & PREMIX,browny,Browny,1209.0,2023-05,593731.0,0.2
2023-05,BAKERY & PREMIX,pizza premix,Pizza Primix,1890.0,2023-05,593731.0,0.32
2023-05,BAKERY & PREMIX,pizza premix,Pizza Premix,-661.5,2023-05,593731.0,-0.11
2023-05,BEVERAGES,7up,7up pet,7112.99,2023-05,593731.0,1.2
2023-05,BEVERAGES,7up,7UP 750ml Pet,756.3599999999999,2023-05,593731.0,0.13
2023-05,BEVERAGES,7up,7up can,720.0,2023-05,593731.0,0.12
2023-05,BEVERAGES,7up,7up 250ml Can,-180.0,2023-05,593731.0,-0.03
2023-05,BEVERAGES,7up,7UP 1250ml Pet,-289.6,2023-05,593731.0,-0.05
2023-05,BEVERAGES,7up,7up 250ml Pet,-280.0,2023-05,593731.0,-0.05
2023-05,BEVERAGES,aqua fina,Aqua Fina,504.0,2023-05,593731.0,0.08
2023-05,BEVERAGES,aqua fina,Aqua Fina Mineral Water 1Ltr,-97.99,2023-05,593731.0,-0.02
2023-05,BEVERAGES,blue occean syrup,DVC BLUE OCCEAN FLV SYRUP 750ML,1050.3200000000002,2023-05,593731.0,0.18
2023-05,BEVERAGES,dew,Dew,2175.22,2023-05,593731.0,0.37
2023-05,BEVERAGES,dew,Dew 250ml Pet,560.0,2023-05,593731.0,0.09
2023-05,BEVERAGES,dew,Dew 250ml Can,480.0,2023-05,593731.0,0.08
2023-05,BEVERAGES,dew,Dew 750ml Pet,-171.9,2023-05,593731.0,-0.03
2023-05,BEVERAGES,lehar soda,Lehar Soda,822.9999999999999,2023-05,593731.0,0.14
2023-05,BEVERAGES,mirinda,Mirinda,988.2,2023-05,593731.0,0.17
2023-05,BEVERAGES,mirinda,Mirinda 750ml pet,240.66,2023-05,593731.0,0.04
2023-05,BEVERAGES,mirinda,Mirinda 250ml pet,140.0,2023-05,593731.0,0.02
2023-05,BEVERAGES,passion fruit syrup,Passion Fruit,977.04,2023-05,593731.0,0.16
2023-05,BEVERAGES,passion fruit syrup,DVC PASSION FRUIT FLV SYRUP 750ML,488.52,2023-05,593731.0,0.08
2023-05,BEVERAGES,pepsi,Pepsi pet,7355.49,2023-05,593731.0,1.24
2023-05,BEVERAGES,pepsi,Pepsi Can,720.0,2023-05,593731.0,0.12
2023-05,BEVERAGES,pepsi,Pepsi 750ml Pet,275.04,2023-05,593731.0,0.05
2023-05,BEVERAGES,pepsi,Pepsi 250ml Can,60.0,2023-05,593731.0,0.01
2023-05,BEVERAGES,pepsi,Pepsi 250ml Pet,-87.5,2023-05,593731.0,-0.01
2023-05,BEVERAGES,pepsi,Pepsi 1250ml Pet,-405.44000000000005,2023-05,593731.0,-0.07
2023-05,BEVERAGES,slice mango,Slice Mango,883.8900000000001,2023-05,593731.0,0.15
2023-05,BEVERAGES,slice mango,Slice Mango 250ml pet,530.1,2023-05,593731.0,0.09
2023-05,BEVERAGES,slice mango,Slice Mango 600ml pet,206.28000000000003,2023-05,593731.0,0.03
2023-05,BEVERAGES,strawberry syrup,Strawberry sause 750,-42.66000000000001,2023-05,593731.0,-0.01
2023-05,CHEESE & DAIRY,butter,babu palakkad-butter-,1520.0,2023-05,593731.0,0.26
2023-05,CHEESE & DAIRY,butter,Butter Scotch Ice-cream,808.13,2023-05,593731.0,0.14
2023-05,CHEESE & DAIRY,butter,MBS Traders-butter paper-,403.0,2023-05,593731.0,0.07
2023-05,CHEESE & DAIRY,butter,babu palakkad-Butter-,380.0,2023-05,593731.0,0.06
2023-05,CHEESE & DAIRY,butter,Paneer Tikka Butter Masala,193.2,2023-05,593731.0,0.03
2023-05,CHEESE & DAIRY,butter,Fathima Super Market-butter paper-,50.0,2023-05,593731.0,0.01
2023-05,CHEESE & DAIRY,butter,Butter Scotch Sauce 750ml,18.4,2023-05,593731.0,0.0
2023-05,CHEESE & DAIRY,butter,butter,-76.0,2023-05,593731.0,-0.01
2023-05,CHEESE & DAIRY,cheddar cheese,GO Orange Cheddar Cheese 2kg,566.5,2023-05,593731.0,0.1
2023-05,CHEESE & DAIRY,curd,Local Purchase-Curd Milma-,130.0,2023-05,593731.0,0.02
2023-05,CHEESE & DAIRY,double cream,Double Cream-Rich-1kg,196.0,2023-05,593731.0,0.03
2023-05,CHEESE & DAIRY,fresh cream,Srinivasan-Vanilla Ice Cream-,1632.0,2023-05,593731.0,0.27
2023-05,CHEESE & DAIRY,fresh cream,Srinivasan-Chocolate Ice Cream -,770.0,2023-05,593731.0,0.13
2023-05,CHEESE & DAIRY,fresh cream,Flexi Cream Gold,584.1,2023-05,593731.0,0.1
2023-05,CHEESE & DAIRY,fresh cream,Chocolate Ice-cream,17.5,2023-05,593731.0,0.0
2023-05,CHEESE & DAIRY,fresh cream,Strawberry-Ice cream,-22.810000000000002,2023-05,593731.0,-0.0
2023-05,CHEESE & DAIRY,fresh cream,Vanilla Ice-cream,12.370000000000005,2023-05,593731.0,0.0
2023-05,CHEESE & DAIRY,gouda cheese,Gouda Cheese,2365.44,2023-05,593731.0,0.4
2023-05,CHEESE & DAIRY,gouda cheese,Transportation-gouda cheese-,30.0,2023-05,593731.0,0.01
2023-05,CHEESE & DAIRY,milk,Local Purchase-milk milma-,784.0,2023-05,593731.0,0.13
2023-05,CHEESE & DAIRY,milk,Local Purchase-Milk Milma-,664.0,2023-05,593731.0,0.11
2023-05,CHEESE & DAIRY,milk,Citymart Supermarket-Milk 450ml-,572.0,2023-05,593731.0,0.1
2023-05,CHEESE & DAIRY,milk,Local Purchase-milk-,544.0,2023-05,593731.0,0.09
2023-05,CHEESE & DAIRY,milk,Local Purchase-Milk milma-,336.0,2023-05,593731.0,0.06
2023-05,CHEESE & DAIRY,milk,Fathima Super Market-Milk milma-,224.0,2023-05,593731.0,0.04
2023-05,CHEESE & DAIRY,milk,Local Purchase-milk 525 ml-,156.0,2023-05,593731.0,0.03
2023-05,CHEESE & DAIRY,milk,Fathima Super Market-MILK MIlma-,112.0,2023-05,593731.0,0.02
2023-05,CHEESE & DAIRY,milk,Fathima Super Market-Milk Milma-,112.0,2023-05,593731.0,0.02
2023-05,CHEESE & DAIRY,milk,Fathima Super Market-milk milma-,112.0,2023-05,593731.0,0.02
2023-05,CHEESE & DAIRY,milk,Local Purchase-milk 500 ml-,104.0,2023-05,593731.0,0.02
2023-05,CHEESE & DAIRY,milk,five Star Traders-milk maid-,63.0,2023-05,593731.0,0.01
2023-05,CHEESE & DAIRY,milk,milk-Milma-525ml,0.0,2023-05,593731.0,0.0
2023-05,CHEESE & DAIRY,monterey jack,GO-Monterey Jack Cheese-2kg,-61.0,2023-05,593731.0,-0.01
2023-05,CHEESE & DAIRY,mozzarella,Mozzarella Diced Cheese,57227.79,2023-05,593731.0,9.64
2023-05,CHEESE & DAIRY,mozzarella,AMUL Mozzarella Cheese Block 1Kg,5610.0,2023-05,593731.0,0.94
2023-05,CHEESE & DAIRY,mozzarella,MilkyMist-Mozzarella Cheese-shredded-2kg,-9292.5,2023-05,593731.0,-1.57
2023-05,CHEESE & DAIRY,paneer,babu palakkad-paneer-,2610.0,2023-05,593731.0,0.44
2023-05,CHEESE & DAIRY,paneer,Paneer,-696.0,2023-05,593731.0,-0.12
2023-05,CHEESE & DAIRY,processed cheese,Processed cheese block,1649.9899999999998,2023-05,593731.0,0.28
2023-05,CLEANING SUPPLIES,dishwash cake,Exo Dishwash cake,9.600000000000001,2023-05,593731.0,0.0
2023-05,CLEANING SUPPLIES,duster,Local Purchase-Duster-,30.0,2023-05,593731.0,0.01
2023-05,CLEANING SUPPLIES,scrubber,Local Purchase-plastic scrubber-,15.0,2023-05,593731.0,0.0
2023-05,CLEANING SUPPLIES,scrubber,five Star Traders-plastic scrubber-,10.0,2023-05,593731.0,0.0
2023-05,CLEANING SUPPLIES,soap powder,Local Purchase-soap powder-,66.0,2023-05,593731.0,0.01
2023-05,CLEANING SUPPLIES,soap powder,five Star Traders-soap powder-,30.0,2023-05,593731.0,0.01
2023-05,"FLOUR, GRAINS & DRY GOODS",atta,five Star Traders-atta-,555.0,2023-05,593731.0,0.09
2023-05,"FLOUR, GRAINS & DRY GOODS",atta,Atta Loose,164.0,2023-05,593731.0,0.03
2023-05,"FLOUR, GRAINS & DRY GOODS",atta,Local Purchase-atta-,164.0,2023-05,593731.0,0.03
2023-05,"FLOUR, GRAINS & DRY GOODS",atta,Bornless Chicken- pattambi,-2684.0,2023-05,593731.0,-0.45
2023-05,"FLOUR, GRAINS & DRY GOODS",chola rava,K.M. Hypermarket-chola rava-,160.0,2023-05,593731.0,0.03
2023-05,"FLOUR, GRAINS & DRY GOODS",corn meal,Royal HyperMarket-Corn Meal-,90.0,2023-05,593731.0,0.02
2023-05,"FLOUR, GRAINS & DRY GOODS",corn meal,Corn Meal - Chola Rava,-160.0,2023-05,593731.0,-0.03
2023-05,"FLOUR, GRAINS & DRY GOODS",dry yeast,Dried Yeast,271.98,2023-05,593731.0,0.05
2023-05,"FLOUR, GRAINS & DRY GOODS",horlicks,Local Purchase-Horlicks Small packet-,20.0,2023-05,593731.0,0.0
2023-05,"FLOUR, GRAINS & DRY GOODS",instant yeast,Instant Dried Yeast,1699.94,2023-05,593731.0,0.29
2023-05,"FLOUR, GRAINS & DRY GOODS",maida,Maida,12650.0,2023-05,593731.0,2.13
2023-05,"FLOUR, GRAINS & DRY GOODS",maida,Maida(Porotta 50kg),-615.0,2023-05,593731.0,-0.1
2023-05,"FLOUR, GRAINS & DRY GOODS",masoor dal,five Star Traders-masoor dal red-,415.0,2023-05,593731.0,0.07
2023-05,"FLOUR, GRAINS & DRY GOODS",masoor dal,Masoor-Red,32.0,2023-05,593731.0,0.01
2023-05,"FLOUR, GRAINS & DRY GOODS",rice,Local Purchase-Nawab ponni rice-,962.0,2023-05,593731.0,0.16
2023-05,"FLOUR, GRAINS & DRY GOODS",rice,Local Purchase-rice-,962.0,2023-05,593731.0,0.16
2023-05,"FLOUR, GRAINS & DRY GOODS",rice,Rice-Nawab-26kg,-444.0,2023-05,593731.0,-0.07
2023-05,"FLOUR, GRAINS & DRY GOODS",sugar,five Star Traders-sugar-,195.0,2023-05,593731.0,0.03
2023-05,"FLOUR, GRAINS & DRY GOODS",sugar,Mansoor Traders-Sugar Balls-,40.0,2023-05,593731.0,0.01
2023-05,"FLOUR, GRAINS & DRY GOODS",sugar,Sugar-Loose,-38.0,2023-05,593731.0,-0.01
2023-05,"FLOUR, GRAINS & DRY GOODS",tea,five Star Traders-Tea loose-,45.0,2023-05,593731.0,0.01
2023-05,"FLOUR, GRAINS & DRY GOODS",tea,Tea Loose,9.0,2023-05,593731.0,0.0
2023-05,"FLOUR, GRAINS & DRY GOODS",vermicelli,Vermicelli Mix,-30.0,2023-05,593731.0,-0.01
2023-05,FROZEN ITEMS,french fries,French Fries 6mm,3489.92,2023-05,593731.0,0.59
2023-05,FROZEN ITEMS,french fries,French Fries 6mm-Funwave,2484.2400000000007,2023-05,593731.0,0.42
2023-05,FROZEN ITEMS,french fries,French Fries 9mm-Funwave,116.48000000000002,2023-05,593731.0,0.02
2023-05,FROZEN ITEMS,frozen sweet corn,Frozen Sweet corn,495.0,2023-05,593731.0,0.08
2023-05,FROZEN ITEMS,frozen sweet corn,Frozen Sweet Corn-Pal Fresh,297.0,2023-05,593731.0,0.05
2023-05,FROZEN ITEMS,potato wedges,Potato Wedges,2349.98,2023-05,593731.0,0.4
2023-05,FROZEN ITEMS,potato wedges,Mc Cain Potato Wedges 2.5kg-Taha,-1673.19,2023-05,593731.0,-0.28
2023-05,FRUITS,apple,Green Apple,977.04,2023-05,593731.0,0.16
2023-05,FRUITS,apple,DVC Green Apple 750 ML,439.66999999999985,2023-05,593731.0,0.07
2023-05,FRUITS,apple,Local Purchase-apple-,60.0,2023-05,593731.0,0.01
2023-05,FRUITS,banana,Berry Fresh Banana Pulp,0.0,2023-05,593731.0,0.0
2023-05,FRUITS,black grapes,Black Grapes,0.0,2023-05,593731.0,0.0
2023-05,FRUITS,cherry,five Star Traders-Cherry-,40.0,2023-05,593731.0,0.01
2023-05,FRUITS,cherry,five Star Traders-cherry-,18.0,2023-05,593731.0,0.0
2023-05,FRUITS,cherry,Cherry,-30.0,2023-05,593731.0,-0.01
2023-05,FRUITS,chicku pulp,berry Fresh-Chikku Pulp-,270.0,2023-05,593731.0,0.05
2023-05,FRUITS,chicku pulp,Berry Fresh Chicku Pulp,-144.0,2023-05,593731.0,-0.02
2023-05,FRUITS,pineapple,Pineapple slice,551.25,2023-05,593731.0,0.09
2023-05,FRUITS,pineapple,Pineapple slice-Tajir Habit-850g,-220.5,2023-05,593731.0,-0.04
2023-05,FRUITS,tender coconut pulp,berry Fresh-Tender Coconut Pulp-,700.0,2023-05,593731.0,0.12
2023-05,FRUITS,tender coconut pulp,Berry Fresh Tender Coconut Pulp,-192.5,2023-05,593731.0,-0.03
2023-05,KITCHEN EQUIPMENT & UTENSILS,drum,A.N.A Agencies-Drum Bolt -,20.0,2023-05,593731.0,0.0
2023-05,KITCHEN EQUIPMENT & UTENSILS,tripod,Tripod,185.0,2023-05,593731.0,0.03
2023-05,MASALA & SEASONINGS,bbq mix,BBQ Mix,974.4,2023-05,593731.0,0.16
2023-05,MASALA & SEASONINGS,bbq mix,BBQ Mix Masala,353.9200000000001,2023-05,593731.0,0.06
2023-05,MASALA & SEASONINGS,black pepper,Black Pepper,54.0,2023-05,593731.0,0.01
2023-05,MASALA & SEASONINGS,chicken masala,MBS Traders-Tandoori Chicken Masala-,140.0,2023-05,593731.0,0.02
2023-05,MASALA & SEASONINGS,chicken masala,Local Purchase-Chicken Masala-,38.0,2023-05,593731.0,0.01
2023-05,MASALA & SEASONINGS,chicken masala,five Star Traders-Chicken Masala-,62.0,2023-05,593731.0,0.01
2023-05,MASALA & SEASONINGS,chicken masala,Chicken Masala,27.0,2023-05,593731.0,0.0
2023-05,MASALA & SEASONINGS,chicken masala,Chicken Masala-Quality,-19.0,2023-05,593731.0,-0.0
2023-05,MASALA & SEASONINGS,chicken masala,Tandoori Chicken Masala-Bakers,-32.5,2023-05,593731.0,-0.01
2023-05,MASALA & SEASONINGS,chilli flakes,Chilli Flakes-Puramate-400grm,35.96000000000001,2023-05,593731.0,0.01
2023-05,MASALA & SEASONINGS,chilli flakes,Chilli Flakes-Tasty Pixel-Veeba-Sachet-0.8g,23.28,2023-05,593731.0,0.0
2023-05,MASALA & SEASONINGS,chilli powder,five Star Traders-chilli powder-,57.0,2023-05,593731.0,0.01
2023-05,MASALA & SEASONINGS,chilli powder,Chilli Powder Loose,20.0,2023-05,593731.0,0.0
2023-05,MASALA & SEASONINGS,chilly flakes,Tasty Fixel Chilly Flakes 0.8gm,1058.4,2023-05,593731.0,0.18
2023-05,MASALA & SEASONINGS,coriander powder,five Star Traders-Coriander Powder-,140.0,2023-05,593731.0,0.02
2023-05,MASALA & SEASONINGS,coriander powder,Coriander Powder-loose,-14.399999999999999,2023-05,593731.0,-0.0
2023-05,MASALA & SEASONINGS,garam masala,Local Purchase-Garam Masala-,46.0,2023-05,593731.0,0.01
2023-05,MASALA & SEASONINGS,herb mix,Herb Mix,918.4,2023-05,593731.0,0.15
2023-05,MASALA & SEASONINGS,herb mix,Herb Mix Masla,114.80000000000007,2023-05,593731.0,0.02
2023-05,MASALA & SEASONINGS,herb mix,Chettinad Mix,0.0,2023-05,593731.0,0.0
2023-05,MASALA & SEASONINGS,mexican masala,Mexican Masala,-524.16,2023-05,593731.0,-0.09
2023-05,MASALA & SEASONINGS,mexican mix,Mexican Mix,436.0,2023-05,593731.0,0.07
2023-05,MASALA & SEASONINGS,mixed herbs,Mixed Herb Loose,28.799999999999997,2023-05,593731.0,0.0
2023-05,MASALA & SEASONINGS,oregano,Tasty Fixel Oregano Mix 0.8gm,1323.0,2023-05,593731.0,0.22
2023-05,MASALA & SEASONINGS,oregano,Oregano Sachet 0.8gm,1099.98,2023-05,593731.0,0.19
2023-05,MASALA & SEASONINGS,oregano,Oregano Sprinkler 500g,1144.9199999999998,2023-05,593731.0,0.19
2023-05,MASALA & SEASONINGS,oregano,OREGANO SACHET 0.8GM,-1016.3999999999999,2023-05,593731.0,-0.17
2023-05,MASALA & SEASONINGS,piri piri marinade,Piri Piri Marinade 1KG,133.5,2023-05,593731.0,0.02
2023-05,MASALA & SEASONINGS,salt,five Star Traders-salt powder-,60.0,2023-05,593731.0,0.01
2023-05,MASALA & SEASONINGS,salt,Salt Powder,-25.5,2023-05,593731.0,-0.0
2023-05,MASALA & SEASONINGS,tandoori masala,Tandoori Mix,1243.2,2023-05,593731.0,0.21
2023-05,MASALA & SEASONINGS,tandoori masala,Tandoori mix Masala,-165.76,2023-05,593731.0,-0.03
2023-05,MASALA & SEASONINGS,turmeric powder,five Star Traders-Turmeric powder-,65.0,2023-05,593731.0,0.01
2023-05,MASALA & SEASONINGS,turmeric powder,Turmeric Powder-loose,11.880000000000003,2023-05,593731.0,0.0
2023-05,MEAT & POULTRY,chicken kheema,Chicken Kheema  Masala,-260.4,2023-05,593731.0,-0.04
2023-05,MEAT & POULTRY,chicken salami,Chicken Salami,624.96,2023-05,593731.0,0.11
2023-05,MEAT & POULTRY,chicken salami,Zippy Chicken Salami,93.75,2023-05,593731.0,0.02
2023-05,MEAT & POULTRY,chicken sausage,Local Purchase-Chickenb Sausage-,520.0,2023-05,593731.0,0.09
2023-05,MEAT & POULTRY,chicken sausage,Transportation-Chicken Sausage-,30.0,2023-05,593731.0,0.01
2023-05,MEAT & POULTRY,kheema,AK Chicken Adakkaputhur-kheema-,189.0,2023-05,593731.0,0.03
2023-05,MEAT & POULTRY,lamb pepperoni,Lamp Pepperoni,310.68999999999994,2023-05,593731.0,0.05
2023-05,MEAT & POULTRY,pepperoni,Pepperoni,470.96,2023-05,593731.0,0.08
2023-05,MEAT & POULTRY,whole chicken,Bornless Chicken- Adakkaputhur,1965.17,2023-05,593731.0,0.33
2023-05,MEAT & POULTRY,whole chicken,Sherif Cherpulasery-whole chicken-,825.0,2023-05,593731.0,0.14
2023-05,MEAT & POULTRY,whole chicken,Sherif Cherpulasery-whole chicken-staff,308.0,2023-05,593731.0,0.05
2023-05,OILS,mustard oil,five Star Traders-Mustard oil-,190.0,2023-05,593731.0,0.03
2023-05,OILS,mustard oil,Mustard Oil,40.0,2023-05,593731.0,0.01
2023-05,OILS,mustard oil,Mustard-Oil,-63.0,2023-05,593731.0,-0.01
2023-05,OILS,palm oil,five Star Traders-palm oil-,9275.0,2023-05,593731.0,1.56
2023-05,OILS,palm oil,Palm Oil - Refined Oil,-1078.0,2023-05,593731.0,-0.18
2023-05,PACKAGING MATERIALS,bio bag,Bio-Bag-10x14-140,94.75999999999999,2023-05,593731.0,0.02
2023-05,PACKAGING MATERIALS,bio bag,Bio-Bag-13x16-90,117.30000000000001,2023-05,593731.0,0.02
2023-05,PACKAGING MATERIALS,bio bag,Bio-Bag-20x26-35,36.56999999999999,2023-05,593731.0,0.01
2023-05,PACKAGING MATERIALS,burger box,Mansoor Traders-Mini Burger Box-,440.0,2023-05,593731.0,0.07
2023-05,PACKAGING MATERIALS,burger box,Mini Burger Box,-214.41,2023-05,593731.0,-0.04
2023-05,PACKAGING MATERIALS,butter paper,butter papper,-35.0,2023-05,593731.0,-0.01
2023-05,PACKAGING MATERIALS,catering cap,MBS Traders-Catering Cap-,80.0,2023-05,593731.0,0.01
2023-05,PACKAGING MATERIALS,cling film,MBS Traders-Cling Film-,130.0,2023-05,593731.0,0.02
2023-05,PACKAGING MATERIALS,french fries box,French Fries Box,941.9200000000003,2023-05,593731.0,0.16
2023-05,PACKAGING MATERIALS,garlic bread box,Garlic Bread Box,-202.17000000000002,2023-05,593731.0,-0.03
2023-05,PACKAGING MATERIALS,gbc box,GBC Box,878.98,2023-05,593731.0,0.15
2023-05,PACKAGING MATERIALS,large pizza box,Large Pizza Box,265.5,2023-05,593731.0,0.04
2023-05,PACKAGING MATERIALS,medium pizza box,Medium Pizza Box,1985.1099999999997,2023-05,593731.0,0.33
2023-05,PACKAGING MATERIALS,paper bag,Paper Bag Regular,850.0,2023-05,593731.0,0.14
2023-05,PACKAGING MATERIALS,paper bag,Paper Bag Large,525.0,2023-05,593731.0,0.09
2023-05,PACKAGING MATERIALS,paper bag,Paper Bag Medium,475.0,2023-05,593731.0,0.08
2023-05,PACKAGING MATERIALS,paper bag,Papper carry bag medium,261.0,2023-05,593731.0,0.04
2023-05,PACKAGING MATERIALS,paper bag,Papper carry bag small,-16.0,2023-05,593731.0,-0.0
2023-05,PACKAGING MATERIALS,paper bag,Papper carry bag large,-149.5,2023-05,593731.0,-0.03
2023-05,PACKAGING MATERIALS,paper glass,Moktails Glass,680.9600000000002,2023-05,593731.0,0.11
2023-05,PACKAGING MATERIALS,paper glass,MBS Traders-paper glass-,550.0,2023-05,593731.0,0.09
2023-05,PACKAGING MATERIALS,paper glass,Paper Glass,-84.6,2023-05,593731.0,-0.01
2023-05,PACKAGING MATERIALS,paper plate,MBS Traders-paper plate-,75.0,2023-05,593731.0,0.01
2023-05,PACKAGING MATERIALS,paper plate,Paper Plates,-39.0,2023-05,593731.0,-0.01
2023-05,PACKAGING MATERIALS,paper straw,MBS Traders-paper Straw-,35.0,2023-05,593731.0,0.01
2023-05,PACKAGING MATERIALS,paper straw,MBS Traders-paper straw Big-,45.0,2023-05,593731.0,0.01
2023-05,PACKAGING MATERIALS,paper straw,MBS Traders-paper straw-,70.0,2023-05,593731.0,0.01
2023-05,PACKAGING MATERIALS,paper straw,Paper Straw Big,18.0,2023-05,593731.0,0.0
2023-05,PACKAGING MATERIALS,paper straw,Paper Straw Small,-19.25,2023-05,593731.0,-0.0
2023-05,PACKAGING MATERIALS,pasta container,Pasta Container Black,252.55999999999995,2023-05,593731.0,0.04
2023-05,PACKAGING MATERIALS,pasta container,Pasta Container,0.0,2023-05,593731.0,0.0
2023-05,PACKAGING MATERIALS,pizza box,Medium Box,2772.41,2023-05,593731.0,0.47
2023-05,PACKAGING MATERIALS,pizza box,Large Box,2212.5,2023-05,593731.0,0.37
2023-05,PACKAGING MATERIALS,plastic cover,MBS Traders-plastic cover 1kg-,160.0,2023-05,593731.0,0.03
2023-05,PACKAGING MATERIALS,plastic cover,plastic cover 5kg,80.0,2023-05,593731.0,0.01
2023-05,PACKAGING MATERIALS,plastic cover,plastic Cover-1kg,-64.0,2023-05,593731.0,-0.01
2023-05,PACKAGING MATERIALS,plastic cover,plastic cover-HM- 5kg,-85.0,2023-05,593731.0,-0.01
2023-05,PACKAGING MATERIALS,regular pizza box,Regular Box,6504.75,2023-05,593731.0,1.1
2023-05,PACKAGING MATERIALS,regular pizza box,Regular Pizza Box,260.10000000000014,2023-05,593731.0,0.04
2023-05,PACKAGING MATERIALS,salad bowl,Salad Bowl (Big )500ml,615.02,2023-05,593731.0,0.1
2023-05,PACKAGING MATERIALS,salad bowl,Salad Bowl (Small )250ml,249.51,2023-05,593731.0,0.04
2023-05,PACKAGING MATERIALS,salad bowl,Dip Bowl,177.0,2023-05,593731.0,0.03
2023-05,PACKAGING MATERIALS,salad bowl,Salad Bowl 250ml,-70.68,2023-05,593731.0,-0.01
2023-05,PACKAGING MATERIALS,salad bowl,Salad Bowl 500ml,-392.03999999999996,2023-05,593731.0,-0.07
2023-05,PACKAGING MATERIALS,tissue,MBS Traders-Tissue Big size-,450.0,2023-05,593731.0,0.08
2023-05,PACKAGING MATERIALS,tissue,MBS Traders-tissue Big size-,90.0,2023-05,593731.0,0.02
2023-05,PACKAGING MATERIALS,tissue,Tissue-Energy-Big,45.0,2023-05,593731.0,0.01
2023-05,PACKAGING MATERIALS,wooden spoon,Mansoor Traders-Wooden Spoon 160mm-,158.0,2023-05,593731.0,0.03
2023-05,PACKAGING MATERIALS,wooden spoon,Mansoor Traders-Wooden Spoon 140mm-,136.0,2023-05,593731.0,0.02
2023-05,PACKAGING MATERIALS,wooden spoon,Wooden Spoon-110mm,-148.24,2023-05,593731.0,-0.02
2023-05,PACKAGING MATERIALS,wooden spoon,Wooden Spoon-140mm,-124.8,2023-05,593731.0,-0.02
2023-05,SAUCES & SPREADS,chocolate sauce,Malas Chocolate Sauce 5 ltr,275.5999999999999,2023-05,593731.0,0.05
2023-05,SAUCES & SPREADS,chocolate sauce,Mansoor Traders-chocolate Syrup-,95.0,2023-05,593731.0,0.02
2023-05,SAUCES & SPREADS,eggless mayonnaise,Veeba Eggless Mayonise Chef 1KG,1120.0,2023-05,593731.0,0.19
2023-05,SAUCES & SPREADS,garlic chilli spread,Garlic Chilli Spread,-648.0,2023-05,593731.0,-0.11
2023-05,SAUCES & SPREADS,gouda flavoured dressing,Veeba Gouda Flavoured Dressing,0.0,2023-05,593731.0,0.0
2023-05,SAUCES & SPREADS,honey mustard dressing,Honey,327.6,2023-05,593731.0,0.06
2023-05,SAUCES & SPREADS,ketchup sachet,Ketchup Sachet (8g),1919.76,2023-05,593731.0,0.32
2023-05,SAUCES & SPREADS,ketchup sachet,Veeba Ketchup Sachet,561.53,2023-05,593731.0,0.09
2023-05,SAUCES & SPREADS,makhani gravy,Veeba Makhani Gravy 1KG,430.08,2023-05,593731.0,0.07
2023-05,SAUCES & SPREADS,makhani sauce,Makhani Sauce,430.08,2023-05,593731.0,0.07
2023-05,SAUCES & SPREADS,pasta pizza sauce,Pasta & Pizza Sauce,4482.24,2023-05,593731.0,0.75
2023-05,SAUCES & SPREADS,pizza sauce,Pizza Sauce Primix,619.5,2023-05,593731.0,0.1
2023-05,SAUCES & SPREADS,pizza sauce,Pizza sauce premix,-278.76999999999987,2023-05,593731.0,-0.05
2023-05,SAUCES & SPREADS,pizza sauce,Veeba Pasta & Pizza Sauce 1KG,-760.0,2023-05,593731.0,-0.13
2023-05,SAUCES & SPREADS,tandoori spread,Veeba Tandoori Spread-1kg,434.0,2023-05,593731.0,0.07
2023-05,SAUCES & SPREADS,thousand island dressing,Thousand island,379.99,2023-05,593731.0,0.06
2023-05,SAUCES & SPREADS,tomato ketchup,Veeba T. Ketchup 1.2KG,0.0,2023-05,593731.0,0.0
2023-05,STATIONERY & MISC,note book,Local Purchase-Note Book-,37.0,2023-05,593731.0,0.01
2023-05,STATIONERY & MISC,note book,Safa Books -Note Book-,16.0,2023-05,593731.0,0.0
2023-05,STATIONERY & MISC,pen,Jalapeno Slices,1787.99,2023-05,593731.0,0.3
2023-05,STATIONERY & MISC,pen,Reitzel-Jalapeno Slice-2.9kg,1788.0,2023-05,593731.0,0.3
2023-05,STATIONERY & MISC,pen,Puramate Pasta-Penne Rigatte 500g,476.0,2023-05,593731.0,0.08
2023-05,STATIONERY & MISC,pen,Pasta-Penne Rigatte,272.03,2023-05,593731.0,0.05
2023-05,STATIONERY & MISC,pen,Fathima Super Market-pen-,8.0,2023-05,593731.0,0.0
2023-05,STATIONERY & MISC,pen,Local Purchase-Pen-,10.0,2023-05,593731.0,0.0
2023-05,STATIONERY & MISC,pen,TAJIR JALAPENO SLICES 2.5 KG,-1710.0,2023-05,593731.0,-0.29
2023-05,STATIONERY & MISC,rain coat,Nandanam-Rain Coat-,120.0,2023-05,593731.0,0.02
2023-05,STATIONERY & MISC,spray gun,Local Purchase-Spray Gun-,90.0,2023-05,593731.0,0.02
2023-05,STATIONERY & MISC,stapler,Safa Books -stapler -,10.0,2023-05,593731.0,0.0
2023-05,STATIONERY & MISC,tape,cello tape,150.0,2023-05,593731.0,0.03
2023-05,STATIONERY & MISC,tape,Local Purchase-double Tape-,18.0,2023-05,593731.0,0.0
2023-05,STATIONERY & MISC,voucher book,Local Purchase-voucher book-,56.0,2023-05,593731.0,0.01
2023-05,UNMAPPED,UNMAPPED,KTP Vegitables-vegitables-,11200.0,2023-05,593731.0,1.89
2023-05,UNMAPPED,UNMAPPED,Local Purchase-Floor Spring EBCO-,3500.0,2023-05,593731.0,0.59
2023-05,UNMAPPED,UNMAPPED,Black Olives Slice,1252.16,2023-05,593731.0,0.21
2023-05,UNMAPPED,UNMAPPED,Red Paprika Slice,869.12,2023-05,593731.0,0.15
2023-05,UNMAPPED,UNMAPPED,MBS Traders-micro 16x20-,840.0,2023-05,593731.0,0.14
2023-05,UNMAPPED,UNMAPPED,Sumeru Nuggets Premium 1Kg,834.18,2023-05,593731.0,0.14
2023-05,UNMAPPED,UNMAPPED,Local Purchase-egg-,515.5,2023-05,593731.0,0.09
2023-05,UNMAPPED,UNMAPPED,KOT Printing Rolls,416.0,2023-05,593731.0,0.07
2023-05,UNMAPPED,UNMAPPED,MBS Traders-Micro-,420.0,2023-05,593731.0,0.07
2023-05,UNMAPPED,UNMAPPED,Isha Fresh Vegitables-Red Yellow Capcicum-,333.0,2023-05,593731.0,0.06
2023-05,UNMAPPED,UNMAPPED,Fathima Super Market-egg-,312.0,2023-05,593731.0,0.05
2023-05,UNMAPPED,UNMAPPED,MBS Traders-Micro 20x26-,270.0,2023-05,593731.0,0.05
2023-05,UNMAPPED,UNMAPPED,Local Purchase-Egg-,249.5,2023-05,593731.0,0.04
2023-05,UNMAPPED,UNMAPPED,Local Purchase-Hanging Holder Metal-,160.0,2023-05,593731.0,0.03
2023-05,UNMAPPED,UNMAPPED,MBS Traders-Micro 27x30-,180.0,2023-05,593731.0,0.03
2023-05,UNMAPPED,UNMAPPED,Maintenance-Chair Welding charges-,150.0,2023-05,593731.0,0.03
2023-05,UNMAPPED,UNMAPPED,Puramate Pasta-Gomiti Rigate - macroni - 500g,204.0,2023-05,593731.0,0.03
2023-05,UNMAPPED,UNMAPPED,Veeba Barbequesauce 1KG,166.0,2023-05,593731.0,0.03
2023-05,UNMAPPED,UNMAPPED,Local Purchase-Mixer Repair-coupler,100.0,2023-05,593731.0,0.02
2023-05,UNMAPPED,UNMAPPED,Local Purchase-knife-,115.0,2023-05,593731.0,0.02
2023-05,UNMAPPED,UNMAPPED,Micro 20x26,114.33,2023-05,593731.0,0.02
2023-05,UNMAPPED,UNMAPPED,Phoenix Ice Cubes-ice cubes-,90.0,2023-05,593731.0,0.02
2023-05,UNMAPPED,UNMAPPED,Surya Auto Agencies-Engine Oil-,100.0,2023-05,593731.0,0.02
2023-05,UNMAPPED,UNMAPPED,five Star Traders-black papper-,108.0,2023-05,593731.0,0.02
2023-05,UNMAPPED,UNMAPPED,Citymart Supermarket-egg-,65.5,2023-05,593731.0,0.01
2023-05,UNMAPPED,UNMAPPED,Egg-5.5,33.0,2023-05,593731.0,0.01
2023-05,UNMAPPED,UNMAPPED,Fathima Super Market-Egg-,38.0,2023-05,593731.0,0.01
2023-05,UNMAPPED,UNMAPPED,Indian Oil-pulser-,70.0,2023-05,593731.0,0.01
2023-05,UNMAPPED,UNMAPPED,Isha Fresh Vegitables-Parcely-,72.0,2023-05,593731.0,0.01
2023-05,UNMAPPED,UNMAPPED,Lion Honey 1kg,48.30000000000001,2023-05,593731.0,0.01
2023-05,UNMAPPED,UNMAPPED,MBS Traders-jumbo cover-,70.0,2023-05,593731.0,0.01
2023-05,UNMAPPED,UNMAPPED,Micro 16x20,84.0,2023-05,593731.0,0.01
2023-05,UNMAPPED,UNMAPPED,Phoenix Ice Cubes-Ice Cubes-,60.0,2023-05,593731.0,0.01
2023-05,UNMAPPED,UNMAPPED,five Star Traders-Agarbatti-,30.0,2023-05,593731.0,0.01
2023-05,UNMAPPED,UNMAPPED,five Star Traders-Badam-,76.0,2023-05,593731.0,0.01
2023-05,UNMAPPED,UNMAPPED,five Star Traders-Chilly whole-,48.0,2023-05,593731.0,0.01
2023-05,UNMAPPED,UNMAPPED,five Star Traders-cashew nut-,75.0,2023-05,593731.0,0.01
2023-05,UNMAPPED,UNMAPPED,five Star Traders-cashewnut-,75.0,2023-05,593731.0,0.01
2023-05,UNMAPPED,UNMAPPED,five Star Traders-exo dish wash soap-,48.0,2023-05,593731.0,0.01
2023-05,UNMAPPED,UNMAPPED,A.N.A Agencies-Spilt Pin-,2.0,2023-05,593731.0,0.0
2023-05,UNMAPPED,UNMAPPED,Cashew nut,0.0,2023-05,593731.0,0.0
2023-05,UNMAPPED,UNMAPPED,Citymart Supermarket-lighter-,10.0,2023-05,593731.0,0.0
2023-05,UNMAPPED,UNMAPPED,Hersheys Cocoa-70grm,14.14,2023-05,593731.0,0.0
2023-05,UNMAPPED,UNMAPPED,Jumbo Cover-Blue,27.0,2023-05,593731.0,0.0
2023-05,UNMAPPED,UNMAPPED,Local Purchase-Bolt-,8.0,2023-05,593731.0,0.0
2023-05,UNMAPPED,UNMAPPED,Local Purchase-bike spare parts-,20.0,2023-05,593731.0,0.0
2023-05,UNMAPPED,UNMAPPED,Mango Crush Sauce 750ml Malas,0.0,2023-05,593731.0,0.0
2023-05,UNMAPPED,UNMAPPED,Micro 27x30,15.0,2023-05,593731.0,0.0
2023-05,UNMAPPED,UNMAPPED,Vineger,-4.199999999999999,2023-05,593731.0,-0.0
2023-05,UNMAPPED,UNMAPPED,badam,0.0,2023-05,593731.0,0.0
2023-05,UNMAPPED,UNMAPPED,five Star Traders-Jeerakham-,16.0,2023-05,593731.0,0.0
2023-05,UNMAPPED,UNMAPPED,Hersheys Syrup-200grm,-70.5,2023-05,593731.0,-0.01
2023-05,UNMAPPED,UNMAPPED,Ice cube,-45.0,2023-05,593731.0,-0.01
2023-05,UNMAPPED,UNMAPPED,Micro 13x16,-77.0,2023-05,593731.0,-0.01
2023-05,UNMAPPED,UNMAPPED,Neo Red Paprika 3Kg,-217.2800000000001,2023-05,593731.0,-0.04
2023-05,UNMAPPED,UNMAPPED,Neo-Black Sliced Olives-3kg,-313.03999999999996,2023-05,593731.0,-0.05
2023-05,UTILITIES & EXPENSES,bike maintenance,Bike Maintenance-Tyre And Tube change-,1000.0,2023-05,593731.0,0.17
2023-05,UTILITIES & EXPENSES,bike maintenance,Bike Maintenance-Puncture repair-Discover,100.0,2023-05,593731.0,0.02
2023-05,UTILITIES & EXPENSES,generator fuel,Indian Oil-Generator-,200.0,2023-05,593731.0,0.03
2023-05,UTILITIES & EXPENSES,lpg gas,HPCL-Gas-,11400.0,2023-05,593731.0,1.92
2023-05,UTILITIES & EXPENSES,lpg gas,HPCL-gas-,7600.0,2023-05,593731.0,1.28
2023-05,UTILITIES & EXPENSES,mobile recharge,jio-mobile recharge-,209.0,2023-05,593731.0,0.04
2023-05,UTILITIES & EXPENSES,recharge,Airtel-recharge-,239.0,2023-05,593731.0,0.04
2023-05,UTILITIES & EXPENSES,transportation charges,Transportation-Auto fare from Otp-,550.0,2023-05,593731.0,0.09
2023-05,UTILITIES & EXPENSES,transportation charges,Transportation-,30.0,2023-05,593731.0,0.01
2023-05,UTILITIES & EXPENSES,transportation charges,Transportation-Origano-,30.0,2023-05,593731.0,0.01
2023-05,UTILITIES & EXPENSES,transportation charges,Transportation-transportation-,30.0,2023-05,593731.0,0.01
2023-05,UTILITIES & EXPENSES,transportation charges,Transportation-transportation-vegitables,30.0,2023-05,593731.0,0.01
2023-05,UTILITIES & EXPENSES,transportation charges,Transportation-vegitables-,30.0,2023-05,593731.0,0.01
2023-05,UTILITIES & EXPENSES,waste collection,Satheesh-Waste Collection-,500.0,2023-05,593731.0,0.08
2023-05,VEGETABLES,baby corn,Baby Corn Whole-450GM-Golden Crown,390.0,2023-05,593731.0,0.07
2023-05,VEGETABLES,broccoli,Isha Fresh Vegitables-Broccoli-,531.0,2023-05,593731.0,0.09
2023-05,VEGETABLES,fresh basil,Isha Fresh Vegitables-Basil leaf-,204.0,2023-05,593731.0,0.03
2023-05,VEGETABLES,fresh basil,Puramate Basil 250g Pouch,31.200000000000003,2023-05,593731.0,0.01
2023-05,VEGETABLES,mint,DVC Mint Flavoured Syrup 750 ml,1491.2400000000002,2023-05,593731.0,0.25
2023-05,VEGETABLES,mushroom,G.Crown Mushroom Slice 800g,3626.0,2023-05,593731.0,0.61
2023-05,VEGETABLES,mushroom,Mushroom Slice,2352.0,2023-05,593731.0,0.4
2023-04,BAKERY & PREMIX,bread premix,Bread Premix,642.6,2023-04,446139.94999999995,0.14
2023-04,BAKERY & PREMIX,brownie,Brownie,1732.9,2023-04,446139.94999999995,0.39
2023-04,BAKERY & PREMIX,pizza premix,Pizza Premix,4991.96,2023-04,446139.94999999995,1.12
2023-04,BEVERAGES,7up,7UP 750ml Pet,2681.62,2023-04,446139.94999999995,0.6
2023-04,BEVERAGES,7up,7UP 1250ml Pet,2374.7200000000003,2023-04,446139.94999999995,0.53
2023-04,BEVERAGES,7up,7up 250ml Pet,1050.0,2023-04,446139.94999999995,0.24
2023-04,BEVERAGES,7up,7up 250ml Can,276.0,2023-04,446139.94999999995,0.06
2023-04,BEVERAGES,aqua fina,Aqua Fina Mineral Water 1Ltr,783.95,2023-04,446139.94999999995,0.18
2023-04,BEVERAGES,blue occean syrup,DVC BLUE OCCEAN FLV SYRUP 750ML,977.0400000000002,2023-04,446139.94999999995,0.22
2023-04,BEVERAGES,dew,Dew 750ml Pet,1272.06,2023-04,446139.94999999995,0.29
2023-04,BEVERAGES,dew,Dew 250ml Pet,962.5,2023-04,446139.94999999995,0.22
2023-04,BEVERAGES,dew,Dew 250ml Can,540.0,2023-04,446139.94999999995,0.12
2023-04,BEVERAGES,lehar soda,Lehar Soda,625.48,2023-04,446139.94999999995,0.14
2023-04,BEVERAGES,mirinda,Mirinda 750ml pet,550.0799999999999,2023-04,446139.94999999995,0.12
2023-04,BEVERAGES,mirinda,Mirinda 250ml pet,455.0,2023-04,446139.94999999995,0.1
2023-04,BEVERAGES,mojito mint,Mojito Menta Cubano,1953.0,2023-04,446139.94999999995,0.44
2023-04,BEVERAGES,passion fruit syrup,DVC Passion Fruit 750ML,1953.0,2023-04,446139.94999999995,0.44
2023-04,BEVERAGES,passion fruit syrup,DVC PASSION FRUIT FLV SYRUP 750ML,-879.3399999999999,2023-04,446139.94999999995,-0.2
2023-04,BEVERAGES,pepsi,Pepsi 750ml Pet,3059.79,2023-04,446139.94999999995,0.69
2023-04,BEVERAGES,pepsi,Pepsi 250ml Pet,1732.5,2023-04,446139.94999999995,0.39
2023-04,BEVERAGES,pepsi,Pepsi 1250ml Pet,1505.9199999999998,2023-04,446139.94999999995,0.34
2023-04,BEVERAGES,pepsi,Pepsi 250ml Can,780.0,2023-04,446139.94999999995,0.17
2023-04,BEVERAGES,slice mango,Slice Mango 600ml pet,584.46,2023-04,446139.94999999995,0.13
2023-04,BEVERAGES,slice mango,Slice Mango 250ml pet,512.43,2023-04,446139.94999999995,0.11
2023-04,BEVERAGES,strawberry syrup,Strawberry sause 750,42.66000000000001,2023-04,446139.94999999995,0.01
2023-04,CHEESE & DAIRY,butter,butter,1520.0,2023-04,446139.94999999995,0.34
2023-04,CHEESE & DAIRY,butter,Paneer Tikka Butter Masala,347.76000000000005,2023-04,446139.94999999995,0.08
2023-04,CHEESE & DAIRY,butter,Butter Scotch Ice-cream,175.69,2023-04,446139.94999999995,0.04
2023-04,CHEESE & DAIRY,butter,Butter Scotch Sauce 750ml,-45.93,2023-04,446139.94999999995,-0.01
2023-04,CHEESE & DAIRY,cheddar cheese,GO Orange Cheddar Cheese 2kg,339.9,2023-04,446139.94999999995,0.08
2023-04,CHEESE & DAIRY,curd,Curd-Sheethal-400g,84.0,2023-04,446139.94999999995,0.02
2023-04,CHEESE & DAIRY,curd,Curd-Elanad-500ml,35.0,2023-04,446139.94999999995,0.01
2023-04,CHEESE & DAIRY,double cream,Double Cream-Rich-1kg,588.0,2023-04,446139.94999999995,0.13
2023-04,CHEESE & DAIRY,fresh cream,Chocolate Ice-cream,3010.0,2023-04,446139.94999999995,0.67
2023-04,CHEESE & DAIRY,fresh cream,Vanilla Ice-cream,1310.54,2023-04,446139.94999999995,0.29
2023-04,CHEESE & DAIRY,fresh cream,Flexi Cream Gold,778.8,2023-04,446139.94999999995,0.17
2023-04,CHEESE & DAIRY,fresh cream,Strawberry-Ice cream,-22.819999999999993,2023-04,446139.94999999995,-0.01
2023-04,CHEESE & DAIRY,milk,Milk-Sheethal-450ml,1508.0,2023-04,446139.94999999995,0.34
2023-04,CHEESE & DAIRY,milk,Milkymist Cheese BLock 1KG,1100.0,2023-04,446139.94999999995,0.25
2023-04,CHEESE & DAIRY,milk,Milk-Elanad-500ml,224.0,2023-04,446139.94999999995,0.05
2023-04,CHEESE & DAIRY,milk,Milk,200.0,2023-04,446139.94999999995,0.04
2023-04,CHEESE & DAIRY,milk,Mittai-Milk-Amul,64.0,2023-04,446139.94999999995,0.01
2023-04,CHEESE & DAIRY,milk,milk-Milma-525ml,-56.0,2023-04,446139.94999999995,-0.01
2023-04,CHEESE & DAIRY,monterey jack,GO-Monterey Jack Cheese-2kg,61.0,2023-04,446139.94999999995,0.01
2023-04,CHEESE & DAIRY,mozzarella,AMUL Mozzarella Diced 1Kg,42750.72,2023-04,446139.94999999995,9.58
2023-04,CHEESE & DAIRY,mozzarella,MilkyMist-Mozzarella Cheese-shredded-2kg,3964.7999999999997,2023-04,446139.94999999995,0.89
2023-04,CHEESE & DAIRY,mozzarella,AMUL Mozzarella Cheese Block 1Kg,-5610.0,2023-04,446139.94999999995,-1.26
2023-04,CHEESE & DAIRY,paneer,Paneer,1496.0,2023-04,446139.94999999995,0.34
2023-04,CHEESE & DAIRY,processed cheese,Processed cheese block,275.0100000000002,2023-04,446139.94999999995,0.06
2023-04,CLEANING SUPPLIES,dishwash cake,Exo Dishwash cake,-19.2,2023-04,446139.94999999995,-0.0
2023-04,CLEANING SUPPLIES,steel wool,Exo Steel Wool,15.0,2023-04,446139.94999999995,0.0
2023-04,CLEANING SUPPLIES,washing powder,Washing Powder 500G,31.0,2023-04,446139.94999999995,0.01
2023-04,"FLOUR, GRAINS & DRY GOODS",atta,Atta Loose,438.70000000000005,2023-04,446139.94999999995,0.1
2023-04,"FLOUR, GRAINS & DRY GOODS",corn meal,Corn Meal - MAKKA RAVA,162.0,2023-04,446139.94999999995,0.04
2023-04,"FLOUR, GRAINS & DRY GOODS",corn meal,Corn Meal - Chola Rava,80.0,2023-04,446139.94999999995,0.02
2023-04,"FLOUR, GRAINS & DRY GOODS",dry yeast,Dried Yeast,747.96,2023-04,446139.94999999995,0.17
2023-04,"FLOUR, GRAINS & DRY GOODS",horlicks,horlicks,20.0,2023-04,446139.94999999995,0.0
2023-04,"FLOUR, GRAINS & DRY GOODS",maida,Maida(Porotta 50kg),9020.0,2023-04,446139.94999999995,2.02
2023-04,"FLOUR, GRAINS & DRY GOODS",masoor dal,Masoor-Red,191.8,2023-04,446139.94999999995,0.04
2023-04,"FLOUR, GRAINS & DRY GOODS",rice,Ponni Rice,962.0,2023-04,446139.94999999995,0.22
2023-04,"FLOUR, GRAINS & DRY GOODS",rice,Rice-Nawab-26kg,296.0,2023-04,446139.94999999995,0.07
2023-04,"FLOUR, GRAINS & DRY GOODS",sugar,Sugar-Loose,15.200000000000003,2023-04,446139.94999999995,0.0
2023-04,"FLOUR, GRAINS & DRY GOODS",tea,Tea Loose,18.0,2023-04,446139.94999999995,0.0
2023-04,"FLOUR, GRAINS & DRY GOODS",vermicelli,Vermicelli Mix,90.0,2023-04,446139.94999999995,0.02
2023-04,FROZEN ITEMS,french fries,French Fries 6mm-Funwave 2.5 KG,6980.0,2023-04,446139.94999999995,1.56
2023-04,FROZEN ITEMS,french fries,French Fries 6mm-Funwave,5614.52,2023-04,446139.94999999995,1.26
2023-04,FROZEN ITEMS,french fries,French Fries 9mm-Funwave,0.0,2023-04,446139.94999999995,0.0
2023-04,FROZEN ITEMS,frozen sweet corn,Frozen Sweet Corn,912.5,2023-04,446139.94999999995,0.2
2023-04,FROZEN ITEMS,frozen sweet corn,Frozen Sweet Corn-Pal Fresh,-198.0,2023-04,446139.94999999995,-0.04
2023-04,FROZEN ITEMS,potato wedges,Mc Cain Potato Wedges 2.5kg,385.28,2023-04,446139.94999999995,0.09
2023-04,FROZEN ITEMS,potato wedges,Mc Cain Potato Wedges 2.5kg-Taha,357.2,2023-04,446139.94999999995,0.08
2023-04,FROZEN ITEMS,savoury wedges,Savoury Wedges 2.5 KG,470.0,2023-04,446139.94999999995,0.11
2023-04,FRUITS,apple,DVC Green Apple 750 ML,1221.3000000000002,2023-04,446139.94999999995,0.27
2023-04,FRUITS,banana,Berry Fresh Banana Pulp,0.0,2023-04,446139.94999999995,0.0
2023-04,FRUITS,black grapes,Black Grapes,22.5,2023-04,446139.94999999995,0.01
2023-04,FRUITS,cherry,Cherry,54.0,2023-04,446139.94999999995,0.01
2023-04,FRUITS,chicku pulp,Berry Fresh Chicku Pulp,504.0,2023-04,446139.94999999995,0.11
2023-04,FRUITS,pineapple,Pineapple slice-Tajir Habit-850g,220.5,2023-04,446139.94999999995,0.05
2023-04,FRUITS,tender coconut pulp,Berry Fresh Tender Coconut Pulp,490.0,2023-04,446139.94999999995,0.11
2023-04,KITCHEN EQUIPMENT & UTENSILS,tripod,Tripod,0.0,2023-04,446139.94999999995,0.0
2023-04,MASALA & SEASONINGS,bbq mix,BBQ Mix Masala,663.5999999999999,2023-04,446139.94999999995,0.15
2023-04,MASALA & SEASONINGS,bbq mix,BBQ Wings,223.44,2023-04,446139.94999999995,0.05
2023-04,MASALA & SEASONINGS,black pepper,Black pepper,43.2,2023-04,446139.94999999995,0.01
2023-04,MASALA & SEASONINGS,black pepper,Black Pepper,-54.0,2023-04,446139.94999999995,-0.01
2023-04,MASALA & SEASONINGS,chicken masala,Tandoori Chicken Masala-Bakers,144.0,2023-04,446139.94999999995,0.03
2023-04,MASALA & SEASONINGS,chicken masala,Chicken-Masala-Melam,110.2,2023-04,446139.94999999995,0.02
2023-04,MASALA & SEASONINGS,chicken masala,Chicken Masala,-27.0,2023-04,446139.94999999995,-0.01
2023-04,MASALA & SEASONINGS,chilli flakes,Chilli Flakes-Tasty Pixel-Veeba-Sachet-0.8g,848.31,2023-04,446139.94999999995,0.19
2023-04,MASALA & SEASONINGS,chilli flakes,Veeba Chilli Flakes Seasoning(8G),396.9,2023-04,446139.94999999995,0.09
2023-04,MASALA & SEASONINGS,chilli flakes,Chilli Flakes-Puramate-400grm,50.349999999999994,2023-04,446139.94999999995,0.01
2023-04,MASALA & SEASONINGS,chilli powder,Chilli Powder Loose,40.0,2023-04,446139.94999999995,0.01
2023-04,MASALA & SEASONINGS,coriander powder,Coriander Powder-loose,98.4,2023-04,446139.94999999995,0.02
2023-04,MASALA & SEASONINGS,herb mix,Herb Mix Masla,711.76,2023-04,446139.94999999995,0.16
2023-04,MASALA & SEASONINGS,herb mix,Chettinad Mix,0.0,2023-04,446139.94999999995,0.0
2023-04,MASALA & SEASONINGS,mexican masala,Mexican Masala,2140.3199999999997,2023-04,446139.94999999995,0.48
2023-04,MASALA & SEASONINGS,mixed herbs,Mixed Herb Loose,48.0,2023-04,446139.94999999995,0.01
2023-04,MASALA & SEASONINGS,oregano,Oregano Sprinkler 500g,1108.38,2023-04,446139.94999999995,0.25
2023-04,MASALA & SEASONINGS,oregano,OREGANO SACHET 0.8GM,1005.3999999999999,2023-04,446139.94999999995,0.23
2023-04,MASALA & SEASONINGS,piri piri marinade,Piri Piri Marinade 1KG,222.5,2023-04,446139.94999999995,0.05
2023-04,MASALA & SEASONINGS,salt,Salt Powder,42.5,2023-04,446139.94999999995,0.01
2023-04,MASALA & SEASONINGS,tandoori masala,Tandoori mix Masala,787.3599999999999,2023-04,446139.94999999995,0.18
2023-04,MASALA & SEASONINGS,turmeric powder,Turmeric Powder-loose,24.119999999999997,2023-04,446139.94999999995,0.01
2023-04,MEAT & POULTRY,boneless chicken,Boneless Chicken,777.0,2023-04,446139.94999999995,0.17
2023-04,MEAT & POULTRY,chicken kheema,chicken kheema-Adakkaputhur,498.0,2023-04,446139.94999999995,0.11
2023-04,MEAT & POULTRY,chicken kheema,Chicken Kheema  Masala,32.55,2023-04,446139.94999999995,0.01
2023-04,MEAT & POULTRY,chicken nuggets,Chicken Nuggets-Godrej-1kg,384.0,2023-04,446139.94999999995,0.09
2023-04,MEAT & POULTRY,chicken salami,Zippy Chicken Salami,343.72,2023-04,446139.94999999995,0.08
2023-04,MEAT & POULTRY,lamb pepperoni,Lamp Pepperoni,583.73,2023-04,446139.94999999995,0.13
2023-04,MEAT & POULTRY,staff chicken,Chicken-Whole-Staff,741.99,2023-04,446139.94999999995,0.17
2023-04,MEAT & POULTRY,whole chicken,Bornless Chicken- Adakkaputhur,16865.379999999997,2023-04,446139.94999999995,3.78
2023-04,OILS,mustard oil,Mustard-Oil,126.0,2023-04,446139.94999999995,0.03
2023-04,OILS,mustard oil,Mustard Oil,-40.0,2023-04,446139.94999999995,-0.01
2023-04,OILS,palm oil,Palm Oil - Refined Oil,3084.0,2023-04,446139.94999999995,0.69
2023-04,PACKAGING MATERIALS,bio bag,Bio-Bag-16x20-50,46.0,2023-04,446139.94999999995,0.01
2023-04,PACKAGING MATERIALS,bio bag,Bio-Bag-10x14-140,-2.759999999999991,2023-04,446139.94999999995,-0.0
2023-04,PACKAGING MATERIALS,bio bag,Bio-Bag-13x16-90,-13.800000000000011,2023-04,446139.94999999995,-0.0
2023-04,PACKAGING MATERIALS,bio bag,Bio-Bag-20x26-35,-13.569999999999993,2023-04,446139.94999999995,-0.0
2023-04,PACKAGING MATERIALS,burger box,Mini Burger Box,260.54999999999995,2023-04,446139.94999999995,0.06
2023-04,PACKAGING MATERIALS,butter paper,butter papper,87.5,2023-04,446139.94999999995,0.02
2023-04,PACKAGING MATERIALS,french fries box,French Fries Box,-100.20000000000005,2023-04,446139.94999999995,-0.02
2023-04,PACKAGING MATERIALS,garlic bread box,Garlic Bread Box,70.32,2023-04,446139.94999999995,0.02
2023-04,PACKAGING MATERIALS,large pizza box,Large Pizza Box,1298.0,2023-04,446139.94999999995,0.29
2023-04,PACKAGING MATERIALS,medium pizza box,Medium Pizza Box,3149.5600000000004,2023-04,446139.94999999995,0.71
2023-04,PACKAGING MATERIALS,paper bag,Papper carry bag medium,585.0,2023-04,446139.94999999995,0.13
2023-04,PACKAGING MATERIALS,paper bag,Papper carry bag large,195.5,2023-04,446139.94999999995,0.04
2023-04,PACKAGING MATERIALS,paper glass,Moktails Glass,707.8400000000001,2023-04,446139.94999999995,0.16
2023-04,PACKAGING MATERIALS,paper glass,Paper Glass,456.2,2023-04,446139.94999999995,0.1
2023-04,PACKAGING MATERIALS,paper plate,Paper Plates,15.0,2023-04,446139.94999999995,0.0
2023-04,PACKAGING MATERIALS,paper straw,Paper Straw,70.0,2023-04,446139.94999999995,0.02
2023-04,PACKAGING MATERIALS,paper straw,Paper Straw Small,38.5,2023-04,446139.94999999995,0.01
2023-04,PACKAGING MATERIALS,paper straw,Paper Straw Big,-6.75,2023-04,446139.94999999995,-0.0
2023-04,PACKAGING MATERIALS,pasta container,Pasta Container Black,829.84,2023-04,446139.94999999995,0.19
2023-04,PACKAGING MATERIALS,plastic cover,plastic cover-HM- 5kg,85.0,2023-04,446139.94999999995,0.02
2023-04,PACKAGING MATERIALS,plastic cover,plastic Cover-1kg,0.0,2023-04,446139.94999999995,0.0
2023-04,PACKAGING MATERIALS,plastic cover,plastic cover 5kg,-80.0,2023-04,446139.94999999995,-0.02
2023-04,PACKAGING MATERIALS,regular pizza box,Regular Pizza Box,4941.9,2023-04,446139.94999999995,1.11
2023-04,PACKAGING MATERIALS,salad bowl,Salad Bowl 250ml,247.38000000000005,2023-04,446139.94999999995,0.06
2023-04,PACKAGING MATERIALS,salad bowl,Salad Bowl 500ml,-72.60000000000002,2023-04,446139.94999999995,-0.02
2023-04,PACKAGING MATERIALS,salad bowl,Dip Bowl,-336.3,2023-04,446139.94999999995,-0.08
2023-04,PACKAGING MATERIALS,tissue,Tissue-Energy-Big,477.0,2023-04,446139.94999999995,0.11
2023-04,PACKAGING MATERIALS,wooden spoon,Wooden Spoon-110mm,85.02000000000001,2023-04,446139.94999999995,0.02
2023-04,PACKAGING MATERIALS,wooden spoon,Wooden Spoon-160mm,68.75,2023-04,446139.94999999995,0.02
2023-04,SAUCES & SPREADS,chocolate sauce,Malas Chocolate Sauce 5 ltr,254.4000000000001,2023-04,446139.94999999995,0.06
2023-04,SAUCES & SPREADS,eggless mayonnaise,Veeba Eggless Mayonise Chef 1KG,3220.0,2023-04,446139.94999999995,0.72
2023-04,SAUCES & SPREADS,eggless mayonnaise,egg,138.0,2023-04,446139.94999999995,0.03
2023-04,SAUCES & SPREADS,garlic chilli spread,Garlic Chilli Spread,745.2,2023-04,446139.94999999995,0.17
2023-04,SAUCES & SPREADS,gouda flavoured dressing,Veeba Gouda Flavoured Dressing,215.03999999999996,2023-04,446139.94999999995,0.05
2023-04,SAUCES & SPREADS,ketchup sachet,Veeba Ketchup Sachet,1510.2199999999998,2023-04,446139.94999999995,0.34
2023-04,SAUCES & SPREADS,makhani gravy,Veeba Makhani Gravy 1KG,1263.3600000000001,2023-04,446139.94999999995,0.28
2023-04,SAUCES & SPREADS,pizza sauce,Veeba Pasta & Pizza Sauce 1KG,5510.0,2023-04,446139.94999999995,1.24
2023-04,SAUCES & SPREADS,pizza sauce,Pizza sauce premix,123.89999999999998,2023-04,446139.94999999995,0.03
2023-04,SAUCES & SPREADS,tandoori spread,Veeba Tandoori Spread-1kg,303.79999999999995,2023-04,446139.94999999995,0.07
2023-04,SAUCES & SPREADS,tomato ketchup,Veeba T. Ketchup 1.2KG,1785.0,2023-04,446139.94999999995,0.4
2023-04,STATIONERY & MISC,insulation tape,Insulation Tape,24.0,2023-04,446139.94999999995,0.01
2023-04,STATIONERY & MISC,pen,TAJIR JALAPENO SLICES 2.5 KG,2565.0,2023-04,446139.94999999995,0.57
2023-04,STATIONERY & MISC,pen,Puramate Pasta-Penne Rigatte 500g,1020.0,2023-04,446139.94999999995,0.23
2023-04,STATIONERY & MISC,pen,Reitzel-Jalapeno Slice-2.9kg,-1788.0,2023-04,446139.94999999995,-0.4
2023-04,STATIONERY & MISC,tape,cello tape,-225.0,2023-04,446139.94999999995,-0.05
2023-04,UNMAPPED,UNMAPPED,Vegitables,13648.0,2023-04,446139.94999999995,3.06
2023-04,UNMAPPED,UNMAPPED,Lion Honey 1kg,676.2,2023-04,446139.94999999995,0.15
2023-04,UNMAPPED,UNMAPPED,Neo-Black Sliced Olives-3kg,626.0799999999999,2023-04,446139.94999999995,0.14
2023-04,UNMAPPED,UNMAPPED,Egg-5.5,555.5,2023-04,446139.94999999995,0.12
2023-04,UNMAPPED,UNMAPPED,Neo Red Paprika 3Kg,434.56000000000006,2023-04,446139.94999999995,0.1
2023-04,UNMAPPED,UNMAPPED,KOT Printing Rolls,364.0,2023-04,446139.94999999995,0.08
2023-04,UNMAPPED,UNMAPPED,Sumeru Nuggets Premium 1Kg,357.5000000000001,2023-04,446139.94999999995,0.08
2023-04,UNMAPPED,UNMAPPED,Micro 16x20,294.0,2023-04,446139.94999999995,0.07
2023-04,UNMAPPED,UNMAPPED,Brocoli,260.0,2023-04,446139.94999999995,0.06
2023-04,UNMAPPED,UNMAPPED,Brocoli-isha Vegitable,280.0,2023-04,446139.94999999995,0.06
2023-04,UNMAPPED,UNMAPPED,Micro 20x26,233.34,2023-04,446139.94999999995,0.05
2023-04,UNMAPPED,UNMAPPED,Veeba Barbequesauce 1KG,232.39999999999998,2023-04,446139.94999999995,0.05
2023-04,UNMAPPED,UNMAPPED,Cashew nut,112.5,2023-04,446139.94999999995,0.03
2023-04,UNMAPPED,UNMAPPED,Micro 26x30,150.0,2023-04,446139.94999999995,0.03
2023-04,UNMAPPED,UNMAPPED,Puramate Pasta-Gomiti Rigate 500g,136.0,2023-04,446139.94999999995,0.03
2023-04,UNMAPPED,UNMAPPED,Agarbathi,70.0,2023-04,446139.94999999995,0.02
2023-04,UNMAPPED,UNMAPPED,Hersheys Cocoa-70grm,70.72,2023-04,446139.94999999995,0.02
2023-04,UNMAPPED,UNMAPPED,Hersheys Syrup-200grm,70.5,2023-04,446139.94999999995,0.02
2023-04,UNMAPPED,UNMAPPED,Ice cube,90.0,2023-04,446139.94999999995,0.02
2023-04,UNMAPPED,UNMAPPED,Jumbo Cover-Blue,82.5,2023-04,446139.94999999995,0.02
2023-04,UNMAPPED,UNMAPPED,Puramate Pasta-Gomiti Rigate - macroni - 500g,68.0,2023-04,446139.94999999995,0.02
2023-04,UNMAPPED,UNMAPPED,Parsely-Veg,42.4,2023-04,446139.94999999995,0.01
2023-04,UNMAPPED,UNMAPPED,egg-6.50,39.0,2023-04,446139.94999999995,0.01
2023-04,UNMAPPED,UNMAPPED,Mango Crush Sauce 750ml Malas,0.0,2023-04,446139.94999999995,0.0
2023-04,UNMAPPED,UNMAPPED,Vineger,0.0,2023-04,446139.94999999995,0.0
2023-04,UNMAPPED,UNMAPPED,badam,16.0,2023-04,446139.94999999995,0.0
2023-04,UNMAPPED,UNMAPPED,lighter,10.0,2023-04,446139.94999999995,0.0
2023-04,UNMAPPED,UNMAPPED,Micro 13x16,-84.0,2023-04,446139.94999999995,-0.02
2023-04,UNMAPPED,UNMAPPED,Micro 27x30,-112.5,2023-04,446139.94999999995,-0.03
2023-04,UTILITIES & EXPENSES,lpg gas,Gas-LPG-HPCL,16560.0,2023-04,446139.94999999995,3.71
2023-04,VEGETABLES,baby corn,Baby Corn Whole-Fresh-Isha Vegitables,1900.0,2023-04,446139.94999999995,0.43
2023-04,VEGETABLES,baby corn,Baby Corn Tasty 450G,390.0,2023-04,446139.94999999995,0.09
2023-04,VEGETABLES,baby corn,Baby Corn Whole-Fresh,304.0,2023-04,446139.94999999995,0.07
2023-04,VEGETABLES,baby corn,Baby Corn Whole-800GM-Tajir Habit,224.0,2023-04,446139.94999999995,0.05
2023-04,VEGETABLES,baby corn,Baby Corn Whole-450GM-Golden Crown,-390.0,2023-04,446139.94999999995,-0.09
2023-04,VEGETABLES,capsicum,Red yellow capsicum-isha Vegitable,505.0,2023-04,446139.94999999995,0.11
2023-04,VEGETABLES,fresh basil,Basil-fresh,68.0,2023-04,446139.94999999995,0.02
2023-04,VEGETABLES,fresh basil,Puramate Basil 250g Pouch,23.39999999999999,2023-04,446139.94999999995,0.01
2023-04,VEGETABLES,mint,DVC Mint Flavoured Syrup 750 ml,-838.8200000000002,2023-04,446139.94999999995,-0.19
2023-04,VEGETABLES,mushroom,G.Crown Mushroom Slice 800g,4410.0,2023-04,446139.94999999995,0.99
2023-03,BAKERY & PREMIX,bread premix,Bread Premix,378.0,2023-03,384028.94999999995,0.1
2023-03,BAKERY & PREMIX,bread premix,bred premix,113.4,2023-03,384028.94999999995,0.03
2023-03,BAKERY & PREMIX,brownie,Brownie,1613.1999999999998,2023-03,384028.94999999995,0.42
2023-03,BAKERY & PREMIX,pizza premix,Pizza Premix,2764.13,2023-03,384028.94999999995,0.72
2023-03,BEVERAGES,7up,7UP 1250ml Pet,2838.08,2023-03,384028.94999999995,0.74
2023-03,BEVERAGES,7up,7UP 750ml Pet,1272.0400000000002,2023-03,384028.94999999995,0.33
2023-03,BEVERAGES,7up,7up 250ml Pet,595.0,2023-03,384028.94999999995,0.15
2023-03,BEVERAGES,7up,7up 250ml Can,528.0,2023-03,384028.94999999995,0.14
2023-03,BEVERAGES,aqua fina,Aqua Fina Mineral Water 1Ltr,335.98,2023-03,384028.94999999995,0.09
2023-03,BEVERAGES,blue occean syrup,DVC BLUE OCCEAN FLV SYRUP 750ML,736.5999999999999,2023-03,384028.94999999995,0.19
2023-03,BEVERAGES,dew,Dew 750ml Pet,1031.38,2023-03,384028.94999999995,0.27
2023-03,BEVERAGES,dew,Dew 250ml Pet,717.5,2023-03,384028.94999999995,0.19
2023-03,BEVERAGES,dew,Dew 250ml Can,330.0,2023-03,384028.94999999995,0.09
2023-03,BEVERAGES,lehar soda,Lehar Soda,543.1800000000001,2023-03,384028.94999999995,0.14
2023-03,BEVERAGES,mirinda,Mirinda 750ml pet,412.55999999999995,2023-03,384028.94999999995,0.11
2023-03,BEVERAGES,mirinda,Mirinda 250ml pet,175.0,2023-03,384028.94999999995,0.05
2023-03,BEVERAGES,mojito mint,DVC MOJITO MINT 750ML,2792.2,2023-03,384028.94999999995,0.73
2023-03,BEVERAGES,passion fruit syrup,DVC PASSION FRUIT FLV SYRUP 750ML,635.0799999999999,2023-03,384028.94999999995,0.17
2023-03,BEVERAGES,pepsi,Pepsi 750ml Pet,1925.25,2023-03,384028.94999999995,0.5
2023-03,BEVERAGES,pepsi,Pepsi 1250ml Pet,1390.08,2023-03,384028.94999999995,0.36
2023-03,BEVERAGES,pepsi,Pepsi 250ml Pet,1382.5,2023-03,384028.94999999995,0.36
2023-03,BEVERAGES,pepsi,Pepsi 250ml Can,720.0,2023-03,384028.94999999995,0.19
2023-03,BEVERAGES,slice mango,Slice Mango 250ml pet,777.4800000000001,2023-03,384028.94999999995,0.2
2023-03,BEVERAGES,slice mango,Slice Mango 600ml pet,137.51999999999998,2023-03,384028.94999999995,0.04
2023-03,BEVERAGES,strawberry syrup,Strawberry sause 750,0.0,2023-03,384028.94999999995,0.0
2023-03,CHEESE & DAIRY,butter,butter,1140.0,2023-03,384028.94999999995,0.3
2023-03,CHEESE & DAIRY,butter,Butter Scotch Ice-cream,386.5,2023-03,384028.94999999995,0.1
2023-03,CHEESE & DAIRY,butter,Paneer Tikka Butter Masala,310.79999999999984,2023-03,384028.94999999995,0.08
2023-03,CHEESE & DAIRY,butter,Butter Scotch Sauce 750ml,55.13,2023-03,384028.94999999995,0.01
2023-03,CHEESE & DAIRY,cheddar cheese,GO Orange Cheddar Cheese 2kg,339.9,2023-03,384028.94999999995,0.09
2023-03,CHEESE & DAIRY,curd,Curd-Sheethal-400g,224.0,2023-03,384028.94999999995,0.06
2023-03,CHEESE & DAIRY,fresh cream,Vanilla Ice-cream,1285.82,2023-03,384028.94999999995,0.33
2023-03,CHEESE & DAIRY,fresh cream,Flexi Cream Gold,973.4999999999998,2023-03,384028.94999999995,0.25
2023-03,CHEESE & DAIRY,fresh cream,Chocolate Ice-cream,315.0,2023-03,384028.94999999995,0.08
2023-03,CHEESE & DAIRY,fresh cream,Strawberry-Ice cream,22.819999999999993,2023-03,384028.94999999995,0.01
2023-03,CHEESE & DAIRY,milk,Milkymist Cheese BLock 1KG,2200.0,2023-03,384028.94999999995,0.57
2023-03,CHEESE & DAIRY,milk,Milk-Sheethal-450ml,1638.0,2023-03,384028.94999999995,0.43
2023-03,CHEESE & DAIRY,milk,milk-Milma-525ml,420.0,2023-03,384028.94999999995,0.11
2023-03,CHEESE & DAIRY,milk,Milk-Milma,182.0,2023-03,384028.94999999995,0.05
2023-03,CHEESE & DAIRY,milk,Mittai-Milk-Amul,62.0,2023-03,384028.94999999995,0.02
2023-03,CHEESE & DAIRY,monterey jack,GO-Monterey Jack Cheese-2kg,0.0,2023-03,384028.94999999995,0.0
2023-03,CHEESE & DAIRY,mozzarella,AMUL Mozzarella Diced 1Kg,32144.239999999998,2023-03,384028.94999999995,8.37
2023-03,CHEESE & DAIRY,paneer,Paneer,945.0,2023-03,384028.94999999995,0.25
2023-03,CHEESE & DAIRY,processed cheese,Processed cheese block,-1100.0,2023-03,384028.94999999995,-0.29
2023-03,CLEANING SUPPLIES,brush,Brush,60.0,2023-03,384028.94999999995,0.02
2023-03,CLEANING SUPPLIES,dishwash cake,Exo Dishwash cake,28.8,2023-03,384028.94999999995,0.01
2023-03,CLEANING SUPPLIES,mop,Mop stick,22.0,2023-03,384028.94999999995,0.01
2023-03,CLEANING SUPPLIES,soap powder,Soap Powder-500g,35.0,2023-03,384028.94999999995,0.01
2023-03,"FLOUR, GRAINS & DRY GOODS",atta,Atta Loose,1081.3,2023-03,384028.94999999995,0.28
2023-03,"FLOUR, GRAINS & DRY GOODS",corn meal,Corn Meal - Chola Rava,80.0,2023-03,384028.94999999995,0.02
2023-03,"FLOUR, GRAINS & DRY GOODS",corn meal,Corn Meal - MAKKA RAVA,81.0,2023-03,384028.94999999995,0.02
2023-03,"FLOUR, GRAINS & DRY GOODS",corn meal,super Meal,20.0,2023-03,384028.94999999995,0.01
2023-03,"FLOUR, GRAINS & DRY GOODS",dry yeast,Dried Yeast,-236.3900000000001,2023-03,384028.94999999995,-0.06
2023-03,"FLOUR, GRAINS & DRY GOODS",horlicks,horlicks,30.0,2023-03,384028.94999999995,0.01
2023-03,"FLOUR, GRAINS & DRY GOODS",maida,Maida(Porotta 50kg),8610.0,2023-03,384028.94999999995,2.24
2023-03,"FLOUR, GRAINS & DRY GOODS",masoor dal,Masoor-Red,348.2,2023-03,384028.94999999995,0.09
2023-03,"FLOUR, GRAINS & DRY GOODS",rice,Rice-Nawab-26kg,296.0,2023-03,384028.94999999995,0.08
2023-03,"FLOUR, GRAINS & DRY GOODS",sugar,Sugar-Loose,64.6,2023-03,384028.94999999995,0.02
2023-03,"FLOUR, GRAINS & DRY GOODS",tea,Tea Loose,27.0,2023-03,384028.94999999995,0.01
2023-03,"FLOUR, GRAINS & DRY GOODS",vermicelli,Vermicelli Mix,30.0,2023-03,384028.94999999995,0.01
2023-03,FROZEN ITEMS,french fries,French Fries 9mm-Funwave,4033.12,2023-03,384028.94999999995,1.05
2023-03,FROZEN ITEMS,french fries,French Fries 6mm-Funwave,2999.8499999999985,2023-03,384028.94999999995,0.78
2023-03,FROZEN ITEMS,frozen sweet corn,Frozen Sweet Corn-Pal Fresh,495.0,2023-03,384028.94999999995,0.13
2023-03,FROZEN ITEMS,frozen sweet corn,Frozen Sweet Corn,25.0,2023-03,384028.94999999995,0.01
2023-03,FROZEN ITEMS,potato wedges,Mc Cain Potato Wedges 2.5kg,847.6200000000001,2023-03,384028.94999999995,0.22
2023-03,FRUITS,apple,DVC Green Apple 750 ML,1402.5199999999998,2023-03,384028.94999999995,0.37
2023-03,FRUITS,banana,Berry Fresh Banana Pulp,0.0,2023-03,384028.94999999995,0.0
2023-03,FRUITS,black grapes,Black Grapes,40.0,2023-03,384028.94999999995,0.01
2023-03,FRUITS,cherry,Cherry,71.0,2023-03,384028.94999999995,0.02
2023-03,FRUITS,chicku pulp,Berry Fresh Chicku Pulp,342.0,2023-03,384028.94999999995,0.09
2023-03,FRUITS,pineapple,Pineapple slice-Tajir Habit-500g,220.5,2023-03,384028.94999999995,0.06
2023-03,FRUITS,pineapple,Pineapple-Veg,108.0,2023-03,384028.94999999995,0.03
2023-03,FRUITS,red apple,Red Apple,96.0,2023-03,384028.94999999995,0.02
2023-03,FRUITS,tender coconut pulp,Berry Fresh Tender Coconut Pulp,350.0,2023-03,384028.94999999995,0.09
2023-03,KITCHEN EQUIPMENT & UTENSILS,steel fork,steel Scrube,15.0,2023-03,384028.94999999995,0.0
2023-03,KITCHEN EQUIPMENT & UTENSILS,tripod,Tripod,-666.0,2023-03,384028.94999999995,-0.17
2023-03,MASALA & SEASONINGS,bbq mix,BBQ Wings,983.1399999999999,2023-03,384028.94999999995,0.26
2023-03,MASALA & SEASONINGS,bbq mix,BBQ Mix Masala,530.8799999999999,2023-03,384028.94999999995,0.14
2023-03,MASALA & SEASONINGS,black pepper,Black pepper,64.8,2023-03,384028.94999999995,0.02
2023-03,MASALA & SEASONINGS,chicken masala,Tandoori Chicken Masala-Bakers,145.0,2023-03,384028.94999999995,0.04
2023-03,MASALA & SEASONINGS,chicken masala,Chicken Masala,26.0,2023-03,384028.94999999995,0.01
2023-03,MASALA & SEASONINGS,chicken masala,Chicken-Masala-Melam,34.8,2023-03,384028.94999999995,0.01
2023-03,MASALA & SEASONINGS,chilli flakes,Chilli Flakes,110.0,2023-03,384028.94999999995,0.03
2023-03,MASALA & SEASONINGS,chilli flakes,Chilli Flakes-Puramate-400grm,-86.31,2023-03,384028.94999999995,-0.02
2023-03,MASALA & SEASONINGS,chilli flakes,Chilli Flakes-Tasty Pixel-Veeba-Sachet-0.8g,-435.0000000000001,2023-03,384028.94999999995,-0.11
2023-03,MASALA & SEASONINGS,chilli powder,Chilly Powder 1kg-Eastern,198.01,2023-03,384028.94999999995,0.05
2023-03,MASALA & SEASONINGS,chilli powder,Chilli Powder Loose,-60.0,2023-03,384028.94999999995,-0.02
2023-03,MASALA & SEASONINGS,chilly flakes,CHILLY FLAKES SACHET 0.8GM,1455.67,2023-03,384028.94999999995,0.38
2023-03,MASALA & SEASONINGS,chilly flakes,Green Chilly-Veg,148.0,2023-03,384028.94999999995,0.04
2023-03,MASALA & SEASONINGS,chilly flakes,Whole Chilly,26.0,2023-03,384028.94999999995,0.01
2023-03,MASALA & SEASONINGS,coriander powder,Coriander Powder-loose,159.8,2023-03,384028.94999999995,0.04
2023-03,MASALA & SEASONINGS,herb mix,Herb Mix Masla,702.2399999999998,2023-03,384028.94999999995,0.18
2023-03,MASALA & SEASONINGS,herb mix,Chettinad Mix,32.55000000000001,2023-03,384028.94999999995,0.01
2023-03,MASALA & SEASONINGS,mexican masala,Mexican Masala,1929.1999999999998,2023-03,384028.94999999995,0.5
2023-03,MASALA & SEASONINGS,mixed herbs,Mixed Herb Loose,192.0,2023-03,384028.94999999995,0.05
2023-03,MASALA & SEASONINGS,mutton masala,Mutton Masala,45.0,2023-03,384028.94999999995,0.01
2023-03,MASALA & SEASONINGS,oregano,OREGANO SACHET 0.8GM,975.3400000000001,2023-03,384028.94999999995,0.25
2023-03,MASALA & SEASONINGS,oregano,Oregano Sprinkler 500g,669.9000000000001,2023-03,384028.94999999995,0.17
2023-03,MASALA & SEASONINGS,piri piri marinade,Piri Piri Marinade 1KG,89.0,2023-03,384028.94999999995,0.02
2023-03,MASALA & SEASONINGS,salt,Salt Powder,27.0,2023-03,384028.94999999995,0.01
2023-03,MASALA & SEASONINGS,salt,Salt-sprinkle-powder,12.0,2023-03,384028.94999999995,0.0
2023-03,MASALA & SEASONINGS,tandoori masala,Tandoori mix Masala,610.96,2023-03,384028.94999999995,0.16
2023-03,MASALA & SEASONINGS,turmeric powder,Turmeric Powder,35.0,2023-03,384028.94999999995,0.01
2023-03,MASALA & SEASONINGS,turmeric powder,Turmeric Powder-loose,24.0,2023-03,384028.94999999995,0.01
2023-03,MEAT & POULTRY,chicken kheema,chicken kheema-Adakkaputhur,274.0,2023-03,384028.94999999995,0.07
2023-03,MEAT & POULTRY,chicken kheema,Chicken Kheema  Masala,162.75,2023-03,384028.94999999995,0.04
2023-03,MEAT & POULTRY,chicken kheema,Chicken Kheema,51.8,2023-03,384028.94999999995,0.01
2023-03,MEAT & POULTRY,chicken kheema,Chicken Kheema  Masala,-32.55,2023-03,384028.94999999995,-0.01
2023-03,MEAT & POULTRY,chicken nuggets,Chicken Nuggets-Godrej-1kg,480.0,2023-03,384028.94999999995,0.12
2023-03,MEAT & POULTRY,chicken salami,Zippy Chicken Salami,437.48,2023-03,384028.94999999995,0.11
2023-03,MEAT & POULTRY,lamb pepperoni,Lamp Pepperoni,517.83,2023-03,384028.94999999995,0.13
2023-03,MEAT & POULTRY,staff chicken,Chicken-Whole-Staff,1199.02,2023-03,384028.94999999995,0.31
2023-03,MEAT & POULTRY,whole chicken,Bornless Chicken- Adakkaputhur,13470.99,2023-03,384028.94999999995,3.51
2023-03,OILS,mustard oil,Mustard-Oil,147.0,2023-03,384028.94999999995,0.04
2023-03,OILS,palm oil,Palm Oil - Refined Oil,5008.0,2023-03,384028.94999999995,1.3
2023-03,PACKAGING MATERIALS,bio bag,Bio-Bag-16x20-50,184.0,2023-03,384028.94999999995,0.05
2023-03,PACKAGING MATERIALS,bio bag,Bio-Bag-10x14-140,46.0,2023-03,384028.94999999995,0.01
2023-03,PACKAGING MATERIALS,bio bag,Bio-Bag-13x16-90,34.5,2023-03,384028.94999999995,0.01
2023-03,PACKAGING MATERIALS,bio bag,Bio-Bag-20x26-35,57.5,2023-03,384028.94999999995,0.01
2023-03,PACKAGING MATERIALS,burger box,Mini Burger Box,-493.95,2023-03,384028.94999999995,-0.13
2023-03,PACKAGING MATERIALS,butter paper,butter papper,385.0,2023-03,384028.94999999995,0.1
2023-03,PACKAGING MATERIALS,catering cap,Catering Cap,80.0,2023-03,384028.94999999995,0.02
2023-03,PACKAGING MATERIALS,cling flim,Cling Flim,130.0,2023-03,384028.94999999995,0.03
2023-03,PACKAGING MATERIALS,french fries box,French Fries Box,264.02,2023-03,384028.94999999995,0.07
2023-03,PACKAGING MATERIALS,garlic bread box,Garlic Bread Box,3023.76,2023-03,384028.94999999995,0.79
2023-03,PACKAGING MATERIALS,large pizza box,Large Pizza Box,221.25,2023-03,384028.94999999995,0.06
2023-03,PACKAGING MATERIALS,medium pizza box,Medium Pizza Box,3249.37,2023-03,384028.94999999995,0.85
2023-03,PACKAGING MATERIALS,paper bag,Papper carry bag small,1152.0,2023-03,384028.94999999995,0.3
2023-03,PACKAGING MATERIALS,paper bag,Papper carry bag medium,495.0,2023-03,384028.94999999995,0.13
2023-03,PACKAGING MATERIALS,paper bag,Papper carry bag large,92.0,2023-03,384028.94999999995,0.02
2023-03,PACKAGING MATERIALS,paper glass,Moktails Glass,1326.0800000000002,2023-03,384028.94999999995,0.35
2023-03,PACKAGING MATERIALS,paper glass,Shake Glass,680.0,2023-03,384028.94999999995,0.18
2023-03,PACKAGING MATERIALS,paper glass,Paper Glass,296.4,2023-03,384028.94999999995,0.08
2023-03,PACKAGING MATERIALS,paper plate,Paper Plates,9.0,2023-03,384028.94999999995,0.0
2023-03,PACKAGING MATERIALS,paper straw,Paper Straw,75.6,2023-03,384028.94999999995,0.02
2023-03,PACKAGING MATERIALS,paper straw,Paper Straw Big,6.75,2023-03,384028.94999999995,0.0
2023-03,PACKAGING MATERIALS,paper straw,Paper Straw Small,-3.5,2023-03,384028.94999999995,-0.0
2023-03,PACKAGING MATERIALS,pasta container,Pasta Container Black,-658.46,2023-03,384028.94999999995,-0.17
2023-03,PACKAGING MATERIALS,plastic cover,plastic cover 5kg,128.0,2023-03,384028.94999999995,0.03
2023-03,PACKAGING MATERIALS,plastic cover,plastic Cover-1kg,80.0,2023-03,384028.94999999995,0.02
2023-03,PACKAGING MATERIALS,plastic cover,plastic cover-HM- 5kg,-85.0,2023-03,384028.94999999995,-0.02
2023-03,PACKAGING MATERIALS,regular pizza box,Regular Pizza Box,3693.419999999999,2023-03,384028.94999999995,0.96
2023-03,PACKAGING MATERIALS,salad bowl,Salad Bowl 500ml,464.64,2023-03,384028.94999999995,0.12
2023-03,PACKAGING MATERIALS,salad bowl,Dip Bowl,-135.7,2023-03,384028.94999999995,-0.04
2023-03,PACKAGING MATERIALS,salad bowl,Salad Bowl 250ml,-418.19000000000005,2023-03,384028.94999999995,-0.11
2023-03,PACKAGING MATERIALS,tissue,Tissue-Energy-Big,378.0,2023-03,384028.94999999995,0.1
2023-03,PACKAGING MATERIALS,wooden spoon,Soda Spoon,180.0,2023-03,384028.94999999995,0.05
2023-03,PACKAGING MATERIALS,wooden spoon,Wooden Spoon-110mm,97.56,2023-03,384028.94999999995,0.03
2023-03,PACKAGING MATERIALS,wooden spoon,Wooden Spoon-160mm,81.73,2023-03,384028.94999999995,0.02
2023-03,SAUCES & SPREADS,chocolate sauce,Malas Chocolate Sauce 5 ltr,190.80999999999995,2023-03,384028.94999999995,0.05
2023-03,SAUCES & SPREADS,eggless mayonnaise,Veeba Eggless Mayonise Chef 1KG,2100.0,2023-03,384028.94999999995,0.55
2023-03,SAUCES & SPREADS,eggless mayonnaise,egg,118.5,2023-03,384028.94999999995,0.03
2023-03,SAUCES & SPREADS,garlic chilli spread,Garlic Chilli Spread,113.39999999999986,2023-03,384028.94999999995,0.03
2023-03,SAUCES & SPREADS,gouda flavoured dressing,Veeba Gouda Flavoured Dressing,2131.08,2023-03,384028.94999999995,0.55
2023-03,SAUCES & SPREADS,honey mustard dressing,Honey,276.0,2023-03,384028.94999999995,0.07
2023-03,SAUCES & SPREADS,ketchup sachet,Veeba Ketchup Sachet,1355.83,2023-03,384028.94999999995,0.35
2023-03,SAUCES & SPREADS,makhani gravy,Veeba Makhani Gravy 1KG,421.12,2023-03,384028.94999999995,0.11
2023-03,SAUCES & SPREADS,pizza sauce,Veeba Pasta & Pizza Sauce 1KG,1970.0,2023-03,384028.94999999995,0.51
2023-03,SAUCES & SPREADS,pizza sauce,Pizza sauce premix,898.28,2023-03,384028.94999999995,0.23
2023-03,SAUCES & SPREADS,tandoori spread,Veeba Tandoori Spread-1kg,455.70000000000005,2023-03,384028.94999999995,0.12
2023-03,SAUCES & SPREADS,tomato ketchup,Veeba T. Ketchup 1.2KG,367.5,2023-03,384028.94999999995,0.1
2023-03,STATIONERY & MISC,battery,Battery Small,12.0,2023-03,384028.94999999995,0.0
2023-03,STATIONERY & MISC,cash voucher book,Cash Voucher Book,111.0,2023-03,384028.94999999995,0.03
2023-03,STATIONERY & MISC,note book,Note Book small,25.0,2023-03,384028.94999999995,0.01
2023-03,STATIONERY & MISC,pen,Reitzel-Jalapeno Slice-2.9kg,3576.0,2023-03,384028.94999999995,0.93
2023-03,STATIONERY & MISC,pen,Puramate Pasta-Penne Rigatte 500g,571.2,2023-03,384028.94999999995,0.15
2023-03,STATIONERY & MISC,pen,pen,20.0,2023-03,384028.94999999995,0.01
2023-03,STATIONERY & MISC,pen,TAJIR JALAPENO SLICES 2.5 KG,-2565.0,2023-03,384028.94999999995,-0.67
2023-03,UNMAPPED,UNMAPPED,Capcicum-Veg,1092.05,2023-03,384028.94999999995,0.28
2023-03,UNMAPPED,UNMAPPED,Egg-5.5,770.0,2023-03,384028.94999999995,0.2
2023-03,UNMAPPED,UNMAPPED,Brocoli-isha Vegitable,714.0,2023-03,384028.94999999995,0.19
2023-03,UNMAPPED,UNMAPPED,Neo-Black Sliced Olives-3kg,626.0800000000002,2023-03,384028.94999999995,0.16
2023-03,UNMAPPED,UNMAPPED,Micro 16x20,462.0,2023-03,384028.94999999995,0.12
2023-03,UNMAPPED,UNMAPPED,Cashew nut,305.0,2023-03,384028.94999999995,0.08
2023-03,UNMAPPED,UNMAPPED,Neo Red Paprika 3Kg,315.4599999999998,2023-03,384028.94999999995,0.08
2023-03,UNMAPPED,UNMAPPED,Micro 13x16,262.5,2023-03,384028.94999999995,0.07
2023-03,UNMAPPED,UNMAPPED,Micro 20x26,200.66,2023-03,384028.94999999995,0.05
2023-03,UNMAPPED,UNMAPPED,Cauli Flower-veg,158.0,2023-03,384028.94999999995,0.04
2023-03,UNMAPPED,UNMAPPED,Padlock,145.0,2023-03,384028.94999999995,0.04
2023-03,UNMAPPED,UNMAPPED,Puramate Pasta-Gomiti Rigate - macroni - 500g,136.0,2023-03,384028.94999999995,0.04
2023-03,UNMAPPED,UNMAPPED,Candyman Fantastick,99.0,2023-03,384028.94999999995,0.03
2023-03,UNMAPPED,UNMAPPED,Ice cube,105.0,2023-03,384028.94999999995,0.03
2023-03,UNMAPPED,UNMAPPED,Parsely- Isha Vegitable,116.5,2023-03,384028.94999999995,0.03
2023-03,UNMAPPED,UNMAPPED,Veeba Barbequesauce 1KG,99.60000000000002,2023-03,384028.94999999995,0.03
2023-03,UNMAPPED,UNMAPPED,badam,104.0,2023-03,384028.94999999995,0.03
2023-03,UNMAPPED,UNMAPPED,Jumbo Cover-Blue,72.5,2023-03,384028.94999999995,0.02
2023-03,UNMAPPED,UNMAPPED,Towel,60.0,2023-03,384028.94999999995,0.02
2023-03,UNMAPPED,UNMAPPED,Vilekkenna,62.0,2023-03,384028.94999999995,0.02
2023-03,UNMAPPED,UNMAPPED,payyar-veg,60.0,2023-03,384028.94999999995,0.02
2023-03,UNMAPPED,UNMAPPED,Agarbathi,35.0,2023-03,384028.94999999995,0.01
2023-03,UNMAPPED,UNMAPPED,Hersheys Syrup-200grm,23.5,2023-03,384028.94999999995,0.01
2023-03,UNMAPPED,UNMAPPED,Whitner,25.0,2023-03,384028.94999999995,0.01
2023-03,UNMAPPED,UNMAPPED,kovakka-veg,40.0,2023-03,384028.94999999995,0.01
2023-03,UNMAPPED,UNMAPPED,Hersheys Cocoa-70grm,14.14,2023-03,384028.94999999995,0.0
2023-03,UNMAPPED,UNMAPPED,Mango Crush Sauce 750ml Malas,0.0,2023-03,384028.94999999995,0.0
2023-03,UNMAPPED,UNMAPPED,Micro 27x30,0.0,2023-03,384028.94999999995,0.0
2023-03,UNMAPPED,UNMAPPED,Sumeru Nuggets Premium 1Kg,0.0,2023-03,384028.94999999995,0.0
2023-03,UNMAPPED,UNMAPPED,Vineger,0.0,2023-03,384028.94999999995,0.0
2023-03,UNMAPPED,UNMAPPED,brinjal-veg,18.0,2023-03,384028.94999999995,0.0
2023-03,UNMAPPED,UNMAPPED,Lion Honey 1kg,-483.0,2023-03,384028.94999999995,-0.13
2023-03,UNMAPPED,UNMAPPED,KOT Printing Rolls,-2964.0,2023-03,384028.94999999995,-0.77
2023-03,UTILITIES & EXPENSES,lpg gas,Gas-LPG-HPCL,12900.0,2023-03,384028.94999999995,3.36
2023-03,VEGETABLES,baby corn,Baby Corn Whole-Fresh-Isha Vegitables,532.0,2023-03,384028.94999999995,0.14
2023-03,VEGETABLES,baby corn,Baby Corn Whole-450GM-Golden Crown,130.0,2023-03,384028.94999999995,0.03
2023-03,VEGETABLES,baby corn,Baby Corn Whole-800GM-Tajir Habit,-224.0,2023-03,384028.94999999995,-0.06
2023-03,VEGETABLES,beans,Beans-veg,6.0,2023-03,384028.94999999995,0.0
2023-03,VEGETABLES,bitter gourd,Bitter Guard-Veg,33.0,2023-03,384028.94999999995,0.01
2023-03,VEGETABLES,cabbage,cabbage-veg,18.0,2023-03,384028.94999999995,0.0
2023-03,VEGETABLES,capsicum,Red yellow capsicum-isha Vegitable,631.5,2023-03,384028.94999999995,0.16
2023-03,VEGETABLES,carrot,Carrot-Veg,68.0,2023-03,384028.94999999995,0.02
2023-03,VEGETABLES,cheera,Cheera-veg,50.0,2023-03,384028.94999999995,0.01
2023-03,VEGETABLES,coriander leaves,Coriander Leaves-Veg,49.0,2023-03,384028.94999999995,0.01
2023-03,VEGETABLES,cucumber,Cucumber-veg,10.0,2023-03,384028.94999999995,0.0
2023-03,VEGETABLES,fresh basil,Basil-fresh-Isha Vegitables,194.0,2023-03,384028.94999999995,0.05
2023-03,VEGETABLES,fresh basil,Puramate Basil 250g Pouch,187.2,2023-03,384028.94999999995,0.05
2023-03,VEGETABLES,garlic,Garlic-Veg,613.4,2023-03,384028.94999999995,0.16
2023-03,VEGETABLES,ginger,Ginger-Veg,80.0,2023-03,384028.94999999995,0.02
2023-03,VEGETABLES,lemon,Lemon-Veg,795.0,2023-03,384028.94999999995,0.21
2023-03,VEGETABLES,mint,Mint-Veg,62.0,2023-03,384028.94999999995,0.02
2023-03,VEGETABLES,mint,DVC Mint Flavoured Syrup 750 ml,-1304.83,2023-03,384028.94999999995,-0.34
2023-03,VEGETABLES,mushroom,G.Crown Mushroom Slice 800g,3920.0,2023-03,384028.94999999995,1.02
2023-03,VEGETABLES,onion,Onion-Veg,1415.0,2023-03,384028.94999999995,0.37
2023-03,VEGETABLES,potato,Potato-Veg,741.0,2023-03,384028.94999999995,0.19
2023-03,VEGETABLES,tomato,Tomato-Veg,2074.0,2023-03,384028.94999999995,0.54
2023-02,BAKERY & PREMIX,bread premix,bred premix,75.6,2023-02,360952.5,0.02
2023-02,BAKERY & PREMIX,brownie,Brownie,955.8000000000002,2023-02,360952.5,0.26
2023-02,BAKERY & PREMIX,pizza premix,Pizza Premix,3521.25,2023-02,360952.5,0.98
2023-02,BEVERAGES,7up,7UP 1250ml Pet,2027.1999999999998,2023-02,360952.5,0.56
2023-02,BEVERAGES,7up,7UP 750ml Pet,1753.35,2023-02,360952.5,0.49
2023-02,BEVERAGES,7up,7up 250ml Pet,927.5,2023-02,360952.5,0.26
2023-02,BEVERAGES,7up,7up 250ml Can,648.0,2023-02,360952.5,0.18
2023-02,BEVERAGES,aqua fina,Aqua Fina Mineral Water 1Ltr,475.97,2023-02,360952.5,0.13
2023-02,BEVERAGES,blue occean syrup,DVC BLUE OCCEAN FLV SYRUP 750ML,372.81999999999994,2023-02,360952.5,0.1
2023-02,BEVERAGES,dew,Dew 750ml Pet,790.73,2023-02,360952.5,0.22
2023-02,BEVERAGES,dew,Dew 250ml Pet,542.5,2023-02,360952.5,0.15
2023-02,BEVERAGES,dew,Dew 250ml Can,330.0,2023-02,360952.5,0.09
2023-02,BEVERAGES,lehar soda,Lehar Soda,493.8,2023-02,360952.5,0.14
2023-02,BEVERAGES,mirinda,Mirinda 750ml pet,721.9700000000001,2023-02,360952.5,0.2
2023-02,BEVERAGES,mirinda,Mirinda 250ml pet,210.0,2023-02,360952.5,0.06
2023-02,BEVERAGES,mojito mint,DVC MOJITO MINT 750ML,-349.6,2023-02,360952.5,-0.1
2023-02,BEVERAGES,passion fruit syrup,DVC Passion Fruit 750ML,1136.2,2023-02,360952.5,0.31
2023-02,BEVERAGES,pepsi,Pepsi 250ml Pet,1610.0,2023-02,360952.5,0.45
2023-02,BEVERAGES,pepsi,Pepsi 750ml Pet,1478.33,2023-02,360952.5,0.41
2023-02,BEVERAGES,pepsi,Pepsi 1250ml Pet,984.6400000000001,2023-02,360952.5,0.27
2023-02,BEVERAGES,pepsi,Pepsi 250ml Can,660.0,2023-02,360952.5,0.18
2023-02,BEVERAGES,slice mango,Slice Mango 250ml pet,777.48,2023-02,360952.5,0.22
2023-02,BEVERAGES,sting,Sting 250ml pet,192.5,2023-02,360952.5,0.05
2023-02,BEVERAGES,strawberry syrup,Strawberry sause 750,-37.33000000000001,2023-02,360952.5,-0.01
2023-02,CHEESE & DAIRY,butter,butter,1710.0,2023-02,360952.5,0.47
2023-02,CHEESE & DAIRY,butter,Butter Scotch Ice-cream,527.04,2023-02,360952.5,0.15
2023-02,CHEESE & DAIRY,butter,Paneer Tikka Butter Masala,229.32,2023-02,360952.5,0.06
2023-02,CHEESE & DAIRY,butter,Butter Scotch Sauce 750ml,36.8,2023-02,360952.5,0.01
2023-02,CHEESE & DAIRY,cheddar cheese,GO Orange Cheddar Cheese 2kg,283.25,2023-02,360952.5,0.08
2023-02,CHEESE & DAIRY,curd,Curd-Sheethal-400g,112.0,2023-02,360952.5,0.03
2023-02,CHEESE & DAIRY,fresh cream,Vanilla Ice-cream,1088.0,2023-02,360952.5,0.3
2023-02,CHEESE & DAIRY,fresh cream,Flexi Cream Gold,584.1,2023-02,360952.5,0.16
2023-02,CHEESE & DAIRY,fresh cream,Chocolate Ice-cream,201.70000000000005,2023-02,360952.5,0.06
2023-02,CHEESE & DAIRY,fresh cream,Strawberry-Ice cream,114.09000000000003,2023-02,360952.5,0.03
2023-02,CHEESE & DAIRY,milk,Milk-Sheethal-450ml,1489.0,2023-02,360952.5,0.41
2023-02,CHEESE & DAIRY,monterey jack,GO-Monterey Jack Cheese-2kg,0.0,2023-02,360952.5,0.0
2023-02,CHEESE & DAIRY,mozzarella,AMUL Mozzarella Diced 1Kg,16799.39,2023-02,360952.5,4.65
2023-02,CHEESE & DAIRY,mozzarella,MilkyMist-Mozzarella Cheese-shredded-2kg,16554.24,2023-02,360952.5,4.59
2023-02,CHEESE & DAIRY,paneer,Paneer,540.0,2023-02,360952.5,0.15
2023-02,CHEESE & DAIRY,paneer,paneer,378.0,2023-02,360952.5,0.1
2023-02,CHEESE & DAIRY,processed cheese,Processed cheese block,770.0,2023-02,360952.5,0.21
2023-02,CLEANING SUPPLIES,cockroach chalk,cockroach killer chalk,15.0,2023-02,360952.5,0.0
2023-02,CLEANING SUPPLIES,dishwash cake,Exo Dishwash cake,28.800000000000004,2023-02,360952.5,0.01
2023-02,CLEANING SUPPLIES,soap powder,Soap Powder-500g,30.0,2023-02,360952.5,0.01
2023-02,CLEANING SUPPLIES,sponge,Exo sponge,70.0,2023-02,360952.5,0.02
2023-02,"FLOUR, GRAINS & DRY GOODS",atta,Atta Loose,985.5,2023-02,360952.5,0.27
2023-02,"FLOUR, GRAINS & DRY GOODS",corn meal,Corn Meal - MAKKA RAVA,252.0,2023-02,360952.5,0.07
2023-02,"FLOUR, GRAINS & DRY GOODS",dry yeast,Dried Yeast,0.6099999999999999,2023-02,360952.5,0.0
2023-02,"FLOUR, GRAINS & DRY GOODS",maida,Maida(Porotta 50kg),7993.0,2023-02,360952.5,2.21
2023-02,"FLOUR, GRAINS & DRY GOODS",masoor dal,Masoor-Red,548.5,2023-02,360952.5,0.15
2023-02,"FLOUR, GRAINS & DRY GOODS",rice,Rice-Nawab-26kg,1424.5,2023-02,360952.5,0.39
2023-02,"FLOUR, GRAINS & DRY GOODS",sugar,Sugar-Loose,114.25,2023-02,360952.5,0.03
2023-02,"FLOUR, GRAINS & DRY GOODS",tea,Tea Loose,98.0,2023-02,360952.5,0.03
2023-02,FROZEN ITEMS,french fries,French Fries 6mm-Funwave,8343.86,2023-02,360952.5,2.31
2023-02,FROZEN ITEMS,french fries,French Fries 6mm-ITC,324.0,2023-02,360952.5,0.09
2023-02,FROZEN ITEMS,french fries,French Fries 9mm-Funwave,-800.8,2023-02,360952.5,-0.22
2023-02,FROZEN ITEMS,frozen sweet corn,Frozen Sweet Corn,437.5,2023-02,360952.5,0.12
2023-02,FROZEN ITEMS,potato wedges,Mc Cain Potato Wedges 2.5kg,934.2999999999997,2023-02,360952.5,0.26
2023-02,FRUITS,apple,DVC Green Apple 750 ML,372.82000000000016,2023-02,360952.5,0.1
2023-02,FRUITS,black grapes,Black Grapes,-22.0,2023-02,360952.5,-0.01
2023-02,FRUITS,cherry,Cherry,40.0,2023-02,360952.5,0.01
2023-02,FRUITS,pineapple,Pineapple slice-Tajir Habit-500g,110.25,2023-02,360952.5,0.03
2023-02,FRUITS,pineapple,Pineapple-Veg,106.0,2023-02,360952.5,0.03
2023-02,FRUITS,red apple,Red Apple,40.0,2023-02,360952.5,0.01
2023-02,KITCHEN EQUIPMENT & UTENSILS,tripod,Tripod,55.85000000000002,2023-02,360952.5,0.02
2023-02,MASALA & SEASONINGS,bbq mix,BBQ Wings,938.44,2023-02,360952.5,0.26
2023-02,MASALA & SEASONINGS,bbq mix,BBQ Mix Masala,486.6400000000003,2023-02,360952.5,0.13
2023-02,MASALA & SEASONINGS,black pepper,Black pepper,55.0,2023-02,360952.5,0.02
2023-02,MASALA & SEASONINGS,chicken masala,Tandoori Chicken Masala-Bakers,146.0,2023-02,360952.5,0.04
2023-02,MASALA & SEASONINGS,chicken masala,Chicken Masala,27.0,2023-02,360952.5,0.01
2023-02,MASALA & SEASONINGS,chicken masala,Chicken-Masala-Melam,52.0,2023-02,360952.5,0.01
2023-02,MASALA & SEASONINGS,chilli flakes,Chilli Flakes-Tasty Pixel-Veeba-Sachet-0.8g,1323.0,2023-02,360952.5,0.37
2023-02,MASALA & SEASONINGS,chilli flakes,Chilli Flakes-Puramate-400grm,179.81,2023-02,360952.5,0.05
2023-02,MASALA & SEASONINGS,chilli flakes,Chilli Flakes,-110.0,2023-02,360952.5,-0.03
2023-02,MASALA & SEASONINGS,chilli powder,Chilli Powder Loose,155.0,2023-02,360952.5,0.04
2023-02,MASALA & SEASONINGS,chilli powder,Chilli Powder,82.5,2023-02,360952.5,0.02
2023-02,MASALA & SEASONINGS,chilli powder,Chilly Powder 1kg-Eastern,-198.01,2023-02,360952.5,-0.05
2023-02,MASALA & SEASONINGS,chilly flakes,Green Chilly-Veg,101.0,2023-02,360952.5,0.03
2023-02,MASALA & SEASONINGS,chilly flakes,CHILLY FLAKES SACHET 0.8GM,-593.2700000000001,2023-02,360952.5,-0.16
2023-02,MASALA & SEASONINGS,coriander powder,Coriander Powder-loose,164.2,2023-02,360952.5,0.05
2023-02,MASALA & SEASONINGS,herb mix,Herb Mix Masla,546.0000000000002,2023-02,360952.5,0.15
2023-02,MASALA & SEASONINGS,herb mix,Chettinad Mix,-130.2,2023-02,360952.5,-0.04
2023-02,MASALA & SEASONINGS,mexican masala,Mexican Masala,1968.1200000000003,2023-02,360952.5,0.55
2023-02,MASALA & SEASONINGS,mixed herbs,Mixed Herb Loose,-120.0,2023-02,360952.5,-0.03
2023-02,MASALA & SEASONINGS,oregano,OREGANO SACHET 0.8GM,968.0,2023-02,360952.5,0.27
2023-02,MASALA & SEASONINGS,oregano,Oregano Sprinkler 500g,609.0,2023-02,360952.5,0.17
2023-02,MASALA & SEASONINGS,piri piri marinade,Piri Piri Marinade 1KG,133.5,2023-02,360952.5,0.04
2023-02,MASALA & SEASONINGS,salt,salt powder,28.0,2023-02,360952.5,0.01
2023-02,MASALA & SEASONINGS,salt,Salt Powder,2.0,2023-02,360952.5,0.0
2023-02,MASALA & SEASONINGS,salt,Salt-sprinkle-powder,12.0,2023-02,360952.5,0.0
2023-02,MASALA & SEASONINGS,tandoori masala,Tandoori mix Masala,637.8399999999997,2023-02,360952.5,0.18
2023-02,MASALA & SEASONINGS,turmeric powder,Turmeric Powder-loose,60.0,2023-02,360952.5,0.02
2023-02,MASALA & SEASONINGS,turmeric powder,Turmeric Powder,-7.0,2023-02,360952.5,-0.0
2023-02,MEAT & POULTRY,chicken kheema,Chicken Kheema  Masala,423.15,2023-02,360952.5,0.12
2023-02,MEAT & POULTRY,chicken kheema,chicken kheema-Adakkaputhur,237.0,2023-02,360952.5,0.07
2023-02,MEAT & POULTRY,chicken kheema,Chicken Kheema,-51.8,2023-02,360952.5,-0.01
2023-02,MEAT & POULTRY,chicken kheema,Chicken Kheema  Masala,-162.75,2023-02,360952.5,-0.05
2023-02,MEAT & POULTRY,chicken nuggets,Chicken Nuggets-Godrej-1kg,96.0,2023-02,360952.5,0.03
2023-02,MEAT & POULTRY,chicken salami,Zippy Chicken Salami,312.48,2023-02,360952.5,0.09
2023-02,MEAT & POULTRY,lamb pepperoni,Lamp Pepperoni,263.62,2023-02,360952.5,0.07
2023-02,MEAT & POULTRY,staff chicken,Chicken-Whole-Staff,945.0,2023-02,360952.5,0.26
2023-02,MEAT & POULTRY,whole chicken,Bornless Chicken- Adakkaputhur,14526.0,2023-02,360952.5,4.02
2023-02,OILS,mustard oil,Mustard-Oil,142.0,2023-02,360952.5,0.04
2023-02,OILS,palm oil,Palm Oil - Refined Oil,4902.5,2023-02,360952.5,1.36
2023-02,PACKAGING MATERIALS,burger box,Mini Burger Box,759.92,2023-02,360952.5,0.21
2023-02,PACKAGING MATERIALS,butter paper,butter papper,280.0,2023-02,360952.5,0.08
2023-02,PACKAGING MATERIALS,catering cap,Catering Cap,80.0,2023-02,360952.5,0.02
2023-02,PACKAGING MATERIALS,cling flim,Cling Flim,120.0,2023-02,360952.5,0.03
2023-02,PACKAGING MATERIALS,french fries box,French Fries Box,298.5,2023-02,360952.5,0.08
2023-02,PACKAGING MATERIALS,garlic bread box,Garlic Bread Box,-1797.4,2023-02,360952.5,-0.5
2023-02,PACKAGING MATERIALS,large pizza box,Large Pizza Box,1326.25,2023-02,360952.5,0.37
2023-02,PACKAGING MATERIALS,medium pizza box,Medium Pizza Box,2822.629999999999,2023-02,360952.5,0.78
2023-02,PACKAGING MATERIALS,paper bag,Papper carry bag small,2164.0,2023-02,360952.5,0.6
2023-02,PACKAGING MATERIALS,paper bag,Papper carry bag medium,2074.5,2023-02,360952.5,0.57
2023-02,PACKAGING MATERIALS,paper bag,Papper carry bag large,138.0,2023-02,360952.5,0.04
2023-02,PACKAGING MATERIALS,paper glass,Moktails Glass,1436.0000000000002,2023-02,360952.5,0.4
2023-02,PACKAGING MATERIALS,paper glass,Paper Glass,266.5,2023-02,360952.5,0.07
2023-02,PACKAGING MATERIALS,paper plate,Paper Plates,2.0,2023-02,360952.5,0.0
2023-02,PACKAGING MATERIALS,paper straw,Paper Straw,64.4,2023-02,360952.5,0.02
2023-02,PACKAGING MATERIALS,pasta container,Pasta Container Black,864.06,2023-02,360952.5,0.24
2023-02,PACKAGING MATERIALS,plastic cover,plastic cover-HM- 5kg,170.0,2023-02,360952.5,0.05
2023-02,PACKAGING MATERIALS,plastic cover,plastic Cover-1kg,160.0,2023-02,360952.5,0.04
2023-02,PACKAGING MATERIALS,plastic cover,plastic cover 5kg,-128.0,2023-02,360952.5,-0.04
2023-02,PACKAGING MATERIALS,regular pizza box,Regular Pizza Box,3971.7599999999993,2023-02,360952.5,1.1
2023-02,PACKAGING MATERIALS,salad bowl,Salad Bowl 250ml,1007.1899999999999,2023-02,360952.5,0.28
2023-02,PACKAGING MATERIALS,salad bowl,Salad Bowl 500ml,471.9000000000001,2023-02,360952.5,0.13
2023-02,PACKAGING MATERIALS,salad bowl,Dip Bowl,41.3,2023-02,360952.5,0.01
2023-02,PACKAGING MATERIALS,tissue,Tissue-Energy-Big,342.0,2023-02,360952.5,0.09
2023-02,PACKAGING MATERIALS,tooth pick,Tooth Pick,20.0,2023-02,360952.5,0.01
2023-02,PACKAGING MATERIALS,wooden fork,Wooden Fork-160mm,26.25,2023-02,360952.5,0.01
2023-02,PACKAGING MATERIALS,wooden spoon,Wooden Spoon-110mm,48.35999999999999,2023-02,360952.5,0.01
2023-02,PACKAGING MATERIALS,wooden spoon,Wooden Spoon-160mm,13.720000000000002,2023-02,360952.5,0.0
2023-02,SAUCES & SPREADS,chocolate sauce,Malas Chocolate Sauce 5 ltr,169.60000000000002,2023-02,360952.5,0.05
2023-02,SAUCES & SPREADS,eggless mayonnaise,Egg,498.0,2023-02,360952.5,0.14
2023-02,SAUCES & SPREADS,eggless mayonnaise,Veeba Eggless Mayonise Chef 1KG,-140.0,2023-02,360952.5,-0.04
2023-02,SAUCES & SPREADS,garlic chilli spread,Garlic Chilli Spread,16.200000000000045,2023-02,360952.5,0.0
2023-02,SAUCES & SPREADS,gouda flavoured dressing,Veeba Gouda Flavoured Dressing,1659.0,2023-02,360952.5,0.46
2023-02,SAUCES & SPREADS,honey mustard dressing,Honey,184.0,2023-02,360952.5,0.05
2023-02,SAUCES & SPREADS,ketchup sachet,Veeba Ketchup Sachet,1324.63,2023-02,360952.5,0.37
2023-02,SAUCES & SPREADS,makhani gravy,Veeba Makhani Gravy 1KG,421.1199999999999,2023-02,360952.5,0.12
2023-02,SAUCES & SPREADS,pizza sauce,Veeba Pasta & Pizza Sauce 1KG,3510.0,2023-02,360952.5,0.97
2023-02,SAUCES & SPREADS,pizza sauce,Pizza sauce premix,709.27,2023-02,360952.5,0.2
2023-02,SAUCES & SPREADS,tandoori spread,Veeba Tandoori Spread-1kg,217.0,2023-02,360952.5,0.06
2023-02,SAUCES & SPREADS,tomato ketchup,Veeba T. Ketchup 1.2KG,440.29999999999995,2023-02,360952.5,0.12
2023-02,STATIONERY & MISC,cash voucher book,Cash Voucher Book,112.0,2023-02,360952.5,0.03
2023-02,STATIONERY & MISC,note book,Note Book,40.0,2023-02,360952.5,0.01
2023-02,STATIONERY & MISC,pen,Puramate Pasta-Penne Rigatte 500g,720.8,2023-02,360952.5,0.2
2023-02,STATIONERY & MISC,pen,HABIT JALAPENO SLICES 2.9 KG,591.36,2023-02,360952.5,0.16
2023-02,STATIONERY & MISC,pen,pen,12.0,2023-02,360952.5,0.0
2023-02,STATIONERY & MISC,pen,Reitzel-Jalapeno Slice-2.9kg,-1788.0,2023-02,360952.5,-0.5
2023-02,STATIONERY & MISC,stamp pad,stamp pad,35.0,2023-02,360952.5,0.01
2023-02,UNMAPPED,UNMAPPED,KOT Printing Rolls,3120.0,2023-02,360952.5,0.86
2023-02,UNMAPPED,UNMAPPED,Sumeru Nuggets Premium 1Kg,934.53,2023-02,360952.5,0.26
2023-02,UNMAPPED,UNMAPPED,Capcicum-Veg,771.0,2023-02,360952.5,0.21
2023-02,UNMAPPED,UNMAPPED,Neo Red Paprika 3Kg,562.52,2023-02,360952.5,0.16
2023-02,UNMAPPED,UNMAPPED,Brocoli-isha Vegitable,451.0,2023-02,360952.5,0.12
2023-02,UNMAPPED,UNMAPPED,Micro 16x20,413.0,2023-02,360952.5,0.11
2023-02,UNMAPPED,UNMAPPED,Neo-Black Sliced Olives-3kg,313.03999999999996,2023-02,360952.5,0.09
2023-02,UNMAPPED,UNMAPPED,Egg-5.5,291.5,2023-02,360952.5,0.08
2023-02,UNMAPPED,UNMAPPED,Hand Wash,230.0,2023-02,360952.5,0.06
2023-02,UNMAPPED,UNMAPPED,Micro 13x16,171.5,2023-02,360952.5,0.05
2023-02,UNMAPPED,UNMAPPED,Micro 20x26,186.67000000000002,2023-02,360952.5,0.05
2023-02,UNMAPPED,UNMAPPED,Puramate Pasta-Gomiti Rigate - macroni - 500g,176.79999999999995,2023-02,360952.5,0.05
2023-02,UNMAPPED,UNMAPPED,Cashew nut,160.0,2023-02,360952.5,0.04
2023-02,UNMAPPED,UNMAPPED,Cauli Flower-veg,149.0,2023-02,360952.5,0.04
2023-02,UNMAPPED,UNMAPPED,Rubber Seal,150.0,2023-02,360952.5,0.04
2023-02,UNMAPPED,UNMAPPED,Micro 27x30,97.5,2023-02,360952.5,0.03
2023-02,UNMAPPED,UNMAPPED,Agarbathi,65.0,2023-02,360952.5,0.02
2023-02,UNMAPPED,UNMAPPED,Ice cube,90.0,2023-02,360952.5,0.02
2023-02,UNMAPPED,UNMAPPED,Jumbo Cover-Blue,70.0,2023-02,360952.5,0.02
2023-02,UNMAPPED,UNMAPPED,Veeba Barbequesauce 1KG,66.39999999999998,2023-02,360952.5,0.02
2023-02,UNMAPPED,UNMAPPED,egg-6.50,78.0,2023-02,360952.5,0.02
2023-02,UNMAPPED,UNMAPPED,Parsely- Isga Vegitable,30.0,2023-02,360952.5,0.01
2023-02,UNMAPPED,UNMAPPED,Parsely-Veg,53.0,2023-02,360952.5,0.01
2023-02,UNMAPPED,UNMAPPED,kovakka-veg,20.0,2023-02,360952.5,0.01
2023-02,UNMAPPED,UNMAPPED,payyar-veg,40.0,2023-02,360952.5,0.01
2023-02,UNMAPPED,UNMAPPED,Agarbathi-Small,9.0,2023-02,360952.5,0.0
2023-02,UNMAPPED,UNMAPPED,Vineger,4.199999999999999,2023-02,360952.5,0.0
2023-02,UNMAPPED,UNMAPPED,brinjal-veg,12.0,2023-02,360952.5,0.0
2023-02,UNMAPPED,UNMAPPED,plaster-Medical,10.0,2023-02,360952.5,0.0
2023-02,UTILITIES & EXPENSES,lpg gas,Gas-LPG-HPCL,7200.0,2023-02,360952.5,1.99
2023-02,UTILITIES & EXPENSES,lpg gas,Gas-LPG-IOCL,7200.0,2023-02,360952.5,1.99
2023-02,UTILITIES & EXPENSES,petrol,Petrol-HPCL,3800.07,2023-02,360952.5,1.05
2023-02,UTILITIES & EXPENSES,petrol,Petrol-Nayara,2399.66,2023-02,360952.5,0.66
2023-02,UTILITIES & EXPENSES,petrol,Petrol-IOCL,2080.1,2023-02,360952.5,0.58
2023-02,UTILITIES & EXPENSES,petrol,Petrol-BPCL,200.0,2023-02,360952.5,0.06
2023-02,VEGETABLES,baby corn,Baby Corn Whole-Fresh-Isha Vegitables,380.0,2023-02,360952.5,0.11
2023-02,VEGETABLES,beans,Beans-veg,9.0,2023-02,360952.5,0.0
2023-02,VEGETABLES,bitter gourd,Bitter Guard-Veg,68.0,2023-02,360952.5,0.02
2023-02,VEGETABLES,cabbage,cabbage-veg,22.0,2023-02,360952.5,0.01
2023-02,VEGETABLES,capsicum,Red yellow capsicum-isha Vegitable,645.0,2023-02,360952.5,0.18
2023-02,VEGETABLES,carrot,Carrot-Veg,62.0,2023-02,360952.5,0.02
2023-02,VEGETABLES,cheera,Cheera-veg,40.0,2023-02,360952.5,0.01
2023-02,VEGETABLES,coriander leaves,Coriander Leaves-Veg,80.0,2023-02,360952.5,0.02
2023-02,VEGETABLES,cucumber,Cucumber-veg,27.0,2023-02,360952.5,0.01
2023-02,VEGETABLES,fresh basil,Basil-fresh-Isha Vegitables,125.0,2023-02,360952.5,0.03
2023-02,VEGETABLES,fresh basil,Puramate Basil 250g Pouch,-156.0,2023-02,360952.5,-0.04
2023-02,VEGETABLES,garlic,Garlic-Veg,227.0,2023-02,360952.5,0.06
2023-02,VEGETABLES,ginger,Ginger-Veg,51.0,2023-02,360952.5,0.01
2023-02,VEGETABLES,lemon,Lemon-Veg,578.0,2023-02,360952.5,0.16
2023-02,VEGETABLES,mint,DVC Mint Flavoured Syrup 750 ml,1631.04,2023-02,360952.5,0.45
2023-02,VEGETABLES,mint,Mint-Veg,62.0,2023-02,360952.5,0.02
2023-02,VEGETABLES,mushroom,G.Crown Mushroom Slice 800g,3038.0,2023-02,360952.5,0.84
2023-02,VEGETABLES,onion,Onion-Veg,1436.0,2023-02,360952.5,0.4
2023-02,VEGETABLES,potato,Potato-Veg,630.0,2023-02,360952.5,0.17
2023-02,VEGETABLES,tomato,Tomato-Veg,2522.0,2023-02,360952.5,0.7
2023-02,VEGETABLES,yam,yam-veg,29.0,2023-02,360952.5,0.01
2023-01,BAKERY & PREMIX,bread premix,bred premix,0.0,2023-01,414134.44999999995,0.0
2023-01,BAKERY & PREMIX,brownie,Brownie,2826.5599999999995,2023-01,414134.44999999995,0.68
2023-01,BAKERY & PREMIX,pizza premix,Pizza Premix,3573.6000000000004,2023-01,414134.44999999995,0.86
2023-01,BEVERAGES,7up,7UP 750ml Pet,2337.8199999999997,2023-01,414134.44999999995,0.56
2023-01,BEVERAGES,7up,7UP 1250ml Pet,2085.12,2023-01,414134.44999999995,0.5
2023-01,BEVERAGES,7up,7up 250ml Pet,1470.0,2023-01,414134.44999999995,0.35
2023-01,BEVERAGES,7up,7up 250ml Can,456.0,2023-01,414134.44999999995,0.11
2023-01,BEVERAGES,aqua fina,Aqua Fina Mineral Water 1Ltr,279.99,2023-01,414134.44999999995,0.07
2023-01,BEVERAGES,blue occean syrup,DVC BLUE OCCEAN FLV SYRUP 750ML,466.01,2023-01,414134.44999999995,0.11
2023-01,BEVERAGES,dew,Dew 750ml Pet,1065.77,2023-01,414134.44999999995,0.26
2023-01,BEVERAGES,dew,Dew 250ml Pet,542.5,2023-01,414134.44999999995,0.13
2023-01,BEVERAGES,dew,Dew 250ml Can,420.0,2023-01,414134.44999999995,0.1
2023-01,BEVERAGES,lehar soda,Lehar Soda,493.8,2023-01,414134.44999999995,0.12
2023-01,BEVERAGES,mirinda,Mirinda 250ml pet,402.5,2023-01,414134.44999999995,0.1
2023-01,BEVERAGES,mirinda,Mirinda 750ml pet,-206.28000000000003,2023-01,414134.44999999995,-0.05
2023-01,BEVERAGES,passion fruit syrup,DVC PASSION FRUIT FLV SYRUP 750ML,1770.83,2023-01,414134.44999999995,0.43
2023-01,BEVERAGES,passion fruit syrup,DVC Passion Fruit 750ML,-1136.2,2023-01,414134.44999999995,-0.27
2023-01,BEVERAGES,pepsi,Pepsi 750ml Pet,2303.43,2023-01,414134.44999999995,0.56
2023-01,BEVERAGES,pepsi,Pepsi 250ml Pet,1837.5,2023-01,414134.44999999995,0.44
2023-01,BEVERAGES,pepsi,Pepsi 1250ml Pet,810.8799999999999,2023-01,414134.44999999995,0.2
2023-01,BEVERAGES,pepsi,Pepsi 250ml Can,510.0,2023-01,414134.44999999995,0.12
2023-01,BEVERAGES,slice mango,Slice Mango 250ml pet,636.1200000000001,2023-01,414134.44999999995,0.15
2023-01,BEVERAGES,sting,Sting 250ml pet,17.5,2023-01,414134.44999999995,0.0
2023-01,BEVERAGES,strawberry syrup,Strawberry sause 750,80.0,2023-01,414134.44999999995,0.02
2023-01,BEVERAGES,tropicana guava,Tropicana Guava Delight,282.72,2023-01,414134.44999999995,0.07
2023-01,CHEESE & DAIRY,butter,Butter,760.0,2023-01,414134.44999999995,0.18
2023-01,CHEESE & DAIRY,butter,Butter Scotch Ice-cream,588.71,2023-01,414134.44999999995,0.14
2023-01,CHEESE & DAIRY,butter,Paneer Tikka Butter Masala,441.0000000000001,2023-01,414134.44999999995,0.11
2023-01,CHEESE & DAIRY,butter,butter,190.0,2023-01,414134.44999999995,0.05
2023-01,CHEESE & DAIRY,butter,Butter Scotch Sauce 750ml,46.0,2023-01,414134.44999999995,0.01
2023-01,CHEESE & DAIRY,cheddar cheese,GO Orange Cheddar Cheese 2kg,-283.25,2023-01,414134.44999999995,-0.07
2023-01,CHEESE & DAIRY,curd,Curd-Sheethal-400g,118.0,2023-01,414134.44999999995,0.03
2023-01,CHEESE & DAIRY,fresh cream,Flexi Cream Gold,1168.1999999999998,2023-01,414134.44999999995,0.28
2023-01,CHEESE & DAIRY,fresh cream,Vanilla Ice-cream,1068.2200000000003,2023-01,414134.44999999995,0.26
2023-01,CHEESE & DAIRY,fresh cream,Chocolate Ice-cream,377.5799999999999,2023-01,414134.44999999995,0.09
2023-01,CHEESE & DAIRY,fresh cream,Strawberry-Ice cream,136.90999999999997,2023-01,414134.44999999995,0.03
2023-01,CHEESE & DAIRY,milk,Milk-Sheethal-450ml,1725.0,2023-01,414134.44999999995,0.42
2023-01,CHEESE & DAIRY,milk,Milkymist Cheese BLock 1KG,1650.0,2023-01,414134.44999999995,0.4
2023-01,CHEESE & DAIRY,milk,milk-Milma-525ml,112.0,2023-01,414134.44999999995,0.03
2023-01,CHEESE & DAIRY,monterey jack,GO-Monterey Jack Cheese-2kg,0.0,2023-01,414134.44999999995,0.0
2023-01,CHEESE & DAIRY,mozzarella,AMUL Mozzarella Diced 1Kg,34424.95999999999,2023-01,414134.44999999995,8.31
2023-01,CHEESE & DAIRY,mozzarella,MilkyMist-Mozzarella Cheese-shredded-2kg,0.0,2023-01,414134.44999999995,0.0
2023-01,CHEESE & DAIRY,paneer,Paneer,1849.5,2023-01,414134.44999999995,0.45
2023-01,CHEESE & DAIRY,paneer,paneer,-378.0,2023-01,414134.44999999995,-0.09
2023-01,CHEESE & DAIRY,processed cheese,Processed cheese block,55.0,2023-01,414134.44999999995,0.01
2023-01,CLEANING SUPPLIES,brush,Brush-Wash-Basin,50.0,2023-01,414134.44999999995,0.01
2023-01,CLEANING SUPPLIES,dishwash cake,Exo Dishwash cake,34.6,2023-01,414134.44999999995,0.01
2023-01,CLEANING SUPPLIES,mop,Mop with Stick,125.0,2023-01,414134.44999999995,0.03
2023-01,CLEANING SUPPLIES,mop,Mop stick,35.0,2023-01,414134.44999999995,0.01
2023-01,CLEANING SUPPLIES,soap powder,Soap Powder Small Pkt,10.0,2023-01,414134.44999999995,0.0
2023-01,"FLOUR, GRAINS & DRY GOODS",atta,Atta Loose,669.5,2023-01,414134.44999999995,0.16
2023-01,"FLOUR, GRAINS & DRY GOODS",corn meal,Corn Meal - MAKKA RAVA,315.0,2023-01,414134.44999999995,0.08
2023-01,"FLOUR, GRAINS & DRY GOODS",dry yeast,Dried Yeast,1561.7,2023-01,414134.44999999995,0.38
2023-01,"FLOUR, GRAINS & DRY GOODS",maida,Maida(Porotta 50kg),8730.0,2023-01,414134.44999999995,2.11
2023-01,"FLOUR, GRAINS & DRY GOODS",maida,Drum for Maida,745.0,2023-01,414134.44999999995,0.18
2023-01,"FLOUR, GRAINS & DRY GOODS",masoor dal,Masoor-Red,351.5,2023-01,414134.44999999995,0.08
2023-01,"FLOUR, GRAINS & DRY GOODS",rice,Rice-Nawab-26kg,1313.5,2023-01,414134.44999999995,0.32
2023-01,"FLOUR, GRAINS & DRY GOODS",rice,Ponni Rice-Bag,238.0,2023-01,414134.44999999995,0.06
2023-01,"FLOUR, GRAINS & DRY GOODS",sugar,Sugar-Loose,134.75,2023-01,414134.44999999995,0.03
2023-01,"FLOUR, GRAINS & DRY GOODS",tea,Tea Loose,90.0,2023-01,414134.44999999995,0.02
2023-01,FROZEN ITEMS,french fries,French Fries 6mm-Hungritos,6480.0,2023-01,414134.44999999995,1.56
2023-01,FROZEN ITEMS,french fries,French Fries 6mm-Funwave,4267.89,2023-01,414134.44999999995,1.03
2023-01,FROZEN ITEMS,french fries,French Fries 6mm-ITC,-324.0,2023-01,414134.44999999995,-0.08
2023-01,FROZEN ITEMS,frozen sweet corn,Frozen Sweet Corn,662.0,2023-01,414134.44999999995,0.16
2023-01,FROZEN ITEMS,potato wedges,Mc Cain Potato Wedges 2.5kg,915.0400000000001,2023-01,414134.44999999995,0.22
2023-01,FRUITS,apple,DVC Green Apple 750 ML,1118.4199999999998,2023-01,414134.44999999995,0.27
2023-01,FRUITS,black grapes,Black Grapes,40.0,2023-01,414134.44999999995,0.01
2023-01,FRUITS,cherry,Cherry,55.0,2023-01,414134.44999999995,0.01
2023-01,FRUITS,pineapple,Pineapple slice-Tajir Habit-500g,330.75,2023-01,414134.44999999995,0.08
2023-01,FRUITS,red apple,Red Apple,100.0,2023-01,414134.44999999995,0.02
2023-01,KITCHEN EQUIPMENT & UTENSILS,fryer basket,Fryer Basket,900.0,2023-01,414134.44999999995,0.22
2023-01,KITCHEN EQUIPMENT & UTENSILS,tripod,Tripod,1066.15,2023-01,414134.44999999995,0.26
2023-01,MASALA & SEASONINGS,bbq mix,BBQ Wings,983.1399999999999,2023-01,414134.44999999995,0.24
2023-01,MASALA & SEASONINGS,bbq mix,BBQ Mix Masala,486.6399999999999,2023-01,414134.44999999995,0.12
2023-01,MASALA & SEASONINGS,black pepper,Black pepper,105.0,2023-01,414134.44999999995,0.03
2023-01,MASALA & SEASONINGS,chicken masala,Tandoori Chicken Masala-Bakers,142.0,2023-01,414134.44999999995,0.03
2023-01,MASALA & SEASONINGS,chicken masala,Chicken Masala,52.0,2023-01,414134.44999999995,0.01
2023-01,MASALA & SEASONINGS,chicken masala,chicken masala,13.0,2023-01,414134.44999999995,0.0
2023-01,MASALA & SEASONINGS,chilli flakes,Chilli Flakes-Eastern,176.0,2023-01,414134.44999999995,0.04
2023-01,MASALA & SEASONINGS,chilli flakes,Chilli Flakes-Puramate-400grm,-35.96000000000001,2023-01,414134.44999999995,-0.01
2023-01,MASALA & SEASONINGS,chilli powder,Chilli Powder Loose,55.0,2023-01,414134.44999999995,0.01
2023-01,MASALA & SEASONINGS,chilli powder,Chilli Powder,16.5,2023-01,414134.44999999995,0.0
2023-01,MASALA & SEASONINGS,chilly flakes,CHILLY FLAKES SACHET 0.8GM,606.65,2023-01,414134.44999999995,0.15
2023-01,MASALA & SEASONINGS,chilly flakes,Green Chilly-Veg,176.0,2023-01,414134.44999999995,0.04
2023-01,MASALA & SEASONINGS,coriander powder,Coriander Powder-loose,199.0,2023-01,414134.44999999995,0.05
2023-01,MASALA & SEASONINGS,herb mix,Herb Mix Masla,546.0,2023-01,414134.44999999995,0.13
2023-01,MASALA & SEASONINGS,herb mix,Chettinad Mix,65.1,2023-01,414134.44999999995,0.02
2023-01,MASALA & SEASONINGS,mexican masala,Mexican Masala,1769.3199999999997,2023-01,414134.44999999995,0.43
2023-01,MASALA & SEASONINGS,mixed herbs,Mixed Herb Loose,216.0,2023-01,414134.44999999995,0.05
2023-01,MASALA & SEASONINGS,oregano,Oregano Sprinkler 500g,913.5,2023-01,414134.44999999995,0.22
2023-01,MASALA & SEASONINGS,oregano,OREGANO SACHET 0.8GM,745.54,2023-01,414134.44999999995,0.18
2023-01,MASALA & SEASONINGS,piri piri marinade,Piri Piri Marinade 1KG,311.5,2023-01,414134.44999999995,0.08
2023-01,MASALA & SEASONINGS,salt,Salt Powder,35.0,2023-01,414134.44999999995,0.01
2023-01,MASALA & SEASONINGS,salt,Salt-sprinkle-powder,12.0,2023-01,414134.44999999995,0.0
2023-01,MASALA & SEASONINGS,salt,salt powder,-28.0,2023-01,414134.44999999995,-0.01
2023-01,MASALA & SEASONINGS,tandoori masala,Tandoori mix Masala,656.6000000000004,2023-01,414134.44999999995,0.16
2023-01,MASALA & SEASONINGS,turmeric powder,Turmeric Powder,42.0,2023-01,414134.44999999995,0.01
2023-01,MASALA & SEASONINGS,turmeric powder,Turmeric Powder-loose,57.0,2023-01,414134.44999999995,0.01
2023-01,MEAT & POULTRY,chicken kheema,chicken kheema-Adakkaputhur,310.0,2023-01,414134.44999999995,0.07
2023-01,MEAT & POULTRY,chicken kheema,Chicken Kheema  Masala,-97.64999999999998,2023-01,414134.44999999995,-0.02
2023-01,MEAT & POULTRY,chicken salami,Zippy Chicken Salami,1018.6800000000001,2023-01,414134.44999999995,0.25
2023-01,MEAT & POULTRY,chicken sausage,Chicken Sausage,1173.0,2023-01,414134.44999999995,0.28
2023-01,MEAT & POULTRY,lamb pepperoni,Lamp Pepperoni,583.73,2023-01,414134.44999999995,0.14
2023-01,MEAT & POULTRY,staff chicken,Chicken-Whole-Staff,1352.99,2023-01,414134.44999999995,0.33
2023-01,MEAT & POULTRY,whole chicken,Bornless Chicken- Adakkaputhur,16378.32,2023-01,414134.44999999995,3.95
2023-01,OILS,mustard oil,Mustard-Oil,95.0,2023-01,414134.44999999995,0.02
2023-01,OILS,palm oil,Palm Oil - Refined Oil,5787.5,2023-01,414134.44999999995,1.4
2023-01,PACKAGING MATERIALS,burger box,Mini Burger Box,460.38,2023-01,414134.44999999995,0.11
2023-01,PACKAGING MATERIALS,butter paper,butter papper,52.5,2023-01,414134.44999999995,0.01
2023-01,PACKAGING MATERIALS,french fries box,French Fries Box,2098.06,2023-01,414134.44999999995,0.51
2023-01,PACKAGING MATERIALS,garlic bread box,Garlic Bread Box,593.1700000000001,2023-01,414134.44999999995,0.14
2023-01,PACKAGING MATERIALS,large pizza box,Large Pizza Box,2287.5,2023-01,414134.44999999995,0.55
2023-01,PACKAGING MATERIALS,medium pizza box,Medium Pizza Box,2686.2799999999997,2023-01,414134.44999999995,0.65
2023-01,PACKAGING MATERIALS,paper bag,Papper carry bag large,207.0,2023-01,414134.44999999995,0.05
2023-01,PACKAGING MATERIALS,paper bag,Papper carry bag small,-561.0,2023-01,414134.44999999995,-0.14
2023-01,PACKAGING MATERIALS,paper bag,Papper carry bag medium,-750.75,2023-01,414134.44999999995,-0.18
2023-01,PACKAGING MATERIALS,paper glass,Paper Glass,462.5,2023-01,414134.44999999995,0.11
2023-01,PACKAGING MATERIALS,paper glass,Moktails Glass,-2036.1900000000003,2023-01,414134.44999999995,-0.49
2023-01,PACKAGING MATERIALS,paper plate,Paper Plates,8.0,2023-01,414134.44999999995,0.0
2023-01,PACKAGING MATERIALS,paper straw,Paper Straw,78.75,2023-01,414134.44999999995,0.02
2023-01,PACKAGING MATERIALS,pasta container,Pasta Container Black,1045.2000000000003,2023-01,414134.44999999995,0.25
2023-01,PACKAGING MATERIALS,plastic cover,plastic cover 5kg,160.0,2023-01,414134.44999999995,0.04
2023-01,PACKAGING MATERIALS,plastic cover,plastic Cover-1kg,0.0,2023-01,414134.44999999995,0.0
2023-01,PACKAGING MATERIALS,plastic cover,plastic cover-HM- 5kg,0.0,2023-01,414134.44999999995,0.0
2023-01,PACKAGING MATERIALS,regular pizza box,Regular Pizza Box,3076.9500000000003,2023-01,414134.44999999995,0.74
2023-01,PACKAGING MATERIALS,salad bowl,Salad Bowl 500ml,421.0799999999999,2023-01,414134.44999999995,0.1
2023-01,PACKAGING MATERIALS,salad bowl,Dip Bowl,356.95,2023-01,414134.44999999995,0.09
2023-01,PACKAGING MATERIALS,salad bowl,Salad Bowl 250ml,-88.34999999999991,2023-01,414134.44999999995,-0.02
2023-01,PACKAGING MATERIALS,tissue,Tissue,220.0,2023-01,414134.44999999995,0.05
2023-01,PACKAGING MATERIALS,tissue,Tissue-Energy-Big,216.0,2023-01,414134.44999999995,0.05
2023-01,PACKAGING MATERIALS,wooden fork,Wooden Fork-160mm,131.25,2023-01,414134.44999999995,0.03
2023-01,PACKAGING MATERIALS,wooden spoon,Wooden Spoon-160mm,58.8,2023-01,414134.44999999995,0.01
2023-01,PACKAGING MATERIALS,wooden spoon,Wooden Spoon-110mm,-54.599999999999994,2023-01,414134.44999999995,-0.01
2023-01,SAUCES & SPREADS,chocolate sauce,Malas Chocolate Sauce 5 ltr,169.60000000000002,2023-01,414134.44999999995,0.04
2023-01,SAUCES & SPREADS,eggless mayonnaise,Veeba Eggless Mayonise Chef 1KG,1960.0,2023-01,414134.44999999995,0.47
2023-01,SAUCES & SPREADS,eggless mayonnaise,Egg,174.0,2023-01,414134.44999999995,0.04
2023-01,SAUCES & SPREADS,eggless mayonnaise,egg,132.0,2023-01,414134.44999999995,0.03
2023-01,SAUCES & SPREADS,garlic chilli spread,Garlic Chilli Spread,97.20000000000005,2023-01,414134.44999999995,0.02
2023-01,SAUCES & SPREADS,gouda flavoured dressing,Veeba Gouda Flavoured Dressing,1890.0,2023-01,414134.44999999995,0.46
2023-01,SAUCES & SPREADS,honey mustard dressing,Honey,138.0,2023-01,414134.44999999995,0.03
2023-01,SAUCES & SPREADS,ketchup sachet,Veeba Ketchup Sachet,1163.54,2023-01,414134.44999999995,0.28
2023-01,SAUCES & SPREADS,makhani gravy,Veeba Makhani Gravy 1KG,421.1200000000001,2023-01,414134.44999999995,0.1
2023-01,SAUCES & SPREADS,pizza sauce,Veeba Pasta & Pizza Sauce 1KG,3240.0,2023-01,414134.44999999995,0.78
2023-01,SAUCES & SPREADS,pizza sauce,Pizza sauce premix,198.45,2023-01,414134.44999999995,0.05
2023-01,SAUCES & SPREADS,schezwan sauce,Schezwan sauce,340.0,2023-01,414134.44999999995,0.08
2023-01,SAUCES & SPREADS,tandoori spread,Veeba Tandoori Spread-1kg,108.5,2023-01,414134.44999999995,0.03
2023-01,SAUCES & SPREADS,thousand island dressing,Veeba ThousandIsland Dressing 1KG,563.97,2023-01,414134.44999999995,0.14
2023-01,SAUCES & SPREADS,tomato ketchup,Veeba T. Ketchup 1.2KG,482.71999999999997,2023-01,414134.44999999995,0.12
2023-01,STATIONERY & MISC,cash voucher book,Cash Voucher Book,112.0,2023-01,414134.44999999995,0.03
2023-01,STATIONERY & MISC,pen,Reitzel-Jalapeno Slice-2.9kg,1788.0,2023-01,414134.44999999995,0.43
2023-01,STATIONERY & MISC,pen,HABIT JALAPENO SLICES 2.9 KG,1034.88,2023-01,414134.44999999995,0.25
2023-01,STATIONERY & MISC,pen,Puramate Pasta-Penne Rigatte 500g,816.0,2023-01,414134.44999999995,0.2
2023-01,STATIONERY & MISC,pen,Knife Sharpener,145.0,2023-01,414134.44999999995,0.04
2023-01,STATIONERY & MISC,pen,pen,10.0,2023-01,414134.44999999995,0.0
2023-01,STATIONERY & MISC,seal ink,Seal Ink,30.0,2023-01,414134.44999999995,0.01
2023-01,STATIONERY & MISC,tape,cello tape,250.0,2023-01,414134.44999999995,0.06
2023-01,UNMAPPED,UNMAPPED,Sarwar Black Olive SLices 3.1KG,1890.0,2023-01,414134.44999999995,0.46
2023-01,UNMAPPED,UNMAPPED,Capcicum-Veg,1134.0,2023-01,414134.44999999995,0.27
2023-01,UNMAPPED,UNMAPPED,egg-6.50,539.5,2023-01,414134.44999999995,0.13
2023-01,UNMAPPED,UNMAPPED,Brocoli-isha Vegitable,440.0,2023-01,414134.44999999995,0.11
2023-01,UNMAPPED,UNMAPPED,Micro 20x26,245.0,2023-01,414134.44999999995,0.06
2023-01,UNMAPPED,UNMAPPED,Veeba Barbequesauce 1KG,265.6,2023-01,414134.44999999995,0.06
2023-01,UNMAPPED,UNMAPPED,Cashew nut,190.0,2023-01,414134.44999999995,0.05
2023-01,UNMAPPED,UNMAPPED,Cauli Flower-veg,169.5,2023-01,414134.44999999995,0.04
2023-01,UNMAPPED,UNMAPPED,Micro 16x20,175.0,2023-01,414134.44999999995,0.04
2023-01,UNMAPPED,UNMAPPED,Micro 16x20-Small pkt,160.0,2023-01,414134.44999999995,0.04
2023-01,UNMAPPED,UNMAPPED,Puramate Pasta-Gomiti Rigate - macroni - 500g,163.20000000000005,2023-01,414134.44999999995,0.04
2023-01,UNMAPPED,UNMAPPED,Bulb 584,110.0,2023-01,414134.44999999995,0.03
2023-01,UNMAPPED,UNMAPPED,M Thuvara,120.0,2023-01,414134.44999999995,0.03
2023-01,UNMAPPED,UNMAPPED,Micro 13x16,140.0,2023-01,414134.44999999995,0.03
2023-01,UNMAPPED,UNMAPPED,Parsely- Isga Vegitable,107.0,2023-01,414134.44999999995,0.03
2023-01,UNMAPPED,UNMAPPED,Ice cube,75.0,2023-01,414134.44999999995,0.02
2023-01,UNMAPPED,UNMAPPED,Jumbo Cover-Blue,91.0,2023-01,414134.44999999995,0.02
2023-01,UNMAPPED,UNMAPPED,Micro 27x30,90.0,2023-01,414134.44999999995,0.02
2023-01,UNMAPPED,UNMAPPED,Sumeru Nuggets Premium 1Kg,100.13000000000011,2023-01,414134.44999999995,0.02
2023-01,UNMAPPED,UNMAPPED,Agarbathi,35.0,2023-01,414134.44999999995,0.01
2023-01,UNMAPPED,UNMAPPED,Bush Colour,55.0,2023-01,414134.44999999995,0.01
2023-01,UNMAPPED,UNMAPPED,brinjal-veg,25.0,2023-01,414134.44999999995,0.01
2023-01,UNMAPPED,UNMAPPED,kovakka-veg,46.0,2023-01,414134.44999999995,0.01
2023-01,UNMAPPED,UNMAPPED,Agarbathi-Small,10.0,2023-01,414134.44999999995,0.0
2023-01,UNMAPPED,UNMAPPED,Neo Red Paprika 3Kg,0.0,2023-01,414134.44999999995,0.0
2023-01,UNMAPPED,UNMAPPED,Snakeguard-Veg,13.0,2023-01,414134.44999999995,0.0
2023-01,UNMAPPED,UNMAPPED,Vineger,4.200000000000001,2023-01,414134.44999999995,0.0
2023-01,UNMAPPED,UNMAPPED,lighter,10.0,2023-01,414134.44999999995,0.0
2023-01,UNMAPPED,UNMAPPED,Neo-Black Sliced Olives-3kg,-313.03999999999996,2023-01,414134.44999999995,-0.08
2023-01,UTILITIES & EXPENSES,lpg gas,Gas-LPG-HPCL,7190.0,2023-01,414134.44999999995,1.74
2023-01,UTILITIES & EXPENSES,lpg gas,Gas-LPG-IOCL,7200.0,2023-01,414134.44999999995,1.74
2023-01,UTILITIES & EXPENSES,petrol,Petrol-HPCL,3480.05,2023-01,414134.44999999995,0.84
2023-01,UTILITIES & EXPENSES,petrol,Petrol-Nayara,2699.78,2023-01,414134.44999999995,0.65
2023-01,UTILITIES & EXPENSES,petrol,Petrol-IOCL,2040.0,2023-01,414134.44999999995,0.49
2023-01,UTILITIES & EXPENSES,petrol,Petrol-BPCL,500.0,2023-01,414134.44999999995,0.12
2023-01,VEGETABLES,baby corn,Baby Corn Whole-Fresh-Isha Vegitables,319.96,2023-01,414134.44999999995,0.08
2023-01,VEGETABLES,beans,Beans-veg,12.0,2023-01,414134.44999999995,0.0
2023-01,VEGETABLES,bitter gourd,Bitter Guard-Veg,64.0,2023-01,414134.44999999995,0.02
2023-01,VEGETABLES,bitter gourd,bottle gourd,15.0,2023-01,414134.44999999995,0.0
2023-01,VEGETABLES,cabbage,cabbage-veg,40.0,2023-01,414134.44999999995,0.01
2023-01,VEGETABLES,capsicum,Red yellow capsicum-isha Vegitable,525.0,2023-01,414134.44999999995,0.13
2023-01,VEGETABLES,carrot,Carrot-Veg,125.0,2023-01,414134.44999999995,0.03
2023-01,VEGETABLES,cheera,Cheera-veg,100.0,2023-01,414134.44999999995,0.02
2023-01,VEGETABLES,coriander leaves,Coriander Leaves-Veg,94.0,2023-01,414134.44999999995,0.02
2023-01,VEGETABLES,cucumber,Cucumber-veg,34.0,2023-01,414134.44999999995,0.01
2023-01,VEGETABLES,fresh basil,Puramate Basil 250g Pouch,156.0,2023-01,414134.44999999995,0.04
2023-01,VEGETABLES,fresh basil,Basil-fresh-Isha Vegitables,131.0,2023-01,414134.44999999995,0.03
2023-01,VEGETABLES,garlic,Garlic-Veg,552.0,2023-01,414134.44999999995,0.13
2023-01,VEGETABLES,ginger,Ginger-Veg,48.0,2023-01,414134.44999999995,0.01
2023-01,VEGETABLES,lemon,Lemon-Veg,450.0,2023-01,414134.44999999995,0.11
2023-01,VEGETABLES,mint,DVC Mint Flavoured Syrup 750 ml,1165.02,2023-01,414134.44999999995,0.28
2023-01,VEGETABLES,mint,Mint-Veg,46.0,2023-01,414134.44999999995,0.01
2023-01,VEGETABLES,mushroom,G.Crown Mushroom Slice 800g,3430.0,2023-01,414134.44999999995,0.83
2023-01,VEGETABLES,onion,Onion-Veg,1869.0,2023-01,414134.44999999995,0.45
2023-01,VEGETABLES,potato,Potato-Veg,586.0,2023-01,414134.44999999995,0.14
2023-01,VEGETABLES,tomato,Tomato-Veg,2848.0,2023-01,414134.44999999995,0.69
2022-12,BAKERY & PREMIX,bread premix,bred premix,-189.0,2022-12,461247.8,-0.04
2022-12,BAKERY & PREMIX,brownie,Brownie,2208.64,2022-12,461247.8,0.48
2022-12,BAKERY & PREMIX,pizza premix,Pizza Premix,4326.52,2022-12,461247.8,0.94
2022-12,BEVERAGES,7up,7UP 750ml Pet,2612.84,2022-12,461247.8,0.57
2022-12,BEVERAGES,7up,7UP 1250ml Pet,1563.84,2022-12,461247.8,0.34
2022-12,BEVERAGES,7up,7up 250ml Pet,1312.5,2022-12,461247.8,0.28
2022-12,BEVERAGES,7up,7up 250ml Can,240.0,2022-12,461247.8,0.05
2022-12,BEVERAGES,aqua fina,Aqua Fina Mineral Water 1Ltr,209.99,2022-12,461247.8,0.05
2022-12,BEVERAGES,blue occean syrup,DVC BLUE OCCEAN FLV SYRUP 750ML,-139.79999999999995,2022-12,461247.8,-0.03
2022-12,BEVERAGES,dew,Dew 750ml Pet,1031.3899999999999,2022-12,461247.8,0.22
2022-12,BEVERAGES,dew,Dew 250ml Pet,455.0,2022-12,461247.8,0.1
2022-12,BEVERAGES,dew,Dew 250ml Can,270.0,2022-12,461247.8,0.06
2022-12,BEVERAGES,drinking water,drinking water-20ltr,60.0,2022-12,461247.8,0.01
2022-12,BEVERAGES,lehar soda,Lehar Soda,510.26000000000005,2022-12,461247.8,0.11
2022-12,BEVERAGES,mirinda,Mirinda 750ml pet,515.7,2022-12,461247.8,0.11
2022-12,BEVERAGES,mirinda,Mirinda 250ml pet,297.5,2022-12,461247.8,0.06
2022-12,BEVERAGES,passion fruit syrup,DVC Passion Fruit 750ML,699.2,2022-12,461247.8,0.15
2022-12,BEVERAGES,passion fruit syrup,DVC PASSION FRUIT FLV SYRUP 750ML,-372.8,2022-12,461247.8,-0.08
2022-12,BEVERAGES,pepsi,Pepsi 250ml Pet,1942.5,2022-12,461247.8,0.42
2022-12,BEVERAGES,pepsi,Pepsi 750ml Pet,1959.63,2022-12,461247.8,0.42
2022-12,BEVERAGES,pepsi,Pepsi 1250ml Pet,1216.32,2022-12,461247.8,0.26
2022-12,BEVERAGES,pepsi,Pepsi 250ml Can,1050.0,2022-12,461247.8,0.23
2022-12,BEVERAGES,slice mango,Slice Mango 250ml pet,689.13,2022-12,461247.8,0.15
2022-12,BEVERAGES,sting,Sting 250ml pet,157.5,2022-12,461247.8,0.03
2022-12,BEVERAGES,strawberry syrup,Strawberry sause 750,0.0,2022-12,461247.8,0.0
2022-12,BEVERAGES,tropicana guava,Tropicana Guava Delight,353.4,2022-12,461247.8,0.08
2022-12,BEVERAGES,tropicana mixed fruit,Tropicana Mixed Fruit Delight,106.02,2022-12,461247.8,0.02
2022-12,CHEESE & DAIRY,butter,butter,2090.0,2022-12,461247.8,0.45
2022-12,CHEESE & DAIRY,butter,Butter,874.0,2022-12,461247.8,0.19
2022-12,CHEESE & DAIRY,butter,Butter Scotch Ice-cream,87.19999999999999,2022-12,461247.8,0.02
2022-12,CHEESE & DAIRY,butter,Butter Scotch Sauce 750ml,36.8,2022-12,461247.8,0.01
2022-12,CHEESE & DAIRY,butter,Paneer Tikka Butter Masala,0.0,2022-12,461247.8,0.0
2022-12,CHEESE & DAIRY,cheddar cheese,GO Orange Cheddar Cheese 2kg,1189.6499999999999,2022-12,461247.8,0.26
2022-12,CHEESE & DAIRY,curd,Curd-Sheethal-400g,210.0,2022-12,461247.8,0.05
2022-12,CHEESE & DAIRY,double cream,Double Cream-Rich-1kg,784.0,2022-12,461247.8,0.17
2022-12,CHEESE & DAIRY,fresh cream,Vanilla Ice-cream,1462.9199999999998,2022-12,461247.8,0.32
2022-12,CHEESE & DAIRY,fresh cream,Flexi Cream Gold,390.0,2022-12,461247.8,0.08
2022-12,CHEESE & DAIRY,fresh cream,Strawberry-Ice cream,-22.819999999999936,2022-12,461247.8,-0.0
2022-12,CHEESE & DAIRY,fresh cream,Chocolate Ice-cream,-101.72999999999996,2022-12,461247.8,-0.02
2022-12,CHEESE & DAIRY,milk,Milkymist Cheese BLock 1KG,2750.0,2022-12,461247.8,0.6
2022-12,CHEESE & DAIRY,milk,Milk-Sheethal-450ml,1179.0,2022-12,461247.8,0.26
2022-12,CHEESE & DAIRY,milk,Milk-Elanad-500ml,730.0,2022-12,461247.8,0.16
2022-12,CHEESE & DAIRY,milk,Milk-Milma,78.0,2022-12,461247.8,0.02
2022-12,CHEESE & DAIRY,milk,milk,95.0,2022-12,461247.8,0.02
2022-12,CHEESE & DAIRY,milk,Mittai-Milk-Amul,59.0,2022-12,461247.8,0.01
2022-12,CHEESE & DAIRY,milk,milk-Milma-525ml,25.0,2022-12,461247.8,0.01
2022-12,CHEESE & DAIRY,monterey jack,GO-Monterey Jack Cheese-2kg,122.0,2022-12,461247.8,0.03
2022-12,CHEESE & DAIRY,mozzarella,AMUL Mozzarella Diced 1Kg,37592.05,2022-12,461247.8,8.15
2022-12,CHEESE & DAIRY,mozzarella,AMUL Mozzarella Cheese Block 1Kg,1650.0,2022-12,461247.8,0.36
2022-12,CHEESE & DAIRY,paneer,Paneer,2227.5,2022-12,461247.8,0.48
2022-12,CHEESE & DAIRY,processed cheese,Processed cheese block,-1258.8,2022-12,461247.8,-0.27
2022-12,CLEANING SUPPLIES,ant powder,Ant repellent powder,30.0,2022-12,461247.8,0.01
2022-12,CLEANING SUPPLIES,cockroach chalk,cockroach killer chalk,15.0,2022-12,461247.8,0.0
2022-12,CLEANING SUPPLIES,dishwash cake,Exo Dishwash cake,63.400000000000006,2022-12,461247.8,0.01
2022-12,CLEANING SUPPLIES,dishwash cake,Exo Dishwash cake big,9.0,2022-12,461247.8,0.0
2022-12,CLEANING SUPPLIES,dishwash liquid,Dishwash-Liquid,250.0,2022-12,461247.8,0.05
2022-12,CLEANING SUPPLIES,steel wool,Exo Steel Wool,30.0,2022-12,461247.8,0.01
2022-12,CLEANING SUPPLIES,toilet cleaner,Toilet cleaner-Acid,250.0,2022-12,461247.8,0.05
2022-12,CLEANING SUPPLIES,wiper,Wiper-Arafa,110.0,2022-12,461247.8,0.02
2022-12,"FLOUR, GRAINS & DRY GOODS",atta,Bornless Chicken- pattambi,1878.8,2022-12,461247.8,0.41
2022-12,"FLOUR, GRAINS & DRY GOODS",atta,Atta Loose,889.16,2022-12,461247.8,0.19
2022-12,"FLOUR, GRAINS & DRY GOODS",corn meal,Corn Meal - MAKKA RAVA,238.5,2022-12,461247.8,0.05
2022-12,"FLOUR, GRAINS & DRY GOODS",dry yeast,Dried Yeast,1272.77,2022-12,461247.8,0.28
2022-12,"FLOUR, GRAINS & DRY GOODS",maida,Maida(Porotta 50kg),9512.0,2022-12,461247.8,2.06
2022-12,"FLOUR, GRAINS & DRY GOODS",masoor dal,Masoor-Red,285.0,2022-12,461247.8,0.06
2022-12,"FLOUR, GRAINS & DRY GOODS",rava,Rava,11.0,2022-12,461247.8,0.0
2022-12,"FLOUR, GRAINS & DRY GOODS",rice,Ponni Rice-Bag,646.0,2022-12,461247.8,0.14
2022-12,"FLOUR, GRAINS & DRY GOODS",rice,Rice-ponni,628.0,2022-12,461247.8,0.14
2022-12,"FLOUR, GRAINS & DRY GOODS",rice,Ponni Rice,131.0,2022-12,461247.8,0.03
2022-12,"FLOUR, GRAINS & DRY GOODS",rice,Rice-ponni-Madurai,114.0,2022-12,461247.8,0.02
2022-12,"FLOUR, GRAINS & DRY GOODS",sugar,Sugar,77.0,2022-12,461247.8,0.02
2022-12,"FLOUR, GRAINS & DRY GOODS",sugar,sugar,78.0,2022-12,461247.8,0.02
2022-12,"FLOUR, GRAINS & DRY GOODS",sugar,Sugar-Loose,68.0,2022-12,461247.8,0.01
2022-12,"FLOUR, GRAINS & DRY GOODS",tea,Tea Loose,79.0,2022-12,461247.8,0.02
2022-12,"FLOUR, GRAINS & DRY GOODS",tea,AVT Premium Tea,30.0,2022-12,461247.8,0.01
2022-12,FROZEN ITEMS,french fries,French Fries 6mm-ITC,14010.0,2022-12,461247.8,3.04
2022-12,FROZEN ITEMS,french fries,French Fries 6mm-Hungritos,-1080.0,2022-12,461247.8,-0.23
2022-12,FROZEN ITEMS,frozen sweet corn,Frozen Sweet Corn,721.0,2022-12,461247.8,0.16
2022-12,FROZEN ITEMS,potato wedges,Mc Cain Potato Wedges 2.5kg,787.7600000000002,2022-12,461247.8,0.17
2022-12,FRUITS,apple,DVC Green Apple 750 ML,699.01,2022-12,461247.8,0.15
2022-12,FRUITS,black grapes,Black Grapes,18.0,2022-12,461247.8,0.0
2022-12,FRUITS,cherry,Cherry,30.0,2022-12,461247.8,0.01
2022-12,FRUITS,pineapple,Pineapple-Veg,193.0,2022-12,461247.8,0.04
2022-12,FRUITS,pineapple,Pineapple slice-Tajir Habit-500g,0.0,2022-12,461247.8,0.0
2022-12,FRUITS,red apple,Red Apple,50.0,2022-12,461247.8,0.01
2022-12,KITCHEN EQUIPMENT & UTENSILS,aluminium uruli,Aluminium Uruli,375.0,2022-12,461247.8,0.08
2022-12,KITCHEN EQUIPMENT & UTENSILS,tripod,Tripod,280.25,2022-12,461247.8,0.06
2022-12,MASALA & SEASONINGS,bbq mix,BBQ Wings,1117.2000000000007,2022-12,461247.8,0.24
2022-12,MASALA & SEASONINGS,bbq mix,BBQ Mix Masala,398.1600000000003,2022-12,461247.8,0.09
2022-12,MASALA & SEASONINGS,black pepper,Black pepper,-50.0,2022-12,461247.8,-0.01
2022-12,MASALA & SEASONINGS,chicken masala,Tandoori Chicken Masala-Bakers,72.0,2022-12,461247.8,0.02
2022-12,MASALA & SEASONINGS,chicken masala,Chicken Masala,26.0,2022-12,461247.8,0.01
2022-12,MASALA & SEASONINGS,chicken masala,Chicken Masala-Eastern,45.0,2022-12,461247.8,0.01
2022-12,MASALA & SEASONINGS,chicken masala,Chicken Masala-Quality,38.0,2022-12,461247.8,0.01
2022-12,MASALA & SEASONINGS,chicken masala,chicken masala,-13.0,2022-12,461247.8,-0.0
2022-12,MASALA & SEASONINGS,chilli flakes,Chilli Flakes-Puramate-400grm,0.0,2022-12,461247.8,0.0
2022-12,MASALA & SEASONINGS,chilli flakes,Chilli Flakes-Eastern,-176.0,2022-12,461247.8,-0.04
2022-12,MASALA & SEASONINGS,chilli powder,Chilli Powder,-99.0,2022-12,461247.8,-0.02
2022-12,MASALA & SEASONINGS,chilly flakes,CHILLY FLAKES SACHET 0.8GM,1254.55,2022-12,461247.8,0.27
2022-12,MASALA & SEASONINGS,chilly flakes,Green Chilly-Veg,157.0,2022-12,461247.8,0.03
2022-12,MASALA & SEASONINGS,coriander powder,Coriander Powder-loose,210.0,2022-12,461247.8,0.05
2022-12,MASALA & SEASONINGS,herb mix,Herb Mix Masla,174.7199999999998,2022-12,461247.8,0.04
2022-12,MASALA & SEASONINGS,herb mix,Chettinad Mix,65.1,2022-12,461247.8,0.01
2022-12,MASALA & SEASONINGS,mexican masala,Mexican Masala,1749.4399999999996,2022-12,461247.8,0.38
2022-12,MASALA & SEASONINGS,mixed herbs,Mixed Herb Loose,0.0,2022-12,461247.8,0.0
2022-12,MASALA & SEASONINGS,mutton masala,Mutton Masala,20.0,2022-12,461247.8,0.0
2022-12,MASALA & SEASONINGS,oregano,Oregano Sprinkler 500g,1189.0,2022-12,461247.8,0.26
2022-12,MASALA & SEASONINGS,oregano,OREGANO SACHET 0.8GM,1160.3899999999999,2022-12,461247.8,0.25
2022-12,MASALA & SEASONINGS,piri piri marinade,Piri Piri Marinade 1KG,222.5,2022-12,461247.8,0.05
2022-12,MASALA & SEASONINGS,salt,Salt Powder,35.0,2022-12,461247.8,0.01
2022-12,MASALA & SEASONINGS,salt,Salt,7.2,2022-12,461247.8,0.0
2022-12,MASALA & SEASONINGS,tandoori masala,Tandoori mix Masala,806.6799999999998,2022-12,461247.8,0.17
2022-12,MASALA & SEASONINGS,turmeric powder,Turmeric Powder,60.0,2022-12,461247.8,0.01
2022-12,MASALA & SEASONINGS,turmeric powder,Turmeric Powder-loose,34.0,2022-12,461247.8,0.01
2022-12,MEAT & POULTRY,chicken kheema,chicken kheema-Adakkaputhur,502.0,2022-12,461247.8,0.11
2022-12,MEAT & POULTRY,chicken kheema,Chicken Kheema,388.5,2022-12,461247.8,0.08
2022-12,MEAT & POULTRY,chicken kheema,Chicken Kheema  Masala,97.64999999999998,2022-12,461247.8,0.02
2022-12,MEAT & POULTRY,chicken salami,SALAMI,697.51,2022-12,461247.8,0.15
2022-12,MEAT & POULTRY,chicken salami,Zippy Chicken Salami,-37.72000000000003,2022-12,461247.8,-0.01
2022-12,MEAT & POULTRY,chicken sausage,Chicken Sausage,276.0,2022-12,461247.8,0.06
2022-12,MEAT & POULTRY,lamb pepperoni,Lamp Pepperoni,376.5999999999999,2022-12,461247.8,0.08
2022-12,MEAT & POULTRY,mutton,Mutton,150.0,2022-12,461247.8,0.03
2022-12,MEAT & POULTRY,staff chicken,Chicken-Whole-Staff,1322.99,2022-12,461247.8,0.29
2022-12,MEAT & POULTRY,whole chicken,Bornless Chicken- Adakkaputhur,11201.079999999998,2022-12,461247.8,2.43
2022-12,OILS,mustard oil,Mustard Oil,100.0,2022-12,461247.8,0.02
2022-12,OILS,mustard oil,Mustard-Oil,77.0,2022-12,461247.8,0.02
2022-12,OILS,nallenna,Nallenna-500ml-Pavan,130.0,2022-12,461247.8,0.03
2022-12,OILS,palm oil,Palm Oil - Refined Oil,5305.0,2022-12,461247.8,1.15
2022-12,OILS,palm oil,Palm Oil,918.0,2022-12,461247.8,0.2
2022-12,PACKAGING MATERIALS,burger box,Mini Burger Box,-135.5,2022-12,461247.8,-0.03
2022-12,PACKAGING MATERIALS,butter paper,butter papper,395.5,2022-12,461247.8,0.09
2022-12,PACKAGING MATERIALS,catering cap,Catering Cap,160.0,2022-12,461247.8,0.03
2022-12,PACKAGING MATERIALS,french fries box,French Fries Box,853.4000000000001,2022-12,461247.8,0.19
2022-12,PACKAGING MATERIALS,garlic bread box,Garlic Bread Box,2443.62,2022-12,461247.8,0.53
2022-12,PACKAGING MATERIALS,large pizza box,Large Pizza Box,1637.25,2022-12,461247.8,0.35
2022-12,PACKAGING MATERIALS,medium pizza box,Medium Pizza Box,6098.1900000000005,2022-12,461247.8,1.32
2022-12,PACKAGING MATERIALS,paper bag,Papper carry bag medium,799.5,2022-12,461247.8,0.17
2022-12,PACKAGING MATERIALS,paper bag,Papper carry bag small,646.0,2022-12,461247.8,0.14
2022-12,PACKAGING MATERIALS,paper bag,Papper carry bag large,437.0,2022-12,461247.8,0.09
2022-12,PACKAGING MATERIALS,paper glass,Moktails Glass,834.21,2022-12,461247.8,0.18
2022-12,PACKAGING MATERIALS,paper glass,Paper Glass,393.4,2022-12,461247.8,0.09
2022-12,PACKAGING MATERIALS,paper plate,Paper Plates,8.0,2022-12,461247.8,0.0
2022-12,PACKAGING MATERIALS,paper straw,Paper Straw,87.25,2022-12,461247.8,0.02
2022-12,PACKAGING MATERIALS,pasta container,Pasta Container Black,828.0000000000002,2022-12,461247.8,0.18
2022-12,PACKAGING MATERIALS,plastic cover,plastic Cover-1kg,850.0,2022-12,461247.8,0.18
2022-12,PACKAGING MATERIALS,plastic cover,Plastic Cover 16X20,130.0,2022-12,461247.8,0.03
2022-12,PACKAGING MATERIALS,plastic cover,plastic Colour Cover,160.0,2022-12,461247.8,0.03
2022-12,PACKAGING MATERIALS,plastic cover,plastic cover 5kg,68.0,2022-12,461247.8,0.01
2022-12,PACKAGING MATERIALS,regular pizza box,Regular Pizza Box,3762.78,2022-12,461247.8,0.82
2022-12,PACKAGING MATERIALS,salad bowl,Salad Bowl 500ml,413.81999999999994,2022-12,461247.8,0.09
2022-12,PACKAGING MATERIALS,salad bowl,Salad Bowl 250ml,371.06999999999994,2022-12,461247.8,0.08
2022-12,PACKAGING MATERIALS,salad bowl,Dip Bowl,233.04999999999995,2022-12,461247.8,0.05
2022-12,PACKAGING MATERIALS,tissue,Tissue-Energy-Big,180.0,2022-12,461247.8,0.04
2022-12,PACKAGING MATERIALS,tissue,Tissue,94.0,2022-12,461247.8,0.02
2022-12,PACKAGING MATERIALS,tissue,Tissue Big,94.0,2022-12,461247.8,0.02
2022-12,PACKAGING MATERIALS,tissue,Tissue Spl,29.0,2022-12,461247.8,0.01
2022-12,PACKAGING MATERIALS,tissue,tissue,30.0,2022-12,461247.8,0.01
2022-12,PACKAGING MATERIALS,tooth pick,Tooth Pick,15.0,2022-12,461247.8,0.0
2022-12,PACKAGING MATERIALS,wooden fork,Wooden Fork-160mm,-21.0,2022-12,461247.8,-0.0
2022-12,PACKAGING MATERIALS,wooden spoon,Wooden Spoon-110mm,124.80000000000001,2022-12,461247.8,0.03
2022-12,PACKAGING MATERIALS,wooden spoon,Wooden Spoon-160mm,25.480000000000004,2022-12,461247.8,0.01
2022-12,SAUCES & SPREADS,chocolate sauce,DVC CHocolate Sauce 2 LTR,115.05,2022-12,461247.8,0.02
2022-12,SAUCES & SPREADS,chocolate sauce,Malas Chocolate Sauce 5 ltr,0.0,2022-12,461247.8,0.0
2022-12,SAUCES & SPREADS,eggless mayonnaise,Egg,929.0,2022-12,461247.8,0.2
2022-12,SAUCES & SPREADS,eggless mayonnaise,Veeba Eggless Mayonise Chef 1KG,840.0,2022-12,461247.8,0.18
2022-12,SAUCES & SPREADS,eggless mayonnaise,egg,66.0,2022-12,461247.8,0.01
2022-12,SAUCES & SPREADS,garlic chilli spread,Garlic Chilli Spread,324.0,2022-12,461247.8,0.07
2022-12,SAUCES & SPREADS,gouda flavoured dressing,Veeba Gouda Flavoured Dressing,1785.0,2022-12,461247.8,0.39
2022-12,SAUCES & SPREADS,honey mustard dressing,Honey,46.0,2022-12,461247.8,0.01
2022-12,SAUCES & SPREADS,ketchup sachet,Veeba Ketchup Sachet,1684.38,2022-12,461247.8,0.37
2022-12,SAUCES & SPREADS,makhani gravy,Veeba Makhani Gravy 1KG,421.12,2022-12,461247.8,0.09
2022-12,SAUCES & SPREADS,pizza sauce,Veeba Pasta & Pizza Sauce 1KG,3060.0,2022-12,461247.8,0.66
2022-12,SAUCES & SPREADS,pizza sauce,Pizza sauce premix,2268.0,2022-12,461247.8,0.49
2022-12,SAUCES & SPREADS,schezwan sauce,Schezwan sauce,646.0,2022-12,461247.8,0.14
2022-12,SAUCES & SPREADS,thousand island dressing,Veeba ThousandIsland Dressing 1KG,0.0,2022-12,461247.8,0.0
2022-12,SAUCES & SPREADS,tomato ketchup,Veeba T. Ketchup 1.2KG,340.71,2022-12,461247.8,0.07
2022-12,STATIONERY & MISC,apron,Apron,95.0,2022-12,461247.8,0.02
2022-12,STATIONERY & MISC,cash voucher book,Cash Voucher Book,96.0,2022-12,461247.8,0.02
2022-12,STATIONERY & MISC,decoration items,decoration-Mala,160.0,2022-12,461247.8,0.03
2022-12,STATIONERY & MISC,decoration items,decoration-New Year mala,70.0,2022-12,461247.8,0.02
2022-12,STATIONERY & MISC,decoration items,decoration-Star-2,70.0,2022-12,461247.8,0.02
2022-12,STATIONERY & MISC,decoration items,decoration-Baloon,50.0,2022-12,461247.8,0.01
2022-12,STATIONERY & MISC,decoration items,decoration-Star-1,45.0,2022-12,461247.8,0.01
2022-12,STATIONERY & MISC,electric wire,Electric Wire,155.0,2022-12,461247.8,0.03
2022-12,STATIONERY & MISC,insulation tape,Insulation Tape,27.0,2022-12,461247.8,0.01
2022-12,STATIONERY & MISC,note book,Note Book,30.0,2022-12,461247.8,0.01
2022-12,STATIONERY & MISC,pen,TAJIR JALAPENO SLICES 2.5 KG,1140.0,2022-12,461247.8,0.25
2022-12,STATIONERY & MISC,pen,Puramate Pasta-Penne Rigatte 500g,680.0,2022-12,461247.8,0.15
2022-12,STATIONERY & MISC,pen,HABIT JALAPENO SLICES 2.9 KG,147.83999999999992,2022-12,461247.8,0.03
2022-12,STATIONERY & MISC,pen,pen,20.0,2022-12,461247.8,0.0
2022-12,STATIONERY & MISC,spray gun,Spray-Gun,40.0,2022-12,461247.8,0.01
2022-12,UNMAPPED,UNMAPPED,Capcicum-Veg,1593.0,2022-12,461247.8,0.35
2022-12,UNMAPPED,UNMAPPED,Sumeru Nuggets Premium 1Kg,1343.37,2022-12,461247.8,0.29
2022-12,UNMAPPED,UNMAPPED,Neo-Black Sliced Olives-3kg,1196.0,2022-12,461247.8,0.26
2022-12,UNMAPPED,UNMAPPED,Red Yellow Capcicum,511.8,2022-12,461247.8,0.11
2022-12,UNMAPPED,UNMAPPED,LED Star,448.0,2022-12,461247.8,0.1
2022-12,UNMAPPED,UNMAPPED,Micro 20x26,459.66999999999996,2022-12,461247.8,0.1
2022-12,UNMAPPED,UNMAPPED,Brocoli,416.5,2022-12,461247.8,0.09
2022-12,UNMAPPED,UNMAPPED,Cashew nut,300.0,2022-12,461247.8,0.07
2022-12,UNMAPPED,UNMAPPED,Micro 13x16,297.5,2022-12,461247.8,0.06
2022-12,UNMAPPED,UNMAPPED,Cauli Flower-veg,249.0,2022-12,461247.8,0.05
2022-12,UNMAPPED,UNMAPPED,M Thuvara,233.98000000000002,2022-12,461247.8,0.05
2022-12,UNMAPPED,UNMAPPED,Puramate Pasta-Gomiti Rigate - macroni - 500g,204.0,2022-12,461247.8,0.04
2022-12,UNMAPPED,UNMAPPED,Micro 16x20,137.2,2022-12,461247.8,0.03
2022-12,UNMAPPED,UNMAPPED,Parsely-Veg,133.2,2022-12,461247.8,0.03
2022-12,UNMAPPED,UNMAPPED,Towel,125.0,2022-12,461247.8,0.03
2022-12,UNMAPPED,UNMAPPED,Agarbathi,110.0,2022-12,461247.8,0.02
2022-12,UNMAPPED,UNMAPPED,Jumbo Cover-Blue,84.0,2022-12,461247.8,0.02
2022-12,UNMAPPED,UNMAPPED,Micro 27x30,90.0,2022-12,461247.8,0.02
2022-12,UNMAPPED,UNMAPPED,cover colour,90.0,2022-12,461247.8,0.02
2022-12,UNMAPPED,UNMAPPED,Ice cube,30.0,2022-12,461247.8,0.01
2022-12,UNMAPPED,UNMAPPED,Ice-cube,45.0,2022-12,461247.8,0.01
2022-12,UNMAPPED,UNMAPPED,PVC Bend,30.0,2022-12,461247.8,0.01
2022-12,UNMAPPED,UNMAPPED,brinjal-veg,30.0,2022-12,461247.8,0.01
2022-12,UNMAPPED,UNMAPPED,pappaya-veg,36.0,2022-12,461247.8,0.01
2022-12,UNMAPPED,UNMAPPED,Exo spnge,12.0,2022-12,461247.8,0.0
2022-12,UNMAPPED,UNMAPPED,Sarwar Black Olive SLices 3.1KG,0.0,2022-12,461247.8,0.0
2022-12,UNMAPPED,UNMAPPED,Snakeguard-Veg,18.0,2022-12,461247.8,0.0
2022-12,UNMAPPED,UNMAPPED,Veeba Barbequesauce 1KG,20.74000000000001,2022-12,461247.8,0.0
2022-12,UNMAPPED,UNMAPPED,Vineger,4.199999999999999,2022-12,461247.8,0.0
2022-12,UNMAPPED,UNMAPPED,Wall Hook,15.0,2022-12,461247.8,0.0
2022-12,UNMAPPED,UNMAPPED,funel,12.0,2022-12,461247.8,0.0
2022-12,UNMAPPED,UNMAPPED,kovakka-veg,20.0,2022-12,461247.8,0.0
2022-12,UNMAPPED,UNMAPPED,Neo Red Paprika 3Kg,-44.51999999999998,2022-12,461247.8,-0.01
2022-12,UTILITIES & EXPENSES,lpg gas,Gas-LPG-HPCL,7120.0,2022-12,461247.8,1.54
2022-12,UTILITIES & EXPENSES,lpg gas,Gas-LPG-IOCL,5340.0,2022-12,461247.8,1.16
2022-12,UTILITIES & EXPENSES,petrol,Petrol-IOCL,3720.12,2022-12,461247.8,0.81
2022-12,UTILITIES & EXPENSES,petrol,Petrol-HPCL,3620.15,2022-12,461247.8,0.78
2022-12,UTILITIES & EXPENSES,petrol,Petrol-Nayara,2700.0,2022-12,461247.8,0.59
2022-12,VEGETABLES,baby corn,Baby Corn Whole-Fresh,1004.0,2022-12,461247.8,0.22
2022-12,VEGETABLES,baby corn,Baby Corn Whole-800GM-Tajir Habit,112.0,2022-12,461247.8,0.02
2022-12,VEGETABLES,beans,Beans-veg,8.0,2022-12,461247.8,0.0
2022-12,VEGETABLES,bitter gourd,Bitter Guard-Veg,36.0,2022-12,461247.8,0.01
2022-12,VEGETABLES,bitter gourd,bottle gourd,26.0,2022-12,461247.8,0.01
2022-12,VEGETABLES,broccoli,Broccoli-royal,73.0,2022-12,461247.8,0.02
2022-12,VEGETABLES,cabbage,cabbage-veg,14.0,2022-12,461247.8,0.0
2022-12,VEGETABLES,capsicum,Red yellow capsicum,490.0,2022-12,461247.8,0.11
2022-12,VEGETABLES,carrot,Carrot-Veg,49.0,2022-12,461247.8,0.01
2022-12,VEGETABLES,cheera,Cheera-veg,20.0,2022-12,461247.8,0.0
2022-12,VEGETABLES,coriander leaves,Coriander Leaves-Veg,89.0,2022-12,461247.8,0.02
2022-12,VEGETABLES,cucumber,Cucumber-veg,33.5,2022-12,461247.8,0.01
2022-12,VEGETABLES,fresh basil,Puramate Basil 250g Pouch,78.0,2022-12,461247.8,0.02
2022-12,VEGETABLES,fresh basil,Basil-fresh,68.0,2022-12,461247.8,0.01
2022-12,VEGETABLES,garlic,Garlic-Veg,178.0,2022-12,461247.8,0.04
2022-12,VEGETABLES,ginger,Ginger-Veg,46.0,2022-12,461247.8,0.01
2022-12,VEGETABLES,ginger,ginger,22.0,2022-12,461247.8,0.0
2022-12,VEGETABLES,lemon,Lemon-Veg,439.0,2022-12,461247.8,0.1
2022-12,VEGETABLES,lemon,Lemon Pickle-500grm-pkt,44.0,2022-12,461247.8,0.01
2022-12,VEGETABLES,mint,DVC Mint Flavoured Syrup 750 ml,1398.03,2022-12,461247.8,0.3
2022-12,VEGETABLES,mint,Mint-Veg,81.0,2022-12,461247.8,0.02
2022-12,VEGETABLES,mushroom,G.Crown Mushroom Slice 800g,5292.0,2022-12,461247.8,1.15
2022-12,VEGETABLES,onion,Onion-Veg,2160.99,2022-12,461247.8,0.47
2022-12,VEGETABLES,potato,Potato-Veg,660.0,2022-12,461247.8,0.14
2022-12,VEGETABLES,tomato,Tomato-Veg,2504.0,2022-12,461247.8,0.54
2022-11,BAKERY & PREMIX,bread premix,bred premix,189.0,2022-11,426001.85,0.04
2022-11,BAKERY & PREMIX,brownie,Brownie,2284.8,2022-11,426001.85,0.54
2022-11,BAKERY & PREMIX,pizza premix,Pizza Premix,3852.9800000000005,2022-11,426001.85,0.9
2022-11,BEVERAGES,7up,7UP 1250ml Pet,2027.1999999999998,2022-11,426001.85,0.48
2022-11,BEVERAGES,7up,7UP 750ml Pet,2062.77,2022-11,426001.85,0.48
2022-11,BEVERAGES,7up,7up 250ml Pet,1627.5,2022-11,426001.85,0.38
2022-11,BEVERAGES,7up,7up 250ml Can,408.0,2022-11,426001.85,0.1
2022-11,BEVERAGES,aqua fina,Aqua Fina Mineral Water 1Ltr,181.98000000000002,2022-11,426001.85,0.04
2022-11,BEVERAGES,blue occean syrup,DVC BLUE OCCEAN FLV SYRUP 750ML,815.79,2022-11,426001.85,0.19
2022-11,BEVERAGES,dew,Dew 250ml Pet,962.5,2022-11,426001.85,0.23
2022-11,BEVERAGES,dew,Dew 750ml Pet,790.72,2022-11,426001.85,0.19
2022-11,BEVERAGES,dew,Dew 250ml Can,390.0,2022-11,426001.85,0.09
2022-11,BEVERAGES,lehar soda,Lehar Soda,411.49999999999994,2022-11,426001.85,0.1
2022-11,BEVERAGES,mirinda,Mirinda 750ml pet,378.18,2022-11,426001.85,0.09
2022-11,BEVERAGES,mirinda,Mirinda 250ml pet,315.0,2022-11,426001.85,0.07
2022-11,BEVERAGES,passion fruit syrup,DVC PASSION FRUIT FLV SYRUP 750ML,1340.01,2022-11,426001.85,0.31
2022-11,BEVERAGES,passion fruit syrup,DVC Passion Fruit 750ML,-699.2,2022-11,426001.85,-0.16
2022-11,BEVERAGES,pepsi,Pepsi 250ml Pet,2432.5,2022-11,426001.85,0.57
2022-11,BEVERAGES,pepsi,Pepsi 750ml Pet,2372.19,2022-11,426001.85,0.56
2022-11,BEVERAGES,pepsi,Pepsi 1250ml Pet,984.6399999999999,2022-11,426001.85,0.23
2022-11,BEVERAGES,pepsi,Pepsi 250ml Can,540.0,2022-11,426001.85,0.13
2022-11,BEVERAGES,slice mango,Slice Mango 250ml pet,689.1300000000001,2022-11,426001.85,0.16
2022-11,BEVERAGES,sting,Sting 250ml pet,350.0,2022-11,426001.85,0.08
2022-11,BEVERAGES,strawberry syrup,Strawberry sause 750,0.0,2022-11,426001.85,0.0
2022-11,CHEESE & DAIRY,butter,Butter,1216.0,2022-11,426001.85,0.29
2022-11,CHEESE & DAIRY,butter,Paneer Tikka Butter Masala,705.6,2022-11,426001.85,0.17
2022-11,CHEESE & DAIRY,butter,Butter Scotch Ice-cream,523.23,2022-11,426001.85,0.12
2022-11,CHEESE & DAIRY,butter,butter,380.0,2022-11,426001.85,0.09
2022-11,CHEESE & DAIRY,butter,Butter Scotch Sauce 750ml,36.8,2022-11,426001.85,0.01
2022-11,CHEESE & DAIRY,cheddar cheese,GO Orange Cheddar Cheese 2kg,-2435.95,2022-11,426001.85,-0.57
2022-11,CHEESE & DAIRY,colby cheese,GO Colby Cheese Block 2kg,3172.0,2022-11,426001.85,0.74
2022-11,CHEESE & DAIRY,curd,Curd-Elanad-500ml,180.0,2022-11,426001.85,0.04
2022-11,CHEESE & DAIRY,curd,Curd-Sheethal-400g,81.0,2022-11,426001.85,0.02
2022-11,CHEESE & DAIRY,fresh cream,Flexi Cream Gold,1170.0,2022-11,426001.85,0.27
2022-11,CHEESE & DAIRY,fresh cream,Vanilla Ice-cream,1013.04,2022-11,426001.85,0.24
2022-11,CHEESE & DAIRY,fresh cream,Chocolate Ice-cream,261.61,2022-11,426001.85,0.06
2022-11,CHEESE & DAIRY,fresh cream,Strawberry-Ice cream,114.08999999999992,2022-11,426001.85,0.03
2022-11,CHEESE & DAIRY,milk,Milk-Elanad-500ml,1925.0,2022-11,426001.85,0.45
2022-11,CHEESE & DAIRY,milk,Milk-Milma,46.0,2022-11,426001.85,0.01
2022-11,CHEESE & DAIRY,milk,milk-Milma-525ml,25.0,2022-11,426001.85,0.01
2022-11,CHEESE & DAIRY,monterey jack,GO-Monterey Jack Cheese-2kg,61.0,2022-11,426001.85,0.01
2022-11,CHEESE & DAIRY,mozzarella,AMUL Mozzarella Diced 1Kg,34654.47,2022-11,426001.85,8.13
2022-11,CHEESE & DAIRY,mozzarella,AMUL Mozzarella Cheese Block 1Kg,3300.0,2022-11,426001.85,0.77
2022-11,CHEESE & DAIRY,paneer,Paneer,783.0,2022-11,426001.85,0.18
2022-11,CHEESE & DAIRY,processed cheese,Processed cheese block,1564.8,2022-11,426001.85,0.37
2022-11,CLEANING SUPPLIES,dishwash cake,Exo Dishwash cake,6.600000000000001,2022-11,426001.85,0.0
2022-11,CLEANING SUPPLIES,floor cleaning liquid,Floor Cleaning Liquid Soad,230.0,2022-11,426001.85,0.05
2022-11,CLEANING SUPPLIES,mop,Mop Cotton,55.0,2022-11,426001.85,0.01
2022-11,CLEANING SUPPLIES,steel wool,Exo Steel Wool,64.0,2022-11,426001.85,0.02
2022-11,"FLOUR, GRAINS & DRY GOODS",atta,Bornless Chicken- pattambi,13476.2,2022-11,426001.85,3.16
2022-11,"FLOUR, GRAINS & DRY GOODS",atta,Atta Loose,865.83,2022-11,426001.85,0.2
2022-11,"FLOUR, GRAINS & DRY GOODS",atta,Atta-Tasty-pkt-1kg,53.0,2022-11,426001.85,0.01
2022-11,"FLOUR, GRAINS & DRY GOODS",corn meal,Corn Meal - MAKKA RAVA,166.5,2022-11,426001.85,0.04
2022-11,"FLOUR, GRAINS & DRY GOODS",dry yeast,Dried Yeast,929.6000000000001,2022-11,426001.85,0.22
2022-11,"FLOUR, GRAINS & DRY GOODS",maida,Maida(Porotta 50kg),9254.0,2022-11,426001.85,2.17
2022-11,"FLOUR, GRAINS & DRY GOODS",rice,Rice-ponni,593.0,2022-11,426001.85,0.14
2022-11,"FLOUR, GRAINS & DRY GOODS",rice,Noor Jahan Rice 25kg,350.0,2022-11,426001.85,0.08
2022-11,"FLOUR, GRAINS & DRY GOODS",rice,Rice-Ponni,206.0,2022-11,426001.85,0.05
2022-11,"FLOUR, GRAINS & DRY GOODS",rice,Ponni Rice,117.0,2022-11,426001.85,0.03
2022-11,"FLOUR, GRAINS & DRY GOODS",soya chunks,Soya loose,32.0,2022-11,426001.85,0.01
2022-11,"FLOUR, GRAINS & DRY GOODS",sugar,Sugar,253.5,2022-11,426001.85,0.06
2022-11,"FLOUR, GRAINS & DRY GOODS",sugar,Sugar-Loose,-68.0,2022-11,426001.85,-0.02
2022-11,"FLOUR, GRAINS & DRY GOODS",tea,AVT Premium Tea,61.0,2022-11,426001.85,0.01
2022-11,"FLOUR, GRAINS & DRY GOODS",tea,Tea Kannan Devan,30.0,2022-11,426001.85,0.01
2022-11,"FLOUR, GRAINS & DRY GOODS",tea,Tea Loose,40.0,2022-11,426001.85,0.01
2022-11,FROZEN ITEMS,french fries,French Fries 6mm-Hungritos,7401.6,2022-11,426001.85,1.74
2022-11,FROZEN ITEMS,french fries,French Fries 9mm-Hungritos,3600.0,2022-11,426001.85,0.85
2022-11,FROZEN ITEMS,french fries,French Fries 6mm-ITC,-1050.0,2022-11,426001.85,-0.25
2022-11,FROZEN ITEMS,frozen sweet corn,Frozen Sweet Corn,694.5,2022-11,426001.85,0.16
2022-11,FROZEN ITEMS,potato wedges,Mc Cain Potato Wedges 2.5kg,516.0,2022-11,426001.85,0.12
2022-11,FRUITS,apple,DVC Green Apple 750 ML,611.99,2022-11,426001.85,0.14
2022-11,FRUITS,black grapes,Black Grapes,27.0,2022-11,426001.85,0.01
2022-11,FRUITS,cherry,Cherry,25.0,2022-11,426001.85,0.01
2022-11,FRUITS,pineapple,Pineapple slice-Tajir Habit-500g,315.0,2022-11,426001.85,0.07
2022-11,FRUITS,pineapple,Pineapple-Veg,171.0,2022-11,426001.85,0.04
2022-11,KITCHEN EQUIPMENT & UTENSILS,mug,Mug-Steel,126.0,2022-11,426001.85,0.03
2022-11,KITCHEN EQUIPMENT & UTENSILS,tripod,Tripod,-368.75,2022-11,426001.85,-0.09
2022-11,MASALA & SEASONINGS,bbq mix,BBQ Wings,2860.0299999999997,2022-11,426001.85,0.67
2022-11,MASALA & SEASONINGS,bbq mix,BBQ Mix Masala,488.32000000000016,2022-11,426001.85,0.11
2022-11,MASALA & SEASONINGS,black pepper,Black pepper,100.0,2022-11,426001.85,0.02
2022-11,MASALA & SEASONINGS,chicken masala,Tandoori Chicken Masala-Bakers,213.0,2022-11,426001.85,0.05
2022-11,MASALA & SEASONINGS,chicken masala,Chicken-Masala-quality,28.0,2022-11,426001.85,0.01
2022-11,MASALA & SEASONINGS,chicken masala,Chicken Masala-Eastern,-3.0,2022-11,426001.85,-0.0
2022-11,MASALA & SEASONINGS,chilli flakes,chilli flakes,264.0,2022-11,426001.85,0.06
2022-11,MASALA & SEASONINGS,chilli powder,Chilli Powder,330.0,2022-11,426001.85,0.08
2022-11,MASALA & SEASONINGS,chilly flakes,CHILLY FLAKES SACHET 0.8GM,1134.5900000000001,2022-11,426001.85,0.27
2022-11,MASALA & SEASONINGS,chilly flakes,Green Chilly-Veg,163.0,2022-11,426001.85,0.04
2022-11,MASALA & SEASONINGS,coriander powder,Eastern Coriander 1KG,235.01,2022-11,426001.85,0.06
2022-11,MASALA & SEASONINGS,coriander powder,Coriander Powder-loose,135.0,2022-11,426001.85,0.03
2022-11,MASALA & SEASONINGS,herb mix,Herb Mix Masla,1090.88,2022-11,426001.85,0.26
2022-11,MASALA & SEASONINGS,herb mix,Chettinad Mix,162.75,2022-11,426001.85,0.04
2022-11,MASALA & SEASONINGS,mexican masala,Mexican Masala,894.3200000000006,2022-11,426001.85,0.21
2022-11,MASALA & SEASONINGS,mixed herbs,Mixed Herb Loose,96.0,2022-11,426001.85,0.02
2022-11,MASALA & SEASONINGS,oregano,OREGANO SACHET 0.8GM,1349.0,2022-11,426001.85,0.32
2022-11,MASALA & SEASONINGS,oregano,Oregano Sprinkler 500g,522.0,2022-11,426001.85,0.12
2022-11,MASALA & SEASONINGS,piri piri marinade,Piri Piri Marinade 1KG,222.5,2022-11,426001.85,0.05
2022-11,MASALA & SEASONINGS,salt,Salt Powder,49.8,2022-11,426001.85,0.01
2022-11,MASALA & SEASONINGS,salt,Salt,-7.2,2022-11,426001.85,-0.0
2022-11,MASALA & SEASONINGS,tandoori masala,Tandoori Masala,2616.88,2022-11,426001.85,0.61
2022-11,MASALA & SEASONINGS,tandoori masala,Tandoori mix Masala,-1913.52,2022-11,426001.85,-0.45
2022-11,MASALA & SEASONINGS,turmeric powder,Turmeric Powder,67.0,2022-11,426001.85,0.02
2022-11,MEAT & POULTRY,chicken kheema,Chicken Kheema  Masala,-32.55000000000001,2022-11,426001.85,-0.01
2022-11,MEAT & POULTRY,chicken kheema,Chicken Kheema,-388.5,2022-11,426001.85,-0.09
2022-11,MEAT & POULTRY,chicken salami,Zippy Chicken Salami,568.5,2022-11,426001.85,0.13
2022-11,MEAT & POULTRY,chicken salami,SALAMI,-697.51,2022-11,426001.85,-0.16
2022-11,MEAT & POULTRY,chicken sausage,Chicken Sausage,-1449.0,2022-11,426001.85,-0.34
2022-11,MEAT & POULTRY,lamb pepperoni,Lamp Pepperoni,376.6,2022-11,426001.85,0.09
2022-11,MEAT & POULTRY,mutton,Mutton,270.0,2022-11,426001.85,0.06
2022-11,MEAT & POULTRY,staff chicken,Chicken-Whole-Staff,818.0,2022-11,426001.85,0.19
2022-11,OILS,mustard oil,Mustard-Oil,105.0,2022-11,426001.85,0.02
2022-11,OILS,palm oil,Palm Oil - Refined Oil,6155.0,2022-11,426001.85,1.44
2022-11,OILS,palm oil,Palm Oil,162.0,2022-11,426001.85,0.04
2022-11,PACKAGING MATERIALS,burger box,Mini Burger Box,519.8,2022-11,426001.85,0.12
2022-11,PACKAGING MATERIALS,butter paper,butter papper,105.0,2022-11,426001.85,0.02
2022-11,PACKAGING MATERIALS,catering cap,Catering Cap,80.0,2022-11,426001.85,0.02
2022-11,PACKAGING MATERIALS,french fries box,French Fries Box,763.04,2022-11,426001.85,0.18
2022-11,PACKAGING MATERIALS,garlic bread box,Garlic Bread Box,-1415.19,2022-11,426001.85,-0.33
2022-11,PACKAGING MATERIALS,large pizza box,Large Pizza Box,1180.0,2022-11,426001.85,0.28
2022-11,PACKAGING MATERIALS,medium pizza box,Medium Pizza Box,3950.94,2022-11,426001.85,0.93
2022-11,PACKAGING MATERIALS,paper bag,Papper carry bag medium,911.25,2022-11,426001.85,0.21
2022-11,PACKAGING MATERIALS,paper bag,Papper carry bag large,289.5,2022-11,426001.85,0.07
2022-11,PACKAGING MATERIALS,paper bag,Papper carry bag small,293.0,2022-11,426001.85,0.07
2022-11,PACKAGING MATERIALS,paper glass,Moktails Glass,1130.2199999999998,2022-11,426001.85,0.27
2022-11,PACKAGING MATERIALS,paper glass,Paper Glass,485.1,2022-11,426001.85,0.11
2022-11,PACKAGING MATERIALS,paper plate,Paper Plates,12.0,2022-11,426001.85,0.0
2022-11,PACKAGING MATERIALS,paper straw,Paper Straw,40.25,2022-11,426001.85,0.01
2022-11,PACKAGING MATERIALS,pasta container,Pasta Container Black,1048.8,2022-11,426001.85,0.25
2022-11,PACKAGING MATERIALS,plastic cover,Plastic Cover 16X20,130.0,2022-11,426001.85,0.03
2022-11,PACKAGING MATERIALS,plastic cover,plastic cover 5kg,-68.0,2022-11,426001.85,-0.02
2022-11,PACKAGING MATERIALS,plastic cover,plastic Cover-1kg,-680.0,2022-11,426001.85,-0.16
2022-11,PACKAGING MATERIALS,regular pizza box,Regular Pizza Box,3415.02,2022-11,426001.85,0.8
2022-11,PACKAGING MATERIALS,salad bowl,Salad Bowl 500ml,508.20000000000005,2022-11,426001.85,0.12
2022-11,PACKAGING MATERIALS,salad bowl,Salad Bowl 250ml,200.26,2022-11,426001.85,0.05
2022-11,PACKAGING MATERIALS,salad bowl,Dip Bowl,141.60000000000002,2022-11,426001.85,0.03
2022-11,PACKAGING MATERIALS,tissue,Tissue,330.0,2022-11,426001.85,0.08
2022-11,PACKAGING MATERIALS,wooden fork,Wooden Fork-160mm,241.5,2022-11,426001.85,0.06
2022-11,PACKAGING MATERIALS,wooden spoon,Wooden Spoon-140mm,78.0,2022-11,426001.85,0.02
2022-11,PACKAGING MATERIALS,wooden spoon,Wooden Spoon-110mm,-46.80000000000001,2022-11,426001.85,-0.01
2022-11,PACKAGING MATERIALS,wooden spoon,Wooden Spoon-160mm,-123.48,2022-11,426001.85,-0.03
2022-11,SAUCES & SPREADS,chocolate sauce,DVC CHocolate Sauce 2 LTR,536.9000000000001,2022-11,426001.85,0.13
2022-11,SAUCES & SPREADS,eggless mayonnaise,Veeba Eggless Mayonise Chef 1KG,1820.0,2022-11,426001.85,0.43
2022-11,SAUCES & SPREADS,eggless mayonnaise,Egg,895.0,2022-11,426001.85,0.21
2022-11,SAUCES & SPREADS,eggless mayonnaise,egg,168.0,2022-11,426001.85,0.04
2022-11,SAUCES & SPREADS,garlic chilli spread,Garlic Chilli Spread,162.0,2022-11,426001.85,0.04
2022-11,SAUCES & SPREADS,gouda flavoured dressing,Veeba Gouda Flavoured Dressing,1995.0,2022-11,426001.85,0.47
2022-11,SAUCES & SPREADS,honey mustard dressing,Honey,46.0,2022-11,426001.85,0.01
2022-11,SAUCES & SPREADS,ketchup sachet,Veeba Ketchup Sachet,1394.4,2022-11,426001.85,0.33
2022-11,SAUCES & SPREADS,makhani gravy,Veeba Makhani Gravy 1KG,631.68,2022-11,426001.85,0.15
2022-11,SAUCES & SPREADS,pizza sauce,Veeba Pasta & Pizza Sauce 1KG,3420.0,2022-11,426001.85,0.8
2022-11,SAUCES & SPREADS,pizza sauce,Pizza Sauce Premix,850.5,2022-11,426001.85,0.2
2022-11,SAUCES & SPREADS,pizza sauce,Pizza sauce premix,-2041.2,2022-11,426001.85,-0.48
2022-11,SAUCES & SPREADS,schezwan sauce,Schezwan sauce,-306.0,2022-11,426001.85,-0.07
2022-11,SAUCES & SPREADS,thousand island dressing,Veeba ThousandIsland Dressing 1KG,0.0,2022-11,426001.85,0.0
2022-11,SAUCES & SPREADS,tomato ketchup,Veeba T. Ketchup 1.2KG,498.17,2022-11,426001.85,0.12
2022-11,STATIONERY & MISC,attendance register,Staff Attendence Register,24.0,2022-11,426001.85,0.01
2022-11,STATIONERY & MISC,cash voucher book,Cash Voucher Book,60.0,2022-11,426001.85,0.01
2022-11,STATIONERY & MISC,note book,Note Book,30.0,2022-11,426001.85,0.01
2022-11,STATIONERY & MISC,pad lock,Pad Lock,65.0,2022-11,426001.85,0.02
2022-11,STATIONERY & MISC,pen,TAJIR JALAPENO SLICES 2.5 KG,1140.0,2022-11,426001.85,0.27
2022-11,STATIONERY & MISC,pen,Puramate Pasta-Penne Rigatte 500g,884.0,2022-11,426001.85,0.21
2022-11,STATIONERY & MISC,pen,pen,22.0,2022-11,426001.85,0.01
2022-11,STATIONERY & MISC,seal ink,M Seal,20.0,2022-11,426001.85,0.0
2022-11,STATIONERY & MISC,stapler pin,Stapler Pin,10.0,2022-11,426001.85,0.0
2022-11,UNMAPPED,UNMAPPED,Capcicum-Veg,1532.4,2022-11,426001.85,0.36
2022-11,UNMAPPED,UNMAPPED,Sarwar Black Olive SLices 3.1KG,1260.0,2022-11,426001.85,0.3
2022-11,UNMAPPED,UNMAPPED,Sumeru Nuggets Premium 1Kg,804.01,2022-11,426001.85,0.19
2022-11,UNMAPPED,UNMAPPED,W/L Mouse Glid Pro,750.0,2022-11,426001.85,0.18
2022-11,UNMAPPED,UNMAPPED,Neo Red Paprika 3Kg,742.0,2022-11,426001.85,0.17
2022-11,UNMAPPED,UNMAPPED,Brocoli,645.0,2022-11,426001.85,0.15
2022-11,UNMAPPED,UNMAPPED,M Thuvara,524.49,2022-11,426001.85,0.12
2022-11,UNMAPPED,UNMAPPED,Gas Tube,320.0,2022-11,426001.85,0.08
2022-11,UNMAPPED,UNMAPPED,Micro 16x20,360.0,2022-11,426001.85,0.08
2022-11,UNMAPPED,UNMAPPED,Micro 20x26,256.66,2022-11,426001.85,0.06
2022-11,UNMAPPED,UNMAPPED,Puramate Pasta-Gomiti Rigate - macroni - 500g,272.0,2022-11,426001.85,0.06
2022-11,UNMAPPED,UNMAPPED,Red Yellow Capcicum,240.0,2022-11,426001.85,0.06
2022-11,UNMAPPED,UNMAPPED,Cashew nut,165.0,2022-11,426001.85,0.04
2022-11,UNMAPPED,UNMAPPED,Parsely-Veg,152.0,2022-11,426001.85,0.04
2022-11,UNMAPPED,UNMAPPED,bucket-Plastic,185.0,2022-11,426001.85,0.04
2022-11,UNMAPPED,UNMAPPED,Cauli Flower-veg,145.0,2022-11,426001.85,0.03
2022-11,UNMAPPED,UNMAPPED,Ice cube,120.0,2022-11,426001.85,0.03
2022-11,UNMAPPED,UNMAPPED,Micro 13x16,115.5,2022-11,426001.85,0.03
2022-11,UNMAPPED,UNMAPPED,Veeba Barbequesauce 1KG,145.26,2022-11,426001.85,0.03
2022-11,UNMAPPED,UNMAPPED,Micro 27x30,105.0,2022-11,426001.85,0.02
2022-11,UNMAPPED,UNMAPPED,Rat Trap,100.0,2022-11,426001.85,0.02
2022-11,UNMAPPED,UNMAPPED,Agarbathi,55.0,2022-11,426001.85,0.01
2022-11,UNMAPPED,UNMAPPED,UrumbPodi-Fenval,35.0,2022-11,426001.85,0.01
2022-11,UNMAPPED,UNMAPPED,diya wicks,30.0,2022-11,426001.85,0.01
2022-11,UNMAPPED,UNMAPPED,kovakka-veg,44.0,2022-11,426001.85,0.01
2022-11,UNMAPPED,UNMAPPED,pappaya-veg,57.0,2022-11,426001.85,0.01
2022-11,UNMAPPED,UNMAPPED,payyar-veg,32.0,2022-11,426001.85,0.01
2022-11,UNMAPPED,UNMAPPED,Vineger,4.199999999999999,2022-11,426001.85,0.0
2022-11,UNMAPPED,UNMAPPED,Ice-cube,-45.0,2022-11,426001.85,-0.01
2022-11,UNMAPPED,UNMAPPED,Jumbo Cover-Blue,-70.0,2022-11,426001.85,-0.02
2022-11,UTILITIES & EXPENSES,lpg gas,Gas-LPG-IOCL,10300.0,2022-11,426001.85,2.42
2022-11,UTILITIES & EXPENSES,lpg gas,Gas-LPG-HPCL,3560.0,2022-11,426001.85,0.84
2022-11,UTILITIES & EXPENSES,petrol,Petrol-IOCL,4349.99,2022-11,426001.85,1.02
2022-11,UTILITIES & EXPENSES,petrol,Petrol-HPCL,2740.11,2022-11,426001.85,0.64
2022-11,UTILITIES & EXPENSES,petrol,Petrol-Nayara,2000.0,2022-11,426001.85,0.47
2022-11,UTILITIES & EXPENSES,petrol,Petrol-BPCL,565.0,2022-11,426001.85,0.13
2022-11,VEGETABLES,baby corn,Baby Corn Whole-800GM-Tajir Habit,336.0,2022-11,426001.85,0.08
2022-11,VEGETABLES,beans,Beans-veg,10.0,2022-11,426001.85,0.0
2022-11,VEGETABLES,bitter gourd,Bitter Guard-Veg,88.0,2022-11,426001.85,0.02
2022-11,VEGETABLES,cabbage,cabbage-veg,46.0,2022-11,426001.85,0.01
2022-11,VEGETABLES,capsicum,Red yellow capsicum,731.5,2022-11,426001.85,0.17
2022-11,VEGETABLES,carrot,Carrot-Veg,101.0,2022-11,426001.85,0.02
2022-11,VEGETABLES,cheera,Cheera-veg,68.0,2022-11,426001.85,0.02
2022-11,VEGETABLES,coriander leaves,Coriander Leaves-Veg,100.0,2022-11,426001.85,0.02
2022-11,VEGETABLES,cucumber,Cucumber-veg,39.0,2022-11,426001.85,0.01
2022-11,VEGETABLES,fresh basil,Puramate Basil 250g Pouch,0.0,2022-11,426001.85,0.0
2022-11,VEGETABLES,garlic,Garlic-Veg,384.0,2022-11,426001.85,0.09
2022-11,VEGETABLES,ginger,Ginger-Veg,32.0,2022-11,426001.85,0.01
2022-11,VEGETABLES,lemon,Lemon-Veg,337.0,2022-11,426001.85,0.08
2022-11,VEGETABLES,mint,DVC Mint Flavoured Syrup 750 ml,815.9800000000002,2022-11,426001.85,0.19
2022-11,VEGETABLES,mint,Mint-Veg,86.0,2022-11,426001.85,0.02
2022-11,VEGETABLES,mushroom,G.Crown Mushroom Slice 800g,4813.0,2022-11,426001.85,1.13
2022-11,VEGETABLES,onion,Onion-Veg,2667.0,2022-11,426001.85,0.63
2022-11,VEGETABLES,potato,Potato-Veg,502.0,2022-11,426001.85,0.12
2022-11,VEGETABLES,tomato,Tomato-Veg,2029.0,2022-11,426001.85,0.48
2022-10,BAKERY & PREMIX,bread premix,bred premix,-189.0,2022-10,525426.0,-0.04
2022-10,BAKERY & PREMIX,brownie,Brownie,2703.6800000000003,2022-10,525426.0,0.51
2022-10,BAKERY & PREMIX,pizza premix,Pizza Premix,5876.32,2022-10,525426.0,1.12
2022-10,BEVERAGES,7up,7UP 750ml Pet,2716.0,2022-10,525426.0,0.52
2022-10,BEVERAGES,7up,7UP 1250ml Pet,2374.72,2022-10,525426.0,0.45
2022-10,BEVERAGES,7up,7up 250ml Pet,1872.5,2022-10,525426.0,0.36
2022-10,BEVERAGES,7up,7up 250ml Can,480.0,2022-10,525426.0,0.09
2022-10,BEVERAGES,aqua fina,Aqua Fina Mineral Water 1Ltr,293.99,2022-10,525426.0,0.06
2022-10,BEVERAGES,blue occean syrup,DVC BLUE OCCEAN FLV SYRUP 750ML,378.73,2022-10,525426.0,0.07
2022-10,BEVERAGES,dew,Dew 750ml Pet,1168.92,2022-10,525426.0,0.22
2022-10,BEVERAGES,dew,Dew 250ml Pet,595.0,2022-10,525426.0,0.11
2022-10,BEVERAGES,dew,Dew 250ml Can,240.0,2022-10,525426.0,0.05
2022-10,BEVERAGES,lehar soda,Lehar Soda,740.7,2022-10,525426.0,0.14
2022-10,BEVERAGES,mirinda,Mirinda 750ml pet,378.18,2022-10,525426.0,0.07
2022-10,BEVERAGES,mirinda,Mirinda 250ml pet,297.5,2022-10,525426.0,0.06
2022-10,BEVERAGES,mojito mint,DVC MOJITO MINT 750ML,2796.8,2022-10,525426.0,0.53
2022-10,BEVERAGES,passion fruit syrup,DVC Passion Fruit 750ML,728.3299999999999,2022-10,525426.0,0.14
2022-10,BEVERAGES,passion fruit syrup,DVC PASSION FRUIT FLV SYRUP 750ML,0.0,2022-10,525426.0,0.0
2022-10,BEVERAGES,pepsi,Pepsi 250ml Pet,2677.5,2022-10,525426.0,0.51
2022-10,BEVERAGES,pepsi,Pepsi 750ml Pet,2578.48,2022-10,525426.0,0.49
2022-10,BEVERAGES,pepsi,Pepsi 1250ml Pet,2200.96,2022-10,525426.0,0.42
2022-10,BEVERAGES,pepsi,Pepsi 250ml Can,420.0,2022-10,525426.0,0.08
2022-10,BEVERAGES,slice mango,Slice Mango 250ml pet,636.12,2022-10,525426.0,0.12
2022-10,BEVERAGES,sting,Sting 250ml pet,175.0,2022-10,525426.0,0.03
2022-10,BEVERAGES,sting,Dusting-cloth,40.0,2022-10,525426.0,0.01
2022-10,BEVERAGES,strawberry syrup,Strawberry,1506.0,2022-10,525426.0,0.29
2022-10,BEVERAGES,strawberry syrup,Straw,85.4,2022-10,525426.0,0.02
2022-10,BEVERAGES,strawberry syrup,Strawberry sause 750,-32.0,2022-10,525426.0,-0.01
2022-10,CHEESE & DAIRY,butter,Butter,2430.0,2022-10,525426.0,0.46
2022-10,CHEESE & DAIRY,butter,Butter Scotch Ice-cream,1889.43,2022-10,525426.0,0.36
2022-10,CHEESE & DAIRY,butter,Paneer Tikka Butter Masala,352.80000000000007,2022-10,525426.0,0.07
2022-10,CHEESE & DAIRY,butter,Butter Scotch Sauce 750ml,0.0,2022-10,525426.0,0.0
2022-10,CHEESE & DAIRY,cheddar cheese,GO Orange Cheddar Cheese 2kg,1133.0,2022-10,525426.0,0.22
2022-10,CHEESE & DAIRY,colby cheese,GO Colby Cheese Block 2kg,-732.0,2022-10,525426.0,-0.14
2022-10,CHEESE & DAIRY,curd,Curd-Sheethal-400g,81.0,2022-10,525426.0,0.02
2022-10,CHEESE & DAIRY,curd,Curd-Elanad-500ml,0.0,2022-10,525426.0,0.0
2022-10,CHEESE & DAIRY,fresh cream,Vanilla Ice-cream,2339.94,2022-10,525426.0,0.45
2022-10,CHEESE & DAIRY,fresh cream,Chocolate Ice-cream,1104.59,2022-10,525426.0,0.21
2022-10,CHEESE & DAIRY,fresh cream,Flexi Cream Gold,585.0,2022-10,525426.0,0.11
2022-10,CHEESE & DAIRY,fresh cream,Strawberry-Ice cream,-638.91,2022-10,525426.0,-0.12
2022-10,CHEESE & DAIRY,milk,Milkymist Cheese BLock 1KG,2049.0,2022-10,525426.0,0.39
2022-10,CHEESE & DAIRY,milk,Milk-Elanad-500ml,1754.0,2022-10,525426.0,0.33
2022-10,CHEESE & DAIRY,milk,milk-Milma-525ml,175.0,2022-10,525426.0,0.03
2022-10,CHEESE & DAIRY,milk,Milk,50.0,2022-10,525426.0,0.01
2022-10,CHEESE & DAIRY,milk,Milk-Milma,46.0,2022-10,525426.0,0.01
2022-10,CHEESE & DAIRY,milk,Mittai-Milk-Amul,60.0,2022-10,525426.0,0.01
2022-10,CHEESE & DAIRY,monterey jack,GO-Monterey Jack Cheese-2kg,122.0,2022-10,525426.0,0.02
2022-10,CHEESE & DAIRY,mozzarella,AMUL Mozzarella Diced 1Kg,55236.880000000005,2022-10,525426.0,10.51
2022-10,CHEESE & DAIRY,paneer,Paneer,2040.0,2022-10,525426.0,0.39
2022-10,CHEESE & DAIRY,processed cheese,Processed cheese block,-733.5,2022-10,525426.0,-0.14
2022-10,CLEANING SUPPLIES,brush,Brush-Small,50.0,2022-10,525426.0,0.01
2022-10,CLEANING SUPPLIES,dishwash cake,Exo Dishwash cake,70.45,2022-10,525426.0,0.01
2022-10,CLEANING SUPPLIES,duster,Duster,75.0,2022-10,525426.0,0.01
2022-10,CLEANING SUPPLIES,steel wool,Exo Steel Wool,11.5,2022-10,525426.0,0.0
2022-10,"FLOUR, GRAINS & DRY GOODS",atta,Bornless Chicken- pattambi,18887.99,2022-10,525426.0,3.59
2022-10,"FLOUR, GRAINS & DRY GOODS",atta,Atta Loose,891.0,2022-10,525426.0,0.17
2022-10,"FLOUR, GRAINS & DRY GOODS",corn meal,Corn Meal - MAKKA RAVA,207.0,2022-10,525426.0,0.04
2022-10,"FLOUR, GRAINS & DRY GOODS",dry yeast,Dried Yeast,1195.1999999999998,2022-10,525426.0,0.23
2022-10,"FLOUR, GRAINS & DRY GOODS",maida,Maida(Porotta 50kg),7236.0,2022-10,525426.0,1.38
2022-10,"FLOUR, GRAINS & DRY GOODS",rava,Rava,13.0,2022-10,525426.0,0.0
2022-10,"FLOUR, GRAINS & DRY GOODS",rice,Noor Jahan Rice 25kg,885.0,2022-10,525426.0,0.17
2022-10,"FLOUR, GRAINS & DRY GOODS",rice,Ponni Rice,420.0,2022-10,525426.0,0.08
2022-10,"FLOUR, GRAINS & DRY GOODS",sugar,sugar,195.0,2022-10,525426.0,0.04
2022-10,"FLOUR, GRAINS & DRY GOODS",sugar,Sugar-Loose,120.0,2022-10,525426.0,0.02
2022-10,"FLOUR, GRAINS & DRY GOODS",sugar,Sugar,-68.7,2022-10,525426.0,-0.01
2022-10,"FLOUR, GRAINS & DRY GOODS",tea,AVT Premium Tea,121.25,2022-10,525426.0,0.02
2022-10,FROZEN ITEMS,french fries,French Fries 6mm-ITC,3500.0,2022-10,525426.0,0.67
2022-10,FROZEN ITEMS,french fries,French Fries 6mm-Hungritos,1598.4,2022-10,525426.0,0.3
2022-10,FROZEN ITEMS,french fries,French Fries 6mm-Amul,1475.0,2022-10,525426.0,0.28
2022-10,FROZEN ITEMS,french fries,French Fries 9mm-Amul,1475.0,2022-10,525426.0,0.28
2022-10,FROZEN ITEMS,french fries,French Fries 6mm,630.0,2022-10,525426.0,0.12
2022-10,FROZEN ITEMS,frozen sweet corn,Frozen Sweet Corn,772.5,2022-10,525426.0,0.15
2022-10,FROZEN ITEMS,potato wedges,Mc Cain Potato Wedges 2.5kg,1462.0,2022-10,525426.0,0.28
2022-10,FRUITS,apple,DVC Green Apple 750 ML,437.0,2022-10,525426.0,0.08
2022-10,FRUITS,black grapes,Black Grapes,9.0,2022-10,525426.0,0.0
2022-10,FRUITS,cherry,Cherry,55.0,2022-10,525426.0,0.01
2022-10,FRUITS,pineapple,Pineapple-Veg,250.0,2022-10,525426.0,0.05
2022-10,FRUITS,pineapple,Pineapple slice-Tajir Habit-500g,-315.0,2022-10,525426.0,-0.06
2022-10,KITCHEN EQUIPMENT & UTENSILS,tripod,Tripod,148.0,2022-10,525426.0,0.03
2022-10,MASALA & SEASONINGS,bbq mix,BBQ Wings,5541.3099999999995,2022-10,525426.0,1.05
2022-10,MASALA & SEASONINGS,bbq mix,BBQ Mix Masala,646.8000000000002,2022-10,525426.0,0.12
2022-10,MASALA & SEASONINGS,black pepper,Black pepper,-100.0,2022-10,525426.0,-0.02
2022-10,MASALA & SEASONINGS,chicken masala,Tandoori Chicken Masala-Bakers,150.0,2022-10,525426.0,0.03
2022-10,MASALA & SEASONINGS,chicken masala,Chicken Masala-Eastern,90.0,2022-10,525426.0,0.02
2022-10,MASALA & SEASONINGS,chilli flakes,chilli flakes,-264.0,2022-10,525426.0,-0.05
2022-10,MASALA & SEASONINGS,chilli powder,Chilly Powder 1kg-Eastern,330.01,2022-10,525426.0,0.06
2022-10,MASALA & SEASONINGS,chilli powder,Chilli Powder,0.0,2022-10,525426.0,0.0
2022-10,MASALA & SEASONINGS,chilly flakes,CHILLY FLAKES SACHET 0.8GM,960.41,2022-10,525426.0,0.18
2022-10,MASALA & SEASONINGS,chilly flakes,Green Chilly-Veg,205.0,2022-10,525426.0,0.04
2022-10,MASALA & SEASONINGS,coriander powder,Eastern Coriander 1KG,0.0,2022-10,525426.0,0.0
2022-10,MASALA & SEASONINGS,herb mix,Herb Mix Masla,579.6,2022-10,525426.0,0.11
2022-10,MASALA & SEASONINGS,herb mix,Chettinad Mix,44.44999999999999,2022-10,525426.0,0.01
2022-10,MASALA & SEASONINGS,mexican masala,Mexican Masala,-112.55999999999995,2022-10,525426.0,-0.02
2022-10,MASALA & SEASONINGS,mixed herbs,Mixed Herb Loose,-273.6,2022-10,525426.0,-0.05
2022-10,MASALA & SEASONINGS,oregano,OREGANO SACHET 0.8GM,1890.0,2022-10,525426.0,0.36
2022-10,MASALA & SEASONINGS,oregano,Oregano Sprinkler 500g,-1160.0,2022-10,525426.0,-0.22
2022-10,MASALA & SEASONINGS,piri piri marinade,Piri Piri Marinade 1KG,356.0,2022-10,525426.0,0.07
2022-10,MASALA & SEASONINGS,salt,Salt Powder,31.2,2022-10,525426.0,0.01
2022-10,MASALA & SEASONINGS,salt,Salt,14.6,2022-10,525426.0,0.0
2022-10,MASALA & SEASONINGS,tandoori masala,Tandoori Masala,811.4400000000002,2022-10,525426.0,0.15
2022-10,MASALA & SEASONINGS,turmeric powder,Turmeric Powder,33.0,2022-10,525426.0,0.01
2022-10,MASALA & SEASONINGS,turmeric powder,Turmeric Powder-eastern,22.0,2022-10,525426.0,0.0
2022-10,MEAT & POULTRY,chicken kheema,Chicken Kheema  Masala,260.4,2022-10,525426.0,0.05
2022-10,MEAT & POULTRY,chicken kheema,Chicken Kheema,64.75,2022-10,525426.0,0.01
2022-10,MEAT & POULTRY,chicken salami,Zippy Chicken Salami,753.29,2022-10,525426.0,0.14
2022-10,MEAT & POULTRY,lamb pepperoni,Lamp Pepperoni,188.29999999999995,2022-10,525426.0,0.04
2022-10,MEAT & POULTRY,mutton,Mutton,150.0,2022-10,525426.0,0.03
2022-10,MEAT & POULTRY,staff chicken,Chicken-Staff,1103.02,2022-10,525426.0,0.21
2022-10,MEAT & POULTRY,staff chicken,Chicken-Whole-Staff,248.01,2022-10,525426.0,0.05
2022-10,OILS,mustard oil,Mustard-Oil,33.0,2022-10,525426.0,0.01
2022-10,OILS,palm oil,Palm Oil,5080.0,2022-10,525426.0,0.97
2022-10,OILS,palm oil,Palm Oil - Refined Oil,2042.0,2022-10,525426.0,0.39
2022-10,PACKAGING MATERIALS,burger box,Mini Burger Box,1140.8,2022-10,525426.0,0.22
2022-10,PACKAGING MATERIALS,butter paper,butter papper,262.5,2022-10,525426.0,0.05
2022-10,PACKAGING MATERIALS,garlic bread box,Garlic Bread Box,-167.01,2022-10,525426.0,-0.03
2022-10,PACKAGING MATERIALS,large pizza box,Large Pizza Box,3422.0,2022-10,525426.0,0.65
2022-10,PACKAGING MATERIALS,medium pizza box,Medium Pizza Box,5803.71,2022-10,525426.0,1.1
2022-10,PACKAGING MATERIALS,paper bag,Papper carry bag small,1576.0,2022-10,525426.0,0.3
2022-10,PACKAGING MATERIALS,paper bag,Papper carry bag medium,963.0,2022-10,525426.0,0.18
2022-10,PACKAGING MATERIALS,paper bag,Papper carry bag large,441.0,2022-10,525426.0,0.08
2022-10,PACKAGING MATERIALS,paper glass,Paper Glass,664.5,2022-10,525426.0,0.13
2022-10,PACKAGING MATERIALS,paper glass,Moktails Glass,609.96,2022-10,525426.0,0.12
2022-10,PACKAGING MATERIALS,paper plate,Paper Plates,25.0,2022-10,525426.0,0.0
2022-10,PACKAGING MATERIALS,paper straw,Paper Straw,8.75,2022-10,525426.0,0.0
2022-10,PACKAGING MATERIALS,pasta container,Pasta Container Black,1011.9999999999999,2022-10,525426.0,0.19
2022-10,PACKAGING MATERIALS,plastic cover,Plastic Cover 12X16,196.0,2022-10,525426.0,0.04
2022-10,PACKAGING MATERIALS,plastic cover,Plastic Cover 16X20,219.6,2022-10,525426.0,0.04
2022-10,PACKAGING MATERIALS,plastic cover,Plastic Cover 20X26,161.0,2022-10,525426.0,0.03
2022-10,PACKAGING MATERIALS,plastic cover,Plastic Cover 26X30,133.04,2022-10,525426.0,0.03
2022-10,PACKAGING MATERIALS,plastic cover,plastic Cover-1kg,170.0,2022-10,525426.0,0.03
2022-10,PACKAGING MATERIALS,plastic cover,plastic cover 5kg,170.0,2022-10,525426.0,0.03
2022-10,PACKAGING MATERIALS,regular pizza box,Regular Pizza Box,4205.950000000001,2022-10,525426.0,0.8
2022-10,PACKAGING MATERIALS,salad bowl,Salad Bowl 500ml,399.29999999999995,2022-10,525426.0,0.08
2022-10,PACKAGING MATERIALS,salad bowl,Dip Bowl,188.79999999999998,2022-10,525426.0,0.04
2022-10,PACKAGING MATERIALS,salad bowl,Salad Bowl 250ml,141.36000000000013,2022-10,525426.0,0.03
2022-10,PACKAGING MATERIALS,tissue,Tissue,412.0,2022-10,525426.0,0.08
2022-10,PACKAGING MATERIALS,tissue,tissue,45.0,2022-10,525426.0,0.01
2022-10,PACKAGING MATERIALS,wooden fork,Wooden Fork-160mm,-168.0,2022-10,525426.0,-0.03
2022-10,PACKAGING MATERIALS,wooden spoon,Wooden Spoon,177.06,2022-10,525426.0,0.03
2022-10,PACKAGING MATERIALS,wooden spoon,Wooden Spoon-160mm,98.0,2022-10,525426.0,0.02
2022-10,PACKAGING MATERIALS,wooden spoon,Wooden Spoon-110mm,-39.0,2022-10,525426.0,-0.01
2022-10,SAUCES & SPREADS,chocolate sauce,DVC CHocolate Sauce 2 LTR,536.8999999999999,2022-10,525426.0,0.1
2022-10,SAUCES & SPREADS,eggless mayonnaise,Veeba Eggless Mayonise Chef 1KG,1540.0,2022-10,525426.0,0.29
2022-10,SAUCES & SPREADS,eggless mayonnaise,Egg,797.6,2022-10,525426.0,0.15
2022-10,SAUCES & SPREADS,eggless mayonnaise,egg,281.0,2022-10,525426.0,0.05
2022-10,SAUCES & SPREADS,garlic chilli spread,Garlic Chilli Spread,324.0,2022-10,525426.0,0.06
2022-10,SAUCES & SPREADS,gouda flavoured dressing,Veeba Gouda Flavoured Dressing,3150.0,2022-10,525426.0,0.6
2022-10,SAUCES & SPREADS,honey mustard dressing,Honey,92.0,2022-10,525426.0,0.02
2022-10,SAUCES & SPREADS,ketchup sachet,Veeba Ketchup Sachet,1774.4,2022-10,525426.0,0.34
2022-10,SAUCES & SPREADS,makhani gravy,Veeba Makhani Gravy 1KG,1052.8,2022-10,525426.0,0.2
2022-10,SAUCES & SPREADS,pizza sauce,Veeba Pasta & Pizza Sauce 1KG,3959.87,2022-10,525426.0,0.75
2022-10,SAUCES & SPREADS,pizza sauce,Pizza sauce premix,-510.3,2022-10,525426.0,-0.1
2022-10,SAUCES & SPREADS,schezwan sauce,Schezwan sauce,0.0,2022-10,525426.0,0.0
2022-10,SAUCES & SPREADS,thousand island dressing,Veeba ThousandIsland Dressing 1KG,0.0,2022-10,525426.0,0.0
2022-10,SAUCES & SPREADS,tomato ketchup,Veeba T. Ketchup 1.2KG,530.83,2022-10,525426.0,0.1
2022-10,STATIONERY & MISC,battery,Eveready Battery Small,36.0,2022-10,525426.0,0.01
2022-10,STATIONERY & MISC,cash voucher book,Cash Voucher Book,80.0,2022-10,525426.0,0.02
2022-10,STATIONERY & MISC,cotton cloth,Cotton-cloth,70.0,2022-10,525426.0,0.01
2022-10,STATIONERY & MISC,decoration items,Pooja Items,669.0,2022-10,525426.0,0.13
2022-10,STATIONERY & MISC,led bulb,LED Bulb-Sturlite-10watt,220.0,2022-10,525426.0,0.04
2022-10,STATIONERY & MISC,pen,TAJIR JALAPENO SLICES 2.5 KG,1995.0,2022-10,525426.0,0.38
2022-10,STATIONERY & MISC,pen,Puramate Pasta-Penne Rigatte 500g,1088.0,2022-10,525426.0,0.21
2022-10,STATIONERY & MISC,pen,pen,22.0,2022-10,525426.0,0.0
2022-10,STATIONERY & MISC,rain coat,Rain Coat,650.0,2022-10,525426.0,0.12
2022-10,STATIONERY & MISC,spray gun,Spray-Gun,40.0,2022-10,525426.0,0.01
2022-10,STATIONERY & MISC,tape,Celotape-3/4inch-,230.0,2022-10,525426.0,0.04
2022-10,UNMAPPED,UNMAPPED,Capcicum-Veg,2094.0,2022-10,525426.0,0.4
2022-10,UNMAPPED,UNMAPPED,Sarwar Black Olive SLices 3.1KG,1890.0,2022-10,525426.0,0.36
2022-10,UNMAPPED,UNMAPPED,Sumeru Nuggets Premium 1Kg,1056.4,2022-10,525426.0,0.2
2022-10,UNMAPPED,UNMAPPED,Neo Red Paprika 3Kg,840.0,2022-10,525426.0,0.16
2022-10,UNMAPPED,UNMAPPED,Brocoli,574.0,2022-10,525426.0,0.11
2022-10,UNMAPPED,UNMAPPED,Puramate Pasta-Gomiti Rigate 500g,544.0,2022-10,525426.0,0.1
2022-10,UNMAPPED,UNMAPPED,TAJIR HABIT Pinaple Slice 50g,525.0,2022-10,525426.0,0.1
2022-10,UNMAPPED,UNMAPPED,Red Yellow Capcicum,477.0,2022-10,525426.0,0.09
2022-10,UNMAPPED,UNMAPPED,M Thuvara,445.3399999999999,2022-10,525426.0,0.08
2022-10,UNMAPPED,UNMAPPED,Micro 16x20,352.8,2022-10,525426.0,0.07
2022-10,UNMAPPED,UNMAPPED,Veeba Barbequesauce 1KG,251.96,2022-10,525426.0,0.05
2022-10,UNMAPPED,UNMAPPED,Cashew nut,140.0,2022-10,525426.0,0.03
2022-10,UNMAPPED,UNMAPPED,Cauli Flower-veg,156.0,2022-10,525426.0,0.03
2022-10,UNMAPPED,UNMAPPED,Ice cube,180.0,2022-10,525426.0,0.03
2022-10,UNMAPPED,UNMAPPED,Jumbo Cover-Blue,145.0,2022-10,525426.0,0.03
2022-10,UNMAPPED,UNMAPPED,Micro 20x26,158.67000000000002,2022-10,525426.0,0.03
2022-10,UNMAPPED,UNMAPPED,Ice Berg,120.0,2022-10,525426.0,0.02
2022-10,UNMAPPED,UNMAPPED,Jar Caplar,80.0,2022-10,525426.0,0.02
2022-10,UNMAPPED,UNMAPPED,Agarbathi,41.0,2022-10,525426.0,0.01
2022-10,UNMAPPED,UNMAPPED,Chembu-veg,27.0,2022-10,525426.0,0.01
2022-10,UNMAPPED,UNMAPPED,Ice-cube,30.0,2022-10,525426.0,0.01
2022-10,UNMAPPED,UNMAPPED,Lime Pickle-500GRM-Rahath,55.0,2022-10,525426.0,0.01
2022-10,UNMAPPED,UNMAPPED,Micro 27x30,75.0,2022-10,525426.0,0.01
2022-10,UNMAPPED,UNMAPPED,"Mix Veg, pickle-250g-tholur",39.99,2022-10,525426.0,0.01
2022-10,UNMAPPED,UNMAPPED,Parsely-Veg,38.0,2022-10,525426.0,0.01
2022-10,UNMAPPED,UNMAPPED,colour,60.0,2022-10,525426.0,0.01
2022-10,UNMAPPED,UNMAPPED,pappaya-veg,30.0,2022-10,525426.0,0.01
2022-10,UNMAPPED,UNMAPPED,parsely,40.0,2022-10,525426.0,0.01
2022-10,UNMAPPED,UNMAPPED,Green Peas,10.0,2022-10,525426.0,0.0
2022-10,UNMAPPED,UNMAPPED,Micro 13x16,7.0,2022-10,525426.0,0.0
2022-10,UNMAPPED,UNMAPPED,Snakeguard-Veg,12.0,2022-10,525426.0,0.0
2022-10,UNMAPPED,UNMAPPED,Vineger,8.400000000000002,2022-10,525426.0,0.0
2022-10,UNMAPPED,UNMAPPED,brinjal-veg,10.0,2022-10,525426.0,0.0
2022-10,UNMAPPED,UNMAPPED,kovakka-veg,20.0,2022-10,525426.0,0.0
2022-10,UNMAPPED,UNMAPPED,lighter,20.0,2022-10,525426.0,0.0
2022-10,UNMAPPED,UNMAPPED,payyar-veg,22.0,2022-10,525426.0,0.0
2022-10,UNMAPPED,UNMAPPED,Puramate Pasta-Gomiti Rigate - macroni - 500g,-108.80000000000001,2022-10,525426.0,-0.02
2022-10,UTILITIES & EXPENSES,lpg gas,Gas-LPG-IOCL,10200.0,2022-10,525426.0,1.94
2022-10,UTILITIES & EXPENSES,lpg gas,Gas-LPG-HPCL,3400.0,2022-10,525426.0,0.65
2022-10,UTILITIES & EXPENSES,petrol,Petrol-IOCL,5870.0,2022-10,525426.0,1.12
2022-10,UTILITIES & EXPENSES,petrol,Petrol-Nayara,2910.0,2022-10,525426.0,0.55
2022-10,UTILITIES & EXPENSES,petrol,Petrol-HPCL,2335.0,2022-10,525426.0,0.44
2022-10,UTILITIES & EXPENSES,petrol,Petrol,650.0,2022-10,525426.0,0.12
2022-10,UTILITIES & EXPENSES,petrol,petrol,200.52,2022-10,525426.0,0.04
2022-10,VEGETABLES,baby corn,Baby Corn Whole,448.0,2022-10,525426.0,0.09
2022-10,VEGETABLES,baby corn,Baby Corn Whole-800GM-Tajir Habit,112.0,2022-10,525426.0,0.02
2022-10,VEGETABLES,beans,Beans-veg,11.0,2022-10,525426.0,0.0
2022-10,VEGETABLES,bitter gourd,Bitter Guard-Veg,125.0,2022-10,525426.0,0.02
2022-10,VEGETABLES,cabbage,cabbage-veg,82.0,2022-10,525426.0,0.02
2022-10,VEGETABLES,carrot,Carrot-Veg,86.0,2022-10,525426.0,0.02
2022-10,VEGETABLES,cheera,Cheera-veg,10.0,2022-10,525426.0,0.0
2022-10,VEGETABLES,coriander leaves,Coriander Leaves-Veg,108.0,2022-10,525426.0,0.02
2022-10,VEGETABLES,cucumber,Cucumber-veg,68.0,2022-10,525426.0,0.01
2022-10,VEGETABLES,fresh basil,Puramate Basil 250g Pouch,-390.0,2022-10,525426.0,-0.07
2022-10,VEGETABLES,garlic,Garlic-Veg,288.0,2022-10,525426.0,0.05
2022-10,VEGETABLES,garlic,Garlic Paste,25.0,2022-10,525426.0,0.0
2022-10,VEGETABLES,ginger,Ginger-Veg,40.0,2022-10,525426.0,0.01
2022-10,VEGETABLES,lemon,Lemon-Veg,493.0,2022-10,525426.0,0.09
2022-10,VEGETABLES,lemon,lemon,30.0,2022-10,525426.0,0.01
2022-10,VEGETABLES,mint,Mint-Veg,106.0,2022-10,525426.0,0.02
2022-10,VEGETABLES,mint,DVC Mint Flavoured Syrup 750 ml,-1748.0,2022-10,525426.0,-0.33
2022-10,VEGETABLES,mushroom,G.Crown Mushroom Slice 800g,5952.0,2022-10,525426.0,1.13
2022-10,VEGETABLES,okra,Okra-Veg,20.0,2022-10,525426.0,0.0
2022-10,VEGETABLES,onion,Onion-Veg,3083.0,2022-10,525426.0,0.59
2022-10,VEGETABLES,onion,onion,150.0,2022-10,525426.0,0.03
2022-10,VEGETABLES,potato,Potato-Veg,478.0,2022-10,525426.0,0.09
2022-10,VEGETABLES,tomato,Tomato-Veg,4337.0,2022-10,525426.0,0.83
2022-10,VEGETABLES,tomato,Tomato,134.0,2022-10,525426.0,0.03
2022-09,BAKERY & PREMIX,brownie,Brownie,1294.72,2022-09,455930.64999999997,0.28
2022-09,BAKERY & PREMIX,pizza premix,Pizza Premix,1571.33,2022-09,455930.64999999997,0.34
2022-09,BEVERAGES,7up,7UP 1250ml Pet,1390.08,2022-09,455930.64999999997,0.3
2022-09,BEVERAGES,7up,7UP 750ml Pet,825.0899999999999,2022-09,455930.64999999997,0.18
2022-09,BEVERAGES,7up,7up 250ml Pet,595.0,2022-09,455930.64999999997,0.13
2022-09,BEVERAGES,7up,7up 250ml Can,144.0,2022-09,455930.64999999997,0.03
2022-09,BEVERAGES,aqua fina,Aqua Fina 1.0 L,504.0,2022-09,455930.64999999997,0.11
2022-09,BEVERAGES,aqua fina,Aqua Fina Mineral Water 1Ltr,-391.98,2022-09,455930.64999999997,-0.09
2022-09,BEVERAGES,blue occean syrup,DVC BLUE OCCEAN FLV SYRUP 750ML,-990.53,2022-09,455930.64999999997,-0.22
2022-09,BEVERAGES,dew,Dew 250ml Pet,315.0,2022-09,455930.64999999997,0.07
2022-09,BEVERAGES,dew,Dew 750ml Pet,275.02,2022-09,455930.64999999997,0.06
2022-09,BEVERAGES,dew,Dew 250ml Can,-210.0,2022-09,455930.64999999997,-0.05
2022-09,BEVERAGES,lehar soda,Lehar Soda,-16.459999999999923,2022-09,455930.64999999997,-0.0
2022-09,BEVERAGES,mirinda,Mirinda 250ml pet,332.5,2022-09,455930.64999999997,0.07
2022-09,BEVERAGES,mirinda,Mirinda 750ml pet,-34.389999999999986,2022-09,455930.64999999997,-0.01
2022-09,BEVERAGES,mojito mint,DVC MOJITO MINT 750ML,-1048.8,2022-09,455930.64999999997,-0.23
2022-09,BEVERAGES,passion fruit syrup,DVC Passion Fruit 750ML,-728.3299999999999,2022-09,455930.64999999997,-0.16
2022-09,BEVERAGES,pepsi,Pepsi 250ml Pet,1540.0,2022-09,455930.64999999997,0.34
2022-09,BEVERAGES,pepsi,Pepsi 1250ml Pet,1274.2399999999998,2022-09,455930.64999999997,0.28
2022-09,BEVERAGES,pepsi,Pepsi 750ml Pet,893.8499999999999,2022-09,455930.64999999997,0.2
2022-09,BEVERAGES,pepsi,Pepsi 250ml Can,-240.0,2022-09,455930.64999999997,-0.05
2022-09,BEVERAGES,slice mango,Slice Mango 250ml pet,53.01000000000005,2022-09,455930.64999999997,0.01
2022-09,BEVERAGES,strawberry syrup,Straw,-85.4,2022-09,455930.64999999997,-0.02
2022-09,BEVERAGES,strawberry syrup,Strawberry sause 750,-160.0,2022-09,455930.64999999997,-0.04
2022-09,BEVERAGES,strawberry syrup,Strawberry,-1506.0,2022-09,455930.64999999997,-0.33
2022-09,CHEESE & DAIRY,butter,Butter Scotch Sauce 750ml,-73.6,2022-09,455930.64999999997,-0.02
2022-09,CHEESE & DAIRY,butter,Butter,-720.0,2022-09,455930.64999999997,-0.16
2022-09,CHEESE & DAIRY,butter,Butter Scotch Ice-cream,-2238.25,2022-09,455930.64999999997,-0.49
2022-09,CHEESE & DAIRY,cheddar cheese,GO Orange Cheddar Cheese 2kg,1133.0,2022-09,455930.64999999997,0.25
2022-09,CHEESE & DAIRY,colby cheese,GO Colby Cheese Block 2kg,-1220.0,2022-09,455930.64999999997,-0.27
2022-09,CHEESE & DAIRY,fresh cream,Flexi Cream Gold,-390.0,2022-09,455930.64999999997,-0.09
2022-09,CHEESE & DAIRY,fresh cream,Chocolate Ice-cream,-1598.75,2022-09,455930.64999999997,-0.35
2022-09,CHEESE & DAIRY,fresh cream,Vanilla Ice-cream,-1704.3,2022-09,455930.64999999997,-0.37
2022-09,CHEESE & DAIRY,milk,Milkymist Cheese BLock 1KG,1467.0,2022-09,455930.64999999997,0.32
2022-09,CHEESE & DAIRY,milk,Milk,-50.0,2022-09,455930.64999999997,-0.01
2022-09,CHEESE & DAIRY,mozzarella,AMUL Mozzarella Diced 1Kg,8537.099999999999,2022-09,455930.64999999997,1.87
2022-09,CHEESE & DAIRY,paneer,Paneer,-540.0,2022-09,455930.64999999997,-0.12
2022-09,CHEESE & DAIRY,processed cheese,Processed cheese block,-1222.5,2022-09,455930.64999999997,-0.27
2022-09,"FLOUR, GRAINS & DRY GOODS",atta,Atta Loose,432.0,2022-09,455930.64999999997,0.09
2022-09,"FLOUR, GRAINS & DRY GOODS",corn meal,Corn Meal - MAKKA RAVA,-117.0,2022-09,455930.64999999997,-0.03
2022-09,"FLOUR, GRAINS & DRY GOODS",dry yeast,Dried Yeast,-2921.6,2022-09,455930.64999999997,-0.64
2022-09,"FLOUR, GRAINS & DRY GOODS",maida,Maida(Porotta 50kg),6030.0,2022-09,455930.64999999997,1.32
2022-09,"FLOUR, GRAINS & DRY GOODS",rice,Noor Jahan Rice 25kg,487.5,2022-09,455930.64999999997,0.11
2022-09,"FLOUR, GRAINS & DRY GOODS",sugar,Sugar,-28.8,2022-09,455930.64999999997,-0.01
2022-09,FROZEN ITEMS,french fries,French Fries 6mm,-630.0,2022-09,455930.64999999997,-0.14
2022-09,FROZEN ITEMS,frozen sweet corn,Frozen Sweet Corn,-309.0,2022-09,455930.64999999997,-0.07
2022-09,FROZEN ITEMS,potato wedges,Mc Cain Potato Wedges 2.5kg,-860.0,2022-09,455930.64999999997,-0.19
2022-09,FRUITS,apple,DVC Green Apple 750 ML,-437.0,2022-09,455930.64999999997,-0.1
2022-09,FRUITS,black grapes,Black Grapes,-54.0,2022-09,455930.64999999997,-0.01
2022-09,KITCHEN EQUIPMENT & UTENSILS,tripod,Tripod,740.0,2022-09,455930.64999999997,0.16
2022-09,MASALA & SEASONINGS,bbq mix,BBQ Mix Masala,-560.5600000000001,2022-09,455930.64999999997,-0.12
2022-09,MASALA & SEASONINGS,bbq mix,BBQ Wings,-1027.82,2022-09,455930.64999999997,-0.23
2022-09,MASALA & SEASONINGS,chilli powder,Chilli Powder,-330.0,2022-09,455930.64999999997,-0.07
2022-09,MASALA & SEASONINGS,chilly flakes,CHILLY FLAKES SACHET 0.8GM,-147.0,2022-09,455930.64999999997,-0.03
2022-09,MASALA & SEASONINGS,coriander powder,Eastern Coriander 1KG,0.0,2022-09,455930.64999999997,0.0
2022-09,MASALA & SEASONINGS,herb mix,Chettinad Mix,-174.65,2022-09,455930.64999999997,-0.04
2022-09,MASALA & SEASONINGS,herb mix,Herb Mix Masla,-579.6,2022-09,455930.64999999997,-0.13
2022-09,MASALA & SEASONINGS,mexican masala,Mexican Masala,3114.16,2022-09,455930.64999999997,0.68
2022-09,MASALA & SEASONINGS,oregano,Oregano Sprinkler 500g,1160.0,2022-09,455930.64999999997,0.25
2022-09,MASALA & SEASONINGS,oregano,OREGANO SACHET 0.8GM,-840.0,2022-09,455930.64999999997,-0.18
2022-09,MASALA & SEASONINGS,piri piri marinade,Piri Piri Marinade 1KG,-356.0,2022-09,455930.64999999997,-0.08
2022-09,MASALA & SEASONINGS,salt,Salt,-2.6,2022-09,455930.64999999997,-0.0
2022-09,MASALA & SEASONINGS,tandoori masala,Tandoori Masala,917.28,2022-09,455930.64999999997,0.2
2022-09,MASALA & SEASONINGS,turmeric powder,Turmeric Powder,-33.0,2022-09,455930.64999999997,-0.01
2022-09,MEAT & POULTRY,chicken kheema,Chicken Kheema,-64.75,2022-09,455930.64999999997,-0.01
2022-09,MEAT & POULTRY,chicken salami,Zippy Chicken Salami,-474.28999999999996,2022-09,455930.64999999997,-0.1
2022-09,MEAT & POULTRY,lamb pepperoni,Lamp Pepperoni,-1412.25,2022-09,455930.64999999997,-0.31
2022-09,OILS,palm oil,Palm Oil - Refined Oil,-252.0,2022-09,455930.64999999997,-0.06
2022-09,PACKAGING MATERIALS,burger box,Mini Burger Box,-510.6,2022-09,455930.64999999997,-0.11
2022-09,PACKAGING MATERIALS,garlic bread box,Garlic Bread Box,474.66,2022-09,455930.64999999997,0.1
2022-09,PACKAGING MATERIALS,large pizza box,Large Pizza Box,398.25,2022-09,455930.64999999997,0.09
2022-09,PACKAGING MATERIALS,medium pizza box,Medium Pizza Box,1889.58,2022-09,455930.64999999997,0.41
2022-09,PACKAGING MATERIALS,paper bag,Papper carry bag large,-241.5,2022-09,455930.64999999997,-0.05
2022-09,PACKAGING MATERIALS,paper bag,Papper carry bag medium,-477.0,2022-09,455930.64999999997,-0.1
2022-09,PACKAGING MATERIALS,paper bag,Papper carry bag small,-1120.0,2022-09,455930.64999999997,-0.25
2022-09,PACKAGING MATERIALS,paper glass,Paper Glass,-73.0,2022-09,455930.64999999997,-0.02
2022-09,PACKAGING MATERIALS,paper glass,Moktails Glass,-897.0,2022-09,455930.64999999997,-0.2
2022-09,PACKAGING MATERIALS,paper plate,Paper Plates,-95.0,2022-09,455930.64999999997,-0.02
2022-09,PACKAGING MATERIALS,pasta container,Pasta Container Black,18.399999999999977,2022-09,455930.64999999997,0.0
2022-09,PACKAGING MATERIALS,plastic cover,Plastic Cover 20X26,-21.0,2022-09,455930.64999999997,-0.0
2022-09,PACKAGING MATERIALS,plastic cover,Plastic Cover 16X20,-89.6,2022-09,455930.64999999997,-0.02
2022-09,PACKAGING MATERIALS,plastic cover,Plastic Cover 26X30,-133.04,2022-09,455930.64999999997,-0.03
2022-09,PACKAGING MATERIALS,plastic cover,Plastic Cover 12X16,-196.0,2022-09,455930.64999999997,-0.04
2022-09,PACKAGING MATERIALS,regular pizza box,Regular Pizza Box,4176.4,2022-09,455930.64999999997,0.92
2022-09,PACKAGING MATERIALS,salad bowl,Dip Bowl,70.8,2022-09,455930.64999999997,0.02
2022-09,PACKAGING MATERIALS,salad bowl,Salad Bowl 500ml,-36.30000000000001,2022-09,455930.64999999997,-0.01
2022-09,PACKAGING MATERIALS,salad bowl,Salad Bowl 250ml,-111.91000000000003,2022-09,455930.64999999997,-0.02
2022-09,PACKAGING MATERIALS,tissue,Tissue,-54.0,2022-09,455930.64999999997,-0.01
2022-09,PACKAGING MATERIALS,wooden spoon,Wooden Spoon,-177.06,2022-09,455930.64999999997,-0.04
2022-09,SAUCES & SPREADS,chocolate sauce,DVC CHocolate Sauce 2 LTR,-421.8499999999999,2022-09,455930.64999999997,-0.09
2022-09,SAUCES & SPREADS,eggless mayonnaise,Veeba Eggless Mayonise Chef 1KG,140.0,2022-09,455930.64999999997,0.03
2022-09,SAUCES & SPREADS,eggless mayonnaise,Egg,-36.0,2022-09,455930.64999999997,-0.01
2022-09,SAUCES & SPREADS,garlic chilli spread,Garlic Chilli Spread,-324.0,2022-09,455930.64999999997,-0.07
2022-09,SAUCES & SPREADS,gouda flavoured dressing,Veeba Gouda Flavoured Dressing,1470.0,2022-09,455930.64999999997,0.32
2022-09,SAUCES & SPREADS,honey mustard dressing,Honey,-782.0,2022-09,455930.64999999997,-0.17
2022-09,SAUCES & SPREADS,ketchup sachet,Veeba Ketchup Sachet,-494.4000000000001,2022-09,455930.64999999997,-0.11
2022-09,SAUCES & SPREADS,makhani gravy,Veeba Makhani Gravy 1KG,0.0,2022-09,455930.64999999997,0.0
2022-09,SAUCES & SPREADS,pizza sauce,Veeba Pasta & Pizza Sauce 1KG,1800.0700000000002,2022-09,455930.64999999997,0.39
2022-09,SAUCES & SPREADS,schezwan sauce,Schezwan sauce,-680.0,2022-09,455930.64999999997,-0.15
2022-09,SAUCES & SPREADS,thousand island dressing,Veeba ThousandIsland Dressing 1KG,563.97,2022-09,455930.64999999997,0.12
2022-09,SAUCES & SPREADS,tomato ketchup,Veeba T. Ketchup 1.2KG,-138.82999999999998,2022-09,455930.64999999997,-0.03
2022-09,STATIONERY & MISC,pen,Puramate Pasta-Penne Rigatte 500g,-102.0,2022-09,455930.64999999997,-0.02
2022-09,STATIONERY & MISC,pen,TAJIR JALAPENO SLICES 2.5 KG,-570.0,2022-09,455930.64999999997,-0.13
2022-09,UNMAPPED,UNMAPPED,Summeru Neggets Premium 1KG,1112.0,2022-09,455930.64999999997,0.24
2022-09,UNMAPPED,UNMAPPED,M Thuvara,231.25,2022-09,455930.64999999997,0.05
2022-09,UNMAPPED,UNMAPPED,TAJIR HABIT Pinaple Slice 50g,105.0,2022-09,455930.64999999997,0.02
2022-09,UNMAPPED,UNMAPPED,Veeba Barbequesauce 1KG,80.03999999999999,2022-09,455930.64999999997,0.02
2022-09,UNMAPPED,UNMAPPED,Green Peas,-10.0,2022-09,455930.64999999997,-0.0
2022-09,UNMAPPED,UNMAPPED,Cashew nut,-60.0,2022-09,455930.64999999997,-0.01
2022-09,UNMAPPED,UNMAPPED,Vineger,-33.6,2022-09,455930.64999999997,-0.01
2022-09,UNMAPPED,UNMAPPED,Ice cube,-270.0,2022-09,455930.64999999997,-0.06
2022-09,UNMAPPED,UNMAPPED,Puramate Pasta-Gomiti Rigate - macroni - 500g,-299.2,2022-09,455930.64999999997,-0.07
2022-09,UNMAPPED,UNMAPPED,Sarwar Black Olive SLices 3.1KG,-630.0,2022-09,455930.64999999997,-0.14
2022-09,UNMAPPED,UNMAPPED,Sumeru Nuggets Premium 1Kg,-1195.4,2022-09,455930.64999999997,-0.26
2022-09,UNMAPPED,UNMAPPED,Neo Red Paprika 3Kg,-1680.0,2022-09,455930.64999999997,-0.37
2022-09,VEGETABLES,baby corn,Baby Corn Whole,-448.0,2022-09,455930.64999999997,-0.1
2022-09,VEGETABLES,fresh basil,Puramate Basil 250g Pouch,195.0,2022-09,455930.64999999997,0.04
2022-09,VEGETABLES,garlic,Garlic Paste,-25.0,2022-09,455930.64999999997,-0.01
2022-09,VEGETABLES,mint,DVC Mint Flavoured Syrup 750 ml,437.0,2022-09,455930.64999999997,0.1
2022-09,VEGETABLES,mushroom,G.Crown Mushroom Slice 800g,-465.0,2022-09,455930.64999999997,-0.1
