Month_code,item_name,consumed-stock_amount,Total Sales[POS Sales less GST + Swiggy to Loocos],consumed-stock_amount%
2026-01,7up 1 ltr,487.74,89274.65,0.55
2026-01,7up 250ml Pet,350.0,89274.65,0.39
2026-01,7up can 300ml,171.45,89274.65,0.19
2026-01,7up750mlpet,1306.44,89274.65,1.46
2026-01,Aqua Fina Mineral Water 1Ltr,276.76,89274.65,0.31
2026-01,Aromat Seasoning Powder,86.0,89274.65,0.1
2026-01,BBQ Mix Masala,1720.5,89274.65,1.93
2026-01,Berry Fresh Chicku Pulp,336.0,89274.65,0.38
2026-01,Blue curacao mojito,1291.5,89274.65,1.45
2026-01,Boneless Chicken,10372.09,89274.65,11.62
2026-01,Bread Premix,840.0,89274.65,0.94
2026-01,Brownie,770.0,89274.65,0.86
2026-01,Butter,1140.0,89274.65,1.28
2026-01,Butter Scotch Ice-cream,688.0,89274.65,0.77
2026-01,CHILLY FLAKES SACHET 0.8GM,572.0,89274.65,0.64
2026-01,Celotape-3/4inch-,115.0,89274.65,0.13
2026-01,Chettinad Mix,97.65,89274.65,0.11
2026-01,Chicken Sausage,550.0,89274.65,0.62
2026-01,Chicken burger pattis,1713.6,89274.65,1.92
2026-01,Chocolate Ice-cream 4ltr,2284.8,89274.65,2.56
2026-01,Corn Meal - MAKKA RAVA,55.0,89274.65,0.06
2026-01,DVC Green Apple 750 ML,460.0,89274.65,0.52
2026-01,DVC PASSION FRUIT FLV SYRUP 750ML,1380.0,89274.65,1.55
2026-01,DVC Watermelon Syrup 750 ml,519.2,89274.65,0.58
2026-01,Dew 250ml Pet,350.0,89274.65,0.39
2026-01,Dew 750ml Pet,756.14,89274.65,0.85
2026-01,Dew can 300ml,411.48,89274.65,0.46
2026-01,Dip Bowl,200.0,89274.65,0.22
2026-01,ENGLISH vegetables,1504.0,89274.65,1.68
2026-01,Egg 7.5,75.0,89274.65,0.08
2026-01,French Fries Box,668.75,89274.65,0.75
2026-01,G.Crown Mushroom Slice 800g,2678.0,89274.65,3.0
2026-01,Garlic Bread Box,1125.0,89274.65,1.26
2026-01,Gas-LPG-HPCL,6055.0,89274.65,6.78
2026-01,Green Peas,170.0,89274.65,0.19
2026-01,HABIT JALAPENO SLICES 2.9 KG,1112.0,89274.65,1.25
2026-01,Herb Mix Masla,3345.0,89274.65,3.75
2026-01,Honey,488.0,89274.65,0.55
2026-01,Honey mustard dressing,635.61,89274.65,0.71
2026-01,Lamp Pepperoni,895.0,89274.65,1.0
2026-01,Large Pizza Box,3712.5,89274.65,4.16
2026-01,Lehar Soda,474.24,89274.65,0.53
2026-01,Mayonise premium,345.0,89274.65,0.39
2026-01,Mexican Masala,1037.5,89274.65,1.16
2026-01,Mini Burger Box,280.0,89274.65,0.31
2026-01,Mojito Menta Cubano,1840.0,89274.65,2.06
2026-01,Moktails Glass,1320.0,89274.65,1.48
2026-01,OREGANO SACHET 0.8GM,897.0,89274.65,1.0
2026-01,Oregano Sprinkler 500g,614.0,89274.65,0.69
2026-01,POTATO POPS,261.42,89274.65,0.29
2026-01,Paneer,1160.0,89274.65,1.3
2026-01,Pasta Container Black,1790.0,89274.65,2.01
2026-01,Pepsi 250ml Pet,997.5,89274.65,1.12
2026-01,Pepsi 750ml Pet,1855.98,89274.65,2.08
2026-01,Pineapple slice-Tajir Habit-850g,441.0,89274.65,0.49
2026-01,Piri Piri Marinade 1KG,356.0,89274.65,0.4
2026-01,Pizza Premix,75.6,89274.65,0.08
2026-01,Pizza sauce premix,1300.0,89274.65,1.46
2026-01,Processed cheese block,1299.38,89274.65,1.46
2026-01,Puramate Pasta-Gomiti Rigate - macroni - 500g,268.0,89274.65,0.3
2026-01,Puramate Pasta-Penne Rigatte 500g,737.0,89274.65,0.83
2026-01,Regular Pizza Box,1700.0,89274.65,1.9
2026-01,Richs versatie cream,2256.0,89274.65,2.53
2026-01,Rose lichy crush mojito,346.5,89274.65,0.39
2026-01,Salad Bowl 250ml,1050.0,89274.65,1.18
2026-01,Salad Bowl 500ml,982.5,89274.65,1.1
2026-01,Schezwan sauce,525.96,89274.65,0.59
2026-01,Slice Mango 200ml pet,424.08,89274.65,0.48
2026-01,Strawberry-Ice cream,1069.3,89274.65,1.2
2026-01,TOMATO 10KG,420.0,89274.65,0.47
2026-01,Tandoori mix Masala,1411.0,89274.65,1.58
2026-01,Tissue,72.0,89274.65,0.08
2026-01,Vanilla Ice-cream 4ltr,652.8,89274.65,0.73
2026-01,Veeba Eggless Mayonise Chef 1KG,1687.2,89274.65,1.89
2026-01,Veeba Gouda Flavoured Dressing,1704.42,89274.65,1.91
2026-01,Veeba Ketchup Sachet,1944.0,89274.65,2.18
2026-01,Veeba ThousandIsland Dressing 1KG,366.0,89274.65,0.41
2026-01,Veg burger pattis,420.0,89274.65,0.47
2026-01,Zippy  B.Fast Sausage ,295.44,89274.65,0.33
2026-01,Zippy Chicken Salami,927.0,89274.65,1.04
2026-01,bio covers,390.0,89274.65,0.44
2026-01,bio glass,80.0,89274.65,0.09
2026-01,black olive slice Habit,2313.0,89274.65,2.59
2026-01,cheesy spread dip,1237.52,89274.65,1.39
2026-01,chicken kheema masala,1560.0,89274.65,1.75
2026-01,chicken pepperoni,2162.5,89274.65,2.42
2026-01,chicken popcorn,337.5,89274.65,0.38
2026-01,chilly flakes 500 gm,97.5,89274.65,0.11
2026-01,chilly garlic spread,495.0,89274.65,0.55
2026-01,colby cheese 1 kg,1776.54,89274.65,1.99
2026-01,dynamic diced mozerella,14745.85,89274.65,16.52
2026-01,egg 8,80.0,89274.65,0.09
2026-01,french fry hungritos 2.5kg,2346.12,89274.65,2.63
2026-01,grocery,4844.05,89274.65,5.43
2026-01,habit baby corn,324.0,89274.65,0.36
2026-01,habit olive oil,1107.0,89274.65,1.24
2026-01,hungritos premium,2783.0,89274.65,3.12
2026-01,ice cube/80,80.0,89274.65,0.09
2026-01,makhni gravy,630.0,89274.65,0.71
2026-01,milk,375.0,89274.65,0.42
2026-01,milk shake assorted,288.0,89274.65,0.32
2026-01,milky mist diced mozerella,5250.0,89274.65,5.88
2026-01,oil,2728.0,89274.65,3.06
2026-01,paneer tikka powder,2835.0,89274.65,3.18
2026-01,pepsi 1 ltr,576.42,89274.65,0.65
2026-01,pepsi can300ml,480.06,89274.65,0.54
2026-01,pizza sauce,600.0,89274.65,0.67
2026-01,potato wedges,226.59,89274.65,0.25
2026-01,prince maida 50kg,3360.0,89274.65,3.76
2026-01,red paprika habit,1185.0,89274.65,1.33
2026-01,slice cheese,1257.66,89274.65,1.41
2026-01,sneha chi nuggets,828.0,89274.65,0.93
2026-01,staff chicken,390.01,89274.65,0.44
2026-01,staff rice 26kg,1080.0,89274.65,1.21
2026-01,sweet corn 1kg,882.0,89274.65,0.99
2026-01,sweet corn abad,475.0,89274.65,0.53
2026-01,tandoori mayonise,260.0,89274.65,0.29
2026-01,tomato ketchup 1.2 bottle,412.44,89274.65,0.46
2026-01,veeba pizza pasta sauce,1809.5,89274.65,2.03
2026-01,vegetables,3055.05,89274.65,3.42
2026-01,wooden fork,85.0,89274.65,0.1
2025-12, dry yeast 500 gm,1530.0,457375.85,0.33
2025-12,7UP 750ml Pet,1374.8,457375.85,0.3
2025-12,7up 1 ltr,620.76,457375.85,0.14
2025-12,7up 250ml Pet,892.5,457375.85,0.2
2025-12,7up can 300ml,0.0,457375.85,0.0
2025-12,7up pet 750ml,824.88,457375.85,0.18
2025-12,7up750mlpet,-1306.44,457375.85,-0.29
2025-12,Aqua Fina Mineral Water 1Ltr,418.37,457375.85,0.09
2025-12,Aromat Seasoning Powder,86.0,457375.85,0.02
2025-12,BBQ Mix Masala,1069.5,457375.85,0.23
2025-12,Berry Fresh Chicku Pulp,224.0,457375.85,0.05
2025-12,Berry Fresh Chicku Pulp 2kg,420.0,457375.85,0.09
2025-12,Berry Fresh Tender Coconut Pulp,1110.0,457375.85,0.24
2025-12,Blue curacao mojito,-430.5,457375.85,-0.09
2025-12,Boneless Chicken,18278.94,457375.85,4.0
2025-12,Bread Premix,120.0,457375.85,0.03
2025-12,Brownie,1540.0,457375.85,0.34
2025-12,Butter,1520.0,457375.85,0.33
2025-12,Butter,-570.0,457375.85,-0.12
2025-12,Butter Scotch Ice-cream,825.5999999999999,457375.85,0.18
2025-12,CHILLY FLAKES SACHET 0.8GM,639.5999999999999,457375.85,0.14
2025-12,Celotape-3/4inch-,115.0,457375.85,0.03
2025-12,Chettinad Mix,227.85,457375.85,0.05
2025-12,Chicken Kheema  Masala,975.0,457375.85,0.21
2025-12,Chicken burger pattis,1562.4,457375.85,0.34
2025-12,Chocolate Ice-cream 4ltr,1452.6,457375.85,0.32
2025-12,Corn Meal - MAKKA RAVA,55.0,457375.85,0.01
2025-12,DVC BLUE OCCEAN FLV SYRUP 750ML,2336.4,457375.85,0.51
2025-12,DVC Green Apple 750 ML,1150.0,457375.85,0.25
2025-12,DVC PASSION FRUIT FLV SYRUP 750ML,460.0,457375.85,0.1
2025-12,DVC Watermelon Syrup 750 ml,0.0,457375.85,0.0
2025-12,Dew 250ml Pet,402.5,457375.85,0.09
2025-12,Dew 330 ml can,548.64,457375.85,0.12
2025-12,Dew 750ml Pet,-240.59000000000003,457375.85,-0.05
2025-12,Dew can 300ml,-411.48,457375.85,-0.09
2025-12,Dip Bowl,-60.0,457375.85,-0.01
2025-12,ENGLISH vegetables,2919.99,457375.85,0.64
2025-12,Egg 7.5,300.0,457375.85,0.07
2025-12,French Fries Box,401.25,457375.85,0.09
2025-12,Fruits,150.0,457375.85,0.03
2025-12,G.Crown Mushroom Slice 800g,2472.0,457375.85,0.54
2025-12,Garlic Bread Box,450.0,457375.85,0.1
2025-12,Gas-LPG-HPCL,7125.0,457375.85,1.56
2025-12,Green Peas,124.0,457375.85,0.03
2025-12,HABIT JALAPENO SLICES 2.9 KG,1112.0,457375.85,0.24
2025-12,Herb Mix Masla,312.1999999999998,457375.85,0.07
2025-12,Honey mustard dressing,635.61,457375.85,0.14
2025-12,KOT Printing Rolls,1566.0,457375.85,0.34
2025-12,Lamp Pepperoni,1342.5,457375.85,0.29
2025-12,Large Pizza Box,2702.7,457375.85,0.59
2025-12,Lehar Soda,652.0799999999999,457375.85,0.14
2025-12,Mayonise premium,517.5,457375.85,0.11
2025-12,Medium Pizza Box,3560.0,457375.85,0.78
2025-12,Mexican Masala,2946.5,457375.85,0.64
2025-12,Mini Burger Box,616.0,457375.85,0.13
2025-12,Mojito Menta Cubano,920.0,457375.85,0.2
2025-12,Moktails Glass,680.0,457375.85,0.15
2025-12,Mustard Oil,50.4,457375.85,0.01
2025-12,OREGANO SACHET 0.8GM,1048.8,457375.85,0.23
2025-12,Oregano Sprinkler 500g,614.0,457375.85,0.13
2025-12,POTATO POPS,160.86999999999995,457375.85,0.04
2025-12,Paneer,1015.0,457375.85,0.22
2025-12,Paper Straw,120.0,457375.85,0.03
2025-12,Pasta Container Black,895.0,457375.85,0.2
2025-12,Pepsi 250ml Pet,1260.0,457375.85,0.28
2025-12,Pepsi 750ml Pet,0.0,457375.85,0.0
2025-12,Pineapple slice-Tajir Habit-850g,110.25,457375.85,0.02
2025-12,Piri Piri Marinade 1KG,89.0,457375.85,0.02
2025-12,Pizza Premix,4964.4,457375.85,1.09
2025-12,Pizza sauce premix,1300.0,457375.85,0.28
2025-12,Processed cheese block,1293.62,457375.85,0.28
2025-12,Puramate Pasta-Gomiti Rigate - macroni - 500g,335.0,457375.85,0.07
2025-12,Puramate Pasta-Penne Rigatte 500g,804.0,457375.85,0.18
2025-12,Regular Pizza Box,4275.5,457375.85,0.93
2025-12,Richs versatie cream,2632.0,457375.85,0.58
2025-12,Rose lichy crush mojito,346.5,457375.85,0.08
2025-12,Salad Bowl 250ml,262.5,457375.85,0.06
2025-12,Salad Bowl 500ml,655.0,457375.85,0.14
2025-12,Schezwan sauce,0.0,457375.85,0.0
2025-12,Slice Mango 200ml pet,-424.08,457375.85,-0.09
2025-12,Slice Mango 250ml pet,166.2,457375.85,0.04
2025-12,Strawberry-Ice cream,0.0,457375.85,0.0
2025-12,Sugar,90.0,457375.85,0.02
2025-12,TOMATO 10KG,450.0,457375.85,0.1
2025-12,Tandoori mix Masala,1079.0,457375.85,0.24
2025-12,Tissue,252.0,457375.85,0.06
2025-12,Tissue Spl,116.0,457375.85,0.03
2025-12,Tripod,675.0,457375.85,0.15
2025-12,Tropicana Guava Delight 500ml,426.36,457375.85,0.09
2025-12,Vanilla Ice-cream 4ltr,3943.2,457375.85,0.86
2025-12,Veeba Eggless Mayonise Chef 1KG,2415.0,457375.85,0.53
2025-12,Veeba Gouda Flavoured Dressing,757.52,457375.85,0.17
2025-12,Veeba Ketchup Sachet,1960.0,457375.85,0.43
2025-12,Veeba ThousandIsland Dressing 1KG,366.0,457375.85,0.08
2025-12,Veg burger pattis,292.5,457375.85,0.06
2025-12,Veg burger pattis,185.0,457375.85,0.04
2025-12,Zippy  B.Fast Sausage ,295.44,457375.85,0.06
2025-12,Zippy Chicken Salami,309.0,457375.85,0.07
2025-12,bio covers,-52.0,457375.85,-0.01
2025-12,bio glass,0.0,457375.85,0.0
2025-12,black olive slice Habit,2313.0,457375.85,0.51
2025-12,burger buns,224.0,457375.85,0.05
2025-12,canvill button mushroom,1560.0,457375.85,0.34
2025-12,cheesy spread dip,0.0,457375.85,0.0
2025-12,chicken kheema masala,-1560.0,457375.85,-0.34
2025-12,chicken pepperoni,432.5,457375.85,0.09
2025-12,chicken popcorn,281.25,457375.85,0.06
2025-12,chill fill french fry,900.0,457375.85,0.2
2025-12,chilly flakes 500 gm,-97.5,457375.85,-0.02
2025-12,chilly flakes 500gm,195.0,457375.85,0.04
2025-12,chilly garlic spread,0.0,457375.85,0.0
2025-12,colby cheese 1 kg,-634.48,457375.85,-0.14
2025-12,dew 750 ml,824.88,457375.85,0.18
2025-12,dynamic cheddar block,519.38,457375.85,0.11
2025-12,dynamic diced mozerella,28464.98,457375.85,6.22
2025-12,french fry hungritos 2.5kg,2122.6800000000003,457375.85,0.46
2025-12,fruits and milk,660.0,457375.85,0.14
2025-12,fruits and vegetables,395.01,457375.85,0.09
2025-12,grocery,15839.0,457375.85,3.46
2025-12,habit baby corn,756.0,457375.85,0.17
2025-12,habit olive oil,553.5,457375.85,0.12
2025-12,hungritos premium,3095.82,457375.85,0.68
2025-12,ice cube/80,-80.0,457375.85,-0.02
2025-12,maida 30kg,1359.9,457375.85,0.3
2025-12,makhni gravy,420.0,457375.85,0.09
2025-12,malas butterscotch crush,143.0,457375.85,0.03
2025-12,milk,625.0,457375.85,0.14
2025-12,milk 26,312.0,457375.85,0.07
2025-12,milk choco 180 ml,389.87,457375.85,0.09
2025-12,milk shake assorted,-288.0,457375.85,-0.06
2025-12,milk shake coffee,288.0,457375.85,0.06
2025-12,milky mist butter 500gm,312.25,457375.85,0.07
2025-12,mix herb amazon 1 kg,586.0,457375.85,0.13
2025-12,oil,2758.0,457375.85,0.6
2025-12,paneer,580.0,457375.85,0.13
2025-12,paneer tikka powder,-1485.0,457375.85,-0.32
2025-12,pepsi 1 ltr,532.08,457375.85,0.12
2025-12,pepsi can 330ml,720.09,457375.85,0.16
2025-12,pepsi can300ml,-480.06,457375.85,-0.1
2025-12,pizza sauce,0.0,457375.85,0.0
2025-12,potato wedges,923.7900000000001,457375.85,0.2
2025-12,prince maida 50kg,5600.0,457375.85,1.22
2025-12,red paprika habit,-18.0,457375.85,-0.0
2025-12,red paprika habit 670ml,375.27,457375.85,0.08
2025-12,slice 250ml,498.6,457375.85,0.11
2025-12,slice cheese,1297.1000000000001,457375.85,0.28
2025-12,sneha chi nuggets,1449.0,457375.85,0.32
2025-12,staff chicken,300.0,457375.85,0.07
2025-12,staff rice 26kg,108.0,457375.85,0.02
2025-12,sweet corn 1kg,780.0,457375.85,0.17
2025-12,sweet corn 1kg,-504.0,457375.85,-0.11
2025-12,sweet corn abad,425.0,457375.85,0.09
2025-12,tandoori mayonise,520.0,457375.85,0.11
2025-12,tandoori tikka powder,287.5,457375.85,0.06
2025-12,tomato,480.0,457375.85,0.1
2025-12,tomato ketchup 1.2 bottle,721.77,457375.85,0.16
2025-12,veeba pizza pasta sauce,2352.3500000000004,457375.85,0.51
2025-12,veg fruit grocery,1128.0,457375.85,0.25
2025-12,vegetables,7242.47,457375.85,1.58
2025-12,water melon,100.0,457375.85,0.02
2025-12,wooden fork,85.0,457375.85,0.02
2025-11, dry yeast 500 gm,882.0,454730.6,0.19
2025-11,7UP 750ml Pet,859.2500000000001,454730.6,0.19
2025-11,7up 1 ltr,798.12,454730.6,0.18
2025-11,7up 250ml Pet,525.0,454730.6,0.12
2025-11,7up can 300ml,34.29000000000002,454730.6,0.01
2025-11,7up zero sugar 400ml,525.0,454730.6,0.12
2025-11,Aqua Fina Mineral Water 1Ltr,420.75,454730.6,0.09
2025-11,Aromat Seasoning Powder,-172.0,454730.6,-0.04
2025-11,BBQ Mix Masala,1162.5,454730.6,0.26
2025-11,Berry Fresh Chicku Pulp,840.0,454730.6,0.18
2025-11,Berry Fresh Chicku Pulp 2kg,-420.0,454730.6,-0.09
2025-11,Berry Fresh Tender Coconut Pulp,814.0,454730.6,0.18
2025-11,Boneless Chicken,22300.92,454730.6,4.9
2025-11,Bread Premix,240.0,454730.6,0.05
2025-11,Brownie,1155.0,454730.6,0.25
2025-11,Butter,1235.0,454730.6,0.27
2025-11,Butter,-570.0,454730.6,-0.13
2025-11,Butter Scotch Ice-cream,-825.5999999999999,454730.6,-0.18
2025-11,CHILLY FLAKES SACHET 0.8GM,-171.60000000000002,454730.6,-0.04
2025-11,Celotape-3/4inch-,-230.0,454730.6,-0.05
2025-11,Chettinad Mix,0.0,454730.6,0.0
2025-11,Chicken Kheema  Masala,-975.0,454730.6,-0.21
2025-11,Chicken Sausage,825.0,454730.6,0.18
2025-11,Chicken burger pattis,1008.0,454730.6,0.22
2025-11,Chocolate Ice-cream 4ltr,798.5999999999999,454730.6,0.18
2025-11,Corn Meal - MAKKA RAVA,137.5,454730.6,0.03
2025-11,DVC BLUE OCCEAN FLV SYRUP 750ML,-778.8000000000002,454730.6,-0.17
2025-11,DVC Cucumber Syrup 750 ml,530.0,454730.6,0.12
2025-11,DVC Green Apple 750 ML,552.0,454730.6,0.12
2025-11,DVC PASSION FRUIT FLV SYRUP 750ML,460.0,454730.6,0.1
2025-11,DVC Watermelon Syrup 750 ml,0.0,454730.6,0.0
2025-11,Dew 250ml Pet,297.5,454730.6,0.07
2025-11,Dew 330 ml can,274.32000000000005,454730.6,0.06
2025-11,Dew 750ml Pet,721.77,454730.6,0.16
2025-11,Dip Bowl,60.0,454730.6,0.01
2025-11,ENGLISH vegetables,3204.25,454730.6,0.7
2025-11,Egg 7.5,225.0,454730.6,0.05
2025-11,French Fries Box,535.0,454730.6,0.12
2025-11,Fruits,-150.0,454730.6,-0.03
2025-11,G.Crown Mushroom Slice 800g,4326.0,454730.6,0.95
2025-11,Garlic Bread Box,232.5,454730.6,0.05
2025-11,Gas-LPG-HPCL,19580.0,454730.6,4.31
2025-11,Green Peas,31.0,454730.6,0.01
2025-11,HABIT JALAPENO SLICES 2.9 KG,1390.0,454730.6,0.31
2025-11,Herb Mix Masla,1115.0,454730.6,0.25
2025-11,Honey mustard dressing,635.6100000000001,454730.6,0.14
2025-11,KOT Printing Rolls,432.0,454730.6,0.1
2025-11,Lamp Pepperoni,-895.0,454730.6,-0.2
2025-11,Large Pizza Box,1143.4499999999998,454730.6,0.25
2025-11,Lehar Soda,563.1600000000001,454730.6,0.12
2025-11,Maida yamuna,8132.0,454730.6,1.79
2025-11,Malas Chocolate Sauce 5 ltr,265.0,454730.6,0.06
2025-11,Mayonise premium,172.5,454730.6,0.04
2025-11,Medium Pizza Box,3670.0,454730.6,0.81
2025-11,Mexican Masala,-3818.0,454730.6,-0.84
2025-11,Mini Burger Box,224.0,454730.6,0.05
2025-11,Mojito Menta Cubano,782.0,454730.6,0.17
2025-11,Moktails Glass,320.0,454730.6,0.07
2025-11,Mustard Oil,67.19999999999999,454730.6,0.01
2025-11,OREGANO SACHET 0.8GM,1113.53,454730.6,0.24
2025-11,Oregano Sprinkler 500g,736.8,454730.6,0.16
2025-11,POTATO POPS,60.329999999999984,454730.6,0.01
2025-11,Paneer,-145.0,454730.6,-0.03
2025-11,Paper Straw,-120.0,454730.6,-0.03
2025-11,Pasta Container Black,796.5500000000002,454730.6,0.18
2025-11,Pepsi 250ml Pet,1050.0,454730.6,0.23
2025-11,Pepsi 750ml Pet,927.99,454730.6,0.2
2025-11,Pineapple slice-Tajir Habit-850g,110.25,454730.6,0.02
2025-11,Piri Piri Marinade 1KG,178.0,454730.6,0.04
2025-11,Pizza Premix,4208.4,454730.6,0.93
2025-11,Pizza sauce premix,-97.5,454730.6,-0.02
2025-11,Processed cheese block,1028.0,454730.6,0.23
2025-11,Puramate Pasta-Gomiti Rigate - macroni - 500g,201.0,454730.6,0.04
2025-11,Puramate Pasta-Penne Rigatte 500g,670.0,454730.6,0.15
2025-11,Regular Pizza Box,4267.0,454730.6,0.94
2025-11,Richs versatie cream,1107.58,454730.6,0.24
2025-11,Salad Bowl 250ml,262.5,454730.6,0.06
2025-11,Salad Bowl 500ml,262.0,454730.6,0.06
2025-11,Schezwan sauce,182.0,454730.6,0.04
2025-11,Slice Mango 200ml pet,459.42,454730.6,0.1
2025-11,Slice Mango 250ml pet,-166.2,454730.6,-0.04
2025-11,Strawberry-Ice cream,-440.29999999999995,454730.6,-0.1
2025-11,TOMATO 10KG,260.0,454730.6,0.06
2025-11,Tandoori mix Masala,-1452.5,454730.6,-0.32
2025-11,Tissue,-90.0,454730.6,-0.02
2025-11,Tripod,0.0,454730.6,0.0
2025-11,Tropicana Guava Delight 500ml,175.55999999999995,454730.6,0.04
2025-11,Vanilla Ice-cream 4ltr,2420.0,454730.6,0.53
2025-11,Veeba Eggless Mayonise Chef 1KG,3234.49,454730.6,0.71
2025-11,Veeba Eggless Mayonise Chef 1KG,-2415.0,454730.6,-0.53
2025-11,Veeba Gouda Flavoured Dressing,378.75999999999976,454730.6,0.08
2025-11,Veeba Ketchup Sachet,2058.4,454730.6,0.45
2025-11,Veeba ThousandIsland Dressing 1KG,351.76,454730.6,0.08
2025-11,Veg burger pattis,225.0,454730.6,0.05
2025-11,Veg burger pattis,185.0,454730.6,0.04
2025-11,Wooden Fork-160mm,150.0,454730.6,0.03
2025-11,Zippy  B.Fast Sausage ,-590.88,454730.6,-0.13
2025-11,Zippy Chicken Salami,772.5,454730.6,0.17
2025-11,atta,270.0,454730.6,0.06
2025-11,bio covers,457.0,454730.6,0.1
2025-11,bio glass,40.0,454730.6,0.01
2025-11,black olive slice Habit,1542.0,454730.6,0.34
2025-11,bonless chicken,739.5,454730.6,0.16
2025-11,burger buns,832.0,454730.6,0.18
2025-11,cheesy spread dip,0.0,454730.6,0.0
2025-11,chicken kheema masala,1235.0,454730.6,0.27
2025-11,chicken pepperoni,-865.0,454730.6,-0.19
2025-11,chicken popcorn,26.25,454730.6,0.01
2025-11,chilly flake sachet,1095.6399999999999,454730.6,0.24
2025-11,chilly flakes 500 gm,195.0,454730.6,0.04
2025-11,chilly flakes 500gm,-195.0,454730.6,-0.04
2025-11,chilly garlic spread,165.0,454730.6,0.04
2025-11,colby cheese 1 kg,761.3800000000001,454730.6,0.17
2025-11,dew can300ml,68.58,454730.6,0.02
2025-11,dynamic cheddar block,554.0,454730.6,0.12
2025-11,dynamic diced mozerella,28951.649999999998,454730.6,6.37
2025-11,egg 7,70.0,454730.6,0.02
2025-11,egg-6.50,65.0,454730.6,0.01
2025-11,fruits,300.0,454730.6,0.07
2025-11,fruits and vegetables,1638.0,454730.6,0.36
2025-11,garlic,130.0,454730.6,0.03
2025-11,grocery,23342.1,454730.6,5.13
2025-11,habit baby corn,540.0,454730.6,0.12
2025-11,habit olive oil,369.0,454730.6,0.08
2025-11,hungritos premium,4842.18,454730.6,1.06
2025-11,ice cube/80,320.0,454730.6,0.07
2025-11,maida 30kg,-1359.9,454730.6,-0.3
2025-11,maida prince 30kg,1359.9,454730.6,0.3
2025-11,makhni gravy,672.0,454730.6,0.15
2025-11,malas butterscotch crush,0.0,454730.6,0.0
2025-11,mexican mix,6525.0,454730.6,1.43
2025-11,milk,700.0,454730.6,0.15
2025-11,milk 28 milma,224.0,454730.6,0.05
2025-11,milk choco,288.0,454730.6,0.06
2025-11,milk choco 180 ml,-389.87,454730.6,-0.09
2025-11,milk fruits sugar balls,885.0,454730.6,0.19
2025-11,milk shake assorted,744.0,454730.6,0.16
2025-11,milky mist butter 500gm,936.75,454730.6,0.21
2025-11,oil,-136.5,454730.6,-0.03
2025-11,paneer,580.0,454730.6,0.13
2025-11,paneer tikka powder,585.0,454730.6,0.13
2025-11,pepsi 1 ltr,753.7800000000001,454730.6,0.17
2025-11,pepsi can 330ml,-720.09,454730.6,-0.16
2025-11,pepsi can300ml,1097.28,454730.6,0.24
2025-11,pineapple,90.0,454730.6,0.02
2025-11,pizza sauce,120.0,454730.6,0.03
2025-11,potato wedges,87.14999999999986,454730.6,0.02
2025-11,red paprika habit,942.5,454730.6,0.21
2025-11,slice cheese,818.04,454730.6,0.18
2025-11,slice cheese,648.5500000000002,454730.6,0.14
2025-11,sneha chi burgar pattis,630.0,454730.6,0.14
2025-11,sneha chi nuggets,828.0,454730.6,0.18
2025-11,staff rice 26kg,-162.0,454730.6,-0.04
2025-11,straw,120.0,454730.6,0.03
2025-11,sweet corn,727.0,454730.6,0.16
2025-11,sweet corn 1kg,0.0,454730.6,0.0
2025-11,tandoori mayonise,260.0,454730.6,0.06
2025-11,tandoori tikka powder,-287.5,454730.6,-0.06
2025-11,tomato,480.0,454730.6,0.11
2025-11,tomato ketchup 1.2 bottle,609.3299999999999,454730.6,0.13
2025-11,veeba pizza pasta sauce,2352.3500000000004,454730.6,0.52
2025-11,vegetable n fruit,400.0,454730.6,0.09
2025-11,vegetables,9541.91,454730.6,2.1
2025-11,watermelon,75.0,454730.6,0.02
2025-11,wooden fork,-170.0,454730.6,-0.04
2025-10, dry yeast 500 gm,445.0,455473.55,0.1
2025-10,7UP 750ml Pet,584.29,455473.55,0.13
2025-10,7up 1 ltr,620.7600000000001,455473.55,0.14
2025-10,7up 250ml Pet,962.5,455473.55,0.21
2025-10,7up can 300ml,377.18999999999994,455473.55,0.08
2025-10,Aqua Fina Mineral Water 1Ltr,586.5,455473.55,0.13
2025-10,Aromat Seasoning Powder,172.0,455473.55,0.04
2025-10,BBQ Mix Masala,883.5,455473.55,0.19
2025-10,Berry Fresh Chicku Pulp,560.0,455473.55,0.12
2025-10,Berry Fresh Tender Coconut Pulp,296.0,455473.55,0.06
2025-10,Boneless Chicken,16244.010000000002,455473.55,3.57
2025-10,Bread Premix,240.0,455473.55,0.05
2025-10,Brownie,1540.0,455473.55,0.34
2025-10,Butter,1045.0,455473.55,0.23
2025-10,Butter,570.0,455473.55,0.13
2025-10,Butter Scotch Ice-cream,773.0,455473.55,0.17
2025-10,Butter Scotch Ice-cream,0.0,455473.55,0.0
2025-10,CHICKEN POPCORN,331.2,455473.55,0.07
2025-10,CHILLY FLAKES SACHET 0.8GM,696.8,455473.55,0.15
2025-10,Celotape-3/4inch-,184.0,455473.55,0.04
2025-10,Chettinad Mix,-260.4,455473.55,-0.06
2025-10,Chicken Sausage,-275.0,455473.55,-0.06
2025-10,Chicken burger pattis,1095.5,455473.55,0.24
2025-10,Chicken burger pattis,1060.0,455473.55,0.23
2025-10,Chocolate Ice-cream 4ltr,1142.4,455473.55,0.25
2025-10,Corn Meal - MAKKA RAVA,137.5,455473.55,0.03
2025-10,DVC BLUE OCCEAN FLV SYRUP 750ML,259.60000000000014,455473.55,0.06
2025-10,DVC Bubblegum Syrup Syrup 750 ml,253.7,455473.55,0.06
2025-10,DVC Cucumber Syrup 750 ml,0.0,455473.55,0.0
2025-10,DVC Green Apple 750 ML,516.0,455473.55,0.11
2025-10,DVC MOJITO MINT 750ML,2029.6,455473.55,0.45
2025-10,DVC Mixed Berry Beverage Blend Syrup 750 ml,414.0,455473.55,0.09
2025-10,DVC PASSION FRUIT FLV SYRUP 750ML,640.0,455473.55,0.14
2025-10,DVC Peach Garden Syrup Syrup 750 ml,244.26,455473.55,0.05
2025-10,DVC Strawberry Syrup Syrup 750 ml,244.26,455473.55,0.05
2025-10,DVC Watermelon Syrup 750 ml,0.0,455473.55,0.0
2025-10,Dew 250ml Pet,525.0,455473.55,0.12
2025-10,Dew 330 ml can,377.19,455473.55,0.08
2025-10,Dew 750ml Pet,-412.44,455473.55,-0.09
2025-10,Dip Bowl,56.0,455473.55,0.01
2025-10,ENGLISH vegetables,2093.75,455473.55,0.46
2025-10,French Fries 6mm,600.0,455473.55,0.13
2025-10,French Fries Box,1016.5,455473.55,0.22
2025-10,G.Crown Mushroom Slice 800g,3193.0,455473.55,0.7
2025-10,Garlic Bread Box,262.5,455473.55,0.06
2025-10,Gas-LPG-HPCL,15530.0,455473.55,3.41
2025-10,Green Peas,0.0,455473.55,0.0
2025-10,HABIT JALAPENO SLICES 2.9 KG,1112.0,455473.55,0.24
2025-10,Herb Mix Masla,-133.79999999999973,455473.55,-0.03
2025-10,Honey mustard dressing,635.61,455473.55,0.14
2025-10,KOT Printing Rolls,324.0,455473.55,0.07
2025-10,Lamp Pepperoni,447.5,455473.55,0.1
2025-10,Large Pizza Box,1306.8000000000002,455473.55,0.29
2025-10,Lehar Soda,813.1600000000001,455473.55,0.18
2025-10,Maida yamuna,1276.0,455473.55,0.28
2025-10,Malas Chocolate Sauce 5 ltr,265.0,455473.55,0.06
2025-10,Mayonise premium,713.0,455473.55,0.16
2025-10,Mc Cain Potato Wedges 2.5kg,435.75,455473.55,0.1
2025-10,Medium Pizza Box,360.0,455473.55,0.08
2025-10,Mexican Masala,6474.0,455473.55,1.42
2025-10,Mini Burger Box,490.0,455473.55,0.11
2025-10,Mittai-Milk-Amul,64.0,455473.55,0.01
2025-10,Mojito Menta Cubano,-782.0,455473.55,-0.17
2025-10,Moktails Glass,880.0,455473.55,0.19
2025-10,Mustard Oil,50.400000000000006,455473.55,0.01
2025-10,OREGANO SACHET 0.8GM,741.0700000000002,455473.55,0.16
2025-10,Oregano Sprinkler 500g,821.2,455473.55,0.18
2025-10,POTATO POPS,-120.64999999999999,455473.55,-0.03
2025-10,Paneer,580.0,455473.55,0.13
2025-10,Pasta Container Black,1109.8,455473.55,0.24
2025-10,Pepsi 250ml Pet,1120.0,455473.55,0.25
2025-10,Pepsi 750ml Pet,1271.69,455473.55,0.28
2025-10,Pineapple slice-Tajir Habit-850g,110.25,455473.55,0.02
2025-10,Piri Piri Marinade 1KG,237.76,455473.55,0.05
2025-10,Piri Piri Marinade 1KG,-178.0,455473.55,-0.04
2025-10,Pizza Premix,579.5999999999999,455473.55,0.13
2025-10,Pizza sauce premix,325.0,455473.55,0.07
2025-10,Processed cheese block,1039.52,455473.55,0.23
2025-10,Processed cheese block,831.6,455473.55,0.18
2025-10,Processed cheese block,-514.0,455473.55,-0.11
2025-10,Puramate Pasta-Gomiti Rigate - macroni - 500g,209.0,455473.55,0.05
2025-10,Puramate Pasta-Penne Rigatte 500g,1029.0,455473.55,0.23
2025-10,Regular Pizza Box,2320.5,455473.55,0.51
2025-10,Richs versatie cream,1695.52,455473.55,0.37
2025-10,SALAMI,558.0,455473.55,0.12
2025-10,Salad Bowl 250ml,220.5,455473.55,0.05
2025-10,Salad Bowl 500ml,393.0,455473.55,0.09
2025-10,Schezwan sauce,0.0,455473.55,0.0
2025-10,Slice Mango 200ml pet,-459.42,455473.55,-0.1
2025-10,Strawberry-Ice cream,0.0,455473.55,0.0
2025-10,Tandoori mix Masala,2697.5,455473.55,0.59
2025-10,Tissue,54.0,455473.55,0.01
2025-10,Vanilla Ice-cream 4ltr,3508.0,455473.55,0.77
2025-10,Veeba Eggless Mayonise Chef 1KG,1340.6299999999999,455473.55,0.29
2025-10,Veeba Gouda Flavoured Dressing,1212.0,455473.55,0.27
2025-10,Veeba Gouda Flavoured Dressing,-568.1399999999999,455473.55,-0.12
2025-10,Veeba Ketchup Sachet,1998.6,455473.55,0.44
2025-10,Veeba Makhani Gravy 1KG,420.0,455473.55,0.09
2025-10,Veeba T. Ketchup 1.2KG,420.0,455473.55,0.09
2025-10,Veeba ThousandIsland Dressing 1KG,351.76,455473.55,0.08
2025-10,Veg burger pattis,382.5,455473.55,0.08
2025-10,Veg burger pattis,0.0,455473.55,0.0
2025-10,Wooden Fork-160mm,-150.0,455473.55,-0.03
2025-10,Zippy Chicken Salami,-154.5,455473.55,-0.03
2025-10,atta,270.0,455473.55,0.06
2025-10,bio covers,75.0,455473.55,0.02
2025-10,bio glass,40.0,455473.55,0.01
2025-10,black olive slice Habit,1542.0,455473.55,0.34
2025-10,burger buns,544.0,455473.55,0.12
2025-10,cheese jalapeno dip,184.0,455473.55,0.04
2025-10,chicken kheema masala,552.5,455473.55,0.12
2025-10,chicken pepperoni,865.0,455473.55,0.19
2025-10,chicken popcorn,105.0,455473.55,0.02
2025-10,chilly flake sachet,-55.639999999999986,455473.55,-0.01
2025-10,chilly flakes 500 gm,0.0,455473.55,0.0
2025-10,chilly flakes 500gm,39.0,455473.55,0.01
2025-10,chilly garlic spread,340.0,455473.55,0.07
2025-10,colby cheese 1 kg,190.34000000000015,455473.55,0.04
2025-10,curd,30.0,455473.55,0.01
2025-10,dew 750 ml,1134.21,455473.55,0.25
2025-10,dew can300ml,-68.58,455473.55,-0.02
2025-10,dry basil,140.0,455473.55,0.03
2025-10,dynamic cheddar block,-554.0,455473.55,-0.12
2025-10,dynamic diced mozerella,26038.789999999997,455473.55,5.72
2025-10,dynamix butter,1560.02,455473.55,0.34
2025-10,egg-6.50,195.0,455473.55,0.04
2025-10,fruits and milk,525.0,455473.55,0.12
2025-10,fruits and vegetables,871.0,455473.55,0.19
2025-10,garlic,260.0,455473.55,0.06
2025-10,grocery,22583.45,455473.55,4.96
2025-10,habit baby corn,108.0,455473.55,0.02
2025-10,habit olive oil,369.0,455473.55,0.08
2025-10,hungritos premium,4734.6,455473.55,1.04
2025-10,ice cube/80,0.0,455473.55,0.0
2025-10,makhni gravy,0.0,455473.55,0.0
2025-10,malas butterscotch crush,0.0,455473.55,0.0
2025-10,mexican mix,-4350.0,455473.55,-0.96
2025-10,milk,950.0,455473.55,0.21
2025-10,milk shake assorted,1061.5,455473.55,0.23
2025-10,milky mist butter 500gm,-1249.0,455473.55,-0.27
2025-10,oil,409.5,455473.55,0.09
2025-10,paneer,580.0,455473.55,0.13
2025-10,paneer tikka powder,1485.0,455473.55,0.33
2025-10,pepsi 1 ltr,842.4599999999999,455473.55,0.18
2025-10,pepsi can 330ml,342.9,455473.55,0.08
2025-10,pepsi can300ml,-274.32,455473.55,-0.06
2025-10,pizza sauce,-240.0,455473.55,-0.05
2025-10,potato wedges,156.87,455473.55,0.03
2025-10,red paprika habit,440.70000000000005,455473.55,0.1
2025-10,slice cheese,1636.08,455473.55,0.36
2025-10,slice mango 250ml pet,498.6,455473.55,0.11
2025-10,slice mango 600ml,36.08,455473.55,0.01
2025-10,sneha chi burgar pattis,378.0,455473.55,0.08
2025-10,sneha chi nuggets,1207.5,455473.55,0.27
2025-10,staff chicken,632.0,455473.55,0.14
2025-10,staff rice 26kg,54.0,455473.55,0.01
2025-10,straw,-40.0,455473.55,-0.01
2025-10,sweet corn,855.0,455473.55,0.19
2025-10,sweet corn 1kg,-260.0,455473.55,-0.06
2025-10,tandoori mayonise,520.0,455473.55,0.11
2025-10,tomato and fruits,610.0,455473.55,0.13
2025-10,tomato ketchup 1.2 bottle,100.0,455473.55,0.02
2025-10,veeba pizza pasta sauce,2316.1200000000003,455473.55,0.51
2025-10,vegetable n fruit,-400.0,455473.55,-0.09
2025-10,vegetables,5254.93,455473.55,1.15
2025-10,voucher book,290.0,455473.55,0.06
2025-10,wodden spoon,130.0,455473.55,0.03
2025-09, dry yeast 500 gm,854.4000000000001,480840.35,0.18
2025-09,7UP 750ml Pet,1443.54,480840.35,0.3
2025-09,7up 1 ltr,842.4599999999999,480840.35,0.18
2025-09,7up 250ml Pet,420.0,480840.35,0.09
2025-09,7up can 300ml,-68.57999999999993,480840.35,-0.01
2025-09,Aqua Fina Mineral Water 1Ltr,345.65999999999997,480840.35,0.07
2025-09,Aromat Seasoning Powder,344.0,480840.35,0.07
2025-09,BBQ Mix Masala,279.0,480840.35,0.06
2025-09,Baby Corn Whole-800GM-Tajir Habit,560.0,480840.35,0.12
2025-09,Berry Fresh Chicku Pulp,1036.0,480840.35,0.22
2025-09,Berry Fresh Chicku Pulp 2kg,560.0,480840.35,0.12
2025-09,Berry Fresh Tender Coconut Pulp,-370.0,480840.35,-0.08
2025-09,Berry Fresh Tender Coconut Pulp 2kg,1184.0,480840.35,0.25
2025-09,Boneless Chicken,17713.22,480840.35,3.68
2025-09,Bread Premix,480.0,480840.35,0.1
2025-09,Brownie,770.0,480840.35,0.16
2025-09,Butter,760.0,480840.35,0.16
2025-09,Butter,-380.0,480840.35,-0.08
2025-09,Butter Scotch Ice-cream,0.0,480840.35,0.0
2025-09,CHICKEN POPCORN,-331.2,480840.35,-0.07
2025-09,CHILLY FLAKES SACHET 0.8GM,-696.8,480840.35,-0.14
2025-09,Celotape-3/4inch-,-184.0,480840.35,-0.04
2025-09,Chettinad Mix,0.0,480840.35,0.0
2025-09,Chicken Sausage,-550.0,480840.35,-0.11
2025-09,Chicken burger pattis,-1095.5,480840.35,-0.23
2025-09,Chocolate Ice-cream 4ltr,1142.4,480840.35,0.24
2025-09,Corn Meal - MAKKA RAVA,-165.0,480840.35,-0.03
2025-09,DVC BLUE OCCEAN FLV SYRUP 750ML,-778.8,480840.35,-0.16
2025-09,DVC Bubblegum Syrup Syrup 750 ml,-253.7,480840.35,-0.05
2025-09,DVC Cucumber Syrup 750 ml,530.0,480840.35,0.11
2025-09,DVC Green Apple 750 ML,-259.5999999999999,480840.35,-0.05
2025-09,DVC MOJITO MINT 750ML,-2029.6,480840.35,-0.42
2025-09,DVC Mixed Berry Beverage Blend Syrup 750 ml,-414.0,480840.35,-0.09
2025-09,DVC PASSION FRUIT FLV SYRUP 750ML,-260.0,480840.35,-0.05
2025-09,DVC Peach Garden Syrup Syrup 750 ml,-244.26,480840.35,-0.05
2025-09,DVC Strawberry Syrup Syrup 750 ml,-244.26,480840.35,-0.05
2025-09,DVC Watermelon Syrup 750 ml,0.0,480840.35,0.0
2025-09,Dew 250ml Pet,525.0,480840.35,0.11
2025-09,Dew 330 ml can,-377.19,480840.35,-0.08
2025-09,Dew 750ml Pet,1031.1,480840.35,0.21
2025-09,Dew can 300ml,651.51,480840.35,0.14
2025-09,Dip Bowl,44.0,480840.35,0.01
2025-09,ENGLISH vegetables,3318.6,480840.35,0.69
2025-09,French Fries Box,-80.25,480840.35,-0.02
2025-09,G.Crown Mushroom Slice 800g,3605.0,480840.35,0.75
2025-09,GO Orange Cheddar Cheese 2kg,1926.1,480840.35,0.4
2025-09,Garlic Bread Box,502.5,480840.35,0.1
2025-09,Gas-LPG-HPCL,15490.0,480840.35,3.22
2025-09,Grain spicy marinade,254.8,480840.35,0.05
2025-09,Green Peas,72.5,480840.35,0.02
2025-09,HABIT JALAPENO SLICES 2.9 KG,1262.0,480840.35,0.26
2025-09,Herb Mix Masla,936.5999999999999,480840.35,0.19
2025-09,Honey,244.0,480840.35,0.05
2025-09,Honey mustard dressing,791.0,480840.35,0.16
2025-09,KOT Printing Rolls,540.0,480840.35,0.11
2025-09,Lamp Pepperoni,895.0,480840.35,0.19
2025-09,Large Pizza Box,1544.4000000000005,480840.35,0.32
2025-09,Lehar Soda,493.79999999999995,480840.35,0.1
2025-09,Maida yamuna,7292.8,480840.35,1.52
2025-09,Malas Chocolate Sauce 5 ltr,3392.0,480840.35,0.71
2025-09,Mayonise premium,276.0,480840.35,0.06
2025-09,Medium Pizza Box,3510.0,480840.35,0.73
2025-09,Mexican Masala,-6640.0,480840.35,-1.38
2025-09,Mini Burger Box,255.0,480840.35,0.05
2025-09,Mittai-Milk-Amul,-64.0,480840.35,-0.01
2025-09,Mojito Menta Cubano,3120.0,480840.35,0.65
2025-09,Moktails Glass,840.0,480840.35,0.17
2025-09,Mustard Oil,0.0,480840.35,0.0
2025-09,OREGANO SACHET 0.8GM,978.1999999999999,480840.35,0.2
2025-09,Oregano Sprinkler 500g,660.0,480840.35,0.14
2025-09,POTATO POPS,348.56,480840.35,0.07
2025-09,Paneer,1450.0,480840.35,0.3
2025-09,Pasta Container Black,868.1500000000001,480840.35,0.18
2025-09,Pepsi 250ml Pet,1662.5,480840.35,0.35
2025-09,Pepsi 750ml Pet,412.44000000000005,480840.35,0.09
2025-09,Pineapple slice-Tajir Habit-850g,0.0,480840.35,0.0
2025-09,Piri Piri Marinade 1KG,332.86,480840.35,0.07
2025-09,Pizza Premix,6048.0,480840.35,1.26
2025-09,Pizza sauce premix,260.0,480840.35,0.05
2025-09,Processed cheese block,831.5999999999998,480840.35,0.17
2025-09,Puramate Pasta-Gomiti Rigate - macroni - 500g,213.0,480840.35,0.04
2025-09,Puramate Pasta-Penne Rigatte 500g,781.0,480840.35,0.16
2025-09,Regular Pizza Box,3893.0,480840.35,0.81
2025-09,Richs versatie cream,1059.7000000000003,480840.35,0.22
2025-09,SALAMI,-558.0,480840.35,-0.12
2025-09,Salad Bowl 250ml,157.5,480840.35,0.03
2025-09,Salad Bowl 500ml,327.5,480840.35,0.07
2025-09,Schezwan sauce,182.0,480840.35,0.04
2025-09,Slice Mango 600ml pet,188.28,480840.35,0.04
2025-09,Strawberry-Ice cream,0.0,480840.35,0.0
2025-09,Tandoori mix Masala,705.5,480840.35,0.15
2025-09,Tissue,18.0,480840.35,0.0
2025-09,Vanilla Ice-cream 4ltr,2720.0,480840.35,0.57
2025-09,Veeba Eggless Mayonise Chef 1KG,1200.0,480840.35,0.25
2025-09,Veeba Gouda Flavoured Dressing,-1212.0,480840.35,-0.25
2025-09,Veeba Ketchup Sachet,1122.0,480840.35,0.23
2025-09,Veeba Makhani Gravy 1KG,644.0,480840.35,0.13
2025-09,Veeba T. Ketchup 1.2KG,105.0,480840.35,0.02
2025-09,Veeba ThousandIsland Dressing 1KG,750.4000000000001,480840.35,0.16
2025-09,Veg burger pattis,480.0,480840.35,0.1
2025-09,Veg burger pattis,-157.5,480840.35,-0.03
2025-09,Zippy  B.Fast Sausage ,886.32,480840.35,0.18
2025-09,Zippy Chicken Salami,1320.0,480840.35,0.27
2025-09,atta,0.0,480840.35,0.0
2025-09,bio covers,-60.0,480840.35,-0.01
2025-09,bio glass,-40.0,480840.35,-0.01
2025-09,black olive slice Habit,823.2,480840.35,0.17
2025-09,black olive slice Habit,529.5,480840.35,0.11
2025-09,black olive slice btl 450gm,1557.52,480840.35,0.32
2025-09,burger buns,768.0,480840.35,0.16
2025-09,butter,760.0,480840.35,0.16
2025-09,capsicum,72.0,480840.35,0.01
2025-09,cashew,100.0,480840.35,0.02
2025-09,cheese jalapeno dip,0.0,480840.35,0.0
2025-09,cheesy spread dip,396.0,480840.35,0.08
2025-09,chicken kheema masala,-942.5,480840.35,-0.2
2025-09,chicken pepperoni,865.0,480840.35,0.18
2025-09,chicken pop corn sneha,428.0,480840.35,0.09
2025-09,chilly flakes 500gm,-39.0,480840.35,-0.01
2025-09,chilly flakes sachet,1157.0,480840.35,0.24
2025-09,chilly garlic spread,0.0,480840.35,0.0
2025-09,colby cheese 1 kg,126.89999999999964,480840.35,0.03
2025-09,dew 750 ml,-309.33,480840.35,-0.06
2025-09,dynamic diced mozerella,27445.950000000004,480840.35,5.71
2025-09,dynamix butter,-526.4,480840.35,-0.11
2025-09,dynamix slice cheese,639.54,480840.35,0.13
2025-09,egg-6.50,260.0,480840.35,0.05
2025-09,french fry hungritos 2.5kg,7355.0,480840.35,1.53
2025-09,fruits,506.68,480840.35,0.11
2025-09,fruits and vegetables,316.0,480840.35,0.07
2025-09,garlic,180.0,480840.35,0.04
2025-09,grocery,22585.44,480840.35,4.7
2025-09,habit baby corn,-108.0,480840.35,-0.02
2025-09,habit olive oil,369.0,480840.35,0.08
2025-09,hungritos premium,-2657.6,480840.35,-0.55
2025-09,ice cream vanilla,968.0,480840.35,0.2
2025-09,ice cube/80,0.0,480840.35,0.0
2025-09,makhni gravy,-224.0,480840.35,-0.05
2025-09,malas butterscotch crush,42.900000000000006,480840.35,0.01
2025-09,mexican mix,8700.0,480840.35,1.81
2025-09,milk,800.0,480840.35,0.17
2025-09,milk choco 180 ml,599.8,480840.35,0.12
2025-09,milk rose,110.0,480840.35,0.02
2025-09,milk shake assorted,-49.18,480840.35,-0.01
2025-09,milky mist butter 500gm,1249.0,480840.35,0.26
2025-09,mojito,4160.0,480840.35,0.87
2025-09,oil,136.5,480840.35,0.03
2025-09,paneer,580.0,480840.35,0.12
2025-09,paneer tikka powder,-2745.0,480840.35,-0.57
2025-09,pepsi 1 ltr,620.76,480840.35,0.13
2025-09,pepsi can 330ml,-342.9,480840.35,-0.07
2025-09,pepsi can300ml,891.5400000000001,480840.35,0.19
2025-09,pizza sauce,120.0,480840.35,0.02
2025-09,potato wedges,842.4499999999999,480840.35,0.18
2025-09,red paprika habit,603.72,480840.35,0.13
2025-09,slice cheese,1101.48,480840.35,0.23
2025-09,slice cheese,-409.02,480840.35,-0.09
2025-09,slice mango 600ml,-36.08,480840.35,-0.01
2025-09,sneha chi burgar pattis,2889.6,480840.35,0.6
2025-09,sneha chi nuggets,855.5999999999999,480840.35,0.18
2025-09,staff chicken,315.0,480840.35,0.07
2025-09,staff rice 26kg,-270.0,480840.35,-0.06
2025-09,straw,-20.0,480840.35,-0.0
2025-09,sweet corn,-380.0,480840.35,-0.08
2025-09,sweet corn 1kg,1430.0,480840.35,0.3
2025-09,tandoori mayonise,520.0,480840.35,0.11
2025-09,tomato ketchup 1.2 bottle,440.0,480840.35,0.09
2025-09,veeba pizza pasta sauce,1930.0999999999995,480840.35,0.4
2025-09,vegetables,5984.13,480840.35,1.24
2025-09,water melon,100.0,480840.35,0.02
2025-09,wodden spoon,-130.0,480840.35,-0.03
2025-09,wooden fork,170.0,480840.35,0.04
2025-08, dry yeast 500 gm,836.6,507628.39999999997,0.16
2025-08,7UP 750ml Pet,-137.48000000000002,507628.39999999997,-0.03
2025-08,7up 1 ltr,753.78,507628.39999999997,0.15
2025-08,7up 250ml Pet,1557.5,507628.39999999997,0.31
2025-08,7up can 300ml,308.61,507628.39999999997,0.06
2025-08,7up pet 750ml,859.25,507628.39999999997,0.17
2025-08,Aqua Fina Mineral Water 1Ltr,270.88,507628.39999999997,0.05
2025-08,Aromat Seasoning Powder,-292.4,507628.39999999997,-0.06
2025-08,BBQ Mix Masala,1720.5,507628.39999999997,0.34
2025-08,Baby Corn Whole-800GM-Tajir Habit,-560.0,507628.39999999997,-0.11
2025-08,Berry Fresh Chicku Pulp,-476.0,507628.39999999997,-0.09
2025-08,Berry Fresh Tender Coconut Pulp,1295.0,507628.39999999997,0.26
2025-08,Berry Fresh Tender Coconut Pulp 2kg,-444.0,507628.39999999997,-0.09
2025-08,Boneless Chicken,20955.59,507628.39999999997,4.13
2025-08,Bread Premix,0.0,507628.39999999997,0.0
2025-08,Brownie,1925.0,507628.39999999997,0.38
2025-08,Butter,760.0,507628.39999999997,0.15
2025-08,Butter,570.0,507628.39999999997,0.11
2025-08,Butter Scotch Ice-cream,0.0,507628.39999999997,0.0
2025-08,Butter Scotch Sauce 750ml,114.4,507628.39999999997,0.02
2025-08,Chettinad Mix,260.4,507628.39999999997,0.05
2025-08,Chicken Sausage,648.6,507628.39999999997,0.13
2025-08,Chicken Sausage,550.0,507628.39999999997,0.11
2025-08,Chilli Flakes,44.0,507628.39999999997,0.01
2025-08,Chocolate Ice-cream 4ltr,979.2,507628.39999999997,0.19
2025-08,Corn Meal - MAKKA RAVA,110.0,507628.39999999997,0.02
2025-08,DVC BLUE OCCEAN FLV SYRUP 750ML,363.4399999999998,507628.39999999997,0.07
2025-08,DVC Bubblegum Syrup Syrup 750 ml,405.92,507628.39999999997,0.08
2025-08,DVC Cucumber Syrup 750 ml,0.0,507628.39999999997,0.0
2025-08,DVC Green Apple 750 ML,363.44000000000005,507628.39999999997,0.07
2025-08,DVC Mixed Berry Beverage Blend Syrup 750 ml,828.0,507628.39999999997,0.16
2025-08,DVC PASSION FRUIT FLV SYRUP 750ML,-260.0,507628.39999999997,-0.05
2025-08,DVC Passion Fruit 750ML,726.88,507628.39999999997,0.14
2025-08,DVC Peach GardenSyrup 750 ml,424.0,507628.39999999997,0.08
2025-08,DVC Strawberry Syrup 750 ml,405.92,507628.39999999997,0.08
2025-08,DVC Strawberry Syrup Syrup 750 ml,977.04,507628.39999999997,0.19
2025-08,DVC Watermelon Syrup 750 ml,-519.2,507628.39999999997,-0.1
2025-08,Dew 250ml Pet,472.5,507628.39999999997,0.09
2025-08,Dew 750ml Pet,-206.22,507628.39999999997,-0.04
2025-08,Dew can 300ml,-651.51,507628.39999999997,-0.13
2025-08,ENGLISH vegetables,3858.7999999999997,507628.39999999997,0.76
2025-08,French Fries Box,-401.25,507628.39999999997,-0.08
2025-08,Frozen Sweet Corn-Pal Fresh 500gm,450.0,507628.39999999997,0.09
2025-08,G.Crown Mushroom Slice 800g,3296.0,507628.39999999997,0.65
2025-08,GO Orange Cheddar Cheese 2kg,-1926.1,507628.39999999997,-0.38
2025-08,GO-Monterey Jack Cheese-2kg,2035.25,507628.39999999997,0.4
2025-08,Garlic Bread Box,600.0,507628.39999999997,0.12
2025-08,Gas-LPG-HPCL,13440.0,507628.39999999997,2.65
2025-08,Grain spicy marinade,-254.8,507628.39999999997,-0.05
2025-08,Green Peas,14.5,507628.39999999997,0.0
2025-08,HABIT JALAPENO SLICES 2.9 KG,924.0,507628.39999999997,0.18
2025-08,Herb Mix Masla,669.0,507628.39999999997,0.13
2025-08,Honey,170.8,507628.39999999997,0.03
2025-08,Honey mustard dressing,791.0,507628.39999999997,0.16
2025-08,KOT Printing Rolls,388.0,507628.39999999997,0.08
2025-08,Lamp Pepperoni,1342.5,507628.39999999997,0.26
2025-08,Large Pizza Box,1752.2999999999997,507628.39999999997,0.35
2025-08,Lehar Soda,1168.66,507628.39999999997,0.23
2025-08,Maida yamuna,7547.2,507628.39999999997,1.49
2025-08,Malas Chocolate Sauce 5 ltr,-2862.0,507628.39999999997,-0.56
2025-08,Mayonise premium,644.0,507628.39999999997,0.13
2025-08,Mc Cain Potato Wedges 2.5kg,464.8,507628.39999999997,0.09
2025-08,Medium Pizza Box,2990.0,507628.39999999997,0.59
2025-08,Mexican Masala,830.0,507628.39999999997,0.16
2025-08,Mini Burger Box,585.0,507628.39999999997,0.12
2025-08,Mojito Menta Cubano,0.0,507628.39999999997,0.0
2025-08,Moktails Glass,760.0,507628.39999999997,0.15
2025-08,Mustard Oil,0.0,507628.39999999997,0.0
2025-08,OREGANO SACHET 0.8GM,773.8000000000002,507628.39999999997,0.15
2025-08,Oregano Sprinkler 500g,660.0,507628.39999999997,0.13
2025-08,POTATO POPS,150.14999999999998,507628.39999999997,0.03
2025-08,Paneer,870.0,507628.39999999997,0.17
2025-08,Paneer tikka masala,187.5,507628.39999999997,0.04
2025-08,Pasta Container Black,125.29999999999995,507628.39999999997,0.02
2025-08,Pepsi 250ml Pet,1225.0,507628.39999999997,0.24
2025-08,Pepsi 750ml Pet,1237.32,507628.39999999997,0.24
2025-08,Pineapple slice-Tajir Habit-850g,110.25,507628.39999999997,0.02
2025-08,Piri Piri Marinade 1KG,237.76,507628.39999999997,0.05
2025-08,Pizza Premix,3654.0,507628.39999999997,0.72
2025-08,Pizza sauce premix,487.5,507628.39999999997,0.1
2025-08,Processed cheese block,1663.1999999999998,507628.39999999997,0.33
2025-08,Puramate Pasta-Gomiti Rigate - macroni - 500g,142.0,507628.39999999997,0.03
2025-08,Puramate Pasta-Penne Rigatte 500g,852.0,507628.39999999997,0.17
2025-08,Regular Pizza Box,4037.5,507628.39999999997,0.8
2025-08,Richs versatie cream,1907.46,507628.39999999997,0.38
2025-08,Salad Bowl 250ml,409.5,507628.39999999997,0.08
2025-08,Salad Bowl 500ml,327.5,507628.39999999997,0.06
2025-08,Schezwan sauce,546.0,507628.39999999997,0.11
2025-08,Slice Mango 600ml pet,-188.28,507628.39999999997,-0.04
2025-08,Strawberry-Ice cream,754.8,507628.39999999997,0.15
2025-08,TOMATO 10KG,530.0,507628.39999999997,0.1
2025-08,Tandoori mix Masala,1120.5,507628.39999999997,0.22
2025-08,Tissue,54.0,507628.39999999997,0.01
2025-08,Vanilla Ice-cream,2176.0,507628.39999999997,0.43
2025-08,Vanilla Ice-cream 4ltr,0.0,507628.39999999997,0.0
2025-08,Veeba Eggless Mayonise Chef 1KG,1350.0,507628.39999999997,0.27
2025-08,Veeba Gouda Flavoured Dressing,2222.0,507628.39999999997,0.44
2025-08,Veeba Ketchup Sachet,1893.8000000000002,507628.39999999997,0.37
2025-08,Veeba Makhani Gravy 1KG,-224.0,507628.39999999997,-0.04
2025-08,Veeba ThousandIsland Dressing 1KG,375.2,507628.39999999997,0.07
2025-08,Veg burger pattis,360.0,507628.39999999997,0.07
2025-08,Zippy  B.Fast Sausage ,-886.32,507628.39999999997,-0.17
2025-08,Zippy Chicken Salami,495.0,507628.39999999997,0.1
2025-08,atta,-270.0,507628.39999999997,-0.05
2025-08,bio covers,180.0,507628.39999999997,0.04
2025-08,bio glass,40.0,507628.39999999997,0.01
2025-08,black olive slice Habit,2167.5,507628.39999999997,0.43
2025-08,burger bun 4,96.0,507628.39999999997,0.02
2025-08,burger buns,384.0,507628.39999999997,0.08
2025-08,capsicum,160.0,507628.39999999997,0.03
2025-08,cheesy spread dip,132.0,507628.39999999997,0.03
2025-08,chicken kheema masala,780.0,507628.39999999997,0.15
2025-08,chicken pepperoni,432.5,507628.39999999997,0.09
2025-08,chicken pop corn sneha,193.2,507628.39999999997,0.04
2025-08,chilly flakes sachet,856.44,507628.39999999997,0.17
2025-08,chilly garlic spread,-340.0,507628.39999999997,-0.07
2025-08,colby cheese 1 kg,-2220.68,507628.39999999997,-0.44
2025-08,curd,30.0,507628.39999999997,0.01
2025-08,dew 750 ml,893.62,507628.39999999997,0.18
2025-08,dew can300ml,788.67,507628.39999999997,0.16
2025-08,dynamic cheddar block,1108.0,507628.39999999997,0.22
2025-08,dynamic diced mozerella,21149.260000000002,507628.39999999997,4.17
2025-08,dynamix butter,1052.8,507628.39999999997,0.21
2025-08,dynamix shredded cheese,8393.75,507628.39999999997,1.65
2025-08,egg-6.50,130.0,507628.39999999997,0.03
2025-08,french fry hungritos 2.5kg,6554.35,507628.39999999997,1.29
2025-08,fruits,126.66999999999999,507628.39999999997,0.02
2025-08,fruits and vegetables,3721.97,507628.39999999997,0.73
2025-08,garlic,280.0,507628.39999999997,0.06
2025-08,grocery,20851.92,507628.39999999997,4.11
2025-08,habit baby corn,864.0,507628.39999999997,0.17
2025-08,habit olive oil,553.5,507628.39999999997,0.11
2025-08,ice cube/80,-160.0,507628.39999999997,-0.03
2025-08,makhni gravy,896.0,507628.39999999997,0.18
2025-08,malas butterscotch crush,-185.9,507628.39999999997,-0.04
2025-08,mexican mix,1696.5,507628.39999999997,0.33
2025-08,milk,525.0,507628.39999999997,0.1
2025-08,milk choco 180 ml,239.92,507628.39999999997,0.05
2025-08,milk kesar badam 180ml,202.0,507628.39999999997,0.04
2025-08,milk vanilla 180ml,202.0,507628.39999999997,0.04
2025-08,milky mist butter 500gm,-624.5,507628.39999999997,-0.12
2025-08,oil,-955.5,507628.39999999997,-0.19
2025-08,paneer,-580.0,507628.39999999997,-0.11
2025-08,paneer tikka powder,2700.0,507628.39999999997,0.53
2025-08,pepsi 1 ltr,886.8000000000001,507628.39999999997,0.17
2025-08,pepsi can300ml,754.38,507628.39999999997,0.15
2025-08,pineapple,199.99,507628.39999999997,0.04
2025-08,pizza sauce,600.0,507628.39999999997,0.12
2025-08,potato wedges,278.87999999999994,507628.39999999997,0.05
2025-08,red paprika habit,804.96,507628.39999999997,0.16
2025-08,slice cheese,1553.58,507628.39999999997,0.31
2025-08,slice mango 600ml,721.6,507628.39999999997,0.14
2025-08,sneha chi burgar pattis,2150.4,507628.39999999997,0.42
2025-08,sneha chi nuggets,1214.4,507628.39999999997,0.24
2025-08,staff chicken,300.0,507628.39999999997,0.06
2025-08,staff rice,730.0,507628.39999999997,0.14
2025-08,staff rice 26kg,594.0,507628.39999999997,0.12
2025-08,straw,60.0,507628.39999999997,0.01
2025-08,sweet corn 1kg,-130.0,507628.39999999997,-0.03
2025-08,tandoori mayonise,260.0,507628.39999999997,0.05
2025-08,tandoori tikka powder,1150.0,507628.39999999997,0.23
2025-08,tomato ketchup 1.2 bottle,660.0,507628.39999999997,0.13
2025-08,veeba pizza pasta sauce,2316.1199999999994,507628.39999999997,0.46
2025-08,vegetables,5894.95,507628.39999999997,1.16
2025-08,wodden spoon,130.0,507628.39999999997,0.03
2025-08,wooden fork,-170.0,507628.39999999997,-0.03
2025-07, dry yeast 500 gm,712.0,470467.1,0.15
2025-07,7UP 750ml Pet,859.25,470467.1,0.18
2025-07,7up 1 ltr,665.1,470467.1,0.14
2025-07,7up 250ml Pet,1207.5,470467.1,0.26
2025-07,7up can 300ml,0.0,470467.1,0.0
2025-07,7up pet 750ml,-34.370000000000005,470467.1,-0.01
2025-07,Aqua Fina Mineral Water 1Ltr,352.15999999999997,470467.1,0.07
2025-07,Aromat Seasoning Powder,17.199999999999996,470467.1,0.0
2025-07,BBQ Mix Masala,-1348.5,470467.1,-0.29
2025-07,Berry Fresh Chicku Pulp,616.0,470467.1,0.13
2025-07,Berry Fresh Tender Coconut Pulp,-555.0,470467.1,-0.12
2025-07,Berry Fresh Tender Coconut Pulp 2kg,777.0,470467.1,0.17
2025-07,Boneless Chicken,17095.49,470467.1,3.63
2025-07,Bread Premix,540.0,470467.1,0.11
2025-07,Brownie,1155.0,470467.1,0.25
2025-07,Butter,1330.0,470467.1,0.28
2025-07,Butter,-760.0,470467.1,-0.16
2025-07,Butter Scotch Ice-cream,541.0999999999999,470467.1,0.12
2025-07,Butter Scotch Sauce 750ml,-114.4,470467.1,-0.02
2025-07,CHILLY FLAKES SACHET 0.8GM,96.2,470467.1,0.02
2025-07,Chettinad Mix,1627.5,470467.1,0.35
2025-07,Chicken Sausage,-648.6,470467.1,-0.14
2025-07,Chicken burger pattis,626.0,470467.1,0.13
2025-07,Chilli Flakes,-44.0,470467.1,-0.01
2025-07,Chocolate Ice-cream 4ltr,0.0,470467.1,0.0
2025-07,Corn Meal - MAKKA RAVA,-55.0,470467.1,-0.01
2025-07,DVC BLUE OCCEAN FLV SYRUP 750ML,155.76,470467.1,0.03
2025-07,DVC Bubblegum Syrup Syrup 750 ml,0.0,470467.1,0.0
2025-07,DVC Cucumber Syrup 750 ml,0.0,470467.1,0.0
2025-07,DVC Green Apple 750 ML,415.36,470467.1,0.09
2025-07,DVC Mango Beverage Blend Syrup 750 ml,152.93,470467.1,0.03
2025-07,DVC Mint Flavoured Syrup 750 ml,1167.02,470467.1,0.25
2025-07,DVC Mixed Berry Beverage Blend Syrup 750 ml,0.0,470467.1,0.0
2025-07,DVC Passion Fruit 750ML,519.1999999999999,470467.1,0.11
2025-07,DVC Peach Garden Syrup Syrup 750 ml,390.82,470467.1,0.08
2025-07,DVC Peach GardenSyrup 750 ml,-424.0,470467.1,-0.09
2025-07,DVC Strawberry Syrup 750 ml,-405.92,470467.1,-0.09
2025-07,DVC Strawberry Syrup Syrup 750 ml,-537.3699999999999,470467.1,-0.11
2025-07,DVC Watermelon Syrup 750 ml,1038.4,470467.1,0.22
2025-07,Dew 250ml Pet,52.5,470467.1,0.01
2025-07,Dew 750ml Pet,549.92,470467.1,0.12
2025-07,Dew can 300ml,822.96,470467.1,0.17
2025-07,ENGLISH vegetables,3572.6,470467.1,0.76
2025-07,Egg 7.5,150.0,470467.1,0.03
2025-07,French Fries Box,1391.0,470467.1,0.3
2025-07,Frozen Sweet Corn-Pal Fresh 500gm,-450.0,470467.1,-0.1
2025-07,G.Crown Mushroom Slice 800g,3502.0,470467.1,0.74
2025-07,GO-Monterey Jack Cheese-2kg,-2035.25,470467.1,-0.43
2025-07,Garlic Bread Box,397.5,470467.1,0.08
2025-07,Gas-LPG-HPCL,15510.0,470467.1,3.3
2025-07,Green Peas,43.5,470467.1,0.01
2025-07,HABIT JALAPENO SLICES 2.9 KG,1386.0,470467.1,0.29
2025-07,Herb Mix Masla,-356.8000000000002,470467.1,-0.08
2025-07,Honey,73.19999999999999,470467.1,0.02
2025-07,Honey mustard dressing,678.0,470467.1,0.14
2025-07,KOT Printing Rolls,350.0,470467.1,0.07
2025-07,Lamp Pepperoni,-290.8800000000001,470467.1,-0.06
2025-07,Large Pizza Box,861.3000000000002,470467.1,0.18
2025-07,Lehar Soda,707.7800000000002,470467.1,0.15
2025-07,Maida yamuna,7208.0,470467.1,1.53
2025-07,Malas Chocolate Sauce 5 ltr,0.0,470467.1,0.0
2025-07,Mayonise premium,368.0,470467.1,0.08
2025-07,Medium Pizza Box,2120.0,470467.1,0.45
2025-07,Mexican Masala,788.5,470467.1,0.17
2025-07,Mini Burger Box,450.0,470467.1,0.1
2025-07,Mojito Menta Cubano,0.0,470467.1,0.0
2025-07,Moktails Glass,2096.0,470467.1,0.45
2025-07,Mustard Oil,-134.4,470467.1,-0.03
2025-07,OREGANO SACHET 0.8GM,1320.0,470467.1,0.28
2025-07,OREGANO SACHET 0.8GM,-204.4000000000001,470467.1,-0.04
2025-07,Oregano Sprinkler 500g,659.6800000000001,470467.1,0.14
2025-07,POTATO POPS,-42.89999999999998,470467.1,-0.01
2025-07,Paneer,1450.0,470467.1,0.31
2025-07,Paneer tikka masala,-187.5,470467.1,-0.04
2025-07,Pasta Container Black,1754.2,470467.1,0.37
2025-07,Pepsi 250ml Pet,1942.5,470467.1,0.41
2025-07,Pepsi 750ml Pet,1031.1,470467.1,0.22
2025-07,Pineapple slice-Tajir Habit-850g,0.0,470467.1,0.0
2025-07,Piri Piri Marinade 1KG,142.65999999999997,470467.1,0.03
2025-07,Pizza Premix,3402.0,470467.1,0.72
2025-07,Pizza sauce premix,325.0,470467.1,0.07
2025-07,Processed cheese block,1674.0,470467.1,0.36
2025-07,Processed cheese block,0.0,470467.1,0.0
2025-07,Puramate Basil 250g Pouch,195.0,470467.1,0.04
2025-07,Puramate Pasta-Gomiti Rigate - macroni - 500g,140.55,470467.1,0.03
2025-07,Puramate Pasta-Penne Rigatte 500g,497.0,470467.1,0.11
2025-07,Puramate Pasta-Penne Rigatte 500g,417.3,470467.1,0.09
2025-07,Regular Pizza Box,3051.5,470467.1,0.65
2025-07,Richs versatie cream,1483.5800000000004,470467.1,0.32
2025-07,Salad Bowl 250ml,262.5,470467.1,0.06
2025-07,Salad Bowl 500ml,-393.0,470467.1,-0.08
2025-07,Schezwan sauce,-182.0,470467.1,-0.04
2025-07,Slice Mango 600ml pet,502.08,470467.1,0.11
2025-07,Strawberry sause 750,71.5,470467.1,0.02
2025-07,Strawberry-Ice cream,-754.8,470467.1,-0.16
2025-07,Tandoori Tikka Marinade 500Grm,1150.0,470467.1,0.24
2025-07,Tandoori mix Masala,-581.0,470467.1,-0.12
2025-07,Tissue,-54.0,470467.1,-0.01
2025-07,Tropicana Guava Delight 500ml,204.08,470467.1,0.04
2025-07,Vanilla Ice-cream,1088.0,470467.1,0.23
2025-07,Vanilla Ice-cream 4ltr,1496.0,470467.1,0.32
2025-07,Veeba Eggless Mayonise Chef 1KG,1050.0,470467.1,0.22
2025-07,Veeba Gouda Flavoured Dressing,1010.0,470467.1,0.21
2025-07,Veeba Ketchup Sachet,1601.3999999999999,470467.1,0.34
2025-07,Veeba Makhani Gravy 1KG,448.0,470467.1,0.1
2025-07,Veeba Pasta & Pizza Sauce 1KG,1102.08,470467.1,0.23
2025-07,Veeba T. Ketchup 1.2KG,420.0,470467.1,0.09
2025-07,Veeba ThousandIsland Dressing 1KG,375.2,470467.1,0.08
2025-07,Veg burger pattis,312.0,470467.1,0.07
2025-07,Wooden Fork-160mm,40.0,470467.1,0.01
2025-07,Zippy  B.Fast Sausage ,1034.04,470467.1,0.22
2025-07,Zippy Chicken Salami,494.28,470467.1,0.11
2025-07,bbq mix,2325.0,470467.1,0.49
2025-07,bio covers,-225.0,470467.1,-0.05
2025-07,bio glass,-80.0,470467.1,-0.02
2025-07,black olive slice Habit,1746.3599999999997,470467.1,0.37
2025-07,bonless chicken,2482.5,470467.1,0.53
2025-07,burger buns,416.0,470467.1,0.09
2025-07,butter,760.0,470467.1,0.16
2025-07,chicken kheema masala,1300.0,470467.1,0.28
2025-07,chicken pepperoni,583.8800000000001,470467.1,0.12
2025-07,chicken pop corn sneha,193.2,470467.1,0.04
2025-07,chilly flakes 500gm,243.75,470467.1,0.05
2025-07,chilly flakes sachet,586.56,470467.1,0.12
2025-07,chilly garlic spread,510.0,470467.1,0.11
2025-07,colby cheese 1 kg,2537.92,470467.1,0.54
2025-07,curd,30.0,470467.1,0.01
2025-07,curd local,30.0,470467.1,0.01
2025-07,dew 750 ml,-68.74,470467.1,-0.01
2025-07,dew can300ml,-788.67,470467.1,-0.17
2025-07,dynamic cheddar block,166.20000000000005,470467.1,0.04
2025-07,dynamic diced mozerella,36524.57,470467.1,7.76
2025-07,dynamix shredded cheese,-8393.75,470467.1,-1.78
2025-07,egg 7,70.0,470467.1,0.01
2025-07,eng veg,1066.68,470467.1,0.23
2025-07,french fry hungritos 2.5kg,6077.67,470467.1,1.29
2025-07,fruits,1256.01,470467.1,0.27
2025-07,garam masala,40.0,470467.1,0.01
2025-07,grocery,27326.059999999998,470467.1,5.81
2025-07,habit baby corn,216.0,470467.1,0.05
2025-07,habit olive oil,738.0,470467.1,0.16
2025-07,ice cube/80,160.0,470467.1,0.03
2025-07,makhni gravy,-224.0,470467.1,-0.05
2025-07,malas butterscotch crush,128.7,470467.1,0.03
2025-07,mexican mix,1783.5,470467.1,0.38
2025-07,milk,725.0,470467.1,0.15
2025-07,milky mist butter 500gm,624.5,470467.1,0.13
2025-07,oil,136.5,470467.1,0.03
2025-07,paneer tikka powder,675.0,470467.1,0.14
2025-07,pepsi 1 ltr,842.46,470467.1,0.18
2025-07,pepsi can 330ml,308.61,470467.1,0.07
2025-07,pepsi can300ml,0.0,470467.1,0.0
2025-07,pizza sauce,-720.0,470467.1,-0.15
2025-07,potato wedges,520.58,470467.1,0.11
2025-07,red paprika habit,402.48,470467.1,0.09
2025-07,slice cheese,1537.1400000000003,470467.1,0.33
2025-07,slice mango 600ml,-721.6,470467.1,-0.15
2025-07,sneha chi burgar pattis,1274.1,470467.1,0.27
2025-07,sneha chi nuggets,1214.4,470467.1,0.26
2025-07,staff chicken,619.5,470467.1,0.13
2025-07,staff rice,-73.0,470467.1,-0.02
2025-07,straw,0.0,470467.1,0.0
2025-07,sweet corn 1kg,1560.0,470467.1,0.33
2025-07,tandoori mayonise,260.0,470467.1,0.06
2025-07,tandoori tikka powder,1150.0,470467.1,0.24
2025-07,tomato,670.0,470467.1,0.14
2025-07,tomato ketchup 1.2 bottle,110.0,470467.1,0.02
2025-07,veeba pizza pasta sauce,1158.06,470467.1,0.25
2025-07,vegetables,6412.1,470467.1,1.36
2025-07,wodden spoon,-85.8,470467.1,-0.02
2025-06, dry yeast 500 gm,696.0,403429.0,0.17
2025-06,7UP 750ml Pet,895.6300000000001,403429.0,0.22
2025-06,7up 1 ltr,576.4200000000001,403429.0,0.14
2025-06,7up 250ml Pet,857.5,403429.0,0.21
2025-06,Aqua Fina Mineral Water 1Ltr,137.28,403429.0,0.03
2025-06,Aromat Seasoning Powder,103.2,403429.0,0.03
2025-06,BBQ Mix Masala,558.0,403429.0,0.14
2025-06,Berry Fresh Chicku Pulp,84.0,403429.0,0.02
2025-06,Berry Fresh Tender Coconut Pulp,740.0,403429.0,0.18
2025-06,Berry Fresh Tender Coconut Pulp 2kg,-777.0,403429.0,-0.19
2025-06,Boneless Chicken,106.00999999999999,403429.0,0.03
2025-06,Bread Premix,-302.4,403429.0,-0.07
2025-06,Brownie,1155.0,403429.0,0.29
2025-06,Butter,380.0,403429.0,0.09
2025-06,Butter Scotch Ice-cream,541.1,403429.0,0.13
2025-06,CHILLY FLAKES SACHET 0.8GM,553.8,403429.0,0.14
2025-06,Chettinad Mix,-943.95,403429.0,-0.23
2025-06,Chicken Sausage,564.0,403429.0,0.14
2025-06,Chicken burger pattis,250.39999999999998,403429.0,0.06
2025-06,Chilli Flakes,81.4,403429.0,0.02
2025-06,Chocolate Ice-cream 4ltr,2040.0,403429.0,0.51
2025-06,Corn Meal - MAKKA RAVA,110.0,403429.0,0.03
2025-06,DVC BLUE OCCEAN FLV SYRUP 750ML,363.44000000000005,403429.0,0.09
2025-06,DVC Bubblegum Syrup Syrup 750 ml,50.74000000000001,403429.0,0.01
2025-06,DVC Cucumber Syrup 750 ml,0.0,403429.0,0.0
2025-06,DVC Green Apple 750 ML,467.28,403429.0,0.12
2025-06,DVC Mango Beverage Blend Syrup 750 ml,76.45999999999998,403429.0,0.02
2025-06,DVC Mint Flavoured Syrup 750 ml,-1167.02,403429.0,-0.29
2025-06,DVC Mixed Berry Beverage Blend Syrup 750 ml,0.0,403429.0,0.0
2025-06,DVC PASSION FRUIT FLV SYRUP 750ML,1674.42,403429.0,0.42
2025-06,DVC Passion Fruit 750ML,-1246.08,403429.0,-0.31
2025-06,DVC Peach Garden Syrup Syrup 750 ml,24.420000000000016,403429.0,0.01
2025-06,DVC Strawberry Syrup 750 ml,507.4,403429.0,0.13
2025-06,DVC Strawberry Syrup Syrup 750 ml,48.849999999999966,403429.0,0.01
2025-06,DVC Watermelon Syrup 750 ml,101.48000000000002,403429.0,0.03
2025-06,Dew 250ml Pet,227.5,403429.0,0.06
2025-06,Dew 750ml Pet,-549.92,403429.0,-0.14
2025-06,Dew can 300ml,342.9,403429.0,0.08
2025-06,Dip Bowl,200.0,403429.0,0.05
2025-06,French Fries Box,567.0999999999999,403429.0,0.14
2025-06,Frozen Sweet Corn-Pal Fresh 500gm,1200.0,403429.0,0.3
2025-06,G.Crown Mushroom Slice 800g,2575.0,403429.0,0.64
2025-06,GO-Monterey Jack Cheese-2kg,1163.0,403429.0,0.29
2025-06,Garlic Bread Box,240.0,403429.0,0.06
2025-06,Gas-LPG-HPCL,11535.0,403429.0,2.86
2025-06,Green Peas,47.0,403429.0,0.01
2025-06,HABIT JALAPENO SLICES 2.9 KG,736.4000000000001,403429.0,0.18
2025-06,Herb Mix Masla,1694.8,403429.0,0.42
2025-06,Honey,0.0,403429.0,0.0
2025-06,Honey mustard dressing,226.0,403429.0,0.06
2025-06,KOT Printing Rolls,400.0,403429.0,0.1
2025-06,Lamp Pepperoni,-246.1199999999999,403429.0,-0.06
2025-06,Large Pizza Box,1514.6999999999998,403429.0,0.38
2025-06,Lehar Soda,609.02,403429.0,0.15
2025-06,Maida yamuna,7335.200000000001,403429.0,1.82
2025-06,Malas Chocolate Sauce 5 ltr,0.0,403429.0,0.0
2025-06,Mayonise premium,320.0,403429.0,0.08
2025-06,Medium Pizza Box,1470.0,403429.0,0.36
2025-06,Mexican Masala,871.5,403429.0,0.22
2025-06,Mini Burger Box,600.0,403429.0,0.15
2025-06,Mixed Herb Loose,60.48,403429.0,0.01
2025-06,Mojito Menta Cubano,2180.64,403429.0,0.54
2025-06,Moktails Glass,-768.0,403429.0,-0.19
2025-06,Mustard Oil,50.4,403429.0,0.01
2025-06,OREGANO SACHET 0.8GM,880.0,403429.0,0.22
2025-06,Oregano Sprinkler 500g,659.3599999999999,403429.0,0.16
2025-06,POTATO POPS,0.0,403429.0,0.0
2025-06,Paneer,290.0,403429.0,0.07
2025-06,Paneer tikka masala,562.5,403429.0,0.14
2025-06,Paper Glass,200.0,403429.0,0.05
2025-06,Pasta Container Black,903.9499999999998,403429.0,0.22
2025-06,Pepsi 250ml Pet,2065.0,403429.0,0.51
2025-06,Pepsi 750ml Pet,790.5099999999999,403429.0,0.2
2025-06,Pineapple slice-Tajir Habit-850g,110.25,403429.0,0.03
2025-06,Piri Piri Marinade 1KG,190.21000000000004,403429.0,0.05
2025-06,Pizza Premix,1512.0,403429.0,0.37
2025-06,Pizza sauce premix,325.0,403429.0,0.08
2025-06,Processed cheese block,837.0,403429.0,0.21
2025-06,Puramate Basil 250g Pouch,195.0,403429.0,0.05
2025-06,Puramate Basil 250g Pouch,-195.0,403429.0,-0.05
2025-06,Puramate Pasta-Gomiti Rigate - macroni - 500g,208.64999999999998,403429.0,0.05
2025-06,Puramate Pasta-Penne Rigatte 500g,556.4000000000001,403429.0,0.14
2025-06,Regular Pizza Box,3587.0,403429.0,0.89
2025-06,Richs versatie cream,2331.3400000000006,403429.0,0.58
2025-06,Salad Bowl 250ml,2425.5,403429.0,0.6
2025-06,Salad Bowl 500ml,-1781.6,403429.0,-0.44
2025-06,Schezwan sauce,182.0,403429.0,0.05
2025-06,Slice Mango 250ml pet,141.36,403429.0,0.04
2025-06,Slice Mango 600ml pet,-502.08,403429.0,-0.12
2025-06,Strawberry sause 750,-71.5,403429.0,-0.02
2025-06,Strawberry-Ice cream,188.70000000000005,403429.0,0.05
2025-06,Tandoori Tikka Marinade 500Grm,0.0,403429.0,0.0
2025-06,Tandoori mix Masala,1618.5,403429.0,0.4
2025-06,Tissue,-126.0,403429.0,-0.03
2025-06,Tripod,675.0,403429.0,0.17
2025-06,Tropicana Guava Delight 500ml,306.12,403429.0,0.08
2025-06,Vanilla Ice-cream,1088.0,403429.0,0.27
2025-06,Vanilla Ice-cream 4ltr,2040.0,403429.0,0.51
2025-06,Veeba Eggless Mayonise Chef 1KG,1200.0,403429.0,0.3
2025-06,Veeba Gouda Flavoured Dressing,1010.0,403429.0,0.25
2025-06,Veeba Ketchup Sachet,1893.8,403429.0,0.47
2025-06,Veeba Pasta & Pizza Sauce 1KG,-1102.08,403429.0,-0.27
2025-06,Veeba ThousandIsland Dressing 1KG,0.0,403429.0,0.0
2025-06,Veg burger pattis,240.0,403429.0,0.06
2025-06,Wooden Fork-160mm,-40.0,403429.0,-0.01
2025-06,Zippy  B.Fast Sausage ,-295.43999999999994,403429.0,-0.07
2025-06,Zippy Chicken Salami,493.9200000000001,403429.0,0.12
2025-06,bio cover,300.0,403429.0,0.07
2025-06,bio covers,-150.0,403429.0,-0.04
2025-06,bio glass,80.0,403429.0,0.02
2025-06,black olive slice Habit,1552.32,403429.0,0.38
2025-06,bonless chicken,18040.54,403429.0,4.47
2025-06,burger bun 4,96.0,403429.0,0.02
2025-06,burger buns,416.0,403429.0,0.1
2025-06,butter,760.0,403429.0,0.19
2025-06,chicken kheema masala,-877.5,403429.0,-0.22
2025-06,chicken masala,54.0,403429.0,0.01
2025-06,chicken pepperoni,194.6199999999999,403429.0,0.05
2025-06,chicken pop corn sneha,27.600000000000023,403429.0,0.01
2025-06,chilly flakes 500gm,-48.75,403429.0,-0.01
2025-06,chilly flakes sachet,0.0,403429.0,0.0
2025-06,chilly garlic spread,170.0,403429.0,0.04
2025-06,colby cheese 1 kg,-2537.92,403429.0,-0.63
2025-06,dew 750 ml,1409.17,403429.0,0.35
2025-06,dynamic cheddar block,221.5999999999999,403429.0,0.05
2025-06,dynamic diced mozerella,23008.29,403429.0,5.7
2025-06,egg 7,350.0,403429.0,0.09
2025-06,eng veg,2990.6500000000005,403429.0,0.74
2025-06,french fry hungritos 2.5kg,5600.99,403429.0,1.39
2025-06,fruits,170.01,403429.0,0.04
2025-06,garlic,640.0,403429.0,0.16
2025-06,grocery,20080.8,403429.0,4.98
2025-06,habit baby corn,216.0,403429.0,0.05
2025-06,habit olive oil,738.0,403429.0,0.18
2025-06,ice cube/80,-80.0,403429.0,-0.02
2025-06,makhni gravy,672.0,403429.0,0.17
2025-06,malas butterscotch crush,14.300000000000011,403429.0,0.0
2025-06,mexican mix,870.0,403429.0,0.22
2025-06,milk,1250.0,403429.0,0.31
2025-06,oil,682.5,403429.0,0.17
2025-06,paneer tikka powder,-2592.0,403429.0,-0.64
2025-06,pepsi 1 ltr,1064.16,403429.0,0.26
2025-06,pepsi can 330ml,514.35,403429.0,0.13
2025-06,pizza sauce,-360.0,403429.0,-0.09
2025-06,potato wedges,185.92000000000007,403429.0,0.05
2025-06,red paprika habit,402.48,403429.0,0.1
2025-06,slice 600ml pet,1046.32,403429.0,0.26
2025-06,slice cheese,1257.66,403429.0,0.31
2025-06,sneha chi burgar pattis,1581.47,403429.0,0.39
2025-06,sneha chi nuggets,717.6,403429.0,0.18
2025-06,staff chicken,322.5,403429.0,0.08
2025-06,staff rice,73.0,403429.0,0.02
2025-06,staff rice 26kg,1349.92,403429.0,0.33
2025-06,straw,-120.0,403429.0,-0.03
2025-06,sweet corn 1kg,-260.0,403429.0,-0.06
2025-06,tandoori mayonise,520.0,403429.0,0.13
2025-06,tandoori tikka powder,-2300.0,403429.0,-0.57
2025-06,tomato,240.0,403429.0,0.06
2025-06,tomato ketchup 1.2 bottle,770.0,403429.0,0.19
2025-06,veeba pizza pasta sauce,3088.16,403429.0,0.77
2025-06,vegetables,5341.42,403429.0,1.32
2025-06,wodden spoon,-44.2,403429.0,-0.01
2025-06,wooden fork,294.1,403429.0,0.07
2025-05, dry yeast 500 gm,174.0,517650.44999999995,0.03
2025-05,7UP 750ml Pet,-930.0,517650.44999999995,-0.18
2025-05,7up 1 ltr,487.74,517650.44999999995,0.09
2025-05,7up 250ml Pet,-472.5,517650.44999999995,-0.09
2025-05,7up zero sugar 400ml,525.0,517650.44999999995,0.1
2025-05,7up750mlpet,2596.25,517650.44999999995,0.5
2025-05,Aqua Fina Mineral Water 1Ltr,448.32,517650.44999999995,0.09
2025-05,Aromat Seasoning Powder,172.0,517650.44999999995,0.03
2025-05,BASIL,204.0,517650.44999999995,0.04
2025-05,BBQ Mix Masala,-3255.0,517650.44999999995,-0.63
2025-05,Berry Fresh Chicku Pulp,140.0,517650.44999999995,0.03
2025-05,Berry Fresh Tender Coconut Pulp,0.0,517650.44999999995,0.0
2025-05,Berry Fresh Tender Coconut Pulp 2kg,1332.0,517650.44999999995,0.26
2025-05,Boneless Chicken,4337.0,517650.44999999995,0.84
2025-05,Bread Premix,75.60000000000002,517650.44999999995,0.01
2025-05,Brownie,1540.0,517650.44999999995,0.3
2025-05,Butter,760.0,517650.44999999995,0.15
2025-05,Butter,-190.0,517650.44999999995,-0.04
2025-05,Butter Scotch Ice-cream,309.20000000000005,517650.44999999995,0.06
2025-05,Butter Scotch Sauce 750ml,157.3,517650.44999999995,0.03
2025-05,CHILLY FLAKES SACHET 0.8GM,97.24,517650.44999999995,0.02
2025-05,Chettinad Mix,-292.94999999999993,517650.44999999995,-0.06
2025-05,Chicken Kheema  Masala,911.4,517650.44999999995,0.18
2025-05,Chicken Sausage,564.0,517650.44999999995,0.11
2025-05,Chicken burger pattis,-281.69999999999993,517650.44999999995,-0.05
2025-05,Chilli Flakes,-81.4,517650.44999999995,-0.02
2025-05,Chocolate Ice-cream,1085.0,517650.44999999995,0.21
2025-05,Chocolate Ice-cream 4ltr,-1224.0,517650.44999999995,-0.24
2025-05,Corn Meal - MAKKA RAVA,-165.0,517650.44999999995,-0.03
2025-05,DVC BLUE OCCEAN FLV SYRUP 750ML,385.8600000000001,517650.44999999995,0.07
2025-05,DVC Bubblegum Syrup Syrup 750 ml,0.0,517650.44999999995,0.0
2025-05,DVC Cucumber Syrup 750 ml,0.0,517650.44999999995,0.0
2025-05,DVC Green Apple 750 ML,541.6200000000001,517650.44999999995,0.1
2025-05,DVC Mango Beverage Blend Syrup 750 ml,-229.39,517650.44999999995,-0.04
2025-05,DVC Mixed Berry Beverage Blend Syrup 750 ml,-828.0,517650.44999999995,-0.16
2025-05,DVC PASSION FRUIT FLV SYRUP 750ML,-608.8800000000001,517650.44999999995,-0.12
2025-05,DVC Passion Fruit 750ML,1038.4,517650.44999999995,0.2
2025-05,DVC Peach Garden Syrup Syrup 750 ml,-415.24,517650.44999999995,-0.08
2025-05,DVC Peach GardenSyrup 750 ml,424.0,517650.44999999995,0.08
2025-05,DVC Strawberry Syrup 750 ml,-507.4,517650.44999999995,-0.1
2025-05,DVC Strawberry Syrup Syrup 750 ml,293.11,517650.44999999995,0.06
2025-05,DVC Watermelon Syrup 750 ml,202.95999999999998,517650.44999999995,0.04
2025-05,Dew 250ml Pet,297.5,517650.44999999995,0.06
2025-05,Dew 330 ml can,102.87,517650.44999999995,0.02
2025-05,Dew 750ml Pet,1793.63,517650.44999999995,0.35
2025-05,Dew can 300ml,480.06000000000006,517650.44999999995,0.09
2025-05,Dip Bowl,-146.0,517650.44999999995,-0.03
2025-05,Dried Yeast,679.96,517650.44999999995,0.13
2025-05,French Fries Box,358.44999999999993,517650.44999999995,0.07
2025-05,Frozen Sweet Corn-Pal Fresh,520.0,517650.44999999995,0.1
2025-05,Frozen Sweet Corn-Pal Fresh 500gm,600.0,517650.44999999995,0.12
2025-05,G.Crown Mushroom Slice 800g,1545.0,517650.44999999995,0.3
2025-05,Garlic Bread Box,390.0,517650.44999999995,0.08
2025-05,Gas-LPG-HPCL,17005.0,517650.44999999995,3.29
2025-05,Green Peas,-32.5,517650.44999999995,-0.01
2025-05,HABIT JALAPENO SLICES 2.9 KG,1187.1999999999998,517650.44999999995,0.23
2025-05,Herb Mix Masla,892.0,517650.44999999995,0.17
2025-05,Honey,195.2,517650.44999999995,0.04
2025-05,Honey mustard dressing,452.0,517650.44999999995,0.09
2025-05,KOT Printing Rolls,-1300.0,517650.44999999995,-0.25
2025-05,Lamp Pepperoni,537.0,517650.44999999995,0.1
2025-05,Large Pizza Box,2465.1000000000004,517650.44999999995,0.48
2025-05,Lehar Soda,609.02,517650.44999999995,0.12
2025-05,Maida yamuna,9108.8,517650.44999999995,1.76
2025-05,Malas Chocolate Sauce 5 ltr,2650.0,517650.44999999995,0.51
2025-05,Mango Crush Sauce 750ml Malas,420.08,517650.44999999995,0.08
2025-05,Mayonise premium,453.6,517650.44999999995,0.09
2025-05,Medium Pizza Box,2560.0,517650.44999999995,0.49
2025-05,Mexican Masala,-1245.0,517650.44999999995,-0.24
2025-05,Milkymist Cheese BLock 1KG,1116.0,517650.44999999995,0.22
2025-05,Mini Burger Box,600.0,517650.44999999995,0.12
2025-05,Mixed Herb Loose,-60.48,517650.44999999995,-0.01
2025-05,Mojito Menta Cubano,1344.0200000000004,517650.44999999995,0.26
2025-05,Moktails Glass,720.0,517650.44999999995,0.14
2025-05,Mustard Oil,-84.0,517650.44999999995,-0.02
2025-05,OREGANO SACHET 0.8GM,0.0,517650.44999999995,0.0
2025-05,Oregano Sprinkler 500g,758.26,517650.44999999995,0.15
2025-05,POTATO POPS,0.0,517650.44999999995,0.0
2025-05,Paneer,870.0,517650.44999999995,0.17
2025-05,Paneer tikka masala,-562.5,517650.44999999995,-0.11
2025-05,Paper Glass,-200.0,517650.44999999995,-0.04
2025-05,Pasta Container Black,1011.3500000000004,517650.44999999995,0.2
2025-05,Pepsi 250ml Pet,1907.5,517650.44999999995,0.37
2025-05,Pepsi 750ml Pet,1924.72,517650.44999999995,0.37
2025-05,Pineapple slice-Tajir Habit-850g,110.25,517650.44999999995,0.02
2025-05,Piri Piri Marinade 1KG,417.52,517650.44999999995,0.08
2025-05,Pizza Premix,6300.0,517650.44999999995,1.22
2025-05,Pizza sauce premix,325.0,517650.44999999995,0.06
2025-05,Processed cheese block,829.8000000000002,517650.44999999995,0.16
2025-05,Puramate Basil 250g Pouch,-195.0,517650.44999999995,-0.04
2025-05,Puramate Pasta-Gomiti Rigate - macroni - 500g,278.2,517650.44999999995,0.05
2025-05,Puramate Pasta-Penne Rigatte 500g,625.95,517650.44999999995,0.12
2025-05,Regular Pizza Box,4309.5,517650.44999999995,0.83
2025-05,Richs versatie cream,2331.34,517650.44999999995,0.45
2025-05,Salad Bowl 250ml,-2068.5,517650.44999999995,-0.4
2025-05,Salad Bowl 500ml,2947.5,517650.44999999995,0.57
2025-05,Schezwan sauce,182.0,517650.44999999995,0.04
2025-05,Slice Mango 250ml pet,388.74,517650.44999999995,0.08
2025-05,Slice Mango 600ml pet,188.28,517650.44999999995,0.04
2025-05,Strawberry sause 750,143.0,517650.44999999995,0.03
2025-05,Strawberry-Ice cream,125.79999999999995,517650.44999999995,0.02
2025-05,Sugar,90.0,517650.44999999995,0.02
2025-05,Tandoori Tikka Marinade 500Grm,0.0,517650.44999999995,0.0
2025-05,Tandoori mix Masala,249.0,517650.44999999995,0.05
2025-05,Tissue,144.0,517650.44999999995,0.03
2025-05,Tripod,405.0,517650.44999999995,0.08
2025-05,Tropicana Guava Delight 500ml,484.69,517650.44999999995,0.09
2025-05,Vanilla Ice-cream,1088.0,517650.44999999995,0.21
2025-05,Vanilla Ice-cream 4ltr,2556.8,517650.44999999995,0.49
2025-05,Veeba Eggless Mayonise Chef 1KG,1050.0,517650.44999999995,0.2
2025-05,Veeba Gouda Flavoured Dressing,1568.0,517650.44999999995,0.3
2025-05,Veeba Gouda Flavoured Dressing,-606.0,517650.44999999995,-0.12
2025-05,Veeba Ketchup Sachet,2040.0,517650.44999999995,0.39
2025-05,Veeba T. Ketchup 1.2KG,945.0,517650.44999999995,0.18
2025-05,Veeba ThousandIsland Dressing 1KG,750.4,517650.44999999995,0.14
2025-05,Veg burger pattis,168.0,517650.44999999995,0.03
2025-05,Zippy  B.Fast Sausage ,-206.81000000000006,517650.44999999995,-0.04
2025-05,Zippy Chicken Salami,493.91999999999985,517650.44999999995,0.1
2025-05,bbq mix,4650.0,517650.44999999995,0.9
2025-05,bio covers,1065.0,517650.44999999995,0.21
2025-05,bio cup,100.0,517650.44999999995,0.02
2025-05,black olive slice Habit,1358.28,517650.44999999995,0.26
2025-05,bonless chicken,19132.9,517650.44999999995,3.7
2025-05,burger buns,416.0,517650.44999999995,0.08
2025-05,butter,2280.0,517650.44999999995,0.44
2025-05,canvill button mushroom,2717.0,517650.44999999995,0.52
2025-05,capsicum,70.0,517650.44999999995,0.01
2025-05,chicken kheema masala,-747.5,517650.44999999995,-0.14
2025-05,chicken pepperoni,519.0,517650.44999999995,0.1
2025-05,chicken pop corn sneha,616.0,517650.44999999995,0.12
2025-05,chilly flakes 500gm,150.0,517650.44999999995,0.03
2025-05,chilly flakes sachet,520.0,517650.44999999995,0.1
2025-05,chilly garlic spread,170.0,517650.44999999995,0.03
2025-05,colby cheese 1 kg,1078.62,517650.44999999995,0.21
2025-05,dew 750 ml,-584.29,517650.44999999995,-0.11
2025-05,dynamic cheddar block,166.20000000000005,517650.44999999995,0.03
2025-05,dynamic diced mozerella,24451.780000000002,517650.44999999995,4.72
2025-05,egg 6,180.0,517650.44999999995,0.03
2025-05,egg 7,70.0,517650.44999999995,0.01
2025-05,eng veg,3195.47,517650.44999999995,0.62
2025-05,fish finger,297.36,517650.44999999995,0.06
2025-05,french fry hungritos 2.5kg,6256.419999999999,517650.44999999995,1.21
2025-05,fruits,320.0,517650.44999999995,0.06
2025-05,garam masala,30.0,517650.44999999995,0.01
2025-05,garlic,0.0,517650.44999999995,0.0
2025-05,grocery,20993.37,517650.44999999995,4.06
2025-05,habit baby corn,540.0,517650.44999999995,0.1
2025-05,habit olive oil,819.0,517650.44999999995,0.16
2025-05,ice cube/80,80.0,517650.44999999995,0.02
2025-05,makhni gravy,336.0,517650.44999999995,0.06
2025-05,malas butterscotch crush,-143.0,517650.44999999995,-0.03
2025-05,mexican mix,4045.5,517650.44999999995,0.78
2025-05,milk,650.0,517650.44999999995,0.13
2025-05,milk 28 milma,336.0,517650.44999999995,0.06
2025-05,mustard oil,49.6,517650.44999999995,0.01
2025-05,oil,682.5,517650.44999999995,0.13
2025-05,paneer,580.0,517650.44999999995,0.11
2025-05,paneer tikka powder,792.0,517650.44999999995,0.15
2025-05,pepsi 1 ltr,1330.2000000000003,517650.44999999995,0.26
2025-05,pepsi can 330ml,171.45000000000005,517650.44999999995,0.03
2025-05,pepsi diet 400ml,525.0,517650.44999999995,0.1
2025-05,pizza sauce,480.0,517650.44999999995,0.09
2025-05,potato wedges,780.86,517650.44999999995,0.15
2025-05,red paprika habit,804.96,517650.44999999995,0.16
2025-05,slice 600ml pet,-180.39999999999998,517650.44999999995,-0.03
2025-05,slice cheese,1479.6,517650.44999999995,0.29
2025-05,sneha chi burgar pattis,2057.2,517650.44999999995,0.4
2025-05,sneha chi nuggets,1570.8200000000002,517650.44999999995,0.3
2025-05,staff chicken,900.0,517650.44999999995,0.17
2025-05,staff rice,-730.0,517650.44999999995,-0.14
2025-05,staff rice 26kg,1380.08,517650.44999999995,0.27
2025-05,straw,60.0,517650.44999999995,0.01
2025-05,tandoori mayonise,390.0,517650.44999999995,0.08
2025-05,tomato,440.0,517650.44999999995,0.08
2025-05,tomato ketchup 1.2 bottle,-330.0,517650.44999999995,-0.06
2025-05,veeba pizza pasta sauce,2316.12,517650.44999999995,0.45
2025-05,vegetable n fruit,400.0,517650.44999999995,0.08
2025-05,vegetables,6266.27,517650.44999999995,1.21
2025-05,wodden spoon,65.0,517650.44999999995,0.01
2025-05,wooden fork,-209.10000000000002,517650.44999999995,-0.04
2025-04, dry yeast 500 gm,1165.8,523213.8,0.22
2025-04,7up 1 ltr,798.12,523213.8,0.15
2025-04,7up 250ml Pet,1050.0,523213.8,0.2
2025-04,7up pet 750ml,930.0,523213.8,0.18
2025-04,7up750mlpet,-2596.25,523213.8,-0.5
2025-04,Aqua Fina Mineral Water 1Ltr,454.08000000000004,523213.8,0.09
2025-04,Aromat Seasoning Powder,-120.4,523213.8,-0.02
2025-04,BASIL,-204.0,523213.8,-0.04
2025-04,BBQ Mix Masala,2790.0,523213.8,0.53
2025-04,Berry Fresh Chicku Pulp,1120.0,523213.8,0.21
2025-04,Berry Fresh Tender Coconut Pulp,1480.0,523213.8,0.28
2025-04,Berry Fresh Tender Coconut Pulp 2kg,-1332.0,523213.8,-0.25
2025-04,Boneless Chicken,768.99,523213.8,0.15
2025-04,Bread Premix,-327.6,523213.8,-0.06
2025-04,Brownie,1925.0,523213.8,0.37
2025-04,Butter Scotch Ice-cream,154.5999999999999,523213.8,0.03
2025-04,Butter Scotch Sauce 750ml,-157.3,523213.8,-0.03
2025-04,CHILLY FLAKES SACHET 0.8GM,-97.24,523213.8,-0.02
2025-04,Chettinad Mix,1302.0,523213.8,0.25
2025-04,Chicken Kheema  Masala,-911.4,523213.8,-0.17
2025-04,Chicken Sausage,564.0,523213.8,0.11
2025-04,Chicken burger pattis,2535.3,523213.8,0.48
2025-04,Chicken burger pattis koonathil,265.0,523213.8,0.05
2025-04,Chilli Flakes-Tasty Pixel-Veeba-Sachet-0.8g,529.2,523213.8,0.1
2025-04,Chocolate Ice-cream,-1085.0,523213.8,-0.21
2025-04,Chocolate Ice-cream 4ltr,2040.0,523213.8,0.39
2025-04,Corn Meal - MAKKA RAVA,82.5,523213.8,0.02
2025-04,DVC BLUE OCCEAN FLV SYRUP 750ML,507.4000000000001,523213.8,0.1
2025-04,DVC Bubblegum Syrup Syrup 750 ml,50.73999999999995,523213.8,0.01
2025-04,DVC Cucumber Syrup 750 ml,0.0,523213.8,0.0
2025-04,DVC Green Apple 750 ML,456.6600000000001,523213.8,0.09
2025-04,DVC Mixed Berry Beverage Blend Syrup 750 ml,828.0,523213.8,0.16
2025-04,DVC PASSION FRUIT FLV SYRUP 750ML,608.8800000000001,523213.8,0.12
2025-04,DVC Peach GardenSyrup 750 ml,0.0,523213.8,0.0
2025-04,DVC Strawberry Syrup 750 ml,608.88,523213.8,0.12
2025-04,DVC Strawberry Syrup Syrup 750 ml,-781.63,523213.8,-0.15
2025-04,DVC Watermelon Syrup 750 ml,202.95999999999998,523213.8,0.04
2025-04,Dew 250ml Pet,525.0,523213.8,0.1
2025-04,Dew 330 ml can,-102.87,523213.8,-0.02
2025-04,Dew 750ml Pet,-38.75,523213.8,-0.01
2025-04,Dip Bowl,246.0,523213.8,0.05
2025-04,Dried Yeast,-679.96,523213.8,-0.13
2025-04,Egg-5.5,55.0,523213.8,0.01
2025-04,French Fries Box,1027.2,523213.8,0.2
2025-04,Frozen Sweet Corn-Pal Fresh,390.0,523213.8,0.07
2025-04,Frozen Sweet Corn-Pal Fresh 500gm,750.0,523213.8,0.14
2025-04,Garlic Bread Box,300.0,523213.8,0.06
2025-04,Gas-LPG-HPCL,12630.0,523213.8,2.41
2025-04,Green Chilly-Veg,80.0,523213.8,0.02
2025-04,Green Peas,130.0,523213.8,0.02
2025-04,HABIT JALAPENO SLICES 2.9 KG,1187.1999999999998,523213.8,0.23
2025-04,Herb Mix Masla,-356.79999999999995,523213.8,-0.07
2025-04,Honey,122.0,523213.8,0.02
2025-04,Honey mustard dressing,452.0,523213.8,0.09
2025-04,KOT Printing Rolls,2000.0,523213.8,0.38
2025-04,Lamp Pepperoni,-179.0,523213.8,-0.03
2025-04,Large Pizza Box,1559.25,523213.8,0.3
2025-04,Lehar Soda,460.88000000000005,523213.8,0.09
2025-04,Maida yamuna,-1040.0,523213.8,-0.2
2025-04,Malas Chocolate Sauce 5 ltr,-1590.0,523213.8,-0.3
2025-04,Mango Crush Sauce 750ml Malas,168.03000000000003,523213.8,0.03
2025-04,Mayonise premium,386.4,523213.8,0.07
2025-04,Medium Pizza Box,2760.0,523213.8,0.53
2025-04,Mexican Masala,-1245.0,523213.8,-0.24
2025-04,Mini Burger Box,450.0,523213.8,0.09
2025-04,Mixed Herb Loose,90.72,523213.8,0.02
2025-04,Mojito Menta Cubano,1268.5,523213.8,0.24
2025-04,Moktails Glass,-48.0,523213.8,-0.01
2025-04,OREGANO SACHET 0.8GM,1980.0,523213.8,0.38
2025-04,Oregano Sprinkler 500g,890.1400000000001,523213.8,0.17
2025-04,POTATO POPS,0.0,523213.8,0.0
2025-04,Paneer,580.0,523213.8,0.11
2025-04,Paneer tikka masala,37.5,523213.8,0.01
2025-04,Pasta Container Black,1038.2,523213.8,0.2
2025-04,Pepsi 250ml Pet,1470.0,523213.8,0.28
2025-04,Pepsi 750ml Pet,551.9300000000001,523213.8,0.11
2025-04,Pineapple slice-Tajir Habit-850g,0.0,523213.8,0.0
2025-04,Piri Piri Marinade 1KG,0.009999999999990905,523213.8,0.0
2025-04,Pizza Premix,4964.4,523213.8,0.95
2025-04,Pizza sauce premix,487.5,523213.8,0.09
2025-04,Processed cheese block,831.6000000000001,523213.8,0.16
2025-04,Puramate Pasta-Gomiti Rigate - macroni - 500g,278.20000000000005,523213.8,0.05
2025-04,Puramate Pasta-Penne Rigatte 500g,695.5,523213.8,0.13
2025-04,Regular Pizza Box,3833.5,523213.8,0.73
2025-04,Richs versatie cream,2967.1600000000003,523213.8,0.57
2025-04,Salad Bowl 250ml,514.5,523213.8,0.1
2025-04,Salad Bowl 500ml,301.2999999999997,523213.8,0.06
2025-04,Schezwan sauce,0.0,523213.8,0.0
2025-04,Slice Mango 250ml pet,530.1,523213.8,0.1
2025-04,Slice Mango 600ml pet,-188.28,523213.8,-0.04
2025-04,Strawberry sause 750,-57.2,523213.8,-0.01
2025-04,Strawberry-Ice cream,188.70000000000005,523213.8,0.04
2025-04,Sumeru Nuggets Premium 1Kg,344.3,523213.8,0.07
2025-04,Tandoori Tikka Marinade 500Grm,-1150.0,523213.8,-0.22
2025-04,Tandoori mix Masala,522.5,523213.8,0.1
2025-04,Tissue,36.0,523213.8,0.01
2025-04,Tripod,-769.5,523213.8,-0.15
2025-04,Tropicana Guava Delight 500ml,841.83,523213.8,0.16
2025-04,Vanilla Ice-cream 4ltr,2611.2,523213.8,0.5
2025-04,Veeba Chilli Flakes Seasoning(8G),33.08,523213.8,0.01
2025-04,Veeba Eggless Mayonise Chef 1KG,1800.0,523213.8,0.34
2025-04,Veeba Gouda Flavoured Dressing,784.0,523213.8,0.15
2025-04,Veeba Ketchup Sachet,2152.2,523213.8,0.41
2025-04,Veeba T. Ketchup 1.2KG,-525.0,523213.8,-0.1
2025-04,Veeba ThousandIsland Dressing 1KG,375.2,523213.8,0.07
2025-04,Veg burger pattis,288.0,523213.8,0.06
2025-04,Wooden Spoon,65.0,523213.8,0.01
2025-04,Zippy  B.Fast Sausage ,-384.06999999999994,523213.8,-0.07
2025-04,Zippy Chicken Salami,428.05999999999995,523213.8,0.08
2025-04,bbq mix,-1860.0,523213.8,-0.36
2025-04,bio cover 140,140.0,523213.8,0.03
2025-04,bio covers,16.0,523213.8,0.0
2025-04,bio cup,0.0,523213.8,0.0
2025-04,black olive slice Habit,2328.48,523213.8,0.45
2025-04,bonless chicken,19687.25,523213.8,3.76
2025-04,burger buns,416.0,523213.8,0.08
2025-04,butter,3458.0,523213.8,0.66
2025-04,butter,-2280.0,523213.8,-0.44
2025-04,canvill button mushroom,4576.0,523213.8,0.87
2025-04,chicken pepperoni,692.0,523213.8,0.13
2025-04,chicken pop corn sneha,224.0,523213.8,0.04
2025-04,chicken popcorn,281.7,523213.8,0.05
2025-04,chilly flakes 500gm,0.0,523213.8,0.0
2025-04,chilly flakes sachet,520.0,523213.8,0.1
2025-04,chilly garlic spread,0.0,523213.8,0.0
2025-04,chocolate chips,390.0,523213.8,0.07
2025-04,colby cheese 1 kg,190.34000000000015,523213.8,0.04
2025-04,dew 750 ml,824.88,523213.8,0.16
2025-04,drinking water-20ltr,120.0,523213.8,0.02
2025-04,dynamic cheddar block,-332.4,523213.8,-0.06
2025-04,dynamic diced mozerella,38558.57,523213.8,7.37
2025-04,egg,91.0,523213.8,0.02
2025-04,egg 6,180.0,523213.8,0.03
2025-04,egg-6.50,65.0,523213.8,0.01
2025-04,eng veg,2671.1899999999996,523213.8,0.51
2025-04,fish finger,59.46999999999997,523213.8,0.01
2025-04,french fry hungritos 2.5kg,6494.76,523213.8,1.24
2025-04,fruits,140.0,523213.8,0.03
2025-04,garlic,260.0,523213.8,0.05
2025-04,grocery,25410.07,523213.8,4.86
2025-04,habit baby corn,432.0,523213.8,0.08
2025-04,habit olive oil,990.0,523213.8,0.19
2025-04,hit spray big,315.0,523213.8,0.06
2025-04,ice cube,80.0,523213.8,0.02
2025-04,ice cube/80,0.0,523213.8,0.0
2025-04,maida,4194.0,523213.8,0.8
2025-04,maida yamuna,6480.0,523213.8,1.24
2025-04,makhni gravy,336.0,523213.8,0.06
2025-04,malas butterscotch crush,185.9,523213.8,0.04
2025-04,mexican mix,3784.5,523213.8,0.72
2025-04,milk,450.0,523213.8,0.09
2025-04,milk 28 milma,168.0,523213.8,0.03
2025-04,milk 30,180.0,523213.8,0.03
2025-04,mocktail glass,1176.0,523213.8,0.22
2025-04,mustard oil,74.4,523213.8,0.01
2025-04,nuggets sneha,257.15,523213.8,0.05
2025-04,oil,-1365.0,523213.8,-0.26
2025-04,paneer tikka powder,-450.0,523213.8,-0.09
2025-04,pepsi 1 ltr,1197.1799999999998,523213.8,0.23
2025-04,pepsi can 330ml,651.51,523213.8,0.12
2025-04,pineapple,160.0,523213.8,0.03
2025-04,pizza sauce,2520.0,523213.8,0.48
2025-04,potato wedges,37.18000000000001,523213.8,0.01
2025-04,red paprika habit,402.48,523213.8,0.08
2025-04,slice cheese,1454.94,523213.8,0.28
2025-04,sneha chi burgar pattis,0.0,523213.8,0.0
2025-04,sneha chi nuggets,804.9799999999999,523213.8,0.15
2025-04,staff chicken,300.0,523213.8,0.06
2025-04,staff rice 26kg,920.0,523213.8,0.18
2025-04,straw,80.0,523213.8,0.02
2025-04,tandoori mayonise,390.0,523213.8,0.07
2025-04,tandoori tikka powder,2300.0,523213.8,0.44
2025-04,tomato,400.0,523213.8,0.08
2025-04,tomato ketchup 1.2 bottle,1280.0,523213.8,0.24
2025-04,veeba pizza pasta sauce,-772.04,523213.8,-0.15
2025-04,veg,132.0,523213.8,0.03
2025-04,vegetables,6012.46,523213.8,1.15
2025-04,wodden spoon,-65.0,523213.8,-0.01
2025-04,wooden fork,0.0,523213.8,0.0
2025-03, dry yeast 500 gm,600.3,358957.6,0.17
2025-03,7UP 750ml Pet,930.0,358957.6,0.26
2025-03,7up 1 ltr,2704.7400000000002,358957.6,0.75
2025-03,7up 250ml Pet,2870.0,358957.6,0.8
2025-03,7up 600ml,687.6,358957.6,0.19
2025-03,7up pet 750ml,2518.75,358957.6,0.7
2025-03,7up750mlpet,930.0,358957.6,0.26
2025-03,Aqua Fina Mineral Water 1Ltr,1332.5,358957.6,0.37
2025-03,Aromat Seasoning Powder,120.4,358957.6,0.03
2025-03,BBQ Mix Masala,-930.0,358957.6,-0.26
2025-03,Berry Fresh Chicku Pulp,616.0,358957.6,0.17
2025-03,Berry Fresh Tender Coconut Pulp,925.0,358957.6,0.26
2025-03,Bread Premix,428.4,358957.6,0.12
2025-03,Brownie,962.5,358957.6,0.27
2025-03,Butter Scotch Ice-cream,0.0,358957.6,0.0
2025-03,Celotape-3/4inch-,138.0,358957.6,0.04
2025-03,Chettinad Mix,-1432.1999999999998,358957.6,-0.4
2025-03,Chicken Kheema  Masala,1953.0,358957.6,0.54
2025-03,Chicken burger pattis,1392.85,358957.6,0.39
2025-03,Chilli Flakes,88.0,358957.6,0.02
2025-03,Chilli Flakes-Tasty Pixel-Veeba-Sachet-0.8g,-529.2,358957.6,-0.15
2025-03,Chocolate Ice-cream 4ltr,408.0,358957.6,0.11
2025-03,Corn Meal - MAKKA RAVA,137.5,358957.6,0.04
2025-03,DVC BLUE OCCEAN FLV SYRUP 750ML,558.1399999999999,358957.6,0.16
2025-03,DVC Bubblegum Syrup Syrup 750 ml,0.0,358957.6,0.0
2025-03,DVC Cucumber Syrup 750 ml,53.0,358957.6,0.01
2025-03,DVC Green Apple 750 ML,304.4399999999998,358957.6,0.08
2025-03,DVC MOJITO MINT 750ML,2537.0,358957.6,0.71
2025-03,DVC Mint Flavoured Syrup 750 ml,2587.74,358957.6,0.72
2025-03,DVC Mixed Berry Beverage Blend Syrup 750 ml,165.60000000000002,358957.6,0.05
2025-03,DVC PASSION FRUIT FLV SYRUP 750ML,558.1399999999999,358957.6,0.16
2025-03,DVC Peach Garden Syrup Syrup 750 ml,390.82,358957.6,0.11
2025-03,DVC Peach GardenSyrup 750 ml,-424.0,358957.6,-0.12
2025-03,DVC Strawberry Syrup 750 ml,-608.88,358957.6,-0.17
2025-03,DVC Strawberry Syrup Syrup 750 ml,635.08,358957.6,0.18
2025-03,DVC Watermelon Syrup 750 ml,202.96000000000004,358957.6,0.06
2025-03,Dew 250ml Pet,752.5,358957.6,0.21
2025-03,Dew 330 ml can,1268.73,358957.6,0.35
2025-03,Dew 600 ml,653.03,358957.6,0.18
2025-03,Dip Bowl,-220.0,358957.6,-0.06
2025-03,French Fries Box,-829.25,358957.6,-0.23
2025-03,Frozen Sweet Corn,480.0,358957.6,0.13
2025-03,Frozen Sweet Corn-Pal Fresh,750.0,358957.6,0.21
2025-03,Frozen Sweet Corn-Pal Fresh,-520.0,358957.6,-0.14
2025-03,GO-Monterey Jack Cheese-2kg,1163.0,358957.6,0.32
2025-03,Garlic Bread Box,292.5,358957.6,0.08
2025-03,Gas-LPG-HPCL,22094.0,358957.6,6.16
2025-03,Green Peas,18.0,358957.6,0.01
2025-03,HABIT JALAPENO SLICES 2.9 KG,890.4000000000001,358957.6,0.25
2025-03,Herb Mix Masla,490.5999999999999,358957.6,0.14
2025-03,Honey,97.60000000000002,358957.6,0.03
2025-03,Honey mustard dressing,565.0,358957.6,0.16
2025-03,KOT Printing Rolls,450.0,358957.6,0.13
2025-03,Lamp Pepperoni,179.0,358957.6,0.05
2025-03,Large Pizza Box,222.75,358957.6,0.06
2025-03,Lehar Soda,2337.3199999999997,358957.6,0.65
2025-03,Maida yamuna,6791.0,358957.6,1.89
2025-03,Malas Chocolate Sauce 5 ltr,0.0,358957.6,0.0
2025-03,Mango Crush Sauce 750ml Malas,588.11,358957.6,0.16
2025-03,Mayonise premium,252.0,358957.6,0.07
2025-03,Medium Pizza Box,2330.0,358957.6,0.65
2025-03,Mini Burger Box,648.0,358957.6,0.18
2025-03,Mixed Herb Loose,96.0,358957.6,0.03
2025-03,Mixed Herb Loose,-90.72,358957.6,-0.03
2025-03,Mojito Menta Cubano,-3754.76,358957.6,-1.05
2025-03,Moktails Glass,592.0,358957.6,0.16
2025-03,Mustard Oil,84.0,358957.6,0.02
2025-03,OREGANO SACHET 0.8GM,1095.0,358957.6,0.31
2025-03,OREGANO SACHET 0.8GM,-440.0,358957.6,-0.12
2025-03,Oregano Sprinkler 500g,649.6000000000001,358957.6,0.18
2025-03,POTATO POPS,286.16999999999996,358957.6,0.08
2025-03,Paneer,1740.0,358957.6,0.48
2025-03,Paneer tikka masala,37.5,358957.6,0.01
2025-03,Paper Glass,100.0,358957.6,0.03
2025-03,Paper Plates,99.0,358957.6,0.03
2025-03,Pasta Container Black,993.45,358957.6,0.28
2025-03,Pepsi 250ml Pet,2660.0,358957.6,0.74
2025-03,Pepsi 750ml Pet,3255.0,358957.6,0.91
2025-03,Pineapple slice-Tajir Habit-850g,110.25,358957.6,0.03
2025-03,Piri Piri Marinade 1KG,140.24,358957.6,0.04
2025-03,Pizza Premix,2721.6,358957.6,0.76
2025-03,Pizza sauce premix,325.0,358957.6,0.09
2025-03,Processed cheese block,1335.6,358957.6,0.37
2025-03,Puramate Basil 250g Pouch,273.0,358957.6,0.08
2025-03,Puramate Pasta-Gomiti Rigate - macroni - 500g,156.48999999999995,358957.6,0.04
2025-03,Puramate Pasta-Penne Rigatte 500g,208.6500000000001,358957.6,0.06
2025-03,Regular Pizza Box,3859.0,358957.6,1.08
2025-03,Richs versatie cream,2007.7000000000003,358957.6,0.56
2025-03,Salad Bowl 250ml,330.75,358957.6,0.09
2025-03,Salad Bowl 500ml,288.20000000000005,358957.6,0.08
2025-03,Schezwan sauce,182.0,358957.6,0.05
2025-03,Slice Mango 200ml pet,477.09,358957.6,0.13
2025-03,Slice Mango 250ml pet,1060.2,358957.6,0.3
2025-03,Slice Mango 600ml pet,1013.5799999999999,358957.6,0.28
2025-03,Strawberry sause 750,0.0,358957.6,0.0
2025-03,Strawberry-Ice cream,125.80000000000001,358957.6,0.04
2025-03,Sumeru Nuggets Premium 1Kg,281.7,358957.6,0.08
2025-03,Tandoori mix Masala,1185.0,358957.6,0.33
2025-03,Tissue,288.0,358957.6,0.08
2025-03,Tripod,229.5,358957.6,0.06
2025-03,Tropicana Guava Delight,612.24,358957.6,0.17
2025-03,Tropicana Guava Delight 500ml,959.27,358957.6,0.27
2025-03,Vanilla Ice-cream 4ltr,3699.2,358957.6,1.03
2025-03,Veeba Chilli Flakes Seasoning(8G),-33.08,358957.6,-0.01
2025-03,Veeba Eggless Mayonise Chef 1KG,900.0,358957.6,0.25
2025-03,Veeba Gouda Flavoured Dressing,980.0,358957.6,0.27
2025-03,Veeba Ketchup Sachet,1273.3,358957.6,0.35
2025-03,Veeba T. Ketchup 1.2KG,735.0,358957.6,0.2
2025-03,Veeba Tandoori Spread-1kg,232.0,358957.6,0.06
2025-03,Veeba ThousandIsland Dressing 1KG,0.0,358957.6,0.0
2025-03,Veg burger pattis,301.5,358957.6,0.08
2025-03,Wooden Spoon,0.0,358957.6,0.0
2025-03,Zippy  B.Fast Sausage ,354.53,358957.6,0.1
2025-03,Zippy Chicken Salami,487.33999999999986,358957.6,0.14
2025-03,atta,108.0,358957.6,0.03
2025-03,bbq mix,2464.5,358957.6,0.69
2025-03,bio cover,540.0,358957.6,0.15
2025-03,bio covers,-416.0,358957.6,-0.12
2025-03,bio cup,-100.0,358957.6,-0.03
2025-03,black olive slice Habit,2328.48,358957.6,0.65
2025-03,bonless chicken,13054.3,358957.6,3.64
2025-03,burger bun 4,160.0,358957.6,0.04
2025-03,burger buns,352.0,358957.6,0.1
2025-03,butter,2280.0,358957.6,0.64
2025-03,butter,-38.0,358957.6,-0.01
2025-03,canvill button mushroom,3575.0,358957.6,1.0
2025-03,capsicum,64.0,358957.6,0.02
2025-03,cashew,200.0,358957.6,0.06
2025-03,chicken kheema masala,195.0,358957.6,0.05
2025-03,chicken pepperoni,-259.5,358957.6,-0.07
2025-03,chicken popcorn,112.68,358957.6,0.03
2025-03,chilly flakes 500gm,0.0,358957.6,0.0
2025-03,chilly flakes sachet,894.4,358957.6,0.25
2025-03,chilly garlic spread,170.0,358957.6,0.05
2025-03,colby cheese 1 kg,-1268.96,358957.6,-0.35
2025-03,dynamic cheddar block,805.6,358957.6,0.22
2025-03,dynamic diced mozerella,20055.71,358957.6,5.59
2025-03,egg,-91.0,358957.6,-0.03
2025-03,egg 7,140.0,358957.6,0.04
2025-03,eng veg,4160.0,358957.6,1.16
2025-03,fish finger,118.94999999999999,358957.6,0.03
2025-03,french fry hungritos 2.5kg,4623.8,358957.6,1.29
2025-03,garlic,360.0,358957.6,0.1
2025-03,grapes,100.0,358957.6,0.03
2025-03,grocery,19360.93,358957.6,5.39
2025-03,habit baby corn,432.0,358957.6,0.12
2025-03,habit olive oil,882.0,358957.6,0.25
2025-03,ice cube,-40.0,358957.6,-0.01
2025-03,ice cube/80,80.0,358957.6,0.02
2025-03,maida,-4194.0,358957.6,-1.17
2025-03,makhni gravy,224.0,358957.6,0.06
2025-03,malas butterscotch crush,-42.900000000000006,358957.6,-0.01
2025-03,mexican mix,1305.0,358957.6,0.36
2025-03,milk,100.0,358957.6,0.03
2025-03,milk 28 milma,280.0,358957.6,0.08
2025-03,milk maid,66.0,358957.6,0.02
2025-03,mocktail glass,-376.0,358957.6,-0.1
2025-03,nuggets sumeru,876.4,358957.6,0.24
2025-03,oil,1638.0,358957.6,0.46
2025-03,paneer tikka powder,450.0,358957.6,0.13
2025-03,pepsi 1 ltr,2749.08,358957.6,0.77
2025-03,pepsi 600 ml,1306.06,358957.6,0.36
2025-03,pepsi can 330ml,651.51,358957.6,0.18
2025-03,pizza sauce,-1920.0,358957.6,-0.53
2025-03,potato wedges,911.01,358957.6,0.25
2025-03,red paprika habit,402.48,358957.6,0.11
2025-03,slice 350ml,350.08,358957.6,0.1
2025-03,slice cheese,1257.66,358957.6,0.35
2025-03,staff chicken,1500.0,358957.6,0.42
2025-03,staff rice 26kg,-207.0,358957.6,-0.06
2025-03,straw,-20.0,358957.6,-0.01
2025-03,tandoori tikka powder,-2300.0,358957.6,-0.64
2025-03,tomato,200.0,358957.6,0.06
2025-03,tomato ketchup 1.2 bottle,-315.0,358957.6,-0.09
2025-03,tropicana guava 180ml,70.68,358957.6,0.02
2025-03,veeba pizza pasta sauce,5018.26,358957.6,1.4
2025-03,vegetables,6910.4400000000005,358957.6,1.93
2025-03,wooden fork,-85.0,358957.6,-0.02
2025-02, dry yeast 500 gm,704.6999999999999,383291.2,0.18
2025-02,7up 1 ltr,842.4599999999999,383291.2,0.22
2025-02,7up 250ml Pet,787.5,383291.2,0.21
2025-02,7up 600ml,1409.58,383291.2,0.37
2025-02,Aqua Fina Mineral Water 1Ltr,505.28,383291.2,0.13
2025-02,Aromat Seasoning Powder,86.0,383291.2,0.02
2025-02,BASIL,272.0,383291.2,0.07
2025-02,BBQ Mix Masala,465.0,383291.2,0.12
2025-02,Berry Fresh Chicku Pulp,-336.0,383291.2,-0.09
2025-02,Berry Fresh Chicku Pulp 2kg,560.0,383291.2,0.15
2025-02,Berry Fresh Tender Coconut Pulp,0.0,383291.2,0.0
2025-02,Berry Fresh Tender Coconut Pulp 2kg,740.0,383291.2,0.19
2025-02,Boneless Chicken,779.99,383291.2,0.2
2025-02,Bread Premix,330.0,383291.2,0.09
2025-02,Brownie,1423.5,383291.2,0.37
2025-02,Butter Scotch Ice-cream,927.5999999999999,383291.2,0.24
2025-02,CHILLY FLAKES SACHET 0.8GM,98.8,383291.2,0.03
2025-02,Chettinad Mix,32.55000000000007,383291.2,0.01
2025-02,Chicken Kheema  Masala,-1302.0,383291.2,-0.34
2025-02,Chicken burger pattis,1111.15,383291.2,0.29
2025-02,Chilli Flakes,220.0,383291.2,0.06
2025-02,Chocolate Ice-cream,1848.0,383291.2,0.48
2025-02,Chocolate Ice-cream 4ltr,0.0,383291.2,0.0
2025-02,Corn Meal - MAKKA RAVA,-110.0,383291.2,-0.03
2025-02,DVC BLUE OCCEAN FLV SYRUP 750ML,355.17999999999995,383291.2,0.09
2025-02,DVC Bubblegum Syrup Syrup 750 ml,50.74000000000001,383291.2,0.01
2025-02,DVC Cucumber Syrup 750 ml,0.0,383291.2,0.0
2025-02,DVC Green Apple 750 ML,355.18000000000006,383291.2,0.09
2025-02,DVC MOJITO MINT 750ML,2080.34,383291.2,0.54
2025-02,DVC Mango Beverage Blend Syrup 750 ml,764.64,383291.2,0.2
2025-02,DVC Mint Flavoured Syrup 750 ml,0.0,383291.2,0.0
2025-02,DVC Mixed Berry Beverage Blend Syrup 750 ml,165.60000000000002,383291.2,0.04
2025-02,DVC PASSION FRUIT FLV SYRUP 750ML,-710.36,383291.2,-0.19
2025-02,DVC Passion Fruit 750ML,1268.5,383291.2,0.33
2025-02,DVC Peach Garden Syrup Syrup 750 ml,-390.82,383291.2,-0.1
2025-02,DVC Peach GardenSyrup 750 ml,424.0,383291.2,0.11
2025-02,DVC Strawberry Syrup 750 ml,507.4,383291.2,0.13
2025-02,DVC Strawberry Syrup Syrup 750 ml,-390.82000000000005,383291.2,-0.1
2025-02,DVC Watermelon Syrup 750 ml,202.95999999999992,383291.2,0.05
2025-02,Dew 250ml Pet,665.0,383291.2,0.17
2025-02,Dew 330 ml can,205.74000000000012,383291.2,0.05
2025-02,Dew 600 ml,687.3999999999999,383291.2,0.18
2025-02,Dip Bowl,354.0,383291.2,0.09
2025-02,French Fries Box,1096.75,383291.2,0.29
2025-02,Frozen Sweet Corn,-480.0,383291.2,-0.13
2025-02,Frozen Sweet Corn-Pal Fresh,1350.0,383291.2,0.35
2025-02,G.Crown Mushroom Slice 800g,2121.0,383291.2,0.55
2025-02,Garlic Bread Box,-472.5,383291.2,-0.12
2025-02,Gas-LPG-HPCL,15655.0,383291.2,4.08
2025-02,Green Peas,27.0,383291.2,0.01
2025-02,HABIT JALAPENO SLICES 2.9 KG,1929.2,383291.2,0.5
2025-02,Herb Mix Masla,2395.2,383291.2,0.62
2025-02,Honey,73.19999999999999,383291.2,0.02
2025-02,Honey mustard dressing,1356.0,383291.2,0.35
2025-02,KOT Printing Rolls,428.0,383291.2,0.11
2025-02,Lamp Pepperoni,447.5,383291.2,0.12
2025-02,Large Pizza Box,2093.8500000000004,383291.2,0.55
2025-02,Lehar Soda,905.3,383291.2,0.24
2025-02,Maida yamuna,7634.0,383291.2,1.99
2025-02,Malas Chocolate Sauce 5 ltr,0.0,383291.2,0.0
2025-02,Mango Crush Sauce 750ml Malas,-756.1400000000001,383291.2,-0.2
2025-02,Mayonise premium,672.0,383291.2,0.18
2025-02,Medium Pizza Box,1850.0,383291.2,0.48
2025-02,Mini Burger Box,768.0,383291.2,0.2
2025-02,Mixed Herb Loose,-96.0,383291.2,-0.03
2025-02,Moktails Glass,-1488.0,383291.2,-0.39
2025-02,Mustard Oil,-84.0,383291.2,-0.02
2025-02,OREGANO SACHET 0.8GM,1759.3000000000002,383291.2,0.46
2025-02,Oregano Sprinkler 500g,649.6,383291.2,0.17
2025-02,POTATO POPS,59.640000000000015,383291.2,0.02
2025-02,Paneer,870.0,383291.2,0.23
2025-02,Paneer tikka masala,-18.75,383291.2,-0.0
2025-02,Paper Glass,-100.0,383291.2,-0.03
2025-02,Paper Straw Big,22.5,383291.2,0.01
2025-02,Paper Straw Small,70.0,383291.2,0.02
2025-02,Pasta Container Black,1118.7499999999998,383291.2,0.29
2025-02,Pepsi 250ml Pet,1575.0,383291.2,0.41
2025-02,Pineapple slice-Tajir Habit-850g,110.25,383291.2,0.03
2025-02,Piri Piri Marinade 1KG,93.5,383291.2,0.02
2025-02,Pizza Premix,2898.0,383291.2,0.76
2025-02,Pizza sauce premix,910.0,383291.2,0.24
2025-02,Processed cheese block,1058.4,383291.2,0.28
2025-02,Puramate Basil 250g Pouch,-273.0,383291.2,-0.07
2025-02,Puramate Pasta-Gomiti Rigate - macroni - 500g,260.81,383291.2,0.07
2025-02,Puramate Pasta-Penne Rigatte 500g,1321.45,383291.2,0.34
2025-02,Regular Pizza Box,2830.5,383291.2,0.74
2025-02,Richs versatie cream,3413.09,383291.2,0.89
2025-02,Salad Bowl 250ml,194.25,383291.2,0.05
2025-02,Salad Bowl 500ml,301.29999999999995,383291.2,0.08
2025-02,Salt,28.0,383291.2,0.01
2025-02,Schezwan sauce,182.0,383291.2,0.05
2025-02,Slice Mango 200ml pet,17.67,383291.2,0.0
2025-02,Slice Mango 250ml pet,1060.2,383291.2,0.28
2025-02,Slice Mango 600ml pet,252.63,383291.2,0.07
2025-02,Strawberry sause 750,57.2,383291.2,0.01
2025-02,Strawberry-Ice cream,125.79999999999995,383291.2,0.03
2025-02,Sumeru Nuggets Premium 1Kg,626.0,383291.2,0.16
2025-02,TAJIR HABIT Pinaple Slice 50g,630.0,383291.2,0.16
2025-02,Tandoori Tikka Marinade 500Grm,2300.0,383291.2,0.6
2025-02,Tandoori mix Masala,-316.0,383291.2,-0.08
2025-02,Tissue,-72.0,383291.2,-0.02
2025-02,Tripod,135.0,383291.2,0.04
2025-02,Vanilla Ice-cream,865.45,383291.2,0.23
2025-02,Vanilla Ice-cream 4ltr,652.8,383291.2,0.17
2025-02,Veeba Eggless Mayonise Chef 1KG,3300.0,383291.2,0.86
2025-02,Veeba Gouda Flavoured Dressing,2940.0,383291.2,0.77
2025-02,Veeba Ketchup Sachet,1360.0,383291.2,0.35
2025-02,Veeba T. Ketchup 1.2KG,-525.0,383291.2,-0.14
2025-02,Veeba Tandoori Spread-1kg,232.0,383291.2,0.06
2025-02,Veeba ThousandIsland Dressing 1KG,938.0,383291.2,0.24
2025-02,Veg burger pattis,640.0,383291.2,0.17
2025-02,Veg burger pattis,-469.5,383291.2,-0.12
2025-02,Wooden Spoon,-65.0,383291.2,-0.02
2025-02,Zippy  B.Fast Sausage ,423.0,383291.2,0.11
2025-02,Zippy  B.Fast Sausage ,-206.81,383291.2,-0.05
2025-02,Zippy Chicken Salami,401.71999999999997,383291.2,0.1
2025-02,atta,162.0,383291.2,0.04
2025-02,bbq mix,-604.5,383291.2,-0.16
2025-02,bio cover,-540.0,383291.2,-0.14
2025-02,bio covers,640.0,383291.2,0.17
2025-02,bio cup,250.0,383291.2,0.07
2025-02,black olive slice Habit,1552.32,383291.2,0.4
2025-02,bonless chicken,11930.67,383291.2,3.11
2025-02,burger bun 4,128.0,383291.2,0.03
2025-02,burger buns,32.0,383291.2,0.01
2025-02,butter,2470.0,383291.2,0.64
2025-02,butter,-2280.0,383291.2,-0.59
2025-02,canvill button mushroom,858.0,383291.2,0.22
2025-02,chicken kheema masala,780.0,383291.2,0.2
2025-02,chicken pepperoni,259.5,383291.2,0.07
2025-02,chicken popcorn,231.62,383291.2,0.06
2025-02,chilli garlic spread,510.0,383291.2,0.13
2025-02,chilly flakes 500gm,-150.0,383291.2,-0.04
2025-02,chilly flakes sachet,1003.6,383291.2,0.26
2025-02,chilly garlic spread,0.0,383291.2,0.0
2025-02,dust bin,456.0,383291.2,0.12
2025-02,dynamic cheddar block,-177.45,383291.2,-0.05
2025-02,dynamic diced mozerella,22359.28,383291.2,5.83
2025-02,egg 6,120.0,383291.2,0.03
2025-02,egg 7,-7.0,383291.2,-0.0
2025-02,eng veg,2763.0,383291.2,0.72
2025-02,fish finger,59.47000000000003,383291.2,0.02
2025-02,french fry hungritos 2.5kg,5504.799999999999,383291.2,1.44
2025-02,garlic,320.0,383291.2,0.08
2025-02,grocery,21052.96,383291.2,5.49
2025-02,habit baby corn,972.0,383291.2,0.25
2025-02,habit olive oil,1107.0,383291.2,0.29
2025-02,ice cube/80,80.0,383291.2,0.02
2025-02,masoor dal,180.0,383291.2,0.05
2025-02,mexican mix,1957.5,383291.2,0.51
2025-02,milk 28 milma,672.0,383291.2,0.18
2025-02,milk maid,0.0,383291.2,0.0
2025-02,mocktail glass,2000.0,383291.2,0.52
2025-02,nimboz,210.0,383291.2,0.05
2025-02,nuggets sumeru,375.6,383291.2,0.1
2025-02,oil,667.5,383291.2,0.17
2025-02,oil,-409.5,383291.2,-0.11
2025-02,paneer tikka powder,2250.0,383291.2,0.59
2025-02,pepsi 1 ltr,1152.8400000000001,383291.2,0.3
2025-02,pepsi 600 ml,1202.9500000000003,383291.2,0.31
2025-02,pepsi can 330ml,274.32000000000005,383291.2,0.07
2025-02,pizza sauce,0.0,383291.2,0.0
2025-02,potato wedges,278.8799999999999,383291.2,0.07
2025-02,red paprika habit,1207.44,383291.2,0.32
2025-02,slice 350ml,-350.08,383291.2,-0.09
2025-02,slice cheese,600.0,383291.2,0.16
2025-02,staff chicken,600.0,383291.2,0.16
2025-02,staff rice 26kg,-92.0,383291.2,-0.02
2025-02,straw,-120.0,383291.2,-0.03
2025-02,sugar,84.0,383291.2,0.02
2025-02,sumeru chicken pop corn,626.0,383291.2,0.16
2025-02,tomato ketchup 1.2 bottle,1075.0,383291.2,0.28
2025-02,tropicana guava 180ml,459.42,383291.2,0.12
2025-02,veeba pizza pasta sauce,4246.220000000001,383291.2,1.11
2025-02,vegetables,6245.5199999999995,383291.2,1.63
2025-02,wodden spoon,65.0,383291.2,0.02
2025-02,wooden fork,297.5,383291.2,0.08
2025-01, dry yeast 500 gm,870.0000000000002,438268.3,0.2
2025-01,7up 1 ltr,842.46,438268.3,0.19
2025-01,7up 250ml Pet,1242.5,438268.3,0.28
2025-01,7up 600ml,1547.1,438268.3,0.35
2025-01,Aqua Fina Mineral Water 1Ltr,442.56,438268.3,0.1
2025-01,Aromat Seasoning Powder,258.0,438268.3,0.06
2025-01,BASIL,-272.0,438268.3,-0.06
2025-01,BBQ Mix Masala,1860.0,438268.3,0.42
2025-01,Berry Fresh Chicku Pulp,588.0,438268.3,0.13
2025-01,Berry Fresh Tender Coconut Pulp,185.0,438268.3,0.04
2025-01,Boneless Chicken,2825.98,438268.3,0.64
2025-01,Bread Premix,240.0,438268.3,0.05
2025-01,Brownie,1155.0,438268.3,0.26
2025-01,Butter Scotch Ice-cream,154.60000000000014,438268.3,0.04
2025-01,CHILLY FLAKES SACHET 0.8GM,-98.8,438268.3,-0.02
2025-01,Catering Cap,80.0,438268.3,0.02
2025-01,Chettinad Mix,358.04999999999995,438268.3,0.08
2025-01,Chicken Kheema  Masala,-651.0,438268.3,-0.15
2025-01,Chicken burger pattis,891.0,438268.3,0.2
2025-01,Chicken burger pattis,313.0,438268.3,0.07
2025-01,Chilli Flakes,-308.0,438268.3,-0.07
2025-01,Chocolate Ice-cream,-1848.0,438268.3,-0.42
2025-01,Chocolate Ice-cream 4ltr,1632.0,438268.3,0.37
2025-01,Corn Meal - MAKKA RAVA,110.0,438268.3,0.03
2025-01,DVC BLUE OCCEAN FLV SYRUP 750ML,355.18000000000006,438268.3,0.08
2025-01,DVC Bubblegum Syrup Syrup 750 ml,101.48000000000002,438268.3,0.02
2025-01,DVC Cucumber Syrup 750 ml,53.0,438268.3,0.01
2025-01,DVC Green Apple 750 ML,253.69999999999982,438268.3,0.06
2025-01,DVC MOJITO MINT 750ML,-2080.34,438268.3,-0.47
2025-01,DVC Mango Beverage Blend Syrup 750 ml,0.0,438268.3,0.0
2025-01,DVC Mint Flavoured Syrup 750 ml,3799.25,438268.3,0.87
2025-01,DVC Mixed Berry Beverage Blend Syrup 750 ml,82.79999999999995,438268.3,0.02
2025-01,DVC PASSION FRUIT FLV SYRUP 750ML,1623.68,438268.3,0.37
2025-01,DVC Passion Fruit 750ML,-1268.5,438268.3,-0.29
2025-01,DVC Peach Garden Syrup Syrup 750 ml,415.24,438268.3,0.09
2025-01,DVC Peach GardenSyrup 750 ml,-424.0,438268.3,-0.1
2025-01,DVC Strawberry Syrup Syrup 750 ml,415.24,438268.3,0.09
2025-01,DVC Watermelon Syrup 750 ml,101.47999999999996,438268.3,0.02
2025-01,Dew 250ml Can,240.0,438268.3,0.05
2025-01,Dew 250ml Pet,402.5,438268.3,0.09
2025-01,Dew 330 ml can,-68.58,438268.3,-0.02
2025-01,Dew 600 ml,790.51,438268.3,0.18
2025-01,Dip Bowl,-34.0,438268.3,-0.01
2025-01,French Fries 6mm-Hungritos,1617.0,438268.3,0.37
2025-01,French Fries Box,-96.29999999999995,438268.3,-0.02
2025-01,Frozen Sweet Corn-Pal Fresh,1050.0,438268.3,0.24
2025-01,G.Crown Mushroom Slice 800g,4724.0,438268.3,1.08
2025-01,Garlic Bread Box,435.0,438268.3,0.1
2025-01,Gas-LPG-HPCL,16635.0,438268.3,3.8
2025-01,Green Peas,45.0,438268.3,0.01
2025-01,HABIT JALAPENO SLICES 2.9 KG,3116.4000000000005,438268.3,0.71
2025-01,Herb Mix Masla,-637.5,438268.3,-0.15
2025-01,Honey,122.0,438268.3,0.03
2025-01,Honey mustard dressing,565.0,438268.3,0.13
2025-01,KOT Printing Rolls,-378.0,438268.3,-0.09
2025-01,Lamp Pepperoni,0.0,438268.3,0.0
2025-01,Large Pizza Box,920.6999999999998,438268.3,0.21
2025-01,Lehar Soda,905.3,438268.3,0.21
2025-01,Maida yamuna,4223.0,438268.3,0.96
2025-01,Malas Chocolate Sauce 5 ltr,1908.0,438268.3,0.44
2025-01,Mango Crush Sauce 750ml Malas,-420.08,438268.3,-0.1
2025-01,Mayonise premium,252.0,438268.3,0.06
2025-01,Medium Pizza Box,2250.0,438268.3,0.51
2025-01,Mini Burger Box,234.0,438268.3,0.05
2025-01,Moktails Glass,-304.0,438268.3,-0.07
2025-01,Mustard Oil,117.6,438268.3,0.03
2025-01,OREGANO SACHET 0.8GM,1602.5000000000002,438268.3,0.37
2025-01,Oregano Sprinkler 500g,1364.1599999999999,438268.3,0.31
2025-01,POTATO POPS,19.879999999999995,438268.3,0.0
2025-01,Paneer,290.0,438268.3,0.07
2025-01,Paneer tikka masala,206.25,438268.3,0.05
2025-01,Paper Glass,150.0,438268.3,0.03
2025-01,Paper Straw Big,-22.5,438268.3,-0.01
2025-01,Paper Straw Small,-70.0,438268.3,-0.02
2025-01,Pasta Container Black,1020.3,438268.3,0.23
2025-01,Pepsi 250ml Pet,1750.0,438268.3,0.4
2025-01,Pineapple slice-Tajir Habit-850g,771.75,438268.3,0.18
2025-01,Piri Piri Marinade 1KG,560.99,438268.3,0.13
2025-01,Pizza Premix,4608.0,438268.3,1.05
2025-01,Pizza sauce premix,-260.0,438268.3,-0.06
2025-01,Processed cheese block,0.0,438268.3,0.0
2025-01,Puramate Basil 250g Pouch,78.0,438268.3,0.02
2025-01,Puramate Pasta-Gomiti Rigate - macroni - 500g,424.3999999999999,438268.3,0.1
2025-01,Puramate Pasta-Penne Rigatte 500g,973.6999999999999,438268.3,0.22
2025-01,Puramate Pasta-Penne Rigatte 500g,544.0,438268.3,0.12
2025-01,Regular Pizza Box,3833.5,438268.3,0.87
2025-01,Richs versatie cream,2610.0099999999998,438268.3,0.6
2025-01,Salad Bowl 250ml,210.0,438268.3,0.05
2025-01,Salad Bowl 500ml,628.8,438268.3,0.14
2025-01,Salt,-28.0,438268.3,-0.01
2025-01,Schezwan sauce,364.0,438268.3,0.08
2025-01,Slice Mango 200ml pet,565.44,438268.3,0.13
2025-01,Slice Mango 600ml pet,216.54000000000002,438268.3,0.05
2025-01,Strawberry sause 750,-143.0,438268.3,-0.03
2025-01,Strawberry-Ice cream,0.0,438268.3,0.0
2025-01,Tandoori Tikka Marinade 500Grm,1150.0,438268.3,0.26
2025-01,Tandoori Tikka Marinade 500Grm,-2300.0,438268.3,-0.52
2025-01,Tandoori mix Masala,513.5,438268.3,0.12
2025-01,Tissue,36.0,438268.3,0.01
2025-01,Tripod,-675.0,438268.3,-0.15
2025-01,Vanilla Ice-cream,-865.45,438268.3,-0.2
2025-01,Vanilla Ice-cream 4ltr,3862.4,438268.3,0.88
2025-01,Veeba Eggless Mayonise Chef 1KG,2700.0,438268.3,0.62
2025-01,Veeba Gouda Flavoured Dressing,3322.0,438268.3,0.76
2025-01,Veeba Ketchup Sachet,3738.3,438268.3,0.85
2025-01,Veeba T. Ketchup 1.2KG,525.0,438268.3,0.12
2025-01,Veeba Tandoori Spread-1kg,696.0,438268.3,0.16
2025-01,Veeba ThousandIsland Dressing 1KG,750.4000000000001,438268.3,0.17
2025-01,Veg burger pattis,420.1,438268.3,0.1
2025-01,Veg burger pattis,-160.0,438268.3,-0.04
2025-01,Zippy  B.Fast Sausage ,-141.0,438268.3,-0.03
2025-01,Zippy Chicken Salami,493.9200000000001,438268.3,0.11
2025-01,bbq mix,-1488.0,438268.3,-0.34
2025-01,bio covers,-320.0,438268.3,-0.07
2025-01,bio cup,-250.0,438268.3,-0.06
2025-01,black olive slice Habit,3856.0699999999997,438268.3,0.88
2025-01,bonless chicken,13559.03,438268.3,3.09
2025-01,burger buns,160.0,438268.3,0.04
2025-01,butter,1710.0,438268.3,0.39
2025-01,butter paper,105.0,438268.3,0.02
2025-01,canvill button mushroom,858.0,438268.3,0.2
2025-01,chicken kheema masala,650.0,438268.3,0.15
2025-01,chicken pepperoni,173.0,438268.3,0.04
2025-01,chicken popcorn,60.0,438268.3,0.01
2025-01,chilli garlic spread,0.0,438268.3,0.0
2025-01,chilly flakes 500gm,150.0,438268.3,0.03
2025-01,chilly flakes sachet,513.0,438268.3,0.12
2025-01,chilly garlic spread,502.0,438268.3,0.11
2025-01,dynamic cheddar block,591.5,438268.3,0.13
2025-01,dynamic diced mozerella,28197.28,438268.3,6.43
2025-01,egg 6,60.0,438268.3,0.01
2025-01,egg 7,147.0,438268.3,0.03
2025-01,eng veg,3015.0,438268.3,0.69
2025-01,fish finger,-535.25,438268.3,-0.12
2025-01,french fry hungritos 2.5kg,4199.0,438268.3,0.96
2025-01,fruits,517.5,438268.3,0.12
2025-01,garlic,1160.0,438268.3,0.26
2025-01,grocery,29740.64,438268.3,6.79
2025-01,habit baby corn,756.0,438268.3,0.17
2025-01,habit olive oil,553.5,438268.3,0.13
2025-01,ice cube/80,160.0,438268.3,0.04
2025-01,makhni gravy,672.0,438268.3,0.15
2025-01,malas butterscotch crush,71.5,438268.3,0.02
2025-01,masoor dal,0.0,438268.3,0.0
2025-01,mexican mix,1653.0,438268.3,0.38
2025-01,milk 26,364.0,438268.3,0.08
2025-01,milk 28 milma,448.0,438268.3,0.1
2025-01,mocktail glass,800.0,438268.3,0.18
2025-01,nuggets sumeru,782.5,438268.3,0.18
2025-01,oil,667.5,438268.3,0.15
2025-01,oil,136.5,438268.3,0.03
2025-01,paneer,580.0,438268.3,0.13
2025-01,paneer tikka powder,-2250.0,438268.3,-0.51
2025-01,pepsi 1 ltr,1551.8200000000002,438268.3,0.35
2025-01,pepsi 600 ml,1752.87,438268.3,0.4
2025-01,pepsi can 330ml,205.74,438268.3,0.05
2025-01,pineapple,120.0,438268.3,0.03
2025-01,pizza sauce,-1200.0,438268.3,-0.27
2025-01,potato wedges,725.0900000000001,438268.3,0.17
2025-01,red dal,220.0,438268.3,0.05
2025-01,red paprika habit,1615.96,438268.3,0.37
2025-01,slice cheese,459.9,438268.3,0.1
2025-01,staff chicken,600.0,438268.3,0.14
2025-01,staff rice,146.0,438268.3,0.03
2025-01,staff rice 26kg,-621.0,438268.3,-0.14
2025-01,straw,120.0,438268.3,0.03
2025-01,sugar,0.0,438268.3,0.0
2025-01,sumeru chicken pop corn,-626.0,438268.3,-0.14
2025-01,tomato hibreed,640.0,438268.3,0.15
2025-01,veeba pizza pasta sauce,4246.219999999999,438268.3,0.97
2025-01,vegetables,8373.08,438268.3,1.91
2025-01,water melon,140.4,438268.3,0.03
2025-01,wodden spoon,0.0,438268.3,0.0
2025-01,wooden fork,-297.5,438268.3,-0.07
2024-12, dry yeast 500 gm,870.0,537780.95,0.16
2024-12,7up 1 ltr,1596.1000000000001,537780.95,0.3
2024-12,7up 250ml Pet,-262.5,537780.95,-0.05
2024-12,7up 600ml,2269.08,537780.95,0.42
2024-12,7up750mlpet,2337.84,537780.95,0.43
2024-12,Aqua Fina Mineral Water 1Ltr,346.96,537780.95,0.06
2024-12,Aromat Seasoning Powder,0.0,537780.95,0.0
2024-12,BBQ Mix Masala,-465.0,537780.95,-0.09
2024-12,Berry Fresh Chicku Pulp,1176.02,537780.95,0.22
2024-12,Berry Fresh Chicku Pulp,-588.0,537780.95,-0.11
2024-12,Berry Fresh Tender Coconut Pulp,1480.0,537780.95,0.28
2024-12,Berry Fresh Tender Coconut Pulp,-740.0,537780.95,-0.14
2024-12,Bread Premix,312.0,537780.95,0.06
2024-12,Brownie,1925.0,537780.95,0.36
2024-12,Butter Scotch Ice-cream,231.89999999999986,537780.95,0.04
2024-12,Butter Scotch Sauce 750ml,71.5,537780.95,0.01
2024-12,Chettinad Mix,-716.1,537780.95,-0.13
2024-12,Chicken burger pattis,313.0,537780.95,0.06
2024-12,Chocolate Ice-cream,210.0,537780.95,0.04
2024-12,Chocolate Ice-cream 4ltr,816.0,537780.95,0.15
2024-12,Corn Meal - MAKKA RAVA,-165.0,537780.95,-0.03
2024-12,DVC BLUE OCCEAN FLV SYRUP 750ML,405.91999999999985,537780.95,0.08
2024-12,DVC Bubblegum Syrup Syrup 750 ml,50.74000000000001,537780.95,0.01
2024-12,DVC Cucumber Syrup 750 ml,-1060.0,537780.95,-0.2
2024-12,DVC Green Apple 750 ML,304.44000000000005,537780.95,0.06
2024-12,DVC MOJITO MINT 750ML,1369.98,537780.95,0.25
2024-12,DVC Mango Beverage Blend Syrup 750 ml,-764.64,537780.95,-0.14
2024-12,DVC Mint Flavoured Syrup 750 ml,-2784.45,537780.95,-0.52
2024-12,DVC Mixed Berry Beverage Blend Syrup 750 ml,82.79999999999995,537780.95,0.02
2024-12,DVC PASSION FRUIT FLV SYRUP 750ML,-608.8800000000001,537780.95,-0.11
2024-12,DVC Passion Fruit 750ML,1116.28,537780.95,0.21
2024-12,DVC Peach Garden Syrup Syrup 750 ml,24.430000000000007,537780.95,0.0
2024-12,DVC Strawberry Syrup Syrup 750 ml,170.98000000000002,537780.95,0.03
2024-12,DVC Watermelon Syrup 750 ml,253.69999999999993,537780.95,0.05
2024-12,Dew 250ml Can,-240.0,537780.95,-0.04
2024-12,Dew 250ml Pet,612.5,537780.95,0.11
2024-12,Dew 600 ml,927.9899999999998,537780.95,0.17
2024-12,Dew 750ml Pet,503.75,537780.95,0.09
2024-12,Dip Bowl,-84.0,537780.95,-0.02
2024-12,French Fries Box,1567.55,537780.95,0.29
2024-12,Frozen Sweet Corn,420.0,537780.95,0.08
2024-12,Frozen Sweet Corn-Pal Fresh,600.0,537780.95,0.11
2024-12,G.Crown Mushroom Slice 800g,3800.0,537780.95,0.71
2024-12,Garlic Bread Box,457.5,537780.95,0.09
2024-12,Gas-LPG-HPCL,17630.0,537780.95,3.28
2024-12,Green Peas,139.5,537780.95,0.03
2024-12,HABIT JALAPENO SLICES 2.9 KG,1007.2000000000003,537780.95,0.19
2024-12,Herb Mix Masla,807.5,537780.95,0.15
2024-12,Honey,-73.2,537780.95,-0.01
2024-12,Honey mustard dressing,-49.10000000000002,537780.95,-0.01
2024-12,KOT Printing Rolls,1080.0,537780.95,0.2
2024-12,Lamp Pepperoni,2371.75,537780.95,0.44
2024-12,Large Pizza Box,2643.3,537780.95,0.49
2024-12,Lehar Soda,987.6,537780.95,0.18
2024-12,Maida yamuna,7872.0,537780.95,1.46
2024-12,Malas Chocolate Sauce 5 ltr,-848.0,537780.95,-0.16
2024-12,Mango Crush Sauce 750ml Malas,1092.21,537780.95,0.2
2024-12,Mayonise premium,-84.0,537780.95,-0.02
2024-12,Medium Pizza Box,3490.0,537780.95,0.65
2024-12,Milkymist Cheese BLock 1KG,2337.5,537780.95,0.43
2024-12,Mini Burger Box,525.0,537780.95,0.1
2024-12,Mojito Menta Cubano,2537.0,537780.95,0.47
2024-12,Moktails Glass,2248.0,537780.95,0.42
2024-12,Mustard Oil,-117.6,537780.95,-0.02
2024-12,OREGANO SACHET 0.8GM,1004.2,537780.95,0.19
2024-12,Oregano Sprinkler 500g,730.8000000000002,537780.95,0.14
2024-12,POTATO POPS,39.75999999999999,537780.95,0.01
2024-12,Paneer,1015.0,537780.95,0.19
2024-12,Paneer tikka masala,112.5,537780.95,0.02
2024-12,Paper Glass,0.0,537780.95,0.0
2024-12,Pasta Container Black,984.5,537780.95,0.18
2024-12,Pepsi 250ml Pet,1995.0,537780.95,0.37
2024-12,Pineapple slice-Tajir Habit-850g,110.25,537780.95,0.02
2024-12,Piri Piri Marinade 1KG,280.49,537780.95,0.05
2024-12,Pizza Premix,4584.0,537780.95,0.85
2024-12,Pizza sauce premix,-520.0,537780.95,-0.1
2024-12,Puramate Basil 250g Pouch,-78.0,537780.95,-0.01
2024-12,Puramate Pasta-Gomiti Rigate - macroni - 500g,282.2,537780.95,0.05
2024-12,Puramate Pasta-Penne Rigatte 500g,816.0,537780.95,0.15
2024-12,Regular Pizza Box,4131.0,537780.95,0.77
2024-12,Richs versatie cream,1806.9299999999996,537780.95,0.34
2024-12,Salad Bowl 250ml,409.5,537780.95,0.08
2024-12,Salad Bowl 500ml,45.84999999999991,537780.95,0.01
2024-12,Salt,28.0,537780.95,0.01
2024-12,Schezwan sauce,0.0,537780.95,0.0
2024-12,Slice Mango 200ml pet,424.08000000000004,537780.95,0.08
2024-12,Slice Mango 600ml pet,180.44999999999993,537780.95,0.03
2024-12,Strawberry-Ice cream,125.80000000000007,537780.95,0.02
2024-12,Sumeru Nuggets Premium 1Kg,1658.9,537780.95,0.31
2024-12,Tandoori Tikka Marinade 500Grm,920.0,537780.95,0.17
2024-12,Tandoori Tikka Marinade 500Grm,-1150.0,537780.95,-0.21
2024-12,Tandoori mix Masala,592.5,537780.95,0.11
2024-12,Tissue,-54.0,537780.95,-0.01
2024-12,Tissue-Energy-Big,180.0,537780.95,0.03
2024-12,Tripod,1350.0,537780.95,0.25
2024-12,Tropicana Guava Delight,612.24,537780.95,0.11
2024-12,Vanilla Ice-cream,326.4,537780.95,0.06
2024-12,Vanilla Ice-cream 4ltr,3753.6,537780.95,0.7
2024-12,Veeba Eggless Mayonise Chef 1KG,1350.0,537780.95,0.25
2024-12,Veeba Gouda Flavoured Dressing,1002.8400000000001,537780.95,0.19
2024-12,Veeba Ketchup Sachet,2033.1999999999998,537780.95,0.38
2024-12,Veeba Pasta & Pizza Sauce 1KG,4408.32,537780.95,0.82
2024-12,Veeba T. Ketchup 1.2KG,105.0,537780.95,0.02
2024-12,Veeba Tandoori Spread-1kg,464.0,537780.95,0.09
2024-12,Veeba ThousandIsland Dressing 1KG,562.7999999999998,537780.95,0.1
2024-12,Veg burger pattis,45.02000000000001,537780.95,0.01
2024-12,Zippy  B.Fast Sausage ,846.0,537780.95,0.16
2024-12,Zippy Chicken Salami,576.24,537780.95,0.11
2024-12,atta,250.0,537780.95,0.05
2024-12,bbq mix,1953.0,537780.95,0.36
2024-12,bio covers,1416.9,537780.95,0.26
2024-12,bio cup,100.0,537780.95,0.02
2024-12,black olive slice Habit,1882.0299999999997,537780.95,0.35
2024-12,bonless chicken,18138.8,537780.95,3.37
2024-12,burger box 5*5*4,389.0,537780.95,0.07
2024-12,butter,950.0,537780.95,0.18
2024-12,chicken kheema masala,-32.5,537780.95,-0.01
2024-12,chicken masala,45.0,537780.95,0.01
2024-12,chicken pepperoni,-1384.0,537780.95,-0.26
2024-12,chicken popcorn,65.0,537780.95,0.01
2024-12,chilly flakes 500gm,-15.0,537780.95,-0.0
2024-12,chilly flakes sachet,527.25,537780.95,0.1
2024-12,chilly garlic spread,162.0,537780.95,0.03
2024-12,dynamic cheddar block,118.29999999999995,537780.95,0.02
2024-12,dynamic diced mozerella,38571.89,537780.95,7.17
2024-12,egg,70.0,537780.95,0.01
2024-12,egg 7,140.0,537780.95,0.03
2024-12,egg-6.50,130.0,537780.95,0.02
2024-12,eng veg,3070.6,537780.95,0.57
2024-12,fish finger,1070.5,537780.95,0.2
2024-12,french fry hungritos 2.5kg,5914.999999999999,537780.95,1.1
2024-12,fruits,-517.5,537780.95,-0.1
2024-12,grocery,18921.68,537780.95,3.52
2024-12,habit baby corn,432.0,537780.95,0.08
2024-12,habit olive oil,738.0,537780.95,0.14
2024-12,hybrid tomato,992.0,537780.95,0.18
2024-12,ice cube/80,-80.0,537780.95,-0.01
2024-12,maida,2796.0,537780.95,0.52
2024-12,makhni gravy,420.0,537780.95,0.08
2024-12,malas butterscotch crush,-71.5,537780.95,-0.01
2024-12,masoor dal,-180.0,537780.95,-0.03
2024-12,mexican mix,1784.5,537780.95,0.33
2024-12,milk,75.0,537780.95,0.01
2024-12,milk 26,468.0,537780.95,0.09
2024-12,milk 28 milma,280.0,537780.95,0.05
2024-12,milky mist cheese block 500gm,1058.4,537780.95,0.2
2024-12,mocktail glass,-2000.0,537780.95,-0.37
2024-12,nuggets sumeru,-156.5,537780.95,-0.03
2024-12,oil,273.0,537780.95,0.05
2024-12,paneer tikka powder,450.0,537780.95,0.08
2024-12,pepsi 1 ltr,886.72,537780.95,0.16
2024-12,pepsi 600 ml,3679.48,537780.95,0.68
2024-12,pepsi can 330ml,274.32,537780.95,0.05
2024-12,pineapple,120.01,537780.95,0.02
2024-12,potato wedges,929.6000000000001,537780.95,0.17
2024-12,red dal,240.0,537780.95,0.04
2024-12,red paprika habit,405.5,537780.95,0.08
2024-12,staff chicken,610.0,537780.95,0.11
2024-12,staff rice,766.5,537780.95,0.14
2024-12,straw,-80.0,537780.95,-0.01
2024-12,sugar,90.0,537780.95,0.02
2024-12,tomato ketchup 1.2 bottle,440.0,537780.95,0.08
2024-12,tropicana juice,24.68,537780.95,0.0
2024-12,veeba pizza pasta sauce,-1930.1000000000004,537780.95,-0.36
2024-12,vegetable n fruit,544.0,537780.95,0.1
2024-12,vegetables,15737.91,537780.95,2.93
2024-12,watermelon,120.0,537780.95,0.02
2024-12,watermelon,120.0,537780.95,0.02
2024-12,wodden spoon,-65.0,537780.95,-0.01
2024-12,wooden fork,255.0,537780.95,0.05
2024-11, dry yeast 500 gm,870.0,483662.0,0.18
2024-11,7UP 1250ml Pet,542.7,483662.0,0.11
2024-11,7up 1 ltr,44.33000000000004,483662.0,0.01
2024-11,7up 250ml Pet,2432.5,483662.0,0.5
2024-11,7up 600ml,2269.08,483662.0,0.47
2024-11,7up750mlpet,-1512.7200000000003,483662.0,-0.31
2024-11,Aqua Fina Mineral Water 1Ltr,140.0,483662.0,0.03
2024-11,Aromat Seasoning Powder,0.0,483662.0,0.0
2024-11,BASIL,272.0,483662.0,0.06
2024-11,BBQ Mix Masala,930.0,483662.0,0.19
2024-11,Berry Fresh Chicku Pulp,-56.0,483662.0,-0.01
2024-11,Berry Fresh Chicku Pulp 2kg,476.0,483662.0,0.1
2024-11,Berry Fresh Tender Coconut Pulp,0.0,483662.0,0.0
2024-11,Berry Fresh Tender Coconut Pulp 2kg,370.0,483662.0,0.08
2024-11,Bread Premix,-360.0,483662.0,-0.07
2024-11,Brownie,770.0,483662.0,0.16
2024-11,Butter Scotch Ice-cream,-541.0999999999999,483662.0,-0.11
2024-11,Butter Scotch Sauce 750ml,-71.5,483662.0,-0.01
2024-11,CHILLY FLAKES SACHET 0.8GM,520.0,483662.0,0.11
2024-11,Chettinad Mix,2018.1,483662.0,0.42
2024-11,Chicken Kheema  Masala,195.3,483662.0,0.04
2024-11,Chicken burger pattis,0.0,483662.0,0.0
2024-11,Chocolate Ice-cream,-70.0,483662.0,-0.01
2024-11,Chocolate Ice-cream 4ltr,816.0,483662.0,0.17
2024-11,Corn Meal - MAKKA RAVA,-55.0,483662.0,-0.01
2024-11,DVC BLUE OCCEAN FLV SYRUP 750ML,304.43999999999994,483662.0,0.06
2024-11,DVC Bubblegum Syrup Syrup 750 ml,0.0,483662.0,0.0
2024-11,DVC Cucumber Syrup 750 ml,0.0,483662.0,0.0
2024-11,DVC Green Apple 750 ML,253.70000000000005,483662.0,0.05
2024-11,DVC MOJITO MINT 750ML,811.8400000000001,483662.0,0.17
2024-11,DVC Mixed Berry Beverage Blend Syrup 750 ml,82.79999999999995,483662.0,0.02
2024-11,DVC Passion Fruit 750ML,-1116.28,483662.0,-0.23
2024-11,DVC Peach Garden Syrup Syrup 750 ml,-439.67,483662.0,-0.09
2024-11,DVC Peach GardenSyrup 750 ml,609.5,483662.0,0.13
2024-11,DVC Strawberry Syrup 750 ml,1014.8,483662.0,0.21
2024-11,DVC Strawberry Syrup Syrup 750 ml,-830.48,483662.0,-0.17
2024-11,DVC Watermelon Syrup 750 ml,253.7,483662.0,0.05
2024-11,Dew 250ml Pet,525.0,483662.0,0.11
2024-11,Dew 330 ml can,548.64,483662.0,0.11
2024-11,Dew 600 ml,584.29,483662.0,0.12
2024-11,Dew 750ml Pet,-503.75,483662.0,-0.1
2024-11,Dip Bowl,64.0,483662.0,0.01
2024-11,French Fries 6mm-Hungritos,517.44,483662.0,0.11
2024-11,French Fries Box,668.75,483662.0,0.14
2024-11,Frozen Sweet Corn,-420.0,483662.0,-0.09
2024-11,Frozen Sweet Corn-Pal Fresh,1680.0,483662.0,0.35
2024-11,G.Crown Mushroom Slice 800g,-600.0,483662.0,-0.12
2024-11,Garlic Bread Box,375.0,483662.0,0.08
2024-11,Gas-LPG-HPCL,14600.0,483662.0,3.02
2024-11,Green Peas,115.5,483662.0,0.02
2024-11,HABIT JALAPENO SLICES 2.9 KG,1631.6799999999998,483662.0,0.34
2024-11,Herb Mix Masla,552.5,483662.0,0.11
2024-11,Honey,122.00000000000001,483662.0,0.03
2024-11,Honey mustard dressing,-63.9,483662.0,-0.01
2024-11,KOT Printing Rolls,540.0,483662.0,0.11
2024-11,Lamp Pepperoni,-1476.75,483662.0,-0.31
2024-11,Large Pizza Box,1945.3500000000004,483662.0,0.4
2024-11,Lehar Soda,691.32,483662.0,0.14
2024-11,Maida 50 kg,4520.0,483662.0,0.93
2024-11,Maida yamuna,5720.0,483662.0,1.18
2024-11,Malas Chocolate Sauce 5 ltr,1060.0,483662.0,0.22
2024-11,Mango Crush Sauce 750ml Malas,-714.1400000000001,483662.0,-0.15
2024-11,Mayonise premium,168.0,483662.0,0.03
2024-11,Medium Pizza Box,4290.0,483662.0,0.89
2024-11,Milkymist Cheese BLock 1KG,-1237.5,483662.0,-0.26
2024-11,Mini Burger Box,765.0,483662.0,0.16
2024-11,Moktails Glass,-296.0,483662.0,-0.06
2024-11,Mustard Oil,201.6,483662.0,0.04
2024-11,OREGANO SACHET 0.8GM,966.0,483662.0,0.2
2024-11,Oregano Sprinkler 500g,1013.38,483662.0,0.21
2024-11,Palm Oil - Refined Oil,1875.0,483662.0,0.39
2024-11,Paneer,435.0,483662.0,0.09
2024-11,Paneer tikka masala,300.0,483662.0,0.06
2024-11,Paper Glass,-150.0,483662.0,-0.03
2024-11,Pasta Container Black,1261.9499999999998,483662.0,0.26
2024-11,Pepsi 1250ml Pet,904.5,483662.0,0.19
2024-11,Pepsi 250ml Pet,1837.5,483662.0,0.38
2024-11,Pineapple slice-Tajir Habit-850g,110.25,483662.0,0.02
2024-11,Piri Piri Marinade 1KG,163.62,483662.0,0.03
2024-11,Pizza Premix,4800.0,483662.0,0.99
2024-11,Pizza sauce premix,2015.0,483662.0,0.42
2024-11,Processed cheese block,1650.0,483662.0,0.34
2024-11,Processed cheese block,1058.4,483662.0,0.22
2024-11,Puramate Pasta-Gomiti Rigate - macroni - 500g,183.6,483662.0,0.04
2024-11,Puramate Pasta-Penne Rigatte 500g,612.0,483662.0,0.13
2024-11,Regular Pizza Box,3833.5,483662.0,0.79
2024-11,Richs versatie cream,1204.6199999999997,483662.0,0.25
2024-11,Salad Bowl 250ml,483.0,483662.0,0.1
2024-11,Salad Bowl 500ml,189.95000000000005,483662.0,0.04
2024-11,Salt,14.0,483662.0,0.0
2024-11,Schezwan sauce,364.0,483662.0,0.08
2024-11,Slice Mango 200ml pet,229.70999999999998,483662.0,0.05
2024-11,Slice Mango 600ml pet,902.25,483662.0,0.19
2024-11,Strawberry-Ice cream,62.89999999999998,483662.0,0.01
2024-11,Sumeru Nuggets Premium 1Kg,-406.9,483662.0,-0.08
2024-11,Tandoori Tikka Marinade 500Grm,1150.0,483662.0,0.24
2024-11,Tandoori Tikka Marinade 500Grm,-920.0,483662.0,-0.19
2024-11,Tandoori mix Masala,-1580.0,483662.0,-0.33
2024-11,Tissue,54.0,483662.0,0.01
2024-11,Tripod,0.0,483662.0,0.0
2024-11,Tropicana Guava Delight,575.92,483662.0,0.12
2024-11,Vanilla Ice-cream,-326.4,483662.0,-0.07
2024-11,Vanilla Ice-cream 4ltr,3100.8,483662.0,0.64
2024-11,Veeba Eggless Mayonise Chef 1KG,1540.0,483662.0,0.32
2024-11,Veeba Eggless Mayonise Chef 1KG,-450.0,483662.0,-0.09
2024-11,Veeba Gouda Flavoured Dressing,1086.42,483662.0,0.22
2024-11,Veeba Ketchup Sachet,1549.5500000000002,483662.0,0.32
2024-11,Veeba Pasta & Pizza Sauce 1KG,-2204.16,483662.0,-0.46
2024-11,Veeba T. Ketchup 1.2KG,315.0,483662.0,0.07
2024-11,Veeba Tandoori Spread-1kg,1736.0,483662.0,0.36
2024-11,Veeba ThousandIsland Dressing 1KG,187.60000000000002,483662.0,0.04
2024-11,Veg burger pattis,0.0,483662.0,0.0
2024-11,Zippy  B.Fast Sausage ,423.0,483662.0,0.09
2024-11,Zippy Chicken Salami,576.2399999999999,483662.0,0.12
2024-11,atta,0.0,483662.0,0.0
2024-11,bbq mix,-465.0,483662.0,-0.1
2024-11,bio cover,774.0,483662.0,0.16
2024-11,bio covers,583.1,483662.0,0.12
2024-11,bio cup,150.0,483662.0,0.03
2024-11,black olive slice Habit,1302.5600000000002,483662.0,0.27
2024-11,bonless chicken,19528.76,483662.0,4.04
2024-11,butter,3040.0,483662.0,0.63
2024-11,butter,190.0,483662.0,0.04
2024-11,chicken kheema masala,-292.5,483662.0,-0.06
2024-11,chicken masala,-45.0,483662.0,-0.01
2024-11,chicken pepperoni,3373.5,483662.0,0.7
2024-11,chicken popcorn,-125.0,483662.0,-0.03
2024-11,chilly flakes 500gm,165.0,483662.0,0.03
2024-11,chilly flakes sachet,640.25,483662.0,0.13
2024-11,chilly garlic spread,162.0,483662.0,0.03
2024-11,colby cheese 1 kg,190.34,483662.0,0.04
2024-11,dynamic cheddar block,177.45,483662.0,0.04
2024-11,dynamic diced mozerella,38276.71,483662.0,7.91
2024-11,egg 7,210.0,483662.0,0.04
2024-11,egg-6.50,325.0,483662.0,0.07
2024-11,eng veg,2734.4,483662.0,0.57
2024-11,fish finger,-59.47999999999996,483662.0,-0.01
2024-11,french fry hungritos 2.5kg,5331.2,483662.0,1.1
2024-11,garlic,780.0,483662.0,0.16
2024-11,grocery,18354.04,483662.0,3.79
2024-11,habit baby corn,490.0,483662.0,0.1
2024-11,habit baby corn,-108.0,483662.0,-0.02
2024-11,habit olive oil,553.5,483662.0,0.11
2024-11,hybrid tomato,2136.0,483662.0,0.44
2024-11,ice cube,90.0,483662.0,0.02
2024-11,ice cube/80,80.0,483662.0,0.02
2024-11,maida,-233.0,483662.0,-0.05
2024-11,makhni gravy,420.0,483662.0,0.09
2024-11,malas butterscotch crush,143.0,483662.0,0.03
2024-11,mc cain french fry,3002.1,483662.0,0.62
2024-11,mexican mix,2780.5,483662.0,0.57
2024-11,milk,-75.0,483662.0,-0.02
2024-11,milk 26,1768.0,483662.0,0.37
2024-11,nuggets sumeru,1471.1,483662.0,0.3
2024-11,oil,3625.5,483662.0,0.75
2024-11,paneer,580.0,483662.0,0.12
2024-11,pepsi 1 ltr,-443.3600000000001,483662.0,-0.09
2024-11,pepsi 600 ml,5328.900000000001,483662.0,1.1
2024-11,pepsi can 330ml,68.57999999999998,483662.0,0.01
2024-11,pineapple,309.98,483662.0,0.06
2024-11,potato wedges,223.0999999999999,483662.0,0.05
2024-11,red dal,-240.0,483662.0,-0.05
2024-11,red paprika habit,1190.98,483662.0,0.25
2024-11,staff chicken,625.99,483662.0,0.13
2024-11,staff rice,-912.5,483662.0,-0.19
2024-11,staff rice 26kg,920.0,483662.0,0.19
2024-11,straw,120.0,483662.0,0.02
2024-11,sugar,-90.0,483662.0,-0.02
2024-11,sumeru chicken pop corn,1189.4,483662.0,0.25
2024-11,tropicana juice,-24.68,483662.0,-0.01
2024-11,veeba pizza pasta sauce,4632.24,483662.0,0.96
2024-11,vegetable n fruit,661.02,483662.0,0.14
2024-11,vegetables,11995.64,483662.0,2.48
2024-11,washing powder,35.0,483662.0,0.01
2024-11,wodden spoon,585.0,483662.0,0.12
2024-11,wooden fork,-255.0,483662.0,-0.05
2024-10, dry yeast 500 gm,913.5,482997.1,0.19
2024-10,7UP 1250ml Pet,1266.3,482997.1,0.26
2024-10,7up 250ml Pet,1242.5,482997.1,0.26
2024-10,7up 600ml,2612.88,482997.1,0.54
2024-10,Aqua Fina Mineral Water 1Ltr,229.2,482997.1,0.05
2024-10,BASIL,-272.0,482997.1,-0.06
2024-10,BBQ Mix Masala,-2790.0,482997.1,-0.58
2024-10,Berry Fresh Chicku Pulp 2kg,-476.0,482997.1,-0.1
2024-10,Berry Fresh Tender Coconut Pulp,1368.0,482997.1,0.28
2024-10,Berry Fresh Tender Coconut Pulp 2kg,-370.0,482997.1,-0.08
2024-10,Bread Premix,936.0,482997.1,0.19
2024-10,Brownie,1540.0,482997.1,0.32
2024-10,Butter Scotch Ice-cream,1391.4,482997.1,0.29
2024-10,CHILLY FLAKES SACHET 0.8GM,650.0,482997.1,0.13
2024-10,Chettinad Mix,-1627.5,482997.1,-0.34
2024-10,Chicken Kheema  Masala,-195.3,482997.1,-0.04
2024-10,Chicken burger pattis,0.0,482997.1,0.0
2024-10,Chilli Flakes-Tasty Pixel-Veeba-Sachet-0.8g,264.6,482997.1,0.05
2024-10,Chocolate Ice-cream,2233.0,482997.1,0.46
2024-10,Chocolate Ice-cream,-140.0,482997.1,-0.03
2024-10,Corn Meal - MAKKA RAVA,267.0,482997.1,0.06
2024-10,Cucumber-veg,20.0,482997.1,0.0
2024-10,DVC BLUE OCCEAN FLV SYRUP 750ML,152.22000000000003,482997.1,0.03
2024-10,DVC Bubblegum Syrup Syrup 750 ml,50.74000000000001,482997.1,0.01
2024-10,DVC Cucumber Syrup 750 ml,1060.0,482997.1,0.22
2024-10,DVC Green Apple 750 ML,355.17999999999984,482997.1,0.07
2024-10,DVC MOJITO MINT 750ML,253.69999999999982,482997.1,0.05
2024-10,DVC Mixed Berry Beverage Blend Syrup 750 ml,82.80000000000018,482997.1,0.02
2024-10,DVC PASSION FRUIT FLV SYRUP 750ML,913.32,482997.1,0.19
2024-10,DVC Passion Fruit 750ML,1014.8,482997.1,0.21
2024-10,DVC Peach GardenSyrup 750 ml,-132.5,482997.1,-0.03
2024-10,DVC Strawberry Syrup 750 ml,-507.4,482997.1,-0.11
2024-10,DVC Watermelon Syrup 750 ml,0.0,482997.1,0.0
2024-10,Dew 250ml Pet,875.0,482997.1,0.18
2024-10,Dew 330 ml can,308.61,482997.1,0.06
2024-10,Dew 600 ml,1099.8400000000001,482997.1,0.23
2024-10,Dip Bowl,240.0,482997.1,0.05
2024-10,French Fries 6mm-Hungritos,-517.44,482997.1,-0.11
2024-10,French Fries Box,716.9000000000001,482997.1,0.15
2024-10,Frozen Sweet Corn-Pal Fresh,868.0,482997.1,0.18
2024-10,G.Crown Mushroom Slice 800g,3765.0,482997.1,0.78
2024-10,GO-Monterey Jack Cheese-2kg,244.0,482997.1,0.05
2024-10,Garlic Bread Box,187.5,482997.1,0.04
2024-10,Garlic-Veg,780.0,482997.1,0.16
2024-10,Gas-LPG-HPCL,16910.0,482997.1,3.5
2024-10,Grain mild breading,225.12,482997.1,0.05
2024-10,Grain spicy marinade,364.0,482997.1,0.08
2024-10,Green Peas,0.0,482997.1,0.0
2024-10,HABIT JALAPENO SLICES 2.9 KG,1022.6800000000001,482997.1,0.21
2024-10,Herb Mix Masla,552.5,482997.1,0.11
2024-10,Honey,195.2,482997.1,0.04
2024-10,Honey mustard dressing,213.0,482997.1,0.04
2024-10,KOT Printing Rolls,-918.0,482997.1,-0.19
2024-10,Lamp Pepperoni,626.5,482997.1,0.13
2024-10,Large Pizza Box,1782.0,482997.1,0.37
2024-10,Lehar Soda,576.1,482997.1,0.12
2024-10,Maida 50 kg,2260.0,482997.1,0.47
2024-10,Malas Chocolate Sauce 5 ltr,-1060.0,482997.1,-0.22
2024-10,Mango Crush Sauce 750ml Malas,882.1700000000001,482997.1,0.18
2024-10,Mayonise premium,0.0,482997.1,0.0
2024-10,Medium Pizza Box,3150.0,482997.1,0.65
2024-10,Mexican Masala,996.0,482997.1,0.21
2024-10,Mini Burger Box,510.0,482997.1,0.11
2024-10,Moktails Glass,1648.0,482997.1,0.34
2024-10,Mustard Oil,-201.6,482997.1,-0.04
2024-10,OREGANO SACHET 0.8GM,1385.2,482997.1,0.29
2024-10,Oregano Sprinkler 500g,496.94000000000005,482997.1,0.1
2024-10,Pad Lock,368.01,482997.1,0.08
2024-10,Palm Oil - Refined Oil,-287.5,482997.1,-0.06
2024-10,Paneer,1740.0,482997.1,0.36
2024-10,Paneer Tikka Butter Masala,225.0,482997.1,0.05
2024-10,Paneer tikka masala,75.0,482997.1,0.02
2024-10,Paper Glass,200.0,482997.1,0.04
2024-10,Paper Straw Big,45.0,482997.1,0.01
2024-10,Paper Straw Small,70.0,482997.1,0.01
2024-10,Pasta Container Black,590.7,482997.1,0.12
2024-10,Pepsi 1250ml Pet,904.5,482997.1,0.19
2024-10,Pepsi 250ml Pet,1995.0,482997.1,0.41
2024-10,Pineapple slice-Tajir Habit-850g,220.5,482997.1,0.05
2024-10,Pineapple-Veg,212.0,482997.1,0.04
2024-10,Piri Piri Marinade 1KG,163.63,482997.1,0.03
2024-10,Pizza Premix,4320.0,482997.1,0.89
2024-10,Pizza sauce premix,-357.5,482997.1,-0.07
2024-10,Processed cheese block,1650.0,482997.1,0.34
2024-10,Puramate Basil 250g Pouch,390.0,482997.1,0.08
2024-10,Puramate Pasta-Gomiti Rigate - macroni - 500g,163.2,482997.1,0.03
2024-10,Puramate Pasta-Penne Rigatte 500g,816.0,482997.1,0.17
2024-10,Regular Pizza Box,4097.0,482997.1,0.85
2024-10,Richs versatie cream,1604.8,482997.1,0.33
2024-10,Richs versatie cream,401.53999999999974,482997.1,0.08
2024-10,Salad Bowl 250ml,-31.5,482997.1,-0.01
2024-10,Salad Bowl 500ml,136.95000000000005,482997.1,0.03
2024-10,Salt,-42.0,482997.1,-0.01
2024-10,Schezwan sauce,182.0,482997.1,0.04
2024-10,Slice Mango 200ml pet,353.40000000000003,482997.1,0.07
2024-10,Slice Mango 600ml pet,288.7199999999999,482997.1,0.06
2024-10,Strawberry sause 750,114.4,482997.1,0.02
2024-10,Strawberry-Ice cream,629.0,482997.1,0.13
2024-10,Sumeru Nuggets Premium 1Kg,1565.0,482997.1,0.32
2024-10,Tandoori Tikka Marinade 500Grm,3450.0,482997.1,0.71
2024-10,Tandoori Tikka Marinade 500Grm,-1150.0,482997.1,-0.24
2024-10,Tandoori mix Masala,2488.5,482997.1,0.52
2024-10,Tissue,-36.0,482997.1,-0.01
2024-10,Tripod,-675.0,482997.1,-0.14
2024-10,Tropicana Guava Delight,25.040000000000077,482997.1,0.01
2024-10,Vanilla Ice-cream,707.2,482997.1,0.15
2024-10,Vanilla Ice-cream 4ltr,163.20000000000005,482997.1,0.03
2024-10,Veeba Eggless Mayonise Chef 1KG,1120.0,482997.1,0.23
2024-10,Veeba Gouda Flavoured Dressing,905.3499999999995,482997.1,0.19
2024-10,Veeba Ketchup Sachet,1519.2500000000002,482997.1,0.31
2024-10,Veeba Makhani Gravy 1KG,840.0,482997.1,0.17
2024-10,Veeba Pasta & Pizza Sauce 1KG,2571.5200000000004,482997.1,0.53
2024-10,Veeba T. Ketchup 1.2KG,525.0,482997.1,0.11
2024-10,Veeba Tandoori Spread-1kg,-1302.0,482997.1,-0.27
2024-10,Veeba ThousandIsland Dressing 1KG,187.60000000000002,482997.1,0.04
2024-10,Veg burger pattis,0.0,482997.1,0.0
2024-10,Wooden Spoon,130.0,482997.1,0.03
2024-10,Zippy  B.Fast Sausage ,347.8,482997.1,0.07
2024-10,Zippy Chicken Salami,493.9200000000001,482997.1,0.1
2024-10,bbq mix,3162.0,482997.1,0.65
2024-10,bio cover,-774.0,482997.1,-0.16
2024-10,bio covers,1080.0,482997.1,0.22
2024-10,bio cup,-150.0,482997.1,-0.03
2024-10,black olive slice Habit,1953.84,482997.1,0.4
2024-10,bonless chicken,20638.22,482997.1,4.27
2024-10,burger bun 4,128.0,482997.1,0.03
2024-10,butter,2660.0,482997.1,0.55
2024-10,butter,-3040.0,482997.1,-0.63
2024-10,capsicum,352.0,482997.1,0.07
2024-10,chicken kheema masala,975.0,482997.1,0.2
2024-10,chicken pepperoni,-1124.5,482997.1,-0.23
2024-10,chilli garlic spread,648.0,482997.1,0.13
2024-10,chilly flakes 500gm,58.5,482997.1,0.01
2024-10,chilly flakes sachet,-670.8,482997.1,-0.14
2024-10,chilly garlic spread,-486.0,482997.1,-0.1
2024-10,chocolate chips,408.0,482997.1,0.08
2024-10,colby cheese 1 kg,-190.34,482997.1,-0.04
2024-10,drinking water-20ltr,60.0,482997.1,0.01
2024-10,dynamic cheddar block,-473.2,482997.1,-0.1
2024-10,dynamic diced mozerella,34425.0,482997.1,7.13
2024-10,egg 6,240.0,482997.1,0.05
2024-10,egg-6.50,65.0,482997.1,0.01
2024-10,eng veg,3447.01,482997.1,0.71
2024-10,fish finger,118.94999999999999,482997.1,0.02
2024-10,french fry hungritos 2.5kg,7651.84,482997.1,1.58
2024-10,garlic,1410.0,482997.1,0.29
2024-10,grapes,100.0,482997.1,0.02
2024-10,grocery,22998.95,482997.1,4.76
2024-10,habit baby corn,490.0,482997.1,0.1
2024-10,habit olive oil,738.0,482997.1,0.15
2024-10,hybrid tomato,700.0,482997.1,0.14
2024-10,ice cube,-90.0,482997.1,-0.02
2024-10,ice cube/80,400.0,482997.1,0.08
2024-10,maida,1286.0,482997.1,0.27
2024-10,maida 30kg,1359.9,482997.1,0.28
2024-10,makhni gravy,-420.0,482997.1,-0.09
2024-10,malas butterscotch crush,0.0,482997.1,0.0
2024-10,mexican mix,954.5,482997.1,0.2
2024-10,milk,100.0,482997.1,0.02
2024-10,milk 26,1456.0,482997.1,0.3
2024-10,milk 28 milma,112.0,482997.1,0.02
2024-10,mint,18.0,482997.1,0.0
2024-10,nuggets sumeru,-532.1,482997.1,-0.11
2024-10,oil,1265.0,482997.1,0.26
2024-10,payar,30.0,482997.1,0.01
2024-10,pepsi 600 ml,2165.9399999999996,482997.1,0.45
2024-10,pepsi can 330ml,137.15999999999997,482997.1,0.03
2024-10,pizza sauce,600.0,482997.1,0.12
2024-10,potato wedges,706.5,482997.1,0.15
2024-10,red dal,240.0,482997.1,0.05
2024-10,red paprika habit,-79.60000000000002,482997.1,-0.02
2024-10,slice cheese,336.0,482997.1,0.07
2024-10,staff chicken,908.0,482997.1,0.19
2024-10,staff rice 26kg,756.0,482997.1,0.16
2024-10,straw,-80.0,482997.1,-0.02
2024-10,sumeru chicken pop corn,381.6,482997.1,0.08
2024-10,tandoori tikka powder,287.5,482997.1,0.06
2024-10,tomato,65.0,482997.1,0.01
2024-10,veg,2109.0,482997.1,0.44
2024-10,vegetables,9816.5,482997.1,2.03
2024-10,watermelon,120.0,482997.1,0.02
2024-10,wodden spoon,-585.0,482997.1,-0.12
2024-10,wooden fork,382.5,482997.1,0.08
2024-09, dry yeast 500 gm,-43.5,441945.6,-0.01
2024-09,7UP 1250ml Pet,1507.5000000000002,441945.6,0.34
2024-09,7up 250ml Pet,927.5,441945.6,0.21
2024-09,7up 600ml,2853.54,441945.6,0.65
2024-09,AVT Premium Tea,75.0,441945.6,0.02
2024-09,Aqua Fina Mineral Water 1Ltr,200.56,441945.6,0.05
2024-09,Aromat Seasoning Powder,68.8,441945.6,0.02
2024-09,Berry Fresh Chicku Pulp,980.0,441945.6,0.22
2024-09,Berry Fresh Chicku Pulp 2kg,1120.0,441945.6,0.25
2024-09,Berry Fresh Tender Coconut Pulp,-468.0,441945.6,-0.11
2024-09,Berry Fresh Tender Coconut Pulp 2kg,740.0,441945.6,0.17
2024-09,Bread Premix,312.0,441945.6,0.07
2024-09,Brownie,770.0,441945.6,0.17
2024-09,Butter Scotch Ice-cream,541.0999999999999,441945.6,0.12
2024-09,CHILLY FLAKES SACHET 0.8GM,650.0,441945.6,0.15
2024-09,Chettinad Mix,0.0,441945.6,0.0
2024-09,Chilli Flakes-Tasty Pixel-Veeba-Sachet-0.8g,-264.6,441945.6,-0.06
2024-09,Chocolate Ice-cream,-2233.0,441945.6,-0.51
2024-09,Chocolate Ice-cream 4ltr,3100.8,441945.6,0.7
2024-09,Corn Meal - Chola Rava,109.5,441945.6,0.02
2024-09,Corn Meal - MAKKA RAVA,-47.0,441945.6,-0.01
2024-09,DVC BLUE OCCEAN FLV SYRUP 750ML,405.9200000000001,441945.6,0.09
2024-09,DVC Bubblegum Syrup Syrup 750 ml,0.0,441945.6,0.0
2024-09,DVC Cucumber Syrup 750 ml,53.0,441945.6,0.01
2024-09,DVC Green Apple 750 ML,405.9200000000001,441945.6,0.09
2024-09,DVC MOJITO MINT 750ML,1116.2800000000002,441945.6,0.25
2024-09,DVC Mixed Berry Beverage Blend Syrup 750 ml,0.0,441945.6,0.0
2024-09,DVC PASSION FRUIT FLV SYRUP 750ML,-913.32,441945.6,-0.21
2024-09,DVC Passion Fruit 750ML,1522.2,441945.6,0.34
2024-09,DVC Peach GardenSyrup 750 ml,159.0,441945.6,0.04
2024-09,DVC Strawberry Syrup 750 ml,405.9200000000001,441945.6,0.09
2024-09,DVC Watermelon Syrup 750 ml,152.22000000000003,441945.6,0.03
2024-09,Dew 250ml Can,240.0,441945.6,0.05
2024-09,Dew 250ml Pet,910.0,441945.6,0.21
2024-09,Dew 330 ml can,-34.289999999999964,441945.6,-0.01
2024-09,Dew 600 ml,378.07,441945.6,0.09
2024-09,Dew 750ml Pet,542.5,441945.6,0.12
2024-09,Dip Bowl,20.0,441945.6,0.0
2024-09,Dried Yeast,1019.94,441945.6,0.23
2024-09,French Fries 6mm-Funwave 2.5 kg,1525.0,441945.6,0.35
2024-09,French Fries Box,486.85,441945.6,0.11
2024-09,Frozen Sweet Corn-Pal Fresh,584.0,441945.6,0.13
2024-09,G.Crown Mushroom Slice 800g,3069.0,441945.6,0.69
2024-09,GO-Monterey Jack Cheese-2kg,366.0,441945.6,0.08
2024-09,Garlic Bread Box,630.0,441945.6,0.14
2024-09,Gas-LPG-HPCL,7650.0,441945.6,1.73
2024-09,Green Peas,46.5,441945.6,0.01
2024-09,HABIT JALAPENO SLICES 2.9 KG,843.0,441945.6,0.19
2024-09,Herb Mix Masla,595.0,441945.6,0.13
2024-09,Honey,-122.0,441945.6,-0.03
2024-09,KOT Printing Rolls,-702.0,441945.6,-0.16
2024-09,Lamp Pepperoni,0.0,441945.6,0.0
2024-09,Large Pizza Box,1707.75,441945.6,0.39
2024-09,Lehar Soda,625.48,441945.6,0.14
2024-09,Malas Chocolate Sauce 5 ltr,1060.0,441945.6,0.24
2024-09,Mango Crush Sauce 750ml Malas,168.02999999999997,441945.6,0.04
2024-09,Medium Pizza Box,2500.0,441945.6,0.57
2024-09,Mexican Masala,-996.0,441945.6,-0.23
2024-09,Mini Burger Box,405.0,441945.6,0.09
2024-09,Mirinda 750ml pet,137.52,441945.6,0.03
2024-09,Moktails Glass,688.0,441945.6,0.16
2024-09,Mustard Oil,216.0,441945.6,0.05
2024-09,OREGANO SACHET 0.8GM,742.79,441945.6,0.17
2024-09,Oregano Sprinkler 500g,665.84,441945.6,0.15
2024-09,Palm Oil - Refined Oil,787.5,441945.6,0.18
2024-09,Palm Oil - Refined Oil,740.0,441945.6,0.17
2024-09,Paneer,870.0,441945.6,0.2
2024-09,Paneer Tikka Butter Masala,-225.0,441945.6,-0.05
2024-09,Paneer tikka masala,937.5,441945.6,0.21
2024-09,Paper Glass,-56.0,441945.6,-0.01
2024-09,Paper Straw Big,-45.0,441945.6,-0.01
2024-09,Paper Straw Small,-70.0,441945.6,-0.02
2024-09,Pasta Container Black,1646.8000000000002,441945.6,0.37
2024-09,Pepsi 1250ml Pet,1206.0000000000002,441945.6,0.27
2024-09,Pepsi 250ml Pet,2117.5,441945.6,0.48
2024-09,Pineapple slice-Tajir Habit-850g,110.25,441945.6,0.02
2024-09,Pineapple-Veg,330.0,441945.6,0.07
2024-09,Piri Piri Marinade 1KG,233.74,441945.6,0.05
2024-09,Pizza Premix,3840.0,441945.6,0.87
2024-09,Pizza sauce premix,520.0,441945.6,0.12
2024-09,Processed cheese block,1355.0,441945.6,0.31
2024-09,Processed cheese block,0.0,441945.6,0.0
2024-09,Puramate Basil 250g Pouch,390.0,441945.6,0.09
2024-09,Puramate Basil 250g Pouch,-390.0,441945.6,-0.09
2024-09,Puramate Pasta-Gomiti Rigate - macroni - 500g,244.8,441945.6,0.06
2024-09,Puramate Pasta-Penne Rigatte 500g,748.0,441945.6,0.17
2024-09,Regular Pizza Box,3442.5,441945.6,0.78
2024-09,Richs versatie cream,1604.8,441945.6,0.36
2024-09,Salad Bowl 250ml,288.75,441945.6,0.07
2024-09,Salad Bowl 500ml,294.0,441945.6,0.07
2024-09,Schezwan sauce,182.0,441945.6,0.04
2024-09,Slice Mango 200ml pet,0.0,441945.6,0.0
2024-09,Slice Mango 600ml pet,396.99,441945.6,0.09
2024-09,Strawberry sause 750,-114.4,441945.6,-0.03
2024-09,Strawberry-Ice cream,-566.1,441945.6,-0.13
2024-09,Tandoori Tikka Marinade 500Grm,-1840.0,441945.6,-0.42
2024-09,Tandoori mix Masala,395.0,441945.6,0.09
2024-09,Tissue,162.0,441945.6,0.04
2024-09,Tooth Pick,20.0,441945.6,0.0
2024-09,Tripod,740.0,441945.6,0.17
2024-09,Vanilla Ice-cream,-707.2,441945.6,-0.16
2024-09,Vanilla Ice-cream 4ltr,2393.6,441945.6,0.54
2024-09,Veeba Eggless Mayonise Chef 1KG,1120.0,441945.6,0.25
2024-09,Veeba Gouda Flavoured Dressing,-905.3499999999995,441945.6,-0.2
2024-09,Veeba Ketchup Sachet,3542.38,441945.6,0.8
2024-09,Veeba Pasta & Pizza Sauce 1KG,-2571.5200000000004,441945.6,-0.58
2024-09,Veeba T. Ketchup 1.2KG,315.0,441945.6,0.07
2024-09,Veeba Tandoori Spread-1kg,434.0,441945.6,0.1
2024-09,Veeba ThousandIsland Dressing 1KG,0.0,441945.6,0.0
2024-09,Wooden Spoon,0.0,441945.6,0.0
2024-09,Zippy  B.Fast Sausage ,324.96999999999997,441945.6,0.07
2024-09,Zippy Chicken Salami,329.28000000000003,441945.6,0.07
2024-09,amul diced mozzrella,3060.0,441945.6,0.69
2024-09,atta,495.0,441945.6,0.11
2024-09,bbq mix,1674.0,441945.6,0.38
2024-09,bio cover,540.0,441945.6,0.12
2024-09,bio covers,90.0,441945.6,0.02
2024-09,bio cup,100.0,441945.6,0.02
2024-09,black olive slice Habit,968.5199999999998,441945.6,0.22
2024-09,bonless chicken,13383.07,441945.6,3.03
2024-09,bottle gourd,37.0,441945.6,0.01
2024-09,butter,1710.0,441945.6,0.39
2024-09,capsicum,78.0,441945.6,0.02
2024-09,cello tape,230.0,441945.6,0.05
2024-09,chicken kheema masala,195.0,441945.6,0.04
2024-09,chicken pepperoni,432.5,441945.6,0.1
2024-09,chicken popcorn,576.0,441945.6,0.13
2024-09,chicken popcorn,50.0,441945.6,0.01
2024-09,chilli garlic spread,-648.0,441945.6,-0.15
2024-09,chilly flakes 500gm,0.0,441945.6,0.0
2024-09,chilly flakes sachet,395.71999999999997,441945.6,0.09
2024-09,chilly garlic spread,972.0,441945.6,0.22
2024-09,colby cheese 1 kg,317.24,441945.6,0.07
2024-09,dynamic cheddar block,768.95,441945.6,0.17
2024-09,dynamic diced mozerella,26350.0,441945.6,5.96
2024-09,egg 6,240.0,441945.6,0.05
2024-09,egg 7,70.0,441945.6,0.02
2024-09,egg-6.50,26.0,441945.6,0.01
2024-09,eng veg,1639.0000000000002,441945.6,0.37
2024-09,fish finger,59.47000000000003,441945.6,0.01
2024-09,french fry hungritos 2.5kg,4510.639999999999,441945.6,1.02
2024-09,fruits,345.0,441945.6,0.08
2024-09,garlic,1320.0,441945.6,0.3
2024-09,grocery,25022.940000000002,441945.6,5.66
2024-09,habit baby corn,196.0,441945.6,0.04
2024-09,habit olive oil,369.0,441945.6,0.08
2024-09,hybrid tomato,390.0,441945.6,0.09
2024-09,ice cube,180.0,441945.6,0.04
2024-09,ice cube/80,80.0,441945.6,0.02
2024-09,maida,-217.0,441945.6,-0.05
2024-09,maida prince,1325.1,441945.6,0.3
2024-09,makhni gravy,420.0,441945.6,0.1
2024-09,malas butterscotch crush,0.0,441945.6,0.0
2024-09,masoor dal,180.0,441945.6,0.04
2024-09,mexican mix,2075.0,441945.6,0.47
2024-09,milk,0.0,441945.6,0.0
2024-09,milk 26,1456.0,441945.6,0.33
2024-09,milk 28 milma,168.0,441945.6,0.04
2024-09,nuggets sumeru,1565.0,441945.6,0.35
2024-09,paper bags regular,330.0,441945.6,0.07
2024-09,pepsi 600 ml,2750.3999999999996,441945.6,0.62
2024-09,pepsi can 330ml,137.16000000000008,441945.6,0.03
2024-09,pizza sauce,600.0,441945.6,0.14
2024-09,potato wedges,557.7600000000001,441945.6,0.13
2024-09,red paprica 680gm,730.24,441945.6,0.17
2024-09,red paprika habit,-119.39999999999998,441945.6,-0.03
2024-09,slice 350 ml,590.76,441945.6,0.13
2024-09,staff chicken,600.0,441945.6,0.14
2024-09,staff rice 26kg,-480.0,441945.6,-0.11
2024-09,straw,80.0,441945.6,0.02
2024-09,sugar,90.0,441945.6,0.02
2024-09,sumeru chicken pop corn,0.0,441945.6,0.0
2024-09,tandoori tikka powder,-287.5,441945.6,-0.07
2024-09,tomato ketchup,105.0,441945.6,0.02
2024-09,veeba pizza pasta sauce,6979.46,441945.6,1.58
2024-09,veg,8637.96,441945.6,1.95
2024-09,water melon,120.0,441945.6,0.03
2024-09,watermelon,120.0,441945.6,0.03
2024-09,wodden spoon,187.23,441945.6,0.04
2024-09,wooden fork,-42.5,441945.6,-0.01
2024-08, dry yeast 500 gm,2110.0,498293.25,0.42
2024-08,7UP 1250ml Pet,1748.7000000000003,498293.25,0.35
2024-08,7UP 750ml Pet,2015.0,498293.25,0.4
2024-08,7up 250ml Can,90.0,498293.25,0.02
2024-08,7up 250ml Pet,1330.0,498293.25,0.27
2024-08,7up 600ml,-446.94,498293.25,-0.09
2024-08,Aqua Fina Mineral Water 1Ltr,266.0,498293.25,0.05
2024-08,Aromat Seasoning Powder,172.0,498293.25,0.03
2024-08,Aromat Seasoning Powder,-68.8,498293.25,-0.01
2024-08,BASIL,340.0,498293.25,0.07
2024-08,BBQ Mix Masala,930.0,498293.25,0.19
2024-08,Berry Fresh Chicku Pulp,1120.0,498293.25,0.22
2024-08,Berry Fresh Tender Coconut Pulp,1800.0,498293.25,0.36
2024-08,Bread Premix,312.0,498293.25,0.06
2024-08,Brownie,1540.0,498293.25,0.31
2024-08,Butter Scotch Ice-cream,-386.5,498293.25,-0.08
2024-08,Butter Scotch Sauce 750ml,14.3,498293.25,0.0
2024-08,Celotape-3/4inch-,92.0,498293.25,0.02
2024-08,Chicken Kheema  Masala,455.7,498293.25,0.09
2024-08,Chicken-Whole-Staff,306.99,498293.25,0.06
2024-08,Chocolate Ice-cream,770.0,498293.25,0.15
2024-08,Chocolate Ice-cream 4ltr,-652.8,498293.25,-0.13
2024-08,Corn Meal - Chola Rava,109.5,498293.25,0.02
2024-08,Corn Meal - MAKKA RAVA,32.9,498293.25,0.01
2024-08,DVC BLUE OCCEAN FLV SYRUP 750ML,558.1399999999999,498293.25,0.11
2024-08,DVC Bubblegum Syrup Syrup 750 ml,50.74000000000001,498293.25,0.01
2024-08,DVC Cucumber Syrup 750 ml,0.0,498293.25,0.0
2024-08,DVC Green Apple 750 ML,456.6600000000001,498293.25,0.09
2024-08,DVC MOJITO MINT 750ML,-507.4,498293.25,-0.1
2024-08,DVC Mint Flavoured Syrup 750 ml,1709.75,498293.25,0.34
2024-08,DVC Mixed Berry Beverage Blend Syrup 750 ml,165.5999999999999,498293.25,0.03
2024-08,DVC PASSION FRUIT FLV SYRUP 750ML,2074.8,498293.25,0.42
2024-08,DVC Passion Fruit 750ML,-1522.2,498293.25,-0.31
2024-08,DVC Peach Garden Syrup Syrup 750 ml,488.52,498293.25,0.1
2024-08,DVC Peach GardenSyrup 750 ml,-636.0,498293.25,-0.13
2024-08,DVC Strawberry Syrup 750 ml,-913.32,498293.25,-0.18
2024-08,DVC Strawberry Syrup Syrup 750 ml,1123.6,498293.25,0.23
2024-08,DVC Watermelon Syrup 750 ml,152.22000000000003,498293.25,0.03
2024-08,Dew 250ml Can,390.0,498293.25,0.08
2024-08,Dew 250ml Pet,455.0,498293.25,0.09
2024-08,Dew 750ml Pet,503.75,498293.25,0.1
2024-08,Dip Bowl,-140.0,498293.25,-0.03
2024-08,Dried Yeast,-1019.94,498293.25,-0.2
2024-08,Floor Cleaning Liquid Soad,220.0,498293.25,0.04
2024-08,French Fries Box,668.75,498293.25,0.13
2024-08,Frozen Sweet Corn,420.0,498293.25,0.08
2024-08,Frozen Sweet Corn-Pal Fresh,775.0,498293.25,0.16
2024-08,G.Crown Mushroom Slice 800g,2970.0,498293.25,0.6
2024-08,GO-Monterey Jack Cheese-2kg,-61.0,498293.25,-0.01
2024-08,Garlic Bread Box,476.85,498293.25,0.1
2024-08,Gas-LPG-HPCL,11880.0,498293.25,2.38
2024-08,Green Peas,31.0,498293.25,0.01
2024-08,HABIT JALAPENO SLICES 2.9 KG,1015.88,498293.25,0.2
2024-08,Herb Mix Masla,892.5,498293.25,0.18
2024-08,Herb Mix Masla,-170.0,498293.25,-0.03
2024-08,Honey,244.0,498293.25,0.05
2024-08,KOT Printing Rolls,2908.0,498293.25,0.58
2024-08,Lamp Pepperoni,537.0,498293.25,0.11
2024-08,Large Pizza Box,-5643.0,498293.25,-1.13
2024-08,Lehar Soda,740.6999999999999,498293.25,0.15
2024-08,Malas Chocolate Sauce 5 ltr,0.0,498293.25,0.0
2024-08,Mango Crush Sauce 750ml Malas,84.01999999999998,498293.25,0.02
2024-08,Mc Cain Potato Wedges 2.5kg,390.43,498293.25,0.08
2024-08,Medium Pizza Box,-1090.0,498293.25,-0.22
2024-08,Milkymist Cheese BLock 1KG,1100.0,498293.25,0.22
2024-08,Mini Burger Box,495.0,498293.25,0.1
2024-08,Mirinda 250ml pet,420.0,498293.25,0.08
2024-08,Mirinda 750ml pet,103.13999999999999,498293.25,0.02
2024-08,Moktails Glass,112.0,498293.25,0.02
2024-08,Mustard Oil,-48.0,498293.25,-0.01
2024-08,OREGANO SACHET 0.8GM,1129.31,498293.25,0.23
2024-08,Oregano Sprinkler 500g,698.32,498293.25,0.14
2024-08,POTATO POPS,202.67,498293.25,0.04
2024-08,Palm Oil - Refined Oil,1380.0,498293.25,0.28
2024-08,Palm Oil - Refined Oil,185.0,498293.25,0.04
2024-08,Paneer,580.0,498293.25,0.12
2024-08,Paneer tikka masala,-75.0,498293.25,-0.02
2024-08,Paper Glass,181.0,498293.25,0.04
2024-08,Paper Straw,120.0,498293.25,0.02
2024-08,Pasta Container Black,537.0,498293.25,0.11
2024-08,Pepsi 1250ml Pet,964.8,498293.25,0.19
2024-08,Pepsi 250ml Pet,1942.5,498293.25,0.39
2024-08,Pepsi 750ml Pet,1240.0,498293.25,0.25
2024-08,Pineapple slice-Tajir Habit-850g,0.0,498293.25,0.0
2024-08,Pineapple-Veg,177.99,498293.25,0.04
2024-08,Piri Piri Marinade 1KG,187.0,498293.25,0.04
2024-08,Pizza Premix,2400.0,498293.25,0.48
2024-08,Pizza Premix,1440.0,498293.25,0.29
2024-08,Pizza sauce premix,-97.5,498293.25,-0.02
2024-08,Plastic Cover 26X30,150.0,498293.25,0.03
2024-08,Processed cheese block,275.0,498293.25,0.06
2024-08,Puramate Basil 250g Pouch,-390.0,498293.25,-0.08
2024-08,Puramate Pasta-Gomiti Rigate - macroni - 500g,204.0,498293.25,0.04
2024-08,Puramate Pasta-Penne Rigatte 500g,884.0,498293.25,0.18
2024-08,Regular Pizza Box,-1411.0,498293.25,-0.28
2024-08,Richs versatie cream,2005.9999999999995,498293.25,0.4
2024-08,SALAMI,279.0,498293.25,0.06
2024-08,Salad Bowl 250ml,210.0,498293.25,0.04
2024-08,Salad Bowl 500ml,445.75,498293.25,0.09
2024-08,Schezwan sauce,182.0,498293.25,0.04
2024-08,Slice Mango 600ml pet,288.7199999999999,498293.25,0.06
2024-08,Strawberry-Ice cream,251.60000000000002,498293.25,0.05
2024-08,Tandoori Tikka Marinade 500Grm,-1610.0,498293.25,-0.32
2024-08,Tandoori mix Masala,1580.0,498293.25,0.32
2024-08,Tissue,18.0,498293.25,0.0
2024-08,Tooth Pick,-20.0,498293.25,-0.0
2024-08,Tripod,0.0,498293.25,0.0
2024-08,Tropicana Guava Delight,582.24,498293.25,0.12
2024-08,Vanilla Ice-cream 4ltr,-489.5999999999999,498293.25,-0.1
2024-08,Veeba Eggless Mayonise Chef 1KG,1260.0,498293.25,0.25
2024-08,Veeba Gouda Flavoured Dressing,3163.6400000000003,498293.25,0.63
2024-08,Veeba Ketchup Sachet,-513.56,498293.25,-0.1
2024-08,Veeba Pasta & Pizza Sauce 1KG,3306.24,498293.25,0.66
2024-08,Veeba T. Ketchup 1.2KG,525.0,498293.25,0.11
2024-08,Veeba Tandoori Spread-1kg,1085.0,498293.25,0.22
2024-08,Veeba ThousandIsland Dressing 1KG,562.8,498293.25,0.11
2024-08,Wooden Spoon,90.0,498293.25,0.02
2024-08,Zippy  B.Fast Sausage ,284.69000000000005,498293.25,0.06
2024-08,Zippy Chicken Salami,164.63999999999993,498293.25,0.03
2024-08,atta,-245.0,498293.25,-0.05
2024-08,bbq mix,46.5,498293.25,0.01
2024-08,bio cover,700.0,498293.25,0.14
2024-08,bio covers,-270.0,498293.25,-0.05
2024-08,black olive slice Habit,951.72,498293.25,0.19
2024-08,bonless chicken,15717.3,498293.25,3.15
2024-08,butter,1786.0,498293.25,0.36
2024-08,butter papper,70.0,498293.25,0.01
2024-08,capsicum,218.5,498293.25,0.04
2024-08,cello tape,-230.0,498293.25,-0.05
2024-08,chicken kheema masala,-195.0,498293.25,-0.04
2024-08,chicken pepperoni,0.0,498293.25,0.0
2024-08,chicken popcorn,633.6,498293.25,0.13
2024-08,chilly flakes 500gm,39.0,498293.25,0.01
2024-08,chilly flakes sachet,577.58,498293.25,0.12
2024-08,chilly garlic spread,0.0,498293.25,0.0
2024-08,colby cheese 1 kg,126.89999999999998,498293.25,0.03
2024-08,dynamic cheddar block,295.75,498293.25,0.06
2024-08,dynamic diced mozerella,18718.4,498293.25,3.76
2024-08,dynamix shredded cheese,12750.0,498293.25,2.56
2024-08,egg 7,210.0,498293.25,0.04
2024-08,eng veg,3093.98,498293.25,0.62
2024-08,fish finger,297.36,498293.25,0.06
2024-08,french fry hungritos 2.5kg,6967.68,498293.25,1.4
2024-08,fruits,180.0,498293.25,0.04
2024-08,garlic,1480.0,498293.25,0.3
2024-08,grocery,21409.35,498293.25,4.3
2024-08,habit baby corn,392.0,498293.25,0.08
2024-08,habit olive oil,734.3699999999999,498293.25,0.15
2024-08,ice cube/80,0.0,498293.25,0.0
2024-08,kadala brown,194.0,498293.25,0.04
2024-08,maida,868.0,498293.25,0.17
2024-08,maida 30kg,2620.2,498293.25,0.53
2024-08,makhni gravy,210.0,498293.25,0.04
2024-08,malas butterscotch crush,0.0,498293.25,0.0
2024-08,mexican mix,1494.0,498293.25,0.3
2024-08,milk,450.0,498293.25,0.09
2024-08,milk 26,676.0,498293.25,0.14
2024-08,nuggets sumeru,1169.27,498293.25,0.23
2024-08,paneer,580.0,498293.25,0.12
2024-08,paper bags large,130.0,498293.25,0.03
2024-08,paper bags medium,84.0,498293.25,0.02
2024-08,paper bags regular,330.0,498293.25,0.07
2024-08,pepsi 600 ml,2406.6,498293.25,0.48
2024-08,pepsi can 330ml,822.96,498293.25,0.17
2024-08,pizza sauce,-600.0,498293.25,-0.12
2024-08,plastic Cover-1kg,320.0,498293.25,0.06
2024-08,potato wedges,371.84000000000003,498293.25,0.07
2024-08,red paprika habit,398.0,498293.25,0.08
2024-08,slice 350 ml,-393.84000000000003,498293.25,-0.08
2024-08,slice 350ml,656.4,498293.25,0.13
2024-08,staff chicken,1200.0,498293.25,0.24
2024-08,staff rice,657.0,498293.25,0.13
2024-08,straw,-80.0,498293.25,-0.02
2024-08,tandoori tikka powder,920.0,498293.25,0.18
2024-08,tissue,198.0,498293.25,0.04
2024-08,tomato,900.0,498293.25,0.18
2024-08,tomato ketchup,-105.0,498293.25,-0.02
2024-08,veeba pizza pasta sauce,-2204.04,498293.25,-0.44
2024-08,veg,7556.1,498293.25,1.52
2024-08,wodden spoon,-187.23,498293.25,-0.04
2024-08,wooden fork,357.0,498293.25,0.07
2024-07, dry yeast 500 gm,925.0,432201.55,0.21
2024-07,7UP 1250ml Pet,1025.1,432201.55,0.24
2024-07,7UP 750ml Pet,38.75,432201.55,0.01
2024-07,7up 250ml Can,360.0,432201.55,0.08
2024-07,7up 250ml Pet,735.0,432201.55,0.17
2024-07,7up pet 750ml,1650.24,432201.55,0.38
2024-07,7up750mlpet,825.12,432201.55,0.19
2024-07,Aqua Fina Mineral Water 1Ltr,238.0,432201.55,0.06
2024-07,Aromat Seasoning Powder,-172.0,432201.55,-0.04
2024-07,BASIL,-340.0,432201.55,-0.08
2024-07,BBQ Mix Masala,1162.5,432201.55,0.27
2024-07,Berry Fresh Chicku Pulp,84.0,432201.55,0.02
2024-07,Berry Fresh Tender Coconut Pulp,-360.0,432201.55,-0.08
2024-07,Bread Premix,-312.0,432201.55,-0.07
2024-07,Brownie,0.0,432201.55,0.0
2024-07,Butter Scotch Ice-cream,231.9000000000001,432201.55,0.05
2024-07,Butter Scotch Sauce 750ml,128.7,432201.55,0.03
2024-07,Celotape-3/4inch-,-92.0,432201.55,-0.02
2024-07,Chicken Kheema  Masala,-260.4,432201.55,-0.06
2024-07,Chilli Flakes-Tasty Pixel-Veeba-Sachet-0.8g,926.1,432201.55,0.21
2024-07,Chocolate Ice-cream,-770.0,432201.55,-0.18
2024-07,Chocolate Ice-cream 4ltr,816.0,432201.55,0.19
2024-07,Corn Meal - MAKKA RAVA,-32.9,432201.55,-0.01
2024-07,DVC BLUE OCCEAN FLV SYRUP 750ML,304.44000000000005,432201.55,0.07
2024-07,DVC Bubblegum Syrup Syrup 750 ml,-507.40000000000003,432201.55,-0.12
2024-07,DVC CHocolate Sauce 2 LTR,1150.5,432201.55,0.27
2024-07,DVC Cucumber Syrup 750 ml,0.0,432201.55,0.0
2024-07,DVC Green Apple 750 ML,355.17999999999995,432201.55,0.08
2024-07,DVC Mango Beverage Blend Syrup 750 ml,1529.28,432201.55,0.35
2024-07,DVC Mint Flavoured Syrup 750 ml,244.25,432201.55,0.06
2024-07,DVC Mixed Berry Beverage Blend Syrup 750 ml,-910.8,432201.55,-0.21
2024-07,DVC PASSION FRUIT FLV SYRUP 750ML,-1060.0,432201.55,-0.25
2024-07,DVC Passion Fruit 750ML,1572.94,432201.55,0.36
2024-07,DVC Peach Garden Syrup Syrup 750 ml,-488.52,432201.55,-0.11
2024-07,DVC Peach GardenSyrup 750 ml,530.0,432201.55,0.12
2024-07,DVC Strawberry Syrup 750 ml,507.4,432201.55,0.12
2024-07,DVC Strawberry Syrup Syrup 750 ml,-732.78,432201.55,-0.17
2024-07,DVC Watermelon Syrup 750 ml,202.95999999999992,432201.55,0.05
2024-07,Dew 250ml Can,210.0,432201.55,0.05
2024-07,Dew 250ml Pet,455.0,432201.55,0.11
2024-07,Dew 750ml Pet,571.35,432201.55,0.13
2024-07,Dip Bowl,-60.0,432201.55,-0.01
2024-07,Flexi Cream Gold,200.6,432201.55,0.05
2024-07,French Fries 6mm-Hungritos,1617.0,432201.55,0.37
2024-07,French Fries Box,1203.75,432201.55,0.28
2024-07,Frozen Sweet Corn,300.0,432201.55,0.07
2024-07,Frozen Sweet Corn-Pal Fresh,390.0,432201.55,0.09
2024-07,G.Crown Mushroom Slice 800g,3168.0,432201.55,0.73
2024-07,GO-Monterey Jack Cheese-2kg,-549.0,432201.55,-0.13
2024-07,Garlic Bread Box,588.93,432201.55,0.14
2024-07,Gas-LPG-HPCL,7620.0,432201.55,1.76
2024-07,Green Peas,77.5,432201.55,0.02
2024-07,HABIT JALAPENO SLICES 2.9 KG,1003.62,432201.55,0.23
2024-07,Herb Mix Masla,637.5,432201.55,0.15
2024-07,Honey,0.0,432201.55,0.0
2024-07,KOT Printing Rolls,312.0,432201.55,0.07
2024-07,Lamp Pepperoni,-268.5,432201.55,-0.06
2024-07,Large Pizza Box,4677.75,432201.55,1.08
2024-07,Lehar Soda,1004.06,432201.55,0.23
2024-07,Malas Chocolate Sauce 5 ltr,0.0,432201.55,0.0
2024-07,Mango Crush Sauce 750ml Malas,-1512.29,432201.55,-0.35
2024-07,Mc Cain Potato Wedges 2.5kg,-390.43,432201.55,-0.09
2024-07,Medium Pizza Box,3490.0,432201.55,0.81
2024-07,Mexican Masala,4274.5,432201.55,0.99
2024-07,Mini Burger Box,300.0,432201.55,0.07
2024-07,Mirinda 250ml pet,192.5,432201.55,0.04
2024-07,Mirinda 750ml pet,137.52,432201.55,0.03
2024-07,Moktails Glass,-640.0,432201.55,-0.15
2024-07,Mustard Oil,128.0,432201.55,0.03
2024-07,OREGANO SACHET 0.8GM,977.46,432201.55,0.23
2024-07,Oregano Sprinkler 500g,876.96,432201.55,0.2
2024-07,POTATO POPS,-20.269999999999982,432201.55,-0.0
2024-07,Palm Oil - Refined Oil,-368.0,432201.55,-0.09
2024-07,Paneer,435.0,432201.55,0.1
2024-07,Paneer tikka masala,300.0,432201.55,0.07
2024-07,Paper Glass,-125.0,432201.55,-0.03
2024-07,Paper Straw,-120.0,432201.55,-0.03
2024-07,Pasta Container Black,-89.5,432201.55,-0.02
2024-07,Pepsi 1250ml Pet,1085.4,432201.55,0.25
2024-07,Pepsi 250ml Can,450.0,432201.55,0.1
2024-07,Pepsi 250ml Pet,2887.5,432201.55,0.67
2024-07,Pepsi 750ml Pet,1580.8999999999996,432201.55,0.37
2024-07,Pineapple slice-Tajir Habit-850g,110.25,432201.55,0.03
2024-07,Piri Piri Marinade 1KG,280.49,432201.55,0.06
2024-07,Pizza Premix,480.0,432201.55,0.11
2024-07,Pizza sauce premix,-422.5,432201.55,-0.1
2024-07,Processed cheese block,1100.0,432201.55,0.25
2024-07,Puramate Pasta-Gomiti Rigate - macroni - 500g,204.0,432201.55,0.05
2024-07,Puramate Pasta-Penne Rigatte 500g,680.0,432201.55,0.16
2024-07,Regular Pizza Box,884.0,432201.55,0.2
2024-07,Richs versatie cream,601.2,432201.55,0.14
2024-07,SALAMI,418.5,432201.55,0.1
2024-07,SALAMI,-279.0,432201.55,-0.06
2024-07,Salad Bowl 250ml,-26.25,432201.55,-0.01
2024-07,Salad Bowl 500ml,-331.25,432201.55,-0.08
2024-07,Savoury Wedges 2.5 KG,1115.52,432201.55,0.26
2024-07,Schezwan sauce,182.0,432201.55,0.04
2024-07,Slice Mango 600ml pet,216.54000000000008,432201.55,0.05
2024-07,Strawberry-Ice cream,0.0,432201.55,0.0
2024-07,Sumeru Nuggets Premium 1Kg,626.0,432201.55,0.14
2024-07,TDS meter,206.0,432201.55,0.05
2024-07,Tandoori Tikka Marinade 500Grm,575.0,432201.55,0.13
2024-07,Tandoori Tikka Marinade 500Grm,460.0,432201.55,0.11
2024-07,Tandoori mix Masala,-750.5,432201.55,-0.17
2024-07,Tissue,72.0,432201.55,0.02
2024-07,Tooth Pick,40.0,432201.55,0.01
2024-07,Tripod,0.0,432201.55,0.0
2024-07,Vanilla Ice-cream 4ltr,1360.0,432201.55,0.31
2024-07,Veeba Eggless Mayonise Chef 1KG,0.0,432201.55,0.0
2024-07,Veeba Gouda Flavoured Dressing,813.1199999999999,432201.55,0.19
2024-07,Veeba Ketchup Sachet,-1276.5,432201.55,-0.3
2024-07,Veeba Pasta & Pizza Sauce 1KG,-3306.24,432201.55,-0.76
2024-07,Veeba T. Ketchup 1.2KG,0.0,432201.55,0.0
2024-07,Veeba Tandoori Spread-1kg,0.0,432201.55,0.0
2024-07,Veeba ThousandIsland Dressing 1KG,375.20000000000005,432201.55,0.09
2024-07,Veeba ThousandIsland Dressing 1KG,187.99,432201.55,0.04
2024-07,Wooden Spoon,-40.0,432201.55,-0.01
2024-07,Zippy  B.Fast Sausage ,225.6,432201.55,0.05
2024-07,Zippy Chicken Salami,329.28,432201.55,0.08
2024-07,bbq mix,-232.5,432201.55,-0.05
2024-07,bio cover,180.0,432201.55,0.04
2024-07,bio covers,-180.0,432201.55,-0.04
2024-07,black olive slice Habit,1268.96,432201.55,0.29
2024-07,bonless chicken,18396.85,432201.55,4.26
2024-07,butter,1634.0,432201.55,0.38
2024-07,butter papper,-70.0,432201.55,-0.02
2024-07,capsicum,90.0,432201.55,0.02
2024-07,chicken kheema masala,-325.0,432201.55,-0.08
2024-07,chicken pepperoni,1038.0,432201.55,0.24
2024-07,chicken popcorn,-316.8,432201.55,-0.07
2024-07,chilly flakes 500gm,-19.5,432201.55,-0.0
2024-07,chilly flakes sachet,-164.15999999999997,432201.55,-0.04
2024-07,chilly garlic spread,0.0,432201.55,0.0
2024-07,colby cheese 1 kg,126.88999999999999,432201.55,0.03
2024-07,curd,90.0,432201.55,0.02
2024-07,dynamic diced mozerella,18862.1,432201.55,4.36
2024-07,dynamix shredded cheese,15300.0,432201.55,3.54
2024-07,egg,140.0,432201.55,0.03
2024-07,egg 7,595.0,432201.55,0.14
2024-07,egg-6.50,65.0,432201.55,0.02
2024-07,eng veg,1836.0,432201.55,0.42
2024-07,fish finger,-59.47000000000003,432201.55,-0.01
2024-07,french fry hungritos 2.5kg,4527.6,432201.55,1.05
2024-07,garlic,600.0,432201.55,0.14
2024-07,grocery,23273.66,432201.55,5.38
2024-07,habit baby corn,392.0,432201.55,0.09
2024-07,habit olive oil,677.88,432201.55,0.16
2024-07,hybrid tomato,1212.0,432201.55,0.28
2024-07,ice cube/70,70.0,432201.55,0.02
2024-07,maida,5805.0,432201.55,1.34
2024-07,maida 30kg,0.0,432201.55,0.0
2024-07,makhni gravy,420.0,432201.55,0.1
2024-07,mexican mix,-3984.0,432201.55,-0.92
2024-07,milk,1075.0,432201.55,0.25
2024-07,milk 26,104.0,432201.55,0.02
2024-07,nuggets sumeru,489.33000000000004,432201.55,0.11
2024-07,packing meterials,695.0,432201.55,0.16
2024-07,paneer,580.0,432201.55,0.13
2024-07,paper bags large,585.0,432201.55,0.14
2024-07,paper bags medium,-48.0,432201.55,-0.01
2024-07,paper bags regular,-374.0,432201.55,-0.09
2024-07,pepsi can 330ml,0.0,432201.55,0.0
2024-07,pizza sauce,-600.0,432201.55,-0.14
2024-07,plastic cover,300.0,432201.55,0.07
2024-07,pristene cookig cream,191.16,432201.55,0.04
2024-07,red paprika habit,199.0,432201.55,0.05
2024-07,slice 350 ml,875.1999999999999,432201.55,0.2
2024-07,staff chicken,1275.0,432201.55,0.3
2024-07,staff rice,-657.0,432201.55,-0.15
2024-07,staff rice 26kg,720.0,432201.55,0.17
2024-07,straw,160.0,432201.55,0.04
2024-07,sumeru chicken pop corn,576.0,432201.55,0.13
2024-07,tandoori tikka powder,-920.0,432201.55,-0.21
2024-07,tissue,-198.0,432201.55,-0.05
2024-07,tomato,300.0,432201.55,0.07
2024-07,tomato ketchup,420.0,432201.55,0.1
2024-07,tropicana juice,592.32,432201.55,0.14
2024-07,veeba pizza pasta sauce,6428.45,432201.55,1.49
2024-07,veg,8109.969999999999,432201.55,1.88
2024-07,wodden spoon,79.0,432201.55,0.02
2024-07,wooden fork,34.0,432201.55,0.01
2024-06, dry yeast 500 gm,1110.0,429482.64999999997,0.26
2024-06,7UP 1250ml Pet,1145.7000000000003,429482.64999999997,0.27
2024-06,7UP 750ml Pet,-1123.75,429482.64999999997,-0.26
2024-06,7up 250ml Can,150.0,429482.64999999997,0.03
2024-06,7up 250ml Pet,1312.5,429482.64999999997,0.31
2024-06,7up pet 750ml,2819.16,429482.64999999997,0.66
2024-06,7up750mlpet,825.12,429482.64999999997,0.19
2024-06,Aqua Fina Mineral Water 1Ltr,196.0,429482.64999999997,0.05
2024-06,Aromat Seasoning Powder,172.0,429482.64999999997,0.04
2024-06,BBQ Mix Masala,-1813.5,429482.64999999997,-0.42
2024-06,Baby Corn Whole-450GM-Golden Crown,980.0,429482.64999999997,0.23
2024-06,Berry Fresh Chicku Pulp,0.0,429482.64999999997,0.0
2024-06,Berry Fresh Tender Coconut Pulp,180.0,429482.64999999997,0.04
2024-06,Bread Premix,240.0,429482.64999999997,0.06
2024-06,Brownie,1925.0,429482.64999999997,0.45
2024-06,Butter Scotch Ice-cream,927.6,429482.64999999997,0.22
2024-06,Butter Scotch Sauce 750ml,-57.2,429482.64999999997,-0.01
2024-06,CHICKEN POPCORN,151.8,429482.64999999997,0.04
2024-06,Chicken Kheema  Masala,1106.7,429482.64999999997,0.26
2024-06,Chicken Nuggets-Godrej-1kg,960.0,429482.64999999997,0.22
2024-06,Chicken Sausage,282.0,429482.64999999997,0.07
2024-06,Chilli Flakes-Tasty Pixel-Veeba-Sachet-0.8g,-926.1,429482.64999999997,-0.22
2024-06,Chocolate Ice-cream 4ltr,734.4000000000001,429482.64999999997,0.17
2024-06,Corn Meal - MAKKA RAVA,70.5,429482.64999999997,0.02
2024-06,DVC BLUE OCCEAN FLV SYRUP 750ML,1571.9199999999998,429482.64999999997,0.37
2024-06,DVC Bubblegum Syrup Syrup 750 ml,558.1399999999999,429482.64999999997,0.13
2024-06,DVC CHocolate Sauce 2 LTR,-1150.5,429482.64999999997,-0.27
2024-06,DVC Cucumber Syrup 750 ml,0.0,429482.64999999997,0.0
2024-06,DVC Green Apple 750 ML,507.39999999999986,429482.64999999997,0.12
2024-06,DVC MOJITO MINT 750ML,4770.0,429482.64999999997,1.11
2024-06,DVC Mango Beverage Blend Syrup 750 ml,-1529.28,429482.64999999997,-0.36
2024-06,DVC Mint Flavoured Syrup 750 ml,-1954.0,429482.64999999997,-0.45
2024-06,DVC Mixed Berry Beverage Blend Syrup 750 ml,910.8,429482.64999999997,0.21
2024-06,DVC Passion Fruit 750ML,-50.74000000000024,429482.64999999997,-0.01
2024-06,DVC Peach Garden Syrup Syrup 750 ml,537.37,429482.64999999997,0.13
2024-06,DVC Peach GardenSyrup 750 ml,-530.0,429482.64999999997,-0.12
2024-06,DVC Strawberry Syrup Syrup 750 ml,586.22,429482.64999999997,0.14
2024-06,DVC Watermelon Syrup 750 ml,202.96000000000004,429482.64999999997,0.05
2024-06,Dew 250ml Can,330.0,429482.64999999997,0.08
2024-06,Dew 250ml Pet,682.5,429482.64999999997,0.16
2024-06,Dew 750ml Pet,859.4999999999999,429482.64999999997,0.2
2024-06,Dip Bowl,220.0,429482.64999999997,0.05
2024-06,Flexi Cream Gold,2006.0,429482.64999999997,0.47
2024-06,French Fries 6mm-Hungritos,6222.0,429482.64999999997,1.45
2024-06,French Fries Box,588.5,429482.64999999997,0.14
2024-06,Frozen Sweet Corn-Pal Fresh,175.0,429482.64999999997,0.04
2024-06,G.Crown Mushroom Slice 800g,3267.0,429482.64999999997,0.76
2024-06,GO Orange Cheddar Cheese 2kg,396.55,429482.64999999997,0.09
2024-06,Garlic Bread Box,474.6600000000001,429482.64999999997,0.11
2024-06,Garlic-Veg,520.0,429482.64999999997,0.12
2024-06,Gas-LPG-HPCL,11320.0,429482.64999999997,2.64
2024-06,Green Peas,78.6,429482.64999999997,0.02
2024-06,HABIT JALAPENO SLICES 2.9 KG,973.0,429482.64999999997,0.23
2024-06,Herb Mix Masla,850.0,429482.64999999997,0.2
2024-06,Honey,170.8,429482.64999999997,0.04
2024-06,KOT Printing Rolls,416.0,429482.64999999997,0.1
2024-06,Lamp Pepperoni,1790.0,429482.64999999997,0.42
2024-06,Large Pizza Box,1494.5500000000002,429482.64999999997,0.35
2024-06,Lehar Soda,740.7,429482.64999999997,0.17
2024-06,Mango Crush Sauce 750ml Malas,1680.32,429482.64999999997,0.39
2024-06,Mc Cain Potato Wedges 2.5kg,1700.1599999999999,429482.64999999997,0.4
2024-06,Medium Pizza Box,2826.8199999999997,429482.64999999997,0.66
2024-06,Mexican Masala,-4274.5,429482.64999999997,-1.0
2024-06,Milkymist Cheese BLock 1KG,1100.0,429482.64999999997,0.26
2024-06,Mini Burger Box,300.0,429482.64999999997,0.07
2024-06,Mirinda 250ml pet,262.5,429482.64999999997,0.06
2024-06,Mirinda 750ml pet,275.04,429482.64999999997,0.06
2024-06,Moktails Glass,640.0,429482.64999999997,0.15
2024-06,Mustard Oil,-128.0,429482.64999999997,-0.03
2024-06,Mustard-Oil,217.0,429482.64999999997,0.05
2024-06,OREGANO SACHET 0.8GM,1760.0,429482.64999999997,0.41
2024-06,OREGANO SACHET 0.8GM,-193.76,429482.64999999997,-0.05
2024-06,Oregano Sprinkler 500g,649.5999999999999,429482.64999999997,0.15
2024-06,POTATO POPS,20.269999999999982,429482.64999999997,0.0
2024-06,Palm Oil - Refined Oil,1656.0,429482.64999999997,0.39
2024-06,Paneer,1015.0,429482.64999999997,0.24
2024-06,Paneer tikka masala,360.29999999999995,429482.64999999997,0.08
2024-06,Paper Glass,0.0,429482.64999999997,0.0
2024-06,Pasta Container Black,483.29999999999995,429482.64999999997,0.11
2024-06,Pepsi 1250ml Pet,1145.7000000000003,429482.64999999997,0.27
2024-06,Pepsi 250ml Can,270.0,429482.64999999997,0.06
2024-06,Pepsi 250ml Pet,1995.0,429482.64999999997,0.46
2024-06,Pepsi 750ml Pet,2303.46,429482.64999999997,0.54
2024-06,Pineapple slice-Tajir Habit-850g,-330.75,429482.64999999997,-0.08
2024-06,Piri Piri Marinade 1KG,0.0,429482.64999999997,0.0
2024-06,Pizza Premix,6240.0,429482.64999999997,1.45
2024-06,Pizza sauce premix,487.5,429482.64999999997,0.11
2024-06,Processed cheese block,275.0,429482.64999999997,0.06
2024-06,Puramate Pasta-Gomiti Rigate - macroni - 500g,204.0,429482.64999999997,0.05
2024-06,Puramate Pasta-Penne Rigatte 500g,1020.0,429482.64999999997,0.24
2024-06,Regular Pizza Box,5525.0,429482.64999999997,1.29
2024-06,SALAMI,-418.5,429482.64999999997,-0.1
2024-06,Salad Bowl 250ml,210.0,429482.64999999997,0.05
2024-06,Salad Bowl 500ml,302.25,429482.64999999997,0.07
2024-06,Savoury Wedges 2.5 KG,-1115.52,429482.64999999997,-0.26
2024-06,Schezwan sauce,182.0,429482.64999999997,0.04
2024-06,Slice Mango 600ml pet,469.1700000000001,429482.64999999997,0.11
2024-06,Strawberry-Ice cream,-62.90000000000009,429482.64999999997,-0.01
2024-06,Tandoori Tikka Marinade 500Grm,-460.0,429482.64999999997,-0.11
2024-06,Tandoori Tikka Marinade 500Grm,-575.0,429482.64999999997,-0.13
2024-06,Tandoori mix Masala,750.5,429482.64999999997,0.17
2024-06,Tea Loose,33.0,429482.64999999997,0.01
2024-06,Tissue,198.0,429482.64999999997,0.05
2024-06,Tooth Pick,-40.0,429482.64999999997,-0.01
2024-06,Tripod,-740.0,429482.64999999997,-0.17
2024-06,Vanilla Ice-cream 4ltr,1795.1999999999998,429482.64999999997,0.42
2024-06,Veeba Eggless Mayonise Chef 1KG,2380.0,429482.64999999997,0.55
2024-06,Veeba Gouda Flavoured Dressing,1016.4000000000001,429482.64999999997,0.24
2024-06,Veeba Ketchup Sachet,4319.38,429482.64999999997,1.01
2024-06,Veeba Makhani Gravy 1KG,315.0,429482.64999999997,0.07
2024-06,Veeba Pasta & Pizza Sauce 1KG,4408.32,429482.64999999997,1.03
2024-06,Veeba T. Ketchup 1.2KG,1050.0,429482.64999999997,0.24
2024-06,Veeba Tandoori Spread-1kg,868.0,429482.64999999997,0.2
2024-06,Veeba ThousandIsland Dressing 1KG,375.98,429482.64999999997,0.09
2024-06,Wooden Spoon,135.0,429482.64999999997,0.03
2024-06,Zippy  B.Fast Sausage ,150.00000000000006,429482.64999999997,0.03
2024-06,Zippy Chicken Salami,1317.12,429482.64999999997,0.31
2024-06,atta,245.0,429482.64999999997,0.06
2024-06,bbq mix,2790.0,429482.64999999997,0.65
2024-06,bio cover,360.0,429482.64999999997,0.08
2024-06,bio plate,170.0,429482.64999999997,0.04
2024-06,black olive slice Habit,1474.48,429482.64999999997,0.34
2024-06,bonless chicken,26635.140000000003,429482.64999999997,6.2
2024-06,butter,1900.0,429482.64999999997,0.44
2024-06,butter papper,70.0,429482.64999999997,0.02
2024-06,chicken kheema masala,-325.0,429482.64999999997,-0.08
2024-06,chicken pepperoni,-1038.0,429482.64999999997,-0.24
2024-06,chicken popcorn,259.2,429482.64999999997,0.06
2024-06,chilly flakes 500gm,117.0,429482.64999999997,0.03
2024-06,chilly flakes sachet,1157.5200000000002,429482.64999999997,0.27
2024-06,chilly garlic spread,0.0,429482.64999999997,0.0
2024-06,colby cheese 1 kg,63.450000000000045,429482.64999999997,0.01
2024-06,dynamic diced mozerella,32323.2,429482.64999999997,7.53
2024-06,egg 7,210.0,429482.64999999997,0.05
2024-06,eng veg,2904.98,429482.64999999997,0.68
2024-06,fish finger,59.47000000000003,429482.64999999997,0.01
2024-06,french fry hungritos 2.5kg,560.0,429482.64999999997,0.13
2024-06,garlic,600.0,429482.64999999997,0.14
2024-06,grocery,21448.409999999996,429482.64999999997,4.99
2024-06,habit baby corn,-490.0,429482.64999999997,-0.11
2024-06,habit olive oil,847.3499999999999,429482.64999999997,0.2
2024-06,hit spray big,225.0,429482.64999999997,0.05
2024-06,hybrid tomato,1170.0,429482.64999999997,0.27
2024-06,ice cube/70,-70.0,429482.64999999997,-0.02
2024-06,ice cube/80,80.0,429482.64999999997,0.02
2024-06,maida,1482.6,429482.64999999997,0.35
2024-06,maida 30kg,1290.0,429482.64999999997,0.3
2024-06,makhni gravy,0.0,429482.64999999997,0.0
2024-06,masoor dal,180.0,429482.64999999997,0.04
2024-06,mexican mix,6225.0,429482.64999999997,1.45
2024-06,milk,725.0,429482.64999999997,0.17
2024-06,milk 28 milma,112.0,429482.64999999997,0.03
2024-06,nuggets sumeru,143.91999999999996,429482.64999999997,0.03
2024-06,paper bags large,418.0,429482.64999999997,0.1
2024-06,paper bags medium,1464.0,429482.64999999997,0.34
2024-06,paper bags regular,2093.0,429482.64999999997,0.49
2024-06,plastic cover,-300.0,429482.64999999997,-0.07
2024-06,red paprika habit,597.0,429482.64999999997,0.14
2024-06,slice 350 ml,897.0799999999999,429482.64999999997,0.21
2024-06,staff chicken,925.01,429482.64999999997,0.22
2024-06,staff rice 26kg,528.0,429482.64999999997,0.12
2024-06,straw,58.5,429482.64999999997,0.01
2024-06,straw,-40.0,429482.64999999997,-0.01
2024-06,tandoori tikka powder,575.0,429482.64999999997,0.13
2024-06,tomato,740.0,429482.64999999997,0.17
2024-06,tomato hibreed,720.0,429482.64999999997,0.17
2024-06,tomato ketchup,-420.0,429482.64999999997,-0.1
2024-06,veeba pizza pasta sauce,-2020.37,429482.64999999997,-0.47
2024-06,veg,9107.99,429482.64999999997,2.12
2024-06,wodden spoon,-79.0,429482.64999999997,-0.02
2024-06,wooden fork,-51.0,429482.64999999997,-0.01
2024-05, dry yeast 500 gm,925.0,481157.89999999997,0.19
2024-05,7UP 1250ml Pet,1869.3000000000002,481157.89999999997,0.39
2024-05,7up 250ml Can,210.0,481157.89999999997,0.04
2024-05,7up 250ml Pet,1365.0,481157.89999999997,0.28
2024-05,7up pet 750ml,481.31999999999994,481157.89999999997,0.1
2024-05,7up750mlpet,2097.18,481157.89999999997,0.44
2024-05,Aqua Fina Mineral Water 1Ltr,313.5,481157.89999999997,0.07
2024-05,Aromat Seasoning Powder,86.0,481157.89999999997,0.02
2024-05,Aromat Seasoning Powder,-172.0,481157.89999999997,-0.04
2024-05,Atta Loose,61.5,481157.89999999997,0.01
2024-05,BASIL,68.0,481157.89999999997,0.01
2024-05,BBQ Mix Masala,1395.0,481157.89999999997,0.29
2024-05,Baby Corn Whole-450GM-Golden Crown,-980.0,481157.89999999997,-0.2
2024-05,Berry Fresh Chicku Pulp,-504.0,481157.89999999997,-0.1
2024-05,Berry Fresh Tender Coconut Pulp,-360.0,481157.89999999997,-0.07
2024-05,Bread Premix,480.0,481157.89999999997,0.1
2024-05,Brocoli,379.0,481157.89999999997,0.08
2024-05,Brownie,1155.0,481157.89999999997,0.24
2024-05,Butter Scotch Ice-cream,-386.5,481157.89999999997,-0.08
2024-05,Butter Scotch Sauce 750ml,0.0,481157.89999999997,0.0
2024-05,CHICKEN POPCORN,482.99999999999994,481157.89999999997,0.1
2024-05,Cash Voucher Book,330.0,481157.89999999997,0.07
2024-05,Chicken Kheema  Masala,0.0,481157.89999999997,0.0
2024-05,Chicken Nuggets-Godrej-1kg,864.0,481157.89999999997,0.18
2024-05,Chilli Flakes-Tasty Pixel-Veeba-Sachet-0.8g,661.5,481157.89999999997,0.14
2024-05,Chocolate Ice-cream 4ltr,326.4,481157.89999999997,0.07
2024-05,Cling Flim,120.0,481157.89999999997,0.02
2024-05,Corn Meal - MAKKA RAVA,164.5,481157.89999999997,0.03
2024-05,DVC BLUE OCCEAN FLV SYRUP 750ML,583.0,481157.89999999997,0.12
2024-05,DVC Bubblegum Syrup Syrup 750 ml,35.639999999999986,481157.89999999997,0.01
2024-05,DVC Cucumber Syrup 750 ml,-1060.0,481157.89999999997,-0.22
2024-05,DVC Green Apple 750 ML,614.64,481157.89999999997,0.13
2024-05,DVC MOJITO MINT 750ML,1696.0,481157.89999999997,0.35
2024-05,DVC Mango Beverage Blend Syrup 750 ml,305.86,481157.89999999997,0.06
2024-05,DVC Mixed Berry Beverage Blend Syrup 750 ml,-82.79999999999995,481157.89999999997,-0.02
2024-05,DVC Passion Fruit 750ML,1103.8200000000002,481157.89999999997,0.23
2024-05,DVC Peach Garden Syrup Syrup 750 ml,-537.37,481157.89999999997,-0.11
2024-05,DVC Peach GardenSyrup 750 ml,583.0,481157.89999999997,0.12
2024-05,DVC Strawberry Syrup 750 ml,146.56,481157.89999999997,0.03
2024-05,DVC Strawberry Syrup Syrup 750 ml,-977.04,481157.89999999997,-0.2
2024-05,DVC Watermelon Syrup 750 ml,187.84,481157.89999999997,0.04
2024-05,Dew 250ml Can,270.0,481157.89999999997,0.06
2024-05,Dew 250ml Pet,875.0,481157.89999999997,0.18
2024-05,Dew 750ml Pet,928.26,481157.89999999997,0.19
2024-05,Dip Bowl,36.0,481157.89999999997,0.01
2024-05,Flexi Cream Gold,1604.8,481157.89999999997,0.33
2024-05,French Fries 6mm-Hungritos,4648.0,481157.89999999997,0.97
2024-05,French Fries Box,-321.0,481157.89999999997,-0.07
2024-05,Frozen Sweet Corn,250.0,481157.89999999997,0.05
2024-05,Frozen Sweet Corn-Pal Fresh,1495.0,481157.89999999997,0.31
2024-05,G.Crown Mushroom Slice 800g,3564.0,481157.89999999997,0.74
2024-05,GO Orange Cheddar Cheese 2kg,-396.55,481157.89999999997,-0.08
2024-05,Garlic Bread Box,-181.44000000000005,481157.89999999997,-0.04
2024-05,Garlic-Veg,1500.0,481157.89999999997,0.31
2024-05,Gas-LPG-HPCL,14380.0,481157.89999999997,2.99
2024-05,Ginger-Veg,32.0,481157.89999999997,0.01
2024-05,Green Peas,65.5,481157.89999999997,0.01
2024-05,HABIT JALAPENO SLICES 2.9 KG,1251.0,481157.89999999997,0.26
2024-05,Hand Wash,95.0,481157.89999999997,0.02
2024-05,Herb Mix Masla,573.75,481157.89999999997,0.12
2024-05,Honey,73.19999999999999,481157.89999999997,0.02
2024-05,KOT Printing Rolls,-936.0,481157.89999999997,-0.19
2024-05,Lamp Pepperoni,-358.0,481157.89999999997,-0.07
2024-05,Large Pizza Box,-544.4499999999998,481157.89999999997,-0.11
2024-05,Lehar Soda,724.2399999999999,481157.89999999997,0.15
2024-05,Malas Chocolate Sauce 5 ltr,1060.0,481157.89999999997,0.22
2024-05,Mango Crush Sauce 750ml Malas,110.66,481157.89999999997,0.02
2024-05,Mc Cain Potato Wedges 2.5kg,-770.56,481157.89999999997,-0.16
2024-05,Medium Pizza Box,1009.1900000000003,481157.89999999997,0.21
2024-05,Mini Burger Box,720.0,481157.89999999997,0.15
2024-05,Mirinda 250ml pet,332.5,481157.89999999997,0.07
2024-05,Mirinda 750ml pet,275.03999999999996,481157.89999999997,0.06
2024-05,Moktails Glass,280.0,481157.89999999997,0.06
2024-05,Mustard-Oil,-217.0,481157.89999999997,-0.05
2024-05,OREGANO SACHET 0.8GM,1760.0,481157.89999999997,0.37
2024-05,Onion-Veg,165.0,481157.89999999997,0.03
2024-05,Oregano Sprinkler 500g,974.3999999999996,481157.89999999997,0.2
2024-05,POTATO POPS,-202.67,481157.89999999997,-0.04
2024-05,Palm Oil - Refined Oil,987.0,481157.89999999997,0.21
2024-05,Paneer,870.0,481157.89999999997,0.18
2024-05,Paneer tikka masala,115.92000000000007,481157.89999999997,0.02
2024-05,Paper Glass,330.0,481157.89999999997,0.07
2024-05,Paper Straw,120.0,481157.89999999997,0.02
2024-05,Parsely-Veg,24.0,481157.89999999997,0.0
2024-05,Pasta Container Black,1611.0,481157.89999999997,0.33
2024-05,Pepsi 1250ml Pet,964.8000000000001,481157.89999999997,0.2
2024-05,Pepsi 250ml Can,480.0,481157.89999999997,0.1
2024-05,Pepsi 250ml Pet,1802.5,481157.89999999997,0.37
2024-05,Pepsi 750ml Pet,2819.16,481157.89999999997,0.59
2024-05,Pineapple-Veg,504.0,481157.89999999997,0.1
2024-05,Piri Piri Marinade 1KG,303.87,481157.89999999997,0.06
2024-05,Pizza Premix,4200.0,481157.89999999997,0.87
2024-05,Pizza sauce premix,1137.5,481157.89999999997,0.24
2024-05,Processed cheese block,1100.0,481157.89999999997,0.23
2024-05,Puramate Basil 250g Pouch,195.0,481157.89999999997,0.04
2024-05,Puramate Pasta-Gomiti Rigate - macroni - 500g,272.0,481157.89999999997,0.06
2024-05,Puramate Pasta-Penne Rigatte 500g,748.0,481157.89999999997,0.16
2024-05,Red yellow capsicum,360.0,481157.89999999997,0.07
2024-05,Regular Pizza Box,5380.0,481157.89999999997,1.12
2024-05,Salad Bowl 250ml,262.5,481157.89999999997,0.05
2024-05,Salad Bowl 500ml,524.0,481157.89999999997,0.11
2024-05,Savoury Wedges 2.5 KG,1394.4,481157.89999999997,0.29
2024-05,Slice Mango 200ml pet,530.1,481157.89999999997,0.11
2024-05,Slice Mango 250ml pet,353.4,481157.89999999997,0.07
2024-05,Slice Mango 600ml pet,216.53999999999996,481157.89999999997,0.05
2024-05,Strawberry-Ice cream,251.60000000000014,481157.89999999997,0.05
2024-05,Tandoori Masala,150.08,481157.89999999997,0.03
2024-05,Tandoori Masala,50.0,481157.89999999997,0.01
2024-05,Tandoori Tikka Marinade 500Grm,4025.0,481157.89999999997,0.84
2024-05,Tandoori mix Masala,-1698.5,481157.89999999997,-0.35
2024-05,Tissue,288.0,481157.89999999997,0.06
2024-05,Tripod,740.0,481157.89999999997,0.15
2024-05,Vanilla Ice-cream 4ltr,924.8,481157.89999999997,0.19
2024-05,Veeba Eggless Mayonise Chef 1KG,980.0,481157.89999999997,0.2
2024-05,Veeba Gouda Flavoured Dressing,1016.4000000000005,481157.89999999997,0.21
2024-05,Veeba Ketchup Sachet,1860.25,481157.89999999997,0.39
2024-05,Veeba Makhani Gravy 1KG,735.0,481157.89999999997,0.15
2024-05,Veeba Pasta & Pizza Sauce 1KG,2204.16,481157.89999999997,0.46
2024-05,Veeba T. Ketchup 1.2KG,0.0,481157.89999999997,0.0
2024-05,Veeba Tandoori Spread-1kg,434.0,481157.89999999997,0.09
2024-05,Veeba ThousandIsland Dressing 1KG,751.97,481157.89999999997,0.16
2024-05,Veeba ThousandIsland Dressing 1KG,-563.97,481157.89999999997,-0.12
2024-05,Wooden Spoon,-135.0,481157.89999999997,-0.03
2024-05,Zippy  B.Fast Sausage ,0.0,481157.89999999997,0.0
2024-05,Zippy Chicken Salami,295.68000000000006,481157.89999999997,0.06
2024-05,ant powder,42.0,481157.89999999997,0.01
2024-05,atta,0.0,481157.89999999997,0.0
2024-05,bbq mix,-465.0,481157.89999999997,-0.1
2024-05,bio cover,216.0,481157.89999999997,0.04
2024-05,bio covers,360.0,481157.89999999997,0.07
2024-05,bio plate,1275.0,481157.89999999997,0.26
2024-05,black olive slice Habit,1205.12,481157.89999999997,0.25
2024-05,bonless chicken,23441.409999999996,481157.89999999997,4.87
2024-05,butter,2204.0,481157.89999999997,0.46
2024-05,capsicum,148.0,481157.89999999997,0.03
2024-05,chilli garlic spread,324.0,481157.89999999997,0.07
2024-05,chilly flakes sachet,253.76,481157.89999999997,0.05
2024-05,churanga,18.0,481157.89999999997,0.0
2024-05,curd local,30.0,481157.89999999997,0.01
2024-05,curd milma,70.0,481157.89999999997,0.01
2024-05,dynamic diced mozerella,36393.6,481157.89999999997,7.56
2024-05,egg 6,210.0,481157.89999999997,0.04
2024-05,egg 7,350.0,481157.89999999997,0.07
2024-05,egg-6.50,65.0,481157.89999999997,0.01
2024-05,eng veg,2428.03,481157.89999999997,0.5
2024-05,fish finger,297.36,481157.89999999997,0.06
2024-05,french fry hungritos 2.5kg,0.0,481157.89999999997,0.0
2024-05,grocery,21584.61,481157.89999999997,4.49
2024-05,habit baby corn,1470.0,481157.89999999997,0.31
2024-05,habit olive oil,564.9000000000001,481157.89999999997,0.12
2024-05,hit spray,115.0,481157.89999999997,0.02
2024-05,hit spray big,450.0,481157.89999999997,0.09
2024-05,hybrid tomato,2085.0,481157.89999999997,0.43
2024-05,ice cube/80,80.0,481157.89999999997,0.02
2024-05,lemon,70.0,481157.89999999997,0.01
2024-05,maida,1256.4,481157.89999999997,0.26
2024-05,maida 30kg,1290.0,481157.89999999997,0.27
2024-05,mexican mix,2075.0,481157.89999999997,0.43
2024-05,milk,1225.0,481157.89999999997,0.25
2024-05,milk 28 milma,364.0,481157.89999999997,0.08
2024-05,paper bags large,48.0,481157.89999999997,0.01
2024-05,paper bags medium,968.0,481157.89999999997,0.2
2024-05,paper bags regular,1400.0,481157.89999999997,0.29
2024-05,red paprika habit,199.0,481157.89999999997,0.04
2024-05,rubber band,200.0,481157.89999999997,0.04
2024-05,staff chicken,1439.99,481157.89999999997,0.3
2024-05,staff rice,1149.0,481157.89999999997,0.24
2024-05,straw,-58.5,481157.89999999997,-0.01
2024-05,tomato,60.0,481157.89999999997,0.01
2024-05,tomato hibreed,430.0,481157.89999999997,0.09
2024-05,tomato ketchup,525.0,481157.89999999997,0.11
2024-05,veeba pizza pasta sauce,1102.0199999999995,481157.89999999997,0.23
2024-05,veg,7852.92,481157.89999999997,1.63
2024-05,wodden spoon,94.8,481157.89999999997,0.02
2024-05,wooden fork,212.5,481157.89999999997,0.04
2024-04, dry yeast 500 gm,1295.0,469828.19999999995,0.28
2024-04,7UP 1250ml Pet,2018.38,469828.19999999995,0.43
2024-04,7UP 750ml Pet,1123.75,469828.19999999995,0.24
2024-04,7up 250ml Can,600.0,469828.19999999995,0.13
2024-04,7up 250ml Pet,1225.0,469828.19999999995,0.26
2024-04,7up pet 750ml,1650.24,469828.19999999995,0.35
2024-04,7up750mlpet,1203.3,469828.19999999995,0.26
2024-04,Aqua Fina Mineral Water 1Ltr,714.0,469828.19999999995,0.15
2024-04,Aromat Seasoning Powder,-86.0,469828.19999999995,-0.02
2024-04,Atta Loose,-61.5,469828.19999999995,-0.01
2024-04,BASIL,68.0,469828.19999999995,0.01
2024-04,BBQ Mix Masala,-744.0,469828.19999999995,-0.16
2024-04,Baby Corn Whole-800GM-Tajir Habit,672.0,469828.19999999995,0.14
2024-04,Berry Fresh Chicku Pulp,616.0,469828.19999999995,0.13
2024-04,Berry Fresh Tender Coconut Pulp,756.0,469828.19999999995,0.16
2024-04,Boneless Chicken,3222.54,469828.19999999995,0.69
2024-04,Bread Premix,216.0,469828.19999999995,0.05
2024-04,Brocoli,285.0,469828.19999999995,0.06
2024-04,Brownie,1540.0,469828.19999999995,0.33
2024-04,Butter Scotch Ice-cream,1159.5,469828.19999999995,0.25
2024-04,Butter Scotch Sauce 750ml,57.2,469828.19999999995,0.01
2024-04,CHICKEN POPCORN,193.2,469828.19999999995,0.04
2024-04,CHICKEN POPCORN,56.67,469828.19999999995,0.01
2024-04,Cherry,30.0,469828.19999999995,0.01
2024-04,Chicken Kheema  Masala,416.6400000000001,469828.19999999995,0.09
2024-04,Chicken Nuggets-Godrej-1kg,736.0,469828.19999999995,0.16
2024-04,Chocolate Ice-cream,945.0,469828.19999999995,0.2
2024-04,Chocolate Ice-cream 4ltr,-1060.8,469828.19999999995,-0.23
2024-04,Cling Flim,0.0,469828.19999999995,0.0
2024-04,Corn Meal - MAKKA RAVA,-141.0,469828.19999999995,-0.03
2024-04,DVC BLUE OCCEAN FLV SYRUP 750ML,742.0,469828.19999999995,0.16
2024-04,DVC Bubblegum Syrup Syrup 750 ml,97.69999999999999,469828.19999999995,0.02
2024-04,DVC CHocolate Sauce 2 LTR,1725.75,469828.19999999995,0.37
2024-04,DVC Cucumber Syrup 750 ml,1113.0,469828.19999999995,0.24
2024-04,DVC Green Apple 750 ML,795.0,469828.19999999995,0.17
2024-04,DVC MOJITO MINT 750ML,-2756.0,469828.19999999995,-0.59
2024-04,DVC Mango Beverage Blend Syrup 750 ml,535.24,469828.19999999995,0.11
2024-04,DVC Mint Flavoured Syrup 750 ml,4298.8,469828.19999999995,0.91
2024-04,DVC Mixed Berry Beverage Blend Syrup 750 ml,-662.4000000000001,469828.19999999995,-0.14
2024-04,DVC PASSION FRUIT FLV SYRUP 750ML,2756.0,469828.19999999995,0.59
2024-04,DVC Passion Fruit 750ML,-1611.22,469828.19999999995,-0.34
2024-04,DVC Peach GardenSyrup 750 ml,53.0,469828.19999999995,0.01
2024-04,DVC Strawberry Syrup 750 ml,488.52,469828.19999999995,0.1
2024-04,DVC Strawberry Syrup 750 ml,-146.56,469828.19999999995,-0.03
2024-04,DVC Strawberry Syrup Syrup 750 ml,1954.08,469828.19999999995,0.42
2024-04,DVC Watermelon Syrup 750 ml,341.95,469828.19999999995,0.07
2024-04,Dew 250ml Can,180.0,469828.19999999995,0.04
2024-04,Dew 250ml Pet,997.5,469828.19999999995,0.21
2024-04,Dew 750ml Pet,891.25,469828.19999999995,0.19
2024-04,Dip Bowl,-96.0,469828.19999999995,-0.02
2024-04,Flexi Cream Gold,2006.0000000000005,469828.19999999995,0.43
2024-04,Floor Cleaning Liquid Soad,220.0,469828.19999999995,0.05
2024-04,French Fries 6mm-Hungritos,9628.0,469828.19999999995,2.05
2024-04,French Fries Box,535.0,469828.19999999995,0.11
2024-04,Frozen Sweet Corn,-250.0,469828.19999999995,-0.05
2024-04,Frozen Sweet Corn-Pal Fresh,374.5,469828.19999999995,0.08
2024-04,G.Crown Mushroom Slice 800g,3861.0,469828.19999999995,0.82
2024-04,Garlic Bread Box,990.0,469828.19999999995,0.21
2024-04,Gas-LPG-HPCL,15430.0,469828.19999999995,3.28
2024-04,Green Chilly-Veg,40.0,469828.19999999995,0.01
2024-04,Green Peas,117.9,469828.19999999995,0.03
2024-04,HABIT JALAPENO SLICES 2.9 KG,834.0,469828.19999999995,0.18
2024-04,Herb Mix Masla,-658.75,469828.19999999995,-0.14
2024-04,Honey,0.0,469828.19999999995,0.0
2024-04,KOT Printing Rolls,1560.0,469828.19999999995,0.33
2024-04,Lamp Pepperoni,537.0,469828.19999999995,0.11
2024-04,Large Pizza Box,3519.45,469828.19999999995,0.75
2024-04,Lehar Soda,1053.4399999999998,469828.19999999995,0.22
2024-04,Maida(Porotta 50kg),6290.0,469828.19999999995,1.34
2024-04,Malas Chocolate Sauce 5 ltr,-1060.0,469828.19999999995,-0.23
2024-04,Mango Crush Sauce 750ml Malas,-110.66,469828.19999999995,-0.02
2024-04,Mc Cain Potato Wedges 2.5kg,963.2,469828.19999999995,0.21
2024-04,Medium Pizza Box,4557.99,469828.19999999995,0.97
2024-04,Mini Burger Box,180.0,469828.19999999995,0.04
2024-04,Mirinda 250ml pet,472.5,469828.19999999995,0.1
2024-04,Mirinda 750ml pet,687.6,469828.19999999995,0.15
2024-04,Moktails Glass,-480.0,469828.19999999995,-0.1
2024-04,OREGANO SACHET 0.8GM,220.0,469828.19999999995,0.05
2024-04,Oregano Sprinkler 500g,649.6,469828.19999999995,0.14
2024-04,POTATO POPS,263.47,469828.19999999995,0.06
2024-04,Palm Oil - Refined Oil,1435.0,469828.19999999995,0.31
2024-04,Paneer,1450.0,469828.19999999995,0.31
2024-04,Paneer tikka masala,270.48,469828.19999999995,0.06
2024-04,Paper Glass,-130.0,469828.19999999995,-0.03
2024-04,Paper Plates,375.0,469828.19999999995,0.08
2024-04,Paper Straw,-80.0,469828.19999999995,-0.02
2024-04,Parsely-Veg,19.0,469828.19999999995,0.0
2024-04,Pasta Container Black,447.5,469828.19999999995,0.1
2024-04,Pepsi 1250ml Pet,1528.86,469828.19999999995,0.33
2024-04,Pepsi 250ml Can,930.0,469828.19999999995,0.2
2024-04,Pepsi 250ml Pet,2537.5,469828.19999999995,0.54
2024-04,Pepsi 750ml Pet,3506.76,469828.19999999995,0.75
2024-04,Pineapple slice-Tajir Habit-850g,1102.5,469828.19999999995,0.23
2024-04,Pineapple-Veg,-504.0,469828.19999999995,-0.11
2024-04,Piri Piri Marinade 1KG,-210.37,469828.19999999995,-0.04
2024-04,Pizza Premix,3792.0,469828.19999999995,0.81
2024-04,Pizza sauce premix,0.0,469828.19999999995,0.0
2024-04,Processed cheese block,1375.0,469828.19999999995,0.29
2024-04,Puramate Pasta-Gomiti Rigate - macroni - 500g,0.0,469828.19999999995,0.0
2024-04,Puramate Pasta-Penne Rigatte 500g,884.0,469828.19999999995,0.19
2024-04,Red yellow capsicum,132.0,469828.19999999995,0.03
2024-04,Regular Pizza Box,3870.0,469828.19999999995,0.82
2024-04,Salad Bowl 250ml,84.0,469828.19999999995,0.02
2024-04,Salad Bowl 500ml,39.299999999999955,469828.19999999995,0.01
2024-04,Savoury Wedges 2.5 KG,-464.8,469828.19999999995,-0.1
2024-04,Schezwan sauce,540.0,469828.19999999995,0.11
2024-04,Slice Mango 200ml pet,530.1,469828.19999999995,0.11
2024-04,Slice Mango 250ml pet,-353.4,469828.19999999995,-0.08
2024-04,Slice Mango 600ml pet,721.8,469828.19999999995,0.15
2024-04,Strawberry-Ice cream,251.5999999999999,469828.19999999995,0.05
2024-04,Tandoori Masala,-50.0,469828.19999999995,-0.01
2024-04,Tandoori Masala,-123.82000000000001,469828.19999999995,-0.03
2024-04,Tandoori Tikka Marinade 500Grm,0.0,469828.19999999995,0.0
2024-04,Tandoori mix Masala,790.0,469828.19999999995,0.17
2024-04,Tissue,-54.0,469828.19999999995,-0.01
2024-04,Tripod,296.0,469828.19999999995,0.06
2024-04,Vanilla Ice-cream,494.55,469828.19999999995,0.11
2024-04,Vanilla Ice-cream 4ltr,544.0,469828.19999999995,0.12
2024-04,Veeba Eggless Mayonise Chef 1KG,1263.7799999999997,469828.19999999995,0.27
2024-04,Veeba Gouda Flavoured Dressing,813.1199999999999,469828.19999999995,0.17
2024-04,Veeba Ketchup Sachet,1605.0,469828.19999999995,0.34
2024-04,Veeba Makhani Gravy 1KG,210.0,469828.19999999995,0.04
2024-04,Veeba Pasta & Pizza Sauce 1KG,-2204.16,469828.19999999995,-0.47
2024-04,Veeba T. Ketchup 1.2KG,315.0,469828.19999999995,0.07
2024-04,Veeba Tandoori Spread-1kg,-217.0,469828.19999999995,-0.05
2024-04,Veeba ThousandIsland Dressing 1KG,939.95,469828.19999999995,0.2
2024-04,Veeba ThousandIsland Dressing 1KG,-751.97,469828.19999999995,-0.16
2024-04,Wooden Spoon-140mm,85.8,469828.19999999995,0.02
2024-04,Zippy  B.Fast Sausage ,638.4,469828.19999999995,0.14
2024-04,Zippy Chicken Salami,312.48,469828.19999999995,0.07
2024-04,atta,249.0,469828.19999999995,0.05
2024-04,bbq mix,1488.0,469828.19999999995,0.32
2024-04,bio cover,-216.0,469828.19999999995,-0.05
2024-04,bio covers,340.0,469828.19999999995,0.07
2024-04,bio plate,-255.0,469828.19999999995,-0.05
2024-04,black olive slice Habit,1506.3999999999996,469828.19999999995,0.32
2024-04,bonless chicken,19983.4,469828.19999999995,4.25
2024-04,butter,2356.0,469828.19999999995,0.5
2024-04,butter papper,70.0,469828.19999999995,0.01
2024-04,chilli garlic spread,162.0,469828.19999999995,0.03
2024-04,chilly flakes 500gm,29.25,469828.19999999995,0.01
2024-04,chilly flakes sachet,461.24,469828.19999999995,0.1
2024-04,dynamic diced mozerella,25538.24,469828.19999999995,5.44
2024-04,dynamix shredded cheese,10392.0,469828.19999999995,2.21
2024-04,egg 6,120.0,469828.19999999995,0.03
2024-04,egg 7,182.0,469828.19999999995,0.04
2024-04,egg-6.50,130.0,469828.19999999995,0.03
2024-04,eng veg,848.0,469828.19999999995,0.18
2024-04,eng.veg,752.0,469828.19999999995,0.16
2024-04,fish finger,237.89,469828.19999999995,0.05
2024-04,french fry hungritos 2.5kg,-560.0,469828.19999999995,-0.12
2024-04,grocery,14523.059999999998,469828.19999999995,3.09
2024-04,habit baby corn,-196.0,469828.19999999995,-0.04
2024-04,habit olive oil,0.0,469828.19999999995,0.0
2024-04,hybrid tomato,380.0,469828.19999999995,0.08
2024-04,ice cube/70,140.0,469828.19999999995,0.03
2024-04,ice cube/80,80.0,469828.19999999995,0.02
2024-04,lemon,128.0,469828.19999999995,0.03
2024-04,maida 30kg,1290.0,469828.19999999995,0.27
2024-04,mexican mix,2697.5,469828.19999999995,0.57
2024-04,milk,937.5,469828.19999999995,0.2
2024-04,milk 28 milma,112.0,469828.19999999995,0.02
2024-04,mint,20.0,469828.19999999995,0.0
2024-04,paneer,580.0,469828.19999999995,0.12
2024-04,paper bags large,324.0,469828.19999999995,0.07
2024-04,paper bags medium,198.0,469828.19999999995,0.04
2024-04,paper bags regular,-270.0,469828.19999999995,-0.06
2024-04,plastic cover,240.0,469828.19999999995,0.05
2024-04,red paprika habit,398.0,469828.19999999995,0.08
2024-04,sano pomace olive oil,738.0,469828.19999999995,0.16
2024-04,slice 350 ml,656.4,469828.19999999995,0.14
2024-04,staff chicken,340.0,469828.19999999995,0.07
2024-04,staff rice,-200.0,469828.19999999995,-0.04
2024-04,straw,78.0,469828.19999999995,0.02
2024-04,tomato hibreed,619.99,469828.19999999995,0.13
2024-04,veeba pizza pasta sauce,5142.76,469828.19999999995,1.09
2024-04,veg,8777.9,469828.19999999995,1.87
2024-04,wodden spoon,63.2,469828.19999999995,0.01
2024-04,wooden fork,127.5,469828.19999999995,0.03
2024-03, dry yeast 500 gm,740.0,331666.85,0.22
2024-03,7UP 1250ml Pet,1303.68,331666.85,0.39
2024-03,7UP 750ml Pet,-193.75,331666.85,-0.06
2024-03,7up 250ml Can,150.0,331666.85,0.05
2024-03,7up 250ml Pet,1120.0,331666.85,0.34
2024-03,7up750mlpet,2716.02,331666.85,0.82
2024-03,Aqua Fina Mineral Water 1Ltr,252.0,331666.85,0.08
2024-03,Aromat Seasoning Powder,172.0,331666.85,0.05
2024-03,BBQ Mix Masala,883.5,331666.85,0.27
2024-03,Baby Corn Whole-800GM-Tajir Habit,-672.0,331666.85,-0.2
2024-03,Berry Fresh Chicku Pulp,84.0,331666.85,0.03
2024-03,Berry Fresh Tender Coconut Pulp,144.0,331666.85,0.04
2024-03,Boneless Chicken,15161.57,331666.85,4.57
2024-03,Bread Premix,360.0,331666.85,0.11
2024-03,Brownie,770.0,331666.85,0.23
2024-03,Butter Scotch Ice-cream,1159.5,331666.85,0.35
2024-03,Butter Scotch Ice-cream,-386.5,331666.85,-0.12
2024-03,Butter Scotch Sauce 750ml,18.4,331666.85,0.01
2024-03,Butter Scotch Sauce 750ml,0.0,331666.85,0.0
2024-03,CHICKEN POPCORN,510.05,331666.85,0.15
2024-03,CHILLY FLAKES SACHET 0.8GM,1275.0,331666.85,0.38
2024-03,Cash Voucher Book,165.0,331666.85,0.05
2024-03,Chicken Kheema  Masala,-1132.7400000000002,331666.85,-0.34
2024-03,Chicken Nuggets-Godrej-1kg,736.0,331666.85,0.22
2024-03,Chicken-Whole-Staff,1224.0,331666.85,0.37
2024-03,Chocolate Ice-cream,-945.0,331666.85,-0.28
2024-03,Chocolate Ice-cream 4ltr,1586.0,331666.85,0.48
2024-03,Corn Meal - MAKKA RAVA,0.0,331666.85,0.0
2024-03,DVC BLUE OCCEAN FLV SYRUP 750ML,278.8199999999997,331666.85,0.08
2024-03,DVC Bubblegum Syrup Syrup 750 ml,0.0,331666.85,0.0
2024-03,DVC CHocolate Sauce 2 LTR,-1725.75,331666.85,-0.52
2024-03,DVC Cucumber Syrup 750 ml,-9.220000000000027,331666.85,-0.0
2024-03,DVC Green Apple 750 ML,161.25,331666.85,0.05
2024-03,DVC MOJITO MINT 750ML,6265.05,331666.85,1.89
2024-03,DVC Mango Beverage Blend Syrup 750 ml,-76.46000000000004,331666.85,-0.02
2024-03,DVC Mint Flavoured Syrup 750 ml,-4298.8,331666.85,-1.3
2024-03,DVC Mixed Berry Beverage Blend Syrup 750 ml,681.8400000000001,331666.85,0.21
2024-03,DVC PASSION FRUIT FLV SYRUP 750ML,258.0799999999999,331666.85,0.08
2024-03,DVC Peach GardenSyrup 750 ml,89.40999999999997,331666.85,0.03
2024-03,DVC Strawberry Syrup 750 ml,488.52,331666.85,0.15
2024-03,DVC Strawberry Syrup Syrup 750 ml,-1954.08,331666.85,-0.59
2024-03,DVC Watermelon Syrup 750 ml,146.54999999999995,331666.85,0.04
2024-03,Dew 250ml Can,270.0,331666.85,0.08
2024-03,Dew 250ml Pet,472.5,331666.85,0.14
2024-03,Dew 750ml Pet,891.25,331666.85,0.27
2024-03,Dip Bowl,200.0,331666.85,0.06
2024-03,Flexi Cream Gold,1156.3999999999996,331666.85,0.35
2024-03,French Fries 6mm-Funwave,4068.0,331666.85,1.23
2024-03,French Fries 6mm-Hungritos,1422.2399999999998,331666.85,0.43
2024-03,French Fries Box,535.0,331666.85,0.16
2024-03,Frozen Sweet Corn-Pal Fresh,594.0,331666.85,0.18
2024-03,Frozen Sweet Corn-Pal Fresh,-53.5,331666.85,-0.02
2024-03,G.Crown Mushroom Slice 800g,2871.0,331666.85,0.87
2024-03,GO Orange Cheddar Cheese 2kg,396.55,331666.85,0.12
2024-03,GO-Monterey Jack Cheese-2kg,610.0,331666.85,0.18
2024-03,Garlic Bread Box,375.0,331666.85,0.11
2024-03,Gas-LPG-HPCL,11900.0,331666.85,3.59
2024-03,Green Chilly-Veg,40.0,331666.85,0.01
2024-03,Green Peas,120.0,331666.85,0.04
2024-03,Green Peas,-131.0,331666.85,-0.04
2024-03,HABIT JALAPENO SLICES 2.9 KG,556.0,331666.85,0.17
2024-03,Herb Mix Masla,212.5,331666.85,0.06
2024-03,Ice cube,80.0,331666.85,0.02
2024-03,KOT Printing Rolls,0.0,331666.85,0.0
2024-03,Lamp Pepperoni,134.25,331666.85,0.04
2024-03,Large Pizza Box,2227.5,331666.85,0.67
2024-03,Lehar Soda,740.7,331666.85,0.22
2024-03,Maida(Porotta 50kg),-2110.0,331666.85,-0.64
2024-03,Malas Chocolate Sauce 5 ltr,1060.0,331666.85,0.32
2024-03,Mc Cain Potato Wedges 2.5kg,-963.2,331666.85,-0.29
2024-03,Medium Pizza Box,1786.5,331666.85,0.54
2024-03,Mexican Masala,5768.5,331666.85,1.74
2024-03,Milkymist Cheese BLock 1KG,1650.0,331666.85,0.5
2024-03,Milkymist Cheese BLock 1KG,1100.0,331666.85,0.33
2024-03,Mini Burger Box,300.0,331666.85,0.09
2024-03,Mirinda 250ml pet,402.5,331666.85,0.12
2024-03,Mirinda 750ml pet,481.31999999999994,331666.85,0.15
2024-03,Moktails Glass,200.0,331666.85,0.06
2024-03,OREGANO SACHET 0.8GM,1100.0,331666.85,0.33
2024-03,Oregano Sprinkler 500g,-227.3599999999999,331666.85,-0.07
2024-03,POTATO POPS,-60.80000000000004,331666.85,-0.02
2024-03,Palm Oil - Refined Oil,-460.0,331666.85,-0.14
2024-03,Paneer,1160.0,331666.85,0.35
2024-03,Paneer Tikka Butter Masala,562.5,331666.85,0.17
2024-03,Paneer tikka masala,-386.4000000000001,331666.85,-0.12
2024-03,Paper Glass,100.0,331666.85,0.03
2024-03,Paper Plates,55.0,331666.85,0.02
2024-03,Paper Straw,-40.0,331666.85,-0.01
2024-03,Paper Straw Small,70.0,331666.85,0.02
2024-03,Paper bags regular,1250.0,331666.85,0.38
2024-03,Pasta Container Black,1029.25,331666.85,0.31
2024-03,Pepsi 1250ml Pet,558.72,331666.85,0.17
2024-03,Pepsi 250ml Can,480.0,331666.85,0.14
2024-03,Pepsi 250ml Pet,1382.5,331666.85,0.42
2024-03,Pepsi 750ml Pet,1899.9099999999999,331666.85,0.57
2024-03,Pineapple slice-Tajir Habit-500g,220.5,331666.85,0.07
2024-03,Pineapple slice-Tajir Habit-850g,0.0,331666.85,0.0
2024-03,Piri Piri Marinade 1KG,93.5,331666.85,0.03
2024-03,Pizza Premix,3048.0,331666.85,0.92
2024-03,Pizza Premix,144.0,331666.85,0.04
2024-03,Pizza sauce premix,1690.0,331666.85,0.51
2024-03,Processed cheese block,-1650.0,331666.85,-0.5
2024-03,Puramate Basil 250g Pouch,243.75,331666.85,0.07
2024-03,Puramate Pasta-Gomiti Rigate - macroni - 500g,170.0,331666.85,0.05
2024-03,Puramate Pasta-Gomiti Rigate 500g,68.0,331666.85,0.02
2024-03,Puramate Pasta-Penne Rigatte 500g,408.0,331666.85,0.12
2024-03,Regular Pizza Box,4050.0,331666.85,1.22
2024-03,SALAMI,558.0,331666.85,0.17
2024-03,Salad Bowl 250ml,324.72,331666.85,0.1
2024-03,Salad Bowl 500ml,314.4000000000001,331666.85,0.09
2024-03,Savoury Wedges 2.5 KG,743.68,331666.85,0.22
2024-03,Schezwan sauce,0.0,331666.85,0.0
2024-03,Slice Mango 200ml pet,234.0,331666.85,0.07
2024-03,Slice Mango 600ml pet,520.83,331666.85,0.16
2024-03,Strawberry-Ice cream,1140.91,331666.85,0.34
2024-03,Strawberry-Ice cream,-1069.3,331666.85,-0.32
2024-03,Tandoori Masala,30.02,331666.85,0.01
2024-03,Tandoori Tikka Marinade 500Grm,-4025.0,331666.85,-1.21
2024-03,Tandoori mix Masala,1382.5,331666.85,0.42
2024-03,Tandoori mix Masala,1185.0,331666.85,0.36
2024-03,Tissue,36.0,331666.85,0.01
2024-03,Tripod,148.0,331666.85,0.04
2024-03,Vanilla Ice-cream,-494.55,331666.85,-0.15
2024-03,Vanilla Ice-cream 4ltr,1632.0,331666.85,0.49
2024-03,Veeba Eggless Mayonise Chef 1KG,1123.36,331666.85,0.34
2024-03,Veeba Gouda Flavoured Dressing,1219.68,331666.85,0.37
2024-03,Veeba Ketchup Sachet,-607.5,331666.85,-0.18
2024-03,Veeba Makhani Gravy 1KG,420.0,331666.85,0.13
2024-03,Veeba T. Ketchup 1.2KG,-315.0,331666.85,-0.09
2024-03,Veeba Tandoori Spread-1kg,1085.0,331666.85,0.33
2024-03,Veeba ThousandIsland Dressing 1KG,375.98,331666.85,0.11
2024-03,Wooden Fork-160mm,100.0,331666.85,0.03
2024-03,Wooden Spoon,180.0,331666.85,0.05
2024-03,Wooden Spoon-140mm,-85.8,331666.85,-0.03
2024-03,Zippy  B.Fast Sausage ,414.9599999999999,331666.85,0.13
2024-03,Zippy Chicken Salami,-312.48,331666.85,-0.09
2024-03,atta,378.0,331666.85,0.11
2024-03,bbq mix,-558.0,331666.85,-0.17
2024-03,bio covers,170.0,331666.85,0.05
2024-03,black olive slice Habit,590.24,331666.85,0.18
2024-03,butter,76.0,331666.85,0.02
2024-03,chicken kheema masala,1300.0,331666.85,0.39
2024-03,chilli garlic spread,162.0,331666.85,0.05
2024-03,chilly flakes 500gm,9.75,331666.85,0.0
2024-03,chilly flakes sachet,-601.64,331666.85,-0.18
2024-03,dynamic diced mozerella,27836.440000000002,331666.85,8.39
2024-03,egg,318.6,331666.85,0.1
2024-03,egg 40,40.02,331666.85,0.01
2024-03,egg 7,147.0,331666.85,0.04
2024-03,eng veg,1074.98,331666.85,0.32
2024-03,file folder,72.0,331666.85,0.02
2024-03,fish finger,118.94,331666.85,0.04
2024-03,french fry hungritos 2.5kg,700.0,331666.85,0.21
2024-03,grocery,15662.59,331666.85,4.72
2024-03,habit baby corn,882.0,331666.85,0.27
2024-03,habit olive oil,-218.69999999999982,331666.85,-0.07
2024-03,maida,2094.0,331666.85,0.63
2024-03,mexican mix,-1452.5,331666.85,-0.44
2024-03,milk,1162.5,331666.85,0.35
2024-03,milk 28 milma,448.0,331666.85,0.14
2024-03,mocktail glass,1600.0,331666.85,0.48
2024-03,oil,988.0,331666.85,0.3
2024-03,paper bags large,684.0,331666.85,0.21
2024-03,paper bags medium,1034.0,331666.85,0.31
2024-03,paper bags regular,960.0,331666.85,0.29
2024-03,red paprika habit,398.0,331666.85,0.12
2024-03,sticker,70.0,331666.85,0.02
2024-03,tandoori tikka powder,575.0,331666.85,0.17
2024-03,tomato,60.0,331666.85,0.02
2024-03,tomato ketchup,630.0,331666.85,0.19
2024-03,veeba pizza pasta sauce,4224.41,331666.85,1.27
2024-03,veg,7431.98,331666.85,2.24
2024-02, dry yeast 500 gm,972.5,338566.7,0.29
2024-02,7UP 1250ml Pet,1489.92,338566.7,0.44
2024-02,7UP 750ml Pet,2790.0,338566.7,0.82
2024-02,7up 250ml Can,180.0,338566.7,0.05
2024-02,7up 250ml Pet,1032.5,338566.7,0.3
2024-02,7up pet 750ml,930.0,338566.7,0.27
2024-02,7up750mlpet,-1065.7800000000002,338566.7,-0.31
2024-02,AMUL Mozzarella Diced 1Kg,15648.0,338566.7,4.62
2024-02,AVT Premium Tea,75.0,338566.7,0.02
2024-02,Aqua Fina Mineral Water 1Ltr,279.99,338566.7,0.08
2024-02,BBQ Mix Masala,511.5,338566.7,0.15
2024-02,Baby Corn Whole-450GM-Golden Crown,882.0,338566.7,0.26
2024-02,Berry Fresh Chicku Pulp,-140.0,338566.7,-0.04
2024-02,Berry Fresh Tender Coconut Pulp,-180.0,338566.7,-0.05
2024-02,Boneless Chicken,14568.29,338566.7,4.3
2024-02,Bread Premix,144.0,338566.7,0.04
2024-02,Brownie,1540.0,338566.7,0.45
2024-02,Butter Scotch Ice-cream,231.9000000000001,338566.7,0.07
2024-02,Butter Scotch Sauce 750ml,27.6,338566.7,0.01
2024-02,Butter Scotch Sauce 750ml,-18.4,338566.7,-0.01
2024-02,CHICKEN POPCORN,-283.36,338566.7,-0.08
2024-02,CHILLY FLAKES SACHET 0.8GM,85.0,338566.7,0.03
2024-02,Chicken Kheema  Masala,-169.26,338566.7,-0.05
2024-02,Chicken Nuggets-Godrej-1kg,672.0,338566.7,0.2
2024-02,Chicken-Whole-Staff,1200.0,338566.7,0.35
2024-02,Chicken-Whole-Staff 310,310.0,338566.7,0.09
2024-02,Chilly Powder 1kg-Eastern,135.3,338566.7,0.04
2024-02,Chocolate Ice-cream 4ltr,385.0,338566.7,0.11
2024-02,Coriander Powder-loose,48.0,338566.7,0.01
2024-02,DVC BLUE OCCEAN FLV SYRUP 750ML,439.66999999999985,338566.7,0.13
2024-02,DVC Bubblegum Syrup Syrup 750 ml,0.0,338566.7,0.0
2024-02,DVC Cucumber Syrup 750 ml,0.0,338566.7,0.0
2024-02,DVC Green Apple 750 ML,586.2,338566.7,0.17
2024-02,DVC MOJITO MINT 750ML,-3615.05,338566.7,-1.07
2024-02,DVC Mango Beverage Blend Syrup 750 ml,-764.64,338566.7,-0.23
2024-02,DVC Mint Flavoured Syrup 750 ml,244.25,338566.7,0.07
2024-02,DVC Mixed Berry Beverage Blend Syrup 750 ml,229.39,338566.7,0.07
2024-02,DVC PASSION FRUIT FLV SYRUP 750ML,-977.04,338566.7,-0.29
2024-02,DVC Passion Fruit 750ML,1269.45,338566.7,0.37
2024-02,DVC Peach GardenSyrup 750 ml,0.0,338566.7,0.0
2024-02,DVC Strawberry Syrup 750 ml,146.55999999999995,338566.7,0.04
2024-02,DVC Watermelon Syrup 750 ml,-293.0999999999999,338566.7,-0.09
2024-02,Dew 250ml Can,660.0,338566.7,0.19
2024-02,Dew 250ml Pet,700.0,338566.7,0.21
2024-02,Dew 750ml Pet,593.2,338566.7,0.18
2024-02,Dip Bowl,82.0,338566.7,0.02
2024-02,Flexi Cream Gold,1752.3000000000002,338566.7,0.52
2024-02,French Fries 6mm-Funwave,-4068.0,338566.7,-1.2
2024-02,French Fries 6mm-Funwave 2.5 KG,3390.0,338566.7,1.0
2024-02,French Fries 6mm-Hungritos,5900.76,338566.7,1.74
2024-02,French Fries Box,535.0,338566.7,0.16
2024-02,Frozen Sweet Corn-Pal Fresh,495.0,338566.7,0.15
2024-02,G.Crown Mushroom Slice 800g,2277.0,338566.7,0.67
2024-02,GO Colby Cheese Block 2kg,488.0,338566.7,0.14
2024-02,GO Orange Cheddar Cheese 2kg,0.0,338566.7,0.0
2024-02,GO-Monterey Jack Cheese-2kg,-610.0,338566.7,-0.18
2024-02,Garlic Bread Box,450.0,338566.7,0.13
2024-02,Garlic Chilli Spread,162.0,338566.7,0.05
2024-02,Gas-LPG-HPCL,10840.0,338566.7,3.2
2024-02,Green Peas,80.0,338566.7,0.02
2024-02,HABIT JALAPENO SLICES 2.9 KG,1112.0,338566.7,0.33
2024-02,Herb Mix Masla,595.0,338566.7,0.18
2024-02,Hersheys Cocoa-70grm,353.57,338566.7,0.1
2024-02,Hersheys Syrup-200grm,188.0,338566.7,0.06
2024-02,Honey,170.8,338566.7,0.05
2024-02,Ice cube,-80.0,338566.7,-0.02
2024-02,Ice cube/70,70.0,338566.7,0.02
2024-02,Jeerakham - Loose,150.0,338566.7,0.04
2024-02,KOT Printing Rolls,520.0,338566.7,0.15
2024-02,Lamp Pepperoni,581.75,338566.7,0.17
2024-02,Large Pizza Box,2227.5,338566.7,0.66
2024-02,Lehar Soda,658.3999999999999,338566.7,0.19
2024-02,Lemon-Veg,100.0,338566.7,0.03
2024-02,Malas Chocolate Sauce 5 ltr,0.0,338566.7,0.0
2024-02,Mango Crush Sauce 750ml Malas,138.32,338566.7,0.04
2024-02,Masoor-Red,120.0,338566.7,0.04
2024-02,Medium Pizza Box,2300.0,338566.7,0.68
2024-02,Mexican Masala,-2033.5,338566.7,-0.6
2024-02,Milkymist Cheese BLock 1KG,-1100.0,338566.7,-0.32
2024-02,Mini Burger Box,150.0,338566.7,0.04
2024-02,Mirinda 250ml pet,385.0,338566.7,0.11
2024-02,Mirinda 750ml pet,137.52000000000004,338566.7,0.04
2024-02,Mojito Menta Cubano,2931.12,338566.7,0.87
2024-02,Moktails Glass,400.0,338566.7,0.12
2024-02,Mustard-Oil,186.0,338566.7,0.05
2024-02,OREGANO SACHET 0.8GM,-990.0,338566.7,-0.29
2024-02,Oregano Sprinkler 500g,2565.92,338566.7,0.76
2024-02,POTATO POPS,0.0,338566.7,0.0
2024-02,Paneer,290.0,338566.7,0.09
2024-02,Paneer Tikka Butter Masala,375.0,338566.7,0.11
2024-02,Paper Glass,-100.0,338566.7,-0.03
2024-02,Paper Plates,-100.0,338566.7,-0.03
2024-02,Paper Straw Small,-70.0,338566.7,-0.02
2024-02,Pasta Container Black,1467.8000000000002,338566.7,0.43
2024-02,Pepsi 1250ml Pet,807.04,338566.7,0.24
2024-02,Pepsi 250ml Can,510.0,338566.7,0.15
2024-02,Pepsi 250ml Pet,1382.5,338566.7,0.41
2024-02,Pepsi 750ml Pet,1474.5500000000002,338566.7,0.44
2024-02,Pineapple slice-Tajir Habit-500g,220.5,338566.7,0.07
2024-02,Piri Piri Marinade 1KG,654.48,338566.7,0.19
2024-02,Pizza Premix,4776.0,338566.7,1.41
2024-02,Pizza sauce premix,-1594.0,338566.7,-0.47
2024-02,Plastic Cover 12X16,332.5,338566.7,0.1
2024-02,Plastic Cover 12X16,140.0,338566.7,0.04
2024-02,Plastic Cover 16X20,390.0,338566.7,0.12
2024-02,Plastic Cover 20X26,70.0,338566.7,0.02
2024-02,Plastic Cover 26X30,328.69,338566.7,0.1
2024-02,Processed cheese block,1925.0,338566.7,0.57
2024-02,Puramate Basil 250g Pouch,140.4,338566.7,0.04
2024-02,Puramate Basil 250g Pouch,-243.75,338566.7,-0.07
2024-02,Puramate Pasta-Gomiti Rigate - macroni - 500g,146.2,338566.7,0.04
2024-02,Puramate Pasta-Penne Rigatte 500g,816.0,338566.7,0.24
2024-02,Regular Pizza Box,4050.0,338566.7,1.2
2024-02,SALAMI,-558.0,338566.7,-0.16
2024-02,Salad Bowl 250ml,147.77999999999997,338566.7,0.04
2024-02,Salad Bowl 500ml,157.19999999999993,338566.7,0.05
2024-02,Salt,28.0,338566.7,0.01
2024-02,Savoury Wedges 2.5 KG,-111.54999999999995,338566.7,-0.03
2024-02,Schezwan sauce,350.0,338566.7,0.1
2024-02,Slice Mango 200ml pet,364.0,338566.7,0.11
2024-02,Slice Mango 600ml pet,206.28000000000003,338566.7,0.06
2024-02,Soya loose,177.0,338566.7,0.05
2024-02,Strawberry sause 750,143.0,338566.7,0.04
2024-02,Strawberry-Ice cream,451.8,338566.7,0.13
2024-02,Strawberry-Ice cream,-1140.91,338566.7,-0.34
2024-02,Sugar-Loose,58.8,338566.7,0.02
2024-02,Tandoori Chicken Masala-Bakers,65.0,338566.7,0.02
2024-02,Tandoori Masala,-56.28,338566.7,-0.02
2024-02,Tandoori mix Masala,900.5999999999999,338566.7,0.27
2024-02,Tissue,-45.0,338566.7,-0.01
2024-02,Tripod,-444.0,338566.7,-0.13
2024-02,Turmeric Powder,35.0,338566.7,0.01
2024-02,Vanilla Ice-cream 4ltr,1305.6,338566.7,0.39
2024-02,Veeba Eggless Mayonise Chef 1KG,982.94,338566.7,0.29
2024-02,Veeba Gouda Flavoured Dressing,679.3200000000002,338566.7,0.2
2024-02,Veeba Ketchup Sachet,2173.0,338566.7,0.64
2024-02,Veeba Ketchup Sachet,846.75,338566.7,0.25
2024-02,Veeba Makhani Gravy 1KG,215.04,338566.7,0.06
2024-02,Veeba Makhani Gravy 1KG,210.0,338566.7,0.06
2024-02,Veeba Pasta & Pizza Sauce 1KG,4408.32,338566.7,1.3
2024-02,Veeba T. Ketchup 1.2KG,525.0,338566.7,0.16
2024-02,Veeba Tandoori Spread-1kg,0.0,338566.7,0.0
2024-02,Veeba ThousandIsland Dressing 1KG,751.97,338566.7,0.22
2024-02,Veeba ThousandIsland Dressing 1KG,-375.98,338566.7,-0.11
2024-02,Wooden Fork-160mm,-100.0,338566.7,-0.03
2024-02,Wooden Spoon,-180.0,338566.7,-0.05
2024-02,Wooden Spoon-140mm,207.48,338566.7,0.06
2024-02,Zippy  B.Fast Sausage ,223.44,338566.7,0.07
2024-02,Zippy Chicken Salami,937.44,338566.7,0.28
2024-02,bio cover,540.0,338566.7,0.16
2024-02,black olive slice Habit,1136.0,338566.7,0.34
2024-02,butter,988.0,338566.7,0.29
2024-02,chicken masala,50.0,338566.7,0.01
2024-02,chilli garlic spread,0.0,338566.7,0.0
2024-02,chilly flakes 500gm,0.0,338566.7,0.0
2024-02,chilly flakes sachet,547.56,338566.7,0.16
2024-02,dynamic diced mozerella,19624.0,338566.7,5.8
2024-02,egg,306.82,338566.7,0.09
2024-02,eng veg,246.99,338566.7,0.07
2024-02,eng.veg,1362.0,338566.7,0.4
2024-02,fish finger,237.89000000000004,338566.7,0.07
2024-02,french fry hungritos 2.5kg,-700.0,338566.7,-0.21
2024-02,grocery,17808.100000000002,338566.7,5.26
2024-02,habit baby corn,-392.0,338566.7,-0.12
2024-02,habit olive oil,553.5,338566.7,0.16
2024-02,kadai gravy,230.0,338566.7,0.07
2024-02,maida 30kg,1284.9,338566.7,0.38
2024-02,milk,587.5,338566.7,0.17
2024-02,milk 28 milma,336.0,338566.7,0.1
2024-02,paper bags large,588.0,338566.7,0.17
2024-02,paper bags medium,321.3,338566.7,0.09
2024-02,paper bags regular,940.0,338566.7,0.28
2024-02,red paprika habit,0.0,338566.7,0.0
2024-02,staff rice 26kg,2245.88,338566.7,0.66
2024-02,tomato ketchup,-210.0,338566.7,-0.06
2024-02,veeba pizza pasta sauce,-4040.74,338566.7,-1.19
2024-02,veg,8655.0,338566.7,2.56
2024-02,washing powder,29.0,338566.7,0.01
2024-01, dry yeast 500 gm,924.5,378809.64999999997,0.24
2024-01,7UP 1250ml Pet,972.0300000000002,378809.64999999997,0.26
2024-01,7up 250ml Can,150.0,378809.64999999997,0.04
2024-01,7up 250ml Pet,1067.5,378809.64999999997,0.28
2024-01,7up750mlpet,1547.1000000000004,378809.64999999997,0.41
2024-01,AMUL Mozzarella Diced 1Kg,1956.0,378809.64999999997,0.52
2024-01,Agarbathi,50.0,378809.64999999997,0.01
2024-01,Aqua Fina Mineral Water 1Ltr,139.99,378809.64999999997,0.04
2024-01,BBQ Mix Masala,604.5,378809.64999999997,0.16
2024-01,Baby Corn Whole-450GM-Golden Crown,-392.0,378809.64999999997,-0.1
2024-01,Berry Fresh Chicku Pulp,0.0,378809.64999999997,0.0
2024-01,Berry Fresh Tender Coconut Pulp,175.0,378809.64999999997,0.05
2024-01,Berry Fresh Tender Coconut Pulp,0.0,378809.64999999997,0.0
2024-01,Boneless Chicken,17322.66,378809.64999999997,4.57
2024-01,Bread Premix,192.0,378809.64999999997,0.05
2024-01,Brownie,770.0,378809.64999999997,0.2
2024-01,Butter Scotch Ice-cream,309.1999999999998,378809.64999999997,0.08
2024-01,Butter Scotch Sauce 750ml,27.6,378809.64999999997,0.01
2024-01,CHICKEN POPCORN,502.64,378809.64999999997,0.13
2024-01,CHICKEN POPCORN,0.0,378809.64999999997,0.0
2024-01,CHILLY FLAKES SACHET 0.8GM,-1360.0,378809.64999999997,-0.36
2024-01,Chicken Kheema  Masala,-91.13999999999999,378809.64999999997,-0.02
2024-01,Chicken Nuggets-Godrej-1kg,854.83,378809.64999999997,0.23
2024-01,Chicken Nuggets-Godrej-1kg,-128.0,378809.64999999997,-0.03
2024-01,Chicken-Whole-Staff,1200.0,378809.64999999997,0.32
2024-01,Chilly Powder 1kg-Eastern,-102.30000000000001,378809.64999999997,-0.03
2024-01,Chocolate Ice-cream 4ltr,-385.0,378809.64999999997,-0.1
2024-01,Cling Flim,130.0,378809.64999999997,0.03
2024-01,Coriander Powder-loose,0.0,378809.64999999997,0.0
2024-01,Corn Meal - Chola Rava,40.0,378809.64999999997,0.01
2024-01,DVC BLUE OCCEAN FLV SYRUP 750ML,537.3199999999999,378809.64999999997,0.14
2024-01,DVC Bubblegum Syrup Syrup 750 ml,97.70000000000005,378809.64999999997,0.03
2024-01,DVC Cucumber Syrup 750 ml,-244.26,378809.64999999997,-0.06
2024-01,DVC Green Apple 750 ML,586.2,378809.64999999997,0.15
2024-01,DVC MOJITO MINT 750ML,3908.16,378809.64999999997,1.03
2024-01,DVC Mango Beverage Blend Syrup 750 ml,764.64,378809.64999999997,0.2
2024-01,DVC Mint Flavoured Syrup 750 ml,-244.25,378809.64999999997,-0.06
2024-01,DVC Mixed Berry Beverage Blend Syrup 750 ml,305.86,378809.64999999997,0.08
2024-01,DVC PASSION FRUIT FLV SYRUP 750ML,1758.67,378809.64999999997,0.46
2024-01,DVC Passion Fruit 750ML,-1269.45,378809.64999999997,-0.34
2024-01,DVC Peach GardenSyrup 750 ml,48.849999999999994,378809.64999999997,0.01
2024-01,DVC Strawberry Syrup 750 ml,-146.56000000000006,378809.64999999997,-0.04
2024-01,DVC Strawberry Syrup Syrup 750 ml,830.48,378809.64999999997,0.22
2024-01,DVC Watermelon Syrup 750 ml,683.8999999999999,378809.64999999997,0.18
2024-01,Dew 250ml Can,150.0,378809.64999999997,0.04
2024-01,Dew 250ml Pet,840.0,378809.64999999997,0.22
2024-01,Dew 750ml Pet,687.5999999999999,378809.64999999997,0.18
2024-01,Dip Bowl,-182.0,378809.64999999997,-0.05
2024-01,Flexi Cream Gold,973.5,378809.64999999997,0.26
2024-01,French Fries 6mm-Funwave,3390.0,378809.64999999997,0.89
2024-01,French Fries 6mm-Funwave 2.5 KG,339.0,378809.64999999997,0.09
2024-01,French Fries 6mm-Hungritos,-1332.0,378809.64999999997,-0.35
2024-01,French Fries Box,171.2,378809.64999999997,0.05
2024-01,Frozen Sweet Corn-Pal Fresh,693.0,378809.64999999997,0.18
2024-01,Frozen Sweet Corn-Pal Fresh,-99.0,378809.64999999997,-0.03
2024-01,G.Crown Mushroom Slice 800g,0.0,378809.64999999997,0.0
2024-01,GO Colby Cheese Block 2kg,122.0,378809.64999999997,0.03
2024-01,GO Orange Cheddar Cheese 2kg,396.55,378809.64999999997,0.1
2024-01,Garlic Bread Box,-107.25,378809.64999999997,-0.03
2024-01,Garlic Chilli Spread,162.0,378809.64999999997,0.04
2024-01,Garlic-Veg,760.0,378809.64999999997,0.2
2024-01,Gas-LPG-HPCL,16200.0,378809.64999999997,4.28
2024-01,Green Peas,0.0,378809.64999999997,0.0
2024-01,HABIT JALAPENO SLICES 2.9 KG,1112.0,378809.64999999997,0.29
2024-01,Herb Mix Masla,595.0,378809.64999999997,0.16
2024-01,Hersheys Cocoa-70grm,-353.57,378809.64999999997,-0.09
2024-01,Hersheys Syrup-200grm,-188.0,378809.64999999997,-0.05
2024-01,Honey,122.0,378809.64999999997,0.03
2024-01,Ice cube,120.0,378809.64999999997,0.03
2024-01,Jeerakham - Loose,-150.0,378809.64999999997,-0.04
2024-01,KOT Printing Rolls,-2080.0,378809.64999999997,-0.55
2024-01,Lamp Pepperoni,895.0,378809.64999999997,0.24
2024-01,Large Pizza Box,1633.5,378809.64999999997,0.43
2024-01,Lehar Soda,806.5400000000002,378809.64999999997,0.21
2024-01,Maida(Porotta 50kg),4260.0,378809.64999999997,1.12
2024-01,Malas Chocolate Sauce 5 ltr,0.0,378809.64999999997,0.0
2024-01,Mango Crush Sauce 750ml Malas,-138.32,378809.64999999997,-0.04
2024-01,Masoor-Red,0.0,378809.64999999997,0.0
2024-01,Mc Cain Potato Wedges 2.5kg-Taha,864.0,378809.64999999997,0.23
2024-01,Medium Pizza Box,2898.0,378809.64999999997,0.77
2024-01,Mexican Masala,1909.0,378809.64999999997,0.5
2024-01,Mini Burger Box,300.0,378809.64999999997,0.08
2024-01,Mirinda 250ml pet,332.5,378809.64999999997,0.09
2024-01,Mirinda 750ml pet,378.17999999999995,378809.64999999997,0.1
2024-01,Mixed Herb Loose,192.0,378809.64999999997,0.05
2024-01,Moktails Glass,-400.0,378809.64999999997,-0.11
2024-01,Mustard Oil,160.0,378809.64999999997,0.04
2024-01,Mustard-Oil,-186.0,378809.64999999997,-0.05
2024-01,OREGANO SACHET 0.8GM,3182.96,378809.64999999997,0.84
2024-01,Oregano Sprinkler 500g,747.04,378809.64999999997,0.2
2024-01,Oregano Sprinkler 500g,-1364.16,378809.64999999997,-0.36
2024-01,POTATO POPS,121.6,378809.64999999997,0.03
2024-01,POTATO POPS,101.33000000000001,378809.64999999997,0.03
2024-01,Palm Oil - Refined Oil,612.5,378809.64999999997,0.16
2024-01,Paneer,1450.0,378809.64999999997,0.38
2024-01,Paneer Tikka Butter Masala,187.5,378809.64999999997,0.05
2024-01,Paper Glass,200.0,378809.64999999997,0.05
2024-01,Paper Straw,80.0,378809.64999999997,0.02
2024-01,Pasta Container Black,-1602.05,378809.64999999997,-0.42
2024-01,Pepsi 1250ml Pet,914.95,378809.64999999997,0.24
2024-01,Pepsi 250ml Can,210.0,378809.64999999997,0.06
2024-01,Pepsi 250ml Pet,1155.0,378809.64999999997,0.3
2024-01,Pepsi 750ml Pet,2819.16,378809.64999999997,0.74
2024-01,Pineapple slice-Tajir Habit-500g,-441.0,378809.64999999997,-0.12
2024-01,Pineapple slice-Tajir Habit-850g,441.0,378809.64999999997,0.12
2024-01,Piri Piri Marinade 1KG,327.24,378809.64999999997,0.09
2024-01,Pizza Premix,1560.0,378809.64999999997,0.41
2024-01,Pizza sauce premix,432.0,378809.64999999997,0.11
2024-01,Plastic Cover 12X16,-140.0,378809.64999999997,-0.04
2024-01,Plastic Cover 12X16,-332.5,378809.64999999997,-0.09
2024-01,Plastic Cover 16X20,-390.0,378809.64999999997,-0.1
2024-01,Plastic Cover 20X26,-70.0,378809.64999999997,-0.02
2024-01,Plastic Cover 26X30,-31.3,378809.64999999997,-0.01
2024-01,Processed cheese block,2200.0,378809.64999999997,0.58
2024-01,Processed cheese block,-825.0,378809.64999999997,-0.22
2024-01,Puramate Basil 250g Pouch,-140.4,378809.64999999997,-0.04
2024-01,Puramate Pasta-Gomiti Rigate - macroni - 500g,377.40000000000003,378809.64999999997,0.1
2024-01,Puramate Pasta-Penne Rigatte 500g,884.0,378809.64999999997,0.23
2024-01,Regular Pizza Box,-819.0,378809.64999999997,-0.22
2024-01,SALAMI,837.0,378809.64999999997,0.22
2024-01,Salad Bowl 250ml,-153.14,378809.64999999997,-0.04
2024-01,Salad Bowl 500ml,275.1,378809.64999999997,0.07
2024-01,Salt,21.0,378809.64999999997,0.01
2024-01,Savoury Wedges 2.5 KG,297.47,378809.64999999997,0.08
2024-01,Schezwan sauce,350.0,378809.64999999997,0.09
2024-01,Slice Mango 200ml pet,411.66999999999996,378809.64999999997,0.11
2024-01,Slice Mango 600ml pet,103.13999999999999,378809.64999999997,0.03
2024-01,Soya loose,-77.0,378809.64999999997,-0.02
2024-01,Strawberry sause 750,-143.0,378809.64999999997,-0.04
2024-01,Strawberry-Ice cream,301.2,378809.64999999997,0.08
2024-01,Sugar-Loose,25.200000000000003,378809.64999999997,0.01
2024-01,Tandoori Chicken Masala-Bakers,-65.0,378809.64999999997,-0.02
2024-01,Tandoori mix Masala,560.9000000000001,378809.64999999997,0.15
2024-01,Tissue,45.0,378809.64999999997,0.01
2024-01,Tomato-Veg,30.0,378809.64999999997,0.01
2024-01,Tripod,-740.0,378809.64999999997,-0.2
2024-01,Turmeric Powder,-35.0,378809.64999999997,-0.01
2024-01,Turmeric Powder-loose,39.6,378809.64999999997,0.01
2024-01,Vanilla Ice-cream 4ltr,598.4000000000001,378809.64999999997,0.16
2024-01,Veeba Eggless Mayonise Chef 1KG,1123.3599999999997,378809.64999999997,0.3
2024-01,Veeba Gouda Flavoured Dressing,1720.32,378809.64999999997,0.45
2024-01,Veeba Gouda Flavoured Dressing,-633.0,378809.64999999997,-0.17
2024-01,Veeba Ketchup Sachet,972.0,378809.64999999997,0.26
2024-01,Veeba Ketchup Sachet,313.4000000000001,378809.64999999997,0.08
2024-01,Veeba Makhani Gravy 1KG,645.12,378809.64999999997,0.17
2024-01,Veeba Makhani Gravy 1KG,-215.04,378809.64999999997,-0.06
2024-01,Veeba T. Ketchup 1.2KG,420.0,378809.64999999997,0.11
2024-01,Veeba Tandoori Spread-1kg,434.0,378809.64999999997,0.11
2024-01,Veeba ThousandIsland Dressing 1KG,751.96,378809.64999999997,0.2
2024-01,Veeba ThousandIsland Dressing 1KG,-751.97,378809.64999999997,-0.2
2024-01,Wooden Spoon-140mm,-207.48,378809.64999999997,-0.05
2024-01,Zippy  B.Fast Sausage ,414.9599999999999,378809.64999999997,0.11
2024-01,Zippy Chicken Salami,-624.96,378809.64999999997,-0.16
2024-01,atta,123.0,378809.64999999997,0.03
2024-01,bio cover,900.0,378809.64999999997,0.24
2024-01,black olive slice Habit,852.0,378809.64999999997,0.22
2024-01,butter,1026.0,378809.64999999997,0.27
2024-01,canvill button mushroom,5577.0,378809.64999999997,1.47
2024-01,chilly flakes 500gm,156.0,378809.64999999997,0.04
2024-01,chilly flakes sachet,1903.72,378809.64999999997,0.5
2024-01,curd milma,70.0,378809.64999999997,0.02
2024-01,dynamic diced mozerella,21854.0,378809.64999999997,5.77
2024-01,egg,248.04,378809.64999999997,0.07
2024-01,egg-6.50,39.0,378809.64999999997,0.01
2024-01,eng.veg,1756.0,378809.64999999997,0.46
2024-01,fish finger,178.5,378809.64999999997,0.05
2024-01,fish finger,0.0,378809.64999999997,0.0
2024-01,french fry hungritos 2.5kg,1400.0,378809.64999999997,0.37
2024-01,grocery,17188.95,378809.64999999997,4.54
2024-01,habit baby corn,686.0,378809.64999999997,0.18
2024-01,habit olive oil,738.0,378809.64999999997,0.19
2024-01,kadai gravy,-230.0,378809.64999999997,-0.06
2024-01,milk,737.5,378809.64999999997,0.19
2024-01,milk 26,104.0,378809.64999999997,0.03
2024-01,paper bags large,252.0,378809.64999999997,0.07
2024-01,paper bags medium,856.8,378809.64999999997,0.23
2024-01,paper bags regular,-190.0,378809.64999999997,-0.05
2024-01,red paprika habit,597.0,378809.64999999997,0.16
2024-01,tomato ketchup,105.0,378809.64999999997,0.03
2024-01,veeba pizza pasta sauce,2938.7199999999993,378809.64999999997,0.78
2024-01,veg,11597.07,378809.64999999997,3.06
2023-12, dry yeast 500 gm,1073.0,473347.0,0.23
2023-12,7UP 1250ml Pet,973.2800000000001,473347.0,0.21
2023-12,7up 250ml Can,300.0,473347.0,0.06
2023-12,7up 250ml Pet,857.5,473347.0,0.18
2023-12,7up pet 750ml,3506.76,473347.0,0.74
2023-12,7up750mlpet,928.26,473347.0,0.2
2023-12,AMUL Mozzarella Cheese Block 1Kg,17490.0,473347.0,3.69
2023-12,Agarbathi,50.0,473347.0,0.01
2023-12,Aqua Fina Mineral Water 1Ltr,293.98,473347.0,0.06
2023-12,BBQ Mix Masala,744.0,473347.0,0.16
2023-12,Baby Corn Whole-450GM-Golden Crown,490.0,473347.0,0.1
2023-12,Basil-fresh,136.0,473347.0,0.03
2023-12,Berry Fresh Chicku Pulp,144.0,473347.0,0.03
2023-12,Berry Fresh Tender Coconut Pulp,245.0,473347.0,0.05
2023-12,Bio-Bag-16x20-50,690.0,473347.0,0.15
2023-12,Bio-Bag-20x26-35,460.0,473347.0,0.1
2023-12,Black pepper,148.0,473347.0,0.03
2023-12,Boneless Chicken,18051.55,473347.0,3.81
2023-12,Bread Premix,0.0,473347.0,0.0
2023-12,Brownie,0.0,473347.0,0.0
2023-12,Butter Scotch Ice-cream,618.4,473347.0,0.13
2023-12,Butter Scotch Sauce 750ml,13.799999999999997,473347.0,0.0
2023-12,CHICKEN POPCORN,-59.139999999999986,473347.0,-0.01
2023-12,Cash Voucher Book,186.0,473347.0,0.04
2023-12,Chicken Kheema  Masala,162.75,473347.0,0.03
2023-12,Chicken Nuggets-Godrej-1kg,-197.2700000000001,473347.0,-0.04
2023-12,Chicken Sausage,793.5,473347.0,0.17
2023-12,Chicken-Whole-Staff,900.0,473347.0,0.19
2023-12,Chilli Powder Loose,10.0,473347.0,0.0
2023-12,Chilly Powder 1kg-Eastern,-33.0,473347.0,-0.01
2023-12,Chocolate Ice-cream,280.0,473347.0,0.06
2023-12,Coriander Powder-loose,-48.0,473347.0,-0.01
2023-12,Corn Meal - Chola Rava,0.0,473347.0,0.0
2023-12,Corn Meal - MAKKA RAVA,180.0,473347.0,0.04
2023-12,DVC BLUE OCCEAN FLV SYRUP 750ML,732.79,473347.0,0.15
2023-12,DVC Bubblegum Syrup Syrup 750 ml,97.70999999999992,473347.0,0.02
2023-12,DVC Cucumber Syrup 750 ml,341.96,473347.0,0.07
2023-12,DVC Green Apple 750 ML,537.3899999999999,473347.0,0.11
2023-12,DVC MOJITO MINT 750ML,-977.04,473347.0,-0.21
2023-12,DVC Mango Beverage Blend Syrup 750 ml,994.0300000000001,473347.0,0.21
2023-12,DVC Mint Flavoured Syrup 750 ml,1318.95,473347.0,0.28
2023-12,DVC Mixed Berry Beverage Blend Syrup 750 ml,76.46000000000004,473347.0,0.02
2023-12,DVC PASSION FRUIT FLV SYRUP 750ML,97.70999999999981,473347.0,0.02
2023-12,DVC Passion Fruit 750ML,488.25,473347.0,0.1
2023-12,DVC Peach GardenSyrup 750 ml,48.85000000000002,473347.0,0.01
2023-12,DVC Strawberry Syrup 750 ml,-488.52,473347.0,-0.1
2023-12,DVC Strawberry Syrup Syrup 750 ml,146.55999999999995,473347.0,0.03
2023-12,DVC Watermelon Syrup 750 ml,97.74000000000024,473347.0,0.02
2023-12,Dew 250ml Can,780.0,473347.0,0.16
2023-12,Dew 250ml Pet,822.5,473347.0,0.17
2023-12,Dew 750ml Pet,653.22,473347.0,0.14
2023-12,Dip Bowl,100.0,473347.0,0.02
2023-12,Flexi Cream Gold,1557.6,473347.0,0.33
2023-12,French Fries 6mm-Funwave 2.5 KG,-339.0,473347.0,-0.07
2023-12,French Fries 9mm-Funwave,3390.0,473347.0,0.72
2023-12,French Fries Box,1166.3,473347.0,0.25
2023-12,Frozen Sweet Corn-Pal Fresh,495.0,473347.0,0.1
2023-12,Frozen Sweet Corn-Pal Fresh,495.0,473347.0,0.1
2023-12,Frozen Sweet Corn-Pal Fresh,495.0,473347.0,0.1
2023-12,G.Crown Mushroom Slice 800g,2376.0,473347.0,0.5
2023-12,GO Colby Cheese Block 2kg,-610.0,473347.0,-0.13
2023-12,GO Orange Cheddar Cheese 2kg,-793.1,473347.0,-0.17
2023-12,Garlic Bread Box,198.0,473347.0,0.04
2023-12,Garlic Chilli Spread,162.0,473347.0,0.03
2023-12,Gas-LPG-HPCL,14800.0,473347.0,3.13
2023-12,Green Peas,10.0,473347.0,0.0
2023-12,HABIT JALAPENO SLICES 2.9 KG,1489.26,473347.0,0.31
2023-12,HABIT JALAPENO SLICES 2.9 KG,-556.0,473347.0,-0.12
2023-12,Herb Mix Masla,2040.0,473347.0,0.43
2023-12,Honey,120.0,473347.0,0.03
2023-12,Honey,-48.80000000000001,473347.0,-0.01
2023-12,Ice cube,-40.0,473347.0,-0.01
2023-12,Lamp Pepperoni,-447.5,473347.0,-0.09
2023-12,Large Pizza Box,118.80000000000018,473347.0,0.03
2023-12,Lehar Soda,806.5400000000002,473347.0,0.17
2023-12,Lemon-Veg,21.0,473347.0,0.0
2023-12,Maida(Porotta 50kg),5751.0,473347.0,1.21
2023-12,Malas Chocolate Sauce 5 ltr,127.2,473347.0,0.03
2023-12,Malas Chocolate Sauce 5 ltr,0.0,473347.0,0.0
2023-12,Masoor-Red,48.0,473347.0,0.01
2023-12,Mc Cain Potato Wedges 2.5kg,1926.4,473347.0,0.41
2023-12,Medium Pizza Box,989.0,473347.0,0.21
2023-12,Mexican Masala,1784.5,473347.0,0.38
2023-12,MilkyMist-Mozzarella Cheese-shredded-2kg,2874.0,473347.0,0.61
2023-12,Milkymist Cheese BLock 1KG,3300.0,473347.0,0.7
2023-12,Milkymist Cheese BLock 1KG,1815.0,473347.0,0.38
2023-12,Mini Burger Box,300.0,473347.0,0.06
2023-12,Mini Burger Box,150.0,473347.0,0.03
2023-12,Mirinda 250ml pet,210.0,473347.0,0.04
2023-12,Mirinda 750ml pet,275.0400000000001,473347.0,0.06
2023-12,Mittai-Milk-Amul,19.2,473347.0,0.0
2023-12,Mixed Herb Loose,-192.0,473347.0,-0.04
2023-12,Mojito Menta Cubano,2442.6,473347.0,0.52
2023-12,Moktails Glass,1512.0,473347.0,0.32
2023-12,Mustard-Oil,93.0,473347.0,0.02
2023-12,OREGANO SACHET 0.8GM,473.1999999999998,473347.0,0.1
2023-12,Oregano Sprinkler 500g,259.84000000000015,473347.0,0.05
2023-12,POTATO POPS,182.4,473347.0,0.04
2023-12,Palm Oil - Refined Oil,-612.5,473347.0,-0.13
2023-12,Paneer,1740.0,473347.0,0.37
2023-12,Paneer Tikka Butter Masala,375.0,473347.0,0.08
2023-12,Paper Glass,-100.0,473347.0,-0.02
2023-12,Paper Straw big,45.0,473347.0,0.01
2023-12,Pasta Container Black,895.0,473347.0,0.19
2023-12,Pepsi 1250ml Pet,1642.4099999999999,473347.0,0.35
2023-12,Pepsi 250ml Can,510.0,473347.0,0.11
2023-12,Pepsi 250ml Pet,1750.0,473347.0,0.37
2023-12,Pepsi 750ml Pet,1581.48,473347.0,0.33
2023-12,Pineapple slice-Tajir Habit-500g,630.0,473347.0,0.13
2023-12,Pineapple slice-Tajir Habit-500g,220.5,473347.0,0.05
2023-12,Pineapple slice-Tajir Habit-850g,-441.0,473347.0,-0.09
2023-12,Piri Piri Marinade 1KG,623.0,473347.0,0.13
2023-12,Piri Piri Marinade 1KG,-467.49,473347.0,-0.1
2023-12,Pizza Premix,2160.0,473347.0,0.46
2023-12,Pizza sauce premix,600.0,473347.0,0.13
2023-12,Plastic Cover 12X16,35.0,473347.0,0.01
2023-12,Plastic Cover 16X20,195.0,473347.0,0.04
2023-12,Plastic Cover 26X30,180.0,473347.0,0.04
2023-12,Processed cheese block,1100.0,473347.0,0.23
2023-12,Processed cheese block,-2200.0,473347.0,-0.46
2023-12,Puramate Pasta-Gomiti Rigate - macroni - 500g,163.20000000000005,473347.0,0.03
2023-12,Puramate Pasta-Penne Rigatte 500g,802.4000000000001,473347.0,0.17
2023-12,Regular Pizza Box,279.0,473347.0,0.06
2023-12,SALAMI,613.81,473347.0,0.13
2023-12,SALAMI,-837.0,473347.0,-0.18
2023-12,Salad Bowl 250ml,294.5,473347.0,0.06
2023-12,Salad Bowl 500ml,347.15,473347.0,0.07
2023-12,Salt,-1.3999999999999986,473347.0,-0.0
2023-12,Schezwan sauce,0.0,473347.0,0.0
2023-12,Slice Mango 200ml pet,795.0000000000001,473347.0,0.17
2023-12,Slice Mango 600ml pet,275.03999999999996,473347.0,0.06
2023-12,Strawberry sause 750,143.0,473347.0,0.03
2023-12,Strawberry-Ice cream,50.200000000000045,473347.0,0.01
2023-12,Sugar-Loose,33.599999999999994,473347.0,0.01
2023-12,Tandoori Chicken Masala-Bakers,65.0,473347.0,0.01
2023-12,Tandoori Tikka Marinade 500Grm,230.0,473347.0,0.05
2023-12,Tandoori mix Masala,632.0,473347.0,0.13
2023-12,Tissue,-90.0,473347.0,-0.02
2023-12,Tripod,1480.0,473347.0,0.31
2023-12,Turmeric Powder-loose,0.0,473347.0,0.0
2023-12,Vanilla Ice-cream,1958.4,473347.0,0.41
2023-12,Vanilla Ice-cream 4ltr,-272.0,473347.0,-0.06
2023-12,Veeba Chilli Flakes Seasoning(8G),396.9,473347.0,0.08
2023-12,Veeba Eggless Mayonise Chef 1KG,1544.6200000000008,473347.0,0.33
2023-12,Veeba Gouda Flavoured Dressing,3010.56,473347.0,0.64
2023-12,Veeba Gouda Flavoured Dressing,-1720.32,473347.0,-0.36
2023-12,Veeba Ketchup Sachet,1777.04,473347.0,0.38
2023-12,Veeba Makhani Gravy 1KG,860.16,473347.0,0.18
2023-12,Veeba Makhani Gravy 1KG,-645.12,473347.0,-0.14
2023-12,Veeba Pasta & Pizza Sauce 1KG,4968.0,473347.0,1.05
2023-12,Veeba T. Ketchup 1.2KG,-420.0,473347.0,-0.09
2023-12,Veeba Tandoori Spread-1kg,-434.0,473347.0,-0.09
2023-12,Veeba ThousandIsland Dressing 1KG,187.99,473347.0,0.04
2023-12,Wooden Fork-160mm,400.0,473347.0,0.08
2023-12,Wooden Spoon-160mm,125.0,473347.0,0.03
2023-12,Zippy  B.Fast Sausage ,638.4000000000001,473347.0,0.13
2023-12,Zippy Chicken Salami,1562.4,473347.0,0.33
2023-12,apron,390.0,473347.0,0.08
2023-12,bio cover,-900.0,473347.0,-0.19
2023-12,bio covers,1310.0,473347.0,0.28
2023-12,black olive slice Habit,-284.0,473347.0,-0.06
2023-12,bred premix,472.5,473347.0,0.1
2023-12,butter,2090.0,473347.0,0.44
2023-12,canvill button mushroom,1573.0,473347.0,0.33
2023-12,chilly flakes 500gm,195.0,473347.0,0.04
2023-12,curd milma,70.0,473347.0,0.01
2023-12,drinking water-20ltr,60.0,473347.0,0.01
2023-12,dynamic cheddar block,1183.0,473347.0,0.25
2023-12,dynamic diced mozerella,17394.0,473347.0,3.67
2023-12,egg,349.74,473347.0,0.07
2023-12,eng.veg,2269.01,473347.0,0.48
2023-12,fish finger,-178.5,473347.0,-0.04
2023-12,french fry hungritos 2.5kg,10630.0,473347.0,2.25
2023-12,grocery,18123.02,473347.0,3.83
2023-12,habit baby corn,294.0,473347.0,0.06
2023-12,habit baby corn,-294.0,473347.0,-0.06
2023-12,habit olive oil,1336.9499999999998,473347.0,0.28
2023-12,isham veg,618.0,473347.0,0.13
2023-12,kitchen towel,260.0,473347.0,0.05
2023-12,led bulb,250.0,473347.0,0.05
2023-12,milk,900.0,473347.0,0.19
2023-12,milk,0.0,473347.0,0.0
2023-12,nuggets sumeru,1180.0,473347.0,0.25
2023-12,paper bags large,1140.0,473347.0,0.24
2023-12,paper bags medium,-107.09999999999991,473347.0,-0.02
2023-12,paper bags regular,1850.0,473347.0,0.39
2023-12,raw papaya,100.0,473347.0,0.02
2023-12,red paprika habit,199.0,473347.0,0.04
2023-12,tomato ketchup,830.0,473347.0,0.18
2023-12,veeba pizza pasta sauce,1102.02,473347.0,0.23
2023-12,veg,14406.97,473347.0,3.04
2023-12,water 20ltr with botl,520.0,473347.0,0.11
2023-11, dry yeast 500 gm,370.0,405453.35,0.09
2023-11,7UP 1250ml Pet,851.6200000000001,405453.35,0.21
2023-11,7UP 750ml Pet,1856.52,405453.35,0.46
2023-11,7up 250ml Can,-30.0,405453.35,-0.01
2023-11,7up 250ml Pet,997.5,405453.35,0.25
2023-11,7up pet 750ml,-1856.52,405453.35,-0.46
2023-11,7up750mlpet,1065.78,405453.35,0.26
2023-11,AMUL Mozzarella Cheese Block 1Kg,825.0,405453.35,0.2
2023-11,AMUL Mozzarella Cheese Block 1Kg,-17490.0,405453.35,-4.31
2023-11,AMUL Mozzarella Diced 1Kg,9912.0,405453.35,2.44
2023-11,Aqua Fina Mineral Water 1Ltr,251.99,405453.35,0.06
2023-11,BBQ Mix Masala,1061.76,405453.35,0.26
2023-11,BBQ Mix Masala,-418.5,405453.35,-0.1
2023-11,Baby Corn Whole-450GM-Golden Crown,520.0,405453.35,0.13
2023-11,Basil-fresh,-136.0,405453.35,-0.03
2023-11,Berry Fresh Chicku Pulp,288.0,405453.35,0.07
2023-11,Berry Fresh Tender Coconut Pulp,175.0,405453.35,0.04
2023-11,Berry Fresh Tender Coconut Pulp,-420.0,405453.35,-0.1
2023-11,Bio-Bag-16x20-50,-690.0,405453.35,-0.17
2023-11,Bio-Bag-20x26-35,-460.0,405453.35,-0.11
2023-11,Black pepper,296.0,405453.35,0.07
2023-11,Boneless Chicken,16542.71,405453.35,4.08
2023-11,Bread Premix,716.25,405453.35,0.18
2023-11,Brownie,1813.5,405453.35,0.45
2023-11,Butter Scotch Ice-cream,309.20000000000005,405453.35,0.08
2023-11,Butter Scotch Sauce 750ml,110.4,405453.35,0.03
2023-11,Butter Scotch Sauce 750ml,-69.0,405453.35,-0.02
2023-11,CHICKEN POPCORN,650.47,405453.35,0.16
2023-11,CHICKEN POPCORN,-443.5,405453.35,-0.11
2023-11,Cash Voucher Book,124.0,405453.35,0.03
2023-11,Chettinad Mix,195.3,405453.35,0.05
2023-11,Chicken Kheema  Masala,162.75,405453.35,0.04
2023-11,Chicken Nuggets-Godrej-1kg,640.0,405453.35,0.16
2023-11,Chicken Nuggets-Godrej-1kg,576.0,405453.35,0.14
2023-11,Chicken Sausage,-207.0,405453.35,-0.05
2023-11,Chicken-Whole-Staff,1489.0,405453.35,0.37
2023-11,Chilli Flakes-Puramate-400grm,143.85,405453.35,0.04
2023-11,Chilli Flakes-Puramate-400grm,53.94,405453.35,0.01
2023-11,Chilli Powder Loose,90.0,405453.35,0.02
2023-11,Chocolate Ice-cream,1078.0,405453.35,0.27
2023-11,Chocolate Ice-cream,-280.0,405453.35,-0.07
2023-11,Cling Flim,287.0,405453.35,0.07
2023-11,Corn Meal - MAKKA RAVA,-126.0,405453.35,-0.03
2023-11,Curd-Elanad-500ml,74.0,405453.35,0.02
2023-11,DVC BLUE OCCEAN FLV SYRUP 750ML,1758.67,405453.35,0.43
2023-11,DVC BLUE OCCEAN FLV SYRUP 750ML,-977.04,405453.35,-0.24
2023-11,DVC Bubblegum Syrup Syrup 750 ml,244.26,405453.35,0.06
2023-11,DVC Bubblegum Syrup Syrup 750 ml,-195.41,405453.35,-0.05
2023-11,DVC Cucumber Syrup 750 ml,390.82,405453.35,0.1
2023-11,DVC Cucumber Syrup 750 ml,-341.96,405453.35,-0.08
2023-11,DVC Green Apple 750 ML,-488.52,405453.35,-0.12
2023-11,DVC Mango Beverage Blend Syrup 750 ml,-1758.67,405453.35,-0.43
2023-11,DVC Mint Flavoured Syrup 750 ml,1587.3299999999997,405453.35,0.39
2023-11,DVC Mixed Berry Beverage Blend Syrup 750 ml,-611.71,405453.35,-0.15
2023-11,DVC PASSION FRUIT FLV SYRUP 750ML,2410.03,405453.35,0.59
2023-11,DVC PASSION FRUIT FLV SYRUP 750ML,-1367.86,405453.35,-0.34
2023-11,DVC Peach GardenSyrup 750 ml,341.96,405453.35,0.08
2023-11,DVC Peach GardenSyrup 750 ml,-293.11,405453.35,-0.07
2023-11,DVC Strawberry Syrup 750 ml,1367.86,405453.35,0.34
2023-11,DVC Strawberry Syrup Syrup 750 ml,-977.04,405453.35,-0.24
2023-11,DVC Watermelon Syrup 750 ml,244.26,405453.35,0.06
2023-11,DVC Watermelon Syrup 750 ml,97.69999999999993,405453.35,0.02
2023-11,Dew 250ml Can,240.0,405453.35,0.06
2023-11,Dew 250ml Pet,647.5,405453.35,0.16
2023-11,Dew 750ml Pet,1100.1599999999999,405453.35,0.27
2023-11,Dip Bowl,100.0,405453.35,0.02
2023-11,Dried Yeast,764.96,405453.35,0.19
2023-11,Flexi Cream Gold,1409.1,405453.35,0.35
2023-11,French Fries 6mm-Funwave 2.5 KG,2792.0,405453.35,0.69
2023-11,French Fries 9mm-Hungritos,1695.0,405453.35,0.42
2023-11,French Fries Box,-141.17999999999984,405453.35,-0.03
2023-11,Frozen Sweet Corn-Pal Fresh,792.0,405453.35,0.2
2023-11,G.Crown Mushroom Slice 800g,1862.0,405453.35,0.46
2023-11,GO Orange Cheddar Cheese 2kg,339.9,405453.35,0.08
2023-11,GO-Monterey Jack Cheese-2kg,793.01,405453.35,0.2
2023-11,Garlic Bread Box,490.02,405453.35,0.12
2023-11,Garlic Chilli Spread,97.20000000000005,405453.35,0.02
2023-11,Gas-LPG-HPCL,13000.0,405453.35,3.21
2023-11,Green Peas,-50.0,405453.35,-0.01
2023-11,HABIT JALAPENO SLICES 2.9 KG,992.8399999999999,405453.35,0.24
2023-11,Herb Mix Masla,766.86,405453.35,0.19
2023-11,Herb Mix Masla,-2167.5,405453.35,-0.53
2023-11,Honey,296.2,405453.35,0.07
2023-11,Ice cube,80.0,405453.35,0.02
2023-11,Ice cube,80.0,405453.35,0.02
2023-11,JIVO Pomace Olive Oil ,871.03,405453.35,0.21
2023-11,Jeerakham - Loose,30.0,405453.35,0.01
2023-11,Lamp Pepperoni,729.95,405453.35,0.18
2023-11,Large Pizza Box,1674.6999999999998,405453.35,0.41
2023-11,Lehar Soda,148.14,405453.35,0.04
2023-11,Maida(Porotta 50kg),4889.0,405453.35,1.21
2023-11,Malas Chocolate Sauce 5 ltr,-127.2,405453.35,-0.03
2023-11,Mango Crush Sauce 750ml Malas,207.48,405453.35,0.05
2023-11,Masoor-Red,-104.0,405453.35,-0.03
2023-11,Mc Cain Potato Wedges 2.5kg,-1926.4,405453.35,-0.48
2023-11,Mc Cain Potato Wedges 2.5kg-Taha,1033.99,405453.35,0.26
2023-11,Medium Pizza Box,4824.030000000001,405453.35,1.19
2023-11,Mexican Masala,2358.72,405453.35,0.58
2023-11,Mexican Masala,41.5,405453.35,0.01
2023-11,MilkyMist-Mozzarella Cheese-shredded-2kg,11975.04,405453.35,2.95
2023-11,MilkyMist-Mozzarella Cheese-shredded-2kg,8622.0,405453.35,2.13
2023-11,Milkymist Cheese BLock 1KG,1100.0,405453.35,0.27
2023-11,Milkymist Cheese BLock 1KG,-715.0,405453.35,-0.18
2023-11,Mini Burger Box,407.09999999999997,405453.35,0.1
2023-11,Mini Burger Box,0.0,405453.35,0.0
2023-11,Mirinda 250ml pet,402.5,405453.35,0.1
2023-11,Mirinda 750ml pet,275.04,405453.35,0.07
2023-11,Mittai-Milk-Amul,108.8,405453.35,0.03
2023-11,Moktails Glass,542.4000000000001,405453.35,0.13
2023-11,Mustard-Oil,104.0,405453.35,0.03
2023-11,Neo Black Sliced Olives,1878.24,405453.35,0.46
2023-11,Neo Red Paprika 3Kg,1086.4,405453.35,0.27
2023-11,OREGANO SACHET 0.8GM,966.0,405453.35,0.24
2023-11,Oregano Sprinkler 500g,1400.7,405453.35,0.35
2023-11,Oregano Sprinkler 500g,389.76,405453.35,0.1
2023-11,POTATO POPS,91.19999999999999,405453.35,0.02
2023-11,Pad Lock,116.0,405453.35,0.03
2023-11,Padlock,90.0,405453.35,0.02
2023-11,Palm Oil - Refined Oil,2823.5,405453.35,0.7
2023-11,Paneer,1450.0,405453.35,0.36
2023-11,Paneer Tikka Butter Masala,1081.92,405453.35,0.27
2023-11,Paneer Tikka Butter Masala,-750.0,405453.35,-0.18
2023-11,Paper Glass,184.0,405453.35,0.05
2023-11,Paper Straw,35.0,405453.35,0.01
2023-11,Paper Straw big,-45.0,405453.35,-0.01
2023-11,Papper carry bag medium,756.0,405453.35,0.19
2023-11,Papper carry bag small,344.0,405453.35,0.08
2023-11,Pasta Container Black,880.46,405453.35,0.22
2023-11,Pepsi 1250ml Pet,912.45,405453.35,0.23
2023-11,Pepsi 250ml Can,210.0,405453.35,0.05
2023-11,Pepsi 250ml Pet,1032.5,405453.35,0.25
2023-11,Pepsi 750ml Pet,2062.8,405453.35,0.51
2023-11,Pineapple slice-Tajir Habit-500g,105.0,405453.35,0.03
2023-11,Piri Piri Marinade 1KG,133.5,405453.35,0.03
2023-11,Pizza Premix,5116.35,405453.35,1.26
2023-11,Pizza sauce premix,855.3499999999999,405453.35,0.21
2023-11,Plastic Cover 12X16,-35.0,405453.35,-0.01
2023-11,Plastic Cover 16X20,-195.0,405453.35,-0.05
2023-11,Plastic Cover 26X30,-180.0,405453.35,-0.04
2023-11,Processed cheese block,-1100.0,405453.35,-0.27
2023-11,Puramate Basil 250g Pouch,234.0,405453.35,0.06
2023-11,Puramate Pasta-Gomiti Rigate - macroni - 500g,272.0,405453.35,0.07
2023-11,Puramate Pasta-Gomiti Rigate - macroni - 500g,40.8,405453.35,0.01
2023-11,Puramate Pasta-Gomiti Rigate - macroni - 500g,-95.2,405453.35,-0.02
2023-11,Puramate Pasta-Penne Rigatte 500g,612.0,405453.35,0.15
2023-11,Puramate Pasta-Penne Rigatte 500g,285.6,405453.35,0.07
2023-11,Regular Pizza Box,5353.799999999999,405453.35,1.32
2023-11,SALAMI,-613.81,405453.35,-0.15
2023-11,Salad Bowl 250ml,0.0,405453.35,0.0
2023-11,Salad Bowl 500ml,343.35,405453.35,0.08
2023-11,Salt,-9.800000000000004,405453.35,-0.0
2023-11,Savoury Wedges 2.5 KG,470.0,405453.35,0.12
2023-11,Schezwan sauce,350.0,405453.35,0.09
2023-11,Slice Mango 200ml pet,353.33,405453.35,0.09
2023-11,Slice Mango 600ml pet,171.9000000000001,405453.35,0.04
2023-11,Soya loose,55.0,405453.35,0.01
2023-11,Strawberry-Ice cream,387.91,405453.35,0.1
2023-11,Strawberry-Ice cream,-803.2,405453.35,-0.2
2023-11,Sugar,39.0,405453.35,0.01
2023-11,Sugar-Loose,-33.6,405453.35,-0.01
2023-11,Tandoori Chicken Masala-Bakers,-65.0,405453.35,-0.02
2023-11,Tandoori Tikka Marinade 500Grm,345.0,405453.35,0.09
2023-11,Tandoori mix Masala,414.4,405453.35,0.1
2023-11,Tandoori mix Masala,-1422.0,405453.35,-0.35
2023-11,Tissue,90.0,405453.35,0.02
2023-11,Tripod,148.0,405453.35,0.04
2023-11,Turmeric Powder-loose,26.4,405453.35,0.01
2023-11,Vanilla Ice-cream,1251.1999999999998,405453.35,0.31
2023-11,Veeba Chilli Flakes Seasoning(8G),-396.9,405453.35,-0.1
2023-11,Veeba Eggless Mayonise Chef 1KG,702.0999999999995,405453.35,0.17
2023-11,Veeba Eggless Mayonise Chef 1KG,560.0,405453.35,0.14
2023-11,Veeba Gouda Flavoured Dressing,2580.48,405453.35,0.64
2023-11,Veeba Gouda Flavoured Dressing,-1290.24,405453.35,-0.32
2023-11,Veeba Ketchup Sachet,0.0,405453.35,0.0
2023-11,Veeba Makhani Gravy 1KG,387.07000000000005,405453.35,0.1
2023-11,Veeba Pasta & Pizza Sauce 1KG,2024.0,405453.35,0.5
2023-11,Veeba Pasta & Pizza Sauce 1KG,1638.6,405453.35,0.4
2023-11,Veeba T. Ketchup 1.2KG,525.0,405453.35,0.13
2023-11,Veeba T. Ketchup 1.2KG,420.0,405453.35,0.1
2023-11,Veeba Tandoori Spread-1kg,868.0,405453.35,0.21
2023-11,Veeba ThousandIsland Dressing 1KG,187.99,405453.35,0.05
2023-11,Veeba ThousandIsland Dressing 1KG,18.8,405453.35,0.0
2023-11,Washing Powder 500G,31.0,405453.35,0.01
2023-11,Wooden Spoon-160mm,-125.0,405453.35,-0.03
2023-11,Zippy  B.Fast Sausage ,638.4,405453.35,0.16
2023-11,Zippy Chicken Salami,624.96,405453.35,0.15
2023-11,Zippy Chicken Salami,624.96,405453.35,0.15
2023-11,amul diced mozzrella,29340.0,405453.35,7.24
2023-11,atta,123.0,405453.35,0.03
2023-11,bio covers,1450.0,405453.35,0.36
2023-11,black olive slice Habit,0.0,405453.35,0.0
2023-11,bred premix,-472.5,405453.35,-0.12
2023-11,butter,380.0,405453.35,0.09
2023-11,canvill button mushroom,-3718.0,405453.35,-0.92
2023-11,chilly flakes 500gm,0.0,405453.35,0.0
2023-11,chilly flakes sachet,1875.0,405453.35,0.46
2023-11,chilly flakes sachet,340.0,405453.35,0.08
2023-11,drinking water-20ltr,60.0,405453.35,0.01
2023-11,egg,482.29999999999995,405453.35,0.12
2023-11,eng.veg,1175.99,405453.35,0.29
2023-11,fish finger,297.5,405453.35,0.07
2023-11,french fry hungritos 2.5kg,-1695.0,405453.35,-0.42
2023-11,grocery,12671.05,405453.35,3.13
2023-11,gustora tom ketchup,650.0,405453.35,0.16
2023-11,habit baby corn,-294.0,405453.35,-0.07
2023-11,habit olive oil,-507.1500000000001,405453.35,-0.13
2023-11,milk,1500.0,405453.35,0.37
2023-11,mosquito bat,295.0,405453.35,0.07
2023-11,paper bags large,-180.0,405453.35,-0.04
2023-11,paper bags regular,400.0,405453.35,0.1
2023-11,raw papaya,100.0,405453.35,0.02
2023-11,red paprika habit,0.0,405453.35,0.0
2023-11,roasted peanuts,129.6,405453.35,0.03
2023-11,spray paint,150.0,405453.35,0.04
2023-11,stationery,232.0,405453.35,0.06
2023-11,tomato ketchup,574.0,405453.35,0.14
2023-11,veg,13170.1,405453.35,3.25
2023-10,7UP 1250ml Pet,730.0,427381.25,0.17
2023-10,7UP 1250ml Pet,257.59000000000003,427381.25,0.06
2023-10,7UP 750ml Pet,-481.31999999999994,427381.25,-0.11
2023-10,7up 250ml Can,480.0,427381.25,0.11
2023-10,7up 250ml Pet,1050.0,427381.25,0.25
2023-10,7up 250ml Pet,-315.0,427381.25,-0.07
2023-10,7up750mlpet,3275.0,427381.25,0.77
2023-10,7up750mlpet,-240.66,427381.25,-0.06
2023-10,AMUL Mozzarella Cheese Block 1Kg,825.0,427381.25,0.19
2023-10,AMUL Mozzarella Diced 1Kg,23600.0,427381.25,5.52
2023-10,Aqua Fina Mineral Water 1Ltr,503.97,427381.25,0.12
2023-10,Aqua Fina Mineral Water 1Ltr,-349.98,427381.25,-0.08
2023-10,Atta Loose,246.0,427381.25,0.06
2023-10,BBQ Mix Masala,1858.0800000000002,427381.25,0.43
2023-10,Baby Corn Tasty 450G,325.0,427381.25,0.08
2023-10,Baby Corn Whole-450GM-Golden Crown,-130.0,427381.25,-0.03
2023-10,Basil-fresh-Isha Vegitables,136.0,427381.25,0.03
2023-10,Berry Fresh Banana Pulp,180.0,427381.25,0.04
2023-10,Berry Fresh Chicku Pulp,540.0,427381.25,0.13
2023-10,Berry Fresh Chicku Pulp,-432.0,427381.25,-0.1
2023-10,Berry Fresh Tender Coconut Pulp,980.0,427381.25,0.23
2023-10,Berry Fresh Tender Coconut Pulp,-175.0,427381.25,-0.04
2023-10,Bio-Bag-16x20-50,460.0,427381.25,0.11
2023-10,Bio-Bag-20x26-35,230.0,427381.25,0.05
2023-10,Bitter Guard-Veg,80.0,427381.25,0.02
2023-10,Black pepper,-148.0,427381.25,-0.03
2023-10,Boneless Chicken,15785.83,427381.25,3.69
2023-10,Bread Premix,448.88,427381.25,0.11
2023-10,Brocoli,375.0,427381.25,0.09
2023-10,Brocoli-isha Vegitable,372.0,427381.25,0.09
2023-10,Brownie,1612.0,427381.25,0.38
2023-10,Butter Scotch Ice-cream,843.27,427381.25,0.2
2023-10,Butter Scotch Ice-cream,-154.60000000000014,427381.25,-0.04
2023-10,Butter Scotch Sauce 750ml,-110.4,427381.25,-0.03
2023-10,CHICKEN POPCORN,887.01,427381.25,0.21
2023-10,CHICKEN POPCORN,-650.47,427381.25,-0.15
2023-10,CHILLY FLAKES SACHET 0.8GM,225.0,427381.25,0.05
2023-10,Capcicum-Veg,544.0,427381.25,0.13
2023-10,Carrot-Veg,22.0,427381.25,0.01
2023-10,Catering Cap,80.0,427381.25,0.02
2023-10,Cauli Flower-veg,120.92,427381.25,0.03
2023-10,Cherry,60.0,427381.25,0.01
2023-10,Chettinad Mix,32.54999999999998,427381.25,0.01
2023-10,Chicken Kheema  Masala,195.3,427381.25,0.05
2023-10,Chicken Nuggets-Godrej-1kg,384.0,427381.25,0.09
2023-10,Chicken Sausage,345.0,427381.25,0.08
2023-10,Chicken-Whole-Staff,2330.56,427381.25,0.55
2023-10,Chilli Flakes-Puramate-400grm,-53.94,427381.25,-0.01
2023-10,Chilli Flakes-Puramate-400grm,-143.85,427381.25,-0.03
2023-10,Chilli Flakes-Tasty Pixel-Veeba-Sachet-0.8g,661.5,427381.25,0.15
2023-10,Chilli Powder Loose,-100.0,427381.25,-0.02
2023-10,Chilly Powder 1kg-Eastern,165.0,427381.25,0.04
2023-10,Chocolate Ice-cream,1365.0,427381.25,0.32
2023-10,Chocolate Ice-cream,-308.0,427381.25,-0.07
2023-10,Cling Flim,130.0,427381.25,0.03
2023-10,Corn Meal - MAKKA RAVA,-54.0,427381.25,-0.01
2023-10,Curd-Elanad-500ml,70.0,427381.25,0.02
2023-10,DVC BLUE OCCEAN FLV SYRUP 750ML,2002.93,427381.25,0.47
2023-10,DVC BLUE OCCEAN FLV SYRUP 750ML,-1758.67,427381.25,-0.41
2023-10,DVC Bubblegum Syrup Syrup 750 ml,293.11,427381.25,0.07
2023-10,DVC Bubblegum Syrup Syrup 750 ml,-244.26,427381.25,-0.06
2023-10,DVC CHocolate Sauce 2 LTR,843.7,427381.25,0.2
2023-10,DVC Cucumber Syrup 750 ml,439.67,427381.25,0.1
2023-10,DVC Cucumber Syrup 750 ml,-390.82,427381.25,-0.09
2023-10,DVC Green Apple 750 ML,1514.41,427381.25,0.35
2023-10,DVC Mango Beverage Blend Syrup 750 ml,764.64,427381.25,0.18
2023-10,DVC Mango Beverage Blend Syrup 750 ml,382.32,427381.25,0.09
2023-10,DVC Mint Flavoured Syrup 750 ml,-344.8499999999999,427381.25,-0.08
2023-10,DVC Mixed Berry Beverage Blend Syrup 750 ml,764.64,427381.25,0.18
2023-10,DVC PASSION FRUIT FLV SYRUP 750ML,977.04,427381.25,0.23
2023-10,DVC PASSION FRUIT FLV SYRUP 750ML,-1042.1700000000003,427381.25,-0.24
2023-10,DVC Peach GardenSyrup 750 ml,439.67,427381.25,0.1
2023-10,DVC Peach GardenSyrup 750 ml,-341.96,427381.25,-0.08
2023-10,DVC Strawberry Syrup 750 ml,1172.45,427381.25,0.27
2023-10,DVC Strawberry Syrup 750 ml,-1367.86,427381.25,-0.32
2023-10,DVC Watermelon Syrup 750 ml,488.52,427381.25,0.11
2023-10,DVC Watermelon Syrup 750 ml,-244.26,427381.25,-0.06
2023-10,Dew 250ml Can,720.0,427381.25,0.17
2023-10,Dew 250ml Can,-450.0,427381.25,-0.11
2023-10,Dew 250ml Pet,1050.0,427381.25,0.25
2023-10,Dew 250ml Pet,-653.0,427381.25,-0.15
2023-10,Dew 750ml Pet,825.11,427381.25,0.19
2023-10,Dew 750ml Pet,343.79999999999995,427381.25,0.08
2023-10,Dried Yeast,475.97,427381.25,0.11
2023-10,Exo Dishwash cake,100.0,427381.25,0.02
2023-10,Flexi Cream Gold,1168.2,427381.25,0.27
2023-10,Flexi Cream Gold,194.7,427381.25,0.05
2023-10,French Fries 6mm-Funwave 2.5 KG,4886.0,427381.25,1.14
2023-10,French Fries 6mm-Funwave 2.5 KG,279.2,427381.25,0.07
2023-10,French Fries Box,415.83000000000004,427381.25,0.1
2023-10,Frozen Sweet Corn,1250.0,427381.25,0.29
2023-10,Frozen Sweet Corn-Pal Fresh,0.0,427381.25,0.0
2023-10,G.Crown Mushroom Slice 800g,4802.0,427381.25,1.12
2023-10,GO Colby Cheese Block 2kg,793.0,427381.25,0.19
2023-10,GO Orange Cheddar Cheese 2kg,283.25,427381.25,0.07
2023-10,GO-Monterey Jack Cheese-2kg,0.0,427381.25,0.0
2023-10,Garlic Bread Box,404.3399999999999,427381.25,0.09
2023-10,Garlic Chilli Spread,64.79999999999995,427381.25,0.02
2023-10,Garlic-Veg,300.0,427381.25,0.07
2023-10,Gas-LPG-HPCL,18285.0,427381.25,4.28
2023-10,Ginger-Veg,80.0,427381.25,0.02
2023-10,Green Chilly-Veg,136.0,427381.25,0.03
2023-10,Green Peas,100.0,427381.25,0.02
2023-10,HABIT JALAPENO SLICES 2.9 KG,2270.5000000000005,427381.25,0.53
2023-10,Hand Wash,460.0,427381.25,0.11
2023-10,Herb Mix Masla,1322.5,427381.25,0.31
2023-10,Honey,381.8,427381.25,0.09
2023-10,Ice cube,220.0,427381.25,0.05
2023-10,Ice cube,20.0,427381.25,0.0
2023-10,JIVO Pomace Olive Oil ,502.51,427381.25,0.12
2023-10,Jeerakham - Loose,30.0,427381.25,0.01
2023-10,KABULI CHANA,94.0,427381.25,0.02
2023-10,LAMP OIL,99.0,427381.25,0.02
2023-10,Lamp Pepperoni,376.59999999999997,427381.25,0.09
2023-10,Large Pizza Box,1180.0,427381.25,0.28
2023-10,Lehar Soda,395.04,427381.25,0.09
2023-10,Lehar Soda,0.0,427381.25,0.0
2023-10,Lemon-Veg,420.0,427381.25,0.1
2023-10,Maida(Porotta 50kg),11034.4,427381.25,2.58
2023-10,Mango Crush Sauce 750ml Malas,-138.32,427381.25,-0.03
2023-10,Masoor-Red,96.0,427381.25,0.02
2023-10,Mc Cain Potato Wedges 2.5kg,1695.23,427381.25,0.4
2023-10,Mc Cain Potato Wedges 2.5kg-Taha,-1033.99,427381.25,-0.24
2023-10,Medium Pizza Box,3648.61,427381.25,0.85
2023-10,Mexican Masala,6726.719999999999,427381.25,1.57
2023-10,Mexican Masala,-1790.8799999999997,427381.25,-0.42
2023-10,Milk,1052.0,427381.25,0.25
2023-10,MilkyMist-Mozzarella Cheese-shredded-2kg,11975.04,427381.25,2.8
2023-10,MilkyMist-Mozzarella Cheese-shredded-2kg,3421.44,427381.25,0.8
2023-10,Milkymist Cheese BLock 1KG,2200.0,427381.25,0.51
2023-10,Mini Burger Box,233.40000000000003,427381.25,0.05
2023-10,Mint-Veg,105.0,427381.25,0.02
2023-10,Mint-Veg,10.0,427381.25,0.0
2023-10,Mirinda 250ml pet,210.0,427381.25,0.05
2023-10,Mirinda 750ml pet,275.03999999999996,427381.25,0.06
2023-10,Mittai-Milk-Amul,-128.0,427381.25,-0.03
2023-10,Moktails Glass,537.5999999999999,427381.25,0.13
2023-10,Mustard-Oil,63.0,427381.25,0.01
2023-10,Neo Black Sliced Olives,-626.0799999999999,427381.25,-0.15
2023-10,Neo Red Paprika 3Kg,217.27999999999997,427381.25,0.05
2023-10,Neo-Black Sliced Olives-3kg,1014.0,427381.25,0.24
2023-10,OREGANO SACHET 0.8GM,880.0,427381.25,0.21
2023-10,OREGANO SACHET 0.8GM,96.07,427381.25,0.02
2023-10,Onion-Veg,1020.0,427381.25,0.24
2023-10,Oregano Sprinkler 500g,1218.0,427381.25,0.28
2023-10,Oregano Sprinkler 500g,-365.4000000000001,427381.25,-0.09
2023-10,POTATO POPS,60.80000000000001,427381.25,0.01
2023-10,Palm Oil - Refined Oil,4270.5,427381.25,1.0
2023-10,Paneer,1450.0,427381.25,0.34
2023-10,Paneer Tikka Butter Masala,1468.3199999999997,427381.25,0.34
2023-10,Paper Glass,332.0,427381.25,0.08
2023-10,Paper Straw,70.0,427381.25,0.02
2023-10,Paper Straw Big,6.75,427381.25,0.0
2023-10,Paper Straw Small,35.0,427381.25,0.01
2023-10,Papper carry bag medium,81.0,427381.25,0.02
2023-10,Papper carry bag small,-208.0,427381.25,-0.05
2023-10,Parsely- Isha Vegitable,46.0,427381.25,0.01
2023-10,Parsely-Veg,63.6,427381.25,0.01
2023-10,Pasta Container Black,559.24,427381.25,0.13
2023-10,Pepsi 1250ml Pet,1460.16,427381.25,0.34
2023-10,Pepsi 1250ml Pet,-1155.77,427381.25,-0.27
2023-10,Pepsi 250ml Can,720.0,427381.25,0.17
2023-10,Pepsi 250ml Can,-135.0,427381.25,-0.03
2023-10,Pepsi 250ml Pet,1050.0,427381.25,0.25
2023-10,Pepsi 250ml Pet,892.5,427381.25,0.21
2023-10,Pepsi 750ml Pet,2475.33,427381.25,0.58
2023-10,Pepsi 750ml Pet,343.7999999999997,427381.25,0.08
2023-10,Petrol-Nayara,500.02,427381.25,0.12
2023-10,Pineapple slice-Tajir Habit-500g,-735.0,427381.25,-0.17
2023-10,Pineapple-Veg,360.0,427381.25,0.08
2023-10,Piri Piri Marinade 1KG,-311.5,427381.25,-0.07
2023-10,Pizza Premix,3283.87,427381.25,0.77
2023-10,Pizza sauce premix,1951.4300000000003,427381.25,0.46
2023-10,Plastic Cover 12X16,210.0,427381.25,0.05
2023-10,Plastic Cover 16X20,195.0,427381.25,0.05
2023-10,Plastic Cover 20X26,420.0,427381.25,0.1
2023-10,Plastic Cover 26X30,180.0,427381.25,0.04
2023-10,Potato-Veg,256.0,427381.25,0.06
2023-10,Processed cheese block,1650.0,427381.25,0.39
2023-10,Puramate Basil 250g Pouch,0.0,427381.25,0.0
2023-10,Puramate Pasta-Gomiti Rigate - macroni - 500g,136.0,427381.25,0.03
2023-10,Puramate Pasta-Gomiti Rigate - macroni - 500g,-40.8,427381.25,-0.01
2023-10,Puramate Pasta-Penne Rigatte 500g,1496.0,427381.25,0.35
2023-10,Puramate Pasta-Penne Rigatte 500g,-612.0,427381.25,-0.14
2023-10,Red Yellow Capcicum,130.0,427381.25,0.03
2023-10,Red yellow capsicum-isha Vegitable,144.0,427381.25,0.03
2023-10,Regular Pizza Box,5860.92,427381.25,1.37
2023-10,Salad Bowl 250ml,265.04999999999995,427381.25,0.06
2023-10,Salad Bowl 500ml,348.48,427381.25,0.08
2023-10,Salt,-37.8,427381.25,-0.01
2023-10,Salt-sprinkle-powder,24.0,427381.25,0.01
2023-10,Schezwan sauce,680.0,427381.25,0.16
2023-10,Slice Mango 200ml pet,1060.0,427381.25,0.25
2023-10,Slice Mango 200ml pet,-318.0,427381.25,-0.07
2023-10,Slice Mango 600ml pet,309.42,427381.25,0.07
2023-10,Soya loose,51.2,427381.25,0.01
2023-10,Strawberry-Ice cream,1807.1999999999998,427381.25,0.42
2023-10,Strawberry-Ice cream,-387.91,427381.25,-0.09
2023-10,Sugar,-39.0,427381.25,-0.01
2023-10,Sugar-Loose,130.2,427381.25,0.03
2023-10,TAJIR JALAPENO SLICES 2.5 KG,855.0,427381.25,0.2
2023-10,Tandoori Masala,562.8,427381.25,0.13
2023-10,Tandoori Tikka Marinade 500Grm,1150.0,427381.25,0.27
2023-10,Tandoori Tikka Marinade 500Grm,-575.0,427381.25,-0.13
2023-10,Tandoori mix Masala,1823.3600000000001,427381.25,0.43
2023-10,Tea Loose,36.0,427381.25,0.01
2023-10,Tissue,814.0,427381.25,0.19
2023-10,Tomato-Veg,904.0,427381.25,0.21
2023-10,Tripod,148.0,427381.25,0.03
2023-10,Turmeric Powder-loose,-34.32,427381.25,-0.01
2023-10,VEG,40.0,427381.25,0.01
2023-10,Vanilla Ice-cream,3372.8000000000006,427381.25,0.79
2023-10,Veeba Eggless Mayonise Chef 1KG,1400.0,427381.25,0.33
2023-10,Veeba Gouda Flavoured Dressing,3010.56,427381.25,0.7
2023-10,Veeba Gouda Flavoured Dressing,-1720.32,427381.25,-0.4
2023-10,Veeba Ketchup Sachet,1622.21,427381.25,0.38
2023-10,Veeba Ketchup Sachet,-90.03999999999996,427381.25,-0.02
2023-10,Veeba Makhani Gravy 1KG,1505.28,427381.25,0.35
2023-10,Veeba Makhani Gravy 1KG,-1247.23,427381.25,-0.29
2023-10,Veeba Pasta & Pizza Sauce 1KG,2949.48,427381.25,0.69
2023-10,Veeba T. Ketchup 1.2KG,0.0,427381.25,0.0
2023-10,Veeba ThousandIsland Dressing 1KG,-18.8,427381.25,-0.0
2023-10,Washing Powder 500G,62.0,427381.25,0.01
2023-10,Whole Chilly,52.0,427381.25,0.01
2023-10,Wiper-Arafa,110.0,427381.25,0.03
2023-10,Wooden Spoon-160mm,81.25,427381.25,0.02
2023-10,Zippy  B.Fast Sausage ,638.4,427381.25,0.15
2023-10,Zippy Chicken Salami,1093.68,427381.25,0.26
2023-10,bio covers,840.0,427381.25,0.2
2023-10,butter,2280.0,427381.25,0.53
2023-10,butter papper,297.5,427381.25,0.07
2023-10,cabbage-veg,10.28,427381.25,0.0
2023-10,cashew,75.0,427381.25,0.02
2023-10,catering gloves,58.0,427381.25,0.01
2023-10,decoration-Baloon,80.0,427381.25,0.02
2023-10,egg,462.0,427381.25,0.11
2023-10,fish finger,476.0,427381.25,0.11
2023-10,grocery,2213.96,427381.25,0.52
2023-10,habit baby corn,490.0,427381.25,0.11
2023-10,horlicks,48.0,427381.25,0.01
2023-10,isha veg,396.0,427381.25,0.09
2023-10,milk,800.0,427381.25,0.19
2023-10,payyar-veg,30.0,427381.25,0.01
2023-10,roasted peanuts,410.4,427381.25,0.1
2023-10,staff rice,2080.0,427381.25,0.49
2023-10,super Meal,80.0,427381.25,0.02
2023-10,veg,7308.08,427381.25,1.71
2023-09,7UP 1250ml Pet,1390.08,441300.64999999997,0.31
2023-09,7UP 1250ml Pet,-637.12,441300.64999999997,-0.14
2023-09,7UP 750ml Pet,1375.1999999999998,441300.64999999997,0.31
2023-09,7UP 750ml Pet,825.11,441300.64999999997,0.19
2023-09,7up 250ml Can,-390.0,441300.64999999997,-0.09
2023-09,7up 250ml Pet,1050.0,441300.64999999997,0.24
2023-09,7up 250ml Pet,52.5,441300.64999999997,0.01
2023-09,7up 250ml can,720.0,441300.64999999997,0.16
2023-09,AMUL Mozzarella Cheese Block 1Kg,2310.0,441300.64999999997,0.52
2023-09,AMUL Mozzarella Cheese Block 1Kg,-1650.0,441300.64999999997,-0.37
2023-09,AMUL Mozzarella Diced 1Kg,28320.0,441300.64999999997,6.42
2023-09,APIS Honey 1kg,163.8,441300.64999999997,0.04
2023-09,Aqua Fina Mineral Water 1Ltr,251.99,441300.64999999997,0.06
2023-09,Aqua Fina Mineral Water 1Ltr,0.0,441300.64999999997,0.0
2023-09,Atta Loose,164.0,441300.64999999997,0.04
2023-09,Atta-Tasty-pkt-1kg,185.5,441300.64999999997,0.04
2023-09,BBQ Mix Masala,796.3200000000002,441300.64999999997,0.18
2023-09,Baby Corn Whole-450GM-Golden Crown,195.0,441300.64999999997,0.04
2023-09,Berry Fresh Banana Pulp,351.0,441300.64999999997,0.08
2023-09,Berry Fresh Banana Pulp,-180.0,441300.64999999997,-0.04
2023-09,Berry Fresh Chicku Pulp,351.0,441300.64999999997,0.08
2023-09,Berry Fresh Tender Coconut Pulp,245.0,441300.64999999997,0.06
2023-09,Bitter Guard-Veg,100.0,441300.64999999997,0.02
2023-09,Black pepper,0.0,441300.64999999997,0.0
2023-09,Boneless Chicken,23298.0,441300.64999999997,5.28
2023-09,Bread Premix,-70.88,441300.64999999997,-0.02
2023-09,Brocoli,637.0,441300.64999999997,0.14
2023-09,Brownie,-604.5,441300.64999999997,-0.14
2023-09,Butter Scotch Ice-cream,702.73,441300.64999999997,0.16
2023-09,Butter Scotch Ice-cream,-927.6,441300.64999999997,-0.21
2023-09,Butter Scotch Sauce 750ml,96.6,441300.64999999997,0.02
2023-09,CHICKEN POPCORN,-887.01,441300.64999999997,-0.2
2023-09,CHILLY FLAKES SACHET 0.8GM,1980.0,441300.64999999997,0.45
2023-09,CHILLY FLAKES SACHET 0.8GM,-55.0,441300.64999999997,-0.01
2023-09,Capcicum-Veg,1094.8,441300.64999999997,0.25
2023-09,Carrot-Veg,22.0,441300.64999999997,0.0
2023-09,Catering Cap,80.0,441300.64999999997,0.02
2023-09,Cauli Flower-veg,218.1,441300.64999999997,0.05
2023-09,Cheera-veg,60.0,441300.64999999997,0.01
2023-09,Chettinad Mix,0.0,441300.64999999997,0.0
2023-09,Chicken Kheema  Masala,520.8,441300.64999999997,0.12
2023-09,Chicken Nuggets-Godrej-1kg,544.0,441300.64999999997,0.12
2023-09,Chicken Sausage,0.0,441300.64999999997,0.0
2023-09,Chicken-Masala-Melam,29.0,441300.64999999997,0.01
2023-09,Chicken-Whole-Staff,-1121.01,441300.64999999997,-0.25
2023-09,Chilli Flakes-Puramate-400grm,107.89,441300.64999999997,0.02
2023-09,Chilli Flakes-Tasty Pixel-Veeba-Sachet-0.8g,-661.5,441300.64999999997,-0.15
2023-09,Chilly Powder 1kg-Eastern,-66.0,441300.64999999997,-0.01
2023-09,Chocolate Ice-cream,0.0,441300.64999999997,0.0
2023-09,Corn Meal - Chola Rava,40.0,441300.64999999997,0.01
2023-09,Corn Meal - MAKKA RAVA,270.0,441300.64999999997,0.06
2023-09,Curd-Elanad-500ml,112.0,441300.64999999997,0.03
2023-09,Curd-Elanad-500ml,35.0,441300.64999999997,0.01
2023-09,Curd-Sheethal-400g,28.0,441300.64999999997,0.01
2023-09,DEL POPCORN,887.04,441300.64999999997,0.2
2023-09,DVC BLUE OCCEAN FLV SYRUP 750ML,439.66999999999985,441300.64999999997,0.1
2023-09,DVC Bubblegum Syrup Syrup 750 ml,390.82,441300.64999999997,0.09
2023-09,DVC Bubblegum Syrup Syrup 750 ml,-293.11,441300.64999999997,-0.07
2023-09,DVC CHocolate Sauce 2 LTR,-843.7,441300.64999999997,-0.19
2023-09,DVC Cucumber Syrup 750 ml,488.52,441300.64999999997,0.11
2023-09,DVC Cucumber Syrup 750 ml,-439.67,441300.64999999997,-0.1
2023-09,DVC Green Apple 750 ML,365.14999999999986,441300.64999999997,0.08
2023-09,DVC MOJITO MINT 750ML,2931.12,441300.64999999997,0.66
2023-09,DVC Mango Beverage Blend Syrup 750 ml,127.44,441300.64999999997,0.03
2023-09,DVC Mint Flavoured Syrup 750 ml,-1584.43,441300.64999999997,-0.36
2023-09,DVC Mixed Berry Beverage Blend Syrup 750 ml,0.0,441300.64999999997,0.0
2023-09,DVC PASSION FRUIT FLV SYRUP 750ML,828.0,441300.64999999997,0.19
2023-09,DVC PASSION FRUIT FLV SYRUP 750ML,586.22,441300.64999999997,0.13
2023-09,DVC Peach Garden Syrup Syrup 750 ml,488.52,441300.64999999997,0.11
2023-09,DVC Peach GardenSyrup 750 ml,-439.67,441300.64999999997,-0.1
2023-09,DVC Strawberry Syrup 750 ml,-1172.45,441300.64999999997,-0.27
2023-09,DVC Strawberry Syrup Syrup 750 ml,488.52,441300.64999999997,0.11
2023-09,DVC Strawberry Syrup Syrup 750 ml,488.52,441300.64999999997,0.11
2023-09,DVC Watermelon Syrup 750 ml,195.41,441300.64999999997,0.04
2023-09,DVC Watermelon Syrup 750 ml,0.0,441300.64999999997,0.0
2023-09,Dew 250ml Can,270.0,441300.64999999997,0.06
2023-09,Dew 250ml Pet,449.5,441300.64999999997,0.1
2023-09,Dew 500ml Pet,195.03,441300.64999999997,0.04
2023-09,Dew 750ml Pet,1650.22,441300.64999999997,0.37
2023-09,Dew 750ml Pet,-756.36,441300.64999999997,-0.17
2023-09,Dip Bowl,147.5,441300.64999999997,0.03
2023-09,Dried Yeast,1886.8899999999996,441300.64999999997,0.43
2023-09,Exo Dishwash cake,48.0,441300.64999999997,0.01
2023-09,Flexi Cream Gold,1362.9,441300.64999999997,0.31
2023-09,Flexi Cream Gold,778.8,441300.64999999997,0.18
2023-09,French Fries 6mm,9100.0,441300.64999999997,2.06
2023-09,French Fries 6mm-Funwave,574.39,441300.64999999997,0.13
2023-09,French Fries 6mm-Funwave 2.5 KG,-279.2,441300.64999999997,-0.06
2023-09,French Fries 6mm-Funwave 2.5 KG,-349.0,441300.64999999997,-0.08
2023-09,French Fries Box,-1077.15,441300.64999999997,-0.24
2023-09,Frozen Sweet Corn,750.0,441300.64999999997,0.17
2023-09,Frozen Sweet Corn,-625.0,441300.64999999997,-0.14
2023-09,Frozen Sweet Corn-Pal Fresh,495.0,441300.64999999997,0.11
2023-09,G.Crown Mushroom Slice 800g,4900.0,441300.64999999997,1.11
2023-09,GO Colby Cheese Block 2kg,-793.0,441300.64999999997,-0.18
2023-09,GO Orange Cheddar Cheese 2kg,509.85,441300.64999999997,0.12
2023-09,GO-Monterey Jack Cheese-2kg,793.01,441300.64999999997,0.18
2023-09,Garlic Bread Box,-1397.61,441300.64999999997,-0.32
2023-09,Garlic Chilli Spread,162.0,441300.64999999997,0.04
2023-09,Garlic-Veg,972.0,441300.64999999997,0.22
2023-09,Gas-LPG-HPCL,12255.0,441300.64999999997,2.78
2023-09,Gas-LPG-IOCL,3600.0,441300.64999999997,0.82
2023-09,Ginger-Veg,80.0,441300.64999999997,0.02
2023-09,Green Chilly-Veg,240.0,441300.64999999997,0.05
2023-09,Green Peas,0.0,441300.64999999997,0.0
2023-09,HABIT JALAPENO SLICES 2.9 KG,1774.08,441300.64999999997,0.4
2023-09,Herb Mix Masla,826.56,441300.64999999997,0.19
2023-09,Hersheys Cocoa-70grm,99.0,441300.64999999997,0.02
2023-09,Ice cube,-20.0,441300.64999999997,-0.0
2023-09,JIVO Pomace Olive Oil ,1340.04,441300.64999999997,0.3
2023-09,JIVO Pomace Olive Oil ,-871.02,441300.64999999997,-0.2
2023-09,Jeerakham - Loose,60.0,441300.64999999997,0.01
2023-09,Jumbo Cover-Blue,180.0,441300.64999999997,0.04
2023-09,KT Coriander 1kg,21.5,441300.64999999997,0.0
2023-09,Lamp Pepperoni,1223.95,441300.64999999997,0.28
2023-09,Large Pizza Box,-3864.5,441300.64999999997,-0.88
2023-09,Lehar Soda,395.04,441300.64999999997,0.09
2023-09,Lehar Soda,0.0,441300.64999999997,0.0
2023-09,Lemon-Veg,1043.0,441300.64999999997,0.24
2023-09,Maida(Porotta 50kg),7800.6,441300.64999999997,1.77
2023-09,Malas Chocolate Sauce 5 ltr,742.01,441300.64999999997,0.17
2023-09,Mango Crush Sauce 750ml Malas,-69.16,441300.64999999997,-0.02
2023-09,Masoor-Red,8.0,441300.64999999997,0.0
2023-09,Mc Cain Potato Wedges 2.5kg,-1695.23,441300.64999999997,-0.38
2023-09,Mc Cain Potato Wedges 2.5kg-Taha,1240.79,441300.64999999997,0.28
2023-09,Medium Pizza Box,-6609.64,441300.64999999997,-1.5
2023-09,Mexican Masala,-567.84,441300.64999999997,-0.13
2023-09,Mexican Masala,-1747.1999999999998,441300.64999999997,-0.4
2023-09,Milk,1414.0,441300.64999999997,0.32
2023-09,MilkyMist-Mozzarella Cheese-shredded-2kg,6842.879999999999,441300.64999999997,1.55
2023-09,MilkyMist-Mozzarella Cheese-shredded-2kg,-13685.76,441300.64999999997,-3.1
2023-09,Milkymist Cheese BLock 1KG,1100.0,441300.64999999997,0.25
2023-09,Mini Burger Box,-369.1,441300.64999999997,-0.08
2023-09,Mint-Veg,87.5,441300.64999999997,0.02
2023-09,Mirinda 250ml pet,525.0,441300.64999999997,0.12
2023-09,Mirinda 250ml pet,-437.5,441300.64999999997,-0.1
2023-09,Mirinda 750ml pet,687.6,441300.64999999997,0.16
2023-09,Moktails Glass,-448.0,441300.64999999997,-0.1
2023-09,Mustard-Oil,84.0,441300.64999999997,0.02
2023-09,Neo Black Sliced Olives,626.0799999999999,441300.64999999997,0.14
2023-09,Neo Red Paprika 3Kg,434.56,441300.64999999997,0.1
2023-09,OREGANO SACHET 0.8GM,2200.0,441300.64999999997,0.5
2023-09,OREGANO SACHET 0.8GM,-96.07,441300.64999999997,-0.02
2023-09,Onion-Veg,2720.0,441300.64999999997,0.62
2023-09,Oregano Sprinkler 500g,1827.0,441300.64999999997,0.41
2023-09,Oregano Sprinkler 500g,-639.4499999999999,441300.64999999997,-0.14
2023-09,POTATO POPS,304.0,441300.64999999997,0.07
2023-09,POTATO POPS,-456.0,441300.64999999997,-0.1
2023-09,Palm Oil - Refined Oil,3937.5,441300.64999999997,0.89
2023-09,Palm Oil - Refined Oil,2058.0,441300.64999999997,0.47
2023-09,Paneer,754.0,441300.64999999997,0.17
2023-09,Paneer Tikka Butter Masala,772.8,441300.64999999997,0.18
2023-09,Paneer Tikka Butter Masala,-695.52,441300.64999999997,-0.16
2023-09,Paper Glass,90.0,441300.64999999997,0.02
2023-09,Paper Glass,90.0,441300.64999999997,0.02
2023-09,Paper Straw,35.0,441300.64999999997,0.01
2023-09,Paper Straw Big,-2.25,441300.64999999997,-0.0
2023-09,Paper Straw Small,5.25,441300.64999999997,0.0
2023-09,Paper Straw Small,0.0,441300.64999999997,0.0
2023-09,Papper carry bag large,402.5,441300.64999999997,0.09
2023-09,Papper carry bag medium,-657.0,441300.64999999997,-0.15
2023-09,Papper carry bag small,240.0,441300.64999999997,0.05
2023-09,Parsely-Veg,169.6,441300.64999999997,0.04
2023-09,Pasta Container Black,-550.22,441300.64999999997,-0.12
2023-09,Pepsi 1250ml Pet,1390.08,441300.64999999997,0.31
2023-09,Pepsi 1250ml Pet,463.36,441300.64999999997,0.1
2023-09,Pepsi 250ml Can,385.0,441300.64999999997,0.09
2023-09,Pepsi 250ml Pet,2100.0,441300.64999999997,0.48
2023-09,Pepsi 250ml Pet,-910.0,441300.64999999997,-0.21
2023-09,Pepsi 750ml Pet,2475.33,441300.64999999997,0.56
2023-09,Pepsi 750ml Pet,-825.1199999999999,441300.64999999997,-0.19
2023-09,Pineapple slice-Tajir Habit-500g,525.0,441300.64999999997,0.12
2023-09,Pineapple-Veg,284.4,441300.64999999997,0.06
2023-09,Pizza Premix,-1110.37,441300.64999999997,-0.25
2023-09,Pizza sauce premix,-1208.0300000000002,441300.64999999997,-0.27
2023-09,Plastic Cover 12X16,-210.0,441300.64999999997,-0.05
2023-09,Plastic Cover 16X20,0.0,441300.64999999997,0.0
2023-09,Plastic Cover 20X26,-140.0,441300.64999999997,-0.03
2023-09,Plastic Cover 26X30,-180.0,441300.64999999997,-0.04
2023-09,Potato-Veg,704.0,441300.64999999997,0.16
2023-09,Processed cheese block,1650.0,441300.64999999997,0.37
2023-09,Processed cheese block,-1650.0,441300.64999999997,-0.37
2023-09,Puramate Basil 250g Pouch,-234.0,441300.64999999997,-0.05
2023-09,Puramate Pasta-Gomiti Rigate 500g,136.0,441300.64999999997,0.03
2023-09,Puramate Pasta-Penne Rigatte 500g,612.0,441300.64999999997,0.14
2023-09,Puramate Pasta-Penne Rigatte 500g,136.0,441300.64999999997,0.03
2023-09,Red yellow capsicum-isha Vegitable,480.0,441300.64999999997,0.11
2023-09,Regular Pizza Box,-7074.72,441300.64999999997,-1.6
2023-09,Salad Bowl 250ml,-76.56999999999994,441300.64999999997,-0.02
2023-09,Salad Bowl 500ml,14.519999999999982,441300.64999999997,0.0
2023-09,Salt-sprinkle-powder,24.0,441300.64999999997,0.01
2023-09,Salt-sprinkle-powder,-24.0,441300.64999999997,-0.01
2023-09,Savoury Wedges 2.5 KG,940.0,441300.64999999997,0.21
2023-09,Schezwan Mix,105.0,441300.64999999997,0.02
2023-09,Schezwan sauce,-680.0,441300.64999999997,-0.15
2023-09,Slice Mango 200ml pet,600.67,441300.64999999997,0.14
2023-09,Slice Mango 200ml pet,-530.0,441300.64999999997,-0.12
2023-09,Slice Mango 600ml pet,240.66,441300.64999999997,0.05
2023-09,Soap Powder-500g,35.0,441300.64999999997,0.01
2023-09,Soya loose,64.0,441300.64999999997,0.01
2023-09,Strawberry sause 750,96.0,441300.64999999997,0.02
2023-09,Strawberry-Ice cream,-451.79999999999995,441300.64999999997,-0.1
2023-09,Sugar,19.5,441300.64999999997,0.0
2023-09,Sugar-Loose,102.60000000000001,441300.64999999997,0.02
2023-09,TAJIR JALAPENO SLICES 2.5 KG,-285.0,441300.64999999997,-0.06
2023-09,Tandoori Masala,112.56,441300.64999999997,0.03
2023-09,Tandoori Tikka Marinade 500Grm,-1150.0,441300.64999999997,-0.26
2023-09,Tandoori mix Masala,2900.8,441300.64999999997,0.66
2023-09,Tandoori mix Masala,-1408.9600000000003,441300.64999999997,-0.32
2023-09,Tea Loose,18.0,441300.64999999997,0.0
2023-09,Tissue,412.0,441300.64999999997,0.09
2023-09,Tissue Big,40.0,441300.64999999997,0.01
2023-09,Tomato-Veg,2183.0,441300.64999999997,0.49
2023-09,Tripod,-1776.0,441300.64999999997,-0.4
2023-09,Turmeric Powder-loose,7.920000000000002,441300.64999999997,0.0
2023-09,Vanilla Ice-cream,618.18,441300.64999999997,0.14
2023-09,Vanilla Ice-cream,-108.79999999999995,441300.64999999997,-0.02
2023-09,Veeba Chilli Flakes Seasoning(8G),793.8,441300.64999999997,0.18
2023-09,Veeba Eggless Mayonise Chef 1KG,700.0,441300.64999999997,0.16
2023-09,Veeba Eggless Mayonise Chef 1KG,-140.0,441300.64999999997,-0.03
2023-09,Veeba Gouda Flavoured Dressing,1720.32,441300.64999999997,0.39
2023-09,Veeba Gouda Flavoured Dressing,-430.0799999999999,441300.64999999997,-0.1
2023-09,Veeba Ketchup Sachet,1359.83,441300.64999999997,0.31
2023-09,Veeba Ketchup Sachet,297.55999999999995,441300.64999999997,0.07
2023-09,Veeba Makhani Gravy 1KG,645.12,441300.64999999997,0.15
2023-09,Veeba Makhani Gravy 1KG,-215.03999999999996,441300.64999999997,-0.05
2023-09,Veeba Pasta & Pizza Sauce 1KG,1900.0,441300.64999999997,0.43
2023-09,Veeba Pasta & Pizza Sauce 1KG,1310.88,441300.64999999997,0.3
2023-09,Veeba T. Ketchup 1.2KG,840.0,441300.64999999997,0.19
2023-09,Veeba Tandoori Spread-1kg,434.0,441300.64999999997,0.1
2023-09,Veeba Tandoori Spread-1kg,217.0,441300.64999999997,0.05
2023-09,Wooden Fork-160mm,210.0,441300.64999999997,0.05
2023-09,Wooden Spoon,90.0,441300.64999999997,0.02
2023-09,Wooden Spoon-160mm,93.75,441300.64999999997,0.02
2023-09,Zippy  B.Fast Sausage ,285.0,441300.64999999997,0.06
2023-09,Zippy Chicken Salami,937.44,441300.64999999997,0.21
2023-09,Zippy Chicken Salami,-468.72,441300.64999999997,-0.11
2023-09,brinjal-veg,30.0,441300.64999999997,0.01
2023-09,butter,760.0,441300.64999999997,0.17
2023-09,butter papper,87.5,441300.64999999997,0.02
2023-09,cashew,200.0,441300.64999999997,0.05
2023-09,churanga,51.0,441300.64999999997,0.01
2023-09,decoration-Baloon,30.0,441300.64999999997,0.01
2023-09,egg,750.0,441300.64999999997,0.17
2023-09,fish finger,-476.0,441300.64999999997,-0.11
2023-09,milk,212.0,441300.64999999997,0.05
2023-09,roasted peanuts,-405.0,441300.64999999997,-0.09
2023-09,staff rice,962.0,441300.64999999997,0.22
2023-09,super Meal,-80.0,441300.64999999997,-0.02
2023-08,7UP 1250ml Pet,1274.2399999999998,434914.75,0.29
2023-08,7UP 250 PET,1050.0,434914.75,0.24
2023-08,7UP 750 PET,1650.23,434914.75,0.38
2023-08,7UP 750ml Pet,-859.5,434914.75,-0.2
2023-08,7up 250ml Can,450.0,434914.75,0.1
2023-08,7up 250ml Pet,-630.0,434914.75,-0.14
2023-08,7up pet,2175.22,434914.75,0.5
2023-08,A.N.A Agencies-screw,12.0,434914.75,0.0
2023-08,AMUL Mozzarella Cheese Block 1Kg,33000.0,434914.75,7.59
2023-08,AMUL Mozzarella Cheese Block 1Kg,-2310.0,434914.75,-0.53
2023-08,APIS Honey 1kg,294.84,434914.75,0.07
2023-08,Airtel-mobile recharge,1799.0,434914.75,0.41
2023-08,Amul Diced Mozzerella Cheese,11328.0,434914.75,2.6
2023-08,Aqua Fina,167.99,434914.75,0.04
2023-08,Aqua Fina Mineral Water 1Ltr,83.99000000000001,434914.75,0.02
2023-08,Aromat Seasoning Powder,172.0,434914.75,0.04
2023-08,Atta Loose,205.0,434914.75,0.05
2023-08,BBQ MIX,930.0,434914.75,0.21
2023-08,BBQ Mix,930.0,434914.75,0.21
2023-08,BBQ Mix Masala,1238.7199999999998,434914.75,0.28
2023-08,BREAD PREMIX,480.0,434914.75,0.11
2023-08,Baby Corn Whole-450GM-Golden Crown,65.0,434914.75,0.01
2023-08,Baby Corn Whole-800GM-Tajir Habit,2240.0,434914.75,0.52
2023-08,Basil,183.0,434914.75,0.04
2023-08,Berry Fresh Banana Pulp,-81.0,434914.75,-0.02
2023-08,Berry Fresh Chicku Pulp,27.0,434914.75,0.01
2023-08,Berry Fresh Tender Coconut Pulp,210.0,434914.75,0.05
2023-08,Bio-Bag-10x14-140,552.0,434914.75,0.13
2023-08,Bio-Bag-13x16-90,138.0,434914.75,0.03
2023-08,Bio-Bag-16x20-50,460.0,434914.75,0.11
2023-08,Bio-Bag-20x26-35,575.0,434914.75,0.13
2023-08,Black Grapes,45.0,434914.75,0.01
2023-08,Black Olives Slice,1135.99,434914.75,0.26
2023-08,Black pepper,108.0,434914.75,0.02
2023-08,Blue Occean Flv Syrup,488.52,434914.75,0.11
2023-08,Bornless Chicken- pattambi,7612.8,434914.75,1.75
2023-08,Bread Premix,189.0,434914.75,0.04
2023-08,Bread Primix,480.0,434914.75,0.11
2023-08,Brownie,5239.0,434914.75,1.2
2023-08,Butter Scotch Ice-cream,772.99,434914.75,0.18
2023-08,Butter Scotch Sauce 750ml,147.35,434914.75,0.03
2023-08,Butter Scotch Sauce 750ml,-96.6,434914.75,-0.02
2023-08,CHICKEN KHEEMA MASALA,325.0,434914.75,0.07
2023-08,CHILLY FLAKES SACHET 0.8GM,-146.67,434914.75,-0.03
2023-08,Cashew nut,150.0,434914.75,0.03
2023-08,Cherry,30.0,434914.75,0.01
2023-08,Chettinad Mix,0.0,434914.75,0.0
2023-08,Chicken Kheema  Masala,-325.5,434914.75,-0.07
2023-08,Chicken Nuggets-Godrej-1kg,-32.0,434914.75,-0.01
2023-08,Chicken Sausage,-345.0,434914.75,-0.08
2023-08,Chili Cheese Poppers,919.99,434914.75,0.21
2023-08,Chilli Flakes-Puramate-400grm,-0.010000000000005116,434914.75,-0.0
2023-08,Chilli Flakes-Tasty Pixel-Veeba-Sachet-0.8g,2116.8,434914.75,0.49
2023-08,Chilli Flakes-Tasty Pixel-Veeba-Sachet-0.8g,50.8,434914.75,0.01
2023-08,Chilli Powder Loose,30.0,434914.75,0.01
2023-08,Chilly Flakes,143.85,434914.75,0.03
2023-08,Chilly Powder 1kg-Eastern,-99.0,434914.75,-0.02
2023-08,Chocolate Ice-cream,770.0,434914.75,0.18
2023-08,Chocolate Ice-cream,-700.0,434914.75,-0.16
2023-08,Coriander Powder-loose,16.0,434914.75,0.0
2023-08,Corn Meal - Chola Rava,-40.0,434914.75,-0.01
2023-08,Corn Meal - MAKKA RAVA,72.0,434914.75,0.02
2023-08,DVC BLUE OCCEAN FLV SYRUP 750ML,-146.55999999999995,434914.75,-0.03
2023-08,DVC Bubblegum Syrup Syrup 750 ml,488.52,434914.75,0.11
2023-08,DVC Bubblegum Syrup Syrup 750 ml,-390.82,434914.75,-0.09
2023-08,DVC Cucumber Syrup 750 ml,488.52,434914.75,0.11
2023-08,DVC Cucumber Syrup 750 ml,-488.52,434914.75,-0.11
2023-08,DVC Green Apple 750 ML,244.26,434914.75,0.06
2023-08,DVC MOJITO MINT 750ML,-2931.12,434914.75,-0.67
2023-08,DVC Mango Beverage Blend Syrup 750 ml,764.64,434914.75,0.18
2023-08,DVC Mango Beverage Blend Syrup 750 ml,-509.76,434914.75,-0.12
2023-08,DVC Mint Flavoured Syrup 750 ml,3541.68,434914.75,0.81
2023-08,DVC Mixed Berry Beverage Blend Syrup 750 ml,0.0,434914.75,0.0
2023-08,DVC PASSION FRUIT FLV SYRUP 750ML,1270.15,434914.75,0.29
2023-08,DVC PASSION FRUIT FLV SYRUP 750ML,-1954.08,434914.75,-0.45
2023-08,DVC Peach Garden Syrup Syrup 750 ml,-488.52,434914.75,-0.11
2023-08,DVC Peach GardenSyrup 750 ml,488.52,434914.75,0.11
2023-08,DVC Strawberry Syrup 750 ml,488.52,434914.75,0.11
2023-08,DVC Strawberry Syrup Syrup 750 ml,-488.52,434914.75,-0.11
2023-08,DVC Watermelon Syrup 750 ml,488.52,434914.75,0.11
2023-08,DVC Watermelon Syrup 750 ml,-195.41,434914.75,-0.04
2023-08,Dew,1345.2,434914.75,0.31
2023-08,Dew,465.0,434914.75,0.11
2023-08,Dew 250 PET,930.0,434914.75,0.21
2023-08,Dew 250ml Can,-450.0,434914.75,-0.1
2023-08,Dew 250ml Pet,-829.0,434914.75,-0.19
2023-08,Dew 500ml Pet,54.97,434914.75,0.01
2023-08,Dew 750 PET,825.1,434914.75,0.19
2023-08,Dew 750ml Pet,-893.88,434914.75,-0.21
2023-08,Dew Can,720.0,434914.75,0.17
2023-08,Diamond Hotel ware and Cutlerys-AW 067 Wooden Rect Pizza Bat,904.84,434914.75,0.21
2023-08,"Diamond Hotel ware and Cutlerys-Glare Hammered 8"" Rec Platter",1338.12,434914.75,0.31
2023-08,"Diamond Hotel ware and Cutlerys-Glare Remekin Bowl 2.5"" Black",318.6,434914.75,0.07
2023-08,"Diamond Hotel ware and Cutlerys-Glare Rock Dinner Plate 10.75""",1529.28,434914.75,0.35
2023-08,"Diamond Hotel ware and Cutlerys-Glare Rock Serving Bowl 6.5""",1253.16,434914.75,0.29
2023-08,Dip Bowl,59.0,434914.75,0.01
2023-08,Dried Yeast,475.97,434914.75,0.11
2023-08,Dried Yeast,-237.99,434914.75,-0.05
2023-08,Eggless Mayonise ,686.0,434914.75,0.16
2023-08,Exo Dishwash cake,28.8,434914.75,0.01
2023-08,FRENCH FRIES BOX,535.0,434914.75,0.12
2023-08,Flexi Cream Gold,3115.2,434914.75,0.72
2023-08,Flexi Cream Gold,-1362.9,434914.75,-0.31
2023-08,French Fries 6mm,6979.84,434914.75,1.6
2023-08,French Fries 6mm,-9100.0,434914.75,-2.09
2023-08,French Fries 6mm-Funwave,-574.39,434914.75,-0.13
2023-08,French Fries 6mm-Funwave 2.5 KG,9143.8,434914.75,2.1
2023-08,French Fries 9mm-Funwave,145.6,434914.75,0.03
2023-08,French Fries Box,1917.76,434914.75,0.44
2023-08,Fresh Garden Mint,2442.6,434914.75,0.56
2023-08,Frozen Sweet Corn,-750.0,434914.75,-0.17
2023-08,Frozen Sweet Corn-Pal Fresh,792.0,434914.75,0.18
2023-08,Frozen Sweet corn,495.0,434914.75,0.11
2023-08,G.Crown Mushroom Slice 800g,392.0,434914.75,0.09
2023-08,GARLIC BREAD BOx,1758.0,434914.75,0.4
2023-08,GBC Box,1758.0,434914.75,0.4
2023-08,GO Orange Cheddar Cheese 2kg,906.4000000000001,434914.75,0.21
2023-08,GO-Monterey Jack Cheese-2kg,0.0,434914.75,0.0
2023-08,Garlic Bread Box,562.56,434914.75,0.13
2023-08,Garlic Chilli Spread,808.49,434914.75,0.19
2023-08,Garlic Chilli Spread,-648.0,434914.75,-0.15
2023-08,Gas-LPG-IOCL,-3600.0,434914.75,-0.83
2023-08,Go Mozzerella Cheese,11290.0,434914.75,2.6
2023-08,Godrej chicken Nuggets ,639.99,434914.75,0.15
2023-08,Gouda Cheese,1053.7,434914.75,0.24
2023-08,Green Apple,488.52,434914.75,0.11
2023-08,HABIT JALAPENO SLICES 2.9 KG,1921.92,434914.75,0.44
2023-08,HERB MIX,850.0,434914.75,0.2
2023-08,HPCL-Gas,3460.0,434914.75,0.8
2023-08,HPCL-Gas,1730.0,434914.75,0.4
2023-08,HPCL-Gas,1730.0,434914.75,0.4
2023-08,HPCL-Petrol,1000.0,434914.75,0.23
2023-08,HPCL-Petrol,500.0,434914.75,0.11
2023-08,HPCL-gas,1730.0,434914.75,0.4
2023-08,Herb Mix,850.0,434914.75,0.2
2023-08,Herb Mix Masla,-206.63999999999987,434914.75,-0.05
2023-08,Hersheys Cocoa-70grm,-59.4,434914.75,-0.01
2023-08,Hersheys Syrup-200grm,18.8,434914.75,0.0
2023-08,I square-V3 Pin Cable,120.0,434914.75,0.03
2023-08,Ice cube,30.0,434914.75,0.01
2023-08,Indian Oil-petrol,500.0,434914.75,0.11
2023-08,Indian Oil-petrol,500.0,434914.75,0.11
2023-08,JIVO Pomace Olive Oil ,887.77,434914.75,0.2
2023-08,Jeerakham - Loose,-30.0,434914.75,-0.01
2023-08,Jumbo Cover-Blue,45.0,434914.75,0.01
2023-08,KOT Printing Rolls,1248.0,434914.75,0.29
2023-08,KT Coriander 1kg,-21.5,434914.75,-0.0
2023-08,KTP Vegitables-vegitables,3000.0,434914.75,0.69
2023-08,KTP Vegitables-vegitables,3000.0,434914.75,0.69
2023-08,KTP Vegitables-vegitables,2000.0,434914.75,0.46
2023-08,KTP Vegitables-vegitables,500.0,434914.75,0.11
2023-08,KTP Vegitables-vegitables,500.0,434914.75,0.11
2023-08,Kadai Gravy,388.07,434914.75,0.09
2023-08,Ketchup Sachet (8g),959.88,434914.75,0.22
2023-08,LAMB PEPPERONI,895.0,434914.75,0.21
2023-08,LARGE PIZZA BOX,2970.0,434914.75,0.68
2023-08,Lamp Pepperoni,-1223.95,434914.75,-0.28
2023-08,Large Box,2970.0,434914.75,0.68
2023-08,Large Pizza Box,1696.25,434914.75,0.39
2023-08,Lehar Soda,395.04,434914.75,0.09
2023-08,Lehar Soda,65.83999999999997,434914.75,0.02
2023-08,Local Purchase-Baloon,100.0,434914.75,0.02
2023-08,Local Purchase-Baloon,50.0,434914.75,0.01
2023-08,Local Purchase-Baloon Handle,40.0,434914.75,0.01
2023-08,Local Purchase-Baloon Handle,40.0,434914.75,0.01
2023-08,Local Purchase-Chicken,585.0,434914.75,0.13
2023-08,Local Purchase-Chicken Boneless,14587.0,434914.75,3.35
2023-08,Local Purchase-Chicken Masala,28.0,434914.75,0.01
2023-08,Local Purchase-Curd Milma,105.0,434914.75,0.02
2023-08,Local Purchase-Curd Milma,35.0,434914.75,0.01
2023-08,Local Purchase-Egg,90.0,434914.75,0.02
2023-08,Local Purchase-Egg,48.0,434914.75,0.01
2023-08,Local Purchase-Egg,48.0,434914.75,0.01
2023-08,Local Purchase-Egg,48.0,434914.75,0.01
2023-08,Local Purchase-Egg,36.0,434914.75,0.01
2023-08,Local Purchase-Gas HP,3460.0,434914.75,0.8
2023-08,Local Purchase-Green Plants,1540.0,434914.75,0.35
2023-08,Local Purchase-Ice-Cube,100.0,434914.75,0.02
2023-08,Local Purchase-LED Bulb 9w,150.0,434914.75,0.03
2023-08,Local Purchase-Local Purchase,5788.0,434914.75,1.33
2023-08,Local Purchase-Maida,2270.0,434914.75,0.52
2023-08,Local Purchase-Maida,2060.0,434914.75,0.47
2023-08,Local Purchase-Maida,2060.0,434914.75,0.47
2023-08,Local Purchase-Milk Milma,324.0,434914.75,0.07
2023-08,Local Purchase-Milk Milma,224.0,434914.75,0.05
2023-08,Local Purchase-Milk Milma,168.0,434914.75,0.04
2023-08,Local Purchase-Milk milma,168.0,434914.75,0.04
2023-08,Local Purchase-Mint,20.0,434914.75,0.0
2023-08,Local Purchase-Note Book,70.0,434914.75,0.02
2023-08,Local Purchase-Paneer,290.0,434914.75,0.07
2023-08,Local Purchase-Paneer And Butter,1340.0,434914.75,0.31
2023-08,Local Purchase-Pen,8.0,434914.75,0.0
2023-08,Local Purchase-SR200 Grip Plus,80.0,434914.75,0.02
2023-08,Local Purchase-Soya chunk,30.0,434914.75,0.01
2023-08,Local Purchase-Staff Chicken,286.0,434914.75,0.07
2023-08,Local Purchase-Steel Fork,228.0,434914.75,0.05
2023-08,Local Purchase-Steel Spoon Big,150.0,434914.75,0.03
2023-08,Local Purchase-Steel Spoon Small,120.0,434914.75,0.03
2023-08,Local Purchase-Stick,40.0,434914.75,0.01
2023-08,Local Purchase-agarbatti,40.0,434914.75,0.01
2023-08,Local Purchase-atta,117.0,434914.75,0.03
2023-08,Local Purchase-atta,117.0,434914.75,0.03
2023-08,Local Purchase-cashew nut,75.0,434914.75,0.02
2023-08,Local Purchase-cockroach chalk,15.0,434914.75,0.0
2023-08,Local Purchase-egg,264.0,434914.75,0.06
2023-08,Local Purchase-egg,138.0,434914.75,0.03
2023-08,Local Purchase-egg,72.0,434914.75,0.02
2023-08,Local Purchase-egg,42.0,434914.75,0.01
2023-08,Local Purchase-kadala,35.0,434914.75,0.01
2023-08,Local Purchase-lighter,20.0,434914.75,0.0
2023-08,Local Purchase-masoor dal red,160.0,434914.75,0.04
2023-08,Local Purchase-milk Milma,280.0,434914.75,0.06
2023-08,Local Purchase-milk Milma,168.0,434914.75,0.04
2023-08,Local Purchase-milk Milma,112.0,434914.75,0.03
2023-08,Local Purchase-milk Milma Toned,104.0,434914.75,0.02
2023-08,Local Purchase-milk milma,112.0,434914.75,0.03
2023-08,Local Purchase-milk milma,112.0,434914.75,0.03
2023-08,Local Purchase-milk milma,56.0,434914.75,0.01
2023-08,Local Purchase-palm oil,885.0,434914.75,0.2
2023-08,Local Purchase-paper plate,120.0,434914.75,0.03
2023-08,Local Purchase-pen,20.0,434914.75,0.0
2023-08,Local Purchase-surabi maida,4120.0,434914.75,0.95
2023-08,Local Purchase-vegetable,6500.0,434914.75,1.49
2023-08,Local Purchase-vegitables,3744.0,434914.75,0.86
2023-08,Local Purchase-voucher,112.0,434914.75,0.03
2023-08,Local Purchase-voucher,56.0,434914.75,0.01
2023-08,Local Purchase-whole chilli,28.0,434914.75,0.01
2023-08,MEDIUM PIZZA BOX,5750.0,434914.75,1.32
2023-08,MOCKTAIL GLASS,896.0,434914.75,0.21
2023-08,Maida(Porotta 50kg),1804.0,434914.75,0.41
2023-08,Maintenance-Bike tube replace,350.0,434914.75,0.08
2023-08,Maintenance-Make line Repair,2000.0,434914.75,0.46
2023-08,Makhani Sauce,421.48,434914.75,0.1
2023-08,Malas Chocolate Sauce 5 ltr,106.0,434914.75,0.02
2023-08,Mango Crush Sauce 750ml Malas,138.32,434914.75,0.03
2023-08,Masoor-Red,88.0,434914.75,0.02
2023-08,Mc Cain Potato Wedges 2.5kg,1926.4,434914.75,0.44
2023-08,Mc Cain Potato Wedges 2.5kg,115.58,434914.75,0.03
2023-08,Mc Cain Potato Wedges 2.5kg-Taha,-1240.79,434914.75,-0.29
2023-08,Medium Box,5750.0,434914.75,1.32
2023-08,Medium Pizza Box,3770.6,434914.75,0.87
2023-08,Mexican Masala,5197.92,434914.75,1.2
2023-08,Mexican Masala,-2620.8,434914.75,-0.6
2023-08,Micro 10x13,28.0,434914.75,0.01
2023-08,Micro 13x16,133.0,434914.75,0.03
2023-08,Micro 16x20,189.0,434914.75,0.04
2023-08,Micro 20x26,326.67,434914.75,0.08
2023-08,Micro 27x30,52.5,434914.75,0.01
2023-08,Milk,-50.0,434914.75,-0.01
2023-08,Milk Maid 400ml,76.88,434914.75,0.02
2023-08,MilkyMist-Mozzarella Cheese-shredded-2kg,11894.4,434914.75,2.73
2023-08,Mini Burger Box,968.9,434914.75,0.22
2023-08,Mini Burger Box,542.8,434914.75,0.12
2023-08,Mirinda 250ml pet,315.0,434914.75,0.07
2023-08,Mirinda 750 PET,825.1,434914.75,0.19
2023-08,Mirinda 750ml pet,-584.46,434914.75,-0.13
2023-08,Mixed Herb Loose,240.0,434914.75,0.06
2023-08,Moktails Glass,358.4000000000001,434914.75,0.08
2023-08,Mozzarella Diced Cheese,16991.65,434914.75,3.91
2023-08,Mushroom Slice,4704.0,434914.75,1.08
2023-08,Mustard-Oil,-52.5,434914.75,-0.01
2023-08,Nayara Energy-petrol,500.0,434914.75,0.11
2023-08,Nayara Energy-petrol,500.0,434914.75,0.11
2023-08,Neo Black Sliced Olives,0.0,434914.75,0.0
2023-08,Neo Red Paprika 3Kg,434.56000000000006,434914.75,0.1
2023-08,OREGANO SACHET 0.8GM,168.67,434914.75,0.04
2023-08,OREGANO SACHET 0.8GM,-440.0,434914.75,-0.1
2023-08,Oregano Sachet 0.8gm,659.99,434914.75,0.15
2023-08,Oregano Sprinkler,649.6,434914.75,0.15
2023-08,Oregano Sprinkler 500g,1918.35,434914.75,0.44
2023-08,Oregano Sprinkler 500g,-1827.0,434914.75,-0.42
2023-08,PASTHA CONTAINER,1790.0,434914.75,0.41
2023-08,PIZZA PREMIX,2400.0,434914.75,0.55
2023-08,PIZZA SAUCE PREMIX,650.0,434914.75,0.15
2023-08,PTM stores-nawab rice,962.0,434914.75,0.22
2023-08,Palm Oil - Refined Oil,686.0,434914.75,0.16
2023-08,Palm Oil - Refined Oil,-1078.0,434914.75,-0.25
2023-08,Paneer,-464.0,434914.75,-0.11
2023-08,Paneer Tikka Butter Masala,656.8800000000001,434914.75,0.15
2023-08,Paneer Tikka Butter Masala,-772.8,434914.75,-0.18
2023-08,Paper Glass,34.2,434914.75,0.01
2023-08,Paper Plates,64.0,434914.75,0.01
2023-08,Paper Straw,10.5,434914.75,0.0
2023-08,Paper Straw Big,45.0,434914.75,0.01
2023-08,Paper Straw Big,-4.5,434914.75,-0.0
2023-08,Paper Straw Small,-5.25,434914.75,-0.0
2023-08,Papper carry bag large,115.0,434914.75,0.03
2023-08,Papper carry bag medium,405.0,434914.75,0.09
2023-08,Papper carry bag small,24.0,434914.75,0.01
2023-08,Passion Fruit,488.52,434914.75,0.11
2023-08,Pasta Container,1790.0,434914.75,0.41
2023-08,Pasta Container Black,108.24000000000001,434914.75,0.02
2023-08,Pasta and Pizza Sause,2202.0,434914.75,0.51
2023-08,Pasta-Gomiti Rigatte,136.01,434914.75,0.03
2023-08,Pasta-Penne Rigatte,680.06,434914.75,0.16
2023-08,Pepperoni,895.0,434914.75,0.21
2023-08,Pepsi 1250ml Pet,521.28,434914.75,0.12
2023-08,Pepsi 250 PET,1050.0,434914.75,0.24
2023-08,Pepsi 250ml Can,270.0,434914.75,0.06
2023-08,Pepsi 250ml Pet,157.5,434914.75,0.04
2023-08,Pepsi 750 PET,1650.23,434914.75,0.38
2023-08,Pepsi 750ml Pet,-1409.58,434914.75,-0.32
2023-08,Pepsi pet,2570.15,434914.75,0.59
2023-08,Phoenix Ice Cubes-ice cubes,40.0,434914.75,0.01
2023-08,Pineapple slice,551.25,434914.75,0.13
2023-08,Pineapple slice-Tajir Habit-500g,-525.0,434914.75,-0.12
2023-08,Pineapple slice-Tajir Habit-850g,330.75,434914.75,0.08
2023-08,Piri Piri Marinade 1KG,578.5,434914.75,0.13
2023-08,Pizza Premix,2622.37,434914.75,0.6
2023-08,Pizza Primix,2400.0,434914.75,0.55
2023-08,Pizza Sauce Primix,650.0,434914.75,0.15
2023-08,Pizza sauce premix,-650.47,434914.75,-0.15
2023-08,Processed cheese block,1374.9899999999998,434914.75,0.32
2023-08,Puramate Basil 250g Pouch,78.0,434914.75,0.02
2023-08,Puramate Pasta-Gomiti Rigate 500g,350.88,434914.75,0.08
2023-08,Puramate Pasta-Penne Rigatte 500g,136.0,434914.75,0.03
2023-08,REGULAR PIZZA BOX,7200.0,434914.75,1.66
2023-08,Regular Box,7200.0,434914.75,1.66
2023-08,Regular Pizza Box,3814.8,434914.75,0.88
2023-08,Rent-Staff Room Remt,3600.0,434914.75,0.83
2023-08,Rice-Nawab-26kg,555.0,434914.75,0.13
2023-08,Royal HyperMarket-Corn Meal,90.0,434914.75,0.02
2023-08,Royal HyperMarket-Hersheys Chocolate syrup,99.0,434914.75,0.02
2023-08,Royal HyperMarket-Hersheys Cocoa powder,99.0,434914.75,0.02
2023-08,SALAD BOWL 250ML,262.5,434914.75,0.06
2023-08,SALAD BOWL 500ML,655.0,434914.75,0.15
2023-08,Salad Bowl (Big )500ml,655.0,434914.75,0.15
2023-08,Salad Bowl (Small )250ml,262.5,434914.75,0.06
2023-08,Salad Bowl 250ml,-53.00999999999999,434914.75,-0.01
2023-08,Salad Bowl 500ml,-450.12,434914.75,-0.1
2023-08,Salt Powder,10.0,434914.75,0.0
2023-08,Salt-sprinkle-powder,-24.0,434914.75,-0.01
2023-08,Satheesh-Waste Collection,500.0,434914.75,0.11
2023-08,Satheesh-Waste Collection,200.0,434914.75,0.05
2023-08,Satheesh-Waste Collection,100.0,434914.75,0.02
2023-08,Schezwan Mix,350.0,434914.75,0.08
2023-08,Schezwan Mix,-105.0,434914.75,-0.02
2023-08,Schezwan sauce,340.0,434914.75,0.08
2023-08,Sherif Cherpulasery-Whole chicken,380.0,434914.75,0.09
2023-08,Sherif Cherpulasery-Whole chicken,339.0,434914.75,0.08
2023-08,Sherif Cherpulasery-Whole chicken,290.0,434914.75,0.07
2023-08,Slice Mango,1060.19,434914.75,0.24
2023-08,Slice Mango 200ml pet,-600.67,434914.75,-0.14
2023-08,Slice Mango 250ml pet,141.36,434914.75,0.03
2023-08,Slice Mango 600 PET,412.56,434914.75,0.09
2023-08,Slice Mango 600ml pet,-171.89999999999998,434914.75,-0.04
2023-08,Srinivasan-Vanilla Ice Cream,1088.0,434914.75,0.25
2023-08,Strawberry,488.52,434914.75,0.11
2023-08,Strawberry sause 750,106.67,434914.75,0.02
2023-08,Strawberry sause 750,-96.0,434914.75,-0.02
2023-08,Strawberry-Ice cream,0.0,434914.75,0.0
2023-08,Sugar,-19.5,434914.75,-0.0
2023-08,Sugar-Loose,7.599999999999998,434914.75,0.0
2023-08,TAJIR JALAPENO SLICES 2.5 KG,-570.0,434914.75,-0.13
2023-08,TANDOORI MIX,1185.0,434914.75,0.27
2023-08,Tandoori Chicken Masala-Bakers,65.0,434914.75,0.01
2023-08,Tandoori Masala,-75.04,434914.75,-0.02
2023-08,Tandoori Mix,1185.0,434914.75,0.27
2023-08,Tandoori Spread,431.18,434914.75,0.1
2023-08,Tandoori Tikka Marinade 500Grm,517.5,434914.75,0.12
2023-08,Tandoori mix Masala,-828.8,434914.75,-0.19
2023-08,Tandoori mix Masala,-911.6800000000003,434914.75,-0.21
2023-08,Tasty Fixel Chilly Flakes 0.8gm,529.2,434914.75,0.12
2023-08,Tea Loose,0.0,434914.75,0.0
2023-08,Tissue Big,-40.0,434914.75,-0.01
2023-08,Tissue-Energy-Big,108.0,434914.75,0.02
2023-08,Transportation-Auto fare,550.0,434914.75,0.13
2023-08,Transportation-vegitables,60.0,434914.75,0.01
2023-08,Transportation-vegitables,30.0,434914.75,0.01
2023-08,Tripod,1420.8,434914.75,0.33
2023-08,Turmeric Powder-loose,-26.400000000000002,434914.75,-0.01
2023-08,Vanilla Ice-cream,-98.90999999999997,434914.75,-0.02
2023-08,Veeba Chilli Flakes Seasoning(8G),-793.8,434914.75,-0.18
2023-08,Veeba Eggless Mayonise Chef 1KG,700.0,434914.75,0.16
2023-08,Veeba Eggless Mayonise Chef 1KG,-140.0,434914.75,-0.03
2023-08,Veeba Gouda Flavoured Dressing,322.56000000000006,434914.75,0.07
2023-08,Veeba Ketchup Sachet,1070.27,434914.75,0.25
2023-08,Veeba Ketchup Sachet,-639.92,434914.75,-0.15
2023-08,Veeba Makhani Gravy 1KG,430.08,434914.75,0.1
2023-08,Veeba Makhani Gravy 1KG,-645.12,434914.75,-0.15
2023-08,Veeba Pasta & Pizza Sauce 1KG,2850.0,434914.75,0.66
2023-08,Veeba Pasta & Pizza Sauce 1KG,-1900.0,434914.75,-0.44
2023-08,Veeba T. Ketchup 1.2KG,420.0,434914.75,0.1
2023-08,Veeba Tandoori Spread-1kg,434.0,434914.75,0.1
2023-08,Veeba Tandoori Spread-1kg,-217.0,434914.75,-0.05
2023-08,Veeba ThousandIsland Dressing 1KG,563.97,434914.75,0.13
2023-08,Vineger,4.2,434914.75,0.0
2023-08,Wooden Fork-160mm,105.0,434914.75,0.02
2023-08,Wooden Spoon-140mm,15.6,434914.75,0.0
2023-08,Wooden Spoon-160mm,37.5,434914.75,0.01
2023-08,Zippy  B.Fast Sausage ,702.24,434914.75,0.16
2023-08,Zippy Chicken Salami,-624.96,434914.75,-0.14
2023-08,babu palakkad-Butter,760.0,434914.75,0.17
2023-08,babu palakkad-Butter,380.0,434914.75,0.09
2023-08,babu palakkad-butter,760.0,434914.75,0.17
2023-08,babu palakkad-paneer,290.0,434914.75,0.07
2023-08,babu palakkad-paneer,290.0,434914.75,0.07
2023-08,badam,60.0,434914.75,0.01
2023-08,butter,380.0,434914.75,0.09
2023-08,butter papper,105.0,434914.75,0.02
2023-08,cake lakes-Sugar Ball,80.0,434914.75,0.02
2023-08,cello tape,115.0,434914.75,0.03
2023-08,egg,48.0,434914.75,0.01
2023-08,five Star Traders-Chilly Powder,110.0,434914.75,0.03
2023-08,five Star Traders-Chilly Powder,55.0,434914.75,0.01
2023-08,five Star Traders-Coriander Powder,65.0,434914.75,0.01
2023-08,five Star Traders-Coriander Powder,35.0,434914.75,0.01
2023-08,five Star Traders-Mustard oil,180.0,434914.75,0.04
2023-08,five Star Traders-Soya chunk,54.0,434914.75,0.01
2023-08,five Star Traders-Tandoori Chicken Masala,148.0,434914.75,0.03
2023-08,five Star Traders-Turmeric powder,70.0,434914.75,0.02
2023-08,five Star Traders-atta,390.0,434914.75,0.09
2023-08,five Star Traders-atta,195.0,434914.75,0.04
2023-08,five Star Traders-black papper,128.0,434914.75,0.03
2023-08,five Star Traders-cashew nut,75.0,434914.75,0.02
2023-08,five Star Traders-horlicks,20.0,434914.75,0.0
2023-08,five Star Traders-jeerakam,70.0,434914.75,0.02
2023-08,five Star Traders-kadala,35.0,434914.75,0.01
2023-08,five Star Traders-palm oil,880.0,434914.75,0.2
2023-08,five Star Traders-palm oil,875.0,434914.75,0.2
2023-08,five Star Traders-salt powder,20.0,434914.75,0.0
2023-08,five Star Traders-soap powder,30.0,434914.75,0.01
2023-08,five Star Traders-sugar,160.0,434914.75,0.04
2023-08,five Star Traders-tea loose,45.0,434914.75,0.01
2023-08,kheema Masala,325.0,434914.75,0.07
2023-08,labour Charges-Union Charges,10.0,434914.75,0.0
2023-08,labour Charges-Union Charges,10.0,434914.75,0.0
2023-08,labour Charges-maida,10.0,434914.75,0.0
2023-08,mbS Traders-Cherry,30.0,434914.75,0.01
2023-08,mbS Traders-Cling Film,120.0,434914.75,0.03
2023-08,mbS Traders-Micro 20x26,140.0,434914.75,0.03
2023-08,mbS Traders-Vilakenna,55.0,434914.75,0.01
2023-08,mbS Traders-agarbatti,50.0,434914.75,0.01
2023-08,mbS Traders-exo dishwash cake,50.0,434914.75,0.01
2023-08,mbS Traders-jumbo cover,75.0,434914.75,0.02
2023-08,mbS Traders-micro 10x14,140.0,434914.75,0.03
2023-08,mbS Traders-micro 16x20,280.0,434914.75,0.06
2023-08,mbS Traders-micro 27x30,150.0,434914.75,0.03
2023-08,mbS Traders-paper glass,140.0,434914.75,0.03
2023-08,mbS Traders-paper straw small,35.0,434914.75,0.01
2023-08,mbS Traders-paper straw small,35.0,434914.75,0.01
2023-08,mbS Traders-tissue Big size,180.0,434914.75,0.04
2023-08,mbS Traders-tissue Big size,90.0,434914.75,0.02
2023-08,milk-Milma-525ml,168.0,434914.75,0.04
2023-08,moktails Glass,896.0,434914.75,0.21
2023-08,plastic Cover-1kg,80.0,434914.75,0.02
2023-08,plastic cover-HM- 5kg,102.0,434914.75,0.02
2023-08,salami,1171.8,434914.75,0.27
2023-07,7UP 1250ml Pet,-1216.32,532297.35,-0.23
2023-07,7UP 750ml Pet,68.75999999999999,532297.35,0.01
2023-07,7up 250ml Can,360.0,532297.35,0.07
2023-07,7up 250ml Pet,140.0,532297.35,0.03
2023-07,AMUL Mozzarella Cheese Block 1Kg,-15295.5,532297.35,-2.87
2023-07,APIS Honey 1kg,-131.03999999999996,532297.35,-0.02
2023-07,Amul-Mozzarella Diced Cheese-1Kg,45513.36,532297.35,8.55
2023-07,Apis-Honey-1Ltr,312.0,532297.35,0.06
2023-07,Aqua Fina Mineral Water 1Ltr,-56.0,532297.35,-0.01
2023-07,Aromat Seasoning Powder,-172.0,532297.35,-0.03
2023-07,Atta Loose,0.0,532297.35,0.0
2023-07,BBQ Mix Masala,-929.04,532297.35,-0.17
2023-07,Baby Corn Whole-450GM-Golden Crown,0.0,532297.35,0.0
2023-07,Baby Corn Whole-800GM-Tajir Habit,-2240.0,532297.35,-0.42
2023-07,Berry Fresh Banana Pulp,0.0,532297.35,0.0
2023-07,Berry Fresh Chicku Pulp,-162.0,532297.35,-0.03
2023-07,Berry Fresh Tender Coconut Pulp,-350.0,532297.35,-0.07
2023-07,Bio-Bag-10x14-140,-465.75,532297.35,-0.09
2023-07,Bio-Bag-13x16-90,36.80000000000001,532297.35,0.01
2023-07,Bio-Bag-16x20-50,-460.0,532297.35,-0.09
2023-07,Bio-Bag-20x26-35,-473.8,532297.35,-0.09
2023-07,Black Grapes,0.0,532297.35,0.0
2023-07,Black pepper,0.0,532297.35,0.0
2023-07,Bornless Chicken- pattambi,-5270.4,532297.35,-0.99
2023-07,Bread Premix,-519.75,532297.35,-0.1
2023-07,Brownie,-5239.0,532297.35,-0.98
2023-07,Butter Scotch Ice-cream,-1335.17,532297.35,-0.25
2023-07,Butter Scotch Sauce 750ml,138.0,532297.35,0.03
2023-07,Butter Scotch Sauce 750ml,-147.35,532297.35,-0.03
2023-07,Cashew nut,-75.0,532297.35,-0.01
2023-07,Celotape-3/4inch-,230.0,532297.35,0.04
2023-07,Centreal Bazar-Parsley Herbs,99.0,532297.35,0.02
2023-07,Chefs Art-Piri Piri Marinade-1Kg,417.4,532297.35,0.08
2023-07,Cherry,0.0,532297.35,0.0
2023-07,Chettinad Mix,0.0,532297.35,0.0
2023-07,Chicken Kheema  Masala,65.09999999999997,532297.35,0.01
2023-07,Chicken Nuggets-Godrej-1kg,-192.0,532297.35,-0.04
2023-07,Chilli Flakes-Puramate-400grm,-35.959999999999994,532297.35,-0.01
2023-07,Chilli Flakes-Tasty Pixel-Veeba-Sachet-0.8g,-50.8,532297.35,-0.01
2023-07,Chilli Flakes-Tasty Pixel-Veeba-Sachet-0.8g,-1550.5600000000002,532297.35,-0.29
2023-07,Chilli Powder Loose,70.0,532297.35,0.01
2023-07,Chocolate Ice-cream,-175.0,532297.35,-0.03
2023-07,Chocolate Ice-cream,-770.0,532297.35,-0.14
2023-07,Coriander Powder-loose,64.0,532297.35,0.01
2023-07,Corn Meal - Chola Rava,184.0,532297.35,0.03
2023-07,Corn Meal - MAKKA RAVA,-72.0,532297.35,-0.01
2023-07,Crest-Frozen Sweet Corn-1Kg,990.0,532297.35,0.19
2023-07,DVC BLUE OCCEAN FLV SYRUP 750ML,146.55999999999995,532297.35,0.03
2023-07,DVC Bubblegum Syrup Syrup 750 ml,-488.52,532297.35,-0.09
2023-07,DVC Cucumber Syrup 750 ml,-488.52,532297.35,-0.09
2023-07,DVC Green Apple 750 ML,586.22,532297.35,0.11
2023-07,DVC Green Apple 750 ML,-244.26,532297.35,-0.05
2023-07,DVC Mango Beverage Blend Syrup 750 ml,-764.64,532297.35,-0.14
2023-07,DVC Mint Flavoured Syrup 750 ml,-2376.66,532297.35,-0.45
2023-07,DVC Mixed Berry Beverage Blend Syrup 750 ml,-764.64,532297.35,-0.14
2023-07,DVC PASSION FRUIT FLV SYRUP 750ML,97.70999999999981,532297.35,0.02
2023-07,DVC Peach GardenSyrup 750 ml,-488.52,532297.35,-0.09
2023-07,DVC Strawberry Syrup 750 ml,-488.52,532297.35,-0.09
2023-07,DVC Watermelon Syrup 750 ml,-488.52,532297.35,-0.09
2023-07,Dew 250ml Can,270.0,532297.35,0.05
2023-07,Dew 250ml Pet,507.5,532297.35,0.1
2023-07,Dew 500ml Pet,450.0,532297.35,0.08
2023-07,Dew 750ml Pet,515.7,532297.35,0.1
2023-07,Dip Bowl,53.10000000000002,532297.35,0.01
2023-07,Dried Yeast,356.98,532297.35,0.07
2023-07,Dried Yeast,-475.97,532297.35,-0.09
2023-07,Dvc-Blue Occean Flv Syrup-750Ml,414.0,532297.35,0.08
2023-07,Dvc-Bubblegum-750Ml,414.0,532297.35,0.08
2023-07,Dvc-Cucumber-750Ml,414.0,532297.35,0.08
2023-07,Dvc-Fresh Garden Mint-750Ml,4140.0,532297.35,0.78
2023-07,Dvc-Green Apple-750Ml,414.0,532297.35,0.08
2023-07,Dvc-Mango Beverage Blend-750Ml,648.0,532297.35,0.12
2023-07,Dvc-Mixed Berry Beverage Blend-750Ml,648.0,532297.35,0.12
2023-07,Dvc-Passion Fruit-750Ml,828.0,532297.35,0.16
2023-07,Dvc-Peach Garden Syrup-750Ml,414.0,532297.35,0.08
2023-07,Dvc-Strawberry-750Ml,414.0,532297.35,0.08
2023-07,Dvc-Watermelon Syrup-750Ml,414.0,532297.35,0.08
2023-07,Elite-Maida-50Kg,10150.0,532297.35,1.91
2023-07,Entree-Jalapeno Slices-2.9 Kg,798.21,532297.35,0.15
2023-07,Essar Associates-Soft Drink Bill,3808.0,532297.35,0.72
2023-07,Exo Dishwash cake,9.599999999999998,532297.35,0.0
2023-07,Faizal Pattambi-Bornless Chicken,9524.0,532297.35,1.79
2023-07,Flexi Cream Gold,-292.05000000000007,532297.35,-0.05
2023-07,Flexi-Flexi Cream Gold-1Kg,1980.0,532297.35,0.37
2023-07,French Fries 6mm-Funwave 2.5 KG,-7782.699999999999,532297.35,-1.46
2023-07,French Fries 9mm-Funwave,-145.6,532297.35,-0.03
2023-07,French Fries Box,65.13000000000011,532297.35,0.01
2023-07,Frozen Sweet Corn,625.0,532297.35,0.12
2023-07,Frozen Sweet Corn-Pal Fresh,-792.0,532297.35,-0.15
2023-07,Funwave-French Fries 6Mm-2.5Kg,7790.0,532297.35,1.46
2023-07,G.Crown Mushroom Slice 800g,-686.0,532297.35,-0.13
2023-07,GO Orange Cheddar Cheese 2kg,-283.25,532297.35,-0.05
2023-07,GO-Monterey Jack Cheese-2kg,122.0,532297.35,0.02
2023-07,Garlic Bread Box,-149.42999999999995,532297.35,-0.03
2023-07,Garlic Chilli Spread,162.0,532297.35,0.03
2023-07,Golden Crown-Baby Corn Whole-450Gm,130.0,532297.35,0.02
2023-07,Golden Crown-Mushroom Slice-800Gm,7104.0,532297.35,1.33
2023-07,HABIT JALAPENO SLICES 2.9 KG,-1921.92,532297.35,-0.36
2023-07,HPCL-GAS,3640.0,532297.35,0.68
2023-07,HPCL-GAS,1810.0,532297.35,0.34
2023-07,HPCL-Gas,1820.0,532297.35,0.34
2023-07,HPCL-gas,7280.0,532297.35,1.37
2023-07,Herb Mix Masla,183.67999999999984,532297.35,0.03
2023-07,Hersheys Cocoa-70grm,-39.6,532297.35,-0.01
2023-07,Hersheys Syrup-200grm,94.0,532297.35,0.02
2023-07,Hersheys Syrup-200grm,-18.8,532297.35,-0.0
2023-07,Ice cube,-15.0,532297.35,-0.0
2023-07,Isha Fresh Vegitalbles-Eng Veg,997.0,532297.35,0.19
2023-07,JIVO Pomace Olive Oil ,469.01,532297.35,0.09
2023-07,JIVO Pomace Olive Oil ,-1390.29,532297.35,-0.26
2023-07,Jeerakham - Loose,30.0,532297.35,0.01
2023-07,Jivo-Pomace Olive Oil-1Ltr,1857.15,532297.35,0.35
2023-07,Jumbo Cover-Blue,-45.0,532297.35,-0.01
2023-07,KOT Printing Rolls,208.0,532297.35,0.04
2023-07,KTP Vegitables-vegitables,23500.0,532297.35,4.41
2023-07,Knorr-Aromat Seasoning Powder-500Grm,153.57,532297.35,0.03
2023-07,Lamp Pepperoni,282.45000000000005,532297.35,0.05
2023-07,Large Pizza Box,1017.75,532297.35,0.19
2023-07,Lehar Soda,-164.59999999999997,532297.35,-0.03
2023-07,Lion Honey 1kg,48.3,532297.35,0.01
2023-07,Local Purchase-Bio Bag,1320.0,532297.35,0.25
2023-07,Local Purchase-Curd Milma,455.0,532297.35,0.09
2023-07,Local Purchase-Egg,78.0,532297.35,0.01
2023-07,Local Purchase-Garam Masala,44.0,532297.35,0.01
2023-07,Local Purchase-Milk 450ml,300.0,532297.35,0.06
2023-07,Local Purchase-Milk Milma,492.0,532297.35,0.09
2023-07,Local Purchase-Milk milma,224.0,532297.35,0.04
2023-07,Local Purchase-Poly Dust,45.0,532297.35,0.01
2023-07,Local Purchase-Price sticker,50.0,532297.35,0.01
2023-07,Local Purchase-Scrubber,5.0,532297.35,0.0
2023-07,Local Purchase-Stick,40.0,532297.35,0.01
2023-07,Local Purchase-agarbatti,20.0,532297.35,0.0
2023-07,Local Purchase-apple,50.0,532297.35,0.01
2023-07,Local Purchase-egg,1163.0,532297.35,0.22
2023-07,Local Purchase-lemon,20.0,532297.35,0.0
2023-07,Local Purchase-lighter,10.0,532297.35,0.0
2023-07,Local Purchase-micro,140.0,532297.35,0.03
2023-07,Local Purchase-milk Milma,728.0,532297.35,0.14
2023-07,Local Purchase-milk Milma Toned,364.0,532297.35,0.07
2023-07,Local Purchase-milk milma,884.0,532297.35,0.17
2023-07,Local Purchase-plastic scrubber,20.0,532297.35,0.0
2023-07,Local Purchase-soap powder,30.0,532297.35,0.01
2023-07,Local Purchase-stick,20.0,532297.35,0.0
2023-07,Looco'S-Bbq Mix-1Kg,465.0,532297.35,0.09
2023-07,Looco'S-Browny-1Kg,3465.0,532297.35,0.65
2023-07,Looco'S-French Fries Box-25Nos,1070.0,532297.35,0.2
2023-07,Looco'S-Gbc Box-50Nos,825.0,532297.35,0.15
2023-07,Looco'S-Herb Mix-1Kg,850.0,532297.35,0.16
2023-07,Looco'S-Large Box-50Nos,1485.0,532297.35,0.28
2023-07,Looco'S-Medium Box-50Nos,3450.0,532297.35,0.65
2023-07,Looco'S-Mexican Mix-1Kg,7470.0,532297.35,1.4
2023-07,Looco'S-Moktails Glass-50Nos,896.0,532297.35,0.17
2023-07,Looco'S-Paneer Tikka Butter Masala -1Kg,1125.0,532297.35,0.21
2023-07,Looco'S-Paper Bag Medium-Nos,1425.0,532297.35,0.27
2023-07,Looco'S-Paper Bag Regular-Nos,1275.0,532297.35,0.24
2023-07,Looco'S-Pepperoni-1Kg,470.96,532297.35,0.09
2023-07,Looco'S-Pizza Primix-1Kg,7440.0,532297.35,1.4
2023-07,Looco'S-Pizza Sauce Primix-1Kg,1300.0,532297.35,0.24
2023-07,Looco'S-Regular Box-50Nos,7200.0,532297.35,1.35
2023-07,Looco'S-Schezwan Mix-1Kg,350.0,532297.35,0.07
2023-07,Looco'S-Tandoori Mix-1Kg,1580.0,532297.35,0.3
2023-07,Looco'S-Tripod-500Nos,675.0,532297.35,0.13
2023-07,MBS Traders-agarbatti,20.0,532297.35,0.0
2023-07,MBS Traders-tissue Big size,80.0,532297.35,0.02
2023-07,MBS Traders-tooth pick,20.0,532297.35,0.0
2023-07,Maida(Porotta 50kg),246.0,532297.35,0.05
2023-07,Malas Chocolate Sauce 5 ltr,169.60000000000002,532297.35,0.03
2023-07,Mango Crush Sauce 750ml Malas,0.0,532297.35,0.0
2023-07,Mansoor Traders-Wooden Fork,170.0,532297.35,0.03
2023-07,Mansoor Traders-Wooden Spoon,158.0,532297.35,0.03
2023-07,Masoor-Red,112.0,532297.35,0.02
2023-07,Mc Cain Potato Wedges 2.5kg,-115.58,532297.35,-0.02
2023-07,Mc Cain Potato Wedges 2.5kg,-915.0400000000001,532297.35,-0.17
2023-07,Meatza-Godrej Chicken Nuggets -1Kg,857.13,532297.35,0.16
2023-07,Medium Pizza Box,609.9500000000003,532297.35,0.11
2023-07,Mexican Masala,-4542.72,532297.35,-0.85
2023-07,Micro 10x13,140.0,532297.35,0.03
2023-07,Micro 10x13,-28.0,532297.35,-0.01
2023-07,Micro 13x16,210.0,532297.35,0.04
2023-07,Micro 13x16,-133.0,532297.35,-0.02
2023-07,Micro 16x20,210.0,532297.35,0.04
2023-07,Micro 16x20,-189.0,532297.35,-0.04
2023-07,Micro 20x26,294.0,532297.35,0.06
2023-07,Micro 20x26,-326.67,532297.35,-0.06
2023-07,Micro 27x30,234.0,532297.35,0.04
2023-07,Micro 27x30,-52.5,532297.35,-0.01
2023-07,Milk Maid 400ml,123.0,532297.35,0.02
2023-07,Milk Maid 400ml,-76.88,532297.35,-0.01
2023-07,Milky Mist-Mozzarella Diced Cheese-2Kg,5132.22,532297.35,0.96
2023-07,Milky Mist-Processed Cheese Block-1Kg,1964.28,532297.35,0.37
2023-07,MilkyMist-Mozzarella Cheese-shredded-2kg,-11894.4,532297.35,-2.23
2023-07,Mini Burger Box,423.38,532297.35,0.08
2023-07,Mirinda 250ml pet,52.5,532297.35,0.01
2023-07,Mirinda 750ml pet,0.0,532297.35,0.0
2023-07,Mixed Herb Loose,240.0,532297.35,0.05
2023-07,Moktails Glass,-609.2800000000002,532297.35,-0.11
2023-07,Mustard-Oil,52.5,532297.35,0.01
2023-07,Neo Black Sliced Olives,-1878.24,532297.35,-0.35
2023-07,Neo Red Paprika 3Kg,217.27999999999997,532297.35,0.04
2023-07,Neo-Black Sliced Olives-3kg,1565.2,532297.35,0.29
2023-07,Neo-Red Paprika Slice-2.5Kg,388.0,532297.35,0.07
2023-07,OREGANO SACHET 0.8GM,638.0,532297.35,0.12
2023-07,OREGANO SACHET 0.8GM,-168.67,532297.35,-0.03
2023-07,Oregano Sprinkler 500g,-913.4999999999998,532297.35,-0.17
2023-07,PTM stores-nawab rice,962.0,532297.35,0.18
2023-07,PTM stores-whole chilli,26.0,532297.35,0.0
2023-07,Palm Oil - Refined Oil,588.0,532297.35,0.11
2023-07,Paneer,29.0,532297.35,0.01
2023-07,Paneer Tikka Butter Masala,-270.48,532297.35,-0.05
2023-07,Paper Glass,180.0,532297.35,0.03
2023-07,Paper Glass,-124.2,532297.35,-0.02
2023-07,Paper Plates,46.0,532297.35,0.01
2023-07,Paper Straw,-10.5,532297.35,-0.0
2023-07,Paper Straw Big,0.0,532297.35,0.0
2023-07,Paper Straw Small,17.5,532297.35,0.0
2023-07,Papper carry bag large,333.5,532297.35,0.06
2023-07,Papper carry bag medium,-324.0,532297.35,-0.06
2023-07,Papper carry bag small,96.0,532297.35,0.02
2023-07,Pasta Container Black,883.96,532297.35,0.17
2023-07,Pepsi 1250ml Pet,-347.52,532297.35,-0.07
2023-07,Pepsi 250ml Can,510.0,532297.35,0.1
2023-07,Pepsi 250ml Pet,-52.5,532297.35,-0.01
2023-07,Pepsi 750ml Pet,825.12,532297.35,0.16
2023-07,Pepsi-7Up Pet-1250Ml,4070.94,532297.35,0.76
2023-07,Pepsi-7Up Pet-250Ml,1050.0,532297.35,0.2
2023-07,Pepsi-7Up Pet-750Ml,1650.24,532297.35,0.31
2023-07,Pepsi-Aqua Fina-1Ltr,336.0,532297.35,0.06
2023-07,Pepsi-Dew-500Ml,325.05,532297.35,0.06
2023-07,Pepsi-Dew-750Ml,3536.28,532297.35,0.66
2023-07,Pepsi-Lehar Soda-750Ml,790.08,532297.35,0.15
2023-07,Pepsi-Mirinda-250Ml,187.5,532297.35,0.04
2023-07,Pepsi-Mirinda-750Ml,3536.28,532297.35,0.66
2023-07,Pepsi-Pepsi Pet-1250Ml,2085.12,532297.35,0.39
2023-07,Pepsi-Pepsi Pet-250Ml,1575.0,532297.35,0.3
2023-07,Pepsi-Pepsi Pet-750Ml,2475.36,532297.35,0.47
2023-07,Pepsi-Slice Mango-250Ml,236.7,532297.35,0.04
2023-07,Pepsi-Slice Mango-600Ml,368.4,532297.35,0.07
2023-07,Phoenix Ice Cubes-ice cubes,110.0,532297.35,0.02
2023-07,Pineapple slice-Tajir Habit-500g,420.0,532297.35,0.08
2023-07,Pineapple slice-Tajir Habit-850g,-330.75,532297.35,-0.06
2023-07,Piri Piri Marinade 1KG,89.0,532297.35,0.02
2023-07,Pizza Premix,-2480.62,532297.35,-0.47
2023-07,Pizza sauce premix,-92.92999999999995,532297.35,-0.02
2023-07,Prime-Instant Dried Yeast-500Gm,758.9,532297.35,0.14
2023-07,Processed cheese block,-550.0,532297.35,-0.1
2023-07,Puramate Basil 250g Pouch,0.0,532297.35,0.0
2023-07,Puramate Pasta-Gomiti Rigate 500g,272.0,532297.35,0.05
2023-07,Puramate Pasta-Gomiti Rigate 500g,-350.88,532297.35,-0.07
2023-07,Puramate Pasta-Penne Rigatte 500g,-68.0,532297.35,-0.01
2023-07,Puramate-Pasta-Gomiti Rigatte-500Gm,242.88,532297.35,0.05
2023-07,Puramate-Pasta-Penne Rigatte-500Gm,971.52,532297.35,0.18
2023-07,Regular Pizza Box,-1213.8000000000002,532297.35,-0.23
2023-07,Rice-Nawab-26kg,259.0,532297.35,0.05
2023-07,Royal HyperMarket-Hersheys Cocoa powder,99.0,532297.35,0.02
2023-07,Safa Books -Pen,10.0,532297.35,0.0
2023-07,Safa Books -Whitner,25.0,532297.35,0.0
2023-07,Salad Bowl 250ml,212.03999999999996,532297.35,0.04
2023-07,Salad Bowl 500ml,493.67999999999995,532297.35,0.09
2023-07,Salt Powder,30.0,532297.35,0.01
2023-07,Salt Powder,-10.0,532297.35,-0.0
2023-07,Salva Food Agencies-Pasta Pizza Sauce,2204.0,532297.35,0.41
2023-07,Schezwan Mix,-350.0,532297.35,-0.07
2023-07,Schezwan sauce,-340.0,532297.35,-0.06
2023-07,Sherif Cherpulasery-Whole chicken,872.0,532297.35,0.16
2023-07,Sherif Cherpulasery-whole chicken,633.0,532297.35,0.12
2023-07,Sirocco-Black Olives Slice-3 Kg,1014.28,532297.35,0.19
2023-07,Slice Mango 250ml pet,388.74,532297.35,0.07
2023-07,Slice Mango 600ml pet,-103.14000000000001,532297.35,-0.02
2023-07,Srinivasan-Butter Scotch Ice Cream,773.0,532297.35,0.15
2023-07,Srinivasan-Chocolate Ice Cream ,1540.0,532297.35,0.29
2023-07,Srinivasan-Strawberry Ice cream,629.0,532297.35,0.12
2023-07,Srinivasan-Vanilla Ice Cream,1632.0,532297.35,0.31
2023-07,Strawberry sause 750,80.0,532297.35,0.02
2023-07,Strawberry sause 750,-106.67,532297.35,-0.02
2023-07,Strawberry-Ice cream,182.55,532297.35,0.03
2023-07,Strawberry-Ice cream,-502.0,532297.35,-0.09
2023-07,Sugar-Loose,102.6,532297.35,0.02
2023-07,TAJIR JALAPENO SLICES 2.5 KG,997.5,532297.35,0.19
2023-07,Tajir Habit-Baby Corn Whole-800Gm,990.0,532297.35,0.19
2023-07,Tajir Habit-Jalapeno Slices-2.9 Kg,1710.0,532297.35,0.32
2023-07,Tajir Habit-Pineapple Slice-500Gm,210.0,532297.35,0.04
2023-07,Tandoori Chicken Masala-Bakers,65.0,532297.35,0.01
2023-07,Tandoori Tikka Marinade 500Grm,575.0,532297.35,0.11
2023-07,Tandoori Tikka Marinade 500Grm,-517.5,532297.35,-0.1
2023-07,Tandoori mix Masala,1077.44,532297.35,0.2
2023-07,Tandoori mix Masala,-1989.12,532297.35,-0.37
2023-07,Tea Loose,9.0,532297.35,0.0
2023-07,Tissue-Energy-Big,-72.0,532297.35,-0.01
2023-07,Transportation-vegitables,60.0,532297.35,0.01
2023-07,Tripod,-532.8,532297.35,-0.1
2023-07,Turmeric Powder-loose,39.599999999999994,532297.35,0.01
2023-07,Vanilla Ice-cream,-321.45,532297.35,-0.06
2023-07,Veeba Barbequesauce 1KG,166.0,532297.35,0.03
2023-07,Veeba Eggless Mayonise Chef 1KG,0.0,532297.35,0.0
2023-07,Veeba Gouda Flavoured Dressing,1290.24,532297.35,0.24
2023-07,Veeba Gouda Flavoured Dressing,-1182.72,532297.35,-0.22
2023-07,Veeba Ketchup Sachet,1096.66,532297.35,0.21
2023-07,Veeba Ketchup Sachet,-1070.27,532297.35,-0.2
2023-07,Veeba Makhani Gravy 1KG,215.04000000000002,532297.35,0.04
2023-07,Veeba Pasta & Pizza Sauce 1KG,-1330.0,532297.35,-0.25
2023-07,Veeba T. Ketchup 1.2KG,-630.0,532297.35,-0.12
2023-07,Veeba Tandoori Spread-1kg,0.0,532297.35,0.0
2023-07,Veeba ThousandIsland Dressing 1KG,-187.99,532297.35,-0.04
2023-07,Veeba-Eggless Mayonise -1Kg,1237.5,532297.35,0.23
2023-07,Veeba-Gouda Cheese-1Kg,1505.28,532297.35,0.28
2023-07,Veeba-Ketchup -1.2Kg,656.25,532297.35,0.12
2023-07,Veeba-Ketchup Sachet (8G)-100,1714.08,532297.35,0.32
2023-07,Veeba-Pasta & Pizza Sauce-1Kg,1966.32,532297.35,0.37
2023-07,Veeba-Schezwansauce-1Kg,161.88,532297.35,0.03
2023-07,Veeba-Tandoori Spread-1Kg,384.98,532297.35,0.07
2023-07,Veeba-Tasty Fixel Chilly Flakes 0.8Gm-250S,1008.0,532297.35,0.19
2023-07,Veeba-Thousand Island-1Kg,332.5,532297.35,0.06
2023-07,Veena-Pasta Pizza Sauce-1Kg,1968.0,532297.35,0.37
2023-07,Vermicelli Mix,30.0,532297.35,0.01
2023-07,Vineger,4.2,532297.35,0.0
2023-07,Vks Chef'S Art-Chilly Flakes 0.8Gm-300S,419.04,532297.35,0.08
2023-07,Vks Chef'S Art-Oregano Sachet 0.8Gm-300S,628.56,532297.35,0.12
2023-07,Vks Chef'S Art-Oregano Sprinkler-500Gm,1740.0,532297.35,0.33
2023-07,Wooden Fork-160mm,-105.0,532297.35,-0.02
2023-07,Wooden Spoon-140mm,31.199999999999996,532297.35,0.01
2023-07,Wooden Spoon-160mm,-112.5,532297.35,-0.02
2023-07,Zippy  B.Fast Sausage ,-63.84000000000003,532297.35,-0.01
2023-07,Zippy Chicken Salami,859.32,532297.35,0.16
2023-07,Zippy-Chicken Salami-1Kg,837.0,532297.35,0.16
2023-07,Zippy-Chicken Sausage-1Kg,570.0,532297.35,0.11
2023-07,babu palakkad-butter,1900.0,532297.35,0.36
2023-07,babu palakkad-paneer,1740.0,532297.35,0.33
2023-07,badam,20.0,532297.35,0.0
2023-07,berry Fresh-Chikku Pulp,540.0,532297.35,0.1
2023-07,berry Fresh-Tender Coconut Pulp,700.0,532297.35,0.13
2023-07,butter,-570.0,532297.35,-0.11
2023-07,butter papper,0.0,532297.35,0.0
2023-07,cello tape,115.0,532297.35,0.02
2023-07,egg,-12.0,532297.35,-0.0
2023-07,five Star Traders-Cherry,20.0,532297.35,0.0
2023-07,five Star Traders-Chicken Masala,53.0,532297.35,0.01
2023-07,five Star Traders-Chilly Powder,60.0,532297.35,0.01
2023-07,five Star Traders-Coriander Powder,65.0,532297.35,0.01
2023-07,five Star Traders-Mustard oil,100.0,532297.35,0.02
2023-07,five Star Traders-Soya chunk,85.0,532297.35,0.02
2023-07,five Star Traders-Tandoori Chicken Masala,148.0,532297.35,0.03
2023-07,five Star Traders-Turmeric powder,65.0,532297.35,0.01
2023-07,five Star Traders-atta,1032.0,532297.35,0.19
2023-07,five Star Traders-badam,80.0,532297.35,0.02
2023-07,five Star Traders-black papper,138.0,532297.35,0.03
2023-07,five Star Traders-cashew nut,225.0,532297.35,0.04
2023-07,five Star Traders-exo dishwash cake,48.0,532297.35,0.01
2023-07,five Star Traders-jeerakam,70.0,532297.35,0.01
2023-07,five Star Traders-kadala,35.0,532297.35,0.01
2023-07,five Star Traders-masoor dal red,250.0,532297.35,0.05
2023-07,five Star Traders-palm oil,5335.0,532297.35,1.0
2023-07,five Star Traders-plastic cover 1kg,180.0,532297.35,0.03
2023-07,five Star Traders-salt powder,20.0,532297.35,0.0
2023-07,five Star Traders-soap powder,30.0,532297.35,0.01
2023-07,five Star Traders-soap powder,30.0,532297.35,0.01
2023-07,five Star Traders-sugar,120.0,532297.35,0.02
2023-07,five Star Traders-tea loose,43.0,532297.35,0.01
2023-07,five Star Traders-whole chilli,28.0,532297.35,0.01
2023-07,horlicks,20.0,532297.35,0.0
2023-07,mbS Traders-Catering Cap,80.0,532297.35,0.02
2023-07,mbS Traders-Cherry,30.0,532297.35,0.01
2023-07,mbS Traders-Cling Film,120.0,532297.35,0.02
2023-07,mbS Traders-Egg,117.0,532297.35,0.02
2023-07,mbS Traders-Micro 20x26,140.0,532297.35,0.03
2023-07,mbS Traders-agarbatti,30.0,532297.35,0.01
2023-07,mbS Traders-butter paper,210.0,532297.35,0.04
2023-07,mbS Traders-egg,65.0,532297.35,0.01
2023-07,mbS Traders-exo dishwash cake,50.0,532297.35,0.01
2023-07,mbS Traders-jumbo cover,140.0,532297.35,0.03
2023-07,mbS Traders-micro 13x16,280.0,532297.35,0.05
2023-07,mbS Traders-micro 16x20,700.0,532297.35,0.13
2023-07,mbS Traders-paper glass,395.0,532297.35,0.07
2023-07,mbS Traders-paper plate,75.0,532297.35,0.01
2023-07,mbS Traders-paper straw small,70.0,532297.35,0.01
2023-07,mbS Traders-soap powder,34.0,532297.35,0.01
2023-07,mbS Traders-tissue Big size,616.0,532297.35,0.12
2023-07,milk-Milma-525ml,0.0,532297.35,0.0
2023-07,plastic Cover-1kg,0.0,532297.35,0.0
2023-07,plastic cover 5kg,80.0,532297.35,0.02
2023-07,plastic cover-HM- 5kg,-102.0,532297.35,-0.02
2023-07,salami,-1171.8,532297.35,-0.22
2023-06,7UP 1250ml Pet,-57.91999999999996,446505.69999999995,-0.01
2023-06,7UP 750ml Pet,-825.1199999999999,446505.69999999995,-0.18
2023-06,7up 250ml Can,-300.0,446505.69999999995,-0.07
2023-06,7up 250ml Pet,-175.0,446505.69999999995,-0.04
2023-06,7up can-250ml,720.0,446505.69999999995,0.16
2023-06,7up pet-1250ml,2780.16,446505.69999999995,0.62
2023-06,7up pet-250ml,1050.0,446505.69999999995,0.24
2023-06,7up pet-750ml,2475.33,446505.69999999995,0.55
2023-06,7up pet-750ml,412.57,446505.69999999995,0.09
2023-06,AMUL Mozzarella Cheese Block 1Kg,-17704.5,446505.69999999995,-3.97
2023-06,APIS Honey 1kg,-327.6,446505.69999999995,-0.07
2023-06,Aqua Fina Mineral Water 1Ltr,-167.99,446505.69999999995,-0.04
2023-06,Aqua Fina-1ltr,671.96,446505.69999999995,0.15
2023-06,Atta Loose,-123.0,446505.69999999995,-0.03
2023-06,BBQ Mix Masala,-2079.2799999999997,446505.69999999995,-0.47
2023-06,BBQ Mix-1kg,930.0,446505.69999999995,0.21
2023-06,Baby Corn Whole-450GM-Golden Crown,-650.0,446505.69999999995,-0.15
2023-06,Baby Corn Whole-450gm,650.0,446505.69999999995,0.15
2023-06,Berry Fresh Banana Pulp,0.0,446505.69999999995,0.0
2023-06,Berry Fresh Chicku Pulp,162.0,446505.69999999995,0.04
2023-06,Berry Fresh Tender Coconut Pulp,17.5,446505.69999999995,0.0
2023-06,Bio-Bag-10x14-140,5.75,446505.69999999995,0.0
2023-06,Bio-Bag-13x16-90,-82.80000000000001,446505.69999999995,-0.02
2023-06,Bio-Bag-20x26-35,48.3,446505.69999999995,0.01
2023-06,Black Grapes,-22.5,446505.69999999995,-0.01
2023-06,Black Olives Slice-3 kg,626.08,446505.69999999995,0.14
2023-06,Black pepper,-108.0,446505.69999999995,-0.02
2023-06,Blue Occean Flv Syrup-750ml,1465.56,446505.69999999995,0.33
2023-06,Bornless Chicken- pattambi,341.5999999999999,446505.69999999995,0.08
2023-06,Bread Premix,94.5,446505.69999999995,0.02
2023-06,Bread Primix-1kg,720.0,446505.69999999995,0.16
2023-06,Brownie,-1289.6,446505.69999999995,-0.29
2023-06,Browny-1kg,4235.0,446505.69999999995,0.95
2023-06,Butter Scotch Ice-cream,70.26999999999998,446505.69999999995,0.02
2023-06,Butter Scotch Sauce 750ml,27.6,446505.69999999995,0.01
2023-06,Butter Scotch Sauce 750ml,-138.0,446505.69999999995,-0.03
2023-06,Butter Scotch Sauce-750ml,138.0,446505.69999999995,0.03
2023-06,Cashew nut,-37.5,446505.69999999995,-0.01
2023-06,Celotape-3/4inch-,-230.0,446505.69999999995,-0.05
2023-06,Cherry,0.0,446505.69999999995,0.0
2023-06,Chettinad Mix,32.54999999999998,446505.69999999995,0.01
2023-06,Chicken Kheema  Masala,-195.3,446505.69999999995,-0.04
2023-06,Chicken Masala-Quality,19.0,446505.69999999995,0.0
2023-06,Chicken Nuggets-Godrej-1kg,-320.0,446505.69999999995,-0.07
2023-06,Chicken Salami-1kg,624.96,446505.69999999995,0.14
2023-06,Chicken Sausage-1kg,638.4,446505.69999999995,0.14
2023-06,Chilli Flakes-Puramate-400grm,143.85,446505.69999999995,0.03
2023-06,Chilli Flakes-Puramate-400grm,-71.92,446505.69999999995,-0.02
2023-06,Chilli Flakes-Tasty Pixel-Veeba-Sachet-0.8g,95.25999999999999,446505.69999999995,0.02
2023-06,Chilli Flakes-Tasty Pixel-Veeba-Sachet-0.8g,92.61,446505.69999999995,0.02
2023-06,Chilli Powder Loose,0.0,446505.69999999995,0.0
2023-06,Chocolate Ice-cream,262.5,446505.69999999995,0.06
2023-06,Coriander Powder-loose,-40.0,446505.69999999995,-0.01
2023-06,Corn Meal - Chola Rava,56.0,446505.69999999995,0.01
2023-06,DVC BLUE OCCEAN FLV SYRUP 750ML,-854.91,446505.69999999995,-0.19
2023-06,DVC Green Apple 750 ML,195.41000000000008,446505.69999999995,0.04
2023-06,DVC Green Apple 750 ML,-586.22,446505.69999999995,-0.13
2023-06,DVC Mint Flavoured Syrup 750 ml,-512.61,446505.69999999995,-0.11
2023-06,DVC PASSION FRUIT FLV SYRUP 750ML,-146.55999999999995,446505.69999999995,-0.03
2023-06,Dew 250ml Can,-390.0,446505.69999999995,-0.09
2023-06,Dew 250ml Pet,-455.0,446505.69999999995,-0.1
2023-06,Dew 500ml Pet,-700.0,446505.69999999995,-0.16
2023-06,Dew 750ml Pet,-343.80000000000007,446505.69999999995,-0.08
2023-06,Dew Can-250ml,720.0,446505.69999999995,0.16
2023-06,Dew-250ml,930.0,446505.69999999995,0.21
2023-06,Dew-500ml,975.15,446505.69999999995,0.22
2023-06,Dew-500ml,260.03,446505.69999999995,0.06
2023-06,Dew-750ml,1237.71,446505.69999999995,0.28
2023-06,Dip Bowl,35.39999999999998,446505.69999999995,0.01
2023-06,Dried Yeast,917.95,446505.69999999995,0.21
2023-06,Dried Yeast,-356.98,446505.69999999995,-0.08
2023-06,Eggless Mayonise -1kg,980.0,446505.69999999995,0.22
2023-06,Exo Dishwash cake,0.0,446505.69999999995,0.0
2023-06,Fathima Super Market-Curd Milma,70.0,446505.69999999995,0.02
2023-06,Fathima Super Market-Milk Milma,336.0,446505.69999999995,0.08
2023-06,Fathima Super Market-egg,52.0,446505.69999999995,0.01
2023-06,Fathima Super Market-soap powder,54.0,446505.69999999995,0.01
2023-06,Flexi Cream Gold,-486.75,446505.69999999995,-0.11
2023-06,Flexi Cream Gold-1kg,1557.6,446505.69999999995,0.35
2023-06,French Fries 6mm-2.5kg,13959.68,446505.69999999995,3.13
2023-06,French Fries 6mm-Funwave,5959.29,446505.69999999995,1.33
2023-06,French Fries 6mm-Funwave 2.5 KG,-1710.1,446505.69999999995,-0.38
2023-06,French Fries 9mm-Funwave,291.2,446505.69999999995,0.07
2023-06,French Fries Box,-45.090000000000146,446505.69999999995,-0.01
2023-06,French Fries Box-,535.0,446505.69999999995,0.12
2023-06,Fresh Garden Mint-750ml,1954.08,446505.69999999995,0.44
2023-06,Frozen Sweet Corn,-625.0,446505.69999999995,-0.14
2023-06,Frozen Sweet Corn-Pal Fresh,594.0,446505.69999999995,0.13
2023-06,Frozen Sweet corn-1kg,693.0,446505.69999999995,0.16
2023-06,G.Crown Mushroom Slice 800g,-2254.0,446505.69999999995,-0.5
2023-06,GBC Box-50Nos,412.5,446505.69999999995,0.09
2023-06,GO Orange Cheddar Cheese 2kg,-1756.15,446505.69999999995,-0.39
2023-06,GO-Monterey Jack Cheese-2kg,0.0,446505.69999999995,0.0
2023-06,Garlic Bread Box,79.11000000000001,446505.69999999995,0.02
2023-06,Garlic Chilli Spread,648.0,446505.69999999995,0.15
2023-06,Godrej chicken Nuggets -1kg,639.99,446505.69999999995,0.14
2023-06,Gouda Cheese-1kg,2343.94,446505.69999999995,0.52
2023-06,Green Apple-750ml,1465.56,446505.69999999995,0.33
2023-06,HPCL-Gas,1810.0,446505.69999999995,0.41
2023-06,HPCL-Gas,1810.0,446505.69999999995,0.41
2023-06,HPCL-gas,5430.0,446505.69999999995,1.22
2023-06,HPCL-gas,5430.0,446505.69999999995,1.22
2023-06,Herb Mix Masla,-1377.6,446505.69999999995,-0.31
2023-06,Herb Mix-1kg,2125.0,446505.69999999995,0.48
2023-06,Hersheys Syrup-200grm,-23.5,446505.69999999995,-0.01
2023-06,Honey-1ltr,327.6,446505.69999999995,0.07
2023-06,Ice cube,60.0,446505.69999999995,0.01
2023-06,Instant Dried Yeast-500gm,849.97,446505.69999999995,0.19
2023-06,JIVO Pomace Olive Oil ,268.01,446505.69999999995,0.06
2023-06,Jalapeno Slices-2.9 kg,596.0,446505.69999999995,0.13
2023-06,Jeerakham - Loose,-60.0,446505.69999999995,-0.01
2023-06,Jumbo Cover-Blue,18.0,446505.69999999995,0.0
2023-06,KOT Printing Rolls,728.0,446505.69999999995,0.16
2023-06,KTP Vegitables-vegitables,10850.0,446505.69999999995,2.43
2023-06,Ketchup -1.2kg,840.0,446505.69999999995,0.19
2023-06,Ketchup Sachet (8g)-100,1919.76,446505.69999999995,0.43
2023-06,Lamp Pepperoni,-847.35,446505.69999999995,-0.19
2023-06,Large Box-50Nos,2227.5,446505.69999999995,0.5
2023-06,Large Pizza Box,-737.5,446505.69999999995,-0.17
2023-06,Lehar Soda,115.21999999999997,446505.69999999995,0.03
2023-06,Lehar Soda-750ml,395.04,446505.69999999995,0.09
2023-06,Lion Honey 1kg,193.2,446505.69999999995,0.04
2023-06,Local Purchase-Cello Tape ,100.0,446505.69999999995,0.02
2023-06,Local Purchase-Curd Milma,140.0,446505.69999999995,0.03
2023-06,Local Purchase-Egg,81.0,446505.69999999995,0.02
2023-06,Local Purchase-MILK,112.0,446505.69999999995,0.03
2023-06,Local Purchase-Milk 450ml,375.0,446505.69999999995,0.08
2023-06,Local Purchase-Milk Milma,672.0,446505.69999999995,0.15
2023-06,Local Purchase-Milk Milma,112.0,446505.69999999995,0.03
2023-06,Local Purchase-Pen,10.0,446505.69999999995,0.0
2023-06,Local Purchase-Steel Container,1957.0,446505.69999999995,0.44
2023-06,Local Purchase-Sticker,40.0,446505.69999999995,0.01
2023-06,Local Purchase-Washer,6.0,446505.69999999995,0.0
2023-06,Local Purchase-apple,40.0,446505.69999999995,0.01
2023-06,Local Purchase-butter paper,90.0,446505.69999999995,0.02
2023-06,Local Purchase-cherry,20.0,446505.69999999995,0.0
2023-06,Local Purchase-egg,988.0,446505.69999999995,0.22
2023-06,Local Purchase-micro ,450.0,446505.69999999995,0.1
2023-06,Local Purchase-milk,56.0,446505.69999999995,0.01
2023-06,Local Purchase-milk Milma Toned,364.0,446505.69999999995,0.08
2023-06,Local Purchase-milk milma,840.0,446505.69999999995,0.19
2023-06,Local Purchase-nawab rice,962.0,446505.69999999995,0.22
2023-06,Local Purchase-paper glass,130.0,446505.69999999995,0.03
2023-06,Local Purchase-paper plate,120.0,446505.69999999995,0.03
2023-06,Local Purchase-plactic scrubber,10.0,446505.69999999995,0.0
2023-06,Local Purchase-soap powder,35.0,446505.69999999995,0.01
2023-06,Local Purchase-tissue Big size,36.0,446505.69999999995,0.01
2023-06,MBS Traders-Butter Sheets,105.0,446505.69999999995,0.02
2023-06,MBS Traders-Cling Film,120.0,446505.69999999995,0.03
2023-06,MBS Traders-Egg,48.0,446505.69999999995,0.01
2023-06,MBS Traders-Hersheys Chocolate syrup,95.0,446505.69999999995,0.02
2023-06,MBS Traders-Micro 20x26,280.0,446505.69999999995,0.06
2023-06,MBS Traders-butter paper,105.0,446505.69999999995,0.02
2023-06,MBS Traders-cherry,30.0,446505.69999999995,0.01
2023-06,MBS Traders-egg,122.0,446505.69999999995,0.03
2023-06,MBS Traders-exo dishwash cake,50.0,446505.69999999995,0.01
2023-06,MBS Traders-jumbo cover,70.0,446505.69999999995,0.02
2023-06,MBS Traders-micro 16x20,700.0,446505.69999999995,0.16
2023-06,MBS Traders-paper glass,340.0,446505.69999999995,0.08
2023-06,MBS Traders-paper straw Big,45.0,446505.69999999995,0.01
2023-06,MBS Traders-paper straw small,70.0,446505.69999999995,0.02
2023-06,MBS Traders-plastic cover,160.0,446505.69999999995,0.04
2023-06,MBS Traders-tissue Big size,506.0,446505.69999999995,0.11
2023-06,Maida(Porotta 50kg),3690.0,446505.69999999995,0.83
2023-06,Maida-50kg,6090.0,446505.69999999995,1.36
2023-06,Makhani Sauce-1kg,632.22,446505.69999999995,0.14
2023-06,Malas Chocolate Sauce 5 ltr,1060.01,446505.69999999995,0.24
2023-06,Malas Chocolate Sauce 5 ltr,-1017.61,446505.69999999995,-0.23
2023-06,Mango Crush Sauce 750ml Malas,0.0,446505.69999999995,0.0
2023-06,Masoor-Red,-112.0,446505.69999999995,-0.03
2023-06,Mc Cain Potato Wedges 2.5kg,-1011.36,446505.69999999995,-0.23
2023-06,Mc Cain Potato Wedges 2.5kg-Taha,1785.99,446505.69999999995,0.4
2023-06,Medium Box-50Nos,5750.0,446505.69999999995,1.29
2023-06,Medium Pizza Box,-2084.92,446505.69999999995,-0.47
2023-06,Mexican Masala,567.8399999999999,446505.69999999995,0.13
2023-06,Mexican Mix-1kg,3320.0,446505.69999999995,0.74
2023-06,Micro 10x13,-140.0,446505.69999999995,-0.03
2023-06,Micro 13x16,77.0,446505.69999999995,0.02
2023-06,Micro 16x20,-98.0,446505.69999999995,-0.02
2023-06,Micro 20x26,-189.0,446505.69999999995,-0.04
2023-06,Micro 27x30,-54.0,446505.69999999995,-0.01
2023-06,Milk Maid 400ml,-123.0,446505.69999999995,-0.03
2023-06,MilkyMist-Mozzarella Cheese-shredded-2kg,11274.9,446505.69999999995,2.53
2023-06,Mini Burger Box,-944.47,446505.69999999995,-0.21
2023-06,Mini Burger Box-Nos,1085.6,446505.69999999995,0.24
2023-06,Mirinda 250ml pet,-192.5,446505.69999999995,-0.04
2023-06,Mirinda 750ml pet,-103.13999999999999,446505.69999999995,-0.02
2023-06,Mirinda-250ml,525.0,446505.69999999995,0.12
2023-06,Mirinda-750ml,825.12,446505.69999999995,0.18
2023-06,Mixed Herb Loose,-364.8,446505.69999999995,-0.08
2023-06,Moktails Glass,-403.19999999999993,446505.69999999995,-0.09
2023-06,Mozzarella Diced Cheese-1kg,56638.84,446505.69999999995,12.68
2023-06,Mushroom Slice-800gm,7056.0,446505.69999999995,1.58
2023-06,Mustard-Oil,-21.0,446505.69999999995,-0.0
2023-06,Neo Red Paprika 3Kg,-434.55999999999995,446505.69999999995,-0.1
2023-06,Neo-Black Sliced Olives-3kg,0.0,446505.69999999995,0.0
2023-06,OREGANO SACHET 0.8GM,1514.33,446505.69999999995,0.34
2023-06,OREGANO SACHET 0.8GM,-2398.0,446505.69999999995,-0.54
2023-06,Orange Cheddar cheese-2kg,2390.08,446505.69999999995,0.54
2023-06,Oregano Sachet 0.8gm-300s,1759.97,446505.69999999995,0.39
2023-06,Oregano Sprinkler 500g,243.5999999999999,446505.69999999995,0.05
2023-06,Oregano Sprinkler-500gm,609.0,446505.69999999995,0.14
2023-06,Palm Oil - Refined Oil,1176.0,446505.69999999995,0.26
2023-06,Palm Oil - Refined Oil,-1274.0,446505.69999999995,-0.29
2023-06,Paneer,406.0,446505.69999999995,0.09
2023-06,Paneer Tikka Butter Masala,-850.08,446505.69999999995,-0.19
2023-06,Paneer Tikka Butter Masala -1kg,1125.0,446505.69999999995,0.25
2023-06,Paper Bag Large-Nos,409.5,446505.69999999995,0.09
2023-06,Paper Bag Medium-Nos,950.0,446505.69999999995,0.21
2023-06,Paper Bag Regular-Nos,850.0,446505.69999999995,0.19
2023-06,Paper Glass,198.0,446505.69999999995,0.04
2023-06,Paper Glass,-180.0,446505.69999999995,-0.04
2023-06,Paper Plates,-55.0,446505.69999999995,-0.01
2023-06,Paper Straw Big,27.0,446505.69999999995,0.01
2023-06,Paper Straw Big,-45.0,446505.69999999995,-0.01
2023-06,Paper Straw Small,19.25,446505.69999999995,0.0
2023-06,Paper Straw Small,-17.5,446505.69999999995,-0.0
2023-06,Papper carry bag large,-287.5,446505.69999999995,-0.06
2023-06,Papper carry bag medium,90.0,446505.69999999995,0.02
2023-06,Papper carry bag small,-480.0,446505.69999999995,-0.11
2023-06,Passion Fruit-750ml,977.04,446505.69999999995,0.22
2023-06,Pasta & Pizza Sauce-1kg,2202.28,446505.69999999995,0.49
2023-06,Pasta Container Black,-712.58,446505.69999999995,-0.16
2023-06,Pasta Container-100Nos,2237.5,446505.69999999995,0.5
2023-06,Pasta-Gomiti Rigatte-500gm,272.03,446505.69999999995,0.06
2023-06,Pasta-Penne Rigatte-500gm,1088.1,446505.69999999995,0.24
2023-06,Pepperoni-1kg,895.0,446505.69999999995,0.2
2023-06,Pepsi 1250ml Pet,521.2800000000001,446505.69999999995,0.12
2023-06,Pepsi 250ml Can,-240.0,446505.69999999995,-0.05
2023-06,Pepsi 250ml Pet,-437.5,446505.69999999995,-0.1
2023-06,Pepsi 750ml Pet,-343.8,446505.69999999995,-0.08
2023-06,Pepsi Can-250ml,720.0,446505.69999999995,0.16
2023-06,Pepsi pet-1250ml,695.04,446505.69999999995,0.16
2023-06,Pepsi pet-250ml,2100.0,446505.69999999995,0.47
2023-06,Pepsi pet-750ml,3300.44,446505.69999999995,0.74
2023-06,Phoenix Ice Cubes-ice cubes,60.0,446505.69999999995,0.01
2023-06,Pineapple slice-Tajir Habit-500g,-420.0,446505.69999999995,-0.09
2023-06,Pineapple slice-Tajir Habit-850g,551.25,446505.69999999995,0.12
2023-06,Piri Piri Marinade 1KG,-222.5,446505.69999999995,-0.05
2023-06,Piri Piri Marinade-1kg,445.0,446505.69999999995,0.1
2023-06,Pizza Premix,-425.25,446505.69999999995,-0.1
2023-06,Pizza Primix-1kg,8640.0,446505.69999999995,1.94
2023-06,Pizza sauce premix,278.76999999999987,446505.69999999995,0.06
2023-06,Pomace Olive oil-1ltr,669.9,446505.69999999995,0.15
2023-06,Potato Wedges-2.5kg,2159.98,446505.69999999995,0.48
2023-06,Processed cheese block,1650.0,446505.69999999995,0.37
2023-06,Processed cheese block,-2474.99,446505.69999999995,-0.55
2023-06,Processed cheese block-1kg,2199.84,446505.69999999995,0.49
2023-06,Puramate Basil 250g Pouch,-7.799999999999997,446505.69999999995,-0.0
2023-06,Puramate Pasta-Gomiti Rigate - macroni - 500g,136.0,446505.69999999995,0.03
2023-06,Puramate Pasta-Gomiti Rigate 500g,-272.0,446505.69999999995,-0.06
2023-06,Puramate Pasta-Penne Rigatte 500g,-68.0,446505.69999999995,-0.02
2023-06,Red Paprika Slice-2.5kg,869.12,446505.69999999995,0.19
2023-06,Regular Box-50Nos,6300.0,446505.69999999995,1.41
2023-06,Regular Pizza Box,-728.28,446505.69999999995,-0.16
2023-06,Rice-Nawab-26kg,962.0,446505.69999999995,0.22
2023-06,Rice-Nawab-26kg,-814.0,446505.69999999995,-0.18
2023-06,Safa Books -PEN,8.0,446505.69999999995,0.0
2023-06,Safa Books -pen,4.0,446505.69999999995,0.0
2023-06,Safa Books -voucher book,112.0,446505.69999999995,0.03
2023-06,Salad Bowl (Small )250ml-Nos,262.5,446505.69999999995,0.06
2023-06,Salad Bowl 250ml,-153.14,446505.69999999995,-0.03
2023-06,Salad Bowl 500ml,319.44000000000005,446505.69999999995,0.07
2023-06,Salt Powder,4.0,446505.69999999995,0.0
2023-06,Satheesh-Waste Collection,100.0,446505.69999999995,0.02
2023-06,Sherif Cherpulasery-Chicken Kheema,267.0,446505.69999999995,0.06
2023-06,Sherif Cherpulasery-whole chicken,1651.0,446505.69999999995,0.37
2023-06,Slice Mango 250ml pet,-530.1,446505.69999999995,-0.12
2023-06,Slice Mango 600ml pet,-103.14,446505.69999999995,-0.02
2023-06,Slice Mango-200ml,530.1,446505.69999999995,0.12
2023-06,Slice Mango-250ml,795.15,446505.69999999995,0.18
2023-06,Slice Mango-600ml,618.84,446505.69999999995,0.14
2023-06,Srinivasan-Butter Scotch Ice Cream,773.0,446505.69999999995,0.17
2023-06,Srinivasan-Chocolate Ice Cream ,770.0,446505.69999999995,0.17
2023-06,Srinivasan-Vanilla Ice Cream,1632.0,446505.69999999995,0.37
2023-06,Strawberry sause 750,149.33,446505.69999999995,0.03
2023-06,Strawberry sause 750,-80.0,446505.69999999995,-0.02
2023-06,Strawberry-Ice cream,136.89999999999998,446505.69999999995,0.03
2023-06,Sugar-Loose,-41.8,446505.69999999995,-0.01
2023-06,TAJIR JALAPENO SLICES 2.5 KG,712.5,446505.69999999995,0.16
2023-06,Tandoori Chicken Masala-Bakers,-32.5,446505.69999999995,-0.01
2023-06,Tandoori Spread-1kg,431.18,446505.69999999995,0.1
2023-06,Tandoori Tikka Marinade 500Grm,-575.0,446505.69999999995,-0.13
2023-06,Tandoori Tikka Marinade-500grm,575.0,446505.69999999995,0.13
2023-06,Tandoori mix Masala,1036.0,446505.69999999995,0.23
2023-06,Tasty Fixel Chilly Flakes 0.8gm-250s,529.2,446505.69999999995,0.12
2023-06,Tea Loose,9.0,446505.69999999995,0.0
2023-06,Thousand island-1kg,379.99,446505.69999999995,0.09
2023-06,Tissue-Energy-Big,0.0,446505.69999999995,0.0
2023-06,Transportation-vegitables,60.0,446505.69999999995,0.01
2023-06,Tripod,37.0,446505.69999999995,0.01
2023-06,Turmeric Powder-loose,-19.799999999999997,446505.69999999995,-0.0
2023-06,V Mart-Glass,1900.0,446505.69999999995,0.43
2023-06,Vanilla Ice-cream,-12.370000000000005,446505.69999999995,-0.0
2023-06,Veeba Barbequesauce 1KG,-166.0,446505.69999999995,-0.04
2023-06,Veeba Eggless Mayonise Chef 1KG,140.0,446505.69999999995,0.03
2023-06,Veeba Gouda Flavoured Dressing,-645.12,446505.69999999995,-0.14
2023-06,Veeba Ketchup Sachet,-856.69,446505.69999999995,-0.19
2023-06,Veeba Makhani Gravy 1KG,-215.04000000000002,446505.69999999995,-0.05
2023-06,Veeba Pasta & Pizza Sauce 1KG,1330.0,446505.69999999995,0.3
2023-06,Veeba T. Ketchup 1.2KG,105.0,446505.69999999995,0.02
2023-06,Veeba Tandoori Spread-1kg,434.0,446505.69999999995,0.1
2023-06,Veeba ThousandIsland Dressing 1KG,-375.98,446505.69999999995,-0.08
2023-06,Vermicelli Mix,0.0,446505.69999999995,0.0
2023-06,Vineger,4.199999999999999,446505.69999999995,0.0
2023-06,Wooden Spoon-110mm,228.9,446505.69999999995,0.05
2023-06,Wooden Spoon-140mm,78.0,446505.69999999995,0.02
2023-06,Wooden Spoon-160mm,-100.0,446505.69999999995,-0.02
2023-06,Zippy  B.Fast Sausage ,383.04,446505.69999999995,0.09
2023-06,Zippy  B.Fast Sausage ,-638.4,446505.69999999995,-0.14
2023-06,Zippy Chicken Salami,-109.37,446505.69999999995,-0.02
2023-06,babu palakkad-BUTTER,380.0,446505.69999999995,0.09
2023-06,babu palakkad-butter,1140.0,446505.69999999995,0.26
2023-06,babu palakkad-paneer,870.0,446505.69999999995,0.19
2023-06,badam,-40.0,446505.69999999995,-0.01
2023-06,butter,-304.0,446505.69999999995,-0.07
2023-06,butter papper,0.0,446505.69999999995,0.0
2023-06,cello tape,-155.0,446505.69999999995,-0.03
2023-06,egg,-36.0,446505.69999999995,-0.01
2023-06,five Star Traders-Cherry,40.0,446505.69999999995,0.01
2023-06,five Star Traders-Chicken Masala,28.0,446505.69999999995,0.01
2023-06,five Star Traders-Chilly Powder,55.0,446505.69999999995,0.01
2023-06,five Star Traders-Coriander Powder,100.0,446505.69999999995,0.02
2023-06,five Star Traders-Horlicks Small packet,20.0,446505.69999999995,0.0
2023-06,five Star Traders-Mustard oil,102.0,446505.69999999995,0.02
2023-06,five Star Traders-Mustard oil,100.0,446505.69999999995,0.02
2023-06,five Star Traders-Nool,2.0,446505.69999999995,0.0
2023-06,five Star Traders-Tandoori Chicken Masala,148.0,446505.69999999995,0.03
2023-06,five Star Traders-Tea loose,45.0,446505.69999999995,0.01
2023-06,five Star Traders-Turmeric powder,30.0,446505.69999999995,0.01
2023-06,five Star Traders-atta,1034.0,446505.69999999995,0.23
2023-06,five Star Traders-black grapes,45.0,446505.69999999995,0.01
2023-06,five Star Traders-black papper,216.0,446505.69999999995,0.05
2023-06,five Star Traders-cashew nut,230.0,446505.69999999995,0.05
2023-06,five Star Traders-honey 250grm,117.0,446505.69999999995,0.03
2023-06,five Star Traders-jeerakam,116.0,446505.69999999995,0.03
2023-06,five Star Traders-masoor dal red,480.0,446505.69999999995,0.11
2023-06,five Star Traders-milk maid,123.0,446505.69999999995,0.03
2023-06,five Star Traders-palm oil,5180.0,446505.69999999995,1.16
2023-06,five Star Traders-salt powder,30.0,446505.69999999995,0.01
2023-06,five Star Traders-sugar,196.0,446505.69999999995,0.04
2023-06,five Star Traders-whole chilli,28.0,446505.69999999995,0.01
2023-06,horlicks,-20.0,446505.69999999995,-0.0
2023-06,kheema Masala-250gr,650.0,446505.69999999995,0.15
2023-06,milk-Milma-525ml,-112.0,446505.69999999995,-0.03
2023-06,plastic Cover-1kg,144.0,446505.69999999995,0.03
2023-06,plastic Cover-1kg,-80.0,446505.69999999995,-0.02
2023-06,plastic cover 5kg,-80.0,446505.69999999995,-0.02
2023-06,plastic cover-HM- 5kg,85.0,446505.69999999995,0.02
2023-05,7UP 1250ml Pet,-289.6,593731.0,-0.05
2023-05,7UP 750ml Pet,756.3599999999999,593731.0,0.13
2023-05,7up 250ml Can,-180.0,593731.0,-0.03
2023-05,7up 250ml Pet,-280.0,593731.0,-0.05
2023-05,7up can,720.0,593731.0,0.12
2023-05,7up pet,6700.42,593731.0,1.13
2023-05,7up pet,412.57,593731.0,0.07
2023-05,A.N.A Agencies-Drum Bolt -,20.0,593731.0,0.0
2023-05,A.N.A Agencies-Spilt Pin-,2.0,593731.0,0.0
2023-05,AK Chicken Adakkaputhur-kheema-,189.0,593731.0,0.03
2023-05,AMUL Mozzarella Cheese Block 1Kg,5610.0,593731.0,0.94
2023-05,Airtel-recharge-,239.0,593731.0,0.04
2023-05,Aqua Fina,504.0,593731.0,0.08
2023-05,Aqua Fina Mineral Water 1Ltr,-97.99,593731.0,-0.02
2023-05,Atta Loose,164.0,593731.0,0.03
2023-05,BBQ Mix,974.4,593731.0,0.16
2023-05,BBQ Mix Masala,353.9200000000001,593731.0,0.06
2023-05,Baby Corn Whole-450GM-Golden Crown,390.0,593731.0,0.07
2023-05,Berry Fresh Banana Pulp,0.0,593731.0,0.0
2023-05,Berry Fresh Chicku Pulp,234.0,593731.0,0.04
2023-05,Berry Fresh Chicku Pulp,-378.0,593731.0,-0.06
2023-05,Berry Fresh Tender Coconut Pulp,210.0,593731.0,0.04
2023-05,Berry Fresh Tender Coconut Pulp,-402.5,593731.0,-0.07
2023-05,Bike Maintenance-Puncture repair-Discover,100.0,593731.0,0.02
2023-05,Bike Maintenance-Tyre And Tube change-,1000.0,593731.0,0.17
2023-05,Bio-Bag-10x14-140,94.75999999999999,593731.0,0.02
2023-05,Bio-Bag-13x16-90,117.30000000000001,593731.0,0.02
2023-05,Bio-Bag-20x26-35,36.56999999999999,593731.0,0.01
2023-05,Black Grapes,0.0,593731.0,0.0
2023-05,Black Olives Slice,1252.16,593731.0,0.21
2023-05,Black Pepper,54.0,593731.0,0.01
2023-05,Bornless Chicken- Adakkaputhur,1965.17,593731.0,0.33
2023-05,Bornless Chicken- pattambi,-2684.0,593731.0,-0.45
2023-05,Bread Premix,255.14999999999998,593731.0,0.04
2023-05,Brownie,-443.29999999999995,593731.0,-0.07
2023-05,Browny,1209.0,593731.0,0.2
2023-05,Butter Scotch Ice-cream,773.0,593731.0,0.13
2023-05,Butter Scotch Ice-cream,35.129999999999995,593731.0,0.01
2023-05,Butter Scotch Sauce 750ml,18.4,593731.0,0.0
2023-05,Cashew nut,0.0,593731.0,0.0
2023-05,Cherry,-30.0,593731.0,-0.01
2023-05,Chettinad Mix,0.0,593731.0,0.0
2023-05,Chicken Kheema  Masala,-260.4,593731.0,-0.04
2023-05,Chicken Masala,27.0,593731.0,0.0
2023-05,Chicken Masala-Quality,-19.0,593731.0,-0.0
2023-05,Chicken Salami,624.96,593731.0,0.11
2023-05,Chilli Flakes-Puramate-400grm,179.81,593731.0,0.03
2023-05,Chilli Flakes-Puramate-400grm,-143.85,593731.0,-0.02
2023-05,Chilli Flakes-Tasty Pixel-Veeba-Sachet-0.8g,23.28,593731.0,0.0
2023-05,Chilli Flakes-Tasty Pixel-Veeba-Sachet-0.8g,0.0,593731.0,0.0
2023-05,Chilli Powder Loose,20.0,593731.0,0.0
2023-05,Chocolate Ice-cream,17.5,593731.0,0.0
2023-05,Citymart Supermarket-Milk 450ml-,572.0,593731.0,0.1
2023-05,Citymart Supermarket-egg-,65.5,593731.0,0.01
2023-05,Citymart Supermarket-lighter-,10.0,593731.0,0.0
2023-05,Coriander Powder-loose,-14.399999999999999,593731.0,-0.0
2023-05,Corn Meal - Chola Rava,-160.0,593731.0,-0.03
2023-05,DVC BLUE OCCEAN FLV SYRUP 750ML,1050.3200000000002,593731.0,0.18
2023-05,DVC Green Apple 750 ML,439.66999999999985,593731.0,0.07
2023-05,DVC Mint Flavoured Syrup 750 ml,1491.2400000000002,593731.0,0.25
2023-05,DVC PASSION FRUIT FLV SYRUP 750ML,488.52,593731.0,0.08
2023-05,Dew,2175.22,593731.0,0.37
2023-05,Dew 250ml Can,480.0,593731.0,0.08
2023-05,Dew 250ml Pet,560.0,593731.0,0.09
2023-05,Dew 750ml Pet,-171.9,593731.0,-0.03
2023-05,Dip Bowl,177.0,593731.0,0.03
2023-05,Double Cream-Rich-1kg,196.0,593731.0,0.03
2023-05,Dried Yeast,271.98,593731.0,0.05
2023-05,Egg-5.5,33.0,593731.0,0.01
2023-05,Exo Dishwash cake,9.600000000000001,593731.0,0.0
2023-05,Fathima Super Market-Egg-,38.0,593731.0,0.01
2023-05,Fathima Super Market-MILK MIlma-,112.0,593731.0,0.02
2023-05,Fathima Super Market-Milk Milma-,112.0,593731.0,0.02
2023-05,Fathima Super Market-Milk milma-,224.0,593731.0,0.04
2023-05,Fathima Super Market-butter paper-,50.0,593731.0,0.01
2023-05,Fathima Super Market-egg-,312.0,593731.0,0.05
2023-05,Fathima Super Market-milk milma-,112.0,593731.0,0.02
2023-05,Fathima Super Market-pen-,8.0,593731.0,0.0
2023-05,Flexi Cream Gold,584.1,593731.0,0.1
2023-05,French Fries 6mm,3489.92,593731.0,0.59
2023-05,French Fries 6mm-Funwave,2484.2400000000007,593731.0,0.42
2023-05,French Fries 9mm-Funwave,116.48000000000002,593731.0,0.02
2023-05,French Fries Box,941.9200000000003,593731.0,0.16
2023-05,Frozen Sweet Corn-Pal Fresh,297.0,593731.0,0.05
2023-05,Frozen Sweet corn,495.0,593731.0,0.08
2023-05,G.Crown Mushroom Slice 800g,3626.0,593731.0,0.61
2023-05,GBC Box,878.98,593731.0,0.15
2023-05,GO Orange Cheddar Cheese 2kg,566.5,593731.0,0.1
2023-05,GO-Monterey Jack Cheese-2kg,-61.0,593731.0,-0.01
2023-05,Garlic Bread Box,-202.17000000000002,593731.0,-0.03
2023-05,Garlic Chilli Spread,-648.0,593731.0,-0.11
2023-05,Gouda Cheese,2365.44,593731.0,0.4
2023-05,Green Apple,977.04,593731.0,0.16
2023-05,HPCL-Gas-,11400.0,593731.0,1.92
2023-05,HPCL-gas-,7600.0,593731.0,1.28
2023-05,Herb Mix,918.4,593731.0,0.15
2023-05,Herb Mix Masla,114.80000000000007,593731.0,0.02
2023-05,Hersheys Cocoa-70grm,14.14,593731.0,0.0
2023-05,Hersheys Syrup-200grm,-70.5,593731.0,-0.01
2023-05,Honey,327.6,593731.0,0.06
2023-05,Ice cube,-45.0,593731.0,-0.01
2023-05,Indian Oil-Generator-,200.0,593731.0,0.03
2023-05,Indian Oil-pulser-,70.0,593731.0,0.01
2023-05,Instant Dried Yeast,1699.94,593731.0,0.29
2023-05,Isha Fresh Vegitables-Basil leaf-,204.0,593731.0,0.03
2023-05,Isha Fresh Vegitables-Broccoli-,531.0,593731.0,0.09
2023-05,Isha Fresh Vegitables-Parcely-,72.0,593731.0,0.01
2023-05,Isha Fresh Vegitables-Red Yellow Capcicum-,333.0,593731.0,0.06
2023-05,JIVO Pomace Olive Oil ,603.02,593731.0,0.1
2023-05,Jalapeno Slices,1787.99,593731.0,0.3
2023-05,Jumbo Cover-Blue,27.0,593731.0,0.0
2023-05,K.M. Hypermarket-chola rava-,160.0,593731.0,0.03
2023-05,KOT Printing Rolls,416.0,593731.0,0.07
2023-05,KTP Vegitables-vegitables-,11200.0,593731.0,1.89
2023-05,Ketchup ,630.0,593731.0,0.11
2023-05,Ketchup Sachet (8g),1919.76,593731.0,0.32
2023-05,Lamp Pepperoni,310.68999999999994,593731.0,0.05
2023-05,Large Box,2212.5,593731.0,0.37
2023-05,Large Pizza Box,265.5,593731.0,0.04
2023-05,Lehar Soda,1185.12,593731.0,0.2
2023-05,Lehar Soda,-362.12,593731.0,-0.06
2023-05,Lion Honey 1kg,48.30000000000001,593731.0,0.01
2023-05,Local Purchase-Bolt-,8.0,593731.0,0.0
2023-05,Local Purchase-Chicken Masala-,38.0,593731.0,0.01
2023-05,Local Purchase-Chickenb Sausage-,520.0,593731.0,0.09
2023-05,Local Purchase-Curd Milma-,130.0,593731.0,0.02
2023-05,Local Purchase-Duster-,30.0,593731.0,0.01
2023-05,Local Purchase-Egg-,249.5,593731.0,0.04
2023-05,Local Purchase-Floor Spring EBCO-,3500.0,593731.0,0.59
2023-05,Local Purchase-Garam Masala-,46.0,593731.0,0.01
2023-05,Local Purchase-Hanging Holder Metal-,160.0,593731.0,0.03
2023-05,Local Purchase-Horlicks Small packet-,20.0,593731.0,0.0
2023-05,Local Purchase-Milk Milma-,664.0,593731.0,0.11
2023-05,Local Purchase-Milk milma-,336.0,593731.0,0.06
2023-05,Local Purchase-Mixer Repair-coupler,100.0,593731.0,0.02
2023-05,Local Purchase-Nawab ponni rice-,962.0,593731.0,0.16
2023-05,Local Purchase-Note Book-,37.0,593731.0,0.01
2023-05,Local Purchase-Pen-,10.0,593731.0,0.0
2023-05,Local Purchase-Spray Gun-,90.0,593731.0,0.02
2023-05,Local Purchase-apple-,60.0,593731.0,0.01
2023-05,Local Purchase-atta-,164.0,593731.0,0.03
2023-05,Local Purchase-bike spare parts-,20.0,593731.0,0.0
2023-05,Local Purchase-double Tape-,18.0,593731.0,0.0
2023-05,Local Purchase-egg-,485.5,593731.0,0.08
2023-05,Local Purchase-egg-,30.0,593731.0,0.01
2023-05,Local Purchase-knife-,115.0,593731.0,0.02
2023-05,Local Purchase-milk 500 ml-,104.0,593731.0,0.02
2023-05,Local Purchase-milk 525 ml-,156.0,593731.0,0.03
2023-05,Local Purchase-milk milma-,784.0,593731.0,0.13
2023-05,Local Purchase-milk-,544.0,593731.0,0.09
2023-05,Local Purchase-plastic scrubber-,15.0,593731.0,0.0
2023-05,Local Purchase-rice-,962.0,593731.0,0.16
2023-05,Local Purchase-soap powder-,66.0,593731.0,0.01
2023-05,Local Purchase-voucher book-,56.0,593731.0,0.01
2023-05,MBS Traders-Catering Cap-,80.0,593731.0,0.01
2023-05,MBS Traders-Cling Film-,130.0,593731.0,0.02
2023-05,MBS Traders-Micro 20x26-,270.0,593731.0,0.05
2023-05,MBS Traders-Micro 27x30-,180.0,593731.0,0.03
2023-05,MBS Traders-Micro-,420.0,593731.0,0.07
2023-05,MBS Traders-Tandoori Chicken Masala-,140.0,593731.0,0.02
2023-05,MBS Traders-Tissue Big size-,450.0,593731.0,0.08
2023-05,MBS Traders-butter paper-,403.0,593731.0,0.07
2023-05,MBS Traders-jumbo cover-,70.0,593731.0,0.01
2023-05,MBS Traders-micro 16x20-,840.0,593731.0,0.14
2023-05,MBS Traders-paper Straw-,35.0,593731.0,0.01
2023-05,MBS Traders-paper glass-,550.0,593731.0,0.09
2023-05,MBS Traders-paper plate-,75.0,593731.0,0.01
2023-05,MBS Traders-paper straw Big-,45.0,593731.0,0.01
2023-05,MBS Traders-paper straw-,70.0,593731.0,0.01
2023-05,MBS Traders-plastic cover 1kg-,160.0,593731.0,0.03
2023-05,MBS Traders-tissue Big size-,90.0,593731.0,0.02
2023-05,Maida,12650.0,593731.0,2.13
2023-05,Maida(Porotta 50kg),-615.0,593731.0,-0.1
2023-05,Maintenance-Chair Welding charges-,150.0,593731.0,0.03
2023-05,Makhani Sauce,430.08,593731.0,0.07
2023-05,Malas Chocolate Sauce 5 ltr,1335.61,593731.0,0.22
2023-05,Malas Chocolate Sauce 5 ltr,-1060.01,593731.0,-0.18
2023-05,Mango Crush Sauce 750ml Malas,0.0,593731.0,0.0
2023-05,Mansoor Traders-Mini Burger Box-,440.0,593731.0,0.07
2023-05,Mansoor Traders-Sugar Balls-,40.0,593731.0,0.01
2023-05,Mansoor Traders-Wooden Spoon 140mm-,136.0,593731.0,0.02
2023-05,Mansoor Traders-Wooden Spoon 160mm-,158.0,593731.0,0.03
2023-05,Mansoor Traders-chocolate Syrup-,95.0,593731.0,0.02
2023-05,Masoor-Red,32.0,593731.0,0.01
2023-05,Mc Cain Potato Wedges 2.5kg-Taha,-1673.19,593731.0,-0.28
2023-05,Medium Box,2772.41,593731.0,0.47
2023-05,Medium Pizza Box,1985.1099999999997,593731.0,0.33
2023-05,Mexican Masala,-524.16,593731.0,-0.09
2023-05,Mexican Mix,436.0,593731.0,0.07
2023-05,Micro 13x16,210.0,593731.0,0.04
2023-05,Micro 13x16,-287.0,593731.0,-0.05
2023-05,Micro 16x20,56.0,593731.0,0.01
2023-05,Micro 16x20,28.0,593731.0,0.0
2023-05,Micro 20x26,79.33,593731.0,0.01
2023-05,Micro 20x26,35.0,593731.0,0.01
2023-05,Micro 27x30,195.0,593731.0,0.03
2023-05,Micro 27x30,-180.0,593731.0,-0.03
2023-05,MilkyMist-Mozzarella Cheese-shredded-2kg,-9292.5,593731.0,-1.57
2023-05,Mini Burger Box,-214.41,593731.0,-0.04
2023-05,Mirinda,988.2,593731.0,0.17
2023-05,Mirinda 250ml pet,140.0,593731.0,0.02
2023-05,Mirinda 750ml pet,240.66,593731.0,0.04
2023-05,Mixed Herb Loose,28.799999999999997,593731.0,0.0
2023-05,Moktails Glass,680.9600000000002,593731.0,0.11
2023-05,Mozzarella Diced Cheese,57227.79,593731.0,9.64
2023-05,Mushroom Slice,2352.0,593731.0,0.4
2023-05,Mustard Oil,40.0,593731.0,0.01
2023-05,Mustard-Oil,-63.0,593731.0,-0.01
2023-05,Nandanam-Rain Coat-,120.0,593731.0,0.02
2023-05,Neo Red Paprika 3Kg,-217.2800000000001,593731.0,-0.04
2023-05,Neo-Black Sliced Olives-3kg,-313.03999999999996,593731.0,-0.05
2023-05,OREGANO SACHET 0.8GM,-1016.3999999999999,593731.0,-0.17
2023-05,Oregano Sachet 0.8gm,1099.98,593731.0,0.19
2023-05,Oregano Sprinkler 500g,1144.9199999999998,593731.0,0.19
2023-05,Palm Oil - Refined Oil,98.0,593731.0,0.02
2023-05,Palm Oil - Refined Oil,-1176.0,593731.0,-0.2
2023-05,Paneer,-696.0,593731.0,-0.12
2023-05,Paneer Tikka Butter Masala,193.2,593731.0,0.03
2023-05,Paneer Tikka Butter Masala ,386.4,593731.0,0.07
2023-05,Paper Bag Large,525.0,593731.0,0.09
2023-05,Paper Bag Medium,475.0,593731.0,0.08
2023-05,Paper Bag Regular,850.0,593731.0,0.14
2023-05,Paper Glass,-84.6,593731.0,-0.01
2023-05,Paper Plates,-39.0,593731.0,-0.01
2023-05,Paper Straw Big,18.0,593731.0,0.0
2023-05,Paper Straw Small,-19.25,593731.0,-0.0
2023-05,Papper carry bag large,-149.5,593731.0,-0.03
2023-05,Papper carry bag medium,261.0,593731.0,0.04
2023-05,Papper carry bag small,-16.0,593731.0,-0.0
2023-05,Passion Fruit,977.04,593731.0,0.16
2023-05,Pasta & Pizza Sauce,4482.24,593731.0,0.75
2023-05,Pasta Container,0.0,593731.0,0.0
2023-05,Pasta Container Black,252.55999999999995,593731.0,0.04
2023-05,Pasta-Penne Rigatte,272.03,593731.0,0.05
2023-05,Pepperoni,470.96,593731.0,0.08
2023-05,Pepsi 1250ml Pet,-405.44000000000005,593731.0,-0.07
2023-05,Pepsi 250ml Can,60.0,593731.0,0.01
2023-05,Pepsi 250ml Pet,-87.5,593731.0,-0.01
2023-05,Pepsi 750ml Pet,275.04,593731.0,0.05
2023-05,Pepsi Can,720.0,593731.0,0.12
2023-05,Pepsi pet,7355.49,593731.0,1.24
2023-05,Phoenix Ice Cubes-Ice Cubes-,60.0,593731.0,0.01
2023-05,Phoenix Ice Cubes-ice cubes-,90.0,593731.0,0.02
2023-05,Pineapple slice,551.25,593731.0,0.09
2023-05,Pineapple slice-Tajir Habit-850g,-220.5,593731.0,-0.04
2023-05,Piri Piri Marinade 1KG,133.5,593731.0,0.02
2023-05,Pizza Premix,-661.5,593731.0,-0.11
2023-05,Pizza Primix,1890.0,593731.0,0.32
2023-05,Pizza Sauce Primix,619.5,593731.0,0.1
2023-05,Pizza sauce premix,-278.76999999999987,593731.0,-0.05
2023-05,Potato Wedges,2349.98,593731.0,0.4
2023-05,Processed cheese block,2199.99,593731.0,0.37
2023-05,Processed cheese block,1100.0,593731.0,0.19
2023-05,Processed cheese block,-1650.0,593731.0,-0.28
2023-05,Puramate Basil 250g Pouch,31.200000000000003,593731.0,0.01
2023-05,Puramate Pasta-Gomiti Rigate - macroni - 500g,204.0,593731.0,0.03
2023-05,Puramate Pasta-Penne Rigatte 500g,476.0,593731.0,0.08
2023-05,Red Paprika Slice,869.12,593731.0,0.15
2023-05,Regular Box,6504.75,593731.0,1.1
2023-05,Regular Pizza Box,260.10000000000014,593731.0,0.04
2023-05,Reitzel-Jalapeno Slice-2.9kg,1788.0,593731.0,0.3
2023-05,Rice-Nawab-26kg,518.0,593731.0,0.09
2023-05,Rice-Nawab-26kg,-962.0,593731.0,-0.16
2023-05,Royal HyperMarket-Corn Meal-,90.0,593731.0,0.02
2023-05,Safa Books -Note Book-,16.0,593731.0,0.0
2023-05,Safa Books -stapler -,10.0,593731.0,0.0
2023-05,Salad Bowl (Big )500ml,615.02,593731.0,0.1
2023-05,Salad Bowl (Small )250ml,249.51,593731.0,0.04
2023-05,Salad Bowl 250ml,-70.68,593731.0,-0.01
2023-05,Salad Bowl 500ml,-392.03999999999996,593731.0,-0.07
2023-05,Salt Powder,-25.5,593731.0,-0.0
2023-05,Satheesh-Waste Collection-,500.0,593731.0,0.08
2023-05,Sherif Cherpulasery-whole chicken-,825.0,593731.0,0.14
2023-05,Sherif Cherpulasery-whole chicken-staff,308.0,593731.0,0.05
2023-05,Slice Mango,618.84,593731.0,0.1
2023-05,Slice Mango,265.05,593731.0,0.04
2023-05,Slice Mango 250ml pet,530.1,593731.0,0.09
2023-05,Slice Mango 600ml pet,206.28000000000003,593731.0,0.03
2023-05,Srinivasan-Chocolate Ice Cream -,770.0,593731.0,0.13
2023-05,Srinivasan-Vanilla Ice Cream-,1632.0,593731.0,0.27
2023-05,Strawberry sause 750,-42.66000000000001,593731.0,-0.01
2023-05,Strawberry-Ice cream,-22.810000000000002,593731.0,-0.0
2023-05,Sugar-Loose,-38.0,593731.0,-0.01
2023-05,Sumeru Nuggets Premium 1Kg,834.18,593731.0,0.14
2023-05,Surya Auto Agencies-Engine Oil-,100.0,593731.0,0.02
2023-05,TAJIR JALAPENO SLICES 2.5 KG,-1710.0,593731.0,-0.29
2023-05,Tandoori Chicken Masala-Bakers,-32.5,593731.0,-0.01
2023-05,Tandoori Mix,1243.2,593731.0,0.21
2023-05,Tandoori mix Masala,-165.76,593731.0,-0.03
2023-05,Tasty Fixel Chilly Flakes 0.8gm,1058.4,593731.0,0.18
2023-05,Tasty Fixel Oregano Mix 0.8gm,1323.0,593731.0,0.22
2023-05,Tea Loose,9.0,593731.0,0.0
2023-05,Thousand island,379.99,593731.0,0.06
2023-05,Tissue-Energy-Big,45.0,593731.0,0.01
2023-05,Transportation-,30.0,593731.0,0.01
2023-05,Transportation-Auto fare from Otp-,550.0,593731.0,0.09
2023-05,Transportation-Chicken Sausage-,30.0,593731.0,0.01
2023-05,Transportation-Origano-,30.0,593731.0,0.01
2023-05,Transportation-gouda cheese-,30.0,593731.0,0.01
2023-05,Transportation-transportation-,30.0,593731.0,0.01
2023-05,Transportation-transportation-vegitables,30.0,593731.0,0.01
2023-05,Transportation-vegitables-,30.0,593731.0,0.01
2023-05,Tripod,185.0,593731.0,0.03
2023-05,Turmeric Powder-loose,11.880000000000003,593731.0,0.0
2023-05,Vanilla Ice-cream,12.370000000000005,593731.0,0.0
2023-05,Veeba Barbequesauce 1KG,166.0,593731.0,0.03
2023-05,Veeba Eggless Mayonise Chef 1KG,1120.0,593731.0,0.19
2023-05,Veeba Gouda Flavoured Dressing,0.0,593731.0,0.0
2023-05,Veeba Ketchup Sachet,561.53,593731.0,0.09
2023-05,Veeba Makhani Gravy 1KG,430.08,593731.0,0.07
2023-05,Veeba Pasta & Pizza Sauce 1KG,-760.0,593731.0,-0.13
2023-05,Veeba T. Ketchup 1.2KG,0.0,593731.0,0.0
2023-05,Veeba Tandoori Spread-1kg,434.0,593731.0,0.07
2023-05,Vermicelli Mix,-30.0,593731.0,-0.01
2023-05,Vineger,-4.199999999999999,593731.0,-0.0
2023-05,Wooden Spoon-110mm,-148.24,593731.0,-0.02
2023-05,Wooden Spoon-140mm,-124.8,593731.0,-0.02
2023-05,Zippy  B.Fast Sausage ,-127.68,593731.0,-0.02
2023-05,Zippy Chicken Salami,93.75,593731.0,0.02
2023-05,babu palakkad-Butter-,380.0,593731.0,0.06
2023-05,babu palakkad-butter-,1520.0,593731.0,0.26
2023-05,babu palakkad-paneer-,2610.0,593731.0,0.44
2023-05,badam,0.0,593731.0,0.0
2023-05,berry Fresh-Chikku Pulp-,270.0,593731.0,0.05
2023-05,berry Fresh-Tender Coconut Pulp-,700.0,593731.0,0.12
2023-05,butter,-76.0,593731.0,-0.01
2023-05,butter papper,-35.0,593731.0,-0.01
2023-05,cello tape,150.0,593731.0,0.03
2023-05,five Star Traders-Agarbatti-,30.0,593731.0,0.01
2023-05,five Star Traders-Badam-,76.0,593731.0,0.01
2023-05,five Star Traders-Cherry-,40.0,593731.0,0.01
2023-05,five Star Traders-Chicken Masala-,62.0,593731.0,0.01
2023-05,five Star Traders-Chilly whole-,48.0,593731.0,0.01
2023-05,five Star Traders-Coriander Powder-,140.0,593731.0,0.02
2023-05,five Star Traders-Jeerakham-,16.0,593731.0,0.0
2023-05,five Star Traders-Mustard oil-,190.0,593731.0,0.03
2023-05,five Star Traders-Tea loose-,45.0,593731.0,0.01
2023-05,five Star Traders-Turmeric powder-,65.0,593731.0,0.01
2023-05,five Star Traders-atta-,555.0,593731.0,0.09
2023-05,five Star Traders-black papper-,108.0,593731.0,0.02
2023-05,five Star Traders-cashew nut-,75.0,593731.0,0.01
2023-05,five Star Traders-cashewnut-,75.0,593731.0,0.01
2023-05,five Star Traders-cherry-,18.0,593731.0,0.0
2023-05,five Star Traders-chilli powder-,57.0,593731.0,0.01
2023-05,five Star Traders-exo dish wash soap-,48.0,593731.0,0.01
2023-05,five Star Traders-masoor dal red-,415.0,593731.0,0.07
2023-05,five Star Traders-milk maid-,63.0,593731.0,0.01
2023-05,five Star Traders-palm oil-,9275.0,593731.0,1.56
2023-05,five Star Traders-plastic scrubber-,10.0,593731.0,0.0
2023-05,five Star Traders-salt powder-,60.0,593731.0,0.01
2023-05,five Star Traders-soap powder-,30.0,593731.0,0.01
2023-05,five Star Traders-sugar-,195.0,593731.0,0.03
2023-05,jio-mobile recharge-,209.0,593731.0,0.04
2023-05,milk-Milma-525ml,0.0,593731.0,0.0
2023-05,plastic Cover-1kg,-64.0,593731.0,-0.01
2023-05,plastic cover 5kg,80.0,593731.0,0.01
2023-05,plastic cover-HM- 5kg,-85.0,593731.0,-0.01
2023-04,7UP 1250ml Pet,1679.68,446139.94999999995,0.38
2023-04,7UP 1250ml Pet,695.04,446139.94999999995,0.16
2023-04,7UP 750ml Pet,1650.22,446139.94999999995,0.37
2023-04,7UP 750ml Pet,1031.3999999999999,446139.94999999995,0.23
2023-04,7up 250ml Can,276.0,446139.94999999995,0.06
2023-04,7up 250ml Pet,1050.0,446139.94999999995,0.24
2023-04,AMUL Mozzarella Cheese Block 1Kg,-5610.0,446139.94999999995,-1.26
2023-04,AMUL Mozzarella Diced 1Kg,42750.72,446139.94999999995,9.58
2023-04,Agarbathi,70.0,446139.94999999995,0.02
2023-04,Aqua Fina Mineral Water 1Ltr,447.97,446139.94999999995,0.1
2023-04,Aqua Fina Mineral Water 1Ltr,335.98,446139.94999999995,0.08
2023-04,Atta Loose,438.70000000000005,446139.94999999995,0.1
2023-04,BBQ Mix Masala,663.5999999999999,446139.94999999995,0.15
2023-04,BBQ Wings,223.44,446139.94999999995,0.05
2023-04,Baby Corn Tasty 450G,390.0,446139.94999999995,0.09
2023-04,Baby Corn Whole-450GM-Golden Crown,-390.0,446139.94999999995,-0.09
2023-04,Baby Corn Whole-800GM-Tajir Habit,224.0,446139.94999999995,0.05
2023-04,Baby Corn Whole-Fresh,304.0,446139.94999999995,0.07
2023-04,Baby Corn Whole-Fresh-Isha Vegitables,1900.0,446139.94999999995,0.43
2023-04,Basil-fresh,68.0,446139.94999999995,0.02
2023-04,Berry Fresh Banana Pulp,0.0,446139.94999999995,0.0
2023-04,Berry Fresh Chicku Pulp,540.0,446139.94999999995,0.12
2023-04,Berry Fresh Chicku Pulp,-36.0,446139.94999999995,-0.01
2023-04,Berry Fresh Tender Coconut Pulp,700.0,446139.94999999995,0.16
2023-04,Berry Fresh Tender Coconut Pulp,-210.0,446139.94999999995,-0.05
2023-04,Bio-Bag-10x14-140,-2.759999999999991,446139.94999999995,-0.0
2023-04,Bio-Bag-13x16-90,-13.800000000000011,446139.94999999995,-0.0
2023-04,Bio-Bag-16x20-50,46.0,446139.94999999995,0.01
2023-04,Bio-Bag-20x26-35,-13.569999999999993,446139.94999999995,-0.0
2023-04,Black Grapes,22.5,446139.94999999995,0.01
2023-04,Black Pepper,-54.0,446139.94999999995,-0.01
2023-04,Black pepper,43.2,446139.94999999995,0.01
2023-04,Boneless Chicken,777.0,446139.94999999995,0.17
2023-04,Bornless Chicken- Adakkaputhur,16865.379999999997,446139.94999999995,3.78
2023-04,Bread Premix,642.6,446139.94999999995,0.14
2023-04,Brocoli,260.0,446139.94999999995,0.06
2023-04,Brocoli-isha Vegitable,280.0,446139.94999999995,0.06
2023-04,Brownie,1732.9,446139.94999999995,0.39
2023-04,Butter Scotch Ice-cream,175.69,446139.94999999995,0.04
2023-04,Butter Scotch Ice-cream,0.0,446139.94999999995,0.0
2023-04,Butter Scotch Sauce 750ml,-45.93,446139.94999999995,-0.01
2023-04,Cashew nut,112.5,446139.94999999995,0.03
2023-04,Cherry,54.0,446139.94999999995,0.01
2023-04,Chettinad Mix,0.0,446139.94999999995,0.0
2023-04,Chicken Kheema  Masala,32.55,446139.94999999995,0.01
2023-04,Chicken Masala,-27.0,446139.94999999995,-0.01
2023-04,Chicken Nuggets-Godrej-1kg,384.0,446139.94999999995,0.09
2023-04,Chicken-Masala-Melam,87.0,446139.94999999995,0.02
2023-04,Chicken-Masala-Melam,23.2,446139.94999999995,0.01
2023-04,Chicken-Whole-Staff,741.99,446139.94999999995,0.17
2023-04,Chilli Flakes-Puramate-400grm,50.349999999999994,446139.94999999995,0.01
2023-04,Chilli Flakes-Tasty Pixel-Veeba-Sachet-0.8g,926.0999999999999,446139.94999999995,0.21
2023-04,Chilli Flakes-Tasty Pixel-Veeba-Sachet-0.8g,-77.78999999999999,446139.94999999995,-0.02
2023-04,Chilli Powder Loose,40.0,446139.94999999995,0.01
2023-04,Chocolate Ice-cream,3080.0,446139.94999999995,0.69
2023-04,Chocolate Ice-cream,-70.0,446139.94999999995,-0.02
2023-04,Coriander Powder-loose,98.4,446139.94999999995,0.02
2023-04,Corn Meal - Chola Rava,80.0,446139.94999999995,0.02
2023-04,Corn Meal - MAKKA RAVA,162.0,446139.94999999995,0.04
2023-04,Curd-Elanad-500ml,35.0,446139.94999999995,0.01
2023-04,Curd-Sheethal-400g,84.0,446139.94999999995,0.02
2023-04,DVC BLUE OCCEAN FLV SYRUP 750ML,977.0400000000002,446139.94999999995,0.22
2023-04,DVC Green Apple 750 ML,1221.3000000000002,446139.94999999995,0.27
2023-04,DVC Mint Flavoured Syrup 750 ml,-838.8200000000002,446139.94999999995,-0.19
2023-04,DVC PASSION FRUIT FLV SYRUP 750ML,-879.3399999999999,446139.94999999995,-0.2
2023-04,DVC Passion Fruit 750ML,1953.0,446139.94999999995,0.44
2023-04,Dew 250ml Can,720.0,446139.94999999995,0.16
2023-04,Dew 250ml Can,-180.0,446139.94999999995,-0.04
2023-04,Dew 250ml Pet,1050.0,446139.94999999995,0.24
2023-04,Dew 250ml Pet,-87.5,446139.94999999995,-0.02
2023-04,Dew 750ml Pet,1272.06,446139.94999999995,0.29
2023-04,Dip Bowl,-336.3,446139.94999999995,-0.08
2023-04,Double Cream-Rich-1kg,588.0,446139.94999999995,0.13
2023-04,Dried Yeast,747.96,446139.94999999995,0.17
2023-04,Egg-5.5,555.5,446139.94999999995,0.12
2023-04,Exo Dishwash cake,-19.2,446139.94999999995,-0.0
2023-04,Exo Steel Wool,15.0,446139.94999999995,0.0
2023-04,Flexi Cream Gold,778.8,446139.94999999995,0.17
2023-04,French Fries 6mm-Funwave,13641.62,446139.94999999995,3.06
2023-04,French Fries 6mm-Funwave,-8027.1,446139.94999999995,-1.8
2023-04,French Fries 6mm-Funwave 2.5 KG,6980.0,446139.94999999995,1.56
2023-04,French Fries 9mm-Funwave,0.0,446139.94999999995,0.0
2023-04,French Fries Box,-100.20000000000005,446139.94999999995,-0.02
2023-04,Frozen Sweet Corn,912.5,446139.94999999995,0.2
2023-04,Frozen Sweet Corn-Pal Fresh,-198.0,446139.94999999995,-0.04
2023-04,G.Crown Mushroom Slice 800g,5292.0,446139.94999999995,1.19
2023-04,G.Crown Mushroom Slice 800g,-882.0,446139.94999999995,-0.2
2023-04,GO Orange Cheddar Cheese 2kg,339.9,446139.94999999995,0.08
2023-04,GO-Monterey Jack Cheese-2kg,61.0,446139.94999999995,0.01
2023-04,Garlic Bread Box,70.32,446139.94999999995,0.02
2023-04,Garlic Chilli Spread,745.2,446139.94999999995,0.17
2023-04,Gas-LPG-HPCL,16560.0,446139.94999999995,3.71
2023-04,Herb Mix Masla,711.76,446139.94999999995,0.16
2023-04,Hersheys Cocoa-70grm,70.72,446139.94999999995,0.02
2023-04,Hersheys Syrup-200grm,70.5,446139.94999999995,0.02
2023-04,Ice cube,90.0,446139.94999999995,0.02
2023-04,Insulation Tape,24.0,446139.94999999995,0.01
2023-04,JIVO Pomace Olive Oil ,670.02,446139.94999999995,0.15
2023-04,Jumbo Cover-Blue,45.0,446139.94999999995,0.01
2023-04,Jumbo Cover-Blue,37.5,446139.94999999995,0.01
2023-04,KOT Printing Rolls,364.0,446139.94999999995,0.08
2023-04,Lamp Pepperoni,583.73,446139.94999999995,0.13
2023-04,Large Pizza Box,1298.0,446139.94999999995,0.29
2023-04,Lehar Soda,625.48,446139.94999999995,0.14
2023-04,Lion Honey 1kg,676.2,446139.94999999995,0.15
2023-04,Maida(Porotta 50kg),8200.0,446139.94999999995,1.84
2023-04,Maida(Porotta 50kg),820.0,446139.94999999995,0.18
2023-04,Malas Chocolate Sauce 5 ltr,1060.01,446139.94999999995,0.24
2023-04,Malas Chocolate Sauce 5 ltr,-805.6099999999999,446139.94999999995,-0.18
2023-04,Mango Crush Sauce 750ml Malas,0.0,446139.94999999995,0.0
2023-04,Masoor-Red,191.8,446139.94999999995,0.04
2023-04,Mc Cain Potato Wedges 2.5kg,385.28,446139.94999999995,0.09
2023-04,Mc Cain Potato Wedges 2.5kg-Taha,470.0,446139.94999999995,0.11
2023-04,Mc Cain Potato Wedges 2.5kg-Taha,-112.8,446139.94999999995,-0.03
2023-04,Medium Pizza Box,3149.5600000000004,446139.94999999995,0.71
2023-04,Mexican Masala,2140.3199999999997,446139.94999999995,0.48
2023-04,Micro 13x16,126.0,446139.94999999995,0.03
2023-04,Micro 13x16,-210.0,446139.94999999995,-0.05
2023-04,Micro 16x20,280.0,446139.94999999995,0.06
2023-04,Micro 16x20,14.0,446139.94999999995,0.0
2023-04,Micro 20x26,280.0,446139.94999999995,0.06
2023-04,Micro 20x26,-46.66,446139.94999999995,-0.01
2023-04,Micro 26x30,150.0,446139.94999999995,0.03
2023-04,Micro 27x30,-112.5,446139.94999999995,-0.03
2023-04,Milk,200.0,446139.94999999995,0.04
2023-04,Milk-Elanad-500ml,224.0,446139.94999999995,0.05
2023-04,Milk-Sheethal-450ml,1508.0,446139.94999999995,0.34
2023-04,MilkyMist-Mozzarella Cheese-shredded-2kg,5947.2,446139.94999999995,1.33
2023-04,MilkyMist-Mozzarella Cheese-shredded-2kg,-1982.4,446139.94999999995,-0.44
2023-04,Milkymist Cheese BLock 1KG,1100.0,446139.94999999995,0.25
2023-04,Mini Burger Box,260.54999999999995,446139.94999999995,0.06
2023-04,Mirinda 250ml pet,455.0,446139.94999999995,0.1
2023-04,Mirinda 750ml pet,550.0799999999999,446139.94999999995,0.12
2023-04,Mittai-Milk-Amul,64.0,446139.94999999995,0.01
2023-04,Mixed Herb Loose,48.0,446139.94999999995,0.01
2023-04,Mojito Menta Cubano,1953.0,446139.94999999995,0.44
2023-04,Moktails Glass,707.8400000000001,446139.94999999995,0.16
2023-04,Mustard Oil,-40.0,446139.94999999995,-0.01
2023-04,Mustard-Oil,105.0,446139.94999999995,0.02
2023-04,Mustard-Oil,21.0,446139.94999999995,0.0
2023-04,Neo Red Paprika 3Kg,434.56000000000006,446139.94999999995,0.1
2023-04,Neo-Black Sliced Olives-3kg,626.0799999999999,446139.94999999995,0.14
2023-04,OREGANO SACHET 0.8GM,1005.3999999999999,446139.94999999995,0.23
2023-04,Oregano Sprinkler 500g,1218.0,446139.94999999995,0.27
2023-04,Oregano Sprinkler 500g,-109.61999999999989,446139.94999999995,-0.02
2023-04,Palm Oil - Refined Oil,1862.0,446139.94999999995,0.42
2023-04,Palm Oil - Refined Oil,1222.0,446139.94999999995,0.27
2023-04,Paneer,1496.0,446139.94999999995,0.34
2023-04,Paneer Tikka Butter Masala,347.76000000000005,446139.94999999995,0.08
2023-04,Paper Glass,450.0,446139.94999999995,0.1
2023-04,Paper Glass,6.199999999999989,446139.94999999995,0.0
2023-04,Paper Plates,15.0,446139.94999999995,0.0
2023-04,Paper Straw,70.0,446139.94999999995,0.02
2023-04,Paper Straw Big,-6.75,446139.94999999995,-0.0
2023-04,Paper Straw Small,38.5,446139.94999999995,0.01
2023-04,Papper carry bag large,195.5,446139.94999999995,0.04
2023-04,Papper carry bag medium,585.0,446139.94999999995,0.13
2023-04,Parsely-Veg,42.4,446139.94999999995,0.01
2023-04,Pasta Container Black,829.84,446139.94999999995,0.19
2023-04,Pepsi 1250ml Pet,810.8799999999999,446139.94999999995,0.18
2023-04,Pepsi 1250ml Pet,695.04,446139.94999999995,0.16
2023-04,Pepsi 250ml Can,720.0,446139.94999999995,0.16
2023-04,Pepsi 250ml Can,60.0,446139.94999999995,0.01
2023-04,Pepsi 250ml Pet,1050.0,446139.94999999995,0.24
2023-04,Pepsi 250ml Pet,682.5,446139.94999999995,0.15
2023-04,Pepsi 750ml Pet,2475.33,446139.94999999995,0.55
2023-04,Pepsi 750ml Pet,584.4599999999999,446139.94999999995,0.13
2023-04,Pineapple slice-Tajir Habit-850g,220.5,446139.94999999995,0.05
2023-04,Piri Piri Marinade 1KG,222.5,446139.94999999995,0.05
2023-04,Pizza Premix,4991.96,446139.94999999995,1.12
2023-04,Pizza sauce premix,123.89999999999998,446139.94999999995,0.03
2023-04,Ponni Rice,962.0,446139.94999999995,0.22
2023-04,Processed cheese block,2475.0,446139.94999999995,0.55
2023-04,Processed cheese block,-2199.99,446139.94999999995,-0.49
2023-04,Puramate Basil 250g Pouch,23.39999999999999,446139.94999999995,0.01
2023-04,Puramate Pasta-Gomiti Rigate - macroni - 500g,408.0,446139.94999999995,0.09
2023-04,Puramate Pasta-Gomiti Rigate - macroni - 500g,-340.0,446139.94999999995,-0.08
2023-04,Puramate Pasta-Gomiti Rigate 500g,136.0,446139.94999999995,0.03
2023-04,Puramate Pasta-Penne Rigatte 500g,1360.0,446139.94999999995,0.3
2023-04,Puramate Pasta-Penne Rigatte 500g,748.0,446139.94999999995,0.17
2023-04,Puramate Pasta-Penne Rigatte 500g,-1088.0,446139.94999999995,-0.24
2023-04,Red yellow capsicum-isha Vegitable,505.0,446139.94999999995,0.11
2023-04,Regular Pizza Box,4941.9,446139.94999999995,1.11
2023-04,Reitzel-Jalapeno Slice-2.9kg,-1788.0,446139.94999999995,-0.4
2023-04,Rice-Nawab-26kg,296.0,446139.94999999995,0.07
2023-04,Salad Bowl 250ml,247.38000000000005,446139.94999999995,0.06
2023-04,Salad Bowl 500ml,-72.60000000000002,446139.94999999995,-0.02
2023-04,Salt Powder,40.0,446139.94999999995,0.01
2023-04,Salt Powder,2.5,446139.94999999995,0.0
2023-04,Savoury Wedges 2.5 KG,470.0,446139.94999999995,0.11
2023-04,Slice Mango 250ml pet,530.1,446139.94999999995,0.12
2023-04,Slice Mango 250ml pet,-17.670000000000073,446139.94999999995,-0.0
2023-04,Slice Mango 600ml pet,584.46,446139.94999999995,0.13
2023-04,Strawberry sause 750,42.66000000000001,446139.94999999995,0.01
2023-04,Strawberry-Ice cream,-22.819999999999993,446139.94999999995,-0.01
2023-04,Sugar-Loose,15.200000000000003,446139.94999999995,0.0
2023-04,Sumeru Nuggets Premium 1Kg,1191.68,446139.94999999995,0.27
2023-04,Sumeru Nuggets Premium 1Kg,-834.18,446139.94999999995,-0.19
2023-04,TAJIR JALAPENO SLICES 2.5 KG,2565.0,446139.94999999995,0.57
2023-04,Tandoori Chicken Masala-Bakers,144.0,446139.94999999995,0.03
2023-04,Tandoori Chicken Masala-Bakers,0.0,446139.94999999995,0.0
2023-04,Tandoori mix Masala,787.3599999999999,446139.94999999995,0.18
2023-04,Tea Loose,18.0,446139.94999999995,0.0
2023-04,Tissue-Energy-Big,477.0,446139.94999999995,0.11
2023-04,Tripod,0.0,446139.94999999995,0.0
2023-04,Turmeric Powder-loose,24.119999999999997,446139.94999999995,0.01
2023-04,Vanilla Ice-cream,1088.0,446139.94999999995,0.24
2023-04,Vanilla Ice-cream,222.54000000000002,446139.94999999995,0.05
2023-04,Veeba Barbequesauce 1KG,232.39999999999998,446139.94999999995,0.05
2023-04,Veeba Chilli Flakes Seasoning(8G),396.9,446139.94999999995,0.09
2023-04,Veeba Eggless Mayonise Chef 1KG,3500.0,446139.94999999995,0.78
2023-04,Veeba Eggless Mayonise Chef 1KG,-280.0,446139.94999999995,-0.06
2023-04,Veeba Gouda Flavoured Dressing,215.03999999999996,446139.94999999995,0.05
2023-04,Veeba Ketchup Sachet,1351.84,446139.94999999995,0.3
2023-04,Veeba Ketchup Sachet,158.38,446139.94999999995,0.04
2023-04,Veeba Makhani Gravy 1KG,842.24,446139.94999999995,0.19
2023-04,Veeba Makhani Gravy 1KG,421.12,446139.94999999995,0.09
2023-04,Veeba Makhani Gravy 1KG,0.0,446139.94999999995,0.0
2023-04,Veeba Pasta & Pizza Sauce 1KG,3230.0,446139.94999999995,0.72
2023-04,Veeba Pasta & Pizza Sauce 1KG,2280.0,446139.94999999995,0.51
2023-04,Veeba T. Ketchup 1.2KG,1785.0,446139.94999999995,0.4
2023-04,Veeba Tandoori Spread-1kg,303.79999999999995,446139.94999999995,0.07
2023-04,Vegitables,13648.0,446139.94999999995,3.06
2023-04,Vermicelli Mix,90.0,446139.94999999995,0.02
2023-04,Vineger,0.0,446139.94999999995,0.0
2023-04,Washing Powder 500G,31.0,446139.94999999995,0.01
2023-04,Wooden Spoon-110mm,109.0,446139.94999999995,0.02
2023-04,Wooden Spoon-110mm,-23.979999999999997,446139.94999999995,-0.01
2023-04,Wooden Spoon-160mm,68.75,446139.94999999995,0.02
2023-04,Zippy  B.Fast Sausage ,383.03999999999996,446139.94999999995,0.09
2023-04,Zippy Chicken Salami,343.72,446139.94999999995,0.08
2023-04,badam,16.0,446139.94999999995,0.0
2023-04,butter,1520.0,446139.94999999995,0.34
2023-04,butter papper,87.5,446139.94999999995,0.02
2023-04,cello tape,-225.0,446139.94999999995,-0.05
2023-04,chicken kheema-Adakkaputhur,498.0,446139.94999999995,0.11
2023-04,egg,138.0,446139.94999999995,0.03
2023-04,egg-6.50,39.0,446139.94999999995,0.01
2023-04,horlicks,20.0,446139.94999999995,0.0
2023-04,lighter,10.0,446139.94999999995,0.0
2023-04,milk-Milma-525ml,-56.0,446139.94999999995,-0.01
2023-04,plastic Cover-1kg,0.0,446139.94999999995,0.0
2023-04,plastic cover 5kg,-80.0,446139.94999999995,-0.02
2023-04,plastic cover-HM- 5kg,85.0,446139.94999999995,0.02
2023-03,7UP 1250ml Pet,3475.2,384028.94999999995,0.9
2023-03,7UP 1250ml Pet,-637.1200000000001,384028.94999999995,-0.17
2023-03,7UP 750ml Pet,1650.22,384028.94999999995,0.43
2023-03,7UP 750ml Pet,-378.17999999999984,384028.94999999995,-0.1
2023-03,7up 250ml Can,720.0,384028.94999999995,0.19
2023-03,7up 250ml Can,-192.0,384028.94999999995,-0.05
2023-03,7up 250ml Pet,1050.0,384028.94999999995,0.27
2023-03,7up 250ml Pet,-455.0,384028.94999999995,-0.12
2023-03,AMUL Mozzarella Diced 1Kg,32144.239999999998,384028.94999999995,8.37
2023-03,Agarbathi,35.0,384028.94999999995,0.01
2023-03,Aqua Fina Mineral Water 1Ltr,503.97,384028.94999999995,0.13
2023-03,Aqua Fina Mineral Water 1Ltr,-167.99,384028.94999999995,-0.04
2023-03,Atta Loose,1081.3,384028.94999999995,0.28
2023-03,BBQ Mix Masala,530.8799999999999,384028.94999999995,0.14
2023-03,BBQ Wings,983.1399999999999,384028.94999999995,0.26
2023-03,Baby Corn Whole-450GM-Golden Crown,130.0,384028.94999999995,0.03
2023-03,Baby Corn Whole-800GM-Tajir Habit,-224.0,384028.94999999995,-0.06
2023-03,Baby Corn Whole-Fresh-Isha Vegitables,532.0,384028.94999999995,0.14
2023-03,Basil-fresh-Isha Vegitables,194.0,384028.94999999995,0.05
2023-03,Battery Small,12.0,384028.94999999995,0.0
2023-03,Beans-veg,6.0,384028.94999999995,0.0
2023-03,Berry Fresh Banana Pulp,0.0,384028.94999999995,0.0
2023-03,Berry Fresh Chicku Pulp,540.0,384028.94999999995,0.14
2023-03,Berry Fresh Chicku Pulp,-198.0,384028.94999999995,-0.05
2023-03,Berry Fresh Tender Coconut Pulp,350.0,384028.94999999995,0.09
2023-03,Bio-Bag-10x14-140,46.0,384028.94999999995,0.01
2023-03,Bio-Bag-13x16-90,34.5,384028.94999999995,0.01
2023-03,Bio-Bag-16x20-50,184.0,384028.94999999995,0.05
2023-03,Bio-Bag-20x26-35,57.5,384028.94999999995,0.01
2023-03,Bitter Guard-Veg,33.0,384028.94999999995,0.01
2023-03,Black Grapes,40.0,384028.94999999995,0.01
2023-03,Black pepper,64.8,384028.94999999995,0.02
2023-03,Bornless Chicken- Adakkaputhur,13470.99,384028.94999999995,3.51
2023-03,Bread Premix,378.0,384028.94999999995,0.1
2023-03,Brocoli-isha Vegitable,714.0,384028.94999999995,0.19
2023-03,Brownie,1613.1999999999998,384028.94999999995,0.42
2023-03,Brush,60.0,384028.94999999995,0.02
2023-03,Butter Scotch Ice-cream,386.5,384028.94999999995,0.1
2023-03,Butter Scotch Sauce 750ml,55.2,384028.94999999995,0.01
2023-03,Butter Scotch Sauce 750ml,-0.07,384028.94999999995,-0.0
2023-03,CHILLY FLAKES SACHET 0.8GM,1455.67,384028.94999999995,0.38
2023-03,Candyman Fantastick,99.0,384028.94999999995,0.03
2023-03,Capcicum-Veg,1092.05,384028.94999999995,0.28
2023-03,Carrot-Veg,68.0,384028.94999999995,0.02
2023-03,Cash Voucher Book,111.0,384028.94999999995,0.03
2023-03,Cashew nut,305.0,384028.94999999995,0.08
2023-03,Catering Cap,80.0,384028.94999999995,0.02
2023-03,Cauli Flower-veg,158.0,384028.94999999995,0.04
2023-03,Cheera-veg,50.0,384028.94999999995,0.01
2023-03,Cherry,71.0,384028.94999999995,0.02
2023-03,Chettinad Mix,32.55000000000001,384028.94999999995,0.01
2023-03,Chicken Kheema,51.8,384028.94999999995,0.01
2023-03,Chicken Kheema  Masala,-32.55,384028.94999999995,-0.01
2023-03,Chicken Kheema  Masala,162.75,384028.94999999995,0.04
2023-03,Chicken Masala,26.0,384028.94999999995,0.01
2023-03,Chicken Nuggets-Godrej-1kg,640.0,384028.94999999995,0.17
2023-03,Chicken Nuggets-Godrej-1kg,-160.0,384028.94999999995,-0.04
2023-03,Chicken-Masala-Melam,58.0,384028.94999999995,0.02
2023-03,Chicken-Masala-Melam,-23.2,384028.94999999995,-0.01
2023-03,Chicken-Whole-Staff,1199.02,384028.94999999995,0.31
2023-03,Chilli Flakes,110.0,384028.94999999995,0.03
2023-03,Chilli Flakes-Puramate-400grm,143.85,384028.94999999995,0.04
2023-03,Chilli Flakes-Puramate-400grm,-230.16,384028.94999999995,-0.06
2023-03,Chilli Flakes-Tasty Pixel-Veeba-Sachet-0.8g,-38.1,384028.94999999995,-0.01
2023-03,Chilli Flakes-Tasty Pixel-Veeba-Sachet-0.8g,-396.9000000000001,384028.94999999995,-0.1
2023-03,Chilli Powder Loose,-60.0,384028.94999999995,-0.02
2023-03,Chilly Powder 1kg-Eastern,198.01,384028.94999999995,0.05
2023-03,Chocolate Ice-cream,315.0,384028.94999999995,0.08
2023-03,Cling Flim,130.0,384028.94999999995,0.03
2023-03,Coriander Leaves-Veg,49.0,384028.94999999995,0.01
2023-03,Coriander Powder-loose,159.8,384028.94999999995,0.04
2023-03,Corn Meal - Chola Rava,80.0,384028.94999999995,0.02
2023-03,Corn Meal - MAKKA RAVA,180.0,384028.94999999995,0.05
2023-03,Corn Meal - MAKKA RAVA,-99.0,384028.94999999995,-0.03
2023-03,Cucumber-veg,10.0,384028.94999999995,0.0
2023-03,Curd-Sheethal-400g,224.0,384028.94999999995,0.06
2023-03,DVC BLUE OCCEAN FLV SYRUP 750ML,932.01,384028.94999999995,0.24
2023-03,DVC BLUE OCCEAN FLV SYRUP 750ML,-195.41000000000008,384028.94999999995,-0.05
2023-03,DVC Green Apple 750 ML,1304.82,384028.94999999995,0.34
2023-03,DVC Green Apple 750 ML,97.69999999999982,384028.94999999995,0.03
2023-03,DVC MOJITO MINT 750ML,2442.6,384028.94999999995,0.64
2023-03,DVC MOJITO MINT 750ML,349.6,384028.94999999995,0.09
2023-03,DVC Mint Flavoured Syrup 750 ml,-1304.83,384028.94999999995,-0.34
2023-03,DVC PASSION FRUIT FLV SYRUP 750ML,635.0799999999999,384028.94999999995,0.17
2023-03,Dew 250ml Can,330.0,384028.94999999995,0.09
2023-03,Dew 250ml Pet,525.0,384028.94999999995,0.14
2023-03,Dew 250ml Pet,192.5,384028.94999999995,0.05
2023-03,Dew 750ml Pet,1650.22,384028.94999999995,0.43
2023-03,Dew 750ml Pet,-618.8399999999999,384028.94999999995,-0.16
2023-03,Dip Bowl,-135.7,384028.94999999995,-0.04
2023-03,Dried Yeast,1699.9,384028.94999999995,0.44
2023-03,Dried Yeast,1.6,384028.94999999995,0.0
2023-03,Dried Yeast,-1937.89,384028.94999999995,-0.5
2023-03,Egg-5.5,770.0,384028.94999999995,0.2
2023-03,Exo Dishwash cake,28.8,384028.94999999995,0.01
2023-03,Flexi Cream Gold,973.4999999999998,384028.94999999995,0.25
2023-03,French Fries 6mm-Funwave,13468.0,384028.94999999995,3.51
2023-03,French Fries 6mm-Funwave,-416.43,384028.94999999995,-0.11
2023-03,French Fries 6mm-Funwave,-10051.720000000001,384028.94999999995,-2.62
2023-03,French Fries 9mm-Funwave,3640.0,384028.94999999995,0.95
2023-03,French Fries 9mm-Funwave,393.11999999999995,384028.94999999995,0.1
2023-03,French Fries Box,264.02,384028.94999999995,0.07
2023-03,Frozen Sweet Corn,625.0,384028.94999999995,0.16
2023-03,Frozen Sweet Corn,-600.0,384028.94999999995,-0.16
2023-03,Frozen Sweet Corn-Pal Fresh,495.0,384028.94999999995,0.13
2023-03,G.Crown Mushroom Slice 800g,3920.0,384028.94999999995,1.02
2023-03,GO Orange Cheddar Cheese 2kg,339.9,384028.94999999995,0.09
2023-03,GO-Monterey Jack Cheese-2kg,0.0,384028.94999999995,0.0
2023-03,Garlic Bread Box,3023.76,384028.94999999995,0.79
2023-03,Garlic Chilli Spread,113.39999999999986,384028.94999999995,0.03
2023-03,Garlic-Veg,613.4,384028.94999999995,0.16
2023-03,Gas-LPG-HPCL,12900.0,384028.94999999995,3.36
2023-03,Ginger-Veg,80.0,384028.94999999995,0.02
2023-03,Green Chilly-Veg,148.0,384028.94999999995,0.04
2023-03,Herb Mix Masla,702.2399999999998,384028.94999999995,0.18
2023-03,Hersheys Cocoa-70grm,99.0,384028.94999999995,0.03
2023-03,Hersheys Cocoa-70grm,-84.86,384028.94999999995,-0.02
2023-03,Hersheys Syrup-200grm,94.0,384028.94999999995,0.02
2023-03,Hersheys Syrup-200grm,-70.5,384028.94999999995,-0.02
2023-03,Honey,276.0,384028.94999999995,0.07
2023-03,Ice cube,105.0,384028.94999999995,0.03
2023-03,JIVO Pomace Olive Oil ,636.52,384028.94999999995,0.17
2023-03,Jumbo Cover-Blue,72.5,384028.94999999995,0.02
2023-03,KOT Printing Rolls,-2964.0,384028.94999999995,-0.77
2023-03,Lamp Pepperoni,517.83,384028.94999999995,0.13
2023-03,Large Pizza Box,221.25,384028.94999999995,0.06
2023-03,Lehar Soda,790.08,384028.94999999995,0.21
2023-03,Lehar Soda,-246.89999999999998,384028.94999999995,-0.06
2023-03,Lemon-Veg,795.0,384028.94999999995,0.21
2023-03,Lion Honey 1kg,-483.0,384028.94999999995,-0.13
2023-03,Maida(Porotta 50kg),8200.0,384028.94999999995,2.14
2023-03,Maida(Porotta 50kg),410.0,384028.94999999995,0.11
2023-03,Malas Chocolate Sauce 5 ltr,190.80999999999995,384028.94999999995,0.05
2023-03,Mango Crush Sauce 750ml Malas,0.0,384028.94999999995,0.0
2023-03,Masoor-Red,348.2,384028.94999999995,0.09
2023-03,Mc Cain Potato Wedges 2.5kg,963.2,384028.94999999995,0.25
2023-03,Mc Cain Potato Wedges 2.5kg,-115.57999999999998,384028.94999999995,-0.03
2023-03,Medium Pizza Box,3249.37,384028.94999999995,0.85
2023-03,Mexican Masala,1929.1999999999998,384028.94999999995,0.5
2023-03,Micro 13x16,154.0,384028.94999999995,0.04
2023-03,Micro 13x16,108.5,384028.94999999995,0.03
2023-03,Micro 16x20,420.0,384028.94999999995,0.11
2023-03,Micro 16x20,42.0,384028.94999999995,0.01
2023-03,Micro 20x26,140.0,384028.94999999995,0.04
2023-03,Micro 20x26,60.66,384028.94999999995,0.02
2023-03,Micro 27x30,0.0,384028.94999999995,0.0
2023-03,Milk-Milma,182.0,384028.94999999995,0.05
2023-03,Milk-Sheethal-450ml,1638.0,384028.94999999995,0.43
2023-03,Milkymist Cheese BLock 1KG,2200.0,384028.94999999995,0.57
2023-03,Mini Burger Box,-493.95,384028.94999999995,-0.13
2023-03,Mint-Veg,62.0,384028.94999999995,0.02
2023-03,Mirinda 250ml pet,525.0,384028.94999999995,0.14
2023-03,Mirinda 250ml pet,-350.0,384028.94999999995,-0.09
2023-03,Mirinda 750ml pet,412.55999999999995,384028.94999999995,0.11
2023-03,Mittai-Milk-Amul,62.0,384028.94999999995,0.02
2023-03,Mixed Herb Loose,192.0,384028.94999999995,0.05
2023-03,Moktails Glass,1326.0800000000002,384028.94999999995,0.35
2023-03,Mop stick,22.0,384028.94999999995,0.01
2023-03,Mustard-Oil,105.0,384028.94999999995,0.03
2023-03,Mustard-Oil,42.0,384028.94999999995,0.01
2023-03,Mutton Masala,45.0,384028.94999999995,0.01
2023-03,Neo Red Paprika 3Kg,315.4599999999998,384028.94999999995,0.08
2023-03,Neo-Black Sliced Olives-3kg,626.0800000000002,384028.94999999995,0.16
2023-03,Note Book small,25.0,384028.94999999995,0.01
2023-03,OREGANO SACHET 0.8GM,1980.0,384028.94999999995,0.52
2023-03,OREGANO SACHET 0.8GM,-1004.6599999999999,384028.94999999995,-0.26
2023-03,Onion-Veg,1415.0,384028.94999999995,0.37
2023-03,Oregano Sprinkler 500g,3045.0,384028.94999999995,0.79
2023-03,Oregano Sprinkler 500g,-2375.1,384028.94999999995,-0.62
2023-03,Padlock,145.0,384028.94999999995,0.04
2023-03,Palm Oil - Refined Oil,5008.0,384028.94999999995,1.3
2023-03,Paneer,945.0,384028.94999999995,0.25
2023-03,Paneer Tikka Butter Masala,310.79999999999984,384028.94999999995,0.08
2023-03,Paper Glass,325.0,384028.94999999995,0.08
2023-03,Paper Glass,-28.599999999999994,384028.94999999995,-0.01
2023-03,Paper Plates,9.0,384028.94999999995,0.0
2023-03,Paper Straw,40.6,384028.94999999995,0.01
2023-03,Paper Straw,35.0,384028.94999999995,0.01
2023-03,Paper Straw Big,45.0,384028.94999999995,0.01
2023-03,Paper Straw Big,-38.25,384028.94999999995,-0.01
2023-03,Paper Straw Small,35.0,384028.94999999995,0.01
2023-03,Paper Straw Small,-38.5,384028.94999999995,-0.01
2023-03,Papper carry bag large,92.0,384028.94999999995,0.02
2023-03,Papper carry bag medium,495.0,384028.94999999995,0.13
2023-03,Papper carry bag small,1152.0,384028.94999999995,0.3
2023-03,Parsely- Isha Vegitable,116.5,384028.94999999995,0.03
2023-03,Pasta Container Black,-658.46,384028.94999999995,-0.17
2023-03,Pepsi 1250ml Pet,2085.12,384028.94999999995,0.54
2023-03,Pepsi 1250ml Pet,-695.04,384028.94999999995,-0.18
2023-03,Pepsi 250ml Can,720.0,384028.94999999995,0.19
2023-03,Pepsi 250ml Can,0.0,384028.94999999995,0.0
2023-03,Pepsi 250ml Pet,2100.0,384028.94999999995,0.55
2023-03,Pepsi 250ml Pet,-717.5,384028.94999999995,-0.19
2023-03,Pepsi 750ml Pet,2475.33,384028.94999999995,0.64
2023-03,Pepsi 750ml Pet,-550.0799999999999,384028.94999999995,-0.14
2023-03,Pineapple slice-Tajir Habit-500g,220.5,384028.94999999995,0.06
2023-03,Pineapple-Veg,108.0,384028.94999999995,0.03
2023-03,Piri Piri Marinade 1KG,89.0,384028.94999999995,0.02
2023-03,Pizza Premix,2764.13,384028.94999999995,0.72
2023-03,Pizza sauce premix,898.28,384028.94999999995,0.23
2023-03,Potato-Veg,741.0,384028.94999999995,0.19
2023-03,Processed cheese block,1375.0,384028.94999999995,0.36
2023-03,Processed cheese block,-2475.0,384028.94999999995,-0.64
2023-03,Puramate Basil 250g Pouch,187.2,384028.94999999995,0.05
2023-03,Puramate Pasta-Gomiti Rigate - macroni - 500g,136.0,384028.94999999995,0.04
2023-03,Puramate Pasta-Gomiti Rigate - macroni - 500g,0.0,384028.94999999995,0.0
2023-03,Puramate Pasta-Penne Rigatte 500g,680.0,384028.94999999995,0.18
2023-03,Puramate Pasta-Penne Rigatte 500g,-108.79999999999995,384028.94999999995,-0.03
2023-03,Red Apple,96.0,384028.94999999995,0.02
2023-03,Red yellow capsicum-isha Vegitable,631.5,384028.94999999995,0.16
2023-03,Regular Pizza Box,3693.419999999999,384028.94999999995,0.96
2023-03,Reitzel-Jalapeno Slice-2.9kg,3576.0,384028.94999999995,0.93
2023-03,Rice-Nawab-26kg,962.0,384028.94999999995,0.25
2023-03,Rice-Nawab-26kg,-666.0,384028.94999999995,-0.17
2023-03,Salad Bowl 250ml,-418.19000000000005,384028.94999999995,-0.11
2023-03,Salad Bowl 500ml,464.64,384028.94999999995,0.12
2023-03,Salt Powder,30.0,384028.94999999995,0.01
2023-03,Salt Powder,-3.0,384028.94999999995,-0.0
2023-03,Salt-sprinkle-powder,12.0,384028.94999999995,0.0
2023-03,Shake Glass,680.0,384028.94999999995,0.18
2023-03,Slice Mango 250ml pet,1060.2,384028.94999999995,0.28
2023-03,Slice Mango 250ml pet,-282.7199999999999,384028.94999999995,-0.07
2023-03,Slice Mango 600ml pet,137.51999999999998,384028.94999999995,0.04
2023-03,Soap Powder-500g,35.0,384028.94999999995,0.01
2023-03,Soda Spoon,180.0,384028.94999999995,0.05
2023-03,Strawberry sause 750,0.0,384028.94999999995,0.0
2023-03,Strawberry-Ice cream,22.819999999999993,384028.94999999995,0.01
2023-03,Sugar-Loose,64.6,384028.94999999995,0.02
2023-03,Sumeru Nuggets Premium 1Kg,0.0,384028.94999999995,0.0
2023-03,TAJIR JALAPENO SLICES 2.5 KG,-2565.0,384028.94999999995,-0.67
2023-03,Tandoori Chicken Masala-Bakers,145.0,384028.94999999995,0.04
2023-03,Tandoori mix Masala,610.96,384028.94999999995,0.16
2023-03,Tea Loose,27.0,384028.94999999995,0.01
2023-03,Tissue-Energy-Big,378.0,384028.94999999995,0.1
2023-03,Tomato-Veg,2074.0,384028.94999999995,0.54
2023-03,Towel,60.0,384028.94999999995,0.02
2023-03,Tripod,-666.0,384028.94999999995,-0.17
2023-03,Turmeric Powder,35.0,384028.94999999995,0.01
2023-03,Turmeric Powder-loose,24.0,384028.94999999995,0.01
2023-03,Vanilla Ice-cream,1632.0,384028.94999999995,0.42
2023-03,Vanilla Ice-cream,-346.18,384028.94999999995,-0.09
2023-03,Veeba Barbequesauce 1KG,99.60000000000002,384028.94999999995,0.03
2023-03,Veeba Eggless Mayonise Chef 1KG,3920.0,384028.94999999995,1.02
2023-03,Veeba Eggless Mayonise Chef 1KG,-1820.0,384028.94999999995,-0.47
2023-03,Veeba Gouda Flavoured Dressing,1701.0,384028.94999999995,0.44
2023-03,Veeba Gouda Flavoured Dressing,430.08000000000004,384028.94999999995,0.11
2023-03,Veeba Ketchup Sachet,1919.76,384028.94999999995,0.5
2023-03,Veeba Ketchup Sachet,-563.93,384028.94999999995,-0.15
2023-03,Veeba Makhani Gravy 1KG,421.12,384028.94999999995,0.11
2023-03,Veeba Pasta & Pizza Sauce 1KG,1970.0,384028.94999999995,0.51
2023-03,Veeba T. Ketchup 1.2KG,367.5,384028.94999999995,0.1
2023-03,Veeba Tandoori Spread-1kg,455.70000000000005,384028.94999999995,0.12
2023-03,Vermicelli Mix,30.0,384028.94999999995,0.01
2023-03,Vilekkenna,62.0,384028.94999999995,0.02
2023-03,Vineger,0.0,384028.94999999995,0.0
2023-03,Whitner,25.0,384028.94999999995,0.01
2023-03,Whole Chilly,26.0,384028.94999999995,0.01
2023-03,Wooden Spoon-110mm,109.0,384028.94999999995,0.03
2023-03,Wooden Spoon-110mm,-11.439999999999998,384028.94999999995,-0.0
2023-03,Wooden Spoon-160mm,125.0,384028.94999999995,0.03
2023-03,Wooden Spoon-160mm,-43.269999999999996,384028.94999999995,-0.01
2023-03,Zippy  B.Fast Sausage ,957.5999999999999,384028.94999999995,0.25
2023-03,Zippy  B.Fast Sausage ,-638.4,384028.94999999995,-0.17
2023-03,Zippy Chicken Salami,937.44,384028.94999999995,0.24
2023-03,Zippy Chicken Salami,-499.96000000000004,384028.94999999995,-0.13
2023-03,badam,104.0,384028.94999999995,0.03
2023-03,bred premix,113.4,384028.94999999995,0.03
2023-03,brinjal-veg,18.0,384028.94999999995,0.0
2023-03,butter,1140.0,384028.94999999995,0.3
2023-03,butter papper,385.0,384028.94999999995,0.1
2023-03,cabbage-veg,18.0,384028.94999999995,0.0
2023-03,chicken kheema-Adakkaputhur,274.0,384028.94999999995,0.07
2023-03,egg,118.5,384028.94999999995,0.03
2023-03,horlicks,30.0,384028.94999999995,0.01
2023-03,kovakka-veg,40.0,384028.94999999995,0.01
2023-03,milk-Milma-525ml,420.0,384028.94999999995,0.11
2023-03,payyar-veg,60.0,384028.94999999995,0.02
2023-03,pen,20.0,384028.94999999995,0.01
2023-03,plastic Cover-1kg,80.0,384028.94999999995,0.02
2023-03,plastic cover 5kg,128.0,384028.94999999995,0.03
2023-03,plastic cover-HM- 5kg,-85.0,384028.94999999995,-0.02
2023-03,steel Scrube,15.0,384028.94999999995,0.0
2023-03,super Meal,20.0,384028.94999999995,0.01
2023-02,7UP 1250ml Pet,2780.16,360952.5,0.77
2023-02,7UP 1250ml Pet,-752.9599999999999,360952.5,-0.21
2023-02,7UP 750ml Pet,2475.33,360952.5,0.69
2023-02,7UP 750ml Pet,-721.98,360952.5,-0.2
2023-02,7up 250ml Can,720.0,360952.5,0.2
2023-02,7up 250ml Can,-72.0,360952.5,-0.02
2023-02,7up 250ml Pet,1050.0,360952.5,0.29
2023-02,7up 250ml Pet,-122.5,360952.5,-0.03
2023-02,AMUL Mozzarella Diced 1Kg,16799.39,360952.5,4.65
2023-02,Agarbathi,65.0,360952.5,0.02
2023-02,Agarbathi-Small,9.0,360952.5,0.0
2023-02,Aqua Fina Mineral Water 1Ltr,335.98,360952.5,0.09
2023-02,Aqua Fina Mineral Water 1Ltr,139.99,360952.5,0.04
2023-02,Atta Loose,985.5,360952.5,0.27
2023-02,BBQ Mix Masala,486.6400000000003,360952.5,0.13
2023-02,BBQ Wings,938.44,360952.5,0.26
2023-02,Baby Corn Whole-Fresh-Isha Vegitables,380.0,360952.5,0.11
2023-02,Basil-fresh-Isha Vegitables,125.0,360952.5,0.03
2023-02,Beans-veg,9.0,360952.5,0.0
2023-02,Bitter Guard-Veg,68.0,360952.5,0.02
2023-02,Black Grapes,-22.0,360952.5,-0.01
2023-02,Black pepper,55.0,360952.5,0.02
2023-02,Bornless Chicken- Adakkaputhur,14526.0,360952.5,4.02
2023-02,Brocoli-isha Vegitable,451.0,360952.5,0.12
2023-02,Brownie,955.8000000000002,360952.5,0.26
2023-02,Butter Scotch Ice-cream,773.0,360952.5,0.21
2023-02,Butter Scotch Ice-cream,-245.96000000000004,360952.5,-0.07
2023-02,Butter Scotch Sauce 750ml,92.0,360952.5,0.03
2023-02,Butter Scotch Sauce 750ml,-55.2,360952.5,-0.02
2023-02,CHILLY FLAKES SACHET 0.8GM,-593.2700000000001,360952.5,-0.16
2023-02,Capcicum-Veg,771.0,360952.5,0.21
2023-02,Carrot-Veg,62.0,360952.5,0.02
2023-02,Cash Voucher Book,112.0,360952.5,0.03
2023-02,Cashew nut,160.0,360952.5,0.04
2023-02,Catering Cap,80.0,360952.5,0.02
2023-02,Cauli Flower-veg,149.0,360952.5,0.04
2023-02,Cheera-veg,40.0,360952.5,0.01
2023-02,Cherry,40.0,360952.5,0.01
2023-02,Chettinad Mix,-130.2,360952.5,-0.04
2023-02,Chicken Kheema,-51.8,360952.5,-0.01
2023-02,Chicken Kheema  Masala,423.15,360952.5,0.12
2023-02,Chicken Kheema  Masala,-162.75,360952.5,-0.05
2023-02,Chicken Masala,27.0,360952.5,0.01
2023-02,Chicken Masala,26.0,360952.5,0.01
2023-02,Chicken Masala,-26.0,360952.5,-0.01
2023-02,Chicken Nuggets-Godrej-1kg,320.0,360952.5,0.09
2023-02,Chicken Nuggets-Godrej-1kg,-224.0,360952.5,-0.06
2023-02,Chicken-Masala-Melam,52.0,360952.5,0.01
2023-02,Chicken-Whole-Staff,945.0,360952.5,0.26
2023-02,Chilli Flakes,-110.0,360952.5,-0.03
2023-02,Chilli Flakes-Puramate-400grm,179.81,360952.5,0.05
2023-02,Chilli Flakes-Tasty Pixel-Veeba-Sachet-0.8g,1323.0,360952.5,0.37
2023-02,Chilli Powder,82.5,360952.5,0.02
2023-02,Chilli Powder Loose,155.0,360952.5,0.04
2023-02,Chilly Powder 1kg-Eastern,-198.01,360952.5,-0.05
2023-02,Chocolate Ice-cream,201.70000000000005,360952.5,0.06
2023-02,Cling Flim,120.0,360952.5,0.03
2023-02,Coriander Leaves-Veg,80.0,360952.5,0.02
2023-02,Coriander Powder-loose,164.2,360952.5,0.05
2023-02,Corn Meal - MAKKA RAVA,135.0,360952.5,0.04
2023-02,Corn Meal - MAKKA RAVA,117.0,360952.5,0.03
2023-02,Cucumber-veg,27.0,360952.5,0.01
2023-02,Curd-Sheethal-400g,112.0,360952.5,0.03
2023-02,DVC BLUE OCCEAN FLV SYRUP 750ML,1304.83,360952.5,0.36
2023-02,DVC BLUE OCCEAN FLV SYRUP 750ML,-932.01,360952.5,-0.26
2023-02,DVC Green Apple 750 ML,1677.64,360952.5,0.46
2023-02,DVC Green Apple 750 ML,-1304.82,360952.5,-0.36
2023-02,DVC MOJITO MINT 750ML,-349.6,360952.5,-0.1
2023-02,DVC Mint Flavoured Syrup 750 ml,1631.04,360952.5,0.45
2023-02,DVC Passion Fruit 750ML,1136.2,360952.5,0.31
2023-02,Dew 250ml Can,720.0,360952.5,0.2
2023-02,Dew 250ml Can,-390.0,360952.5,-0.11
2023-02,Dew 250ml Pet,1050.0,360952.5,0.29
2023-02,Dew 250ml Pet,-507.5,360952.5,-0.14
2023-02,Dew 750ml Pet,825.11,360952.5,0.23
2023-02,Dew 750ml Pet,-34.379999999999995,360952.5,-0.01
2023-02,Dip Bowl,41.3,360952.5,0.01
2023-02,Dried Yeast,0.6099999999999999,360952.5,0.0
2023-02,Egg,498.0,360952.5,0.14
2023-02,Egg-5.5,291.5,360952.5,0.08
2023-02,Exo Dishwash cake,28.800000000000004,360952.5,0.01
2023-02,Exo sponge,70.0,360952.5,0.02
2023-02,Flexi Cream Gold,584.1,360952.5,0.16
2023-02,French Fries 6mm-Funwave,8343.86,360952.5,2.31
2023-02,French Fries 6mm-ITC,324.0,360952.5,0.09
2023-02,French Fries 9mm-Funwave,-800.8,360952.5,-0.22
2023-02,French Fries Box,298.5,360952.5,0.08
2023-02,Frozen Sweet Corn,437.5,360952.5,0.12
2023-02,G.Crown Mushroom Slice 800g,3038.0,360952.5,0.84
2023-02,GO Orange Cheddar Cheese 2kg,283.25,360952.5,0.08
2023-02,GO-Monterey Jack Cheese-2kg,0.0,360952.5,0.0
2023-02,Garlic Bread Box,-1797.4,360952.5,-0.5
2023-02,Garlic Chilli Spread,16.200000000000045,360952.5,0.0
2023-02,Garlic-Veg,227.0,360952.5,0.06
2023-02,Gas-LPG-HPCL,7200.0,360952.5,1.99
2023-02,Gas-LPG-IOCL,7200.0,360952.5,1.99
2023-02,Ginger-Veg,51.0,360952.5,0.01
2023-02,Green Chilly-Veg,101.0,360952.5,0.03
2023-02,HABIT JALAPENO SLICES 2.9 KG,591.36,360952.5,0.16
2023-02,Hand Wash,230.0,360952.5,0.06
2023-02,Herb Mix Masla,546.0000000000002,360952.5,0.15
2023-02,Honey,184.0,360952.5,0.05
2023-02,Ice cube,45.0,360952.5,0.01
2023-02,Ice cube,45.0,360952.5,0.01
2023-02,JIVO Pomace Olive Oil ,368.51,360952.5,0.1
2023-02,Jumbo Cover-Blue,70.0,360952.5,0.02
2023-02,KOT Printing Rolls,3120.0,360952.5,0.86
2023-02,Lamp Pepperoni,263.62,360952.5,0.07
2023-02,Large Pizza Box,1326.25,360952.5,0.37
2023-02,Lehar Soda,395.04,360952.5,0.11
2023-02,Lehar Soda,98.75999999999999,360952.5,0.03
2023-02,Lemon-Veg,578.0,360952.5,0.16
2023-02,Maida(Porotta 50kg),8300.0,360952.5,2.3
2023-02,Maida(Porotta 50kg),-307.0,360952.5,-0.09
2023-02,Malas Chocolate Sauce 5 ltr,169.60000000000002,360952.5,0.05
2023-02,Masoor-Red,548.5,360952.5,0.15
2023-02,Mc Cain Potato Wedges 2.5kg,1203.9999999999998,360952.5,0.33
2023-02,Mc Cain Potato Wedges 2.5kg,-269.7,360952.5,-0.07
2023-02,Medium Pizza Box,2822.629999999999,360952.5,0.78
2023-02,Mexican Masala,1968.1200000000003,360952.5,0.55
2023-02,Micro 13x16,140.0,360952.5,0.04
2023-02,Micro 13x16,31.5,360952.5,0.01
2023-02,Micro 16x20,420.0,360952.5,0.12
2023-02,Micro 16x20,-7.0,360952.5,-0.0
2023-02,Micro 20x26,280.0,360952.5,0.08
2023-02,Micro 20x26,-93.33,360952.5,-0.03
2023-02,Micro 27x30,180.0,360952.5,0.05
2023-02,Micro 27x30,-82.5,360952.5,-0.02
2023-02,Milk-Sheethal-450ml,1489.0,360952.5,0.41
2023-02,MilkyMist-Mozzarella Cheese-shredded-2kg,16554.24,360952.5,4.59
2023-02,Mini Burger Box,759.92,360952.5,0.21
2023-02,Mint-Veg,62.0,360952.5,0.02
2023-02,Mirinda 250ml pet,210.0,360952.5,0.06
2023-02,Mirinda 750ml pet,825.11,360952.5,0.23
2023-02,Mirinda 750ml pet,-103.13999999999987,360952.5,-0.03
2023-02,Mixed Herb Loose,-120.0,360952.5,-0.03
2023-02,Moktails Glass,1436.0000000000002,360952.5,0.4
2023-02,Mustard-Oil,205.0,360952.5,0.06
2023-02,Mustard-Oil,-63.0,360952.5,-0.02
2023-02,Neo Red Paprika 3Kg,562.52,360952.5,0.16
2023-02,Neo-Black Sliced Olives-3kg,313.03999999999996,360952.5,0.09
2023-02,Note Book,40.0,360952.5,0.01
2023-02,OREGANO SACHET 0.8GM,968.0,360952.5,0.27
2023-02,Onion-Veg,1436.0,360952.5,0.4
2023-02,Oregano Sprinkler 500g,609.0,360952.5,0.17
2023-02,Palm Oil - Refined Oil,4902.5,360952.5,1.36
2023-02,Paneer,540.0,360952.5,0.15
2023-02,Paneer Tikka Butter Masala,229.32,360952.5,0.06
2023-02,Paper Glass,357.5,360952.5,0.1
2023-02,Paper Glass,-91.0,360952.5,-0.03
2023-02,Paper Plates,2.0,360952.5,0.0
2023-02,Paper Straw,105.0,360952.5,0.03
2023-02,Paper Straw,-40.6,360952.5,-0.01
2023-02,Papper carry bag large,138.0,360952.5,0.04
2023-02,Papper carry bag medium,2074.5,360952.5,0.57
2023-02,Papper carry bag small,2164.0,360952.5,0.6
2023-02,Parsely- Isga Vegitable,30.0,360952.5,0.01
2023-02,Parsely-Veg,53.0,360952.5,0.01
2023-02,Pasta Container Black,864.06,360952.5,0.24
2023-02,Pepsi 1250ml Pet,695.04,360952.5,0.19
2023-02,Pepsi 1250ml Pet,289.60000000000014,360952.5,0.08
2023-02,Pepsi 250ml Can,720.0,360952.5,0.2
2023-02,Pepsi 250ml Can,-60.0,360952.5,-0.02
2023-02,Pepsi 250ml Pet,1050.0,360952.5,0.29
2023-02,Pepsi 250ml Pet,560.0,360952.5,0.16
2023-02,Pepsi 750ml Pet,825.11,360952.5,0.23
2023-02,Pepsi 750ml Pet,653.22,360952.5,0.18
2023-02,Petrol-BPCL,200.0,360952.5,0.06
2023-02,Petrol-HPCL,3800.07,360952.5,1.05
2023-02,Petrol-IOCL,2080.1,360952.5,0.58
2023-02,Petrol-Nayara,2399.66,360952.5,0.66
2023-02,Pineapple slice-Tajir Habit-500g,110.25,360952.5,0.03
2023-02,Pineapple-Veg,106.0,360952.5,0.03
2023-02,Piri Piri Marinade 1KG,133.5,360952.5,0.04
2023-02,Pizza Premix,3521.25,360952.5,0.98
2023-02,Pizza sauce premix,709.27,360952.5,0.2
2023-02,Potato-Veg,630.0,360952.5,0.17
2023-02,Processed cheese block,2145.0,360952.5,0.59
2023-02,Processed cheese block,-1375.0,360952.5,-0.38
2023-02,Puramate Basil 250g Pouch,-156.0,360952.5,-0.04
2023-02,Puramate Pasta-Gomiti Rigate - macroni - 500g,176.79999999999995,360952.5,0.05
2023-02,Puramate Pasta-Penne Rigatte 500g,1360.0,360952.5,0.38
2023-02,Puramate Pasta-Penne Rigatte 500g,-639.2,360952.5,-0.18
2023-02,Red Apple,40.0,360952.5,0.01
2023-02,Red yellow capsicum-isha Vegitable,645.0,360952.5,0.18
2023-02,Regular Pizza Box,3971.7599999999993,360952.5,1.1
2023-02,Reitzel-Jalapeno Slice-2.9kg,-1788.0,360952.5,-0.5
2023-02,Rice-Nawab-26kg,962.0,360952.5,0.27
2023-02,Rice-Nawab-26kg,462.5,360952.5,0.13
2023-02,Rubber Seal,150.0,360952.5,0.04
2023-02,Salad Bowl 250ml,1007.1899999999999,360952.5,0.28
2023-02,Salad Bowl 500ml,471.9000000000001,360952.5,0.13
2023-02,Salt Powder,10.0,360952.5,0.0
2023-02,Salt Powder,-8.0,360952.5,-0.0
2023-02,Salt-sprinkle-powder,12.0,360952.5,0.0
2023-02,Slice Mango 250ml pet,530.1,360952.5,0.15
2023-02,Slice Mango 250ml pet,247.37999999999997,360952.5,0.07
2023-02,Soap Powder-500g,30.0,360952.5,0.01
2023-02,Sting 250ml pet,192.5,360952.5,0.05
2023-02,Strawberry sause 750,112.0,360952.5,0.03
2023-02,Strawberry sause 750,-149.33,360952.5,-0.04
2023-02,Strawberry-Ice cream,114.09000000000003,360952.5,0.03
2023-02,Sugar-Loose,114.25,360952.5,0.03
2023-02,Sumeru Nuggets Premium 1Kg,934.53,360952.5,0.26
2023-02,Tandoori Chicken Masala-Bakers,146.0,360952.5,0.04
2023-02,Tandoori mix Masala,637.8399999999997,360952.5,0.18
2023-02,Tea Loose,98.0,360952.5,0.03
2023-02,Tissue-Energy-Big,342.0,360952.5,0.09
2023-02,Tomato-Veg,2522.0,360952.5,0.7
2023-02,Tooth Pick,20.0,360952.5,0.01
2023-02,Tripod,55.85000000000002,360952.5,0.02
2023-02,Turmeric Powder,-7.0,360952.5,-0.0
2023-02,Turmeric Powder-loose,60.0,360952.5,0.02
2023-02,Vanilla Ice-cream,544.0,360952.5,0.15
2023-02,Vanilla Ice-cream,544.0,360952.5,0.15
2023-02,Veeba Barbequesauce 1KG,66.39999999999998,360952.5,0.02
2023-02,Veeba Eggless Mayonise Chef 1KG,-140.0,360952.5,-0.04
2023-02,Veeba Gouda Flavoured Dressing,3360.0,360952.5,0.93
2023-02,Veeba Gouda Flavoured Dressing,-1701.0,360952.5,-0.47
2023-02,Veeba Ketchup Sachet,799.9,360952.5,0.22
2023-02,Veeba Ketchup Sachet,524.7300000000001,360952.5,0.15
2023-02,Veeba Makhani Gravy 1KG,421.1199999999999,360952.5,0.12
2023-02,Veeba Pasta & Pizza Sauce 1KG,3510.0,360952.5,0.97
2023-02,Veeba T. Ketchup 1.2KG,440.29999999999995,360952.5,0.12
2023-02,Veeba Tandoori Spread-1kg,217.0,360952.5,0.06
2023-02,Vineger,4.199999999999999,360952.5,0.0
2023-02,Wooden Fork-160mm,26.25,360952.5,0.01
2023-02,Wooden Spoon-110mm,48.35999999999999,360952.5,0.01
2023-02,Wooden Spoon-160mm,13.720000000000002,360952.5,0.0
2023-02,Zippy  B.Fast Sausage ,414.9599999999999,360952.5,0.11
2023-02,Zippy Chicken Salami,312.48,360952.5,0.09
2023-02,bred premix,75.6,360952.5,0.02
2023-02,brinjal-veg,12.0,360952.5,0.0
2023-02,butter,1710.0,360952.5,0.47
2023-02,butter papper,280.0,360952.5,0.08
2023-02,cabbage-veg,22.0,360952.5,0.01
2023-02,chicken kheema-Adakkaputhur,237.0,360952.5,0.07
2023-02,cockroach killer chalk,15.0,360952.5,0.0
2023-02,egg-6.50,78.0,360952.5,0.02
2023-02,kovakka-veg,20.0,360952.5,0.01
2023-02,paneer,378.0,360952.5,0.1
2023-02,payyar-veg,40.0,360952.5,0.01
2023-02,pen,12.0,360952.5,0.0
2023-02,plaster-Medical,10.0,360952.5,0.0
2023-02,plastic Cover-1kg,160.0,360952.5,0.04
2023-02,plastic cover 5kg,-128.0,360952.5,-0.04
2023-02,plastic cover-HM- 5kg,170.0,360952.5,0.05
2023-02,salt powder,28.0,360952.5,0.01
2023-02,stamp pad,35.0,360952.5,0.01
2023-02,yam-veg,29.0,360952.5,0.01
2023-01,7UP 1250ml Pet,1390.08,414134.44999999995,0.34
2023-01,7UP 1250ml Pet,695.04,414134.44999999995,0.17
2023-01,7UP 750ml Pet,1650.22,414134.44999999995,0.4
2023-01,7UP 750ml Pet,687.5999999999999,414134.44999999995,0.17
2023-01,7up 250ml Can,720.0,414134.44999999995,0.17
2023-01,7up 250ml Can,-264.0,414134.44999999995,-0.06
2023-01,7up 250ml Pet,1050.0,414134.44999999995,0.25
2023-01,7up 250ml Pet,420.0,414134.44999999995,0.1
2023-01,AMUL Mozzarella Diced 1Kg,34424.95999999999,414134.44999999995,8.31
2023-01,Agarbathi,35.0,414134.44999999995,0.01
2023-01,Agarbathi-Small,10.0,414134.44999999995,0.0
2023-01,Aqua Fina Mineral Water 1Ltr,167.99,414134.44999999995,0.04
2023-01,Aqua Fina Mineral Water 1Ltr,112.0,414134.44999999995,0.03
2023-01,Atta Loose,669.5,414134.44999999995,0.16
2023-01,BBQ Mix Masala,486.6399999999999,414134.44999999995,0.12
2023-01,BBQ Wings,983.1399999999999,414134.44999999995,0.24
2023-01,Baby Corn Whole-Fresh-Isha Vegitables,319.96,414134.44999999995,0.08
2023-01,Basil-fresh-Isha Vegitables,131.0,414134.44999999995,0.03
2023-01,Beans-veg,12.0,414134.44999999995,0.0
2023-01,Bitter Guard-Veg,64.0,414134.44999999995,0.02
2023-01,Black Grapes,40.0,414134.44999999995,0.01
2023-01,Black pepper,105.0,414134.44999999995,0.03
2023-01,Bornless Chicken- Adakkaputhur,16378.32,414134.44999999995,3.95
2023-01,Brocoli-isha Vegitable,440.0,414134.44999999995,0.11
2023-01,Brownie,2826.5599999999995,414134.44999999995,0.68
2023-01,Brush-Wash-Basin,50.0,414134.44999999995,0.01
2023-01,Bulb 584,110.0,414134.44999999995,0.03
2023-01,Bush Colour,55.0,414134.44999999995,0.01
2023-01,Butter,760.0,414134.44999999995,0.18
2023-01,Butter Scotch Ice-cream,773.0,414134.44999999995,0.19
2023-01,Butter Scotch Ice-cream,-184.28999999999996,414134.44999999995,-0.04
2023-01,Butter Scotch Sauce 750ml,138.0,414134.44999999995,0.03
2023-01,Butter Scotch Sauce 750ml,-92.0,414134.44999999995,-0.02
2023-01,CHILLY FLAKES SACHET 0.8GM,1295.8,414134.44999999995,0.31
2023-01,CHILLY FLAKES SACHET 0.8GM,-689.15,414134.44999999995,-0.17
2023-01,Capcicum-Veg,1134.0,414134.44999999995,0.27
2023-01,Carrot-Veg,125.0,414134.44999999995,0.03
2023-01,Cash Voucher Book,112.0,414134.44999999995,0.03
2023-01,Cashew nut,190.0,414134.44999999995,0.05
2023-01,Cauli Flower-veg,169.5,414134.44999999995,0.04
2023-01,Cheera-veg,100.0,414134.44999999995,0.02
2023-01,Cherry,55.0,414134.44999999995,0.01
2023-01,Chettinad Mix,65.1,414134.44999999995,0.02
2023-01,Chicken Kheema  Masala,-97.64999999999998,414134.44999999995,-0.02
2023-01,Chicken Masala,52.0,414134.44999999995,0.01
2023-01,Chicken Sausage,1173.0,414134.44999999995,0.28
2023-01,Chicken-Whole-Staff,1352.99,414134.44999999995,0.33
2023-01,Chilli Flakes-Eastern,176.0,414134.44999999995,0.04
2023-01,Chilli Flakes-Puramate-400grm,143.85,414134.44999999995,0.03
2023-01,Chilli Flakes-Puramate-400grm,-179.81,414134.44999999995,-0.04
2023-01,Chilli Powder,16.5,414134.44999999995,0.0
2023-01,Chilli Powder Loose,55.0,414134.44999999995,0.01
2023-01,Chocolate Ice-cream,770.0,414134.44999999995,0.19
2023-01,Chocolate Ice-cream,-392.4200000000001,414134.44999999995,-0.09
2023-01,Coriander Leaves-Veg,94.0,414134.44999999995,0.02
2023-01,Coriander Powder-loose,199.0,414134.44999999995,0.05
2023-01,Corn Meal - MAKKA RAVA,270.0,414134.44999999995,0.07
2023-01,Corn Meal - MAKKA RAVA,45.0,414134.44999999995,0.01
2023-01,Cucumber-veg,34.0,414134.44999999995,0.01
2023-01,Curd-Sheethal-400g,118.0,414134.44999999995,0.03
2023-01,DVC BLUE OCCEAN FLV SYRUP 750ML,466.01,414134.44999999995,0.11
2023-01,DVC Green Apple 750 ML,1118.4199999999998,414134.44999999995,0.27
2023-01,DVC Mint Flavoured Syrup 750 ml,1165.02,414134.44999999995,0.28
2023-01,DVC PASSION FRUIT FLV SYRUP 750ML,1398.03,414134.44999999995,0.34
2023-01,DVC PASSION FRUIT FLV SYRUP 750ML,372.8,414134.44999999995,0.09
2023-01,DVC Passion Fruit 750ML,-1136.2,414134.44999999995,-0.27
2023-01,Dew 250ml Can,420.0,414134.44999999995,0.1
2023-01,Dew 250ml Pet,542.5,414134.44999999995,0.13
2023-01,Dew 750ml Pet,825.11,414134.44999999995,0.2
2023-01,Dew 750ml Pet,240.65999999999997,414134.44999999995,0.06
2023-01,Dip Bowl,356.95,414134.44999999995,0.09
2023-01,Dried Yeast,1563.91,414134.44999999995,0.38
2023-01,Dried Yeast,-2.21,414134.44999999995,-0.0
2023-01,Drum for Maida,745.0,414134.44999999995,0.18
2023-01,Egg,174.0,414134.44999999995,0.04
2023-01,Exo Dishwash cake,34.6,414134.44999999995,0.01
2023-01,Flexi Cream Gold,1168.1999999999998,414134.44999999995,0.28
2023-01,French Fries 6mm-Funwave,4267.89,414134.44999999995,1.03
2023-01,French Fries 6mm-Hungritos,6480.0,414134.44999999995,1.56
2023-01,French Fries 6mm-ITC,-324.0,414134.44999999995,-0.08
2023-01,French Fries Box,2098.06,414134.44999999995,0.51
2023-01,Frozen Sweet Corn,1000.0,414134.44999999995,0.24
2023-01,Frozen Sweet Corn,-338.0,414134.44999999995,-0.08
2023-01,Fryer Basket,900.0,414134.44999999995,0.22
2023-01,G.Crown Mushroom Slice 800g,3430.0,414134.44999999995,0.83
2023-01,GO Orange Cheddar Cheese 2kg,-283.25,414134.44999999995,-0.07
2023-01,GO-Monterey Jack Cheese-2kg,0.0,414134.44999999995,0.0
2023-01,Garlic Bread Box,593.1700000000001,414134.44999999995,0.14
2023-01,Garlic Chilli Spread,97.20000000000005,414134.44999999995,0.02
2023-01,Garlic-Veg,552.0,414134.44999999995,0.13
2023-01,Gas-LPG-HPCL,7190.0,414134.44999999995,1.74
2023-01,Gas-LPG-IOCL,7200.0,414134.44999999995,1.74
2023-01,Ginger-Veg,48.0,414134.44999999995,0.01
2023-01,Green Chilly-Veg,176.0,414134.44999999995,0.04
2023-01,HABIT JALAPENO SLICES 2.9 KG,1034.88,414134.44999999995,0.25
2023-01,Herb Mix Masla,546.0,414134.44999999995,0.13
2023-01,Honey,138.0,414134.44999999995,0.03
2023-01,Ice cube,120.0,414134.44999999995,0.03
2023-01,Ice cube,-45.0,414134.44999999995,-0.01
2023-01,JIVO Pomace Olive Oil ,670.02,414134.44999999995,0.16
2023-01,Jumbo Cover-Blue,91.0,414134.44999999995,0.02
2023-01,Knife Sharpener,145.0,414134.44999999995,0.04
2023-01,Lamp Pepperoni,583.73,414134.44999999995,0.14
2023-01,Large Pizza Box,2287.5,414134.44999999995,0.55
2023-01,Lehar Soda,395.04,414134.44999999995,0.1
2023-01,Lehar Soda,98.75999999999999,414134.44999999995,0.02
2023-01,Lemon-Veg,450.0,414134.44999999995,0.11
2023-01,M Thuvara,120.0,414134.44999999995,0.03
2023-01,Maida(Porotta 50kg),14450.0,414134.44999999995,3.49
2023-01,Maida(Porotta 50kg),-5720.0,414134.44999999995,-1.38
2023-01,Malas Chocolate Sauce 5 ltr,169.60000000000002,414134.44999999995,0.04
2023-01,Masoor-Red,351.5,414134.44999999995,0.08
2023-01,Mc Cain Potato Wedges 2.5kg,722.4000000000001,414134.44999999995,0.17
2023-01,Mc Cain Potato Wedges 2.5kg,192.64,414134.44999999995,0.05
2023-01,Medium Pizza Box,2686.2799999999997,414134.44999999995,0.65
2023-01,Mexican Masala,1769.3199999999997,414134.44999999995,0.43
2023-01,Micro 13x16,280.0,414134.44999999995,0.07
2023-01,Micro 13x16,-140.0,414134.44999999995,-0.03
2023-01,Micro 16x20,280.0,414134.44999999995,0.07
2023-01,Micro 16x20,-105.0,414134.44999999995,-0.03
2023-01,Micro 16x20-Small pkt,160.0,414134.44999999995,0.04
2023-01,Micro 20x26,245.0,414134.44999999995,0.06
2023-01,Micro 27x30,90.0,414134.44999999995,0.02
2023-01,Milk-Sheethal-450ml,1725.0,414134.44999999995,0.42
2023-01,MilkyMist-Mozzarella Cheese-shredded-2kg,0.0,414134.44999999995,0.0
2023-01,Milkymist Cheese BLock 1KG,1650.0,414134.44999999995,0.4
2023-01,Mini Burger Box,542.8,414134.44999999995,0.13
2023-01,Mini Burger Box,-82.41999999999996,414134.44999999995,-0.02
2023-01,Mint-Veg,46.0,414134.44999999995,0.01
2023-01,Mirinda 250ml pet,402.5,414134.44999999995,0.1
2023-01,Mirinda 750ml pet,-206.28000000000003,414134.44999999995,-0.05
2023-01,Mixed Herb Loose,216.0,414134.44999999995,0.05
2023-01,Moktails Glass,-2036.1900000000003,414134.44999999995,-0.49
2023-01,Mop stick,35.0,414134.44999999995,0.01
2023-01,Mop with Stick,125.0,414134.44999999995,0.03
2023-01,Mustard-Oil,95.0,414134.44999999995,0.02
2023-01,Mustard-Oil,0.0,414134.44999999995,0.0
2023-01,Neo Red Paprika 3Kg,0.0,414134.44999999995,0.0
2023-01,Neo-Black Sliced Olives-3kg,-313.03999999999996,414134.44999999995,-0.08
2023-01,OREGANO SACHET 0.8GM,1955.8,414134.44999999995,0.47
2023-01,OREGANO SACHET 0.8GM,-1210.26,414134.44999999995,-0.29
2023-01,Onion-Veg,1869.0,414134.44999999995,0.45
2023-01,Oregano Sprinkler 500g,913.5,414134.44999999995,0.22
2023-01,Palm Oil - Refined Oil,5787.5,414134.44999999995,1.4
2023-01,Paneer,1849.5,414134.44999999995,0.45
2023-01,Paneer Tikka Butter Masala,441.0000000000001,414134.44999999995,0.11
2023-01,Paper Glass,252.5,414134.44999999995,0.06
2023-01,Paper Glass,210.0,414134.44999999995,0.05
2023-01,Paper Plates,8.0,414134.44999999995,0.0
2023-01,Paper Straw,43.75,414134.44999999995,0.01
2023-01,Paper Straw,35.0,414134.44999999995,0.01
2023-01,Papper carry bag large,207.0,414134.44999999995,0.05
2023-01,Papper carry bag medium,-750.75,414134.44999999995,-0.18
2023-01,Papper carry bag small,-561.0,414134.44999999995,-0.14
2023-01,Parsely- Isga Vegitable,107.0,414134.44999999995,0.03
2023-01,Pasta Container Black,1045.2000000000003,414134.44999999995,0.25
2023-01,Pepsi 1250ml Pet,695.04,414134.44999999995,0.17
2023-01,Pepsi 1250ml Pet,115.83999999999992,414134.44999999995,0.03
2023-01,Pepsi 250ml Can,720.0,414134.44999999995,0.17
2023-01,Pepsi 250ml Can,-210.0,414134.44999999995,-0.05
2023-01,Pepsi 250ml Pet,1575.0,414134.44999999995,0.38
2023-01,Pepsi 250ml Pet,262.5,414134.44999999995,0.06
2023-01,Pepsi 750ml Pet,2475.33,414134.44999999995,0.6
2023-01,Pepsi 750ml Pet,-171.9000000000001,414134.44999999995,-0.04
2023-01,Petrol-BPCL,500.0,414134.44999999995,0.12
2023-01,Petrol-HPCL,3480.05,414134.44999999995,0.84
2023-01,Petrol-IOCL,2040.0,414134.44999999995,0.49
2023-01,Petrol-Nayara,2699.78,414134.44999999995,0.65
2023-01,Pineapple slice-Tajir Habit-500g,330.75,414134.44999999995,0.08
2023-01,Piri Piri Marinade 1KG,311.5,414134.44999999995,0.08
2023-01,Pizza Premix,3573.6000000000004,414134.44999999995,0.86
2023-01,Pizza sauce premix,198.45,414134.44999999995,0.05
2023-01,Ponni Rice-Bag,238.0,414134.44999999995,0.06
2023-01,Potato-Veg,586.0,414134.44999999995,0.14
2023-01,Processed cheese block,1650.0,414134.44999999995,0.4
2023-01,Processed cheese block,-1595.0,414134.44999999995,-0.39
2023-01,Puramate Basil 250g Pouch,156.0,414134.44999999995,0.04
2023-01,Puramate Pasta-Gomiti Rigate - macroni - 500g,163.20000000000005,414134.44999999995,0.04
2023-01,Puramate Pasta-Penne Rigatte 500g,816.0,414134.44999999995,0.2
2023-01,Red Apple,100.0,414134.44999999995,0.02
2023-01,Red yellow capsicum-isha Vegitable,525.0,414134.44999999995,0.13
2023-01,Regular Pizza Box,3076.9500000000003,414134.44999999995,0.74
2023-01,Reitzel-Jalapeno Slice-2.9kg,1788.0,414134.44999999995,0.43
2023-01,Rice-Nawab-26kg,1924.0,414134.44999999995,0.46
2023-01,Rice-Nawab-26kg,-610.5,414134.44999999995,-0.15
2023-01,Salad Bowl 250ml,-88.34999999999991,414134.44999999995,-0.02
2023-01,Salad Bowl 500ml,421.0799999999999,414134.44999999995,0.1
2023-01,Salt Powder,30.0,414134.44999999995,0.01
2023-01,Salt Powder,5.0,414134.44999999995,0.0
2023-01,Salt-sprinkle-powder,12.0,414134.44999999995,0.0
2023-01,Sarwar Black Olive SLices 3.1KG,1890.0,414134.44999999995,0.46
2023-01,Schezwan sauce,340.0,414134.44999999995,0.08
2023-01,Seal Ink,30.0,414134.44999999995,0.01
2023-01,Slice Mango 250ml pet,530.1,414134.44999999995,0.13
2023-01,Slice Mango 250ml pet,106.02000000000004,414134.44999999995,0.03
2023-01,Snakeguard-Veg,13.0,414134.44999999995,0.0
2023-01,Soap Powder Small Pkt,10.0,414134.44999999995,0.0
2023-01,Sting 250ml pet,17.5,414134.44999999995,0.0
2023-01,Strawberry sause 750,192.0,414134.44999999995,0.05
2023-01,Strawberry sause 750,-112.0,414134.44999999995,-0.03
2023-01,Strawberry-Ice cream,136.90999999999997,414134.44999999995,0.03
2023-01,Sugar-Loose,134.75,414134.44999999995,0.03
2023-01,Sumeru Nuggets Premium 1Kg,1034.66,414134.44999999995,0.25
2023-01,Sumeru Nuggets Premium 1Kg,-934.53,414134.44999999995,-0.23
2023-01,Tandoori Chicken Masala-Bakers,142.0,414134.44999999995,0.03
2023-01,Tandoori mix Masala,656.6000000000004,414134.44999999995,0.16
2023-01,Tea Loose,90.0,414134.44999999995,0.02
2023-01,Tissue,220.0,414134.44999999995,0.05
2023-01,Tissue-Energy-Big,216.0,414134.44999999995,0.05
2023-01,Tomato-Veg,2848.0,414134.44999999995,0.69
2023-01,Tripod,1066.15,414134.44999999995,0.26
2023-01,Tropicana Guava Delight,282.72,414134.44999999995,0.07
2023-01,Turmeric Powder,42.0,414134.44999999995,0.01
2023-01,Turmeric Powder-loose,57.0,414134.44999999995,0.01
2023-01,Vanilla Ice-cream,1686.4,414134.44999999995,0.41
2023-01,Vanilla Ice-cream,-618.18,414134.44999999995,-0.15
2023-01,Veeba Barbequesauce 1KG,265.6,414134.44999999995,0.06
2023-01,Veeba Eggless Mayonise Chef 1KG,1960.0,414134.44999999995,0.47
2023-01,Veeba Gouda Flavoured Dressing,1890.0,414134.44999999995,0.46
2023-01,Veeba Ketchup Sachet,1919.76,414134.44999999995,0.46
2023-01,Veeba Ketchup Sachet,-756.2200000000001,414134.44999999995,-0.18
2023-01,Veeba Makhani Gravy 1KG,421.1200000000001,414134.44999999995,0.1
2023-01,Veeba Pasta & Pizza Sauce 1KG,3240.0,414134.44999999995,0.78
2023-01,Veeba T. Ketchup 1.2KG,482.71999999999997,414134.44999999995,0.12
2023-01,Veeba Tandoori Spread-1kg,108.5,414134.44999999995,0.03
2023-01,Veeba ThousandIsland Dressing 1KG,563.97,414134.44999999995,0.14
2023-01,Vineger,4.200000000000001,414134.44999999995,0.0
2023-01,Wooden Fork-160mm,131.25,414134.44999999995,0.03
2023-01,Wooden Spoon-110mm,-54.599999999999994,414134.44999999995,-0.01
2023-01,Wooden Spoon-160mm,98.0,414134.44999999995,0.02
2023-01,Wooden Spoon-160mm,-39.2,414134.44999999995,-0.01
2023-01,Zippy  B.Fast Sausage ,234.84000000000015,414134.44999999995,0.06
2023-01,Zippy Chicken Salami,1487.4,414134.44999999995,0.36
2023-01,Zippy Chicken Salami,-468.72,414134.44999999995,-0.11
2023-01,bottle gourd,15.0,414134.44999999995,0.0
2023-01,bred premix,0.0,414134.44999999995,0.0
2023-01,brinjal-veg,25.0,414134.44999999995,0.01
2023-01,butter,190.0,414134.44999999995,0.05
2023-01,butter papper,52.5,414134.44999999995,0.01
2023-01,cabbage-veg,40.0,414134.44999999995,0.01
2023-01,cello tape,250.0,414134.44999999995,0.06
2023-01,chicken kheema-Adakkaputhur,310.0,414134.44999999995,0.07
2023-01,chicken masala,13.0,414134.44999999995,0.0
2023-01,egg,132.0,414134.44999999995,0.03
2023-01,egg-6.50,539.5,414134.44999999995,0.13
2023-01,kovakka-veg,46.0,414134.44999999995,0.01
2023-01,lighter,10.0,414134.44999999995,0.0
2023-01,milk-Milma-525ml,112.0,414134.44999999995,0.03
2023-01,paneer,-378.0,414134.44999999995,-0.09
2023-01,pen,10.0,414134.44999999995,0.0
2023-01,plastic Cover-1kg,160.0,414134.44999999995,0.04
2023-01,plastic Cover-1kg,-160.0,414134.44999999995,-0.04
2023-01,plastic cover 5kg,160.0,414134.44999999995,0.04
2023-01,plastic cover-HM- 5kg,0.0,414134.44999999995,0.0
2023-01,salt powder,-28.0,414134.44999999995,-0.01
2022-12,7UP 1250ml Pet,2085.12,461247.8,0.45
2022-12,7UP 1250ml Pet,-521.28,461247.8,-0.11
2022-12,7UP 750ml Pet,3300.44,461247.8,0.72
2022-12,7UP 750ml Pet,-687.5999999999999,461247.8,-0.15
2022-12,7up 250ml Can,240.0,461247.8,0.05
2022-12,7up 250ml Pet,1575.0,461247.8,0.34
2022-12,7up 250ml Pet,-262.5,461247.8,-0.06
2022-12,AMUL Mozzarella Cheese Block 1Kg,1650.0,461247.8,0.36
2022-12,AMUL Mozzarella Diced 1Kg,37592.05,461247.8,8.15
2022-12,AVT Premium Tea,30.0,461247.8,0.01
2022-12,Agarbathi,110.0,461247.8,0.02
2022-12,Aluminium Uruli,375.0,461247.8,0.08
2022-12,Ant repellent powder,30.0,461247.8,0.01
2022-12,Apron,95.0,461247.8,0.02
2022-12,Aqua Fina Mineral Water 1Ltr,335.98,461247.8,0.07
2022-12,Aqua Fina Mineral Water 1Ltr,-125.99000000000001,461247.8,-0.03
2022-12,Atta Loose,889.16,461247.8,0.19
2022-12,BBQ Mix Masala,398.1600000000003,461247.8,0.09
2022-12,BBQ Wings,1117.2000000000007,461247.8,0.24
2022-12,Baby Corn Whole-800GM-Tajir Habit,112.0,461247.8,0.02
2022-12,Baby Corn Whole-Fresh,624.0,461247.8,0.14
2022-12,Baby Corn Whole-Fresh,380.0,461247.8,0.08
2022-12,Basil-fresh,68.0,461247.8,0.01
2022-12,Beans-veg,8.0,461247.8,0.0
2022-12,Bitter Guard-Veg,36.0,461247.8,0.01
2022-12,Black Grapes,18.0,461247.8,0.0
2022-12,Black pepper,-50.0,461247.8,-0.01
2022-12,Bornless Chicken- Adakkaputhur,11201.079999999998,461247.8,2.43
2022-12,Bornless Chicken- pattambi,1878.8,461247.8,0.41
2022-12,Broccoli-royal,73.0,461247.8,0.02
2022-12,Brocoli,416.5,461247.8,0.09
2022-12,Brownie,2208.64,461247.8,0.48
2022-12,Butter,874.0,461247.8,0.19
2022-12,Butter Scotch Ice-cream,87.19999999999999,461247.8,0.02
2022-12,Butter Scotch Sauce 750ml,36.8,461247.8,0.01
2022-12,Butter Scotch Sauce 750ml,0.0,461247.8,0.0
2022-12,CHILLY FLAKES SACHET 0.8GM,1427.8,461247.8,0.31
2022-12,CHILLY FLAKES SACHET 0.8GM,-173.25,461247.8,-0.04
2022-12,Capcicum-Veg,1593.0,461247.8,0.35
2022-12,Carrot-Veg,49.0,461247.8,0.01
2022-12,Cash Voucher Book,96.0,461247.8,0.02
2022-12,Cashew nut,300.0,461247.8,0.07
2022-12,Catering Cap,160.0,461247.8,0.03
2022-12,Cauli Flower-veg,249.0,461247.8,0.05
2022-12,Cheera-veg,20.0,461247.8,0.0
2022-12,Cherry,30.0,461247.8,0.01
2022-12,Chettinad Mix,65.1,461247.8,0.01
2022-12,Chicken Kheema,388.5,461247.8,0.08
2022-12,Chicken Kheema  Masala,97.64999999999998,461247.8,0.02
2022-12,Chicken Masala,26.0,461247.8,0.01
2022-12,Chicken Masala-Eastern,45.0,461247.8,0.01
2022-12,Chicken Masala-Quality,38.0,461247.8,0.01
2022-12,Chicken Sausage,276.0,461247.8,0.06
2022-12,Chicken-Whole-Staff,1322.99,461247.8,0.29
2022-12,Chilli Flakes-Eastern,-176.0,461247.8,-0.04
2022-12,Chilli Flakes-Puramate-400grm,0.0,461247.8,0.0
2022-12,Chilli Powder,-99.0,461247.8,-0.02
2022-12,Chocolate Ice-cream,-101.72999999999996,461247.8,-0.02
2022-12,Coriander Leaves-Veg,89.0,461247.8,0.02
2022-12,Coriander Powder-loose,210.0,461247.8,0.05
2022-12,Corn Meal - MAKKA RAVA,270.0,461247.8,0.06
2022-12,Corn Meal - MAKKA RAVA,-31.5,461247.8,-0.01
2022-12,Cucumber-veg,33.5,461247.8,0.01
2022-12,Curd-Sheethal-400g,210.0,461247.8,0.05
2022-12,DVC BLUE OCCEAN FLV SYRUP 750ML,-139.79999999999995,461247.8,-0.03
2022-12,DVC CHocolate Sauce 2 LTR,115.05,461247.8,0.02
2022-12,DVC Green Apple 750 ML,699.01,461247.8,0.15
2022-12,DVC Mint Flavoured Syrup 750 ml,1398.03,461247.8,0.3
2022-12,DVC PASSION FRUIT FLV SYRUP 750ML,0.0,461247.8,0.0
2022-12,DVC PASSION FRUIT FLV SYRUP 750ML,-372.8,461247.8,-0.08
2022-12,DVC Passion Fruit 750ML,699.2,461247.8,0.15
2022-12,Dew 250ml Can,720.0,461247.8,0.16
2022-12,Dew 250ml Can,-450.0,461247.8,-0.1
2022-12,Dew 250ml Pet,1050.0,461247.8,0.23
2022-12,Dew 250ml Pet,-595.0,461247.8,-0.13
2022-12,Dew 750ml Pet,825.11,461247.8,0.18
2022-12,Dew 750ml Pet,206.27999999999997,461247.8,0.04
2022-12,Dip Bowl,233.04999999999995,461247.8,0.05
2022-12,Dishwash-Liquid,250.0,461247.8,0.05
2022-12,Double Cream-Rich-1kg,784.0,461247.8,0.17
2022-12,Dried Yeast,796.8,461247.8,0.17
2022-12,Dried Yeast,475.97,461247.8,0.1
2022-12,Egg,929.0,461247.8,0.2
2022-12,Electric Wire,155.0,461247.8,0.03
2022-12,Exo Dishwash cake,63.400000000000006,461247.8,0.01
2022-12,Exo Dishwash cake big,9.0,461247.8,0.0
2022-12,Exo Steel Wool,30.0,461247.8,0.01
2022-12,Exo spnge,12.0,461247.8,0.0
2022-12,Flexi Cream Gold,390.0,461247.8,0.08
2022-12,Flexi Cream Gold,0.0,461247.8,0.0
2022-12,French Fries 6mm-Hungritos,-1080.0,461247.8,-0.23
2022-12,French Fries 6mm-ITC,12960.0,461247.8,2.81
2022-12,French Fries 6mm-ITC,1050.0,461247.8,0.23
2022-12,French Fries Box,853.4000000000001,461247.8,0.19
2022-12,Frozen Sweet Corn,515.0,461247.8,0.11
2022-12,Frozen Sweet Corn,206.0,461247.8,0.04
2022-12,G.Crown Mushroom Slice 800g,5292.0,461247.8,1.15
2022-12,GO Orange Cheddar Cheese 2kg,1189.6499999999999,461247.8,0.26
2022-12,GO-Monterey Jack Cheese-2kg,122.0,461247.8,0.03
2022-12,Garlic Bread Box,2443.62,461247.8,0.53
2022-12,Garlic Chilli Spread,324.0,461247.8,0.07
2022-12,Garlic-Veg,178.0,461247.8,0.04
2022-12,Gas-LPG-HPCL,7120.0,461247.8,1.54
2022-12,Gas-LPG-IOCL,5340.0,461247.8,1.16
2022-12,Ginger-Veg,46.0,461247.8,0.01
2022-12,Green Chilly-Veg,157.0,461247.8,0.03
2022-12,HABIT JALAPENO SLICES 2.9 KG,147.83999999999992,461247.8,0.03
2022-12,Herb Mix Masla,174.7199999999998,461247.8,0.04
2022-12,Honey,46.0,461247.8,0.01
2022-12,Ice cube,30.0,461247.8,0.01
2022-12,Ice-cube,45.0,461247.8,0.01
2022-12,Insulation Tape,27.0,461247.8,0.01
2022-12,JIVO Pomace Olive Oil ,536.02,461247.8,0.12
2022-12,Jumbo Cover-Blue,84.0,461247.8,0.02
2022-12,LED Star,448.0,461247.8,0.1
2022-12,Ladyfinger			,20.0,461247.8,0.0
2022-12,Lamp Pepperoni,376.5999999999999,461247.8,0.08
2022-12,Large Pizza Box,1637.25,461247.8,0.35
2022-12,Lehar Soda,395.04,461247.8,0.09
2022-12,Lehar Soda,115.22000000000003,461247.8,0.02
2022-12,Lemon Pickle-500grm-pkt,44.0,461247.8,0.01
2022-12,Lemon-Veg,439.0,461247.8,0.1
2022-12,M Thuvara,233.98000000000002,461247.8,0.05
2022-12,Maida(Porotta 50kg),7462.0,461247.8,1.62
2022-12,Maida(Porotta 50kg),2050.0,461247.8,0.44
2022-12,Malas Chocolate Sauce 5 ltr,1060.01,461247.8,0.23
2022-12,Malas Chocolate Sauce 5 ltr,-1060.01,461247.8,-0.23
2022-12,Masoor-Red,285.0,461247.8,0.06
2022-12,Mc Cain Potato Wedges 2.5kg,1269.3600000000001,461247.8,0.28
2022-12,Mc Cain Potato Wedges 2.5kg,-481.5999999999999,461247.8,-0.1
2022-12,Medium Pizza Box,6098.1900000000005,461247.8,1.32
2022-12,Mexican Masala,1749.4399999999996,461247.8,0.38
2022-12,Micro 13x16,157.5,461247.8,0.03
2022-12,Micro 13x16,140.0,461247.8,0.03
2022-12,Micro 16x20,137.2,461247.8,0.03
2022-12,Micro 16x20,0.0,461247.8,0.0
2022-12,Micro 20x26,315.0,461247.8,0.07
2022-12,Micro 20x26,144.67,461247.8,0.03
2022-12,Micro 27x30,180.0,461247.8,0.04
2022-12,Micro 27x30,-90.0,461247.8,-0.02
2022-12,Milk-Elanad-500ml,730.0,461247.8,0.16
2022-12,Milk-Milma,78.0,461247.8,0.02
2022-12,Milk-Sheethal-450ml,1179.0,461247.8,0.26
2022-12,Milkymist Cheese BLock 1KG,2750.0,461247.8,0.6
2022-12,Mini Burger Box,-135.5,461247.8,-0.03
2022-12,Mint-Veg,81.0,461247.8,0.02
2022-12,Mirinda 250ml pet,297.5,461247.8,0.06
2022-12,Mirinda 750ml pet,515.7,461247.8,0.11
2022-12,Mittai-Milk-Amul,59.0,461247.8,0.01
2022-12,Mixed Herb Loose,0.0,461247.8,0.0
2022-12,Moktails Glass,834.21,461247.8,0.18
2022-12,Mustard Oil,100.0,461247.8,0.02
2022-12,Mustard-Oil,77.0,461247.8,0.02
2022-12,Mutton,150.0,461247.8,0.03
2022-12,Mutton Masala,20.0,461247.8,0.0
2022-12,Nallenna-500ml-Pavan,130.0,461247.8,0.03
2022-12,Neo Red Paprika 3Kg,518.0,461247.8,0.11
2022-12,Neo Red Paprika 3Kg,-562.52,461247.8,-0.12
2022-12,Neo-Black Sliced Olives-3kg,1196.0,461247.8,0.26
2022-12,Note Book,30.0,461247.8,0.01
2022-12,OREGANO SACHET 0.8GM,1416.8,461247.8,0.31
2022-12,OREGANO SACHET 0.8GM,-256.41,461247.8,-0.06
2022-12,Onion-Veg,2160.99,461247.8,0.47
2022-12,Oregano Sprinkler 500g,1798.0,461247.8,0.39
2022-12,Oregano Sprinkler 500g,1218.0,461247.8,0.26
2022-12,Oregano Sprinkler 500g,-1827.0,461247.8,-0.4
2022-12,PVC Bend,30.0,461247.8,0.01
2022-12,Palm Oil,918.0,461247.8,0.2
2022-12,Palm Oil - Refined Oil,5305.0,461247.8,1.15
2022-12,Paneer,2227.5,461247.8,0.48
2022-12,Paneer Tikka Butter Masala,0.0,461247.8,0.0
2022-12,Paper Glass,490.0,461247.8,0.11
2022-12,Paper Glass,-96.6,461247.8,-0.02
2022-12,Paper Plates,8.0,461247.8,0.0
2022-12,Paper Straw,110.0,461247.8,0.02
2022-12,Paper Straw,-22.75,461247.8,-0.0
2022-12,Papper carry bag large,437.0,461247.8,0.09
2022-12,Papper carry bag medium,799.5,461247.8,0.17
2022-12,Papper carry bag small,646.0,461247.8,0.14
2022-12,Parsely-Veg,133.2,461247.8,0.03
2022-12,Pasta Container Black,828.0000000000002,461247.8,0.18
2022-12,Pepsi 1250ml Pet,695.04,461247.8,0.15
2022-12,Pepsi 1250ml Pet,521.28,461247.8,0.11
2022-12,Pepsi 250ml Can,1440.0,461247.8,0.31
2022-12,Pepsi 250ml Can,-390.0,461247.8,-0.08
2022-12,Pepsi 250ml Pet,2625.0,461247.8,0.57
2022-12,Pepsi 250ml Pet,-682.5,461247.8,-0.15
2022-12,Pepsi 750ml Pet,2475.33,461247.8,0.54
2022-12,Pepsi 750ml Pet,-515.6999999999999,461247.8,-0.11
2022-12,Petrol-HPCL,3620.15,461247.8,0.78
2022-12,Petrol-IOCL,3720.12,461247.8,0.81
2022-12,Petrol-Nayara,2700.0,461247.8,0.59
2022-12,Pineapple slice-Tajir Habit-500g,0.0,461247.8,0.0
2022-12,Pineapple-Veg,193.0,461247.8,0.04
2022-12,Piri Piri Marinade 1KG,222.5,461247.8,0.05
2022-12,Pizza Premix,4326.52,461247.8,0.94
2022-12,Pizza sauce premix,2268.0,461247.8,0.49
2022-12,Plastic Cover 16X20,130.0,461247.8,0.03
2022-12,Ponni Rice,131.0,461247.8,0.03
2022-12,Ponni Rice-Bag,884.0,461247.8,0.19
2022-12,Ponni Rice-Bag,-238.0,461247.8,-0.05
2022-12,Potato-Veg,660.0,461247.8,0.14
2022-12,Processed cheese block,-1258.8,461247.8,-0.27
2022-12,Puramate Basil 250g Pouch,78.0,461247.8,0.02
2022-12,Puramate Pasta-Gomiti Rigate - macroni - 500g,952.0,461247.8,0.21
2022-12,Puramate Pasta-Gomiti Rigate - macroni - 500g,-748.0,461247.8,-0.16
2022-12,Puramate Pasta-Penne Rigatte 500g,544.0,461247.8,0.12
2022-12,Puramate Pasta-Penne Rigatte 500g,136.0,461247.8,0.03
2022-12,Rava,11.0,461247.8,0.0
2022-12,Red Apple,50.0,461247.8,0.01
2022-12,Red Yellow Capcicum,511.8,461247.8,0.11
2022-12,Red yellow capsicum,490.0,461247.8,0.11
2022-12,Regular Pizza Box,3762.78,461247.8,0.82
2022-12,Rice-ponni,628.0,461247.8,0.14
2022-12,Rice-ponni-Madurai,114.0,461247.8,0.02
2022-12,SALAMI,697.51,461247.8,0.15
2022-12,Salad Bowl 250ml,371.06999999999994,461247.8,0.08
2022-12,Salad Bowl 500ml,413.81999999999994,461247.8,0.09
2022-12,Salt,7.2,461247.8,0.0
2022-12,Salt Powder,40.0,461247.8,0.01
2022-12,Salt Powder,-5.0,461247.8,-0.0
2022-12,Sarwar Black Olive SLices 3.1KG,0.0,461247.8,0.0
2022-12,Schezwan sauce,340.0,461247.8,0.07
2022-12,Schezwan sauce,306.0,461247.8,0.07
2022-12,Slice Mango 250ml pet,530.1,461247.8,0.11
2022-12,Slice Mango 250ml pet,159.02999999999997,461247.8,0.03
2022-12,Snakeguard-Veg,18.0,461247.8,0.0
2022-12,Spray-Gun,40.0,461247.8,0.01
2022-12,Sting 250ml pet,157.5,461247.8,0.03
2022-12,Strawberry sause 750,0.0,461247.8,0.0
2022-12,Strawberry-Ice cream,-22.819999999999936,461247.8,-0.0
2022-12,Sugar,77.0,461247.8,0.02
2022-12,Sugar-Loose,68.0,461247.8,0.01
2022-12,Sumeru Nuggets Premium 1Kg,1335.04,461247.8,0.29
2022-12,Sumeru Nuggets Premium 1Kg,8.329999999999927,461247.8,0.0
2022-12,TAJIR JALAPENO SLICES 2.5 KG,1140.0,461247.8,0.25
2022-12,Tandoori Chicken Masala-Bakers,72.0,461247.8,0.02
2022-12,Tandoori mix Masala,806.6799999999998,461247.8,0.17
2022-12,Tea Loose,79.0,461247.8,0.02
2022-12,Tissue,50.0,461247.8,0.01
2022-12,Tissue,44.0,461247.8,0.01
2022-12,Tissue Big,94.0,461247.8,0.02
2022-12,Tissue Spl,29.0,461247.8,0.01
2022-12,Tissue-Energy-Big,180.0,461247.8,0.04
2022-12,Toilet cleaner-Acid,250.0,461247.8,0.05
2022-12,Tomato-Veg,2504.0,461247.8,0.54
2022-12,Tooth Pick,15.0,461247.8,0.0
2022-12,Towel,125.0,461247.8,0.03
2022-12,Tripod,280.25,461247.8,0.06
2022-12,Tropicana Guava Delight,353.4,461247.8,0.08
2022-12,Tropicana Mixed Fruit Delight,106.02,461247.8,0.02
2022-12,Turmeric Powder,60.0,461247.8,0.01
2022-12,Turmeric Powder-loose,34.0,461247.8,0.01
2022-12,Vanilla Ice-cream,1363.6,461247.8,0.3
2022-12,Vanilla Ice-cream,99.32,461247.8,0.02
2022-12,Veeba Barbequesauce 1KG,518.74,461247.8,0.11
2022-12,Veeba Barbequesauce 1KG,-498.0,461247.8,-0.11
2022-12,Veeba Eggless Mayonise Chef 1KG,840.0,461247.8,0.18
2022-12,Veeba Gouda Flavoured Dressing,945.0,461247.8,0.2
2022-12,Veeba Gouda Flavoured Dressing,840.0,461247.8,0.18
2022-12,Veeba Ketchup Sachet,1075.2,461247.8,0.23
2022-12,Veeba Ketchup Sachet,609.18,461247.8,0.13
2022-12,Veeba Makhani Gravy 1KG,421.12,461247.8,0.09
2022-12,Veeba Pasta & Pizza Sauce 1KG,3060.0,461247.8,0.66
2022-12,Veeba T. Ketchup 1.2KG,285.83,461247.8,0.06
2022-12,Veeba T. Ketchup 1.2KG,54.879999999999995,461247.8,0.01
2022-12,Veeba ThousandIsland Dressing 1KG,0.0,461247.8,0.0
2022-12,Vineger,4.199999999999999,461247.8,0.0
2022-12,Wall Hook,15.0,461247.8,0.0
2022-12,Wiper-Arafa,110.0,461247.8,0.02
2022-12,Wooden Fork-160mm,-21.0,461247.8,-0.0
2022-12,Wooden Spoon-110mm,124.80000000000001,461247.8,0.03
2022-12,Wooden Spoon-160mm,123.48,461247.8,0.03
2022-12,Wooden Spoon-160mm,-98.0,461247.8,-0.02
2022-12,Zippy  B.Fast Sausage ,-399.0,461247.8,-0.09
2022-12,Zippy Chicken Salami,75.0,461247.8,0.02
2022-12,Zippy Chicken Salami,-112.72000000000003,461247.8,-0.02
2022-12,bottle gourd,26.0,461247.8,0.01
2022-12,bred premix,-189.0,461247.8,-0.04
2022-12,brinjal-veg,30.0,461247.8,0.01
2022-12,butter,2090.0,461247.8,0.45
2022-12,butter papper,395.5,461247.8,0.09
2022-12,cabbage-veg,14.0,461247.8,0.0
2022-12,chicken kheema-Adakkaputhur,502.0,461247.8,0.11
2022-12,chicken masala,-13.0,461247.8,-0.0
2022-12,cockroach killer chalk,15.0,461247.8,0.0
2022-12,cover colour,90.0,461247.8,0.02
2022-12,decoration-Baloon,50.0,461247.8,0.01
2022-12,decoration-Mala,160.0,461247.8,0.03
2022-12,decoration-New Year mala,70.0,461247.8,0.02
2022-12,decoration-Star-1,45.0,461247.8,0.01
2022-12,decoration-Star-2,70.0,461247.8,0.02
2022-12,drinking water-20ltr,60.0,461247.8,0.01
2022-12,egg,66.0,461247.8,0.01
2022-12,funel,12.0,461247.8,0.0
2022-12,ginger,22.0,461247.8,0.0
2022-12,kovakka-veg,20.0,461247.8,0.0
2022-12,milk,95.0,461247.8,0.02
2022-12,milk-Milma-525ml,25.0,461247.8,0.01
2022-12,pappaya-veg,36.0,461247.8,0.01
2022-12,pen,20.0,461247.8,0.0
2022-12,plastic Colour Cover,160.0,461247.8,0.03
2022-12,plastic Cover-1kg,1010.0,461247.8,0.22
2022-12,plastic Cover-1kg,-160.0,461247.8,-0.03
2022-12,plastic cover 5kg,68.0,461247.8,0.01
2022-12,sugar,78.0,461247.8,0.02
2022-12,tissue,30.0,461247.8,0.01
2022-11,7UP 1250ml Pet,1390.08,426001.85,0.33
2022-11,7UP 1250ml Pet,637.1199999999999,426001.85,0.15
2022-11,7UP 750ml Pet,2475.33,426001.85,0.58
2022-11,7UP 750ml Pet,-412.55999999999995,426001.85,-0.1
2022-11,7up 250ml Can,720.0,426001.85,0.17
2022-11,7up 250ml Can,-312.0,426001.85,-0.07
2022-11,7up 250ml Pet,2100.0,426001.85,0.49
2022-11,7up 250ml Pet,-472.5,426001.85,-0.11
2022-11,AMUL Mozzarella Cheese Block 1Kg,3300.0,426001.85,0.77
2022-11,AMUL Mozzarella Diced 1Kg,34654.47,426001.85,8.13
2022-11,AVT Premium Tea,61.0,426001.85,0.01
2022-11,Agarbathi,55.0,426001.85,0.01
2022-11,Aqua Fina Mineral Water 1Ltr,167.99,426001.85,0.04
2022-11,Aqua Fina Mineral Water 1Ltr,13.990000000000009,426001.85,0.0
2022-11,Atta Loose,865.83,426001.85,0.2
2022-11,Atta-Tasty-pkt-1kg,53.0,426001.85,0.01
2022-11,BBQ Mix Masala,488.32000000000016,426001.85,0.11
2022-11,BBQ Wings,2860.0299999999997,426001.85,0.67
2022-11,Baby Corn Whole-800GM-Tajir Habit,336.0,426001.85,0.08
2022-11,Beans-veg,10.0,426001.85,0.0
2022-11,Bitter Guard-Veg,88.0,426001.85,0.02
2022-11,Black Grapes,27.0,426001.85,0.01
2022-11,Black pepper,100.0,426001.85,0.02
2022-11,Bornless Chicken- pattambi,13476.2,426001.85,3.16
2022-11,Brocoli,645.0,426001.85,0.15
2022-11,Brownie,2284.8,426001.85,0.54
2022-11,Butter,1216.0,426001.85,0.29
2022-11,Butter Scotch Ice-cream,639.5,426001.85,0.15
2022-11,Butter Scotch Ice-cream,-116.26999999999998,426001.85,-0.03
2022-11,Butter Scotch Sauce 750ml,36.8,426001.85,0.01
2022-11,CHILLY FLAKES SACHET 0.8GM,1706.5900000000001,426001.85,0.4
2022-11,CHILLY FLAKES SACHET 0.8GM,-572.0,426001.85,-0.13
2022-11,Capcicum-Veg,1532.4,426001.85,0.36
2022-11,Carrot-Veg,101.0,426001.85,0.02
2022-11,Cash Voucher Book,60.0,426001.85,0.01
2022-11,Cashew nut,85.0,426001.85,0.02
2022-11,Cashew nut,80.0,426001.85,0.02
2022-11,Catering Cap,80.0,426001.85,0.02
2022-11,Cauli Flower-veg,145.0,426001.85,0.03
2022-11,Cheera-veg,68.0,426001.85,0.02
2022-11,Cherry,25.0,426001.85,0.01
2022-11,Chettinad Mix,162.75,426001.85,0.04
2022-11,Chicken Kheema,-388.5,426001.85,-0.09
2022-11,Chicken Kheema  Masala,-32.55000000000001,426001.85,-0.01
2022-11,Chicken Masala-Eastern,42.0,426001.85,0.01
2022-11,Chicken Masala-Eastern,-45.0,426001.85,-0.01
2022-11,Chicken Sausage,-1449.0,426001.85,-0.34
2022-11,Chicken-Masala-quality,28.0,426001.85,0.01
2022-11,Chicken-Whole-Staff,818.0,426001.85,0.19
2022-11,Chilli Powder,330.0,426001.85,0.08
2022-11,Chocolate Ice-cream,261.61,426001.85,0.06
2022-11,Coriander Leaves-Veg,100.0,426001.85,0.02
2022-11,Coriander Powder-loose,135.0,426001.85,0.03
2022-11,Corn Meal - MAKKA RAVA,180.0,426001.85,0.04
2022-11,Corn Meal - MAKKA RAVA,-13.5,426001.85,-0.0
2022-11,Cucumber-veg,39.0,426001.85,0.01
2022-11,Curd-Elanad-500ml,120.0,426001.85,0.03
2022-11,Curd-Elanad-500ml,60.0,426001.85,0.01
2022-11,Curd-Sheethal-400g,81.0,426001.85,0.02
2022-11,DVC BLUE OCCEAN FLV SYRUP 750ML,640.99,426001.85,0.15
2022-11,DVC BLUE OCCEAN FLV SYRUP 750ML,174.8,426001.85,0.04
2022-11,DVC CHocolate Sauce 2 LTR,536.9000000000001,426001.85,0.13
2022-11,DVC Green Apple 750 ML,611.99,426001.85,0.14
2022-11,DVC Mint Flavoured Syrup 750 ml,815.9800000000002,426001.85,0.19
2022-11,DVC PASSION FRUIT FLV SYRUP 750ML,1340.01,426001.85,0.31
2022-11,DVC Passion Fruit 750ML,-699.2,426001.85,-0.16
2022-11,Dew 250ml Can,390.0,426001.85,0.09
2022-11,Dew 250ml Pet,525.0,426001.85,0.12
2022-11,Dew 250ml Pet,437.5,426001.85,0.1
2022-11,Dew 750ml Pet,1650.22,426001.85,0.39
2022-11,Dew 750ml Pet,-859.5,426001.85,-0.2
2022-11,Dip Bowl,141.60000000000002,426001.85,0.03
2022-11,Dried Yeast,929.6000000000001,426001.85,0.22
2022-11,Eastern Coriander 1KG,235.01,426001.85,0.06
2022-11,Egg,895.0,426001.85,0.21
2022-11,Exo Dishwash cake,6.600000000000001,426001.85,0.0
2022-11,Exo Steel Wool,64.0,426001.85,0.02
2022-11,Flexi Cream Gold,1170.0,426001.85,0.27
2022-11,Floor Cleaning Liquid Soad,230.0,426001.85,0.05
2022-11,French Fries 6mm-Hungritos,7200.0,426001.85,1.69
2022-11,French Fries 6mm-Hungritos,201.6,426001.85,0.05
2022-11,French Fries 6mm-ITC,-1050.0,426001.85,-0.25
2022-11,French Fries 9mm-Hungritos,3600.0,426001.85,0.85
2022-11,French Fries Box,763.04,426001.85,0.18
2022-11,Frozen Sweet Corn,927.0,426001.85,0.22
2022-11,Frozen Sweet Corn,128.0,426001.85,0.03
2022-11,Frozen Sweet Corn,-360.5,426001.85,-0.08
2022-11,G.Crown Mushroom Slice 800g,3441.0,426001.85,0.81
2022-11,G.Crown Mushroom Slice 800g,1372.0,426001.85,0.32
2022-11,GO Colby Cheese Block 2kg,3172.0,426001.85,0.74
2022-11,GO Orange Cheddar Cheese 2kg,-2435.95,426001.85,-0.57
2022-11,GO-Monterey Jack Cheese-2kg,61.0,426001.85,0.01
2022-11,Garlic Bread Box,-1415.19,426001.85,-0.33
2022-11,Garlic Chilli Spread,162.0,426001.85,0.04
2022-11,Garlic-Veg,384.0,426001.85,0.09
2022-11,Gas Tube,320.0,426001.85,0.08
2022-11,Gas-LPG-HPCL,3560.0,426001.85,0.84
2022-11,Gas-LPG-IOCL,10300.0,426001.85,2.42
2022-11,Ginger-Veg,32.0,426001.85,0.01
2022-11,Green Chilly-Veg,163.0,426001.85,0.04
2022-11,Herb Mix Masla,1090.88,426001.85,0.26
2022-11,Honey,46.0,426001.85,0.01
2022-11,Ice cube,120.0,426001.85,0.03
2022-11,Ice-cube,-45.0,426001.85,-0.01
2022-11,JIVO Pomace Olive Oil ,737.02,426001.85,0.17
2022-11,JIVO Pomace Olive Oil ,-201.01,426001.85,-0.05
2022-11,Jumbo Cover-Blue,-70.0,426001.85,-0.02
2022-11,Lamp Pepperoni,376.6,426001.85,0.09
2022-11,Large Pizza Box,1180.0,426001.85,0.28
2022-11,Lehar Soda,395.04,426001.85,0.09
2022-11,Lehar Soda,16.459999999999923,426001.85,0.0
2022-11,Lemon-Veg,337.0,426001.85,0.08
2022-11,M Seal,20.0,426001.85,0.0
2022-11,M Thuvara,524.49,426001.85,0.12
2022-11,Maida(Porotta 50kg),8200.0,426001.85,1.92
2022-11,Maida(Porotta 50kg),6030.0,426001.85,1.42
2022-11,Maida(Porotta 50kg),-4976.0,426001.85,-1.17
2022-11,Mc Cain Potato Wedges 2.5kg,516.0,426001.85,0.12
2022-11,Medium Pizza Box,3950.94,426001.85,0.93
2022-11,Mexican Masala,894.3200000000006,426001.85,0.21
2022-11,Micro 13x16,140.0,426001.85,0.03
2022-11,Micro 13x16,-24.5,426001.85,-0.01
2022-11,Micro 16x20,430.0,426001.85,0.1
2022-11,Micro 16x20,-69.99999999999999,426001.85,-0.02
2022-11,Micro 20x26,280.0,426001.85,0.07
2022-11,Micro 20x26,-23.33999999999999,426001.85,-0.01
2022-11,Micro 27x30,180.0,426001.85,0.04
2022-11,Micro 27x30,-75.0,426001.85,-0.02
2022-11,Milk-Elanad-500ml,1825.0,426001.85,0.43
2022-11,Milk-Elanad-500ml,100.0,426001.85,0.02
2022-11,Milk-Milma,46.0,426001.85,0.01
2022-11,Mini Burger Box,519.8,426001.85,0.12
2022-11,Mint-Veg,86.0,426001.85,0.02
2022-11,Mirinda 250ml pet,315.0,426001.85,0.07
2022-11,Mirinda 750ml pet,378.18,426001.85,0.09
2022-11,Mixed Herb Loose,96.0,426001.85,0.02
2022-11,Moktails Glass,1130.2199999999998,426001.85,0.27
2022-11,Mop Cotton,55.0,426001.85,0.01
2022-11,Mug-Steel,126.0,426001.85,0.03
2022-11,Mustard-Oil,105.0,426001.85,0.02
2022-11,Mustard-Oil,0.0,426001.85,0.0
2022-11,Mutton,270.0,426001.85,0.06
2022-11,Neo Red Paprika 3Kg,1260.0,426001.85,0.3
2022-11,Neo Red Paprika 3Kg,-518.0,426001.85,-0.12
2022-11,Noor Jahan Rice 25kg,350.0,426001.85,0.08
2022-11,Note Book,30.0,426001.85,0.01
2022-11,OREGANO SACHET 0.8GM,1349.0,426001.85,0.32
2022-11,Onion-Veg,2667.0,426001.85,0.63
2022-11,Oregano Sprinkler 500g,522.0,426001.85,0.12
2022-11,Pad Lock,65.0,426001.85,0.02
2022-11,Palm Oil,162.0,426001.85,0.04
2022-11,Palm Oil - Refined Oil,6155.0,426001.85,1.44
2022-11,Paneer,783.0,426001.85,0.18
2022-11,Paneer Tikka Butter Masala,705.6,426001.85,0.17
2022-11,Paper Glass,490.0,426001.85,0.12
2022-11,Paper Glass,-4.900000000000006,426001.85,-0.0
2022-11,Paper Plates,12.0,426001.85,0.0
2022-11,Paper Straw,40.25,426001.85,0.01
2022-11,Papper carry bag large,289.5,426001.85,0.07
2022-11,Papper carry bag medium,911.25,426001.85,0.21
2022-11,Papper carry bag small,293.0,426001.85,0.07
2022-11,Parsely-Veg,152.0,426001.85,0.04
2022-11,Pasta Container Black,1048.8,426001.85,0.25
2022-11,Pepsi 1250ml Pet,1390.08,426001.85,0.33
2022-11,Pepsi 1250ml Pet,-405.44000000000005,426001.85,-0.1
2022-11,Pepsi 250ml Can,540.0,426001.85,0.13
2022-11,Pepsi 250ml Pet,2625.0,426001.85,0.62
2022-11,Pepsi 250ml Pet,-192.5,426001.85,-0.05
2022-11,Pepsi 750ml Pet,2475.33,426001.85,0.58
2022-11,Pepsi 750ml Pet,-103.13999999999999,426001.85,-0.02
2022-11,Petrol-BPCL,565.0,426001.85,0.13
2022-11,Petrol-HPCL,2740.11,426001.85,0.64
2022-11,Petrol-IOCL,4349.99,426001.85,1.02
2022-11,Petrol-Nayara,2000.0,426001.85,0.47
2022-11,Pineapple slice-Tajir Habit-500g,315.0,426001.85,0.07
2022-11,Pineapple-Veg,171.0,426001.85,0.04
2022-11,Piri Piri Marinade 1KG,222.5,426001.85,0.05
2022-11,Pizza Premix,3852.9800000000005,426001.85,0.9
2022-11,Pizza Sauce Premix,850.5,426001.85,0.2
2022-11,Pizza sauce premix,-2041.2,426001.85,-0.48
2022-11,Plastic Cover 16X20,130.0,426001.85,0.03
2022-11,Ponni Rice,117.0,426001.85,0.03
2022-11,Potato-Veg,502.0,426001.85,0.12
2022-11,Processed cheese block,1564.8,426001.85,0.37
2022-11,Puramate Basil 250g Pouch,0.0,426001.85,0.0
2022-11,Puramate Pasta-Gomiti Rigate - macroni - 500g,272.0,426001.85,0.06
2022-11,Puramate Pasta-Penne Rigatte 500g,952.0,426001.85,0.22
2022-11,Puramate Pasta-Penne Rigatte 500g,-68.0,426001.85,-0.02
2022-11,Rat Trap,100.0,426001.85,0.02
2022-11,Red Yellow Capcicum,240.0,426001.85,0.06
2022-11,Red yellow capsicum,731.5,426001.85,0.17
2022-11,Regular Pizza Box,3415.02,426001.85,0.8
2022-11,Rice-Ponni,206.0,426001.85,0.05
2022-11,Rice-ponni,593.0,426001.85,0.14
2022-11,SALAMI,-697.51,426001.85,-0.16
2022-11,Salad Bowl 250ml,200.26,426001.85,0.05
2022-11,Salad Bowl 500ml,508.20000000000005,426001.85,0.12
2022-11,Salt,-7.2,426001.85,-0.0
2022-11,Salt Powder,42.0,426001.85,0.01
2022-11,Salt Powder,7.8,426001.85,0.0
2022-11,Sarwar Black Olive SLices 3.1KG,1260.0,426001.85,0.3
2022-11,Schezwan sauce,0.0,426001.85,0.0
2022-11,Schezwan sauce,-306.0,426001.85,-0.07
2022-11,Slice Mango 250ml pet,1060.2,426001.85,0.25
2022-11,Slice Mango 250ml pet,-371.07,426001.85,-0.09
2022-11,Soya loose,32.0,426001.85,0.01
2022-11,Staff Attendence Register,24.0,426001.85,0.01
2022-11,Stapler Pin,10.0,426001.85,0.0
2022-11,Sting 250ml pet,350.0,426001.85,0.08
2022-11,Strawberry sause 750,0.0,426001.85,0.0
2022-11,Strawberry-Ice cream,114.08999999999992,426001.85,0.03
2022-11,Sugar,253.5,426001.85,0.06
2022-11,Sugar-Loose,-68.0,426001.85,-0.02
2022-11,Sumeru Nuggets Premium 1Kg,596.0,426001.85,0.14
2022-11,Sumeru Nuggets Premium 1Kg,278.0,426001.85,0.07
2022-11,Sumeru Nuggets Premium 1Kg,-69.99000000000001,426001.85,-0.02
2022-11,TAJIR JALAPENO SLICES 2.5 KG,1140.0,426001.85,0.27
2022-11,Tandoori Chicken Masala-Bakers,213.0,426001.85,0.05
2022-11,Tandoori Masala,2616.88,426001.85,0.61
2022-11,Tandoori mix Masala,-1913.52,426001.85,-0.45
2022-11,Tea Kannan Devan,30.0,426001.85,0.01
2022-11,Tea Loose,40.0,426001.85,0.01
2022-11,Tissue,220.0,426001.85,0.05
2022-11,Tissue,110.0,426001.85,0.03
2022-11,Tomato-Veg,2029.0,426001.85,0.48
2022-11,Tripod,737.5,426001.85,0.17
2022-11,Tripod,-1106.25,426001.85,-0.26
2022-11,Turmeric Powder,47.0,426001.85,0.01
2022-11,Turmeric Powder,20.0,426001.85,0.0
2022-11,UrumbPodi-Fenval,35.0,426001.85,0.01
2022-11,Vanilla Ice-cream,874.0,426001.85,0.21
2022-11,Vanilla Ice-cream,139.04000000000002,426001.85,0.03
2022-11,Veeba Barbequesauce 1KG,664.0,426001.85,0.16
2022-11,Veeba Barbequesauce 1KG,-518.74,426001.85,-0.12
2022-11,Veeba Eggless Mayonise Chef 1KG,1820.0,426001.85,0.43
2022-11,Veeba Gouda Flavoured Dressing,2940.0,426001.85,0.69
2022-11,Veeba Gouda Flavoured Dressing,-945.0,426001.85,-0.22
2022-11,Veeba Ketchup Sachet,1394.4,426001.85,0.33
2022-11,Veeba Makhani Gravy 1KG,631.68,426001.85,0.15
2022-11,Veeba Pasta & Pizza Sauce 1KG,3420.0,426001.85,0.8
2022-11,Veeba T. Ketchup 1.2KG,784.0,426001.85,0.18
2022-11,Veeba T. Ketchup 1.2KG,-285.83,426001.85,-0.07
2022-11,Veeba ThousandIsland Dressing 1KG,0.0,426001.85,0.0
2022-11,Vineger,4.199999999999999,426001.85,0.0
2022-11,W/L Mouse Glid Pro,750.0,426001.85,0.18
2022-11,Wooden Fork-160mm,136.5,426001.85,0.03
2022-11,Wooden Fork-160mm,105.0,426001.85,0.02
2022-11,Wooden Spoon-110mm,-46.80000000000001,426001.85,-0.01
2022-11,Wooden Spoon-140mm,78.0,426001.85,0.02
2022-11,Wooden Spoon-160mm,-123.48,426001.85,-0.03
2022-11,Zippy  B.Fast Sausage ,793.52,426001.85,0.19
2022-11,Zippy  B.Fast Sausage ,285.0,426001.85,0.07
2022-11,Zippy Chicken Salami,289.5,426001.85,0.07
2022-11,Zippy Chicken Salami,279.0,426001.85,0.07
2022-11,bred premix,189.0,426001.85,0.04
2022-11,bucket-Plastic,185.0,426001.85,0.04
2022-11,butter,380.0,426001.85,0.09
2022-11,butter papper,105.0,426001.85,0.02
2022-11,cabbage-veg,46.0,426001.85,0.01
2022-11,chilli flakes,264.0,426001.85,0.06
2022-11,diya wicks,30.0,426001.85,0.01
2022-11,egg,168.0,426001.85,0.04
2022-11,kovakka-veg,44.0,426001.85,0.01
2022-11,milk-Milma-525ml,25.0,426001.85,0.01
2022-11,pappaya-veg,57.0,426001.85,0.01
2022-11,payyar-veg,32.0,426001.85,0.01
2022-11,pen,22.0,426001.85,0.01
2022-11,plastic Cover-1kg,-680.0,426001.85,-0.16
2022-11,plastic cover 5kg,-68.0,426001.85,-0.02
2022-10,7UP 1250ml Pet,2085.12,525426.0,0.4
2022-10,7UP 1250ml Pet,289.5999999999999,525426.0,0.06
2022-10,7UP 750ml Pet,1650.22,525426.0,0.31
2022-10,7UP 750ml Pet,1065.78,525426.0,0.2
2022-10,7up 250ml Can,480.0,525426.0,0.09
2022-10,7up 250ml Pet,1575.0,525426.0,0.3
2022-10,7up 250ml Pet,297.5,525426.0,0.06
2022-10,AMUL Mozzarella Diced 1Kg,55236.880000000005,525426.0,10.51
2022-10,AVT Premium Tea,121.25,525426.0,0.02
2022-10,Agarbathi,41.0,525426.0,0.01
2022-10,Aqua Fina Mineral Water 1Ltr,335.98,525426.0,0.06
2022-10,Aqua Fina Mineral Water 1Ltr,-41.99000000000001,525426.0,-0.01
2022-10,Atta Loose,891.0,525426.0,0.17
2022-10,BBQ Mix Masala,646.8000000000002,525426.0,0.12
2022-10,BBQ Wings,3619.73,525426.0,0.69
2022-10,BBQ Wings,1921.58,525426.0,0.37
2022-10,Baby Corn Whole,448.0,525426.0,0.09
2022-10,Baby Corn Whole-800GM-Tajir Habit,112.0,525426.0,0.02
2022-10,Beans-veg,11.0,525426.0,0.0
2022-10,Bitter Guard-Veg,125.0,525426.0,0.02
2022-10,Black Grapes,9.0,525426.0,0.0
2022-10,Black pepper,-100.0,525426.0,-0.02
2022-10,Bornless Chicken- pattambi,18887.99,525426.0,3.59
2022-10,Brocoli,574.0,525426.0,0.11
2022-10,Brownie,2703.6800000000003,525426.0,0.51
2022-10,Brush-Small,50.0,525426.0,0.01
2022-10,Butter,2430.0,525426.0,0.46
2022-10,Butter Scotch Ice-cream,2238.25,525426.0,0.43
2022-10,Butter Scotch Ice-cream,-348.82,525426.0,-0.07
2022-10,Butter Scotch Sauce 750ml,0.0,525426.0,0.0
2022-10,CHILLY FLAKES SACHET 0.8GM,960.41,525426.0,0.18
2022-10,Capcicum-Veg,2094.0,525426.0,0.4
2022-10,Carrot-Veg,86.0,525426.0,0.02
2022-10,Cash Voucher Book,80.0,525426.0,0.02
2022-10,Cashew nut,160.0,525426.0,0.03
2022-10,Cashew nut,-20.0,525426.0,-0.0
2022-10,Cauli Flower-veg,156.0,525426.0,0.03
2022-10,Celotape-3/4inch-,230.0,525426.0,0.04
2022-10,Cheera-veg,10.0,525426.0,0.0
2022-10,Chembu-veg,27.0,525426.0,0.01
2022-10,Cherry,55.0,525426.0,0.01
2022-10,Chettinad Mix,44.44999999999999,525426.0,0.01
2022-10,Chicken Kheema,64.75,525426.0,0.01
2022-10,Chicken Kheema  Masala,260.4,525426.0,0.05
2022-10,Chicken Masala-Eastern,90.0,525426.0,0.02
2022-10,Chicken-Staff,1103.02,525426.0,0.21
2022-10,Chicken-Whole-Staff,248.01,525426.0,0.05
2022-10,Chilli Powder,0.0,525426.0,0.0
2022-10,Chilly Powder 1kg-Eastern,330.01,525426.0,0.06
2022-10,Chocolate Ice-cream,1598.75,525426.0,0.3
2022-10,Chocolate Ice-cream,-494.16,525426.0,-0.09
2022-10,Coriander Leaves-Veg,108.0,525426.0,0.02
2022-10,Corn Meal - MAKKA RAVA,270.0,525426.0,0.05
2022-10,Corn Meal - MAKKA RAVA,117.0,525426.0,0.02
2022-10,Corn Meal - MAKKA RAVA,-180.0,525426.0,-0.03
2022-10,Cotton-cloth,70.0,525426.0,0.01
2022-10,Cucumber-veg,68.0,525426.0,0.01
2022-10,Curd-Elanad-500ml,60.0,525426.0,0.01
2022-10,Curd-Elanad-500ml,-60.0,525426.0,-0.01
2022-10,Curd-Sheethal-400g,81.0,525426.0,0.02
2022-10,DVC BLUE OCCEAN FLV SYRUP 750ML,437.0,525426.0,0.08
2022-10,DVC BLUE OCCEAN FLV SYRUP 750ML,-58.27000000000001,525426.0,-0.01
2022-10,DVC CHocolate Sauce 2 LTR,536.8999999999999,525426.0,0.1
2022-10,DVC Green Apple 750 ML,437.0,525426.0,0.08
2022-10,DVC MOJITO MINT 750ML,2622.0,525426.0,0.5
2022-10,DVC MOJITO MINT 750ML,174.8,525426.0,0.03
2022-10,DVC Mint Flavoured Syrup 750 ml,-1748.0,525426.0,-0.33
2022-10,DVC PASSION FRUIT FLV SYRUP 750ML,0.0,525426.0,0.0
2022-10,DVC Passion Fruit 750ML,437.0,525426.0,0.08
2022-10,DVC Passion Fruit 750ML,291.33,525426.0,0.06
2022-10,Dew 250ml Can,720.0,525426.0,0.14
2022-10,Dew 250ml Can,-480.0,525426.0,-0.09
2022-10,Dew 250ml Pet,1050.0,525426.0,0.2
2022-10,Dew 250ml Pet,-455.0,525426.0,-0.09
2022-10,Dew 750ml Pet,1168.92,525426.0,0.22
2022-10,Dip Bowl,188.79999999999998,525426.0,0.04
2022-10,Dried Yeast,1195.1999999999998,525426.0,0.23
2022-10,Duster,75.0,525426.0,0.01
2022-10,Dusting-cloth,40.0,525426.0,0.01
2022-10,Eastern Coriander 1KG,0.0,525426.0,0.0
2022-10,Egg,797.6,525426.0,0.15
2022-10,Eveready Battery Small,36.0,525426.0,0.01
2022-10,Exo Dishwash cake,70.45,525426.0,0.01
2022-10,Exo Steel Wool,11.5,525426.0,0.0
2022-10,Flexi Cream Gold,585.0,525426.0,0.11
2022-10,French Fries 6mm,350.0,525426.0,0.07
2022-10,French Fries 6mm,280.0,525426.0,0.05
2022-10,French Fries 6mm-Amul,1475.0,525426.0,0.28
2022-10,French Fries 6mm-Hungritos,1800.0,525426.0,0.34
2022-10,French Fries 6mm-Hungritos,-201.6,525426.0,-0.04
2022-10,French Fries 6mm-ITC,3500.0,525426.0,0.67
2022-10,French Fries 9mm-Amul,1475.0,525426.0,0.28
2022-10,Frozen Sweet Corn,515.0,525426.0,0.1
2022-10,Frozen Sweet Corn,257.5,525426.0,0.05
2022-10,G.Crown Mushroom Slice 800g,5952.0,525426.0,1.13
2022-10,GO Colby Cheese Block 2kg,-732.0,525426.0,-0.14
2022-10,GO Orange Cheddar Cheese 2kg,1133.0,525426.0,0.22
2022-10,GO-Monterey Jack Cheese-2kg,1220.01,525426.0,0.23
2022-10,GO-Monterey Jack Cheese-2kg,-1098.01,525426.0,-0.21
2022-10,Garlic Bread Box,-167.01,525426.0,-0.03
2022-10,Garlic Chilli Spread,324.0,525426.0,0.06
2022-10,Garlic Paste,25.0,525426.0,0.0
2022-10,Garlic-Veg,288.0,525426.0,0.05
2022-10,Gas-LPG-HPCL,3400.0,525426.0,0.65
2022-10,Gas-LPG-IOCL,10200.0,525426.0,1.94
2022-10,Ginger-Veg,40.0,525426.0,0.01
2022-10,Green Chilly-Veg,205.0,525426.0,0.04
2022-10,Green Peas,10.0,525426.0,0.0
2022-10,Herb Mix Masla,579.6,525426.0,0.11
2022-10,Herb Mix Masla,0.0,525426.0,0.0
2022-10,Honey,92.0,525426.0,0.02
2022-10,Ice Berg,120.0,525426.0,0.02
2022-10,Ice cube,180.0,525426.0,0.03
2022-10,Ice-cube,30.0,525426.0,0.01
2022-10,JIVO Pomace Olive Oil ,603.02,525426.0,0.11
2022-10,Jar Caplar,80.0,525426.0,0.02
2022-10,Jumbo Cover-Blue,145.0,525426.0,0.03
2022-10,LED Bulb-Sturlite-10watt,220.0,525426.0,0.04
2022-10,Lamp Pepperoni,188.29999999999995,525426.0,0.04
2022-10,Large Pizza Box,3422.0,525426.0,0.65
2022-10,Lehar Soda,790.08,525426.0,0.15
2022-10,Lehar Soda,-49.379999999999995,525426.0,-0.01
2022-10,Lemon-Veg,493.0,525426.0,0.09
2022-10,Lime Pickle-500GRM-Rahath,55.0,525426.0,0.01
2022-10,M Thuvara,445.3399999999999,525426.0,0.08
2022-10,Maida(Porotta 50kg),10050.0,525426.0,1.91
2022-10,Maida(Porotta 50kg),-2814.0,525426.0,-0.54
2022-10,Mc Cain Potato Wedges 2.5kg,3440.0,525426.0,0.65
2022-10,Mc Cain Potato Wedges 2.5kg,-1978.0,525426.0,-0.38
2022-10,Medium Pizza Box,5803.71,525426.0,1.1
2022-10,Mexican Masala,-112.55999999999995,525426.0,-0.02
2022-10,Micro 13x16,140.0,525426.0,0.03
2022-10,Micro 13x16,-133.0,525426.0,-0.03
2022-10,Micro 16x20,420.0,525426.0,0.08
2022-10,Micro 16x20,-67.2,525426.0,-0.01
2022-10,Micro 20x26,280.0,525426.0,0.05
2022-10,Micro 20x26,-121.33,525426.0,-0.02
2022-10,Micro 27x30,180.0,525426.0,0.03
2022-10,Micro 27x30,-105.0,525426.0,-0.02
2022-10,Milk,50.0,525426.0,0.01
2022-10,Milk-Elanad-500ml,1754.0,525426.0,0.33
2022-10,Milk-Elanad-500ml,100.0,525426.0,0.02
2022-10,Milk-Elanad-500ml,-100.0,525426.0,-0.02
2022-10,Milk-Milma,46.0,525426.0,0.01
2022-10,Milkymist Cheese BLock 1KG,2049.0,525426.0,0.39
2022-10,Mini Burger Box,1140.8,525426.0,0.22
2022-10,Mint-Veg,106.0,525426.0,0.02
2022-10,Mirinda 250ml pet,525.0,525426.0,0.1
2022-10,Mirinda 250ml pet,-227.5,525426.0,-0.04
2022-10,Mirinda 750ml pet,378.18,525426.0,0.07
2022-10,Mittai-Milk-Amul,60.0,525426.0,0.01
2022-10,"Mix Veg, pickle-250g-tholur",39.99,525426.0,0.01
2022-10,Mixed Herb Loose,302.4,525426.0,0.06
2022-10,Mixed Herb Loose,-576.0,525426.0,-0.11
2022-10,Moktails Glass,609.96,525426.0,0.12
2022-10,Mustard-Oil,33.0,525426.0,0.01
2022-10,Mutton,150.0,525426.0,0.03
2022-10,Neo Red Paprika 3Kg,840.0,525426.0,0.16
2022-10,Noor Jahan Rice 25kg,910.0,525426.0,0.17
2022-10,Noor Jahan Rice 25kg,-25.0,525426.0,-0.0
2022-10,OREGANO SACHET 0.8GM,1890.0,525426.0,0.36
2022-10,Okra-Veg,20.0,525426.0,0.0
2022-10,Onion-Veg,3083.0,525426.0,0.59
2022-10,Oregano Sprinkler 500g,1160.0,525426.0,0.22
2022-10,Oregano Sprinkler 500g,-2320.0,525426.0,-0.44
2022-10,Palm Oil,5080.0,525426.0,0.97
2022-10,Palm Oil - Refined Oil,1790.0,525426.0,0.34
2022-10,Palm Oil - Refined Oil,252.0,525426.0,0.05
2022-10,Paneer,2040.0,525426.0,0.39
2022-10,Paneer Tikka Butter Masala,352.80000000000007,525426.0,0.07
2022-10,Paper Glass,700.0,525426.0,0.13
2022-10,Paper Glass,-35.5,525426.0,-0.01
2022-10,Paper Plates,25.0,525426.0,0.0
2022-10,Paper Straw,70.0,525426.0,0.01
2022-10,Paper Straw,-61.25,525426.0,-0.01
2022-10,Papper carry bag large,441.0,525426.0,0.08
2022-10,Papper carry bag medium,963.0,525426.0,0.18
2022-10,Papper carry bag small,1576.0,525426.0,0.3
2022-10,Parsely-Veg,38.0,525426.0,0.01
2022-10,Pasta Container Black,1011.9999999999999,525426.0,0.19
2022-10,Pepsi 1250ml Pet,2085.12,525426.0,0.4
2022-10,Pepsi 1250ml Pet,115.84000000000015,525426.0,0.02
2022-10,Pepsi 250ml Can,720.0,525426.0,0.14
2022-10,Pepsi 250ml Can,-300.0,525426.0,-0.06
2022-10,Pepsi 250ml Pet,2100.0,525426.0,0.4
2022-10,Pepsi 250ml Pet,577.5,525426.0,0.11
2022-10,Pepsi 750ml Pet,1650.22,525426.0,0.31
2022-10,Pepsi 750ml Pet,928.26,525426.0,0.18
2022-10,Petrol,650.0,525426.0,0.12
2022-10,Petrol-HPCL,2335.0,525426.0,0.44
2022-10,Petrol-IOCL,5870.0,525426.0,1.12
2022-10,Petrol-Nayara,2910.0,525426.0,0.55
2022-10,Pineapple slice-Tajir Habit-500g,-315.0,525426.0,-0.06
2022-10,Pineapple-Veg,250.0,525426.0,0.05
2022-10,Piri Piri Marinade 1KG,356.0,525426.0,0.07
2022-10,Pizza Premix,5876.32,525426.0,1.12
2022-10,Pizza sauce premix,-510.3,525426.0,-0.1
2022-10,Plastic Cover 12X16,196.0,525426.0,0.04
2022-10,Plastic Cover 16X20,130.0,525426.0,0.02
2022-10,Plastic Cover 16X20,89.6,525426.0,0.02
2022-10,Plastic Cover 20X26,140.0,525426.0,0.03
2022-10,Plastic Cover 20X26,21.0,525426.0,0.0
2022-10,Plastic Cover 26X30,133.04,525426.0,0.03
2022-10,Ponni Rice,420.0,525426.0,0.08
2022-10,Pooja Items,375.0,525426.0,0.07
2022-10,Pooja Items,294.0,525426.0,0.06
2022-10,Potato-Veg,478.0,525426.0,0.09
2022-10,Processed cheese block,-733.5,525426.0,-0.14
2022-10,Puramate Basil 250g Pouch,-390.0,525426.0,-0.07
2022-10,Puramate Pasta-Gomiti Rigate - macroni - 500g,299.2,525426.0,0.06
2022-10,Puramate Pasta-Gomiti Rigate - macroni - 500g,-408.0,525426.0,-0.08
2022-10,Puramate Pasta-Gomiti Rigate 500g,544.0,525426.0,0.1
2022-10,Puramate Pasta-Penne Rigatte 500g,952.0,525426.0,0.18
2022-10,Puramate Pasta-Penne Rigatte 500g,136.0,525426.0,0.03
2022-10,Rain Coat,650.0,525426.0,0.12
2022-10,Rava,13.0,525426.0,0.0
2022-10,Red Yellow Capcicum,477.0,525426.0,0.09
2022-10,Regular Pizza Box,4205.950000000001,525426.0,0.8
2022-10,Salad Bowl 250ml,141.36000000000013,525426.0,0.03
2022-10,Salad Bowl 500ml,399.29999999999995,525426.0,0.08
2022-10,Salt,12.0,525426.0,0.0
2022-10,Salt,2.6,525426.0,0.0
2022-10,Salt Powder,26.0,525426.0,0.0
2022-10,Salt Powder,13.0,525426.0,0.0
2022-10,Salt Powder,-7.8,525426.0,-0.0
2022-10,Sarwar Black Olive SLices 3.1KG,1890.0,525426.0,0.36
2022-10,Schezwan sauce,0.0,525426.0,0.0
2022-10,Slice Mango 250ml pet,530.1,525426.0,0.1
2022-10,Slice Mango 250ml pet,106.01999999999998,525426.0,0.02
2022-10,Snakeguard-Veg,12.0,525426.0,0.0
2022-10,Spray-Gun,40.0,525426.0,0.01
2022-10,Sting 250ml pet,175.0,525426.0,0.03
2022-10,Straw,85.4,525426.0,0.02
2022-10,Strawberry,1506.0,525426.0,0.29
2022-10,Strawberry sause 750,160.0,525426.0,0.03
2022-10,Strawberry sause 750,-192.0,525426.0,-0.04
2022-10,Strawberry-Ice cream,-638.91,525426.0,-0.12
2022-10,Sugar,-68.7,525426.0,-0.01
2022-10,Sugar-Loose,120.0,525426.0,0.02
2022-10,Sumeru Nuggets Premium 1Kg,778.4000000000001,525426.0,0.15
2022-10,Sumeru Nuggets Premium 1Kg,278.0,525426.0,0.05
2022-10,TAJIR HABIT Pinaple Slice 50g,525.0,525426.0,0.1
2022-10,TAJIR JALAPENO SLICES 2.5 KG,1995.0,525426.0,0.38
2022-10,Tandoori Chicken Masala-Bakers,150.0,525426.0,0.03
2022-10,Tandoori Masala,811.4400000000002,525426.0,0.15
2022-10,Tissue,335.0,525426.0,0.06
2022-10,Tissue,77.0,525426.0,0.01
2022-10,Tomato,134.0,525426.0,0.03
2022-10,Tomato-Veg,4337.0,525426.0,0.83
2022-10,Tripod,148.0,525426.0,0.03
2022-10,Turmeric Powder,33.0,525426.0,0.01
2022-10,Turmeric Powder,20.0,525426.0,0.0
2022-10,Turmeric Powder,-20.0,525426.0,-0.0
2022-10,Turmeric Powder-eastern,22.0,525426.0,0.0
2022-10,Vanilla Ice-cream,2578.3,525426.0,0.49
2022-10,Vanilla Ice-cream,-238.36,525426.0,-0.05
2022-10,Veeba Barbequesauce 1KG,251.96,525426.0,0.05
2022-10,Veeba Barbequesauce 1KG,0.0,525426.0,0.0
2022-10,Veeba Eggless Mayonise Chef 1KG,1540.0,525426.0,0.29
2022-10,Veeba Gouda Flavoured Dressing,3150.0,525426.0,0.6
2022-10,Veeba Ketchup Sachet,1774.4,525426.0,0.34
2022-10,Veeba Makhani Gravy 1KG,631.68,525426.0,0.12
2022-10,Veeba Makhani Gravy 1KG,421.12,525426.0,0.08
2022-10,Veeba Pasta & Pizza Sauce 1KG,4679.87,525426.0,0.89
2022-10,Veeba Pasta & Pizza Sauce 1KG,-720.0,525426.0,-0.14
2022-10,Veeba T. Ketchup 1.2KG,490.0,525426.0,0.09
2022-10,Veeba T. Ketchup 1.2KG,40.83,525426.0,0.01
2022-10,Veeba ThousandIsland Dressing 1KG,0.0,525426.0,0.0
2022-10,Vineger,8.400000000000002,525426.0,0.0
2022-10,Wooden Fork-160mm,105.0,525426.0,0.02
2022-10,Wooden Fork-160mm,-273.0,525426.0,-0.05
2022-10,Wooden Spoon,177.06,525426.0,0.03
2022-10,Wooden Spoon-110mm,78.0,525426.0,0.01
2022-10,Wooden Spoon-110mm,-117.0,525426.0,-0.02
2022-10,Wooden Spoon-160mm,98.0,525426.0,0.02
2022-10,Zippy  B.Fast Sausage ,1035.03,525426.0,0.2
2022-10,Zippy  B.Fast Sausage ,-793.52,525426.0,-0.15
2022-10,Zippy Chicken Salami,708.0,525426.0,0.13
2022-10,Zippy Chicken Salami,45.289999999999964,525426.0,0.01
2022-10,bred premix,-189.0,525426.0,-0.04
2022-10,brinjal-veg,10.0,525426.0,0.0
2022-10,butter papper,262.5,525426.0,0.05
2022-10,cabbage-veg,82.0,525426.0,0.02
2022-10,chilli flakes,-264.0,525426.0,-0.05
2022-10,colour,60.0,525426.0,0.01
2022-10,egg,281.0,525426.0,0.05
2022-10,kovakka-veg,20.0,525426.0,0.0
2022-10,lemon,30.0,525426.0,0.01
2022-10,lighter,20.0,525426.0,0.0
2022-10,milk-Milma-525ml,175.0,525426.0,0.03
2022-10,onion,150.0,525426.0,0.03
2022-10,pappaya-veg,30.0,525426.0,0.01
2022-10,parsely,40.0,525426.0,0.01
2022-10,payyar-veg,22.0,525426.0,0.0
2022-10,pen,22.0,525426.0,0.0
2022-10,petrol,200.52,525426.0,0.04
2022-10,plastic Cover-1kg,170.0,525426.0,0.03
2022-10,plastic cover 5kg,170.0,525426.0,0.03
2022-10,sugar,195.0,525426.0,0.04
2022-10,tissue,45.0,525426.0,0.01
2022-09,7UP 1250ml Pet,3475.2,455930.64999999997,0.76
2022-09,7UP 1250ml Pet,-2085.12,455930.64999999997,-0.46
2022-09,7UP 750ml Pet,2475.33,455930.64999999997,0.54
2022-09,7UP 750ml Pet,-1650.24,455930.64999999997,-0.36
2022-09,7up 250ml Can,720.0,455930.64999999997,0.16
2022-09,7up 250ml Can,-576.0,455930.64999999997,-0.13
2022-09,7up 250ml Pet,1050.0,455930.64999999997,0.23
2022-09,7up 250ml Pet,-455.0,455930.64999999997,-0.1
2022-09,AMUL Mozzarella Diced 1Kg,25740.0,455930.64999999997,5.65
2022-09,AMUL Mozzarella Diced 1Kg,-17202.9,455930.64999999997,-3.77
2022-09,Aqua Fina 1.0 L,504.0,455930.64999999997,0.11
2022-09,Aqua Fina Mineral Water 1Ltr,-391.98,455930.64999999997,-0.09
2022-09,Atta Loose,432.0,455930.64999999997,0.09
2022-09,BBQ Mix Masala,-560.5600000000001,455930.64999999997,-0.12
2022-09,BBQ Wings,-1027.82,455930.64999999997,-0.23
2022-09,Baby Corn Whole,-448.0,455930.64999999997,-0.1
2022-09,Black Grapes,-54.0,455930.64999999997,-0.01
2022-09,Brownie,1294.72,455930.64999999997,0.28
2022-09,Butter,-720.0,455930.64999999997,-0.16
2022-09,Butter Scotch Ice-cream,-2238.25,455930.64999999997,-0.49
2022-09,Butter Scotch Sauce 750ml,-73.6,455930.64999999997,-0.02
2022-09,CHILLY FLAKES SACHET 0.8GM,-147.0,455930.64999999997,-0.03
2022-09,Cashew nut,-60.0,455930.64999999997,-0.01
2022-09,Chettinad Mix,-174.65,455930.64999999997,-0.04
2022-09,Chicken Kheema,-64.75,455930.64999999997,-0.01
2022-09,Chilli Powder,-330.0,455930.64999999997,-0.07
2022-09,Chocolate Ice-cream,-1598.75,455930.64999999997,-0.35
2022-09,Corn Meal - MAKKA RAVA,-117.0,455930.64999999997,-0.03
2022-09,DVC BLUE OCCEAN FLV SYRUP 750ML,-116.53,455930.64999999997,-0.03
2022-09,DVC BLUE OCCEAN FLV SYRUP 750ML,-874.0,455930.64999999997,-0.19
2022-09,DVC CHocolate Sauce 2 LTR,767.0,455930.64999999997,0.17
2022-09,DVC CHocolate Sauce 2 LTR,-1188.85,455930.64999999997,-0.26
2022-09,DVC Green Apple 750 ML,-437.0,455930.64999999997,-0.1
2022-09,DVC MOJITO MINT 750ML,-174.8,455930.64999999997,-0.04
2022-09,DVC MOJITO MINT 750ML,-874.0,455930.64999999997,-0.19
2022-09,DVC Mint Flavoured Syrup 750 ml,437.0,455930.64999999997,0.1
2022-09,DVC Passion Fruit 750ML,-291.33,455930.64999999997,-0.06
2022-09,DVC Passion Fruit 750ML,-437.0,455930.64999999997,-0.1
2022-09,Dew 250ml Can,-210.0,455930.64999999997,-0.05
2022-09,Dew 250ml Pet,525.0,455930.64999999997,0.12
2022-09,Dew 250ml Pet,-210.0,455930.64999999997,-0.05
2022-09,Dew 750ml Pet,1650.22,455930.64999999997,0.36
2022-09,Dew 750ml Pet,-1375.2,455930.64999999997,-0.3
2022-09,Dip Bowl,70.8,455930.64999999997,0.02
2022-09,Dried Yeast,-2921.6,455930.64999999997,-0.64
2022-09,Eastern Coriander 1KG,235.01,455930.64999999997,0.05
2022-09,Eastern Coriander 1KG,-235.01,455930.64999999997,-0.05
2022-09,Egg,-36.0,455930.64999999997,-0.01
2022-09,Flexi Cream Gold,-390.0,455930.64999999997,-0.09
2022-09,French Fries 6mm,-280.0,455930.64999999997,-0.06
2022-09,French Fries 6mm,-350.0,455930.64999999997,-0.08
2022-09,Frozen Sweet Corn,-309.0,455930.64999999997,-0.07
2022-09,G.Crown Mushroom Slice 800g,-465.0,455930.64999999997,-0.1
2022-09,GO Colby Cheese Block 2kg,1220.0,455930.64999999997,0.27
2022-09,GO Colby Cheese Block 2kg,-2440.0,455930.64999999997,-0.54
2022-09,GO Orange Cheddar Cheese 2kg,1133.0,455930.64999999997,0.25
2022-09,Garlic Bread Box,474.66,455930.64999999997,0.1
2022-09,Garlic Chilli Spread,-324.0,455930.64999999997,-0.07
2022-09,Garlic Paste,-25.0,455930.64999999997,-0.01
2022-09,Green Peas,-10.0,455930.64999999997,-0.0
2022-09,Herb Mix Masla,-579.6,455930.64999999997,-0.13
2022-09,Honey,-782.0,455930.64999999997,-0.17
2022-09,Ice cube,-270.0,455930.64999999997,-0.06
2022-09,JIVO Pomace Olive Oil ,670.02,455930.64999999997,0.15
2022-09,JIVO Pomace Olive Oil ,-1340.04,455930.64999999997,-0.29
2022-09,Lamp Pepperoni,-1412.25,455930.64999999997,-0.31
2022-09,Large Pizza Box,398.25,455930.64999999997,0.09
2022-09,Lehar Soda,790.08,455930.64999999997,0.17
2022-09,Lehar Soda,-806.54,455930.64999999997,-0.18
2022-09,M Thuvara,231.25,455930.64999999997,0.05
2022-09,Maida(Porotta 50kg),6030.0,455930.64999999997,1.32
2022-09,Mc Cain Potato Wedges 2.5kg,-860.0,455930.64999999997,-0.19
2022-09,Medium Pizza Box,1889.58,455930.64999999997,0.41
2022-09,Mexican Masala,3114.16,455930.64999999997,0.68
2022-09,Milk,-50.0,455930.64999999997,-0.01
2022-09,Milkymist Cheese BLock 1KG,1467.0,455930.64999999997,0.32
2022-09,Mini Burger Box,-510.6,455930.64999999997,-0.11
2022-09,Mirinda 250ml pet,525.0,455930.64999999997,0.12
2022-09,Mirinda 250ml pet,-192.5,455930.64999999997,-0.04
2022-09,Mirinda 750ml pet,825.11,455930.64999999997,0.18
2022-09,Mirinda 750ml pet,-859.5,455930.64999999997,-0.19
2022-09,Moktails Glass,-897.0,455930.64999999997,-0.2
2022-09,Neo Red Paprika 3Kg,-1680.0,455930.64999999997,-0.37
2022-09,Noor Jahan Rice 25kg,812.5,455930.64999999997,0.18
2022-09,Noor Jahan Rice 25kg,-325.0,455930.64999999997,-0.07
2022-09,OREGANO SACHET 0.8GM,-840.0,455930.64999999997,-0.18
2022-09,Oregano Sprinkler 500g,1160.0,455930.64999999997,0.25
2022-09,Palm Oil - Refined Oil,-252.0,455930.64999999997,-0.06
2022-09,Paneer,-540.0,455930.64999999997,-0.12
2022-09,Paper Glass,-73.0,455930.64999999997,-0.02
2022-09,Paper Plates,-95.0,455930.64999999997,-0.02
2022-09,Papper carry bag large,-241.5,455930.64999999997,-0.05
2022-09,Papper carry bag medium,-477.0,455930.64999999997,-0.1
2022-09,Papper carry bag small,-1120.0,455930.64999999997,-0.25
2022-09,Pasta Container Black,18.399999999999977,455930.64999999997,0.0
2022-09,Pepsi 1250ml Pet,2780.16,455930.64999999997,0.61
2022-09,Pepsi 1250ml Pet,-1505.92,455930.64999999997,-0.33
2022-09,Pepsi 250ml Can,-240.0,455930.64999999997,-0.05
2022-09,Pepsi 250ml Pet,2100.0,455930.64999999997,0.46
2022-09,Pepsi 250ml Pet,-560.0,455930.64999999997,-0.12
2022-09,Pepsi 750ml Pet,2475.33,455930.64999999997,0.54
2022-09,Pepsi 750ml Pet,-1581.48,455930.64999999997,-0.35
2022-09,Piri Piri Marinade 1KG,-356.0,455930.64999999997,-0.08
2022-09,Pizza Premix,1571.33,455930.64999999997,0.34
2022-09,Plastic Cover 12X16,-196.0,455930.64999999997,-0.04
2022-09,Plastic Cover 16X20,-89.6,455930.64999999997,-0.02
2022-09,Plastic Cover 20X26,-21.0,455930.64999999997,-0.0
2022-09,Plastic Cover 26X30,-133.04,455930.64999999997,-0.03
2022-09,Processed cheese block,-1222.5,455930.64999999997,-0.27
2022-09,Puramate Basil 250g Pouch,195.0,455930.64999999997,0.04
2022-09,Puramate Pasta-Gomiti Rigate - macroni - 500g,-299.2,455930.64999999997,-0.07
2022-09,Puramate Pasta-Penne Rigatte 500g,510.0,455930.64999999997,0.11
2022-09,Puramate Pasta-Penne Rigatte 500g,-612.0,455930.64999999997,-0.13
2022-09,Regular Pizza Box,4176.4,455930.64999999997,0.92
2022-09,Salad Bowl 250ml,-111.91000000000003,455930.64999999997,-0.02
2022-09,Salad Bowl 500ml,-36.30000000000001,455930.64999999997,-0.01
2022-09,Salt,-2.6,455930.64999999997,-0.0
2022-09,Sarwar Black Olive SLices 3.1KG,-630.0,455930.64999999997,-0.14
2022-09,Schezwan sauce,-680.0,455930.64999999997,-0.15
2022-09,Slice Mango 250ml pet,530.1,455930.64999999997,0.12
2022-09,Slice Mango 250ml pet,-477.09,455930.64999999997,-0.1
2022-09,Straw,-85.4,455930.64999999997,-0.02
2022-09,Strawberry,-1506.0,455930.64999999997,-0.33
2022-09,Strawberry sause 750,-160.0,455930.64999999997,-0.04
2022-09,Sugar,-28.8,455930.64999999997,-0.01
2022-09,Sumeru Nuggets Premium 1Kg,-1195.4,455930.64999999997,-0.26
2022-09,Summeru Neggets Premium 1KG,1112.0,455930.64999999997,0.24
2022-09,TAJIR HABIT Pinaple Slice 50g,105.0,455930.64999999997,0.02
2022-09,TAJIR JALAPENO SLICES 2.5 KG,-570.0,455930.64999999997,-0.13
2022-09,Tandoori Masala,917.28,455930.64999999997,0.2
2022-09,Tissue,-54.0,455930.64999999997,-0.01
2022-09,Tripod,740.0,455930.64999999997,0.16
2022-09,Turmeric Powder,-33.0,455930.64999999997,-0.01
2022-09,Vanilla Ice-cream,-1704.3,455930.64999999997,-0.37
2022-09,Veeba Barbequesauce 1KG,332.0,455930.64999999997,0.07
2022-09,Veeba Barbequesauce 1KG,-251.96,455930.64999999997,-0.06
2022-09,Veeba Eggless Mayonise Chef 1KG,140.0,455930.64999999997,0.03
2022-09,Veeba Gouda Flavoured Dressing,1470.0,455930.64999999997,0.32
2022-09,Veeba Ketchup Sachet,-494.4000000000001,455930.64999999997,-0.11
2022-09,Veeba Makhani Gravy 1KG,631.68,455930.64999999997,0.14
2022-09,Veeba Makhani Gravy 1KG,-631.68,455930.64999999997,-0.14
2022-09,Veeba Pasta & Pizza Sauce 1KG,4320.0,455930.64999999997,0.95
2022-09,Veeba Pasta & Pizza Sauce 1KG,-2519.93,455930.64999999997,-0.55
2022-09,Veeba T. Ketchup 1.2KG,-40.83,455930.64999999997,-0.01
2022-09,Veeba T. Ketchup 1.2KG,-98.0,455930.64999999997,-0.02
2022-09,Veeba ThousandIsland Dressing 1KG,563.97,455930.64999999997,0.12
2022-09,Vineger,-33.6,455930.64999999997,-0.01
2022-09,Wooden Spoon,-177.06,455930.64999999997,-0.04
2022-09,Zippy  B.Fast Sausage ,285.0,455930.64999999997,0.06
2022-09,Zippy Chicken Salami,279.0,455930.64999999997,0.06
2022-09,Zippy Chicken Salami,-753.29,455930.64999999997,-0.17
