month_code,Item_Name,UOM,Opening_Stock_Qty,Opening_Stock_Amt,Recieved_Stock_Qty,Recieved_Stock_Amt,Closing_Stock_Qty,Closing_Stock_Amt,Consumed_Stock_Qty,Consumed_Stock_Amt
2022-09,AMUL Mozzarella Diced 1Kg,Nos,0.0,0.0,60.0,25740.0,0.0,0.0,60.0,25740.0
2022-09,Maida(Porotta 50kg),Nos,0.0,0.0,3.0,6030.0,0.0,0.0,3.0,6030.0
2022-09,Veeba Pasta & Pizza Sauce 1KG,Nos,0.0,0.0,24.0,4320.0,0.0,0.0,24.0,4320.0
2022-09,Regular Pizza Box,Nos,0.0,0.0,500.0,4925.0,76.0,748.6,424.0,4176.4
2022-09,7UP 1250ml Pet,Case,0.0,0.0,5.0,3475.2,0.0,0.0,5.0,3475.2
2022-09,Mexican Masala,Kg,0.0,0.0,10.0,3752.0,1.7,637.84,8.3,3114.16
2022-09,Pepsi 1250ml Pet,Case,0.0,0.0,4.0,2780.16,0.0,0.0,4.0,2780.16
2022-09,7UP 750ml Pet,Case,0.0,0.0,3.0,2475.33,0.0,0.0,3.0,2475.33
2022-09,Pepsi 750ml Pet,Case,0.0,0.0,3.0,2475.33,0.0,0.0,3.0,2475.33
2022-09,Pepsi 250ml Pet,Case,0.0,0.0,4.0,2100.0,0.0,0.0,4.0,2100.0
2022-09,Medium Pizza Box,Nos,0.0,0.0,200.0,2454.0,46.0,564.42,154.0,1889.58
2022-09,Dew 750ml Pet,Case,0.0,0.0,2.0,1650.22,0.0,0.0,2.0,1650.22
2022-09,Pizza Premix,Kg,0.0,0.0,20.0,4305.0,12.7,2733.67,7.300000000000001,1571.33
2022-09,Veeba Gouda Flavoured Dressing,Nos,0.0,0.0,12.0,2520.0,5.0,1050.0,7.0,1470.0
2022-09,Milkymist Cheese BLock 1KG,Nos,0.0,0.0,3.0,1467.0,0.0,0.0,3.0,1467.0
2022-09,Brownie,Kg,0.0,0.0,5.0,1904.0,1.6,609.28,3.4,1294.72
2022-09,GO Colby Cheese Block 2kg,Nos,0.0,0.0,1.0,1220.0,0.0,0.0,1.0,1220.0
2022-09,Oregano Sprinkler 500g,Nos,0.0,0.0,4.0,1160.0,0.0,0.0,4.0,1160.0
2022-09,GO Orange Cheddar Cheese 2kg,Nos,0.0,0.0,1.0,1133.0,0.0,0.0,1.0,1133.0
2022-09,Summeru Neggets Premium 1KG,Nos,0.0,0.0,4.0,1112.0,0.0,0.0,4.0,1112.0
2022-09,7up 250ml Pet,Case,0.0,0.0,2.0,1050.0,0.0,0.0,2.0,1050.0
2022-09,Tandoori Masala,Kg,0.0,0.0,5.0,1764.0,2.4,846.72,2.6,917.28
2022-09,Mirinda 750ml pet,Case,0.0,0.0,1.0,825.11,0.0,0.0,1.0,825.11
2022-09,Noor Jahan Rice 25kg,Nos,0.0,0.0,1.0,812.5,0.0,0.0,1.0,812.5
2022-09,Lehar Soda,Case,0.0,0.0,2.0,790.08,0.0,0.0,2.0,790.08
2022-09,DVC CHocolate Sauce 2 LTR,Nos,0.0,0.0,1.0,767.0,0.0,0.0,1.0,767.0
2022-09,Tripod,Nos,0.0,0.0,500.0,740.0,0.0,0.0,500.0,740.0
2022-09,7up 250ml Can,Case,0.0,0.0,1.0,720.0,0.0,0.0,1.0,720.0
2022-09,JIVO Pomace Olive Oil ,Nos,0.0,0.0,2.0,670.02,0.0,0.0,2.0,670.02
2022-09,Veeba Makhani Gravy 1KG,Nos,0.0,0.0,3.0,631.68,0.0,0.0,3.0,631.68
2022-09,Veeba ThousandIsland Dressing 1KG,Nos,0.0,0.0,6.0,1127.94,3.0,563.97,3.0,563.97
2022-09,Slice Mango 250ml pet,Case,0.0,0.0,1.0,530.1,0.0,0.0,1.0,530.1
2022-09,Dew 250ml Pet,Case,0.0,0.0,1.0,525.0,0.0,0.0,1.0,525.0
2022-09,Mirinda 250ml pet,Case,0.0,0.0,1.0,525.0,0.0,0.0,1.0,525.0
2022-09,Puramate Pasta-Penne Rigatte 500g,Nos,0.0,0.0,5.0,510.0,0.0,0.0,5.0,510.0
2022-09,Aqua Fina 1.0 L,Case,0.0,0.0,3.0,504.0,0.0,0.0,3.0,504.0
2022-09,Garlic Bread Box,Nos,0.0,0.0,100.0,879.0,46.0,404.34,54.0,474.66
2022-09,DVC Mint Flavoured Syrup 750 ml,Nos,0.0,0.0,1.0,437.0,0.0,0.0,1.0,437.0
2022-09,Atta Loose,Kg,0.0,0.0,13.0,468.0,1.0,36.0,12.0,432.0
2022-09,Large Pizza Box,Nos,0.0,0.0,100.0,1475.0,73.0,1076.75,27.0,398.25
2022-09,Veeba Barbequesauce 1KG,Nos,0.0,0.0,2.0,332.0,0.0,0.0,2.0,332.0
2022-09,Zippy  B.Fast Sausage ,Nos,0.0,0.0,1.0,285.0,0.0,0.0,1.0,285.0
2022-09,Zippy Chicken Salami,Nos,0.0,0.0,1.0,279.0,0.0,0.0,1.0,279.0
2022-09,Eastern Coriander 1KG,Nos,0.0,0.0,1.0,235.01,0.0,0.0,1.0,235.01
2022-09,M Thuvara,Kg,0.0,0.0,2.0,250.0,0.15,18.75,1.85,231.25
2022-09,Puramate Basil 250g Pouch,Nos,0.0,0.0,1.0,195.0,0.0,0.0,1.0,195.0
2022-09,Veeba Eggless Mayonise Chef 1KG,Nos,0.0,0.0,12.0,1680.0,11.0,1540.0,1.0,140.0
2022-09,TAJIR HABIT Pinaple Slice 50g,Nos,0.0,0.0,6.0,630.0,5.0,525.0,1.0,105.0
2022-09,Dip Bowl,Nos,0.0,0.0,50.0,147.5,26.0,76.7,24.0,70.8
2022-09,Pasta Container Black,Nos,0.0,0.0,50.0,460.0,48.0,441.6,2.0,18.399999999999977
2022-09,Salt,Kg,0.0,0.0,0.0,0.0,0.2,2.6,-0.2,-2.6
2022-09,Green Peas,Kg,0.0,0.0,0.0,0.0,0.1,10.0,-0.1,-10.0
2022-09,Plastic Cover 20X26,Nos,0.0,0.0,0.0,0.0,6.0,21.0,-6.0,-21.0
2022-09,Garlic Paste,Kg,0.0,0.0,0.0,0.0,0.5,25.0,-0.5,-25.0
2022-09,Sugar,Kg,0.0,0.0,0.0,0.0,0.6,28.8,-0.6,-28.8
2022-09,Turmeric Powder,Grams,0.0,0.0,0.0,0.0,150.0,33.0,-150.0,-33.0
2022-09,Vineger,Ltr,0.0,0.0,0.0,0.0,0.8,33.6,-0.8,-33.6
2022-09,Egg,Nos,0.0,0.0,0.0,0.0,6.0,36.0,-6.0,-36.0
2022-09,Salad Bowl 500ml,Nos,0.0,0.0,50.0,363.0,55.0,399.3,-5.0,-36.30000000000001
2022-09,Veeba T. Ketchup 1.2KG,Kg,0.0,0.0,0.0,0.0,0.5,40.83,-0.5,-40.83
2022-09,Milk,Pkt,0.0,0.0,0.0,0.0,2.0,50.0,-2.0,-50.0
2022-09,Black Grapes,Kg,0.0,0.0,0.0,0.0,0.3,54.0,-0.3,-54.0
2022-09,Tissue,Pkt,0.0,0.0,0.0,0.0,6.0,54.0,-6.0,-54.0
2022-09,Cashew nut,Grams,0.0,0.0,0.0,0.0,75.0,60.0,-75.0,-60.0
2022-09,Chicken Kheema,Kg,0.0,0.0,0.0,0.0,0.25,64.75,-0.25,-64.75
2022-09,Paper Glass,Nos,0.0,0.0,0.0,0.0,73.0,73.0,-73.0,-73.0
2022-09,Butter Scotch Sauce 750ml,Grams,0.0,0.0,0.0,0.0,400.0,73.6,-400.0,-73.6
2022-09,Straw,Nos,0.0,0.0,0.0,0.0,244.0,85.4,-244.0,-85.4
2022-09,Plastic Cover 16X20,Nos,0.0,0.0,0.0,0.0,32.0,89.6,-32.0,-89.6
2022-09,Paper Plates,Nos,0.0,0.0,0.0,0.0,95.0,95.0,-95.0,-95.0
2022-09,Veeba T. Ketchup 1.2KG,Nos,0.0,0.0,4.0,392.0,5.0,490.0,-1.0,-98.0
2022-09,Salad Bowl 250ml,Nos,0.0,0.0,50.0,294.5,69.0,406.41,-19.0,-111.91000000000003
2022-09,Corn Meal - MAKKA RAVA,Nos,0.0,0.0,0.0,0.0,1.3,117.0,-1.3,-117.0
2022-09,DVC BLUE OCCEAN FLV SYRUP 750ML,Grams,0.0,0.0,0.0,0.0,200.0,116.53,-200.0,-116.53
2022-09,Plastic Cover 26X30,Nos,0.0,0.0,0.0,0.0,17.0,133.04,-17.0,-133.04
2022-09,CHILLY FLAKES SACHET 0.8GM,Nos,0.0,0.0,2.0,420.0,2.7,567.0,-0.7000000000000002,-147.0
2022-09,Strawberry sause 750,Nos,0.0,0.0,0.0,0.0,1.0,160.0,-1.0,-160.0
2022-09,Chettinad Mix,Kg,0.0,0.0,0.0,0.0,0.35,174.65,-0.35,-174.65
2022-09,DVC MOJITO MINT 750ML,Grams,0.0,0.0,0.0,0.0,300.0,174.8,-300.0,-174.8
2022-09,Wooden Spoon,Nos,0.0,0.0,0.0,0.0,227.0,177.06,-227.0,-177.06
2022-09,Mirinda 250ml pet,Nos,0.0,0.0,0.0,0.0,11.0,192.5,-11.0,-192.5
2022-09,Plastic Cover 12X16,Nos,0.0,0.0,0.0,0.0,56.0,196.0,-56.0,-196.0
2022-09,Dew 250ml Can,Nos,0.0,0.0,0.0,0.0,7.0,210.0,-7.0,-210.0
2022-09,Dew 250ml Pet,Nos,0.0,0.0,0.0,0.0,12.0,210.0,-12.0,-210.0
2022-09,Eastern Coriander 1KG,Kg,0.0,0.0,0.0,0.0,1.0,235.01,-1.0,-235.01
2022-09,Pepsi 250ml Can,Nos,0.0,0.0,0.0,0.0,8.0,240.0,-8.0,-240.0
2022-09,Papper carry bag large,Nos,0.0,0.0,0.0,0.0,23.0,241.5,-23.0,-241.5
2022-09,Palm Oil - Refined Oil,Ltr,0.0,0.0,0.0,0.0,2.0,252.0,-2.0,-252.0
2022-09,Veeba Barbequesauce 1KG,Kg,0.0,0.0,0.0,0.0,1.7,251.96,-1.7,-251.96
2022-09,Ice cube,Pkt,0.0,0.0,0.0,0.0,3.0,270.0,-3.0,-270.0
2022-09,French Fries 6mm,Kg,0.0,0.0,0.0,0.0,2.0,280.0,-2.0,-280.0
2022-09,DVC Passion Fruit 750ML,Grams,0.0,0.0,0.0,0.0,500.0,291.33,-500.0,-291.33
2022-09,Puramate Pasta-Gomiti Rigate - macroni - 500g,Grams,0.0,0.0,0.0,0.0,2200.0,299.2,-2200.0,-299.2
2022-09,Frozen Sweet Corn,Kg,0.0,0.0,0.0,0.0,3.0,309.0,-3.0,-309.0
2022-09,Garlic Chilli Spread,Kg,0.0,0.0,0.0,0.0,2.0,324.0,-2.0,-324.0
2022-09,Noor Jahan Rice 25kg,Kg,0.0,0.0,0.0,0.0,10.0,325.0,-10.0,-325.0
2022-09,Chilli Powder,Kg,0.0,0.0,0.0,0.0,1.0,330.0,-1.0,-330.0
2022-09,French Fries 6mm,Pkt,0.0,0.0,0.0,0.0,1.0,350.0,-1.0,-350.0
2022-09,Piri Piri Marinade 1KG,Kg,0.0,0.0,1.0,445.0,1.8,801.0,-0.8,-356.0
2022-09,Flexi Cream Gold,Nos,0.0,0.0,0.0,0.0,2.0,390.0,-2.0,-390.0
2022-09,Aqua Fina Mineral Water 1Ltr,Nos,0.0,0.0,0.0,0.0,28.0,391.98,-28.0,-391.98
2022-09,DVC Green Apple 750 ML,Nos,0.0,0.0,1.0,437.0,2.0,874.0,-1.0,-437.0
2022-09,DVC Passion Fruit 750ML,Nos,0.0,0.0,0.0,0.0,1.0,437.0,-1.0,-437.0
2022-09,Baby Corn Whole,Tin,0.0,0.0,0.0,0.0,4.0,448.0,-4.0,-448.0
2022-09,7up 250ml Pet,Nos,0.0,0.0,15.0,262.5,41.0,717.5,-26.0,-455.0
2022-09,G.Crown Mushroom Slice 800g,Nos,0.0,0.0,24.0,2232.0,29.0,2697.0,-5.0,-465.0
2022-09,Papper carry bag medium,Nos,0.0,0.0,0.0,0.0,53.0,477.0,-53.0,-477.0
2022-09,Slice Mango 250ml pet,Nos,0.0,0.0,0.0,0.0,27.0,477.09,-27.0,-477.09
2022-09,Veeba Ketchup Sachet,Nos,0.0,0.0,1200.0,960.0,1818.0,1454.4,-618.0,-494.4000000000001
2022-09,Mini Burger Box,Nos,0.0,0.0,0.0,0.0,222.0,510.6,-222.0,-510.6
2022-09,Paneer,Kg,0.0,0.0,0.0,0.0,1.5,540.0,-1.5,-540.0
2022-09,Pepsi 250ml Pet,Nos,0.0,0.0,15.0,262.5,47.0,822.5,-32.0,-560.0
2022-09,BBQ Mix Masala,Kg,0.0,0.0,2.0,862.4,3.3,1422.96,-1.2999999999999998,-560.5600000000001
2022-09,TAJIR JALAPENO SLICES 2.5 KG,Nos,0.0,0.0,1.0,285.0,3.0,855.0,-2.0,-570.0
2022-09,7up 250ml Can,Nos,0.0,0.0,0.0,0.0,24.0,576.0,-24.0,-576.0
2022-09,Herb Mix Masla,Nos,0.0,0.0,0.0,0.0,1.4,579.6,-1.4,-579.6
2022-09,Puramate Pasta-Penne Rigatte 500g,Grams,0.0,0.0,0.0,0.0,3000.0,612.0,-3000.0,-612.0
2022-09,Sarwar Black Olive SLices 3.1KG,Nos,0.0,0.0,1.0,630.0,2.0,1260.0,-1.0,-630.0
2022-09,Veeba Makhani Gravy 1KG,Kg,0.0,0.0,0.0,0.0,3.0,631.68,-3.0,-631.68
2022-09,Schezwan sauce,Nos,0.0,0.0,0.0,0.0,2.0,680.0,-2.0,-680.0
2022-09,Butter,Kg,0.0,0.0,0.0,0.0,2.0,720.0,-2.0,-720.0
2022-09,Zippy Chicken Salami,Kg,0.0,0.0,0.0,0.0,2.7,753.29,-2.7,-753.29
2022-09,Honey,Ltr,0.0,0.0,0.0,0.0,1.7,782.0,-1.7,-782.0
2022-09,Lehar Soda,Nos,0.0,0.0,0.0,0.0,49.0,806.54,-49.0,-806.54
2022-09,OREGANO SACHET 0.8GM,Pkt,0.0,0.0,2.0,420.0,6.0,1260.0,-4.0,-840.0
2022-09,Mc Cain Potato Wedges 2.5kg,Nos,0.0,0.0,0.0,0.0,2.0,860.0,-2.0,-860.0
2022-09,Mirinda 750ml pet,Nos,0.0,0.0,0.0,0.0,25.0,859.5,-25.0,-859.5
2022-09,DVC BLUE OCCEAN FLV SYRUP 750ML,Nos,0.0,0.0,1.0,437.0,3.0,1311.0,-2.0,-874.0
2022-09,DVC MOJITO MINT 750ML,Nos,0.0,0.0,0.0,0.0,2.0,874.0,-2.0,-874.0
2022-09,Moktails Glass,Nos,0.0,0.0,0.0,0.0,100.0,897.0,-100.0,-897.0
2022-09,BBQ Wings,Pkt,0.0,0.0,2.0,893.76,4.3,1921.58,-2.3,-1027.82
2022-09,Papper carry bag small,Nos,0.0,0.0,0.0,0.0,140.0,1120.0,-140.0,-1120.0
2022-09,DVC CHocolate Sauce 2 LTR,Ltr,0.0,0.0,0.0,0.0,3.1,1188.85,-3.1,-1188.85
2022-09,Sumeru Nuggets Premium 1Kg,Kg,0.0,0.0,0.0,0.0,4.3,1195.4,-4.3,-1195.4
2022-09,Processed cheese block,Kg,0.0,0.0,0.0,0.0,2.5,1222.5,-2.5,-1222.5
2022-09,JIVO Pomace Olive Oil ,Ltr,0.0,0.0,0.0,0.0,4.0,1340.04,-4.0,-1340.04
2022-09,Dew 750ml Pet,Nos,0.0,0.0,0.0,0.0,40.0,1375.2,-40.0,-1375.2
2022-09,Lamp Pepperoni,Kg,0.0,0.0,0.0,0.0,1.5,1412.25,-1.5,-1412.25
2022-09,Pepsi 1250ml Pet,Nos,0.0,0.0,0.0,0.0,26.0,1505.92,-26.0,-1505.92
2022-09,Strawberry,Pkt,0.0,0.0,0.0,0.0,3.0,1506.0,-3.0,-1506.0
2022-09,Pepsi 750ml Pet,Nos,0.0,0.0,0.0,0.0,46.0,1581.48,-46.0,-1581.48
2022-09,Chocolate Ice-cream,Pkt,0.0,0.0,0.0,0.0,2.5,1598.75,-2.5,-1598.75
2022-09,7UP 750ml Pet,Nos,0.0,0.0,0.0,0.0,48.0,1650.24,-48.0,-1650.24
2022-09,Neo Red Paprika 3Kg,Nos,0.0,0.0,0.0,0.0,4.0,1680.0,-4.0,-1680.0
2022-09,Vanilla Ice-cream,Pkt,0.0,0.0,0.0,0.0,3.9,1704.3,-3.9,-1704.3
2022-09,7UP 1250ml Pet,Nos,0.0,0.0,0.0,0.0,36.0,2085.12,-36.0,-2085.12
2022-09,Butter Scotch Ice-cream,Pkt,0.0,0.0,0.0,0.0,3.5,2238.25,-3.5,-2238.25
2022-09,GO Colby Cheese Block 2kg,Kg,0.0,0.0,0.0,0.0,4.0,2440.0,-4.0,-2440.0
2022-09,Veeba Pasta & Pizza Sauce 1KG,Kg,0.0,0.0,0.0,0.0,14.0,2519.93,-14.0,-2519.93
2022-09,Dried Yeast,Kg,0.0,0.0,0.0,0.0,8.8,2921.6,-8.8,-2921.6
2022-09,AMUL Mozzarella Diced 1Kg,Kg,0.0,0.0,0.0,0.0,40.1,17202.9,-40.1,-17202.9
2022-10,AMUL Mozzarella Diced 1Kg,Kg,40.1,17202.9,96.0,42623.98,10.0,4590.0,126.1,55236.880000000005
2022-10,Bornless Chicken- pattambi,Kg,0.0,0.0,77.2,19277.99,1.5,390.0,75.5,18887.99
2022-10,Gas-LPG-IOCL,Nos,0.0,0.0,6.0,10200.0,0.0,0.0,6.0,10200.0
2022-10,Maida(Porotta 50kg),Nos,0.0,0.0,5.0,10050.0,0.0,0.0,5.0,10050.0
2022-10,G.Crown Mushroom Slice 800g,Nos,29.0,2697.0,72.0,6696.0,37.0,3441.0,64.0,5952.0
2022-10,Pizza Premix,Kg,12.7,2733.67,22.0,4735.5,7.4,1592.85,27.300000000000004,5876.32
2022-10,Petrol-IOCL,Ltr,0.0,0.0,54.96,5870.0,0.0,0.0,55.0,5870.0
2022-10,Medium Pizza Box,Nos,46.0,564.42,450.0,5521.5,23.0,282.21,473.0,5803.71
2022-10,Palm Oil,Pkt,0.0,0.0,60.0,6160.0,10.0,1080.0,50.0,5080.0
2022-10,Veeba Pasta & Pizza Sauce 1KG,Kg,14.0,2519.93,12.0,2159.94,0.0,0.0,26.0,4679.87
2022-10,Tomato-Veg,Kg,0.0,0.0,133.5,4337.0,0.0,0.0,134.0,4337.0
2022-10,Regular Pizza Box,Nos,76.0,748.6,400.0,3940.0,49.0,482.65,427.0,4205.950000000001
2022-10,BBQ Wings,Kg,0.0,0.0,9.0,4021.92,0.9,402.19,8.1,3619.73
2022-10,French Fries 6mm-ITC,Nos,0.0,0.0,10.0,3500.0,0.0,0.0,10.0,3500.0
2022-10,Mc Cain Potato Wedges 2.5kg,Nos,2.0,860.0,6.0,2580.0,0.0,0.0,8.0,3440.0
2022-10,Large Pizza Box,Nos,73.0,1076.75,250.0,3687.5,91.0,1342.25,232.0,3422.0
2022-10,Gas-LPG-HPCL,Nos,0.0,0.0,2.0,3400.0,0.0,0.0,2.0,3400.0
2022-10,Veeba Gouda Flavoured Dressing,Nos,5.0,1050.0,24.0,5040.0,14.0,2940.0,15.0,3150.0
2022-10,Onion-Veg,Kg,0.0,0.0,109.0,3083.0,0.0,0.0,109.0,3083.0
2022-10,Petrol-Nayara,Ltr,0.0,0.0,27.21,2910.0,0.0,0.0,27.0,2910.0
2022-10,Brownie,Kg,1.6,609.28,8.0,3046.4,2.5,952.0,7.1,2703.6800000000003
2022-10,DVC MOJITO MINT 750ML,Nos,2.0,874.0,4.0,1748.0,0.0,0.0,6.0,2622.0
2022-10,Vanilla Ice-cream,Pkt,3.9,1704.3,2.0,874.0,0.0,0.0,5.9,2578.3
2022-10,Butter,Kg,2.0,720.0,7.0,2660.0,2.5,950.0,6.5,2430.0
2022-10,Petrol-HPCL,Ltr,0.0,0.0,21.91,2335.0,0.0,0.0,22.0,2335.0
2022-10,Butter Scotch Ice-cream,Pkt,3.5,2238.25,0.0,0.0,0.0,0.0,3.5,2238.25
2022-10,Pepsi 250ml Pet,Case,0.0,0.0,4.0,2100.0,0.0,0.0,4.0,2100.0
2022-10,Capcicum-Veg,Kg,0.0,0.0,30.0,2094.0,0.0,0.0,30.0,2094.0
2022-10,7UP 1250ml Pet,Case,0.0,0.0,3.0,2085.12,0.0,0.0,3.0,2085.12
2022-10,Pepsi 1250ml Pet,Case,0.0,0.0,3.0,2085.12,0.0,0.0,3.0,2085.12
2022-10,Milkymist Cheese BLock 1KG,Nos,0.0,0.0,4.0,2049.0,0.0,0.0,4.0,2049.0
2022-10,Paneer,Kg,1.5,540.0,8.0,2040.0,2.0,540.0,7.5,2040.0
2022-10,TAJIR JALAPENO SLICES 2.5 KG,Nos,3.0,855.0,6.0,1710.0,2.0,570.0,7.0,1995.0
2022-10,BBQ Wings,Pkt,4.3,1921.58,0.0,0.0,0.0,0.0,4.3,1921.58
2022-10,OREGANO SACHET 0.8GM,Pkt,6.0,1260.0,6.0,1260.0,3.0,630.0,9.0,1890.0
2022-10,Sarwar Black Olive SLices 3.1KG,Nos,2.0,1260.0,6.0,3780.0,5.0,3150.0,3.0,1890.0
2022-10,French Fries 6mm-Hungritos,Nos,0.0,0.0,5.0,1800.0,0.0,0.0,5.0,1800.0
2022-10,Palm Oil - Refined Oil,Pkt,0.0,0.0,20.0,1790.0,0.0,0.0,20.0,1790.0
2022-10,Veeba Ketchup Sachet,Nos,1818.0,1454.4,1200.0,960.0,800.0,640.0,2218.0,1774.4
2022-10,Milk-Elanad-500ml,Pkt,0.0,0.0,70.0,1754.0,0.0,0.0,70.0,1754.0
2022-10,7UP 750ml Pet,Case,0.0,0.0,2.0,1650.22,0.0,0.0,2.0,1650.22
2022-10,Pepsi 750ml Pet,Case,0.0,0.0,2.0,1650.22,0.0,0.0,2.0,1650.22
2022-10,Chocolate Ice-cream,Pkt,2.5,1598.75,0.0,0.0,0.0,0.0,2.5,1598.75
2022-10,Papper carry bag small,Nos,140.0,1120.0,100.0,800.0,43.0,344.0,197.0,1576.0
2022-10,7up 250ml Pet,Case,0.0,0.0,3.0,1575.0,0.0,0.0,3.0,1575.0
2022-10,Veeba Eggless Mayonise Chef 1KG,Nos,11.0,1540.0,12.0,1680.0,12.0,1680.0,11.0,1540.0
2022-10,Strawberry,Pkt,3.0,1506.0,0.0,0.0,0.0,0.0,3.0,1506.0
2022-10,French Fries 6mm-Amul,Nos,0.0,0.0,5.0,1475.0,0.0,0.0,5.0,1475.0
2022-10,French Fries 9mm-Amul,Pkt,0.0,0.0,5.0,1475.0,0.0,0.0,5.0,1475.0
2022-10,GO-Monterey Jack Cheese-2kg,Nos,0.0,0.0,1.0,1220.01,0.0,0.0,1.0,1220.01
2022-10,Dried Yeast,Kg,8.8,2921.6,0.0,0.0,5.2,1726.4,3.6000000000000005,1195.1999999999998
2022-10,Dew 750ml Pet,Nos,40.0,1375.2,0.0,0.0,6.0,206.28,34.0,1168.92
2022-10,Oregano Sprinkler 500g,Nos,0.0,0.0,4.0,1160.0,0.0,0.0,4.0,1160.0
2022-10,Mini Burger Box,Nos,222.0,510.6,500.0,1150.0,226.0,519.8,496.0,1140.8
2022-10,GO Orange Cheddar Cheese 2kg,Nos,0.0,0.0,1.0,1133.0,0.0,0.0,1.0,1133.0
2022-10,Chicken-Staff,Kg,0.0,0.0,8.79,1103.02,0.0,0.0,9.0,1103.02
2022-10,7UP 750ml Pet,Nos,48.0,1650.24,0.0,0.0,17.0,584.46,31.0,1065.78
2022-10,Dew 250ml Pet,Case,0.0,0.0,2.0,1050.0,0.0,0.0,2.0,1050.0
2022-10,Zippy  B.Fast Sausage ,Nos,0.0,0.0,3.0,1035.03,0.0,0.0,3.0,1035.03
2022-10,Pasta Container Black,Nos,48.0,441.6,100.0,920.0,38.0,349.6,110.0,1011.9999999999999
2022-10,Papper carry bag medium,Nos,53.0,477.0,100.0,900.0,46.0,414.0,107.0,963.0
2022-10,CHILLY FLAKES SACHET 0.8GM,Nos,2.7,567.0,6.0,1260.0,4.13,866.59,4.569999999999999,960.41
2022-10,Puramate Pasta-Penne Rigatte 500g,Nos,0.0,0.0,14.0,952.0,0.0,0.0,14.0,952.0
2022-10,Pepsi 750ml Pet,Nos,46.0,1581.48,0.0,0.0,19.0,653.22,27.0,928.26
2022-10,Noor Jahan Rice 25kg,Nos,0.0,0.0,1.0,910.0,0.0,0.0,1.0,910.0
2022-10,Atta Loose,Kg,1.0,36.0,25.0,969.99,3.0,114.99,23.0,891.0
2022-10,Neo Red Paprika 3Kg,Nos,4.0,1680.0,0.0,0.0,2.0,840.0,2.0,840.0
2022-10,Tandoori Masala,Kg,2.4,846.72,2.0,705.6,2.1,740.88,2.3000000000000003,811.4400000000002
2022-10,Egg,Nos,6.0,36.0,146.0,773.6,2.0,12.0,150.0,797.6
2022-10,Lehar Soda,Case,0.0,0.0,2.0,790.08,0.0,0.0,2.0,790.08
2022-10,Sumeru Nuggets Premium 1Kg,Kg,4.3,1195.4,2.0,556.0,3.5,973.0,2.8,778.4000000000001
2022-10,Dew 250ml Can,Case,0.0,0.0,1.0,720.0,0.0,0.0,1.0,720.0
2022-10,Pepsi 250ml Can,Case,0.0,0.0,1.0,720.0,0.0,0.0,1.0,720.0
2022-10,Zippy Chicken Salami,Nos,0.0,0.0,2.0,708.0,0.0,0.0,2.0,708.0
2022-10,Paper Glass,Pkt,0.0,0.0,10.0,700.0,0.0,0.0,10.0,700.0
2022-10,Petrol,Ltr,0.0,0.0,6.08,650.0,0.0,0.0,6.0,650.0
2022-10,Rain Coat,Nos,0.0,0.0,1.0,650.0,0.0,0.0,1.0,650.0
2022-10,BBQ Mix Masala,Kg,3.3,1422.96,2.0,862.4,3.8,1638.56,1.5,646.8000000000002
2022-10,Veeba Makhani Gravy 1KG,Kg,3.0,631.68,0.0,0.0,0.0,0.0,3.0,631.68
2022-10,Moktails Glass,Nos,100.0,897.0,100.0,897.0,132.0,1184.04,68.0,609.96
2022-10,JIVO Pomace Olive Oil ,Ltr,4.0,1340.04,0.0,0.0,2.2,737.02,1.7999999999999998,603.02
2022-10,Flexi Cream Gold,Nos,2.0,390.0,4.0,780.0,3.0,585.0,3.0,585.0
2022-10,Herb Mix Masla,Nos,1.4,579.6,0.0,0.0,0.0,0.0,1.4,579.6
2022-10,Pepsi 250ml Pet,Nos,47.0,822.5,0.0,0.0,14.0,245.0,33.0,577.5
2022-10,Brocoli,Kg,0.0,0.0,2.05,574.0,0.0,0.0,2.0,574.0
2022-10,Puramate Pasta-Gomiti Rigate 500g,Nos,0.0,0.0,8.0,544.0,0.0,0.0,8.0,544.0
2022-10,DVC CHocolate Sauce 2 LTR,Ltr,3.1,1188.85,0.0,0.0,1.7,651.95,1.4000000000000001,536.8999999999999
2022-10,Slice Mango 250ml pet,Case,0.0,0.0,1.0,530.1,0.0,0.0,1.0,530.1
2022-10,Mirinda 250ml pet,Case,0.0,0.0,1.0,525.0,0.0,0.0,1.0,525.0
2022-10,TAJIR HABIT Pinaple Slice 50g,Nos,5.0,525.0,0.0,0.0,0.0,0.0,5.0,525.0
2022-10,Frozen Sweet Corn,Nos,0.0,0.0,5.0,515.0,0.0,0.0,5.0,515.0
2022-10,Lemon-Veg,Kg,0.0,0.0,7.5,493.0,0.0,0.0,8.0,493.0
2022-10,Veeba T. Ketchup 1.2KG,Nos,5.0,490.0,4.0,392.0,4.0,392.0,5.0,490.0
2022-10,7up 250ml Can,Nos,24.0,576.0,0.0,0.0,4.0,96.0,20.0,480.0
2022-10,Potato-Veg,Kg,0.0,0.0,13.0,478.0,0.0,0.0,13.0,478.0
2022-10,Red Yellow Capcicum,Kg,0.0,0.0,2.65,477.0,0.0,0.0,3.0,477.0
2022-10,Baby Corn Whole,Tin,4.0,448.0,0.0,0.0,0.0,0.0,4.0,448.0
2022-10,M Thuvara,Kg,0.15,18.75,4.88,605.06,1.5,178.47,3.6500000000000004,445.3399999999999
2022-10,Papper carry bag large,Nos,23.0,241.5,40.0,420.0,21.0,220.5,42.0,441.0
2022-10,DVC BLUE OCCEAN FLV SYRUP 750ML,Nos,3.0,1311.0,0.0,0.0,2.0,874.0,1.0,437.0
2022-10,DVC Green Apple 750 ML,Nos,2.0,874.0,2.0,874.0,3.0,1311.0,1.0,437.0
2022-10,DVC Passion Fruit 750ML,Nos,1.0,437.0,0.0,0.0,0.0,0.0,1.0,437.0
2022-10,Veeba Makhani Gravy 1KG,Nos,0.0,0.0,4.0,842.24,2.0,421.12,2.0,421.12
2022-10,Micro 16x20,Pkt,0.0,0.0,3.0,420.0,0.0,0.0,3.0,420.0
2022-10,Ponni Rice,Kg,0.0,0.0,10.0,420.0,0.0,0.0,10.0,420.0
2022-10,Salad Bowl 500ml,Nos,55.0,399.3,150.0,1089.0,150.0,1089.0,55.0,399.29999999999995
2022-10,Mirinda 750ml pet,Nos,25.0,859.5,0.0,0.0,14.0,481.32,11.0,378.18
2022-10,Pooja Items,Nos,0.0,0.0,4.0,375.0,0.0,0.0,4.0,375.0
2022-10,Piri Piri Marinade 1KG,Kg,1.8,801.0,0.0,0.0,1.0,445.0,0.8,356.0
2022-10,Paneer Tikka Butter Masala,Kg,0.0,0.0,3.0,1058.4,2.0,705.6,1.0,352.80000000000007
2022-10,French Fries 6mm,Pkt,1.0,350.0,0.0,0.0,0.0,0.0,1.0,350.0
2022-10,Aqua Fina Mineral Water 1Ltr,Case,0.0,0.0,2.0,335.98,0.0,0.0,2.0,335.98
2022-10,Tissue,Pkt,6.0,54.0,28.0,281.0,0.0,0.0,34.0,335.0
2022-10,Chilly Powder 1kg-Eastern,Kg,0.0,0.0,1.0,330.01,0.0,0.0,1.0,330.01
2022-10,Garlic Chilli Spread,Kg,2.0,324.0,3.0,486.0,3.0,486.0,2.0,324.0
2022-10,Mixed Herb Loose,Nos,0.0,0.0,1.0,302.4,0.0,0.0,1.0,302.4
2022-10,Puramate Pasta-Gomiti Rigate - macroni - 500g,Grams,2200.0,299.2,0.0,0.0,0.0,0.0,2200.0,299.2
2022-10,7up 250ml Pet,Nos,41.0,717.5,0.0,0.0,24.0,420.0,17.0,297.5
2022-10,Pooja Items,Pkt,0.0,0.0,1.0,294.0,0.0,0.0,1.0,294.0
2022-10,DVC Passion Fruit 750ML,Grams,500.0,291.33,0.0,0.0,0.0,0.0,500.0,291.33
2022-10,7UP 1250ml Pet,Nos,36.0,2085.12,0.0,0.0,31.0,1795.52,5.0,289.5999999999999
2022-10,Garlic-Veg,Kg,0.0,0.0,6.0,288.0,0.0,0.0,6.0,288.0
2022-10,egg,Nos,0.0,0.0,53.0,281.0,0.0,0.0,53.0,281.0
2022-10,French Fries 6mm,Kg,2.0,280.0,0.0,0.0,0.0,0.0,2.0,280.0
2022-10,Micro 20x26,Pkt,0.0,0.0,2.0,280.0,0.0,0.0,2.0,280.0
2022-10,Sumeru Nuggets Premium 1Kg,Nos,0.0,0.0,1.0,278.0,0.0,0.0,1.0,278.0
2022-10,Corn Meal - MAKKA RAVA,Pkt,0.0,0.0,3.0,270.0,0.0,0.0,3.0,270.0
2022-10,butter papper,Nos,0.0,0.0,75.0,262.5,0.0,0.0,75.0,262.5
2022-10,Chicken Kheema  Masala,Kg,0.0,0.0,0.5,325.5,0.1,65.1,0.9,260.4
2022-10,Frozen Sweet Corn,Kg,3.0,309.0,2.0,206.0,2.5,257.5,2.5,257.5
2022-10,Palm Oil - Refined Oil,Ltr,2.0,252.0,0.0,0.0,0.0,0.0,2.0,252.0
2022-10,Veeba Barbequesauce 1KG,Kg,1.7,251.96,0.0,0.0,0.0,0.0,1.7,251.96
2022-10,Pineapple-Veg,Kg,0.0,0.0,3.35,250.0,0.0,0.0,3.0,250.0
2022-10,Chicken-Whole-Staff,Kg,0.0,0.0,2.1,248.01,0.0,0.0,2.0,248.01
2022-10,Celotape-3/4inch-,Nos,0.0,0.0,10.0,230.0,0.0,0.0,10.0,230.0
2022-10,LED Bulb-Sturlite-10watt,Nos,0.0,0.0,2.0,220.0,0.0,0.0,2.0,220.0
2022-10,Green Chilly-Veg,Kg,0.0,0.0,4.0,205.0,0.0,0.0,4.0,205.0
2022-10,petrol,Ltr,0.0,0.0,1.87,200.52,0.0,0.0,2.0,200.52
2022-10,Plastic Cover 12X16,Nos,56.0,196.0,0.0,0.0,0.0,0.0,56.0,196.0
2022-10,sugar,Kg,0.0,0.0,5.0,195.0,0.0,0.0,5.0,195.0
2022-10,Dip Bowl,Nos,26.0,76.7,50.0,147.5,12.0,35.4,64.0,188.79999999999998
2022-10,Lamp Pepperoni,Kg,1.5,1412.25,0.0,0.0,1.3,1223.95,0.19999999999999996,188.29999999999995
2022-10,Ice cube,Pkt,3.0,270.0,0.0,0.0,2.0,90.0,1.0,180.0
2022-10,Micro 27x30,Pkt,0.0,0.0,1.0,180.0,0.0,0.0,1.0,180.0
2022-10,Wooden Spoon,Nos,227.0,177.06,0.0,0.0,0.0,0.0,227.0,177.06
2022-10,DVC MOJITO MINT 750ML,Grams,300.0,174.8,0.0,0.0,0.0,0.0,300.0,174.8
2022-10,Sting 250ml pet,Nos,0.0,0.0,12.0,210.0,2.0,35.0,10.0,175.0
2022-10,milk-Milma-525ml,Pkt,0.0,0.0,7.0,175.0,0.0,0.0,7.0,175.0
2022-10,plastic Cover-1kg,Pkt,0.0,0.0,1.0,170.0,0.0,0.0,1.0,170.0
2022-10,plastic cover 5kg,Kg,0.0,0.0,1.0,170.0,0.0,0.0,1.0,170.0
2022-10,Cashew nut,Kg,0.0,0.0,0.2,160.0,0.0,0.0,0.0,160.0
2022-10,Strawberry sause 750,Nos,1.0,160.0,0.0,0.0,0.0,0.0,1.0,160.0
2022-10,Cauli Flower-veg,Kg,0.0,0.0,3.6,156.0,0.0,0.0,4.0,156.0
2022-10,Mutton,Kg,0.0,0.0,0.25,150.0,0.0,0.0,0.0,150.0
2022-10,Tandoori Chicken Masala-Bakers,Pkt,0.0,0.0,3.0,225.0,1.0,75.0,2.0,150.0
2022-10,onion,Kg,0.0,0.0,5.0,150.0,0.0,0.0,5.0,150.0
2022-10,Tripod,Nos,0.0,0.0,100.0,148.0,0.0,0.0,100.0,148.0
2022-10,Jumbo Cover-Blue,Pkt,0.0,0.0,2.0,145.0,0.0,0.0,2.0,145.0
2022-10,Salad Bowl 250ml,Nos,69.0,406.41,100.0,589.0,145.0,854.05,24.0,141.36000000000013
2022-10,Micro 13x16,Pkt,0.0,0.0,1.0,140.0,0.0,0.0,1.0,140.0
2022-10,Plastic Cover 20X26,Pkt,0.0,0.0,1.0,140.0,0.0,0.0,1.0,140.0
2022-10,Puramate Pasta-Penne Rigatte 500g,Grams,3000.0,612.0,0.0,0.0,3500.0,476.0,-500.0,136.0
2022-10,Tomato,Kg,0.0,0.0,4.0,134.0,0.0,0.0,4.0,134.0
2022-10,Plastic Cover 26X30,Nos,17.0,133.04,0.0,0.0,0.0,0.0,17.0,133.04
2022-10,Plastic Cover 16X20,Pkt,0.0,0.0,1.0,130.0,0.0,0.0,1.0,130.0
2022-10,Bitter Guard-Veg,Kg,0.0,0.0,2.55,125.0,0.0,0.0,3.0,125.0
2022-10,AVT Premium Tea,Pkt,0.0,0.0,4.0,121.25,0.0,0.0,4.0,121.25
2022-10,Ice Berg,Kg,0.0,0.0,0.75,120.0,0.0,0.0,1.0,120.0
2022-10,Sugar-Loose,Kg,0.0,0.0,3.0,120.0,0.0,0.0,3.0,120.0
2022-10,Corn Meal - MAKKA RAVA,Nos,1.3,117.0,0.0,0.0,0.0,0.0,1.3,117.0
2022-10,Pepsi 1250ml Pet,Nos,26.0,1505.92,0.0,0.0,24.0,1390.08,2.0,115.84000000000015
2022-10,Baby Corn Whole-800GM-Tajir Habit,Tin,0.0,0.0,5.0,560.0,4.0,448.0,1.0,112.0
2022-10,Coriander Leaves-Veg,Kg,0.0,0.0,1.4,108.0,0.0,0.0,1.0,108.0
2022-10,Mint-Veg,Kg,0.0,0.0,1.4,106.0,0.0,0.0,1.0,106.0
2022-10,Slice Mango 250ml pet,Nos,27.0,477.09,0.0,0.0,21.0,371.07,6.0,106.01999999999998
2022-10,Wooden Fork-160mm,Pkt,0.0,0.0,1.0,105.0,0.0,0.0,1.0,105.0
2022-10,Milk-Elanad-500ml,Nos,0.0,0.0,4.0,100.0,0.0,0.0,4.0,100.0
2022-10,Wooden Spoon-160mm,Pkt,0.0,0.0,1.0,98.0,0.0,0.0,1.0,98.0
2022-10,Honey,Ltr,1.7,782.0,0.0,0.0,1.5,690.0,0.19999999999999996,92.0
2022-10,Chicken Masala-Eastern,Pkt,0.0,0.0,2.0,90.0,0.0,0.0,2.0,90.0
2022-10,Plastic Cover 16X20,Nos,32.0,89.6,0.0,0.0,0.0,0.0,32.0,89.6
2022-10,Carrot-Veg,Kg,0.0,0.0,1.5,86.0,0.0,0.0,2.0,86.0
2022-10,Straw,Nos,244.0,85.4,0.0,0.0,0.0,0.0,244.0,85.4
2022-10,cabbage-veg,Kg,0.0,0.0,3.0,82.0,0.0,0.0,3.0,82.0
2022-10,Curd-Sheethal-400g,Pkt,0.0,0.0,3.0,81.0,0.0,0.0,3.0,81.0
2022-10,Cash Voucher Book,Nos,0.0,0.0,4.0,80.0,0.0,0.0,4.0,80.0
2022-10,Jar Caplar,Nos,0.0,0.0,1.0,80.0,0.0,0.0,1.0,80.0
2022-10,Wooden Spoon-110mm,Pkt,0.0,0.0,1.0,78.0,0.0,0.0,1.0,78.0
2022-10,Tissue,Nos,0.0,0.0,15.0,165.0,8.0,88.0,7.0,77.0
2022-10,Duster,Nos,0.0,0.0,1.0,75.0,0.0,0.0,1.0,75.0
2022-10,Cotton-cloth,Nos,0.0,0.0,1.0,70.0,0.0,0.0,1.0,70.0
2022-10,Exo Dishwash cake,Nos,0.0,0.0,15.0,70.45,0.0,0.0,15.0,70.45
2022-10,Paper Straw,Pkt,0.0,0.0,2.0,70.0,0.0,0.0,2.0,70.0
2022-10,Cucumber-veg,Kg,0.0,0.0,1.8,68.0,0.0,0.0,2.0,68.0
2022-10,Chicken Kheema,Kg,0.25,64.75,0.0,0.0,0.0,0.0,0.25,64.75
2022-10,Curd-Elanad-500ml,Pkt,0.0,0.0,2.0,60.0,0.0,0.0,2.0,60.0
2022-10,Mittai-Milk-Amul,Tin,0.0,0.0,1.0,60.0,0.0,0.0,1.0,60.0
2022-10,colour,Tin,0.0,0.0,1.0,60.0,0.0,0.0,1.0,60.0
2022-10,Cherry,Kg,0.0,0.0,0.2,55.0,0.0,0.0,0.0,55.0
2022-10,Lime Pickle-500GRM-Rahath,Nos,0.0,0.0,1.0,55.0,0.0,0.0,1.0,55.0
2022-10,Brush-Small,Nos,0.0,0.0,1.0,50.0,0.0,0.0,1.0,50.0
2022-10,Milk,Pkt,2.0,50.0,0.0,0.0,0.0,0.0,2.0,50.0
2022-10,Milk-Milma,Pkt,0.0,0.0,2.0,46.0,0.0,0.0,2.0,46.0
2022-10,Chettinad Mix,Kg,0.35,174.65,0.25,162.75,0.45,292.95,-0.10000000000000003,44.44999999999999
2022-10,Zippy Chicken Salami,Kg,2.7,753.29,0.0,0.0,2.0,708.0,0.7000000000000002,45.289999999999964
2022-10,tissue,Pkt,0.0,0.0,5.0,45.0,0.0,0.0,5.0,45.0
2022-10,Agarbathi,Pkt,0.0,0.0,1.0,41.0,0.0,0.0,1.0,41.0
2022-10,Veeba T. Ketchup 1.2KG,Kg,0.5,40.83,0.0,0.0,0.0,0.0,0.5,40.83
2022-10,Dusting-cloth,Nos,0.0,0.0,1.0,40.0,0.0,0.0,1.0,40.0
2022-10,Ginger-Veg,Kg,0.0,0.0,0.8,40.0,0.0,0.0,1.0,40.0
2022-10,"Mix Veg, pickle-250g-tholur",Nos,0.0,0.0,1.0,39.99,0.0,0.0,1.0,39.99
2022-10,Spray-Gun,Nos,0.0,0.0,2.0,40.0,0.0,0.0,2.0,40.0
2022-10,parsely,Kg,0.0,0.0,0.2,40.0,0.0,0.0,0.0,40.0
2022-10,Parsely-Veg,Pkt,0.0,0.0,1.0,38.0,0.0,0.0,1.0,38.0
2022-10,Eveready Battery Small,Nos,0.0,0.0,2.0,36.0,0.0,0.0,2.0,36.0
2022-10,Mustard-Oil,Ltr,0.0,0.0,0.5,110.0,0.35,77.0,0.65,33.0
2022-10,Turmeric Powder,Grams,150.0,33.0,0.0,0.0,0.0,0.0,150.0,33.0
2022-10,Ice-cube,Pkt,0.0,0.0,1.0,30.0,0.0,0.0,1.0,30.0
2022-10,lemon,Kg,0.0,0.0,0.5,30.0,0.0,0.0,1.0,30.0
2022-10,pappaya-veg,Kg,0.0,0.0,2.0,30.0,0.0,0.0,2.0,30.0
2022-10,Chembu-veg,Kg,0.0,0.0,0.5,27.0,0.0,0.0,1.0,27.0
2022-10,Salt Powder,Pkt,0.0,0.0,2.0,26.0,0.0,0.0,2.0,26.0
2022-10,Garlic Paste,Kg,0.5,25.0,0.0,0.0,0.0,0.0,0.5,25.0
2022-10,Paper Plates,Nos,95.0,95.0,0.0,0.0,70.0,70.0,25.0,25.0
2022-10,Turmeric Powder-eastern,Pkt,0.0,0.0,1.0,22.0,0.0,0.0,1.0,22.0
2022-10,payyar-veg,Kg,0.0,0.0,0.5,22.0,0.0,0.0,1.0,22.0
2022-10,pen,Nos,0.0,0.0,4.0,22.0,0.0,0.0,4.0,22.0
2022-10,Plastic Cover 20X26,Nos,6.0,21.0,0.0,0.0,0.0,0.0,6.0,21.0
2022-10,Okra-Veg,Kg,0.0,0.0,0.5,20.0,0.0,0.0,1.0,20.0
2022-10,Turmeric Powder,Pkt,0.0,0.0,1.0,20.0,0.0,0.0,1.0,20.0
2022-10,kovakka-veg,Kg,0.0,0.0,0.5,20.0,0.0,0.0,1.0,20.0
2022-10,lighter,Nos,0.0,0.0,2.0,20.0,0.0,0.0,2.0,20.0
2022-10,Rava,Kg,0.0,0.0,0.25,13.0,0.0,0.0,0.0,13.0
2022-10,Salt Powder,Nos,0.0,0.0,1.0,13.0,0.0,0.0,1.0,13.0
2022-10,Exo Steel Wool,Nos,0.0,0.0,1.0,11.5,0.0,0.0,1.0,11.5
2022-10,Salt,Pkt,0.0,0.0,1.0,12.0,0.0,0.0,1.0,12.0
2022-10,Snakeguard-Veg,Kg,0.0,0.0,0.4,12.0,0.0,0.0,0.0,12.0
2022-10,Beans-veg,Kg,0.0,0.0,0.2,11.0,0.0,0.0,0.0,11.0
2022-10,Cheera-veg,Kg,0.0,0.0,0.5,10.0,0.0,0.0,1.0,10.0
2022-10,Green Peas,Kg,0.1,10.0,0.0,0.0,0.0,0.0,0.1,10.0
2022-10,brinjal-veg,Kg,0.0,0.0,0.3,10.0,0.0,0.0,0.0,10.0
2022-10,Black Grapes,Kg,0.3,54.0,0.0,0.0,0.25,45.0,0.04999999999999999,9.0
2022-10,Vineger,Ltr,0.8,33.6,0.0,0.0,0.6,25.2,0.20000000000000007,8.400000000000002
2022-10,Salt,Kg,0.2,2.6,0.0,0.0,0.0,0.0,0.2,2.6
2022-10,Butter Scotch Sauce 750ml,Grams,400.0,73.6,0.0,0.0,400.0,73.6,0.0,0.0
2022-10,Chilli Powder,Kg,1.0,330.0,0.0,0.0,1.0,330.0,0.0,0.0
2022-10,DVC PASSION FRUIT FLV SYRUP 750ML,Nos,0.0,0.0,2.0,874.0,2.0,874.0,0.0,0.0
2022-10,Eastern Coriander 1KG,Kg,1.0,235.01,0.0,0.0,1.0,235.01,0.0,0.0
2022-10,Herb Mix Masla,Kg,0.0,0.0,2.0,828.8,2.0,828.8,0.0,0.0
2022-10,Schezwan sauce,Nos,2.0,680.0,0.0,0.0,2.0,680.0,0.0,0.0
2022-10,Veeba Barbequesauce 1KG,Nos,0.0,0.0,4.0,664.0,4.0,664.0,0.0,0.0
2022-10,Veeba ThousandIsland Dressing 1KG,Nos,3.0,563.97,0.0,0.0,3.0,563.97,0.0,0.0
2022-10,Salt Powder,Kg,0.0,0.0,0.0,0.0,0.6,7.8,-0.6,-7.8
2022-10,Cashew nut,Grams,75.0,60.0,0.0,0.0,100.0,80.0,-25.0,-20.0
2022-10,Turmeric Powder,Kg,0.0,0.0,0.0,0.0,0.1,20.0,-0.1,-20.0
2022-10,Noor Jahan Rice 25kg,Kg,10.0,325.0,0.0,0.0,10.0,350.0,0.0,-25.0
2022-10,Paper Glass,Nos,73.0,73.0,0.0,0.0,155.0,108.5,-82.0,-35.5
2022-10,Aqua Fina Mineral Water 1Ltr,Nos,28.0,391.98,0.0,0.0,31.0,433.97,-3.0,-41.99000000000001
2022-10,Lehar Soda,Nos,49.0,806.54,0.0,0.0,52.0,855.92,-3.0,-49.379999999999995
2022-10,DVC BLUE OCCEAN FLV SYRUP 750ML,Grams,200.0,116.53,0.0,0.0,300.0,174.8,-100.0,-58.27000000000001
2022-10,Curd-Elanad-500ml,Ltr,0.0,0.0,0.0,0.0,1.0,60.0,-1.0,-60.0
2022-10,Paper Straw,Nos,0.0,0.0,0.0,0.0,175.0,61.25,-175.0,-61.25
2022-10,Micro 16x20,Nos,0.0,0.0,0.0,0.0,24.0,67.2,-24.0,-67.2
2022-10,Sugar,Kg,0.6,28.8,0.0,0.0,2.5,97.5,-1.9,-68.7
2022-10,Black pepper,Kg,0.0,0.0,0.0,0.0,0.2,100.0,-0.2,-100.0
2022-10,Milk-Elanad-500ml,Ltr,0.0,0.0,0.0,0.0,2.0,100.0,-2.0,-100.0
2022-10,Micro 27x30,Nos,0.0,0.0,0.0,0.0,14.0,105.0,-14.0,-105.0
2022-10,Mexican Masala,Kg,1.7,637.84,6.0,2251.2,8.0,3001.6,-0.2999999999999998,-112.55999999999995
2022-10,Wooden Spoon-110mm,Nos,0.0,0.0,0.0,0.0,150.0,117.0,-150.0,-117.0
2022-10,Micro 20x26,Nos,0.0,0.0,0.0,0.0,26.0,121.33,-26.0,-121.33
2022-10,Micro 13x16,Nos,0.0,0.0,0.0,0.0,38.0,133.0,-38.0,-133.0
2022-10,Garlic Bread Box,Nos,46.0,404.34,100.0,879.0,165.0,1450.35,-19.0,-167.01
2022-10,Corn Meal - MAKKA RAVA,Kg,0.0,0.0,0.0,0.0,2.0,180.0,-2.0,-180.0
2022-10,bred premix,Kg,0.0,0.0,0.0,0.0,1.0,189.0,-1.0,-189.0
2022-10,Strawberry sause 750,Grams,0.0,0.0,0.0,0.0,900.0,192.0,-900.0,-192.0
2022-10,French Fries 6mm-Hungritos,Kg,0.0,0.0,0.0,0.0,1.4,201.6,-1.4,-201.6
2022-10,Mirinda 250ml pet,Nos,11.0,192.5,0.0,0.0,24.0,420.0,-13.0,-227.5
2022-10,Vanilla Ice-cream,Kg,0.0,0.0,0.0,0.0,1.2,238.36,-1.2,-238.36
2022-10,chilli flakes,Pkt,0.0,0.0,0.0,0.0,6.0,264.0,-6.0,-264.0
2022-10,Wooden Fork-160mm,Nos,0.0,0.0,0.0,0.0,260.0,273.0,-260.0,-273.0
2022-10,Pepsi 250ml Can,Nos,8.0,240.0,0.0,0.0,18.0,540.0,-10.0,-300.0
2022-10,Pineapple slice-Tajir Habit-500g,Pkt,0.0,0.0,0.0,0.0,3.0,315.0,-3.0,-315.0
2022-10,Butter Scotch Ice-cream,Kg,0.0,0.0,0.0,0.0,1.2,348.82,-1.2,-348.82
2022-10,Puramate Basil 250g Pouch,Grams,0.0,0.0,0.0,0.0,500.0,390.0,-500.0,-390.0
2022-10,Puramate Pasta-Gomiti Rigate - macroni - 500g,Nos,0.0,0.0,0.0,0.0,6.0,408.0,-6.0,-408.0
2022-10,Dew 250ml Pet,Nos,12.0,210.0,0.0,0.0,38.0,665.0,-26.0,-455.0
2022-10,Dew 250ml Can,Nos,7.0,210.0,0.0,0.0,23.0,690.0,-16.0,-480.0
2022-10,Chocolate Ice-cream,Kg,0.0,0.0,0.0,0.0,1.7,494.16,-1.7,-494.16
2022-10,Pizza sauce premix,Kg,0.0,0.0,0.0,0.0,1.8,510.3,-1.8,-510.3
2022-10,Mixed Herb Loose,Grams,0.0,0.0,0.0,0.0,600.0,576.0,-600.0,-576.0
2022-10,Strawberry-Ice cream,Kg,0.0,0.0,0.0,0.0,2.8,638.91,-2.8,-638.91
2022-10,Veeba Pasta & Pizza Sauce 1KG,Nos,0.0,0.0,12.0,2160.0,16.0,2880.0,-4.0,-720.0
2022-10,GO Colby Cheese Block 2kg,Kg,4.0,2440.0,0.0,0.0,5.2,3172.0,-1.2000000000000002,-732.0
2022-10,Processed cheese block,Kg,2.5,1222.5,0.0,0.0,4.0,1956.0,-1.5,-733.5
2022-10,Zippy  B.Fast Sausage ,Kg,0.0,0.0,0.0,0.0,2.3,793.52,-2.3,-793.52
2022-10,GO-Monterey Jack Cheese-2kg,Kg,0.0,0.0,0.0,0.0,1.8,1098.01,-1.8,-1098.01
2022-10,DVC Mint Flavoured Syrup 750 ml,Nos,0.0,0.0,0.0,0.0,4.0,1748.0,-4.0,-1748.0
2022-10,Mc Cain Potato Wedges 2.5kg,Kg,0.0,0.0,0.0,0.0,11.5,1978.0,-11.5,-1978.0
2022-10,Oregano Sprinkler 500g,Grams,0.0,0.0,0.0,0.0,4000.0,2320.0,-4000.0,-2320.0
2022-10,Maida(Porotta 50kg),Kg,0.0,0.0,0.0,0.0,70.0,2814.0,-70.0,-2814.0
2022-11,AMUL Mozzarella Diced 1Kg,Kg,10.0,4590.0,108.0,49571.95,42.5,19507.48,75.5,34654.47
2022-11,Bornless Chicken- pattambi,Kg,1.5,390.0,60.5,14965.0,7.7,1878.8,54.8,13476.2
2022-11,Gas-LPG-IOCL,Nos,0.0,0.0,6.0,10300.0,0.0,0.0,6.0,10300.0
2022-11,Maida(Porotta 50kg),Pkt,0.0,0.0,4.0,8200.0,0.0,0.0,4.0,8200.0
2022-11,French Fries 6mm-Hungritos,Nos,0.0,0.0,20.0,7200.0,0.0,0.0,20.0,7200.0
2022-11,Palm Oil - Refined Oil,Pkt,0.0,0.0,60.0,6155.0,0.0,0.0,60.0,6155.0
2022-11,Maida(Porotta 50kg),Nos,0.0,0.0,3.0,6030.0,0.0,0.0,3.0,6030.0
2022-11,Petrol-IOCL,Ltr,0.0,0.0,40.75,4349.99,0.0,0.0,41.0,4349.99
2022-11,Medium Pizza Box,Nos,23.0,282.21,400.0,4908.0,101.0,1239.27,322.0,3950.94
2022-11,Pizza Premix,Kg,7.4,1592.85,16.0,3444.0,5.5,1183.87,17.9,3852.9800000000005
2022-11,French Fries 9mm-Hungritos,Pkt,0.0,0.0,10.0,3600.0,0.0,0.0,10.0,3600.0
2022-11,Gas-LPG-HPCL,Nos,0.0,0.0,2.0,3560.0,0.0,0.0,2.0,3560.0
2022-11,G.Crown Mushroom Slice 800g,Nos,37.0,3441.0,0.0,0.0,0.0,0.0,37.0,3441.0
2022-11,Veeba Pasta & Pizza Sauce 1KG,Nos,16.0,2880.0,12.0,2160.0,9.0,1620.0,19.0,3420.0
2022-11,Regular Pizza Box,Nos,49.0,482.65,350.0,3270.5,39.0,338.13,360.0,3415.02
2022-11,AMUL Mozzarella Cheese Block 1Kg,Pkt,0.0,0.0,10.0,3300.0,0.0,0.0,10.0,3300.0
2022-11,GO Colby Cheese Block 2kg,Kg,5.2,3172.0,0.0,0.0,0.0,0.0,5.2,3172.0
2022-11,Veeba Gouda Flavoured Dressing,Nos,14.0,2940.0,5.0,1050.0,5.0,1050.0,14.0,2940.0
2022-11,BBQ Wings,Kg,0.9,402.19,10.0,4468.8,4.5,2010.96,6.4,2860.0299999999997
2022-11,Petrol-HPCL,Ltr,0.0,0.0,25.71,2740.11,0.0,0.0,26.0,2740.11
2022-11,Onion-Veg,Kg,0.0,0.0,83.0,2667.0,0.0,0.0,83.0,2667.0
2022-11,Pepsi 250ml Pet,Case,0.0,0.0,5.0,2625.0,0.0,0.0,5.0,2625.0
2022-11,Tandoori Masala,Kg,2.1,740.88,5.0,1876.0,0.0,0.0,7.1,2616.88
2022-11,7UP 750ml Pet,Case,0.0,0.0,3.0,2475.33,0.0,0.0,3.0,2475.33
2022-11,Pepsi 750ml Pet,Case,0.0,0.0,3.0,2475.33,0.0,0.0,3.0,2475.33
2022-11,Brownie,Kg,2.5,952.0,5.0,1904.0,1.5,571.2,6.0,2284.8
2022-11,7up 250ml Pet,Case,0.0,0.0,4.0,2100.0,0.0,0.0,4.0,2100.0
2022-11,Tomato-Veg,Kg,0.0,0.0,123.0,2029.0,0.0,0.0,123.0,2029.0
2022-11,Petrol-Nayara,Ltr,0.0,0.0,18.71,2000.0,0.0,0.0,19.0,2000.0
2022-11,Milk-Elanad-500ml,Pkt,0.0,0.0,73.0,1825.0,0.0,0.0,73.0,1825.0
2022-11,Veeba Eggless Mayonise Chef 1KG,Nos,12.0,1680.0,12.0,1680.0,11.0,1540.0,13.0,1820.0
2022-11,CHILLY FLAKES SACHET 0.8GM,Nos,4.13,866.59,4.0,840.0,0.0,0.0,8.129999999999999,1706.5900000000001
2022-11,Dew 750ml Pet,Case,0.0,0.0,2.0,1650.22,0.0,0.0,2.0,1650.22
2022-11,Processed cheese block,Kg,4.0,1956.0,0.0,0.0,0.8,391.2,3.2,1564.8
2022-11,Capcicum-Veg,Kg,0.0,0.0,21.0,1532.4,0.0,0.0,21.0,1532.4
2022-11,Veeba Ketchup Sachet,Nos,800.0,640.0,2400.0,1920.0,1457.0,1165.6,1743.0,1394.4
2022-11,7UP 1250ml Pet,Case,0.0,0.0,2.0,1390.08,0.0,0.0,2.0,1390.08
2022-11,Pepsi 1250ml Pet,Case,0.0,0.0,2.0,1390.08,0.0,0.0,2.0,1390.08
2022-11,G.Crown Mushroom Slice 800g,Pkt,0.0,0.0,24.0,2352.0,10.0,980.0,14.0,1372.0
2022-11,OREGANO SACHET 0.8GM,Pkt,3.0,630.0,8.0,1720.0,4.55,1001.0,6.45,1349.0
2022-11,DVC PASSION FRUIT FLV SYRUP 750ML,Nos,2.0,874.0,1.0,466.01,0.0,0.0,3.0,1340.01
2022-11,Neo Red Paprika 3Kg,Nos,2.0,840.0,1.0,420.0,0.0,0.0,3.0,1260.0
2022-11,Sarwar Black Olive SLices 3.1KG,Nos,5.0,3150.0,0.0,0.0,3.0,1890.0,2.0,1260.0
2022-11,Butter,Kg,2.5,950.0,3.0,1140.0,2.3,874.0,3.2,1216.0
2022-11,Large Pizza Box,Nos,91.0,1342.25,50.0,737.5,61.0,899.75,80.0,1180.0
2022-11,Flexi Cream Gold,Nos,3.0,585.0,5.0,975.0,2.0,390.0,6.0,1170.0
2022-11,TAJIR JALAPENO SLICES 2.5 KG,Nos,2.0,570.0,6.0,1710.0,4.0,1140.0,4.0,1140.0
2022-11,Moktails Glass,Nos,132.0,1184.04,100.0,897.0,106.0,950.82,126.0,1130.2199999999998
2022-11,Herb Mix Masla,Kg,2.0,828.8,5.0,2184.0,4.4,1921.92,2.5999999999999996,1090.88
2022-11,Slice Mango 250ml pet,Case,0.0,0.0,2.0,1060.2,0.0,0.0,2.0,1060.2
2022-11,Pasta Container Black,Nos,38.0,349.6,100.0,920.0,24.0,220.8,114.0,1048.8
2022-11,Puramate Pasta-Penne Rigatte 500g,Nos,0.0,0.0,14.0,952.0,0.0,0.0,14.0,952.0
2022-11,Dried Yeast,Kg,5.2,1726.4,0.0,0.0,2.4,796.8,2.8000000000000003,929.6000000000001
2022-11,Frozen Sweet Corn,Nos,0.0,0.0,9.0,927.0,0.0,0.0,9.0,927.0
2022-11,Papper carry bag medium,Nos,46.0,414.0,100.0,975.0,49.0,477.75,97.0,911.25
2022-11,Egg,Nos,2.0,12.0,149.0,907.0,4.0,24.0,147.0,895.0
2022-11,Mexican Masala,Kg,8.0,3001.6,10.0,3976.0,15.3,6083.28,2.6999999999999993,894.3200000000006
2022-11,Vanilla Ice-cream,Pkt,0.0,0.0,2.0,874.0,0.0,0.0,2.0,874.0
2022-11,Atta Loose,Kg,3.0,114.99,19.0,770.0,0.5,19.16,21.5,865.83
2022-11,Pizza Sauce Premix,Kg,0.0,0.0,3.0,850.5,0.0,0.0,3.0,850.5
2022-11,Chicken-Whole-Staff,Kg,0.0,0.0,6.5,818.0,0.0,0.0,7.0,818.0
2022-11,DVC Mint Flavoured Syrup 750 ml,Nos,4.0,1748.0,1.0,466.01,3.0,1398.03,2.0,815.9800000000002
2022-11,Zippy  B.Fast Sausage ,Kg,2.3,793.52,0.0,0.0,0.0,0.0,2.3,793.52
2022-11,Veeba T. Ketchup 1.2KG,Nos,4.0,392.0,4.0,392.0,0.0,0.0,8.0,784.0
2022-11,Paneer,Kg,2.0,540.0,5.0,1350.0,4.1,1107.0,2.9000000000000004,783.0
2022-11,French Fries Box,Nos,0.0,0.0,200.0,1004.0,48.0,240.96,152.0,763.04
2022-11,W/L Mouse Glid Pro,Nos,0.0,0.0,1.0,750.0,0.0,0.0,1.0,750.0
2022-11,Tripod,Pkt,0.0,0.0,1.0,737.5,0.0,0.0,1.0,737.5
2022-11,JIVO Pomace Olive Oil ,Ltr,2.2,737.02,0.0,0.0,0.0,0.0,2.2,737.02
2022-11,Red yellow capsicum,Kg,0.0,0.0,3.85,731.5,0.0,0.0,4.0,731.5
2022-11,7up 250ml Can,Case,0.0,0.0,1.0,720.0,0.0,0.0,1.0,720.0
2022-11,Paneer Tikka Butter Masala,Kg,2.0,705.6,0.0,0.0,0.0,0.0,2.0,705.6
2022-11,Veeba Barbequesauce 1KG,Nos,4.0,664.0,0.0,0.0,0.0,0.0,4.0,664.0
2022-11,Brocoli,Kg,0.0,0.0,3.0,645.0,0.0,0.0,3.0,645.0
2022-11,DVC BLUE OCCEAN FLV SYRUP 750ML,Nos,2.0,874.0,1.0,466.01,1.5,699.02,1.5,640.99
2022-11,Butter Scotch Ice-cream,Pkt,0.0,0.0,1.0,639.5,0.0,0.0,1.0,639.5
2022-11,7UP 1250ml Pet,Nos,31.0,1795.52,0.0,0.0,20.0,1158.4,11.0,637.1199999999999
2022-11,Veeba Makhani Gravy 1KG,Nos,2.0,421.12,3.0,631.68,2.0,421.12,3.0,631.68
2022-11,DVC Green Apple 750 ML,Nos,3.0,1311.0,1.0,466.01,2.5,1165.02,1.5,611.99
2022-11,Sumeru Nuggets Premium 1Kg,Pkt,0.0,0.0,2.0,596.0,0.0,0.0,2.0,596.0
2022-11,Rice-ponni,Kg,0.0,0.0,17.0,593.0,0.0,0.0,17.0,593.0
2022-11,Petrol-BPCL,Ltr,0.0,0.0,5.29,565.0,0.0,0.0,5.0,565.0
2022-11,Pepsi 250ml Can,Nos,18.0,540.0,0.0,0.0,0.0,0.0,18.0,540.0
2022-11,DVC CHocolate Sauce 2 LTR,Ltr,1.7,651.95,0.0,0.0,0.3,115.05,1.4,536.9000000000001
2022-11,Dew 250ml Pet,Case,0.0,0.0,1.0,525.0,0.0,0.0,1.0,525.0
2022-11,M Thuvara,Kg,1.5,178.47,4.0,465.0,1.0,118.98,4.5,524.49
2022-11,Oregano Sprinkler 500g,Grams,4000.0,2320.0,0.0,0.0,3100.0,1798.0,900.0,522.0
2022-11,Mini Burger Box,Nos,226.0,519.8,0.0,0.0,0.0,0.0,226.0,519.8
2022-11,Mc Cain Potato Wedges 2.5kg,Kg,11.5,1978.0,0.0,0.0,8.5,1462.0,3.0,516.0
2022-11,Salad Bowl 500ml,Nos,150.0,1089.0,50.0,363.0,130.0,943.8,70.0,508.20000000000005
2022-11,Potato-Veg,Kg,0.0,0.0,14.0,502.0,0.0,0.0,14.0,502.0
2022-11,Paper Glass,Pkt,0.0,0.0,7.0,490.0,0.0,0.0,7.0,490.0
2022-11,BBQ Mix Masala,Kg,3.8,1638.56,3.0,1327.2,5.6,2477.44,1.2000000000000002,488.32000000000016
2022-11,Dew 250ml Pet,Nos,38.0,665.0,0.0,0.0,13.0,227.5,25.0,437.5
2022-11,Micro 16x20,Pkt,0.0,0.0,4.0,430.0,0.0,0.0,4.0,430.0
2022-11,Lehar Soda,Case,0.0,0.0,1.0,395.04,0.0,0.0,1.0,395.04
2022-11,Dew 250ml Can,Nos,23.0,690.0,0.0,0.0,10.0,300.0,13.0,390.0
2022-11,Garlic-Veg,Kg,0.0,0.0,8.0,384.0,0.0,0.0,8.0,384.0
2022-11,butter,Kg,0.0,0.0,1.0,380.0,0.0,0.0,1.0,380.0
2022-11,Mirinda 750ml pet,Nos,14.0,481.32,0.0,0.0,3.0,103.14,11.0,378.18
2022-11,Lamp Pepperoni,Kg,1.3,1223.95,0.0,0.0,0.9,847.35,0.4,376.6
2022-11,Noor Jahan Rice 25kg,Kg,10.0,350.0,0.0,0.0,0.0,0.0,10.0,350.0
2022-11,Sting 250ml pet,Nos,2.0,35.0,24.0,420.0,6.0,105.0,20.0,350.0
2022-11,Lemon-Veg,Kg,0.0,0.0,7.0,337.0,0.0,0.0,7.0,337.0
2022-11,Baby Corn Whole-800GM-Tajir Habit,Tin,4.0,448.0,0.0,0.0,1.0,112.0,3.0,336.0
2022-11,Chilli Powder,Kg,1.0,330.0,0.0,0.0,0.0,0.0,1.0,330.0
2022-11,Gas Tube,Nos,0.0,0.0,1.0,320.0,0.0,0.0,1.0,320.0
2022-11,Mirinda 250ml pet,Nos,24.0,420.0,0.0,0.0,6.0,105.0,18.0,315.0
2022-11,Pineapple slice-Tajir Habit-500g,Pkt,3.0,315.0,0.0,0.0,0.0,0.0,3.0,315.0
2022-11,Papper carry bag small,Nos,43.0,344.0,100.0,850.0,106.0,901.0,37.0,293.0
2022-11,Papper carry bag large,Nos,21.0,220.5,35.0,402.5,29.0,333.5,27.0,289.5
2022-11,Zippy Chicken Salami,Kg,2.0,708.0,0.0,0.0,1.5,418.5,0.5,289.5
2022-11,Zippy  B.Fast Sausage ,Pkt,0.0,0.0,1.0,285.0,0.0,0.0,1.0,285.0
2022-11,Micro 20x26,Pkt,0.0,0.0,2.0,280.0,0.0,0.0,2.0,280.0
2022-11,Zippy Chicken Salami,Pkt,0.0,0.0,1.0,279.0,0.0,0.0,1.0,279.0
2022-11,Sumeru Nuggets Premium 1Kg,Nos,0.0,0.0,1.0,278.0,0.0,0.0,1.0,278.0
2022-11,Puramate Pasta-Gomiti Rigate - macroni - 500g,Nos,6.0,408.0,4.0,272.0,6.0,408.0,4.0,272.0
2022-11,Mutton,Kg,0.0,0.0,0.45,270.0,0.0,0.0,0.0,270.0
2022-11,chilli flakes,Pkt,6.0,264.0,0.0,0.0,0.0,0.0,6.0,264.0
2022-11,Chocolate Ice-cream,Kg,1.7,494.16,0.0,0.0,0.8,232.55,0.8999999999999999,261.61
2022-11,Sugar,Kg,2.5,97.5,4.0,156.0,0.0,0.0,6.5,253.5
2022-11,Red Yellow Capcicum,Kg,0.0,0.0,1.0,240.0,0.0,0.0,1.0,240.0
2022-11,Eastern Coriander 1KG,Kg,1.0,235.01,0.0,0.0,0.0,0.0,1.0,235.01
2022-11,Floor Cleaning Liquid Soad,Nos,0.0,0.0,1.0,230.0,0.0,0.0,1.0,230.0
2022-11,Piri Piri Marinade 1KG,Kg,1.0,445.0,0.0,0.0,0.5,222.5,0.5,222.5
2022-11,Tissue,Nos,8.0,88.0,16.0,176.0,4.0,44.0,20.0,220.0
2022-11,Tandoori Chicken Masala-Bakers,Pkt,1.0,75.0,2.0,138.0,0.0,0.0,3.0,213.0
2022-11,Rice-Ponni,Kg,0.0,0.0,6.0,206.0,0.0,0.0,6.0,206.0
2022-11,French Fries 6mm-Hungritos,Kg,1.4,201.6,0.0,0.0,0.0,0.0,1.4,201.6
2022-11,Salad Bowl 250ml,Nos,145.0,854.05,50.0,294.5,161.0,948.29,34.0,200.26
2022-11,bred premix,Kg,1.0,189.0,0.0,0.0,0.0,0.0,1.0,189.0
2022-11,bucket-Plastic,Nos,0.0,0.0,1.0,185.0,0.0,0.0,1.0,185.0
2022-11,Corn Meal - MAKKA RAVA,Pkt,0.0,0.0,2.0,180.0,0.0,0.0,2.0,180.0
2022-11,Micro 27x30,Pkt,0.0,0.0,1.0,180.0,0.0,0.0,1.0,180.0
2022-11,DVC BLUE OCCEAN FLV SYRUP 750ML,Grams,300.0,174.8,0.0,0.0,0.0,0.0,300.0,174.8
2022-11,Pineapple-Veg,Kg,0.0,0.0,2.85,171.0,0.0,0.0,3.0,171.0
2022-11,Aqua Fina Mineral Water 1Ltr,Case,0.0,0.0,1.0,167.99,0.0,0.0,1.0,167.99
2022-11,egg,Nos,0.0,0.0,28.0,168.0,0.0,0.0,28.0,168.0
2022-11,Chettinad Mix,Kg,0.45,292.95,0.0,0.0,0.2,130.2,0.25,162.75
2022-11,Green Chilly-Veg,Kg,0.0,0.0,3.5,163.0,0.0,0.0,4.0,163.0
2022-11,Garlic Chilli Spread,Kg,3.0,486.0,3.0,486.0,5.0,810.0,1.0,162.0
2022-11,Palm Oil,Pkt,10.0,1080.0,0.0,0.0,9.0,918.0,1.0,162.0
2022-11,Parsely-Veg,Kg,0.0,0.0,0.7,152.0,0.0,0.0,1.0,152.0
2022-11,Cauli Flower-veg,Kg,0.0,0.0,3.75,145.0,0.0,0.0,4.0,145.0
2022-11,Dip Bowl,Nos,12.0,35.4,50.0,147.5,14.0,41.3,48.0,141.60000000000002
2022-11,Micro 13x16,Pkt,0.0,0.0,1.0,140.0,0.0,0.0,1.0,140.0
2022-11,Vanilla Ice-cream,Kg,1.2,238.36,0.0,0.0,0.5,99.32,0.7,139.04000000000002
2022-11,Wooden Fork-160mm,Nos,260.0,273.0,0.0,0.0,130.0,136.5,130.0,136.5
2022-11,Coriander Powder-loose,Kg,0.0,0.0,0.85,135.0,0.0,0.0,1.0,135.0
2022-11,Plastic Cover 16X20,Pkt,0.0,0.0,1.0,130.0,0.0,0.0,1.0,130.0
2022-11,Frozen Sweet Corn,Pkt,0.0,0.0,1.0,128.0,0.0,0.0,1.0,128.0
2022-11,Mug-Steel,Nos,0.0,0.0,3.0,126.0,0.0,0.0,3.0,126.0
2022-11,Curd-Elanad-500ml,Pkt,0.0,0.0,4.0,120.0,0.0,0.0,4.0,120.0
2022-11,Ice cube,Pkt,2.0,90.0,1.0,30.0,0.0,0.0,3.0,120.0
2022-11,Ponni Rice,Kg,0.0,0.0,5.0,180.0,1.5,63.0,3.5,117.0
2022-11,Strawberry-Ice cream,Kg,2.8,638.91,0.0,0.0,2.3,524.82,0.5,114.08999999999992
2022-11,Tissue,Pkt,0.0,0.0,11.0,110.0,0.0,0.0,11.0,110.0
2022-11,Mustard-Oil,Nos,0.0,0.0,1.0,105.0,0.0,0.0,1.0,105.0
2022-11,Wooden Fork-160mm,Pkt,0.0,0.0,1.0,105.0,0.0,0.0,1.0,105.0
2022-11,butter papper,Nos,0.0,0.0,50.0,175.0,20.0,70.0,30.0,105.0
2022-11,Carrot-Veg,Kg,0.0,0.0,2.0,101.0,0.0,0.0,2.0,101.0
2022-11,Black pepper,Kg,0.2,100.0,0.0,0.0,0.0,0.0,0.2,100.0
2022-11,Coriander Leaves-Veg,Kg,0.0,0.0,1.3,100.0,0.0,0.0,1.0,100.0
2022-11,Milk-Elanad-500ml,Ltr,2.0,100.0,0.0,0.0,0.0,0.0,2.0,100.0
2022-11,Rat Trap,Nos,0.0,0.0,1.0,100.0,0.0,0.0,1.0,100.0
2022-11,Mixed Herb Loose,Grams,600.0,576.0,0.0,0.0,500.0,480.0,100.0,96.0
2022-11,Bitter Guard-Veg,Kg,0.0,0.0,2.0,88.0,0.0,0.0,2.0,88.0
2022-11,Mint-Veg,Kg,0.0,0.0,1.1,86.0,0.0,0.0,1.0,86.0
2022-11,Cashew nut,Kg,0.0,0.0,0.2,165.0,0.1,80.0,-0.1,85.0
2022-11,Curd-Sheethal-400g,Pkt,0.0,0.0,3.0,81.0,0.0,0.0,3.0,81.0
2022-11,Cashew nut,Grams,100.0,80.0,0.0,0.0,0.0,0.0,100.0,80.0
2022-11,Catering Cap,Pkt,0.0,0.0,1.0,80.0,0.0,0.0,1.0,80.0
2022-11,Wooden Spoon-140mm,Pkt,0.0,0.0,1.0,78.0,0.0,0.0,1.0,78.0
2022-11,Cheera-veg,Kg,0.0,0.0,1.7,68.0,0.0,0.0,2.0,68.0
2022-11,Pad Lock,Nos,0.0,0.0,1.0,65.0,0.0,0.0,1.0,65.0
2022-11,Exo Steel Wool,Nos,0.0,0.0,11.0,64.0,0.0,0.0,11.0,64.0
2022-11,AVT Premium Tea,Pkt,0.0,0.0,2.0,61.0,0.0,0.0,2.0,61.0
2022-11,GO-Monterey Jack Cheese-2kg,Kg,1.8,1098.01,0.0,0.0,1.7,1037.01,0.10000000000000009,61.0
2022-11,Cash Voucher Book,Nos,0.0,0.0,3.0,60.0,0.0,0.0,3.0,60.0
2022-11,Curd-Elanad-500ml,Ltr,1.0,60.0,0.0,0.0,0.0,0.0,1.0,60.0
2022-11,pappaya-veg,Kg,0.0,0.0,1.9,57.0,0.0,0.0,2.0,57.0
2022-11,Agarbathi,Pkt,0.0,0.0,2.0,55.0,0.0,0.0,2.0,55.0
2022-11,Mop Cotton,Nos,0.0,0.0,1.0,55.0,0.0,0.0,1.0,55.0
2022-11,Atta-Tasty-pkt-1kg,Nos,0.0,0.0,1.0,53.0,0.0,0.0,1.0,53.0
2022-11,Turmeric Powder,Kg,0.1,20.0,0.6,87.0,0.3,60.0,0.8,47.0
2022-11,Honey,Ltr,1.5,690.0,0.0,0.0,1.4,644.0,0.10000000000000009,46.0
2022-11,Milk-Milma,Pkt,0.0,0.0,2.0,46.0,0.0,0.0,2.0,46.0
2022-11,cabbage-veg,Kg,0.0,0.0,1.95,46.0,0.0,0.0,2.0,46.0
2022-11,kovakka-veg,Kg,0.0,0.0,1.0,44.0,0.0,0.0,1.0,44.0
2022-11,Chicken Masala-Eastern,Pkt,0.0,0.0,1.0,42.0,0.0,0.0,1.0,42.0
2022-11,Salt Powder,Pkt,0.0,0.0,4.0,42.0,0.0,0.0,4.0,42.0
2022-11,Paper Straw,Nos,175.0,61.25,0.0,0.0,60.0,21.0,115.0,40.25
2022-11,Tea Loose,Kg,0.0,0.0,0.2,40.0,0.0,0.0,0.0,40.0
2022-11,Cucumber-veg,Kg,0.0,0.0,1.25,39.0,0.0,0.0,1.0,39.0
2022-11,Butter Scotch Sauce 750ml,Grams,400.0,73.6,0.0,0.0,200.0,36.8,200.0,36.8
2022-11,UrumbPodi-Fenval,Nos,0.0,0.0,1.0,35.0,0.0,0.0,1.0,35.0
2022-11,Ginger-Veg,Kg,0.0,0.0,0.6,32.0,0.0,0.0,1.0,32.0
2022-11,Soya loose,Kg,0.0,0.0,0.25,32.0,0.0,0.0,0.0,32.0
2022-11,payyar-veg,Kg,0.0,0.0,0.8,32.0,0.0,0.0,1.0,32.0
2022-11,Note Book,Nos,0.0,0.0,1.0,30.0,0.0,0.0,1.0,30.0
2022-11,Tea Kannan Devan,Pkt,0.0,0.0,1.0,30.0,0.0,0.0,1.0,30.0
2022-11,diya wicks,Pkt,0.0,0.0,1.0,30.0,0.0,0.0,1.0,30.0
2022-11,Chicken-Masala-quality,Pkt,0.0,0.0,1.0,28.0,0.0,0.0,1.0,28.0
2022-11,Black Grapes,Kg,0.25,45.0,0.1,18.0,0.2,36.0,0.04999999999999999,27.0
2022-11,Cherry,Kg,0.0,0.0,0.2,55.0,0.1,30.0,-0.1,25.0
2022-11,milk-Milma-525ml,Pkt,0.0,0.0,2.0,50.0,1.0,25.0,1.0,25.0
2022-11,Staff Attendence Register,Nos,0.0,0.0,1.0,24.0,0.0,0.0,1.0,24.0
2022-11,pen,Nos,0.0,0.0,4.0,22.0,0.0,0.0,4.0,22.0
2022-11,M Seal,Pkt,0.0,0.0,1.0,20.0,0.0,0.0,1.0,20.0
2022-11,Turmeric Powder,Pkt,0.0,0.0,1.0,20.0,0.0,0.0,1.0,20.0
2022-11,Lehar Soda,Nos,52.0,855.92,0.0,0.0,51.0,839.46,1.0,16.459999999999923
2022-11,Aqua Fina Mineral Water 1Ltr,Nos,31.0,433.97,0.0,0.0,30.0,419.98,1.0,13.990000000000009
2022-11,Paper Plates,Nos,70.0,70.0,0.0,0.0,58.0,58.0,12.0,12.0
2022-11,Beans-veg,Kg,0.0,0.0,0.2,10.0,0.0,0.0,0.0,10.0
2022-11,Stapler Pin,Nos,0.0,0.0,1.0,10.0,0.0,0.0,1.0,10.0
2022-11,Salt Powder,Kg,0.6,7.8,0.0,0.0,0.0,0.0,0.6,7.8
2022-11,Exo Dishwash cake,Nos,0.0,0.0,10.0,45.0,8.0,38.4,2.0,6.600000000000001
2022-11,Vineger,Ltr,0.6,25.2,0.0,0.0,0.5,21.0,0.09999999999999998,4.199999999999999
2022-11,Mustard-Oil,Ltr,0.35,77.0,0.0,0.0,0.35,77.0,0.0,0.0
2022-11,Puramate Basil 250g Pouch,Grams,500.0,390.0,0.0,0.0,500.0,390.0,0.0,0.0
2022-11,Schezwan sauce,Nos,2.0,680.0,0.0,0.0,2.0,680.0,0.0,0.0
2022-11,Strawberry sause 750,Grams,900.0,192.0,0.0,0.0,900.0,192.0,0.0,0.0
2022-11,Veeba ThousandIsland Dressing 1KG,Nos,3.0,563.97,0.0,0.0,3.0,563.97,0.0,0.0
2022-11,Paper Glass,Nos,155.0,108.5,0.0,0.0,162.0,113.4,-7.0,-4.900000000000006
2022-11,Salt,Kg,0.0,0.0,0.0,0.0,0.6,7.2,-0.6,-7.2
2022-11,Corn Meal - MAKKA RAVA,Kg,2.0,180.0,0.0,0.0,2.15,193.5,-0.1499999999999999,-13.5
2022-11,Micro 20x26,Nos,26.0,121.33,0.0,0.0,31.0,144.67,-5.0,-23.33999999999999
2022-11,Micro 13x16,Nos,38.0,133.0,0.0,0.0,45.0,157.5,-7.0,-24.5
2022-11,Chicken Kheema  Masala,Kg,0.1,65.1,0.0,0.0,0.15,97.65,-0.04999999999999999,-32.55000000000001
2022-11,Chicken Masala-Eastern,Kg,0.0,0.0,0.0,0.0,0.1,45.0,-0.1,-45.0
2022-11,Ice-cube,Pkt,0.0,0.0,0.0,0.0,1.5,45.0,-1.5,-45.0
2022-11,Wooden Spoon-110mm,Nos,150.0,117.0,0.0,0.0,210.0,163.8,-60.0,-46.80000000000001
2022-11,Puramate Pasta-Penne Rigatte 500g,Grams,3500.0,476.0,0.0,0.0,4000.0,544.0,-500.0,-68.0
2022-11,Sugar-Loose,Kg,0.0,0.0,0.0,0.0,1.7,68.0,-1.7,-68.0
2022-11,plastic cover 5kg,Kg,0.0,0.0,0.0,0.0,0.4,68.0,-0.4,-68.0
2022-11,Jumbo Cover-Blue,Pkt,0.0,0.0,0.0,0.0,1.0,70.0,-1.0,-70.0
2022-11,Micro 16x20,Nos,24.0,67.2,0.0,0.0,49.0,137.2,-25.0,-69.99999999999999
2022-11,Sumeru Nuggets Premium 1Kg,Kg,3.5,973.0,0.0,0.0,3.5,1042.99,0.0,-69.99000000000001
2022-11,Micro 27x30,Nos,14.0,105.0,0.0,0.0,24.0,180.0,-10.0,-75.0
2022-11,Pepsi 750ml Pet,Nos,19.0,653.22,0.0,0.0,22.0,756.36,-3.0,-103.13999999999999
2022-11,Butter Scotch Ice-cream,Kg,1.2,348.82,0.0,0.0,1.6,465.09,-0.40000000000000013,-116.26999999999998
2022-11,Wooden Spoon-160mm,Nos,0.0,0.0,0.0,0.0,126.0,123.48,-126.0,-123.48
2022-11,Pepsi 250ml Pet,Nos,14.0,245.0,0.0,0.0,25.0,437.5,-11.0,-192.5
2022-11,JIVO Pomace Olive Oil ,Nos,0.0,0.0,2.0,670.02,2.6,871.03,-0.6000000000000001,-201.01
2022-11,Veeba T. Ketchup 1.2KG,Kg,0.0,0.0,0.0,0.0,3.5,285.83,-3.5,-285.83
2022-11,Schezwan sauce,Kg,0.0,0.0,0.0,0.0,0.9,306.0,-0.9,-306.0
2022-11,7up 250ml Can,Nos,4.0,96.0,0.0,0.0,17.0,408.0,-13.0,-312.0
2022-11,Frozen Sweet Corn,Kg,2.5,257.5,0.0,0.0,6.0,618.0,-3.5,-360.5
2022-11,Slice Mango 250ml pet,Nos,21.0,371.07,0.0,0.0,42.0,742.14,-21.0,-371.07
2022-11,Chicken Kheema,Kg,0.0,0.0,0.0,0.0,1.5,388.5,-1.5,-388.5
2022-11,Pepsi 1250ml Pet,Nos,24.0,1390.08,0.0,0.0,31.0,1795.52,-7.0,-405.44000000000005
2022-11,7UP 750ml Pet,Nos,17.0,584.46,0.0,0.0,29.0,997.02,-12.0,-412.55999999999995
2022-11,7up 250ml Pet,Nos,24.0,420.0,0.0,0.0,51.0,892.5,-27.0,-472.5
2022-11,Neo Red Paprika 3Kg,Kg,0.0,0.0,0.0,0.0,3.7,518.0,-3.7,-518.0
2022-11,Veeba Barbequesauce 1KG,Kg,0.0,0.0,0.0,0.0,3.5,518.74,-3.5,-518.74
2022-11,CHILLY FLAKES SACHET 0.8GM,Pkt,0.0,0.0,2.0,440.0,4.6,1012.0,-2.5999999999999996,-572.0
2022-11,plastic Cover-1kg,Pkt,0.0,0.0,1.0,170.0,5.0,850.0,-4.0,-680.0
2022-11,SALAMI,Kg,0.0,0.0,0.0,0.0,2.5,697.51,-2.5,-697.51
2022-11,DVC Passion Fruit 750ML,Nos,0.0,0.0,0.0,0.0,1.6,699.2,-1.6,-699.2
2022-11,Dew 750ml Pet,Nos,6.0,206.28,0.0,0.0,31.0,1065.78,-25.0,-859.5
2022-11,Veeba Gouda Flavoured Dressing,Kg,0.0,0.0,0.0,0.0,4.5,945.0,-4.5,-945.0
2022-11,French Fries 6mm-ITC,Nos,0.0,0.0,0.0,0.0,3.0,1050.0,-3.0,-1050.0
2022-11,Tripod,Nos,0.0,0.0,0.0,0.0,750.0,1106.25,-750.0,-1106.25
2022-11,Garlic Bread Box,Nos,165.0,1450.35,50.0,439.5,376.0,3305.04,-161.0,-1415.19
2022-11,Chicken Sausage,Kg,0.0,0.0,0.0,0.0,4.2,1449.0,-4.2,-1449.0
2022-11,Tandoori mix Masala,Kg,0.0,0.0,0.0,0.0,5.1,1913.52,-5.1,-1913.52
2022-11,Pizza sauce premix,Kg,1.8,510.3,0.0,0.0,9.0,2551.5,-7.2,-2041.2
2022-11,GO Orange Cheddar Cheese 2kg,Kg,0.0,0.0,0.0,0.0,4.3,2435.95,-4.3,-2435.95
2022-11,Maida(Porotta 50kg),Kg,70.0,2814.0,0.0,0.0,190.0,7790.0,-120.0,-4976.0
2022-12,AMUL Mozzarella Diced 1Kg,Kg,42.5,19507.48,72.0,33047.96,32.6,14963.39,81.9,37592.05
2022-12,French Fries 6mm-ITC,Pkt,0.0,0.0,36.0,12960.0,0.0,0.0,36.0,12960.0
2022-12,Bornless Chicken- Adakkaputhur,Kg,0.0,0.0,53.15,13773.88,9.6,2572.8,43.4,11201.079999999998
2022-12,Maida(Porotta 50kg),Kg,190.0,7790.0,0.0,0.0,8.0,328.0,182.0,7462.0
2022-12,Gas-LPG-HPCL,Nos,0.0,0.0,4.0,7120.0,0.0,0.0,4.0,7120.0
2022-12,Medium Pizza Box,Nos,101.0,1239.27,450.0,5521.5,54.0,662.58,497.0,6098.1900000000005
2022-12,Gas-LPG-IOCL,Nos,0.0,0.0,3.0,5340.0,0.0,0.0,3.0,5340.0
2022-12,Palm Oil - Refined Oil,Pkt,0.0,0.0,60.0,5795.0,5.0,490.0,55.0,5305.0
2022-12,G.Crown Mushroom Slice 800g,Pkt,10.0,980.0,72.0,7056.0,28.0,2744.0,54.0,5292.0
2022-12,Pizza Premix,Kg,5.5,1183.87,30.0,6457.5,15.4,3314.85,20.1,4326.52
2022-12,Regular Pizza Box,Nos,39.0,338.13,500.0,4335.0,105.0,910.35,434.0,3762.78
2022-12,Petrol-IOCL,Ltr,0.0,0.0,34.83,3720.12,0.0,0.0,35.0,3720.12
2022-12,Petrol-HPCL,Ltr,0.0,0.0,33.94,3620.15,0.0,0.0,34.0,3620.15
2022-12,7UP 750ml Pet,Case,0.0,0.0,4.0,3300.44,0.0,0.0,4.0,3300.44
2022-12,Veeba Pasta & Pizza Sauce 1KG,Nos,9.0,1620.0,24.0,4320.0,16.0,2880.0,17.0,3060.0
2022-12,Milkymist Cheese BLock 1KG,Pkt,0.0,0.0,5.0,2750.0,0.0,0.0,5.0,2750.0
2022-12,Petrol-Nayara,Ltr,0.0,0.0,25.25,2700.0,0.0,0.0,25.0,2700.0
2022-12,Pepsi 250ml Pet,Case,0.0,0.0,5.0,2625.0,0.0,0.0,5.0,2625.0
2022-12,Tomato-Veg,Kg,0.0,0.0,128.0,2504.0,0.0,0.0,128.0,2504.0
2022-12,Pepsi 750ml Pet,Case,0.0,0.0,3.0,2475.33,0.0,0.0,3.0,2475.33
2022-12,Garlic Bread Box,Nos,376.0,3305.04,0.0,0.0,98.0,861.42,278.0,2443.62
2022-12,Pizza sauce premix,Kg,9.0,2551.5,1.0,283.5,2.0,567.0,8.0,2268.0
2022-12,Paneer,Kg,4.1,1107.0,6.0,1620.0,1.85,499.5,8.25,2227.5
2022-12,Brownie,Kg,1.5,571.2,10.0,3808.0,5.7,2170.56,5.8,2208.64
2022-12,Onion-Veg,Kg,0.0,0.0,86.0,2160.99,0.0,0.0,86.0,2160.99
2022-12,butter,Kg,0.0,0.0,9.0,3420.0,3.5,1330.0,5.5,2090.0
2022-12,7UP 1250ml Pet,Case,0.0,0.0,3.0,2085.12,0.0,0.0,3.0,2085.12
2022-12,Maida(Porotta 50kg),Pkt,0.0,0.0,4.0,8200.0,3.0,6150.0,1.0,2050.0
2022-12,Bornless Chicken- pattambi,Kg,7.7,1878.8,0.0,0.0,0.0,0.0,7.7,1878.8
2022-12,Oregano Sprinkler 500g,Grams,3100.0,1798.0,0.0,0.0,0.0,0.0,3100.0,1798.0
2022-12,Mexican Masala,Kg,15.3,6083.28,5.0,1988.0,15.9,6321.84,4.4,1749.4399999999996
2022-12,AMUL Mozzarella Cheese Block 1Kg,Kg,0.0,0.0,5.0,1650.0,0.0,0.0,5.0,1650.0
2022-12,Large Pizza Box,Nos,61.0,899.75,200.0,2950.0,150.0,2212.5,111.0,1637.25
2022-12,Capcicum-Veg,Kg,0.0,0.0,24.0,1593.0,0.0,0.0,24.0,1593.0
2022-12,7up 250ml Pet,Case,0.0,0.0,3.0,1575.0,0.0,0.0,3.0,1575.0
2022-12,Pepsi 250ml Can,Case,0.0,0.0,2.0,1440.0,0.0,0.0,2.0,1440.0
2022-12,CHILLY FLAKES SACHET 0.8GM,Pkt,4.6,1012.0,4.0,831.6,2.0,415.8,6.6,1427.8
2022-12,OREGANO SACHET 0.8GM,Pkt,4.55,1001.0,4.0,831.6,2.0,415.8,6.550000000000001,1416.8
2022-12,DVC Mint Flavoured Syrup 750 ml,Nos,3.0,1398.03,3.0,1398.03,3.0,1398.03,3.0,1398.03
2022-12,Vanilla Ice-cream,Pkt,0.0,0.0,4.0,1962.0,1.1,598.4,2.9,1363.6
2022-12,Sumeru Nuggets Premium 1Kg,Pkt,0.0,0.0,4.0,1335.04,0.0,0.0,4.0,1335.04
2022-12,Chicken-Whole-Staff,Kg,0.0,0.0,10.0,1322.99,0.0,0.0,10.0,1322.99
2022-12,Mc Cain Potato Wedges 2.5kg,Kg,8.5,1462.0,0.0,0.0,1.0,192.64,7.5,1269.3600000000001
2022-12,Oregano Sprinkler 500g,Nos,0.0,0.0,4.0,1218.0,0.0,0.0,4.0,1218.0
2022-12,Neo-Black Sliced Olives-3kg,Nos,0.0,0.0,2.0,1196.0,0.0,0.0,2.0,1196.0
2022-12,GO Orange Cheddar Cheese 2kg,Kg,4.3,2435.95,0.0,0.0,2.2,1246.3,2.0999999999999996,1189.6499999999999
2022-12,Milk-Sheethal-450ml,Pkt,0.0,0.0,53.0,1329.0,6.0,150.0,47.0,1179.0
2022-12,TAJIR JALAPENO SLICES 2.5 KG,Nos,4.0,1140.0,0.0,0.0,0.0,0.0,4.0,1140.0
2022-12,BBQ Wings,Kg,4.5,2010.96,5.0,2234.4,7.0,3128.16,2.5,1117.2000000000007
2022-12,Veeba Ketchup Sachet,Pkt,0.0,0.0,12.0,1075.2,0.0,0.0,12.0,1075.2
2022-12,Malas Chocolate Sauce 5 ltr,Pkt,0.0,0.0,1.0,1060.01,0.0,0.0,1.0,1060.01
2022-12,Dew 250ml Pet,Case,0.0,0.0,2.0,1050.0,0.0,0.0,2.0,1050.0
2022-12,French Fries 6mm-ITC,Nos,3.0,1050.0,0.0,0.0,0.0,0.0,3.0,1050.0
2022-12,plastic Cover-1kg,Pkt,5.0,850.0,1.0,160.0,0.0,0.0,6.0,1010.0
2022-12,Puramate Pasta-Gomiti Rigate - macroni - 500g,Nos,6.0,408.0,8.0,544.0,0.0,0.0,14.0,952.0
2022-12,Veeba Gouda Flavoured Dressing,Kg,4.5,945.0,0.0,0.0,0.0,0.0,4.5,945.0
2022-12,Egg,Nos,4.0,24.0,146.0,905.0,0.0,0.0,150.0,929.0
2022-12,Palm Oil,Pkt,9.0,918.0,0.0,0.0,0.0,0.0,9.0,918.0
2022-12,Atta Loose,Kg,0.5,19.16,24.0,996.0,3.0,126.0,21.5,889.16
2022-12,Ponni Rice-Bag,Nos,0.0,0.0,1.0,884.0,0.0,0.0,1.0,884.0
2022-12,Butter,Kg,2.3,874.0,0.0,0.0,0.0,0.0,2.3,874.0
2022-12,French Fries Box,Nos,48.0,240.96,350.0,1757.0,228.0,1144.56,170.0,853.4000000000001
2022-12,Veeba Eggless Mayonise Chef 1KG,Nos,11.0,1540.0,12.0,1680.0,17.0,2380.0,6.0,840.0
2022-12,Veeba Gouda Flavoured Dressing,Nos,5.0,1050.0,12.0,2520.0,13.0,2730.0,4.0,840.0
2022-12,Moktails Glass,Nos,106.0,950.82,0.0,0.0,13.0,116.61,93.0,834.21
2022-12,Pasta Container Black,Nos,24.0,220.8,200.0,1840.0,134.0,1232.8,90.0,828.0000000000002
2022-12,Dew 750ml Pet,Case,0.0,0.0,1.0,825.11,0.0,0.0,1.0,825.11
2022-12,Tandoori mix Masala,Kg,5.1,1913.52,5.0,1876.0,7.95,2982.84,2.1499999999999995,806.6799999999998
2022-12,Papper carry bag medium,Nos,49.0,477.75,100.0,975.0,67.0,653.25,82.0,799.5
2022-12,Dried Yeast,Kg,2.4,796.8,0.0,0.0,0.0,0.0,2.4,796.8
2022-12,Double Cream-Rich-1kg,Pkt,0.0,0.0,4.0,784.0,0.0,0.0,4.0,784.0
2022-12,Milk-Elanad-500ml,Pkt,0.0,0.0,28.0,730.0,0.0,0.0,28.0,730.0
2022-12,Dew 250ml Can,Case,0.0,0.0,1.0,720.0,0.0,0.0,1.0,720.0
2022-12,DVC Green Apple 750 ML,Nos,2.5,1165.02,2.0,932.02,3.0,1398.03,1.5,699.01
2022-12,DVC Passion Fruit 750ML,Nos,1.6,699.2,0.0,0.0,0.0,0.0,1.6,699.2
2022-12,SALAMI,Kg,2.5,697.51,0.0,0.0,0.0,0.0,2.5,697.51
2022-12,Pepsi 1250ml Pet,Case,0.0,0.0,1.0,695.04,0.0,0.0,1.0,695.04
2022-12,Potato-Veg,Kg,0.0,0.0,19.0,660.0,0.0,0.0,19.0,660.0
2022-12,Papper carry bag small,Nos,106.0,901.0,100.0,850.0,130.0,1105.0,76.0,646.0
2022-12,Rice-ponni,Kg,0.0,0.0,18.0,628.0,0.0,0.0,18.0,628.0
2022-12,Baby Corn Whole-Fresh,Kg,0.0,0.0,1.4,624.0,0.0,0.0,1.0,624.0
2022-12,Veeba Ketchup Sachet,Nos,1457.0,1165.6,0.0,0.0,621.0,556.42,836.0,609.18
2022-12,Puramate Pasta-Penne Rigatte 500g,Grams,4000.0,544.0,0.0,0.0,0.0,0.0,4000.0,544.0
2022-12,JIVO Pomace Olive Oil ,Nos,2.6,871.03,2.0,670.02,3.0,1005.03,1.5999999999999996,536.02
2022-12,Slice Mango 250ml pet,Case,0.0,0.0,1.0,530.1,0.0,0.0,1.0,530.1
2022-12,Pepsi 1250ml Pet,Nos,31.0,1795.52,0.0,0.0,22.0,1274.24,9.0,521.28
2022-12,Veeba Barbequesauce 1KG,Kg,3.5,518.74,0.0,0.0,0.0,0.0,3.5,518.74
2022-12,Neo Red Paprika 3Kg,Kg,3.7,518.0,0.0,0.0,0.0,0.0,3.7,518.0
2022-12,Mirinda 750ml pet,Nos,3.0,103.14,12.0,412.56,0.0,0.0,15.0,515.7
2022-12,Frozen Sweet Corn,Pkt,0.0,0.0,5.0,515.0,0.0,0.0,5.0,515.0
2022-12,Red Yellow Capcicum,Kg,0.0,0.0,2.08,511.8,0.0,0.0,2.0,511.8
2022-12,chicken kheema-Adakkaputhur,Kg,0.0,0.0,2.25,502.0,0.0,0.0,2.0,502.0
2022-12,Paper Glass,Pkt,0.0,0.0,7.0,490.0,0.0,0.0,7.0,490.0
2022-12,Red yellow capsicum,Kg,0.0,0.0,2.5,490.0,0.0,0.0,3.0,490.0
2022-12,Dried Yeast,Pkt,0.0,0.0,12.0,2039.88,9.2,1563.91,2.8000000000000007,475.97
2022-12,LED Star,Nos,0.0,0.0,1.0,448.0,0.0,0.0,1.0,448.0
2022-12,Lemon-Veg,Kg,0.0,0.0,10.0,439.0,0.0,0.0,10.0,439.0
2022-12,Papper carry bag large,Nos,29.0,333.5,50.0,575.0,41.0,471.5,38.0,437.0
2022-12,Veeba Makhani Gravy 1KG,Nos,2.0,421.12,3.0,631.68,3.0,631.68,2.0,421.12
2022-12,Brocoli,Kg,0.0,0.0,1.85,416.5,0.0,0.0,2.0,416.5
2022-12,Salad Bowl 500ml,Nos,130.0,943.8,150.0,1089.0,223.0,1618.98,57.0,413.81999999999994
2022-12,BBQ Mix Masala,Kg,5.6,2477.44,3.0,1327.2,7.7,3406.48,0.8999999999999995,398.1600000000003
2022-12,butter papper,Nos,20.0,70.0,103.0,360.5,10.0,35.0,113.0,395.5
2022-12,Lehar Soda,Case,0.0,0.0,1.0,395.04,0.0,0.0,1.0,395.04
2022-12,Flexi Cream Gold,Nos,2.0,390.0,0.0,0.0,0.0,0.0,2.0,390.0
2022-12,Chicken Kheema,Kg,1.5,388.5,0.0,0.0,0.0,0.0,1.5,388.5
2022-12,Baby Corn Whole-Fresh,Pkt,0.0,0.0,5.0,380.0,0.0,0.0,5.0,380.0
2022-12,Lamp Pepperoni,Kg,0.9,847.35,0.5,470.75,1.0,941.5,0.8999999999999999,376.5999999999999
2022-12,Aluminium Uruli,Nos,0.0,0.0,1.0,375.0,0.0,0.0,1.0,375.0
2022-12,Salad Bowl 250ml,Nos,161.0,948.29,100.0,589.0,198.0,1166.22,63.0,371.06999999999994
2022-12,Tropicana Guava Delight,Nos,0.0,0.0,36.0,636.12,16.0,282.72,20.0,353.4
2022-12,Schezwan sauce,Nos,2.0,680.0,0.0,0.0,1.0,340.0,1.0,340.0
2022-12,Aqua Fina Mineral Water 1Ltr,Case,0.0,0.0,2.0,335.98,0.0,0.0,2.0,335.98
2022-12,Garlic Chilli Spread,Kg,5.0,810.0,0.0,0.0,3.0,486.0,2.0,324.0
2022-12,Micro 20x26,Pkt,0.0,0.0,3.0,420.0,0.75,105.0,2.25,315.0
2022-12,Schezwan sauce,Kg,0.9,306.0,0.0,0.0,0.0,0.0,0.9,306.0
2022-12,Cashew nut,Kg,0.1,80.0,0.3,260.0,0.05,40.0,0.05,300.0
2022-12,Mirinda 250ml pet,Nos,6.0,105.0,30.0,525.0,19.0,332.5,17.0,297.5
2022-12,Veeba T. Ketchup 1.2KG,Kg,3.5,285.83,0.0,0.0,0.0,0.0,3.5,285.83
2022-12,Masoor-Red,Kg,0.0,0.0,3.0,285.0,0.0,0.0,3.0,285.0
2022-12,Tripod,Nos,750.0,1106.25,0.0,0.0,560.0,826.0,190.0,280.25
2022-12,Chicken Sausage,Kg,4.2,1449.0,0.0,0.0,3.4,1173.0,0.8000000000000003,276.0
2022-12,Corn Meal - MAKKA RAVA,Pkt,0.0,0.0,3.0,270.0,0.0,0.0,3.0,270.0
2022-12,Dishwash-Liquid,Nos,0.0,0.0,1.0,250.0,0.0,0.0,1.0,250.0
2022-12,Toilet cleaner-Acid,Nos,0.0,0.0,1.0,250.0,0.0,0.0,1.0,250.0
2022-12,Cauli Flower-veg,Kg,0.0,0.0,6.3,249.0,0.0,0.0,6.0,249.0
2022-12,7up 250ml Can,Nos,17.0,408.0,0.0,0.0,7.0,168.0,10.0,240.0
2022-12,M Thuvara,Kg,1.0,118.98,2.0,235.0,1.0,120.0,2.0,233.98000000000002
2022-12,Dip Bowl,Nos,14.0,41.3,200.0,590.0,135.0,398.25,79.0,233.04999999999995
2022-12,Piri Piri Marinade 1KG,Kg,0.5,222.5,1.0,445.0,1.0,445.0,0.5,222.5
2022-12,Coriander Powder-loose,Kg,0.0,0.0,1.5,255.0,0.25,45.0,1.75,210.0
2022-12,Curd-Sheethal-400g,Pkt,0.0,0.0,7.0,210.0,0.0,0.0,7.0,210.0
2022-12,Dew 750ml Pet,Nos,31.0,1065.78,0.0,0.0,25.0,859.5,6.0,206.27999999999997
2022-12,Frozen Sweet Corn,Kg,6.0,618.0,0.0,0.0,4.0,412.0,2.0,206.0
2022-12,Pineapple-Veg,Kg,0.0,0.0,3.6,193.0,0.0,0.0,4.0,193.0
2022-12,Micro 27x30,Nos,24.0,180.0,0.0,0.0,0.0,0.0,24.0,180.0
2022-12,Tissue-Energy-Big,Pkt,0.0,0.0,10.0,180.0,0.0,0.0,10.0,180.0
2022-12,Garlic-Veg,Kg,0.0,0.0,4.0,178.0,0.0,0.0,4.0,178.0
2022-12,Herb Mix Masla,Kg,4.4,1921.92,2.0,873.6,6.0,2620.8,0.40000000000000036,174.7199999999998
2022-12,Catering Cap,Pkt,0.0,0.0,2.0,160.0,0.0,0.0,2.0,160.0
2022-12,decoration-Mala,Nos,0.0,0.0,6.0,160.0,0.0,0.0,6.0,160.0
2022-12,plastic Colour Cover,Pkt,0.0,0.0,1.0,160.0,0.0,0.0,1.0,160.0
2022-12,Slice Mango 250ml pet,Nos,42.0,742.14,0.0,0.0,33.0,583.11,9.0,159.02999999999997
2022-12,Micro 13x16,Nos,45.0,157.5,0.0,0.0,0.0,0.0,45.0,157.5
2022-12,Sting 250ml pet,Nos,6.0,105.0,15.0,262.5,12.0,210.0,9.0,157.5
2022-12,Green Chilly-Veg,Kg,0.0,0.0,3.0,157.0,0.0,0.0,3.0,157.0
2022-12,Electric Wire,Nos,0.0,0.0,2.0,155.0,0.0,0.0,2.0,155.0
2022-12,Mutton,Kg,0.0,0.0,0.25,150.0,0.0,0.0,0.0,150.0
2022-12,HABIT JALAPENO SLICES 2.9 KG,Nos,0.0,0.0,6.0,1774.08,5.5,1626.24,0.5,147.83999999999992
2022-12,Micro 20x26,Nos,31.0,144.67,0.0,0.0,0.0,0.0,31.0,144.67
2022-12,Micro 13x16,Pkt,0.0,0.0,2.0,280.0,1.0,140.0,1.0,140.0
2022-12,Micro 16x20,Nos,49.0,137.2,0.0,0.0,0.0,0.0,49.0,137.2
2022-12,Puramate Pasta-Penne Rigatte 500g,Nos,0.0,0.0,10.0,680.0,8.0,544.0,2.0,136.0
2022-12,Parsely-Veg,Kg,0.0,0.0,0.54,133.2,0.0,0.0,1.0,133.2
2022-12,Ponni Rice,Kg,1.5,63.0,2.0,68.0,0.0,0.0,3.5,131.0
2022-12,Nallenna-500ml-Pavan,Nos,0.0,0.0,1.0,130.0,0.0,0.0,1.0,130.0
2022-12,Plastic Cover 16X20,Pkt,0.0,0.0,1.0,130.0,0.0,0.0,1.0,130.0
2022-12,Towel,Nos,0.0,0.0,2.0,125.0,0.0,0.0,2.0,125.0
2022-12,Wooden Spoon-110mm,Nos,210.0,163.8,0.0,0.0,50.0,39.0,160.0,124.80000000000001
2022-12,Wooden Spoon-160mm,Nos,126.0,123.48,0.0,0.0,0.0,0.0,126.0,123.48
2022-12,GO-Monterey Jack Cheese-2kg,Kg,1.7,1037.01,0.0,0.0,1.5,915.01,0.19999999999999996,122.0
2022-12,DVC CHocolate Sauce 2 LTR,Ltr,0.3,115.05,0.0,0.0,0.0,0.0,0.3,115.05
2022-12,Lehar Soda,Nos,51.0,839.46,0.0,0.0,44.0,724.24,7.0,115.22000000000003
2022-12,Rice-ponni-Madurai,Kg,0.0,0.0,3.0,114.0,0.0,0.0,3.0,114.0
2022-12,Baby Corn Whole-800GM-Tajir Habit,Tin,1.0,112.0,0.0,0.0,0.0,0.0,1.0,112.0
2022-12,Agarbathi,Pkt,0.0,0.0,3.0,110.0,0.0,0.0,3.0,110.0
2022-12,Paper Straw,Pkt,0.0,0.0,3.0,110.0,0.0,0.0,3.0,110.0
2022-12,Wiper-Arafa,Nos,0.0,0.0,1.0,110.0,0.0,0.0,1.0,110.0
2022-12,Tropicana Mixed Fruit Delight,Nos,0.0,0.0,6.0,106.02,0.0,0.0,6.0,106.02
2022-12,Mustard Oil,Pkt,0.0,0.0,1.0,100.0,0.0,0.0,1.0,100.0
2022-12,Vanilla Ice-cream,Kg,0.5,99.32,0.0,0.0,0.0,0.0,0.5,99.32
2022-12,Chicken Kheema  Masala,Kg,0.15,97.65,0.25,162.75,0.25,162.75,-0.1,97.64999999999998
2022-12,Cash Voucher Book,Nos,0.0,0.0,2.0,96.0,0.0,0.0,2.0,96.0
2022-12,Apron,Nos,0.0,0.0,1.0,95.0,0.0,0.0,1.0,95.0
2022-12,milk,Pkt,0.0,0.0,4.0,95.0,0.0,0.0,4.0,95.0
2022-12,Tissue Big,Pkt,0.0,0.0,5.0,94.0,0.0,0.0,5.0,94.0
2022-12,cover colour,Pkt,0.0,0.0,1.0,90.0,0.0,0.0,1.0,90.0
2022-12,Coriander Leaves-Veg,Kg,0.0,0.0,1.1,89.0,0.0,0.0,1.0,89.0
2022-12,Butter Scotch Ice-cream,Kg,1.6,465.09,0.0,0.0,1.3,377.89,0.30000000000000004,87.19999999999999
2022-12,Jumbo Cover-Blue,Pkt,1.0,70.0,1.0,70.0,0.8,56.0,1.2,84.0
2022-12,Mint-Veg,Kg,0.0,0.0,1.0,81.0,0.0,0.0,1.0,81.0
2022-12,Tea Loose,Kg,0.0,0.0,0.6,119.0,0.2,40.0,0.8,79.0
2022-12,Milk-Milma,Pkt,0.0,0.0,3.0,78.0,0.0,0.0,3.0,78.0
2022-12,Puramate Basil 250g Pouch,Grams,500.0,390.0,0.0,0.0,400.0,312.0,100.0,78.0
2022-12,sugar,Kg,0.0,0.0,2.0,78.0,0.0,0.0,2.0,78.0
2022-12,Mustard-Oil,Ltr,0.35,77.0,0.0,0.0,0.0,0.0,0.35,77.0
2022-12,Sugar,Kg,0.0,0.0,2.0,77.0,0.0,0.0,2.0,77.0
2022-12,Zippy Chicken Salami,Pkt,0.0,0.0,2.0,624.96,1.76,549.96,0.24,75.0
2022-12,Broccoli-royal,Kg,0.0,0.0,0.38,73.0,0.0,0.0,0.0,73.0
2022-12,Tandoori Chicken Masala-Bakers,Pkt,0.0,0.0,2.0,142.0,1.0,70.0,1.0,72.0
2022-12,decoration-New Year mala,Nos,0.0,0.0,1.0,70.0,0.0,0.0,1.0,70.0
2022-12,decoration-Star-2,Nos,0.0,0.0,1.0,70.0,0.0,0.0,1.0,70.0
2022-12,Basil-fresh,Kg,0.0,0.0,0.1,68.0,0.0,0.0,0.0,68.0
2022-12,Sugar-Loose,Kg,1.7,68.0,2.0,77.0,2.0,77.0,1.7000000000000002,68.0
2022-12,plastic cover 5kg,Kg,0.4,68.0,0.0,0.0,0.0,0.0,0.4,68.0
2022-12,egg,Nos,0.0,0.0,11.0,66.0,0.0,0.0,11.0,66.0
2022-12,Chettinad Mix,Kg,0.2,130.2,0.0,0.0,0.1,65.1,0.1,65.1
2022-12,Exo Dishwash cake,Nos,8.0,38.4,10.0,50.0,5.0,25.0,13.0,63.400000000000006
2022-12,Turmeric Powder,Kg,0.3,60.0,0.0,0.0,0.0,0.0,0.3,60.0
2022-12,drinking water-20ltr,Nos,0.0,0.0,1.0,60.0,0.0,0.0,1.0,60.0
2022-12,Mittai-Milk-Amul,Tin,0.0,0.0,1.0,59.0,0.0,0.0,1.0,59.0
2022-12,Veeba T. Ketchup 1.2KG,Nos,0.0,0.0,4.0,439.04,3.5,384.16,0.5,54.879999999999995
2022-12,Red Apple,Kg,0.0,0.0,0.46,50.0,0.0,0.0,0.0,50.0
2022-12,Tissue,Pkt,0.0,0.0,25.0,270.0,20.0,220.0,5.0,50.0
2022-12,decoration-Baloon,Nos,0.0,0.0,25.0,50.0,0.0,0.0,25.0,50.0
2022-12,Carrot-Veg,Kg,0.0,0.0,1.0,49.0,0.0,0.0,1.0,49.0
2022-12,Ginger-Veg,Kg,0.0,0.0,0.8,46.0,0.0,0.0,1.0,46.0
2022-12,Honey,Ltr,1.4,644.0,0.0,0.0,1.3,598.0,0.09999999999999987,46.0
2022-12,Chicken Masala-Eastern,Kg,0.1,45.0,0.0,0.0,0.0,0.0,0.1,45.0
2022-12,Ice-cube,Pkt,1.5,45.0,0.0,0.0,0.0,0.0,1.5,45.0
2022-12,decoration-Star-1,Nos,0.0,0.0,1.0,45.0,0.0,0.0,1.0,45.0
2022-12,Lemon Pickle-500grm-pkt,Pkt,0.0,0.0,1.0,44.0,0.0,0.0,1.0,44.0
2022-12,Tissue,Nos,4.0,44.0,0.0,0.0,0.0,0.0,4.0,44.0
2022-12,Salt Powder,Pkt,0.0,0.0,4.0,40.0,0.0,0.0,4.0,40.0
2022-12,Spray-Gun,Nos,0.0,0.0,2.0,40.0,0.0,0.0,2.0,40.0
2022-12,Chicken Masala-Quality,Pkt,0.0,0.0,1.0,38.0,0.0,0.0,1.0,38.0
2022-12,Butter Scotch Sauce 750ml,Grams,200.0,36.8,0.0,0.0,0.0,0.0,200.0,36.8
2022-12,Bitter Guard-Veg,Kg,0.0,0.0,0.9,36.0,0.0,0.0,1.0,36.0
2022-12,pappaya-veg,Kg,0.0,0.0,1.2,36.0,0.0,0.0,1.0,36.0
2022-12,Cucumber-veg,Kg,0.0,0.0,0.95,33.5,0.0,0.0,1.0,33.5
2022-12,Turmeric Powder-loose,Kg,0.0,0.0,0.5,91.0,0.25,57.0,0.75,34.0
2022-12,AVT Premium Tea,Pkt,0.0,0.0,1.0,30.0,0.0,0.0,1.0,30.0
2022-12,Ant repellent powder,Pkt,0.0,0.0,1.0,30.0,0.0,0.0,1.0,30.0
2022-12,Cherry,Kg,0.1,30.0,0.1,30.0,0.1,30.0,0.0,30.0
2022-12,Exo Steel Wool,Nos,0.0,0.0,2.0,30.0,0.0,0.0,2.0,30.0
2022-12,Ice cube,Pkt,0.0,0.0,2.0,60.0,1.0,30.0,1.0,30.0
2022-12,Note Book,Nos,0.0,0.0,1.0,30.0,0.0,0.0,1.0,30.0
2022-12,PVC Bend,Nos,0.0,0.0,1.0,30.0,0.0,0.0,1.0,30.0
2022-12,brinjal-veg,Kg,0.0,0.0,1.0,30.0,0.0,0.0,1.0,30.0
2022-12,tissue,Pkt,0.0,0.0,3.0,30.0,0.0,0.0,3.0,30.0
2022-12,Tissue Spl,Pkt,0.0,0.0,1.0,29.0,0.0,0.0,1.0,29.0
2022-12,Insulation Tape,Nos,0.0,0.0,2.0,27.0,0.0,0.0,2.0,27.0
2022-12,Chicken Masala,Nos,0.0,0.0,1.0,26.0,0.0,0.0,1.0,26.0
2022-12,bottle gourd,Kg,0.0,0.0,1.1,26.0,0.0,0.0,1.0,26.0
2022-12,milk-Milma-525ml,Pkt,1.0,25.0,0.0,0.0,0.0,0.0,1.0,25.0
2022-12,ginger,Kg,0.0,0.0,0.4,22.0,0.0,0.0,0.0,22.0
2022-12,Cheera-veg,Kg,0.0,0.0,0.5,20.0,0.0,0.0,1.0,20.0
2022-12,Ladyfinger			,Kg,0.0,0.0,0.5,20.0,0.0,0.0,1.0,20.0
2022-12,Mutton Masala,Pkt,0.0,0.0,1.0,20.0,0.0,0.0,1.0,20.0
2022-12,kovakka-veg,Kg,0.0,0.0,0.5,20.0,0.0,0.0,1.0,20.0
2022-12,pen,Nos,0.0,0.0,4.0,20.0,0.0,0.0,4.0,20.0
2022-12,Black Grapes,Kg,0.2,36.0,0.0,0.0,0.1,18.0,0.1,18.0
2022-12,Snakeguard-Veg,Kg,0.0,0.0,0.6,18.0,0.0,0.0,1.0,18.0
2022-12,Tooth Pick,Pkt,0.0,0.0,1.0,15.0,0.0,0.0,1.0,15.0
2022-12,Wall Hook,Nos,0.0,0.0,1.0,15.0,0.0,0.0,1.0,15.0
2022-12,cockroach killer chalk,Nos,0.0,0.0,1.0,15.0,0.0,0.0,1.0,15.0
2022-12,cabbage-veg,Kg,0.0,0.0,0.7,14.0,0.0,0.0,1.0,14.0
2022-12,Exo spnge,Nos,0.0,0.0,1.0,12.0,0.0,0.0,1.0,12.0
2022-12,funel,Nos,0.0,0.0,1.0,12.0,0.0,0.0,1.0,12.0
2022-12,Rava,Kg,0.0,0.0,0.25,11.0,0.0,0.0,0.0,11.0
2022-12,Exo Dishwash cake big,Nos,0.0,0.0,1.0,9.0,0.0,0.0,1.0,9.0
2022-12,Beans-veg,Kg,0.0,0.0,0.2,8.0,0.0,0.0,0.0,8.0
2022-12,Paper Plates,Nos,58.0,58.0,0.0,0.0,50.0,50.0,8.0,8.0
2022-12,Sumeru Nuggets Premium 1Kg,Kg,3.5,1042.99,0.0,0.0,3.1,1034.66,0.3999999999999999,8.329999999999927
2022-12,Salt,Kg,0.6,7.2,0.0,0.0,0.0,0.0,0.6,7.2
2022-12,Vineger,Ltr,0.5,21.0,0.0,0.0,0.4,16.8,0.09999999999999998,4.199999999999999
2022-12,Butter Scotch Sauce 750ml,Nos,0.0,0.0,1.0,138.0,1.0,138.0,0.0,0.0
2022-12,Chilli Flakes-Puramate-400grm,Pkt,0.0,0.0,1.0,143.85,1.0,143.85,0.0,0.0
2022-12,DVC PASSION FRUIT FLV SYRUP 750ML,Nos,0.0,0.0,2.0,932.02,2.0,932.02,0.0,0.0
2022-12,Flexi Cream Gold,Pkt,0.0,0.0,4.0,778.8,4.0,778.8,0.0,0.0
2022-12,Micro 16x20,Pkt,0.0,0.0,1.0,140.0,1.0,140.0,0.0,0.0
2022-12,Mixed Herb Loose,Grams,500.0,480.0,0.0,0.0,500.0,480.0,0.0,0.0
2022-12,Paneer Tikka Butter Masala,Kg,0.0,0.0,3.0,1058.4,3.0,1058.4,0.0,0.0
2022-12,Pineapple slice-Tajir Habit-500g,Tin,0.0,0.0,3.0,330.75,3.0,330.75,0.0,0.0
2022-12,Sarwar Black Olive SLices 3.1KG,Nos,3.0,1890.0,0.0,0.0,3.0,1890.0,0.0,0.0
2022-12,Strawberry sause 750,Grams,900.0,192.0,0.0,0.0,900.0,192.0,0.0,0.0
2022-12,Veeba ThousandIsland Dressing 1KG,Nos,3.0,563.97,0.0,0.0,3.0,563.97,0.0,0.0
2022-12,Salt Powder,Kg,0.0,0.0,0.0,0.0,0.5,5.0,-0.5,-5.0
2022-12,chicken masala,Nos,0.0,0.0,0.0,0.0,0.5,13.0,-0.5,-13.0
2022-12,Wooden Fork-160mm,Nos,130.0,136.5,0.0,0.0,150.0,157.5,-20.0,-21.0
2022-12,Paper Straw,Nos,60.0,21.0,0.0,0.0,125.0,43.75,-65.0,-22.75
2022-12,Strawberry-Ice cream,Kg,2.3,524.82,0.0,0.0,2.4,547.64,-0.10000000000000009,-22.819999999999936
2022-12,Corn Meal - MAKKA RAVA,Kg,2.15,193.5,0.0,0.0,2.5,225.0,-0.3500000000000001,-31.5
2022-12,Black pepper,Kg,0.0,0.0,0.0,0.0,0.1,50.0,-0.1,-50.0
2022-12,Micro 27x30,Pkt,0.0,0.0,0.0,0.0,0.5,90.0,-0.5,-90.0
2022-12,Paper Glass,Nos,162.0,113.4,0.0,0.0,300.0,210.0,-138.0,-96.6
2022-12,Wooden Spoon-160mm,Pkt,0.0,0.0,0.0,0.0,1.0,98.0,-1.0,-98.0
2022-12,Chilli Powder,Kg,0.0,0.0,0.0,0.0,0.3,99.0,-0.3,-99.0
2022-12,Chocolate Ice-cream,Kg,0.8,232.55,0.0,0.0,1.15,334.28,-0.34999999999999987,-101.72999999999996
2022-12,Zippy Chicken Salami,Kg,1.5,418.5,0.0,0.0,1.7,531.22,-0.19999999999999996,-112.72000000000003
2022-12,Aqua Fina Mineral Water 1Ltr,Nos,30.0,419.98,0.0,0.0,39.0,545.97,-9.0,-125.99000000000001
2022-12,Mini Burger Box,Nos,0.0,0.0,200.0,542.0,250.0,677.5,-50.0,-135.5
2022-12,DVC BLUE OCCEAN FLV SYRUP 750ML,Nos,1.5,699.02,1.0,466.01,2.8,1304.83,-0.2999999999999998,-139.79999999999995
2022-12,plastic Cover-1kg,Kg,0.0,0.0,0.0,0.0,1.0,160.0,-1.0,-160.0
2022-12,CHILLY FLAKES SACHET 0.8GM,Nos,0.0,0.0,0.0,0.0,250.0,173.25,-250.0,-173.25
2022-12,Chilli Flakes-Eastern,Kg,0.0,0.0,0.0,0.0,0.4,176.0,-0.4,-176.0
2022-12,bred premix,Kg,0.0,0.0,0.0,0.0,1.0,189.0,-1.0,-189.0
2022-12,Ponni Rice-Bag,Kg,0.0,0.0,0.0,0.0,7.0,238.0,-7.0,-238.0
2022-12,OREGANO SACHET 0.8GM,Nos,0.0,0.0,0.0,0.0,370.0,256.41,-370.0,-256.41
2022-12,7up 250ml Pet,Nos,51.0,892.5,0.0,0.0,66.0,1155.0,-15.0,-262.5
2022-12,DVC PASSION FRUIT FLV SYRUP 750ML,Ltr,0.0,0.0,0.0,0.0,0.6,372.8,-0.6,-372.8
2022-12,Pepsi 250ml Can,Nos,0.0,0.0,0.0,0.0,13.0,390.0,-13.0,-390.0
2022-12,Zippy  B.Fast Sausage ,Pkt,0.0,0.0,2.0,570.0,3.4,969.0,-1.4,-399.0
2022-12,Dew 250ml Can,Nos,10.0,300.0,0.0,0.0,25.0,750.0,-15.0,-450.0
2022-12,Mc Cain Potato Wedges 2.5kg,Nos,0.0,0.0,5.0,2408.0,6.0,2889.6,-1.0,-481.5999999999999
2022-12,Veeba Barbequesauce 1KG,Nos,0.0,0.0,2.0,332.0,5.0,830.0,-3.0,-498.0
2022-12,Pepsi 750ml Pet,Nos,22.0,756.36,0.0,0.0,37.0,1272.06,-15.0,-515.6999999999999
2022-12,7UP 1250ml Pet,Nos,20.0,1158.4,0.0,0.0,29.0,1679.68,-9.0,-521.28
2022-12,Neo Red Paprika 3Kg,Nos,0.0,0.0,2.0,750.02,3.5,1312.54,-1.5,-562.52
2022-12,Dew 250ml Pet,Nos,13.0,227.5,0.0,0.0,47.0,822.5,-34.0,-595.0
2022-12,Pepsi 250ml Pet,Nos,25.0,437.5,0.0,0.0,64.0,1120.0,-39.0,-682.5
2022-12,7UP 750ml Pet,Nos,29.0,997.02,0.0,0.0,49.0,1684.62,-20.0,-687.5999999999999
2022-12,Puramate Pasta-Gomiti Rigate - macroni - 500g,Grams,0.0,0.0,0.0,0.0,5500.0,748.0,-5500.0,-748.0
2022-12,Malas Chocolate Sauce 5 ltr,Ltr,0.0,0.0,0.0,0.0,5.0,1060.01,-5.0,-1060.01
2022-12,French Fries 6mm-Hungritos,Nos,0.0,0.0,15.0,5400.0,18.0,6480.0,-3.0,-1080.0
2022-12,Processed cheese block,Kg,0.8,391.2,0.0,0.0,3.0,1650.0,-2.2,-1258.8
2022-12,Oregano Sprinkler 500g,Kg,0.0,0.0,0.0,0.0,3.0,1827.0,-3.0,-1827.0
2023-01,AMUL Mozzarella Diced 1Kg,Kg,32.6,14963.39,96.0,44063.95,53.6,24602.38,75.0,34424.95999999999
2023-01,Bornless Chicken- Adakkaputhur,Kg,9.6,2572.8,55.4,15020.52,4.5,1215.0,60.099999999999994,16378.32
2023-01,Maida(Porotta 50kg),Pkt,3.0,6150.0,4.0,8300.0,0.0,0.0,7.0,14450.0
2023-01,Gas-LPG-IOCL,Nos,0.0,0.0,4.0,7200.0,0.0,0.0,4.0,7200.0
2023-01,Gas-LPG-HPCL,Nos,0.0,0.0,4.0,7190.0,0.0,0.0,4.0,7190.0
2023-01,French Fries 6mm-Hungritos,Nos,18.0,6480.0,0.0,0.0,0.0,0.0,18.0,6480.0
2023-01,Palm Oil - Refined Oil,Pkt,5.0,490.0,60.0,5765.0,5.0,467.5,60.0,5787.5
2023-01,French Fries 6mm-Funwave,Pkt,0.0,0.0,25.0,9699.75,14.0,5431.86,11.0,4267.89
2023-01,Pizza Premix,Kg,15.4,3314.85,5.0,1181.25,4.5,922.5,15.899999999999999,3573.6000000000004
2023-01,Petrol-HPCL,Ltr,0.0,0.0,32.61,3480.05,0.0,0.0,33.0,3480.05
2023-01,G.Crown Mushroom Slice 800g,Pkt,28.0,2744.0,60.0,5880.0,53.0,5194.0,35.0,3430.0
2023-01,Veeba Pasta & Pizza Sauce 1KG,Nos,16.0,2880.0,24.0,4320.0,22.0,3960.0,18.0,3240.0
2023-01,Regular Pizza Box,Nos,105.0,910.35,550.0,4768.5,354.0,2601.9,301.0,3076.9500000000003
2023-01,Tomato-Veg,Kg,0.0,0.0,113.0,2848.0,0.0,0.0,113.0,2848.0
2023-01,Brownie,Kg,5.7,2170.56,5.0,2016.0,4.0,1360.0,6.699999999999999,2826.5599999999995
2023-01,Petrol-Nayara,Ltr,0.0,0.0,25.27,2699.78,0.0,0.0,25.0,2699.78
2023-01,Medium Pizza Box,Nos,54.0,662.58,250.0,2772.5,72.0,748.8,232.0,2686.2799999999997
2023-01,Pepsi 750ml Pet,Case,0.0,0.0,3.0,2475.33,0.0,0.0,3.0,2475.33
2023-01,Large Pizza Box,Nos,150.0,2212.5,150.0,2212.5,171.0,2137.5,129.0,2287.5
2023-01,French Fries Box,Nos,228.0,1144.56,300.0,1506.0,130.0,552.5,398.0,2098.06
2023-01,Petrol-IOCL,Ltr,0.0,0.0,19.08,2040.0,0.0,0.0,19.0,2040.0
2023-01,Veeba Eggless Mayonise Chef 1KG,Nos,17.0,2380.0,12.0,1680.0,15.0,2100.0,14.0,1960.0
2023-01,OREGANO SACHET 0.8GM,Pkt,2.0,415.8,7.0,1540.0,0.0,0.0,9.0,1955.8
2023-01,Rice-Nawab-26kg,Pkt,0.0,0.0,2.0,1924.0,0.0,0.0,2.0,1924.0
2023-01,Veeba Ketchup Sachet,Pkt,0.0,0.0,24.0,1919.76,0.0,0.0,24.0,1919.76
2023-01,Sarwar Black Olive SLices 3.1KG,Nos,3.0,1890.0,0.0,0.0,0.0,0.0,3.0,1890.0
2023-01,Veeba Gouda Flavoured Dressing,Nos,13.0,2730.0,12.0,2520.0,16.0,3360.0,9.0,1890.0
2023-01,Onion-Veg,Kg,0.0,0.0,71.0,1869.0,0.0,0.0,71.0,1869.0
2023-01,Paneer,Kg,1.85,499.5,5.0,1350.0,0.0,0.0,6.85,1849.5
2023-01,Reitzel-Jalapeno Slice-2.9kg,Nos,0.0,0.0,6.0,1788.0,0.0,0.0,6.0,1788.0
2023-01,Mexican Masala,Kg,15.9,6321.84,0.0,0.0,11.45,4552.52,4.450000000000001,1769.3199999999997
2023-01,Milk-Sheethal-450ml,Pkt,6.0,150.0,66.0,1650.0,3.0,75.0,69.0,1725.0
2023-01,Vanilla Ice-cream,Pkt,1.1,598.4,2.0,1088.0,0.0,0.0,3.1,1686.4
2023-01,7UP 750ml Pet,Case,0.0,0.0,2.0,1650.22,0.0,0.0,2.0,1650.22
2023-01,Milkymist Cheese BLock 1KG,Pkt,0.0,0.0,3.0,1650.0,0.0,0.0,3.0,1650.0
2023-01,Processed cheese block,Kg,3.0,1650.0,0.0,0.0,0.0,0.0,3.0,1650.0
2023-01,Pepsi 250ml Pet,Case,0.0,0.0,3.0,1575.0,0.0,0.0,3.0,1575.0
2023-01,Dried Yeast,Pkt,9.2,1563.91,0.0,0.0,0.0,0.0,9.2,1563.91
2023-01,Zippy Chicken Salami,Pkt,1.76,549.96,3.0,937.44,0.0,0.0,4.76,1487.4
2023-01,DVC PASSION FRUIT FLV SYRUP 750ML,Nos,2.0,932.02,1.0,466.01,0.0,0.0,3.0,1398.03
2023-01,7UP 1250ml Pet,Nos,29.0,1679.68,0.0,0.0,5.0,289.6,24.0,1390.08
2023-01,Chicken-Whole-Staff,Kg,0.0,0.0,11.25,1352.99,0.0,0.0,11.0,1352.99
2023-01,CHILLY FLAKES SACHET 0.8GM,Pkt,2.0,415.8,4.0,880.0,0.0,0.0,6.0,1295.8
2023-01,Chicken Sausage,Kg,3.4,1173.0,0.0,0.0,0.0,0.0,3.4,1173.0
2023-01,Flexi Cream Gold,Pkt,4.0,778.8,7.0,1362.9,5.0,973.5,6.0,1168.1999999999998
2023-01,DVC Mint Flavoured Syrup 750 ml,Nos,3.0,1398.03,3.0,1398.03,3.5,1631.04,2.5,1165.02
2023-01,Capcicum-Veg,Kg,0.0,0.0,16.6,1134.0,0.0,0.0,17.0,1134.0
2023-01,DVC Green Apple 750 ML,Nos,3.0,1398.03,3.0,1398.03,3.6,1677.64,2.4,1118.4199999999998
2023-01,Tripod,Nos,560.0,826.0,500.0,740.0,400.0,499.85,660.0,1066.15
2023-01,7up 250ml Pet,Case,0.0,0.0,2.0,1050.0,0.0,0.0,2.0,1050.0
2023-01,Pasta Container Black,Nos,134.0,1232.8,100.0,920.0,142.0,1107.6,92.0,1045.2000000000003
2023-01,HABIT JALAPENO SLICES 2.9 KG,Nos,5.5,1626.24,0.0,0.0,2.0,591.36,3.5,1034.88
2023-01,Sumeru Nuggets Premium 1Kg,Kg,3.1,1034.66,0.0,0.0,0.0,0.0,3.1,1034.66
2023-01,Frozen Sweet Corn,Pkt,0.0,0.0,8.0,1000.0,0.0,0.0,8.0,1000.0
2023-01,BBQ Wings,Kg,7.0,3128.16,0.0,0.0,4.8,2145.02,2.2,983.1399999999999
2023-01,Oregano Sprinkler 500g,Kg,3.0,1827.0,0.0,0.0,1.5,913.5,1.5,913.5
2023-01,Fryer Basket,Nos,0.0,0.0,1.0,900.0,0.0,0.0,1.0,900.0
2023-01,Dew 750ml Pet,Case,0.0,0.0,1.0,825.11,0.0,0.0,1.0,825.11
2023-01,Puramate Pasta-Penne Rigatte 500g,Nos,8.0,544.0,14.0,952.0,10.0,680.0,12.0,816.0
2023-01,Butter Scotch Ice-cream,Pkt,0.0,0.0,1.0,773.0,0.0,0.0,1.0,773.0
2023-01,Chocolate Ice-cream,Pkt,0.0,0.0,1.0,770.0,0.0,0.0,1.0,770.0
2023-01,Butter,Kg,0.0,0.0,2.0,760.0,0.0,0.0,2.0,760.0
2023-01,Drum for Maida,Nos,0.0,0.0,1.0,745.0,0.0,0.0,1.0,745.0
2023-01,Mc Cain Potato Wedges 2.5kg,Nos,6.0,2889.6,0.0,0.0,4.5,2167.2,1.5,722.4000000000001
2023-01,7up 250ml Can,Case,0.0,0.0,1.0,720.0,0.0,0.0,1.0,720.0
2023-01,Pepsi 250ml Can,Case,0.0,0.0,1.0,720.0,0.0,0.0,1.0,720.0
2023-01,7UP 1250ml Pet,Case,0.0,0.0,1.0,695.04,0.0,0.0,1.0,695.04
2023-01,Pepsi 1250ml Pet,Case,0.0,0.0,1.0,695.04,0.0,0.0,1.0,695.04
2023-01,7UP 750ml Pet,Nos,49.0,1684.62,0.0,0.0,29.0,997.02,20.0,687.5999999999999
2023-01,Atta Loose,Kg,3.0,126.0,16.0,669.5,3.0,126.0,16.0,669.5
2023-01,JIVO Pomace Olive Oil ,Nos,3.0,1005.03,2.0,670.02,3.0,1005.03,2.0,670.02
2023-01,Tandoori mix Masala,Kg,7.95,2982.84,0.0,0.0,6.2,2326.24,1.75,656.6000000000004
2023-01,Garlic Bread Box,Nos,98.0,861.42,50.0,439.5,95.0,707.75,53.0,593.1700000000001
2023-01,Potato-Veg,Kg,0.0,0.0,17.0,586.0,0.0,0.0,17.0,586.0
2023-01,Lamp Pepperoni,Kg,1.0,941.5,0.0,0.0,0.38,357.77,0.62,583.73
2023-01,Veeba ThousandIsland Dressing 1KG,Nos,3.0,563.97,0.0,0.0,0.0,0.0,3.0,563.97
2023-01,Garlic-Veg,Kg,0.0,0.0,10.0,552.0,0.0,0.0,10.0,552.0
2023-01,Herb Mix Masla,Kg,6.0,2620.8,0.0,0.0,4.75,2074.8,1.25,546.0
2023-01,Dew 250ml Pet,Nos,47.0,822.5,0.0,0.0,16.0,280.0,31.0,542.5
2023-01,Mini Burger Box,Pkt,0.0,0.0,2.0,542.8,0.0,0.0,2.0,542.8
2023-01,egg-6.50,Nos,0.0,0.0,83.0,539.5,0.0,0.0,83.0,539.5
2023-01,Slice Mango 250ml pet,Case,0.0,0.0,1.0,530.1,0.0,0.0,1.0,530.1
2023-01,Red yellow capsicum-isha Vegitable,Kg,0.0,0.0,2.5,525.0,0.0,0.0,3.0,525.0
2023-01,Petrol-BPCL,Ltr,0.0,0.0,4.68,500.0,0.0,0.0,5.0,500.0
2023-01,BBQ Mix Masala,Kg,7.7,3406.48,0.0,0.0,6.6,2919.84,1.1000000000000005,486.6399999999999
2023-01,Veeba T. Ketchup 1.2KG,Nos,3.5,384.16,6.0,591.36,5.0,492.8,4.5,482.71999999999997
2023-01,DVC BLUE OCCEAN FLV SYRUP 750ML,Nos,2.8,1304.83,1.0,466.01,2.8,1304.83,1.0,466.01
2023-01,Lemon-Veg,Kg,0.0,0.0,9.0,450.0,0.0,0.0,9.0,450.0
2023-01,Paneer Tikka Butter Masala,Kg,3.0,1058.4,0.0,0.0,1.75,617.4,1.25,441.0000000000001
2023-01,Brocoli-isha Vegitable,Kg,0.0,0.0,2.0,440.0,0.0,0.0,2.0,440.0
2023-01,Veeba Makhani Gravy 1KG,Nos,3.0,631.68,5.0,1052.8,6.0,1263.36,2.0,421.1200000000001
2023-01,Salad Bowl 500ml,Nos,223.0,1618.98,0.0,0.0,165.0,1197.9,58.0,421.0799999999999
2023-01,7up 250ml Pet,Nos,66.0,1155.0,0.0,0.0,42.0,735.0,24.0,420.0
2023-01,Dew 250ml Can,Nos,25.0,750.0,0.0,0.0,11.0,330.0,14.0,420.0
2023-01,Mirinda 250ml pet,Nos,19.0,332.5,27.0,472.5,23.0,402.5,23.0,402.5
2023-01,Lehar Soda,Case,0.0,0.0,1.0,395.04,0.0,0.0,1.0,395.04
2023-01,DVC PASSION FRUIT FLV SYRUP 750ML,Ltr,0.6,372.8,0.0,0.0,0.0,0.0,0.6,372.8
2023-01,Dip Bowl,Nos,135.0,398.25,0.0,0.0,14.0,41.3,121.0,356.95
2023-01,Masoor-Red,Kg,0.0,0.0,4.0,380.0,0.3,28.5,3.7,351.5
2023-01,Schezwan sauce,Nos,1.0,340.0,0.0,0.0,0.0,0.0,1.0,340.0
2023-01,Pineapple slice-Tajir Habit-500g,Tin,3.0,330.75,3.0,330.75,3.0,330.75,3.0,330.75
2023-01,Baby Corn Whole-Fresh-Isha Vegitables,Kg,0.0,0.0,0.84,319.96,0.0,0.0,1.0,319.96
2023-01,Piri Piri Marinade 1KG,Kg,1.0,445.0,2.0,890.0,2.3,1023.5,0.7000000000000002,311.5
2023-01,chicken kheema-Adakkaputhur,Kg,0.0,0.0,1.5,310.0,0.0,0.0,2.0,310.0
2023-01,Tropicana Guava Delight,Nos,16.0,282.72,0.0,0.0,0.0,0.0,16.0,282.72
2023-01,Micro 13x16,Pkt,1.0,140.0,1.0,140.0,0.0,0.0,2.0,280.0
2023-01,Micro 16x20,Pkt,1.0,140.0,1.0,140.0,0.0,0.0,2.0,280.0
2023-01,Corn Meal - MAKKA RAVA,Pkt,0.0,0.0,3.0,270.0,0.0,0.0,3.0,270.0
2023-01,Veeba Barbequesauce 1KG,Nos,5.0,830.0,0.0,0.0,3.4,564.4,1.6,265.6
2023-01,Pepsi 250ml Pet,Nos,64.0,1120.0,0.0,0.0,49.0,857.5,15.0,262.5
2023-01,Paper Glass,Pkt,0.0,0.0,5.0,350.0,1.5,97.5,3.5,252.5
2023-01,cello tape,Nos,0.0,0.0,10.0,250.0,0.0,0.0,10.0,250.0
2023-01,Micro 20x26,Pkt,0.75,105.0,2.0,280.0,1.0,140.0,1.75,245.0
2023-01,Dew 750ml Pet,Nos,25.0,859.5,0.0,0.0,18.0,618.84,7.0,240.65999999999997
2023-01,Ponni Rice-Bag,Kg,7.0,238.0,0.0,0.0,0.0,0.0,7.0,238.0
2023-01,Zippy  B.Fast Sausage ,Pkt,3.4,969.0,1.0,319.2,3.3,1053.36,1.1000000000000005,234.84000000000015
2023-01,Tissue,Pkt,20.0,220.0,0.0,0.0,0.0,0.0,20.0,220.0
2023-01,Mixed Herb Loose,Grams,500.0,480.0,0.0,0.0,275.0,264.0,225.0,216.0
2023-01,Tissue-Energy-Big,Pkt,0.0,0.0,15.0,270.0,3.0,54.0,12.0,216.0
2023-01,Paper Glass,Nos,300.0,210.0,0.0,0.0,0.0,0.0,300.0,210.0
2023-01,Papper carry bag large,Nos,41.0,471.5,0.0,0.0,23.0,264.5,18.0,207.0
2023-01,Coriander Powder-loose,Kg,0.25,45.0,1.0,170.0,0.1,16.0,1.15,199.0
2023-01,Pizza sauce premix,Kg,2.0,567.0,0.0,0.0,1.3,368.55,0.7,198.45
2023-01,Mc Cain Potato Wedges 2.5kg,Kg,1.0,192.64,0.0,0.0,0.0,0.0,1.0,192.64
2023-01,Strawberry sause 750,Grams,900.0,192.0,0.0,0.0,0.0,0.0,900.0,192.0
2023-01,Cashew nut,Kg,0.05,40.0,0.3,230.0,0.1,80.0,-0.05,190.0
2023-01,butter,Kg,3.5,1330.0,1.0,380.0,4.0,1520.0,0.5,190.0
2023-01,Chilli Flakes-Eastern,Kg,0.4,176.0,0.0,0.0,0.0,0.0,0.4,176.0
2023-01,Green Chilly-Veg,Kg,0.0,0.0,3.0,176.0,0.0,0.0,3.0,176.0
2023-01,Egg,Nos,0.0,0.0,29.0,174.0,0.0,0.0,29.0,174.0
2023-01,Cauli Flower-veg,Kg,0.0,0.0,4.8,169.5,0.0,0.0,5.0,169.5
2023-01,Malas Chocolate Sauce 5 ltr,Ltr,5.0,1060.01,0.0,0.0,4.2,890.41,0.7999999999999998,169.60000000000002
2023-01,Aqua Fina Mineral Water 1Ltr,Case,0.0,0.0,1.0,167.99,0.0,0.0,1.0,167.99
2023-01,Puramate Pasta-Gomiti Rigate - macroni - 500g,Grams,5500.0,748.0,0.0,0.0,4300.0,584.8,1200.0,163.20000000000005
2023-01,Micro 16x20-Small pkt,Pkt,0.0,0.0,2.0,160.0,0.0,0.0,2.0,160.0
2023-01,plastic Cover-1kg,Kg,1.0,160.0,0.0,0.0,0.0,0.0,1.0,160.0
2023-01,plastic cover 5kg,Pkt,0.0,0.0,1.0,160.0,0.0,0.0,1.0,160.0
2023-01,Puramate Basil 250g Pouch,Grams,400.0,312.0,0.0,0.0,200.0,156.0,200.0,156.0
2023-01,Knife Sharpener,Nos,0.0,0.0,1.0,145.0,0.0,0.0,1.0,145.0
2023-01,Chilli Flakes-Puramate-400grm,Pkt,1.0,143.85,0.0,0.0,0.0,0.0,1.0,143.85
2023-01,Tandoori Chicken Masala-Bakers,Pkt,1.0,70.0,2.0,146.0,1.0,74.0,2.0,142.0
2023-01,Butter Scotch Sauce 750ml,Nos,1.0,138.0,0.0,0.0,0.0,0.0,1.0,138.0
2023-01,Honey,Ltr,1.3,598.0,0.0,0.0,1.0,460.0,0.30000000000000004,138.0
2023-01,Strawberry-Ice cream,Kg,2.4,547.64,0.0,0.0,1.8,410.73,0.5999999999999999,136.90999999999997
2023-01,Sugar-Loose,Kg,2.0,77.0,2.0,77.0,0.5,19.25,3.5,134.75
2023-01,Wooden Fork-160mm,Nos,150.0,157.5,0.0,0.0,25.0,26.25,125.0,131.25
2023-01,egg,Nos,0.0,0.0,22.0,132.0,0.0,0.0,22.0,132.0
2023-01,Basil-fresh-Isha Vegitables,Kg,0.0,0.0,0.2,131.0,0.0,0.0,0.0,131.0
2023-01,Carrot-Veg,Kg,0.0,0.0,3.0,125.0,0.0,0.0,3.0,125.0
2023-01,Mop with Stick,Nos,0.0,0.0,1.0,125.0,0.0,0.0,1.0,125.0
2023-01,Ice cube,Pkt,1.0,30.0,2.0,90.0,0.0,0.0,3.0,120.0
2023-01,M Thuvara,Kg,1.0,120.0,0.0,0.0,0.0,0.0,1.0,120.0
2023-01,Curd-Sheethal-400g,Pkt,0.0,0.0,4.0,118.0,0.0,0.0,4.0,118.0
2023-01,Pepsi 1250ml Pet,Nos,22.0,1274.24,0.0,0.0,20.0,1158.4,2.0,115.83999999999992
2023-01,Aqua Fina Mineral Water 1Ltr,Nos,39.0,545.97,0.0,0.0,31.0,433.97,8.0,112.0
2023-01,Cash Voucher Book,Nos,0.0,0.0,2.0,112.0,0.0,0.0,2.0,112.0
2023-01,milk-Milma-525ml,Pkt,0.0,0.0,4.0,112.0,0.0,0.0,4.0,112.0
2023-01,Bulb 584,Nos,0.0,0.0,1.0,110.0,0.0,0.0,1.0,110.0
2023-01,Veeba Tandoori Spread-1kg,Nos,0.0,0.0,11.0,2387.0,10.5,2278.5,0.5,108.5
2023-01,Parsely- Isga Vegitable,Kg,0.0,0.0,0.5,107.0,0.0,0.0,1.0,107.0
2023-01,Slice Mango 250ml pet,Nos,33.0,583.11,0.0,0.0,27.0,477.09,6.0,106.02000000000004
2023-01,Black pepper,Kg,0.1,50.0,0.2,110.0,0.1,55.0,0.0,105.0
2023-01,Cheera-veg,Kg,0.0,0.0,2.8,100.0,0.0,0.0,3.0,100.0
2023-01,Red Apple,Kg,0.0,0.0,0.9,100.0,0.0,0.0,1.0,100.0
2023-01,Lehar Soda,Nos,44.0,724.24,0.0,0.0,38.0,625.48,6.0,98.75999999999999
2023-01,Wooden Spoon-160mm,Pkt,1.0,98.0,0.0,0.0,0.0,0.0,1.0,98.0
2023-01,Garlic Chilli Spread,Kg,3.0,486.0,5.0,810.0,7.4,1198.8,0.5999999999999996,97.20000000000005
2023-01,Mustard-Oil,Nos,0.0,0.0,1.0,95.0,0.0,0.0,1.0,95.0
2023-01,Coriander Leaves-Veg,Kg,0.0,0.0,1.2,94.0,0.0,0.0,1.0,94.0
2023-01,Jumbo Cover-Blue,Pkt,0.8,56.0,1.0,70.0,0.5,35.0,1.3,91.0
2023-01,Micro 27x30,Pkt,0.5,90.0,1.0,180.0,1.0,180.0,0.5,90.0
2023-01,Tea Loose,Kg,0.2,40.0,0.35,70.0,0.1,20.0,0.1,90.0
2023-01,Chettinad Mix,Kg,0.1,65.1,0.0,0.0,0.0,0.0,0.1,65.1
2023-01,Bitter Guard-Veg,Kg,0.0,0.0,1.5,64.0,0.0,0.0,2.0,64.0
2023-01,Turmeric Powder-loose,Kg,0.25,57.0,0.0,0.0,0.0,0.0,0.25,57.0
2023-01,Bush Colour,Nos,0.0,0.0,1.0,55.0,0.0,0.0,1.0,55.0
2023-01,Cherry,Kg,0.1,30.0,0.2,50.0,0.1,25.0,0.0,55.0
2023-01,Chilli Powder Loose,Kg,0.0,0.0,0.25,55.0,0.0,0.0,0.0,55.0
2023-01,butter papper,Nos,10.0,35.0,25.0,87.5,20.0,70.0,15.0,52.5
2023-01,Chicken Masala,Nos,0.0,0.0,3.0,78.0,1.0,26.0,2.0,52.0
2023-01,Brush-Wash-Basin,Nos,0.0,0.0,1.0,50.0,0.0,0.0,1.0,50.0
2023-01,Ginger-Veg,Kg,0.0,0.0,0.8,48.0,0.0,0.0,1.0,48.0
2023-01,Mint-Veg,Kg,0.0,0.0,0.6,46.0,0.0,0.0,1.0,46.0
2023-01,kovakka-veg,Kg,0.0,0.0,1.0,46.0,0.0,0.0,1.0,46.0
2023-01,Corn Meal - MAKKA RAVA,Kg,2.5,225.0,0.0,0.0,2.0,180.0,0.5,45.0
2023-01,Paper Straw,Nos,125.0,43.75,0.0,0.0,0.0,0.0,125.0,43.75
2023-01,Turmeric Powder,Kg,0.0,0.0,0.5,70.0,0.2,28.0,0.8,42.0
2023-01,Black Grapes,Kg,0.1,18.0,0.1,40.0,0.1,18.0,0.0,40.0
2023-01,cabbage-veg,Kg,0.0,0.0,2.0,40.0,0.0,0.0,2.0,40.0
2023-01,Agarbathi,Pkt,0.0,0.0,1.0,35.0,0.0,0.0,1.0,35.0
2023-01,Exo Dishwash cake,Nos,5.0,25.0,10.0,48.0,8.0,38.4,7.0,34.6
2023-01,Mop stick,Nos,0.0,0.0,1.0,35.0,0.0,0.0,1.0,35.0
2023-01,Paper Straw,Pkt,0.0,0.0,2.0,70.0,1.0,35.0,1.0,35.0
2023-01,Cucumber-veg,Kg,0.0,0.0,0.9,34.0,0.0,0.0,1.0,34.0
2023-01,Salt Powder,Pkt,0.0,0.0,3.0,30.0,0.0,0.0,3.0,30.0
2023-01,Seal Ink,Nos,0.0,0.0,1.0,30.0,0.0,0.0,1.0,30.0
2023-01,brinjal-veg,Kg,0.0,0.0,0.6,25.0,0.0,0.0,1.0,25.0
2023-01,Sting 250ml pet,Nos,12.0,210.0,0.0,0.0,11.0,192.5,1.0,17.5
2023-01,Chilli Powder,Kg,0.3,99.0,0.0,0.0,0.25,82.5,0.04999999999999999,16.5
2023-01,bottle gourd,Kg,0.0,0.0,0.5,15.0,0.0,0.0,1.0,15.0
2023-01,Snakeguard-Veg,Kg,0.0,0.0,0.4,13.0,0.0,0.0,0.0,13.0
2023-01,chicken masala,Nos,0.5,13.0,0.0,0.0,0.0,0.0,0.5,13.0
2023-01,Beans-veg,Kg,0.0,0.0,0.3,12.0,0.0,0.0,0.0,12.0
2023-01,Salt-sprinkle-powder,Pkt,0.0,0.0,1.0,12.0,0.0,0.0,1.0,12.0
2023-01,Agarbathi-Small,Nos,0.0,0.0,1.0,10.0,0.0,0.0,1.0,10.0
2023-01,Soap Powder Small Pkt,Pkt,0.0,0.0,1.0,10.0,0.0,0.0,1.0,10.0
2023-01,lighter,Nos,0.0,0.0,1.0,10.0,0.0,0.0,1.0,10.0
2023-01,pen,Nos,0.0,0.0,2.0,10.0,0.0,0.0,2.0,10.0
2023-01,Paper Plates,Nos,50.0,50.0,0.0,0.0,42.0,42.0,8.0,8.0
2023-01,Salt Powder,Kg,0.5,5.0,0.0,0.0,0.0,0.0,0.5,5.0
2023-01,Vineger,Ltr,0.4,16.8,0.0,0.0,0.3,12.6,0.10000000000000003,4.200000000000001
2023-01,GO-Monterey Jack Cheese-2kg,Kg,1.5,915.01,0.0,0.0,1.5,915.01,0.0,0.0
2023-01,MilkyMist-Mozzarella Cheese-shredded-2kg,Pkt,0.0,0.0,18.0,16554.24,18.0,16554.24,0.0,0.0
2023-01,Mustard-Oil,Pkt,0.0,0.0,1.0,100.0,1.0,100.0,0.0,0.0
2023-01,Neo Red Paprika 3Kg,Nos,3.5,1312.54,0.0,0.0,3.5,1312.54,0.0,0.0
2023-01,bred premix,Kg,1.0,189.0,0.0,0.0,1.0,189.0,0.0,0.0
2023-01,plastic cover-HM- 5kg,Pkt,0.0,0.0,1.0,170.0,1.0,170.0,0.0,0.0
2023-01,Dried Yeast,Kg,0.0,0.0,0.0,0.0,6.5,2.21,-6.5,-2.21
2023-01,salt powder,Pkt,0.0,0.0,0.0,0.0,2.8,28.0,-2.8,-28.0
2023-01,Wooden Spoon-160mm,Nos,0.0,0.0,0.0,0.0,40.0,39.2,-40.0,-39.2
2023-01,Ice cube,Kg,0.0,0.0,0.0,0.0,2.25,45.0,-2.25,-45.0
2023-01,Wooden Spoon-110mm,Nos,50.0,39.0,0.0,0.0,120.0,93.6,-70.0,-54.599999999999994
2023-01,Mini Burger Box,Nos,250.0,677.5,0.0,0.0,280.0,759.92,-30.0,-82.41999999999996
2023-01,Salad Bowl 250ml,Nos,198.0,1166.22,0.0,0.0,213.0,1254.57,-15.0,-88.34999999999991
2023-01,Butter Scotch Sauce 750ml,Grams,0.0,0.0,0.0,0.0,500.0,92.0,-500.0,-92.0
2023-01,Chicken Kheema  Masala,Kg,0.25,162.75,0.0,0.0,0.4,260.4,-0.15000000000000002,-97.64999999999998
2023-01,Micro 16x20,Nos,0.0,0.0,0.0,0.0,30.0,105.0,-30.0,-105.0
2023-01,Strawberry sause 750,Nos,0.0,0.0,0.0,0.0,0.7,112.0,-0.7,-112.0
2023-01,Micro 13x16,Nos,0.0,0.0,0.0,0.0,40.0,140.0,-40.0,-140.0
2023-01,plastic Cover-1kg,Pkt,0.0,0.0,0.0,0.0,1.0,160.0,-1.0,-160.0
2023-01,Pepsi 750ml Pet,Nos,37.0,1272.06,0.0,0.0,42.0,1443.96,-5.0,-171.9000000000001
2023-01,Chilli Flakes-Puramate-400grm,Kg,0.0,0.0,0.0,0.0,0.5,179.81,-0.5,-179.81
2023-01,Butter Scotch Ice-cream,Kg,1.3,377.89,0.0,0.0,1.6,562.18,-0.30000000000000004,-184.28999999999996
2023-01,Mirinda 750ml pet,Nos,0.0,0.0,12.0,412.56,18.0,618.84,-6.0,-206.28000000000003
2023-01,Pepsi 250ml Can,Nos,13.0,390.0,0.0,0.0,20.0,600.0,-7.0,-210.0
2023-01,7up 250ml Can,Nos,7.0,168.0,0.0,0.0,18.0,432.0,-11.0,-264.0
2023-01,GO Orange Cheddar Cheese 2kg,Kg,2.2,1246.3,0.0,0.0,2.7,1529.55,-0.5,-283.25
2023-01,Neo-Black Sliced Olives-3kg,Nos,0.0,0.0,2.0,1252.16,2.5,1565.2,-0.5,-313.03999999999996
2023-01,French Fries 6mm-ITC,Kg,0.0,0.0,0.0,0.0,2.25,324.0,-2.25,-324.0
2023-01,Frozen Sweet Corn,Kg,4.0,412.0,0.0,0.0,6.0,750.0,-2.0,-338.0
2023-01,paneer,Kg,0.0,0.0,0.0,0.0,1.4,378.0,-1.4,-378.0
2023-01,Chocolate Ice-cream,Kg,1.15,334.28,0.0,0.0,2.5,726.7,-1.35,-392.4200000000001
2023-01,Zippy Chicken Salami,Kg,1.7,531.22,0.0,0.0,3.2,999.94,-1.5000000000000002,-468.72
2023-01,Papper carry bag small,Nos,130.0,1105.0,0.0,0.0,196.0,1666.0,-66.0,-561.0
2023-01,Rice-Nawab-26kg,Kg,0.0,0.0,0.0,0.0,16.5,610.5,-16.5,-610.5
2023-01,Vanilla Ice-cream,Kg,0.0,0.0,0.0,0.0,2.5,618.18,-2.5,-618.18
2023-01,CHILLY FLAKES SACHET 0.8GM,Nos,250.0,173.25,0.0,0.0,1176.0,862.4,-926.0,-689.15
2023-01,Papper carry bag medium,Nos,67.0,653.25,0.0,0.0,144.0,1404.0,-77.0,-750.75
2023-01,Veeba Ketchup Sachet,Nos,621.0,556.42,0.0,0.0,1641.0,1312.64,-1020.0,-756.2200000000001
2023-01,Sumeru Nuggets Premium 1Kg,Pkt,0.0,0.0,0.0,0.0,2.8,934.53,-2.8,-934.53
2023-01,DVC Passion Fruit 750ML,Nos,0.0,0.0,0.0,0.0,2.6,1136.2,-2.6,-1136.2
2023-01,OREGANO SACHET 0.8GM,Nos,370.0,256.41,0.0,0.0,2000.0,1466.67,-1630.0,-1210.26
2023-01,Processed cheese block,Pkt,0.0,0.0,1.0,550.0,3.9,2145.0,-2.9,-1595.0
2023-01,Moktails Glass,Nos,13.0,116.61,0.0,0.0,240.0,2152.8,-227.0,-2036.1900000000003
2023-01,Maida(Porotta 50kg),Kg,8.0,328.0,0.0,0.0,144.0,6048.0,-136.0,-5720.0
2023-02,AMUL Mozzarella Diced 1Kg,Kg,53.6,24602.38,0.0,0.0,17.0,7802.99,36.6,16799.39
2023-02,MilkyMist-Mozzarella Cheese-shredded-2kg,Pkt,18.0,16554.24,0.0,0.0,0.0,0.0,18.0,16554.24
2023-02,Bornless Chicken- Adakkaputhur,Kg,4.5,1215.0,52.4,14148.0,3.1,837.0,53.4,14526.0
2023-02,French Fries 6mm-Funwave,Pkt,14.0,5431.86,25.0,9100.0,17.0,6188.0,22.0,8343.86
2023-02,Maida(Porotta 50kg),Pkt,0.0,0.0,4.0,8300.0,0.0,0.0,4.0,8300.0
2023-02,Gas-LPG-HPCL,Nos,0.0,0.0,4.0,7200.0,0.0,0.0,4.0,7200.0
2023-02,Gas-LPG-IOCL,Nos,0.0,0.0,4.0,7200.0,0.0,0.0,4.0,7200.0
2023-02,Palm Oil - Refined Oil,Pkt,5.0,467.5,50.0,4835.0,4.0,400.0,51.0,4902.5
2023-02,Regular Pizza Box,Nos,354.0,2601.9,350.0,3034.5,192.0,1664.64,512.0,3971.7599999999993
2023-02,Petrol-HPCL,Ltr,0.0,0.0,35.57,3800.07,0.0,0.0,36.0,3800.07
2023-02,Pizza Premix,Kg,4.5,922.5,21.0,4961.25,10.0,2362.5,15.5,3521.25
2023-02,Veeba Pasta & Pizza Sauce 1KG,Nos,22.0,3960.0,0.0,0.0,2.5,450.0,19.5,3510.0
2023-02,Veeba Gouda Flavoured Dressing,Nos,16.0,3360.0,0.0,0.0,0.0,0.0,16.0,3360.0
2023-02,KOT Printing Rolls,Pkt,0.0,0.0,1.0,3120.0,0.0,0.0,1.0,3120.0
2023-02,G.Crown Mushroom Slice 800g,Pkt,53.0,5194.0,0.0,0.0,22.0,2156.0,31.0,3038.0
2023-02,Medium Pizza Box,Nos,72.0,748.8,1000.0,11090.0,813.0,9016.17,259.0,2822.629999999999
2023-02,7UP 1250ml Pet,Case,0.0,0.0,4.0,2780.16,0.0,0.0,4.0,2780.16
2023-02,Tomato-Veg,Kg,0.0,0.0,97.0,2522.0,0.0,0.0,97.0,2522.0
2023-02,7UP 750ml Pet,Case,0.0,0.0,3.0,2475.33,0.0,0.0,3.0,2475.33
2023-02,Petrol-Nayara,Ltr,0.0,0.0,22.45,2399.66,0.0,0.0,22.0,2399.66
2023-02,Papper carry bag small,Nos,196.0,1666.0,200.0,1650.0,144.0,1152.0,252.0,2164.0
2023-02,Processed cheese block,Pkt,3.9,2145.0,0.0,0.0,0.0,0.0,3.9,2145.0
2023-02,Petrol-IOCL,Ltr,0.0,0.0,19.47,2080.1,0.0,0.0,19.0,2080.1
2023-02,Papper carry bag medium,Nos,144.0,1404.0,250.0,2362.5,188.0,1692.0,206.0,2074.5
2023-02,Mexican Masala,Kg,11.45,4552.52,0.0,0.0,6.5,2584.4,4.949999999999999,1968.1200000000003
2023-02,butter,Kg,4.0,1520.0,4.0,1520.0,3.5,1330.0,4.5,1710.0
2023-02,DVC Green Apple 750 ML,Nos,3.6,1677.64,0.0,0.0,0.0,0.0,3.6,1677.64
2023-02,DVC Mint Flavoured Syrup 750 ml,Nos,3.5,1631.04,0.0,0.0,0.0,0.0,3.5,1631.04
2023-02,Milk-Sheethal-450ml,Pkt,3.0,75.0,58.0,1492.0,3.0,78.0,58.0,1489.0
2023-02,Moktails Glass,Nos,240.0,2152.8,100.0,896.0,180.0,1612.8,160.0,1436.0000000000002
2023-02,Onion-Veg,Kg,0.0,0.0,68.0,1436.0,0.0,0.0,68.0,1436.0
2023-02,Puramate Pasta-Penne Rigatte 500g,Nos,10.0,680.0,10.0,680.0,0.0,0.0,20.0,1360.0
2023-02,Large Pizza Box,Nos,171.0,2137.5,100.0,1475.0,155.0,2286.25,116.0,1326.25
2023-02,Chilli Flakes-Tasty Pixel-Veeba-Sachet-0.8g,Pkt,0.0,0.0,10.0,1323.0,0.0,0.0,10.0,1323.0
2023-02,DVC BLUE OCCEAN FLV SYRUP 750ML,Nos,2.8,1304.83,0.0,0.0,0.0,0.0,2.8,1304.83
2023-02,Mc Cain Potato Wedges 2.5kg,Nos,4.5,2167.2,0.0,0.0,2.0,963.2,2.5,1203.9999999999998
2023-02,DVC Passion Fruit 750ML,Nos,2.6,1136.2,0.0,0.0,0.0,0.0,2.6,1136.2
2023-02,7up 250ml Pet,Case,0.0,0.0,2.0,1050.0,0.0,0.0,2.0,1050.0
2023-02,Dew 250ml Pet,Case,0.0,0.0,2.0,1050.0,0.0,0.0,2.0,1050.0
2023-02,Pepsi 250ml Pet,Case,0.0,0.0,2.0,1050.0,0.0,0.0,2.0,1050.0
2023-02,Salad Bowl 250ml,Nos,213.0,1254.57,0.0,0.0,42.0,247.38,171.0,1007.1899999999999
2023-02,Atta Loose,Kg,3.0,126.0,25.0,1025.5,4.0,166.0,24.0,985.5
2023-02,OREGANO SACHET 0.8GM,Nos,2000.0,1466.67,0.0,0.0,680.0,498.67,1320.0,968.0
2023-02,Rice-Nawab-26kg,Pkt,0.0,0.0,1.0,962.0,0.0,0.0,1.0,962.0
2023-02,Brownie,Kg,4.0,1360.0,5.0,2015.0,6.0,2419.2,3.0,955.8000000000002
2023-02,Chicken-Whole-Staff,Kg,0.0,0.0,9.1,945.0,0.0,0.0,9.0,945.0
2023-02,BBQ Wings,Kg,4.8,2145.02,0.0,0.0,2.7,1206.58,2.0999999999999996,938.44
2023-02,Sumeru Nuggets Premium 1Kg,Pkt,2.8,934.53,0.0,0.0,0.0,0.0,2.8,934.53
2023-02,Pasta Container Black,Nos,142.0,1107.6,100.0,902.0,127.0,1145.54,115.0,864.06
2023-02,Dew 750ml Pet,Case,0.0,0.0,1.0,825.11,0.0,0.0,1.0,825.11
2023-02,Mirinda 750ml pet,Case,0.0,0.0,1.0,825.11,0.0,0.0,1.0,825.11
2023-02,Pepsi 750ml Pet,Case,0.0,0.0,1.0,825.11,0.0,0.0,1.0,825.11
2023-02,Veeba Ketchup Sachet,Pkt,0.0,0.0,10.0,799.9,0.0,0.0,10.0,799.9
2023-02,Butter Scotch Ice-cream,Pkt,0.0,0.0,1.0,773.0,0.0,0.0,1.0,773.0
2023-02,Capcicum-Veg,Kg,0.0,0.0,13.0,771.0,0.0,0.0,13.0,771.0
2023-02,Mini Burger Box,Nos,280.0,759.92,0.0,0.0,0.0,0.0,280.0,759.92
2023-02,7up 250ml Can,Case,0.0,0.0,1.0,720.0,0.0,0.0,1.0,720.0
2023-02,Dew 250ml Can,Case,0.0,0.0,1.0,720.0,0.0,0.0,1.0,720.0
2023-02,Pepsi 250ml Can,Case,0.0,0.0,1.0,720.0,0.0,0.0,1.0,720.0
2023-02,Pizza sauce premix,Kg,1.3,368.55,4.0,1239.0,2.9,898.28,2.4,709.27
2023-02,Pepsi 1250ml Pet,Case,0.0,0.0,1.0,695.04,0.0,0.0,1.0,695.04
2023-02,Pepsi 750ml Pet,Nos,42.0,1443.96,0.0,0.0,23.0,790.74,19.0,653.22
2023-02,Red yellow capsicum-isha Vegitable,Kg,0.0,0.0,3.0,645.0,0.0,0.0,3.0,645.0
2023-02,Tandoori mix Masala,Kg,6.2,2326.24,0.0,0.0,4.5,1688.4,1.7000000000000002,637.8399999999997
2023-02,Potato-Veg,Kg,0.0,0.0,21.0,630.0,0.0,0.0,21.0,630.0
2023-02,Oregano Sprinkler 500g,Kg,1.5,913.5,0.0,0.0,0.5,304.5,1.0,609.0
2023-02,HABIT JALAPENO SLICES 2.9 KG,Nos,2.0,591.36,0.0,0.0,0.0,0.0,2.0,591.36
2023-02,Flexi Cream Gold,Pkt,5.0,973.5,0.0,0.0,2.0,389.4,3.0,584.1
2023-02,Lemon-Veg,Kg,0.0,0.0,8.0,578.0,0.0,0.0,8.0,578.0
2023-02,Neo Red Paprika 3Kg,Nos,3.5,1312.54,0.0,0.0,2.0,750.02,1.5,562.52
2023-02,Pepsi 250ml Pet,Nos,49.0,857.5,0.0,0.0,17.0,297.5,32.0,560.0
2023-02,Masoor-Red,Kg,0.3,28.5,6.0,520.0,0.0,0.0,6.3,548.5
2023-02,Herb Mix Masla,Kg,4.75,2074.8,0.0,0.0,3.5,1528.8,1.25,546.0000000000002
2023-02,Vanilla Ice-cream,Kg,2.5,618.18,0.0,0.0,0.3,74.18,2.2,544.0
2023-02,Vanilla Ice-cream,Pkt,0.0,0.0,1.0,544.0,0.0,0.0,1.0,544.0
2023-02,Paneer,Kg,0.0,0.0,4.0,1080.0,2.0,540.0,2.0,540.0
2023-02,Slice Mango 250ml pet,Case,0.0,0.0,1.0,530.1,0.0,0.0,1.0,530.1
2023-02,Veeba Ketchup Sachet,Nos,1641.0,1312.64,0.0,0.0,985.0,787.91,656.0,524.7300000000001
2023-02,Egg,Nos,0.0,0.0,83.0,498.0,0.0,0.0,83.0,498.0
2023-02,BBQ Mix Masala,Kg,6.6,2919.84,0.0,0.0,5.5,2433.2,1.0999999999999996,486.6400000000003
2023-02,Salad Bowl 500ml,Nos,165.0,1197.9,0.0,0.0,100.0,726.0,65.0,471.9000000000001
2023-02,Rice-Nawab-26kg,Kg,16.5,610.5,0.0,0.0,4.0,148.0,12.5,462.5
2023-02,Brocoli-isha Vegitable,Kg,0.0,0.0,2.05,451.0,0.0,0.0,2.0,451.0
2023-02,Veeba T. Ketchup 1.2KG,Nos,5.0,492.8,3.0,315.0,3.5,367.5,4.5,440.29999999999995
2023-02,Frozen Sweet Corn,Kg,6.0,750.0,0.0,0.0,2.5,312.5,3.5,437.5
2023-02,Chicken Kheema  Masala,Kg,0.4,260.4,0.25,162.75,0.0,0.0,0.4,423.15
2023-02,Veeba Makhani Gravy 1KG,Nos,6.0,1263.36,0.0,0.0,4.0,842.24,2.0,421.1199999999999
2023-02,Micro 16x20,Pkt,0.0,0.0,3.0,420.0,0.0,0.0,3.0,420.0
2023-02,Zippy  B.Fast Sausage ,Pkt,3.3,1053.36,0.0,0.0,2.0,638.4,1.2999999999999998,414.9599999999999
2023-02,Lehar Soda,Case,0.0,0.0,1.0,395.04,0.0,0.0,1.0,395.04
2023-02,Baby Corn Whole-Fresh-Isha Vegitables,Kg,0.0,0.0,1.0,380.0,0.0,0.0,1.0,380.0
2023-02,paneer,Kg,1.4,378.0,0.0,0.0,0.0,0.0,1.4,378.0
2023-02,JIVO Pomace Olive Oil ,Nos,3.0,1005.03,0.0,0.0,1.9,636.52,1.1,368.51
2023-02,Paper Glass,Pkt,1.5,97.5,4.0,260.0,0.0,0.0,5.5,357.5
2023-02,Tissue-Energy-Big,Pkt,3.0,54.0,22.0,396.0,6.0,108.0,19.0,342.0
2023-02,Aqua Fina Mineral Water 1Ltr,Case,0.0,0.0,2.0,335.98,0.0,0.0,2.0,335.98
2023-02,French Fries 6mm-ITC,Kg,2.25,324.0,0.0,0.0,0.0,0.0,2.25,324.0
2023-02,Chicken Nuggets-Godrej-1kg,Pkt,0.0,0.0,1.0,320.0,0.0,0.0,1.0,320.0
2023-02,Neo-Black Sliced Olives-3kg,Nos,2.5,1565.2,0.0,0.0,2.0,1252.16,0.5,313.03999999999996
2023-02,Zippy Chicken Salami,Kg,3.2,999.94,0.0,0.0,2.2,687.46,1.0,312.48
2023-02,French Fries Box,Nos,130.0,552.5,300.0,1503.0,350.0,1757.0,80.0,298.5
2023-02,Egg-5.5,Nos,0.0,0.0,53.0,291.5,0.0,0.0,53.0,291.5
2023-02,Pepsi 1250ml Pet,Nos,20.0,1158.4,0.0,0.0,15.0,868.8,5.0,289.60000000000014
2023-02,GO Orange Cheddar Cheese 2kg,Kg,2.7,1529.55,0.0,0.0,2.2,1246.3,0.5,283.25
2023-02,Micro 20x26,Pkt,1.0,140.0,1.0,140.0,0.0,0.0,2.0,280.0
2023-02,butter papper,Nos,20.0,70.0,75.0,262.5,15.0,52.5,80.0,280.0
2023-02,Lamp Pepperoni,Kg,0.38,357.77,0.5,470.75,0.6,564.9,0.7799999999999999,263.62
2023-02,Slice Mango 250ml pet,Nos,27.0,477.09,0.0,0.0,13.0,229.71,14.0,247.37999999999997
2023-02,chicken kheema-Adakkaputhur,Kg,0.0,0.0,1.4,237.0,0.0,0.0,1.0,237.0
2023-02,Hand Wash,Nos,0.0,0.0,1.0,230.0,0.0,0.0,1.0,230.0
2023-02,Paneer Tikka Butter Masala,Kg,1.75,617.4,0.0,0.0,1.1,388.08,0.6499999999999999,229.32
2023-02,Garlic-Veg,Kg,0.0,0.0,3.5,227.0,0.0,0.0,4.0,227.0
2023-02,Veeba Tandoori Spread-1kg,Nos,10.5,2278.5,0.0,0.0,9.5,2061.5,1.0,217.0
2023-02,Mirinda 250ml pet,Nos,23.0,402.5,15.0,262.5,26.0,455.0,12.0,210.0
2023-02,Mustard-Oil,Pkt,1.0,100.0,1.0,105.0,0.0,0.0,2.0,205.0
2023-02,Chocolate Ice-cream,Kg,2.5,726.7,0.0,0.0,1.5,525.0,1.0,201.70000000000005
2023-02,Petrol-BPCL,Ltr,0.0,0.0,1.87,200.0,0.0,0.0,2.0,200.0
2023-02,Sting 250ml pet,Nos,11.0,192.5,0.0,0.0,0.0,0.0,11.0,192.5
2023-02,Honey,Ltr,1.0,460.0,0.0,0.0,0.6,276.0,0.4,184.0
2023-02,Chilli Flakes-Puramate-400grm,Kg,0.5,179.81,0.0,0.0,0.0,0.0,0.5,179.81
2023-02,Micro 27x30,Pkt,1.0,180.0,0.0,0.0,0.0,0.0,1.0,180.0
2023-02,Puramate Pasta-Gomiti Rigate - macroni - 500g,Grams,4300.0,584.8,0.0,0.0,3000.0,408.0,1300.0,176.79999999999995
2023-02,plastic cover-HM- 5kg,Pkt,1.0,170.0,0.0,0.0,0.0,0.0,1.0,170.0
2023-02,Malas Chocolate Sauce 5 ltr,Ltr,4.2,890.41,0.0,0.0,3.4,720.81,0.8000000000000003,169.60000000000002
2023-02,Coriander Powder-loose,Kg,0.1,16.0,1.5,217.0,0.4,68.8,1.7000000000000002,164.2
2023-02,Cashew nut,Kg,0.1,80.0,0.2,155.0,0.1,75.0,0.0,160.0
2023-02,plastic Cover-1kg,Pkt,1.0,160.0,1.0,160.0,1.0,160.0,1.0,160.0
2023-02,Chilli Powder Loose,Kg,0.0,0.0,0.75,155.0,0.0,0.0,1.0,155.0
2023-02,Rubber Seal,Nos,0.0,0.0,1.0,150.0,0.0,0.0,1.0,150.0
2023-02,Cauli Flower-veg,Kg,0.0,0.0,4.35,149.0,0.0,0.0,4.0,149.0
2023-02,Tandoori Chicken Masala-Bakers,Pkt,1.0,74.0,2.0,142.0,1.0,70.0,2.0,146.0
2023-02,Aqua Fina Mineral Water 1Ltr,Nos,31.0,433.97,0.0,0.0,21.0,293.98,10.0,139.99
2023-02,Micro 13x16,Pkt,0.0,0.0,1.0,140.0,0.0,0.0,1.0,140.0
2023-02,Papper carry bag large,Nos,23.0,264.5,50.0,575.0,61.0,701.5,12.0,138.0
2023-02,Corn Meal - MAKKA RAVA,Pkt,0.0,0.0,1.5,135.0,0.0,0.0,2.0,135.0
2023-02,Piri Piri Marinade 1KG,Kg,2.3,1023.5,0.0,0.0,2.0,890.0,0.2999999999999998,133.5
2023-02,Basil-fresh-Isha Vegitables,Kg,0.0,0.0,0.2,125.0,0.0,0.0,0.0,125.0
2023-02,Cling Flim,Nos,0.0,0.0,1.0,120.0,0.0,0.0,1.0,120.0
2023-02,Corn Meal - MAKKA RAVA,Kg,2.0,180.0,0.0,0.0,0.7,63.0,1.3,117.0
2023-02,Strawberry-Ice cream,Kg,1.8,410.73,0.0,0.0,1.3,296.64,0.5,114.09000000000003
2023-02,Sugar-Loose,Kg,0.5,19.25,4.0,152.0,1.5,57.0,3.0,114.25
2023-02,Cash Voucher Book,Nos,0.0,0.0,2.0,112.0,0.0,0.0,2.0,112.0
2023-02,Curd-Sheethal-400g,Pkt,0.0,0.0,4.0,112.0,0.0,0.0,4.0,112.0
2023-02,Strawberry sause 750,Nos,0.7,112.0,0.0,0.0,0.0,0.0,0.7,112.0
2023-02,Pineapple slice-Tajir Habit-500g,Tin,3.0,330.75,0.0,0.0,2.0,220.5,1.0,110.25
2023-02,Pineapple-Veg,Kg,0.0,0.0,2.05,106.0,0.0,0.0,2.0,106.0
2023-02,Paper Straw,Pkt,1.0,35.0,2.0,70.0,0.0,0.0,3.0,105.0
2023-02,Green Chilly-Veg,Kg,0.0,0.0,2.5,101.0,0.0,0.0,3.0,101.0
2023-02,Lehar Soda,Nos,38.0,625.48,0.0,0.0,32.0,526.72,6.0,98.75999999999999
2023-02,Tea Loose,Kg,0.1,20.0,0.4,78.0,0.0,0.0,0.1,98.0
2023-02,Butter Scotch Sauce 750ml,Grams,500.0,92.0,0.0,0.0,0.0,0.0,500.0,92.0
2023-02,Chilli Powder,Kg,0.25,82.5,0.0,0.0,0.0,0.0,0.25,82.5
2023-02,Catering Cap,Pkt,0.0,0.0,1.0,80.0,0.0,0.0,1.0,80.0
2023-02,Coriander Leaves-Veg,Kg,0.0,0.0,1.1,80.0,0.0,0.0,1.0,80.0
2023-02,egg-6.50,Nos,0.0,0.0,12.0,78.0,0.0,0.0,12.0,78.0
2023-02,bred premix,Kg,1.0,189.0,0.0,0.0,0.6,113.4,0.4,75.6
2023-02,Exo sponge,Nos,0.0,0.0,2.0,70.0,0.0,0.0,2.0,70.0
2023-02,Jumbo Cover-Blue,Pkt,0.5,35.0,1.0,70.0,0.5,35.0,1.0,70.0
2023-02,Bitter Guard-Veg,Kg,0.0,0.0,1.7,68.0,0.0,0.0,2.0,68.0
2023-02,Veeba Barbequesauce 1KG,Nos,3.4,564.4,0.0,0.0,3.0,498.0,0.3999999999999999,66.39999999999998
2023-02,Agarbathi,Pkt,0.0,0.0,2.0,65.0,0.0,0.0,2.0,65.0
2023-02,Carrot-Veg,Kg,0.0,0.0,1.5,62.0,0.0,0.0,2.0,62.0
2023-02,Mint-Veg,Kg,0.0,0.0,0.9,62.0,0.0,0.0,1.0,62.0
2023-02,Turmeric Powder-loose,Kg,0.0,0.0,0.5,60.0,0.0,0.0,1.0,60.0
2023-02,Tripod,Nos,400.0,499.85,0.0,0.0,300.0,444.0,100.0,55.85000000000002
2023-02,Black pepper,Kg,0.1,55.0,0.0,0.0,0.0,0.0,0.1,55.0
2023-02,Parsely-Veg,Kg,0.0,0.0,0.12,53.0,0.0,0.0,0.0,53.0
2023-02,Chicken-Masala-Melam,Pkt,0.0,0.0,2.0,52.0,0.0,0.0,2.0,52.0
2023-02,Ginger-Veg,Kg,0.0,0.0,0.8,51.0,0.0,0.0,1.0,51.0
2023-02,Wooden Spoon-110mm,Nos,120.0,93.6,0.0,0.0,58.0,45.24,62.0,48.35999999999999
2023-02,Ice cube,Kg,2.25,45.0,0.0,0.0,0.0,0.0,2.25,45.0
2023-02,Ice cube,Pkt,0.0,0.0,3.0,90.0,1.5,45.0,1.5,45.0
2023-02,Dip Bowl,Nos,14.0,41.3,0.0,0.0,0.0,0.0,14.0,41.3
2023-02,Cheera-veg,Kg,0.0,0.0,1.0,40.0,0.0,0.0,1.0,40.0
2023-02,Cherry,Kg,0.1,25.0,0.2,40.0,0.1,25.0,0.0,40.0
2023-02,Note Book,Nos,0.0,0.0,1.0,40.0,0.0,0.0,1.0,40.0
2023-02,Red Apple,Kg,0.0,0.0,0.4,40.0,0.0,0.0,0.0,40.0
2023-02,payyar-veg,Kg,0.0,0.0,1.0,40.0,0.0,0.0,1.0,40.0
2023-02,stamp pad,Nos,0.0,0.0,1.0,35.0,0.0,0.0,1.0,35.0
2023-02,Micro 13x16,Nos,40.0,140.0,0.0,0.0,31.0,108.5,9.0,31.5
2023-02,Parsely- Isga Vegitable,Kg,0.0,0.0,0.15,30.0,0.0,0.0,0.0,30.0
2023-02,Soap Powder-500g,Pkt,0.0,0.0,1.0,30.0,0.0,0.0,1.0,30.0
2023-02,yam-veg,Kg,0.0,0.0,0.6,29.0,0.0,0.0,1.0,29.0
2023-02,Exo Dishwash cake,Nos,8.0,38.4,10.0,48.0,12.0,57.6,6.0,28.800000000000004
2023-02,salt powder,Pkt,2.8,28.0,0.0,0.0,0.0,0.0,2.8,28.0
2023-02,Chicken Masala,Pkt,0.0,0.0,1.0,27.0,0.0,0.0,1.0,27.0
2023-02,Cucumber-veg,Kg,0.0,0.0,0.8,27.0,0.0,0.0,1.0,27.0
2023-02,Chicken Masala,Nos,1.0,26.0,0.0,0.0,0.0,0.0,1.0,26.0
2023-02,Wooden Fork-160mm,Nos,25.0,26.25,0.0,0.0,0.0,0.0,25.0,26.25
2023-02,cabbage-veg,Kg,0.0,0.0,1.2,22.0,0.0,0.0,1.0,22.0
2023-02,Tooth Pick,Pkt,0.0,0.0,1.0,20.0,0.0,0.0,1.0,20.0
2023-02,kovakka-veg,Kg,0.0,0.0,0.5,20.0,0.0,0.0,1.0,20.0
2023-02,Garlic Chilli Spread,Kg,7.4,1198.8,0.0,0.0,7.3,1182.6,0.10000000000000053,16.200000000000045
2023-02,cockroach killer chalk,Nos,0.0,0.0,1.0,15.0,0.0,0.0,1.0,15.0
2023-02,Wooden Spoon-160mm,Nos,40.0,39.2,0.0,0.0,26.0,25.48,14.0,13.720000000000002
2023-02,Salt-sprinkle-powder,Pkt,0.0,0.0,1.0,12.0,0.0,0.0,1.0,12.0
2023-02,brinjal-veg,Kg,0.0,0.0,0.4,12.0,0.0,0.0,0.0,12.0
2023-02,pen,Nos,0.0,0.0,2.0,12.0,0.0,0.0,2.0,12.0
2023-02,Salt Powder,Pkt,0.0,0.0,1.0,10.0,0.0,0.0,1.0,10.0
2023-02,plaster-Medical,Nos,0.0,0.0,5.0,10.0,0.0,0.0,5.0,10.0
2023-02,Agarbathi-Small,Pkt,0.0,0.0,1.0,9.0,0.0,0.0,1.0,9.0
2023-02,Beans-veg,Kg,0.0,0.0,0.2,9.0,0.0,0.0,0.0,9.0
2023-02,Vineger,Ltr,0.3,12.6,0.0,0.0,0.2,8.4,0.09999999999999998,4.199999999999999
2023-02,Paper Plates,Nos,42.0,42.0,0.0,0.0,40.0,40.0,2.0,2.0
2023-02,Dried Yeast,Kg,6.5,2.21,0.0,0.0,4.7,1.6,1.7999999999999998,0.6099999999999999
2023-02,GO-Monterey Jack Cheese-2kg,Kg,1.5,915.01,0.0,0.0,1.5,915.01,0.0,0.0
2023-02,Micro 16x20,Nos,30.0,105.0,0.0,0.0,32.0,112.0,-2.0,-7.0
2023-02,Turmeric Powder,Kg,0.2,28.0,0.0,0.0,0.25,35.0,-0.04999999999999999,-7.0
2023-02,Salt Powder,Kg,0.0,0.0,0.0,0.0,0.8,8.0,-0.8,-8.0
2023-02,Black Grapes,Kg,0.1,18.0,0.0,0.0,0.1,40.0,0.0,-22.0
2023-02,Chicken Masala,Grams,0.0,0.0,0.0,0.0,100.0,26.0,-100.0,-26.0
2023-02,Dew 750ml Pet,Nos,18.0,618.84,0.0,0.0,19.0,653.22,-1.0,-34.379999999999995
2023-02,Paper Straw,Nos,0.0,0.0,0.0,0.0,116.0,40.6,-116.0,-40.6
2023-02,Chicken Kheema,Kg,0.0,0.0,0.0,0.0,0.2,51.8,-0.2,-51.8
2023-02,Butter Scotch Sauce 750ml,Nos,0.0,0.0,0.0,0.0,0.4,55.2,-0.4,-55.2
2023-02,Pepsi 250ml Can,Nos,20.0,600.0,0.0,0.0,22.0,660.0,-2.0,-60.0
2023-02,Mustard-Oil,Ltr,0.0,0.0,0.0,0.0,0.3,63.0,-0.3,-63.0
2023-02,7up 250ml Can,Nos,18.0,432.0,0.0,0.0,21.0,504.0,-3.0,-72.0
2023-02,Micro 27x30,Nos,0.0,0.0,0.0,0.0,11.0,82.5,-11.0,-82.5
2023-02,Paper Glass,Nos,0.0,0.0,0.0,0.0,140.0,91.0,-140.0,-91.0
2023-02,Micro 20x26,Nos,0.0,0.0,0.0,0.0,20.0,93.33,-20.0,-93.33
2023-02,Mirinda 750ml pet,Nos,18.0,618.84,12.0,412.56,33.0,1134.54,-3.0,-103.13999999999987
2023-02,Chilli Flakes,Kg,0.0,0.0,0.0,0.0,0.25,110.0,-0.25,-110.0
2023-02,Mixed Herb Loose,Grams,275.0,264.0,0.0,0.0,400.0,384.0,-125.0,-120.0
2023-02,7up 250ml Pet,Nos,42.0,735.0,0.0,0.0,49.0,857.5,-7.0,-122.5
2023-02,plastic cover 5kg,Kg,0.0,0.0,0.0,0.0,0.8,128.0,-0.8,-128.0
2023-02,Chettinad Mix,Kg,0.0,0.0,0.25,162.75,0.45,292.95,-0.45,-130.2
2023-02,Veeba Eggless Mayonise Chef 1KG,Nos,15.0,2100.0,0.0,0.0,16.0,2240.0,-1.0,-140.0
2023-02,Strawberry sause 750,Grams,0.0,0.0,0.0,0.0,700.0,149.33,-700.0,-149.33
2023-02,Puramate Basil 250g Pouch,Grams,200.0,156.0,0.0,0.0,400.0,312.0,-200.0,-156.0
2023-02,Chicken Kheema  Masala,Kg,0.0,0.0,0.0,0.0,0.25,162.75,-0.25,-162.75
2023-02,Chilly Powder 1kg-Eastern,Kg,0.0,0.0,0.0,0.0,0.6,198.01,-0.6,-198.01
2023-02,Chicken Nuggets-Godrej-1kg,Kg,0.0,0.0,0.0,0.0,0.7,224.0,-0.7,-224.0
2023-02,Butter Scotch Ice-cream,Kg,1.6,562.18,0.0,0.0,2.3,808.14,-0.6999999999999997,-245.96000000000004
2023-02,Mc Cain Potato Wedges 2.5kg,Kg,0.0,0.0,0.0,0.0,1.4,269.7,-1.4,-269.7
2023-02,Maida(Porotta 50kg),Kg,144.0,6048.0,0.0,0.0,155.0,6355.0,-11.0,-307.0
2023-02,DVC MOJITO MINT 750ML,Grams,0.0,0.0,0.0,0.0,600.0,349.6,-600.0,-349.6
2023-02,Dew 250ml Can,Nos,11.0,330.0,0.0,0.0,24.0,720.0,-13.0,-390.0
2023-02,Dew 250ml Pet,Nos,16.0,280.0,0.0,0.0,45.0,787.5,-29.0,-507.5
2023-02,CHILLY FLAKES SACHET 0.8GM,Nos,1176.0,862.4,0.0,0.0,1985.0,1455.67,-809.0,-593.2700000000001
2023-02,Puramate Pasta-Penne Rigatte 500g,Grams,0.0,0.0,0.0,0.0,4700.0,639.2,-4700.0,-639.2
2023-02,7UP 750ml Pet,Nos,29.0,997.02,0.0,0.0,50.0,1719.0,-21.0,-721.98
2023-02,7UP 1250ml Pet,Nos,5.0,289.6,0.0,0.0,18.0,1042.56,-13.0,-752.9599999999999
2023-02,French Fries 9mm-Funwave,Kg,0.0,0.0,0.0,0.0,5.5,800.8,-5.5,-800.8
2023-02,DVC BLUE OCCEAN FLV SYRUP 750ML,Ltr,0.0,0.0,0.0,0.0,1.5,932.01,-1.5,-932.01
2023-02,DVC Green Apple 750 ML,Ltr,0.0,0.0,0.0,0.0,2.1,1304.82,-2.1,-1304.82
2023-02,Processed cheese block,Kg,0.0,0.0,0.0,0.0,2.5,1375.0,-2.5,-1375.0
2023-02,Veeba Gouda Flavoured Dressing,Kg,0.0,0.0,0.0,0.0,8.1,1701.0,-8.1,-1701.0
2023-02,Reitzel-Jalapeno Slice-2.9kg,Nos,0.0,0.0,0.0,0.0,6.0,1788.0,-6.0,-1788.0
2023-02,Garlic Bread Box,Nos,95.0,707.75,100.0,879.0,385.0,3384.15,-190.0,-1797.4
2023-03,AMUL Mozzarella Diced 1Kg,Kg,17.0,7802.99,120.0,55763.97,66.8,31422.72,70.2,32144.239999999998
2023-03,Bornless Chicken- Adakkaputhur,Kg,3.1,837.0,56.4,13780.59,4.55,1146.6,54.550000000000004,13470.99
2023-03,French Fries 6mm-Funwave,Pkt,17.0,6188.0,20.0,7280.0,0.0,0.0,37.0,13468.0
2023-03,Gas-LPG-HPCL,Nos,0.0,0.0,6.0,12900.0,0.0,0.0,6.0,12900.0
2023-03,Maida(Porotta 50kg),Pkt,0.0,0.0,4.0,8200.0,0.0,0.0,4.0,8200.0
2023-03,Palm Oil - Refined Oil,Pkt,4.0,400.0,50.0,4890.0,3.0,282.0,51.0,5008.0
2023-03,G.Crown Mushroom Slice 800g,Pkt,22.0,2156.0,72.0,7056.0,54.0,5292.0,40.0,3920.0
2023-03,Veeba Eggless Mayonise Chef 1KG,Nos,16.0,2240.0,12.0,1680.0,0.0,0.0,28.0,3920.0
2023-03,Regular Pizza Box,Nos,192.0,1664.64,800.0,6936.0,566.0,4907.22,426.0,3693.419999999999
2023-03,French Fries 9mm-Funwave,Pkt,0.0,0.0,10.0,3640.0,0.0,0.0,10.0,3640.0
2023-03,Reitzel-Jalapeno Slice-2.9kg,Nos,6.0,1788.0,6.0,1788.0,0.0,0.0,12.0,3576.0
2023-03,7UP 1250ml Pet,Case,0.0,0.0,5.0,3475.2,0.0,0.0,5.0,3475.2
2023-03,Medium Pizza Box,Nos,813.0,9016.17,150.0,1663.5,670.0,7430.3,293.0,3249.37
2023-03,Oregano Sprinkler 500g,Nos,0.0,0.0,10.0,3045.0,0.0,0.0,10.0,3045.0
2023-03,Garlic Bread Box,Nos,385.0,3384.15,0.0,0.0,41.0,360.39,344.0,3023.76
2023-03,Pizza Premix,Kg,10.0,2362.5,15.0,3543.75,13.3,3142.12,11.7,2764.13
2023-03,Pepsi 750ml Pet,Case,0.0,0.0,3.0,2475.33,0.0,0.0,3.0,2475.33
2023-03,DVC MOJITO MINT 750ML,Nos,0.0,0.0,5.0,2442.6,0.0,0.0,5.0,2442.6
2023-03,Milkymist Cheese BLock 1KG,Pkt,0.0,0.0,4.0,2200.0,0.0,0.0,4.0,2200.0
2023-03,Pepsi 250ml Pet,Case,0.0,0.0,4.0,2100.0,0.0,0.0,4.0,2100.0
2023-03,Pepsi 1250ml Pet,Case,0.0,0.0,3.0,2085.12,0.0,0.0,3.0,2085.12
2023-03,Tomato-Veg,Kg,0.0,0.0,97.0,2074.0,0.0,0.0,97.0,2074.0
2023-03,OREGANO SACHET 0.8GM,Pkt,0.0,0.0,9.0,1980.0,0.0,0.0,9.0,1980.0
2023-03,Veeba Pasta & Pizza Sauce 1KG,Nos,2.5,450.0,24.0,4560.0,16.0,3040.0,10.5,1970.0
2023-03,Mexican Masala,Kg,6.5,2584.4,5.0,2184.0,6.5,2839.2,5.0,1929.1999999999998
2023-03,Veeba Ketchup Sachet,Pkt,0.0,0.0,24.0,1919.76,0.0,0.0,24.0,1919.76
2023-03,Veeba Gouda Flavoured Dressing,Kg,8.1,1701.0,0.0,0.0,0.0,0.0,8.1,1701.0
2023-03,Dried Yeast,Pkt,0.0,0.0,10.0,1699.9,0.0,0.0,10.0,1699.9
2023-03,7UP 750ml Pet,Case,0.0,0.0,2.0,1650.22,0.0,0.0,2.0,1650.22
2023-03,Dew 750ml Pet,Case,0.0,0.0,2.0,1650.22,0.0,0.0,2.0,1650.22
2023-03,Milk-Sheethal-450ml,Pkt,3.0,78.0,64.0,1664.0,4.0,104.0,63.0,1638.0
2023-03,Vanilla Ice-cream,Pkt,0.0,0.0,4.0,2176.0,1.0,544.0,3.0,1632.0
2023-03,Brownie,Kg,6.0,2419.2,2.0,806.0,4.0,1612.0,4.0,1613.1999999999998
2023-03,CHILLY FLAKES SACHET 0.8GM,Nos,1985.0,1455.67,0.0,0.0,0.0,0.0,1985.0,1455.67
2023-03,Onion-Veg,Kg,0.0,0.0,73.0,1415.0,0.0,0.0,73.0,1415.0
2023-03,Processed cheese block,Kg,2.5,1375.0,0.0,0.0,0.0,0.0,2.5,1375.0
2023-03,Moktails Glass,Nos,180.0,1612.8,100.0,896.0,132.0,1182.72,148.0,1326.0800000000002
2023-03,DVC Green Apple 750 ML,Ltr,2.1,1304.82,0.0,0.0,0.0,0.0,2.1,1304.82
2023-03,Chicken-Whole-Staff,Kg,0.0,0.0,11.1,1199.02,0.0,0.0,11.0,1199.02
2023-03,Papper carry bag small,Nos,144.0,1152.0,0.0,0.0,0.0,0.0,144.0,1152.0
2023-03,butter,Kg,3.5,1330.0,2.0,760.0,2.5,950.0,3.0,1140.0
2023-03,Capcicum-Veg,Kg,0.0,0.0,15.84,1092.05,0.0,0.0,16.0,1092.05
2023-03,Atta Loose,Kg,4.0,166.0,25.0,1026.0,2.7,110.7,26.3,1081.3
2023-03,Slice Mango 250ml pet,Case,0.0,0.0,2.0,1060.2,0.0,0.0,2.0,1060.2
2023-03,7up 250ml Pet,Case,0.0,0.0,2.0,1050.0,0.0,0.0,2.0,1050.0
2023-03,BBQ Wings,Kg,2.7,1206.58,0.0,0.0,0.5,223.44,2.2,983.1399999999999
2023-03,Flexi Cream Gold,Pkt,2.0,389.4,4.0,778.8,1.0,194.7,5.0,973.4999999999998
2023-03,Mc Cain Potato Wedges 2.5kg,Nos,2.0,963.2,0.0,0.0,0.0,0.0,2.0,963.2
2023-03,Rice-Nawab-26kg,Pkt,0.0,0.0,1.0,962.0,0.0,0.0,1.0,962.0
2023-03,Zippy  B.Fast Sausage ,Pkt,2.0,638.4,1.0,319.2,0.0,0.0,3.0,957.5999999999999
2023-03,Paneer,Kg,2.0,540.0,3.0,810.0,1.5,405.0,3.5,945.0
2023-03,Zippy Chicken Salami,Pkt,0.0,0.0,3.0,937.44,0.0,0.0,3.0,937.44
2023-03,DVC BLUE OCCEAN FLV SYRUP 750ML,Ltr,1.5,932.01,0.0,0.0,0.0,0.0,1.5,932.01
2023-03,Pizza sauce premix,Kg,2.9,898.28,3.0,929.25,3.0,929.25,2.9000000000000004,898.28
2023-03,Lemon-Veg,Kg,0.0,0.0,6.0,795.0,0.0,0.0,6.0,795.0
2023-03,Lehar Soda,Case,0.0,0.0,2.0,790.08,0.0,0.0,2.0,790.08
2023-03,Egg-5.5,Nos,0.0,0.0,140.0,770.0,0.0,0.0,140.0,770.0
2023-03,Potato-Veg,Kg,0.0,0.0,27.0,741.0,0.0,0.0,27.0,741.0
2023-03,7up 250ml Can,Case,0.0,0.0,1.0,720.0,0.0,0.0,1.0,720.0
2023-03,Pepsi 250ml Can,Case,0.0,0.0,1.0,720.0,0.0,0.0,1.0,720.0
2023-03,Brocoli-isha Vegitable,Kg,0.0,0.0,2.9,714.0,0.0,0.0,3.0,714.0
2023-03,Herb Mix Masla,Kg,3.5,1528.8,2.0,918.4,3.8,1744.96,1.7000000000000002,702.2399999999998
2023-03,Puramate Pasta-Penne Rigatte 500g,Nos,0.0,0.0,10.0,680.0,0.0,0.0,10.0,680.0
2023-03,Shake Glass,Pkt,0.0,0.0,1.0,680.0,0.0,0.0,1.0,680.0
2023-03,Chicken Nuggets-Godrej-1kg,Pkt,0.0,0.0,2.0,640.0,0.0,0.0,2.0,640.0
2023-03,JIVO Pomace Olive Oil ,Nos,1.9,636.52,3.0,1005.03,3.0,1005.03,1.9000000000000004,636.52
2023-03,DVC PASSION FRUIT FLV SYRUP 750ML,Nos,0.0,0.0,3.0,1465.56,1.7,830.48,1.3,635.0799999999999
2023-03,Red yellow capsicum-isha Vegitable,Kg,0.0,0.0,3.35,631.5,0.0,0.0,3.0,631.5
2023-03,Neo-Black Sliced Olives-3kg,Nos,2.0,1252.16,2.0,1252.16,3.0,1878.24,1.0,626.0800000000002
2023-03,Frozen Sweet Corn,Pkt,0.0,0.0,5.0,625.0,0.0,0.0,5.0,625.0
2023-03,Garlic-Veg,Kg,0.0,0.0,5.8,613.4,0.0,0.0,6.0,613.4
2023-03,Tandoori mix Masala,Kg,4.5,1688.4,4.0,1657.6,6.6,2735.04,1.9000000000000004,610.96
2023-03,Berry Fresh Chicku Pulp,Tin,0.0,0.0,4.0,1080.0,2.0,540.0,2.0,540.0
2023-03,Baby Corn Whole-Fresh-Isha Vegitables,Kg,0.0,0.0,1.4,532.0,0.0,0.0,1.0,532.0
2023-03,BBQ Mix Masala,Kg,5.5,2433.2,0.0,0.0,4.3,1902.32,1.2000000000000002,530.8799999999999
2023-03,Dew 250ml Pet,Case,0.0,0.0,1.0,525.0,0.0,0.0,1.0,525.0
2023-03,Mirinda 250ml pet,Case,0.0,0.0,1.0,525.0,0.0,0.0,1.0,525.0
2023-03,Lamp Pepperoni,Kg,0.6,564.9,0.5,470.75,0.55,517.82,1.05,517.83
2023-03,Aqua Fina Mineral Water 1Ltr,Case,0.0,0.0,3.0,503.97,0.0,0.0,3.0,503.97
2023-03,Frozen Sweet Corn-Pal Fresh,Nos,0.0,0.0,5.0,495.0,0.0,0.0,5.0,495.0
2023-03,Papper carry bag medium,Nos,188.0,1692.0,0.0,0.0,133.0,1197.0,55.0,495.0
2023-03,Salad Bowl 500ml,Nos,100.0,726.0,50.0,363.0,86.0,624.36,64.0,464.64
2023-03,Veeba Tandoori Spread-1kg,Nos,9.5,2061.5,0.0,0.0,7.4,1605.8,2.0999999999999996,455.70000000000005
2023-03,Veeba Gouda Flavoured Dressing,Nos,0.0,0.0,6.0,1290.24,4.0,860.16,2.0,430.08000000000004
2023-03,Veeba Makhani Gravy 1KG,Nos,4.0,842.24,0.0,0.0,2.0,421.12,2.0,421.12
2023-03,Micro 16x20,Pkt,0.0,0.0,3.0,420.0,0.0,0.0,3.0,420.0
2023-03,milk-Milma-525ml,Pkt,0.0,0.0,15.0,420.0,0.0,0.0,15.0,420.0
2023-03,Mirinda 750ml pet,Nos,33.0,1134.54,0.0,0.0,21.0,721.98,12.0,412.55999999999995
2023-03,Maida(Porotta 50kg),Kg,155.0,6355.0,0.0,0.0,145.0,5945.0,10.0,410.0
2023-03,French Fries 9mm-Funwave,Kg,5.5,800.8,0.0,0.0,2.8,407.68,2.7,393.11999999999995
2023-03,Butter Scotch Ice-cream,Kg,2.3,808.14,0.0,0.0,1.2,421.64,1.0999999999999999,386.5
2023-03,butter papper,Nos,15.0,52.5,110.0,385.0,15.0,52.5,110.0,385.0
2023-03,Bread Premix,Kg,0.0,0.0,4.0,945.0,2.4,567.0,1.6,378.0
2023-03,Tissue-Energy-Big,Pkt,6.0,108.0,21.0,378.0,6.0,108.0,21.0,378.0
2023-03,Veeba T. Ketchup 1.2KG,Nos,3.5,367.5,6.0,630.0,6.0,630.0,3.5,367.5
2023-03,Berry Fresh Tender Coconut Pulp,Tin,0.0,0.0,3.0,1050.0,2.0,700.0,1.0,350.0
2023-03,DVC MOJITO MINT 750ML,Grams,600.0,349.6,0.0,0.0,0.0,0.0,600.0,349.6
2023-03,Masoor-Red,Kg,0.0,0.0,6.0,504.0,1.9,155.8,4.1,348.2
2023-03,GO Orange Cheddar Cheese 2kg,Kg,2.2,1246.3,0.0,0.0,1.6,906.4,0.6000000000000001,339.9
2023-03,Dew 250ml Can,Nos,24.0,720.0,0.0,0.0,13.0,390.0,11.0,330.0
2023-03,Paper Glass,Pkt,0.0,0.0,5.0,325.0,0.0,0.0,5.0,325.0
2023-03,Chocolate Ice-cream,Kg,1.5,525.0,0.0,0.0,0.6,210.0,0.9,315.0
2023-03,Neo Red Paprika 3Kg,Nos,2.0,750.02,2.0,869.12,3.0,1303.68,1.0,315.4599999999998
2023-03,Paneer Tikka Butter Masala,Kg,1.1,388.08,2.0,772.8,2.2,850.08,0.8999999999999999,310.79999999999984
2023-03,Cashew nut,Kg,0.1,75.0,0.4,305.0,0.1,75.0,0.0,305.0
2023-03,Honey,Ltr,0.6,276.0,0.0,0.0,0.0,0.0,0.6,276.0
2023-03,chicken kheema-Adakkaputhur,Kg,0.0,0.0,2.0,354.0,0.4,80.0,1.6,274.0
2023-03,French Fries Box,Nos,350.0,1757.0,0.0,0.0,298.0,1492.98,52.0,264.02
2023-03,Curd-Sheethal-400g,Pkt,0.0,0.0,8.0,224.0,0.0,0.0,8.0,224.0
2023-03,Large Pizza Box,Nos,155.0,2286.25,100.0,1475.0,240.0,3540.0,15.0,221.25
2023-03,Pineapple slice-Tajir Habit-500g,Tin,2.0,220.5,0.0,0.0,0.0,0.0,2.0,220.5
2023-03,Chilly Powder 1kg-Eastern,Kg,0.6,198.01,0.0,0.0,0.0,0.0,0.6,198.01
2023-03,Basil-fresh-Isha Vegitables,Kg,0.0,0.0,0.3,194.0,0.0,0.0,0.0,194.0
2023-03,Dew 250ml Pet,Nos,45.0,787.5,0.0,0.0,34.0,595.0,11.0,192.5
2023-03,Mixed Herb Loose,Grams,400.0,384.0,0.0,0.0,200.0,192.0,200.0,192.0
2023-03,Malas Chocolate Sauce 5 ltr,Ltr,3.4,720.81,0.0,0.0,2.5,530.0,0.8999999999999999,190.80999999999995
2023-03,Puramate Basil 250g Pouch,Grams,400.0,312.0,0.0,0.0,160.0,124.8,240.0,187.2
2023-03,Bio-Bag-16x20-50,Kg,0.0,0.0,1.0,230.0,0.2,46.0,0.8,184.0
2023-03,Milk-Milma,Pkt,0.0,0.0,7.0,182.0,0.0,0.0,7.0,182.0
2023-03,Corn Meal - MAKKA RAVA,Pkt,0.0,0.0,2.0,180.0,0.0,0.0,2.0,180.0
2023-03,Soda Spoon,Nos,0.0,0.0,6.0,180.0,0.0,0.0,6.0,180.0
2023-03,Chicken Kheema  Masala,Kg,0.25,162.75,0.0,0.0,0.0,0.0,0.25,162.75
2023-03,Coriander Powder-loose,Kg,0.4,68.8,1.25,175.0,0.6,84.0,0.7999999999999999,159.8
2023-03,Cauli Flower-veg,Kg,0.0,0.0,4.6,158.0,0.0,0.0,5.0,158.0
2023-03,Micro 13x16,Pkt,0.0,0.0,2.0,280.0,0.9,126.0,1.1,154.0
2023-03,Green Chilly-Veg,Kg,0.0,0.0,2.5,148.0,0.0,0.0,3.0,148.0
2023-03,Padlock,Nos,0.0,0.0,1.0,145.0,0.0,0.0,1.0,145.0
2023-03,Tandoori Chicken Masala-Bakers,Pkt,1.0,70.0,2.0,147.0,1.0,72.0,2.0,145.0
2023-03,Chilli Flakes-Puramate-400grm,Pkt,0.0,0.0,1.0,143.85,0.0,0.0,1.0,143.85
2023-03,Micro 20x26,Pkt,0.0,0.0,2.0,280.0,1.0,140.0,1.0,140.0
2023-03,Slice Mango 600ml pet,Nos,0.0,0.0,12.0,412.56,8.0,275.04,4.0,137.51999999999998
2023-03,Puramate Pasta-Gomiti Rigate - macroni - 500g,Nos,0.0,0.0,2.0,136.0,0.0,0.0,2.0,136.0
2023-03,Baby Corn Whole-450GM-Golden Crown,Nos,0.0,0.0,2.0,130.0,0.0,0.0,2.0,130.0
2023-03,Cling Flim,Nos,0.0,0.0,1.0,130.0,0.0,0.0,1.0,130.0
2023-03,plastic cover 5kg,Kg,0.8,128.0,0.0,0.0,0.0,0.0,0.8,128.0
2023-03,Wooden Spoon-160mm,Pkt,0.0,0.0,1.0,125.0,0.0,0.0,1.0,125.0
2023-03,egg,Nos,0.0,0.0,20.0,118.5,0.0,0.0,20.0,118.5
2023-03,Parsely- Isha Vegitable,Kg,0.0,0.0,0.55,116.5,0.0,0.0,1.0,116.5
2023-03,Garlic Chilli Spread,Kg,7.3,1182.6,0.0,0.0,6.6,1069.2,0.7000000000000002,113.39999999999986
2023-03,bred premix,Kg,0.6,113.4,0.0,0.0,0.0,0.0,0.6,113.4
2023-03,Cash Voucher Book,Nos,0.0,0.0,2.0,111.0,0.0,0.0,2.0,111.0
2023-03,Chilli Flakes,Kg,0.25,110.0,0.0,0.0,0.0,0.0,0.25,110.0
2023-03,Micro 13x16,Nos,31.0,108.5,0.0,0.0,0.0,0.0,31.0,108.5
2023-03,Wooden Spoon-110mm,Pkt,0.0,0.0,1.0,109.0,0.0,0.0,1.0,109.0
2023-03,Pineapple-Veg,Kg,0.0,0.0,1.5,108.0,0.0,0.0,2.0,108.0
2023-03,Ice cube,Pkt,1.5,45.0,4.0,120.0,2.0,60.0,3.5,105.0
2023-03,Mustard-Oil,Pkt,0.0,0.0,1.0,105.0,0.0,0.0,1.0,105.0
2023-03,badam,Kg,0.0,0.0,0.2,160.0,0.07,56.0,-0.07,104.0
2023-03,Veeba Barbequesauce 1KG,Nos,3.0,498.0,0.0,0.0,2.4,398.4,0.6000000000000001,99.60000000000002
2023-03,Candyman Fantastick,Pkt,0.0,0.0,1.0,99.0,0.0,0.0,1.0,99.0
2023-03,Hersheys Cocoa-70grm,Pkt,0.0,0.0,1.0,99.0,0.0,0.0,1.0,99.0
2023-03,DVC Green Apple 750 ML,Nos,0.0,0.0,4.0,1954.08,3.8,1856.38,0.20000000000000018,97.69999999999982
2023-03,Red Apple,Kg,0.0,0.0,0.65,96.0,0.0,0.0,1.0,96.0
2023-03,Hersheys Syrup-200grm,Pkt,0.0,0.0,1.0,94.0,0.0,0.0,1.0,94.0
2023-03,Papper carry bag large,Nos,61.0,701.5,0.0,0.0,53.0,609.5,8.0,92.0
2023-03,Piri Piri Marinade 1KG,Kg,2.0,890.0,0.0,0.0,1.8,801.0,0.19999999999999996,89.0
2023-03,Catering Cap,Pkt,0.0,0.0,1.0,80.0,0.0,0.0,1.0,80.0
2023-03,Corn Meal - Chola Rava,Kg,0.0,0.0,1.0,80.0,0.0,0.0,1.0,80.0
2023-03,Ginger-Veg,Kg,0.0,0.0,1.0,80.0,0.0,0.0,1.0,80.0
2023-03,plastic Cover-1kg,Pkt,1.0,160.0,0.0,0.0,0.5,80.0,0.5,80.0
2023-03,Jumbo Cover-Blue,Pkt,0.5,35.0,1.0,75.0,0.5,37.5,1.0,72.5
2023-03,Cherry,Kg,0.1,25.0,0.3,70.0,0.08,24.0,0.020000000000000004,71.0
2023-03,Carrot-Veg,Kg,0.0,0.0,1.5,68.0,0.0,0.0,2.0,68.0
2023-03,Black pepper,Kg,0.0,0.0,0.2,108.0,0.08,43.2,-0.08,64.8
2023-03,Sugar-Loose,Kg,1.5,57.0,2.0,76.0,1.8,68.4,1.7,64.6
2023-03,Mint-Veg,Kg,0.0,0.0,1.0,62.0,0.0,0.0,1.0,62.0
2023-03,Mittai-Milk-Amul,Tin,0.0,0.0,1.0,62.0,0.0,0.0,1.0,62.0
2023-03,Vilekkenna,Nos,0.0,0.0,1.0,62.0,0.0,0.0,1.0,62.0
2023-03,Brush,Nos,0.0,0.0,1.0,60.0,0.0,0.0,1.0,60.0
2023-03,Micro 20x26,Nos,20.0,93.33,0.0,0.0,7.0,32.67,13.0,60.66
2023-03,Towel,Nos,0.0,0.0,3.0,60.0,0.0,0.0,3.0,60.0
2023-03,payyar-veg,Kg,0.0,0.0,1.65,60.0,0.0,0.0,2.0,60.0
2023-03,Chicken-Masala-Melam,Pkt,0.0,0.0,2.0,58.0,0.0,0.0,2.0,58.0
2023-03,Bio-Bag-20x26-35,Kg,0.0,0.0,1.0,230.0,0.75,172.5,0.25,57.5
2023-03,Butter Scotch Sauce 750ml,Nos,0.4,55.2,0.0,0.0,0.0,0.0,0.4,55.2
2023-03,Chicken Kheema,Kg,0.2,51.8,0.0,0.0,0.0,0.0,0.2,51.8
2023-03,Cheera-veg,Kg,0.0,0.0,1.5,50.0,0.0,0.0,2.0,50.0
2023-03,Coriander Leaves-Veg,Kg,0.0,0.0,0.8,49.0,0.0,0.0,1.0,49.0
2023-03,Bio-Bag-10x14-140,Kg,0.0,0.0,1.0,230.0,0.8,184.0,0.19999999999999996,46.0
2023-03,Mutton Masala,Pkt,0.0,0.0,1.0,45.0,0.0,0.0,1.0,45.0
2023-03,Paper Straw Big,Pkt,0.0,0.0,1.0,45.0,0.0,0.0,1.0,45.0
2023-03,Micro 16x20,Nos,32.0,112.0,0.0,0.0,20.0,70.0,12.0,42.0
2023-03,Mustard-Oil,Ltr,0.3,63.0,0.0,0.0,0.1,21.0,0.19999999999999998,42.0
2023-03,Paper Straw,Nos,116.0,40.6,0.0,0.0,0.0,0.0,116.0,40.6
2023-03,Black Grapes,Kg,0.1,40.0,0.1,45.0,0.1,45.0,0.0,40.0
2023-03,kovakka-veg,Kg,0.0,0.0,0.9,40.0,0.0,0.0,1.0,40.0
2023-03,Agarbathi,Pkt,0.0,0.0,1.0,35.0,0.0,0.0,1.0,35.0
2023-03,Paper Straw,Pkt,0.0,0.0,1.0,35.0,0.0,0.0,1.0,35.0
2023-03,Paper Straw Small,Pkt,0.0,0.0,1.0,35.0,0.0,0.0,1.0,35.0
2023-03,Soap Powder-500g,Pkt,0.0,0.0,1.0,35.0,0.0,0.0,1.0,35.0
2023-03,Turmeric Powder,Kg,0.25,35.0,0.0,0.0,0.0,0.0,0.25,35.0
2023-03,Bio-Bag-13x16-90,Kg,0.0,0.0,1.0,230.0,0.85,195.5,0.15000000000000002,34.5
2023-03,Bitter Guard-Veg,Kg,0.0,0.0,0.75,33.0,0.0,0.0,1.0,33.0
2023-03,Chettinad Mix,Kg,0.45,292.95,0.0,0.0,0.4,260.4,0.04999999999999999,32.55000000000001
2023-03,Salt Powder,Pkt,0.0,0.0,3.0,30.0,0.0,0.0,3.0,30.0
2023-03,Vermicelli Mix,Pkt,0.0,0.0,1.0,60.0,0.5,30.0,0.5,30.0
2023-03,horlicks,Pkt,0.0,0.0,6.0,30.0,0.0,0.0,6.0,30.0
2023-03,Exo Dishwash cake,Nos,12.0,57.6,0.0,0.0,6.0,28.8,6.0,28.8
2023-03,Tea Loose,Kg,0.0,0.0,0.5,90.0,0.35,63.0,0.65,27.0
2023-03,Chicken Masala,Grams,100.0,26.0,0.0,0.0,0.0,0.0,100.0,26.0
2023-03,Whole Chilly,Kg,0.0,0.0,0.1,26.0,0.0,0.0,0.0,26.0
2023-03,Note Book small,Nos,0.0,0.0,1.0,25.0,0.0,0.0,1.0,25.0
2023-03,Whitner,Nos,0.0,0.0,1.0,25.0,0.0,0.0,1.0,25.0
2023-03,Turmeric Powder-loose,Kg,0.0,0.0,0.5,60.0,0.3,36.0,0.7,24.0
2023-03,Strawberry-Ice cream,Kg,1.3,296.64,0.0,0.0,1.2,273.82,0.10000000000000009,22.819999999999993
2023-03,Mop stick,Nos,0.0,0.0,1.0,22.0,0.0,0.0,1.0,22.0
2023-03,pen,Nos,0.0,0.0,4.0,20.0,0.0,0.0,4.0,20.0
2023-03,super Meal,Kg,0.0,0.0,0.5,20.0,0.0,0.0,1.0,20.0
2023-03,brinjal-veg,Kg,0.0,0.0,0.6,18.0,0.0,0.0,1.0,18.0
2023-03,cabbage-veg,Kg,0.0,0.0,0.95,18.0,0.0,0.0,1.0,18.0
2023-03,steel Scrube,Nos,0.0,0.0,1.0,15.0,0.0,0.0,1.0,15.0
2023-03,Battery Small,Nos,0.0,0.0,1.0,12.0,0.0,0.0,1.0,12.0
2023-03,Salt-sprinkle-powder,Pkt,0.0,0.0,1.0,12.0,0.0,0.0,1.0,12.0
2023-03,Cucumber-veg,Kg,0.0,0.0,0.3,10.0,0.0,0.0,0.0,10.0
2023-03,Paper Plates,Nos,40.0,40.0,0.0,0.0,31.0,31.0,9.0,9.0
2023-03,Beans-veg,Kg,0.0,0.0,0.1,6.0,0.0,0.0,0.0,6.0
2023-03,Dried Yeast,Kg,4.7,1.6,0.0,0.0,0.0,0.0,4.7,1.6
2023-03,Berry Fresh Banana Pulp,Tin,0.0,0.0,1.0,270.0,1.0,270.0,0.0,0.0
2023-03,Butter Scotch Sauce 750ml,Grams,0.0,0.0,0.0,0.0,0.4,0.07,-0.4,-0.07
2023-03,GO-Monterey Jack Cheese-2kg,Kg,1.5,915.01,0.0,0.0,1.5,915.01,0.0,0.0
2023-03,Mango Crush Sauce 750ml Malas,Nos,0.0,0.0,1.0,138.32,1.0,138.32,0.0,0.0
2023-03,Micro 27x30,Nos,11.0,82.5,0.0,0.0,11.0,82.5,0.0,0.0
2023-03,Pepsi 250ml Can,Nos,22.0,660.0,0.0,0.0,22.0,660.0,0.0,0.0
2023-03,Puramate Pasta-Gomiti Rigate - macroni - 500g,Grams,3000.0,408.0,0.0,0.0,3000.0,408.0,0.0,0.0
2023-03,Strawberry sause 750,Grams,700.0,149.33,0.0,0.0,700.0,149.33,0.0,0.0
2023-03,Sumeru Nuggets Premium 1Kg,Nos,0.0,0.0,4.0,1191.68,4.0,1191.68,0.0,0.0
2023-03,Vineger,Ltr,0.2,8.4,0.0,0.0,0.2,8.4,0.0,0.0
2023-03,Salt Powder,Kg,0.8,8.0,0.0,0.0,1.1,11.0,-0.30000000000000004,-3.0
2023-03,Wooden Spoon-110mm,Nos,58.0,45.24,0.0,0.0,52.0,56.68,6.0,-11.439999999999998
2023-03,Chicken-Masala-Melam,Grams,0.0,0.0,0.0,0.0,80.0,23.2,-80.0,-23.2
2023-03,Paper Glass,Nos,140.0,91.0,0.0,0.0,184.0,119.6,-44.0,-28.599999999999994
2023-03,Chicken Kheema  Masala,Kg,0.0,0.0,0.0,0.0,0.05,32.55,-0.05,-32.55
2023-03,Chilli Flakes-Tasty Pixel-Veeba-Sachet-0.8g,Nos,0.0,0.0,0.0,0.0,72.0,38.1,-72.0,-38.1
2023-03,Paper Straw Big,Nos,0.0,0.0,0.0,0.0,85.0,38.25,-85.0,-38.25
2023-03,Paper Straw Small,Nos,0.0,0.0,0.0,0.0,110.0,38.5,-110.0,-38.5
2023-03,Wooden Spoon-160mm,Nos,26.0,25.48,0.0,0.0,55.0,68.75,-29.0,-43.269999999999996
2023-03,Chilli Powder Loose,Kg,0.0,0.0,0.5,100.0,0.8,160.0,0.19999999999999996,-60.0
2023-03,Hersheys Syrup-200grm,Grams,0.0,0.0,0.0,0.0,150.0,70.5,-150.0,-70.5
2023-03,Hersheys Cocoa-70grm,Kg,0.0,0.0,0.0,0.0,0.06,84.86,-0.06,-84.86
2023-03,plastic cover-HM- 5kg,Pkt,0.0,0.0,0.0,0.0,0.5,85.0,-0.5,-85.0
2023-03,Corn Meal - MAKKA RAVA,Kg,0.7,63.0,0.0,0.0,1.8,162.0,-1.1,-99.0
2023-03,Puramate Pasta-Penne Rigatte 500g,Grams,4700.0,639.2,0.0,0.0,5500.0,748.0,-800.0,-108.79999999999995
2023-03,Mc Cain Potato Wedges 2.5kg,Kg,1.4,269.7,0.0,0.0,2.0,385.28,-0.6000000000000001,-115.57999999999998
2023-03,Dip Bowl,Nos,0.0,0.0,0.0,0.0,46.0,135.7,-46.0,-135.7
2023-03,Chicken Nuggets-Godrej-1kg,Kg,0.7,224.0,0.0,0.0,1.2,384.0,-0.5,-160.0
2023-03,Aqua Fina Mineral Water 1Ltr,Nos,21.0,293.98,0.0,0.0,33.0,461.97,-12.0,-167.99
2023-03,7up 250ml Can,Nos,21.0,504.0,0.0,0.0,29.0,696.0,-8.0,-192.0
2023-03,DVC BLUE OCCEAN FLV SYRUP 750ML,Nos,0.0,0.0,3.0,1465.56,3.4,1660.97,-0.3999999999999999,-195.41000000000008
2023-03,Berry Fresh Chicku Pulp,Kg,0.0,0.0,0.0,0.0,1.1,198.0,-1.1,-198.0
2023-03,Baby Corn Whole-800GM-Tajir Habit,Tin,0.0,0.0,0.0,0.0,2.0,224.0,-2.0,-224.0
2023-03,Chilli Flakes-Puramate-400grm,Kg,0.0,0.0,0.0,0.0,0.64,230.16,-0.64,-230.16
2023-03,Lehar Soda,Nos,32.0,526.72,0.0,0.0,47.0,773.62,-15.0,-246.89999999999998
2023-03,Slice Mango 250ml pet,Nos,13.0,229.71,0.0,0.0,29.0,512.43,-16.0,-282.7199999999999
2023-03,Vanilla Ice-cream,Kg,0.3,74.18,0.0,0.0,1.7,420.36,-1.4,-346.18
2023-03,Mirinda 250ml pet,Nos,26.0,455.0,0.0,0.0,46.0,805.0,-20.0,-350.0
2023-03,7UP 750ml Pet,Nos,50.0,1719.0,0.0,0.0,61.0,2097.18,-11.0,-378.17999999999984
2023-03,Chilli Flakes-Tasty Pixel-Veeba-Sachet-0.8g,Pkt,0.0,0.0,6.0,793.8,9.0,1190.7,-3.0,-396.9000000000001
2023-03,French Fries 6mm-Funwave,Kg,0.0,0.0,0.0,0.0,2.9,416.43,-2.9,-416.43
2023-03,Salad Bowl 250ml,Nos,42.0,247.38,0.0,0.0,113.0,665.57,-71.0,-418.19000000000005
2023-03,7up 250ml Pet,Nos,49.0,857.5,0.0,0.0,75.0,1312.5,-26.0,-455.0
2023-03,Lion Honey 1kg,Kg,0.0,0.0,1.0,483.0,2.0,966.0,-1.0,-483.0
2023-03,Mini Burger Box,Nos,0.0,0.0,0.0,0.0,182.0,493.95,-182.0,-493.95
2023-03,Zippy Chicken Salami,Kg,2.2,687.46,0.0,0.0,3.8,1187.42,-1.5999999999999996,-499.96000000000004
2023-03,Pepsi 750ml Pet,Nos,23.0,790.74,0.0,0.0,39.0,1340.82,-16.0,-550.0799999999999
2023-03,Veeba Ketchup Sachet,Nos,985.0,787.91,0.0,0.0,1690.0,1351.84,-705.0,-563.93
2023-03,Frozen Sweet Corn,Kg,2.5,312.5,0.0,0.0,7.3,912.5,-4.8,-600.0
2023-03,Dew 750ml Pet,Nos,19.0,653.22,0.0,0.0,37.0,1272.06,-18.0,-618.8399999999999
2023-03,7UP 1250ml Pet,Nos,18.0,1042.56,0.0,0.0,29.0,1679.68,-11.0,-637.1200000000001
2023-03,Zippy  B.Fast Sausage ,Kg,0.0,0.0,0.0,0.0,2.0,638.4,-2.0,-638.4
2023-03,Pasta Container Black,Nos,127.0,1145.54,0.0,0.0,200.0,1804.0,-73.0,-658.46
2023-03,Rice-Nawab-26kg,Kg,4.0,148.0,0.0,0.0,22.0,814.0,-18.0,-666.0
2023-03,Tripod,Nos,300.0,444.0,0.0,0.0,750.0,1110.0,-450.0,-666.0
2023-03,Pepsi 1250ml Pet,Nos,15.0,868.8,0.0,0.0,27.0,1563.84,-12.0,-695.04
2023-03,Pepsi 250ml Pet,Nos,17.0,297.5,0.0,0.0,58.0,1015.0,-41.0,-717.5
2023-03,OREGANO SACHET 0.8GM,Nos,680.0,498.67,0.0,0.0,2050.0,1503.33,-1370.0,-1004.6599999999999
2023-03,DVC Mint Flavoured Syrup 750 ml,Nos,0.0,0.0,0.0,0.0,2.8,1304.83,-2.8,-1304.83
2023-03,Veeba Eggless Mayonise Chef 1KG,Kg,0.0,0.0,0.0,0.0,13.0,1820.0,-13.0,-1820.0
2023-03,Dried Yeast,Grams,0.0,0.0,0.0,0.0,5700.0,1937.89,-5700.0,-1937.89
2023-03,Oregano Sprinkler 500g,Kg,0.5,304.5,0.0,0.0,4.4,2679.6,-3.9000000000000004,-2375.1
2023-03,Processed cheese block,Pkt,0.0,0.0,0.0,0.0,4.5,2475.0,-4.5,-2475.0
2023-03,TAJIR JALAPENO SLICES 2.5 KG,Nos,0.0,0.0,0.0,0.0,9.0,2565.0,-9.0,-2565.0
2023-03,KOT Printing Rolls,Nos,0.0,0.0,0.0,0.0,57.0,2964.0,-57.0,-2964.0
2023-03,French Fries 6mm-Funwave,Nos,0.0,0.0,10.0,3589.9,38.0,13641.62,-28.0,-10051.720000000001
2023-04,AMUL Mozzarella Diced 1Kg,Kg,66.8,31422.72,24.0,11328.0,0.0,0.0,90.8,42750.72
2023-04,Bornless Chicken- Adakkaputhur,Kg,4.55,1146.6,67.0,17683.95,7.2,1965.17,64.35,16865.379999999997
2023-04,Gas-LPG-HPCL,Nos,0.0,0.0,8.0,16560.0,0.0,0.0,8.0,16560.0
2023-04,Vegitables,Nos,0.0,0.0,13648.0,13648.0,0.0,0.0,13648.0,13648.0
2023-04,French Fries 6mm-Funwave,Nos,38.0,13641.62,0.0,0.0,0.0,0.0,38.0,13641.62
2023-04,Maida(Porotta 50kg),Pkt,0.0,0.0,4.0,8200.0,0.0,0.0,4.0,8200.0
2023-04,French Fries 6mm-Funwave 2.5 KG,Nos,0.0,0.0,20.0,6980.0,0.0,0.0,20.0,6980.0
2023-04,MilkyMist-Mozzarella Cheese-shredded-2kg,Nos,0.0,0.0,6.0,5947.2,0.0,0.0,6.0,5947.2
2023-04,G.Crown Mushroom Slice 800g,Pkt,54.0,5292.0,0.0,0.0,0.0,0.0,54.0,5292.0
2023-04,Pizza Premix,Kg,13.3,3142.12,10.83,2558.59,3.0,708.75,21.3,4991.96
2023-04,Regular Pizza Box,Nos,566.0,4907.22,250.0,2167.5,246.0,2132.82,570.0,4941.9
2023-04,Veeba Eggless Mayonise Chef 1KG,Kg,13.0,1820.0,12.0,1680.0,0.0,0.0,25.0,3500.0
2023-04,Veeba Pasta & Pizza Sauce 1KG,Nos,16.0,3040.0,12.0,2280.0,11.0,2090.0,17.0,3230.0
2023-04,Medium Pizza Box,Nos,670.0,7430.3,0.0,0.0,386.0,4280.74,284.0,3149.5600000000004
2023-04,Chocolate Ice-cream,Pkt,0.0,0.0,4.0,3080.0,0.0,0.0,4.0,3080.0
2023-04,TAJIR JALAPENO SLICES 2.5 KG,Nos,9.0,2565.0,0.0,0.0,0.0,0.0,9.0,2565.0
2023-04,Pepsi 750ml Pet,Case,0.0,0.0,3.0,2475.33,0.0,0.0,3.0,2475.33
2023-04,Processed cheese block,Pkt,4.5,2475.0,0.0,0.0,0.0,0.0,4.5,2475.0
2023-04,Veeba Pasta & Pizza Sauce 1KG,Kg,0.0,0.0,12.0,2280.0,0.0,0.0,12.0,2280.0
2023-04,Mexican Masala,Kg,6.5,2839.2,0.0,0.0,1.6,698.88,4.9,2140.3199999999997
2023-04,DVC Passion Fruit 750ML,Nos,0.0,0.0,4.0,1953.0,0.0,0.0,4.0,1953.0
2023-04,Mojito Menta Cubano,Nos,0.0,0.0,4.0,1953.0,0.0,0.0,4.0,1953.0
2023-04,Baby Corn Whole-Fresh-Isha Vegitables,Kg,0.0,0.0,5.0,1900.0,0.0,0.0,5.0,1900.0
2023-04,Palm Oil - Refined Oil,Nos,0.0,0.0,20.0,1960.0,1.0,98.0,19.0,1862.0
2023-04,Veeba T. Ketchup 1.2KG,Nos,6.0,630.0,14.0,1470.0,3.0,315.0,17.0,1785.0
2023-04,Brownie,Kg,4.0,1612.0,1.0,403.0,0.7,282.1,4.3,1732.9
2023-04,7UP 1250ml Pet,Nos,29.0,1679.68,0.0,0.0,0.0,0.0,29.0,1679.68
2023-04,7UP 750ml Pet,Case,0.0,0.0,2.0,1650.22,0.0,0.0,2.0,1650.22
2023-04,butter,Kg,2.5,950.0,3.0,1140.0,1.5,570.0,4.0,1520.0
2023-04,Milk-Sheethal-450ml,Pkt,4.0,104.0,54.0,1404.0,0.0,0.0,58.0,1508.0
2023-04,Paneer,Kg,1.5,405.0,5.0,1410.0,1.1,319.0,5.4,1496.0
2023-04,Puramate Pasta-Penne Rigatte 500g,Pkt,0.0,0.0,20.0,1360.0,0.0,0.0,20.0,1360.0
2023-04,Veeba Ketchup Sachet,Nos,1690.0,1351.84,0.0,0.0,0.0,0.0,1690.0,1351.84
2023-04,Large Pizza Box,Nos,240.0,3540.0,0.0,0.0,152.0,2242.0,88.0,1298.0
2023-04,Dew 750ml Pet,Nos,37.0,1272.06,0.0,0.0,0.0,0.0,37.0,1272.06
2023-04,Palm Oil - Refined Oil,Pkt,3.0,282.0,10.0,940.0,0.0,0.0,13.0,1222.0
2023-04,DVC Green Apple 750 ML,Nos,3.8,1856.38,2.0,977.04,3.3,1612.12,2.5,1221.3000000000002
2023-04,Oregano Sprinkler 500g,Nos,0.0,0.0,4.0,1218.0,0.0,0.0,4.0,1218.0
2023-04,Sumeru Nuggets Premium 1Kg,Nos,4.0,1191.68,0.0,0.0,0.0,0.0,4.0,1191.68
2023-04,Milkymist Cheese BLock 1KG,Pkt,0.0,0.0,2.0,1100.0,0.0,0.0,2.0,1100.0
2023-04,Vanilla Ice-cream,Pkt,1.0,544.0,1.0,544.0,0.0,0.0,2.0,1088.0
2023-04,Malas Chocolate Sauce 5 ltr,Pkt,0.0,0.0,1.0,1060.01,0.0,0.0,1.0,1060.01
2023-04,7up 250ml Pet,Nos,75.0,1312.5,0.0,0.0,15.0,262.5,60.0,1050.0
2023-04,Dew 250ml Pet,Case,0.0,0.0,2.0,1050.0,0.0,0.0,2.0,1050.0
2023-04,Pepsi 250ml Pet,Case,0.0,0.0,2.0,1050.0,0.0,0.0,2.0,1050.0
2023-04,7UP 750ml Pet,Nos,61.0,2097.18,0.0,0.0,31.0,1065.78,30.0,1031.3999999999999
2023-04,OREGANO SACHET 0.8GM,Nos,2050.0,1503.33,0.0,0.0,679.0,497.93,1371.0,1005.3999999999999
2023-04,DVC BLUE OCCEAN FLV SYRUP 750ML,Nos,3.4,1660.97,2.0,977.04,3.4,1660.97,2.0000000000000004,977.0400000000002
2023-04,Ponni Rice,Kg,0.0,0.0,26.0,962.0,0.0,0.0,26.0,962.0
2023-04,Chilli Flakes-Tasty Pixel-Veeba-Sachet-0.8g,Pkt,9.0,1190.7,3.0,396.9,5.0,661.5,7.0,926.0999999999999
2023-04,Frozen Sweet Corn,Kg,7.3,912.5,0.0,0.0,0.0,0.0,7.3,912.5
2023-04,Veeba Makhani Gravy 1KG,Kg,0.0,0.0,4.0,842.24,0.0,0.0,4.0,842.24
2023-04,Pasta Container Black,Nos,200.0,1804.0,0.0,0.0,108.0,974.16,92.0,829.84
2023-04,Maida(Porotta 50kg),Kg,145.0,5945.0,0.0,0.0,125.0,5125.0,20.0,820.0
2023-04,Pepsi 1250ml Pet,Nos,27.0,1563.84,0.0,0.0,13.0,752.96,14.0,810.8799999999999
2023-04,Tandoori mix Masala,Kg,6.6,2735.04,0.0,0.0,4.7,1947.68,1.8999999999999995,787.3599999999999
2023-04,Flexi Cream Gold,Pkt,1.0,194.7,8.0,1557.6,5.0,973.5,4.0,778.8
2023-04,Boneless Chicken,Kg,0.0,0.0,3.0,777.0,0.0,0.0,3.0,777.0
2023-04,Dried Yeast,Grams,5700.0,1937.89,0.0,0.0,3500.0,1189.93,2200.0,747.96
2023-04,Puramate Pasta-Penne Rigatte 500g,Grams,5500.0,748.0,0.0,0.0,0.0,0.0,5500.0,748.0
2023-04,Garlic Chilli Spread,Kg,6.6,1069.2,0.0,0.0,2.0,324.0,4.6,745.2
2023-04,Chicken-Whole-Staff,Kg,0.0,0.0,6.1,741.99,0.0,0.0,6.0,741.99
2023-04,Dew 250ml Can,Case,0.0,0.0,1.0,720.0,0.0,0.0,1.0,720.0
2023-04,Pepsi 250ml Can,Case,0.0,0.0,1.0,720.0,0.0,0.0,1.0,720.0
2023-04,Herb Mix Masla,Kg,3.8,1744.96,0.0,0.0,2.25,1033.2,1.5499999999999998,711.76
2023-04,Moktails Glass,Nos,132.0,1182.72,100.0,896.0,153.0,1370.88,79.0,707.8400000000001
2023-04,Berry Fresh Tender Coconut Pulp,Tin,2.0,700.0,0.0,0.0,0.0,0.0,2.0,700.0
2023-04,7UP 1250ml Pet,Case,0.0,0.0,1.0,695.04,0.0,0.0,1.0,695.04
2023-04,Pepsi 1250ml Pet,Case,0.0,0.0,1.0,695.04,0.0,0.0,1.0,695.04
2023-04,Pepsi 250ml Pet,Nos,58.0,1015.0,0.0,0.0,19.0,332.5,39.0,682.5
2023-04,Lion Honey 1kg,Kg,2.0,966.0,0.0,0.0,0.6,289.8,1.4,676.2
2023-04,JIVO Pomace Olive Oil ,Nos,3.0,1005.03,3.0,1005.03,4.0,1340.04,2.0,670.02
2023-04,BBQ Mix Masala,Kg,4.3,1902.32,0.0,0.0,2.8,1238.72,1.5,663.5999999999999
2023-04,Bread Premix,Kg,2.4,567.0,3.0,708.75,2.68,633.15,2.72,642.6
2023-04,Lehar Soda,Nos,47.0,773.62,0.0,0.0,9.0,148.14,38.0,625.48
2023-04,Neo-Black Sliced Olives-3kg,Nos,3.0,1878.24,0.0,0.0,2.0,1252.16,1.0,626.0799999999999
2023-04,Double Cream-Rich-1kg,Pkt,0.0,0.0,4.0,784.0,1.0,196.0,3.0,588.0
2023-04,Papper carry bag medium,Nos,133.0,1197.0,0.0,0.0,68.0,612.0,65.0,585.0
2023-04,Pepsi 750ml Pet,Nos,39.0,1340.82,0.0,0.0,22.0,756.36,17.0,584.4599999999999
2023-04,Slice Mango 600ml pet,Nos,8.0,275.04,18.0,618.84,9.0,309.42,17.0,584.46
2023-04,Lamp Pepperoni,Kg,0.55,517.82,0.5,470.75,0.43,404.84,1.12,583.73
2023-04,Egg-5.5,Nos,0.0,0.0,107.0,588.5,6.0,33.0,101.0,555.5
2023-04,Mirinda 750ml pet,Nos,21.0,721.98,6.0,206.28,11.0,378.18,16.0,550.0799999999999
2023-04,Berry Fresh Chicku Pulp,Tin,2.0,540.0,0.0,0.0,0.0,0.0,2.0,540.0
2023-04,Slice Mango 250ml pet,Case,0.0,0.0,1.0,530.1,0.0,0.0,1.0,530.1
2023-04,Red yellow capsicum-isha Vegitable,Kg,0.0,0.0,2.15,505.0,0.0,0.0,2.0,505.0
2023-04,chicken kheema-Adakkaputhur,Kg,0.4,80.0,2.05,418.0,0.0,0.0,2.4,498.0
2023-04,Tissue-Energy-Big,Pkt,6.0,108.0,25.0,450.0,4.5,81.0,26.5,477.0
2023-04,Mc Cain Potato Wedges 2.5kg-Taha,Pkt,0.0,0.0,1.0,470.0,0.0,0.0,1.0,470.0
2023-04,Savoury Wedges 2.5 KG,Nos,0.0,0.0,1.0,470.0,0.0,0.0,1.0,470.0
2023-04,Mirinda 250ml pet,Nos,46.0,805.0,0.0,0.0,20.0,350.0,26.0,455.0
2023-04,Paper Glass,Pkt,0.0,0.0,5.0,450.0,0.0,0.0,5.0,450.0
2023-04,Aqua Fina Mineral Water 1Ltr,Nos,33.0,461.97,0.0,0.0,1.0,14.0,32.0,447.97
2023-04,Atta Loose,Kg,2.7,110.7,14.0,574.0,6.0,246.0,10.7,438.70000000000005
2023-04,Neo Red Paprika 3Kg,Nos,3.0,1303.68,0.0,0.0,2.0,869.12,1.0,434.56000000000006
2023-04,Veeba Makhani Gravy 1KG,Nos,2.0,421.12,0.0,0.0,0.0,0.0,2.0,421.12
2023-04,Puramate Pasta-Gomiti Rigate - macroni - 500g,Grams,3000.0,408.0,0.0,0.0,0.0,0.0,3000.0,408.0
2023-04,Veeba Chilli Flakes Seasoning(8G),Nos,0.0,0.0,3.0,396.9,0.0,0.0,3.0,396.9
2023-04,Baby Corn Tasty 450G,Nos,0.0,0.0,6.0,390.0,0.0,0.0,6.0,390.0
2023-04,Mc Cain Potato Wedges 2.5kg,Kg,2.0,385.28,0.0,0.0,0.0,0.0,2.0,385.28
2023-04,Chicken Nuggets-Godrej-1kg,Kg,1.2,384.0,0.0,0.0,0.0,0.0,1.2,384.0
2023-04,Zippy  B.Fast Sausage ,Kg,2.0,638.4,0.0,0.0,0.8,255.36,1.2,383.03999999999996
2023-04,KOT Printing Rolls,Nos,57.0,2964.0,0.0,0.0,50.0,2600.0,7.0,364.0
2023-04,Paneer Tikka Butter Masala,Kg,2.2,850.08,0.0,0.0,1.3,502.32,0.9000000000000001,347.76000000000005
2023-04,Zippy Chicken Salami,Kg,3.8,1187.42,0.0,0.0,2.7,843.7,1.0999999999999996,343.72
2023-04,GO Orange Cheddar Cheese 2kg,Kg,1.6,906.4,0.0,0.0,1.0,566.5,0.6000000000000001,339.9
2023-04,Aqua Fina Mineral Water 1Ltr,Case,0.0,0.0,2.0,335.98,0.0,0.0,2.0,335.98
2023-04,Baby Corn Whole-Fresh,Pkt,0.0,0.0,4.0,304.0,0.0,0.0,4.0,304.0
2023-04,Veeba Tandoori Spread-1kg,Nos,7.4,1605.8,0.0,0.0,6.0,1302.0,1.4000000000000004,303.79999999999995
2023-04,Rice-Nawab-26kg,Kg,22.0,814.0,0.0,0.0,14.0,518.0,8.0,296.0
2023-04,Brocoli-isha Vegitable,Kg,0.0,0.0,1.1,280.0,0.0,0.0,1.0,280.0
2023-04,Micro 16x20,Pkt,0.0,0.0,3.0,420.0,1.0,140.0,2.0,280.0
2023-04,Micro 20x26,Pkt,1.0,140.0,2.0,280.0,1.0,140.0,2.0,280.0
2023-04,7up 250ml Can,Nos,29.0,696.0,0.0,0.0,14.0,420.0,15.0,276.0
2023-04,Mini Burger Box,Nos,182.0,493.95,0.0,0.0,86.0,233.4,96.0,260.54999999999995
2023-04,Brocoli,Kg,0.0,0.0,1.0,260.0,0.0,0.0,1.0,260.0
2023-04,Salad Bowl 250ml,Nos,113.0,665.57,0.0,0.0,71.0,418.19,42.0,247.38000000000005
2023-04,Veeba Barbequesauce 1KG,Nos,2.4,398.4,0.0,0.0,1.0,166.0,1.4,232.39999999999998
2023-04,Baby Corn Whole-800GM-Tajir Habit,Tin,2.0,224.0,0.0,0.0,0.0,0.0,2.0,224.0
2023-04,Milk-Elanad-500ml,Pkt,0.0,0.0,8.0,224.0,0.0,0.0,8.0,224.0
2023-04,BBQ Wings,Kg,0.5,223.44,0.0,0.0,0.0,0.0,0.5,223.44
2023-04,Piri Piri Marinade 1KG,Kg,1.8,801.0,0.0,0.0,1.3,578.5,0.5,222.5
2023-04,Vanilla Ice-cream,Kg,1.7,420.36,0.0,0.0,0.8,197.82,0.8999999999999999,222.54000000000002
2023-04,Pineapple slice-Tajir Habit-850g,Nos,0.0,0.0,5.0,551.25,3.0,330.75,2.0,220.5
2023-04,Veeba Gouda Flavoured Dressing,Nos,4.0,860.16,0.0,0.0,3.0,645.12,1.0,215.03999999999996
2023-04,Milk,Pkt,0.0,0.0,8.0,200.0,0.0,0.0,8.0,200.0
2023-04,Papper carry bag large,Nos,53.0,609.5,0.0,0.0,36.0,414.0,17.0,195.5
2023-04,Masoor-Red,Kg,1.9,155.8,2.0,164.0,1.6,128.0,2.3,191.8
2023-04,Butter Scotch Ice-cream,Kg,1.2,421.64,0.0,0.0,0.7,245.95,0.5,175.69
2023-04,Corn Meal - MAKKA RAVA,Kg,1.8,162.0,0.0,0.0,0.0,0.0,1.8,162.0
2023-04,Veeba Ketchup Sachet,Pkt,0.0,0.0,12.0,959.88,10.02,801.5,1.9800000000000004,158.38
2023-04,Micro 26x30,Nos,0.0,0.0,1.0,150.0,0.0,0.0,1.0,150.0
2023-04,Tandoori Chicken Masala-Bakers,Pkt,1.0,72.0,1.0,72.0,0.0,0.0,2.0,144.0
2023-04,egg,Nos,0.0,0.0,23.0,138.0,0.0,0.0,23.0,138.0
2023-04,Puramate Pasta-Gomiti Rigate 500g,Nos,0.0,0.0,2.0,136.0,0.0,0.0,2.0,136.0
2023-04,Micro 13x16,Pkt,0.9,126.0,0.0,0.0,0.0,0.0,0.9,126.0
2023-04,Pizza sauce premix,Kg,3.0,929.25,0.0,0.0,2.6,805.35,0.3999999999999999,123.89999999999998
2023-04,Cashew nut,Kg,0.1,75.0,0.1,75.0,0.05,37.5,0.05,112.5
2023-04,Wooden Spoon-110mm,Pkt,0.0,0.0,1.0,109.0,0.0,0.0,1.0,109.0
2023-04,Mustard-Oil,Pkt,0.0,0.0,1.0,105.0,0.0,0.0,1.0,105.0
2023-04,Coriander Powder-loose,Kg,0.6,84.0,0.25,40.0,0.16,25.6,0.43999999999999995,98.4
2023-04,Ice cube,Pkt,2.0,60.0,2.0,60.0,1.0,30.0,3.0,90.0
2023-04,Vermicelli Mix,Pkt,0.5,30.0,1.0,60.0,0.0,0.0,1.5,90.0
2023-04,butter papper,Nos,15.0,52.5,30.0,105.0,20.0,70.0,25.0,87.5
2023-04,Chicken-Masala-Melam,Pkt,0.0,0.0,3.0,87.0,0.0,0.0,3.0,87.0
2023-04,plastic cover-HM- 5kg,Pkt,0.5,85.0,0.0,0.0,0.0,0.0,0.5,85.0
2023-04,Curd-Sheethal-400g,Pkt,0.0,0.0,3.0,84.0,0.0,0.0,3.0,84.0
2023-04,Corn Meal - Chola Rava,Kg,0.0,0.0,2.0,160.0,1.0,80.0,1.0,80.0
2023-04,Hersheys Cocoa-70grm,Kg,0.06,84.86,0.0,0.0,0.01,14.14,0.049999999999999996,70.72
2023-04,Hersheys Syrup-200grm,Grams,150.0,70.5,0.0,0.0,0.0,0.0,150.0,70.5
2023-04,Agarbathi,Pkt,0.0,0.0,2.0,70.0,0.0,0.0,2.0,70.0
2023-04,Garlic Bread Box,Nos,41.0,360.39,0.0,0.0,33.0,290.07,8.0,70.32
2023-04,Paper Straw,Pkt,0.0,0.0,2.0,70.0,0.0,0.0,2.0,70.0
2023-04,Wooden Spoon-160mm,Nos,55.0,68.75,0.0,0.0,0.0,0.0,55.0,68.75
2023-04,Basil-fresh,Kg,0.0,0.0,0.1,68.0,0.0,0.0,0.0,68.0
2023-04,Mittai-Milk-Amul,Tin,0.0,0.0,1.0,64.0,0.0,0.0,1.0,64.0
2023-04,GO-Monterey Jack Cheese-2kg,Kg,1.5,915.01,0.0,0.0,1.4,854.01,0.10000000000000009,61.0
2023-04,Pepsi 250ml Can,Nos,22.0,660.0,0.0,0.0,20.0,600.0,2.0,60.0
2023-04,Cherry,Kg,0.08,24.0,0.1,30.0,0.0,0.0,0.08,54.0
2023-04,Chilli Flakes-Puramate-400grm,Kg,0.64,230.16,0.0,0.0,0.5,179.81,0.14,50.349999999999994
2023-04,Mixed Herb Loose,Grams,200.0,192.0,0.0,0.0,150.0,144.0,50.0,48.0
2023-04,Bio-Bag-16x20-50,Kg,0.2,46.0,0.0,0.0,0.0,0.0,0.2,46.0
2023-04,Jumbo Cover-Blue,Nos,0.0,0.0,1.0,90.0,0.5,45.0,0.5,45.0
2023-04,Black pepper,Kg,0.08,43.2,0.0,0.0,0.0,0.0,0.08,43.2
2023-04,Parsely-Veg,Kg,0.0,0.0,0.1,42.4,0.0,0.0,0.0,42.4
2023-04,Strawberry sause 750,Grams,700.0,149.33,0.0,0.0,500.0,106.67,200.0,42.66000000000001
2023-04,Chilli Powder Loose,Kg,0.8,160.0,0.0,0.0,0.6,120.0,0.20000000000000007,40.0
2023-04,Salt Powder,Pkt,0.0,0.0,4.0,40.0,0.0,0.0,4.0,40.0
2023-04,Paper Straw Small,Nos,110.0,38.5,0.0,0.0,0.0,0.0,110.0,38.5
2023-04,egg-6.50,Nos,0.0,0.0,6.0,39.0,0.0,0.0,6.0,39.0
2023-04,Jumbo Cover-Blue,Pkt,0.5,37.5,0.0,0.0,0.0,0.0,0.5,37.5
2023-04,Curd-Elanad-500ml,Nos,0.0,0.0,1.0,35.0,0.0,0.0,1.0,35.0
2023-04,Chicken Kheema  Masala,Kg,0.05,32.55,0.0,0.0,0.0,0.0,0.05,32.55
2023-04,Washing Powder 500G,Pkt,0.0,0.0,1.0,31.0,0.0,0.0,1.0,31.0
2023-04,Insulation Tape,Nos,0.0,0.0,2.0,24.0,0.0,0.0,2.0,24.0
2023-04,Puramate Basil 250g Pouch,Grams,160.0,124.8,0.0,0.0,130.0,101.4,30.0,23.39999999999999
2023-04,Turmeric Powder-loose,Kg,0.3,36.0,0.25,33.0,0.34,44.88,-0.040000000000000036,24.119999999999997
2023-04,Chicken-Masala-Melam,Grams,80.0,23.2,0.0,0.0,0.0,0.0,80.0,23.2
2023-04,Black Grapes,Kg,0.1,45.0,0.0,0.0,0.05,22.5,0.05,22.5
2023-04,Mustard-Oil,Ltr,0.1,21.0,0.0,0.0,0.0,0.0,0.1,21.0
2023-04,horlicks,Pkt,0.0,0.0,4.0,20.0,0.0,0.0,4.0,20.0
2023-04,Tea Loose,Kg,0.35,63.0,0.0,0.0,0.25,45.0,0.09999999999999998,18.0
2023-04,badam,Kg,0.07,56.0,0.0,0.0,0.05,40.0,0.020000000000000004,16.0
2023-04,Exo Steel Wool,Nos,0.0,0.0,1.0,15.0,0.0,0.0,1.0,15.0
2023-04,Paper Plates,Nos,31.0,31.0,0.0,0.0,16.0,16.0,15.0,15.0
2023-04,Sugar-Loose,Kg,1.8,68.4,0.0,0.0,1.4,53.2,0.40000000000000013,15.200000000000003
2023-04,Micro 16x20,Nos,20.0,70.0,0.0,0.0,16.0,56.0,4.0,14.0
2023-04,lighter,Nos,0.0,0.0,1.0,10.0,0.0,0.0,1.0,10.0
2023-04,Paper Glass,Nos,184.0,119.6,0.0,0.0,126.0,113.4,58.0,6.199999999999989
2023-04,Salt Powder,Kg,1.1,11.0,0.0,0.0,0.85,8.5,0.2500000000000001,2.5
2023-04,Berry Fresh Banana Pulp,Tin,1.0,270.0,0.0,0.0,1.0,270.0,0.0,0.0
2023-04,Butter Scotch Ice-cream,Pkt,0.0,0.0,1.0,773.0,1.0,773.0,0.0,0.0
2023-04,Chettinad Mix,Kg,0.4,260.4,0.0,0.0,0.4,260.4,0.0,0.0
2023-04,French Fries 9mm-Funwave,Kg,2.8,407.68,0.0,0.0,2.8,407.68,0.0,0.0
2023-04,Mango Crush Sauce 750ml Malas,Nos,1.0,138.32,0.0,0.0,1.0,138.32,0.0,0.0
2023-04,Tandoori Chicken Masala-Bakers,Nos,0.0,0.0,1.0,65.0,1.0,65.0,0.0,0.0
2023-04,Tripod,Nos,750.0,1110.0,0.0,0.0,750.0,1110.0,0.0,0.0
2023-04,Veeba Makhani Gravy 1KG,Pkt,0.0,0.0,4.0,860.16,4.0,860.16,0.0,0.0
2023-04,Vineger,Ltr,0.2,8.4,0.0,0.0,0.2,8.4,0.0,0.0
2023-04,plastic Cover-1kg,Pkt,0.5,80.0,0.0,0.0,0.5,80.0,0.0,0.0
2023-04,Bio-Bag-10x14-140,Kg,0.8,184.0,0.0,0.0,0.81,186.76,-0.010000000000000009,-2.759999999999991
2023-04,Paper Straw Big,Nos,85.0,38.25,0.0,0.0,100.0,45.0,-15.0,-6.75
2023-04,Bio-Bag-13x16-90,Kg,0.85,195.5,0.0,0.0,0.91,209.3,-0.06000000000000005,-13.800000000000011
2023-04,Bio-Bag-20x26-35,Kg,0.75,172.5,0.0,0.0,0.81,186.07,-0.06000000000000005,-13.569999999999993
2023-04,Slice Mango 250ml pet,Nos,29.0,512.43,0.0,0.0,30.0,530.1,-1.0,-17.670000000000073
2023-04,Exo Dishwash cake,Nos,6.0,28.8,0.0,0.0,10.0,48.0,-4.0,-19.2
2023-04,Strawberry-Ice cream,Kg,1.2,273.82,0.0,0.0,1.3,296.64,-0.10000000000000009,-22.819999999999993
2023-04,Wooden Spoon-110mm,Nos,52.0,56.68,0.0,0.0,74.0,80.66,-22.0,-23.979999999999997
2023-04,Chicken Masala,Pkt,0.0,0.0,0.0,0.0,1.0,27.0,-1.0,-27.0
2023-04,Berry Fresh Chicku Pulp,Kg,1.1,198.0,0.0,0.0,1.3,234.0,-0.19999999999999996,-36.0
2023-04,Mustard Oil,Ltr,0.0,0.0,0.0,0.0,0.2,40.0,-0.2,-40.0
2023-04,Butter Scotch Sauce 750ml,Grams,0.4,0.07,0.0,0.0,250.0,46.0,-249.6,-45.93
2023-04,Micro 20x26,Nos,7.0,32.67,0.0,0.0,17.0,79.33,-10.0,-46.66
2023-04,Black Pepper,Kg,0.0,0.0,0.0,0.0,0.1,54.0,-0.1,-54.0
2023-04,milk-Milma-525ml,Pkt,0.0,0.0,0.0,0.0,2.0,56.0,-2.0,-56.0
2023-04,Chocolate Ice-cream,Kg,0.6,210.0,0.0,0.0,0.8,280.0,-0.20000000000000007,-70.0
2023-04,Salad Bowl 500ml,Nos,86.0,624.36,0.0,0.0,96.0,696.96,-10.0,-72.60000000000002
2023-04,Chilli Flakes-Tasty Pixel-Veeba-Sachet-0.8g,Nos,72.0,38.1,0.0,0.0,219.0,115.89,-147.0,-77.78999999999999
2023-04,plastic cover 5kg,Pkt,0.0,0.0,0.0,0.0,0.5,80.0,-0.5,-80.0
2023-04,Dew 250ml Pet,Nos,34.0,595.0,0.0,0.0,39.0,682.5,-5.0,-87.5
2023-04,French Fries Box,Nos,298.0,1492.98,0.0,0.0,318.0,1593.18,-20.0,-100.20000000000005
2023-04,Oregano Sprinkler 500g,Kg,4.4,2679.6,0.0,0.0,4.58,2789.22,-0.17999999999999972,-109.61999999999989
2023-04,Micro 27x30,Nos,11.0,82.5,0.0,0.0,26.0,195.0,-15.0,-112.5
2023-04,Mc Cain Potato Wedges 2.5kg-Taha,Kg,0.0,0.0,0.0,0.0,0.6,112.8,-0.6,-112.8
2023-04,Dew 250ml Can,Nos,13.0,390.0,0.0,0.0,19.0,570.0,-6.0,-180.0
2023-04,Frozen Sweet Corn-Pal Fresh,Nos,0.0,0.0,7.0,693.0,9.0,891.0,-2.0,-198.0
2023-04,Berry Fresh Tender Coconut Pulp,Kg,0.0,0.0,0.0,0.0,0.9,210.0,-0.9,-210.0
2023-04,Micro 13x16,Nos,0.0,0.0,0.0,0.0,60.0,210.0,-60.0,-210.0
2023-04,cello tape,Nos,0.0,0.0,0.0,0.0,9.0,225.0,-9.0,-225.0
2023-04,Veeba Eggless Mayonise Chef 1KG,Nos,0.0,0.0,12.0,1680.0,14.0,1960.0,-2.0,-280.0
2023-04,Dip Bowl,Nos,46.0,135.7,0.0,0.0,160.0,472.0,-114.0,-336.3
2023-04,Puramate Pasta-Gomiti Rigate - macroni - 500g,Nos,0.0,0.0,0.0,0.0,5.0,340.0,-5.0,-340.0
2023-04,Baby Corn Whole-450GM-Golden Crown,Nos,0.0,0.0,0.0,0.0,6.0,390.0,-6.0,-390.0
2023-04,Malas Chocolate Sauce 5 ltr,Ltr,2.5,530.0,0.0,0.0,6.3,1335.61,-3.8,-805.6099999999999
2023-04,Sumeru Nuggets Premium 1Kg,Kg,0.0,0.0,0.0,0.0,2.8,834.18,-2.8,-834.18
2023-04,DVC Mint Flavoured Syrup 750 ml,Nos,2.8,1304.83,0.0,0.0,4.6,2143.65,-1.7999999999999998,-838.8200000000002
2023-04,DVC PASSION FRUIT FLV SYRUP 750ML,Nos,1.7,830.48,0.0,0.0,3.5,1709.82,-1.8,-879.3399999999999
2023-04,G.Crown Mushroom Slice 800g,Nos,0.0,0.0,48.0,4704.0,57.0,5586.0,-9.0,-882.0
2023-04,Puramate Pasta-Penne Rigatte 500g,Kg,0.0,0.0,0.0,0.0,8.0,1088.0,-8.0,-1088.0
2023-04,Reitzel-Jalapeno Slice-2.9kg,Nos,0.0,0.0,0.0,0.0,6.0,1788.0,-6.0,-1788.0
2023-04,MilkyMist-Mozzarella Cheese-shredded-2kg,Kg,0.0,0.0,0.0,0.0,4.0,1982.4,-4.0,-1982.4
2023-04,Processed cheese block,Kg,0.0,0.0,0.0,0.0,4.0,2199.99,-4.0,-2199.99
2023-04,AMUL Mozzarella Cheese Block 1Kg,Kg,0.0,0.0,0.0,0.0,17.0,5610.0,-17.0,-5610.0
2023-04,French Fries 6mm-Funwave,Kg,2.9,416.43,0.0,0.0,58.8,8443.53,-55.9,-8027.1
2023-05,Mozzarella Diced Cheese,pkt,0.0,0.0,78.0,57227.79,0.0,0.0,78.0,57227.79
2023-05,Maida,Bag,0.0,0.0,7.0,12650.0,0.0,0.0,7.0,12650.0
2023-05,HPCL-Gas-,Nos,0.0,0.0,6.0,11400.0,0.0,0.0,6.0,11400.0
2023-05,KTP Vegitables-vegitables-,Nos,0.0,0.0,27.0,11200.0,0.0,0.0,27.0,11200.0
2023-05,five Star Traders-palm oil-,pkt,0.0,0.0,91.0,9275.0,0.0,0.0,91.0,9275.0
2023-05,HPCL-gas-,Nos,0.0,0.0,4.0,7600.0,0.0,0.0,4.0,7600.0
2023-05,Pepsi pet,Case,0.0,0.0,11.0,7355.49,0.0,0.0,11.0,7355.49
2023-05,7up pet,Case,0.0,0.0,10.0,6700.42,0.0,0.0,10.0,6700.42
2023-05,Regular Box,Nos,0.0,0.0,750.0,6504.75,0.0,0.0,750.0,6504.75
2023-05,AMUL Mozzarella Cheese Block 1Kg,Kg,17.0,5610.0,0.0,0.0,0.0,0.0,17.0,5610.0
2023-05,Pasta & Pizza Sauce,pkt,0.0,0.0,24.0,4482.24,0.0,0.0,24.0,4482.24
2023-05,G.Crown Mushroom Slice 800g,Nos,57.0,5586.0,0.0,0.0,20.0,1960.0,37.0,3626.0
2023-05,Local Purchase-Floor Spring EBCO-,Nos,0.0,0.0,1.0,3500.0,0.0,0.0,1.0,3500.0
2023-05,French Fries 6mm,pkt,0.0,0.0,10.0,3489.92,0.0,0.0,10.0,3489.92
2023-05,Medium Box,Nos,0.0,0.0,250.0,2772.41,0.0,0.0,250.0,2772.41
2023-05,babu palakkad-paneer-,kg,0.0,0.0,9.0,2610.0,0.0,0.0,9.0,2610.0
2023-05,French Fries 6mm-Funwave,Kg,58.8,8443.53,0.0,0.0,41.5,5959.29,17.299999999999997,2484.2400000000007
2023-05,Gouda Cheese,pkt,0.0,0.0,11.0,2365.44,0.0,0.0,11.0,2365.44
2023-05,Mushroom Slice,Tin,0.0,0.0,24.0,2352.0,0.0,0.0,24.0,2352.0
2023-05,Potato Wedges,pkt,0.0,0.0,5.0,2349.98,0.0,0.0,5.0,2349.98
2023-05,Large Box,Nos,0.0,0.0,150.0,2212.5,0.0,0.0,150.0,2212.5
2023-05,Processed cheese block,Kg,4.0,2199.99,0.0,0.0,0.0,0.0,4.0,2199.99
2023-05,Dew,Case,0.0,0.0,3.0,2175.22,0.0,0.0,3.0,2175.22
2023-05,Medium Pizza Box,Nos,386.0,4280.74,0.0,0.0,207.0,2295.63,179.0,1985.1099999999997
2023-05,Bornless Chicken- Adakkaputhur,Kg,7.2,1965.17,0.0,0.0,0.0,0.0,7.2,1965.17
2023-05,Ketchup Sachet (8g),pkt,0.0,0.0,24.0,1919.76,0.0,0.0,24.0,1919.76
2023-05,Pizza Primix,kg,0.0,0.0,18.0,1890.0,0.0,0.0,18.0,1890.0
2023-05,Jalapeno Slices,Tin,0.0,0.0,6.0,1787.99,0.0,0.0,6.0,1787.99
2023-05,Reitzel-Jalapeno Slice-2.9kg,Nos,6.0,1788.0,0.0,0.0,0.0,0.0,6.0,1788.0
2023-05,Instant Dried Yeast,pkt,0.0,0.0,10.0,1699.94,0.0,0.0,10.0,1699.94
2023-05,Srinivasan-Vanilla Ice Cream-,pkt,0.0,0.0,3.0,1632.0,0.0,0.0,3.0,1632.0
2023-05,babu palakkad-butter-,kg,0.0,0.0,4.0,1520.0,0.0,0.0,4.0,1520.0
2023-05,DVC Mint Flavoured Syrup 750 ml,Nos,4.6,2143.65,0.0,0.0,1.4,652.41,3.1999999999999997,1491.2400000000002
2023-05,Malas Chocolate Sauce 5 ltr,Ltr,6.3,1335.61,0.0,0.0,0.0,0.0,6.3,1335.61
2023-05,Tasty Fixel Oregano Mix 0.8gm,pkt,0.0,0.0,10.0,1323.0,0.0,0.0,10.0,1323.0
2023-05,Black Olives Slice,Tin,0.0,0.0,2.0,1252.16,0.0,0.0,2.0,1252.16
2023-05,Tandoori Mix,kg,0.0,0.0,3.0,1243.2,0.0,0.0,3.0,1243.2
2023-05,Browny,kg,0.0,0.0,3.0,1209.0,0.0,0.0,3.0,1209.0
2023-05,Lehar Soda,Case,0.0,0.0,3.0,1185.12,0.0,0.0,3.0,1185.12
2023-05,Oregano Sprinkler 500g,Kg,4.58,2789.22,0.0,0.0,2.7,1644.3,1.88,1144.9199999999998
2023-05,Veeba Eggless Mayonise Chef 1KG,Nos,14.0,1960.0,0.0,0.0,6.0,840.0,8.0,1120.0
2023-05,Oregano Sachet 0.8gm,pkt,0.0,0.0,5.0,1099.98,0.0,0.0,5.0,1099.98
2023-05,Processed cheese block,pkt,0.0,0.0,2.0,1100.0,0.0,0.0,2.0,1100.0
2023-05,Tasty Fixel Chilly Flakes 0.8gm,pkt,0.0,0.0,8.0,1058.4,0.0,0.0,8.0,1058.4
2023-05,DVC BLUE OCCEAN FLV SYRUP 750ML,Nos,3.4,1660.97,0.0,0.0,1.25,610.65,2.15,1050.3200000000002
2023-05,Bike Maintenance-Tyre And Tube change-,Nos,0.0,0.0,1.0,1000.0,0.0,0.0,1.0,1000.0
2023-05,Mirinda,Nos,0.0,0.0,42.0,988.2,0.0,0.0,42.0,988.2
2023-05,Green Apple,Btl,0.0,0.0,2.0,977.04,0.0,0.0,2.0,977.04
2023-05,Passion Fruit,Btl,0.0,0.0,2.0,977.04,0.0,0.0,2.0,977.04
2023-05,BBQ Mix,kg,0.0,0.0,2.0,974.4,0.0,0.0,2.0,974.4
2023-05,Local Purchase-Nawab ponni rice-,bag,0.0,0.0,1.0,962.0,0.0,0.0,1.0,962.0
2023-05,Local Purchase-rice-,bag,0.0,0.0,1.0,962.0,0.0,0.0,1.0,962.0
2023-05,French Fries Box,Nos,318.0,1593.18,150.0,751.54,280.0,1402.8,188.0,941.9200000000003
2023-05,Herb Mix,kg,0.0,0.0,2.0,918.4,0.0,0.0,2.0,918.4
2023-05,GBC Box,Nos,0.0,0.0,100.0,878.98,0.0,0.0,100.0,878.98
2023-05,Red Paprika Slice,Tin,0.0,0.0,2.0,869.12,0.0,0.0,2.0,869.12
2023-05,Paper Bag Regular,Nos,0.0,0.0,100.0,850.0,0.0,0.0,100.0,850.0
2023-05,MBS Traders-micro 16x20-,pkt,0.0,0.0,6.0,840.0,0.0,0.0,6.0,840.0
2023-05,Sumeru Nuggets Premium 1Kg,Kg,2.8,834.18,0.0,0.0,0.0,0.0,2.8,834.18
2023-05,Sherif Cherpulasery-whole chicken-,kg,0.0,0.0,6.1,825.0,0.0,0.0,6.0,825.0
2023-05,Local Purchase-milk milma-,pkt,0.0,0.0,28.0,784.0,0.0,0.0,28.0,784.0
2023-05,Butter Scotch Ice-cream,Pkt,1.0,773.0,0.0,0.0,0.0,0.0,1.0,773.0
2023-05,Srinivasan-Chocolate Ice Cream -,pkt,0.0,0.0,1.0,770.0,0.0,0.0,1.0,770.0
2023-05,7UP 750ml Pet,Nos,31.0,1065.78,0.0,0.0,9.0,309.42,22.0,756.3599999999999
2023-05,7up can,Case,0.0,0.0,1.0,720.0,0.0,0.0,1.0,720.0
2023-05,Pepsi Can,Case,0.0,0.0,1.0,720.0,0.0,0.0,1.0,720.0
2023-05,berry Fresh-Tender Coconut Pulp-,Nos,0.0,0.0,2.0,700.0,0.0,0.0,2.0,700.0
2023-05,Moktails Glass,Nos,153.0,1370.88,0.0,0.0,77.0,689.92,76.0,680.9600000000002
2023-05,Local Purchase-Milk Milma-,pkt,0.0,0.0,24.0,664.0,0.0,0.0,24.0,664.0
2023-05,Ketchup ,Btl,0.0,0.0,6.0,630.0,0.0,0.0,6.0,630.0
2023-05,Chicken Salami,pkt,0.0,0.0,2.0,624.96,0.0,0.0,2.0,624.96
2023-05,Pizza Sauce Primix,kg,0.0,0.0,4.0,619.5,0.0,0.0,4.0,619.5
2023-05,Slice Mango,Nos,0.0,0.0,18.0,618.84,0.0,0.0,18.0,618.84
2023-05,Salad Bowl (Big )500ml,Nos,0.0,0.0,100.0,615.02,0.0,0.0,100.0,615.02
2023-05,JIVO Pomace Olive Oil ,Nos,4.0,1340.04,0.0,0.0,2.2,737.02,1.7999999999999998,603.02
2023-05,Flexi Cream Gold,Pkt,5.0,973.5,0.0,0.0,2.0,389.4,3.0,584.1
2023-05,Citymart Supermarket-Milk 450ml-,pkt,0.0,0.0,22.0,572.0,0.0,0.0,22.0,572.0
2023-05,GO Orange Cheddar Cheese 2kg,Kg,1.0,566.5,0.0,0.0,0.0,0.0,1.0,566.5
2023-05,Veeba Ketchup Sachet,Pkt,10.02,801.5,0.0,0.0,3.0,239.97,7.02,561.53
2023-05,Dew 250ml Pet,Nos,39.0,682.5,0.0,0.0,7.0,122.5,32.0,560.0
2023-05,five Star Traders-atta-,kg,0.0,0.0,14.0,555.0,0.0,0.0,14.0,555.0
2023-05,Pineapple slice,tin,0.0,0.0,5.0,551.25,0.0,0.0,5.0,551.25
2023-05,MBS Traders-paper glass-,pkt,0.0,0.0,11.0,550.0,0.0,0.0,11.0,550.0
2023-05,Transportation-Auto fare from Otp-,Nos,0.0,0.0,1.0,550.0,0.0,0.0,1.0,550.0
2023-05,Local Purchase-milk-,pkt,0.0,0.0,20.0,544.0,0.0,0.0,20.0,544.0
2023-05,Isha Fresh Vegitables-Broccoli-,kg,0.0,0.0,2.1,531.0,0.0,0.0,2.0,531.0
2023-05,Slice Mango 250ml pet,Nos,30.0,530.1,0.0,0.0,0.0,0.0,30.0,530.1
2023-05,Paper Bag Large,Nos,0.0,0.0,50.0,525.0,0.0,0.0,50.0,525.0
2023-05,Local Purchase-Chickenb Sausage-,Nos,0.0,0.0,1.0,520.0,0.0,0.0,1.0,520.0
2023-05,Rice-Nawab-26kg,Kg,14.0,518.0,0.0,0.0,0.0,0.0,14.0,518.0
2023-05,Aqua Fina,Case,0.0,0.0,3.0,504.0,0.0,0.0,3.0,504.0
2023-05,Satheesh-Waste Collection-,trip,0.0,0.0,5.0,500.0,0.0,0.0,5.0,500.0
2023-05,Frozen Sweet corn,pkt,0.0,0.0,5.0,495.0,0.0,0.0,5.0,495.0
2023-05,DVC PASSION FRUIT FLV SYRUP 750ML,Nos,3.5,1709.82,0.0,0.0,2.5,1221.3,1.0,488.52
2023-05,Local Purchase-egg-,Nos,0.0,0.0,83.0,485.5,0.0,0.0,83.0,485.5
2023-05,Dew 250ml Can,Nos,19.0,570.0,0.0,0.0,3.0,90.0,16.0,480.0
2023-05,Puramate Pasta-Penne Rigatte 500g,Kg,8.0,1088.0,0.0,0.0,4.5,612.0,3.5,476.0
2023-05,Paper Bag Medium,Nos,0.0,0.0,50.0,475.0,0.0,0.0,50.0,475.0
2023-05,Pepperoni,kg,0.0,0.0,0.5,470.96,0.0,0.0,1.0,470.96
2023-05,MBS Traders-Tissue Big size-,pkt,0.0,0.0,25.0,450.0,0.0,0.0,25.0,450.0
2023-05,DVC Green Apple 750 ML,Nos,3.3,1612.12,0.0,0.0,2.4,1172.45,0.8999999999999999,439.66999999999985
2023-05,Mansoor Traders-Mini Burger Box-,bdl,0.0,0.0,2.0,440.0,0.0,0.0,2.0,440.0
2023-05,Mexican Mix,kg,0.0,0.0,4.0,436.0,0.0,0.0,4.0,436.0
2023-05,Veeba Tandoori Spread-1kg,Nos,6.0,1302.0,0.0,0.0,4.0,868.0,2.0,434.0
2023-05,Makhani Sauce,pkt,0.0,0.0,2.0,430.08,0.0,0.0,2.0,430.08
2023-05,Veeba Makhani Gravy 1KG,Pkt,4.0,860.16,0.0,0.0,2.0,430.08,2.0,430.08
2023-05,MBS Traders-Micro-,pkt,0.0,0.0,3.0,420.0,0.0,0.0,3.0,420.0
2023-05,KOT Printing Rolls,Nos,50.0,2600.0,0.0,0.0,42.0,2184.0,8.0,416.0
2023-05,five Star Traders-masoor dal red-,kg,0.0,0.0,5.0,415.0,0.0,0.0,5.0,415.0
2023-05,7up pet,Nos,0.0,0.0,12.0,412.57,0.0,0.0,12.0,412.57
2023-05,MBS Traders-butter paper-,Nos,0.0,0.0,115.0,403.0,0.0,0.0,115.0,403.0
2023-05,Baby Corn Whole-450GM-Golden Crown,Nos,6.0,390.0,0.0,0.0,0.0,0.0,6.0,390.0
2023-05,Paneer Tikka Butter Masala ,kg,0.0,0.0,1.0,386.4,0.0,0.0,1.0,386.4
2023-05,Thousand island,pkt,0.0,0.0,2.0,379.99,0.0,0.0,2.0,379.99
2023-05,babu palakkad-Butter-,kg,0.0,0.0,1.0,380.0,0.0,0.0,1.0,380.0
2023-05,BBQ Mix Masala,Kg,2.8,1238.72,0.0,0.0,2.0,884.8,0.7999999999999998,353.9200000000001
2023-05,Local Purchase-Milk milma-,pkt,0.0,0.0,12.0,336.0,0.0,0.0,12.0,336.0
2023-05,Isha Fresh Vegitables-Red Yellow Capcicum-,kg,0.0,0.0,1.45,333.0,0.0,0.0,1.0,333.0
2023-05,Honey,Btl,0.0,0.0,1.0,327.6,0.0,0.0,1.0,327.6
2023-05,Fathima Super Market-egg-,Nos,0.0,0.0,52.0,312.0,0.0,0.0,52.0,312.0
2023-05,Lamp Pepperoni,Kg,0.43,404.84,0.0,0.0,0.1,94.15,0.32999999999999996,310.68999999999994
2023-05,Sherif Cherpulasery-whole chicken-staff,kg,0.0,0.0,2.45,308.0,0.0,0.0,2.0,308.0
2023-05,Frozen Sweet Corn-Pal Fresh,Nos,9.0,891.0,0.0,0.0,6.0,594.0,3.0,297.0
2023-05,Pepsi 750ml Pet,Nos,22.0,756.36,0.0,0.0,14.0,481.32,8.0,275.04
2023-05,Dried Yeast,Grams,3500.0,1189.93,0.0,0.0,2700.0,917.95,800.0,271.98
2023-05,Pasta-Penne Rigatte,pkt,0.0,0.0,4.0,272.03,0.0,0.0,4.0,272.03
2023-05,MBS Traders-Micro 20x26-,pkt,0.0,0.0,2.0,270.0,0.0,0.0,2.0,270.0
2023-05,berry Fresh-Chikku Pulp-,Nos,0.0,0.0,1.0,270.0,0.0,0.0,1.0,270.0
2023-05,Large Pizza Box,Nos,152.0,2242.0,0.0,0.0,134.0,1976.5,18.0,265.5
2023-05,Slice Mango,Case,0.0,0.0,15.0,265.05,0.0,0.0,15.0,265.05
2023-05,Papper carry bag medium,Nos,68.0,612.0,0.0,0.0,39.0,351.0,29.0,261.0
2023-05,Regular Pizza Box,Nos,246.0,2132.82,0.0,0.0,216.0,1872.72,30.0,260.10000000000014
2023-05,Bread Premix,Kg,2.68,633.15,0.0,0.0,1.6,378.0,1.08,255.14999999999998
2023-05,Pasta Container Black,Nos,108.0,974.16,0.0,0.0,80.0,721.6,28.0,252.55999999999995
2023-05,Local Purchase-Egg-,Nos,0.0,0.0,42.0,249.5,0.0,0.0,42.0,249.5
2023-05,Salad Bowl (Small )250ml,Nos,0.0,0.0,50.0,249.51,0.0,0.0,50.0,249.51
2023-05,Mirinda 750ml pet,Nos,11.0,378.18,0.0,0.0,4.0,137.52,7.0,240.66
2023-05,Airtel-recharge-,month,0.0,0.0,1.0,239.0,0.0,0.0,1.0,239.0
2023-05,Berry Fresh Chicku Pulp,Kg,1.3,234.0,0.0,0.0,0.0,0.0,1.3,234.0
2023-05,Fathima Super Market-Milk milma-,pkt,0.0,0.0,8.0,224.0,0.0,0.0,8.0,224.0
2023-05,Berry Fresh Tender Coconut Pulp,Kg,0.9,210.0,0.0,0.0,0.0,0.0,0.9,210.0
2023-05,Micro 13x16,Nos,60.0,210.0,0.0,0.0,0.0,0.0,60.0,210.0
2023-05,jio-mobile recharge-,Nos,0.0,0.0,1.0,209.0,0.0,0.0,1.0,209.0
2023-05,Slice Mango 600ml pet,Nos,9.0,309.42,0.0,0.0,3.0,103.14,6.0,206.28000000000003
2023-05,Isha Fresh Vegitables-Basil leaf-,kg,0.0,0.0,0.3,204.0,0.0,0.0,0.0,204.0
2023-05,Puramate Pasta-Gomiti Rigate - macroni - 500g,Nos,5.0,340.0,0.0,0.0,2.0,136.0,3.0,204.0
2023-05,Indian Oil-Generator-,ltr,0.0,0.0,1.84,200.0,0.0,0.0,2.0,200.0
2023-05,Double Cream-Rich-1kg,Pkt,1.0,196.0,0.0,0.0,0.0,0.0,1.0,196.0
2023-05,Micro 27x30,Nos,26.0,195.0,0.0,0.0,0.0,0.0,26.0,195.0
2023-05,five Star Traders-sugar-,kg,0.0,0.0,5.0,195.0,0.0,0.0,5.0,195.0
2023-05,Paneer Tikka Butter Masala,Kg,1.3,502.32,0.0,0.0,0.8,309.12,0.5,193.2
2023-05,five Star Traders-Mustard oil-,ltr,0.0,0.0,1.0,190.0,0.0,0.0,1.0,190.0
2023-05,AK Chicken Adakkaputhur-kheema-,kg,0.0,0.0,0.9,189.0,0.0,0.0,1.0,189.0
2023-05,Tripod,Nos,750.0,1110.0,0.0,0.0,625.0,925.0,125.0,185.0
2023-05,Chilli Flakes-Puramate-400grm,Kg,0.5,179.81,0.0,0.0,0.0,0.0,0.5,179.81
2023-05,MBS Traders-Micro 27x30-,pkt,0.0,0.0,1.0,180.0,0.0,0.0,1.0,180.0
2023-05,Dip Bowl,Nos,160.0,472.0,0.0,0.0,100.0,295.0,60.0,177.0
2023-05,Veeba Barbequesauce 1KG,Nos,1.0,166.0,0.0,0.0,0.0,0.0,1.0,166.0
2023-05,Atta Loose,Kg,6.0,246.0,0.0,0.0,2.0,82.0,4.0,164.0
2023-05,Local Purchase-atta-,kg,0.0,0.0,4.0,164.0,0.0,0.0,4.0,164.0
2023-05,K.M. Hypermarket-chola rava-,kg,0.0,0.0,2.0,160.0,0.0,0.0,2.0,160.0
2023-05,Local Purchase-Hanging Holder Metal-,Nos,0.0,0.0,1.0,160.0,0.0,0.0,1.0,160.0
2023-05,MBS Traders-plastic cover 1kg-,pkt,0.0,0.0,1.0,160.0,0.0,0.0,1.0,160.0
2023-05,Mansoor Traders-Wooden Spoon 160mm-,pkt,0.0,0.0,2.0,158.0,0.0,0.0,2.0,158.0
2023-05,Local Purchase-milk 525 ml-,pkt,0.0,0.0,6.0,156.0,0.0,0.0,6.0,156.0
2023-05,Maintenance-Chair Welding charges-,Nos,0.0,0.0,1.0,150.0,0.0,0.0,1.0,150.0
2023-05,cello tape,Nos,9.0,225.0,0.0,0.0,3.0,75.0,6.0,150.0
2023-05,MBS Traders-Tandoori Chicken Masala-,pkt,0.0,0.0,2.0,140.0,0.0,0.0,2.0,140.0
2023-05,Mirinda 250ml pet,Nos,20.0,350.0,0.0,0.0,12.0,210.0,8.0,140.0
2023-05,five Star Traders-Coriander Powder-,kg,0.0,0.0,1.0,140.0,0.0,0.0,1.0,140.0
2023-05,Mansoor Traders-Wooden Spoon 140mm-,pkt,0.0,0.0,2.0,136.0,0.0,0.0,2.0,136.0
2023-05,Piri Piri Marinade 1KG,Kg,1.3,578.5,0.0,0.0,1.0,445.0,0.30000000000000004,133.5
2023-05,Local Purchase-Curd Milma-,pkt,0.0,0.0,4.0,130.0,0.0,0.0,4.0,130.0
2023-05,MBS Traders-Cling Film-,Nos,0.0,0.0,1.0,130.0,0.0,0.0,1.0,130.0
2023-05,Nandanam-Rain Coat-,Nos,0.0,0.0,1.0,120.0,0.0,0.0,1.0,120.0
2023-05,Bio-Bag-13x16-90,Kg,0.91,209.3,0.0,0.0,0.4,92.0,0.51,117.30000000000001
2023-05,French Fries 9mm-Funwave,Kg,2.8,407.68,0.0,0.0,2.0,291.2,0.7999999999999998,116.48000000000002
2023-05,Herb Mix Masla,Kg,2.25,1033.2,0.0,0.0,2.0,918.4,0.25,114.80000000000007
2023-05,Local Purchase-knife-,Nos,0.0,0.0,1.0,115.0,0.0,0.0,1.0,115.0
2023-05,Fathima Super Market-MILK MIlma-,pkt,0.0,0.0,4.0,112.0,0.0,0.0,4.0,112.0
2023-05,Fathima Super Market-Milk Milma-,pkt,0.0,0.0,4.0,112.0,0.0,0.0,4.0,112.0
2023-05,Fathima Super Market-milk milma-,pkt,0.0,0.0,4.0,112.0,0.0,0.0,4.0,112.0
2023-05,five Star Traders-black papper-,kg,0.0,0.0,0.2,108.0,0.0,0.0,0.0,108.0
2023-05,Local Purchase-milk 500 ml-,pkt,0.0,0.0,4.0,104.0,0.0,0.0,4.0,104.0
2023-05,Bike Maintenance-Puncture repair-Discover,Nos,0.0,0.0,1.0,100.0,0.0,0.0,1.0,100.0
2023-05,Local Purchase-Mixer Repair-coupler,Nos,0.0,0.0,2.0,100.0,0.0,0.0,2.0,100.0
2023-05,Surya Auto Agencies-Engine Oil-,btl,0.0,0.0,1.0,100.0,0.0,0.0,1.0,100.0
2023-05,Palm Oil - Refined Oil,Nos,1.0,98.0,0.0,0.0,0.0,0.0,1.0,98.0
2023-05,Bio-Bag-10x14-140,Kg,0.81,186.76,0.0,0.0,0.4,92.0,0.41000000000000003,94.75999999999999
2023-05,Mansoor Traders-chocolate Syrup-,pkt,0.0,0.0,1.0,95.0,0.0,0.0,1.0,95.0
2023-05,Zippy Chicken Salami,Kg,2.7,843.7,0.0,0.0,2.4,749.95,0.30000000000000027,93.75
2023-05,Local Purchase-Spray Gun-,Nos,0.0,0.0,3.0,90.0,0.0,0.0,3.0,90.0
2023-05,MBS Traders-tissue Big size-,pkt,0.0,0.0,5.0,90.0,0.0,0.0,5.0,90.0
2023-05,Phoenix Ice Cubes-ice cubes-,pkt,0.0,0.0,3.0,90.0,0.0,0.0,3.0,90.0
2023-05,Royal HyperMarket-Corn Meal-,kg,0.0,0.0,1.0,90.0,0.0,0.0,1.0,90.0
2023-05,MBS Traders-Catering Cap-,pkt,0.0,0.0,1.0,80.0,0.0,0.0,1.0,80.0
2023-05,plastic cover 5kg,Pkt,0.5,80.0,0.0,0.0,0.0,0.0,0.5,80.0
2023-05,Micro 20x26,Nos,17.0,79.33,0.0,0.0,0.0,0.0,17.0,79.33
2023-05,five Star Traders-Badam-,kg,0.0,0.0,0.1,76.0,0.0,0.0,0.0,76.0
2023-05,MBS Traders-paper plate-,pkt,0.0,0.0,1.0,75.0,0.0,0.0,1.0,75.0
2023-05,five Star Traders-cashew nut-,kg,0.0,0.0,0.1,75.0,0.0,0.0,0.0,75.0
2023-05,five Star Traders-cashewnut-,kg,0.0,0.0,0.1,75.0,0.0,0.0,0.0,75.0
2023-05,Isha Fresh Vegitables-Parcely-,kg,0.0,0.0,0.3,72.0,0.0,0.0,0.0,72.0
2023-05,Indian Oil-pulser-,ltr,0.0,0.0,0.64,70.0,0.0,0.0,1.0,70.0
2023-05,MBS Traders-jumbo cover-,pkt,0.0,0.0,1.0,70.0,0.0,0.0,1.0,70.0
2023-05,MBS Traders-paper straw-,pkt,0.0,0.0,2.0,70.0,0.0,0.0,2.0,70.0
2023-05,Citymart Supermarket-egg-,Nos,0.0,0.0,12.0,65.5,0.0,0.0,12.0,65.5
2023-05,Local Purchase-soap powder-,pkt,0.0,0.0,2.0,66.0,0.0,0.0,2.0,66.0
2023-05,five Star Traders-Turmeric powder-,kg,0.0,0.0,0.5,65.0,0.0,0.0,1.0,65.0
2023-05,five Star Traders-milk maid-,tin,0.0,0.0,1.0,63.0,0.0,0.0,1.0,63.0
2023-05,five Star Traders-Chicken Masala-,pkt,0.0,0.0,2.0,62.0,0.0,0.0,2.0,62.0
2023-05,Local Purchase-apple-,kg,0.0,0.0,0.46,60.0,0.0,0.0,0.0,60.0
2023-05,Pepsi 250ml Can,Nos,20.0,600.0,0.0,0.0,18.0,540.0,2.0,60.0
2023-05,Phoenix Ice Cubes-Ice Cubes-,pkt,0.0,0.0,2.0,60.0,0.0,0.0,2.0,60.0
2023-05,five Star Traders-salt powder-,pkt,0.0,0.0,6.0,60.0,0.0,0.0,6.0,60.0
2023-05,five Star Traders-chilli powder-,kg,0.0,0.0,0.25,57.0,0.0,0.0,0.0,57.0
2023-05,Local Purchase-voucher book-,Nos,0.0,0.0,1.0,56.0,0.0,0.0,1.0,56.0
2023-05,Micro 16x20,Nos,16.0,56.0,0.0,0.0,0.0,0.0,16.0,56.0
2023-05,Black Pepper,Kg,0.1,54.0,0.0,0.0,0.0,0.0,0.1,54.0
2023-05,Fathima Super Market-butter paper-,Nos,0.0,0.0,10.0,50.0,0.0,0.0,10.0,50.0
2023-05,Lion Honey 1kg,Kg,0.6,289.8,0.0,0.0,0.5,241.5,0.09999999999999998,48.30000000000001
2023-05,five Star Traders-Chilly whole-,kg,0.0,0.0,0.2,48.0,0.0,0.0,0.0,48.0
2023-05,five Star Traders-exo dish wash soap-,Nos,0.0,0.0,10.0,48.0,0.0,0.0,10.0,48.0
2023-05,Local Purchase-Garam Masala-,pkt,0.0,0.0,1.0,46.0,0.0,0.0,1.0,46.0
2023-05,MBS Traders-paper straw Big-,pkt,0.0,0.0,1.0,45.0,0.0,0.0,1.0,45.0
2023-05,Tissue-Energy-Big,Pkt,4.5,81.0,0.0,0.0,2.0,36.0,2.5,45.0
2023-05,five Star Traders-Tea loose-,kg,0.0,0.0,0.25,45.0,0.0,0.0,0.0,45.0
2023-05,Mansoor Traders-Sugar Balls-,pkt,0.0,0.0,1.0,40.0,0.0,0.0,1.0,40.0
2023-05,Mustard Oil,Ltr,0.2,40.0,0.0,0.0,0.0,0.0,0.2,40.0
2023-05,five Star Traders-Cherry-,kg,0.0,0.0,0.2,40.0,0.0,0.0,0.0,40.0
2023-05,Fathima Super Market-Egg-,Nos,0.0,0.0,7.0,38.0,0.0,0.0,7.0,38.0
2023-05,Local Purchase-Chicken Masala-,pkt,0.0,0.0,1.0,38.0,0.0,0.0,1.0,38.0
2023-05,Local Purchase-Note Book-,Nos,0.0,0.0,1.0,37.0,0.0,0.0,1.0,37.0
2023-05,Bio-Bag-20x26-35,Kg,0.81,186.07,0.0,0.0,0.65,149.5,0.16000000000000003,36.56999999999999
2023-05,Butter Scotch Ice-cream,Kg,0.7,245.95,0.0,0.0,0.6,210.82,0.09999999999999998,35.129999999999995
2023-05,MBS Traders-paper Straw-,pkt,0.0,0.0,1.0,35.0,0.0,0.0,1.0,35.0
2023-05,Micro 20x26,Pkt,1.0,140.0,0.0,0.0,0.75,105.0,0.25,35.0
2023-05,Egg-5.5,Nos,6.0,33.0,0.0,0.0,0.0,0.0,6.0,33.0
2023-05,Masoor-Red,Kg,1.6,128.0,0.0,0.0,1.2,96.0,0.40000000000000013,32.0
2023-05,Puramate Basil 250g Pouch,Grams,130.0,101.4,0.0,0.0,90.0,70.2,40.0,31.200000000000003
2023-05,Local Purchase-Duster-,Nos,0.0,0.0,2.0,30.0,0.0,0.0,2.0,30.0
2023-05,Local Purchase-egg-,pkt,0.0,0.0,5.0,30.0,0.0,0.0,5.0,30.0
2023-05,Transportation-,Nos,0.0,0.0,1.0,30.0,0.0,0.0,1.0,30.0
2023-05,Transportation-Chicken Sausage-,Nos,0.0,0.0,1.0,30.0,0.0,0.0,1.0,30.0
2023-05,Transportation-Origano-,Nos,0.0,0.0,1.0,30.0,0.0,0.0,1.0,30.0
2023-05,Transportation-gouda cheese-,trip,0.0,0.0,1.0,30.0,0.0,0.0,1.0,30.0
2023-05,Transportation-transportation-,Nos,0.0,0.0,1.0,30.0,0.0,0.0,1.0,30.0
2023-05,Transportation-transportation-vegitables,Nos,0.0,0.0,1.0,30.0,0.0,0.0,1.0,30.0
2023-05,Transportation-vegitables-,Nos,0.0,0.0,1.0,30.0,0.0,0.0,1.0,30.0
2023-05,five Star Traders-Agarbatti-,pkt,0.0,0.0,1.0,30.0,0.0,0.0,1.0,30.0
2023-05,five Star Traders-soap powder-,pkt,0.0,0.0,1.0,30.0,0.0,0.0,1.0,30.0
2023-05,Mixed Herb Loose,Grams,150.0,144.0,0.0,0.0,120.0,115.2,30.0,28.799999999999997
2023-05,Micro 16x20,Pkt,1.0,140.0,0.0,0.0,0.8,112.0,0.19999999999999996,28.0
2023-05,Chicken Masala,Pkt,1.0,27.0,0.0,0.0,0.0,0.0,1.0,27.0
2023-05,Jumbo Cover-Blue,Nos,0.5,45.0,0.0,0.0,0.2,18.0,0.3,27.0
2023-05,Chilli Flakes-Tasty Pixel-Veeba-Sachet-0.8g,Nos,219.0,115.89,0.0,0.0,175.0,92.61,44.0,23.28
2023-05,A.N.A Agencies-Drum Bolt -,Nos,0.0,0.0,1.0,20.0,0.0,0.0,1.0,20.0
2023-05,Chilli Powder Loose,Kg,0.6,120.0,0.0,0.0,0.5,100.0,0.09999999999999998,20.0
2023-05,Local Purchase-Horlicks Small packet-,pkt,0.0,0.0,4.0,20.0,0.0,0.0,4.0,20.0
2023-05,Local Purchase-bike spare parts-,Nos,0.0,0.0,1.0,20.0,0.0,0.0,1.0,20.0
2023-05,Butter Scotch Sauce 750ml,Grams,250.0,46.0,0.0,0.0,150.0,27.6,100.0,18.4
2023-05,Local Purchase-double Tape-,Nos,0.0,0.0,1.0,18.0,0.0,0.0,1.0,18.0
2023-05,Paper Straw Big,Nos,100.0,45.0,0.0,0.0,60.0,27.0,40.0,18.0
2023-05,five Star Traders-cherry-,kg,0.0,0.0,0.1,18.0,0.0,0.0,0.0,18.0
2023-05,Chocolate Ice-cream,Kg,0.8,280.0,0.0,0.0,0.75,262.5,0.050000000000000044,17.5
2023-05,Safa Books -Note Book-,Nos,0.0,0.0,1.0,16.0,0.0,0.0,1.0,16.0
2023-05,five Star Traders-Jeerakham-,kg,0.0,0.0,0.1,16.0,0.0,0.0,0.0,16.0
2023-05,Local Purchase-plastic scrubber-,Nos,0.0,0.0,1.0,15.0,0.0,0.0,1.0,15.0
2023-05,Hersheys Cocoa-70grm,Kg,0.01,14.14,0.0,0.0,0.0,0.0,0.01,14.14
2023-05,Vanilla Ice-cream,Kg,0.8,197.82,0.0,0.0,0.75,185.45,0.050000000000000044,12.370000000000005
2023-05,Turmeric Powder-loose,Kg,0.34,44.88,0.0,0.0,0.25,33.0,0.09000000000000002,11.880000000000003
2023-05,Citymart Supermarket-lighter-,Nos,0.0,0.0,1.0,10.0,0.0,0.0,1.0,10.0
2023-05,Exo Dishwash cake,Nos,10.0,48.0,0.0,0.0,8.0,38.4,2.0,9.600000000000001
2023-05,Local Purchase-Pen-,Nos,0.0,0.0,2.0,10.0,0.0,0.0,2.0,10.0
2023-05,Safa Books -stapler -,pkt,0.0,0.0,1.0,10.0,0.0,0.0,1.0,10.0
2023-05,five Star Traders-plastic scrubber-,Nos,0.0,0.0,1.0,10.0,0.0,0.0,1.0,10.0
2023-05,Tea Loose,Kg,0.25,45.0,0.0,0.0,0.2,36.0,0.04999999999999999,9.0
2023-05,Fathima Super Market-pen-,Nos,0.0,0.0,2.0,8.0,0.0,0.0,2.0,8.0
2023-05,Local Purchase-Bolt-,Nos,0.0,0.0,1.0,8.0,0.0,0.0,1.0,8.0
2023-05,A.N.A Agencies-Spilt Pin-,Nos,0.0,0.0,1.0,2.0,0.0,0.0,1.0,2.0
2023-05,Berry Fresh Banana Pulp,Tin,1.0,270.0,0.0,0.0,1.0,270.0,0.0,0.0
2023-05,Black Grapes,Kg,0.05,22.5,0.0,0.0,0.05,22.5,0.0,0.0
2023-05,Cashew nut,Kg,0.05,37.5,0.0,0.0,0.05,37.5,0.0,0.0
2023-05,Chettinad Mix,Kg,0.4,260.4,0.0,0.0,0.4,260.4,0.0,0.0
2023-05,Chilli Flakes-Tasty Pixel-Veeba-Sachet-0.8g,Pkt,5.0,661.5,0.0,0.0,5.0,661.5,0.0,0.0
2023-05,Mango Crush Sauce 750ml Malas,Nos,1.0,138.32,0.0,0.0,1.0,138.32,0.0,0.0
2023-05,Pasta Container,Nos,0.0,0.0,50.0,0.0,0.0,0.0,50.0,0.0
2023-05,Veeba Gouda Flavoured Dressing,Nos,3.0,645.12,0.0,0.0,3.0,645.12,0.0,0.0
2023-05,Veeba T. Ketchup 1.2KG,Nos,3.0,315.0,0.0,0.0,3.0,315.0,0.0,0.0
2023-05,badam,Kg,0.05,40.0,0.0,0.0,0.05,40.0,0.0,0.0
2023-05,milk-Milma-525ml,Pkt,2.0,56.0,0.0,0.0,2.0,56.0,0.0,0.0
2023-05,Vineger,Ltr,0.2,8.4,0.0,0.0,0.3,12.6,-0.09999999999999998,-4.199999999999999
2023-05,Coriander Powder-loose,Kg,0.16,25.6,0.0,0.0,0.25,40.0,-0.09,-14.399999999999999
2023-05,Papper carry bag small,Nos,0.0,0.0,0.0,0.0,2.0,16.0,-2.0,-16.0
2023-05,Chicken Masala-Quality,Grams,0.0,0.0,0.0,0.0,50.0,19.0,-50.0,-19.0
2023-05,Paper Straw Small,Nos,0.0,0.0,0.0,0.0,55.0,19.25,-55.0,-19.25
2023-05,Strawberry-Ice cream,Kg,1.3,296.64,0.0,0.0,1.4,319.45,-0.09999999999999987,-22.810000000000002
2023-05,Salt Powder,Kg,0.85,8.5,0.0,0.0,3.4,34.0,-2.55,-25.5
2023-05,Cherry,Kg,0.0,0.0,0.0,0.0,0.1,30.0,-0.1,-30.0
2023-05,Vermicelli Mix,Pkt,0.0,0.0,0.0,0.0,0.5,30.0,-0.5,-30.0
2023-05,Tandoori Chicken Masala-Bakers,Nos,1.0,65.0,0.0,0.0,1.5,97.5,-0.5,-32.5
2023-05,butter papper,Nos,20.0,70.0,0.0,0.0,30.0,105.0,-10.0,-35.0
2023-05,Sugar-Loose,Kg,1.4,53.2,0.0,0.0,2.4,91.2,-1.0,-38.0
2023-05,Paper Plates,Nos,16.0,16.0,0.0,0.0,55.0,55.0,-39.0,-39.0
2023-05,Strawberry sause 750,Grams,500.0,106.67,0.0,0.0,700.0,149.33,-200.0,-42.66000000000001
2023-05,Ice cube,Pkt,1.0,30.0,0.0,0.0,2.5,75.0,-1.5,-45.0
2023-05,GO-Monterey Jack Cheese-2kg,Kg,1.4,854.01,0.0,0.0,1.5,915.01,-0.10000000000000009,-61.0
2023-05,Mustard-Oil,Ltr,0.0,0.0,0.0,0.0,0.3,63.0,-0.3,-63.0
2023-05,plastic Cover-1kg,Pkt,0.5,80.0,0.0,0.0,0.9,144.0,-0.4,-64.0
2023-05,Hersheys Syrup-200grm,Pkt,0.0,0.0,0.0,0.0,0.75,70.5,-0.75,-70.5
2023-05,Salad Bowl 250ml,Nos,71.0,418.19,0.0,0.0,83.0,488.87,-12.0,-70.68
2023-05,butter,Kg,1.5,570.0,0.0,0.0,1.7,646.0,-0.19999999999999996,-76.0
2023-05,Paper Glass,Nos,126.0,113.4,0.0,0.0,220.0,198.0,-94.0,-84.6
2023-05,plastic cover-HM- 5kg,Pkt,0.0,0.0,0.0,0.0,0.5,85.0,-0.5,-85.0
2023-05,Pepsi 250ml Pet,Nos,19.0,332.5,0.0,0.0,24.0,420.0,-5.0,-87.5
2023-05,Aqua Fina Mineral Water 1Ltr,Nos,1.0,14.0,0.0,0.0,8.0,111.99,-7.0,-97.99
2023-05,Wooden Spoon-140mm,Nos,0.0,0.0,0.0,0.0,160.0,124.8,-160.0,-124.8
2023-05,Zippy  B.Fast Sausage ,Kg,0.8,255.36,0.0,0.0,1.2,383.04,-0.3999999999999999,-127.68
2023-05,Chilli Flakes-Puramate-400grm,Pkt,0.0,0.0,0.0,0.0,1.0,143.85,-1.0,-143.85
2023-05,Wooden Spoon-110mm,Nos,74.0,80.66,0.0,0.0,210.0,228.9,-136.0,-148.24
2023-05,Papper carry bag large,Nos,36.0,414.0,0.0,0.0,49.0,563.5,-13.0,-149.5
2023-05,Corn Meal - Chola Rava,Kg,1.0,80.0,0.0,0.0,3.0,240.0,-2.0,-160.0
2023-05,Tandoori mix Masala,Kg,4.7,1947.68,0.0,0.0,5.1,2113.44,-0.39999999999999947,-165.76
2023-05,Dew 750ml Pet,Nos,0.0,0.0,0.0,0.0,5.0,171.9,-5.0,-171.9
2023-05,7up 250ml Can,Nos,14.0,420.0,0.0,0.0,20.0,600.0,-6.0,-180.0
2023-05,Micro 27x30,Pkt,0.0,0.0,0.0,0.0,1.0,180.0,-1.0,-180.0
2023-05,Garlic Bread Box,Nos,33.0,290.07,0.0,0.0,56.0,492.24,-23.0,-202.17000000000002
2023-05,Mini Burger Box,Nos,86.0,233.4,0.0,0.0,165.0,447.81,-79.0,-214.41
2023-05,Neo Red Paprika 3Kg,Nos,2.0,869.12,0.0,0.0,2.5,1086.4,-0.5,-217.2800000000001
2023-05,Pineapple slice-Tajir Habit-850g,Nos,3.0,330.75,0.0,0.0,5.0,551.25,-2.0,-220.5
2023-05,Chicken Kheema  Masala,Kg,0.0,0.0,0.0,0.0,0.4,260.4,-0.4,-260.4
2023-05,Pizza sauce premix,Kg,2.6,805.35,0.0,0.0,3.5,1084.12,-0.8999999999999999,-278.76999999999987
2023-05,7up 250ml Pet,Nos,15.0,262.5,0.0,0.0,31.0,542.5,-16.0,-280.0
2023-05,Micro 13x16,Pkt,0.0,0.0,0.0,0.0,2.05,287.0,-2.05,-287.0
2023-05,7UP 1250ml Pet,Nos,0.0,0.0,0.0,0.0,5.0,289.6,-5.0,-289.6
2023-05,Neo-Black Sliced Olives-3kg,Nos,2.0,1252.16,0.0,0.0,2.5,1565.2,-0.5,-313.03999999999996
2023-05,Lehar Soda,Nos,9.0,148.14,0.0,0.0,31.0,510.26,-22.0,-362.12
2023-05,Berry Fresh Chicku Pulp,Tin,0.0,0.0,0.0,0.0,1.4,378.0,-1.4,-378.0
2023-05,Salad Bowl 500ml,Nos,96.0,696.96,0.0,0.0,150.0,1089.0,-54.0,-392.03999999999996
2023-05,Berry Fresh Tender Coconut Pulp,Tin,0.0,0.0,0.0,0.0,1.15,402.5,-1.15,-402.5
2023-05,Pepsi 1250ml Pet,Nos,13.0,752.96,0.0,0.0,20.0,1158.4,-7.0,-405.44000000000005
2023-05,Brownie,Kg,0.7,282.1,0.0,0.0,1.8,725.4,-1.1,-443.29999999999995
2023-05,Mexican Masala,Kg,1.6,698.88,0.0,0.0,2.8,1223.04,-1.1999999999999997,-524.16
2023-05,Maida(Porotta 50kg),Kg,125.0,5125.0,0.0,0.0,140.0,5740.0,-15.0,-615.0
2023-05,Garlic Chilli Spread,Kg,2.0,324.0,0.0,0.0,6.0,972.0,-4.0,-648.0
2023-05,Pizza Premix,Kg,3.0,708.75,0.0,0.0,5.8,1370.25,-2.8,-661.5
2023-05,Paneer,Kg,1.1,319.0,0.0,0.0,3.5,1015.0,-2.4,-696.0
2023-05,Veeba Pasta & Pizza Sauce 1KG,Nos,11.0,2090.0,0.0,0.0,15.0,2850.0,-4.0,-760.0
2023-05,Rice-Nawab-26kg,Pkt,0.0,0.0,0.0,0.0,1.0,962.0,-1.0,-962.0
2023-05,OREGANO SACHET 0.8GM,Nos,679.0,497.93,0.0,0.0,2065.0,1514.33,-1386.0,-1016.3999999999999
2023-05,Malas Chocolate Sauce 5 ltr,Pkt,0.0,0.0,0.0,0.0,1.0,1060.01,-1.0,-1060.01
2023-05,Palm Oil - Refined Oil,Ltr,0.0,0.0,0.0,0.0,12.0,1176.0,-12.0,-1176.0
2023-05,Processed cheese block,Pkt,0.0,0.0,0.0,0.0,3.0,1650.0,-3.0,-1650.0
2023-05,Mc Cain Potato Wedges 2.5kg-Taha,Kg,0.6,112.8,0.0,0.0,9.5,1785.99,-8.9,-1673.19
2023-05,TAJIR JALAPENO SLICES 2.5 KG,Nos,0.0,0.0,0.0,0.0,6.0,1710.0,-6.0,-1710.0
2023-05,Bornless Chicken- pattambi,Kg,0.0,0.0,0.0,0.0,11.0,2684.0,-11.0,-2684.0
2023-05,MilkyMist-Mozzarella Cheese-shredded-2kg,Kg,4.0,1982.4,0.0,0.0,22.75,11274.9,-18.75,-9292.5
2023-06,Mozzarella Diced Cheese-1kg,pkt,0.0,0.0,120.0,56638.84,0.0,0.0,120.0,56638.84
2023-06,French Fries 6mm-2.5kg,pkt,0.0,0.0,40.0,13959.68,0.0,0.0,40.0,13959.68
2023-06,MilkyMist-Mozzarella Cheese-shredded-2kg,Kg,22.75,11274.9,0.0,0.0,0.0,0.0,22.75,11274.9
2023-06,KTP Vegitables-vegitables,Nos,0.0,0.0,21.0,10850.0,0.0,0.0,21.0,10850.0
2023-06,Pizza Primix-1kg,kg,0.0,0.0,36.0,8640.0,0.0,0.0,36.0,8640.0
2023-06,Mushroom Slice-800gm,Tin,0.0,0.0,72.0,7056.0,0.0,0.0,72.0,7056.0
2023-06,Regular Box-50Nos,Nos,0.0,0.0,700.0,6300.0,0.0,0.0,700.0,6300.0
2023-06,Maida-50kg,Bag,0.0,0.0,3.0,6090.0,0.0,0.0,3.0,6090.0
2023-06,French Fries 6mm-Funwave,Kg,41.5,5959.29,0.0,0.0,0.0,0.0,41.5,5959.29
2023-06,Medium Box-50Nos,Nos,0.0,0.0,500.0,5750.0,0.0,0.0,500.0,5750.0
2023-06,HPCL-gas,Nos,0.0,0.0,3.0,5430.0,0.0,0.0,3.0,5430.0
2023-06,HPCL-gas,cylinder,0.0,0.0,3.0,5430.0,0.0,0.0,3.0,5430.0
2023-06,five Star Traders-palm oil,pkt,0.0,0.0,60.0,5180.0,0.0,0.0,60.0,5180.0
2023-06,Browny-1kg,kg,0.0,0.0,11.0,4235.0,0.0,0.0,11.0,4235.0
2023-06,Maida(Porotta 50kg),Kg,140.0,5740.0,0.0,0.0,50.0,2050.0,90.0,3690.0
2023-06,Mexican Mix-1kg,kg,0.0,0.0,8.0,3320.0,0.0,0.0,8.0,3320.0
2023-06,Pepsi pet-750ml,Case,0.0,0.0,4.0,3300.44,0.0,0.0,4.0,3300.44
2023-06,7up pet-1250ml,Case,0.0,0.0,4.0,2780.16,0.0,0.0,4.0,2780.16
2023-06,7up pet-750ml,Case,0.0,0.0,3.0,2475.33,0.0,0.0,3.0,2475.33
2023-06,Orange Cheddar cheese-2kg,pkt,0.0,0.0,2.0,2390.08,0.0,0.0,2.0,2390.08
2023-06,Gouda Cheese-1kg,pkt,0.0,0.0,11.0,2343.94,0.0,0.0,11.0,2343.94
2023-06,Pasta Container-100Nos,Nos,0.0,0.0,250.0,2237.5,0.0,0.0,250.0,2237.5
2023-06,Large Box-50Nos,Nos,0.0,0.0,150.0,2227.5,0.0,0.0,150.0,2227.5
2023-06,Pasta & Pizza Sauce-1kg,pkt,0.0,0.0,12.0,2202.28,0.0,0.0,12.0,2202.28
2023-06,Processed cheese block-1kg,pkt,0.0,0.0,4.0,2199.84,0.0,0.0,4.0,2199.84
2023-06,Potato Wedges-2.5kg,pkt,0.0,0.0,5.0,2159.98,0.0,0.0,5.0,2159.98
2023-06,Herb Mix-1kg,kg,0.0,0.0,5.0,2125.0,0.0,0.0,5.0,2125.0
2023-06,Pepsi pet-250ml,Case,0.0,0.0,4.0,2100.0,0.0,0.0,4.0,2100.0
2023-06,Local Purchase-Steel Container,Nos,0.0,0.0,5.0,1957.0,0.0,0.0,5.0,1957.0
2023-06,Fresh Garden Mint-750ml,Btl,0.0,0.0,4.0,1954.08,0.0,0.0,4.0,1954.08
2023-06,Ketchup Sachet (8g)-100,pkt,0.0,0.0,24.0,1919.76,0.0,0.0,24.0,1919.76
2023-06,V Mart-Glass,Nos,0.0,0.0,12.0,1900.0,0.0,0.0,12.0,1900.0
2023-06,HPCL-Gas,Nos,0.0,0.0,1.0,1810.0,0.0,0.0,1.0,1810.0
2023-06,HPCL-Gas,cylinder,0.0,0.0,1.0,1810.0,0.0,0.0,1.0,1810.0
2023-06,Mc Cain Potato Wedges 2.5kg-Taha,Kg,9.5,1785.99,0.0,0.0,0.0,0.0,9.5,1785.99
2023-06,Oregano Sachet 0.8gm-300s,pkt,0.0,0.0,8.0,1759.97,0.0,0.0,8.0,1759.97
2023-06,Sherif Cherpulasery-whole chicken,kg,0.0,0.0,10.99,1651.0,0.0,0.0,11.0,1651.0
2023-06,Processed cheese block,Pkt,3.0,1650.0,0.0,0.0,0.0,0.0,3.0,1650.0
2023-06,Srinivasan-Vanilla Ice Cream,pkt,0.0,0.0,3.0,1632.0,0.0,0.0,3.0,1632.0
2023-06,Flexi Cream Gold-1kg,pkt,0.0,0.0,8.0,1557.6,0.0,0.0,8.0,1557.6
2023-06,OREGANO SACHET 0.8GM,Nos,2065.0,1514.33,0.0,0.0,0.0,0.0,2065.0,1514.33
2023-06,Blue Occean Flv Syrup-750ml,Btl,0.0,0.0,3.0,1465.56,0.0,0.0,3.0,1465.56
2023-06,Green Apple-750ml,Btl,0.0,0.0,3.0,1465.56,0.0,0.0,3.0,1465.56
2023-06,Veeba Pasta & Pizza Sauce 1KG,Nos,15.0,2850.0,0.0,0.0,8.0,1520.0,7.0,1330.0
2023-06,Dew-750ml,Nos,0.0,0.0,36.0,1237.71,0.0,0.0,36.0,1237.71
2023-06,Palm Oil - Refined Oil,Ltr,12.0,1176.0,0.0,0.0,0.0,0.0,12.0,1176.0
2023-06,babu palakkad-butter,kg,0.0,0.0,3.0,1140.0,0.0,0.0,3.0,1140.0
2023-06,Paneer Tikka Butter Masala -1kg,kg,0.0,0.0,3.0,1125.0,0.0,0.0,3.0,1125.0
2023-06,Pasta-Penne Rigatte-500gm,pkt,0.0,0.0,16.0,1088.1,0.0,0.0,16.0,1088.1
2023-06,Mini Burger Box-Nos,100Nos,0.0,0.0,4.0,1085.6,0.0,0.0,4.0,1085.6
2023-06,Malas Chocolate Sauce 5 ltr,Pkt,1.0,1060.01,0.0,0.0,0.0,0.0,1.0,1060.01
2023-06,7up pet-250ml,Case,0.0,0.0,2.0,1050.0,0.0,0.0,2.0,1050.0
2023-06,Tandoori mix Masala,Kg,5.1,2113.44,0.0,0.0,2.6,1077.44,2.4999999999999996,1036.0
2023-06,five Star Traders-atta,kg,0.0,0.0,23.0,1034.0,0.0,0.0,23.0,1034.0
2023-06,Local Purchase-egg,Nos,0.0,0.0,149.0,988.0,0.0,0.0,149.0,988.0
2023-06,Eggless Mayonise -1kg,pkt,0.0,0.0,7.0,980.0,0.0,0.0,7.0,980.0
2023-06,Passion Fruit-750ml,Btl,0.0,0.0,2.0,977.04,0.0,0.0,2.0,977.04
2023-06,Dew-500ml,Case,0.0,0.0,16.0,975.15,0.0,0.0,16.0,975.15
2023-06,Local Purchase-nawab rice,bag,0.0,0.0,1.0,962.0,0.0,0.0,1.0,962.0
2023-06,Rice-Nawab-26kg,Pkt,1.0,962.0,0.0,0.0,0.0,0.0,1.0,962.0
2023-06,Paper Bag Medium-Nos,Nos,0.0,0.0,100.0,950.0,0.0,0.0,100.0,950.0
2023-06,BBQ Mix-1kg,kg,0.0,0.0,2.0,930.0,0.0,0.0,2.0,930.0
2023-06,Dew-250ml,Case,0.0,0.0,2.0,930.0,0.0,0.0,2.0,930.0
2023-06,Dried Yeast,Grams,2700.0,917.95,0.0,0.0,0.0,0.0,2700.0,917.95
2023-06,Pepperoni-1kg,kg,0.0,0.0,1.0,895.0,0.0,0.0,1.0,895.0
2023-06,babu palakkad-paneer,kg,0.0,0.0,3.0,870.0,0.0,0.0,3.0,870.0
2023-06,Red Paprika Slice-2.5kg,Tin,0.0,0.0,2.0,869.12,0.0,0.0,2.0,869.12
2023-06,Instant Dried Yeast-500gm,pkt,0.0,0.0,5.0,849.97,0.0,0.0,5.0,849.97
2023-06,Paper Bag Regular-Nos,Nos,0.0,0.0,100.0,850.0,0.0,0.0,100.0,850.0
2023-06,Ketchup -1.2kg,Btl,0.0,0.0,8.0,840.0,0.0,0.0,8.0,840.0
2023-06,Local Purchase-milk milma,pkt,0.0,0.0,30.0,840.0,0.0,0.0,30.0,840.0
2023-06,Mirinda-750ml,Nos,0.0,0.0,24.0,825.12,0.0,0.0,24.0,825.12
2023-06,Slice Mango-250ml,Case,0.0,0.0,16.0,795.15,0.0,0.0,16.0,795.15
2023-06,Srinivasan-Butter Scotch Ice Cream,pkt,0.0,0.0,1.0,773.0,0.0,0.0,1.0,773.0
2023-06,Srinivasan-Chocolate Ice Cream ,pkt,0.0,0.0,1.0,770.0,0.0,0.0,1.0,770.0
2023-06,KOT Printing Rolls,Nos,42.0,2184.0,0.0,0.0,28.0,1456.0,14.0,728.0
2023-06,7up can-250ml,Case,0.0,0.0,1.0,720.0,0.0,0.0,1.0,720.0
2023-06,Bread Primix-1kg,kg,0.0,0.0,3.0,720.0,0.0,0.0,3.0,720.0
2023-06,Dew Can-250ml,Case,0.0,0.0,1.0,720.0,0.0,0.0,1.0,720.0
2023-06,Pepsi Can-250ml,Case,0.0,0.0,1.0,720.0,0.0,0.0,1.0,720.0
2023-06,TAJIR JALAPENO SLICES 2.5 KG,Nos,6.0,1710.0,0.0,0.0,3.5,997.5,2.5,712.5
2023-06,MBS Traders-micro 16x20,pkt,0.0,0.0,5.0,700.0,0.0,0.0,5.0,700.0
2023-06,Pepsi pet-1250ml,Case,0.0,0.0,1.0,695.04,0.0,0.0,1.0,695.04
2023-06,Frozen Sweet corn-1kg,pkt,0.0,0.0,7.0,693.0,0.0,0.0,7.0,693.0
2023-06,Aqua Fina-1ltr,Case,0.0,0.0,4.0,671.96,0.0,0.0,4.0,671.96
2023-06,Local Purchase-Milk Milma,pkt,0.0,0.0,24.0,672.0,0.0,0.0,24.0,672.0
2023-06,Pomace Olive oil-1ltr,Btl,0.0,0.0,2.0,669.9,0.0,0.0,2.0,669.9
2023-06,Baby Corn Whole-450gm,Tin,0.0,0.0,10.0,650.0,0.0,0.0,10.0,650.0
2023-06,kheema Masala-250gr,kg,0.0,0.0,1.0,650.0,0.0,0.0,1.0,650.0
2023-06,Garlic Chilli Spread,Kg,6.0,972.0,0.0,0.0,2.0,324.0,4.0,648.0
2023-06,Godrej chicken Nuggets -1kg,pkt,0.0,0.0,2.0,639.99,0.0,0.0,2.0,639.99
2023-06,Chicken Sausage-1kg,pkt,0.0,0.0,2.0,638.4,0.0,0.0,2.0,638.4
2023-06,Makhani Sauce-1kg,pkt,0.0,0.0,3.0,632.22,0.0,0.0,3.0,632.22
2023-06,Black Olives Slice-3 kg,Tin,0.0,0.0,1.0,626.08,0.0,0.0,1.0,626.08
2023-06,Chicken Salami-1kg,pkt,0.0,0.0,2.0,624.96,0.0,0.0,2.0,624.96
2023-06,Slice Mango-600ml,Nos,0.0,0.0,18.0,618.84,0.0,0.0,18.0,618.84
2023-06,Oregano Sprinkler-500gm,pkt,0.0,0.0,2.0,609.0,0.0,0.0,2.0,609.0
2023-06,Jalapeno Slices-2.9 kg,Tin,0.0,0.0,2.0,596.0,0.0,0.0,2.0,596.0
2023-06,Frozen Sweet Corn-Pal Fresh,Nos,6.0,594.0,0.0,0.0,0.0,0.0,6.0,594.0
2023-06,Tandoori Tikka Marinade-500grm,pkt,0.0,0.0,0.5,575.0,0.0,0.0,1.0,575.0
2023-06,Mexican Masala,Kg,2.8,1223.04,0.0,0.0,1.5,655.2,1.2999999999999998,567.8399999999999
2023-06,Pineapple slice-Tajir Habit-850g,Nos,5.0,551.25,0.0,0.0,0.0,0.0,5.0,551.25
2023-06,French Fries Box-,Nos,0.0,0.0,100.0,535.0,0.0,0.0,100.0,535.0
2023-06,Slice Mango-200ml,Case,0.0,0.0,1.0,530.1,0.0,0.0,1.0,530.1
2023-06,Tasty Fixel Chilly Flakes 0.8gm-250s,pkt,0.0,0.0,4.0,529.2,0.0,0.0,4.0,529.2
2023-06,Mirinda-250ml,Case,0.0,0.0,1.0,525.0,0.0,0.0,1.0,525.0
2023-06,Pepsi 1250ml Pet,Nos,20.0,1158.4,0.0,0.0,11.0,637.12,9.0,521.2800000000001
2023-06,MBS Traders-tissue Big size,pkt,0.0,0.0,29.0,506.0,0.0,0.0,29.0,506.0
2023-06,five Star Traders-masoor dal red,kg,0.0,0.0,6.0,480.0,0.0,0.0,6.0,480.0
2023-06,Local Purchase-micro ,pkt,0.0,0.0,3.0,450.0,0.0,0.0,3.0,450.0
2023-06,Piri Piri Marinade-1kg,kg,0.0,0.0,1.0,445.0,0.0,0.0,1.0,445.0
2023-06,Veeba Tandoori Spread-1kg,Nos,4.0,868.0,0.0,0.0,2.0,434.0,2.0,434.0
2023-06,Tandoori Spread-1kg,pkt,0.0,0.0,2.0,431.18,0.0,0.0,2.0,431.18
2023-06,7up pet-750ml,Nos,0.0,0.0,12.0,412.57,0.0,0.0,12.0,412.57
2023-06,GBC Box-50Nos,Nos,0.0,0.0,50.0,412.5,0.0,0.0,50.0,412.5
2023-06,Paper Bag Large-Nos,Nos,0.0,0.0,39.0,409.5,0.0,0.0,39.0,409.5
2023-06,Paneer,Kg,3.5,1015.0,0.0,0.0,2.1,609.0,1.4,406.0
2023-06,Lehar Soda-750ml,Case,0.0,0.0,1.0,395.04,0.0,0.0,1.0,395.04
2023-06,Zippy  B.Fast Sausage ,Kg,1.2,383.04,0.0,0.0,0.0,0.0,1.2,383.04
2023-06,Thousand island-1kg,pkt,0.0,0.0,2.0,379.99,0.0,0.0,2.0,379.99
2023-06,babu palakkad-BUTTER,kg,0.0,0.0,1.0,380.0,0.0,0.0,1.0,380.0
2023-06,Local Purchase-Milk 450ml,pkt,0.0,0.0,15.0,375.0,0.0,0.0,15.0,375.0
2023-06,Local Purchase-milk Milma Toned,pkt,0.0,0.0,14.0,364.0,0.0,0.0,14.0,364.0
2023-06,Bornless Chicken- pattambi,Kg,11.0,2684.0,0.0,0.0,9.6,2342.4,1.4000000000000004,341.5999999999999
2023-06,MBS Traders-paper glass,pkt,0.0,0.0,5.0,340.0,0.0,0.0,5.0,340.0
2023-06,Fathima Super Market-Milk Milma,pkt,0.0,0.0,12.0,336.0,0.0,0.0,12.0,336.0
2023-06,Honey-1ltr,Btl,0.0,0.0,1.0,327.6,0.0,0.0,1.0,327.6
2023-06,Salad Bowl 500ml,Nos,150.0,1089.0,0.0,0.0,106.0,769.56,44.0,319.44000000000005
2023-06,French Fries 9mm-Funwave,Kg,2.0,291.2,0.0,0.0,0.0,0.0,2.0,291.2
2023-06,MBS Traders-Micro 20x26,pkt,0.0,0.0,2.0,280.0,0.0,0.0,2.0,280.0
2023-06,Pizza sauce premix,Kg,3.5,1084.12,0.0,0.0,2.6,805.35,0.8999999999999999,278.76999999999987
2023-06,Pasta-Gomiti Rigatte-500gm,Pkt,0.0,0.0,4.0,272.03,0.0,0.0,4.0,272.03
2023-06,JIVO Pomace Olive Oil ,Nos,2.2,737.02,0.0,0.0,1.4,469.01,0.8000000000000003,268.01
2023-06,Sherif Cherpulasery-Chicken Kheema,kg,0.0,0.0,1.78,267.0,0.0,0.0,2.0,267.0
2023-06,Chocolate Ice-cream,Kg,0.75,262.5,0.0,0.0,0.0,0.0,0.75,262.5
2023-06,Salad Bowl (Small )250ml-Nos,Nos,0.0,0.0,50.0,262.5,0.0,0.0,50.0,262.5
2023-06,Dew-500ml,Nos,0.0,0.0,12.0,260.03,0.0,0.0,12.0,260.03
2023-06,Oregano Sprinkler 500g,Kg,2.7,1644.3,0.0,0.0,2.3,1400.7,0.40000000000000036,243.5999999999999
2023-06,five Star Traders-cashew nut,kg,0.0,0.0,0.3,230.0,0.0,0.0,0.0,230.0
2023-06,Wooden Spoon-110mm,Nos,210.0,228.9,0.0,0.0,0.0,0.0,210.0,228.9
2023-06,five Star Traders-black papper,kg,0.0,0.0,0.4,216.0,0.0,0.0,0.0,216.0
2023-06,Paper Glass,Nos,220.0,198.0,0.0,0.0,0.0,0.0,220.0,198.0
2023-06,five Star Traders-sugar,kg,0.0,0.0,5.0,196.0,0.0,0.0,5.0,196.0
2023-06,DVC Green Apple 750 ML,Nos,2.4,1172.45,0.0,0.0,2.0,977.04,0.3999999999999999,195.41000000000008
2023-06,Lion Honey 1kg,Kg,0.5,241.5,0.0,0.0,0.1,48.3,0.4,193.2
2023-06,Berry Fresh Chicku Pulp,Tin,1.4,378.0,0.0,0.0,0.8,216.0,0.5999999999999999,162.0
2023-06,MBS Traders-plastic cover,pkt,0.0,0.0,1.0,160.0,0.0,0.0,1.0,160.0
2023-06,Strawberry sause 750,Grams,700.0,149.33,0.0,0.0,0.0,0.0,700.0,149.33
2023-06,five Star Traders-Tandoori Chicken Masala,pkt,0.0,0.0,2.0,148.0,0.0,0.0,2.0,148.0
2023-06,Chilli Flakes-Puramate-400grm,Pkt,1.0,143.85,0.0,0.0,0.0,0.0,1.0,143.85
2023-06,plastic Cover-1kg,Pkt,0.9,144.0,0.0,0.0,0.0,0.0,0.9,144.0
2023-06,Local Purchase-Curd Milma,pkt,0.0,0.0,4.0,140.0,0.0,0.0,4.0,140.0
2023-06,Veeba Eggless Mayonise Chef 1KG,Nos,6.0,840.0,0.0,0.0,5.0,700.0,1.0,140.0
2023-06,Butter Scotch Sauce-750ml,Btl,0.0,0.0,1.0,138.0,0.0,0.0,1.0,138.0
2023-06,Puramate Pasta-Gomiti Rigate - macroni - 500g,Nos,2.0,136.0,0.0,0.0,0.0,0.0,2.0,136.0
2023-06,Strawberry-Ice cream,Kg,1.4,319.45,0.0,0.0,0.8,182.55,0.5999999999999999,136.89999999999998
2023-06,Local Purchase-paper glass,pkt,0.0,0.0,2.0,130.0,0.0,0.0,2.0,130.0
2023-06,five Star Traders-milk maid,tin,0.0,0.0,1.0,123.0,0.0,0.0,1.0,123.0
2023-06,MBS Traders-egg,Nos,0.0,0.0,19.0,122.0,0.0,0.0,19.0,122.0
2023-06,Local Purchase-paper plate,pkt,0.0,0.0,1.0,120.0,0.0,0.0,1.0,120.0
2023-06,MBS Traders-Cling Film,roll,0.0,0.0,1.0,120.0,0.0,0.0,1.0,120.0
2023-06,five Star Traders-honey 250grm,btl,0.0,0.0,1.0,117.0,0.0,0.0,1.0,117.0
2023-06,five Star Traders-jeerakam,kg,0.0,0.0,0.2,116.0,0.0,0.0,0.0,116.0
2023-06,Lehar Soda,Nos,31.0,510.26,0.0,0.0,24.0,395.04,7.0,115.21999999999997
2023-06,Local Purchase-MILK,pkt,0.0,0.0,4.0,112.0,0.0,0.0,4.0,112.0
2023-06,Local Purchase-Milk Milma,Nos,0.0,0.0,4.0,112.0,0.0,0.0,4.0,112.0
2023-06,Safa Books -voucher book,Nos,0.0,0.0,2.0,112.0,0.0,0.0,2.0,112.0
2023-06,MBS Traders-Butter Sheets,Nos,0.0,0.0,30.0,105.0,0.0,0.0,30.0,105.0
2023-06,MBS Traders-butter paper,Nos,0.0,0.0,30.0,105.0,0.0,0.0,30.0,105.0
2023-06,Veeba T. Ketchup 1.2KG,Nos,3.0,315.0,0.0,0.0,2.0,210.0,1.0,105.0
2023-06,five Star Traders-Mustard oil,btl,0.0,0.0,1.0,102.0,0.0,0.0,1.0,102.0
2023-06,Local Purchase-Cello Tape ,Nos,0.0,0.0,5.0,100.0,0.0,0.0,5.0,100.0
2023-06,Satheesh-Waste Collection,trip,0.0,0.0,1.0,100.0,0.0,0.0,1.0,100.0
2023-06,five Star Traders-Coriander Powder,kg,0.0,0.0,0.75,100.0,0.0,0.0,1.0,100.0
2023-06,five Star Traders-Mustard oil,pkt,0.0,0.0,1.0,100.0,0.0,0.0,1.0,100.0
2023-06,Chilli Flakes-Tasty Pixel-Veeba-Sachet-0.8g,Pkt,5.0,661.5,0.0,0.0,4.28,566.24,0.7199999999999998,95.25999999999999
2023-06,MBS Traders-Hersheys Chocolate syrup,btl,0.0,0.0,1.0,95.0,0.0,0.0,1.0,95.0
2023-06,Bread Premix,Kg,1.6,378.0,0.0,0.0,1.2,283.5,0.40000000000000013,94.5
2023-06,Chilli Flakes-Tasty Pixel-Veeba-Sachet-0.8g,Nos,175.0,92.61,0.0,0.0,0.0,0.0,175.0,92.61
2023-06,Local Purchase-butter paper,Nos,0.0,0.0,30.0,90.0,0.0,0.0,30.0,90.0
2023-06,Papper carry bag medium,Nos,39.0,351.0,0.0,0.0,29.0,261.0,10.0,90.0
2023-06,plastic cover-HM- 5kg,Pkt,0.5,85.0,0.0,0.0,0.0,0.0,0.5,85.0
2023-06,Local Purchase-Egg,Nos,0.0,0.0,13.0,81.0,0.0,0.0,13.0,81.0
2023-06,Garlic Bread Box,Nos,56.0,492.24,0.0,0.0,47.0,413.13,9.0,79.11000000000001
2023-06,Wooden Spoon-140mm,Nos,160.0,124.8,0.0,0.0,60.0,46.8,100.0,78.0
2023-06,Micro 13x16,Pkt,2.05,287.0,0.0,0.0,1.5,210.0,0.5499999999999998,77.0
2023-06,Butter Scotch Ice-cream,Kg,0.6,210.82,0.0,0.0,0.4,140.55,0.19999999999999996,70.26999999999998
2023-06,Fathima Super Market-Curd Milma,pkt,0.0,0.0,2.0,70.0,0.0,0.0,2.0,70.0
2023-06,MBS Traders-jumbo cover,pkt,0.0,0.0,1.0,70.0,0.0,0.0,1.0,70.0
2023-06,MBS Traders-paper straw small,pkt,0.0,0.0,2.0,70.0,0.0,0.0,2.0,70.0
2023-06,Ice cube,Pkt,2.5,75.0,0.0,0.0,0.5,15.0,2.0,60.0
2023-06,Phoenix Ice Cubes-ice cubes,pkt,0.0,0.0,2.0,60.0,0.0,0.0,2.0,60.0
2023-06,Transportation-vegitables,Nos,0.0,0.0,2.0,60.0,0.0,0.0,2.0,60.0
2023-06,Corn Meal - Chola Rava,Kg,3.0,240.0,0.0,0.0,2.3,184.0,0.7000000000000002,56.0
2023-06,Local Purchase-milk,pkt,0.0,0.0,2.0,56.0,0.0,0.0,2.0,56.0
2023-06,five Star Traders-Chilly Powder,kg,0.0,0.0,0.25,55.0,0.0,0.0,0.0,55.0
2023-06,Fathima Super Market-soap powder,pkt,0.0,0.0,1.0,54.0,0.0,0.0,1.0,54.0
2023-06,Fathima Super Market-egg,Nos,0.0,0.0,8.0,52.0,0.0,0.0,8.0,52.0
2023-06,MBS Traders-exo dishwash cake,Nos,0.0,0.0,10.0,50.0,0.0,0.0,10.0,50.0
2023-06,Bio-Bag-20x26-35,Kg,0.65,149.5,0.0,0.0,0.44,101.2,0.21000000000000002,48.3
2023-06,MBS Traders-Egg,Nos,0.0,0.0,8.0,48.0,0.0,0.0,8.0,48.0
2023-06,MBS Traders-paper straw Big,pkt,0.0,0.0,1.0,45.0,0.0,0.0,1.0,45.0
2023-06,five Star Traders-Tea loose,kg,0.0,0.0,0.25,45.0,0.0,0.0,0.0,45.0
2023-06,five Star Traders-black grapes,kg,0.0,0.0,0.1,45.0,0.0,0.0,0.0,45.0
2023-06,Local Purchase-Sticker,pkt,0.0,0.0,2.0,40.0,0.0,0.0,2.0,40.0
2023-06,Local Purchase-apple,kg,0.0,0.0,0.34,40.0,0.0,0.0,0.0,40.0
2023-06,five Star Traders-Cherry,kg,0.0,0.0,0.3,40.0,0.0,0.0,0.0,40.0
2023-06,Tripod,Nos,625.0,925.0,0.0,0.0,600.0,888.0,25.0,37.0
2023-06,Local Purchase-tissue Big size,pkt,0.0,0.0,2.0,36.0,0.0,0.0,2.0,36.0
2023-06,Dip Bowl,Nos,100.0,295.0,0.0,0.0,88.0,259.6,12.0,35.39999999999998
2023-06,Local Purchase-soap powder,pkt,0.0,0.0,1.0,35.0,0.0,0.0,1.0,35.0
2023-06,Chettinad Mix,Kg,0.4,260.4,0.0,0.0,0.35,227.85,0.050000000000000044,32.54999999999998
2023-06,MBS Traders-cherry,kg,0.0,0.0,0.1,30.0,0.0,0.0,0.0,30.0
2023-06,five Star Traders-Turmeric powder,kg,0.0,0.0,0.25,30.0,0.0,0.0,0.0,30.0
2023-06,five Star Traders-salt powder,pkt,0.0,0.0,3.0,30.0,0.0,0.0,3.0,30.0
2023-06,Butter Scotch Sauce 750ml,Grams,150.0,27.6,0.0,0.0,0.0,0.0,150.0,27.6
2023-06,five Star Traders-Chicken Masala,pkt,0.0,0.0,1.0,28.0,0.0,0.0,1.0,28.0
2023-06,five Star Traders-whole chilli,kg,0.0,0.0,0.1,28.0,0.0,0.0,0.0,28.0
2023-06,Paper Straw Big,Nos,60.0,27.0,0.0,0.0,0.0,0.0,60.0,27.0
2023-06,Local Purchase-cherry,kg,0.0,0.0,0.1,20.0,0.0,0.0,0.0,20.0
2023-06,five Star Traders-Horlicks Small packet,pkt,0.0,0.0,4.0,20.0,0.0,0.0,4.0,20.0
2023-06,Chicken Masala-Quality,Grams,50.0,19.0,0.0,0.0,0.0,0.0,50.0,19.0
2023-06,Paper Straw Small,Nos,55.0,19.25,0.0,0.0,0.0,0.0,55.0,19.25
2023-06,Berry Fresh Tender Coconut Pulp,Tin,1.15,402.5,0.0,0.0,1.1,385.0,0.04999999999999982,17.5
2023-06,Jumbo Cover-Blue,Nos,0.2,18.0,0.0,0.0,0.0,0.0,0.2,18.0
2023-06,Local Purchase-Pen,Nos,0.0,0.0,2.0,10.0,0.0,0.0,2.0,10.0
2023-06,Local Purchase-plactic scrubber,Nos,0.0,0.0,1.0,10.0,0.0,0.0,1.0,10.0
2023-06,Tea Loose,Kg,0.2,36.0,0.0,0.0,0.15,27.0,0.05000000000000002,9.0
2023-06,Safa Books -PEN,Nos,0.0,0.0,2.0,8.0,0.0,0.0,2.0,8.0
2023-06,Bio-Bag-10x14-140,Kg,0.4,92.0,0.0,0.0,0.38,86.25,0.020000000000000018,5.75
2023-06,Local Purchase-Washer,Nos,0.0,0.0,1.0,6.0,0.0,0.0,1.0,6.0
2023-06,Vineger,Ltr,0.3,12.6,0.0,0.0,0.2,8.4,0.09999999999999998,4.199999999999999
2023-06,Safa Books -pen,Nos,0.0,0.0,1.0,4.0,0.0,0.0,1.0,4.0
2023-06,Salt Powder,Kg,3.4,34.0,0.0,0.0,3.0,30.0,0.3999999999999999,4.0
2023-06,five Star Traders-Nool,bdl,0.0,0.0,1.0,2.0,0.0,0.0,1.0,2.0
2023-06,Berry Fresh Banana Pulp,Tin,1.0,270.0,0.0,0.0,1.0,270.0,0.0,0.0
2023-06,Cherry,Kg,0.1,30.0,0.0,0.0,0.1,30.0,0.0,0.0
2023-06,Chilli Powder Loose,Kg,0.5,100.0,0.0,0.0,0.5,100.0,0.0,0.0
2023-06,Exo Dishwash cake,Nos,8.0,38.4,0.0,0.0,8.0,38.4,0.0,0.0
2023-06,GO-Monterey Jack Cheese-2kg,Kg,1.5,915.01,0.0,0.0,1.5,915.01,0.0,0.0
2023-06,Mango Crush Sauce 750ml Malas,Nos,1.0,138.32,0.0,0.0,1.0,138.32,0.0,0.0
2023-06,Neo-Black Sliced Olives-3kg,Nos,2.5,1565.2,0.0,0.0,2.5,1565.2,0.0,0.0
2023-06,Tissue-Energy-Big,Pkt,2.0,36.0,0.0,0.0,2.0,36.0,0.0,0.0
2023-06,Vermicelli Mix,Pkt,0.5,30.0,0.0,0.0,0.5,30.0,0.0,0.0
2023-06,butter papper,Nos,30.0,105.0,0.0,0.0,30.0,105.0,0.0,0.0
2023-06,Puramate Basil 250g Pouch,Grams,90.0,70.2,0.0,0.0,100.0,78.0,-10.0,-7.799999999999997
2023-06,Vanilla Ice-cream,Kg,0.75,185.45,0.0,0.0,0.8,197.82,-0.050000000000000044,-12.370000000000005
2023-06,Paper Straw Small,Pkt,0.0,0.0,0.0,0.0,0.5,17.5,-0.5,-17.5
2023-06,Turmeric Powder-loose,Kg,0.25,33.0,0.0,0.0,0.4,52.8,-0.15000000000000002,-19.799999999999997
2023-06,horlicks,Pkt,0.0,0.0,0.0,0.0,4.0,20.0,-4.0,-20.0
2023-06,Mustard-Oil,Ltr,0.3,63.0,0.0,0.0,0.4,84.0,-0.10000000000000003,-21.0
2023-06,Black Grapes,Kg,0.05,22.5,0.0,0.0,0.1,45.0,-0.05,-22.5
2023-06,Hersheys Syrup-200grm,Pkt,0.75,70.5,0.0,0.0,1.0,94.0,-0.25,-23.5
2023-06,Tandoori Chicken Masala-Bakers,Nos,1.5,97.5,0.0,0.0,2.0,130.0,-0.5,-32.5
2023-06,egg,Nos,0.0,0.0,0.0,0.0,6.0,36.0,-6.0,-36.0
2023-06,Cashew nut,Kg,0.05,37.5,0.0,0.0,0.1,75.0,-0.05,-37.5
2023-06,Coriander Powder-loose,Kg,0.25,40.0,0.0,0.0,0.5,80.0,-0.25,-40.0
2023-06,badam,Kg,0.05,40.0,0.0,0.0,0.1,80.0,-0.05,-40.0
2023-06,Sugar-Loose,Kg,2.4,91.2,0.0,0.0,3.5,133.0,-1.1,-41.8
2023-06,French Fries Box,Nos,280.0,1402.8,0.0,0.0,289.0,1447.89,-9.0,-45.090000000000146
2023-06,Paper Straw Big,Pkt,0.0,0.0,0.0,0.0,1.0,45.0,-1.0,-45.0
2023-06,Micro 27x30,Pkt,1.0,180.0,0.0,0.0,1.3,234.0,-0.30000000000000004,-54.0
2023-06,Paper Plates,Nos,55.0,55.0,0.0,0.0,110.0,110.0,-55.0,-55.0
2023-06,7UP 1250ml Pet,Nos,5.0,289.6,0.0,0.0,6.0,347.52,-1.0,-57.91999999999996
2023-06,Jeerakham - Loose,Kg,0.0,0.0,0.0,0.0,0.1,60.0,-0.1,-60.0
2023-06,Puramate Pasta-Penne Rigatte 500g,Kg,4.5,612.0,0.0,0.0,5.0,680.0,-0.5,-68.0
2023-06,Chilli Flakes-Puramate-400grm,Kg,0.0,0.0,0.0,0.0,0.2,71.92,-0.2,-71.92
2023-06,Strawberry sause 750,Nos,0.0,0.0,0.0,0.0,0.5,80.0,-0.5,-80.0
2023-06,plastic Cover-1kg,Kg,0.0,0.0,0.0,0.0,0.5,80.0,-0.5,-80.0
2023-06,plastic cover 5kg,Kg,0.0,0.0,0.0,0.0,0.5,80.0,-0.5,-80.0
2023-06,Bio-Bag-13x16-90,Kg,0.4,92.0,0.0,0.0,0.76,174.8,-0.36,-82.80000000000001
2023-06,Micro 16x20,Pkt,0.8,112.0,0.0,0.0,1.5,210.0,-0.7,-98.0
2023-06,Wooden Spoon-160mm,Nos,0.0,0.0,0.0,0.0,80.0,100.0,-80.0,-100.0
2023-06,Mirinda 750ml pet,Nos,4.0,137.52,0.0,0.0,7.0,240.66,-3.0,-103.13999999999999
2023-06,Slice Mango 600ml pet,Nos,3.0,103.14,0.0,0.0,6.0,206.28,-3.0,-103.14
2023-06,Black pepper,Kg,0.0,0.0,0.0,0.0,0.2,108.0,-0.2,-108.0
2023-06,Zippy Chicken Salami,Kg,2.4,749.95,0.0,0.0,2.75,859.32,-0.3500000000000001,-109.37
2023-06,Masoor-Red,Kg,1.2,96.0,0.0,0.0,2.6,208.0,-1.4000000000000001,-112.0
2023-06,milk-Milma-525ml,Pkt,2.0,56.0,0.0,0.0,6.0,168.0,-4.0,-112.0
2023-06,Atta Loose,Kg,2.0,82.0,0.0,0.0,5.0,205.0,-3.0,-123.0
2023-06,Milk Maid 400ml,Tin,0.0,0.0,0.0,0.0,1.0,123.0,-1.0,-123.0
2023-06,Butter Scotch Sauce 750ml,Nos,0.0,0.0,0.0,0.0,1.0,138.0,-1.0,-138.0
2023-06,Micro 10x13,Pkt,0.0,0.0,0.0,0.0,1.0,140.0,-1.0,-140.0
2023-06,DVC PASSION FRUIT FLV SYRUP 750ML,Nos,2.5,1221.3,0.0,0.0,2.8,1367.86,-0.2999999999999998,-146.55999999999995
2023-06,Salad Bowl 250ml,Nos,83.0,488.87,0.0,0.0,109.0,642.01,-26.0,-153.14
2023-06,cello tape,Nos,3.0,75.0,0.0,0.0,10.0,230.0,-7.0,-155.0
2023-06,Veeba Barbequesauce 1KG,Nos,0.0,0.0,0.0,0.0,1.0,166.0,-1.0,-166.0
2023-06,Aqua Fina Mineral Water 1Ltr,Nos,8.0,111.99,0.0,0.0,20.0,279.98,-12.0,-167.99
2023-06,7up 250ml Pet,Nos,31.0,542.5,0.0,0.0,41.0,717.5,-10.0,-175.0
2023-06,Paper Glass,Pkt,0.0,0.0,0.0,0.0,2.0,180.0,-2.0,-180.0
2023-06,Micro 20x26,Pkt,0.75,105.0,0.0,0.0,2.1,294.0,-1.35,-189.0
2023-06,Mirinda 250ml pet,Nos,12.0,210.0,0.0,0.0,23.0,402.5,-11.0,-192.5
2023-06,Chicken Kheema  Masala,Kg,0.4,260.4,0.0,0.0,0.7,455.7,-0.29999999999999993,-195.3
2023-06,Veeba Makhani Gravy 1KG,Pkt,2.0,430.08,0.0,0.0,3.0,645.12,-1.0,-215.04000000000002
2023-06,Piri Piri Marinade 1KG,Kg,1.0,445.0,0.0,0.0,1.5,667.5,-0.5,-222.5
2023-06,Celotape-3/4inch-,Nos,0.0,0.0,0.0,0.0,10.0,230.0,-10.0,-230.0
2023-06,Pepsi 250ml Can,Nos,18.0,540.0,0.0,0.0,26.0,780.0,-8.0,-240.0
2023-06,Puramate Pasta-Gomiti Rigate 500g,Nos,0.0,0.0,0.0,0.0,4.0,272.0,-4.0,-272.0
2023-06,Papper carry bag large,Nos,49.0,563.5,0.0,0.0,74.0,851.0,-25.0,-287.5
2023-06,7up 250ml Can,Nos,20.0,600.0,0.0,0.0,30.0,900.0,-10.0,-300.0
2023-06,butter,Kg,1.7,646.0,0.0,0.0,2.5,950.0,-0.8,-304.0
2023-06,Chicken Nuggets-Godrej-1kg,Kg,0.0,0.0,0.0,0.0,1.0,320.0,-1.0,-320.0
2023-06,APIS Honey 1kg,Kg,0.0,0.0,0.0,0.0,1.0,327.6,-1.0,-327.6
2023-06,Dew 750ml Pet,Nos,5.0,171.9,0.0,0.0,15.0,515.7,-10.0,-343.80000000000007
2023-06,Pepsi 750ml Pet,Nos,14.0,481.32,0.0,0.0,24.0,825.12,-10.0,-343.8
2023-06,Dried Yeast,Pkt,0.0,0.0,0.0,0.0,2.1,356.98,-2.1,-356.98
2023-06,Mixed Herb Loose,Grams,120.0,115.2,0.0,0.0,500.0,480.0,-380.0,-364.8
2023-06,Veeba ThousandIsland Dressing 1KG,Nos,0.0,0.0,0.0,0.0,2.0,375.98,-2.0,-375.98
2023-06,Dew 250ml Can,Nos,3.0,90.0,0.0,0.0,16.0,480.0,-13.0,-390.0
2023-06,Moktails Glass,Nos,77.0,689.92,0.0,0.0,122.0,1093.12,-45.0,-403.19999999999993
2023-06,Pineapple slice-Tajir Habit-500g,Nos,0.0,0.0,0.0,0.0,4.0,420.0,-4.0,-420.0
2023-06,Pizza Premix,Kg,5.8,1370.25,0.0,0.0,7.6,1795.5,-1.7999999999999998,-425.25
2023-06,Neo Red Paprika 3Kg,Nos,2.5,1086.4,0.0,0.0,3.5,1520.96,-1.0,-434.55999999999995
2023-06,Pepsi 250ml Pet,Nos,24.0,420.0,0.0,0.0,49.0,857.5,-25.0,-437.5
2023-06,Dew 250ml Pet,Nos,7.0,122.5,0.0,0.0,33.0,577.5,-26.0,-455.0
2023-06,Papper carry bag small,Nos,2.0,16.0,0.0,0.0,62.0,496.0,-60.0,-480.0
2023-06,Flexi Cream Gold,Pkt,2.0,389.4,0.0,0.0,4.5,876.15,-2.5,-486.75
2023-06,DVC Mint Flavoured Syrup 750 ml,Nos,1.4,652.41,0.0,0.0,2.5,1165.02,-1.1,-512.61
2023-06,Slice Mango 250ml pet,Nos,0.0,0.0,0.0,0.0,30.0,530.1,-30.0,-530.1
2023-06,Tandoori Tikka Marinade 500Grm,Pkt,0.0,0.0,0.0,0.0,1.0,575.0,-1.0,-575.0
2023-06,DVC Green Apple 750 ML,Ltr,0.0,0.0,0.0,0.0,0.9,586.22,-0.9,-586.22
2023-06,Frozen Sweet Corn,Pkt,0.0,0.0,0.0,0.0,5.0,625.0,-5.0,-625.0
2023-06,Zippy  B.Fast Sausage ,Pkt,0.0,0.0,0.0,0.0,2.0,638.4,-2.0,-638.4
2023-06,Veeba Gouda Flavoured Dressing,Nos,3.0,645.12,0.0,0.0,6.0,1290.24,-3.0,-645.12
2023-06,Baby Corn Whole-450GM-Golden Crown,Nos,0.0,0.0,0.0,0.0,10.0,650.0,-10.0,-650.0
2023-06,Dew 500ml Pet,Nos,0.0,0.0,0.0,0.0,28.0,700.0,-28.0,-700.0
2023-06,Pasta Container Black,Nos,80.0,721.6,0.0,0.0,159.0,1434.18,-79.0,-712.58
2023-06,Regular Pizza Box,Nos,216.0,1872.72,0.0,0.0,300.0,2601.0,-84.0,-728.28
2023-06,Large Pizza Box,Nos,134.0,1976.5,0.0,0.0,184.0,2714.0,-50.0,-737.5
2023-06,Rice-Nawab-26kg,Kg,0.0,0.0,0.0,0.0,22.0,814.0,-22.0,-814.0
2023-06,7UP 750ml Pet,Nos,9.0,309.42,0.0,0.0,33.0,1134.54,-24.0,-825.1199999999999
2023-06,Lamp Pepperoni,Kg,0.1,94.15,0.0,0.0,1.0,941.5,-0.9,-847.35
2023-06,Paneer Tikka Butter Masala,Kg,0.8,309.12,0.0,0.0,3.0,1159.2,-2.2,-850.08
2023-06,DVC BLUE OCCEAN FLV SYRUP 750ML,Nos,1.25,610.65,0.0,0.0,3.0,1465.56,-1.75,-854.91
2023-06,Veeba Ketchup Sachet,Pkt,3.0,239.97,0.0,0.0,13.71,1096.66,-10.71,-856.69
2023-06,Mini Burger Box,Nos,165.0,447.81,0.0,0.0,513.0,1392.28,-348.0,-944.47
2023-06,Mc Cain Potato Wedges 2.5kg,Nos,0.0,0.0,0.0,0.0,2.1,1011.36,-2.1,-1011.36
2023-06,Malas Chocolate Sauce 5 ltr,Ltr,0.0,0.0,0.0,0.0,4.8,1017.61,-4.8,-1017.61
2023-06,Palm Oil - Refined Oil,Nos,0.0,0.0,0.0,0.0,13.0,1274.0,-13.0,-1274.0
2023-06,Brownie,Kg,1.8,725.4,0.0,0.0,5.0,2015.0,-3.2,-1289.6
2023-06,Herb Mix Masla,Kg,2.0,918.4,0.0,0.0,5.0,2296.0,-3.0,-1377.6
2023-06,French Fries 6mm-Funwave 2.5 KG,Nos,0.0,0.0,0.0,0.0,4.9,1710.1,-4.9,-1710.1
2023-06,GO Orange Cheddar Cheese 2kg,Kg,0.0,0.0,0.0,0.0,3.1,1756.15,-3.1,-1756.15
2023-06,BBQ Mix Masala,Kg,2.0,884.8,0.0,0.0,6.7,2964.08,-4.7,-2079.2799999999997
2023-06,Medium Pizza Box,Nos,207.0,2295.63,0.0,0.0,395.0,4380.55,-188.0,-2084.92
2023-06,G.Crown Mushroom Slice 800g,Nos,20.0,1960.0,0.0,0.0,43.0,4214.0,-23.0,-2254.0
2023-06,OREGANO SACHET 0.8GM,Pkt,0.0,0.0,0.0,0.0,10.9,2398.0,-10.9,-2398.0
2023-06,Processed cheese block,Kg,0.0,0.0,0.0,0.0,4.5,2474.99,-4.5,-2474.99
2023-06,AMUL Mozzarella Cheese Block 1Kg,Kg,0.0,0.0,0.0,0.0,53.65,17704.5,-53.65,-17704.5
2023-07,Amul-Mozzarella Diced Cheese-1Kg,pkt,0.0,0.0,108.0,45513.36,0.0,0.0,108.0,45513.36
2023-07,KTP Vegitables-vegitables,Nos,0.0,0.0,23500.0,23500.0,0.0,0.0,23500.0,23500.0
2023-07,Elite-Maida-50Kg,Bag,0.0,0.0,5.0,10150.0,0.0,0.0,5.0,10150.0
2023-07,Faizal Pattambi-Bornless Chicken,Nos,0.0,0.0,9524.0,9524.0,0.0,0.0,9524.0,9524.0
2023-07,Funwave-French Fries 6Mm-2.5Kg,pkt,0.0,0.0,25.0,7790.0,0.0,0.0,25.0,7790.0
2023-07,Looco'S-Mexican Mix-1Kg,kg,0.0,0.0,18.0,7470.0,0.0,0.0,18.0,7470.0
2023-07,Looco'S-Pizza Primix-1Kg,kg,0.0,0.0,31.0,7440.0,0.0,0.0,31.0,7440.0
2023-07,HPCL-gas,cylinder,0.0,0.0,7280.0,7280.0,0.0,0.0,7280.0,7280.0
2023-07,Looco'S-Regular Box-50Nos,Nos,0.0,0.0,800.0,7200.0,0.0,0.0,800.0,7200.0
2023-07,Golden Crown-Mushroom Slice-800Gm,Tin,0.0,0.0,72.0,7104.0,0.0,0.0,72.0,7104.0
2023-07,five Star Traders-palm oil,pkt,0.0,0.0,533.5,5335.0,0.0,0.0,534.0,5335.0
2023-07,Milky Mist-Mozzarella Diced Cheese-2Kg,pkt,0.0,0.0,6.0,5132.22,0.0,0.0,6.0,5132.22
2023-07,Dvc-Fresh Garden Mint-750Ml,Btl,0.0,0.0,10.0,4140.0,0.0,0.0,10.0,4140.0
2023-07,Pepsi-7Up Pet-1250Ml,Case,0.0,0.0,5.0,4070.94,0.0,0.0,5.0,4070.94
2023-07,Essar Associates-Soft Drink Bill,Nos,0.0,0.0,3808.0,3808.0,0.0,0.0,3808.0,3808.0
2023-07,HPCL-GAS,cylinder,0.0,0.0,3640.0,3640.0,0.0,0.0,3640.0,3640.0
2023-07,Pepsi-Dew-750Ml,Nos,0.0,0.0,12.0,3536.28,0.0,0.0,12.0,3536.28
2023-07,Pepsi-Mirinda-750Ml,Nos,0.0,0.0,12.0,3536.28,0.0,0.0,12.0,3536.28
2023-07,Looco'S-Browny-1Kg,kg,0.0,0.0,9.0,3465.0,0.0,0.0,9.0,3465.0
2023-07,Looco'S-Medium Box-50Nos,Nos,0.0,0.0,300.0,3450.0,0.0,0.0,300.0,3450.0
2023-07,Pepsi-Pepsi Pet-750Ml,Case,0.0,0.0,3.0,2475.36,0.0,0.0,3.0,2475.36
2023-07,Salva Food Agencies-Pasta Pizza Sauce,pkt,0.0,0.0,183.67,2204.0,0.0,0.0,184.0,2204.0
2023-07,Pepsi-Pepsi Pet-1250Ml,Case,0.0,0.0,3.0,2085.12,0.0,0.0,3.0,2085.12
2023-07,Flexi-Flexi Cream Gold-1Kg,pkt,0.0,0.0,12.0,1980.0,0.0,0.0,12.0,1980.0
2023-07,Veena-Pasta Pizza Sauce-1Kg,pkt,0.0,0.0,12.0,1968.0,0.0,0.0,12.0,1968.0
2023-07,Veeba-Pasta & Pizza Sauce-1Kg,pkt,0.0,0.0,12.0,1966.32,0.0,0.0,12.0,1966.32
2023-07,Milky Mist-Processed Cheese Block-1Kg,pkt,0.0,0.0,4.0,1964.28,0.0,0.0,4.0,1964.28
2023-07,babu palakkad-butter,kg,0.0,0.0,1140.0,1900.0,0.0,0.0,1140.0,1900.0
2023-07,Jivo-Pomace Olive Oil-1Ltr,Btl,0.0,0.0,5.0,1857.15,0.0,0.0,5.0,1857.15
2023-07,HPCL-Gas,Nos,0.0,0.0,1820.0,1820.0,0.0,0.0,1820.0,1820.0
2023-07,HPCL-GAS,Nos,0.0,0.0,1810.0,1810.0,0.0,0.0,1810.0,1810.0
2023-07,Vks Chef'S Art-Oregano Sprinkler-500Gm,pkt,0.0,0.0,6.0,1740.0,0.0,0.0,6.0,1740.0
2023-07,babu palakkad-paneer,kg,0.0,0.0,870.0,1740.0,0.0,0.0,870.0,1740.0
2023-07,Veeba-Ketchup Sachet (8G)-100,pkt,0.0,0.0,24.0,1714.08,0.0,0.0,24.0,1714.08
2023-07,Tajir Habit-Jalapeno Slices-2.9 Kg,Tin,0.0,0.0,6.0,1710.0,0.0,0.0,6.0,1710.0
2023-07,Pepsi-7Up Pet-750Ml,Case,0.0,0.0,2.0,1650.24,0.0,0.0,2.0,1650.24
2023-07,Srinivasan-Vanilla Ice Cream,pkt,0.0,0.0,1088.0,1632.0,0.0,0.0,1088.0,1632.0
2023-07,Looco'S-Tandoori Mix-1Kg,kg,0.0,0.0,4.0,1580.0,0.0,0.0,4.0,1580.0
2023-07,Pepsi-Pepsi Pet-250Ml,Case,0.0,0.0,3.0,1575.0,0.0,0.0,3.0,1575.0
2023-07,Neo-Black Sliced Olives-3kg,Nos,2.5,1565.2,0.0,0.0,0.0,0.0,2.5,1565.2
2023-07,Srinivasan-Chocolate Ice Cream ,pkt,0.0,0.0,1540.0,1540.0,0.0,0.0,1540.0,1540.0
2023-07,Veeba-Gouda Cheese-1Kg,pkt,0.0,0.0,8.0,1505.28,0.0,0.0,8.0,1505.28
2023-07,Looco'S-Large Box-50Nos,Nos,0.0,0.0,100.0,1485.0,0.0,0.0,100.0,1485.0
2023-07,Looco'S-Paper Bag Medium-Nos,Nos,0.0,0.0,150.0,1425.0,0.0,0.0,150.0,1425.0
2023-07,Local Purchase-Bio Bag,pkt,0.0,0.0,220.0,1320.0,0.0,0.0,220.0,1320.0
2023-07,Looco'S-Pizza Sauce Primix-1Kg,kg,0.0,0.0,4.0,1300.0,0.0,0.0,4.0,1300.0
2023-07,Veeba Gouda Flavoured Dressing,Nos,6.0,1290.24,0.0,0.0,0.0,0.0,6.0,1290.24
2023-07,Looco'S-Paper Bag Regular-Nos,Nos,0.0,0.0,150.0,1275.0,0.0,0.0,150.0,1275.0
2023-07,Veeba-Eggless Mayonise -1Kg,pkt,0.0,0.0,10.0,1237.5,0.0,0.0,10.0,1237.5
2023-07,Local Purchase-egg,Nos,0.0,0.0,159.29,1163.0,0.0,0.0,159.0,1163.0
2023-07,Looco'S-Paneer Tikka Butter Masala -1Kg,kg,0.0,0.0,3.0,1125.0,0.0,0.0,3.0,1125.0
2023-07,Veeba Ketchup Sachet,Pkt,13.71,1096.66,0.0,0.0,0.0,0.0,13.71,1096.66
2023-07,Tandoori mix Masala,Kg,2.6,1077.44,0.0,0.0,0.0,0.0,2.6,1077.44
2023-07,Looco'S-French Fries Box-25Nos,Nos,0.0,0.0,200.0,1070.0,0.0,0.0,200.0,1070.0
2023-07,Pepsi-7Up Pet-250Ml,Case,0.0,0.0,2.0,1050.0,0.0,0.0,2.0,1050.0
2023-07,five Star Traders-atta,kg,0.0,0.0,240.67,1032.0,0.0,0.0,241.0,1032.0
2023-07,Large Pizza Box,Nos,184.0,2714.0,0.0,0.0,115.0,1696.25,69.0,1017.75
2023-07,Sirocco-Black Olives Slice-3 Kg,Tin,0.0,0.0,2.0,1014.28,0.0,0.0,2.0,1014.28
2023-07,Veeba-Tasty Fixel Chilly Flakes 0.8Gm-250S,pkt,0.0,0.0,8.0,1008.0,0.0,0.0,8.0,1008.0
2023-07,TAJIR JALAPENO SLICES 2.5 KG,Nos,3.5,997.5,0.0,0.0,0.0,0.0,3.5,997.5
2023-07,Isha Fresh Vegitalbles-Eng Veg,Nos,0.0,0.0,997.0,997.0,0.0,0.0,997.0,997.0
2023-07,Crest-Frozen Sweet Corn-1Kg,pkt,0.0,0.0,10.0,990.0,0.0,0.0,10.0,990.0
2023-07,Tajir Habit-Baby Corn Whole-800Gm,Tin,0.0,0.0,10.0,990.0,0.0,0.0,10.0,990.0
2023-07,Puramate-Pasta-Penne Rigatte-500Gm,pkt,0.0,0.0,16.0,971.52,0.0,0.0,16.0,971.52
2023-07,PTM stores-nawab rice,bag,0.0,0.0,962.0,962.0,0.0,0.0,962.0,962.0
2023-07,Looco'S-Moktails Glass-50Nos,Nos,0.0,0.0,100.0,896.0,0.0,0.0,100.0,896.0
2023-07,Local Purchase-milk milma,pkt,0.0,0.0,250.0,884.0,0.0,0.0,250.0,884.0
2023-07,Pasta Container Black,Nos,159.0,1434.18,0.0,0.0,61.0,550.22,98.0,883.96
2023-07,Sherif Cherpulasery-Whole chicken,kg,0.0,0.0,235.83,872.0,0.0,0.0,236.0,872.0
2023-07,Zippy Chicken Salami,Kg,2.75,859.32,0.0,0.0,0.0,0.0,2.75,859.32
2023-07,Meatza-Godrej Chicken Nuggets -1Kg,pkt,0.0,0.0,3.0,857.13,0.0,0.0,3.0,857.13
2023-07,Looco'S-Herb Mix-1Kg,kg,0.0,0.0,2.0,850.0,0.0,0.0,2.0,850.0
2023-07,Zippy-Chicken Salami-1Kg,pkt,0.0,0.0,3.0,837.0,0.0,0.0,3.0,837.0
2023-07,Dvc-Passion Fruit-750Ml,Btl,0.0,0.0,2.0,828.0,0.0,0.0,2.0,828.0
2023-07,Looco'S-Gbc Box-50Nos,Nos,0.0,0.0,100.0,825.0,0.0,0.0,100.0,825.0
2023-07,Pepsi 750ml Pet,Nos,24.0,825.12,0.0,0.0,0.0,0.0,24.0,825.12
2023-07,Entree-Jalapeno Slices-2.9 Kg,Tin,0.0,0.0,3.0,798.21,0.0,0.0,3.0,798.21
2023-07,Pepsi-Lehar Soda-750Ml,Case,0.0,0.0,2.0,790.08,0.0,0.0,2.0,790.08
2023-07,Srinivasan-Butter Scotch Ice Cream,pkt,0.0,0.0,773.0,773.0,0.0,0.0,773.0,773.0
2023-07,Prime-Instant Dried Yeast-500Gm,Pkt,0.0,0.0,5.0,758.9,0.0,0.0,5.0,758.9
2023-07,Local Purchase-milk Milma,pkt,0.0,0.0,224.0,728.0,0.0,0.0,224.0,728.0
2023-07,berry Fresh-Tender Coconut Pulp,Nos,0.0,0.0,350.0,700.0,0.0,0.0,350.0,700.0
2023-07,mbS Traders-micro 16x20,pkt,0.0,0.0,700.0,700.0,0.0,0.0,700.0,700.0
2023-07,Looco'S-Tripod-500Nos,Nos,0.0,0.0,500.0,675.0,0.0,0.0,500.0,675.0
2023-07,Veeba-Ketchup -1.2Kg,Btl,0.0,0.0,7.0,656.25,0.0,0.0,7.0,656.25
2023-07,Dvc-Mango Beverage Blend-750Ml,Btl,0.0,0.0,1.0,648.0,0.0,0.0,1.0,648.0
2023-07,Dvc-Mixed Berry Beverage Blend-750Ml,Btl,0.0,0.0,1.0,648.0,0.0,0.0,1.0,648.0
2023-07,OREGANO SACHET 0.8GM,Pkt,10.9,2398.0,0.0,0.0,8.0,1760.0,2.9000000000000004,638.0
2023-07,Sherif Cherpulasery-whole chicken,kg,0.0,0.0,234.45,633.0,0.0,0.0,234.0,633.0
2023-07,Srinivasan-Strawberry Ice cream,pkt,0.0,0.0,629.0,629.0,0.0,0.0,629.0,629.0
2023-07,Vks Chef'S Art-Oregano Sachet 0.8Gm-300S,pkt,0.0,0.0,3.0,628.56,0.0,0.0,3.0,628.56
2023-07,Frozen Sweet Corn,Pkt,5.0,625.0,0.0,0.0,0.0,0.0,5.0,625.0
2023-07,mbS Traders-tissue Big size,pkt,0.0,0.0,134.0,616.0,0.0,0.0,134.0,616.0
2023-07,Medium Pizza Box,Nos,395.0,4380.55,0.0,0.0,340.0,3770.6,55.0,609.9500000000003
2023-07,Palm Oil - Refined Oil,Nos,13.0,1274.0,0.0,0.0,7.0,686.0,6.0,588.0
2023-07,DVC Green Apple 750 ML,Ltr,0.9,586.22,0.0,0.0,0.0,0.0,0.9,586.22
2023-07,Tandoori Tikka Marinade 500Grm,Pkt,1.0,575.0,0.0,0.0,0.0,0.0,1.0,575.0
2023-07,Zippy-Chicken Sausage-1Kg,pkt,0.0,0.0,2.0,570.0,0.0,0.0,2.0,570.0
2023-07,berry Fresh-Chikku Pulp,Nos,0.0,0.0,270.0,540.0,0.0,0.0,270.0,540.0
2023-07,Dew 750ml Pet,Nos,15.0,515.7,0.0,0.0,0.0,0.0,15.0,515.7
2023-07,Pepsi 250ml Can,Nos,26.0,780.0,0.0,0.0,9.0,270.0,17.0,510.0
2023-07,Dew 250ml Pet,Nos,33.0,577.5,0.0,0.0,4.0,70.0,29.0,507.5
2023-07,Salad Bowl 500ml,Nos,106.0,769.56,0.0,0.0,38.0,275.88,68.0,493.67999999999995
2023-07,Local Purchase-Milk Milma,pkt,0.0,0.0,110.0,492.0,0.0,0.0,110.0,492.0
2023-07,Looco'S-Pepperoni-1Kg,kg,0.0,0.0,0.5,470.96,0.0,0.0,1.0,470.96
2023-07,JIVO Pomace Olive Oil ,Nos,1.4,469.01,0.0,0.0,0.0,0.0,1.4,469.01
2023-07,Looco'S-Bbq Mix-1Kg,kg,0.0,0.0,1.0,465.0,0.0,0.0,1.0,465.0
2023-07,Local Purchase-Curd Milma,pkt,0.0,0.0,280.0,455.0,0.0,0.0,280.0,455.0
2023-07,Dew 500ml Pet,Nos,28.0,700.0,0.0,0.0,10.0,250.0,18.0,450.0
2023-07,Mini Burger Box,Nos,513.0,1392.28,0.0,0.0,357.0,968.9,156.0,423.38
2023-07,Pineapple slice-Tajir Habit-500g,Nos,4.0,420.0,0.0,0.0,0.0,0.0,4.0,420.0
2023-07,Vks Chef'S Art-Chilly Flakes 0.8Gm-300S,pkt,0.0,0.0,2.0,419.04,0.0,0.0,2.0,419.04
2023-07,Chefs Art-Piri Piri Marinade-1Kg,kg,0.0,0.0,1.0,417.4,0.0,0.0,1.0,417.4
2023-07,Dvc-Blue Occean Flv Syrup-750Ml,Btl,0.0,0.0,1.0,414.0,0.0,0.0,1.0,414.0
2023-07,Dvc-Bubblegum-750Ml,Btl,0.0,0.0,1.0,414.0,0.0,0.0,1.0,414.0
2023-07,Dvc-Cucumber-750Ml,Btl,0.0,0.0,1.0,414.0,0.0,0.0,1.0,414.0
2023-07,Dvc-Green Apple-750Ml,Btl,0.0,0.0,1.0,414.0,0.0,0.0,1.0,414.0
2023-07,Dvc-Peach Garden Syrup-750Ml,Btl,0.0,0.0,1.0,414.0,0.0,0.0,1.0,414.0
2023-07,Dvc-Strawberry-750Ml,Btl,0.0,0.0,1.0,414.0,0.0,0.0,1.0,414.0
2023-07,Dvc-Watermelon Syrup-750Ml,Btl,0.0,0.0,1.0,414.0,0.0,0.0,1.0,414.0
2023-07,mbS Traders-paper glass,pkt,0.0,0.0,265.0,395.0,0.0,0.0,265.0,395.0
2023-07,Slice Mango 250ml pet,Nos,30.0,530.1,0.0,0.0,8.0,141.36,22.0,388.74
2023-07,Neo-Red Paprika Slice-2.5Kg,Tin,0.0,0.0,1.0,388.0,0.0,0.0,1.0,388.0
2023-07,Veeba-Tandoori Spread-1Kg,pkt,0.0,0.0,2.0,384.98,0.0,0.0,2.0,384.98
2023-07,Pepsi-Slice Mango-600Ml,Nos,0.0,0.0,12.0,368.4,0.0,0.0,12.0,368.4
2023-07,Local Purchase-milk Milma Toned,pkt,0.0,0.0,78.0,364.0,0.0,0.0,78.0,364.0
2023-07,7up 250ml Can,Nos,30.0,900.0,0.0,0.0,18.0,540.0,12.0,360.0
2023-07,Dried Yeast,Pkt,2.1,356.98,0.0,0.0,0.0,0.0,2.1,356.98
2023-07,Looco'S-Schezwan Mix-1Kg,kg,0.0,0.0,1.0,350.0,0.0,0.0,1.0,350.0
2023-07,Pepsi-Aqua Fina-1Ltr,Case,0.0,0.0,2.0,336.0,0.0,0.0,2.0,336.0
2023-07,Papper carry bag large,Nos,74.0,851.0,0.0,0.0,45.0,517.5,29.0,333.5
2023-07,Veeba-Thousand Island-1Kg,pkt,0.0,0.0,2.0,332.5,0.0,0.0,2.0,332.5
2023-07,Pepsi-Dew-500Ml,Nos,0.0,0.0,15.0,325.05,0.0,0.0,15.0,325.05
2023-07,Apis-Honey-1Ltr,Btl,0.0,0.0,1.0,312.0,0.0,0.0,1.0,312.0
2023-07,Local Purchase-Milk 450ml,pkt,0.0,0.0,150.0,300.0,0.0,0.0,150.0,300.0
2023-07,Micro 20x26,Pkt,2.1,294.0,0.0,0.0,0.0,0.0,2.1,294.0
2023-07,Lamp Pepperoni,Kg,1.0,941.5,0.0,0.0,0.7,659.05,0.30000000000000004,282.45000000000005
2023-07,mbS Traders-micro 13x16,pkt,0.0,0.0,280.0,280.0,0.0,0.0,280.0,280.0
2023-07,Puramate Pasta-Gomiti Rigate 500g,Nos,4.0,272.0,0.0,0.0,0.0,0.0,4.0,272.0
2023-07,Dew 250ml Can,Nos,16.0,480.0,0.0,0.0,7.0,210.0,9.0,270.0
2023-07,Rice-Nawab-26kg,Kg,22.0,814.0,0.0,0.0,15.0,555.0,7.0,259.0
2023-07,five Star Traders-masoor dal red,kg,0.0,0.0,170.0,250.0,0.0,0.0,170.0,250.0
2023-07,Maida(Porotta 50kg),Kg,50.0,2050.0,0.0,0.0,44.0,1804.0,6.0,246.0
2023-07,Puramate-Pasta-Gomiti Rigatte-500Gm,Pkt,0.0,0.0,4.0,242.88,0.0,0.0,4.0,242.88
2023-07,Mixed Herb Loose,Grams,500.0,480.0,0.0,0.0,250.0,240.0,250.0,240.0
2023-07,Pepsi-Slice Mango-250Ml,Case,0.0,0.0,15.0,236.7,0.0,0.0,15.0,236.7
2023-07,Micro 27x30,Pkt,1.3,234.0,0.0,0.0,0.0,0.0,1.3,234.0
2023-07,Celotape-3/4inch-,Nos,10.0,230.0,0.0,0.0,0.0,0.0,10.0,230.0
2023-07,five Star Traders-cashew nut,kg,0.0,0.0,2250.0,225.0,0.0,0.0,2250.0,225.0
2023-07,Local Purchase-Milk milma,pkt,0.0,0.0,56.0,224.0,0.0,0.0,56.0,224.0
2023-07,Neo Red Paprika 3Kg,Nos,3.5,1520.96,0.0,0.0,3.0,1303.68,0.5,217.27999999999997
2023-07,Veeba Makhani Gravy 1KG,Pkt,3.0,645.12,0.0,0.0,2.0,430.08,1.0,215.04000000000002
2023-07,Salad Bowl 250ml,Nos,109.0,642.01,0.0,0.0,73.0,429.97,36.0,212.03999999999996
2023-07,Micro 13x16,Pkt,1.5,210.0,0.0,0.0,0.0,0.0,1.5,210.0
2023-07,Micro 16x20,Pkt,1.5,210.0,0.0,0.0,0.0,0.0,1.5,210.0
2023-07,Tajir Habit-Pineapple Slice-500Gm,tin,0.0,0.0,2.0,210.0,0.0,0.0,2.0,210.0
2023-07,mbS Traders-butter paper,Nos,0.0,0.0,7.0,210.0,0.0,0.0,7.0,210.0
2023-07,KOT Printing Rolls,Nos,28.0,1456.0,0.0,0.0,24.0,1248.0,4.0,208.0
2023-07,Pepsi-Mirinda-250Ml,Nos,0.0,0.0,15.0,187.5,0.0,0.0,15.0,187.5
2023-07,Corn Meal - Chola Rava,Kg,2.3,184.0,0.0,0.0,0.0,0.0,2.3,184.0
2023-07,Herb Mix Masla,Kg,5.0,2296.0,0.0,0.0,4.6,2112.32,0.40000000000000036,183.67999999999984
2023-07,Strawberry-Ice cream,Kg,0.8,182.55,0.0,0.0,0.0,0.0,0.8,182.55
2023-07,Paper Glass,Pkt,2.0,180.0,0.0,0.0,0.0,0.0,2.0,180.0
2023-07,five Star Traders-plastic cover 1kg,pkt,0.0,0.0,180.0,180.0,0.0,0.0,180.0,180.0
2023-07,Malas Chocolate Sauce 5 ltr,Ltr,4.8,1017.61,0.0,0.0,4.0,848.01,0.7999999999999998,169.60000000000002
2023-07,Mansoor Traders-Wooden Fork,pkt,0.0,0.0,85.0,170.0,0.0,0.0,85.0,170.0
2023-07,Veeba Barbequesauce 1KG,Nos,1.0,166.0,0.0,0.0,0.0,0.0,1.0,166.0
2023-07,Garlic Chilli Spread,Kg,2.0,324.0,0.0,0.0,1.0,162.0,1.0,162.0
2023-07,Veeba-Schezwansauce-1Kg,Pkt,0.0,0.0,1.0,161.88,0.0,0.0,1.0,161.88
2023-07,Mansoor Traders-Wooden Spoon,pkt,0.0,0.0,79.0,158.0,0.0,0.0,79.0,158.0
2023-07,Knorr-Aromat Seasoning Powder-500Grm,pkt,0.0,0.0,1.0,153.57,0.0,0.0,1.0,153.57
2023-07,five Star Traders-Tandoori Chicken Masala,pkt,0.0,0.0,148.0,148.0,0.0,0.0,148.0,148.0
2023-07,DVC BLUE OCCEAN FLV SYRUP 750ML,Nos,3.0,1465.56,0.0,0.0,2.7,1319.0,0.2999999999999998,146.55999999999995
2023-07,7up 250ml Pet,Nos,41.0,717.5,0.0,0.0,33.0,577.5,8.0,140.0
2023-07,Local Purchase-micro,pkt,0.0,0.0,140.0,140.0,0.0,0.0,140.0,140.0
2023-07,Micro 10x13,Pkt,1.0,140.0,0.0,0.0,0.0,0.0,1.0,140.0
2023-07,mbS Traders-Micro 20x26,pkt,0.0,0.0,140.0,140.0,0.0,0.0,140.0,140.0
2023-07,mbS Traders-jumbo cover,pkt,0.0,0.0,140.0,140.0,0.0,0.0,140.0,140.0
2023-07,Butter Scotch Sauce 750ml,Nos,1.0,138.0,0.0,0.0,0.0,0.0,1.0,138.0
2023-07,five Star Traders-black papper,kg,0.0,0.0,552.0,138.0,0.0,0.0,552.0,138.0
2023-07,Golden Crown-Baby Corn Whole-450Gm,Tin,0.0,0.0,2.0,130.0,0.0,0.0,2.0,130.0
2023-07,Milk Maid 400ml,Tin,1.0,123.0,0.0,0.0,0.0,0.0,1.0,123.0
2023-07,GO-Monterey Jack Cheese-2kg,Kg,1.5,915.01,0.0,0.0,1.3,793.01,0.19999999999999996,122.0
2023-07,five Star Traders-sugar,kg,0.0,0.0,40.0,120.0,0.0,0.0,40.0,120.0
2023-07,mbS Traders-Cling Film,Nos,0.0,0.0,120.0,120.0,0.0,0.0,120.0,120.0
2023-07,mbS Traders-Egg,Nos,0.0,0.0,13.0,117.0,0.0,0.0,13.0,117.0
2023-07,cello tape,Nos,10.0,230.0,0.0,0.0,5.0,115.0,5.0,115.0
2023-07,Masoor-Red,Kg,2.6,208.0,0.0,0.0,1.2,96.0,1.4000000000000001,112.0
2023-07,Phoenix Ice Cubes-ice cubes,pkt,0.0,0.0,70.0,110.0,0.0,0.0,70.0,110.0
2023-07,Sugar-Loose,Kg,3.5,133.0,0.0,0.0,0.8,30.4,2.7,102.6
2023-07,five Star Traders-Mustard oil,kg,0.0,0.0,200.0,100.0,0.0,0.0,200.0,100.0
2023-07,Centreal Bazar-Parsley Herbs,btl,0.0,0.0,99.0,99.0,0.0,0.0,99.0,99.0
2023-07,Royal HyperMarket-Hersheys Cocoa powder,pkt,0.0,0.0,99.0,99.0,0.0,0.0,99.0,99.0
2023-07,DVC PASSION FRUIT FLV SYRUP 750ML,Nos,2.8,1367.86,0.0,0.0,2.6,1270.15,0.19999999999999973,97.70999999999981
2023-07,Papper carry bag small,Nos,62.0,496.0,0.0,0.0,50.0,400.0,12.0,96.0
2023-07,Hersheys Syrup-200grm,Pkt,1.0,94.0,0.0,0.0,0.0,0.0,1.0,94.0
2023-07,Piri Piri Marinade 1KG,Kg,1.5,667.5,0.0,0.0,1.3,578.5,0.19999999999999996,89.0
2023-07,five Star Traders-Soya chunk,kg,0.0,0.0,230.0,85.0,0.0,0.0,230.0,85.0
2023-07,MBS Traders-tissue Big size,pkt,0.0,0.0,16.0,80.0,0.0,0.0,16.0,80.0
2023-07,Strawberry sause 750,Nos,0.5,80.0,0.0,0.0,0.0,0.0,0.5,80.0
2023-07,five Star Traders-badam,kg,0.0,0.0,800.0,80.0,0.0,0.0,800.0,80.0
2023-07,mbS Traders-Catering Cap,Nos,0.0,0.0,80.0,80.0,0.0,0.0,80.0,80.0
2023-07,plastic cover 5kg,Kg,0.5,80.0,0.0,0.0,0.0,0.0,0.5,80.0
2023-07,Local Purchase-Egg,Nos,0.0,0.0,12.07,78.0,0.0,0.0,12.0,78.0
2023-07,mbS Traders-paper plate,pkt,0.0,0.0,75.0,75.0,0.0,0.0,75.0,75.0
2023-07,Chilli Powder Loose,Kg,0.5,100.0,0.0,0.0,0.15,30.0,0.35,70.0
2023-07,five Star Traders-jeerakam,kg,0.0,0.0,700.0,70.0,0.0,0.0,700.0,70.0
2023-07,mbS Traders-paper straw small,pkt,0.0,0.0,70.0,70.0,0.0,0.0,70.0,70.0
2023-07,7UP 750ml Pet,Nos,33.0,1134.54,0.0,0.0,31.0,1065.78,2.0,68.75999999999999
2023-07,Chicken Kheema  Masala,Kg,0.7,455.7,0.0,0.0,0.6,390.6,0.09999999999999998,65.09999999999997
2023-07,French Fries Box,Nos,289.0,1447.89,0.0,0.0,276.0,1382.76,13.0,65.13000000000011
2023-07,Tandoori Chicken Masala-Bakers,Nos,2.0,130.0,0.0,0.0,1.0,65.0,1.0,65.0
2023-07,five Star Traders-Coriander Powder,kg,0.0,0.0,260.0,65.0,0.0,0.0,260.0,65.0
2023-07,five Star Traders-Turmeric powder,kg,0.0,0.0,260.0,65.0,0.0,0.0,260.0,65.0
2023-07,mbS Traders-egg,Nos,0.0,0.0,6.5,65.0,0.0,0.0,7.0,65.0
2023-07,Coriander Powder-loose,Kg,0.5,80.0,0.0,0.0,0.1,16.0,0.4,64.0
2023-07,Transportation-vegitables,Nos,0.0,0.0,60.0,60.0,0.0,0.0,60.0,60.0
2023-07,five Star Traders-Chilly Powder,kg,0.0,0.0,240.0,60.0,0.0,0.0,240.0,60.0
2023-07,Dip Bowl,Nos,88.0,259.6,0.0,0.0,70.0,206.5,18.0,53.10000000000002
2023-07,Mirinda 250ml pet,Nos,23.0,402.5,0.0,0.0,20.0,350.0,3.0,52.5
2023-07,five Star Traders-Chicken Masala,pkt,0.0,0.0,53.0,53.0,0.0,0.0,53.0,53.0
2023-07,Mustard-Oil,Ltr,0.4,84.0,0.0,0.0,0.15,31.5,0.25,52.5
2023-07,Local Purchase-Price sticker,pkt,0.0,0.0,25.0,50.0,0.0,0.0,25.0,50.0
2023-07,Local Purchase-apple,kg,0.0,0.0,125.0,50.0,0.0,0.0,125.0,50.0
2023-07,mbS Traders-exo dishwash cake,Nos,0.0,0.0,5.0,50.0,0.0,0.0,5.0,50.0
2023-07,Lion Honey 1kg,Kg,0.1,48.3,0.0,0.0,0.0,0.0,0.1,48.3
2023-07,five Star Traders-exo dishwash cake,Nos,0.0,0.0,4.8,48.0,0.0,0.0,5.0,48.0
2023-07,Paper Plates,Nos,110.0,110.0,0.0,0.0,64.0,64.0,46.0,46.0
2023-07,Local Purchase-Poly Dust,pkt,0.0,0.0,45.0,45.0,0.0,0.0,45.0,45.0
2023-07,Local Purchase-Garam Masala,pkt,0.0,0.0,44.0,44.0,0.0,0.0,44.0,44.0
2023-07,five Star Traders-tea loose,kg,0.0,0.0,172.0,43.0,0.0,0.0,172.0,43.0
2023-07,Local Purchase-Stick,Nos,0.0,0.0,2.0,40.0,0.0,0.0,2.0,40.0
2023-07,Turmeric Powder-loose,Kg,0.4,52.8,0.0,0.0,0.1,13.2,0.30000000000000004,39.599999999999994
2023-07,Bio-Bag-13x16-90,Kg,0.76,174.8,0.0,0.0,0.6,138.0,0.16000000000000003,36.80000000000001
2023-07,five Star Traders-kadala,kg,0.0,0.0,70.0,35.0,0.0,0.0,70.0,35.0
2023-07,mbS Traders-soap powder,pkt,0.0,0.0,34.0,34.0,0.0,0.0,34.0,34.0
2023-07,Wooden Spoon-140mm,Nos,60.0,46.8,0.0,0.0,20.0,15.6,40.0,31.199999999999996
2023-07,Jeerakham - Loose,Kg,0.1,60.0,0.0,0.0,0.05,30.0,0.05,30.0
2023-07,Local Purchase-soap powder,pkt,0.0,0.0,30.0,30.0,0.0,0.0,30.0,30.0
2023-07,Salt Powder,Kg,3.0,30.0,0.0,0.0,0.0,0.0,3.0,30.0
2023-07,Vermicelli Mix,Pkt,0.5,30.0,0.0,0.0,0.0,0.0,0.5,30.0
2023-07,five Star Traders-soap powder,kg,0.0,0.0,60.0,30.0,0.0,0.0,60.0,30.0
2023-07,five Star Traders-soap powder,pkt,0.0,0.0,30.0,30.0,0.0,0.0,30.0,30.0
2023-07,mbS Traders-Cherry,kg,0.0,0.0,300.0,30.0,0.0,0.0,300.0,30.0
2023-07,mbS Traders-agarbatti,pkt,0.0,0.0,30.0,30.0,0.0,0.0,30.0,30.0
2023-07,Paneer,Kg,2.1,609.0,0.0,0.0,2.0,580.0,0.10000000000000009,29.0
2023-07,five Star Traders-whole chilli,kg,0.0,0.0,280.0,28.0,0.0,0.0,280.0,28.0
2023-07,PTM stores-whole chilli,kg,0.0,0.0,260.0,26.0,0.0,0.0,260.0,26.0
2023-07,Safa Books -Whitner,Nos,0.0,0.0,25.0,25.0,0.0,0.0,25.0,25.0
2023-07,Local Purchase-agarbatti,pkt,0.0,0.0,20.0,20.0,0.0,0.0,20.0,20.0
2023-07,Local Purchase-lemon,kg,0.0,0.0,80.0,20.0,0.0,0.0,80.0,20.0
2023-07,Local Purchase-plastic scrubber,Nos,0.0,0.0,10.0,20.0,0.0,0.0,10.0,20.0
2023-07,Local Purchase-stick,Nos,0.0,0.0,2.0,20.0,0.0,0.0,2.0,20.0
2023-07,MBS Traders-agarbatti,pkt,0.0,0.0,20.0,20.0,0.0,0.0,20.0,20.0
2023-07,MBS Traders-tooth pick,pkt,0.0,0.0,20.0,20.0,0.0,0.0,20.0,20.0
2023-07,badam,Kg,0.1,80.0,0.0,0.0,0.08,60.0,0.020000000000000004,20.0
2023-07,five Star Traders-Cherry,kg,0.0,0.0,200.0,20.0,0.0,0.0,200.0,20.0
2023-07,five Star Traders-salt powder,pkt,0.0,0.0,10.0,20.0,0.0,0.0,10.0,20.0
2023-07,horlicks,Pkt,4.0,20.0,0.0,0.0,0.0,0.0,4.0,20.0
2023-07,Paper Straw Small,Pkt,0.5,17.5,0.0,0.0,0.0,0.0,0.5,17.5
2023-07,Local Purchase-lighter,Nos,0.0,0.0,10.0,10.0,0.0,0.0,10.0,10.0
2023-07,Safa Books -Pen,Nos,0.0,0.0,5.0,10.0,0.0,0.0,5.0,10.0
2023-07,Exo Dishwash cake,Nos,8.0,38.4,0.0,0.0,6.0,28.8,2.0,9.599999999999998
2023-07,Tea Loose,Kg,0.15,27.0,0.0,0.0,0.1,18.0,0.04999999999999999,9.0
2023-07,Local Purchase-Scrubber,Nos,0.0,0.0,5.0,5.0,0.0,0.0,5.0,5.0
2023-07,Vineger,Ltr,0.2,8.4,0.0,0.0,0.1,4.2,0.1,4.2
2023-07,Atta Loose,Kg,5.0,205.0,0.0,0.0,5.0,205.0,0.0,0.0
2023-07,Baby Corn Whole-450GM-Golden Crown,Nos,10.0,650.0,0.0,0.0,10.0,650.0,0.0,0.0
2023-07,Berry Fresh Banana Pulp,Tin,1.0,270.0,0.0,0.0,1.0,270.0,0.0,0.0
2023-07,Black Grapes,Kg,0.1,45.0,0.0,0.0,0.1,45.0,0.0,0.0
2023-07,Black pepper,Kg,0.2,108.0,0.0,0.0,0.2,108.0,0.0,0.0
2023-07,Cherry,Kg,0.1,30.0,0.0,0.0,0.1,30.0,0.0,0.0
2023-07,Chettinad Mix,Kg,0.35,227.85,0.0,0.0,0.35,227.85,0.0,0.0
2023-07,Mango Crush Sauce 750ml Malas,Nos,1.0,138.32,0.0,0.0,1.0,138.32,0.0,0.0
2023-07,Mirinda 750ml pet,Nos,7.0,240.66,0.0,0.0,7.0,240.66,0.0,0.0
2023-07,Paper Straw Big,Pkt,1.0,45.0,0.0,0.0,1.0,45.0,0.0,0.0
2023-07,Puramate Basil 250g Pouch,Grams,100.0,78.0,0.0,0.0,100.0,78.0,0.0,0.0
2023-07,Veeba Eggless Mayonise Chef 1KG,Nos,5.0,700.0,0.0,0.0,5.0,700.0,0.0,0.0
2023-07,Veeba Tandoori Spread-1kg,Nos,2.0,434.0,0.0,0.0,2.0,434.0,0.0,0.0
2023-07,butter papper,Nos,30.0,105.0,0.0,0.0,30.0,105.0,0.0,0.0
2023-07,milk-Milma-525ml,Pkt,6.0,168.0,0.0,0.0,6.0,168.0,0.0,0.0
2023-07,plastic Cover-1kg,Kg,0.5,80.0,0.0,0.0,0.5,80.0,0.0,0.0
2023-07,Salt Powder,Pkt,0.0,0.0,0.0,0.0,1.0,10.0,-1.0,-10.0
2023-07,Paper Straw,Nos,0.0,0.0,0.0,0.0,30.0,10.5,-30.0,-10.5
2023-07,egg,Nos,6.0,36.0,0.0,0.0,8.0,48.0,-2.0,-12.0
2023-07,Ice cube,Pkt,0.5,15.0,0.0,0.0,1.0,30.0,-0.5,-15.0
2023-07,Hersheys Syrup-200grm,Grams,0.0,0.0,0.0,0.0,40.0,18.8,-40.0,-18.8
2023-07,Micro 10x13,Kg,0.0,0.0,0.0,0.0,0.2,28.0,-0.2,-28.0
2023-07,Chilli Flakes-Puramate-400grm,Kg,0.2,71.92,0.0,0.0,0.3,107.88,-0.09999999999999998,-35.959999999999994
2023-07,Hersheys Cocoa-70grm,Pkt,0.0,0.0,0.0,0.0,0.4,39.6,-0.4,-39.6
2023-07,Jumbo Cover-Blue,Nos,0.0,0.0,0.0,0.0,0.5,45.0,-0.5,-45.0
2023-07,Chilli Flakes-Tasty Pixel-Veeba-Sachet-0.8g,Nos,0.0,0.0,0.0,0.0,96.0,50.8,-96.0,-50.8
2023-07,Pepsi 250ml Pet,Nos,49.0,857.5,0.0,0.0,52.0,910.0,-3.0,-52.5
2023-07,Micro 27x30,Nos,0.0,0.0,0.0,0.0,7.0,52.5,-7.0,-52.5
2023-07,Aqua Fina Mineral Water 1Ltr,Nos,20.0,279.98,0.0,0.0,24.0,335.98,-4.0,-56.0
2023-07,Zippy  B.Fast Sausage ,Pkt,2.0,638.4,0.0,0.0,2.2,702.24,-0.20000000000000018,-63.84000000000003
2023-07,Puramate Pasta-Penne Rigatte 500g,Kg,5.0,680.0,0.0,0.0,5.5,748.0,-0.5,-68.0
2023-07,Corn Meal - MAKKA RAVA,Kg,0.0,0.0,0.0,0.0,0.8,72.0,-0.8,-72.0
2023-07,Tissue-Energy-Big,Pkt,2.0,36.0,0.0,0.0,6.0,108.0,-4.0,-72.0
2023-07,Cashew nut,Kg,0.1,75.0,0.0,0.0,0.2,150.0,-0.1,-75.0
2023-07,Milk Maid 400ml,Ltr,0.0,0.0,0.0,0.0,0.25,76.88,-0.25,-76.88
2023-07,Pizza sauce premix,Kg,2.6,805.35,0.0,0.0,2.9,898.28,-0.2999999999999998,-92.92999999999995
2023-07,plastic cover-HM- 5kg,Kg,0.0,0.0,0.0,0.0,0.6,102.0,-0.6,-102.0
2023-07,Slice Mango 600ml pet,Nos,6.0,206.28,0.0,0.0,9.0,309.42,-3.0,-103.14000000000001
2023-07,Wooden Fork-160mm,Nos,0.0,0.0,0.0,0.0,100.0,105.0,-100.0,-105.0
2023-07,Strawberry sause 750,Grams,0.0,0.0,0.0,0.0,500.0,106.67,-500.0,-106.67
2023-07,Wooden Spoon-160mm,Nos,80.0,100.0,0.0,0.0,170.0,212.5,-90.0,-112.5
2023-07,Mc Cain Potato Wedges 2.5kg,Kg,0.0,0.0,0.0,0.0,0.6,115.58,-0.6,-115.58
2023-07,Paper Glass,Nos,0.0,0.0,0.0,0.0,138.0,124.2,-138.0,-124.2
2023-07,APIS Honey 1kg,Kg,1.0,327.6,0.0,0.0,1.4,458.64,-0.3999999999999999,-131.03999999999996
2023-07,Micro 13x16,Nos,0.0,0.0,0.0,0.0,38.0,133.0,-38.0,-133.0
2023-07,French Fries 9mm-Funwave,Kg,0.0,0.0,0.0,0.0,1.0,145.6,-1.0,-145.6
2023-07,Butter Scotch Sauce 750ml,Grams,0.0,0.0,0.0,0.0,800.8,147.35,-800.8,-147.35
2023-07,Garlic Bread Box,Nos,47.0,413.13,0.0,0.0,64.0,562.56,-17.0,-149.42999999999995
2023-07,Berry Fresh Chicku Pulp,Tin,0.8,216.0,0.0,0.0,1.4,378.0,-0.5999999999999999,-162.0
2023-07,Lehar Soda,Nos,24.0,395.04,0.0,0.0,34.0,559.64,-10.0,-164.59999999999997
2023-07,OREGANO SACHET 0.8GM,Nos,0.0,0.0,0.0,0.0,230.0,168.67,-230.0,-168.67
2023-07,Aromat Seasoning Powder,Pkt,0.0,0.0,0.0,0.0,1.0,172.0,-1.0,-172.0
2023-07,Chocolate Ice-cream,Kg,0.0,0.0,0.0,0.0,0.5,175.0,-0.5,-175.0
2023-07,Veeba ThousandIsland Dressing 1KG,Nos,2.0,375.98,0.0,0.0,3.0,563.97,-1.0,-187.99
2023-07,Micro 16x20,Nos,0.0,0.0,0.0,0.0,54.0,189.0,-54.0,-189.0
2023-07,Chicken Nuggets-Godrej-1kg,Kg,1.0,320.0,0.0,0.0,1.6,512.0,-0.6000000000000001,-192.0
2023-07,DVC Green Apple 750 ML,Nos,2.0,977.04,0.0,0.0,2.5,1221.3,-0.5,-244.26
2023-07,Paneer Tikka Butter Masala,Kg,3.0,1159.2,0.0,0.0,3.7,1429.68,-0.7000000000000002,-270.48
2023-07,GO Orange Cheddar Cheese 2kg,Kg,3.1,1756.15,0.0,0.0,3.6,2039.4,-0.5,-283.25
2023-07,Flexi Cream Gold,Pkt,4.5,876.15,0.0,0.0,6.0,1168.2,-1.5,-292.05000000000007
2023-07,Vanilla Ice-cream,Kg,0.8,197.82,0.0,0.0,2.1,519.27,-1.3,-321.45
2023-07,Papper carry bag medium,Nos,29.0,261.0,0.0,0.0,65.0,585.0,-36.0,-324.0
2023-07,Micro 20x26,Nos,0.0,0.0,0.0,0.0,70.0,326.67,-70.0,-326.67
2023-07,Pineapple slice-Tajir Habit-850g,Nos,0.0,0.0,0.0,0.0,3.0,330.75,-3.0,-330.75
2023-07,Schezwan sauce,Nos,0.0,0.0,0.0,0.0,1.0,340.0,-1.0,-340.0
2023-07,Pepsi 1250ml Pet,Nos,11.0,637.12,0.0,0.0,17.0,984.64,-6.0,-347.52
2023-07,Berry Fresh Tender Coconut Pulp,Tin,1.1,385.0,0.0,0.0,2.1,735.0,-1.0,-350.0
2023-07,Schezwan Mix,Pkt,0.0,0.0,0.0,0.0,1.0,350.0,-1.0,-350.0
2023-07,Puramate Pasta-Gomiti Rigate 500g,Grams,0.0,0.0,0.0,0.0,2580.0,350.88,-2580.0,-350.88
2023-07,Bio-Bag-16x20-50,Kg,0.0,0.0,0.0,0.0,2.0,460.0,-2.0,-460.0
2023-07,Bio-Bag-10x14-140,Kg,0.38,86.25,0.0,0.0,2.4,552.0,-2.02,-465.75
2023-07,Bio-Bag-20x26-35,Kg,0.44,101.2,0.0,0.0,2.5,575.0,-2.06,-473.8
2023-07,Dried Yeast,Grams,0.0,0.0,0.0,0.0,1400.0,475.97,-1400.0,-475.97
2023-07,DVC Bubblegum Syrup Syrup 750 ml,Nos,0.0,0.0,0.0,0.0,1.0,488.52,-1.0,-488.52
2023-07,DVC Cucumber Syrup 750 ml,Nos,0.0,0.0,0.0,0.0,1.0,488.52,-1.0,-488.52
2023-07,DVC Peach GardenSyrup 750 ml,Nos,0.0,0.0,0.0,0.0,1.0,488.52,-1.0,-488.52
2023-07,DVC Strawberry Syrup 750 ml,Nos,0.0,0.0,0.0,0.0,1.0,488.52,-1.0,-488.52
2023-07,DVC Watermelon Syrup 750 ml,Nos,0.0,0.0,0.0,0.0,1.0,488.52,-1.0,-488.52
2023-07,Strawberry-Ice cream,Pkt,0.0,0.0,0.0,0.0,1.0,502.0,-1.0,-502.0
2023-07,Tandoori Tikka Marinade 500Grm,Kg,0.0,0.0,0.0,0.0,0.45,517.5,-0.45,-517.5
2023-07,Bread Premix,Kg,1.2,283.5,0.0,0.0,3.4,803.25,-2.2,-519.75
2023-07,Tripod,Nos,600.0,888.0,0.0,0.0,960.0,1420.8,-360.0,-532.8
2023-07,Processed cheese block,Kg,4.5,2474.99,0.0,0.0,5.5,3024.99,-1.0,-550.0
2023-07,butter,Kg,2.5,950.0,0.0,0.0,4.0,1520.0,-1.5,-570.0
2023-07,Moktails Glass,Nos,122.0,1093.12,0.0,0.0,190.0,1702.4,-68.0,-609.2800000000002
2023-07,Veeba T. Ketchup 1.2KG,Nos,2.0,210.0,0.0,0.0,8.0,840.0,-6.0,-630.0
2023-07,G.Crown Mushroom Slice 800g,Nos,43.0,4214.0,0.0,0.0,50.0,4900.0,-7.0,-686.0
2023-07,DVC Mango Beverage Blend Syrup 750 ml,Nos,0.0,0.0,0.0,0.0,1.0,764.64,-1.0,-764.64
2023-07,DVC Mixed Berry Beverage Blend Syrup 750 ml,Nos,0.0,0.0,0.0,0.0,1.0,764.64,-1.0,-764.64
2023-07,Chocolate Ice-cream,Pkt,0.0,0.0,0.0,0.0,1.0,770.0,-1.0,-770.0
2023-07,Frozen Sweet Corn-Pal Fresh,Nos,0.0,0.0,0.0,0.0,8.0,792.0,-8.0,-792.0
2023-07,Oregano Sprinkler 500g,Kg,2.3,1400.7,0.0,0.0,3.8,2314.2,-1.5,-913.4999999999998
2023-07,Mc Cain Potato Wedges 2.5kg,Nos,2.1,1011.36,0.0,0.0,4.0,1926.4,-1.9,-915.0400000000001
2023-07,BBQ Mix Masala,Kg,6.7,2964.08,0.0,0.0,8.8,3893.12,-2.1000000000000005,-929.04
2023-07,Veeba Ketchup Sachet,Nos,0.0,0.0,0.0,0.0,1338.0,1070.27,-1338.0,-1070.27
2023-07,salami,Pkt,0.0,0.0,0.0,0.0,4.2,1171.8,-4.2,-1171.8
2023-07,Veeba Gouda Flavoured Dressing,Kg,0.0,0.0,0.0,0.0,5.5,1182.72,-5.5,-1182.72
2023-07,Regular Pizza Box,Nos,300.0,2601.0,0.0,0.0,440.0,3814.8,-140.0,-1213.8000000000002
2023-07,7UP 1250ml Pet,Nos,6.0,347.52,0.0,0.0,27.0,1563.84,-21.0,-1216.32
2023-07,Veeba Pasta & Pizza Sauce 1KG,Nos,8.0,1520.0,0.0,0.0,15.0,2850.0,-7.0,-1330.0
2023-07,Butter Scotch Ice-cream,Kg,0.4,140.55,0.0,0.0,4.2,1475.72,-3.8000000000000003,-1335.17
2023-07,JIVO Pomace Olive Oil ,Ltr,0.0,0.0,0.0,0.0,4.15,1390.29,-4.15,-1390.29
2023-07,Chilli Flakes-Tasty Pixel-Veeba-Sachet-0.8g,Pkt,4.28,566.24,0.0,0.0,16.0,2116.8,-11.719999999999999,-1550.5600000000002
2023-07,Neo Black Sliced Olives,Tin,0.0,0.0,0.0,0.0,3.0,1878.24,-3.0,-1878.24
2023-07,HABIT JALAPENO SLICES 2.9 KG,Nos,0.0,0.0,0.0,0.0,6.5,1921.92,-6.5,-1921.92
2023-07,Tandoori mix Masala,Pkt,0.0,0.0,0.0,0.0,4.8,1989.12,-4.8,-1989.12
2023-07,Baby Corn Whole-800GM-Tajir Habit,Tin,0.0,0.0,0.0,0.0,20.0,2240.0,-20.0,-2240.0
2023-07,DVC Mint Flavoured Syrup 750 ml,Nos,2.5,1165.02,0.0,0.0,7.6,3541.68,-5.1,-2376.66
2023-07,Pizza Premix,Kg,7.6,1795.5,0.0,0.0,18.1,4276.12,-10.500000000000002,-2480.62
2023-07,Mexican Masala,Kg,1.5,655.2,0.0,0.0,11.9,5197.92,-10.4,-4542.72
2023-07,Brownie,Kg,5.0,2015.0,0.0,0.0,18.0,7254.0,-13.0,-5239.0
2023-07,Bornless Chicken- pattambi,Kg,9.6,2342.4,0.0,0.0,31.2,7612.8,-21.6,-5270.4
2023-07,French Fries 6mm-Funwave 2.5 KG,Nos,4.9,1710.1,0.0,0.0,27.2,9492.8,-22.299999999999997,-7782.699999999999
2023-07,MilkyMist-Mozzarella Cheese-shredded-2kg,Kg,0.0,0.0,0.0,0.0,24.0,11894.4,-24.0,-11894.4
2023-07,AMUL Mozzarella Cheese Block 1Kg,Kg,53.65,17704.5,0.0,0.0,100.0,33000.0,-46.35,-15295.5
2023-08,AMUL Mozzarella Cheese Block 1Kg,Kg,100.0,33000.0,0.0,0.0,0.0,0.0,100.0,33000.0
2023-08,Mozzarella Diced Cheese,pkt,0.0,0.0,36.0,16991.65,0.0,0.0,36.0,16991.65
2023-08,Local Purchase-Chicken Boneless,Rs,0.0,0.0,14587.0,14587.0,0.0,0.0,14587.0,14587.0
2023-08,MilkyMist-Mozzarella Cheese-shredded-2kg,Kg,24.0,11894.4,0.0,0.0,0.0,0.0,24.0,11894.4
2023-08,Amul Diced Mozzerella Cheese,Nos,0.0,0.0,24.0,11328.0,0.0,0.0,24.0,11328.0
2023-08,Go Mozzerella Cheese,Nos,0.0,0.0,12.0,11290.0,0.0,0.0,12.0,11290.0
2023-08,French Fries 6mm-Funwave 2.5 KG,Nos,27.2,9492.8,0.0,0.0,1.0,349.0,26.2,9143.8
2023-08,Bornless Chicken- pattambi,Kg,31.2,7612.8,0.0,0.0,0.0,0.0,31.2,7612.8
2023-08,REGULAR PIZZA BOX,Nos,0.0,0.0,800.0,7200.0,0.0,0.0,800.0,7200.0
2023-08,Regular Box,Nos,0.0,0.0,800.0,7200.0,0.0,0.0,800.0,7200.0
2023-08,French Fries 6mm,pkt,0.0,0.0,20.0,6979.84,0.0,0.0,20.0,6979.84
2023-08,Local Purchase-vegetable,Rs,0.0,0.0,6500.0,6500.0,0.0,0.0,6500.0,6500.0
2023-08,Local Purchase-Local Purchase,Rs,0.0,0.0,5788.0,5788.0,0.0,0.0,5788.0,5788.0
2023-08,MEDIUM PIZZA BOX,Nos,0.0,0.0,500.0,5750.0,0.0,0.0,500.0,5750.0
2023-08,Medium Box,Nos,0.0,0.0,500.0,5750.0,0.0,0.0,500.0,5750.0
2023-08,Brownie,Kg,18.0,7254.0,0.0,0.0,5.0,2015.0,13.0,5239.0
2023-08,Mexican Masala,Kg,11.9,5197.92,0.0,0.0,0.0,0.0,11.9,5197.92
2023-08,Mushroom Slice,pkt,0.0,0.0,48.0,4704.0,0.0,0.0,48.0,4704.0
2023-08,Local Purchase-surabi maida,Rs,0.0,0.0,4120.0,4120.0,0.0,0.0,4120.0,4120.0
2023-08,Regular Pizza Box,Nos,440.0,3814.8,0.0,0.0,0.0,0.0,440.0,3814.8
2023-08,Medium Pizza Box,Nos,340.0,3770.6,0.0,0.0,0.0,0.0,340.0,3770.6
2023-08,Local Purchase-vegitables,Rs,0.0,0.0,3744.0,3744.0,0.0,0.0,3744.0,3744.0
2023-08,Rent-Staff Room Remt,cylinder,0.0,0.0,3600.0,3600.0,0.0,0.0,3600.0,3600.0
2023-08,DVC Mint Flavoured Syrup 750 ml,Nos,7.6,3541.68,0.0,0.0,0.0,0.0,7.6,3541.68
2023-08,HPCL-Gas,Rs,0.0,0.0,1731.0,3460.0,0.0,0.0,1731.0,3460.0
2023-08,Local Purchase-Gas HP,Rs,0.0,0.0,3460.0,3460.0,0.0,0.0,3460.0,3460.0
2023-08,Flexi Cream Gold,Pkt,6.0,1168.2,10.0,1947.0,0.0,0.0,16.0,3115.2
2023-08,KTP Vegitables-vegitables,Nos,0.0,0.0,3000.0,3000.0,0.0,0.0,3000.0,3000.0
2023-08,KTP Vegitables-vegitables,kg,0.0,0.0,3000.0,3000.0,0.0,0.0,3000.0,3000.0
2023-08,LARGE PIZZA BOX,Nos,0.0,0.0,200.0,2970.0,0.0,0.0,200.0,2970.0
2023-08,Large Box,Nos,0.0,0.0,200.0,2970.0,0.0,0.0,200.0,2970.0
2023-08,Veeba Pasta & Pizza Sauce 1KG,Nos,15.0,2850.0,0.0,0.0,0.0,0.0,15.0,2850.0
2023-08,Pizza Premix,Kg,18.1,4276.12,0.0,0.0,7.0,1653.75,11.100000000000001,2622.37
2023-08,Pepsi pet,Case,0.0,0.0,4.0,2570.15,0.0,0.0,4.0,2570.15
2023-08,Fresh Garden Mint,Btl,0.0,0.0,5.0,2442.6,0.0,0.0,5.0,2442.6
2023-08,PIZZA PREMIX,KG,0.0,0.0,10.0,2400.0,0.0,0.0,10.0,2400.0
2023-08,Pizza Primix,kg,0.0,0.0,10.0,2400.0,0.0,0.0,10.0,2400.0
2023-08,Local Purchase-Maida,pkt,0.0,0.0,55.0,2270.0,0.0,0.0,55.0,2270.0
2023-08,Baby Corn Whole-800GM-Tajir Habit,Tin,20.0,2240.0,0.0,0.0,0.0,0.0,20.0,2240.0
2023-08,Pasta and Pizza Sause,Case,0.0,0.0,12.0,2202.0,0.0,0.0,12.0,2202.0
2023-08,7up pet,Case,0.0,0.0,3.0,2175.22,0.0,0.0,3.0,2175.22
2023-08,Chilli Flakes-Tasty Pixel-Veeba-Sachet-0.8g,Pkt,16.0,2116.8,0.0,0.0,0.0,0.0,16.0,2116.8
2023-08,Local Purchase-Maida,Nos,0.0,0.0,50.0,2060.0,0.0,0.0,50.0,2060.0
2023-08,Local Purchase-Maida,Rs,0.0,0.0,1.0,2060.0,0.0,0.0,1.0,2060.0
2023-08,KTP Vegitables-vegitables,pkt,0.0,0.0,2000.0,2000.0,0.0,0.0,2000.0,2000.0
2023-08,Maintenance-Make line Repair,kg,0.0,0.0,2000.0,2000.0,0.0,0.0,2000.0,2000.0
2023-08,Mc Cain Potato Wedges 2.5kg,Nos,4.0,1926.4,0.0,0.0,0.0,0.0,4.0,1926.4
2023-08,HABIT JALAPENO SLICES 2.9 KG,Nos,6.5,1921.92,0.0,0.0,0.0,0.0,6.5,1921.92
2023-08,French Fries Box,Nos,276.0,1382.76,100.0,535.0,0.0,0.0,376.0,1917.76
2023-08,Oregano Sprinkler 500g,Kg,3.8,2314.2,0.0,0.0,0.65,395.85,3.15,1918.35
2023-08,Maida(Porotta 50kg),Kg,44.0,1804.0,0.0,0.0,0.0,0.0,44.0,1804.0
2023-08,Airtel-mobile recharge,Nos,0.0,0.0,1799.0,1799.0,0.0,0.0,1799.0,1799.0
2023-08,PASTHA CONTAINER,KG,0.0,0.0,200.0,1790.0,0.0,0.0,200.0,1790.0
2023-08,Pasta Container,Nos,0.0,0.0,200.0,1790.0,0.0,0.0,200.0,1790.0
2023-08,GARLIC BREAD BOx,Nos,0.0,0.0,200.0,1758.0,0.0,0.0,200.0,1758.0
2023-08,GBC Box,Nos,0.0,0.0,200.0,1758.0,0.0,0.0,200.0,1758.0
2023-08,HPCL-Gas,Nos,0.0,0.0,1.0,1730.0,0.0,0.0,1.0,1730.0
2023-08,HPCL-Gas,kg,0.0,0.0,1.0,1730.0,0.0,0.0,1.0,1730.0
2023-08,HPCL-gas,pkt,0.0,0.0,1.0,1730.0,0.0,0.0,1.0,1730.0
2023-08,Large Pizza Box,Nos,115.0,1696.25,0.0,0.0,0.0,0.0,115.0,1696.25
2023-08,7UP 750 PET,Nos,0.0,0.0,2.0,1650.23,0.0,0.0,2.0,1650.23
2023-08,Pepsi 750 PET,Case,0.0,0.0,2.0,1650.23,0.0,0.0,2.0,1650.23
2023-08,Local Purchase-Green Plants,Nos,0.0,0.0,5.0,1540.0,0.0,0.0,5.0,1540.0
2023-08,"Diamond Hotel ware and Cutlerys-Glare Rock Dinner Plate 10.75""",pkt,0.0,0.0,6.0,1529.28,0.0,0.0,6.0,1529.28
2023-08,Tripod,Nos,960.0,1420.8,0.0,0.0,0.0,0.0,960.0,1420.8
2023-08,Processed cheese block,Kg,5.5,3024.99,0.0,0.0,3.0,1650.0,2.5,1374.9899999999998
2023-08,Dew,Nos,0.0,0.0,48.0,1345.2,0.0,0.0,48.0,1345.2
2023-08,Local Purchase-Paneer And Butter,Rs,0.0,0.0,1340.0,1340.0,0.0,0.0,1340.0,1340.0
2023-08,"Diamond Hotel ware and Cutlerys-Glare Hammered 8"" Rec Platter",kg,0.0,0.0,6.0,1338.12,0.0,0.0,6.0,1338.12
2023-08,7UP 1250ml Pet,Nos,27.0,1563.84,0.0,0.0,5.0,289.6,22.0,1274.2399999999998
2023-08,DVC PASSION FRUIT FLV SYRUP 750ML,Nos,2.6,1270.15,0.0,0.0,0.0,0.0,2.6,1270.15
2023-08,"Diamond Hotel ware and Cutlerys-Glare Rock Serving Bowl 6.5""",cylinder,0.0,0.0,6.0,1253.16,0.0,0.0,6.0,1253.16
2023-08,KOT Printing Rolls,Nos,24.0,1248.0,0.0,0.0,0.0,0.0,24.0,1248.0
2023-08,BBQ Mix Masala,Kg,8.8,3893.12,0.0,0.0,6.0,2654.4,2.8000000000000007,1238.7199999999998
2023-08,TANDOORI MIX,Nos,0.0,0.0,3.0,1185.0,0.0,0.0,3.0,1185.0
2023-08,Tandoori Mix,kg,0.0,0.0,3.0,1185.0,0.0,0.0,3.0,1185.0
2023-08,salami,Pkt,4.2,1171.8,0.0,0.0,0.0,0.0,4.2,1171.8
2023-08,Black Olives Slice,Nos,0.0,0.0,2.0,1135.99,0.0,0.0,2.0,1135.99
2023-08,Srinivasan-Vanilla Ice Cream,Rs,0.0,0.0,2.0,1088.0,0.0,0.0,2.0,1088.0
2023-08,Veeba Ketchup Sachet,Nos,1338.0,1070.27,0.0,0.0,0.0,0.0,1338.0,1070.27
2023-08,Slice Mango,Case,0.0,0.0,2.0,1060.19,0.0,0.0,2.0,1060.19
2023-08,Gouda Cheese,pkt,0.0,0.0,5.0,1053.7,0.0,0.0,5.0,1053.7
2023-08,7UP 250 PET,Pkt,0.0,0.0,2.0,1050.0,0.0,0.0,2.0,1050.0
2023-08,Pepsi 250 PET,Case,0.0,0.0,2.0,1050.0,0.0,0.0,2.0,1050.0
2023-08,HPCL-Petrol,pkt,0.0,0.0,9.19,1000.0,0.0,0.0,9.0,1000.0
2023-08,Mini Burger Box,Nos,357.0,968.9,0.0,0.0,0.0,0.0,357.0,968.9
2023-08,PTM stores-nawab rice,pkt,0.0,0.0,26.0,962.0,0.0,0.0,26.0,962.0
2023-08,Ketchup Sachet (8g),pkt,0.0,0.0,12.0,959.88,0.0,0.0,12.0,959.88
2023-08,BBQ MIX,KG,0.0,0.0,2.0,930.0,0.0,0.0,2.0,930.0
2023-08,BBQ Mix,kg,0.0,0.0,2.0,930.0,0.0,0.0,2.0,930.0
2023-08,Dew 250 PET,Case,0.0,0.0,2.0,930.0,0.0,0.0,2.0,930.0
2023-08,Chili Cheese Poppers,pkt,0.0,0.0,2.0,919.99,0.0,0.0,2.0,919.99
2023-08,GO Orange Cheddar Cheese 2kg,Kg,3.6,2039.4,0.0,0.0,2.0,1133.0,1.6,906.4000000000001
2023-08,Diamond Hotel ware and Cutlerys-AW 067 Wooden Rect Pizza Bat,Rs,0.0,0.0,2.0,904.84,0.0,0.0,2.0,904.84
2023-08,MOCKTAIL GLASS,Nos,0.0,0.0,100.0,896.0,0.0,0.0,100.0,896.0
2023-08,moktails Glass,Nos,0.0,0.0,100.0,896.0,0.0,0.0,100.0,896.0
2023-08,LAMB PEPPERONI,KG,0.0,0.0,1.0,895.0,0.0,0.0,1.0,895.0
2023-08,Pepperoni,kg,0.0,0.0,1.0,895.0,0.0,0.0,1.0,895.0
2023-08,JIVO Pomace Olive Oil ,Ltr,4.15,1390.29,0.0,0.0,1.5,502.52,2.6500000000000004,887.77
2023-08,Local Purchase-palm oil,Nos,0.0,0.0,10.0,885.0,0.0,0.0,10.0,885.0
2023-08,five Star Traders-palm oil,kg,0.0,0.0,10.0,880.0,0.0,0.0,10.0,880.0
2023-08,five Star Traders-palm oil,Rs,0.0,0.0,10.0,875.0,0.0,0.0,10.0,875.0
2023-08,HERB MIX,KG,0.0,0.0,2.0,850.0,0.0,0.0,2.0,850.0
2023-08,Herb Mix,kg,0.0,0.0,2.0,850.0,0.0,0.0,2.0,850.0
2023-08,Dew 750 PET,Case,0.0,0.0,1.0,825.1,0.0,0.0,1.0,825.1
2023-08,Mirinda 750 PET,Case,0.0,0.0,1.0,825.1,0.0,0.0,1.0,825.1
2023-08,Garlic Chilli Spread,pkt,0.0,0.0,5.0,808.49,0.0,0.0,5.0,808.49
2023-08,Frozen Sweet Corn-Pal Fresh,Nos,8.0,792.0,0.0,0.0,0.0,0.0,8.0,792.0
2023-08,Butter Scotch Ice-cream,Kg,4.2,1475.72,0.0,0.0,2.0,702.73,2.2,772.99
2023-08,Chocolate Ice-cream,Pkt,1.0,770.0,0.0,0.0,0.0,0.0,1.0,770.0
2023-08,DVC Mango Beverage Blend Syrup 750 ml,Nos,1.0,764.64,0.0,0.0,0.0,0.0,1.0,764.64
2023-08,babu palakkad-Butter,Rs,0.0,0.0,2.0,760.0,0.0,0.0,2.0,760.0
2023-08,babu palakkad-butter,ltr,0.0,0.0,2.0,760.0,0.0,0.0,2.0,760.0
2023-08,Dew Can,Case,0.0,0.0,1.0,720.0,0.0,0.0,1.0,720.0
2023-08,Zippy  B.Fast Sausage ,Pkt,2.2,702.24,0.0,0.0,0.0,0.0,2.2,702.24
2023-08,Veeba Eggless Mayonise Chef 1KG,Nos,5.0,700.0,0.0,0.0,0.0,0.0,5.0,700.0
2023-08,Eggless Mayonise ,pkt,0.0,0.0,5.0,686.0,0.0,0.0,5.0,686.0
2023-08,Palm Oil - Refined Oil,Nos,7.0,686.0,0.0,0.0,0.0,0.0,7.0,686.0
2023-08,Pasta-Penne Rigatte,tin,0.0,0.0,10.0,680.06,0.0,0.0,10.0,680.06
2023-08,Oregano Sachet 0.8gm,Tin,0.0,0.0,3.0,659.99,0.0,0.0,3.0,659.99
2023-08,Paneer Tikka Butter Masala,Kg,3.7,1429.68,0.0,0.0,2.0,772.8,1.7000000000000002,656.8800000000001
2023-08,SALAD BOWL 500ML,KG,0.0,0.0,100.0,655.0,0.0,0.0,100.0,655.0
2023-08,Salad Bowl (Big )500ml,Nos,0.0,0.0,100.0,655.0,0.0,0.0,100.0,655.0
2023-08,Oregano Sprinkler,Nos,0.0,0.0,2.0,649.6,0.0,0.0,2.0,649.6
2023-08,PIZZA SAUCE PREMIX,KG,0.0,0.0,2.0,650.0,0.0,0.0,2.0,650.0
2023-08,Pizza Sauce Primix,kg,0.0,0.0,2.0,650.0,0.0,0.0,2.0,650.0
2023-08,Godrej chicken Nuggets ,pkt,0.0,0.0,2.0,639.99,0.0,0.0,2.0,639.99
2023-08,Local Purchase-Chicken,Rs,0.0,0.0,585.0,585.0,0.0,0.0,585.0,585.0
2023-08,Piri Piri Marinade 1KG,Kg,1.3,578.5,0.0,0.0,0.0,0.0,1.3,578.5
2023-08,Bio-Bag-20x26-35,Kg,2.5,575.0,0.0,0.0,0.0,0.0,2.5,575.0
2023-08,Veeba ThousandIsland Dressing 1KG,Nos,3.0,563.97,0.0,0.0,0.0,0.0,3.0,563.97
2023-08,Garlic Bread Box,Nos,64.0,562.56,0.0,0.0,0.0,0.0,64.0,562.56
2023-08,Rice-Nawab-26kg,Kg,15.0,555.0,0.0,0.0,0.0,0.0,15.0,555.0
2023-08,Bio-Bag-10x14-140,Kg,2.4,552.0,0.0,0.0,0.0,0.0,2.4,552.0
2023-08,Pineapple slice,Btl,0.0,0.0,5.0,551.25,0.0,0.0,5.0,551.25
2023-08,Transportation-Auto fare,Rs,0.0,0.0,550.0,550.0,0.0,0.0,550.0,550.0
2023-08,Mini Burger Box,Btl,0.0,0.0,2.0,542.8,0.0,0.0,2.0,542.8
2023-08,FRENCH FRIES BOX,Nos,0.0,0.0,100.0,535.0,0.0,0.0,100.0,535.0
2023-08,Tasty Fixel Chilly Flakes 0.8gm,pkt,0.0,0.0,4.0,529.2,0.0,0.0,4.0,529.2
2023-08,Pepsi 1250ml Pet,Nos,17.0,984.64,0.0,0.0,8.0,463.36,9.0,521.28
2023-08,Tandoori Tikka Marinade 500Grm,Kg,0.45,517.5,0.0,0.0,0.0,0.0,0.45,517.5
2023-08,HPCL-Petrol,Rs,0.0,0.0,4.6,500.0,0.0,0.0,5.0,500.0
2023-08,Indian Oil-petrol,kg,0.0,0.0,4.6,500.0,0.0,0.0,5.0,500.0
2023-08,Indian Oil-petrol,pkt,0.0,0.0,4.6,500.0,0.0,0.0,5.0,500.0
2023-08,KTP Vegitables-vegitables,Rs,0.0,0.0,500.0,500.0,0.0,0.0,500.0,500.0
2023-08,KTP Vegitables-vegitables,ltr,0.0,0.0,500.0,500.0,0.0,0.0,500.0,500.0
2023-08,Nayara Energy-petrol,Nos,0.0,0.0,4.59,500.0,0.0,0.0,5.0,500.0
2023-08,Nayara Energy-petrol,kg,0.0,0.0,4.59,500.0,0.0,0.0,5.0,500.0
2023-08,Satheesh-Waste Collection,Nos,0.0,0.0,500.0,500.0,0.0,0.0,500.0,500.0
2023-08,Frozen Sweet corn,pkt,0.0,0.0,5.0,495.0,0.0,0.0,5.0,495.0
2023-08,Blue Occean Flv Syrup,pkt,0.0,0.0,1.0,488.52,0.0,0.0,1.0,488.52
2023-08,DVC Bubblegum Syrup Syrup 750 ml,Nos,1.0,488.52,0.0,0.0,0.0,0.0,1.0,488.52
2023-08,DVC Cucumber Syrup 750 ml,Nos,1.0,488.52,0.0,0.0,0.0,0.0,1.0,488.52
2023-08,DVC Peach GardenSyrup 750 ml,Nos,1.0,488.52,0.0,0.0,0.0,0.0,1.0,488.52
2023-08,DVC Strawberry Syrup 750 ml,Nos,1.0,488.52,0.0,0.0,0.0,0.0,1.0,488.52
2023-08,DVC Watermelon Syrup 750 ml,Nos,1.0,488.52,0.0,0.0,0.0,0.0,1.0,488.52
2023-08,Green Apple,Btl,0.0,0.0,1.0,488.52,0.0,0.0,1.0,488.52
2023-08,Passion Fruit,pkt,0.0,0.0,1.0,488.52,0.0,0.0,1.0,488.52
2023-08,Strawberry,Btl,0.0,0.0,1.0,488.52,0.0,0.0,1.0,488.52
2023-08,BREAD PREMIX,Nos,0.0,0.0,2.0,480.0,0.0,0.0,2.0,480.0
2023-08,Bread Primix,kg,0.0,0.0,2.0,480.0,0.0,0.0,2.0,480.0
2023-08,Dried Yeast,Grams,1400.0,475.97,0.0,0.0,0.0,0.0,1400.0,475.97
2023-08,Dew,Case,0.0,0.0,1.0,465.0,0.0,0.0,1.0,465.0
2023-08,Bio-Bag-16x20-50,Kg,2.0,460.0,0.0,0.0,0.0,0.0,2.0,460.0
2023-08,7up 250ml Can,Nos,18.0,540.0,0.0,0.0,3.0,90.0,15.0,450.0
2023-08,Neo Red Paprika 3Kg,Nos,3.0,1303.68,0.0,0.0,2.0,869.12,1.0,434.56000000000006
2023-08,Veeba Tandoori Spread-1kg,Nos,2.0,434.0,0.0,0.0,0.0,0.0,2.0,434.0
2023-08,Tandoori Spread,pkt,0.0,0.0,2.0,431.18,0.0,0.0,2.0,431.18
2023-08,Veeba Makhani Gravy 1KG,Pkt,2.0,430.08,0.0,0.0,0.0,0.0,2.0,430.08
2023-08,Makhani Sauce,pkt,0.0,0.0,2.0,421.48,0.0,0.0,2.0,421.48
2023-08,Veeba T. Ketchup 1.2KG,Nos,8.0,840.0,0.0,0.0,4.0,420.0,4.0,420.0
2023-08,Slice Mango 600 PET,Pkt,0.0,0.0,12.0,412.56,0.0,0.0,12.0,412.56
2023-08,Papper carry bag medium,Nos,65.0,585.0,0.0,0.0,20.0,180.0,45.0,405.0
2023-08,Lehar Soda,Case,0.0,0.0,1.0,395.04,0.0,0.0,1.0,395.04
2023-08,G.Crown Mushroom Slice 800g,Nos,50.0,4900.0,0.0,0.0,46.0,4508.0,4.0,392.0
2023-08,five Star Traders-atta,Rs,0.0,0.0,10.0,390.0,0.0,0.0,10.0,390.0
2023-08,Kadai Gravy,pkt,0.0,0.0,2.0,388.07,0.0,0.0,2.0,388.07
2023-08,Sherif Cherpulasery-Whole chicken,bag,0.0,0.0,2.6,380.0,0.0,0.0,3.0,380.0
2023-08,babu palakkad-Butter,Nos,0.0,0.0,1.0,380.0,0.0,0.0,1.0,380.0
2023-08,butter,Kg,4.0,1520.0,0.0,0.0,3.0,1140.0,1.0,380.0
2023-08,Moktails Glass,Nos,190.0,1702.4,0.0,0.0,150.0,1344.0,40.0,358.4000000000001
2023-08,Puramate Pasta-Gomiti Rigate 500g,Grams,2580.0,350.88,0.0,0.0,0.0,0.0,2580.0,350.88
2023-08,Maintenance-Bike tube replace,pkt,0.0,0.0,1.0,350.0,0.0,0.0,1.0,350.0
2023-08,Schezwan Mix,Pkt,1.0,350.0,0.0,0.0,0.0,0.0,1.0,350.0
2023-08,Schezwan sauce,Nos,1.0,340.0,0.0,0.0,0.0,0.0,1.0,340.0
2023-08,Sherif Cherpulasery-Whole chicken,kg,0.0,0.0,2.55,339.0,0.0,0.0,3.0,339.0
2023-08,Pineapple slice-Tajir Habit-850g,Nos,3.0,330.75,0.0,0.0,0.0,0.0,3.0,330.75
2023-08,Micro 20x26,Nos,70.0,326.67,0.0,0.0,0.0,0.0,70.0,326.67
2023-08,CHICKEN KHEEMA MASALA,KG,0.0,0.0,0.5,325.0,0.0,0.0,1.0,325.0
2023-08,kheema Masala,kg,0.0,0.0,0.5,325.0,0.0,0.0,1.0,325.0
2023-08,Local Purchase-Milk Milma,Rs,0.0,0.0,12.0,324.0,0.0,0.0,12.0,324.0
2023-08,Veeba Gouda Flavoured Dressing,Kg,5.5,1182.72,0.0,0.0,4.0,860.16,1.5,322.56000000000006
2023-08,"Diamond Hotel ware and Cutlerys-Glare Remekin Bowl 2.5"" Black",Rs,0.0,0.0,10.0,318.6,0.0,0.0,10.0,318.6
2023-08,Mirinda 250ml pet,Nos,20.0,350.0,0.0,0.0,2.0,35.0,18.0,315.0
2023-08,APIS Honey 1kg,Kg,1.4,458.64,0.0,0.0,0.5,163.8,0.8999999999999999,294.84
2023-08,Local Purchase-Paneer,Rs,0.0,0.0,290.0,290.0,0.0,0.0,290.0,290.0
2023-08,Sherif Cherpulasery-Whole chicken,Nos,0.0,0.0,2.5,290.0,0.0,0.0,3.0,290.0
2023-08,babu palakkad-paneer,Rs,0.0,0.0,1.0,290.0,0.0,0.0,1.0,290.0
2023-08,babu palakkad-paneer,pkt,0.0,0.0,1.0,290.0,0.0,0.0,1.0,290.0
2023-08,Local Purchase-Staff Chicken,Rs,0.0,0.0,286.0,286.0,0.0,0.0,286.0,286.0
2023-08,Local Purchase-milk Milma,Nos,0.0,0.0,10.0,280.0,0.0,0.0,10.0,280.0
2023-08,mbS Traders-micro 16x20,Nos,0.0,0.0,2.0,280.0,0.0,0.0,2.0,280.0
2023-08,Pepsi 250ml Can,Nos,9.0,270.0,0.0,0.0,0.0,0.0,9.0,270.0
2023-08,Local Purchase-egg,pkt,0.0,0.0,44.0,264.0,0.0,0.0,44.0,264.0
2023-08,SALAD BOWL 250ML,Case,0.0,0.0,50.0,262.5,0.0,0.0,50.0,262.5
2023-08,Salad Bowl (Small )250ml,Nos,0.0,0.0,50.0,262.5,0.0,0.0,50.0,262.5
2023-08,DVC Green Apple 750 ML,Nos,2.5,1221.3,0.0,0.0,2.0,977.04,0.5,244.26
2023-08,Mixed Herb Loose,Grams,250.0,240.0,0.0,0.0,0.0,0.0,250.0,240.0
2023-08,Local Purchase-Steel Fork,pkt,0.0,0.0,6.0,228.0,0.0,0.0,6.0,228.0
2023-08,Local Purchase-Milk Milma,pkt,0.0,0.0,8.0,224.0,0.0,0.0,8.0,224.0
2023-08,Berry Fresh Tender Coconut Pulp,Tin,2.1,735.0,0.0,0.0,1.5,525.0,0.6000000000000001,210.0
2023-08,Atta Loose,Kg,5.0,205.0,0.0,0.0,0.0,0.0,5.0,205.0
2023-08,Satheesh-Waste Collection,Rs,0.0,0.0,200.0,200.0,0.0,0.0,200.0,200.0
2023-08,five Star Traders-atta,kg,0.0,0.0,5.0,195.0,0.0,0.0,5.0,195.0
2023-08,Bread Premix,Kg,3.4,803.25,0.0,0.0,2.6,614.25,0.7999999999999998,189.0
2023-08,Micro 16x20,Nos,54.0,189.0,0.0,0.0,0.0,0.0,54.0,189.0
2023-08,Basil,pkt,0.0,0.0,1.0,183.0,0.0,0.0,1.0,183.0
2023-08,five Star Traders-Mustard oil,kg,0.0,0.0,1.0,180.0,0.0,0.0,1.0,180.0
2023-08,mbS Traders-tissue Big size,Nos,0.0,0.0,10.0,180.0,0.0,0.0,10.0,180.0
2023-08,Aromat Seasoning Powder,Pkt,1.0,172.0,0.0,0.0,0.0,0.0,1.0,172.0
2023-08,OREGANO SACHET 0.8GM,Nos,230.0,168.67,0.0,0.0,0.0,0.0,230.0,168.67
2023-08,Aqua Fina,Case,0.0,0.0,1.0,167.99,0.0,0.0,1.0,167.99
2023-08,Local Purchase-Milk Milma,Nos,0.0,0.0,6.0,168.0,0.0,0.0,6.0,168.0
2023-08,Local Purchase-Milk milma,Rs,0.0,0.0,6.0,168.0,0.0,0.0,6.0,168.0
2023-08,Local Purchase-milk Milma,pkt,0.0,0.0,6.0,168.0,0.0,0.0,6.0,168.0
2023-08,milk-Milma-525ml,Pkt,6.0,168.0,0.0,0.0,0.0,0.0,6.0,168.0
2023-08,Local Purchase-masoor dal red,kg,0.0,0.0,2.0,160.0,0.0,0.0,2.0,160.0
2023-08,five Star Traders-sugar,Rs,0.0,0.0,4.0,160.0,0.0,0.0,4.0,160.0
2023-08,Pepsi 250ml Pet,Nos,52.0,910.0,0.0,0.0,43.0,752.5,9.0,157.5
2023-08,Cashew nut,Kg,0.2,150.0,0.0,0.0,0.0,0.0,0.2,150.0
2023-08,Local Purchase-LED Bulb 9w,kg,0.0,0.0,2.0,150.0,0.0,0.0,2.0,150.0
2023-08,Local Purchase-Steel Spoon Big,Nos,0.0,0.0,6.0,150.0,0.0,0.0,6.0,150.0
2023-08,mbS Traders-micro 27x30,pkt,0.0,0.0,1.0,150.0,0.0,0.0,1.0,150.0
2023-08,five Star Traders-Tandoori Chicken Masala,Rs,0.0,0.0,2.0,148.0,0.0,0.0,2.0,148.0
2023-08,Butter Scotch Sauce 750ml,Grams,800.8,147.35,0.0,0.0,0.0,0.0,800.8,147.35
2023-08,French Fries 9mm-Funwave,Kg,1.0,145.6,0.0,0.0,0.0,0.0,1.0,145.6
2023-08,Chilly Flakes,pkt,0.0,0.0,1.0,143.85,0.0,0.0,1.0,143.85
2023-08,Slice Mango 250ml pet,Nos,8.0,141.36,0.0,0.0,0.0,0.0,8.0,141.36
2023-08,mbS Traders-Micro 20x26,Rs,0.0,0.0,1.0,140.0,0.0,0.0,1.0,140.0
2023-08,mbS Traders-micro 10x14,pkt,0.0,0.0,1.0,140.0,0.0,0.0,1.0,140.0
2023-08,mbS Traders-paper glass,Nos,0.0,0.0,2.0,140.0,0.0,0.0,2.0,140.0
2023-08,Bio-Bag-13x16-90,Kg,0.6,138.0,0.0,0.0,0.0,0.0,0.6,138.0
2023-08,Local Purchase-egg,Rs,0.0,0.0,23.0,138.0,0.0,0.0,23.0,138.0
2023-08,Mango Crush Sauce 750ml Malas,Nos,1.0,138.32,0.0,0.0,0.0,0.0,1.0,138.32
2023-08,Pasta-Gomiti Rigatte,100Nos,0.0,0.0,2.0,136.01,0.0,0.0,2.0,136.01
2023-08,Puramate Pasta-Penne Rigatte 500g,Kg,5.5,748.0,0.0,0.0,4.5,612.0,1.0,136.0
2023-08,Micro 13x16,Nos,38.0,133.0,0.0,0.0,0.0,0.0,38.0,133.0
2023-08,five Star Traders-black papper,Rs,0.0,0.0,0.2,128.0,0.0,0.0,0.0,128.0
2023-08,I square-V3 Pin Cable,kg,0.0,0.0,1.0,120.0,0.0,0.0,1.0,120.0
2023-08,Local Purchase-Steel Spoon Small,pkt,0.0,0.0,6.0,120.0,0.0,0.0,6.0,120.0
2023-08,Local Purchase-paper plate,Rs,0.0,0.0,1.0,120.0,0.0,0.0,1.0,120.0
2023-08,mbS Traders-Cling Film,Nos,0.0,0.0,1.0,120.0,0.0,0.0,1.0,120.0
2023-08,Local Purchase-atta,Nos,0.0,0.0,3.0,117.0,0.0,0.0,3.0,117.0
2023-08,Local Purchase-atta,Rs,0.0,0.0,3.0,117.0,0.0,0.0,3.0,117.0
2023-08,Mc Cain Potato Wedges 2.5kg,Kg,0.6,115.58,0.0,0.0,0.0,0.0,0.6,115.58
2023-08,Papper carry bag large,Nos,45.0,517.5,0.0,0.0,35.0,402.5,10.0,115.0
2023-08,cello tape,Nos,5.0,115.0,0.0,0.0,0.0,0.0,5.0,115.0
2023-08,Local Purchase-milk Milma,kg,0.0,0.0,4.0,112.0,0.0,0.0,4.0,112.0
2023-08,Local Purchase-milk milma,kg,0.0,0.0,4.0,112.0,0.0,0.0,4.0,112.0
2023-08,Local Purchase-milk milma,ltr,0.0,0.0,4.0,112.0,0.0,0.0,4.0,112.0
2023-08,Local Purchase-voucher,Rs,0.0,0.0,2.0,112.0,0.0,0.0,2.0,112.0
2023-08,five Star Traders-Chilly Powder,Nos,0.0,0.0,0.5,110.0,0.0,0.0,1.0,110.0
2023-08,Black pepper,Kg,0.2,108.0,0.0,0.0,0.0,0.0,0.2,108.0
2023-08,Pasta Container Black,Nos,61.0,550.22,0.0,0.0,49.0,441.98,12.0,108.24000000000001
2023-08,Tissue-Energy-Big,Pkt,6.0,108.0,0.0,0.0,0.0,0.0,6.0,108.0
2023-08,Strawberry sause 750,Grams,500.0,106.67,0.0,0.0,0.0,0.0,500.0,106.67
2023-08,Malas Chocolate Sauce 5 ltr,Ltr,4.0,848.01,0.0,0.0,3.5,742.01,0.5,106.0
2023-08,Local Purchase-Curd Milma,Rs,0.0,0.0,3.0,105.0,0.0,0.0,3.0,105.0
2023-08,Wooden Fork-160mm,Nos,100.0,105.0,0.0,0.0,0.0,0.0,100.0,105.0
2023-08,butter papper,Nos,30.0,105.0,0.0,0.0,0.0,0.0,30.0,105.0
2023-08,Local Purchase-milk Milma Toned,kg,0.0,0.0,4.0,104.0,0.0,0.0,4.0,104.0
2023-08,plastic cover-HM- 5kg,Kg,0.6,102.0,0.0,0.0,0.0,0.0,0.6,102.0
2023-08,Local Purchase-Baloon,ltr,0.0,0.0,40.0,100.0,0.0,0.0,40.0,100.0
2023-08,Local Purchase-Ice-Cube,Rs,0.0,0.0,100.0,100.0,0.0,0.0,100.0,100.0
2023-08,Satheesh-Waste Collection,pkt,0.0,0.0,100.0,100.0,0.0,0.0,100.0,100.0
2023-08,Royal HyperMarket-Hersheys Chocolate syrup,Nos,0.0,0.0,1.0,99.0,0.0,0.0,1.0,99.0
2023-08,Royal HyperMarket-Hersheys Cocoa powder,Nos,0.0,0.0,1.0,99.0,0.0,0.0,1.0,99.0
2023-08,Local Purchase-Egg,pkt,0.0,0.0,15.0,90.0,0.0,0.0,15.0,90.0
2023-08,Royal HyperMarket-Corn Meal,Nos,0.0,0.0,1.0,90.0,0.0,0.0,1.0,90.0
2023-08,mbS Traders-tissue Big size,pkt,0.0,0.0,5.0,90.0,0.0,0.0,5.0,90.0
2023-08,Masoor-Red,Kg,1.2,96.0,0.0,0.0,0.1,8.0,1.0999999999999999,88.0
2023-08,Aqua Fina Mineral Water 1Ltr,Nos,24.0,335.98,0.0,0.0,18.0,251.99,6.0,83.99000000000001
2023-08,Local Purchase-SR200 Grip Plus,kg,0.0,0.0,1.0,80.0,0.0,0.0,1.0,80.0
2023-08,cake lakes-Sugar Ball,pkt,0.0,0.0,1.0,80.0,0.0,0.0,1.0,80.0
2023-08,plastic Cover-1kg,Kg,0.5,80.0,0.0,0.0,0.0,0.0,0.5,80.0
2023-08,Puramate Basil 250g Pouch,Grams,100.0,78.0,0.0,0.0,0.0,0.0,100.0,78.0
2023-08,Milk Maid 400ml,Ltr,0.25,76.88,0.0,0.0,0.0,0.0,0.25,76.88
2023-08,Local Purchase-cashew nut,kg,0.0,0.0,0.1,75.0,0.0,0.0,0.0,75.0
2023-08,five Star Traders-cashew nut,kg,0.0,0.0,0.1,75.0,0.0,0.0,0.0,75.0
2023-08,mbS Traders-jumbo cover,Rs,0.0,0.0,1.0,75.0,0.0,0.0,1.0,75.0
2023-08,Corn Meal - MAKKA RAVA,Kg,0.8,72.0,0.0,0.0,0.0,0.0,0.8,72.0
2023-08,Local Purchase-egg,kg,0.0,0.0,12.0,72.0,0.0,0.0,12.0,72.0
2023-08,Local Purchase-Note Book,pkt,0.0,0.0,2.0,70.0,0.0,0.0,2.0,70.0
2023-08,five Star Traders-Turmeric powder,pkt,0.0,0.0,0.5,70.0,0.0,0.0,1.0,70.0
2023-08,five Star Traders-jeerakam,pkt,0.0,0.0,0.1,70.0,0.0,0.0,0.0,70.0
2023-08,Lehar Soda,Nos,34.0,559.64,0.0,0.0,30.0,493.8,4.0,65.83999999999997
2023-08,Baby Corn Whole-450GM-Golden Crown,Nos,10.0,650.0,0.0,0.0,9.0,585.0,1.0,65.0
2023-08,Tandoori Chicken Masala-Bakers,Nos,1.0,65.0,0.0,0.0,0.0,0.0,1.0,65.0
2023-08,five Star Traders-Coriander Powder,Nos,0.0,0.0,0.5,65.0,0.0,0.0,1.0,65.0
2023-08,Paper Plates,Nos,64.0,64.0,0.0,0.0,0.0,0.0,64.0,64.0
2023-08,Transportation-vegitables,Rs,0.0,0.0,60.0,60.0,0.0,0.0,60.0,60.0
2023-08,badam,Kg,0.08,60.0,0.0,0.0,0.0,0.0,0.08,60.0
2023-08,Dip Bowl,Nos,70.0,206.5,0.0,0.0,50.0,147.5,20.0,59.0
2023-08,Local Purchase-milk milma,Nos,0.0,0.0,2.0,56.0,0.0,0.0,2.0,56.0
2023-08,Local Purchase-voucher,Nos,0.0,0.0,1.0,56.0,0.0,0.0,1.0,56.0
2023-08,Dew 500ml Pet,Nos,10.0,250.0,0.0,0.0,9.0,195.03,1.0,54.97
2023-08,five Star Traders-Chilly Powder,kg,0.0,0.0,0.25,55.0,0.0,0.0,0.0,55.0
2023-08,mbS Traders-Vilakenna,Nos,0.0,0.0,0.5,55.0,0.0,0.0,1.0,55.0
2023-08,five Star Traders-Soya chunk,Rs,0.0,0.0,0.5,54.0,0.0,0.0,1.0,54.0
2023-08,Micro 27x30,Nos,7.0,52.5,0.0,0.0,0.0,0.0,7.0,52.5
2023-08,Chilli Flakes-Tasty Pixel-Veeba-Sachet-0.8g,Nos,96.0,50.8,0.0,0.0,0.0,0.0,96.0,50.8
2023-08,Local Purchase-Baloon,Rs,0.0,0.0,20.0,50.0,0.0,0.0,20.0,50.0
2023-08,mbS Traders-agarbatti,pkt,0.0,0.0,1.0,50.0,0.0,0.0,1.0,50.0
2023-08,mbS Traders-exo dishwash cake,Rs,0.0,0.0,10.0,50.0,0.0,0.0,10.0,50.0
2023-08,Local Purchase-Egg,Nos,0.0,0.0,8.0,48.0,0.0,0.0,8.0,48.0
2023-08,Local Purchase-Egg,kg,0.0,0.0,8.0,48.0,0.0,0.0,8.0,48.0
2023-08,Local Purchase-Egg,ltr,0.0,0.0,8.0,48.0,0.0,0.0,8.0,48.0
2023-08,egg,Nos,8.0,48.0,0.0,0.0,0.0,0.0,8.0,48.0
2023-08,Black Grapes,Kg,0.1,45.0,0.0,0.0,0.0,0.0,0.1,45.0
2023-08,Jumbo Cover-Blue,Nos,0.5,45.0,0.0,0.0,0.0,0.0,0.5,45.0
2023-08,Paper Straw Big,Pkt,1.0,45.0,0.0,0.0,0.0,0.0,1.0,45.0
2023-08,five Star Traders-tea loose,cylinder,0.0,0.0,0.25,45.0,0.0,0.0,0.0,45.0
2023-08,Local Purchase-egg,ltr,0.0,0.0,7.0,42.0,0.0,0.0,7.0,42.0
2023-08,Local Purchase-Baloon Handle,Rs,0.0,0.0,20.0,40.0,0.0,0.0,20.0,40.0
2023-08,Local Purchase-Baloon Handle,ltr,0.0,0.0,29.0,40.0,0.0,0.0,29.0,40.0
2023-08,Local Purchase-Stick,Rs,0.0,0.0,20.0,40.0,0.0,0.0,20.0,40.0
2023-08,Local Purchase-agarbatti,Rs,0.0,0.0,1.0,40.0,0.0,0.0,1.0,40.0
2023-08,Phoenix Ice Cubes-ice cubes,Rs,0.0,0.0,1.0,40.0,0.0,0.0,1.0,40.0
2023-08,Wooden Spoon-160mm,Nos,170.0,212.5,0.0,0.0,140.0,175.0,30.0,37.5
2023-08,Local Purchase-Egg,Rs,0.0,0.0,6.0,36.0,0.0,0.0,6.0,36.0
2023-08,Local Purchase-Curd Milma,kg,0.0,0.0,1.0,35.0,0.0,0.0,1.0,35.0
2023-08,Local Purchase-kadala,Rs,0.0,0.0,0.5,35.0,0.0,0.0,1.0,35.0
2023-08,five Star Traders-Coriander Powder,pkt,0.0,0.0,0.25,35.0,0.0,0.0,0.0,35.0
2023-08,five Star Traders-kadala,Nos,0.0,0.0,0.5,35.0,0.0,0.0,1.0,35.0
2023-08,mbS Traders-paper straw small,Nos,0.0,0.0,1.0,35.0,0.0,0.0,1.0,35.0
2023-08,mbS Traders-paper straw small,Rs,0.0,0.0,1.0,35.0,0.0,0.0,1.0,35.0
2023-08,Paper Glass,Nos,138.0,124.2,0.0,0.0,100.0,90.0,38.0,34.2
2023-08,Cherry,Kg,0.1,30.0,0.0,0.0,0.0,0.0,0.1,30.0
2023-08,Chilli Powder Loose,Kg,0.15,30.0,0.0,0.0,0.0,0.0,0.15,30.0
2023-08,Ice cube,Pkt,1.0,30.0,0.0,0.0,0.0,0.0,1.0,30.0
2023-08,Local Purchase-Soya chunk,pkt,0.0,0.0,1.0,30.0,0.0,0.0,1.0,30.0
2023-08,Transportation-vegitables,kg,0.0,0.0,30.0,30.0,0.0,0.0,30.0,30.0
2023-08,five Star Traders-soap powder,pkt,0.0,0.0,0.5,30.0,0.0,0.0,1.0,30.0
2023-08,mbS Traders-Cherry,Rs,0.0,0.0,0.1,30.0,0.0,0.0,0.0,30.0
2023-08,Exo Dishwash cake,Nos,6.0,28.8,0.0,0.0,0.0,0.0,6.0,28.8
2023-08,Local Purchase-Chicken Masala,Rs,0.0,0.0,1.0,28.0,0.0,0.0,1.0,28.0
2023-08,Local Purchase-whole chilli,Nos,0.0,0.0,0.1,28.0,0.0,0.0,0.0,28.0
2023-08,Micro 10x13,Kg,0.2,28.0,0.0,0.0,0.0,0.0,0.2,28.0
2023-08,Berry Fresh Chicku Pulp,Tin,1.4,378.0,0.0,0.0,1.3,351.0,0.09999999999999987,27.0
2023-08,Papper carry bag small,Nos,50.0,400.0,0.0,0.0,47.0,376.0,3.0,24.0
2023-08,Local Purchase-Mint,pkt,0.0,0.0,0.1,20.0,0.0,0.0,0.0,20.0
2023-08,Local Purchase-lighter,Nos,0.0,0.0,2.0,20.0,0.0,0.0,2.0,20.0
2023-08,Local Purchase-pen,kg,0.0,0.0,2.0,20.0,0.0,0.0,2.0,20.0
2023-08,five Star Traders-horlicks,pkt,0.0,0.0,4.0,20.0,0.0,0.0,4.0,20.0
2023-08,five Star Traders-salt powder,cylinder,0.0,0.0,2.0,20.0,0.0,0.0,2.0,20.0
2023-08,Hersheys Syrup-200grm,Grams,40.0,18.8,0.0,0.0,0.0,0.0,40.0,18.8
2023-08,Coriander Powder-loose,Kg,0.1,16.0,0.0,0.0,0.0,0.0,0.1,16.0
2023-08,Wooden Spoon-140mm,Nos,20.0,15.6,0.0,0.0,0.0,0.0,20.0,15.6
2023-08,Local Purchase-cockroach chalk,Nos,0.0,0.0,1.0,15.0,0.0,0.0,1.0,15.0
2023-08,A.N.A Agencies-screw,pkt,0.0,0.0,6.0,12.0,0.0,0.0,6.0,12.0
2023-08,Paper Straw,Nos,30.0,10.5,0.0,0.0,0.0,0.0,30.0,10.5
2023-08,Salt Powder,Pkt,1.0,10.0,0.0,0.0,0.0,0.0,1.0,10.0
2023-08,labour Charges-Union Charges,Nos,0.0,0.0,10.0,10.0,0.0,0.0,10.0,10.0
2023-08,labour Charges-Union Charges,pkt,0.0,0.0,10.0,10.0,0.0,0.0,10.0,10.0
2023-08,labour Charges-maida,Rs,0.0,0.0,10.0,10.0,0.0,0.0,10.0,10.0
2023-08,Local Purchase-Pen,Nos,0.0,0.0,2.0,8.0,0.0,0.0,2.0,8.0
2023-08,Sugar-Loose,Kg,0.8,30.4,0.0,0.0,0.6,22.8,0.20000000000000007,7.599999999999998
2023-08,Vineger,Ltr,0.1,4.2,0.0,0.0,0.0,0.0,0.1,4.2
2023-08,Chettinad Mix,Kg,0.35,227.85,0.0,0.0,0.35,227.85,0.0,0.0
2023-08,Chilli Flakes-Puramate-400grm,Kg,0.3,107.88,0.0,0.0,0.3,107.89,0.0,-0.010000000000005116
2023-08,DVC Mixed Berry Beverage Blend Syrup 750 ml,Nos,1.0,764.64,0.0,0.0,1.0,764.64,0.0,0.0
2023-08,GO-Monterey Jack Cheese-2kg,Kg,1.3,793.01,0.0,0.0,1.3,793.01,0.0,0.0
2023-08,Neo Black Sliced Olives,Tin,3.0,1878.24,0.0,0.0,3.0,1878.24,0.0,0.0
2023-08,Strawberry-Ice cream,Pkt,1.0,502.0,0.0,0.0,1.0,502.0,0.0,0.0
2023-08,Tea Loose,Kg,0.1,18.0,0.0,0.0,0.1,18.0,0.0,0.0
2023-08,Paper Straw Big,Nos,0.0,0.0,0.0,0.0,10.0,4.5,-10.0,-4.5
2023-08,Paper Straw Small,Nos,0.0,0.0,0.0,0.0,15.0,5.25,-15.0,-5.25
2023-08,Sugar,Kg,0.0,0.0,0.0,0.0,0.5,19.5,-0.5,-19.5
2023-08,KT Coriander 1kg,Kg,0.0,0.0,0.0,0.0,0.1,21.5,-0.1,-21.5
2023-08,Salt-sprinkle-powder,Pkt,0.0,0.0,0.0,0.0,2.0,24.0,-2.0,-24.0
2023-08,Turmeric Powder-loose,Kg,0.1,13.2,0.0,0.0,0.3,39.6,-0.19999999999999998,-26.400000000000002
2023-08,Jeerakham - Loose,Kg,0.05,30.0,0.0,0.0,0.1,60.0,-0.05,-30.0
2023-08,Chicken Nuggets-Godrej-1kg,Kg,1.6,512.0,0.0,0.0,1.7,544.0,-0.09999999999999987,-32.0
2023-08,Corn Meal - Chola Rava,Pkt,0.0,0.0,0.0,0.0,0.5,40.0,-0.5,-40.0
2023-08,Tissue Big,Pkt,0.0,0.0,0.0,0.0,2.0,40.0,-2.0,-40.0
2023-08,Milk,Pkt,0.0,0.0,0.0,0.0,2.0,50.0,-2.0,-50.0
2023-08,Mustard-Oil,Ltr,0.15,31.5,0.0,0.0,0.4,84.0,-0.25,-52.5
2023-08,Salad Bowl 250ml,Nos,73.0,429.97,0.0,0.0,82.0,482.98,-9.0,-53.00999999999999
2023-08,Hersheys Cocoa-70grm,Pkt,0.4,39.6,0.0,0.0,1.0,99.0,-0.6,-59.4
2023-08,Tandoori Masala,Kg,0.0,0.0,0.0,0.0,0.2,75.04,-0.2,-75.04
2023-08,Berry Fresh Banana Pulp,Tin,1.0,270.0,0.0,0.0,1.3,351.0,-0.30000000000000004,-81.0
2023-08,Strawberry sause 750,Nos,0.0,0.0,0.0,0.0,0.6,96.0,-0.6,-96.0
2023-08,Butter Scotch Sauce 750ml,Nos,0.0,0.0,0.0,0.0,0.7,96.6,-0.7,-96.6
2023-08,Chilly Powder 1kg-Eastern,Kg,0.0,0.0,0.0,0.0,0.3,99.0,-0.3,-99.0
2023-08,Vanilla Ice-cream,Kg,2.1,519.27,0.0,0.0,2.5,618.18,-0.3999999999999999,-98.90999999999997
2023-08,Schezwan Mix,Kg,0.0,0.0,0.0,0.0,0.3,105.0,-0.3,-105.0
2023-08,Veeba Eggless Mayonise Chef 1KG,Kg,0.0,0.0,0.0,0.0,1.0,140.0,-1.0,-140.0
2023-08,CHILLY FLAKES SACHET 0.8GM,Nos,0.0,0.0,0.0,0.0,200.0,146.67,-200.0,-146.67
2023-08,DVC BLUE OCCEAN FLV SYRUP 750ML,Nos,2.7,1319.0,0.0,0.0,3.0,1465.56,-0.2999999999999998,-146.55999999999995
2023-08,Slice Mango 600ml pet,Nos,9.0,309.42,0.0,0.0,14.0,481.32,-5.0,-171.89999999999998
2023-08,DVC Watermelon Syrup 750 ml,Kg,0.0,0.0,0.0,0.0,0.4,195.41,-0.4,-195.41
2023-08,Herb Mix Masla,Kg,4.6,2112.32,0.0,0.0,5.05,2318.96,-0.4500000000000002,-206.63999999999987
2023-08,Veeba Tandoori Spread-1kg,Kg,0.0,0.0,0.0,0.0,1.0,217.0,-1.0,-217.0
2023-08,Dried Yeast,Pkt,0.0,0.0,0.0,0.0,1.4,237.99,-1.4,-237.99
2023-08,Chicken Kheema  Masala,Kg,0.6,390.6,0.0,0.0,1.1,716.1,-0.5000000000000001,-325.5
2023-08,Chicken Sausage,Kg,0.0,0.0,0.0,0.0,1.0,345.0,-1.0,-345.0
2023-08,DVC Bubblegum Syrup Syrup 750 ml,Kg,0.0,0.0,0.0,0.0,0.8,390.82,-0.8,-390.82
2023-08,OREGANO SACHET 0.8GM,Pkt,8.0,1760.0,0.0,0.0,10.0,2200.0,-2.0,-440.0
2023-08,Dew 250ml Can,Nos,7.0,210.0,0.0,0.0,22.0,660.0,-15.0,-450.0
2023-08,Salad Bowl 500ml,Nos,38.0,275.88,0.0,0.0,100.0,726.0,-62.0,-450.12
2023-08,Paneer,Kg,2.0,580.0,0.0,0.0,3.6,1044.0,-1.6,-464.0
2023-08,DVC Cucumber Syrup 750 ml,Kg,0.0,0.0,0.0,0.0,1.0,488.52,-1.0,-488.52
2023-08,DVC Peach Garden Syrup Syrup 750 ml,Kg,0.0,0.0,0.0,0.0,1.0,488.52,-1.0,-488.52
2023-08,DVC Strawberry Syrup Syrup 750 ml,Kg,0.0,0.0,0.0,0.0,1.0,488.52,-1.0,-488.52
2023-08,DVC Mango Beverage Blend Syrup 750 ml,Kg,0.0,0.0,0.0,0.0,0.8,509.76,-0.8,-509.76
2023-08,Pineapple slice-Tajir Habit-500g,Nos,0.0,0.0,0.0,0.0,5.0,525.0,-5.0,-525.0
2023-08,TAJIR JALAPENO SLICES 2.5 KG,Nos,0.0,0.0,0.0,0.0,2.0,570.0,-2.0,-570.0
2023-08,French Fries 6mm-Funwave,Kg,0.0,0.0,0.0,0.0,4.0,574.39,-4.0,-574.39
2023-08,Mirinda 750ml pet,Nos,7.0,240.66,0.0,0.0,24.0,825.12,-17.0,-584.46
2023-08,Slice Mango 200ml pet,Nos,0.0,0.0,0.0,0.0,34.0,600.67,-34.0,-600.67
2023-08,Zippy Chicken Salami,Kg,0.0,0.0,0.0,0.0,2.0,624.96,-2.0,-624.96
2023-08,7up 250ml Pet,Nos,33.0,577.5,0.0,0.0,69.0,1207.5,-36.0,-630.0
2023-08,Veeba Ketchup Sachet,Pkt,0.0,0.0,0.0,0.0,8.0,639.92,-8.0,-639.92
2023-08,Veeba Makhani Gravy 1KG,Kg,0.0,0.0,0.0,0.0,3.0,645.12,-3.0,-645.12
2023-08,Garlic Chilli Spread,Kg,1.0,162.0,0.0,0.0,5.0,810.0,-4.0,-648.0
2023-08,Pizza sauce premix,Kg,2.9,898.28,0.0,0.0,5.0,1548.75,-2.1,-650.47
2023-08,Chocolate Ice-cream,Kg,0.5,175.0,0.0,0.0,2.5,875.0,-2.0,-700.0
2023-08,Frozen Sweet Corn,Pkt,0.0,0.0,0.0,0.0,6.0,750.0,-6.0,-750.0
2023-08,Paneer Tikka Butter Masala,Pkt,0.0,0.0,0.0,0.0,2.0,772.8,-2.0,-772.8
2023-08,Veeba Chilli Flakes Seasoning(8G),Nos,0.0,0.0,0.0,0.0,6.0,793.8,-6.0,-793.8
2023-08,Dew 250ml Pet,Nos,4.0,70.0,0.0,0.0,58.0,899.0,-54.0,-829.0
2023-08,Tandoori mix Masala,Kg,0.0,0.0,0.0,0.0,2.0,828.8,-2.0,-828.8
2023-08,7UP 750ml Pet,Nos,31.0,1065.78,0.0,0.0,56.0,1925.28,-25.0,-859.5
2023-08,Dew 750ml Pet,Nos,0.0,0.0,0.0,0.0,26.0,893.88,-26.0,-893.88
2023-08,Tandoori mix Masala,Pkt,4.8,1989.12,0.0,0.0,7.0,2900.8,-2.2,-911.6800000000003
2023-08,Palm Oil - Refined Oil,Ltr,0.0,0.0,0.0,0.0,11.0,1078.0,-11.0,-1078.0
2023-08,Lamp Pepperoni,Kg,0.7,659.05,0.0,0.0,2.0,1883.0,-1.3,-1223.95
2023-08,Mc Cain Potato Wedges 2.5kg-Taha,Kg,0.0,0.0,0.0,0.0,6.6,1240.79,-6.6,-1240.79
2023-08,Flexi Cream Gold,Ltr,0.0,0.0,0.0,0.0,7.0,1362.9,-7.0,-1362.9
2023-08,Pepsi 750ml Pet,Nos,0.0,0.0,0.0,0.0,41.0,1409.58,-41.0,-1409.58
2023-08,Oregano Sprinkler 500g,Nos,0.0,0.0,0.0,0.0,6.0,1827.0,-6.0,-1827.0
2023-08,Veeba Pasta & Pizza Sauce 1KG,Kg,0.0,0.0,0.0,0.0,10.0,1900.0,-10.0,-1900.0
2023-08,DVC PASSION FRUIT FLV SYRUP 750ML,Ltr,0.0,0.0,0.0,0.0,3.0,1954.08,-3.0,-1954.08
2023-08,AMUL Mozzarella Cheese Block 1Kg,Pkt,0.0,0.0,0.0,0.0,7.0,2310.0,-7.0,-2310.0
2023-08,Mexican Masala,Pkt,0.0,0.0,0.0,0.0,6.0,2620.8,-6.0,-2620.8
2023-08,DVC MOJITO MINT 750ML,Nos,0.0,0.0,0.0,0.0,6.0,2931.12,-6.0,-2931.12
2023-08,Gas-LPG-IOCL,Nos,0.0,0.0,0.0,0.0,2.0,3600.0,-2.0,-3600.0
2023-08,French Fries 6mm,Pkt,0.0,0.0,0.0,0.0,26.0,9100.0,-26.0,-9100.0
2023-09,AMUL Mozzarella Diced 1Kg,Kg,0.0,0.0,60.0,28320.0,0.0,0.0,60.0,28320.0
2023-09,Boneless Chicken,Kg,0.0,0.0,86.65,23298.0,0.0,0.0,87.0,23298.0
2023-09,Gas-LPG-HPCL,Nos,0.0,0.0,9.0,14610.0,1.5,2355.0,7.5,12255.0
2023-09,French Fries 6mm,Pkt,26.0,9100.0,0.0,0.0,0.0,0.0,26.0,9100.0
2023-09,Maida(Porotta 50kg),Kg,0.0,0.0,250.0,10355.0,62.0,2554.4,188.0,7800.6
2023-09,MilkyMist-Mozzarella Cheese-shredded-2kg,Nos,0.0,0.0,12.0,10264.32,4.0,3421.44,8.0,6842.879999999999
2023-09,G.Crown Mushroom Slice 800g,Nos,46.0,4508.0,24.0,2352.0,20.0,1960.0,50.0,4900.0
2023-09,Palm Oil - Refined Oil,Pkt,0.0,0.0,45.0,3937.5,0.0,0.0,45.0,3937.5
2023-09,Gas-LPG-IOCL,Nos,2.0,3600.0,0.0,0.0,0.0,0.0,2.0,3600.0
2023-09,DVC MOJITO MINT 750ML,Nos,6.0,2931.12,0.0,0.0,0.0,0.0,6.0,2931.12
2023-09,Tandoori mix Masala,Pkt,7.0,2900.8,0.0,0.0,0.0,0.0,7.0,2900.8
2023-09,Onion-Veg,Kg,0.0,0.0,80.0,2720.0,0.0,0.0,80.0,2720.0
2023-09,Pepsi 750ml Pet,Case,0.0,0.0,3.0,2475.33,0.0,0.0,3.0,2475.33
2023-09,AMUL Mozzarella Cheese Block 1Kg,Pkt,7.0,2310.0,0.0,0.0,0.0,0.0,7.0,2310.0
2023-09,OREGANO SACHET 0.8GM,Pkt,10.0,2200.0,8.0,1760.0,8.0,1760.0,10.0,2200.0
2023-09,Tomato-Veg,Kg,0.0,0.0,101.0,2183.0,0.0,0.0,101.0,2183.0
2023-09,Pepsi 250ml Pet,Case,0.0,0.0,4.0,2100.0,0.0,0.0,4.0,2100.0
2023-09,Palm Oil - Refined Oil,Ltr,11.0,1078.0,10.0,980.0,0.0,0.0,21.0,2058.0
2023-09,CHILLY FLAKES SACHET 0.8GM,Nos,200.0,146.67,2500.0,1833.33,0.0,0.0,2700.0,1980.0
2023-09,Veeba Pasta & Pizza Sauce 1KG,Kg,10.0,1900.0,0.0,0.0,0.0,0.0,10.0,1900.0
2023-09,Dried Yeast,Pkt,1.4,237.99,13.0,2209.87,3.3,560.97,11.100000000000001,1886.8899999999996
2023-09,Oregano Sprinkler 500g,Nos,6.0,1827.0,0.0,0.0,0.0,0.0,6.0,1827.0
2023-09,HABIT JALAPENO SLICES 2.9 KG,Nos,0.0,0.0,6.0,1774.08,0.0,0.0,6.0,1774.08
2023-09,Veeba Gouda Flavoured Dressing,Kg,4.0,860.16,4.0,860.16,0.0,0.0,8.0,1720.32
2023-09,Dew 750ml Pet,Case,0.0,0.0,2.0,1650.22,0.0,0.0,2.0,1650.22
2023-09,Processed cheese block,Kg,3.0,1650.0,0.0,0.0,0.0,0.0,3.0,1650.0
2023-09,Milk,Pkt,2.0,50.0,53.0,1448.0,3.0,84.0,52.0,1414.0
2023-09,7UP 1250ml Pet,Case,0.0,0.0,2.0,1390.08,0.0,0.0,2.0,1390.08
2023-09,Pepsi 1250ml Pet,Case,0.0,0.0,2.0,1390.08,0.0,0.0,2.0,1390.08
2023-09,7UP 750ml Pet,Nos,56.0,1925.28,0.0,0.0,16.0,550.08,40.0,1375.1999999999998
2023-09,Flexi Cream Gold,Ltr,7.0,1362.9,0.0,0.0,0.0,0.0,7.0,1362.9
2023-09,Veeba Ketchup Sachet,Pkt,8.0,639.92,13.0,1039.87,4.0,319.96,17.0,1359.83
2023-09,JIVO Pomace Olive Oil ,Nos,0.0,0.0,4.0,1340.04,0.0,0.0,4.0,1340.04
2023-09,Veeba Pasta & Pizza Sauce 1KG,Nos,0.0,0.0,36.0,5898.96,28.0,4588.08,8.0,1310.88
2023-09,Mc Cain Potato Wedges 2.5kg-Taha,Kg,6.6,1240.79,0.0,0.0,0.0,0.0,6.6,1240.79
2023-09,Lamp Pepperoni,Kg,2.0,1883.0,0.0,0.0,0.7,659.05,1.3,1223.95
2023-09,Milkymist Cheese BLock 1KG,Pkt,0.0,0.0,2.0,1100.0,0.0,0.0,2.0,1100.0
2023-09,Capcicum-Veg,Kg,0.0,0.0,16.1,1094.8,0.0,0.0,16.0,1094.8
2023-09,7up 250ml Pet,Case,0.0,0.0,2.0,1050.0,0.0,0.0,2.0,1050.0
2023-09,Lemon-Veg,Kg,0.0,0.0,7.45,1043.0,0.0,0.0,7.0,1043.0
2023-09,Garlic-Veg,Kg,0.0,0.0,7.0,972.0,0.0,0.0,7.0,972.0
2023-09,staff rice,Kg,0.0,0.0,25.0,962.0,0.0,0.0,25.0,962.0
2023-09,Savoury Wedges 2.5 KG,Nos,0.0,0.0,2.0,940.0,0.0,0.0,2.0,940.0
2023-09,Zippy Chicken Salami,Pkt,0.0,0.0,3.0,937.44,0.0,0.0,3.0,937.44
2023-09,DEL POPCORN,Pkt,0.0,0.0,3.0,887.04,0.0,0.0,3.0,887.04
2023-09,Veeba T. Ketchup 1.2KG,Nos,4.0,420.0,4.0,420.0,0.0,0.0,8.0,840.0
2023-09,DVC PASSION FRUIT FLV SYRUP 750ML,Nos,0.0,0.0,2.0,828.0,0.0,0.0,2.0,828.0
2023-09,Herb Mix Masla,Kg,5.05,2318.96,0.0,0.0,3.25,1492.4,1.7999999999999998,826.56
2023-09,7UP 750ml Pet,Case,0.0,0.0,1.0,825.11,0.0,0.0,1.0,825.11
2023-09,BBQ Mix Masala,Kg,6.0,2654.4,0.0,0.0,4.2,1858.08,1.7999999999999998,796.3200000000002
2023-09,Veeba Chilli Flakes Seasoning(8G),Nos,6.0,793.8,0.0,0.0,0.0,0.0,6.0,793.8
2023-09,GO-Monterey Jack Cheese-2kg,Kg,1.3,793.01,0.0,0.0,0.0,0.0,1.3,793.01
2023-09,Flexi Cream Gold,Pkt,0.0,0.0,4.0,778.8,0.0,0.0,4.0,778.8
2023-09,Paneer Tikka Butter Masala,Pkt,2.0,772.8,0.0,0.0,0.0,0.0,2.0,772.8
2023-09,butter,Kg,3.0,1140.0,2.0,760.0,3.0,1140.0,2.0,760.0
2023-09,Paneer,Kg,3.6,1044.0,2.0,580.0,3.0,870.0,2.5999999999999996,754.0
2023-09,Frozen Sweet Corn,Pkt,6.0,750.0,0.0,0.0,0.0,0.0,6.0,750.0
2023-09,egg,Nos,0.0,0.0,125.0,750.0,0.0,0.0,125.0,750.0
2023-09,Malas Chocolate Sauce 5 ltr,Ltr,3.5,742.01,0.0,0.0,0.0,0.0,3.5,742.01
2023-09,7up 250ml can,Case,0.0,0.0,1.0,720.0,0.0,0.0,1.0,720.0
2023-09,Potato-Veg,Kg,0.0,0.0,22.0,704.0,0.0,0.0,22.0,704.0
2023-09,Butter Scotch Ice-cream,Kg,2.0,702.73,0.0,0.0,0.0,0.0,2.0,702.73
2023-09,Veeba Eggless Mayonise Chef 1KG,Nos,0.0,0.0,5.0,700.0,0.0,0.0,5.0,700.0
2023-09,Mirinda 750ml pet,Nos,24.0,825.12,0.0,0.0,4.0,137.52,20.0,687.6
2023-09,Veeba Makhani Gravy 1KG,Kg,3.0,645.12,0.0,0.0,0.0,0.0,3.0,645.12
2023-09,Brocoli,Kg,0.0,0.0,2.45,637.0,0.0,0.0,2.0,637.0
2023-09,Neo Black Sliced Olives,Tin,3.0,1878.24,0.0,0.0,2.0,1252.16,1.0,626.0799999999999
2023-09,Vanilla Ice-cream,Kg,2.5,618.18,0.0,0.0,0.0,0.0,2.5,618.18
2023-09,Puramate Pasta-Penne Rigatte 500g,Kg,4.5,612.0,0.0,0.0,0.0,0.0,4.5,612.0
2023-09,Slice Mango 200ml pet,Nos,34.0,600.67,0.0,0.0,0.0,0.0,34.0,600.67
2023-09,DVC PASSION FRUIT FLV SYRUP 750ML,Ltr,3.0,1954.08,0.0,0.0,2.1,1367.86,0.8999999999999999,586.22
2023-09,French Fries 6mm-Funwave,Kg,4.0,574.39,0.0,0.0,0.0,0.0,4.0,574.39
2023-09,Chicken Nuggets-Godrej-1kg,Kg,1.7,544.0,0.0,0.0,0.0,0.0,1.7,544.0
2023-09,Mirinda 250ml pet,Case,0.0,0.0,1.0,525.0,0.0,0.0,1.0,525.0
2023-09,Pineapple slice-Tajir Habit-500g,Nos,5.0,525.0,0.0,0.0,0.0,0.0,5.0,525.0
2023-09,Chicken Kheema  Masala,Kg,1.1,716.1,0.0,0.0,0.3,195.3,0.8,520.8
2023-09,GO Orange Cheddar Cheese 2kg,Kg,2.0,1133.0,0.0,0.0,1.1,623.15,0.8999999999999999,509.85
2023-09,Frozen Sweet Corn-Pal Fresh,Nos,0.0,0.0,5.0,495.0,0.0,0.0,5.0,495.0
2023-09,DVC Cucumber Syrup 750 ml,Kg,1.0,488.52,0.0,0.0,0.0,0.0,1.0,488.52
2023-09,DVC Peach Garden Syrup Syrup 750 ml,Kg,1.0,488.52,0.0,0.0,0.0,0.0,1.0,488.52
2023-09,DVC Strawberry Syrup Syrup 750 ml,Kg,1.0,488.52,0.0,0.0,0.0,0.0,1.0,488.52
2023-09,DVC Strawberry Syrup Syrup 750 ml,Nos,0.0,0.0,1.0,488.52,0.0,0.0,1.0,488.52
2023-09,Red yellow capsicum-isha Vegitable,Kg,0.0,0.0,2.0,480.0,0.0,0.0,2.0,480.0
2023-09,Pepsi 1250ml Pet,Nos,8.0,463.36,0.0,0.0,0.0,0.0,8.0,463.36
2023-09,Dew 250ml Pet,Nos,58.0,899.0,0.0,0.0,29.0,449.5,29.0,449.5
2023-09,DVC BLUE OCCEAN FLV SYRUP 750ML,Nos,3.0,1465.56,0.0,0.0,2.1,1025.89,0.8999999999999999,439.66999999999985
2023-09,Neo Red Paprika 3Kg,Nos,2.0,869.12,0.0,0.0,1.0,434.56,1.0,434.56
2023-09,Veeba Tandoori Spread-1kg,Nos,0.0,0.0,2.0,434.0,0.0,0.0,2.0,434.0
2023-09,Tissue,Pkt,0.0,0.0,22.0,496.0,3.0,84.0,19.0,412.0
2023-09,Papper carry bag large,Nos,35.0,402.5,0.0,0.0,0.0,0.0,35.0,402.5
2023-09,Lehar Soda,Case,0.0,0.0,1.0,395.04,0.0,0.0,1.0,395.04
2023-09,DVC Bubblegum Syrup Syrup 750 ml,Kg,0.8,390.82,0.0,0.0,0.0,0.0,0.8,390.82
2023-09,Pepsi 250ml Can,Nos,0.0,0.0,20.0,700.0,9.0,315.0,11.0,385.0
2023-09,DVC Green Apple 750 ML,Nos,2.0,977.04,1.0,414.0,2.1,1025.89,0.8999999999999999,365.14999999999986
2023-09,Berry Fresh Banana Pulp,Tin,1.3,351.0,0.0,0.0,0.0,0.0,1.3,351.0
2023-09,Berry Fresh Chicku Pulp,Tin,1.3,351.0,0.0,0.0,0.0,0.0,1.3,351.0
2023-09,POTATO POPS,Kg,0.0,0.0,1.5,304.0,0.0,0.0,2.0,304.0
2023-09,Veeba Ketchup Sachet,Nos,0.0,0.0,2400.0,1919.77,2028.0,1622.21,372.0,297.55999999999995
2023-09,Zippy  B.Fast Sausage ,Pkt,0.0,0.0,1.0,285.0,0.0,0.0,1.0,285.0
2023-09,Pineapple-Veg,Kg,0.0,0.0,3.95,284.4,0.0,0.0,4.0,284.4
2023-09,Corn Meal - MAKKA RAVA,Pkt,0.0,0.0,3.0,270.0,0.0,0.0,3.0,270.0
2023-09,Dew 250ml Can,Nos,22.0,660.0,0.0,0.0,13.0,390.0,9.0,270.0
2023-09,Aqua Fina Mineral Water 1Ltr,Nos,18.0,251.99,0.0,0.0,0.0,0.0,18.0,251.99
2023-09,Berry Fresh Tender Coconut Pulp,Tin,1.5,525.0,0.0,0.0,0.8,280.0,0.7,245.0
2023-09,Green Chilly-Veg,Kg,0.0,0.0,3.0,240.0,0.0,0.0,3.0,240.0
2023-09,Papper carry bag small,Nos,47.0,376.0,0.0,0.0,17.0,136.0,30.0,240.0
2023-09,Slice Mango 600ml pet,Nos,14.0,481.32,0.0,0.0,7.0,240.66,7.0,240.66
2023-09,Cauli Flower-veg,Kg,0.0,0.0,4.6,218.1,0.0,0.0,5.0,218.1
2023-09,Veeba Tandoori Spread-1kg,Kg,1.0,217.0,0.0,0.0,0.0,0.0,1.0,217.0
2023-09,milk,Pkt,0.0,0.0,8.0,212.0,0.0,0.0,8.0,212.0
2023-09,Wooden Fork-160mm,Pkt,0.0,0.0,2.0,210.0,0.0,0.0,2.0,210.0
2023-09,cashew,Kg,0.0,0.0,0.2,200.0,0.0,0.0,0.0,200.0
2023-09,Baby Corn Whole-450GM-Golden Crown,Nos,9.0,585.0,0.0,0.0,6.0,390.0,3.0,195.0
2023-09,DVC Watermelon Syrup 750 ml,Kg,0.4,195.41,0.0,0.0,0.0,0.0,0.4,195.41
2023-09,Dew 500ml Pet,Nos,9.0,195.03,0.0,0.0,0.0,0.0,9.0,195.03
2023-09,Atta-Tasty-pkt-1kg,Kg,0.0,0.0,3.5,185.5,0.0,0.0,4.0,185.5
2023-09,Jumbo Cover-Blue,Nos,0.0,0.0,2.0,180.0,0.0,0.0,2.0,180.0
2023-09,Parsely-Veg,Kg,0.0,0.0,0.4,169.6,0.0,0.0,0.0,169.6
2023-09,APIS Honey 1kg,Kg,0.5,163.8,0.0,0.0,0.0,0.0,0.5,163.8
2023-09,Atta Loose,Kg,0.0,0.0,4.0,164.0,0.0,0.0,4.0,164.0
2023-09,Garlic Chilli Spread,Kg,5.0,810.0,0.0,0.0,4.0,648.0,1.0,162.0
2023-09,Dip Bowl,Nos,50.0,147.5,0.0,0.0,0.0,0.0,50.0,147.5
2023-09,Puramate Pasta-Gomiti Rigate 500g,Nos,0.0,0.0,2.0,136.0,0.0,0.0,2.0,136.0
2023-09,Puramate Pasta-Penne Rigatte 500g,Pkt,0.0,0.0,10.0,680.0,8.0,544.0,2.0,136.0
2023-09,DVC Mango Beverage Blend Syrup 750 ml,Kg,0.8,509.76,0.0,0.0,0.6,382.32,0.20000000000000007,127.44
2023-09,Tandoori Masala,Kg,0.2,75.04,0.1,37.52,0.0,0.0,0.2,112.56
2023-09,Curd-Elanad-500ml,Pkt,0.0,0.0,4.0,112.0,0.0,0.0,4.0,112.0
2023-09,Chilli Flakes-Puramate-400grm,Kg,0.3,107.89,0.0,0.0,0.0,0.0,0.3,107.89
2023-09,Schezwan Mix,Kg,0.3,105.0,0.0,0.0,0.0,0.0,0.3,105.0
2023-09,Sugar-Loose,Kg,0.6,22.8,4.0,168.0,2.1,88.2,2.4999999999999996,102.60000000000001
2023-09,Bitter Guard-Veg,Kg,0.0,0.0,2.5,100.0,0.0,0.0,3.0,100.0
2023-09,Hersheys Cocoa-70grm,Pkt,1.0,99.0,0.0,0.0,0.0,0.0,1.0,99.0
2023-09,Butter Scotch Sauce 750ml,Nos,0.7,96.6,0.0,0.0,0.0,0.0,0.7,96.6
2023-09,Strawberry sause 750,Nos,0.6,96.0,0.0,0.0,0.0,0.0,0.6,96.0
2023-09,Wooden Spoon-160mm,Nos,140.0,175.0,0.0,0.0,65.0,81.25,75.0,93.75
2023-09,Paper Glass,Nos,100.0,90.0,0.0,0.0,0.0,0.0,100.0,90.0
2023-09,Paper Glass,Pkt,0.0,0.0,2.0,180.0,1.0,90.0,1.0,90.0
2023-09,Wooden Spoon,Pkt,0.0,0.0,1.0,90.0,0.0,0.0,1.0,90.0
2023-09,Mint-Veg,Kg,0.0,0.0,1.25,87.5,0.0,0.0,1.0,87.5
2023-09,butter papper,Nos,0.0,0.0,50.0,175.0,25.0,87.5,25.0,87.5
2023-09,Mustard-Oil,Ltr,0.4,84.0,0.0,0.0,0.0,0.0,0.4,84.0
2023-09,Catering Cap,Pkt,0.0,0.0,1.0,80.0,0.0,0.0,1.0,80.0
2023-09,Ginger-Veg,Kg,0.0,0.0,0.8,80.0,0.0,0.0,1.0,80.0
2023-09,Soya loose,Kg,0.0,0.0,0.5,64.0,0.0,0.0,1.0,64.0
2023-09,Cheera-veg,Kg,0.0,0.0,2.0,60.0,0.0,0.0,2.0,60.0
2023-09,Jeerakham - Loose,Kg,0.1,60.0,0.0,0.0,0.0,0.0,0.1,60.0
2023-09,7up 250ml Pet,Nos,69.0,1207.5,0.0,0.0,66.0,1155.0,3.0,52.5
2023-09,churanga,Kg,0.0,0.0,1.7,51.0,0.0,0.0,2.0,51.0
2023-09,Exo Dishwash cake,Nos,0.0,0.0,10.0,48.0,0.0,0.0,10.0,48.0
2023-09,Corn Meal - Chola Rava,Pkt,0.5,40.0,0.0,0.0,0.0,0.0,0.5,40.0
2023-09,Tissue Big,Pkt,2.0,40.0,0.0,0.0,0.0,0.0,2.0,40.0
2023-09,Curd-Elanad-500ml,Nos,0.0,0.0,1.0,35.0,0.0,0.0,1.0,35.0
2023-09,Paper Straw,Pkt,0.0,0.0,1.0,35.0,0.0,0.0,1.0,35.0
2023-09,Soap Powder-500g,Pkt,0.0,0.0,1.0,35.0,0.0,0.0,1.0,35.0
2023-09,brinjal-veg,Kg,0.0,0.0,1.0,30.0,0.0,0.0,1.0,30.0
2023-09,decoration-Baloon,Nos,0.0,0.0,15.0,30.0,0.0,0.0,15.0,30.0
2023-09,Chicken-Masala-Melam,Pkt,0.0,0.0,1.0,29.0,0.0,0.0,1.0,29.0
2023-09,Curd-Sheethal-400g,Pkt,0.0,0.0,1.0,28.0,0.0,0.0,1.0,28.0
2023-09,Salt-sprinkle-powder,Pkt,2.0,24.0,0.0,0.0,0.0,0.0,2.0,24.0
2023-09,Carrot-Veg,Kg,0.0,0.0,0.5,22.0,0.0,0.0,1.0,22.0
2023-09,KT Coriander 1kg,Kg,0.1,21.5,0.0,0.0,0.0,0.0,0.1,21.5
2023-09,Sugar,Kg,0.5,19.5,0.0,0.0,0.0,0.0,0.5,19.5
2023-09,Tea Loose,Kg,0.1,18.0,0.0,0.0,0.0,0.0,0.1,18.0
2023-09,Salad Bowl 500ml,Nos,100.0,726.0,0.0,0.0,98.0,711.48,2.0,14.519999999999982
2023-09,Masoor-Red,Kg,0.1,8.0,0.0,0.0,0.0,0.0,0.1,8.0
2023-09,Turmeric Powder-loose,Kg,0.3,39.6,0.0,0.0,0.24,31.68,0.06,7.920000000000002
2023-09,Paper Straw Small,Nos,15.0,5.25,0.0,0.0,0.0,0.0,15.0,5.25
2023-09,Aqua Fina Mineral Water 1Ltr,Case,0.0,0.0,2.0,335.98,2.0,335.98,0.0,0.0
2023-09,Black pepper,Kg,0.0,0.0,0.2,296.0,0.2,296.0,-0.2,0.0
2023-09,Chettinad Mix,Kg,0.35,227.85,0.0,0.0,0.35,227.85,0.0,0.0
2023-09,Chicken Sausage,Kg,1.0,345.0,0.0,0.0,1.0,345.0,0.0,0.0
2023-09,Chocolate Ice-cream,Kg,2.5,875.0,0.0,0.0,2.5,875.0,0.0,0.0
2023-09,DVC Mixed Berry Beverage Blend Syrup 750 ml,Nos,1.0,764.64,0.0,0.0,1.0,764.64,0.0,0.0
2023-09,DVC Watermelon Syrup 750 ml,Nos,0.0,0.0,1.0,488.52,1.0,488.52,0.0,0.0
2023-09,Green Peas,Kg,0.0,0.0,1.0,100.0,1.0,100.0,0.0,0.0
2023-09,Lehar Soda,Nos,30.0,493.8,0.0,0.0,30.0,493.8,0.0,0.0
2023-09,Paper Straw Small,Pkt,0.0,0.0,1.0,35.0,1.0,35.0,0.0,0.0
2023-09,Plastic Cover 16X20,Pkt,0.0,0.0,1.0,130.0,1.0,130.0,0.0,0.0
2023-09,Paper Straw Big,Nos,10.0,4.5,0.0,0.0,15.0,6.75,-5.0,-2.25
2023-09,Ice cube,Kg,0.0,0.0,0.0,0.0,2.0,20.0,-2.0,-20.0
2023-09,Salt-sprinkle-powder,Kg,0.0,0.0,0.0,0.0,2.0,24.0,-2.0,-24.0
2023-09,CHILLY FLAKES SACHET 0.8GM,Pkt,0.0,0.0,0.0,0.0,0.25,55.0,-0.25,-55.0
2023-09,Chilly Powder 1kg-Eastern,Kg,0.3,99.0,0.0,0.0,0.5,165.0,-0.2,-66.0
2023-09,Mango Crush Sauce 750ml Malas,Nos,0.0,0.0,0.0,0.0,0.5,69.16,-0.5,-69.16
2023-09,Bread Premix,Kg,2.6,614.25,0.0,0.0,2.9,685.13,-0.2999999999999998,-70.88
2023-09,Salad Bowl 250ml,Nos,82.0,482.98,0.0,0.0,95.0,559.55,-13.0,-76.56999999999994
2023-09,super Meal,Kg,0.0,0.0,0.0,0.0,2.0,80.0,-2.0,-80.0
2023-09,OREGANO SACHET 0.8GM,Nos,0.0,0.0,0.0,0.0,131.0,96.07,-131.0,-96.07
2023-09,Vanilla Ice-cream,Pkt,0.0,0.0,2.0,1088.0,2.2,1196.8,-0.20000000000000018,-108.79999999999995
2023-09,Plastic Cover 20X26,Pkt,0.0,0.0,0.0,0.0,1.0,140.0,-1.0,-140.0
2023-09,Veeba Eggless Mayonise Chef 1KG,Kg,1.0,140.0,12.0,1680.0,14.0,1960.0,-1.0,-140.0
2023-09,Berry Fresh Banana Pulp,Kg,0.0,0.0,0.0,0.0,1.0,180.0,-1.0,-180.0
2023-09,Plastic Cover 26X30,Pkt,0.0,0.0,0.0,0.0,1.0,180.0,-1.0,-180.0
2023-09,Plastic Cover 12X16,Pkt,0.0,0.0,0.0,0.0,1.5,210.0,-1.5,-210.0
2023-09,Veeba Makhani Gravy 1KG,Pkt,0.0,0.0,6.0,1290.24,7.0,1505.28,-1.0,-215.03999999999996
2023-09,Puramate Basil 250g Pouch,Grams,0.0,0.0,0.0,0.0,300.0,234.0,-300.0,-234.0
2023-09,French Fries 6mm-Funwave 2.5 KG,Kg,0.0,0.0,0.0,0.0,2.0,279.2,-2.0,-279.2
2023-09,TAJIR JALAPENO SLICES 2.5 KG,Nos,2.0,570.0,0.0,0.0,3.0,855.0,-1.0,-285.0
2023-09,DVC Bubblegum Syrup Syrup 750 ml,Nos,0.0,0.0,0.0,0.0,0.6,293.11,-0.6,-293.11
2023-09,French Fries 6mm-Funwave 2.5 KG,Nos,1.0,349.0,20.0,6980.0,22.0,7678.0,-1.0,-349.0
2023-09,Mini Burger Box,Nos,0.0,0.0,0.0,0.0,136.0,369.1,-136.0,-369.1
2023-09,7up 250ml Can,Nos,3.0,90.0,0.0,0.0,16.0,480.0,-13.0,-390.0
2023-09,roasted peanuts,Kg,0.0,0.0,0.25,135.0,1.0,540.0,-1.0,-405.0
2023-09,Veeba Gouda Flavoured Dressing,Nos,0.0,0.0,12.0,2580.48,14.0,3010.56,-2.0,-430.0799999999999
2023-09,Mirinda 250ml pet,Nos,2.0,35.0,0.0,0.0,27.0,472.5,-25.0,-437.5
2023-09,DVC Cucumber Syrup 750 ml,Nos,0.0,0.0,0.0,0.0,0.9,439.67,-0.9,-439.67
2023-09,DVC Peach GardenSyrup 750 ml,Nos,0.0,0.0,0.0,0.0,0.9,439.67,-0.9,-439.67
2023-09,Moktails Glass,Nos,150.0,1344.0,0.0,0.0,200.0,1792.0,-50.0,-448.0
2023-09,Strawberry-Ice cream,Pkt,1.0,502.0,0.0,0.0,1.9,953.8,-0.8999999999999999,-451.79999999999995
2023-09,POTATO POPS,Pkt,0.0,0.0,0.0,0.0,1.5,456.0,-1.5,-456.0
2023-09,Zippy Chicken Salami,Kg,2.0,624.96,0.0,0.0,3.5,1093.68,-1.5,-468.72
2023-09,fish finger,Kg,0.0,0.0,0.0,0.0,0.8,476.0,-0.8,-476.0
2023-09,Slice Mango 200ml pet,Case,0.0,0.0,1.0,530.0,2.0,1060.0,-1.0,-530.0
2023-09,Pasta Container Black,Nos,49.0,441.98,0.0,0.0,110.0,992.2,-61.0,-550.22
2023-09,Mexican Masala,Kg,0.0,0.0,0.0,0.0,1.3,567.84,-1.3,-567.84
2023-09,Brownie,Kg,5.0,2015.0,0.0,0.0,6.5,2619.5,-1.5,-604.5
2023-09,Frozen Sweet Corn,Kg,0.0,0.0,0.0,0.0,5.0,625.0,-5.0,-625.0
2023-09,7UP 1250ml Pet,Nos,5.0,289.6,0.0,0.0,16.0,926.72,-11.0,-637.12
2023-09,Oregano Sprinkler 500g,Kg,0.65,395.85,0.0,0.0,1.7,1035.3,-1.0499999999999998,-639.4499999999999
2023-09,Papper carry bag medium,Nos,20.0,180.0,0.0,0.0,93.0,837.0,-73.0,-657.0
2023-09,Chilli Flakes-Tasty Pixel-Veeba-Sachet-0.8g,Pkt,0.0,0.0,0.0,0.0,5.0,661.5,-5.0,-661.5
2023-09,Schezwan sauce,Nos,0.0,0.0,0.0,0.0,2.0,680.0,-2.0,-680.0
2023-09,Paneer Tikka Butter Masala,Kg,2.0,772.8,0.0,0.0,3.8,1468.32,-1.7999999999999998,-695.52
2023-09,Dew 750ml Pet,Nos,26.0,893.88,0.0,0.0,48.0,1650.24,-22.0,-756.36
2023-09,GO Colby Cheese Block 2kg,Kg,0.0,0.0,0.0,0.0,1.3,793.0,-1.3,-793.0
2023-09,Pepsi 750ml Pet,Nos,41.0,1409.58,0.0,0.0,65.0,2234.7,-24.0,-825.1199999999999
2023-09,DVC CHocolate Sauce 2 LTR,Ltr,0.0,0.0,0.0,0.0,2.2,843.7,-2.2,-843.7
2023-09,JIVO Pomace Olive Oil ,Ltr,1.5,502.52,0.0,0.0,4.1,1373.54,-2.5999999999999996,-871.02
2023-09,CHICKEN POPCORN,Pkt,0.0,0.0,0.0,0.0,3.0,887.01,-3.0,-887.01
2023-09,Pepsi 250ml Pet,Nos,43.0,752.5,0.0,0.0,95.0,1662.5,-52.0,-910.0
2023-09,Butter Scotch Ice-cream,Pkt,0.0,0.0,0.0,0.0,1.2,927.6,-1.2,-927.6
2023-09,French Fries Box,Nos,0.0,0.0,0.0,0.0,215.0,1077.15,-215.0,-1077.15
2023-09,Pizza Premix,Kg,7.0,1653.75,0.0,0.0,11.7,2764.12,-4.699999999999999,-1110.37
2023-09,Chicken-Whole-Staff,Kg,0.0,0.0,2.1,297.99,10.0,1419.0,-8.0,-1121.01
2023-09,Tandoori Tikka Marinade 500Grm,Pkt,0.0,0.0,0.0,0.0,2.0,1150.0,-2.0,-1150.0
2023-09,DVC Strawberry Syrup 750 ml,Nos,0.0,0.0,0.0,0.0,2.4,1172.45,-2.4,-1172.45
2023-09,Pizza sauce premix,Kg,5.0,1548.75,0.0,0.0,8.9,2756.78,-3.9000000000000004,-1208.0300000000002
2023-09,Garlic Bread Box,Nos,0.0,0.0,0.0,0.0,159.0,1397.61,-159.0,-1397.61
2023-09,Tandoori mix Masala,Kg,2.0,828.8,0.0,0.0,5.4,2237.76,-3.4000000000000004,-1408.9600000000003
2023-09,DVC Mint Flavoured Syrup 750 ml,Nos,0.0,0.0,0.0,0.0,3.4,1584.43,-3.4,-1584.43
2023-09,AMUL Mozzarella Cheese Block 1Kg,Kg,0.0,0.0,0.0,0.0,5.0,1650.0,-5.0,-1650.0
2023-09,Processed cheese block,Pkt,0.0,0.0,0.0,0.0,3.0,1650.0,-3.0,-1650.0
2023-09,Mc Cain Potato Wedges 2.5kg,Kg,0.0,0.0,0.0,0.0,8.8,1695.23,-8.8,-1695.23
2023-09,Mexican Masala,Pkt,6.0,2620.8,0.0,0.0,10.0,4368.0,-4.0,-1747.1999999999998
2023-09,Tripod,Nos,0.0,0.0,0.0,0.0,1200.0,1776.0,-1200.0,-1776.0
2023-09,Large Pizza Box,Nos,0.0,0.0,0.0,0.0,262.0,3864.5,-262.0,-3864.5
2023-09,Medium Pizza Box,Nos,0.0,0.0,0.0,0.0,596.0,6609.64,-596.0,-6609.64
2023-09,Regular Pizza Box,Nos,0.0,0.0,0.0,0.0,816.0,7074.72,-816.0,-7074.72
2023-09,MilkyMist-Mozzarella Cheese-shredded-2kg,Kg,0.0,0.0,0.0,0.0,32.0,13685.76,-32.0,-13685.76
2023-10,AMUL Mozzarella Diced 1Kg,Kg,0.0,0.0,71.0,33512.0,21.0,9912.0,50.0,23600.0
2023-10,Gas-LPG-HPCL,Nos,1.5,2355.0,11.0,19670.0,2.0,3740.0,10.5,18285.0
2023-10,Boneless Chicken,Kg,0.0,0.0,60.35,15785.83,0.0,0.0,60.0,15785.83
2023-10,MilkyMist-Mozzarella Cheese-shredded-2kg,Kg,32.0,13685.76,24.0,10264.32,28.0,11975.04,28.0,11975.04
2023-10,Maida(Porotta 50kg),Kg,62.0,2554.4,200.0,8480.0,0.0,0.0,262.0,11034.4
2023-10,veg,Nos,0.0,0.0,87.0,7308.08,0.0,0.0,87.0,7308.08
2023-10,Mexican Masala,Pkt,10.0,4368.0,5.4,2358.72,0.0,0.0,15.0,6726.719999999999
2023-10,Regular Pizza Box,Nos,816.0,7074.72,0.0,0.0,140.0,1213.8,676.0,5860.92
2023-10,French Fries 6mm-Funwave 2.5 KG,Nos,22.0,7678.0,0.0,0.0,8.0,2792.0,14.0,4886.0
2023-10,G.Crown Mushroom Slice 800g,Nos,20.0,1960.0,48.0,4704.0,19.0,1862.0,49.0,4802.0
2023-10,Palm Oil - Refined Oil,Pkt,0.0,0.0,58.0,5031.0,9.0,760.5,49.0,4270.5
2023-10,Medium Pizza Box,Nos,596.0,6609.64,0.0,0.0,267.0,2961.03,329.0,3648.61
2023-10,MilkyMist-Mozzarella Cheese-shredded-2kg,Nos,4.0,3421.44,0.0,0.0,0.0,0.0,4.0,3421.44
2023-10,Vanilla Ice-cream,Pkt,2.2,1196.8,7.9,4297.6,3.9,2121.6,6.299999999999999,3372.8000000000006
2023-10,Pizza Premix,Kg,11.7,2764.12,10.0,2362.5,7.8,1842.75,13.899999999999999,3283.87
2023-10,7up750mlpet,Case,0.0,0.0,4.0,3275.0,0.0,0.0,4.0,3275.0
2023-10,Veeba Gouda Flavoured Dressing,Nos,14.0,3010.56,0.0,0.0,0.0,0.0,14.0,3010.56
2023-10,Veeba Pasta & Pizza Sauce 1KG,Nos,28.0,4588.08,0.0,0.0,10.0,1638.6,18.0,2949.48
2023-10,Pepsi 750ml Pet,Case,0.0,0.0,3.0,2475.33,0.0,0.0,3.0,2475.33
2023-10,Chicken-Whole-Staff,Kg,10.0,1419.0,6.75,911.56,0.0,0.0,17.0,2330.56
2023-10,butter,Kg,3.0,1140.0,4.5,1710.0,1.5,570.0,6.5,2280.0
2023-10,HABIT JALAPENO SLICES 2.9 KG,Nos,0.0,0.0,18.0,4752.6,10.0,2482.1,8.0,2270.5000000000005
2023-10,grocery,Nos,0.0,0.0,18.0,2213.96,0.0,0.0,18.0,2213.96
2023-10,Milkymist Cheese BLock 1KG,Kg,0.0,0.0,4.0,2200.0,0.0,0.0,4.0,2200.0
2023-10,staff rice,Kg,0.0,0.0,52.0,2080.0,0.0,0.0,52.0,2080.0
2023-10,DVC BLUE OCCEAN FLV SYRUP 750ML,Nos,2.1,1025.89,2.0,977.04,0.0,0.0,4.1,2002.93
2023-10,Pizza sauce premix,Kg,8.9,2756.78,0.0,0.0,2.6,805.35,6.300000000000001,1951.4300000000003
2023-10,BBQ Mix Masala,Kg,4.2,1858.08,2.4,1061.76,2.4,1061.76,3.8000000000000003,1858.0800000000002
2023-10,Tandoori mix Masala,Kg,5.4,2237.76,0.0,0.0,1.0,414.4,4.4,1823.3600000000001
2023-10,Strawberry-Ice cream,Pkt,1.9,953.8,1.7,853.4,0.0,0.0,3.9,1807.1999999999998
2023-10,Mc Cain Potato Wedges 2.5kg,Kg,8.8,1695.23,0.0,0.0,0.0,0.0,8.8,1695.23
2023-10,Processed cheese block,Pkt,3.0,1650.0,0.0,0.0,0.0,0.0,3.0,1650.0
2023-10,Veeba Ketchup Sachet,Nos,2028.0,1622.21,0.0,0.0,0.0,0.0,2028.0,1622.21
2023-10,Brownie,Kg,6.5,2619.5,2.0,806.0,4.5,1813.5,4.0,1612.0
2023-10,DVC Green Apple 750 ML,Nos,2.1,1025.89,2.0,977.04,1.0,488.52,3.0999999999999996,1514.41
2023-10,Veeba Makhani Gravy 1KG,Pkt,7.0,1505.28,0.0,0.0,0.0,0.0,7.0,1505.28
2023-10,Puramate Pasta-Penne Rigatte 500g,Pkt,8.0,544.0,14.0,952.0,0.0,0.0,22.0,1496.0
2023-10,Paneer Tikka Butter Masala,Kg,3.8,1468.32,2.8,1081.92,2.8,1081.92,4.0,1468.3199999999997
2023-10,Pepsi 1250ml Pet,Case,0.0,0.0,2.0,1460.16,0.0,0.0,2.0,1460.16
2023-10,Paneer,Kg,3.0,870.0,4.0,1160.0,2.0,580.0,5.0,1450.0
2023-10,Veeba Eggless Mayonise Chef 1KG,Kg,14.0,1960.0,0.0,0.0,4.0,560.0,10.0,1400.0
2023-10,Chocolate Ice-cream,Kg,2.5,875.0,1.4,490.0,0.0,0.0,3.5,1365.0
2023-10,Herb Mix Masla,Kg,3.25,1492.4,1.3,596.96,1.67,766.86,2.58,1322.5
2023-10,Frozen Sweet Corn,Kg,5.0,625.0,5.0,625.0,0.0,0.0,10.0,1250.0
2023-10,Oregano Sprinkler 500g,Nos,0.0,0.0,4.0,1218.0,0.0,0.0,4.0,1218.0
2023-10,Large Pizza Box,Nos,262.0,3864.5,0.0,0.0,182.0,2684.5,80.0,1180.0
2023-10,DVC Strawberry Syrup 750 ml,Nos,2.4,1172.45,0.0,0.0,0.0,0.0,2.4,1172.45
2023-10,Flexi Cream Gold,Pkt,0.0,0.0,12.0,2336.4,6.0,1168.2,6.0,1168.2
2023-10,Tandoori Tikka Marinade 500Grm,Pkt,2.0,1150.0,0.0,0.0,0.0,0.0,2.0,1150.0
2023-10,Zippy Chicken Salami,Kg,3.5,1093.68,2.0,624.96,2.0,624.96,3.5,1093.68
2023-10,Slice Mango 200ml pet,Case,2.0,1060.0,0.0,0.0,0.0,0.0,2.0,1060.0
2023-10,Milk,Pkt,3.0,84.0,35.0,968.0,0.0,0.0,38.0,1052.0
2023-10,7up 250ml Pet,Case,0.0,0.0,2.0,1050.0,0.0,0.0,2.0,1050.0
2023-10,Dew 250ml Pet,Case,0.0,0.0,2.0,1050.0,0.0,0.0,2.0,1050.0
2023-10,Pepsi 250ml Pet,Case,0.0,0.0,2.0,1050.0,0.0,0.0,2.0,1050.0
2023-10,Onion-Veg,Kg,0.0,0.0,30.0,1020.0,0.0,0.0,30.0,1020.0
2023-10,Neo-Black Sliced Olives-3kg,Tin,0.0,0.0,2.0,1014.0,0.0,0.0,2.0,1014.0
2023-10,Berry Fresh Tender Coconut Pulp,Tin,0.8,280.0,2.0,700.0,0.0,0.0,2.8,980.0
2023-10,DVC PASSION FRUIT FLV SYRUP 750ML,Nos,0.0,0.0,2.0,977.04,0.0,0.0,2.0,977.04
2023-10,Tomato-Veg,Kg,0.0,0.0,56.5,904.0,0.0,0.0,57.0,904.0
2023-10,Pepsi 250ml Pet,Nos,95.0,1662.5,0.0,0.0,44.0,770.0,51.0,892.5
2023-10,CHICKEN POPCORN,Pkt,3.0,887.01,0.0,0.0,0.0,0.0,3.0,887.01
2023-10,OREGANO SACHET 0.8GM,Pkt,8.0,1760.0,1.0,220.0,5.0,1100.0,4.0,880.0
2023-10,TAJIR JALAPENO SLICES 2.5 KG,Nos,3.0,855.0,0.0,0.0,0.0,0.0,3.0,855.0
2023-10,DVC CHocolate Sauce 2 LTR,Ltr,2.2,843.7,0.0,0.0,0.0,0.0,2.2,843.7
2023-10,Butter Scotch Ice-cream,Kg,0.0,0.0,2.4,843.27,0.0,0.0,2.0,843.27
2023-10,bio covers,Pkt,0.0,0.0,4.0,840.0,0.0,0.0,4.0,840.0
2023-10,AMUL Mozzarella Cheese Block 1Kg,Kg,5.0,1650.0,0.0,0.0,2.5,825.0,2.5,825.0
2023-10,Dew 750ml Pet,Case,0.0,0.0,1.0,825.11,0.0,0.0,1.0,825.11
2023-10,Tissue,Pkt,3.0,84.0,35.0,730.0,0.0,0.0,38.0,814.0
2023-10,milk,Pkt,0.0,0.0,36.0,900.0,4.0,100.0,32.0,800.0
2023-10,GO Colby Cheese Block 2kg,Kg,1.3,793.0,0.0,0.0,0.0,0.0,1.3,793.0
2023-10,DVC Mango Beverage Blend Syrup 750 ml,Nos,0.0,0.0,1.0,764.64,0.0,0.0,1.0,764.64
2023-10,DVC Mixed Berry Beverage Blend Syrup 750 ml,Nos,1.0,764.64,0.0,0.0,0.0,0.0,1.0,764.64
2023-10,7UP 1250ml Pet,Case,0.0,0.0,1.0,730.0,0.0,0.0,1.0,730.0
2023-10,Dew 250ml Can,Case,0.0,0.0,1.0,720.0,0.0,0.0,1.0,720.0
2023-10,Pepsi 250ml Can,Case,0.0,0.0,1.0,720.0,0.0,0.0,1.0,720.0
2023-10,Schezwan sauce,Nos,2.0,680.0,0.0,0.0,0.0,0.0,2.0,680.0
2023-10,Chilli Flakes-Tasty Pixel-Veeba-Sachet-0.8g,Pkt,5.0,661.5,0.0,0.0,0.0,0.0,5.0,661.5
2023-10,Zippy  B.Fast Sausage ,Kg,0.0,0.0,2.0,638.4,0.0,0.0,2.0,638.4
2023-10,Tandoori Masala,Kg,0.0,0.0,1.5,562.8,0.0,0.0,2.0,562.8
2023-10,Pasta Container Black,Nos,110.0,992.2,0.0,0.0,48.0,432.96,62.0,559.24
2023-10,Capcicum-Veg,Kg,0.0,0.0,8.0,544.0,0.0,0.0,8.0,544.0
2023-10,Berry Fresh Chicku Pulp,Tin,0.0,0.0,2.0,540.0,0.0,0.0,2.0,540.0
2023-10,Moktails Glass,Nos,200.0,1792.0,0.0,0.0,140.0,1254.4,60.0,537.5999999999999
2023-10,Aqua Fina Mineral Water 1Ltr,Case,2.0,335.98,1.0,167.99,0.0,0.0,3.0,503.97
2023-10,JIVO Pomace Olive Oil ,Ltr,4.1,1373.54,0.0,0.0,2.6,871.03,1.4999999999999996,502.51
2023-10,Petrol-Nayara,Ltr,0.0,0.0,4.6,500.02,0.0,0.0,5.0,500.02
2023-10,habit baby corn,Nos,0.0,0.0,5.0,490.0,0.0,0.0,5.0,490.0
2023-10,DVC Watermelon Syrup 750 ml,Nos,1.0,488.52,0.0,0.0,0.0,0.0,1.0,488.52
2023-10,7up 250ml Can,Nos,16.0,480.0,0.0,0.0,0.0,0.0,16.0,480.0
2023-10,Dried Yeast,Pkt,3.3,560.97,4.0,679.96,4.5,764.96,2.8,475.97
2023-10,fish finger,Kg,0.8,476.0,0.5,297.5,0.5,297.5,1.3,476.0
2023-10,egg,Nos,0.0,0.0,77.0,462.0,0.0,0.0,77.0,462.0
2023-10,Bio-Bag-16x20-50,Kg,0.0,0.0,2.0,460.0,0.0,0.0,2.0,460.0
2023-10,Hand Wash,Nos,0.0,0.0,2.0,460.0,0.0,0.0,2.0,460.0
2023-10,Bread Premix,Kg,2.9,685.13,0.0,0.0,1.0,236.25,1.9,448.88
2023-10,DVC Cucumber Syrup 750 ml,Nos,0.9,439.67,0.0,0.0,0.0,0.0,0.9,439.67
2023-10,DVC Peach GardenSyrup 750 ml,Nos,0.9,439.67,0.0,0.0,0.0,0.0,0.9,439.67
2023-10,Lemon-Veg,Kg,0.0,0.0,3.0,420.0,0.0,0.0,3.0,420.0
2023-10,Plastic Cover 20X26,Pkt,1.0,140.0,2.0,280.0,0.0,0.0,3.0,420.0
2023-10,French Fries Box,Nos,215.0,1077.15,0.0,0.0,132.0,661.32,83.0,415.83000000000004
2023-10,roasted peanuts,Kg,1.0,540.0,0.0,0.0,0.24,129.6,0.76,410.4
2023-10,Garlic Bread Box,Nos,159.0,1397.61,0.0,0.0,113.0,993.27,46.0,404.3399999999999
2023-10,isha veg,Nos,0.0,0.0,5.0,396.0,0.0,0.0,5.0,396.0
2023-10,Lehar Soda,Case,0.0,0.0,1.0,395.04,0.0,0.0,1.0,395.04
2023-10,Chicken Nuggets-Godrej-1kg,Kg,0.0,0.0,3.0,960.0,1.8,576.0,1.2,384.0
2023-10,DVC Mango Beverage Blend Syrup 750 ml,Kg,0.6,382.32,0.0,0.0,0.0,0.0,0.6,382.32
2023-10,Honey,Ltr,0.0,0.0,1.3,598.0,0.47,216.2,0.53,381.8
2023-10,Lamp Pepperoni,Kg,0.7,659.05,0.0,0.0,0.3,282.45,0.39999999999999997,376.59999999999997
2023-10,Brocoli,Kg,0.0,0.0,1.25,375.0,0.0,0.0,1.0,375.0
2023-10,Brocoli-isha Vegitable,Kg,0.0,0.0,1.2,372.0,0.0,0.0,1.0,372.0
2023-10,Pineapple-Veg,Kg,0.0,0.0,5.0,360.0,0.0,0.0,5.0,360.0
2023-10,Salad Bowl 500ml,Nos,98.0,711.48,0.0,0.0,50.0,363.0,48.0,348.48
2023-10,Chicken Sausage,Kg,1.0,345.0,1.7,586.5,1.7,586.5,1.3,345.0
2023-10,Dew 750ml Pet,Nos,48.0,1650.24,0.0,0.0,38.0,1306.44,10.0,343.79999999999995
2023-10,Pepsi 750ml Pet,Nos,65.0,2234.7,0.0,0.0,55.0,1890.9,10.0,343.7999999999997
2023-10,Paper Glass,Pkt,1.0,90.0,3.0,242.0,0.0,0.0,4.0,332.0
2023-10,Baby Corn Tasty 450G,Nos,0.0,0.0,5.0,325.0,0.0,0.0,5.0,325.0
2023-10,Slice Mango 600ml pet,Nos,7.0,240.66,12.0,412.56,10.0,343.8,9.0,309.42
2023-10,Garlic-Veg,Kg,0.0,0.0,2.0,300.0,0.0,0.0,2.0,300.0
2023-10,butter papper,Nos,25.0,87.5,60.0,210.0,0.0,0.0,85.0,297.5
2023-10,DVC Bubblegum Syrup Syrup 750 ml,Nos,0.6,293.11,0.0,0.0,0.0,0.0,0.6,293.11
2023-10,GO Orange Cheddar Cheese 2kg,Kg,1.1,623.15,0.0,0.0,0.6,339.9,0.5000000000000001,283.25
2023-10,French Fries 6mm-Funwave 2.5 KG,Kg,2.0,279.2,0.0,0.0,0.0,0.0,2.0,279.2
2023-10,Mirinda 750ml pet,Nos,4.0,137.52,24.0,825.12,20.0,687.6,8.0,275.03999999999996
2023-10,Salad Bowl 250ml,Nos,95.0,559.55,0.0,0.0,50.0,294.5,45.0,265.04999999999995
2023-10,7UP 1250ml Pet,Nos,16.0,926.72,0.0,0.0,11.0,669.13,5.0,257.59000000000003
2023-10,Potato-Veg,Kg,0.0,0.0,8.0,256.0,0.0,0.0,8.0,256.0
2023-10,Atta Loose,Kg,0.0,0.0,6.0,246.0,0.0,0.0,6.0,246.0
2023-10,Mini Burger Box,Nos,136.0,369.1,0.0,0.0,50.0,135.7,86.0,233.40000000000003
2023-10,Bio-Bag-20x26-35,Kg,0.0,0.0,1.0,230.0,0.0,0.0,1.0,230.0
2023-10,CHILLY FLAKES SACHET 0.8GM,Pkt,0.25,55.0,2.0,170.0,0.0,0.0,2.25,225.0
2023-10,Ice cube,Pkt,0.0,0.0,4.0,220.0,0.0,0.0,4.0,220.0
2023-10,Neo Red Paprika 3Kg,Nos,1.0,434.56,2.0,869.12,2.5,1086.4,0.5,217.27999999999997
2023-10,Mirinda 250ml pet,Nos,27.0,472.5,0.0,0.0,15.0,262.5,12.0,210.0
2023-10,Plastic Cover 12X16,Pkt,1.5,210.0,0.0,0.0,0.0,0.0,1.5,210.0
2023-10,Chicken Kheema  Masala,Kg,0.3,195.3,0.0,0.0,0.0,0.0,0.3,195.3
2023-10,Flexi Cream Gold,Ltr,0.0,0.0,1.0,194.7,0.0,0.0,1.0,194.7
2023-10,Plastic Cover 16X20,Pkt,1.0,130.0,0.5,65.0,0.0,0.0,2.0,195.0
2023-10,Berry Fresh Banana Pulp,Kg,1.0,180.0,0.0,0.0,0.0,0.0,1.0,180.0
2023-10,Plastic Cover 26X30,Pkt,1.0,180.0,0.0,0.0,0.0,0.0,1.0,180.0
2023-10,Chilly Powder 1kg-Eastern,Kg,0.5,165.0,0.0,0.0,0.0,0.0,0.5,165.0
2023-10,Tripod,Nos,1200.0,1776.0,0.0,0.0,1100.0,1628.0,100.0,148.0
2023-10,Red yellow capsicum-isha Vegitable,Kg,0.0,0.0,0.6,144.0,0.0,0.0,1.0,144.0
2023-10,Basil-fresh-Isha Vegitables,Kg,0.0,0.0,0.2,136.0,0.0,0.0,0.0,136.0
2023-10,Green Chilly-Veg,Kg,0.0,0.0,1.7,136.0,0.0,0.0,2.0,136.0
2023-10,Puramate Pasta-Gomiti Rigate - macroni - 500g,Nos,0.0,0.0,2.0,136.0,0.0,0.0,2.0,136.0
2023-10,Cling Flim,Nos,0.0,0.0,1.0,130.0,0.0,0.0,1.0,130.0
2023-10,Red Yellow Capcicum,Kg,0.0,0.0,0.5,130.0,0.0,0.0,1.0,130.0
2023-10,Sugar-Loose,Kg,2.1,88.2,1.0,42.0,0.0,0.0,3.1,130.2
2023-10,Cauli Flower-veg,Kg,0.0,0.0,3.5,120.92,0.0,0.0,4.0,120.92
2023-10,Wiper-Arafa,Nos,0.0,0.0,1.0,110.0,0.0,0.0,1.0,110.0
2023-10,Mint-Veg,Kg,0.0,0.0,1.5,105.0,0.0,0.0,2.0,105.0
2023-10,Exo Dishwash cake,Nos,0.0,0.0,10.0,100.0,0.0,0.0,10.0,100.0
2023-10,Green Peas,Kg,1.0,100.0,0.6,60.0,0.6,60.0,1.4,100.0
2023-10,LAMP OIL,Nos,0.0,0.0,1.0,99.0,0.0,0.0,1.0,99.0
2023-10,Masoor-Red,Kg,0.0,0.0,2.0,160.0,0.8,64.0,1.2,96.0
2023-10,OREGANO SACHET 0.8GM,Nos,131.0,96.07,0.0,0.0,0.0,0.0,131.0,96.07
2023-10,KABULI CHANA,Kg,0.0,0.0,0.5,94.0,0.0,0.0,1.0,94.0
2023-10,Papper carry bag medium,Nos,93.0,837.0,0.0,0.0,84.0,756.0,9.0,81.0
2023-10,Wooden Spoon-160mm,Nos,65.0,81.25,0.0,0.0,0.0,0.0,65.0,81.25
2023-10,Bitter Guard-Veg,Kg,0.0,0.0,2.0,80.0,0.0,0.0,2.0,80.0
2023-10,Catering Cap,Pkt,0.0,0.0,1.0,80.0,0.0,0.0,1.0,80.0
2023-10,Ginger-Veg,Kg,0.0,0.0,0.8,80.0,0.0,0.0,1.0,80.0
2023-10,decoration-Baloon,Nos,0.0,0.0,40.0,80.0,0.0,0.0,40.0,80.0
2023-10,super Meal,Kg,2.0,80.0,0.0,0.0,0.0,0.0,2.0,80.0
2023-10,cashew,Kg,0.0,0.0,0.1,75.0,0.0,0.0,0.0,75.0
2023-10,Curd-Elanad-500ml,Pkt,0.0,0.0,2.0,70.0,0.0,0.0,2.0,70.0
2023-10,Paper Straw,Pkt,0.0,0.0,2.0,70.0,0.0,0.0,2.0,70.0
2023-10,Garlic Chilli Spread,Kg,4.0,648.0,0.0,0.0,3.6,583.2,0.3999999999999999,64.79999999999995
2023-10,Parsely-Veg,Kg,0.0,0.0,0.15,63.6,0.0,0.0,0.0,63.6
2023-10,Mustard-Oil,Ltr,0.0,0.0,0.5,105.0,0.2,42.0,0.8,63.0
2023-10,Washing Powder 500G,Kg,0.0,0.0,1.0,62.0,0.0,0.0,1.0,62.0
2023-10,POTATO POPS,Pkt,1.5,456.0,0.0,0.0,1.3,395.2,0.19999999999999996,60.80000000000001
2023-10,Cherry,Kg,0.0,0.0,0.2,60.0,0.0,0.0,0.0,60.0
2023-10,catering gloves,Pkt,0.0,0.0,1.0,58.0,0.0,0.0,1.0,58.0
2023-10,Whole Chilly,Kg,0.0,0.0,0.2,52.0,0.0,0.0,0.0,52.0
2023-10,Soya loose,Kg,0.0,0.0,0.4,51.2,0.0,0.0,0.0,51.2
2023-10,horlicks,Pkt,0.0,0.0,5.0,48.0,0.0,0.0,5.0,48.0
2023-10,Parsely- Isha Vegitable,Kg,0.0,0.0,0.2,46.0,0.0,0.0,0.0,46.0
2023-10,VEG,Grams,0.0,0.0,500.0,40.0,0.0,0.0,500.0,40.0
2023-10,Tea Loose,Kg,0.0,0.0,0.2,36.0,0.0,0.0,0.0,36.0
2023-10,Paper Straw Small,Pkt,1.0,35.0,0.0,0.0,0.0,0.0,1.0,35.0
2023-10,Chettinad Mix,Kg,0.35,227.85,0.0,0.0,0.3,195.3,0.04999999999999999,32.54999999999998
2023-10,Jeerakham - Loose,Kg,0.0,0.0,0.05,30.0,0.0,0.0,0.0,30.0
2023-10,payyar-veg,Kg,0.0,0.0,1.0,30.0,0.0,0.0,1.0,30.0
2023-10,Salt-sprinkle-powder,Kg,2.0,24.0,0.0,0.0,0.0,0.0,2.0,24.0
2023-10,Carrot-Veg,Kg,0.0,0.0,0.5,22.0,0.0,0.0,1.0,22.0
2023-10,Ice cube,Kg,2.0,20.0,0.0,0.0,0.0,0.0,2.0,20.0
2023-10,Mint-Veg,Grams,0.0,0.0,100.0,10.0,0.0,0.0,100.0,10.0
2023-10,cabbage-veg,Kg,0.0,0.0,0.6,10.28,0.0,0.0,1.0,10.28
2023-10,Paper Straw Big,Nos,15.0,6.75,0.0,0.0,0.0,0.0,15.0,6.75
2023-10,Frozen Sweet Corn-Pal Fresh,Nos,0.0,0.0,3.0,297.0,3.0,297.0,0.0,0.0
2023-10,GO-Monterey Jack Cheese-2kg,Kg,0.0,0.0,1.3,793.01,1.3,793.01,-0.30000000000000004,0.0
2023-10,Lehar Soda,Nos,30.0,493.8,0.0,0.0,30.0,493.8,0.0,0.0
2023-10,Puramate Basil 250g Pouch,Grams,300.0,234.0,0.0,0.0,300.0,234.0,0.0,0.0
2023-10,Veeba T. Ketchup 1.2KG,Nos,0.0,0.0,5.0,525.0,5.0,525.0,0.0,0.0
2023-10,Veeba ThousandIsland Dressing 1KG,Kg,0.0,0.0,0.0,0.0,0.1,18.8,-0.1,-18.8
2023-10,Turmeric Powder-loose,Kg,0.24,31.68,0.0,0.0,0.5,66.0,-0.26,-34.32
2023-10,Salt,Pkt,0.0,0.0,0.0,0.0,2.7,37.8,-2.7,-37.8
2023-10,Sugar,Kg,0.0,0.0,0.0,0.0,1.0,39.0,-1.0,-39.0
2023-10,Puramate Pasta-Gomiti Rigate - macroni - 500g,Grams,0.0,0.0,0.0,0.0,300.0,40.8,-300.0,-40.8
2023-10,Chilli Flakes-Puramate-400grm,Kg,0.0,0.0,0.0,0.0,0.15,53.94,-0.15,-53.94
2023-10,Corn Meal - MAKKA RAVA,Kg,0.0,0.0,0.0,0.0,0.6,54.0,-0.6,-54.0
2023-10,Veeba Ketchup Sachet,Pkt,4.0,319.96,12.0,984.0,17.0,1394.0,-1.0,-90.03999999999996
2023-10,Chilli Powder Loose,Kg,0.0,0.0,0.0,0.0,0.5,100.0,-0.5,-100.0
2023-10,Butter Scotch Sauce 750ml,Grams,0.0,0.0,0.0,0.0,600.0,110.4,-600.0,-110.4
2023-10,Mittai-Milk-Amul,Tin,0.0,0.0,0.0,0.0,2.0,128.0,-2.0,-128.0
2023-10,Baby Corn Whole-450GM-Golden Crown,Nos,6.0,390.0,0.0,0.0,8.0,520.0,-2.0,-130.0
2023-10,Pepsi 250ml Can,Nos,9.0,315.0,0.0,0.0,15.0,450.0,-6.0,-135.0
2023-10,Mango Crush Sauce 750ml Malas,Nos,0.5,69.16,0.0,0.0,1.5,207.48,-1.0,-138.32
2023-10,Chilli Flakes-Puramate-400grm,Pkt,0.0,0.0,0.0,0.0,1.0,143.85,-1.0,-143.85
2023-10,Black pepper,Kg,0.2,296.0,0.0,0.0,0.3,444.0,-0.09999999999999998,-148.0
2023-10,Butter Scotch Ice-cream,Pkt,1.2,927.6,1.0,773.0,2.4,1855.2,-0.19999999999999973,-154.60000000000014
2023-10,Berry Fresh Tender Coconut Pulp,Kg,0.0,0.0,0.0,0.0,0.75,175.0,-0.75,-175.0
2023-10,Papper carry bag small,Nos,17.0,136.0,0.0,0.0,43.0,344.0,-26.0,-208.0
2023-10,7up750mlpet,Nos,0.0,0.0,0.0,0.0,7.0,240.66,-7.0,-240.66
2023-10,DVC Bubblegum Syrup Syrup 750 ml,Kg,0.0,0.0,0.0,0.0,0.5,244.26,-0.5,-244.26
2023-10,DVC Watermelon Syrup 750 ml,Kg,0.0,0.0,0.0,0.0,0.5,244.26,-0.5,-244.26
2023-10,Chocolate Ice-cream,Pkt,0.0,0.0,1.0,770.0,1.4,1078.0,-0.3999999999999999,-308.0
2023-10,Piri Piri Marinade 1KG,Kg,0.0,0.0,1.0,445.0,1.7,756.5,-0.7,-311.5
2023-10,7up 250ml Pet,Nos,66.0,1155.0,0.0,0.0,84.0,1470.0,-18.0,-315.0
2023-10,Slice Mango 200ml pet,Nos,0.0,0.0,0.0,0.0,18.0,318.0,-18.0,-318.0
2023-10,DVC Peach GardenSyrup 750 ml,Kg,0.0,0.0,0.0,0.0,0.7,341.96,-0.7,-341.96
2023-10,DVC Mint Flavoured Syrup 750 ml,Nos,3.4,1584.43,0.0,0.0,4.14,1929.28,-0.7399999999999998,-344.8499999999999
2023-10,Aqua Fina Mineral Water 1Ltr,Nos,0.0,0.0,0.0,0.0,25.0,349.98,-25.0,-349.98
2023-10,Oregano Sprinkler 500g,Kg,1.7,1035.3,0.0,0.0,2.3,1400.7,-0.5999999999999999,-365.4000000000001
2023-10,Strawberry-Ice cream,Kg,0.0,0.0,0.0,0.0,1.7,387.91,-1.7,-387.91
2023-10,DVC Cucumber Syrup 750 ml,Kg,0.0,0.0,0.0,0.0,0.8,390.82,-0.8,-390.82
2023-10,Berry Fresh Chicku Pulp,Kg,0.0,0.0,0.0,0.0,2.4,432.0,-2.4,-432.0
2023-10,Dew 250ml Can,Nos,13.0,390.0,0.0,0.0,28.0,840.0,-15.0,-450.0
2023-10,7UP 750ml Pet,Nos,16.0,550.08,24.0,825.12,54.0,1856.52,-14.0,-481.31999999999994
2023-10,Tandoori Tikka Marinade 500Grm,Kg,0.0,0.0,0.0,0.0,0.5,575.0,-0.5,-575.0
2023-10,Puramate Pasta-Penne Rigatte 500g,Kg,0.0,0.0,0.0,0.0,4.5,612.0,-4.5,-612.0
2023-10,Neo Black Sliced Olives,Tin,2.0,1252.16,0.0,0.0,3.0,1878.24,-1.0,-626.0799999999999
2023-10,CHICKEN POPCORN,Kg,0.0,0.0,0.0,0.0,2.2,650.47,-2.2,-650.47
2023-10,Dew 250ml Pet,Nos,29.0,449.5,0.0,0.0,63.0,1102.5,-34.0,-653.0
2023-10,Pineapple slice-Tajir Habit-500g,Nos,0.0,0.0,0.0,0.0,7.0,735.0,-7.0,-735.0
2023-10,Mc Cain Potato Wedges 2.5kg-Taha,Kg,0.0,0.0,0.0,0.0,5.5,1033.99,-5.5,-1033.99
2023-10,DVC PASSION FRUIT FLV SYRUP 750ML,Ltr,2.1,1367.86,0.0,0.0,3.7,2410.03,-1.6,-1042.1700000000003
2023-10,Pepsi 1250ml Pet,Nos,0.0,0.0,0.0,0.0,19.0,1155.77,-19.0,-1155.77
2023-10,Veeba Makhani Gravy 1KG,Kg,0.0,0.0,0.0,0.0,5.8,1247.23,-5.8,-1247.23
2023-10,DVC Strawberry Syrup 750 ml,Kg,0.0,0.0,0.0,0.0,2.8,1367.86,-2.8,-1367.86
2023-10,Veeba Gouda Flavoured Dressing,Kg,0.0,0.0,0.0,0.0,8.0,1720.32,-8.0,-1720.32
2023-10,DVC BLUE OCCEAN FLV SYRUP 750ML,Ltr,0.0,0.0,0.0,0.0,2.7,1758.67,-2.7,-1758.67
2023-10,Mexican Masala,Kg,1.3,567.84,0.0,0.0,5.4,2358.72,-4.1000000000000005,-1790.8799999999997
2023-11,amul diced mozzrella,Pkt,0.0,0.0,60.0,29340.0,0.0,0.0,60.0,29340.0
2023-11,Boneless Chicken,Kg,0.0,0.0,74.34,17682.71,5.0,1140.0,69.0,16542.71
2023-11,veg,Nos,0.0,0.0,146.0,13170.1,0.0,0.0,146.0,13170.1
2023-11,Gas-LPG-HPCL,Nos,2.0,3740.0,7.0,12940.0,2.0,3680.0,7.0,13000.0
2023-11,grocery,Nos,0.0,0.0,59.0,12671.05,0.0,0.0,59.0,12671.05
2023-11,MilkyMist-Mozzarella Cheese-shredded-2kg,Kg,28.0,11975.04,0.0,0.0,0.0,0.0,28.0,11975.04
2023-11,AMUL Mozzarella Diced 1Kg,Kg,21.0,9912.0,0.0,0.0,0.0,0.0,21.0,9912.0
2023-11,MilkyMist-Mozzarella Cheese-shredded-2kg,Pkt,0.0,0.0,12.0,11496.0,3.0,2874.0,9.0,8622.0
2023-11,Regular Pizza Box,Nos,140.0,1213.8,800.0,7200.0,340.0,3060.0,600.0,5353.799999999999
2023-11,Pizza Premix,Kg,7.8,1842.75,29.64,7113.6,16.0,3840.0,21.799999999999997,5116.35
2023-11,Maida(Porotta 50kg),Kg,0.0,0.0,250.0,10640.0,135.0,5751.0,115.0,4889.0
2023-11,Medium Pizza Box,Nos,267.0,2961.03,1000.0,11500.0,838.0,9637.0,429.0,4824.030000000001
2023-11,Palm Oil - Refined Oil,Pkt,9.0,760.5,24.0,2063.0,0.0,0.0,33.0,2823.5
2023-11,French Fries 6mm-Funwave 2.5 KG,Nos,8.0,2792.0,0.0,0.0,0.0,0.0,8.0,2792.0
2023-11,Veeba Gouda Flavoured Dressing,Nos,0.0,0.0,12.0,2580.48,0.0,0.0,12.0,2580.48
2023-11,DVC PASSION FRUIT FLV SYRUP 750ML,Ltr,3.7,2410.03,0.0,0.0,0.0,0.0,3.7,2410.03
2023-11,Mexican Masala,Kg,5.4,2358.72,0.0,0.0,0.0,0.0,5.4,2358.72
2023-11,Pepsi 750ml Pet,Nos,55.0,1890.9,48.0,1650.24,43.0,1478.34,60.0,2062.8
2023-11,Veeba Pasta & Pizza Sauce 1KG,Pkt,0.0,0.0,27.0,4968.0,16.0,2944.0,11.0,2024.0
2023-11,Neo Black Sliced Olives,Tin,3.0,1878.24,0.0,0.0,0.0,0.0,3.0,1878.24
2023-11,chilly flakes sachet,Nos,0.0,0.0,3750.0,1875.0,0.0,0.0,3750.0,1875.0
2023-11,G.Crown Mushroom Slice 800g,Nos,19.0,1862.0,0.0,0.0,0.0,0.0,19.0,1862.0
2023-11,7UP 750ml Pet,Nos,54.0,1856.52,0.0,0.0,0.0,0.0,54.0,1856.52
2023-11,Brownie,Kg,4.5,1813.5,5.0,1925.0,5.0,1925.0,4.5,1813.5
2023-11,DVC BLUE OCCEAN FLV SYRUP 750ML,Ltr,2.7,1758.67,0.0,0.0,0.0,0.0,2.7,1758.67
2023-11,French Fries 9mm-Hungritos,Pkt,0.0,0.0,5.0,1695.0,0.0,0.0,5.0,1695.0
2023-11,Large Pizza Box,Nos,182.0,2684.5,100.0,1485.0,168.0,2494.8,114.0,1674.6999999999998
2023-11,Veeba Pasta & Pizza Sauce 1KG,Nos,10.0,1638.6,0.0,0.0,0.0,0.0,10.0,1638.6
2023-11,DVC Mint Flavoured Syrup 750 ml,Nos,4.14,1929.28,2.0,977.0,2.7,1318.95,3.4399999999999995,1587.3299999999997
2023-11,milk,Pkt,4.0,100.0,58.0,1450.0,2.0,50.0,60.0,1500.0
2023-11,Chicken-Whole-Staff,Kg,0.0,0.0,10.0,1489.0,0.0,0.0,10.0,1489.0
2023-11,Paneer,Kg,2.0,580.0,5.0,1450.0,2.0,580.0,5.0,1450.0
2023-11,bio covers,Pkt,0.0,0.0,7.0,1450.0,0.0,0.0,7.0,1450.0
2023-11,Flexi Cream Gold,Pkt,6.0,1168.2,5.0,825.0,3.0,584.1,8.0,1409.1
2023-11,Oregano Sprinkler 500g,Kg,2.3,1400.7,0.0,0.0,0.0,0.0,2.3,1400.7
2023-11,DVC Strawberry Syrup 750 ml,Kg,2.8,1367.86,0.0,0.0,0.0,0.0,2.8,1367.86
2023-11,Vanilla Ice-cream,Pkt,3.9,2121.6,0.0,0.0,1.6,870.4,2.3,1251.1999999999998
2023-11,eng.veg,Nos,0.0,0.0,7.0,1175.99,0.0,0.0,7.0,1175.99
2023-11,Dew 750ml Pet,Nos,38.0,1306.44,24.0,825.12,30.0,1031.4,32.0,1100.1599999999999
2023-11,Milkymist Cheese BLock 1KG,Pkt,0.0,0.0,2.0,1100.0,0.0,0.0,2.0,1100.0
2023-11,Neo Red Paprika 3Kg,Nos,2.5,1086.4,0.0,0.0,0.0,0.0,2.5,1086.4
2023-11,Paneer Tikka Butter Masala,Kg,2.8,1081.92,0.0,0.0,0.0,0.0,2.8,1081.92
2023-11,Chocolate Ice-cream,Pkt,1.4,1078.0,0.0,0.0,0.0,0.0,1.4,1078.0
2023-11,7up750mlpet,Nos,7.0,240.66,24.0,825.12,0.0,0.0,31.0,1065.78
2023-11,BBQ Mix Masala,Kg,2.4,1061.76,0.0,0.0,0.0,0.0,2.4,1061.76
2023-11,Mc Cain Potato Wedges 2.5kg-Taha,Kg,5.5,1033.99,0.0,0.0,0.0,0.0,5.5,1033.99
2023-11,Pepsi 250ml Pet,Nos,44.0,770.0,60.0,1050.0,45.0,787.5,59.0,1032.5
2023-11,7up 250ml Pet,Nos,84.0,1470.0,0.0,0.0,27.0,472.5,57.0,997.5
2023-11,HABIT JALAPENO SLICES 2.9 KG,Nos,10.0,2482.1,0.0,0.0,6.0,1489.26,4.0,992.8399999999999
2023-11,OREGANO SACHET 0.8GM,Pkt,5.0,1100.0,4.0,880.0,13.0,1014.0,-4.0,966.0
2023-11,Pepsi 1250ml Pet,Nos,19.0,1155.77,12.0,729.96,16.0,973.28,15.0,912.45
2023-11,Pasta Container Black,Nos,48.0,432.96,150.0,1342.5,100.0,895.0,98.0,880.46
2023-11,JIVO Pomace Olive Oil ,Ltr,2.6,871.03,0.0,0.0,0.0,0.0,2.6,871.03
2023-11,Veeba Tandoori Spread-1kg,Nos,0.0,0.0,4.0,868.0,0.0,0.0,4.0,868.0
2023-11,Pizza sauce premix,Kg,2.6,805.35,2.0,650.0,2.5,600.0,2.0999999999999996,855.3499999999999
2023-11,7UP 1250ml Pet,Nos,11.0,669.13,12.0,729.96,9.0,547.47,14.0,851.6200000000001
2023-11,AMUL Mozzarella Cheese Block 1Kg,Kg,2.5,825.0,0.0,0.0,0.0,0.0,2.5,825.0
2023-11,GO-Monterey Jack Cheese-2kg,Kg,1.3,793.01,0.0,0.0,0.0,0.0,1.3,793.01
2023-11,Frozen Sweet Corn-Pal Fresh,Nos,3.0,297.0,10.0,990.0,5.0,495.0,8.0,792.0
2023-11,Herb Mix Masla,Kg,1.67,766.86,0.0,0.0,0.0,0.0,1.67,766.86
2023-11,Dried Yeast,Pkt,4.5,764.96,0.0,0.0,0.0,0.0,4.5,764.96
2023-11,Papper carry bag medium,Nos,84.0,756.0,0.0,0.0,0.0,0.0,84.0,756.0
2023-11,Lamp Pepperoni,Kg,0.3,282.45,1.0,895.0,0.5,447.5,0.8,729.95
2023-11,Bread Premix,Kg,1.0,236.25,2.0,480.0,0.0,0.0,3.0,716.25
2023-11,Veeba Eggless Mayonise Chef 1KG,Pkt,0.0,0.0,48.0,6740.16,43.0,6038.06,5.0,702.0999999999995
2023-11,CHICKEN POPCORN,Kg,2.2,650.47,0.0,0.0,0.0,0.0,2.2,650.47
2023-11,gustora tom ketchup,Pkt,0.0,0.0,10.0,650.0,0.0,0.0,10.0,650.0
2023-11,Dew 250ml Pet,Nos,63.0,1102.5,0.0,0.0,26.0,455.0,37.0,647.5
2023-11,Chicken Nuggets-Godrej-1kg,Pkt,0.0,0.0,2.0,640.0,0.0,0.0,2.0,640.0
2023-11,Zippy  B.Fast Sausage ,Pkt,0.0,0.0,2.0,638.4,0.0,0.0,2.0,638.4
2023-11,Zippy Chicken Salami,Kg,2.0,624.96,0.0,0.0,0.0,0.0,2.0,624.96
2023-11,Zippy Chicken Salami,Pkt,0.0,0.0,2.0,624.96,0.0,0.0,2.0,624.96
2023-11,Puramate Pasta-Penne Rigatte 500g,Kg,4.5,612.0,0.0,0.0,0.0,0.0,4.5,612.0
2023-11,Chicken Nuggets-Godrej-1kg,Kg,1.8,576.0,0.0,0.0,0.0,0.0,1.8,576.0
2023-11,tomato ketchup,Nos,0.0,0.0,12.0,984.0,5.0,410.0,7.0,574.0
2023-11,Veeba Eggless Mayonise Chef 1KG,Kg,4.0,560.0,0.0,0.0,0.0,0.0,4.0,560.0
2023-11,Moktails Glass,Nos,140.0,1254.4,100.0,800.0,189.0,1512.0,51.0,542.4000000000001
2023-11,Veeba T. Ketchup 1.2KG,Nos,5.0,525.0,0.0,0.0,0.0,0.0,5.0,525.0
2023-11,Baby Corn Whole-450GM-Golden Crown,Nos,8.0,520.0,0.0,0.0,0.0,0.0,8.0,520.0
2023-11,Garlic Bread Box,Nos,113.0,993.27,50.0,412.5,111.0,915.75,52.0,490.02
2023-11,egg,Nos,0.0,0.0,80.0,521.54,6.0,39.24,74.0,482.29999999999995
2023-11,Savoury Wedges 2.5 KG,Nos,0.0,0.0,1.0,470.0,0.0,0.0,1.0,470.0
2023-11,Veeba T. Ketchup 1.2KG,Pkt,0.0,0.0,4.0,420.0,0.0,0.0,4.0,420.0
2023-11,Tandoori mix Masala,Kg,1.0,414.4,0.0,0.0,0.0,0.0,1.0,414.4
2023-11,Mini Burger Box,Nos,50.0,135.7,100.0,271.4,0.0,0.0,150.0,407.09999999999997
2023-11,Mirinda 250ml pet,Nos,15.0,262.5,30.0,525.0,22.0,385.0,23.0,402.5
2023-11,paper bags regular,Nos,0.0,0.0,250.0,2500.0,210.0,2100.0,40.0,400.0
2023-11,DVC Cucumber Syrup 750 ml,Kg,0.8,390.82,0.0,0.0,0.0,0.0,0.8,390.82
2023-11,Oregano Sprinkler 500g,Nos,0.0,0.0,4.0,1299.2,2.8,909.44,1.2000000000000002,389.76
2023-11,Strawberry-Ice cream,Kg,1.7,387.91,0.0,0.0,0.0,0.0,1.7,387.91
2023-11,Veeba Makhani Gravy 1KG,Kg,5.8,1247.23,0.0,0.0,4.0,860.16,1.7999999999999998,387.07000000000005
2023-11,butter,Kg,1.5,570.0,2.0,760.0,2.5,950.0,1.0,380.0
2023-11, dry yeast 500 gm,Pkt,0.0,0.0,10.0,1850.0,8.0,1480.0,2.0,370.0
2023-11,Slice Mango 200ml pet,Nos,18.0,318.0,30.0,530.0,28.0,494.67,20.0,353.33
2023-11,Schezwan sauce,Pkt,0.0,0.0,3.0,1050.0,2.0,700.0,1.0,350.0
2023-11,Tandoori Tikka Marinade 500Grm,Kg,0.5,575.0,0.0,0.0,0.2,230.0,0.3,345.0
2023-11,Papper carry bag small,Nos,43.0,344.0,0.0,0.0,0.0,0.0,43.0,344.0
2023-11,Salad Bowl 500ml,Nos,50.0,363.0,50.0,327.5,53.0,347.15,47.0,343.35
2023-11,DVC Peach GardenSyrup 750 ml,Kg,0.7,341.96,0.0,0.0,0.0,0.0,0.7,341.96
2023-11,GO Orange Cheddar Cheese 2kg,Kg,0.6,339.9,0.0,0.0,0.0,0.0,0.6,339.9
2023-11,chilly flakes sachet,Pkt,0.0,0.0,4.0,340.0,0.0,0.0,4.0,340.0
2023-11,Butter Scotch Ice-cream,Pkt,2.4,1855.2,0.0,0.0,2.0,1546.0,0.3999999999999999,309.20000000000005
2023-11,fish finger,Kg,0.5,297.5,0.0,0.0,0.0,0.0,0.5,297.5
2023-11,Black pepper,Kg,0.3,444.0,0.0,0.0,0.1,148.0,0.19999999999999998,296.0
2023-11,Honey,Ltr,0.47,216.2,0.5,200.0,0.3,120.0,1.17,296.2
2023-11,mosquito bat,Nos,0.0,0.0,1.0,295.0,0.0,0.0,1.0,295.0
2023-11,Berry Fresh Chicku Pulp,Kg,2.4,432.0,0.0,0.0,0.8,144.0,1.5999999999999999,288.0
2023-11,Cling Flim,Nos,0.0,0.0,2.0,287.0,0.0,0.0,2.0,287.0
2023-11,Puramate Pasta-Penne Rigatte 500g,Pkt,0.0,0.0,6.0,408.0,1.8,122.4,4.2,285.6
2023-11,Mirinda 750ml pet,Nos,20.0,687.6,0.0,0.0,12.0,412.56,8.0,275.04
2023-11,Puramate Pasta-Gomiti Rigate - macroni - 500g,Nos,0.0,0.0,4.0,272.0,0.0,0.0,4.0,272.0
2023-11,Aqua Fina Mineral Water 1Ltr,Nos,25.0,349.98,12.0,167.99,19.0,265.98,18.0,251.99
2023-11,DVC Bubblegum Syrup Syrup 750 ml,Kg,0.5,244.26,0.0,0.0,0.0,0.0,0.5,244.26
2023-11,DVC Watermelon Syrup 750 ml,Kg,0.5,244.26,0.0,0.0,0.0,0.0,0.5,244.26
2023-11,Dew 250ml Can,Nos,28.0,840.0,0.0,0.0,20.0,600.0,8.0,240.0
2023-11,Puramate Basil 250g Pouch,Grams,300.0,234.0,0.0,0.0,0.0,0.0,300.0,234.0
2023-11,stationery,Nos,0.0,0.0,4.0,232.0,0.0,0.0,4.0,232.0
2023-11,Pepsi 250ml Can,Nos,15.0,450.0,24.0,720.0,32.0,960.0,7.0,210.0
2023-11,Mango Crush Sauce 750ml Malas,Nos,1.5,207.48,0.0,0.0,0.0,0.0,1.5,207.48
2023-11,Chettinad Mix,Kg,0.3,195.3,0.0,0.0,0.0,0.0,0.3,195.3
2023-11,Veeba ThousandIsland Dressing 1KG,Nos,0.0,0.0,6.0,1127.94,5.0,939.95,1.0,187.99
2023-11,Paper Glass,Pkt,0.0,0.0,3.0,184.0,0.0,0.0,3.0,184.0
2023-11,Berry Fresh Tender Coconut Pulp,Kg,0.75,175.0,0.0,0.0,0.0,0.0,0.75,175.0
2023-11,Slice Mango 600ml pet,Nos,10.0,343.8,24.0,825.12,29.0,997.02,5.0,171.9000000000001
2023-11,Chicken Kheema  Masala,Kg,0.0,0.0,0.5,325.5,0.25,162.75,0.75,162.75
2023-11,spray paint,Tin,0.0,0.0,1.0,150.0,0.0,0.0,1.0,150.0
2023-11,Lehar Soda,Nos,30.0,493.8,24.0,395.04,45.0,740.7,9.0,148.14
2023-11,Tripod,Nos,1100.0,1628.0,0.0,0.0,1000.0,1480.0,100.0,148.0
2023-11,Chilli Flakes-Puramate-400grm,Pkt,1.0,143.85,0.0,0.0,0.0,0.0,1.0,143.85
2023-11,Piri Piri Marinade 1KG,Kg,1.7,756.5,0.0,0.0,1.4,623.0,0.30000000000000004,133.5
2023-11,roasted peanuts,Kg,0.24,129.6,0.0,0.0,0.0,0.0,0.24,129.6
2023-11,Cash Voucher Book,Nos,0.0,0.0,2.0,124.0,0.0,0.0,2.0,124.0
2023-11,atta,Kg,0.0,0.0,3.0,123.0,0.0,0.0,3.0,123.0
2023-11,Pad Lock,Nos,0.0,0.0,2.0,116.0,0.0,0.0,2.0,116.0
2023-11,Butter Scotch Sauce 750ml,Grams,600.0,110.4,0.0,0.0,0.0,0.0,600.0,110.4
2023-11,Mittai-Milk-Amul,Tin,2.0,128.0,0.0,0.0,0.3,19.2,1.7,108.8
2023-11,Pineapple slice-Tajir Habit-500g,Nos,7.0,735.0,0.0,0.0,6.0,630.0,1.0,105.0
2023-11,Mustard-Oil,Ltr,0.2,42.0,0.5,155.0,0.3,93.0,0.8999999999999999,104.0
2023-11,Dip Bowl,Nos,0.0,0.0,100.0,200.0,50.0,100.0,50.0,100.0
2023-11,raw papaya,Nos,0.0,0.0,5.0,100.0,0.0,0.0,5.0,100.0
2023-11,DVC Watermelon Syrup 750 ml,Nos,0.0,0.0,2.0,977.04,1.8,879.34,0.19999999999999996,97.69999999999993
2023-11,Garlic Chilli Spread,Kg,3.6,583.2,0.0,0.0,3.0,486.0,0.6000000000000001,97.20000000000005
2023-11,POTATO POPS,Pkt,1.3,395.2,0.0,0.0,1.0,304.0,0.30000000000000004,91.19999999999999
2023-11,Chilli Powder Loose,Kg,0.5,100.0,0.0,0.0,0.05,10.0,0.45,90.0
2023-11,Padlock,Nos,0.0,0.0,1.0,90.0,0.0,0.0,1.0,90.0
2023-11,Tissue,Pkt,0.0,0.0,10.0,180.0,5.0,90.0,5.0,90.0
2023-11,Ice cube,Nos,0.0,0.0,2.0,80.0,0.0,0.0,2.0,80.0
2023-11,Ice cube,Pkt,0.0,0.0,1.0,80.0,0.0,0.0,1.0,80.0
2023-11,Curd-Elanad-500ml,Pkt,0.0,0.0,2.0,74.0,0.0,0.0,2.0,74.0
2023-11,drinking water-20ltr,Nos,0.0,0.0,1.0,60.0,0.0,0.0,1.0,60.0
2023-11,Soya loose,Kg,0.0,0.0,0.5,55.0,0.0,0.0,1.0,55.0
2023-11,Chilli Flakes-Puramate-400grm,Kg,0.15,53.94,0.0,0.0,0.0,0.0,0.15,53.94
2023-11,Mexican Masala,Pkt,0.0,0.0,10.0,4150.0,9.9,4108.5,0.09999999999999964,41.5
2023-11,Puramate Pasta-Gomiti Rigate - macroni - 500g,Grams,300.0,40.8,0.0,0.0,0.0,0.0,300.0,40.8
2023-11,Sugar,Kg,1.0,39.0,0.0,0.0,0.0,0.0,1.0,39.0
2023-11,Paper Straw,Pkt,0.0,0.0,1.0,35.0,0.0,0.0,1.0,35.0
2023-11,Washing Powder 500G,Kg,0.0,0.0,0.5,31.0,0.0,0.0,1.0,31.0
2023-11,Jeerakham - Loose,Kg,0.0,0.0,0.05,30.0,0.0,0.0,0.0,30.0
2023-11,Turmeric Powder-loose,Kg,0.5,66.0,0.0,0.0,0.3,39.6,0.2,26.4
2023-11,Veeba ThousandIsland Dressing 1KG,Kg,0.1,18.8,0.0,0.0,0.0,0.0,0.1,18.8
2023-11,Mini Burger Box,Pkt,0.0,0.0,1.0,300.0,1.0,300.0,0.0,0.0
2023-11,Salad Bowl 250ml,Nos,50.0,294.5,0.0,0.0,50.0,294.5,0.0,0.0
2023-11,Veeba Ketchup Sachet,Pkt,17.0,1394.0,12.0,984.0,29.0,2378.0,0.0,0.0
2023-11,black olive slice Habit,Tin,0.0,0.0,2.0,1136.0,2.0,1136.0,0.0,0.0
2023-11,chilly flakes 500gm,Pkt,0.0,0.0,1.0,195.0,1.0,195.0,0.0,0.0
2023-11,red paprika habit,Tin,0.0,0.0,2.0,796.0,2.0,796.0,0.0,0.0
2023-11,Salt,Pkt,2.7,37.8,0.0,0.0,3.4,47.6,-0.6999999999999997,-9.800000000000004
2023-11,7up 250ml Can,Nos,0.0,0.0,24.0,720.0,25.0,750.0,-1.0,-30.0
2023-11,Sugar-Loose,Kg,0.0,0.0,0.0,0.0,0.8,33.6,-0.8,-33.6
2023-11,Plastic Cover 12X16,Nos,0.0,0.0,0.0,0.0,10.0,35.0,-10.0,-35.0
2023-11,Paper Straw big,Pkt,0.0,0.0,0.0,0.0,1.0,45.0,-1.0,-45.0
2023-11,Green Peas,Kg,0.6,60.0,0.0,0.0,1.1,110.0,-0.5000000000000001,-50.0
2023-11,Tandoori Chicken Masala-Bakers,Nos,0.0,0.0,0.0,0.0,1.0,65.0,-1.0,-65.0
2023-11,Butter Scotch Sauce 750ml,Nos,0.0,0.0,0.0,0.0,0.5,69.0,-0.5,-69.0
2023-11,Puramate Pasta-Gomiti Rigate - macroni - 500g,Pkt,0.0,0.0,0.0,0.0,1.4,95.2,-1.4,-95.2
2023-11,Masoor-Red,Kg,0.8,64.0,0.0,0.0,2.1,168.0,-1.3,-104.0
2023-11,Wooden Spoon-160mm,Pkt,0.0,0.0,0.0,0.0,1.0,125.0,-1.0,-125.0
2023-11,Corn Meal - MAKKA RAVA,Kg,0.6,54.0,0.0,0.0,2.0,180.0,-1.4,-126.0
2023-11,Malas Chocolate Sauce 5 ltr,Ltr,0.0,0.0,0.0,0.0,0.6,127.2,-0.6,-127.2
2023-11,Basil-fresh,Kg,0.0,0.0,0.0,0.0,0.2,136.0,-0.2,-136.0
2023-11,French Fries Box,Nos,132.0,661.32,100.0,535.0,250.0,1337.5,-18.0,-141.17999999999984
2023-11,Plastic Cover 26X30,Pkt,0.0,0.0,0.0,0.0,1.0,180.0,-1.0,-180.0
2023-11,paper bags large,Nos,0.0,0.0,125.0,1500.0,140.0,1680.0,-15.0,-180.0
2023-11,DVC Bubblegum Syrup Syrup 750 ml,Nos,0.0,0.0,0.0,0.0,0.4,195.41,-0.4,-195.41
2023-11,Plastic Cover 16X20,Pkt,0.0,0.0,0.0,0.0,1.5,195.0,-1.5,-195.0
2023-11,Chicken Sausage,Kg,1.7,586.5,0.0,0.0,2.3,793.5,-0.5999999999999999,-207.0
2023-11,Chocolate Ice-cream,Kg,0.0,0.0,0.0,0.0,0.8,280.0,-0.8,-280.0
2023-11,DVC Peach GardenSyrup 750 ml,Nos,0.0,0.0,0.0,0.0,0.6,293.11,-0.6,-293.11
2023-11,habit baby corn,Nos,0.0,0.0,0.0,0.0,3.0,294.0,-3.0,-294.0
2023-11,DVC Cucumber Syrup 750 ml,Nos,0.0,0.0,0.0,0.0,0.7,341.96,-0.7,-341.96
2023-11,Veeba Chilli Flakes Seasoning(8G),Nos,0.0,0.0,0.0,0.0,3.0,396.9,-3.0,-396.9
2023-11,BBQ Mix Masala,Pkt,0.0,0.0,3.0,1395.0,3.9,1813.5,-0.8999999999999999,-418.5
2023-11,Berry Fresh Tender Coconut Pulp,Tin,0.0,0.0,0.0,0.0,1.2,420.0,-1.2,-420.0
2023-11,CHICKEN POPCORN,Pkt,0.0,0.0,0.0,0.0,1.5,443.5,-1.5,-443.5
2023-11,Bio-Bag-20x26-35,Kg,0.0,0.0,0.0,0.0,2.0,460.0,-2.0,-460.0
2023-11,bred premix,Kg,0.0,0.0,0.0,0.0,2.5,472.5,-2.5,-472.5
2023-11,DVC Green Apple 750 ML,Nos,1.0,488.52,0.0,0.0,2.0,977.04,-1.0,-488.52
2023-11,habit olive oil,Nos,0.0,0.0,2.0,1014.3,3.0,1521.45,-1.0,-507.1500000000001
2023-11,DVC Mixed Berry Beverage Blend Syrup 750 ml,Nos,0.0,0.0,0.0,0.0,0.8,611.71,-0.8,-611.71
2023-11,SALAMI,Kg,0.0,0.0,0.0,0.0,2.2,613.81,-2.2,-613.81
2023-11,Bio-Bag-16x20-50,Kg,0.0,0.0,0.0,0.0,3.0,690.0,-3.0,-690.0
2023-11,Milkymist Cheese BLock 1KG,Kg,0.0,0.0,0.0,0.0,1.3,715.0,-1.3,-715.0
2023-11,Paneer Tikka Butter Masala,Pkt,0.0,0.0,2.0,750.0,4.0,1500.0,-2.0,-750.0
2023-11,Strawberry-Ice cream,Pkt,0.0,0.0,0.0,0.0,1.6,803.2,-1.6,-803.2
2023-11,DVC BLUE OCCEAN FLV SYRUP 750ML,Nos,0.0,0.0,0.0,0.0,2.0,977.04,-2.0,-977.04
2023-11,DVC Strawberry Syrup Syrup 750 ml,Nos,0.0,0.0,0.0,0.0,2.0,977.04,-2.0,-977.04
2023-11,Processed cheese block,Kg,0.0,0.0,0.0,0.0,2.0,1100.0,-2.0,-1100.0
2023-11,Veeba Gouda Flavoured Dressing,Kg,8.0,1720.32,0.0,0.0,14.0,3010.56,-6.0,-1290.24
2023-11,DVC PASSION FRUIT FLV SYRUP 750ML,Nos,0.0,0.0,0.0,0.0,2.8,1367.86,-2.8,-1367.86
2023-11,Tandoori mix Masala,Pkt,0.0,0.0,5.0,1975.0,8.6,3397.0,-3.5999999999999996,-1422.0
2023-11,french fry hungritos 2.5kg,Kg,0.0,0.0,15.0,5085.0,20.0,6780.0,-5.0,-1695.0
2023-11,DVC Mango Beverage Blend Syrup 750 ml,Nos,0.0,0.0,0.0,0.0,2.3,1758.67,-2.3,-1758.67
2023-11,7up pet 750ml,Nos,0.0,0.0,0.0,0.0,54.0,1856.52,-54.0,-1856.52
2023-11,Mc Cain Potato Wedges 2.5kg,Nos,0.0,0.0,0.0,0.0,4.0,1926.4,-4.0,-1926.4
2023-11,Herb Mix Masla,Pkt,0.0,0.0,3.0,1275.0,8.1,3442.5,-5.1,-2167.5
2023-11,canvill button mushroom,Tin,0.0,0.0,24.0,3432.0,50.0,7150.0,-26.0,-3718.0
2023-11,AMUL Mozzarella Cheese Block 1Kg,Pkt,0.0,0.0,0.0,0.0,53.0,17490.0,-53.0,-17490.0
2023-12,grocery,Nos,0.0,0.0,109.0,18123.02,0.0,0.0,109.0,18123.02
2023-12,Boneless Chicken,Kg,5.0,1140.0,70.85,18311.55,5.0,1400.0,71.0,18051.55
2023-12,AMUL Mozzarella Cheese Block 1Kg,Pkt,53.0,17490.0,0.0,0.0,0.0,0.0,53.0,17490.0
2023-12,dynamic diced mozerella,Kg,0.0,0.0,84.0,37464.0,45.0,20070.0,39.0,17394.0
2023-12,Gas-LPG-HPCL,Nos,2.0,3680.0,8.0,14720.0,2.0,3600.0,8.0,14800.0
2023-12,veg,Nos,0.0,0.0,168.0,14406.97,0.0,0.0,168.0,14406.97
2023-12,french fry hungritos 2.5kg,Kg,20.0,6780.0,37.5,5250.0,10.0,1400.0,48.0,10630.0
2023-12,Maida(Porotta 50kg),Kg,135.0,5751.0,100.0,4260.0,100.0,4260.0,135.0,5751.0
2023-12,Veeba Pasta & Pizza Sauce 1KG,Pkt,16.0,2944.0,11.0,2024.0,0.0,0.0,27.0,4968.0
2023-12,7up pet 750ml,Nos,54.0,1856.52,48.0,1650.24,0.0,0.0,102.0,3506.76
2023-12,French Fries 9mm-Funwave,Kg,0.0,0.0,25.0,3390.0,0.0,0.0,25.0,3390.0
2023-12,Milkymist Cheese BLock 1KG,Pkt,0.0,0.0,6.0,3300.0,0.0,0.0,6.0,3300.0
2023-12,Veeba Gouda Flavoured Dressing,Kg,14.0,3010.56,0.0,0.0,0.0,0.0,14.0,3010.56
2023-12,MilkyMist-Mozzarella Cheese-shredded-2kg,Pkt,3.0,2874.0,0.0,0.0,0.0,0.0,3.0,2874.0
2023-12,Mojito Menta Cubano,Nos,0.0,0.0,5.0,2442.6,0.0,0.0,5.0,2442.6
2023-12,G.Crown Mushroom Slice 800g,Tin,0.0,0.0,24.0,2376.0,0.0,0.0,24.0,2376.0
2023-12,eng.veg,Nos,0.0,0.0,11.0,2269.01,0.0,0.0,11.0,2269.01
2023-12,Pizza Premix,Kg,16.0,3840.0,0.0,0.0,7.0,1680.0,9.0,2160.0
2023-12,butter,Kg,2.5,950.0,6.0,2280.0,3.0,1140.0,5.5,2090.0
2023-12,Herb Mix Masla,Pkt,8.1,3442.5,0.4,170.0,3.7,1572.5,4.3999999999999995,2040.0
2023-12,Vanilla Ice-cream,Pkt,1.6,870.4,2.0,1088.0,0.0,0.0,3.6,1958.4
2023-12,Mc Cain Potato Wedges 2.5kg,Nos,4.0,1926.4,0.0,0.0,0.0,0.0,4.0,1926.4
2023-12,paper bags regular,Nos,210.0,2100.0,150.0,1500.0,175.0,1750.0,185.0,1850.0
2023-12,Milkymist Cheese BLock 1KG,Kg,1.3,715.0,2.0,1100.0,0.0,0.0,3.3,1815.0
2023-12,Mexican Masala,Pkt,9.9,4108.5,0.0,0.0,5.6,2324.0,4.300000000000001,1784.5
2023-12,Veeba Ketchup Sachet,Pkt,29.0,2378.0,12.0,901.44,20.0,1502.4,21.0,1777.04
2023-12,Pepsi 250ml Pet,Nos,45.0,787.5,120.0,2100.0,65.0,1137.5,100.0,1750.0
2023-12,Paneer,Kg,2.0,580.0,6.0,1740.0,2.0,580.0,6.0,1740.0
2023-12,Pepsi 1250ml Pet,Nos,16.0,973.28,24.0,1459.92,13.0,790.79,27.0,1642.4099999999999
2023-12,Pepsi 750ml Pet,Nos,43.0,1478.34,24.0,825.12,21.0,721.98,46.0,1581.48
2023-12,canvill button mushroom,Tin,50.0,7150.0,0.0,0.0,39.0,5577.0,11.0,1573.0
2023-12,Zippy Chicken Salami,Pkt,0.0,0.0,5.0,1562.4,0.0,0.0,5.0,1562.4
2023-12,Flexi Cream Gold,Pkt,3.0,584.1,10.0,1947.0,5.0,973.5,8.0,1557.6
2023-12,Veeba Eggless Mayonise Chef 1KG,Pkt,43.0,6038.06,0.0,0.0,32.0,4493.44,11.0,1544.6200000000008
2023-12,Moktails Glass,Nos,189.0,1512.0,50.0,400.0,50.0,400.0,189.0,1512.0
2023-12,HABIT JALAPENO SLICES 2.9 KG,Nos,6.0,1489.26,0.0,0.0,0.0,0.0,6.0,1489.26
2023-12,Tripod,Nos,1000.0,1480.0,0.0,0.0,0.0,0.0,1000.0,1480.0
2023-12,habit olive oil,Nos,3.0,1521.45,3.0,1107.0,3.5,1291.5,2.5,1336.9499999999998
2023-12,DVC Mint Flavoured Syrup 750 ml,Nos,2.7,1318.95,0.0,0.0,0.0,0.0,2.7,1318.95
2023-12,bio covers,Pkt,0.0,0.0,7.0,1310.0,0.0,0.0,7.0,1310.0
2023-12,dynamic cheddar block,Kg,0.0,0.0,2.0,1183.0,0.0,0.0,2.0,1183.0
2023-12,nuggets sumeru,Pkt,0.0,0.0,4.0,1180.0,0.0,0.0,4.0,1180.0
2023-12,French Fries Box,Nos,250.0,1337.5,0.0,0.0,32.0,171.2,218.0,1166.3
2023-12,paper bags large,Nos,140.0,1680.0,50.0,600.0,95.0,1140.0,95.0,1140.0
2023-12,veeba pizza pasta sauce,Nos,0.0,0.0,23.0,4224.41,17.0,3122.39,6.0,1102.02
2023-12,Processed cheese block,Kg,2.0,1100.0,0.0,0.0,0.0,0.0,2.0,1100.0
2023-12, dry yeast 500 gm,Pkt,8.0,1480.0,0.0,0.0,2.2,407.0,5.8,1073.0
2023-12,DVC Mango Beverage Blend Syrup 750 ml,Nos,2.3,1758.67,0.0,0.0,1.0,764.64,1.2999999999999998,994.0300000000001
2023-12,Medium Pizza Box,Nos,838.0,9637.0,0.0,0.0,752.0,8648.0,86.0,989.0
2023-12,7UP 1250ml Pet,Nos,9.0,547.47,12.0,729.96,5.0,304.15,16.0,973.2800000000001
2023-12,7up750mlpet,Nos,0.0,0.0,48.0,1650.24,21.0,721.98,27.0,928.26
2023-12,Chicken-Whole-Staff,Kg,0.0,0.0,6.0,900.0,0.0,0.0,6.0,900.0
2023-12,milk,Pkt,2.0,50.0,34.0,850.0,0.0,0.0,36.0,900.0
2023-12,Pasta Container Black,Nos,100.0,895.0,0.0,0.0,0.0,0.0,100.0,895.0
2023-12,Veeba Makhani Gravy 1KG,Kg,4.0,860.16,0.0,0.0,0.0,0.0,4.0,860.16
2023-12,7up 250ml Pet,Nos,27.0,472.5,90.0,1575.0,68.0,1190.0,49.0,857.5
2023-12,tomato ketchup,Nos,5.0,410.0,4.0,420.0,0.0,0.0,9.0,830.0
2023-12,Dew 250ml Pet,Nos,26.0,455.0,60.0,1050.0,39.0,682.5,47.0,822.5
2023-12,Lehar Soda,Nos,45.0,740.7,48.0,790.08,44.0,724.24,49.0,806.5400000000002
2023-12,Puramate Pasta-Penne Rigatte 500g,Pkt,1.8,122.4,18.0,1224.0,8.0,544.0,11.8,802.4000000000001
2023-12,Slice Mango 200ml pet,Nos,28.0,494.67,30.0,530.0,13.0,229.67,45.0,795.0000000000001
2023-12,Chicken Sausage,Kg,2.3,793.5,0.0,0.0,0.0,0.0,2.3,793.5
2023-12,Dew 250ml Can,Nos,20.0,600.0,24.0,720.0,18.0,540.0,26.0,780.0
2023-12,BBQ Mix Masala,Pkt,3.9,1813.5,0.0,0.0,2.3,1069.5,1.6,744.0
2023-12,DVC BLUE OCCEAN FLV SYRUP 750ML,Nos,2.0,977.04,2.0,977.0,2.5,1221.25,1.5,732.79
2023-12,Bio-Bag-16x20-50,Kg,3.0,690.0,0.0,0.0,0.0,0.0,3.0,690.0
2023-12,Dew 750ml Pet,Nos,30.0,1031.4,24.0,825.12,35.0,1203.3,19.0,653.22
2023-12,Zippy  B.Fast Sausage ,Pkt,0.0,0.0,5.3,1691.76,3.3,1053.36,1.7000000000000002,638.4000000000001
2023-12,Tandoori mix Masala,Pkt,8.6,3397.0,0.2,79.0,7.2,2844.0,1.3999999999999995,632.0
2023-12,Pineapple slice-Tajir Habit-500g,Nos,6.0,630.0,0.0,0.0,0.0,0.0,6.0,630.0
2023-12,Piri Piri Marinade 1KG,Kg,1.4,623.0,0.0,0.0,0.0,0.0,1.4,623.0
2023-12,Butter Scotch Ice-cream,Pkt,2.0,1546.0,0.0,0.0,1.2,927.6,0.8,618.4
2023-12,isham veg,Nos,0.0,0.0,5.0,618.0,0.0,0.0,5.0,618.0
2023-12,SALAMI,Kg,2.2,613.81,0.0,0.0,0.0,0.0,2.2,613.81
2023-12,Pizza sauce premix,Kg,2.5,600.0,2.2,528.0,2.2,528.0,2.3,600.0
2023-12,DVC Green Apple 750 ML,Nos,2.0,977.04,4.0,1954.0,4.9,2393.65,1.0999999999999996,537.3899999999999
2023-12,water 20ltr with botl,Nos,0.0,0.0,2.0,520.0,0.0,0.0,2.0,520.0
2023-12,Pepsi 250ml Can,Nos,32.0,960.0,0.0,0.0,15.0,450.0,17.0,510.0
2023-12,Frozen Sweet Corn-Pal Fresh,Kg,0.0,0.0,5.0,495.0,0.0,0.0,5.0,495.0
2023-12,Frozen Sweet Corn-Pal Fresh,Nos,5.0,495.0,0.0,0.0,0.0,0.0,5.0,495.0
2023-12,Frozen Sweet Corn-Pal Fresh,Pkt,0.0,0.0,12.0,1188.0,7.0,693.0,5.0,495.0
2023-12,Baby Corn Whole-450GM-Golden Crown,Tin,0.0,0.0,5.0,490.0,0.0,0.0,5.0,490.0
2023-12,DVC Passion Fruit 750ML,Nos,0.0,0.0,1.0,488.25,0.0,0.0,1.0,488.25
2023-12,OREGANO SACHET 0.8GM,Pkt,13.0,1014.0,8.0,992.16,11.0,1532.96,10.0,473.1999999999998
2023-12,bred premix,Kg,2.5,472.5,0.0,0.0,0.0,0.0,2.5,472.5
2023-12,Bio-Bag-20x26-35,Kg,2.0,460.0,0.0,0.0,0.0,0.0,2.0,460.0
2023-12,Wooden Fork-160mm,Pkt,0.0,0.0,4.0,400.0,0.0,0.0,4.0,400.0
2023-12,Veeba Chilli Flakes Seasoning(8G),Nos,3.0,396.9,0.0,0.0,0.0,0.0,3.0,396.9
2023-12,apron,Nos,0.0,0.0,3.0,390.0,0.0,0.0,3.0,390.0
2023-12,Paneer Tikka Butter Masala,Pkt,4.0,1500.0,0.0,0.0,3.0,1125.0,1.0,375.0
2023-12,egg,Nos,6.0,39.24,47.0,310.5,0.0,0.0,53.0,349.74
2023-12,Salad Bowl 500ml,Nos,53.0,347.15,70.0,458.5,70.0,458.5,53.0,347.15
2023-12,DVC Cucumber Syrup 750 ml,Nos,0.7,341.96,0.0,0.0,0.0,0.0,0.7,341.96
2023-12,7up 250ml Can,Nos,25.0,750.0,0.0,0.0,15.0,450.0,10.0,300.0
2023-12,Mini Burger Box,Pkt,1.0,300.0,0.0,0.0,0.0,0.0,1.0,300.0
2023-12,Salad Bowl 250ml,Nos,50.0,294.5,24.0,141.36,24.0,141.36,50.0,294.5
2023-12,Aqua Fina Mineral Water 1Ltr,Nos,19.0,265.98,24.0,335.98,22.0,307.98,21.0,293.98
2023-12,habit baby corn,Nos,3.0,294.0,0.0,0.0,0.0,0.0,3.0,294.0
2023-12,Chocolate Ice-cream,Kg,0.8,280.0,0.0,0.0,0.0,0.0,0.8,280.0
2023-12,Regular Pizza Box,Nos,340.0,3060.0,0.0,0.0,309.0,2781.0,31.0,279.0
2023-12,Mirinda 750ml pet,Nos,12.0,412.56,24.0,825.12,28.0,962.64,8.0,275.0400000000001
2023-12,Slice Mango 600ml pet,Nos,29.0,997.02,0.0,0.0,21.0,721.98,8.0,275.03999999999996
2023-12,kitchen towel,Nos,0.0,0.0,4.0,260.0,0.0,0.0,4.0,260.0
2023-12,Oregano Sprinkler 500g,Nos,2.8,909.44,0.3,97.44,2.3,747.04,0.5,259.84000000000015
2023-12,led bulb,Nos,0.0,0.0,2.0,250.0,0.0,0.0,2.0,250.0
2023-12,Berry Fresh Tender Coconut Pulp,Tin,1.2,420.0,0.0,0.0,0.5,175.0,0.7,245.0
2023-12,Tandoori Tikka Marinade 500Grm,Kg,0.2,230.0,0.0,0.0,0.0,0.0,0.2,230.0
2023-12,Pineapple slice-Tajir Habit-500g,Tin,0.0,0.0,2.0,220.5,0.0,0.0,2.0,220.5
2023-12,Mirinda 250ml pet,Nos,22.0,385.0,30.0,525.0,40.0,700.0,12.0,210.0
2023-12,red paprika habit,Tin,2.0,796.0,2.0,796.0,3.5,1393.0,0.5,199.0
2023-12,Garlic Bread Box,Nos,111.0,915.75,0.0,0.0,87.0,717.75,24.0,198.0
2023-12,Plastic Cover 16X20,Pkt,1.5,195.0,0.0,0.0,0.0,0.0,1.5,195.0
2023-12,chilly flakes 500gm,Pkt,1.0,195.0,1.0,195.0,1.0,195.0,1.0,195.0
2023-12,Veeba ThousandIsland Dressing 1KG,Nos,5.0,939.95,0.0,0.0,4.0,751.96,1.0,187.99
2023-12,Cash Voucher Book,Nos,0.0,0.0,3.0,186.0,0.0,0.0,3.0,186.0
2023-12,POTATO POPS,Pkt,1.0,304.0,0.0,0.0,0.4,121.6,0.6,182.4
2023-12,Corn Meal - MAKKA RAVA,Kg,2.0,180.0,0.0,0.0,0.0,0.0,2.0,180.0
2023-12,Plastic Cover 26X30,Pkt,1.0,180.0,0.0,0.0,0.0,0.0,1.0,180.0
2023-12,Chicken Kheema  Masala,Kg,0.25,162.75,0.5,325.5,0.5,325.5,0.75,162.75
2023-12,Puramate Pasta-Gomiti Rigate - macroni - 500g,Pkt,1.4,95.2,6.2,421.6,5.2,353.6,2.2,163.20000000000005
2023-12,Garlic Chilli Spread,Kg,3.0,486.0,0.0,0.0,2.0,324.0,1.0,162.0
2023-12,Mini Burger Box,Nos,0.0,0.0,100.0,300.0,50.0,150.0,50.0,150.0
2023-12,Black pepper,Kg,0.1,148.0,0.0,0.0,0.0,0.0,0.1,148.0
2023-12,DVC Strawberry Syrup Syrup 750 ml,Nos,2.0,977.04,0.0,0.0,1.7,830.48,0.30000000000000004,146.55999999999995
2023-12,Berry Fresh Chicku Pulp,Kg,0.8,144.0,0.0,0.0,0.0,0.0,0.8,144.0
2023-12,Strawberry sause 750,Nos,0.0,0.0,1.0,143.0,0.0,0.0,1.0,143.0
2023-12,Basil-fresh,Kg,0.2,136.0,0.0,0.0,0.0,0.0,0.2,136.0
2023-12,Malas Chocolate Sauce 5 ltr,Ltr,0.6,127.2,0.0,0.0,0.0,0.0,0.6,127.2
2023-12,Wooden Spoon-160mm,Pkt,1.0,125.0,0.0,0.0,0.0,0.0,1.0,125.0
2023-12,Honey,Ltr,0.3,120.0,0.0,0.0,0.0,0.0,0.3,120.0
2023-12,Large Pizza Box,Nos,168.0,2494.8,0.0,0.0,160.0,2376.0,8.0,118.80000000000018
2023-12,Dip Bowl,Nos,50.0,100.0,0.0,0.0,0.0,0.0,50.0,100.0
2023-12,raw papaya,Nos,0.0,0.0,4.0,100.0,0.0,0.0,4.0,100.0
2023-12,DVC Bubblegum Syrup Syrup 750 ml,Nos,0.4,195.41,1.0,488.52,1.2,586.22,0.19999999999999996,97.70999999999992
2023-12,DVC PASSION FRUIT FLV SYRUP 750ML,Nos,2.8,1367.86,0.0,0.0,2.6,1270.15,0.19999999999999973,97.70999999999981
2023-12,DVC Watermelon Syrup 750 ml,Nos,1.8,879.34,1.0,488.5,2.6,1270.1,0.19999999999999973,97.74000000000024
2023-12,Mustard-Oil,Ltr,0.3,93.0,0.0,0.0,0.0,0.0,0.3,93.0
2023-12,DVC Mixed Berry Beverage Blend Syrup 750 ml,Nos,0.8,611.71,0.0,0.0,0.7,535.25,0.10000000000000009,76.46000000000004
2023-12,curd milma,Pkt,0.0,0.0,2.0,70.0,0.0,0.0,2.0,70.0
2023-12,Tandoori Chicken Masala-Bakers,Nos,1.0,65.0,0.0,0.0,0.0,0.0,1.0,65.0
2023-12,drinking water-20ltr,Nos,0.0,0.0,1.0,60.0,0.0,0.0,1.0,60.0
2023-12,Agarbathi,Pkt,0.0,0.0,1.0,50.0,0.0,0.0,1.0,50.0
2023-12,Strawberry-Ice cream,Pkt,1.6,803.2,0.0,0.0,1.5,753.0,0.10000000000000009,50.200000000000045
2023-12,DVC Peach GardenSyrup 750 ml,Nos,0.6,293.11,0.0,0.0,0.5,244.26,0.09999999999999998,48.85000000000002
2023-12,Masoor-Red,Kg,2.1,168.0,0.0,0.0,1.5,120.0,0.6000000000000001,48.0
2023-12,Paper Straw big,Pkt,1.0,45.0,0.0,0.0,0.0,0.0,1.0,45.0
2023-12,Plastic Cover 12X16,Nos,10.0,35.0,0.0,0.0,0.0,0.0,10.0,35.0
2023-12,Sugar-Loose,Kg,0.8,33.6,2.0,84.0,2.0,84.0,0.7999999999999998,33.599999999999994
2023-12,Lemon-Veg,Kg,0.0,0.0,0.15,21.0,0.0,0.0,0.0,21.0
2023-12,Mittai-Milk-Amul,Tin,0.3,19.2,0.0,0.0,0.0,0.0,0.3,19.2
2023-12,Butter Scotch Sauce 750ml,Nos,0.5,69.0,0.0,0.0,0.4,55.2,0.09999999999999998,13.799999999999997
2023-12,Chilli Powder Loose,Kg,0.05,10.0,0.0,0.0,0.0,0.0,0.05,10.0
2023-12,Green Peas,Kg,1.1,110.0,0.0,0.0,1.0,100.0,0.10000000000000009,10.0
2023-12,Bread Premix,Kg,0.0,0.0,0.8,192.0,0.8,192.0,0.19999999999999996,0.0
2023-12,Brownie,Kg,5.0,1925.0,0.0,0.0,5.0,1925.0,0.0,0.0
2023-12,Corn Meal - Chola Rava,Kg,0.0,0.0,0.5,40.0,0.5,40.0,0.5,0.0
2023-12,Malas Chocolate Sauce 5 ltr,Nos,0.0,0.0,1.0,1060.0,1.0,1060.0,0.0,0.0
2023-12,Schezwan sauce,Pkt,2.0,700.0,0.0,0.0,2.0,700.0,0.0,0.0
2023-12,Turmeric Powder-loose,Kg,0.3,39.6,0.0,0.0,0.3,39.6,0.0,0.0
2023-12,milk,Nos,0.0,0.0,2.0,50.0,2.0,50.0,0.0,0.0
2023-12,Salt,Pkt,3.4,47.6,0.0,0.0,3.5,49.0,-0.10000000000000009,-1.3999999999999986
2023-12,Chilly Powder 1kg-Eastern,Kg,0.0,0.0,0.0,0.0,0.1,33.0,-0.1,-33.0
2023-12,Ice cube,Nos,0.0,0.0,0.0,0.0,1.0,40.0,-1.0,-40.0
2023-12,Coriander Powder-loose,Kg,0.0,0.0,0.0,0.0,0.3,48.0,-0.3,-48.0
2023-12,Honey,Kg,0.0,0.0,1.0,244.0,1.2,292.8,-0.19999999999999996,-48.80000000000001
2023-12,CHICKEN POPCORN,Pkt,1.5,443.5,0.0,0.0,1.7,502.64,-0.19999999999999996,-59.139999999999986
2023-12,Tissue,Pkt,5.0,90.0,0.0,0.0,10.0,180.0,-5.0,-90.0
2023-12,Paper Glass,Pkt,0.0,0.0,0.0,0.0,1.0,100.0,-1.0,-100.0
2023-12,paper bags medium,Nos,0.0,0.0,100.0,1071.0,110.0,1178.1,-10.0,-107.09999999999991
2023-12,fish finger,Kg,0.0,0.0,0.0,0.0,0.3,178.5,-0.3,-178.5
2023-12,Mixed Herb Loose,Grams,0.0,0.0,0.0,0.0,200.0,192.0,-200.0,-192.0
2023-12,Chicken Nuggets-Godrej-1kg,Pkt,0.0,0.0,2.0,657.56,2.6,854.83,-0.6000000000000001,-197.2700000000001
2023-12,Vanilla Ice-cream 4ltr,Nos,0.0,0.0,0.0,0.0,0.5,272.0,-0.5,-272.0
2023-12,black olive slice Habit,Tin,2.0,1136.0,0.0,0.0,2.5,1420.0,-0.5,-284.0
2023-12,habit baby corn,Pkt,0.0,0.0,4.0,392.0,7.0,686.0,-3.0,-294.0
2023-12,French Fries 6mm-Funwave 2.5 KG,Pkt,0.0,0.0,10.0,3390.0,11.0,3729.0,-1.0,-339.0
2023-12,Veeba T. Ketchup 1.2KG,Pkt,0.0,0.0,0.0,0.0,4.0,420.0,-4.0,-420.0
2023-12,Veeba Tandoori Spread-1kg,Nos,0.0,0.0,0.0,0.0,2.0,434.0,-2.0,-434.0
2023-12,Pineapple slice-Tajir Habit-850g,Nos,0.0,0.0,0.0,0.0,4.0,441.0,-4.0,-441.0
2023-12,Lamp Pepperoni,Kg,0.5,447.5,0.0,0.0,1.0,895.0,-0.5,-447.5
2023-12,Piri Piri Marinade 1KG,Pkt,0.0,0.0,1.5,701.23,2.5,1168.72,-0.5,-467.49
2023-12,DVC Strawberry Syrup 750 ml,Nos,0.0,0.0,0.0,0.0,1.0,488.52,-1.0,-488.52
2023-12,HABIT JALAPENO SLICES 2.9 KG,Tin,0.0,0.0,6.0,1668.0,8.0,2224.0,-2.0,-556.0
2023-12,GO Colby Cheese Block 2kg,Kg,0.0,0.0,0.0,0.0,1.0,610.0,-1.0,-610.0
2023-12,Palm Oil - Refined Oil,Pkt,0.0,0.0,0.0,0.0,7.0,612.5,-7.0,-612.5
2023-12,Veeba Makhani Gravy 1KG,Pkt,0.0,0.0,0.0,0.0,3.0,645.12,-3.0,-645.12
2023-12,GO Orange Cheddar Cheese 2kg,Kg,0.0,0.0,0.0,0.0,1.4,793.1,-1.4,-793.1
2023-12,SALAMI,Pkt,0.0,0.0,0.0,0.0,3.0,837.0,-3.0,-837.0
2023-12,bio cover,Pkt,0.0,0.0,0.0,0.0,5.0,900.0,-5.0,-900.0
2023-12,DVC MOJITO MINT 750ML,Nos,0.0,0.0,5.0,2442.6,7.0,3419.64,-2.0,-977.04
2023-12,Veeba Gouda Flavoured Dressing,Nos,0.0,0.0,0.0,0.0,8.0,1720.32,-8.0,-1720.32
2023-12,Processed cheese block,Pkt,0.0,0.0,0.0,0.0,4.0,2200.0,-4.0,-2200.0
2024-01,dynamic diced mozerella,Kg,45.0,20070.0,24.0,10704.0,20.0,8920.0,49.0,21854.0
2024-01,Boneless Chicken,Kg,5.0,1400.0,63.0,17089.98,4.0,1167.32,64.0,17322.66
2024-01,grocery,Nos,0.0,0.0,88.0,17188.95,0.0,0.0,88.0,17188.95
2024-01,Gas-LPG-HPCL,Nos,2.0,3600.0,9.0,16200.0,2.0,3600.0,9.0,16200.0
2024-01,veg,Nos,0.0,0.0,149.0,11597.07,0.0,0.0,149.0,11597.07
2024-01,canvill button mushroom,Tin,39.0,5577.0,0.0,0.0,0.0,0.0,39.0,5577.0
2024-01,Maida(Porotta 50kg),Kg,100.0,4260.0,0.0,0.0,0.0,0.0,100.0,4260.0
2024-01,DVC MOJITO MINT 750ML,Nos,7.0,3419.64,1.0,488.52,0.0,0.0,8.0,3908.16
2024-01,French Fries 6mm-Funwave,Nos,0.0,0.0,10.0,3390.0,0.0,0.0,10.0,3390.0
2024-01,OREGANO SACHET 0.8GM,Pkt,11.0,1532.96,8.0,1760.0,0.5,110.0,18.5,3182.96
2024-01,veeba pizza pasta sauce,Nos,17.0,3122.39,24.0,4408.08,25.0,4591.75,16.0,2938.7199999999993
2024-01,Medium Pizza Box,Nos,752.0,8648.0,0.0,0.0,500.0,5750.0,252.0,2898.0
2024-01,Pepsi 750ml Pet,Nos,21.0,721.98,96.0,3300.48,35.0,1203.3,82.0,2819.16
2024-01,Processed cheese block,Pkt,4.0,2200.0,0.0,0.0,0.0,0.0,4.0,2200.0
2024-01,AMUL Mozzarella Diced 1Kg,Kg,0.0,0.0,36.0,17604.0,32.0,15648.0,4.0,1956.0
2024-01,Mexican Masala,Pkt,5.6,2324.0,0.0,0.0,1.0,415.0,4.6,1909.0
2024-01,chilly flakes sachet,Nos,0.0,0.0,3750.0,1950.0,89.0,46.28,3661.0,1903.72
2024-01,DVC PASSION FRUIT FLV SYRUP 750ML,Nos,2.6,1270.15,1.0,488.52,0.0,0.0,3.6,1758.67
2024-01,eng.veg,Nos,0.0,0.0,10.0,1756.0,0.0,0.0,10.0,1756.0
2024-01,Veeba Gouda Flavoured Dressing,Nos,8.0,1720.32,0.0,0.0,0.0,0.0,8.0,1720.32
2024-01,Large Pizza Box,Nos,160.0,2376.0,0.0,0.0,50.0,742.5,110.0,1633.5
2024-01,Pizza Premix,Kg,7.0,1680.0,0.0,0.0,0.5,120.0,6.5,1560.0
2024-01,7up750mlpet,Nos,21.0,721.98,48.0,1650.24,24.0,825.12,45.0,1547.1000000000004
2024-01,Paneer,Kg,2.0,580.0,5.0,1450.0,2.0,580.0,5.0,1450.0
2024-01,french fry hungritos 2.5kg,Kg,10.0,1400.0,0.0,0.0,0.0,0.0,10.0,1400.0
2024-01,Chicken-Whole-Staff,Kg,0.0,0.0,8.0,1200.0,0.0,0.0,8.0,1200.0
2024-01,Pepsi 250ml Pet,Nos,65.0,1137.5,30.0,525.0,29.0,507.5,66.0,1155.0
2024-01,Veeba Eggless Mayonise Chef 1KG,Pkt,32.0,4493.44,0.0,0.0,24.0,3370.08,8.0,1123.3599999999997
2024-01,HABIT JALAPENO SLICES 2.9 KG,Tin,8.0,2224.0,0.0,0.0,4.0,1112.0,4.0,1112.0
2024-01,7up 250ml Pet,Nos,68.0,1190.0,30.0,525.0,37.0,647.5,61.0,1067.5
2024-01,butter,Kg,3.0,1140.0,4.0,1520.0,4.3,1634.0,2.7,1026.0
2024-01,Flexi Cream Gold,Pkt,5.0,973.5,0.0,0.0,0.0,0.0,5.0,973.5
2024-01,7UP 1250ml Pet,Nos,5.0,304.15,24.0,1474.92,13.0,807.04,16.0,972.0300000000002
2024-01,Veeba Ketchup Sachet,Nos,0.0,0.0,1200.0,972.0,0.0,0.0,1200.0,972.0
2024-01, dry yeast 500 gm,Pkt,2.2,407.0,7.0,1305.0,4.2,787.5,4.999999999999999,924.5
2024-01,Pepsi 1250ml Pet,Nos,13.0,790.79,12.0,744.96,10.0,620.8,15.0,914.95
2024-01,bio cover,Pkt,5.0,900.0,0.0,0.0,0.0,0.0,5.0,900.0
2024-01,Lamp Pepperoni,Kg,1.0,895.0,0.0,0.0,0.0,0.0,1.0,895.0
2024-01,Puramate Pasta-Penne Rigatte 500g,Pkt,8.0,544.0,10.0,680.0,5.0,340.0,13.0,884.0
2024-01,Mc Cain Potato Wedges 2.5kg-Taha,Pkt,0.0,0.0,2.0,864.0,0.0,0.0,2.0,864.0
2024-01,paper bags medium,Nos,110.0,1178.1,0.0,0.0,30.0,321.3,80.0,856.8
2024-01,Chicken Nuggets-Godrej-1kg,Pkt,2.6,854.83,0.0,0.0,0.0,0.0,2.6,854.83
2024-01,black olive slice Habit,Tin,2.5,1420.0,1.0,568.0,2.0,1136.0,1.5,852.0
2024-01,Dew 250ml Pet,Nos,39.0,682.5,30.0,525.0,21.0,367.5,48.0,840.0
2024-01,SALAMI,Pkt,3.0,837.0,0.0,0.0,0.0,0.0,3.0,837.0
2024-01,DVC Strawberry Syrup Syrup 750 ml,Nos,1.7,830.48,0.0,0.0,0.0,0.0,1.7,830.48
2024-01,Lehar Soda,Nos,44.0,724.24,48.0,790.08,43.0,707.78,49.0,806.5400000000002
2024-01,Brownie,Kg,5.0,1925.0,0.0,0.0,3.0,1155.0,2.0,770.0
2024-01,DVC Mango Beverage Blend Syrup 750 ml,Nos,1.0,764.64,0.0,0.0,0.0,0.0,1.0,764.64
2024-01,Garlic-Veg,Kg,0.0,0.0,2.0,760.0,0.0,0.0,2.0,760.0
2024-01,Veeba ThousandIsland Dressing 1KG,Nos,4.0,751.96,0.0,0.0,0.0,0.0,4.0,751.96
2024-01,Oregano Sprinkler 500g,Nos,2.3,747.04,0.0,0.0,0.0,0.0,2.3,747.04
2024-01,habit olive oil,Nos,3.5,1291.5,2.0,738.0,3.5,1291.5,2.0,738.0
2024-01,milk,Nos,2.0,50.0,30.0,750.0,2.5,62.5,29.5,737.5
2024-01,Frozen Sweet Corn-Pal Fresh,Pkt,7.0,693.0,0.0,0.0,0.0,0.0,7.0,693.0
2024-01,Dew 750ml Pet,Nos,35.0,1203.3,0.0,0.0,15.0,515.7,20.0,687.5999999999999
2024-01,habit baby corn,Pkt,7.0,686.0,0.0,0.0,0.0,0.0,7.0,686.0
2024-01,DVC Watermelon Syrup 750 ml,Nos,2.6,1270.1,0.0,0.0,1.2,586.2,1.4000000000000001,683.8999999999999
2024-01,Veeba Makhani Gravy 1KG,Pkt,3.0,645.12,0.0,0.0,0.0,0.0,3.0,645.12
2024-01,Palm Oil - Refined Oil,Pkt,7.0,612.5,0.0,0.0,0.0,0.0,7.0,612.5
2024-01,BBQ Mix Masala,Pkt,2.3,1069.5,0.0,0.0,1.0,465.0,1.2999999999999998,604.5
2024-01,Vanilla Ice-cream 4ltr,Nos,0.5,272.0,3.0,1632.0,2.4,1305.6,1.1,598.4000000000001
2024-01,red paprika habit,Tin,3.5,1393.0,0.0,0.0,2.0,796.0,1.5,597.0
2024-01,Herb Mix Masla,Pkt,3.7,1572.5,0.0,0.0,2.3,977.5,1.4000000000000004,595.0
2024-01,DVC Green Apple 750 ML,Nos,4.9,2393.65,0.0,0.0,3.7,1807.45,1.2000000000000002,586.2
2024-01,Tandoori mix Masala,Pkt,7.2,2844.0,0.0,0.0,5.78,2283.1,1.42,560.9000000000001
2024-01,DVC BLUE OCCEAN FLV SYRUP 750ML,Nos,2.5,1221.25,1.0,488.52,2.4,1172.45,1.1,537.3199999999999
2024-01,CHICKEN POPCORN,Pkt,1.7,502.64,0.0,0.0,0.0,0.0,1.7,502.64
2024-01,Pineapple slice-Tajir Habit-850g,Nos,4.0,441.0,0.0,0.0,0.0,0.0,4.0,441.0
2024-01,Veeba Tandoori Spread-1kg,Nos,2.0,434.0,0.0,0.0,0.0,0.0,2.0,434.0
2024-01,Pizza sauce premix,Kg,2.2,528.0,0.0,0.0,0.4,96.0,1.8000000000000003,432.0
2024-01,Veeba T. Ketchup 1.2KG,Pkt,4.0,420.0,0.0,0.0,0.0,0.0,4.0,420.0
2024-01,Zippy  B.Fast Sausage ,Pkt,3.3,1053.36,0.0,0.0,2.0,638.4,1.2999999999999998,414.9599999999999
2024-01,Slice Mango 200ml pet,Nos,13.0,229.67,30.0,390.0,16.0,208.0,27.0,411.66999999999996
2024-01,GO Orange Cheddar Cheese 2kg,Kg,1.4,793.1,0.0,0.0,0.7,396.55,0.7,396.55
2024-01,Mirinda 750ml pet,Nos,28.0,962.64,0.0,0.0,17.0,584.46,11.0,378.17999999999995
2024-01,Puramate Pasta-Gomiti Rigate - macroni - 500g,Pkt,5.2,353.6,2.0,136.0,1.65,112.2,5.550000000000001,377.40000000000003
2024-01,Schezwan sauce,Pkt,2.0,700.0,0.0,0.0,1.0,350.0,1.0,350.0
2024-01,French Fries 6mm-Funwave 2.5 KG,Pkt,11.0,3729.0,0.0,0.0,10.0,3390.0,1.0,339.0
2024-01,Mirinda 250ml pet,Nos,40.0,700.0,0.0,0.0,21.0,367.5,19.0,332.5
2024-01,Piri Piri Marinade 1KG,Pkt,2.5,1168.72,0.0,0.0,1.8,841.48,0.7,327.24
2024-01,Veeba Ketchup Sachet,Pkt,20.0,1502.4,12.0,984.0,26.5,2173.0,5.5,313.4000000000001
2024-01,Butter Scotch Ice-cream,Pkt,1.2,927.6,1.0,773.0,1.8,1391.4,0.40000000000000013,309.1999999999998
2024-01,DVC Mixed Berry Beverage Blend Syrup 750 ml,Nos,0.7,535.25,0.0,0.0,0.3,229.39,0.39999999999999997,305.86
2024-01,Strawberry-Ice cream,Pkt,1.5,753.0,0.0,0.0,0.9,451.8,0.6,301.2
2024-01,Mini Burger Box,Nos,50.0,150.0,100.0,300.0,50.0,150.0,100.0,300.0
2024-01,Savoury Wedges 2.5 KG,Kg,0.0,0.0,5.0,929.6,3.4,632.13,1.6,297.47
2024-01,Salad Bowl 500ml,Nos,70.0,458.5,0.0,0.0,28.0,183.4,42.0,275.1
2024-01,paper bags large,Nos,95.0,1140.0,0.0,0.0,74.0,888.0,21.0,252.0
2024-01,egg,Nos,0.0,0.0,36.0,248.04,0.0,0.0,36.0,248.04
2024-01,Pepsi 250ml Can,Nos,15.0,450.0,0.0,0.0,8.0,240.0,7.0,210.0
2024-01,Paper Glass,Pkt,1.0,100.0,2.0,200.0,1.0,100.0,2.0,200.0
2024-01,Bread Premix,Kg,0.8,192.0,0.0,0.0,0.0,0.0,0.8,192.0
2024-01,Mixed Herb Loose,Grams,200.0,192.0,0.0,0.0,0.0,0.0,200.0,192.0
2024-01,Paneer Tikka Butter Masala,Pkt,3.0,1125.0,0.0,0.0,2.5,937.5,0.5,187.5
2024-01,fish finger,Kg,0.3,178.5,0.0,0.0,0.0,0.0,0.3,178.5
2024-01,Berry Fresh Tender Coconut Pulp,Tin,0.5,175.0,0.0,0.0,0.0,0.0,0.5,175.0
2024-01,French Fries Box,Nos,32.0,171.2,0.0,0.0,0.0,0.0,32.0,171.2
2024-01,Garlic Chilli Spread,Kg,2.0,324.0,0.0,0.0,1.0,162.0,1.0,162.0
2024-01,Mustard Oil,Nos,0.0,0.0,1.0,160.0,0.0,0.0,1.0,160.0
2024-01,chilly flakes 500gm,Pkt,1.0,195.0,0.0,0.0,0.2,39.0,0.8,156.0
2024-01,7up 250ml Can,Nos,15.0,450.0,0.0,0.0,10.0,300.0,5.0,150.0
2024-01,Dew 250ml Can,Nos,18.0,540.0,0.0,0.0,13.0,390.0,5.0,150.0
2024-01,Aqua Fina Mineral Water 1Ltr,Nos,22.0,307.98,0.0,0.0,12.0,167.99,10.0,139.99
2024-01,Cling Flim,Nos,0.0,0.0,1.0,130.0,0.0,0.0,1.0,130.0
2024-01,atta,Kg,0.0,0.0,3.0,123.0,0.0,0.0,3.0,123.0
2024-01,GO Colby Cheese Block 2kg,Kg,1.0,610.0,0.0,0.0,0.8,488.0,0.19999999999999996,122.0
2024-01,Honey,Kg,1.2,292.8,0.0,0.0,0.7,170.8,0.5,122.0
2024-01,POTATO POPS,Pkt,0.4,121.6,0.0,0.0,0.0,0.0,0.4,121.6
2024-01,Ice cube,Nos,1.0,40.0,2.0,80.0,0.0,0.0,3.0,120.0
2024-01,tomato ketchup,Nos,0.0,0.0,5.0,525.0,4.0,420.0,1.0,105.0
2024-01,milk 26,Nos,0.0,0.0,4.0,104.0,0.0,0.0,4.0,104.0
2024-01,Slice Mango 600ml pet,Nos,21.0,721.98,0.0,0.0,18.0,618.84,3.0,103.13999999999999
2024-01,POTATO POPS,Kg,0.0,0.0,1.5,304.0,1.0,202.67,1.0,101.33000000000001
2024-01,DVC Bubblegum Syrup Syrup 750 ml,Nos,1.2,586.22,0.0,0.0,1.0,488.52,0.19999999999999996,97.70000000000005
2024-01,Paper Straw,Pkt,0.0,0.0,2.0,80.0,0.0,0.0,2.0,80.0
2024-01,curd milma,Pkt,0.0,0.0,2.0,70.0,0.0,0.0,2.0,70.0
2024-01,Agarbathi,Pkt,0.0,0.0,1.0,50.0,0.0,0.0,1.0,50.0
2024-01,DVC Peach GardenSyrup 750 ml,Nos,0.5,244.26,0.0,0.0,0.4,195.41,0.09999999999999998,48.849999999999994
2024-01,Tissue,Pkt,10.0,180.0,0.0,0.0,7.5,135.0,2.5,45.0
2024-01,Corn Meal - Chola Rava,Kg,0.5,40.0,0.0,0.0,0.0,0.0,0.5,40.0
2024-01,Turmeric Powder-loose,Kg,0.3,39.6,0.0,0.0,0.0,0.0,0.3,39.6
2024-01,egg-6.50,Nos,0.0,0.0,6.0,39.0,0.0,0.0,6.0,39.0
2024-01,Tomato-Veg,Kg,0.0,0.0,1.0,30.0,0.0,0.0,1.0,30.0
2024-01,Butter Scotch Sauce 750ml,Nos,0.4,55.2,0.0,0.0,0.2,27.6,0.2,27.6
2024-01,Sugar-Loose,Kg,2.0,84.0,0.0,0.0,1.4,58.8,0.6000000000000001,25.200000000000003
2024-01,Salt,Pkt,3.5,49.0,0.0,0.0,2.0,28.0,1.5,21.0
2024-01,Berry Fresh Chicku Pulp,Kg,0.0,0.0,2.0,560.0,2.0,560.0,0.0,0.0
2024-01,Berry Fresh Tender Coconut Pulp,Kg,0.0,0.0,2.0,720.0,2.0,720.0,0.0,0.0
2024-01,CHICKEN POPCORN,Kg,0.0,0.0,1.0,283.36,1.0,283.36,0.0,0.0
2024-01,Coriander Powder-loose,Kg,0.3,48.0,0.0,0.0,0.3,48.0,0.0,0.0
2024-01,G.Crown Mushroom Slice 800g,Tin,0.0,0.0,24.0,2376.0,24.0,2376.0,0.0,0.0
2024-01,Green Peas,Kg,1.0,100.0,0.0,0.0,1.0,100.0,0.0,0.0
2024-01,Malas Chocolate Sauce 5 ltr,Nos,1.0,1060.0,0.0,0.0,1.0,1060.0,0.0,0.0
2024-01,Masoor-Red,Kg,1.5,120.0,0.0,0.0,1.5,120.0,0.0,0.0
2024-01,fish finger,Pkt,0.0,0.0,1.0,594.72,1.0,594.72,0.0,0.0
2024-01,Plastic Cover 26X30,Nos,0.0,0.0,0.0,0.0,4.0,31.3,-4.0,-31.3
2024-01,Turmeric Powder,Kg,0.0,0.0,0.0,0.0,0.25,35.0,-0.25,-35.0
2024-01,Tandoori Chicken Masala-Bakers,Nos,0.0,0.0,0.0,0.0,1.0,65.0,-1.0,-65.0
2024-01,Plastic Cover 20X26,Nos,0.0,0.0,0.0,0.0,20.0,70.0,-20.0,-70.0
2024-01,Soya loose,Kg,0.0,0.0,0.0,0.0,0.7,77.0,-0.7,-77.0
2024-01,Chicken Kheema  Masala,Kg,0.5,325.5,0.0,0.0,0.64,416.64,-0.14,-91.13999999999999
2024-01,Frozen Sweet Corn-Pal Fresh,Kg,0.0,0.0,5.0,495.0,6.0,594.0,-1.0,-99.0
2024-01,Chilly Powder 1kg-Eastern,Kg,0.1,33.0,0.0,0.0,0.41,135.3,-0.30999999999999994,-102.30000000000001
2024-01,Garlic Bread Box,Nos,87.0,717.75,0.0,0.0,100.0,825.0,-13.0,-107.25
2024-01,Chicken Nuggets-Godrej-1kg,Kg,0.0,0.0,3.0,960.0,3.4,1088.0,-0.3999999999999999,-128.0
2024-01,Mango Crush Sauce 750ml Malas,Nos,0.0,0.0,0.0,0.0,1.0,138.32,-1.0,-138.32
2024-01,Plastic Cover 12X16,Pkt,0.0,0.0,0.0,0.0,1.0,140.0,-1.0,-140.0
2024-01,Puramate Basil 250g Pouch,Grams,0.0,0.0,0.0,0.0,180.0,140.4,-180.0,-140.4
2024-01,Strawberry sause 750,Nos,0.0,0.0,0.0,0.0,1.0,143.0,-1.0,-143.0
2024-01,DVC Strawberry Syrup 750 ml,Nos,1.0,488.52,0.0,0.0,1.3,635.08,-0.30000000000000004,-146.56000000000006
2024-01,Jeerakham - Loose,Kg,0.0,0.0,0.0,0.0,0.25,150.0,-0.25,-150.0
2024-01,Salad Bowl 250ml,Nos,24.0,141.36,0.0,0.0,50.0,294.5,-26.0,-153.14
2024-01,Dip Bowl,Nos,0.0,0.0,0.0,0.0,91.0,182.0,-91.0,-182.0
2024-01,Mustard-Oil,Ltr,0.0,0.0,0.0,0.0,0.6,186.0,-0.6,-186.0
2024-01,Hersheys Syrup-200grm,Grams,0.0,0.0,0.0,0.0,400.0,188.0,-400.0,-188.0
2024-01,paper bags regular,Nos,175.0,1750.0,0.0,0.0,194.0,1940.0,-19.0,-190.0
2024-01,Wooden Spoon-140mm,Nos,0.0,0.0,0.0,0.0,266.0,207.48,-266.0,-207.48
2024-01,Veeba Makhani Gravy 1KG,Kg,0.0,0.0,0.0,0.0,1.0,215.04,-1.0,-215.04
2024-01,kadai gravy,Kg,0.0,0.0,0.0,0.0,1.0,230.0,-1.0,-230.0
2024-01,DVC Cucumber Syrup 750 ml,Nos,0.0,0.0,0.0,0.0,0.5,244.26,-0.5,-244.26
2024-01,DVC Mint Flavoured Syrup 750 ml,Nos,0.0,0.0,0.0,0.0,0.5,244.25,-0.5,-244.25
2024-01,Plastic Cover 12X16,Nos,0.0,0.0,0.0,0.0,95.0,332.5,-95.0,-332.5
2024-01,Hersheys Cocoa-70grm,Kg,0.0,0.0,0.0,0.0,0.25,353.57,-0.25,-353.57
2024-01,Chocolate Ice-cream 4ltr,Nos,0.0,0.0,1.0,770.0,1.5,1155.0,-0.5,-385.0
2024-01,Plastic Cover 16X20,Pkt,0.0,0.0,0.0,0.0,3.0,390.0,-3.0,-390.0
2024-01,Baby Corn Whole-450GM-Golden Crown,Tin,0.0,0.0,0.0,0.0,4.0,392.0,-4.0,-392.0
2024-01,Moktails Glass,Nos,50.0,400.0,0.0,0.0,100.0,800.0,-50.0,-400.0
2024-01,Pineapple slice-Tajir Habit-500g,Tin,0.0,0.0,0.0,0.0,4.0,441.0,-4.0,-441.0
2024-01,Zippy Chicken Salami,Pkt,0.0,0.0,0.0,0.0,2.0,624.96,-2.0,-624.96
2024-01,Veeba Gouda Flavoured Dressing,Pkt,0.0,0.0,6.0,1266.0,9.0,1899.0,-3.0,-633.0
2024-01,Tripod,Nos,0.0,0.0,0.0,0.0,500.0,740.0,-500.0,-740.0
2024-01,Veeba ThousandIsland Dressing 1KG,Kg,0.0,0.0,0.0,0.0,4.0,751.97,-4.0,-751.97
2024-01,Regular Pizza Box,Nos,309.0,2781.0,0.0,0.0,400.0,3600.0,-91.0,-819.0
2024-01,Processed cheese block,Kg,0.0,0.0,2.0,1100.0,3.5,1925.0,-1.5,-825.0
2024-01,DVC Passion Fruit 750ML,Nos,0.0,0.0,0.0,0.0,2.6,1269.45,-2.6,-1269.45
2024-01,French Fries 6mm-Hungritos,Kg,0.0,0.0,37.5,4995.0,47.5,6327.0,-9.5,-1332.0
2024-01,CHILLY FLAKES SACHET 0.8GM,Pkt,0.0,0.0,0.0,0.0,16.0,1360.0,-16.0,-1360.0
2024-01,Oregano Sprinkler 500g,Pkt,0.0,0.0,4.0,1299.2,8.2,2663.36,-4.199999999999999,-1364.16
2024-01,Pasta Container Black,Nos,0.0,0.0,0.0,0.0,179.0,1602.05,-179.0,-1602.05
2024-01,KOT Printing Rolls,Nos,0.0,0.0,0.0,0.0,40.0,2080.0,-40.0,-2080.0
2024-02,dynamic diced mozerella,Kg,20.0,8920.0,60.0,26760.0,36.0,16056.0,44.0,19624.0
2024-02,grocery,Nos,0.0,0.0,89.0,17995.02,2.0,186.92,87.0,17808.100000000002
2024-02,AMUL Mozzarella Diced 1Kg,Kg,32.0,15648.0,0.0,0.0,0.0,0.0,32.0,15648.0
2024-02,Boneless Chicken,Kg,4.0,1167.32,48.0,15060.52,5.0,1659.55,47.0,14568.29
2024-02,Gas-LPG-HPCL,Nos,2.0,3600.0,6.0,10860.0,2.0,3620.0,6.0,10840.0
2024-02,veg,Nos,0.0,0.0,104.0,8655.0,0.0,0.0,104.0,8655.0
2024-02,French Fries 6mm-Hungritos,Kg,47.5,6327.0,0.0,0.0,3.2,426.24,44.3,5900.76
2024-02,Pizza Premix,Kg,0.5,120.0,20.0,4800.0,0.6,144.0,19.9,4776.0
2024-02,Veeba Pasta & Pizza Sauce 1KG,Pkt,0.0,0.0,24.0,4408.32,0.0,0.0,24.0,4408.32
2024-02,Regular Pizza Box,Nos,400.0,3600.0,1000.0,9000.0,950.0,8550.0,450.0,4050.0
2024-02,French Fries 6mm-Funwave 2.5 KG,Pkt,10.0,3390.0,0.0,0.0,0.0,0.0,10.0,3390.0
2024-02,Mojito Menta Cubano,Nos,0.0,0.0,6.0,2931.12,0.0,0.0,6.0,2931.12
2024-02,7UP 750ml Pet,Nos,0.0,0.0,72.0,2790.0,0.0,0.0,72.0,2790.0
2024-02,Oregano Sprinkler 500g,Pkt,8.2,2663.36,0.0,0.0,0.3,97.44,7.8999999999999995,2565.92
2024-02,Medium Pizza Box,Nos,500.0,5750.0,0.0,0.0,300.0,3450.0,200.0,2300.0
2024-02,G.Crown Mushroom Slice 800g,Tin,24.0,2376.0,24.0,2376.0,25.0,2475.0,23.0,2277.0
2024-02,staff rice 26kg,Kg,0.0,0.0,52.0,2245.88,0.0,0.0,52.0,2245.88
2024-02,Large Pizza Box,Nos,50.0,742.5,100.0,1485.0,0.0,0.0,150.0,2227.5
2024-02,Veeba Ketchup Sachet,Pkt,26.5,2173.0,0.0,0.0,0.0,0.0,26.5,2173.0
2024-02,Processed cheese block,Kg,3.5,1925.0,0.0,0.0,0.0,0.0,3.5,1925.0
2024-02,Flexi Cream Gold,Pkt,0.0,0.0,17.0,3309.9,8.0,1557.6,9.0,1752.3000000000002
2024-02,Brownie,Kg,3.0,1155.0,5.0,1925.0,4.0,1540.0,4.0,1540.0
2024-02,7UP 1250ml Pet,Nos,13.0,807.04,24.0,1489.92,13.0,807.04,24.0,1489.92
2024-02,Pepsi 750ml Pet,Nos,35.0,1203.3,24.0,930.0,17.0,658.75,42.0,1474.5500000000002
2024-02,Pasta Container Black,Nos,179.0,1602.05,100.0,895.0,115.0,1029.25,164.0,1467.8000000000002
2024-02,Pepsi 250ml Pet,Nos,29.0,507.5,90.0,1575.0,40.0,700.0,79.0,1382.5
2024-02,eng.veg,Nos,0.0,0.0,9.0,1362.0,0.0,0.0,9.0,1362.0
2024-02,Vanilla Ice-cream 4ltr,Nos,2.4,1305.6,2.0,1088.0,2.0,1088.0,2.4000000000000004,1305.6
2024-02,maida 30kg,Kg,0.0,0.0,30.0,1284.9,0.0,0.0,30.0,1284.9
2024-02,DVC Passion Fruit 750ML,Nos,2.6,1269.45,0.0,0.0,0.0,0.0,2.6,1269.45
2024-02,Chicken-Whole-Staff,Kg,0.0,0.0,8.0,1200.0,0.0,0.0,8.0,1200.0
2024-02,black olive slice Habit,Tin,2.0,1136.0,1.0,590.24,1.0,590.24,2.0,1136.0
2024-02,HABIT JALAPENO SLICES 2.9 KG,Tin,4.0,1112.0,4.0,1112.0,4.0,1112.0,4.0,1112.0
2024-02,7up 250ml Pet,Nos,37.0,647.5,60.0,1050.0,38.0,665.0,59.0,1032.5
2024-02,butter,Kg,4.3,1634.0,0.0,0.0,1.7,646.0,2.5999999999999996,988.0
2024-02,Veeba Eggless Mayonise Chef 1KG,Pkt,24.0,3370.08,0.0,0.0,17.0,2387.14,7.0,982.94
2024-02, dry yeast 500 gm,Pkt,4.2,787.5,10.0,1850.0,9.0,1665.0,5.199999999999999,972.5
2024-02,paper bags regular,Nos,194.0,1940.0,0.0,0.0,100.0,1000.0,94.0,940.0
2024-02,Zippy Chicken Salami,Pkt,2.0,624.96,1.0,312.48,0.0,0.0,3.0,937.44
2024-02,7up pet 750ml,Nos,0.0,0.0,24.0,930.0,0.0,0.0,24.0,930.0
2024-02,Tandoori mix Masala,Pkt,5.78,2283.1,0.0,0.0,3.5,1382.5,2.2800000000000002,900.5999999999999
2024-02,Baby Corn Whole-450GM-Golden Crown,Tin,4.0,392.0,5.0,490.0,0.0,0.0,9.0,882.0
2024-02,Veeba Ketchup Sachet,Nos,0.0,0.0,1200.0,900.0,71.0,53.25,1129.0,846.75
2024-02,Puramate Pasta-Penne Rigatte 500g,Pkt,5.0,340.0,10.0,680.0,3.0,204.0,12.0,816.0
2024-02,Pepsi 1250ml Pet,Nos,10.0,620.8,12.0,744.96,9.0,558.72,13.0,807.04
2024-02,Veeba ThousandIsland Dressing 1KG,Kg,4.0,751.97,0.0,0.0,0.0,0.0,4.0,751.97
2024-02,Dew 250ml Pet,Nos,21.0,367.5,30.0,525.0,11.0,192.5,40.0,700.0
2024-02,Veeba Gouda Flavoured Dressing,Pkt,9.0,1899.0,6.0,1219.68,12.0,2439.36,3.0,679.3200000000002
2024-02,Chicken Nuggets-Godrej-1kg,Kg,3.4,1088.0,2.0,640.0,3.3,1056.0,2.1000000000000005,672.0
2024-02,Dew 250ml Can,Nos,13.0,390.0,24.0,720.0,15.0,450.0,22.0,660.0
2024-02,Lehar Soda,Nos,43.0,707.78,24.0,395.04,27.0,444.42,40.0,658.3999999999999
2024-02,Piri Piri Marinade 1KG,Pkt,1.8,841.48,0.0,0.0,0.4,187.0,1.4,654.48
2024-02,Herb Mix Masla,Pkt,2.3,977.5,1.0,425.0,1.9,807.5,1.4,595.0
2024-02,Dew 750ml Pet,Nos,15.0,515.7,24.0,930.0,22.0,852.5,17.0,593.2
2024-02,milk,Nos,2.5,62.5,24.0,600.0,3.0,75.0,23.5,587.5
2024-02,paper bags large,Nos,74.0,888.0,0.0,0.0,25.0,300.0,49.0,588.0
2024-02,DVC Green Apple 750 ML,Nos,3.7,1807.45,0.0,0.0,2.5,1221.25,1.2000000000000002,586.2
2024-02,Lamp Pepperoni,Kg,0.0,0.0,1.0,895.0,0.35,313.25,0.65,581.75
2024-02,habit olive oil,Nos,3.5,1291.5,2.0,738.0,4.0,1476.0,1.5,553.5
2024-02,chilly flakes sachet,Nos,89.0,46.28,1000.0,520.0,36.0,18.72,1053.0,547.56
2024-02,bio cover,Pkt,0.0,0.0,3.0,540.0,0.0,0.0,3.0,540.0
2024-02,French Fries Box,Nos,0.0,0.0,100.0,535.0,0.0,0.0,100.0,535.0
2024-02,Veeba T. Ketchup 1.2KG,Nos,0.0,0.0,5.0,525.0,0.0,0.0,5.0,525.0
2024-02,KOT Printing Rolls,Nos,40.0,2080.0,0.0,0.0,30.0,1560.0,10.0,520.0
2024-02,BBQ Mix Masala,Pkt,1.0,465.0,4.0,1860.0,3.9,1813.5,1.1,511.5
2024-02,Pepsi 250ml Can,Nos,8.0,240.0,24.0,720.0,15.0,450.0,17.0,510.0
2024-02,Frozen Sweet Corn-Pal Fresh,Kg,6.0,594.0,5.0,495.0,6.0,594.0,5.0,495.0
2024-02,GO Colby Cheese Block 2kg,Kg,0.8,488.0,0.0,0.0,0.0,0.0,0.8,488.0
2024-02,Strawberry-Ice cream,Pkt,0.9,451.8,0.0,0.0,0.0,0.0,0.9,451.8
2024-02,Garlic Bread Box,Nos,100.0,825.0,50.0,375.0,100.0,750.0,50.0,450.0
2024-02,DVC BLUE OCCEAN FLV SYRUP 750ML,Nos,2.4,1172.45,2.0,977.04,3.5,1709.82,0.9000000000000004,439.66999999999985
2024-02,Moktails Glass,Nos,100.0,800.0,100.0,800.0,150.0,1200.0,50.0,400.0
2024-02,Plastic Cover 16X20,Pkt,3.0,390.0,0.0,0.0,0.0,0.0,3.0,390.0
2024-02,Chocolate Ice-cream 4ltr,Nos,1.5,1155.0,0.0,0.0,1.0,770.0,0.5,385.0
2024-02,Mirinda 250ml pet,Nos,21.0,367.5,30.0,525.0,29.0,507.5,22.0,385.0
2024-02,Paneer Tikka Butter Masala,Pkt,2.5,937.5,0.0,0.0,1.5,562.5,1.0,375.0
2024-02,Slice Mango 200ml pet,Nos,16.0,208.0,30.0,390.0,18.0,234.0,28.0,364.0
2024-02,Hersheys Cocoa-70grm,Kg,0.25,353.57,0.0,0.0,0.0,0.0,0.25,353.57
2024-02,Schezwan sauce,Pkt,1.0,350.0,2.0,540.0,2.0,540.0,1.0,350.0
2024-02,milk 28 milma,Nos,0.0,0.0,12.0,336.0,0.0,0.0,12.0,336.0
2024-02,Plastic Cover 12X16,Nos,95.0,332.5,0.0,0.0,0.0,0.0,95.0,332.5
2024-02,Plastic Cover 26X30,Nos,4.0,31.3,38.0,297.39,0.0,0.0,42.0,328.69
2024-02,paper bags medium,Nos,30.0,321.3,0.0,0.0,0.0,0.0,30.0,321.3
2024-02,Chicken-Whole-Staff 310,Kg,0.0,0.0,2.0,310.0,0.0,0.0,2.0,310.0
2024-02,egg,Nos,0.0,0.0,46.0,306.82,0.0,0.0,46.0,306.82
2024-02,Paneer,Kg,2.0,580.0,1.0,290.0,2.0,580.0,1.0,290.0
2024-02,Aqua Fina Mineral Water 1Ltr,Nos,12.0,167.99,27.0,420.0,22.0,308.0,17.0,279.99
2024-02,eng veg,Nos,0.0,0.0,3.0,246.99,0.0,0.0,3.0,246.99
2024-02,DVC Mint Flavoured Syrup 750 ml,Nos,0.5,244.25,0.0,0.0,0.0,0.0,0.5,244.25
2024-02,fish finger,Pkt,1.0,594.72,0.0,0.0,0.6,356.83,0.4,237.89000000000004
2024-02,Butter Scotch Ice-cream,Pkt,1.8,1391.4,0.0,0.0,1.5,1159.5,0.30000000000000004,231.9000000000001
2024-02,kadai gravy,Kg,1.0,230.0,0.0,0.0,0.0,0.0,1.0,230.0
2024-02,DVC Mixed Berry Beverage Blend Syrup 750 ml,Nos,0.3,229.39,0.0,0.0,0.0,0.0,0.3,229.39
2024-02,Zippy  B.Fast Sausage ,Pkt,2.0,638.4,0.0,0.0,1.3,414.96,0.7,223.44
2024-02,Pineapple slice-Tajir Habit-500g,Tin,4.0,441.0,0.0,0.0,2.0,220.5,2.0,220.5
2024-02,Veeba Makhani Gravy 1KG,Kg,1.0,215.04,0.0,0.0,0.0,0.0,1.0,215.04
2024-02,Veeba Makhani Gravy 1KG,Pkt,0.0,0.0,4.0,840.0,3.0,630.0,1.0,210.0
2024-02,Wooden Spoon-140mm,Nos,266.0,207.48,0.0,0.0,0.0,0.0,266.0,207.48
2024-02,Slice Mango 600ml pet,Nos,18.0,618.84,0.0,0.0,12.0,412.56,6.0,206.28000000000003
2024-02,Hersheys Syrup-200grm,Grams,400.0,188.0,0.0,0.0,0.0,0.0,400.0,188.0
2024-02,Mustard-Oil,Ltr,0.6,186.0,0.0,0.0,0.0,0.0,0.6,186.0
2024-02,7up 250ml Can,Nos,10.0,300.0,24.0,720.0,28.0,840.0,6.0,180.0
2024-02,Soya loose,Kg,0.7,77.0,0.77,100.0,0.0,0.0,1.7,177.0
2024-02,Honey,Kg,0.7,170.8,0.0,0.0,0.0,0.0,0.7,170.8
2024-02,Garlic Chilli Spread,Kg,1.0,162.0,0.0,0.0,0.0,0.0,1.0,162.0
2024-02,Salad Bowl 500ml,Nos,28.0,183.4,100.0,655.0,104.0,681.2,24.0,157.19999999999993
2024-02,Jeerakham - Loose,Kg,0.25,150.0,0.0,0.0,0.0,0.0,0.25,150.0
2024-02,Mini Burger Box,Nos,50.0,150.0,100.0,300.0,100.0,300.0,50.0,150.0
2024-02,Salad Bowl 250ml,Nos,50.0,294.5,50.0,262.0,78.0,408.72,22.0,147.77999999999997
2024-02,DVC Strawberry Syrup 750 ml,Nos,1.3,635.08,1.0,488.52,2.0,977.04,0.2999999999999998,146.55999999999995
2024-02,Puramate Pasta-Gomiti Rigate - macroni - 500g,Pkt,1.65,112.2,2.0,136.0,1.5,102.0,2.15,146.2
2024-02,Bread Premix,Kg,0.0,0.0,1.0,240.0,0.4,96.0,0.6,144.0
2024-02,Strawberry sause 750,Nos,1.0,143.0,0.0,0.0,0.0,0.0,1.0,143.0
2024-02,Plastic Cover 12X16,Pkt,1.0,140.0,0.0,0.0,0.0,0.0,1.0,140.0
2024-02,Puramate Basil 250g Pouch,Grams,180.0,140.4,0.0,0.0,0.0,0.0,180.0,140.4
2024-02,Mango Crush Sauce 750ml Malas,Nos,1.0,138.32,0.0,0.0,0.0,0.0,1.0,138.32
2024-02,Mirinda 750ml pet,Nos,17.0,584.46,0.0,0.0,13.0,446.94,4.0,137.52000000000004
2024-02,Chilly Powder 1kg-Eastern,Kg,0.41,135.3,0.0,0.0,0.0,0.0,0.41,135.3
2024-02,Masoor-Red,Kg,1.5,120.0,0.0,0.0,0.0,0.0,1.5,120.0
2024-02,Lemon-Veg,Kg,0.0,0.0,1.0,100.0,0.0,0.0,1.0,100.0
2024-02,CHILLY FLAKES SACHET 0.8GM,Pkt,16.0,1360.0,0.0,0.0,15.0,1275.0,1.0,85.0
2024-02,Dip Bowl,Nos,91.0,182.0,50.0,100.0,100.0,200.0,41.0,82.0
2024-02,Green Peas,Kg,1.0,100.0,1.0,100.0,1.2,120.0,0.8,80.0
2024-02,AVT Premium Tea,Kg,0.0,0.0,0.25,75.0,0.0,0.0,0.0,75.0
2024-02,Ice cube/70,Pkt,0.0,0.0,1.0,70.0,0.0,0.0,1.0,70.0
2024-02,Plastic Cover 20X26,Nos,20.0,70.0,0.0,0.0,0.0,0.0,20.0,70.0
2024-02,Tandoori Chicken Masala-Bakers,Nos,1.0,65.0,0.0,0.0,0.0,0.0,1.0,65.0
2024-02,Sugar-Loose,Kg,1.4,58.8,0.0,0.0,0.0,0.0,1.4,58.8
2024-02,chicken masala,Pkt,0.0,0.0,1.0,50.0,0.0,0.0,1.0,50.0
2024-02,Coriander Powder-loose,Kg,0.3,48.0,0.0,0.0,0.0,0.0,0.3,48.0
2024-02,Turmeric Powder,Kg,0.25,35.0,0.0,0.0,0.0,0.0,0.25,35.0
2024-02,washing powder,Kg,0.0,0.0,0.5,29.0,0.0,0.0,1.0,29.0
2024-02,Butter Scotch Sauce 750ml,Nos,0.2,27.6,0.0,0.0,0.0,0.0,0.2,27.6
2024-02,Salt,Pkt,2.0,28.0,0.0,0.0,0.0,0.0,2.0,28.0
2024-02,DVC Bubblegum Syrup Syrup 750 ml,Nos,1.0,488.52,0.0,0.0,1.0,488.52,0.0,0.0
2024-02,DVC Cucumber Syrup 750 ml,Nos,0.5,244.26,1.0,488.52,1.5,732.78,0.0,0.0
2024-02,DVC Peach GardenSyrup 750 ml,Nos,0.4,195.41,0.0,0.0,0.4,195.41,0.0,0.0
2024-02,GO Orange Cheddar Cheese 2kg,Kg,0.7,396.55,0.0,0.0,0.7,396.55,0.0,0.0
2024-02,Malas Chocolate Sauce 5 ltr,Nos,1.0,1060.0,0.0,0.0,1.0,1060.0,0.0,0.0
2024-02,POTATO POPS,Kg,1.0,202.67,0.0,0.0,1.0,202.67,0.0,0.0
2024-02,Veeba Tandoori Spread-1kg,Pkt,0.0,0.0,5.0,1085.0,5.0,1085.0,0.0,0.0
2024-02,chilli garlic spread,Nos,0.0,0.0,4.0,648.0,4.0,648.0,0.0,0.0
2024-02,chilly flakes 500gm,Pkt,0.2,39.0,0.0,0.0,0.2,39.0,0.0,0.0
2024-02,red paprika habit,Tin,2.0,796.0,0.0,0.0,2.0,796.0,0.0,0.0
2024-02,Butter Scotch Sauce 750ml,Grams,0.0,0.0,0.0,0.0,100.0,18.4,-100.0,-18.4
2024-02,Tissue,Pkt,7.5,135.0,0.0,0.0,10.0,180.0,-2.5,-45.0
2024-02,Tandoori Masala,Kg,0.0,0.0,0.0,0.0,0.15,56.28,-0.15,-56.28
2024-02,Paper Straw Small,Pkt,0.0,0.0,0.0,0.0,2.0,70.0,-2.0,-70.0
2024-02,Ice cube,Nos,0.0,0.0,0.0,0.0,2.0,80.0,-2.0,-80.0
2024-02,Paper Glass,Pkt,1.0,100.0,0.0,0.0,2.0,200.0,-1.0,-100.0
2024-02,Paper Plates,Nos,0.0,0.0,0.0,0.0,100.0,100.0,-100.0,-100.0
2024-02,Wooden Fork-160mm,Pkt,0.0,0.0,0.0,0.0,1.0,100.0,-1.0,-100.0
2024-02,Savoury Wedges 2.5 KG,Kg,3.4,632.13,0.0,0.0,4.0,743.68,-0.6000000000000001,-111.54999999999995
2024-02,Berry Fresh Chicku Pulp,Kg,2.0,560.0,0.0,0.0,2.5,700.0,-0.5,-140.0
2024-02,Chicken Kheema  Masala,Kg,0.64,416.64,0.0,0.0,0.9,585.9,-0.26,-169.26
2024-02,Berry Fresh Tender Coconut Pulp,Kg,2.0,720.0,0.0,0.0,2.5,900.0,-0.5,-180.0
2024-02,Wooden Spoon,Pkt,0.0,0.0,0.0,0.0,2.0,180.0,-2.0,-180.0
2024-02,tomato ketchup,Nos,4.0,420.0,0.0,0.0,6.0,630.0,-2.0,-210.0
2024-02,Puramate Basil 250g Pouch,Nos,0.0,0.0,0.0,0.0,1.25,243.75,-1.25,-243.75
2024-02,CHICKEN POPCORN,Kg,1.0,283.36,0.0,0.0,2.0,566.72,-1.0,-283.36
2024-02,DVC Watermelon Syrup 750 ml,Nos,1.2,586.2,0.0,0.0,1.8,879.3,-0.6000000000000001,-293.0999999999999
2024-02,Veeba ThousandIsland Dressing 1KG,Nos,0.0,0.0,0.0,0.0,2.0,375.98,-2.0,-375.98
2024-02,habit baby corn,Pkt,0.0,0.0,0.0,0.0,4.0,392.0,-4.0,-392.0
2024-02,Tripod,Nos,500.0,740.0,0.0,0.0,800.0,1184.0,-300.0,-444.0
2024-02,SALAMI,Pkt,0.0,0.0,0.0,0.0,2.0,558.0,-2.0,-558.0
2024-02,GO-Monterey Jack Cheese-2kg,Kg,0.0,0.0,0.0,0.0,1.0,610.0,-1.0,-610.0
2024-02,french fry hungritos 2.5kg,Kg,0.0,0.0,0.0,0.0,5.0,700.0,-5.0,-700.0
2024-02,DVC Mango Beverage Blend Syrup 750 ml,Nos,0.0,0.0,0.0,0.0,1.0,764.64,-1.0,-764.64
2024-02,DVC PASSION FRUIT FLV SYRUP 750ML,Nos,0.0,0.0,2.0,977.04,4.0,1954.08,-2.0,-977.04
2024-02,OREGANO SACHET 0.8GM,Pkt,0.5,110.0,0.0,0.0,5.0,1100.0,-4.5,-990.0
2024-02,7up750mlpet,Nos,24.0,825.12,0.0,0.0,55.0,1890.9,-31.0,-1065.7800000000002
2024-02,Milkymist Cheese BLock 1KG,Pkt,0.0,0.0,0.0,0.0,2.0,1100.0,-2.0,-1100.0
2024-02,Strawberry-Ice cream,Kg,0.0,0.0,0.0,0.0,5.0,1140.91,-5.0,-1140.91
2024-02,Pizza sauce premix,Kg,0.4,96.0,5.0,1625.0,10.2,3315.0,-4.799999999999999,-1594.0
2024-02,Mexican Masala,Pkt,1.0,415.0,8.0,3320.0,13.9,5768.5,-4.9,-2033.5
2024-02,DVC MOJITO MINT 750ML,Nos,0.0,0.0,0.0,0.0,7.4,3615.05,-7.4,-3615.05
2024-02,veeba pizza pasta sauce,Nos,25.0,4591.75,0.0,0.0,47.0,8632.49,-22.0,-4040.74
2024-02,French Fries 6mm-Funwave,Nos,0.0,0.0,0.0,0.0,12.0,4068.0,-12.0,-4068.0
2024-03,dynamic diced mozerella,Kg,36.0,16056.0,60.0,25243.8,32.0,13463.36,64.0,27836.440000000002
2024-03,grocery,Nos,2.0,186.92,65.0,15884.99,4.0,409.32,63.0,15662.59
2024-03,Boneless Chicken,Kg,5.0,1659.55,46.55,14205.86,2.0,703.84,50.0,15161.57
2024-03,Gas-LPG-HPCL,Nos,2.0,3620.0,6.0,11040.0,1.5,2760.0,6.5,11900.0
2024-03,veg,Nos,0.0,0.0,99.0,7431.98,0.0,0.0,99.0,7431.98
2024-03,DVC MOJITO MINT 750ML,Nos,7.4,3615.05,5.0,2650.0,0.0,0.0,12.4,6265.05
2024-03,Mexican Masala,Pkt,13.9,5768.5,0.0,0.0,0.0,0.0,13.9,5768.5
2024-03,veeba pizza pasta sauce,Nos,47.0,8632.49,0.0,0.0,24.0,4408.08,23.0,4224.41
2024-03,French Fries 6mm-Funwave,Nos,12.0,4068.0,0.0,0.0,0.0,0.0,12.0,4068.0
2024-03,Regular Pizza Box,Nos,950.0,8550.0,0.0,0.0,500.0,4500.0,450.0,4050.0
2024-03,Pizza Premix,Nos,0.0,0.0,20.0,4800.0,7.3,1752.0,12.7,3048.0
2024-03,G.Crown Mushroom Slice 800g,Tin,25.0,2475.0,48.0,4752.0,44.0,4356.0,29.0,2871.0
2024-03,7up750mlpet,Nos,55.0,1890.9,24.0,825.12,0.0,0.0,79.0,2716.02
2024-03,Large Pizza Box,Nos,0.0,0.0,400.0,5940.0,250.0,3712.5,150.0,2227.5
2024-03,maida,Kg,0.0,0.0,50.0,2094.0,0.0,0.0,50.0,2094.0
2024-03,Pepsi 750ml Pet,Nos,17.0,658.75,72.0,2685.12,42.0,1443.96,47.0,1899.9099999999999
2024-03,Medium Pizza Box,Nos,300.0,3450.0,300.0,3327.0,450.0,4990.5,150.0,1786.5
2024-03,Pizza sauce premix,Kg,10.2,3315.0,1.0,325.0,6.0,1950.0,5.199999999999999,1690.0
2024-03,Milkymist Cheese BLock 1KG,Nos,0.0,0.0,3.0,1650.0,0.0,0.0,3.0,1650.0
2024-03,Vanilla Ice-cream 4ltr,Nos,2.0,1088.0,1.0,544.0,0.0,0.0,3.0,1632.0
2024-03,mocktail glass,Nos,0.0,0.0,200.0,1600.0,0.0,0.0,200.0,1600.0
2024-03,Chocolate Ice-cream 4ltr,Nos,1.0,770.0,1.0,816.0,0.0,0.0,2.0,1586.0
2024-03,French Fries 6mm-Hungritos,Kg,3.2,426.24,50.0,6640.0,42.5,5644.0,10.700000000000003,1422.2399999999998
2024-03,Tandoori mix Masala,Pkt,3.5,1382.5,0.0,0.0,0.0,0.0,3.5,1382.5
2024-03,Pepsi 250ml Pet,Nos,40.0,700.0,60.0,1050.0,21.0,367.5,79.0,1382.5
2024-03,7UP 1250ml Pet,Nos,13.0,807.04,24.0,1489.92,16.0,993.28,21.0,1303.68
2024-03,chicken kheema masala,Kg,0.0,0.0,2.0,1300.0,0.0,0.0,2.0,1300.0
2024-03,CHILLY FLAKES SACHET 0.8GM,Pkt,15.0,1275.0,0.0,0.0,0.0,0.0,15.0,1275.0
2024-03,Paper bags regular,Nos,0.0,0.0,125.0,1250.0,0.0,0.0,125.0,1250.0
2024-03,Chicken-Whole-Staff,Kg,0.0,0.0,8.4,1224.0,0.0,0.0,8.0,1224.0
2024-03,Veeba Gouda Flavoured Dressing,Pkt,12.0,2439.36,0.0,0.0,6.0,1219.68,6.0,1219.68
2024-03,Tandoori mix Masala,Kg,0.0,0.0,5.0,1975.0,2.0,790.0,3.0,1185.0
2024-03,milk,Nos,3.0,75.0,46.0,1150.0,2.5,62.5,46.5,1162.5
2024-03,Butter Scotch Ice-cream,Pkt,1.5,1159.5,0.0,0.0,0.0,0.0,1.5,1159.5
2024-03,Paneer,Kg,2.0,580.0,3.0,870.0,1.0,290.0,4.0,1160.0
2024-03,Flexi Cream Gold,Pkt,8.0,1557.6,12.0,2407.2,14.0,2808.4,6.0,1156.3999999999996
2024-03,Strawberry-Ice cream,Kg,5.0,1140.91,0.0,0.0,0.0,0.0,5.0,1140.91
2024-03,Veeba Eggless Mayonise Chef 1KG,Pkt,17.0,2387.14,0.0,0.0,9.0,1263.78,8.0,1123.36
2024-03,7up 250ml Pet,Nos,38.0,665.0,60.0,1050.0,34.0,595.0,64.0,1120.0
2024-03,Milkymist Cheese BLock 1KG,Pkt,2.0,1100.0,0.0,0.0,0.0,0.0,2.0,1100.0
2024-03,OREGANO SACHET 0.8GM,Pkt,5.0,1100.0,5.0,1100.0,5.0,1100.0,5.0,1100.0
2024-03,Veeba Tandoori Spread-1kg,Pkt,5.0,1085.0,0.0,0.0,0.0,0.0,5.0,1085.0
2024-03,eng veg,Nos,0.0,0.0,10.0,1074.98,0.0,0.0,10.0,1074.98
2024-03,Malas Chocolate Sauce 5 ltr,Nos,1.0,1060.0,0.0,0.0,0.0,0.0,1.0,1060.0
2024-03,paper bags medium,Nos,0.0,0.0,100.0,1100.0,6.0,66.0,94.0,1034.0
2024-03,Pasta Container Black,Nos,115.0,1029.25,200.0,1790.0,200.0,1790.0,115.0,1029.25
2024-03,oil,Pkt,0.0,0.0,10.0,988.0,0.0,0.0,10.0,988.0
2024-03,paper bags regular,Nos,100.0,1000.0,0.0,0.0,4.0,40.0,96.0,960.0
2024-03,Dew 750ml Pet,Nos,22.0,852.5,24.0,930.0,23.0,891.25,23.0,891.25
2024-03,BBQ Mix Masala,Pkt,3.9,1813.5,0.0,0.0,2.0,930.0,1.9,883.5
2024-03,habit baby corn,Pkt,4.0,392.0,5.0,490.0,0.0,0.0,9.0,882.0
2024-03,Brownie,Kg,4.0,1540.0,5.0,1925.0,7.0,2695.0,2.0,770.0
2024-03,Savoury Wedges 2.5 KG,Kg,4.0,743.68,0.0,0.0,0.0,0.0,4.0,743.68
2024-03, dry yeast 500 gm,Pkt,9.0,1665.0,0.0,0.0,5.0,925.0,4.0,740.0
2024-03,Lehar Soda,Nos,27.0,444.42,48.0,790.08,30.0,493.8,45.0,740.7
2024-03,Chicken Nuggets-Godrej-1kg,Kg,3.3,1056.0,0.0,0.0,1.0,320.0,2.3,736.0
2024-03,french fry hungritos 2.5kg,Kg,5.0,700.0,0.0,0.0,0.0,0.0,5.0,700.0
2024-03,paper bags large,Nos,25.0,300.0,50.0,600.0,18.0,216.0,57.0,684.0
2024-03,DVC Mixed Berry Beverage Blend Syrup 750 ml,Nos,0.0,0.0,2.0,1592.64,1.1,910.8,0.8999999999999999,681.8400000000001
2024-03,tomato ketchup,Nos,6.0,630.0,0.0,0.0,0.0,0.0,6.0,630.0
2024-03,GO-Monterey Jack Cheese-2kg,Kg,1.0,610.0,0.0,0.0,0.0,0.0,1.0,610.0
2024-03,Frozen Sweet Corn-Pal Fresh,Kg,6.0,594.0,0.0,0.0,0.0,0.0,6.0,594.0
2024-03,black olive slice Habit,Tin,1.0,590.24,2.0,1205.12,2.0,1205.12,1.0,590.24
2024-03,tandoori tikka powder,Kg,0.0,0.0,0.5,575.0,0.0,0.0,1.0,575.0
2024-03,Paneer Tikka Butter Masala,Pkt,1.5,562.5,0.0,0.0,0.0,0.0,1.5,562.5
2024-03,Pepsi 1250ml Pet,Nos,9.0,558.72,12.0,744.96,12.0,744.96,9.0,558.72
2024-03,SALAMI,Pkt,2.0,558.0,0.0,0.0,0.0,0.0,2.0,558.0
2024-03,HABIT JALAPENO SLICES 2.9 KG,Tin,4.0,1112.0,2.0,556.0,4.0,1112.0,2.0,556.0
2024-03,French Fries Box,Nos,0.0,0.0,300.0,1605.0,200.0,1070.0,100.0,535.0
2024-03,Slice Mango 600ml pet,Nos,12.0,412.56,24.0,866.16,21.0,757.89,15.0,520.83
2024-03,CHICKEN POPCORN,Kg,2.0,566.72,0.0,0.0,0.2,56.67,1.8,510.05
2024-03,DVC Strawberry Syrup 750 ml,Nos,2.0,977.04,0.0,0.0,1.0,488.52,1.0,488.52
2024-03,Mirinda 750ml pet,Nos,13.0,446.94,24.0,825.12,23.0,790.74,14.0,481.31999999999994
2024-03,Pepsi 250ml Can,Nos,15.0,450.0,24.0,720.0,23.0,690.0,16.0,480.0
2024-03,Dew 250ml Pet,Nos,11.0,192.5,60.0,1050.0,44.0,770.0,27.0,472.5
2024-03,milk 28 milma,Nos,0.0,0.0,16.0,448.0,0.0,0.0,16.0,448.0
2024-03,Veeba Makhani Gravy 1KG,Pkt,3.0,630.0,0.0,0.0,1.0,210.0,2.0,420.0
2024-03,Zippy  B.Fast Sausage ,Pkt,1.3,414.96,2.0,638.4,2.0,638.4,1.2999999999999998,414.9599999999999
2024-03,Puramate Pasta-Penne Rigatte 500g,Pkt,3.0,204.0,15.0,1020.0,12.0,816.0,6.0,408.0
2024-03,Mirinda 250ml pet,Nos,29.0,507.5,0.0,0.0,6.0,105.0,23.0,402.5
2024-03,red paprika habit,Tin,2.0,796.0,2.0,796.0,3.0,1194.0,1.0,398.0
2024-03,GO Orange Cheddar Cheese 2kg,Kg,0.7,396.55,0.0,0.0,0.0,0.0,0.7,396.55
2024-03,atta,Kg,0.0,0.0,8.0,378.0,0.0,0.0,8.0,378.0
2024-03,Veeba ThousandIsland Dressing 1KG,Nos,2.0,375.98,0.0,0.0,0.0,0.0,2.0,375.98
2024-03,Garlic Bread Box,Nos,100.0,750.0,100.0,750.0,150.0,1125.0,50.0,375.0
2024-03,Bread Premix,Kg,0.4,96.0,2.0,480.0,0.9,216.0,1.5,360.0
2024-03,Salad Bowl 250ml,Nos,78.0,408.72,50.0,262.5,66.0,346.5,62.0,324.72
2024-03,egg,Nos,0.0,0.0,46.5,318.6,0.0,0.0,47.0,318.6
2024-03,Salad Bowl 500ml,Nos,104.0,681.2,100.0,655.0,156.0,1021.8,48.0,314.4000000000001
2024-03,Mini Burger Box,Nos,100.0,300.0,100.0,300.0,100.0,300.0,100.0,300.0
2024-03,DVC BLUE OCCEAN FLV SYRUP 750ML,Nos,3.5,1709.82,2.0,1060.0,4.7,2491.0,0.7999999999999998,278.8199999999997
2024-03,Dew 250ml Can,Nos,15.0,450.0,0.0,0.0,6.0,180.0,9.0,270.0
2024-03,DVC PASSION FRUIT FLV SYRUP 750ML,Nos,4.0,1954.08,2.0,1060.0,5.2,2756.0,0.7999999999999998,258.0799999999999
2024-03,Aqua Fina Mineral Water 1Ltr,Nos,22.0,308.0,15.0,210.0,19.0,266.0,18.0,252.0
2024-03,Puramate Basil 250g Pouch,Nos,1.25,243.75,0.0,0.0,0.0,0.0,1.25,243.75
2024-03,Slice Mango 200ml pet,Nos,18.0,234.0,0.0,0.0,0.0,0.0,18.0,234.0
2024-03,Pineapple slice-Tajir Habit-500g,Tin,2.0,220.5,0.0,0.0,0.0,0.0,2.0,220.5
2024-03,Herb Mix Masla,Pkt,1.9,807.5,0.0,0.0,1.4,595.0,0.5,212.5
2024-03,Dip Bowl,Nos,100.0,200.0,100.0,200.0,100.0,200.0,100.0,200.0
2024-03,Moktails Glass,Nos,150.0,1200.0,0.0,0.0,125.0,1000.0,25.0,200.0
2024-03,Wooden Spoon,Pkt,2.0,180.0,0.0,0.0,0.0,0.0,2.0,180.0
2024-03,Aromat Seasoning Powder,Pkt,0.0,0.0,1.0,172.0,0.0,0.0,1.0,172.0
2024-03,Puramate Pasta-Gomiti Rigate - macroni - 500g,Pkt,1.5,102.0,4.0,272.0,3.0,204.0,2.5,170.0
2024-03,bio covers,Kg,0.0,0.0,3.0,510.0,2.0,340.0,1.0,170.0
2024-03,Cash Voucher Book,Nos,0.0,0.0,3.0,165.0,0.0,0.0,3.0,165.0
2024-03,chilli garlic spread,Nos,4.0,648.0,0.0,0.0,3.0,486.0,1.0,162.0
2024-03,DVC Green Apple 750 ML,Nos,2.5,1221.25,2.0,1060.0,4.0,2120.0,0.5,161.25
2024-03,7up 250ml Can,Nos,28.0,840.0,0.0,0.0,23.0,690.0,5.0,150.0
2024-03,Tripod,Nos,800.0,1184.0,0.0,0.0,700.0,1036.0,100.0,148.0
2024-03,egg 7,Nos,0.0,0.0,21.0,147.0,0.0,0.0,21.0,147.0
2024-03,DVC Watermelon Syrup 750 ml,Nos,1.8,879.3,0.0,0.0,1.5,732.75,0.30000000000000004,146.54999999999995
2024-03,Berry Fresh Tender Coconut Pulp,Kg,2.5,900.0,0.0,0.0,2.1,756.0,0.3999999999999999,144.0
2024-03,Pizza Premix,Kg,0.6,144.0,0.0,0.0,0.0,0.0,0.6,144.0
2024-03,Lamp Pepperoni,Kg,0.35,313.25,0.0,0.0,0.2,179.0,0.14999999999999997,134.25
2024-03,Green Peas,Kg,1.2,120.0,0.0,0.0,0.0,0.0,1.2,120.0
2024-03,fish finger,Pkt,0.6,356.83,0.0,0.0,0.4,237.89,0.19999999999999996,118.94
2024-03,Paper Glass,Pkt,2.0,200.0,0.0,0.0,1.0,100.0,1.0,100.0
2024-03,Wooden Fork-160mm,Pkt,1.0,100.0,0.0,0.0,0.0,0.0,1.0,100.0
2024-03,Piri Piri Marinade 1KG,Pkt,0.4,187.0,0.0,0.0,0.2,93.5,0.2,93.5
2024-03,DVC Peach GardenSyrup 750 ml,Nos,0.4,195.41,1.0,530.0,1.2,636.0,0.19999999999999996,89.40999999999997
2024-03,Berry Fresh Chicku Pulp,Kg,2.5,700.0,0.0,0.0,2.2,616.0,0.2999999999999998,84.0
2024-03,Ice cube,Nos,2.0,80.0,0.0,0.0,0.0,0.0,2.0,80.0
2024-03,butter,Kg,1.7,646.0,3.0,1140.0,4.5,1710.0,0.20000000000000018,76.0
2024-03,file folder,Nos,0.0,0.0,3.0,72.0,0.0,0.0,3.0,72.0
2024-03,Paper Straw Small,Pkt,2.0,70.0,0.0,0.0,0.0,0.0,2.0,70.0
2024-03,sticker,Nos,0.0,0.0,1000.0,70.0,0.0,0.0,1000.0,70.0
2024-03,Puramate Pasta-Gomiti Rigate 500g,Pkt,0.0,0.0,1.0,68.0,0.0,0.0,1.0,68.0
2024-03,tomato,Kg,0.0,0.0,2.0,60.0,0.0,0.0,2.0,60.0
2024-03,Paper Plates,Nos,100.0,100.0,0.0,0.0,45.0,45.0,55.0,55.0
2024-03,Green Chilly-Veg,Kg,0.0,0.0,0.5,40.0,0.0,0.0,1.0,40.0
2024-03,egg 40,Nos,0.0,0.0,6.0,40.02,0.0,0.0,6.0,40.02
2024-03,Tissue,Pkt,10.0,180.0,0.0,0.0,8.0,144.0,2.0,36.0
2024-03,Tandoori Masala,Kg,0.15,56.28,0.0,0.0,0.07,26.26,0.07999999999999999,30.02
2024-03,Butter Scotch Sauce 750ml,Grams,100.0,18.4,0.0,0.0,0.0,0.0,100.0,18.4
2024-03,chilly flakes 500gm,Pkt,0.2,39.0,0.0,0.0,0.15,29.25,0.05000000000000002,9.75
2024-03,Butter Scotch Sauce 750ml,Nos,0.0,0.0,1.0,143.0,1.0,143.0,0.0,0.0
2024-03,Corn Meal - MAKKA RAVA,Pkt,0.0,0.0,2.0,94.0,2.0,94.0,0.0,0.0
2024-03,DVC Bubblegum Syrup Syrup 750 ml,Nos,1.0,488.52,0.0,0.0,1.0,488.52,0.0,0.0
2024-03,KOT Printing Rolls,Nos,30.0,1560.0,0.0,0.0,30.0,1560.0,0.0,0.0
2024-03,Pineapple slice-Tajir Habit-850g,Nos,0.0,0.0,5.0,551.25,5.0,551.25,0.0,0.0
2024-03,Schezwan sauce,Pkt,2.0,540.0,0.0,0.0,2.0,540.0,0.0,0.0
2024-03,DVC Cucumber Syrup 750 ml,Nos,1.5,732.78,1.0,530.0,2.4,1272.0,0.10000000000000009,-9.220000000000027
2024-03,Paper Straw,Pkt,0.0,0.0,0.0,0.0,1.0,40.0,-1.0,-40.0
2024-03,Frozen Sweet Corn-Pal Fresh,Pkt,0.0,0.0,5.0,535.0,5.5,588.5,-0.5,-53.5
2024-03,POTATO POPS,Kg,1.0,202.67,0.0,0.0,1.3,263.47,-0.30000000000000004,-60.80000000000004
2024-03,DVC Mango Beverage Blend Syrup 750 ml,Nos,1.0,764.64,0.0,0.0,1.1,841.1,-0.10000000000000009,-76.46000000000004
2024-03,Wooden Spoon-140mm,Nos,0.0,0.0,0.0,0.0,110.0,85.8,-110.0,-85.8
2024-03,Green Peas,Pkt,0.0,0.0,1.0,131.0,2.0,262.0,-1.0,-131.0
2024-03,7UP 750ml Pet,Nos,0.0,0.0,24.0,930.0,29.0,1123.75,-5.0,-193.75
2024-03,habit olive oil,Nos,4.0,1476.0,2.0,1129.8,5.0,2824.5,1.0,-218.69999999999982
2024-03,Oregano Sprinkler 500g,Pkt,0.3,97.44,4.0,1299.2,5.0,1624.0,-0.7000000000000002,-227.3599999999999
2024-03,Zippy Chicken Salami,Pkt,0.0,0.0,2.0,624.96,3.0,937.44,-1.0,-312.48
2024-03,Veeba T. Ketchup 1.2KG,Nos,0.0,0.0,5.0,525.0,8.0,840.0,-3.0,-315.0
2024-03,Paneer tikka masala,Kg,0.0,0.0,2.0,772.8,3.0,1159.2,-1.0,-386.4000000000001
2024-03,Butter Scotch Ice-cream,Nos,0.0,0.0,1.0,773.0,1.5,1159.5,-0.5,-386.5
2024-03,Palm Oil - Refined Oil,Pkt,0.0,0.0,0.0,0.0,5.0,460.0,-5.0,-460.0
2024-03,Vanilla Ice-cream,Kg,0.0,0.0,0.0,0.0,2.0,494.55,-2.0,-494.55
2024-03,bbq mix,Kg,0.0,0.0,2.0,930.0,3.2,1488.0,-1.2000000000000002,-558.0
2024-03,chilly flakes sachet,Nos,36.0,18.72,0.0,0.0,1193.0,620.36,-1157.0,-601.64
2024-03,Veeba Ketchup Sachet,Nos,71.0,53.25,0.0,0.0,881.0,660.75,-810.0,-607.5
2024-03,Baby Corn Whole-800GM-Tajir Habit,Tin,0.0,0.0,0.0,0.0,6.0,672.0,-6.0,-672.0
2024-03,Chocolate Ice-cream,Kg,0.0,0.0,0.0,0.0,2.7,945.0,-2.7,-945.0
2024-03,Mc Cain Potato Wedges 2.5kg,Nos,0.0,0.0,0.0,0.0,2.0,963.2,-2.0,-963.2
2024-03,Strawberry-Ice cream,Nos,0.0,0.0,1.0,629.0,2.7,1698.3,-1.7000000000000002,-1069.3
2024-03,Chicken Kheema  Masala,Kg,0.9,585.9,0.0,0.0,2.64,1718.64,-1.7400000000000002,-1132.7400000000002
2024-03,mexican mix,Kg,0.0,0.0,8.0,3320.0,11.5,4772.5,-3.5,-1452.5
2024-03,Processed cheese block,Kg,0.0,0.0,0.0,0.0,3.0,1650.0,-3.0,-1650.0
2024-03,DVC CHocolate Sauce 2 LTR,Ltr,0.0,0.0,0.0,0.0,4.5,1725.75,-4.5,-1725.75
2024-03,DVC Strawberry Syrup Syrup 750 ml,Nos,0.0,0.0,0.0,0.0,4.0,1954.08,-4.0,-1954.08
2024-03,Maida(Porotta 50kg),Kg,0.0,0.0,0.0,0.0,50.0,2110.0,-50.0,-2110.0
2024-03,Tandoori Tikka Marinade 500Grm,Pkt,0.0,0.0,0.0,0.0,7.0,4025.0,-7.0,-4025.0
2024-03,DVC Mint Flavoured Syrup 750 ml,Nos,0.0,0.0,0.0,0.0,8.8,4298.8,-8.8,-4298.8
2024-04,dynamic diced mozerella,Kg,32.0,13463.36,56.0,23855.04,28.0,11780.16,60.0,25538.24
2024-04,bonless chicken,Kg,0.0,0.0,58.93,21014.98,3.0,1031.58,56.0,19983.4
2024-04,Gas-LPG-HPCL,Nos,1.5,2760.0,9.0,16290.0,2.0,3620.0,8.5,15430.0
2024-04,grocery,Nos,4.0,409.32,77.0,17526.94,7.0,3413.2,74.0,14523.059999999998
2024-04,dynamix shredded cheese,Kg,0.0,0.0,24.0,10392.0,0.0,0.0,24.0,10392.0
2024-04,French Fries 6mm-Hungritos,Kg,42.5,5644.0,37.5,4980.0,7.5,996.0,73.0,9628.0
2024-04,veg,Nos,0.0,0.0,112.0,8777.9,0.0,0.0,112.0,8777.9
2024-04,Maida(Porotta 50kg),Kg,50.0,2110.0,100.0,4180.0,0.0,0.0,150.0,6290.0
2024-04,veeba pizza pasta sauce,Nos,24.0,4408.08,12.0,2204.04,8.0,1469.36,28.0,5142.76
2024-04,Medium Pizza Box,Nos,450.0,4990.5,0.0,0.0,39.0,432.51,411.0,4557.99
2024-04,DVC Mint Flavoured Syrup 750 ml,Nos,8.8,4298.8,0.0,0.0,0.0,0.0,8.8,4298.8
2024-04,Regular Pizza Box,Nos,500.0,4500.0,0.0,0.0,70.0,630.0,430.0,3870.0
2024-04,G.Crown Mushroom Slice 800g,Tin,44.0,4356.0,24.0,2376.0,29.0,2871.0,39.0,3861.0
2024-04,Pizza Premix,Nos,7.3,1752.0,10.0,2400.0,1.5,360.0,15.8,3792.0
2024-04,Large Pizza Box,Nos,250.0,3712.5,0.0,0.0,13.0,193.05,237.0,3519.45
2024-04,Pepsi 750ml Pet,Nos,42.0,1443.96,72.0,2475.36,12.0,412.56,102.0,3506.76
2024-04,Boneless Chicken,Kg,2.0,703.84,7.1,2518.7,0.0,0.0,9.0,3222.54
2024-04,DVC PASSION FRUIT FLV SYRUP 750ML,Nos,5.2,2756.0,0.0,0.0,0.0,0.0,5.2,2756.0
2024-04,mexican mix,Kg,11.5,4772.5,0.0,0.0,5.0,2075.0,6.5,2697.5
2024-04,Pepsi 250ml Pet,Nos,21.0,367.5,150.0,2625.0,26.0,455.0,145.0,2537.5
2024-04,butter,Kg,4.5,1710.0,6.0,2280.0,4.3,1634.0,6.2,2356.0
2024-04,7UP 1250ml Pet,Nos,16.0,993.28,24.0,1447.2,7.0,422.1,33.0,2018.38
2024-04,Flexi Cream Gold,Pkt,14.0,2808.4,12.0,2407.2,16.0,3209.6,10.0,2006.0000000000005
2024-04,DVC Strawberry Syrup Syrup 750 ml,Nos,4.0,1954.08,0.0,0.0,0.0,0.0,4.0,1954.08
2024-04,DVC CHocolate Sauce 2 LTR,Ltr,4.5,1725.75,0.0,0.0,0.0,0.0,4.5,1725.75
2024-04,7up pet 750ml,Nos,0.0,0.0,48.0,1650.24,0.0,0.0,48.0,1650.24
2024-04,Veeba Ketchup Sachet,Nos,881.0,660.75,4800.0,3600.0,3541.0,2655.75,2140.0,1605.0
2024-04,KOT Printing Rolls,Nos,30.0,1560.0,0.0,0.0,0.0,0.0,30.0,1560.0
2024-04,Brownie,Kg,7.0,2695.0,0.0,0.0,3.0,1155.0,4.0,1540.0
2024-04,Pepsi 1250ml Pet,Nos,12.0,744.96,24.0,1447.2,11.0,663.3,25.0,1528.86
2024-04,black olive slice Habit,Tin,2.0,1205.12,2.0,1205.12,1.5,903.84,2.5,1506.3999999999996
2024-04,bbq mix,Kg,3.2,1488.0,0.0,0.0,0.0,0.0,3.2,1488.0
2024-04,Paneer,Kg,1.0,290.0,4.0,1160.0,0.0,0.0,5.0,1450.0
2024-04,Palm Oil - Refined Oil,Pkt,5.0,460.0,10.0,975.0,0.0,0.0,15.0,1435.0
2024-04,Processed cheese block,Kg,3.0,1650.0,0.0,0.0,0.5,275.0,2.5,1375.0
2024-04, dry yeast 500 gm,Pkt,5.0,925.0,10.0,1850.0,8.0,1480.0,7.0,1295.0
2024-04,maida 30kg,Kg,0.0,0.0,30.0,1290.0,0.0,0.0,30.0,1290.0
2024-04,Veeba Eggless Mayonise Chef 1KG,Pkt,9.0,1263.78,12.0,1680.0,12.0,1680.0,9.0,1263.7799999999997
2024-04,7up 250ml Pet,Nos,34.0,595.0,60.0,1050.0,24.0,420.0,70.0,1225.0
2024-04,7up750mlpet,Nos,0.0,0.0,48.0,1650.24,13.0,446.94,35.0,1203.3
2024-04,Butter Scotch Ice-cream,Nos,1.5,1159.5,2.0,1546.0,2.0,1546.0,1.5,1159.5
2024-04,7UP 750ml Pet,Nos,29.0,1123.75,0.0,0.0,0.0,0.0,29.0,1123.75
2024-04,DVC Cucumber Syrup 750 ml,Nos,2.4,1272.0,0.0,0.0,0.3,159.0,2.1,1113.0
2024-04,Pineapple slice-Tajir Habit-850g,Nos,5.0,551.25,5.0,551.25,0.0,0.0,10.0,1102.5
2024-04,Lehar Soda,Nos,30.0,493.8,72.0,1185.12,38.0,625.48,64.0,1053.4399999999998
2024-04,Dew 250ml Pet,Nos,44.0,770.0,60.0,1050.0,47.0,822.5,57.0,997.5
2024-04,Garlic Bread Box,Nos,150.0,1125.0,0.0,0.0,18.0,135.0,132.0,990.0
2024-04,Mc Cain Potato Wedges 2.5kg,Nos,2.0,963.2,0.0,0.0,0.0,0.0,2.0,963.2
2024-04,Chocolate Ice-cream,Kg,2.7,945.0,0.0,0.0,0.0,0.0,2.7,945.0
2024-04,Veeba ThousandIsland Dressing 1KG,Nos,0.0,0.0,5.0,939.95,0.0,0.0,5.0,939.95
2024-04,milk,Nos,2.5,62.5,40.0,1000.0,5.0,125.0,37.5,937.5
2024-04,Pepsi 250ml Can,Nos,23.0,690.0,24.0,720.0,16.0,480.0,31.0,930.0
2024-04,Dew 750ml Pet,Nos,23.0,891.25,0.0,0.0,0.0,0.0,23.0,891.25
2024-04,Puramate Pasta-Penne Rigatte 500g,Pkt,12.0,816.0,15.0,1020.0,14.0,952.0,13.0,884.0
2024-04,eng veg,Nos,0.0,0.0,5.0,848.0,0.0,0.0,5.0,848.0
2024-04,HABIT JALAPENO SLICES 2.9 KG,Tin,4.0,1112.0,6.0,1668.0,7.0,1946.0,3.0,834.0
2024-04,Veeba Gouda Flavoured Dressing,Pkt,6.0,1219.68,12.0,2439.36,14.0,2845.92,4.0,813.1199999999999
2024-04,DVC Green Apple 750 ML,Nos,4.0,2120.0,0.0,0.0,2.5,1325.0,1.5,795.0
2024-04,Tandoori mix Masala,Kg,2.0,790.0,0.0,0.0,0.0,0.0,2.0,790.0
2024-04,Berry Fresh Tender Coconut Pulp,Kg,2.1,756.0,0.0,0.0,0.0,0.0,2.1,756.0
2024-04,eng.veg,Nos,0.0,0.0,5.0,752.0,0.0,0.0,5.0,752.0
2024-04,DVC BLUE OCCEAN FLV SYRUP 750ML,Nos,4.7,2491.0,0.0,0.0,3.3,1749.0,1.4000000000000004,742.0
2024-04,sano pomace olive oil,Nos,0.0,0.0,2.0,738.0,0.0,0.0,2.0,738.0
2024-04,Chicken Nuggets-Godrej-1kg,Kg,1.0,320.0,3.0,960.0,1.7,544.0,2.3,736.0
2024-04,Slice Mango 600ml pet,Nos,21.0,757.89,0.0,0.0,1.0,36.09,20.0,721.8
2024-04,Aqua Fina Mineral Water 1Ltr,Nos,19.0,266.0,45.0,630.0,13.0,182.0,51.0,714.0
2024-04,Mirinda 750ml pet,Nos,23.0,790.74,0.0,0.0,3.0,103.14,20.0,687.6
2024-04,Baby Corn Whole-800GM-Tajir Habit,Tin,6.0,672.0,0.0,0.0,0.0,0.0,6.0,672.0
2024-04,slice 350 ml,Nos,0.0,0.0,30.0,656.4,0.0,0.0,30.0,656.4
2024-04,Oregano Sprinkler 500g,Pkt,5.0,1624.0,0.0,0.0,3.0,974.4,2.0,649.6
2024-04,Zippy  B.Fast Sausage ,Pkt,2.0,638.4,0.0,0.0,0.0,0.0,2.0,638.4
2024-04,tomato hibreed,Kg,0.0,0.0,17.6,619.99,0.0,0.0,18.0,619.99
2024-04,Berry Fresh Chicku Pulp,Kg,2.2,616.0,0.0,0.0,0.0,0.0,2.2,616.0
2024-04,7up 250ml Can,Nos,23.0,690.0,0.0,0.0,3.0,90.0,20.0,600.0
2024-04,paneer,Kg,0.0,0.0,2.0,580.0,0.0,0.0,2.0,580.0
2024-04,Vanilla Ice-cream 4ltr,Nos,0.0,0.0,2.0,1088.0,1.0,544.0,1.0,544.0
2024-04,Schezwan sauce,Pkt,2.0,540.0,0.0,0.0,0.0,0.0,2.0,540.0
2024-04,Lamp Pepperoni,Kg,0.2,179.0,1.0,895.0,0.6,537.0,0.6,537.0
2024-04,DVC Mango Beverage Blend Syrup 750 ml,Nos,1.1,841.1,0.0,0.0,0.4,305.86,0.7000000000000001,535.24
2024-04,French Fries Box,Nos,200.0,1070.0,0.0,0.0,100.0,535.0,100.0,535.0
2024-04,Slice Mango 200ml pet,Nos,0.0,0.0,30.0,530.1,0.0,0.0,30.0,530.1
2024-04,Vanilla Ice-cream,Kg,2.0,494.55,0.0,0.0,0.0,0.0,2.0,494.55
2024-04,DVC Strawberry Syrup 750 ml,Nos,1.0,488.52,0.0,0.0,0.0,0.0,1.0,488.52
2024-04,Mirinda 250ml pet,Nos,6.0,105.0,30.0,525.0,9.0,157.5,27.0,472.5
2024-04,chilly flakes sachet,Nos,1193.0,620.36,0.0,0.0,306.0,159.12,887.0,461.24
2024-04,Pasta Container Black,Nos,200.0,1790.0,0.0,0.0,150.0,1342.5,50.0,447.5
2024-04,Chicken Kheema  Masala,Kg,2.64,1718.64,0.0,0.0,2.0,1302.0,0.6400000000000001,416.6400000000001
2024-04,red paprika habit,Tin,3.0,1194.0,0.0,0.0,2.0,796.0,1.0,398.0
2024-04,hybrid tomato,Kg,0.0,0.0,10.0,380.0,0.0,0.0,10.0,380.0
2024-04,Frozen Sweet Corn-Pal Fresh,Pkt,5.5,588.5,3.0,321.0,5.0,535.0,3.5,374.5
2024-04,Paper Plates,Nos,45.0,45.0,50.0,330.0,0.0,0.0,95.0,375.0
2024-04,DVC Watermelon Syrup 750 ml,Nos,1.5,732.75,0.0,0.0,0.8,390.8,0.7,341.95
2024-04,bio covers,Kg,2.0,340.0,0.0,0.0,0.0,0.0,2.0,340.0
2024-04,staff chicken,Kg,0.0,0.0,2.0,340.0,0.0,0.0,2.0,340.0
2024-04,paper bags large,Nos,18.0,216.0,50.0,600.0,41.0,492.0,27.0,324.0
2024-04,Veeba T. Ketchup 1.2KG,Nos,8.0,840.0,0.0,0.0,5.0,525.0,3.0,315.0
2024-04,Zippy Chicken Salami,Pkt,3.0,937.44,0.0,0.0,2.0,624.96,1.0,312.48
2024-04,Tripod,Nos,700.0,1036.0,0.0,0.0,500.0,740.0,200.0,296.0
2024-04,Brocoli,Kg,0.0,0.0,1.5,285.0,0.0,0.0,2.0,285.0
2024-04,Paneer tikka masala,Kg,3.0,1159.2,0.0,0.0,2.3,888.72,0.7000000000000002,270.48
2024-04,POTATO POPS,Kg,1.3,263.47,0.0,0.0,0.0,0.0,1.3,263.47
2024-04,Strawberry-Ice cream,Nos,2.7,1698.3,0.0,0.0,2.3,1446.7,0.40000000000000036,251.5999999999999
2024-04,atta,Kg,0.0,0.0,5.0,249.0,0.0,0.0,5.0,249.0
2024-04,plastic cover,Pkt,0.0,0.0,2.0,240.0,0.0,0.0,2.0,240.0
2024-04,fish finger,Pkt,0.4,237.89,1.0,594.72,1.0,594.72,0.3999999999999999,237.89
2024-04,Floor Cleaning Liquid Soad,Ltr,0.0,0.0,5.0,220.0,0.0,0.0,5.0,220.0
2024-04,OREGANO SACHET 0.8GM,Pkt,5.0,1100.0,5.0,1100.0,9.0,1980.0,1.0,220.0
2024-04,Bread Premix,Kg,0.9,216.0,2.0,480.0,2.0,480.0,0.8999999999999999,216.0
2024-04,Veeba Makhani Gravy 1KG,Pkt,1.0,210.0,5.0,1050.0,5.0,1050.0,1.0,210.0
2024-04,paper bags medium,Nos,6.0,66.0,100.0,1100.0,88.0,968.0,18.0,198.0
2024-04,CHICKEN POPCORN,Pkt,0.0,0.0,1.0,276.0,0.3,82.8,0.7,193.2
2024-04,egg 7,Nos,0.0,0.0,26.0,182.0,0.0,0.0,26.0,182.0
2024-04,Dew 250ml Can,Nos,6.0,180.0,0.0,0.0,0.0,0.0,6.0,180.0
2024-04,Mini Burger Box,Nos,100.0,300.0,100.0,300.0,140.0,420.0,60.0,180.0
2024-04,chilli garlic spread,Nos,3.0,486.0,0.0,0.0,2.0,324.0,1.0,162.0
2024-04,ice cube/70,Pkt,0.0,0.0,2.0,140.0,0.0,0.0,2.0,140.0
2024-04,Red yellow capsicum,Kg,0.0,0.0,0.55,132.0,0.0,0.0,1.0,132.0
2024-04,egg-6.50,Nos,0.0,0.0,20.0,130.0,0.0,0.0,20.0,130.0
2024-04,lemon,Kg,0.0,0.0,1.6,128.0,0.0,0.0,2.0,128.0
2024-04,wooden fork,Nos,0.0,0.0,400.0,340.0,250.0,212.5,150.0,127.5
2024-04,egg 6,Nos,0.0,0.0,20.0,120.0,0.0,0.0,20.0,120.0
2024-04,Green Peas,Pkt,2.0,262.0,0.0,0.0,1.1,144.1,0.8999999999999999,117.9
2024-04,milk 28 milma,Nos,0.0,0.0,4.0,112.0,0.0,0.0,4.0,112.0
2024-04,DVC Bubblegum Syrup Syrup 750 ml,Nos,1.0,488.52,0.0,0.0,0.8,390.82,0.19999999999999996,97.69999999999999
2024-04,Wooden Spoon-140mm,Nos,110.0,85.8,0.0,0.0,0.0,0.0,110.0,85.8
2024-04,Salad Bowl 250ml,Nos,66.0,346.5,0.0,0.0,50.0,262.5,16.0,84.0
2024-04,ice cube/80,Pkt,0.0,0.0,1.0,80.0,0.0,0.0,1.0,80.0
2024-04,straw,Nos,0.0,0.0,300.0,78.0,0.0,0.0,300.0,78.0
2024-04,butter papper,Nos,0.0,0.0,20.0,70.0,0.0,0.0,20.0,70.0
2024-04,BASIL,Kg,0.0,0.0,0.1,68.0,0.0,0.0,0.0,68.0
2024-04,wodden spoon,Nos,0.0,0.0,200.0,158.0,120.0,94.8,80.0,63.2
2024-04,Butter Scotch Sauce 750ml,Nos,1.0,143.0,0.0,0.0,0.6,85.8,0.4,57.2
2024-04,CHICKEN POPCORN,Kg,0.2,56.67,0.0,0.0,0.0,0.0,0.2,56.67
2024-04,DVC Peach GardenSyrup 750 ml,Nos,1.2,636.0,0.0,0.0,1.1,583.0,0.09999999999999987,53.0
2024-04,Green Chilly-Veg,Kg,0.0,0.0,0.5,40.0,0.0,0.0,1.0,40.0
2024-04,Salad Bowl 500ml,Nos,156.0,1021.8,0.0,0.0,150.0,982.5,6.0,39.299999999999955
2024-04,Cherry,Grams,0.0,0.0,100.0,30.0,0.0,0.0,100.0,30.0
2024-04,chilly flakes 500gm,Pkt,0.15,29.25,0.0,0.0,0.0,0.0,0.15,29.25
2024-04,mint,Nos,0.0,0.0,2.0,20.0,0.0,0.0,2.0,20.0
2024-04,Parsely-Veg,Kg,0.0,0.0,0.1,19.0,0.0,0.0,0.0,19.0
2024-04,Cling Flim,Pkt,0.0,0.0,1.0,120.0,1.0,120.0,0.0,0.0
2024-04,Honey,Kg,0.0,0.0,1.0,244.0,1.0,244.0,0.0,0.0
2024-04,Pizza sauce premix,Kg,6.0,1950.0,0.0,0.0,6.0,1950.0,0.0,0.0
2024-04,Puramate Pasta-Gomiti Rigate - macroni - 500g,Pkt,3.0,204.0,0.0,0.0,3.0,204.0,0.0,0.0
2024-04,Tandoori Tikka Marinade 500Grm,Pkt,7.0,4025.0,0.0,0.0,7.0,4025.0,0.0,0.0
2024-04,habit olive oil,Nos,5.0,2824.5,0.0,0.0,5.0,2824.5,0.0,0.0
2024-04,Tandoori Masala,Pkt,0.0,0.0,0.0,0.0,1.0,50.0,-1.0,-50.0
2024-04,Tissue,Pkt,8.0,144.0,0.0,0.0,11.0,198.0,-3.0,-54.0
2024-04,Atta Loose,Kg,0.0,0.0,0.0,0.0,1.5,61.5,-1.5,-61.5
2024-04,Paper Straw,Pkt,1.0,40.0,0.0,0.0,3.0,120.0,-2.0,-80.0
2024-04,Aromat Seasoning Powder,Pkt,0.0,0.0,0.0,0.0,0.5,86.0,-0.5,-86.0
2024-04,Dip Bowl,Nos,100.0,200.0,0.0,0.0,148.0,296.0,-48.0,-96.0
2024-04,Mango Crush Sauce 750ml Malas,Nos,0.0,0.0,0.0,0.0,0.8,110.66,-0.8,-110.66
2024-04,Tandoori Masala,Kg,0.07,26.26,0.0,0.0,0.4,150.08,-0.33,-123.82000000000001
2024-04,Paper Glass,Pkt,1.0,100.0,0.0,0.0,2.3,230.0,-1.2999999999999998,-130.0
2024-04,Corn Meal - MAKKA RAVA,Pkt,2.0,94.0,0.0,0.0,5.0,235.0,-3.0,-141.0
2024-04,DVC Strawberry Syrup 750 ml,Kg,0.0,0.0,0.0,0.0,0.3,146.56,-0.3,-146.56
2024-04,habit baby corn,Pkt,0.0,0.0,3.0,294.0,5.0,490.0,-2.0,-196.0
2024-04,staff rice,Kg,0.0,0.0,0.0,0.0,5.0,200.0,-5.0,-200.0
2024-04,Piri Piri Marinade 1KG,Pkt,0.2,93.5,0.0,0.0,0.65,303.87,-0.45,-210.37
2024-04,bio cover,Pkt,0.0,0.0,0.0,0.0,1.2,216.0,-1.2,-216.0
2024-04,Veeba Tandoori Spread-1kg,Pkt,0.0,0.0,5.0,1085.0,6.0,1302.0,-1.0,-217.0
2024-04,Frozen Sweet Corn,Kg,0.0,0.0,0.0,0.0,2.0,250.0,-2.0,-250.0
2024-04,bio plate,Nos,0.0,0.0,0.0,0.0,75.0,255.0,-75.0,-255.0
2024-04,paper bags regular,Nos,4.0,40.0,150.0,1500.0,181.0,1810.0,-27.0,-270.0
2024-04,Slice Mango 250ml pet,Nos,0.0,0.0,0.0,0.0,20.0,353.4,-20.0,-353.4
2024-04,Savoury Wedges 2.5 KG,Kg,0.0,0.0,0.0,0.0,2.5,464.8,-2.5,-464.8
2024-04,Moktails Glass,Nos,125.0,1000.0,0.0,0.0,185.0,1480.0,-60.0,-480.0
2024-04,Pineapple-Veg,Kg,0.0,0.0,0.0,0.0,7.0,504.0,-7.0,-504.0
2024-04,french fry hungritos 2.5kg,Kg,0.0,0.0,0.0,0.0,4.0,560.0,-4.0,-560.0
2024-04,Herb Mix Masla,Pkt,1.4,595.0,0.0,0.0,2.95,1253.75,-1.5500000000000003,-658.75
2024-04,DVC Mixed Berry Beverage Blend Syrup 750 ml,Nos,1.1,910.8,0.0,0.0,1.9,1573.2,-0.7999999999999998,-662.4000000000001
2024-04,BBQ Mix Masala,Pkt,2.0,930.0,0.0,0.0,3.6,1674.0,-1.6,-744.0
2024-04,Veeba ThousandIsland Dressing 1KG,Kg,0.0,0.0,0.0,0.0,4.0,751.97,-4.0,-751.97
2024-04,Malas Chocolate Sauce 5 ltr,Nos,0.0,0.0,0.0,0.0,1.0,1060.0,-1.0,-1060.0
2024-04,Chocolate Ice-cream 4ltr,Nos,0.0,0.0,0.0,0.0,1.3,1060.8,-1.3,-1060.8
2024-04,DVC Passion Fruit 750ML,Nos,0.0,0.0,0.0,0.0,3.3,1611.22,-3.3,-1611.22
2024-04,Veeba Pasta & Pizza Sauce 1KG,Pkt,0.0,0.0,0.0,0.0,12.0,2204.16,-12.0,-2204.16
2024-04,DVC MOJITO MINT 750ML,Nos,0.0,0.0,0.0,0.0,5.2,2756.0,-5.2,-2756.0
2024-05,dynamic diced mozerella,Kg,28.0,11780.16,72.0,30291.84,13.0,5678.4,87.0,36393.6
2024-05,bonless chicken,Kg,3.0,1031.58,64.15,23865.55,4.0,1455.72,63.0,23441.409999999996
2024-05,grocery,Nos,7.0,3413.2,67.0,18541.01,1.0,369.6,73.0,21584.61
2024-05,Gas-LPG-HPCL,Nos,2.0,3620.0,8.0,14340.0,2.0,3580.0,8.0,14380.0
2024-05,veg,Nos,0.0,0.0,123.0,7852.92,0.0,0.0,123.0,7852.92
2024-05,Regular Pizza Box,Nos,70.0,630.0,1000.0,9000.0,500.0,4250.0,570.0,5380.0
2024-05,French Fries 6mm-Hungritos,Kg,7.5,996.0,50.0,6640.0,22.5,2988.0,35.0,4648.0
2024-05,Pizza Premix,Nos,1.5,360.0,20.0,4800.0,4.0,960.0,17.5,4200.0
2024-05,Tandoori Tikka Marinade 500Grm,Pkt,7.0,4025.0,0.0,0.0,0.0,0.0,7.0,4025.0
2024-05,G.Crown Mushroom Slice 800g,Tin,29.0,2871.0,24.0,2376.0,17.0,1683.0,36.0,3564.0
2024-05,Pepsi 750ml Pet,Nos,12.0,412.56,96.0,3300.48,26.0,893.88,82.0,2819.16
2024-05,eng veg,Nos,0.0,0.0,14.0,2428.03,0.0,0.0,14.0,2428.03
2024-05,Veeba Pasta & Pizza Sauce 1KG,Pkt,12.0,2204.16,0.0,0.0,0.0,0.0,12.0,2204.16
2024-05,butter,Kg,4.3,1634.0,4.0,1520.0,2.5,950.0,5.800000000000001,2204.0
2024-05,7up750mlpet,Nos,13.0,446.94,48.0,1650.24,0.0,0.0,61.0,2097.18
2024-05,hybrid tomato,Kg,0.0,0.0,50.0,2085.0,0.0,0.0,50.0,2085.0
2024-05,mexican mix,Kg,5.0,2075.0,10.0,4150.0,10.0,4150.0,5.0,2075.0
2024-05,7UP 1250ml Pet,Nos,7.0,422.1,24.0,1447.2,0.0,0.0,31.0,1869.3000000000002
2024-05,Veeba Ketchup Sachet,Nos,3541.0,2655.75,2400.0,1776.0,3475.0,2571.5,2466.0,1860.25
2024-05,Pepsi 250ml Pet,Nos,26.0,455.0,120.0,2100.0,43.0,752.5,103.0,1802.5
2024-05,OREGANO SACHET 0.8GM,Pkt,9.0,1980.0,7.0,1540.0,8.0,1760.0,8.0,1760.0
2024-05,DVC MOJITO MINT 750ML,Nos,5.2,2756.0,7.0,3710.0,9.0,4770.0,3.1999999999999993,1696.0
2024-05,Pasta Container Black,Nos,150.0,1342.5,200.0,1790.0,170.0,1521.5,180.0,1611.0
2024-05,Flexi Cream Gold,Pkt,16.0,3209.6,0.0,0.0,8.0,1604.8,8.0,1604.8
2024-05,Garlic-Veg,Kg,0.0,0.0,8.0,2020.0,2.0,520.0,6.0,1500.0
2024-05,Frozen Sweet Corn-Pal Fresh,Pkt,5.0,535.0,20.0,1200.0,4.0,240.0,21.0,1495.0
2024-05,habit baby corn,Pkt,5.0,490.0,10.0,980.0,0.0,0.0,15.0,1470.0
2024-05,staff chicken,Kg,0.0,0.0,9.55,1439.99,0.0,0.0,10.0,1439.99
2024-05,paper bags regular,Nos,181.0,1810.0,0.0,0.0,41.0,410.0,140.0,1400.0
2024-05,BBQ Mix Masala,Pkt,3.6,1674.0,0.0,0.0,0.6,279.0,3.0,1395.0
2024-05,Savoury Wedges 2.5 KG,Kg,2.5,464.8,5.0,929.6,0.0,0.0,7.5,1394.4
2024-05,7up 250ml Pet,Nos,24.0,420.0,90.0,1575.0,36.0,630.0,78.0,1365.0
2024-05,maida 30kg,Kg,0.0,0.0,30.0,1290.0,0.0,0.0,30.0,1290.0
2024-05,bio plate,Nos,75.0,255.0,350.0,1190.0,50.0,170.0,375.0,1275.0
2024-05,maida,Kg,0.0,0.0,50.0,2094.0,20.0,837.6,30.0,1256.4
2024-05,HABIT JALAPENO SLICES 2.9 KG,Tin,7.0,1946.0,0.0,0.0,2.5,695.0,4.5,1251.0
2024-05,milk,Nos,5.0,125.0,46.0,1150.0,2.0,50.0,49.0,1225.0
2024-05,black olive slice Habit,Tin,1.5,903.84,2.0,1205.12,1.5,903.84,2.0,1205.12
2024-05,Brownie,Kg,3.0,1155.0,5.0,1925.0,5.0,1925.0,3.0,1155.0
2024-05,staff rice,Kg,5.0,200.0,26.0,949.0,0.0,0.0,31.0,1149.0
2024-05,Pizza sauce premix,Kg,6.0,1950.0,0.0,0.0,2.5,812.5,3.5,1137.5
2024-05,DVC Passion Fruit 750ML,Nos,3.3,1611.22,0.0,0.0,1.0,507.4,2.3,1103.8200000000002
2024-05,veeba pizza pasta sauce,Nos,8.0,1469.36,24.0,4408.08,26.0,4775.42,6.0,1102.0199999999995
2024-05,Processed cheese block,Kg,0.5,275.0,4.0,2200.0,2.5,1375.0,2.0,1100.0
2024-05,Malas Chocolate Sauce 5 ltr,Nos,1.0,1060.0,0.0,0.0,0.0,0.0,1.0,1060.0
2024-05,Veeba Gouda Flavoured Dressing,Pkt,14.0,2845.92,12.0,2439.36,21.0,4268.88,5.0,1016.4000000000005
2024-05,Medium Pizza Box,Nos,39.0,432.51,150.0,1663.5,98.0,1086.82,91.0,1009.1900000000003
2024-05,Palm Oil - Refined Oil,Pkt,0.0,0.0,20.0,1815.0,9.0,828.0,11.0,987.0
2024-05,Veeba Eggless Mayonise Chef 1KG,Pkt,12.0,1680.0,12.0,1680.0,17.0,2380.0,7.0,980.0
2024-05,Oregano Sprinkler 500g,Pkt,3.0,974.4,10.0,3248.0,10.0,3248.0,3.0,974.3999999999996
2024-05,paper bags medium,Nos,88.0,968.0,0.0,0.0,0.0,0.0,88.0,968.0
2024-05,Pepsi 1250ml Pet,Nos,11.0,663.3,12.0,723.6,7.0,422.1,16.0,964.8000000000001
2024-05,Dew 750ml Pet,Nos,0.0,0.0,48.0,1650.24,21.0,721.98,27.0,928.26
2024-05, dry yeast 500 gm,Pkt,8.0,1480.0,10.0,1850.0,13.0,2405.0,5.0,925.0
2024-05,Vanilla Ice-cream 4ltr,Nos,1.0,544.0,2.0,1088.0,1.3,707.2,1.7,924.8
2024-05,Dew 250ml Pet,Nos,47.0,822.5,30.0,525.0,27.0,472.5,50.0,875.0
2024-05,Paneer,Kg,0.0,0.0,5.0,1450.0,2.0,580.0,3.0,870.0
2024-05,Chicken Nuggets-Godrej-1kg,Kg,1.7,544.0,4.0,1280.0,3.0,960.0,2.7,864.0
2024-05,Veeba ThousandIsland Dressing 1KG,Kg,4.0,751.97,0.0,0.0,0.0,0.0,4.0,751.97
2024-05,Puramate Pasta-Penne Rigatte 500g,Pkt,14.0,952.0,4.0,272.0,7.0,476.0,11.0,748.0
2024-05,Tripod,Nos,500.0,740.0,0.0,0.0,0.0,0.0,500.0,740.0
2024-05,Veeba Makhani Gravy 1KG,Pkt,5.0,1050.0,0.0,0.0,1.5,315.0,3.5,735.0
2024-05,Lehar Soda,Nos,38.0,625.48,48.0,790.08,42.0,691.32,44.0,724.2399999999999
2024-05,Mini Burger Box,Nos,140.0,420.0,100.0,300.0,0.0,0.0,240.0,720.0
2024-05,Chilli Flakes-Tasty Pixel-Veeba-Sachet-0.8g,Nos,0.0,0.0,1250.0,661.5,0.0,0.0,1250.0,661.5
2024-05,DVC Green Apple 750 ML,Nos,2.5,1325.0,0.0,0.0,1.4,710.36,1.1,614.64
2024-05,DVC BLUE OCCEAN FLV SYRUP 750ML,Nos,3.3,1749.0,0.0,0.0,2.2,1166.0,1.0999999999999996,583.0
2024-05,DVC Peach GardenSyrup 750 ml,Nos,1.1,583.0,0.0,0.0,0.0,0.0,1.1,583.0
2024-05,Herb Mix Masla,Pkt,2.95,1253.75,1.0,425.0,2.6,1105.0,1.35,573.75
2024-05,habit olive oil,Nos,5.0,2824.5,0.0,0.0,4.0,2259.6,1.0,564.9000000000001
2024-05,Slice Mango 200ml pet,Nos,0.0,0.0,30.0,530.1,0.0,0.0,30.0,530.1
2024-05,tomato ketchup,Nos,0.0,0.0,5.0,525.0,0.0,0.0,5.0,525.0
2024-05,Salad Bowl 500ml,Nos,150.0,982.5,0.0,0.0,70.0,458.5,80.0,524.0
2024-05,Pineapple-Veg,Kg,7.0,504.0,0.0,0.0,0.0,0.0,7.0,504.0
2024-05,CHICKEN POPCORN,Pkt,0.3,82.8,2.0,552.0,0.55,151.8,1.7499999999999998,482.99999999999994
2024-05,7up pet 750ml,Nos,0.0,0.0,48.0,1650.24,34.0,1168.92,14.0,481.31999999999994
2024-05,Bread Premix,Kg,2.0,480.0,0.0,0.0,0.0,0.0,2.0,480.0
2024-05,Pepsi 250ml Can,Nos,16.0,480.0,24.0,720.0,24.0,720.0,16.0,480.0
2024-05,hit spray big,Nos,0.0,0.0,2.0,450.0,0.0,0.0,2.0,450.0
2024-05,Veeba Tandoori Spread-1kg,Pkt,6.0,1302.0,0.0,0.0,4.0,868.0,2.0,434.0
2024-05,tomato hibreed,Kg,0.0,0.0,10.0,430.0,0.0,0.0,10.0,430.0
2024-05,Brocoli,Kg,0.0,0.0,1.65,379.0,0.0,0.0,2.0,379.0
2024-05,milk 28 milma,Nos,0.0,0.0,13.0,364.0,0.0,0.0,13.0,364.0
2024-05,Red yellow capsicum,Kg,0.0,0.0,1.5,360.0,0.0,0.0,2.0,360.0
2024-05,bio covers,Kg,0.0,0.0,2.0,360.0,0.0,0.0,2.0,360.0
2024-05,Slice Mango 250ml pet,Nos,20.0,353.4,0.0,0.0,0.0,0.0,20.0,353.4
2024-05,egg 7,Nos,0.0,0.0,50.0,350.0,0.0,0.0,50.0,350.0
2024-05,Mirinda 250ml pet,Nos,9.0,157.5,30.0,525.0,20.0,350.0,19.0,332.5
2024-05,Cash Voucher Book,Nos,0.0,0.0,6.0,330.0,0.0,0.0,6.0,330.0
2024-05,Paper Glass,Pkt,2.3,230.0,2.0,200.0,1.0,100.0,3.3,330.0
2024-05,Chocolate Ice-cream 4ltr,Nos,1.3,1060.8,0.0,0.0,0.9,734.4,0.4,326.4
2024-05,chilli garlic spread,Nos,2.0,324.0,0.0,0.0,0.0,0.0,2.0,324.0
2024-05,Aqua Fina Mineral Water 1Ltr,Nos,13.0,182.0,30.0,397.5,19.0,266.0,24.0,313.5
2024-05,DVC Mango Beverage Blend Syrup 750 ml,Nos,0.4,305.86,0.0,0.0,0.0,0.0,0.4,305.86
2024-05,Piri Piri Marinade 1KG,Pkt,0.65,303.87,1.0,467.49,1.0,467.49,0.6499999999999999,303.87
2024-05,fish finger,Pkt,1.0,594.72,1.0,594.72,1.5,892.08,0.5,297.36
2024-05,Zippy Chicken Salami,Pkt,2.0,624.96,1.0,329.28,1.0,658.56,2.0,295.68000000000006
2024-05,Tissue,Pkt,11.0,198.0,15.0,270.0,10.0,180.0,16.0,288.0
2024-05,Moktails Glass,Nos,185.0,1480.0,0.0,0.0,150.0,1200.0,35.0,280.0
2024-05,Mirinda 750ml pet,Nos,3.0,103.14,24.0,825.12,19.0,653.22,8.0,275.03999999999996
2024-05,Puramate Pasta-Gomiti Rigate - macroni - 500g,Pkt,3.0,204.0,5.0,340.0,4.0,272.0,4.0,272.0
2024-05,Dew 250ml Can,Nos,0.0,0.0,24.0,720.0,15.0,450.0,9.0,270.0
2024-05,Salad Bowl 250ml,Nos,50.0,262.5,0.0,0.0,0.0,0.0,50.0,262.5
2024-05,chilly flakes sachet,Nos,306.0,159.12,1250.0,650.0,1068.0,555.36,488.0,253.76
2024-05,Strawberry-Ice cream,Nos,2.3,1446.7,0.0,0.0,1.9,1195.1,0.3999999999999999,251.60000000000014
2024-05,Frozen Sweet Corn,Kg,2.0,250.0,0.0,0.0,0.0,0.0,2.0,250.0
2024-05,Slice Mango 600ml pet,Nos,1.0,36.09,24.0,866.16,19.0,685.71,6.0,216.53999999999996
2024-05,bio cover,Pkt,1.2,216.0,2.0,360.0,2.0,360.0,1.2000000000000002,216.0
2024-05,wooden fork,Nos,250.0,212.5,0.0,0.0,0.0,0.0,250.0,212.5
2024-05,7up 250ml Can,Nos,3.0,90.0,24.0,720.0,20.0,600.0,7.0,210.0
2024-05,egg 6,Nos,0.0,0.0,35.0,210.0,0.0,0.0,35.0,210.0
2024-05,rubber band,Pkt,0.0,0.0,1.0,200.0,0.0,0.0,1.0,200.0
2024-05,red paprika habit,Tin,2.0,796.0,0.0,0.0,1.5,597.0,0.5,199.0
2024-05,Puramate Basil 250g Pouch,Nos,0.0,0.0,1.0,195.0,0.0,0.0,1.0,195.0
2024-05,DVC Watermelon Syrup 750 ml,Nos,0.8,390.8,0.0,0.0,0.4,202.96,0.4,187.84
2024-05,Onion-Veg,Kg,0.0,0.0,5.0,165.0,0.0,0.0,5.0,165.0
2024-05,Corn Meal - MAKKA RAVA,Pkt,5.0,235.0,0.0,0.0,1.5,70.5,3.5,164.5
2024-05,Tandoori Masala,Kg,0.4,150.08,0.0,0.0,0.0,0.0,0.4,150.08
2024-05,capsicum,Kg,0.0,0.0,2.0,148.0,0.0,0.0,2.0,148.0
2024-05,DVC Strawberry Syrup 750 ml,Kg,0.3,146.56,0.0,0.0,0.0,0.0,0.3,146.56
2024-05,Cling Flim,Pkt,1.0,120.0,0.0,0.0,0.0,0.0,1.0,120.0
2024-05,Paper Straw,Pkt,3.0,120.0,0.0,0.0,0.0,0.0,3.0,120.0
2024-05,Paneer tikka masala,Kg,2.3,888.72,0.0,0.0,2.0,772.8,0.2999999999999998,115.92000000000007
2024-05,hit spray,Nos,0.0,0.0,1.0,115.0,0.0,0.0,1.0,115.0
2024-05,Mango Crush Sauce 750ml Malas,Nos,0.8,110.66,0.0,0.0,0.0,0.0,0.8,110.66
2024-05,Hand Wash,Nos,0.0,0.0,1.0,95.0,0.0,0.0,1.0,95.0
2024-05,wodden spoon,Nos,120.0,94.8,0.0,0.0,0.0,0.0,120.0,94.8
2024-05,Aromat Seasoning Powder,Pkt,0.5,86.0,0.0,0.0,0.0,0.0,0.5,86.0
2024-05,ice cube/80,Pkt,0.0,0.0,2.0,160.0,1.0,80.0,1.0,80.0
2024-05,Honey,Kg,1.0,244.0,0.0,0.0,0.7,170.8,0.30000000000000004,73.19999999999999
2024-05,curd milma,Pkt,0.0,0.0,2.0,70.0,0.0,0.0,2.0,70.0
2024-05,lemon,Kg,0.0,0.0,0.5,70.0,0.0,0.0,1.0,70.0
2024-05,BASIL,Kg,0.0,0.0,0.1,68.0,0.0,0.0,0.0,68.0
2024-05,Green Peas,Pkt,1.1,144.1,0.0,0.0,0.6,78.6,0.5000000000000001,65.5
2024-05,egg-6.50,Nos,0.0,0.0,10.0,65.0,0.0,0.0,10.0,65.0
2024-05,Atta Loose,Kg,1.5,61.5,0.0,0.0,0.0,0.0,1.5,61.5
2024-05,tomato,Kg,0.0,0.0,2.0,60.0,0.0,0.0,2.0,60.0
2024-05,Tandoori Masala,Pkt,1.0,50.0,0.0,0.0,0.0,0.0,1.0,50.0
2024-05,paper bags large,Nos,41.0,492.0,0.0,0.0,37.0,444.0,4.0,48.0
2024-05,ant powder,Nos,0.0,0.0,1.0,42.0,0.0,0.0,1.0,42.0
2024-05,DVC Bubblegum Syrup Syrup 750 ml,Nos,0.8,390.82,0.0,0.0,0.7,355.18,0.10000000000000009,35.639999999999986
2024-05,Dip Bowl,Nos,148.0,296.0,100.0,200.0,230.0,460.0,18.0,36.0
2024-05,Ginger-Veg,Kg,0.0,0.0,0.2,32.0,0.0,0.0,0.0,32.0
2024-05,curd local,Nos,0.0,0.0,1.0,30.0,0.0,0.0,1.0,30.0
2024-05,Parsely-Veg,Kg,0.0,0.0,0.1,24.0,0.0,0.0,0.0,24.0
2024-05,churanga,Kg,0.0,0.0,0.7,18.0,0.0,0.0,1.0,18.0
2024-05,Butter Scotch Sauce 750ml,Nos,0.6,85.8,0.0,0.0,0.6,85.8,0.0,0.0
2024-05,Chicken Kheema  Masala,Kg,2.0,1302.0,0.0,0.0,2.0,1302.0,0.0,0.0
2024-05,Veeba T. Ketchup 1.2KG,Nos,5.0,525.0,5.0,525.0,10.0,1050.0,0.0,0.0
2024-05,Zippy  B.Fast Sausage ,Pkt,0.0,0.0,1.0,319.2,1.0,319.2,0.0,0.0
2024-05,atta,Kg,0.0,0.0,5.0,245.0,5.0,245.0,0.0,0.0
2024-05,french fry hungritos 2.5kg,Kg,4.0,560.0,0.0,0.0,4.0,560.0,0.0,0.0
2024-05,straw,Nos,0.0,0.0,0.0,0.0,225.0,58.5,-225.0,-58.5
2024-05,DVC Mixed Berry Beverage Blend Syrup 750 ml,Nos,1.9,1573.2,0.0,0.0,2.0,1656.0,-0.10000000000000009,-82.79999999999995
2024-05,Wooden Spoon,Pkt,0.0,0.0,0.0,0.0,1.5,135.0,-1.5,-135.0
2024-05,Aromat Seasoning Powder,Grams,0.0,0.0,0.0,0.0,500.0,172.0,-500.0,-172.0
2024-05,Garlic Bread Box,Nos,18.0,135.0,100.0,879.0,136.0,1195.44,-18.0,-181.44000000000005
2024-05,POTATO POPS,Kg,0.0,0.0,0.0,0.0,1.0,202.67,-1.0,-202.67
2024-05,Mustard-Oil,Ltr,0.0,0.0,0.0,0.0,0.7,217.0,-0.7,-217.0
2024-05,French Fries Box,Nos,100.0,535.0,100.0,535.0,260.0,1391.0,-60.0,-321.0
2024-05,Lamp Pepperoni,Kg,0.6,537.0,1.0,895.0,2.0,1790.0,-0.3999999999999999,-358.0
2024-05,Berry Fresh Tender Coconut Pulp,Kg,0.0,0.0,2.0,720.0,3.0,1080.0,-1.0,-360.0
2024-05,Butter Scotch Ice-cream,Nos,2.0,1546.0,0.0,0.0,2.5,1932.5,-0.5,-386.5
2024-05,GO Orange Cheddar Cheese 2kg,Kg,0.0,0.0,0.0,0.0,0.7,396.55,-0.7,-396.55
2024-05,bbq mix,Kg,0.0,0.0,5.0,2325.0,6.0,2790.0,-1.0,-465.0
2024-05,Berry Fresh Chicku Pulp,Kg,0.0,0.0,0.0,0.0,1.8,504.0,-1.8,-504.0
2024-05,DVC Peach Garden Syrup Syrup 750 ml,Nos,0.0,0.0,0.0,0.0,1.1,537.37,-1.1,-537.37
2024-05,Large Pizza Box,Nos,13.0,193.05,300.0,4425.0,350.0,5162.5,-37.0,-544.4499999999998
2024-05,Veeba ThousandIsland Dressing 1KG,Nos,0.0,0.0,0.0,0.0,3.0,563.97,-3.0,-563.97
2024-05,Mc Cain Potato Wedges 2.5kg,Kg,0.0,0.0,0.0,0.0,4.0,770.56,-4.0,-770.56
2024-05,KOT Printing Rolls,Nos,0.0,0.0,0.0,0.0,18.0,936.0,-18.0,-936.0
2024-05,DVC Strawberry Syrup Syrup 750 ml,Nos,0.0,0.0,0.0,0.0,2.0,977.04,-2.0,-977.04
2024-05,Baby Corn Whole-450GM-Golden Crown,Tin,0.0,0.0,0.0,0.0,10.0,980.0,-10.0,-980.0
2024-05,DVC Cucumber Syrup 750 ml,Nos,0.3,159.0,0.0,0.0,2.3,1219.0,-1.9999999999999998,-1060.0
2024-05,Tandoori mix Masala,Kg,0.0,0.0,0.0,0.0,4.3,1698.5,-4.3,-1698.5
2024-06,dynamic diced mozerella,Kg,13.0,5678.4,72.0,31449.6,11.0,4804.8,74.0,32323.2
2024-06,bonless chicken,Kg,4.0,1455.72,72.15,26241.15,3.0,1061.73,73.0,26635.140000000003
2024-06,grocery,Nos,1.0,369.6,82.0,21965.96,5.0,887.15,78.0,21448.409999999996
2024-06,Gas-LPG-HPCL,Nos,2.0,3580.0,5.0,8600.0,0.5,860.0,6.5,11320.0
2024-06,veg,Nos,0.0,0.0,113.0,9375.99,4.0,268.0,109.0,9107.99
2024-06,Pizza Premix,Nos,4.0,960.0,30.0,7200.0,8.0,1920.0,26.0,6240.0
2024-06,mexican mix,Kg,10.0,4150.0,5.0,2075.0,0.0,0.0,15.0,6225.0
2024-06,French Fries 6mm-Hungritos,Kg,22.5,2988.0,37.5,4851.0,12.5,1617.0,48.0,6222.0
2024-06,Regular Pizza Box,Nos,500.0,4250.0,300.0,2550.0,150.0,1275.0,650.0,5525.0
2024-06,DVC MOJITO MINT 750ML,Nos,9.0,4770.0,0.0,0.0,0.0,0.0,9.0,4770.0
2024-06,Veeba Pasta & Pizza Sauce 1KG,Pkt,0.0,0.0,24.0,4408.32,0.0,0.0,24.0,4408.32
2024-06,Veeba Ketchup Sachet,Nos,3475.0,2571.5,2400.0,1776.0,38.0,28.12,5837.0,4319.38
2024-06,G.Crown Mushroom Slice 800g,Tin,17.0,1683.0,48.0,4752.0,32.0,3168.0,33.0,3267.0
2024-06,eng veg,Nos,0.0,0.0,15.0,2904.98,0.0,0.0,15.0,2904.98
2024-06,Medium Pizza Box,Nos,98.0,1086.82,600.0,6000.0,426.0,4260.0,272.0,2826.8199999999997
2024-06,7up pet 750ml,Nos,34.0,1168.92,48.0,1650.24,0.0,0.0,82.0,2819.16
2024-06,bbq mix,Kg,6.0,2790.0,0.0,0.0,0.0,0.0,6.0,2790.0
2024-06,Veeba Eggless Mayonise Chef 1KG,Pkt,17.0,2380.0,0.0,0.0,0.0,0.0,17.0,2380.0
2024-06,Pepsi 750ml Pet,Nos,26.0,893.88,72.0,2475.36,31.0,1065.78,67.0,2303.46
2024-06,paper bags regular,Nos,41.0,410.0,179.0,1969.0,26.0,286.0,194.0,2093.0
2024-06,Flexi Cream Gold,Pkt,8.0,1604.8,3.0,601.8,1.0,200.6,10.0,2006.0
2024-06,Pepsi 250ml Pet,Nos,43.0,752.5,120.0,2100.0,49.0,857.5,114.0,1995.0
2024-06,Brownie,Kg,5.0,1925.0,5.0,1925.0,5.0,1925.0,5.0,1925.0
2024-06,butter,Kg,2.5,950.0,4.0,1520.0,1.5,570.0,5.0,1900.0
2024-06,Vanilla Ice-cream 4ltr,Nos,1.3,707.2,4.0,2176.0,2.0,1088.0,3.3,1795.1999999999998
2024-06,Lamp Pepperoni,Kg,2.0,1790.0,2.0,1790.0,2.0,1790.0,2.0,1790.0
2024-06,OREGANO SACHET 0.8GM,Pkt,8.0,1760.0,0.0,0.0,0.0,0.0,8.0,1760.0
2024-06,Mc Cain Potato Wedges 2.5kg,Kg,4.0,770.56,5.0,929.6,0.0,0.0,9.0,1700.1599999999999
2024-06,Mango Crush Sauce 750ml Malas,Nos,0.0,0.0,2.0,1680.32,0.0,0.0,2.0,1680.32
2024-06,Palm Oil - Refined Oil,Pkt,9.0,828.0,10.0,920.0,1.0,92.0,18.0,1656.0
2024-06,DVC BLUE OCCEAN FLV SYRUP 750ML,Nos,2.2,1166.0,4.0,2029.6,3.2,1623.68,3.0,1571.9199999999998
2024-06,Large Pizza Box,Nos,350.0,5162.5,100.0,1485.0,347.0,5152.95,103.0,1494.5500000000002
2024-06,maida,Kg,20.0,837.6,50.0,2150.0,35.0,1505.0,35.0,1482.6
2024-06,black olive slice Habit,Tin,1.5,903.84,3.0,1839.6,2.0,1268.96,2.5,1474.48
2024-06,paper bags medium,Nos,0.0,0.0,125.0,1500.0,3.0,36.0,122.0,1464.0
2024-06,Zippy Chicken Salami,Pkt,1.0,658.56,1.0,658.56,0.0,0.0,2.0,1317.12
2024-06,7up 250ml Pet,Nos,36.0,630.0,90.0,1575.0,51.0,892.5,75.0,1312.5
2024-06,maida 30kg,Kg,0.0,0.0,30.0,1290.0,0.0,0.0,30.0,1290.0
2024-06,hybrid tomato,Kg,0.0,0.0,20.0,1170.0,0.0,0.0,20.0,1170.0
2024-06,chilly flakes sachet,Nos,1068.0,555.36,1250.0,650.0,92.0,47.84,2226.0,1157.5200000000002
2024-06,7UP 1250ml Pet,Nos,0.0,0.0,36.0,2170.8,17.0,1025.1,19.0,1145.7000000000003
2024-06,Pepsi 1250ml Pet,Nos,7.0,422.1,24.0,1447.2,12.0,723.6,19.0,1145.7000000000003
2024-06, dry yeast 500 gm,Pkt,13.0,2405.0,0.0,0.0,7.0,1295.0,6.0,1110.0
2024-06,Chicken Kheema  Masala,Kg,2.0,1302.0,0.0,0.0,0.3,195.3,1.7,1106.7
2024-06,Milkymist Cheese BLock 1KG,Nos,0.0,0.0,2.0,1100.0,0.0,0.0,2.0,1100.0
2024-06,Veeba T. Ketchup 1.2KG,Nos,10.0,1050.0,0.0,0.0,0.0,0.0,10.0,1050.0
2024-06,Puramate Pasta-Penne Rigatte 500g,Pkt,7.0,476.0,16.0,1088.0,8.0,544.0,15.0,1020.0
2024-06,Veeba Gouda Flavoured Dressing,Pkt,21.0,4268.88,0.0,0.0,16.0,3252.48,5.0,1016.4000000000001
2024-06,Paneer,Kg,2.0,580.0,3.0,870.0,1.5,435.0,3.5,1015.0
2024-06,Baby Corn Whole-450GM-Golden Crown,Tin,10.0,980.0,0.0,0.0,0.0,0.0,10.0,980.0
2024-06,HABIT JALAPENO SLICES 2.9 KG,Tin,2.5,695.0,2.0,556.0,1.0,278.0,3.5,973.0
2024-06,Chicken Nuggets-Godrej-1kg,Kg,3.0,960.0,0.0,0.0,0.0,0.0,3.0,960.0
2024-06,Butter Scotch Ice-cream,Nos,2.5,1932.5,0.0,0.0,1.3,1004.9,1.2,927.6
2024-06,staff chicken,Kg,0.0,0.0,6.15,925.01,0.0,0.0,6.0,925.01
2024-06,DVC Mixed Berry Beverage Blend Syrup 750 ml,Nos,2.0,1656.0,0.0,0.0,0.9,745.2,1.1,910.8
2024-06,slice 350 ml,Nos,0.0,0.0,60.0,1312.8,19.0,415.72,41.0,897.0799999999999
2024-06,Veeba Tandoori Spread-1kg,Pkt,4.0,868.0,0.0,0.0,0.0,0.0,4.0,868.0
2024-06,Dew 750ml Pet,Nos,21.0,721.98,24.0,825.12,20.0,687.6,25.0,859.4999999999999
2024-06,Herb Mix Masla,Pkt,2.6,1105.0,3.0,1275.0,3.6,1530.0,1.9999999999999996,850.0
2024-06,habit olive oil,Nos,4.0,2259.6,0.0,0.0,2.5,1412.25,1.5,847.3499999999999
2024-06,7up750mlpet,Nos,0.0,0.0,24.0,825.12,0.0,0.0,24.0,825.12
2024-06,Tandoori mix Masala,Kg,4.3,1698.5,5.0,1975.0,7.4,2923.0,1.9000000000000004,750.5
2024-06,Lehar Soda,Nos,42.0,691.32,24.0,395.04,21.0,345.66,45.0,740.7
2024-06,tomato,Kg,0.0,0.0,10.0,740.0,0.0,0.0,10.0,740.0
2024-06,Chocolate Ice-cream 4ltr,Nos,0.9,734.4,1.0,816.0,1.0,816.0,0.8999999999999999,734.4000000000001
2024-06,milk,Nos,2.0,50.0,28.0,700.0,1.0,25.0,29.0,725.0
2024-06,tomato hibreed,Kg,0.0,0.0,10.0,720.0,0.0,0.0,10.0,720.0
2024-06,Dew 250ml Pet,Nos,27.0,472.5,30.0,525.0,18.0,315.0,39.0,682.5
2024-06,Oregano Sprinkler 500g,Pkt,10.0,3248.0,0.0,0.0,8.0,2598.4,2.0,649.5999999999999
2024-06,Moktails Glass,Nos,150.0,1200.0,100.0,800.0,170.0,1360.0,80.0,640.0
2024-06,garlic,Kg,0.0,0.0,2.0,600.0,0.0,0.0,2.0,600.0
2024-06,red paprika habit,Tin,1.5,597.0,2.0,796.0,2.0,796.0,1.5,597.0
2024-06,French Fries Box,Nos,260.0,1391.0,100.0,535.0,250.0,1337.5,110.0,588.5
2024-06,DVC Strawberry Syrup Syrup 750 ml,Nos,2.0,977.04,0.0,0.0,0.8,390.82,1.2,586.22
2024-06,tandoori tikka powder,Kg,0.0,0.0,0.5,575.0,0.0,0.0,1.0,575.0
2024-06,french fry hungritos 2.5kg,Kg,4.0,560.0,0.0,0.0,0.0,0.0,4.0,560.0
2024-06,DVC Bubblegum Syrup Syrup 750 ml,Nos,0.7,355.18,1.0,507.4,0.6,304.44,1.1,558.1399999999999
2024-06,DVC Peach Garden Syrup Syrup 750 ml,Nos,1.1,537.37,0.0,0.0,0.0,0.0,1.1,537.37
2024-06,staff rice 26kg,Kg,0.0,0.0,26.0,1248.0,15.0,720.0,11.0,528.0
2024-06,Garlic-Veg,Kg,2.0,520.0,0.0,0.0,0.0,0.0,2.0,520.0
2024-06,DVC Green Apple 750 ML,Nos,1.4,710.36,2.0,1014.8,2.4,1217.76,1.0,507.39999999999986
2024-06,Pizza sauce premix,Kg,2.5,812.5,2.0,650.0,3.0,975.0,1.5,487.5
2024-06,Pasta Container Black,Nos,170.0,1521.5,0.0,0.0,116.0,1038.2,54.0,483.29999999999995
2024-06,Garlic Bread Box,Nos,136.0,1195.44,0.0,0.0,82.0,720.78,54.0,474.6600000000001
2024-06,Slice Mango 600ml pet,Nos,19.0,685.71,0.0,0.0,6.0,216.54,13.0,469.1700000000001
2024-06,paper bags large,Nos,37.0,444.0,53.0,689.0,55.0,715.0,35.0,418.0
2024-06,KOT Printing Rolls,Nos,18.0,936.0,0.0,0.0,10.0,520.0,8.0,416.0
2024-06,GO Orange Cheddar Cheese 2kg,Kg,0.7,396.55,0.0,0.0,0.0,0.0,0.7,396.55
2024-06,Veeba ThousandIsland Dressing 1KG,Nos,3.0,563.97,0.0,0.0,1.0,187.99,2.0,375.98
2024-06,Paneer tikka masala,Kg,2.0,772.8,2.0,750.0,3.1,1162.5,0.8999999999999999,360.29999999999995
2024-06,bio cover,Pkt,2.0,360.0,0.0,0.0,0.0,0.0,2.0,360.0
2024-06,Dew 250ml Can,Nos,15.0,450.0,24.0,720.0,28.0,840.0,11.0,330.0
2024-06,Veeba Makhani Gravy 1KG,Pkt,1.5,315.0,0.0,0.0,0.0,0.0,1.5,315.0
2024-06,Salad Bowl 500ml,Nos,70.0,458.5,100.0,625.0,125.0,781.25,45.0,302.25
2024-06,Mini Burger Box,Nos,0.0,0.0,100.0,300.0,0.0,0.0,100.0,300.0
2024-06,Chicken Sausage,Kg,0.0,0.0,1.0,282.0,0.0,0.0,1.0,282.0
2024-06,Mirinda 750ml pet,Nos,19.0,653.22,0.0,0.0,11.0,378.18,8.0,275.04
2024-06,Processed cheese block,Kg,2.5,1375.0,2.0,1100.0,4.0,2200.0,0.5,275.0
2024-06,Pepsi 250ml Can,Nos,24.0,720.0,0.0,0.0,15.0,450.0,9.0,270.0
2024-06,Mirinda 250ml pet,Nos,20.0,350.0,30.0,525.0,35.0,612.5,15.0,262.5
2024-06,chicken popcorn,Kg,0.0,0.0,2.0,576.0,1.1,316.8,0.8999999999999999,259.2
2024-06,atta,Kg,5.0,245.0,0.0,0.0,0.0,0.0,5.0,245.0
2024-06,Bread Premix,Kg,0.0,0.0,3.0,720.0,2.0,480.0,1.0,240.0
2024-06,hit spray big,Nos,0.0,0.0,1.0,225.0,0.0,0.0,1.0,225.0
2024-06,Dip Bowl,Nos,230.0,460.0,0.0,0.0,120.0,240.0,110.0,220.0
2024-06,Mustard-Oil,Ltr,0.7,217.0,0.0,0.0,0.0,0.0,0.7,217.0
2024-06,Salad Bowl 250ml,Nos,0.0,0.0,100.0,525.0,60.0,315.0,40.0,210.0
2024-06,egg 7,Nos,0.0,0.0,30.0,210.0,0.0,0.0,30.0,210.0
2024-06,Puramate Pasta-Gomiti Rigate - macroni - 500g,Pkt,4.0,272.0,2.0,136.0,3.0,204.0,3.0,204.0
2024-06,DVC Watermelon Syrup 750 ml,Nos,0.4,202.96,2.0,1014.8,2.0,1014.8,0.3999999999999999,202.96000000000004
2024-06,Tissue,Pkt,10.0,180.0,5.0,90.0,4.0,72.0,11.0,198.0
2024-06,Aqua Fina Mineral Water 1Ltr,Nos,19.0,266.0,0.0,0.0,5.0,70.0,14.0,196.0
2024-06,Schezwan sauce,Pkt,0.0,0.0,5.0,910.0,4.0,728.0,1.0,182.0
2024-06,Berry Fresh Tender Coconut Pulp,Kg,3.0,1080.0,0.0,0.0,2.5,900.0,0.5,180.0
2024-06,masoor dal,Kg,0.0,0.0,2.0,180.0,0.0,0.0,2.0,180.0
2024-06,Frozen Sweet Corn-Pal Fresh,Pkt,4.0,240.0,10.0,650.0,11.0,715.0,3.0,175.0
2024-06,Aromat Seasoning Powder,Grams,500.0,172.0,0.0,0.0,0.0,0.0,500.0,172.0
2024-06,Honey,Kg,0.7,170.8,0.0,0.0,0.0,0.0,0.7,170.8
2024-06,bio plate,Nos,50.0,170.0,0.0,0.0,0.0,0.0,50.0,170.0
2024-06,CHICKEN POPCORN,Pkt,0.55,151.8,0.0,0.0,0.0,0.0,0.55,151.8
2024-06,7up 250ml Can,Nos,20.0,600.0,0.0,0.0,15.0,450.0,5.0,150.0
2024-06,Zippy  B.Fast Sausage ,Pkt,1.0,319.2,1.0,282.0,1.6,451.2,0.3999999999999999,150.00000000000006
2024-06,nuggets sumeru,Pkt,0.0,0.0,3.0,863.52,2.5,719.6,0.5,143.91999999999996
2024-06,Wooden Spoon,Pkt,1.5,135.0,0.0,0.0,0.0,0.0,1.5,135.0
2024-06,chilly flakes 500gm,Pkt,0.0,0.0,1.0,195.0,0.4,78.0,0.6,117.0
2024-06,milk 28 milma,Nos,0.0,0.0,4.0,112.0,0.0,0.0,4.0,112.0
2024-06,ice cube/80,Pkt,1.0,80.0,0.0,0.0,0.0,0.0,1.0,80.0
2024-06,Green Peas,Pkt,0.6,78.6,1.0,155.0,1.0,155.0,0.6000000000000001,78.6
2024-06,Corn Meal - MAKKA RAVA,Pkt,1.5,70.5,0.0,0.0,0.0,0.0,1.5,70.5
2024-06,butter papper,Nos,0.0,0.0,20.0,70.0,0.0,0.0,20.0,70.0
2024-06,colby cheese 1 kg,Kg,0.0,0.0,1.0,634.48,0.9,571.03,0.09999999999999998,63.450000000000045
2024-06,fish finger,Pkt,1.5,892.08,0.0,0.0,1.4,832.61,0.10000000000000009,59.47000000000003
2024-06,straw,Nos,225.0,58.5,0.0,0.0,0.0,0.0,225.0,58.5
2024-06,Tea Loose,Kg,0.0,0.0,0.1,33.0,0.0,0.0,0.0,33.0
2024-06,POTATO POPS,Kg,1.0,202.67,0.0,0.0,0.9,182.4,0.09999999999999998,20.269999999999982
2024-06,Berry Fresh Chicku Pulp,Kg,1.8,504.0,0.0,0.0,1.8,504.0,0.0,0.0
2024-06,DVC Cucumber Syrup 750 ml,Nos,2.3,1219.0,0.0,0.0,2.3,1219.0,0.0,0.0
2024-06,Paper Glass,Pkt,1.0,100.0,0.0,0.0,1.0,100.0,0.0,0.0
2024-06,Piri Piri Marinade 1KG,Pkt,1.0,467.49,0.0,0.0,1.0,467.49,0.0,0.0
2024-06,chilly garlic spread,Pkt,0.0,0.0,6.0,972.0,6.0,972.0,0.0,0.0
2024-06,makhni gravy,Pkt,0.0,0.0,4.0,840.0,4.0,840.0,0.0,0.0
2024-06,Tooth Pick,Pkt,0.0,0.0,0.0,0.0,2.0,40.0,-2.0,-40.0
2024-06,straw,Pkt,0.0,0.0,3.0,120.0,4.0,160.0,-1.0,-40.0
2024-06,DVC Passion Fruit 750ML,Nos,1.0,507.4,2.0,1014.8,3.1,1572.94,-0.10000000000000009,-50.74000000000024
2024-06,wooden fork,Nos,0.0,0.0,0.0,0.0,60.0,51.0,-60.0,-51.0
2024-06,Butter Scotch Sauce 750ml,Nos,0.6,85.8,0.0,0.0,1.0,143.0,-0.4,-57.2
2024-06,Strawberry-Ice cream,Nos,1.9,1195.1,0.0,0.0,2.0,1258.0,-0.10000000000000009,-62.90000000000009
2024-06,ice cube/70,Pkt,0.0,0.0,0.0,0.0,1.0,70.0,-1.0,-70.0
2024-06,wodden spoon,Nos,0.0,0.0,0.0,0.0,100.0,79.0,-100.0,-79.0
2024-06,Mustard Oil,Nos,0.0,0.0,0.0,0.0,0.8,128.0,-0.8,-128.0
2024-06,OREGANO SACHET 0.8GM,Nos,0.0,0.0,500.0,280.0,846.0,473.76,-346.0,-193.76
2024-06,plastic cover,Pkt,0.0,0.0,0.0,0.0,2.5,300.0,-2.5,-300.0
2024-06,chicken kheema masala,Kg,0.0,0.0,0.0,0.0,0.5,325.0,-0.5,-325.0
2024-06,Pineapple slice-Tajir Habit-850g,Nos,0.0,0.0,0.0,0.0,3.0,330.75,-3.0,-330.75
2024-06,SALAMI,Pkt,0.0,0.0,0.0,0.0,1.5,418.5,-1.5,-418.5
2024-06,tomato ketchup,Nos,0.0,0.0,0.0,0.0,4.0,420.0,-4.0,-420.0
2024-06,Tandoori Tikka Marinade 500Grm,Kg,0.0,0.0,0.0,0.0,0.4,460.0,-0.4,-460.0
2024-06,habit baby corn,Pkt,0.0,0.0,0.0,0.0,5.0,490.0,-5.0,-490.0
2024-06,DVC Peach GardenSyrup 750 ml,Nos,0.0,0.0,0.0,0.0,1.0,530.0,-1.0,-530.0
2024-06,Tandoori Tikka Marinade 500Grm,Pkt,0.0,0.0,0.0,0.0,1.0,575.0,-1.0,-575.0
2024-06,Tripod,Nos,0.0,0.0,0.0,0.0,500.0,740.0,-500.0,-740.0
2024-06,Chilli Flakes-Tasty Pixel-Veeba-Sachet-0.8g,Nos,0.0,0.0,0.0,0.0,1750.0,926.1,-1750.0,-926.1
2024-06,chicken pepperoni,Kg,0.0,0.0,1.0,865.0,2.2,1903.0,-1.2000000000000002,-1038.0
2024-06,Savoury Wedges 2.5 KG,Kg,0.0,0.0,0.0,0.0,6.0,1115.52,-6.0,-1115.52
2024-06,7UP 750ml Pet,Nos,0.0,0.0,0.0,0.0,29.0,1123.75,-29.0,-1123.75
2024-06,DVC CHocolate Sauce 2 LTR,Nos,0.0,0.0,0.0,0.0,1.5,1150.5,-1.5,-1150.5
2024-06,DVC Mango Beverage Blend Syrup 750 ml,Nos,0.0,0.0,0.0,0.0,2.0,1529.28,-2.0,-1529.28
2024-06,BBQ Mix Masala,Pkt,0.6,279.0,0.0,0.0,4.5,2092.5,-3.9,-1813.5
2024-06,DVC Mint Flavoured Syrup 750 ml,Nos,0.0,0.0,0.0,0.0,4.0,1954.0,-4.0,-1954.0
2024-06,veeba pizza pasta sauce,Nos,26.0,4775.42,0.0,0.0,37.0,6795.79,-11.0,-2020.37
2024-06,Mexican Masala,Pkt,0.0,0.0,0.0,0.0,10.3,4274.5,-10.3,-4274.5
2024-07,grocery,Nos,5.0,887.15,88.0,23354.01,5.0,967.5,88.0,23273.66
2024-07,dynamic diced mozerella,Kg,11.0,4804.8,52.0,21499.4,18.0,7442.1,45.0,18862.1
2024-07,bonless chicken,Kg,3.0,1061.73,56.25,18502.0,4.0,1166.88,55.0,18396.85
2024-07,dynamix shredded cheese,Kg,0.0,0.0,36.0,15300.0,0.0,0.0,36.0,15300.0
2024-07,veg,Nos,4.0,268.0,101.0,8316.97,5.0,475.0,100.0,8109.969999999999
2024-07,Gas-LPG-HPCL,Nos,0.5,860.0,6.0,10140.0,2.0,3380.0,4.5,7620.0
2024-07,veeba pizza pasta sauce,Nos,37.0,6795.79,0.0,0.0,2.0,367.34,35.0,6428.45
2024-07,maida,Kg,35.0,1505.0,100.0,4300.0,0.0,0.0,135.0,5805.0
2024-07,Large Pizza Box,Nos,347.0,5152.95,0.0,0.0,32.0,475.2,315.0,4677.75
2024-07,french fry hungritos 2.5kg,Kg,0.0,0.0,62.5,8085.0,27.5,3557.4,35.5,4527.6
2024-07,Mexican Masala,Pkt,10.3,4274.5,0.0,0.0,0.0,0.0,10.3,4274.5
2024-07,Medium Pizza Box,Nos,426.0,4260.0,0.0,0.0,77.0,770.0,349.0,3490.0
2024-07,G.Crown Mushroom Slice 800g,Tin,32.0,3168.0,24.0,2376.0,24.0,2376.0,32.0,3168.0
2024-07,Pepsi 250ml Pet,Nos,49.0,857.5,120.0,2100.0,4.0,70.0,165.0,2887.5
2024-07,eng veg,Nos,0.0,0.0,14.0,2456.0,4.0,620.0,10.0,1836.0
2024-07,7up pet 750ml,Nos,0.0,0.0,48.0,1650.24,0.0,0.0,48.0,1650.24
2024-07,butter,Kg,1.5,570.0,6.0,2280.0,3.2,1216.0,4.3,1634.0
2024-07,French Fries 6mm-Hungritos,Kg,12.5,1617.0,0.0,0.0,0.0,0.0,12.5,1617.0
2024-07,Pepsi 750ml Pet,Nos,31.0,1065.78,48.0,1755.12,32.0,1240.0,47.0,1580.8999999999996
2024-07,DVC Passion Fruit 750ML,Nos,3.1,1572.94,0.0,0.0,0.0,0.0,3.1,1572.94
2024-07,DVC Mango Beverage Blend Syrup 750 ml,Nos,2.0,1529.28,0.0,0.0,0.0,0.0,2.0,1529.28
2024-07,Vanilla Ice-cream 4ltr,Nos,2.0,1088.0,2.0,1088.0,1.5,816.0,2.5,1360.0
2024-07,staff chicken,Kg,0.0,0.0,8.0,1275.0,0.0,0.0,8.0,1275.0
2024-07,black olive slice Habit,Tin,2.0,1268.96,0.0,0.0,0.0,0.0,2.0,1268.96
2024-07,hybrid tomato,Kg,0.0,0.0,20.0,1212.0,0.0,0.0,20.0,1212.0
2024-07,French Fries Box,Nos,250.0,1337.5,0.0,0.0,25.0,133.75,225.0,1203.75
2024-07,BBQ Mix Masala,Pkt,4.5,2092.5,0.0,0.0,2.0,930.0,2.5,1162.5
2024-07,DVC CHocolate Sauce 2 LTR,Nos,1.5,1150.5,0.0,0.0,0.0,0.0,1.5,1150.5
2024-07,Savoury Wedges 2.5 KG,Kg,6.0,1115.52,0.0,0.0,0.0,0.0,6.0,1115.52
2024-07,Processed cheese block,Kg,4.0,2200.0,0.0,0.0,2.0,1100.0,2.0,1100.0
2024-07,Pepsi 1250ml Pet,Nos,12.0,723.6,12.0,723.6,6.0,361.8,18.0,1085.4
2024-07,milk,Nos,1.0,25.0,48.0,1200.0,6.0,150.0,43.0,1075.0
2024-07,chicken pepperoni,Kg,2.2,1903.0,0.0,0.0,1.0,865.0,1.2000000000000002,1038.0
2024-07,7UP 1250ml Pet,Nos,17.0,1025.1,0.0,0.0,0.0,0.0,17.0,1025.1
2024-07,HABIT JALAPENO SLICES 2.9 KG,Tin,1.0,278.0,6.0,1741.5,3.5,1015.88,3.5,1003.62
2024-07,Lehar Soda,Nos,21.0,345.66,48.0,790.08,8.0,131.68,61.0,1004.06
2024-07,OREGANO SACHET 0.8GM,Nos,846.0,473.76,1800.0,1314.0,1110.0,810.3,1536.0,977.46
2024-07,Chilli Flakes-Tasty Pixel-Veeba-Sachet-0.8g,Nos,1750.0,926.1,0.0,0.0,0.0,0.0,1750.0,926.1
2024-07, dry yeast 500 gm,Pkt,7.0,1295.0,0.0,0.0,2.0,370.0,5.0,925.0
2024-07,Regular Pizza Box,Nos,150.0,1275.0,0.0,0.0,46.0,391.0,104.0,884.0
2024-07,Oregano Sprinkler 500g,Pkt,8.0,2598.4,0.0,0.0,5.3,1721.44,2.7,876.96
2024-07,slice 350 ml,Nos,19.0,415.72,30.0,656.4,9.0,196.92,40.0,875.1999999999999
2024-07,7up750mlpet,Nos,0.0,0.0,24.0,825.12,0.0,0.0,24.0,825.12
2024-07,Chocolate Ice-cream 4ltr,Nos,1.0,816.0,0.0,0.0,0.0,0.0,1.0,816.0
2024-07,Veeba Gouda Flavoured Dressing,Pkt,16.0,3252.48,0.0,0.0,12.0,2439.36,4.0,813.1199999999999
2024-07,7up 250ml Pet,Nos,51.0,892.5,30.0,525.0,39.0,682.5,42.0,735.0
2024-07,staff rice 26kg,Kg,15.0,720.0,0.0,0.0,0.0,0.0,15.0,720.0
2024-07,packing meterials,Nos,0.0,0.0,4.0,695.0,0.0,0.0,4.0,695.0
2024-07,Puramate Pasta-Penne Rigatte 500g,Pkt,8.0,544.0,11.0,748.0,9.0,612.0,10.0,680.0
2024-07,habit olive oil,Nos,2.5,1412.25,0.0,0.0,1.3,734.37,1.2,677.88
2024-07,Herb Mix Masla,Pkt,3.6,1530.0,0.0,0.0,2.1,892.5,1.5,637.5
2024-07,Sumeru Nuggets Premium 1Kg,Pkt,0.0,0.0,2.0,626.0,0.0,0.0,2.0,626.0
2024-07,Richs versatie cream,Nos,0.0,0.0,6.0,1203.0,3.0,601.8,3.0,601.2
2024-07,garlic,Kg,0.0,0.0,2.0,600.0,0.0,0.0,2.0,600.0
2024-07,egg 7,Nos,0.0,0.0,85.0,595.0,0.0,0.0,85.0,595.0
2024-07,tropicana juice,Nos,0.0,0.0,24.0,592.32,0.0,0.0,24.0,592.32
2024-07,Garlic Bread Box,Nos,82.0,720.78,0.0,0.0,15.0,131.85,67.0,588.93
2024-07,paper bags large,Nos,55.0,715.0,0.0,0.0,10.0,130.0,45.0,585.0
2024-07,paneer,Kg,0.0,0.0,2.0,580.0,0.0,0.0,2.0,580.0
2024-07,sumeru chicken pop corn,Pkt,0.0,0.0,2.0,576.0,0.0,0.0,2.0,576.0
2024-07,Tandoori Tikka Marinade 500Grm,Pkt,1.0,575.0,0.0,0.0,0.0,0.0,1.0,575.0
2024-07,Dew 750ml Pet,Nos,20.0,687.6,0.0,0.0,3.0,116.25,17.0,571.35
2024-07,DVC Peach GardenSyrup 750 ml,Nos,1.0,530.0,0.0,0.0,0.0,0.0,1.0,530.0
2024-07,DVC Strawberry Syrup 750 ml,Nos,0.0,0.0,1.0,507.4,0.0,0.0,1.0,507.4
2024-07,nuggets sumeru,Pkt,2.5,719.6,0.0,0.0,0.8,230.27,1.7,489.33000000000004
2024-07,Pizza Premix,Nos,8.0,1920.0,0.0,0.0,6.0,1440.0,2.0,480.0
2024-07,Tandoori Tikka Marinade 500Grm,Kg,0.4,460.0,0.0,0.0,0.0,0.0,0.4,460.0
2024-07,Dew 250ml Pet,Nos,18.0,315.0,30.0,525.0,22.0,385.0,26.0,455.0
2024-07,Pepsi 250ml Can,Nos,15.0,450.0,0.0,0.0,0.0,0.0,15.0,450.0
2024-07,Paneer,Kg,1.5,435.0,2.0,580.0,2.0,580.0,1.5,435.0
2024-07,makhni gravy,Pkt,4.0,840.0,3.0,630.0,5.0,1050.0,2.0,420.0
2024-07,tomato ketchup,Nos,4.0,420.0,0.0,0.0,0.0,0.0,4.0,420.0
2024-07,SALAMI,Pkt,1.5,418.5,0.0,0.0,0.0,0.0,1.5,418.5
2024-07,habit baby corn,Pkt,5.0,490.0,5.0,490.0,6.0,588.0,4.0,392.0
2024-07,Frozen Sweet Corn-Pal Fresh,Pkt,11.0,715.0,0.0,0.0,5.0,325.0,6.0,390.0
2024-07,Veeba ThousandIsland Dressing 1KG,Pkt,0.0,0.0,5.0,938.0,3.0,562.8,2.0,375.20000000000005
2024-07,7up 250ml Can,Nos,15.0,450.0,0.0,0.0,3.0,90.0,12.0,360.0
2024-07,DVC Green Apple 750 ML,Nos,2.4,1217.76,0.0,0.0,1.7,862.58,0.7,355.17999999999995
2024-07,Zippy Chicken Salami,Pkt,0.0,0.0,1.0,329.28,0.0,0.0,1.0,329.28
2024-07,KOT Printing Rolls,Nos,10.0,520.0,0.0,0.0,4.0,208.0,6.0,312.0
2024-07,DVC BLUE OCCEAN FLV SYRUP 750ML,Nos,3.2,1623.68,0.0,0.0,2.6,1319.24,0.6000000000000001,304.44000000000005
2024-07,Frozen Sweet Corn,Kg,0.0,0.0,2.5,300.0,0.0,0.0,3.0,300.0
2024-07,Mini Burger Box,Nos,0.0,0.0,200.0,600.0,100.0,300.0,100.0,300.0
2024-07,Paneer tikka masala,Kg,3.1,1162.5,0.0,0.0,2.3,862.5,0.8000000000000003,300.0
2024-07,plastic cover,Pkt,2.5,300.0,0.0,0.0,0.0,0.0,2.5,300.0
2024-07,tomato,Kg,0.0,0.0,10.0,300.0,0.0,0.0,10.0,300.0
2024-07,Piri Piri Marinade 1KG,Pkt,1.0,467.49,1.0,467.49,1.4,654.49,0.6000000000000001,280.49
2024-07,DVC Mint Flavoured Syrup 750 ml,Nos,4.0,1954.0,0.0,0.0,3.5,1709.75,0.5,244.25
2024-07,Aqua Fina Mineral Water 1Ltr,Nos,5.0,70.0,24.0,336.0,12.0,168.0,17.0,238.0
2024-07,Butter Scotch Ice-cream,Nos,1.3,1004.9,1.0,773.0,2.0,1546.0,0.2999999999999998,231.9000000000001
2024-07,Zippy  B.Fast Sausage ,Pkt,1.6,451.2,0.0,0.0,0.8,225.6,0.8,225.6
2024-07,Slice Mango 600ml pet,Nos,6.0,216.54,24.0,866.16,24.0,866.16,6.0,216.54000000000008
2024-07,Dew 250ml Can,Nos,28.0,840.0,0.0,0.0,21.0,630.0,7.0,210.0
2024-07,TDS meter,Nos,0.0,0.0,1.0,206.0,0.0,0.0,1.0,206.0
2024-07,Puramate Pasta-Gomiti Rigate - macroni - 500g,Pkt,3.0,204.0,2.0,136.0,2.0,136.0,3.0,204.0
2024-07,DVC Watermelon Syrup 750 ml,Nos,2.0,1014.8,0.0,0.0,1.6,811.84,0.3999999999999999,202.95999999999992
2024-07,Flexi Cream Gold,Pkt,1.0,200.6,0.0,0.0,0.0,0.0,1.0,200.6
2024-07,red paprika habit,Tin,2.0,796.0,0.0,0.0,1.5,597.0,0.5,199.0
2024-07,Mirinda 250ml pet,Nos,35.0,612.5,0.0,0.0,24.0,420.0,11.0,192.5
2024-07,pristene cookig cream,Nos,0.0,0.0,1.0,191.16,0.0,0.0,1.0,191.16
2024-07,Veeba ThousandIsland Dressing 1KG,Nos,1.0,187.99,0.0,0.0,0.0,0.0,1.0,187.99
2024-07,Schezwan sauce,Pkt,4.0,728.0,0.0,0.0,3.0,546.0,1.0,182.0
2024-07,bio cover,Pkt,0.0,0.0,2.0,370.0,1.0,190.0,1.0,180.0
2024-07,straw,Pkt,4.0,160.0,0.0,0.0,0.0,0.0,4.0,160.0
2024-07,egg,Nos,0.0,0.0,20.0,140.0,0.0,0.0,20.0,140.0
2024-07,Mirinda 750ml pet,Nos,11.0,378.18,0.0,0.0,7.0,240.66,4.0,137.52
2024-07,Butter Scotch Sauce 750ml,Nos,1.0,143.0,0.0,0.0,0.1,14.3,0.9,128.7
2024-07,Mustard Oil,Nos,0.8,128.0,0.0,0.0,0.0,0.0,0.8,128.0
2024-07,colby cheese 1 kg,Kg,0.9,571.03,0.0,0.0,0.7,444.14,0.20000000000000007,126.88999999999999
2024-07,Pineapple slice-Tajir Habit-850g,Nos,3.0,330.75,5.0,551.25,7.0,771.75,1.0,110.25
2024-07,milk 26,Nos,0.0,0.0,4.0,104.0,0.0,0.0,4.0,104.0
2024-07,capsicum,Kg,0.0,0.0,1.0,90.0,0.0,0.0,1.0,90.0
2024-07,curd,Pkt,0.0,0.0,3.0,90.0,0.0,0.0,3.0,90.0
2024-07,Berry Fresh Chicku Pulp,Kg,1.8,504.0,0.0,0.0,1.5,420.0,0.30000000000000004,84.0
2024-07,wodden spoon,Nos,100.0,79.0,0.0,0.0,0.0,0.0,100.0,79.0
2024-07,Green Peas,Pkt,1.0,155.0,0.0,0.0,0.5,77.5,0.5,77.5
2024-07,Tissue,Pkt,4.0,72.0,0.0,0.0,0.0,0.0,4.0,72.0
2024-07,ice cube/70,Pkt,1.0,70.0,0.0,0.0,0.0,0.0,1.0,70.0
2024-07,egg-6.50,Nos,0.0,0.0,10.0,65.0,0.0,0.0,10.0,65.0
2024-07,Tooth Pick,Pkt,2.0,40.0,0.0,0.0,0.0,0.0,2.0,40.0
2024-07,7UP 750ml Pet,Nos,29.0,1123.75,0.0,0.0,28.0,1085.0,1.0,38.75
2024-07,wooden fork,Nos,60.0,51.0,400.0,340.0,420.0,357.0,40.0,34.0
2024-07,Brownie,Kg,5.0,1925.0,0.0,0.0,5.0,1925.0,0.0,0.0
2024-07,DVC Cucumber Syrup 750 ml,Nos,2.3,1219.0,0.0,0.0,2.3,1219.0,0.0,0.0
2024-07,Honey,Kg,0.0,0.0,1.0,244.0,1.0,244.0,0.0,0.0
2024-07,Malas Chocolate Sauce 5 ltr,Nos,0.0,0.0,1.0,1060.0,1.0,1060.0,0.0,0.0
2024-07,Strawberry-Ice cream,Nos,2.0,1258.0,0.0,0.0,2.0,1258.0,0.0,0.0
2024-07,Tripod,Nos,500.0,740.0,0.0,0.0,500.0,740.0,0.0,0.0
2024-07,Veeba Eggless Mayonise Chef 1KG,Pkt,0.0,0.0,12.0,1680.0,12.0,1680.0,0.0,0.0
2024-07,Veeba T. Ketchup 1.2KG,Nos,0.0,0.0,5.0,525.0,5.0,525.0,0.0,0.0
2024-07,Veeba Tandoori Spread-1kg,Pkt,0.0,0.0,5.0,1085.0,5.0,1085.0,0.0,0.0
2024-07,chilly garlic spread,Pkt,6.0,972.0,0.0,0.0,6.0,972.0,0.0,0.0
2024-07,maida 30kg,Kg,0.0,0.0,30.0,1310.1,30.0,1310.1,0.0,0.0
2024-07,pepsi can 330ml,Nos,0.0,0.0,24.0,822.96,24.0,822.96,0.0,0.0
2024-07,chilly flakes 500gm,Pkt,0.4,78.0,0.0,0.0,0.5,97.5,-0.09999999999999998,-19.5
2024-07,POTATO POPS,Kg,0.9,182.4,0.0,0.0,1.0,202.67,-0.09999999999999998,-20.269999999999982
2024-07,Salad Bowl 250ml,Nos,60.0,315.0,0.0,0.0,65.0,341.25,-5.0,-26.25
2024-07,Corn Meal - MAKKA RAVA,Pkt,0.0,0.0,0.0,0.0,0.7,32.9,-0.7,-32.9
2024-07,Wooden Spoon,Nos,0.0,0.0,100.0,50.0,180.0,90.0,-80.0,-40.0
2024-07,paper bags medium,Nos,3.0,36.0,0.0,0.0,7.0,84.0,-4.0,-48.0
2024-07,fish finger,Pkt,1.4,832.61,0.0,0.0,1.5,892.08,-0.10000000000000009,-59.47000000000003
2024-07,Dip Bowl,Nos,120.0,240.0,0.0,0.0,150.0,300.0,-30.0,-60.0
2024-07,butter papper,Nos,0.0,0.0,0.0,0.0,20.0,70.0,-20.0,-70.0
2024-07,Pasta Container Black,Nos,116.0,1038.2,0.0,0.0,126.0,1127.7,-10.0,-89.5
2024-07,Celotape-3/4inch-,Nos,0.0,0.0,0.0,0.0,4.0,92.0,-4.0,-92.0
2024-07,Paper Straw,Pkt,0.0,0.0,0.0,0.0,3.0,120.0,-3.0,-120.0
2024-07,Paper Glass,Pkt,1.0,100.0,0.0,0.0,2.25,225.0,-1.25,-125.0
2024-07,chilly flakes sachet,Nos,92.0,47.84,1250.0,662.5,1650.0,874.5,-308.0,-164.15999999999997
2024-07,Aromat Seasoning Powder,Pkt,0.0,0.0,0.0,0.0,1.0,172.0,-1.0,-172.0
2024-07,bio covers,Kg,0.0,0.0,0.0,0.0,1.0,180.0,-1.0,-180.0
2024-07,tissue,Pkt,0.0,0.0,0.0,0.0,11.0,198.0,-11.0,-198.0
2024-07,bbq mix,Kg,0.0,0.0,0.0,0.0,0.5,232.5,-0.5,-232.5
2024-07,Chicken Kheema  Masala,Kg,0.3,195.3,0.0,0.0,0.7,455.7,-0.39999999999999997,-260.4
2024-07,Lamp Pepperoni,Kg,2.0,1790.0,0.0,0.0,2.3,2058.5,-0.2999999999999998,-268.5
2024-07,SALAMI,Kg,0.0,0.0,0.0,0.0,1.0,279.0,-1.0,-279.0
2024-07,Bread Premix,Kg,2.0,480.0,0.0,0.0,3.3,792.0,-1.2999999999999998,-312.0
2024-07,chicken popcorn,Kg,1.1,316.8,0.0,0.0,2.2,633.6,-1.1,-316.8
2024-07,chicken kheema masala,Kg,0.5,325.0,0.0,0.0,1.0,650.0,-0.5,-325.0
2024-07,Salad Bowl 500ml,Nos,125.0,781.25,0.0,0.0,178.0,1112.5,-53.0,-331.25
2024-07,BASIL,Kg,0.0,0.0,0.0,0.0,0.5,340.0,-0.5,-340.0
2024-07,Berry Fresh Tender Coconut Pulp,Kg,2.5,900.0,0.0,0.0,3.5,1260.0,-1.0,-360.0
2024-07,Palm Oil - Refined Oil,Pkt,1.0,92.0,0.0,0.0,5.0,460.0,-4.0,-368.0
2024-07,paper bags regular,Nos,26.0,286.0,0.0,0.0,60.0,660.0,-34.0,-374.0
2024-07,Mc Cain Potato Wedges 2.5kg,Kg,0.0,0.0,0.0,0.0,2.1,390.43,-2.1,-390.43
2024-07,Pizza sauce premix,Kg,3.0,975.0,0.0,0.0,4.3,1397.5,-1.2999999999999998,-422.5
2024-07,DVC Peach Garden Syrup Syrup 750 ml,Nos,0.0,0.0,0.0,0.0,1.0,488.52,-1.0,-488.52
2024-07,DVC Bubblegum Syrup Syrup 750 ml,Nos,0.6,304.44,0.0,0.0,1.6,811.84,-1.0,-507.40000000000003
2024-07,GO-Monterey Jack Cheese-2kg,Kg,0.0,0.0,0.0,0.0,0.9,549.0,-0.9,-549.0
2024-07,pizza sauce,Kg,0.0,0.0,0.0,0.0,5.0,600.0,-5.0,-600.0
2024-07,Moktails Glass,Nos,170.0,1360.0,0.0,0.0,250.0,2000.0,-80.0,-640.0
2024-07,staff rice,Kg,0.0,0.0,0.0,0.0,18.0,657.0,-18.0,-657.0
2024-07,DVC Strawberry Syrup Syrup 750 ml,Nos,0.8,390.82,0.0,0.0,2.3,1123.6,-1.4999999999999998,-732.78
2024-07,Tandoori mix Masala,Kg,7.4,2923.0,0.0,0.0,9.3,3673.5,-1.9000000000000004,-750.5
2024-07,Chocolate Ice-cream,Pkt,0.0,0.0,0.0,0.0,1.0,770.0,-1.0,-770.0
2024-07,DVC Mixed Berry Beverage Blend Syrup 750 ml,Nos,0.9,745.2,0.0,0.0,2.0,1656.0,-1.1,-910.8
2024-07,tandoori tikka powder,Kg,0.0,0.0,0.0,0.0,0.8,920.0,-0.8,-920.0
2024-07,DVC PASSION FRUIT FLV SYRUP 750ML,Nos,0.0,0.0,0.0,0.0,2.0,1060.0,-2.0,-1060.0
2024-07,Veeba Ketchup Sachet,Nos,38.0,28.12,0.0,0.0,1763.0,1304.62,-1725.0,-1276.5
2024-07,Mango Crush Sauce 750ml Malas,Nos,0.0,0.0,0.0,0.0,1.8,1512.29,-1.8,-1512.29
2024-07,Veeba Pasta & Pizza Sauce 1KG,Pkt,0.0,0.0,0.0,0.0,18.0,3306.24,-18.0,-3306.24
2024-07,mexican mix,Kg,0.0,0.0,0.0,0.0,9.6,3984.0,-9.6,-3984.0
2024-08,grocery,Nos,5.0,967.5,87.0,20441.85,0.0,0.0,92.0,21409.35
2024-08,dynamic diced mozerella,Kg,18.0,7442.1,60.0,24876.3,32.0,13600.0,46.0,18718.4
2024-08,bonless chicken,Kg,4.0,1166.88,57.3,15919.47,5.0,1369.05,56.0,15717.3
2024-08,dynamix shredded cheese,Kg,0.0,0.0,30.0,12750.0,0.0,0.0,30.0,12750.0
2024-08,Gas-LPG-HPCL,Nos,2.0,3380.0,7.0,11900.0,2.0,3400.0,7.0,11880.0
2024-08,veg,Nos,5.0,475.0,85.0,7081.1,0.0,0.0,90.0,7556.1
2024-08,french fry hungritos 2.5kg,Kg,27.5,3557.4,37.5,4650.38,10.0,1240.1,55.5,6967.68
2024-08,Veeba Pasta & Pizza Sauce 1KG,Pkt,18.0,3306.24,0.0,0.0,0.0,0.0,18.0,3306.24
2024-08,Veeba Gouda Flavoured Dressing,Pkt,12.0,2439.36,10.0,1810.7,6.0,1086.42,16.0,3163.6400000000003
2024-08,eng veg,Nos,4.0,620.0,12.0,2473.98,0.0,0.0,16.0,3093.98
2024-08,G.Crown Mushroom Slice 800g,Tin,24.0,2376.0,24.0,2376.0,18.0,1782.0,30.0,2970.0
2024-08,KOT Printing Rolls,Nos,4.0,208.0,50.0,2700.0,0.0,0.0,54.0,2908.0
2024-08,maida 30kg,Kg,30.0,1310.1,30.0,1310.1,0.0,0.0,60.0,2620.2
2024-08,pepsi 600 ml,Nos,0.0,0.0,96.0,3300.48,26.0,893.88,70.0,2406.6
2024-08,Pizza Premix,Kg,0.0,0.0,20.0,4800.0,10.0,2400.0,10.0,2400.0
2024-08, dry yeast 500 gm,Pkt,2.0,370.0,10.0,1740.0,0.0,0.0,12.0,2110.0
2024-08,DVC PASSION FRUIT FLV SYRUP 750ML,Nos,2.0,1060.0,2.0,1014.8,0.0,0.0,4.0,2074.8
2024-08,7UP 750ml Pet,Nos,28.0,1085.0,24.0,930.0,0.0,0.0,52.0,2015.0
2024-08,Richs versatie cream,Nos,3.0,601.8,11.0,2206.6,4.0,802.4,10.0,2005.9999999999995
2024-08,Pepsi 250ml Pet,Nos,4.0,70.0,120.0,2100.0,13.0,227.5,111.0,1942.5
2024-08,Berry Fresh Tender Coconut Pulp,Kg,3.5,1260.0,4.0,1440.0,2.5,900.0,5.0,1800.0
2024-08,butter,Kg,3.2,1216.0,6.0,2280.0,4.5,1710.0,4.699999999999999,1786.0
2024-08,7UP 1250ml Pet,Nos,0.0,0.0,36.0,2170.8,7.0,422.1,29.0,1748.7000000000003
2024-08,DVC Mint Flavoured Syrup 750 ml,Nos,3.5,1709.75,0.0,0.0,0.0,0.0,3.5,1709.75
2024-08,Tandoori mix Masala,Kg,9.3,3673.5,0.0,0.0,5.3,2093.5,4.000000000000001,1580.0
2024-08,Brownie,Kg,5.0,1925.0,5.0,1925.0,6.0,2310.0,4.0,1540.0
2024-08,mexican mix,Kg,9.6,3984.0,0.0,0.0,6.0,2490.0,3.5999999999999996,1494.0
2024-08,garlic,Kg,0.0,0.0,6.0,1480.0,0.0,0.0,6.0,1480.0
2024-08,Pizza Premix,Nos,6.0,1440.0,0.0,0.0,0.0,0.0,6.0,1440.0
2024-08,Palm Oil - Refined Oil,Pkt,5.0,460.0,10.0,920.0,0.0,0.0,15.0,1380.0
2024-08,7up 250ml Pet,Nos,39.0,682.5,60.0,1050.0,23.0,402.5,76.0,1330.0
2024-08,Veeba Eggless Mayonise Chef 1KG,Pkt,12.0,1680.0,12.0,1680.0,15.0,2100.0,9.0,1260.0
2024-08,Pepsi 750ml Pet,Nos,32.0,1240.0,0.0,0.0,0.0,0.0,32.0,1240.0
2024-08,staff chicken,Kg,0.0,0.0,8.0,1200.0,0.0,0.0,8.0,1200.0
2024-08,nuggets sumeru,Pkt,0.8,230.27,5.0,1565.0,2.0,626.0,3.8,1169.27
2024-08,OREGANO SACHET 0.8GM,Nos,1110.0,810.3,900.0,657.0,463.0,337.99,1547.0,1129.31
2024-08,DVC Strawberry Syrup Syrup 750 ml,Nos,2.3,1123.6,0.0,0.0,0.0,0.0,2.3,1123.6
2024-08,Berry Fresh Chicku Pulp,Kg,1.5,420.0,6.0,1680.0,3.5,980.0,4.0,1120.0
2024-08,Milkymist Cheese BLock 1KG,Nos,0.0,0.0,2.0,1100.0,0.0,0.0,2.0,1100.0
2024-08,Veeba Tandoori Spread-1kg,Pkt,5.0,1085.0,0.0,0.0,0.0,0.0,5.0,1085.0
2024-08,HABIT JALAPENO SLICES 2.9 KG,Tin,3.5,1015.88,0.0,0.0,0.0,0.0,3.5,1015.88
2024-08,Pepsi 1250ml Pet,Nos,6.0,361.8,24.0,1447.2,14.0,844.2,16.0,964.8
2024-08,black olive slice Habit,Tin,0.0,0.0,2.0,1268.96,0.5,317.24,1.5,951.72
2024-08,BBQ Mix Masala,Pkt,2.0,930.0,0.0,0.0,0.0,0.0,2.0,930.0
2024-08,tandoori tikka powder,Kg,0.8,920.0,0.0,0.0,0.0,0.0,0.8,920.0
2024-08,tomato,Kg,0.0,0.0,30.0,900.0,0.0,0.0,30.0,900.0
2024-08,Herb Mix Masla,Pkt,2.1,892.5,0.0,0.0,0.0,0.0,2.1,892.5
2024-08,Puramate Pasta-Penne Rigatte 500g,Pkt,9.0,612.0,10.0,680.0,6.0,408.0,13.0,884.0
2024-08,maida,Kg,0.0,0.0,50.0,2170.0,30.0,1302.0,20.0,868.0
2024-08,pepsi can 330ml,Nos,24.0,822.96,0.0,0.0,0.0,0.0,24.0,822.96
2024-08,Frozen Sweet Corn-Pal Fresh,Pkt,5.0,325.0,10.0,600.0,2.5,150.0,12.5,775.0
2024-08,Chocolate Ice-cream,Pkt,1.0,770.0,0.0,0.0,0.0,0.0,1.0,770.0
2024-08,Lehar Soda,Nos,8.0,131.68,72.0,1185.12,35.0,576.1,45.0,740.6999999999999
2024-08,habit olive oil,Nos,1.3,734.37,2.0,738.0,2.0,738.0,1.2999999999999998,734.3699999999999
2024-08,bio cover,Pkt,1.0,190.0,3.0,510.0,0.0,0.0,4.0,700.0
2024-08,Oregano Sprinkler 500g,Pkt,5.3,1721.44,0.0,0.0,3.15,1023.12,2.15,698.32
2024-08,milk 26,Nos,0.0,0.0,30.0,780.0,4.0,104.0,26.0,676.0
2024-08,French Fries Box,Nos,25.0,133.75,100.0,535.0,0.0,0.0,125.0,668.75
2024-08,staff rice,Kg,18.0,657.0,0.0,0.0,0.0,0.0,18.0,657.0
2024-08,slice 350ml,Nos,0.0,0.0,30.0,656.4,0.0,0.0,30.0,656.4
2024-08,chicken popcorn,Kg,2.2,633.6,0.0,0.0,0.0,0.0,2.2,633.6
2024-08,Tropicana Guava Delight,Nos,0.0,0.0,24.0,582.24,0.0,0.0,24.0,582.24
2024-08,Paneer,Kg,2.0,580.0,3.0,870.0,3.0,870.0,2.0,580.0
2024-08,paneer,Kg,0.0,0.0,2.0,580.0,0.0,0.0,2.0,580.0
2024-08,chilly flakes sachet,Nos,1650.0,874.5,500.0,260.0,1071.0,556.92,1079.0,577.58
2024-08,Veeba ThousandIsland Dressing 1KG,Pkt,3.0,562.8,0.0,0.0,0.0,0.0,3.0,562.8
2024-08,DVC BLUE OCCEAN FLV SYRUP 750ML,Nos,2.6,1319.24,2.0,1014.8,3.5,1775.9,1.0999999999999996,558.1399999999999
2024-08,Lamp Pepperoni,Kg,2.3,2058.5,0.0,0.0,1.7,1521.5,0.5999999999999999,537.0
2024-08,Pasta Container Black,Nos,126.0,1127.7,100.0,895.0,166.0,1485.7,60.0,537.0
2024-08,Veeba T. Ketchup 1.2KG,Nos,5.0,525.0,0.0,0.0,0.0,0.0,5.0,525.0
2024-08,Dew 750ml Pet,Nos,3.0,116.25,24.0,930.0,14.0,542.5,13.0,503.75
2024-08,Mini Burger Box,Nos,100.0,300.0,100.0,300.0,35.0,105.0,165.0,495.0
2024-08,DVC Peach Garden Syrup Syrup 750 ml,Nos,1.0,488.52,0.0,0.0,0.0,0.0,1.0,488.52
2024-08,Garlic Bread Box,Nos,15.0,131.85,100.0,750.0,54.0,405.0,61.0,476.85
2024-08,DVC Green Apple 750 ML,Nos,1.7,862.58,2.0,1014.8,2.8,1420.72,0.9000000000000004,456.6600000000001
2024-08,Chicken Kheema  Masala,Kg,0.7,455.7,0.0,0.0,0.0,0.0,0.7,455.7
2024-08,Dew 250ml Pet,Nos,22.0,385.0,30.0,525.0,26.0,455.0,26.0,455.0
2024-08,milk,Nos,6.0,150.0,12.0,300.0,0.0,0.0,18.0,450.0
2024-08,Salad Bowl 500ml,Nos,178.0,1112.5,0.0,0.0,127.0,666.75,51.0,445.75
2024-08,Frozen Sweet Corn,Kg,0.0,0.0,3.5,420.0,0.0,0.0,4.0,420.0
2024-08,Mirinda 250ml pet,Nos,24.0,420.0,0.0,0.0,0.0,0.0,24.0,420.0
2024-08,red paprika habit,Tin,1.5,597.0,1.0,398.0,1.5,597.0,1.0,398.0
2024-08,habit baby corn,Pkt,6.0,588.0,10.0,980.0,12.0,1176.0,4.0,392.0
2024-08,Dew 250ml Can,Nos,21.0,630.0,0.0,0.0,8.0,240.0,13.0,390.0
2024-08,Mc Cain Potato Wedges 2.5kg,Kg,2.1,390.43,0.0,0.0,0.0,0.0,2.1,390.43
2024-08,potato wedges,Kg,0.0,0.0,5.0,929.6,3.0,557.76,2.0,371.84000000000003
2024-08,wooden fork,Nos,420.0,357.0,0.0,0.0,0.0,0.0,420.0,357.0
2024-08,BASIL,Kg,0.5,340.0,0.0,0.0,0.0,0.0,0.5,340.0
2024-08,paper bags regular,Nos,60.0,660.0,0.0,0.0,30.0,330.0,30.0,330.0
2024-08,plastic Cover-1kg,Pkt,0.0,0.0,2.0,320.0,0.0,0.0,2.0,320.0
2024-08,Bread Premix,Kg,3.3,792.0,0.0,0.0,2.0,480.0,1.2999999999999998,312.0
2024-08,Chicken-Whole-Staff,Kg,0.0,0.0,2.27,306.99,0.0,0.0,2.0,306.99
2024-08,fish finger,Pkt,1.5,892.08,0.0,0.0,1.0,594.72,0.5,297.36
2024-08,dynamic cheddar block,Kg,0.0,0.0,2.0,1183.0,1.5,887.25,0.5,295.75
2024-08,Slice Mango 600ml pet,Nos,24.0,866.16,0.0,0.0,16.0,577.44,8.0,288.7199999999999
2024-08,Zippy  B.Fast Sausage ,Pkt,0.8,225.6,2.0,590.86,1.8,531.77,0.9999999999999998,284.69000000000005
2024-08,SALAMI,Kg,1.0,279.0,0.0,0.0,0.0,0.0,1.0,279.0
2024-08,Processed cheese block,Kg,2.0,1100.0,0.0,0.0,1.5,825.0,0.5,275.0
2024-08,Aqua Fina Mineral Water 1Ltr,Nos,12.0,168.0,24.0,336.0,17.0,238.0,19.0,266.0
2024-08,Strawberry-Ice cream,Nos,2.0,1258.0,0.0,0.0,1.6,1006.4,0.3999999999999999,251.60000000000002
2024-08,Honey,Kg,1.0,244.0,0.0,0.0,0.0,0.0,1.0,244.0
2024-08,Floor Cleaning Liquid Soad,Ltr,0.0,0.0,5.0,220.0,0.0,0.0,5.0,220.0
2024-08,capsicum,Kg,0.0,0.0,2.85,218.5,0.0,0.0,3.0,218.5
2024-08,Salad Bowl 250ml,Nos,65.0,341.25,50.0,262.5,75.0,393.75,40.0,210.0
2024-08,egg 7,Nos,0.0,0.0,30.0,210.0,0.0,0.0,30.0,210.0
2024-08,makhni gravy,Pkt,5.0,1050.0,0.0,0.0,4.0,840.0,1.0,210.0
2024-08,Puramate Pasta-Gomiti Rigate - macroni - 500g,Pkt,2.0,136.0,2.0,136.0,1.0,68.0,3.0,204.0
2024-08,POTATO POPS,Kg,1.0,202.67,0.0,0.0,0.0,0.0,1.0,202.67
2024-08,tissue,Pkt,11.0,198.0,0.0,0.0,0.0,0.0,11.0,198.0
2024-08,kadala brown,Kg,0.0,0.0,1.0,194.0,0.0,0.0,1.0,194.0
2024-08,Piri Piri Marinade 1KG,Pkt,1.4,654.49,0.0,0.0,1.0,467.49,0.3999999999999999,187.0
2024-08,Palm Oil - Refined Oil,Nos,0.0,0.0,10.0,925.0,8.0,740.0,2.0,185.0
2024-08,Schezwan sauce,Pkt,3.0,546.0,0.0,0.0,2.0,364.0,1.0,182.0
2024-08,Paper Glass,Pkt,2.25,225.0,1.0,100.0,1.44,144.0,1.81,181.0
2024-08,fruits,Nos,0.0,0.0,2.0,180.0,0.0,0.0,2.0,180.0
2024-08,Pineapple-Veg,Kg,0.0,0.0,2.14,177.99,0.0,0.0,2.0,177.99
2024-08,Aromat Seasoning Powder,Pkt,1.0,172.0,0.0,0.0,0.0,0.0,1.0,172.0
2024-08,DVC Mixed Berry Beverage Blend Syrup 750 ml,Nos,2.0,1656.0,0.0,0.0,1.8,1490.4,0.19999999999999996,165.5999999999999
2024-08,Zippy Chicken Salami,Pkt,0.0,0.0,2.0,658.56,1.5,493.92,0.5,164.63999999999993
2024-08,DVC Watermelon Syrup 750 ml,Nos,1.6,811.84,0.0,0.0,1.3,659.62,0.30000000000000004,152.22000000000003
2024-08,Plastic Cover 26X30,Pkt,0.0,0.0,1.0,150.0,0.0,0.0,1.0,150.0
2024-08,paper bags large,Nos,10.0,130.0,0.0,0.0,0.0,0.0,10.0,130.0
2024-08,colby cheese 1 kg,Kg,0.7,444.14,0.0,0.0,0.5,317.24,0.19999999999999996,126.89999999999998
2024-08,Paper Straw,Pkt,3.0,120.0,0.0,0.0,0.0,0.0,3.0,120.0
2024-08,Moktails Glass,Nos,250.0,2000.0,0.0,0.0,236.0,1888.0,14.0,112.0
2024-08,Corn Meal - Chola Rava,Pkt,0.0,0.0,4.0,219.0,2.0,109.5,2.0,109.5
2024-08,Mirinda 750ml pet,Nos,7.0,240.66,0.0,0.0,4.0,137.52,3.0,103.13999999999999
2024-08,Celotape-3/4inch-,Nos,4.0,92.0,0.0,0.0,0.0,0.0,4.0,92.0
2024-08,7up 250ml Can,Nos,3.0,90.0,0.0,0.0,0.0,0.0,3.0,90.0
2024-08,Wooden Spoon,Nos,180.0,90.0,0.0,0.0,0.0,0.0,180.0,90.0
2024-08,Mango Crush Sauce 750ml Malas,Nos,1.8,1512.29,0.0,0.0,1.7,1428.27,0.10000000000000009,84.01999999999998
2024-08,paper bags medium,Nos,7.0,84.0,0.0,0.0,0.0,0.0,7.0,84.0
2024-08,butter papper,Nos,20.0,70.0,0.0,0.0,0.0,0.0,20.0,70.0
2024-08,DVC Bubblegum Syrup Syrup 750 ml,Nos,1.6,811.84,0.0,0.0,1.5,761.1,0.10000000000000009,50.74000000000001
2024-08,bbq mix,Kg,0.5,232.5,2.0,930.0,2.4,1116.0,0.10000000000000009,46.5
2024-08,chilly flakes 500gm,Pkt,0.5,97.5,0.0,0.0,0.3,58.5,0.2,39.0
2024-08,Corn Meal - MAKKA RAVA,Pkt,0.7,32.9,0.0,0.0,0.0,0.0,0.7,32.9
2024-08,Green Peas,Pkt,0.5,77.5,0.0,0.0,0.3,46.5,0.2,31.0
2024-08,Tissue,Pkt,0.0,0.0,10.0,180.0,9.0,162.0,1.0,18.0
2024-08,Butter Scotch Sauce 750ml,Nos,0.1,14.3,0.0,0.0,0.0,0.0,0.1,14.3
2024-08,DVC Cucumber Syrup 750 ml,Nos,2.3,1219.0,0.0,0.0,2.3,1219.0,0.0,0.0
2024-08,Malas Chocolate Sauce 5 ltr,Nos,1.0,1060.0,0.0,0.0,1.0,1060.0,0.0,0.0
2024-08,Pineapple slice-Tajir Habit-850g,Nos,7.0,771.75,0.0,0.0,7.0,771.75,0.0,0.0
2024-08,Tripod,Nos,500.0,740.0,0.0,0.0,500.0,740.0,0.0,0.0
2024-08,chicken pepperoni,Kg,1.0,865.0,0.0,0.0,1.0,865.0,0.0,0.0
2024-08,chilly garlic spread,Pkt,6.0,972.0,0.0,0.0,6.0,972.0,0.0,0.0
2024-08,ice cube/80,Pkt,0.0,0.0,1.0,80.0,1.0,80.0,0.0,0.0
2024-08,malas butterscotch crush,Nos,0.0,0.0,1.0,143.0,1.0,143.0,0.0,0.0
2024-08,Tooth Pick,Pkt,0.0,0.0,0.0,0.0,1.0,20.0,-1.0,-20.0
2024-08,Mustard Oil,Nos,0.0,0.0,0.0,0.0,0.3,48.0,-0.3,-48.0
2024-08,GO-Monterey Jack Cheese-2kg,Kg,0.9,549.0,0.0,0.0,1.0,610.0,-0.09999999999999998,-61.0
2024-08,Aromat Seasoning Powder,Grams,0.0,0.0,0.0,0.0,200.0,68.8,-200.0,-68.8
2024-08,Paneer tikka masala,Kg,2.3,862.5,0.0,0.0,2.5,937.5,-0.20000000000000018,-75.0
2024-08,straw,Pkt,0.0,0.0,0.0,0.0,2.0,80.0,-2.0,-80.0
2024-08,Pizza sauce premix,Kg,4.3,1397.5,0.0,0.0,4.6,1495.0,-0.2999999999999998,-97.5
2024-08,tomato ketchup,Nos,0.0,0.0,0.0,0.0,1.0,105.0,-1.0,-105.0
2024-08,Dip Bowl,Nos,150.0,300.0,0.0,0.0,220.0,440.0,-70.0,-140.0
2024-08,Herb Mix Masla,Kg,0.0,0.0,3.0,1275.0,3.4,1445.0,-0.3999999999999999,-170.0
2024-08,wodden spoon,Nos,0.0,0.0,0.0,0.0,237.0,187.23,-237.0,-187.23
2024-08,chicken kheema masala,Kg,1.0,650.0,0.0,0.0,1.3,845.0,-0.30000000000000004,-195.0
2024-08,cello tape,Nos,0.0,0.0,0.0,0.0,10.0,230.0,-10.0,-230.0
2024-08,atta,Kg,0.0,0.0,0.0,0.0,5.0,245.0,-5.0,-245.0
2024-08,bio covers,Kg,1.0,180.0,1.0,180.0,3.5,630.0,-1.5,-270.0
2024-08,Butter Scotch Ice-cream,Nos,2.0,1546.0,1.0,773.0,3.5,2705.5,-0.5,-386.5
2024-08,Puramate Basil 250g Pouch,Nos,0.0,0.0,0.0,0.0,2.0,390.0,-2.0,-390.0
2024-08,slice 350 ml,Nos,9.0,196.92,0.0,0.0,27.0,590.76,-18.0,-393.84000000000003
2024-08,7up 600ml,Nos,0.0,0.0,0.0,0.0,13.0,446.94,-13.0,-446.94
2024-08,Vanilla Ice-cream 4ltr,Nos,1.5,816.0,2.0,1088.0,4.4,2393.6,-0.9000000000000004,-489.5999999999999
2024-08,DVC MOJITO MINT 750ML,Nos,0.0,0.0,1.0,507.4,2.0,1014.8,-1.0,-507.4
2024-08,Veeba Ketchup Sachet,Nos,1763.0,1304.62,2400.0,1776.0,4857.0,3594.18,-694.0,-513.56
2024-08,pizza sauce,Kg,5.0,600.0,0.0,0.0,10.0,1200.0,-5.0,-600.0
2024-08,DVC Peach GardenSyrup 750 ml,Nos,0.0,0.0,0.0,0.0,1.2,636.0,-1.2,-636.0
2024-08,Chocolate Ice-cream 4ltr,Nos,0.0,0.0,1.0,816.0,1.8,1468.8,-0.8,-652.8
2024-08,DVC Strawberry Syrup 750 ml,Nos,0.0,0.0,0.0,0.0,1.8,913.32,-1.8,-913.32
2024-08,Dried Yeast,Pkt,0.0,0.0,0.0,0.0,6.0,1019.94,-6.0,-1019.94
2024-08,Medium Pizza Box,Nos,77.0,770.0,0.0,0.0,186.0,1860.0,-109.0,-1090.0
2024-08,Regular Pizza Box,Nos,46.0,391.0,0.0,0.0,212.0,1802.0,-166.0,-1411.0
2024-08,DVC Passion Fruit 750ML,Nos,0.0,0.0,0.0,0.0,3.0,1522.2,-3.0,-1522.2
2024-08,Tandoori Tikka Marinade 500Grm,Kg,0.0,0.0,0.0,0.0,1.4,1610.0,-1.4,-1610.0
2024-08,veeba pizza pasta sauce,Nos,2.0,367.34,12.0,2204.04,26.0,4775.42,-12.0,-2204.04
2024-08,Large Pizza Box,Nos,32.0,475.2,0.0,0.0,412.0,6118.2,-380.0,-5643.0
2024-09,dynamic diced mozerella,Kg,32.0,13600.0,48.0,20400.0,18.0,7650.0,62.0,26350.0
2024-09,grocery,Nos,0.0,0.0,103.0,25463.06,1.0,440.12,102.0,25022.940000000002
2024-09,bonless chicken,Kg,5.0,1369.05,52.7,14970.02,10.7,2956.0,47.3,13383.07
2024-09,veg,Nos,0.0,0.0,111.0,9340.96,5.0,703.0,106.0,8637.96
2024-09,Gas-LPG-HPCL,Nos,2.0,3400.0,4.0,6920.0,1.5,2670.0,4.5,7650.0
2024-09,veeba pizza pasta sauce,Nos,26.0,4775.42,12.0,2204.04,0.0,0.0,38.0,6979.46
2024-09,french fry hungritos 2.5kg,Kg,10.0,1240.1,37.5,4650.38,11.0,1379.84,37.0,4510.639999999999
2024-09,Pizza Premix,Kg,10.0,2400.0,20.0,4800.0,14.0,3360.0,16.0,3840.0
2024-09,Veeba Ketchup Sachet,Nos,4857.0,3594.18,2400.0,1776.0,2470.0,1827.8,4787.0,3542.38
2024-09,Regular Pizza Box,Nos,212.0,1802.0,1000.0,8500.0,807.0,6859.5,405.0,3442.5
2024-09,Chocolate Ice-cream 4ltr,Nos,1.8,1468.8,2.0,1632.0,0.0,0.0,3.8,3100.8
2024-09,G.Crown Mushroom Slice 800g,Tin,18.0,1782.0,48.0,4752.0,35.0,3465.0,31.0,3069.0
2024-09,amul diced mozzrella,Kg,0.0,0.0,6.0,3060.0,0.0,0.0,6.0,3060.0
2024-09,7up 600ml,Nos,13.0,446.94,96.0,3300.48,26.0,893.88,83.0,2853.54
2024-09,pepsi 600 ml,Nos,26.0,893.88,96.0,3300.48,42.0,1443.96,80.0,2750.3999999999996
2024-09,Medium Pizza Box,Nos,186.0,1860.0,400.0,4000.0,336.0,3360.0,250.0,2500.0
2024-09,Vanilla Ice-cream 4ltr,Nos,4.4,2393.6,0.0,0.0,0.0,0.0,4.4,2393.6
2024-09,Pepsi 250ml Pet,Nos,13.0,227.5,150.0,2625.0,42.0,735.0,121.0,2117.5
2024-09,mexican mix,Kg,6.0,2490.0,10.0,4150.0,11.0,4565.0,5.0,2075.0
2024-09,butter,Kg,4.5,1710.0,2.0,760.0,2.0,760.0,4.5,1710.0
2024-09,Large Pizza Box,Nos,412.0,6118.2,0.0,0.0,297.0,4410.45,115.0,1707.75
2024-09,bbq mix,Kg,2.4,1116.0,5.0,2325.0,3.8,1767.0,3.6000000000000005,1674.0
2024-09,Pasta Container Black,Nos,166.0,1485.7,50.0,447.5,32.0,286.4,184.0,1646.8000000000002
2024-09,eng veg,Nos,0.0,0.0,14.0,2409.01,3.0,770.01,11.0,1639.0000000000002
2024-09,Richs versatie cream,Nos,4.0,802.4,12.0,2407.2,8.0,1604.8,8.0,1604.8
2024-09,nuggets sumeru,Pkt,2.0,626.0,4.0,1252.0,1.0,313.0,5.0,1565.0
2024-09,French Fries 6mm-Funwave 2.5 kg,Pkt,0.0,0.0,5.0,1525.0,0.0,0.0,5.0,1525.0
2024-09,DVC Passion Fruit 750ML,Nos,3.0,1522.2,0.0,0.0,0.0,0.0,3.0,1522.2
2024-09,7UP 1250ml Pet,Nos,7.0,422.1,24.0,1447.2,6.0,361.8,25.0,1507.5000000000002
2024-09,milk 26,Nos,4.0,104.0,52.0,1352.0,0.0,0.0,56.0,1456.0
2024-09,Processed cheese block,Kg,1.5,825.0,1.0,530.0,0.0,0.0,2.5,1355.0
2024-09,maida prince,Kg,0.0,0.0,30.0,1325.1,0.0,0.0,30.0,1325.1
2024-09,garlic,Kg,0.0,0.0,4.0,1320.0,0.0,0.0,4.0,1320.0
2024-09,Pepsi 1250ml Pet,Nos,14.0,844.2,12.0,723.6,6.0,361.8,20.0,1206.0000000000002
2024-09,Berry Fresh Chicku Pulp 2kg,Tin,0.0,0.0,4.0,1120.0,0.0,0.0,4.0,1120.0
2024-09,Veeba Eggless Mayonise Chef 1KG,Pkt,15.0,2100.0,0.0,0.0,7.0,980.0,8.0,1120.0
2024-09,DVC MOJITO MINT 750ML,Nos,2.0,1014.8,5.0,2537.0,4.8,2435.52,2.2,1116.2800000000002
2024-09,Malas Chocolate Sauce 5 ltr,Nos,1.0,1060.0,0.0,0.0,0.0,0.0,1.0,1060.0
2024-09,Dried Yeast,Pkt,6.0,1019.94,0.0,0.0,0.0,0.0,6.0,1019.94
2024-09,Berry Fresh Chicku Pulp,Kg,3.5,980.0,0.0,0.0,0.0,0.0,3.5,980.0
2024-09,chilly garlic spread,Pkt,6.0,972.0,0.0,0.0,0.0,0.0,6.0,972.0
2024-09,black olive slice Habit,Tin,0.5,317.24,4.0,2605.12,3.0,1953.84,1.5,968.5199999999998
2024-09,Paneer tikka masala,Kg,2.5,937.5,2.0,750.0,2.0,750.0,2.5,937.5
2024-09,7up 250ml Pet,Nos,23.0,402.5,60.0,1050.0,30.0,525.0,53.0,927.5
2024-09,Dew 250ml Pet,Nos,26.0,455.0,30.0,525.0,4.0,70.0,52.0,910.0
2024-09,Paneer,Kg,3.0,870.0,2.0,580.0,2.0,580.0,3.0,870.0
2024-09,HABIT JALAPENO SLICES 2.9 KG,Tin,0.0,0.0,4.0,1124.0,1.0,281.0,3.0,843.0
2024-09,Palm Oil - Refined Oil,Pkt,0.0,0.0,10.0,1125.0,3.0,337.5,7.0,787.5
2024-09,Brownie,Kg,6.0,2310.0,0.0,0.0,4.0,1540.0,2.0,770.0
2024-09,dynamic cheddar block,Kg,1.5,887.25,0.0,0.0,0.2,118.3,1.3,768.95
2024-09,Puramate Pasta-Penne Rigatte 500g,Pkt,6.0,408.0,14.0,952.0,9.0,612.0,11.0,748.0
2024-09,OREGANO SACHET 0.8GM,Nos,463.0,337.99,1250.0,1100.0,790.0,695.2,923.0,742.79
2024-09,Berry Fresh Tender Coconut Pulp 2kg,Tin,0.0,0.0,2.0,740.0,0.0,0.0,2.0,740.0
2024-09,Palm Oil - Refined Oil,Nos,8.0,740.0,0.0,0.0,0.0,0.0,8.0,740.0
2024-09,Tripod,Nos,500.0,740.0,0.0,0.0,0.0,0.0,500.0,740.0
2024-09,red paprica 680gm,Nos,0.0,0.0,4.0,730.24,0.0,0.0,4.0,730.24
2024-09,Moktails Glass,Nos,236.0,1888.0,0.0,0.0,150.0,1200.0,86.0,688.0
2024-09,Oregano Sprinkler 500g,Pkt,3.15,1023.12,2.0,649.6,3.1,1006.88,2.0500000000000003,665.84
2024-09,CHILLY FLAKES SACHET 0.8GM,Nos,0.0,0.0,1250.0,650.0,0.0,0.0,1250.0,650.0
2024-09,Garlic Bread Box,Nos,54.0,405.0,200.0,1500.0,170.0,1275.0,84.0,630.0
2024-09,Lehar Soda,Nos,35.0,576.1,24.0,395.04,21.0,345.66,38.0,625.48
2024-09,pizza sauce,Kg,10.0,1200.0,0.0,0.0,5.0,600.0,5.0,600.0
2024-09,staff chicken,Kg,0.0,0.0,4.0,600.0,0.0,0.0,4.0,600.0
2024-09,Herb Mix Masla,Kg,3.4,1445.0,5.0,2125.0,7.0,2975.0,1.4000000000000004,595.0
2024-09,slice 350 ml,Nos,27.0,590.76,0.0,0.0,0.0,0.0,27.0,590.76
2024-09,Frozen Sweet Corn-Pal Fresh,Pkt,2.5,150.0,20.0,1240.0,13.0,806.0,9.5,584.0
2024-09,chicken popcorn,Kg,0.0,0.0,2.0,576.0,0.0,0.0,2.0,576.0
2024-09,potato wedges,Kg,3.0,557.76,5.0,929.6,5.0,929.6,3.0,557.7600000000001
2024-09,Dew 750ml Pet,Nos,14.0,542.5,0.0,0.0,0.0,0.0,14.0,542.5
2024-09,Butter Scotch Ice-cream,Nos,3.5,2705.5,0.0,0.0,2.8,2164.4,0.7000000000000002,541.0999999999999
2024-09,bio cover,Kg,0.0,0.0,3.0,540.0,0.0,0.0,3.0,540.0
2024-09,Pizza sauce premix,Kg,4.6,1495.0,0.0,0.0,3.0,975.0,1.5999999999999996,520.0
2024-09,atta,Kg,5.0,245.0,5.0,250.0,0.0,0.0,10.0,495.0
2024-09,French Fries Box,Nos,0.0,0.0,250.0,1337.5,159.0,850.65,91.0,486.85
2024-09,Veeba Tandoori Spread-1kg,Pkt,0.0,0.0,4.0,868.0,2.0,434.0,2.0,434.0
2024-09,chicken pepperoni,Kg,1.0,865.0,0.5,432.5,1.0,865.0,1.0,432.5
2024-09,makhni gravy,Pkt,4.0,840.0,0.0,0.0,2.0,420.0,2.0,420.0
2024-09,DVC BLUE OCCEAN FLV SYRUP 750ML,Nos,3.5,1775.9,0.0,0.0,2.7,1369.98,0.7999999999999998,405.9200000000001
2024-09,DVC Green Apple 750 ML,Nos,2.8,1420.72,0.0,0.0,2.0,1014.8,0.7999999999999998,405.9200000000001
2024-09,DVC Strawberry Syrup 750 ml,Nos,1.8,913.32,0.0,0.0,1.0,507.4,0.8,405.9200000000001
2024-09,Mini Burger Box,Nos,35.0,105.0,100.0,300.0,0.0,0.0,135.0,405.0
2024-09,Slice Mango 600ml pet,Nos,16.0,577.44,24.0,866.16,29.0,1046.61,11.0,396.99
2024-09,chilly flakes sachet,Nos,1071.0,556.92,0.0,0.0,310.0,161.2,761.0,395.71999999999997
2024-09,Tandoori mix Masala,Kg,5.3,2093.5,0.0,0.0,4.3,1698.5,1.0,395.0
2024-09,Puramate Basil 250g Pouch,Nos,2.0,390.0,0.0,0.0,0.0,0.0,2.0,390.0
2024-09,hybrid tomato,Kg,0.0,0.0,10.0,390.0,0.0,0.0,10.0,390.0
2024-09,Dew 600 ml,Nos,0.0,0.0,24.0,824.88,13.0,446.81,11.0,378.07
2024-09,habit olive oil,Nos,2.0,738.0,2.0,738.0,3.0,1107.0,1.0,369.0
2024-09,GO-Monterey Jack Cheese-2kg,Kg,1.0,610.0,0.0,0.0,0.4,244.0,0.6,366.0
2024-09,fruits,Nos,0.0,0.0,2.0,345.0,0.0,0.0,2.0,345.0
2024-09,Pineapple-Veg,Nos,0.0,0.0,4.0,330.0,0.0,0.0,4.0,330.0
2024-09,paper bags regular,Nos,30.0,330.0,0.0,0.0,0.0,0.0,30.0,330.0
2024-09,Zippy Chicken Salami,Pkt,1.5,493.92,1.0,329.28,1.5,493.92,1.0,329.28000000000003
2024-09,Zippy  B.Fast Sausage ,Pkt,1.8,531.77,0.0,0.0,0.7,206.8,1.1,324.96999999999997
2024-09,colby cheese 1 kg,Kg,0.5,317.24,0.0,0.0,0.0,0.0,0.5,317.24
2024-09,Veeba T. Ketchup 1.2KG,Nos,0.0,0.0,4.0,420.0,1.0,105.0,3.0,315.0
2024-09,Bread Premix,Kg,2.0,480.0,2.0,480.0,2.7,648.0,1.2999999999999998,312.0
2024-09,Salad Bowl 500ml,Nos,127.0,666.75,0.0,0.0,71.0,372.75,56.0,294.0
2024-09,Salad Bowl 250ml,Nos,75.0,393.75,0.0,0.0,20.0,105.0,55.0,288.75
2024-09,Puramate Pasta-Gomiti Rigate - macroni - 500g,Pkt,1.0,68.0,4.0,272.0,1.4,95.2,3.6,244.8
2024-09,Dew 250ml Can,Nos,8.0,240.0,0.0,0.0,0.0,0.0,8.0,240.0
2024-09,egg 6,Nos,0.0,0.0,40.0,240.0,0.0,0.0,40.0,240.0
2024-09,Piri Piri Marinade 1KG,Pkt,1.0,467.49,1.0,467.49,1.5,701.24,0.5,233.74
2024-09,cello tape,Nos,10.0,230.0,0.0,0.0,0.0,0.0,10.0,230.0
2024-09,Mustard Oil,Nos,0.3,48.0,1.0,168.0,0.0,0.0,1.3,216.0
2024-09,Aqua Fina Mineral Water 1Ltr,Nos,17.0,238.0,12.0,149.76,15.0,187.2,14.0,200.56
2024-09,habit baby corn,Pkt,12.0,1176.0,0.0,0.0,10.0,980.0,2.0,196.0
2024-09,chicken kheema masala,Kg,1.3,845.0,0.0,0.0,1.0,650.0,0.30000000000000004,195.0
2024-09,wodden spoon,Nos,237.0,187.23,0.0,0.0,0.0,0.0,237.0,187.23
2024-09,Schezwan sauce,Pkt,2.0,364.0,0.0,0.0,1.0,182.0,1.0,182.0
2024-09,ice cube,Pkt,0.0,0.0,4.0,180.0,0.0,0.0,4.0,180.0
2024-09,masoor dal,Kg,0.0,0.0,2.0,180.0,0.0,0.0,2.0,180.0
2024-09,Mango Crush Sauce 750ml Malas,Nos,1.7,1428.27,0.0,0.0,1.5,1260.24,0.19999999999999996,168.02999999999997
2024-09,milk 28 milma,Nos,0.0,0.0,6.0,168.0,0.0,0.0,6.0,168.0
2024-09,Tissue,Pkt,9.0,162.0,0.0,0.0,0.0,0.0,9.0,162.0
2024-09,DVC Peach GardenSyrup 750 ml,Nos,1.2,636.0,0.0,0.0,0.9,477.0,0.29999999999999993,159.0
2024-09,DVC Watermelon Syrup 750 ml,Nos,1.3,659.62,0.0,0.0,1.0,507.4,0.30000000000000004,152.22000000000003
2024-09,Mirinda 750ml pet,Nos,4.0,137.52,0.0,0.0,0.0,0.0,4.0,137.52
2024-09,pepsi can 330ml,Nos,0.0,0.0,24.0,822.96,20.0,685.8,4.0,137.16000000000008
2024-09,water melon,Kg,0.0,0.0,2.0,120.0,0.0,0.0,2.0,120.0
2024-09,watermelon,Nos,0.0,0.0,1.0,120.0,0.0,0.0,1.0,120.0
2024-09,Corn Meal - Chola Rava,Pkt,2.0,109.5,0.0,0.0,0.0,0.0,2.0,109.5
2024-09,Pineapple slice-Tajir Habit-850g,Nos,7.0,771.75,0.0,0.0,6.0,661.5,1.0,110.25
2024-09,tomato ketchup,Nos,1.0,105.0,0.0,0.0,0.0,0.0,1.0,105.0
2024-09,bio cup,Nos,0.0,0.0,100.0,100.0,0.0,0.0,100.0,100.0
2024-09,bio covers,Kg,3.5,630.0,0.0,0.0,3.0,540.0,0.5,90.0
2024-09,sugar,Kg,0.0,0.0,2.0,90.0,0.0,0.0,2.0,90.0
2024-09,ice cube/80,Pkt,1.0,80.0,1.0,80.0,1.0,80.0,1.0,80.0
2024-09,straw,Pkt,2.0,80.0,0.0,0.0,0.0,0.0,2.0,80.0
2024-09,capsicum,Kg,0.0,0.0,1.0,78.0,0.0,0.0,1.0,78.0
2024-09,AVT Premium Tea,Kg,0.0,0.0,0.25,75.0,0.0,0.0,0.0,75.0
2024-09,egg 7,Nos,0.0,0.0,10.0,70.0,0.0,0.0,10.0,70.0
2024-09,Aromat Seasoning Powder,Grams,200.0,68.8,0.0,0.0,0.0,0.0,200.0,68.8
2024-09,fish finger,Pkt,1.0,594.72,0.0,0.0,0.9,535.25,0.09999999999999998,59.47000000000003
2024-09,DVC Cucumber Syrup 750 ml,Nos,2.3,1219.0,0.0,0.0,2.2,1166.0,0.09999999999999964,53.0
2024-09,chicken popcorn,Pkt,0.0,0.0,1.0,50.0,0.0,0.0,1.0,50.0
2024-09,Green Peas,Pkt,0.3,46.5,0.0,0.0,0.0,0.0,0.3,46.5
2024-09,bottle gourd,Nos,0.0,0.0,1.0,37.0,0.0,0.0,1.0,37.0
2024-09,egg-6.50,Nos,0.0,0.0,4.0,26.0,0.0,0.0,4.0,26.0
2024-09,Dip Bowl,Nos,220.0,440.0,0.0,0.0,210.0,420.0,10.0,20.0
2024-09,Tooth Pick,Pkt,1.0,20.0,0.0,0.0,0.0,0.0,1.0,20.0
2024-09,Chettinad Mix,Kg,0.0,0.0,0.2,130.2,0.2,130.2,-0.2,0.0
2024-09,DVC Bubblegum Syrup Syrup 750 ml,Nos,1.5,761.1,0.0,0.0,1.5,761.1,0.0,0.0
2024-09,DVC Mixed Berry Beverage Blend Syrup 750 ml,Nos,1.8,1490.4,0.0,0.0,1.8,1490.4,0.0,0.0
2024-09,Lamp Pepperoni,Kg,1.7,1521.5,1.0,895.0,2.7,2416.5,0.0,0.0
2024-09,Processed cheese block,Pkt,0.0,0.0,2.0,1100.0,2.0,1100.0,0.0,0.0
2024-09,Slice Mango 200ml pet,Nos,0.0,0.0,30.0,530.1,30.0,530.1,0.0,0.0
2024-09,Veeba ThousandIsland Dressing 1KG,Pkt,0.0,0.0,5.0,938.0,5.0,938.0,0.0,0.0
2024-09,Wooden Spoon,Nos,0.0,0.0,200.0,130.0,200.0,130.0,0.0,0.0
2024-09,chilly flakes 500gm,Pkt,0.3,58.5,0.0,0.0,0.3,58.5,0.0,0.0
2024-09,malas butterscotch crush,Nos,1.0,143.0,0.0,0.0,1.0,143.0,0.0,0.0
2024-09,milk,Nos,0.0,0.0,4.0,100.0,4.0,100.0,0.0,0.0
2024-09,sumeru chicken pop corn,Pkt,0.0,0.0,1.0,319.0,1.0,319.0,0.0,0.0
2024-09,Dew 330 ml can,Nos,0.0,0.0,24.0,822.96,25.0,857.25,-1.0,-34.289999999999964
2024-09,wooden fork,Nos,0.0,0.0,400.0,340.0,450.0,382.5,-50.0,-42.5
2024-09, dry yeast 500 gm,Pkt,0.0,0.0,0.0,0.0,0.25,43.5,-0.25,-43.5
2024-09,Paper Straw Big,Nos,0.0,0.0,0.0,0.0,100.0,45.0,-100.0,-45.0
2024-09,Corn Meal - MAKKA RAVA,Pkt,0.0,0.0,0.0,0.0,1.0,47.0,-1.0,-47.0
2024-09,Paper Glass,Pkt,1.44,144.0,0.0,0.0,2.0,200.0,-0.56,-56.0
2024-09,Paper Straw Small,Nos,0.0,0.0,0.0,0.0,200.0,70.0,-200.0,-70.0
2024-09,Strawberry sause 750,Nos,0.0,0.0,0.0,0.0,0.8,114.4,-0.8,-114.4
2024-09,red paprika habit,Tin,1.5,597.0,0.0,0.0,1.8,716.4,-0.30000000000000004,-119.39999999999998
2024-09,Honey,Kg,0.0,0.0,0.0,0.0,0.5,122.0,-0.5,-122.0
2024-09,maida,Kg,30.0,1302.0,0.0,0.0,35.0,1519.0,-5.0,-217.0
2024-09,Paneer Tikka Butter Masala,Pkt,0.0,0.0,0.0,0.0,0.6,225.0,-0.6,-225.0
2024-09,Chilli Flakes-Tasty Pixel-Veeba-Sachet-0.8g,Pkt,0.0,0.0,0.0,0.0,2.0,264.6,-2.0,-264.6
2024-09,tandoori tikka powder,Kg,0.0,0.0,0.0,0.0,0.25,287.5,-0.25,-287.5
2024-09,Puramate Basil 250g Pouch,Grams,0.0,0.0,0.0,0.0,500.0,390.0,-500.0,-390.0
2024-09,Berry Fresh Tender Coconut Pulp,Kg,2.5,900.0,0.0,0.0,3.8,1368.0,-1.2999999999999998,-468.0
2024-09,staff rice 26kg,Kg,0.0,0.0,0.0,0.0,10.0,480.0,-10.0,-480.0
2024-09,Strawberry-Ice cream,Nos,1.6,1006.4,0.0,0.0,2.5,1572.5,-0.8999999999999999,-566.1
2024-09,chilli garlic spread,Nos,0.0,0.0,0.0,0.0,4.0,648.0,-4.0,-648.0
2024-09,KOT Printing Rolls,Nos,0.0,0.0,0.0,0.0,13.0,702.0,-13.0,-702.0
2024-09,Vanilla Ice-cream,Pkt,0.0,0.0,0.0,0.0,1.3,707.2,-1.3,-707.2
2024-09,Veeba Gouda Flavoured Dressing,Pkt,6.0,1086.42,12.0,2172.84,23.0,4164.61,-5.0,-905.3499999999995
2024-09,DVC PASSION FRUIT FLV SYRUP 750ML,Nos,0.0,0.0,0.0,0.0,1.8,913.32,-1.8,-913.32
2024-09,Mexican Masala,Pkt,0.0,0.0,0.0,0.0,2.4,996.0,-2.4,-996.0
2024-09,Tandoori Tikka Marinade 500Grm,Kg,1.4,1610.0,0.0,0.0,3.0,3450.0,-1.6,-1840.0
2024-09,Chocolate Ice-cream,Pkt,0.0,0.0,0.0,0.0,2.9,2233.0,-2.9,-2233.0
2024-09,Veeba Pasta & Pizza Sauce 1KG,Pkt,0.0,0.0,12.0,2204.16,26.0,4775.68,-14.0,-2571.5200000000004
2024-10,dynamic diced mozerella,Kg,18.0,7650.0,84.0,35700.0,21.0,8925.0,81.0,34425.0
2024-10,grocery,Nos,1.0,440.12,77.0,22558.83,0.0,0.0,78.0,22998.95
2024-10,bonless chicken,Kg,10.7,2956.0,61.25,18857.98,4.0,1175.76,67.7,20638.22
2024-10,Gas-LPG-HPCL,Nos,1.5,2670.0,10.0,17800.0,2.0,3560.0,9.5,16910.0
2024-10,vegetables,Nos,0.0,0.0,113.0,10410.08,3.0,593.58,110.0,9816.5
2024-10,french fry hungritos 2.5kg,Kg,11.0,1379.84,50.0,6272.0,0.0,0.0,61.0,7651.84
2024-10,Pizza Premix,Kg,14.0,3360.0,20.0,4800.0,16.0,3840.0,18.0,4320.0
2024-10,Regular Pizza Box,Nos,807.0,6859.5,600.0,5100.0,925.0,7862.5,482.0,4097.0
2024-10,G.Crown Mushroom Slice 800g,Tin,35.0,3465.0,24.0,2400.0,21.0,2100.0,38.0,3765.0
2024-10,Tandoori Tikka Marinade 500Grm,Kg,3.0,3450.0,0.0,0.0,0.0,0.0,3.0,3450.0
2024-10,eng veg,Nos,3.0,770.01,15.0,2677.0,0.0,0.0,18.0,3447.01
2024-10,bbq mix,Kg,3.8,1767.0,3.0,1395.0,0.0,0.0,6.8,3162.0
2024-10,Medium Pizza Box,Nos,336.0,3360.0,500.0,5000.0,521.0,5210.0,315.0,3150.0
2024-10,butter,Kg,2.0,760.0,5.0,1900.0,0.0,0.0,7.0,2660.0
2024-10,7up 600ml,Nos,26.0,893.88,72.0,2475.36,22.0,756.36,76.0,2612.88
2024-10,Veeba Pasta & Pizza Sauce 1KG,Pkt,26.0,4775.68,0.0,0.0,12.0,2204.16,14.0,2571.5200000000004
2024-10,Tandoori mix Masala,Kg,4.3,1698.5,3.0,1185.0,1.0,395.0,6.3,2488.5
2024-10,Maida 50 kg,Kg,0.0,0.0,50.0,2260.0,0.0,0.0,50.0,2260.0
2024-10,Chocolate Ice-cream,Pkt,2.9,2233.0,0.0,0.0,0.0,0.0,2.9,2233.0
2024-10,pepsi 600 ml,Nos,42.0,1443.96,48.0,1650.24,27.0,928.26,63.0,2165.9399999999996
2024-10,veg,Nos,5.0,703.0,10.0,1406.0,0.0,0.0,15.0,2109.0
2024-10,Pepsi 250ml Pet,Nos,42.0,735.0,120.0,2100.0,48.0,840.0,114.0,1995.0
2024-10,black olive slice Habit,Tin,3.0,1953.84,0.0,0.0,0.0,0.0,3.0,1953.84
2024-10,Large Pizza Box,Nos,297.0,4410.45,200.0,2970.0,377.0,5598.45,120.0,1782.0
2024-10,Paneer,Kg,2.0,580.0,5.0,1450.0,1.0,290.0,6.0,1740.0
2024-10,Processed cheese block,Pkt,2.0,1100.0,2.0,1100.0,1.0,550.0,3.0,1650.0
2024-10,Moktails Glass,Nos,150.0,1200.0,100.0,800.0,44.0,352.0,206.0,1648.0
2024-10,Richs versatie cream,Nos,8.0,1604.8,0.0,0.0,0.0,0.0,8.0,1604.8
2024-10,Sumeru Nuggets Premium 1Kg,Pkt,0.0,0.0,5.0,1565.0,0.0,0.0,5.0,1565.0
2024-10,Brownie,Kg,4.0,1540.0,5.0,1925.0,5.0,1925.0,4.0,1540.0
2024-10,Veeba Ketchup Sachet,Nos,2470.0,1827.8,1200.0,1020.0,1563.0,1328.55,2107.0,1519.2500000000002
2024-10,milk 26,Nos,0.0,0.0,62.0,1612.0,6.0,156.0,56.0,1456.0
2024-10,garlic,Kg,0.0,0.0,4.0,1410.0,0.0,0.0,4.0,1410.0
2024-10,Butter Scotch Ice-cream,Nos,2.8,2164.4,0.0,0.0,1.0,773.0,1.7999999999999998,1391.4
2024-10,OREGANO SACHET 0.8GM,Nos,790.0,695.2,1350.0,858.0,300.0,168.0,1840.0,1385.2
2024-10,Berry Fresh Tender Coconut Pulp,Kg,3.8,1368.0,0.0,0.0,0.0,0.0,3.8,1368.0
2024-10,maida 30kg,Kg,0.0,0.0,30.0,1359.9,0.0,0.0,30.0,1359.9
2024-10,maida,Kg,35.0,1519.0,50.0,2330.0,55.0,2563.0,30.0,1286.0
2024-10,7UP 1250ml Pet,Nos,6.0,361.8,24.0,1447.2,9.0,542.7,21.0,1266.3
2024-10,oil,Pkt,0.0,0.0,10.0,1265.0,0.0,0.0,10.0,1265.0
2024-10,7up 250ml Pet,Nos,30.0,525.0,90.0,1575.0,49.0,857.5,71.0,1242.5
2024-10,Veeba Eggless Mayonise Chef 1KG,Pkt,7.0,980.0,12.0,1680.0,11.0,1540.0,8.0,1120.0
2024-10,Dew 600 ml,Nos,13.0,446.81,24.0,824.88,5.0,171.85,32.0,1099.8400000000001
2024-10,bio covers,Kg,3.0,540.0,3.0,540.0,0.0,0.0,6.0,1080.0
2024-10,DVC Cucumber Syrup 750 ml,Nos,2.2,1166.0,0.0,0.0,0.2,106.0,2.0,1060.0
2024-10,HABIT JALAPENO SLICES 2.9 KG,Tin,1.0,281.0,6.0,1780.02,3.5,1038.34,3.5,1022.6800000000001
2024-10,DVC Passion Fruit 750ML,Nos,0.0,0.0,2.0,1014.8,0.0,0.0,2.0,1014.8
2024-10,Mexican Masala,Pkt,2.4,996.0,0.0,0.0,0.0,0.0,2.4,996.0
2024-10,chicken kheema masala,Kg,1.0,650.0,0.5,325.0,0.0,0.0,2.0,975.0
2024-10,mexican mix,Kg,11.0,4565.0,0.0,0.0,8.7,3610.5,2.3000000000000007,954.5
2024-10,Bread Premix,Kg,2.7,648.0,2.0,480.0,0.8,192.0,3.9000000000000004,936.0
2024-10, dry yeast 500 gm,Pkt,0.25,43.5,10.0,1740.0,5.0,870.0,5.25,913.5
2024-10,DVC PASSION FRUIT FLV SYRUP 750ML,Nos,1.8,913.32,0.0,0.0,0.0,0.0,1.8,913.32
2024-10,staff chicken,Kg,0.0,0.0,6.0,908.0,0.0,0.0,6.0,908.0
2024-10,Veeba Gouda Flavoured Dressing,Pkt,23.0,4164.61,0.0,0.0,18.0,3259.26,5.0,905.3499999999995
2024-10,Pepsi 1250ml Pet,Nos,6.0,361.8,24.0,1447.2,15.0,904.5,15.0,904.5
2024-10,Mango Crush Sauce 750ml Malas,Nos,1.5,1260.24,0.0,0.0,0.45,378.07,1.05,882.1700000000001
2024-10,Dew 250ml Pet,Nos,4.0,70.0,60.0,1050.0,14.0,245.0,50.0,875.0
2024-10,Frozen Sweet Corn-Pal Fresh,Pkt,13.0,806.0,10.0,620.0,9.0,558.0,14.0,868.0
2024-10,Veeba Makhani Gravy 1KG,Pkt,0.0,0.0,4.0,840.0,0.0,0.0,4.0,840.0
2024-10,Puramate Pasta-Penne Rigatte 500g,Pkt,9.0,612.0,10.0,680.0,7.0,476.0,12.0,816.0
2024-10,Garlic-Veg,Kg,0.0,0.0,2.0,780.0,0.0,0.0,2.0,780.0
2024-10,staff rice 26kg,Kg,10.0,480.0,26.0,1196.0,20.0,920.0,16.0,756.0
2024-10,habit olive oil,Nos,3.0,1107.0,2.0,738.0,3.0,1107.0,2.0,738.0
2024-10,French Fries Box,Nos,159.0,850.65,200.0,1070.0,225.0,1203.75,134.0,716.9000000000001
2024-10,Vanilla Ice-cream,Pkt,1.3,707.2,0.0,0.0,0.0,0.0,1.3,707.2
2024-10,potato wedges,Kg,5.0,929.6,0.0,0.0,1.2,223.1,3.8,706.5
2024-10,hybrid tomato,Kg,0.0,0.0,20.0,1400.0,10.0,700.0,10.0,700.0
2024-10,CHILLY FLAKES SACHET 0.8GM,Nos,0.0,0.0,1250.0,650.0,0.0,0.0,1250.0,650.0
2024-10,chilli garlic spread,Nos,4.0,648.0,0.0,0.0,0.0,0.0,4.0,648.0
2024-10,Strawberry-Ice cream,Nos,2.5,1572.5,0.0,0.0,1.5,943.5,1.0,629.0
2024-10,Lamp Pepperoni,Kg,2.7,2416.5,0.0,0.0,2.0,1790.0,0.7000000000000002,626.5
2024-10,pizza sauce,Kg,5.0,600.0,0.0,0.0,0.0,0.0,5.0,600.0
2024-10,Pasta Container Black,Nos,32.0,286.4,200.0,1790.0,166.0,1485.7,66.0,590.7
2024-10,Lehar Soda,Nos,21.0,345.66,48.0,790.08,34.0,559.64,35.0,576.1
2024-10,Herb Mix Masla,Kg,7.0,2975.0,0.0,0.0,5.7,2422.5,1.2999999999999998,552.5
2024-10,Veeba T. Ketchup 1.2KG,Nos,1.0,105.0,5.0,525.0,1.0,105.0,5.0,525.0
2024-10,Mini Burger Box,Nos,0.0,0.0,200.0,600.0,30.0,90.0,170.0,510.0
2024-10,Oregano Sprinkler 500g,Pkt,3.1,1006.88,1.0,324.8,2.57,834.74,1.5299999999999998,496.94000000000005
2024-10,Zippy Chicken Salami,Pkt,1.5,493.92,2.0,658.56,2.0,658.56,1.5,493.9200000000001
2024-10,habit baby corn,Pkt,10.0,980.0,0.0,0.0,5.0,490.0,5.0,490.0
2024-10,chocolate chips,Grams,0.0,0.0,200.0,408.0,0.0,0.0,200.0,408.0
2024-10,Richs versatie cream,Pkt,0.0,0.0,12.0,2409.24,10.0,2007.7,2.0,401.53999999999974
2024-10,ice cube/80,Pkt,1.0,80.0,4.0,320.0,0.0,0.0,5.0,400.0
2024-10,Puramate Basil 250g Pouch,Grams,500.0,390.0,0.0,0.0,0.0,0.0,500.0,390.0
2024-10,wooden fork,Nos,450.0,382.5,0.0,0.0,0.0,0.0,450.0,382.5
2024-10,sumeru chicken pop corn,Pkt,1.0,319.0,2.0,626.0,1.8,563.4,1.2,381.6
2024-10,Pad Lock,Nos,0.0,0.0,3.0,368.01,0.0,0.0,3.0,368.01
2024-10,Grain spicy marinade,Pkt,0.0,0.0,1.0,364.0,0.0,0.0,1.0,364.0
2024-10,DVC Green Apple 750 ML,Nos,2.0,1014.8,2.0,1014.8,3.3,1674.42,0.7000000000000002,355.17999999999984
2024-10,Slice Mango 200ml pet,Nos,30.0,530.1,0.0,0.0,10.0,176.7,20.0,353.40000000000003
2024-10,capsicum,Kg,0.0,0.0,5.0,352.0,0.0,0.0,5.0,352.0
2024-10,Zippy  B.Fast Sausage ,Pkt,0.7,206.8,1.0,282.0,0.5,141.0,1.2,347.8
2024-10,slice cheese,Grams,0.0,0.0,200.0,336.0,0.0,0.0,200.0,336.0
2024-10,Dew 330 ml can,Nos,25.0,857.25,0.0,0.0,16.0,548.64,9.0,308.61
2024-10,Slice Mango 600ml pet,Nos,29.0,1046.61,0.0,0.0,21.0,757.89,8.0,288.7199999999999
2024-10,tandoori tikka powder,Kg,0.25,287.5,0.0,0.0,0.0,0.0,0.25,287.5
2024-10,Corn Meal - MAKKA RAVA,Pkt,1.0,47.0,4.0,220.0,0.0,0.0,5.0,267.0
2024-10,Chilli Flakes-Tasty Pixel-Veeba-Sachet-0.8g,Pkt,2.0,264.6,0.0,0.0,0.0,0.0,2.0,264.6
2024-10,DVC MOJITO MINT 750ML,Nos,4.8,2435.52,0.0,0.0,4.3,2181.82,0.5,253.69999999999982
2024-10,GO-Monterey Jack Cheese-2kg,Kg,0.4,244.0,0.0,0.0,0.0,0.0,0.4,244.0
2024-10,Dip Bowl,Nos,210.0,420.0,0.0,0.0,90.0,180.0,120.0,240.0
2024-10,egg 6,Nos,0.0,0.0,40.0,240.0,0.0,0.0,40.0,240.0
2024-10,red dal,Kg,0.0,0.0,2.0,240.0,0.0,0.0,2.0,240.0
2024-10,Aqua Fina Mineral Water 1Ltr,Nos,15.0,187.2,12.0,168.0,9.0,126.0,18.0,229.2
2024-10,Grain mild breading,Pkt,0.0,0.0,1.0,225.12,0.0,0.0,1.0,225.12
2024-10,Paneer Tikka Butter Masala,Pkt,0.6,225.0,0.0,0.0,0.0,0.0,0.6,225.0
2024-10,Pineapple slice-Tajir Habit-850g,Nos,6.0,661.5,0.0,0.0,4.0,441.0,2.0,220.5
2024-10,Honey mustard dressing,Pkt,0.0,0.0,1.0,213.0,0.0,0.0,1.0,213.0
2024-10,Pineapple-Veg,Nos,0.0,0.0,2.0,212.0,0.0,0.0,2.0,212.0
2024-10,Paper Glass,Pkt,2.0,200.0,0.0,0.0,0.0,0.0,2.0,200.0
2024-10,Honey,Kg,0.5,122.0,1.0,244.0,0.7,170.8,0.8,195.2
2024-10,Veeba ThousandIsland Dressing 1KG,Pkt,5.0,938.0,0.0,0.0,4.0,750.4,1.0,187.60000000000002
2024-10,Garlic Bread Box,Nos,170.0,1275.0,200.0,1500.0,345.0,2587.5,25.0,187.5
2024-10,Schezwan sauce,Pkt,1.0,182.0,0.0,0.0,0.0,0.0,1.0,182.0
2024-10,Piri Piri Marinade 1KG,Pkt,1.5,701.24,0.0,0.0,1.15,537.61,0.3500000000000001,163.63
2024-10,Puramate Pasta-Gomiti Rigate - macroni - 500g,Pkt,1.4,95.2,4.0,272.0,3.0,204.0,2.4000000000000004,163.2
2024-10,Vanilla Ice-cream 4ltr,Nos,0.0,0.0,2.0,1088.0,1.7,924.8,0.30000000000000004,163.20000000000005
2024-10,DVC BLUE OCCEAN FLV SYRUP 750ML,Nos,2.7,1369.98,0.0,0.0,2.4,1217.76,0.30000000000000027,152.22000000000003
2024-10,Salad Bowl 500ml,Nos,71.0,372.75,100.0,655.0,136.0,890.8,35.0,136.95000000000005
2024-10,pepsi can 330ml,Nos,20.0,685.8,0.0,0.0,16.0,548.64,4.0,137.15999999999997
2024-10,Wooden Spoon,Nos,200.0,130.0,0.0,0.0,0.0,0.0,200.0,130.0
2024-10,burger bun 4,Pkt,0.0,0.0,4.0,128.0,0.0,0.0,4.0,128.0
2024-10,watermelon,Nos,0.0,0.0,2.0,120.0,0.0,0.0,2.0,120.0
2024-10,fish finger,Pkt,0.9,535.25,0.0,0.0,0.7,416.3,0.20000000000000007,118.94999999999999
2024-10,Strawberry sause 750,Nos,0.8,114.4,0.0,0.0,0.0,0.0,0.8,114.4
2024-10,milk 28 milma,Nos,0.0,0.0,4.0,112.0,0.0,0.0,4.0,112.0
2024-10,grapes,Kg,0.0,0.0,1.25,100.0,0.0,0.0,1.0,100.0
2024-10,milk,Nos,4.0,100.0,0.0,0.0,0.0,0.0,4.0,100.0
2024-10,DVC Mixed Berry Beverage Blend Syrup 750 ml,Nos,1.8,1490.4,0.0,0.0,1.7,1407.6,0.10000000000000009,82.80000000000018
2024-10,Paneer tikka masala,Kg,2.0,750.0,0.0,0.0,1.8,675.0,0.19999999999999996,75.0
2024-10,Paper Straw Small,Nos,200.0,70.0,0.0,0.0,0.0,0.0,200.0,70.0
2024-10,egg-6.50,Nos,0.0,0.0,20.0,130.0,10.0,65.0,10.0,65.0
2024-10,tomato,Kg,0.0,0.0,1.0,65.0,0.0,0.0,1.0,65.0
2024-10,drinking water-20ltr,Nos,0.0,0.0,1.0,60.0,0.0,0.0,1.0,60.0
2024-10,chilly flakes 500gm,Pkt,0.3,58.5,0.0,0.0,0.0,0.0,0.3,58.5
2024-10,DVC Bubblegum Syrup Syrup 750 ml,Nos,1.5,761.1,0.0,0.0,1.4,710.36,0.10000000000000009,50.74000000000001
2024-10,Paper Straw Big,Nos,100.0,45.0,0.0,0.0,0.0,0.0,100.0,45.0
2024-10,payar,Kg,0.0,0.0,0.5,30.0,0.0,0.0,1.0,30.0
2024-10,Tropicana Guava Delight,Nos,0.0,0.0,24.0,600.96,23.0,575.92,1.0,25.040000000000077
2024-10,Cucumber-veg,Nos,0.0,0.0,1.0,20.0,0.0,0.0,1.0,20.0
2024-10,mint,Nos,0.0,0.0,2.0,18.0,0.0,0.0,2.0,18.0
2024-10,Chicken burger pattis,Pkt,0.0,0.0,1.0,313.0,1.0,313.0,0.0,0.0
2024-10,DVC Watermelon Syrup 750 ml,Nos,1.0,507.4,0.0,0.0,1.0,507.4,0.0,0.0
2024-10,Green Peas,Pkt,0.0,0.0,1.0,165.0,1.0,165.0,0.0,0.0
2024-10,Mayonise premium,Pkt,0.0,0.0,1.0,168.0,1.0,168.0,0.0,0.0
2024-10,Veg burger pattis,Pkt,0.0,0.0,1.0,225.12,1.0,225.12,0.0,0.0
2024-10,malas butterscotch crush,Nos,1.0,143.0,0.0,0.0,1.0,143.0,0.0,0.0
2024-10,Salad Bowl 250ml,Nos,20.0,105.0,100.0,525.0,126.0,661.5,-6.0,-31.5
2024-10,Tissue,Pkt,0.0,0.0,5.0,90.0,7.0,126.0,-2.0,-36.0
2024-10,Salt,Pkt,0.0,0.0,0.0,0.0,3.0,42.0,-3.0,-42.0
2024-10,red paprika habit,Tin,1.8,716.4,0.0,0.0,2.0,796.0,-0.19999999999999996,-79.60000000000002
2024-10,straw,Pkt,0.0,0.0,0.0,0.0,2.0,80.0,-2.0,-80.0
2024-10,ice cube,Pkt,0.0,0.0,0.0,0.0,2.0,90.0,-2.0,-90.0
2024-10,DVC Peach GardenSyrup 750 ml,Nos,0.9,477.0,0.0,0.0,1.15,609.5,-0.2499999999999999,-132.5
2024-10,Chocolate Ice-cream,Kg,0.0,0.0,0.0,0.0,0.4,140.0,-0.4,-140.0
2024-10,bio cup,Nos,0.0,0.0,0.0,0.0,150.0,150.0,-150.0,-150.0
2024-10,colby cheese 1 kg,Kg,0.0,0.0,0.0,0.0,0.3,190.34,-0.3,-190.34
2024-10,Chicken Kheema  Masala,Kg,0.0,0.0,0.0,0.0,0.3,195.3,-0.3,-195.3
2024-10,Mustard Oil,Nos,0.0,0.0,0.0,0.0,1.2,201.6,-1.2,-201.6
2024-10,BASIL,Kg,0.0,0.0,0.0,0.0,0.4,272.0,-0.4,-272.0
2024-10,Palm Oil - Refined Oil,Pkt,3.0,337.5,10.0,1250.0,15.0,1875.0,-2.0,-287.5
2024-10,Pizza sauce premix,Kg,3.0,975.0,3.0,975.0,7.1,2307.5,-1.0999999999999996,-357.5
2024-10,Berry Fresh Tender Coconut Pulp 2kg,Tin,0.0,0.0,0.0,0.0,1.0,370.0,-1.0,-370.0
2024-10,makhni gravy,Pkt,2.0,420.0,0.0,0.0,4.0,840.0,-2.0,-420.0
2024-10,dynamic cheddar block,Kg,0.2,118.3,0.0,0.0,1.0,591.5,-0.8,-473.2
2024-10,Berry Fresh Chicku Pulp 2kg,Tin,0.0,0.0,0.0,0.0,1.7,476.0,-1.7,-476.0
2024-10,chilly garlic spread,Pkt,0.0,0.0,0.0,0.0,3.0,486.0,-3.0,-486.0
2024-10,DVC Strawberry Syrup 750 ml,Nos,1.0,507.4,0.0,0.0,2.0,1014.8,-1.0,-507.4
2024-10,French Fries 6mm-Hungritos,Kg,0.0,0.0,0.0,0.0,4.0,517.44,-4.0,-517.44
2024-10,nuggets sumeru,Pkt,1.0,313.0,0.0,0.0,2.7,845.1,-1.7000000000000002,-532.1
2024-10,wodden spoon,Nos,0.0,0.0,0.0,0.0,900.0,585.0,-900.0,-585.0
2024-10,chilly flakes sachet,Nos,310.0,161.2,0.0,0.0,1600.0,832.0,-1290.0,-670.8
2024-10,Tripod,Nos,0.0,0.0,500.0,675.0,1000.0,1350.0,-500.0,-675.0
2024-10,bio cover,Kg,0.0,0.0,0.0,0.0,4.3,774.0,-4.3,-774.0
2024-10,KOT Printing Rolls,Nos,13.0,702.0,0.0,0.0,30.0,1620.0,-17.0,-918.0
2024-10,Malas Chocolate Sauce 5 ltr,Nos,0.0,0.0,0.0,0.0,1.0,1060.0,-1.0,-1060.0
2024-10,chicken pepperoni,Kg,1.0,865.0,0.0,0.0,2.3,1989.5,-1.2999999999999998,-1124.5
2024-10,Tandoori Tikka Marinade 500Grm,Pkt,0.0,0.0,0.0,0.0,2.0,1150.0,-2.0,-1150.0
2024-10,Veeba Tandoori Spread-1kg,Pkt,2.0,434.0,0.0,0.0,8.0,1736.0,-6.0,-1302.0
2024-10,Chettinad Mix,Kg,0.2,130.2,0.4,260.4,3.1,2018.1,-2.9,-1627.5
2024-10,BBQ Mix Masala,Pkt,0.0,0.0,0.0,0.0,6.0,2790.0,-6.0,-2790.0
2024-10,butter,Pkt,0.0,0.0,0.0,0.0,8.0,3040.0,-8.0,-3040.0
2024-11,dynamic diced mozerella,Kg,21.0,8925.0,96.0,39684.96,25.0,10333.25,92.0,38276.71
2024-11,bonless chicken,Kg,4.0,1175.76,74.0,19440.0,4.0,1087.0,74.0,19528.76
2024-11,grocery,Nos,0.0,0.0,83.0,18354.04,0.0,0.0,83.0,18354.04
2024-11,Gas-LPG-HPCL,Nos,2.0,3560.0,8.0,14720.0,2.0,3680.0,8.0,14600.0
2024-11,vegetables,Nos,3.0,593.58,116.0,12093.05,3.0,690.99,116.0,11995.64
2024-11,Maida yamuna,Kg,0.0,0.0,130.0,5720.0,0.0,0.0,130.0,5720.0
2024-11,french fry hungritos 2.5kg,Kg,0.0,0.0,50.0,6272.0,7.5,940.8,42.5,5331.2
2024-11,pepsi 600 ml,Nos,27.0,928.26,168.0,5775.84,40.0,1375.2,155.0,5328.900000000001
2024-11,Pizza Premix,Kg,16.0,3840.0,12.0,2880.0,8.0,1920.0,20.0,4800.0
2024-11,veeba pizza pasta sauce,Pkt,0.0,0.0,24.0,4632.24,0.0,0.0,24.0,4632.24
2024-11,Maida 50 kg,Kg,0.0,0.0,100.0,4520.0,0.0,0.0,100.0,4520.0
2024-11,Medium Pizza Box,Nos,521.0,5210.0,400.0,4000.0,492.0,4920.0,429.0,4290.0
2024-11,Regular Pizza Box,Nos,925.0,7862.5,500.0,4250.0,974.0,8279.0,451.0,3833.5
2024-11,oil,Pkt,0.0,0.0,30.0,4035.0,3.0,409.5,27.0,3625.5
2024-11,chicken pepperoni,Kg,2.3,1989.5,2.0,1730.0,0.4,346.0,3.9,3373.5
2024-11,Vanilla Ice-cream 4ltr,Nos,1.7,924.8,4.0,2176.0,0.0,0.0,5.7,3100.8
2024-11,butter,Pkt,8.0,3040.0,0.0,0.0,0.0,0.0,8.0,3040.0
2024-11,mc cain french fry,Kg,0.0,0.0,30.0,3002.1,0.0,0.0,30.0,3002.1
2024-11,mexican mix,Kg,8.7,3610.5,1.0,415.0,3.0,1245.0,6.699999999999999,2780.5
2024-11,eng veg,Nos,0.0,0.0,19.0,3179.0,3.0,444.6,16.0,2734.4
2024-11,7up 250ml Pet,Nos,49.0,857.5,90.0,1575.0,0.0,0.0,139.0,2432.5
2024-11,7up 600ml,Nos,22.0,756.36,96.0,3300.48,52.0,1787.76,66.0,2269.08
2024-11,hybrid tomato,Kg,10.0,700.0,30.0,1436.0,0.0,0.0,40.0,2136.0
2024-11,Chettinad Mix,Kg,3.1,2018.1,0.0,0.0,0.0,0.0,3.1,2018.1
2024-11,Pizza sauce premix,Kg,7.1,2307.5,2.0,650.0,2.9,942.5,6.199999999999999,2015.0
2024-11,Large Pizza Box,Nos,377.0,5598.45,200.0,2970.0,446.0,6623.1,131.0,1945.3500000000004
2024-11,Palm Oil - Refined Oil,Pkt,15.0,1875.0,0.0,0.0,0.0,0.0,15.0,1875.0
2024-11,Pepsi 250ml Pet,Nos,48.0,840.0,120.0,2100.0,63.0,1102.5,105.0,1837.5
2024-11,milk 26,Nos,6.0,156.0,62.0,1612.0,0.0,0.0,68.0,1768.0
2024-11,Veeba Tandoori Spread-1kg,Pkt,8.0,1736.0,5.0,1160.0,5.0,1160.0,8.0,1736.0
2024-11,Frozen Sweet Corn-Pal Fresh,Pkt,9.0,558.0,16.0,1122.0,0.0,0.0,25.0,1680.0
2024-11,Processed cheese block,Pkt,1.0,550.0,2.0,1100.0,0.0,0.0,3.0,1650.0
2024-11,HABIT JALAPENO SLICES 2.9 KG,Tin,3.5,1038.34,4.0,1155.34,2.0,562.0,5.5,1631.6799999999998
2024-11,Veeba Ketchup Sachet,Nos,1563.0,1328.55,2400.0,2040.0,2140.0,1819.0,1823.0,1549.5500000000002
2024-11,Veeba Eggless Mayonise Chef 1KG,Pkt,11.0,1540.0,0.0,0.0,0.0,0.0,11.0,1540.0
2024-11,nuggets sumeru,Pkt,2.7,845.1,2.0,626.0,0.0,0.0,4.7,1471.1
2024-11,black olive slice Habit,Tin,0.0,0.0,4.0,2723.84,2.0,1421.28,2.0,1302.5600000000002
2024-11,Pasta Container Black,Nos,166.0,1485.7,235.0,2103.25,260.0,2327.0,141.0,1261.9499999999998
2024-11,Richs versatie cream,Pkt,10.0,2007.7,6.0,1204.62,10.0,2007.7,6.0,1204.6199999999997
2024-11,red paprika habit,Tin,2.0,796.0,4.0,1611.48,3.0,1216.5,3.0,1190.98
2024-11,sumeru chicken pop corn,Pkt,1.8,563.4,2.0,626.0,0.0,0.0,3.8,1189.4
2024-11,Tandoori Tikka Marinade 500Grm,Pkt,2.0,1150.0,0.0,0.0,0.0,0.0,2.0,1150.0
2024-11,Veeba Gouda Flavoured Dressing,Pkt,18.0,3259.26,0.0,0.0,12.0,2172.84,6.0,1086.42
2024-11,Malas Chocolate Sauce 5 ltr,Nos,1.0,1060.0,0.0,0.0,0.0,0.0,1.0,1060.0
2024-11,Processed cheese block,Kg,0.0,0.0,2.0,1058.4,0.0,0.0,2.0,1058.4
2024-11,DVC Strawberry Syrup 750 ml,Nos,2.0,1014.8,0.0,0.0,0.0,0.0,2.0,1014.8
2024-11,Oregano Sprinkler 500g,Pkt,2.57,834.74,1.0,324.8,0.45,146.16,3.1199999999999997,1013.38
2024-11,OREGANO SACHET 0.8GM,Nos,300.0,168.0,1850.0,1063.0,530.0,265.0,1620.0,966.0
2024-11,BBQ Mix Masala,Pkt,6.0,2790.0,0.0,0.0,4.0,1860.0,2.0,930.0
2024-11,staff rice 26kg,Kg,20.0,920.0,0.0,0.0,0.0,0.0,20.0,920.0
2024-11,Pepsi 1250ml Pet,Nos,15.0,904.5,0.0,0.0,0.0,0.0,15.0,904.5
2024-11,Slice Mango 600ml pet,Nos,21.0,757.89,24.0,866.16,20.0,721.8,25.0,902.25
2024-11, dry yeast 500 gm,Pkt,5.0,870.0,10.0,1740.0,10.0,1740.0,5.0,870.0
2024-11,Chocolate Ice-cream 4ltr,Nos,0.0,0.0,1.0,816.0,0.0,0.0,1.0,816.0
2024-11,DVC MOJITO MINT 750ML,Nos,4.3,2181.82,0.0,0.0,2.7,1369.98,1.5999999999999996,811.8400000000001
2024-11,garlic,Kg,0.0,0.0,2.0,780.0,0.0,0.0,2.0,780.0
2024-11,bio cover,Kg,4.3,774.0,0.0,0.0,0.0,0.0,4.3,774.0
2024-11,Brownie,Kg,5.0,1925.0,5.0,1925.0,8.0,3080.0,2.0,770.0
2024-11,Mini Burger Box,Nos,30.0,90.0,400.0,1200.0,175.0,525.0,255.0,765.0
2024-11,Lehar Soda,Nos,34.0,559.64,48.0,790.08,40.0,658.4,42.0,691.32
2024-11,French Fries Box,Nos,225.0,1203.75,200.0,1070.0,300.0,1605.0,125.0,668.75
2024-11,vegetable n fruit,Nos,0.0,0.0,6.0,661.02,0.0,0.0,6.0,661.02
2024-11,chilly flakes sachet,Nos,1600.0,832.0,1550.0,848.5,1825.0,1040.25,1325.0,640.25
2024-11,staff chicken,Kg,0.0,0.0,4.95,625.99,0.0,0.0,5.0,625.99
2024-11,Puramate Pasta-Penne Rigatte 500g,Pkt,7.0,476.0,10.0,680.0,8.0,544.0,9.0,612.0
2024-11,DVC Peach GardenSyrup 750 ml,Nos,1.15,609.5,0.0,0.0,0.0,0.0,1.15,609.5
2024-11,Dew 600 ml,Nos,5.0,171.85,24.0,824.88,12.0,412.44,17.0,584.29
2024-11,wodden spoon,Nos,900.0,585.0,0.0,0.0,0.0,0.0,900.0,585.0
2024-11,bio covers,Kg,0.0,0.0,5.0,850.0,1.57,266.9,3.4299999999999997,583.1
2024-11,paneer,Kg,0.0,0.0,2.0,580.0,0.0,0.0,2.0,580.0
2024-11,Zippy Chicken Salami,Pkt,2.0,658.56,2.0,658.56,2.25,740.88,1.75,576.2399999999999
2024-11,Tropicana Guava Delight,Nos,23.0,575.92,0.0,0.0,0.0,0.0,23.0,575.92
2024-11,Herb Mix Masla,Kg,5.7,2422.5,0.0,0.0,4.4,1870.0,1.2999999999999998,552.5
2024-11,habit olive oil,Nos,3.0,1107.0,2.0,738.0,3.5,1291.5,1.5,553.5
2024-11,Dew 330 ml can,Nos,16.0,548.64,0.0,0.0,0.0,0.0,16.0,548.64
2024-11,7UP 1250ml Pet,Nos,9.0,542.7,0.0,0.0,0.0,0.0,9.0,542.7
2024-11,KOT Printing Rolls,Nos,30.0,1620.0,0.0,0.0,20.0,1080.0,10.0,540.0
2024-11,Dew 250ml Pet,Nos,14.0,245.0,30.0,525.0,14.0,245.0,30.0,525.0
2024-11,CHILLY FLAKES SACHET 0.8GM,Nos,0.0,0.0,1000.0,520.0,0.0,0.0,1000.0,520.0
2024-11,French Fries 6mm-Hungritos,Kg,4.0,517.44,0.0,0.0,0.0,0.0,4.0,517.44
2024-11,habit baby corn,Pkt,5.0,490.0,0.0,0.0,0.0,0.0,5.0,490.0
2024-11,Salad Bowl 250ml,Nos,126.0,661.5,150.0,787.5,184.0,966.0,92.0,483.0
2024-11,Berry Fresh Chicku Pulp 2kg,Tin,1.7,476.0,0.0,0.0,0.0,0.0,1.7,476.0
2024-11,Paneer,Kg,1.0,290.0,2.0,580.0,1.5,435.0,1.5,435.0
2024-11,Zippy  B.Fast Sausage ,Pkt,0.5,141.0,3.0,846.0,2.0,564.0,1.5,423.0
2024-11,makhni gravy,Pkt,4.0,840.0,0.0,0.0,2.0,420.0,2.0,420.0
2024-11,Garlic Bread Box,Nos,345.0,2587.5,0.0,0.0,295.0,2212.5,50.0,375.0
2024-11,Berry Fresh Tender Coconut Pulp 2kg,Tin,1.0,370.0,0.0,0.0,0.0,0.0,1.0,370.0
2024-11,Schezwan sauce,Pkt,0.0,0.0,4.0,728.0,2.0,364.0,2.0,364.0
2024-11,egg-6.50,Nos,10.0,65.0,50.0,325.0,10.0,65.0,50.0,325.0
2024-11,Veeba T. Ketchup 1.2KG,Nos,1.0,105.0,6.0,630.0,4.0,420.0,3.0,315.0
2024-11,pineapple,Kg,0.0,0.0,3.25,309.98,0.0,0.0,3.0,309.98
2024-11,DVC BLUE OCCEAN FLV SYRUP 750ML,Nos,2.4,1217.76,0.0,0.0,1.8,913.32,0.5999999999999999,304.43999999999994
2024-11,Paneer tikka masala,Kg,1.8,675.0,0.0,0.0,1.0,375.0,0.8,300.0
2024-11,BASIL,Kg,0.4,272.0,0.0,0.0,0.0,0.0,0.4,272.0
2024-11,DVC Green Apple 750 ML,Nos,3.3,1674.42,0.0,0.0,2.8,1420.72,0.5,253.70000000000005
2024-11,DVC Watermelon Syrup 750 ml,Nos,1.0,507.4,0.0,0.0,0.5,253.7,0.5,253.7
2024-11,Slice Mango 200ml pet,Nos,10.0,176.7,30.0,530.1,27.0,477.09,13.0,229.70999999999998
2024-11,potato wedges,Kg,1.2,223.1,7.5,1394.4,7.5,1394.4,1.6999999999999993,223.0999999999999
2024-11,egg 7,Nos,0.0,0.0,30.0,210.0,0.0,0.0,30.0,210.0
2024-11,Mustard Oil,Nos,1.2,201.6,0.0,0.0,0.0,0.0,1.2,201.6
2024-11,Chicken Kheema  Masala,Kg,0.3,195.3,0.0,0.0,0.0,0.0,0.3,195.3
2024-11,Salad Bowl 500ml,Nos,136.0,890.8,100.0,655.0,207.0,1355.85,29.0,189.95000000000005
2024-11,butter,Kg,0.0,0.0,2.0,760.0,1.5,570.0,0.5,190.0
2024-11,colby cheese 1 kg,Kg,0.3,190.34,0.0,0.0,0.0,0.0,0.3,190.34
2024-11,Veeba ThousandIsland Dressing 1KG,Pkt,4.0,750.4,0.0,0.0,3.0,562.8,1.0,187.60000000000002
2024-11,Puramate Pasta-Gomiti Rigate - macroni - 500g,Pkt,3.0,204.0,2.0,136.0,2.3,156.4,2.7,183.6
2024-11,dynamic cheddar block,Kg,1.0,591.5,0.0,0.0,0.7,414.05,0.30000000000000004,177.45
2024-11,Mayonise premium,Pkt,1.0,168.0,0.0,0.0,0.0,0.0,1.0,168.0
2024-11,chilly flakes 500gm,Pkt,0.0,0.0,2.0,300.0,0.9,135.0,1.1,165.0
2024-11,Piri Piri Marinade 1KG,Pkt,1.15,537.61,0.0,0.0,0.8,373.99,0.34999999999999987,163.62
2024-11,chilly garlic spread,Pkt,3.0,486.0,0.0,0.0,2.0,324.0,1.0,162.0
2024-11,bio cup,Nos,150.0,150.0,0.0,0.0,0.0,0.0,150.0,150.0
2024-11,malas butterscotch crush,Nos,1.0,143.0,0.0,0.0,0.0,0.0,1.0,143.0
2024-11,Aqua Fina Mineral Water 1Ltr,Nos,9.0,126.0,12.0,168.0,11.0,154.0,10.0,140.0
2024-11,Honey,Kg,0.7,170.8,0.0,0.0,0.2,48.8,0.49999999999999994,122.00000000000001
2024-11,straw,Pkt,2.0,80.0,2.0,80.0,1.0,40.0,3.0,120.0
2024-11,Green Peas,Pkt,1.0,165.0,0.0,0.0,0.3,49.5,0.7,115.5
2024-11,Pineapple slice-Tajir Habit-850g,Nos,4.0,441.0,0.0,0.0,3.0,330.75,1.0,110.25
2024-11,ice cube,Pkt,2.0,90.0,0.0,0.0,0.0,0.0,2.0,90.0
2024-11,DVC Mixed Berry Beverage Blend Syrup 750 ml,Nos,1.7,1407.6,0.0,0.0,1.6,1324.8,0.09999999999999987,82.79999999999995
2024-11,ice cube/80,Pkt,0.0,0.0,1.0,80.0,0.0,0.0,1.0,80.0
2024-11,pepsi can 330ml,Nos,16.0,548.64,0.0,0.0,14.0,480.06,2.0,68.57999999999998
2024-11,Dip Bowl,Nos,90.0,180.0,0.0,0.0,58.0,116.0,32.0,64.0
2024-11,Strawberry-Ice cream,Nos,1.5,943.5,0.0,0.0,1.4,880.6,0.10000000000000009,62.89999999999998
2024-11,Tissue,Pkt,7.0,126.0,0.0,0.0,4.0,72.0,3.0,54.0
2024-11,7up 1 ltr,Nos,0.0,0.0,15.0,664.95,14.0,620.62,1.0,44.33000000000004
2024-11,washing powder,Kg,0.0,0.0,0.5,35.0,0.0,0.0,1.0,35.0
2024-11,Salt,Pkt,3.0,42.0,0.0,0.0,2.0,28.0,1.0,14.0
2024-11,Aromat Seasoning Powder,Pkt,0.0,0.0,1.0,172.0,1.0,172.0,0.0,0.0
2024-11,Berry Fresh Tender Coconut Pulp,Tin,0.0,0.0,4.0,1480.0,4.0,1480.0,0.0,0.0
2024-11,Chicken burger pattis,Pkt,1.0,313.0,0.0,0.0,1.0,313.0,0.0,0.0
2024-11,DVC Bubblegum Syrup Syrup 750 ml,Nos,1.4,710.36,0.0,0.0,1.4,710.36,0.0,0.0
2024-11,DVC Cucumber Syrup 750 ml,Nos,0.2,106.0,0.0,0.0,0.2,106.0,0.0,0.0
2024-11,Tripod,Nos,1000.0,1350.0,0.0,0.0,1000.0,1350.0,0.0,0.0
2024-11,Veg burger pattis,Pkt,1.0,225.12,0.0,0.0,1.0,225.12,0.0,0.0
2024-11,atta,Kg,0.0,0.0,5.0,250.0,5.0,250.0,0.0,0.0
2024-11,tropicana juice,Nos,0.0,0.0,0.0,0.0,1.0,24.68,-1.0,-24.68
2024-11,chicken masala,Pkt,0.0,0.0,0.0,0.0,0.9,45.0,-0.9,-45.0
2024-11,Corn Meal - MAKKA RAVA,Pkt,0.0,0.0,0.0,0.0,1.0,55.0,-1.0,-55.0
2024-11,Berry Fresh Chicku Pulp,Kg,0.0,0.0,0.0,0.0,0.2,56.0,-0.2,-56.0
2024-11,fish finger,Pkt,0.7,416.3,0.0,0.0,0.8,475.78,-0.10000000000000009,-59.47999999999996
2024-11,Honey mustard dressing,Pkt,0.0,0.0,0.0,0.0,0.3,63.9,-0.3,-63.9
2024-11,Chocolate Ice-cream,Kg,0.4,140.0,0.0,0.0,0.6,210.0,-0.19999999999999996,-70.0
2024-11,Butter Scotch Sauce 750ml,Nos,0.0,0.0,0.0,0.0,0.5,71.5,-0.5,-71.5
2024-11,milk,Nos,0.0,0.0,0.0,0.0,3.0,75.0,-3.0,-75.0
2024-11,sugar,Kg,0.0,0.0,0.0,0.0,2.0,90.0,-2.0,-90.0
2024-11,habit baby corn,Tin,0.0,0.0,10.0,1080.0,11.0,1188.0,-1.0,-108.0
2024-11,chicken popcorn,Pkt,0.0,0.0,0.0,0.0,2.5,125.0,-2.5,-125.0
2024-11,Paper Glass,Pkt,0.0,0.0,0.0,0.0,1.5,150.0,-1.5,-150.0
2024-11,maida,Kg,55.0,2563.0,0.0,0.0,60.0,2796.0,-5.0,-233.0
2024-11,red dal,Kg,0.0,0.0,0.0,0.0,2.0,240.0,-2.0,-240.0
2024-11,wooden fork,Nos,0.0,0.0,0.0,0.0,300.0,255.0,-300.0,-255.0
2024-11,chicken kheema masala,Kg,0.0,0.0,0.0,0.0,0.45,292.5,-0.45,-292.5
2024-11,Moktails Glass,Nos,44.0,352.0,200.0,1600.0,281.0,2248.0,-37.0,-296.0
2024-11,Vanilla Ice-cream,Pkt,0.0,0.0,0.0,0.0,0.6,326.4,-0.6,-326.4
2024-11,Bread Premix,Kg,0.8,192.0,2.0,480.0,4.3,1032.0,-1.5,-360.0
2024-11,Sumeru Nuggets Premium 1Kg,Pkt,0.0,0.0,0.0,0.0,1.3,406.9,-1.3,-406.9
2024-11,Frozen Sweet Corn,Kg,0.0,0.0,0.0,0.0,3.5,420.0,-3.5,-420.0
2024-11,DVC Peach Garden Syrup Syrup 750 ml,Nos,0.0,0.0,0.0,0.0,0.9,439.67,-0.9,-439.67
2024-11,pepsi 1 ltr,Nos,0.0,0.0,12.0,665.04,20.0,1108.4,-8.0,-443.3600000000001
2024-11,Veeba Eggless Mayonise Chef 1KG,Kg,0.0,0.0,12.0,1800.0,15.0,2250.0,-3.0,-450.0
2024-11,bbq mix,Kg,0.0,0.0,0.0,0.0,1.0,465.0,-1.0,-465.0
2024-11,Dew 750ml Pet,Nos,0.0,0.0,0.0,0.0,13.0,503.75,-13.0,-503.75
2024-11,Butter Scotch Ice-cream,Nos,1.0,773.0,1.0,773.0,2.7,2087.1,-0.7000000000000002,-541.0999999999999
2024-11,G.Crown Mushroom Slice 800g,Tin,21.0,2100.0,34.0,3400.0,61.0,6100.0,-6.0,-600.0
2024-11,Mango Crush Sauce 750ml Malas,Nos,0.45,378.07,0.0,0.0,1.3,1092.21,-0.8500000000000001,-714.1400000000001
2024-11,DVC Strawberry Syrup Syrup 750 ml,Nos,0.0,0.0,0.0,0.0,1.7,830.48,-1.7,-830.48
2024-11,staff rice,Kg,0.0,0.0,0.0,0.0,25.0,912.5,-25.0,-912.5
2024-11,Tandoori Tikka Marinade 500Grm,Kg,0.0,0.0,0.0,0.0,0.8,920.0,-0.8,-920.0
2024-11,DVC Passion Fruit 750ML,Nos,0.0,0.0,0.0,0.0,2.2,1116.28,-2.2,-1116.28
2024-11,Milkymist Cheese BLock 1KG,Nos,0.0,0.0,0.0,0.0,2.25,1237.5,-2.25,-1237.5
2024-11,Lamp Pepperoni,Kg,2.0,1790.0,1.0,895.0,4.65,4161.75,-1.6500000000000004,-1476.75
2024-11,7up750mlpet,Nos,0.0,0.0,24.0,825.12,68.0,2337.84,-44.0,-1512.7200000000003
2024-11,Tandoori mix Masala,Kg,1.0,395.0,0.0,0.0,5.0,1975.0,-4.0,-1580.0
2024-11,Veeba Pasta & Pizza Sauce 1KG,Pkt,12.0,2204.16,0.0,0.0,24.0,4408.32,-12.0,-2204.16
2024-12,dynamic diced mozerella,Kg,25.0,10333.25,108.0,44652.6,39.7,16413.96,93.3,38571.89
2024-12,grocery,Nos,0.0,0.0,103.0,19461.98,5.0,540.3,98.0,18921.68
2024-12,bonless chicken,Kg,4.0,1087.0,71.45,18471.55,5.0,1419.75,70.0,18138.8
2024-12,Gas-LPG-HPCL,Nos,2.0,3680.0,9.0,16740.0,1.5,2790.0,9.5,17630.0
2024-12,vegetables,Nos,3.0,690.99,143.0,15381.92,5.0,335.0,141.0,15737.91
2024-12,Maida yamuna,Kg,0.0,0.0,200.0,8740.0,20.0,868.0,180.0,7872.0
2024-12,french fry hungritos 2.5kg,Kg,7.5,940.8,87.5,11305.0,49.0,6330.8,46.5,5914.999999999999
2024-12,Pizza Premix,Kg,8.0,1920.0,24.0,5760.0,12.9,3096.0,19.1,4584.0
2024-12,Veeba Pasta & Pizza Sauce 1KG,Pkt,24.0,4408.32,0.0,0.0,0.0,0.0,24.0,4408.32
2024-12,Regular Pizza Box,Nos,974.0,8279.0,500.0,4250.0,988.0,8398.0,486.0,4131.0
2024-12,G.Crown Mushroom Slice 800g,Tin,61.0,6100.0,0.0,0.0,23.0,2300.0,38.0,3800.0
2024-12,Vanilla Ice-cream 4ltr,Nos,0.0,0.0,8.0,4352.0,1.1,598.4,6.9,3753.6
2024-12,pepsi 600 ml,Nos,40.0,1375.2,96.0,3266.64,28.0,962.36,108.0,3679.48
2024-12,Medium Pizza Box,Nos,492.0,4920.0,300.0,3000.0,443.0,4430.0,349.0,3490.0
2024-12,eng veg,Nos,3.0,444.6,20.0,3366.0,4.0,740.0,19.0,3070.6
2024-12,maida,Kg,60.0,2796.0,0.0,0.0,0.0,0.0,60.0,2796.0
2024-12,Large Pizza Box,Nos,446.0,6623.1,100.0,1485.0,368.0,5464.8,178.0,2643.3
2024-12,Mojito Menta Cubano,Nos,0.0,0.0,5.0,2537.0,0.0,0.0,5.0,2537.0
2024-12,Lamp Pepperoni,Kg,4.65,4161.75,0.0,0.0,2.0,1790.0,2.6500000000000004,2371.75
2024-12,7up750mlpet,Nos,68.0,2337.84,0.0,0.0,0.0,0.0,68.0,2337.84
2024-12,Milkymist Cheese BLock 1KG,Nos,2.25,1237.5,2.0,1100.0,0.0,0.0,4.25,2337.5
2024-12,7up 600ml,Nos,52.0,1787.76,48.0,1650.24,34.0,1168.92,66.0,2269.08
2024-12,Moktails Glass,Nos,281.0,2248.0,0.0,0.0,0.0,0.0,281.0,2248.0
2024-12,Veeba Ketchup Sachet,Nos,2140.0,1819.0,3600.0,3060.0,3348.0,2845.8,2392.0,2033.1999999999998
2024-12,Pepsi 250ml Pet,Nos,63.0,1102.5,120.0,2100.0,69.0,1207.5,114.0,1995.0
2024-12,bbq mix,Kg,1.0,465.0,5.0,2325.0,1.8,837.0,4.2,1953.0
2024-12,Brownie,Kg,8.0,3080.0,0.0,0.0,3.0,1155.0,5.0,1925.0
2024-12,black olive slice Habit,Tin,2.0,1421.28,3.0,2764.5,2.5,2303.75,2.5,1882.0299999999997
2024-12,Richs versatie cream,Pkt,10.0,2007.7,6.0,1204.62,7.0,1405.39,9.0,1806.9299999999996
2024-12,mexican mix,Kg,3.0,1245.0,10.0,4150.0,8.7,3610.5,4.300000000000001,1784.5
2024-12,Sumeru Nuggets Premium 1Kg,Pkt,1.3,406.9,4.0,1252.0,0.0,0.0,5.3,1658.9
2024-12,7up 1 ltr,Nos,14.0,620.62,30.0,1330.2,8.0,354.72,36.0,1596.1000000000001
2024-12,French Fries Box,Nos,300.0,1605.0,200.0,1070.0,207.0,1107.45,293.0,1567.55
2024-12,Berry Fresh Tender Coconut Pulp,Tin,4.0,1480.0,0.0,0.0,0.0,0.0,4.0,1480.0
2024-12,bio covers,Kg,1.57,266.9,7.0,1150.0,0.0,0.0,8.57,1416.9
2024-12,DVC MOJITO MINT 750ML,Nos,2.7,1369.98,0.0,0.0,0.0,0.0,2.7,1369.98
2024-12,Tripod,Nos,1000.0,1350.0,0.0,0.0,0.0,0.0,1000.0,1350.0
2024-12,Veeba Eggless Mayonise Chef 1KG,Kg,15.0,2250.0,12.0,1800.0,18.0,2700.0,9.0,1350.0
2024-12,Berry Fresh Chicku Pulp,Kg,0.2,56.0,6.0,1120.02,0.0,0.0,6.2,1176.02
2024-12,DVC Passion Fruit 750ML,Nos,2.2,1116.28,0.0,0.0,0.0,0.0,2.2,1116.28
2024-12,Mango Crush Sauce 750ml Malas,Nos,1.3,1092.21,0.0,0.0,0.0,0.0,1.3,1092.21
2024-12,KOT Printing Rolls,Nos,20.0,1080.0,0.0,0.0,0.0,0.0,20.0,1080.0
2024-12,fish finger,Pkt,0.8,475.78,1.0,594.72,0.0,0.0,1.8,1070.5
2024-12,milky mist cheese block 500gm,Nos,0.0,0.0,4.0,1058.4,0.0,0.0,4.0,1058.4
2024-12,Paneer,Kg,1.5,435.0,4.0,1160.0,2.0,580.0,3.5,1015.0
2024-12,HABIT JALAPENO SLICES 2.9 KG,Tin,2.0,562.0,6.0,1780.8,4.5,1335.6,3.5,1007.2000000000003
2024-12,OREGANO SACHET 0.8GM,Nos,530.0,265.0,2500.0,1400.0,1180.0,660.8,1850.0,1004.2
2024-12,Veeba Gouda Flavoured Dressing,Pkt,12.0,2172.84,4.0,780.0,10.0,1950.0,6.0,1002.8400000000001
2024-12,hybrid tomato,Kg,0.0,0.0,20.0,992.0,0.0,0.0,20.0,992.0
2024-12,Lehar Soda,Nos,40.0,658.4,48.0,790.08,28.0,460.88,60.0,987.6
2024-12,Pasta Container Black,Nos,260.0,2327.0,0.0,0.0,150.0,1342.5,110.0,984.5
2024-12,butter,Kg,1.5,570.0,4.0,1520.0,3.0,1140.0,2.5,950.0
2024-12,potato wedges,Kg,7.5,1394.4,0.0,0.0,2.5,464.8,5.0,929.6000000000001
2024-12,Dew 600 ml,Nos,12.0,412.44,48.0,1649.76,33.0,1134.21,27.0,927.9899999999998
2024-12,Tandoori Tikka Marinade 500Grm,Kg,0.8,920.0,0.0,0.0,0.0,0.0,0.8,920.0
2024-12,pepsi 1 ltr,Nos,20.0,1108.4,12.0,665.04,16.0,886.72,16.0,886.72
2024-12, dry yeast 500 gm,Pkt,10.0,1740.0,0.0,0.0,5.0,870.0,5.0,870.0
2024-12,Zippy  B.Fast Sausage ,Pkt,2.0,564.0,1.0,282.0,0.0,0.0,3.0,846.0
2024-12,Chocolate Ice-cream 4ltr,Nos,0.0,0.0,3.0,2448.0,2.0,1632.0,1.0,816.0
2024-12,Puramate Pasta-Penne Rigatte 500g,Pkt,8.0,544.0,12.0,816.0,8.0,544.0,12.0,816.0
2024-12,Herb Mix Masla,Kg,4.4,1870.0,3.0,1275.0,5.5,2337.5,1.9000000000000004,807.5
2024-12,staff rice,Kg,25.0,912.5,0.0,0.0,4.0,146.0,21.0,766.5
2024-12,habit olive oil,Nos,3.5,1291.5,0.0,0.0,1.5,553.5,2.0,738.0
2024-12,Oregano Sprinkler 500g,Pkt,0.45,146.16,4.0,1299.2,2.2,714.56,2.25,730.8000000000002
2024-12,Dew 250ml Pet,Nos,14.0,245.0,60.0,1050.0,39.0,682.5,35.0,612.5
2024-12,Tropicana Guava Delight,Nos,0.0,0.0,24.0,612.24,0.0,0.0,24.0,612.24
2024-12,staff chicken,Kg,0.0,0.0,4.0,610.0,0.0,0.0,4.0,610.0
2024-12,Frozen Sweet Corn-Pal Fresh,Pkt,0.0,0.0,20.0,1500.0,12.0,900.0,8.0,600.0
2024-12,Tandoori mix Masala,Kg,5.0,1975.0,5.0,1975.0,8.5,3357.5,1.5,592.5
2024-12,Zippy Chicken Salami,Pkt,2.25,740.88,0.0,0.0,0.5,164.64,1.75,576.24
2024-12,Veeba ThousandIsland Dressing 1KG,Pkt,3.0,562.8,4.0,750.4,4.0,750.4,3.0,562.7999999999998
2024-12,vegetable n fruit,Nos,0.0,0.0,5.0,544.0,0.0,0.0,5.0,544.0
2024-12,chilly flakes sachet,Nos,1825.0,1040.25,0.0,0.0,900.0,513.0,925.0,527.25
2024-12,Mini Burger Box,Nos,175.0,525.0,0.0,0.0,0.0,0.0,175.0,525.0
2024-12,Dew 750ml Pet,Nos,13.0,503.75,0.0,0.0,0.0,0.0,13.0,503.75
2024-12,milk 26,Nos,0.0,0.0,18.0,468.0,0.0,0.0,18.0,468.0
2024-12,Veeba Tandoori Spread-1kg,Pkt,5.0,1160.0,0.0,0.0,3.0,696.0,2.0,464.0
2024-12,Garlic Bread Box,Nos,295.0,2212.5,100.0,750.0,334.0,2505.0,61.0,457.5
2024-12,paneer tikka powder,Kg,0.0,0.0,0.5,450.0,0.0,0.0,1.0,450.0
2024-12,tomato ketchup 1.2 bottle,Nos,0.0,0.0,4.0,440.0,0.0,0.0,4.0,440.0
2024-12,habit baby corn,Tin,11.0,1188.0,0.0,0.0,7.0,756.0,4.0,432.0
2024-12,Slice Mango 200ml pet,Nos,27.0,477.09,30.0,530.1,33.0,583.11,24.0,424.08000000000004
2024-12,Frozen Sweet Corn,Kg,3.5,420.0,0.0,0.0,0.0,0.0,3.5,420.0
2024-12,makhni gravy,Pkt,2.0,420.0,3.0,672.0,3.0,672.0,2.0,420.0
2024-12,Salad Bowl 250ml,Nos,184.0,966.0,0.0,0.0,106.0,556.5,78.0,409.5
2024-12,DVC BLUE OCCEAN FLV SYRUP 750ML,Nos,1.8,913.32,2.0,1014.8,3.0,1522.2,0.7999999999999998,405.91999999999985
2024-12,red paprika habit,Tin,3.0,1216.5,0.0,0.0,2.0,811.0,1.0,405.5
2024-12,burger box 5*5*4,Nos,0.0,0.0,100.0,389.0,0.0,0.0,100.0,389.0
2024-12,Aqua Fina Mineral Water 1Ltr,Nos,11.0,154.0,24.0,317.76,10.0,124.8,25.0,346.96
2024-12,Vanilla Ice-cream,Pkt,0.6,326.4,0.0,0.0,0.0,0.0,0.6,326.4
2024-12,Chicken burger pattis,Pkt,1.0,313.0,1.0,313.0,1.0,313.0,1.0,313.0
2024-12,Bread Premix,Kg,4.3,1032.0,2.0,480.0,5.0,1200.0,1.2999999999999998,312.0
2024-12,DVC Green Apple 750 ML,Nos,2.8,1420.72,0.0,0.0,2.2,1116.28,0.5999999999999996,304.44000000000005
2024-12,Puramate Pasta-Gomiti Rigate - macroni - 500g,Pkt,2.3,156.4,4.0,272.0,2.15,146.2,4.15,282.2
2024-12,Piri Piri Marinade 1KG,Pkt,0.8,373.99,1.0,467.49,1.2,560.99,0.6000000000000001,280.49
2024-12,milk 28 milma,Nos,0.0,0.0,16.0,448.0,6.0,168.0,10.0,280.0
2024-12,pepsi can 330ml,Nos,14.0,480.06,0.0,0.0,6.0,205.74,8.0,274.32
2024-12,oil,Pkt,3.0,409.5,0.0,0.0,1.0,136.5,2.0,273.0
2024-12,wooden fork,Nos,300.0,255.0,0.0,0.0,0.0,0.0,300.0,255.0
2024-12,DVC Watermelon Syrup 750 ml,Nos,0.5,253.7,1.0,507.4,1.0,507.4,0.5,253.69999999999993
2024-12,atta,Kg,5.0,250.0,0.0,0.0,0.0,0.0,5.0,250.0
2024-12,red dal,Kg,2.0,240.0,0.0,0.0,0.0,0.0,2.0,240.0
2024-12,Butter Scotch Ice-cream,Nos,2.7,2087.1,0.0,0.0,2.4,1855.2,0.30000000000000027,231.89999999999986
2024-12,Chocolate Ice-cream,Kg,0.6,210.0,0.0,0.0,0.0,0.0,0.6,210.0
2024-12,Slice Mango 600ml pet,Nos,20.0,721.8,0.0,0.0,15.0,541.35,5.0,180.44999999999993
2024-12,Tissue-Energy-Big,Pkt,0.0,0.0,10.0,180.0,0.0,0.0,10.0,180.0
2024-12,DVC Strawberry Syrup Syrup 750 ml,Nos,1.7,830.48,0.0,0.0,1.35,659.5,0.34999999999999987,170.98000000000002
2024-12,chilly garlic spread,Pkt,2.0,324.0,0.0,0.0,1.0,162.0,1.0,162.0
2024-12,Green Peas,Pkt,0.3,49.5,2.0,180.0,1.0,90.0,1.2999999999999998,139.5
2024-12,egg 7,Nos,0.0,0.0,20.0,140.0,0.0,0.0,20.0,140.0
2024-12,egg-6.50,Nos,10.0,65.0,10.0,65.0,0.0,0.0,20.0,130.0
2024-12,Strawberry-Ice cream,Nos,1.4,880.6,0.0,0.0,1.2,754.8,0.19999999999999996,125.80000000000007
2024-12,pineapple,Kg,0.0,0.0,2.2,120.01,0.0,0.0,2.0,120.01
2024-12,watermelon,Kg,0.0,0.0,3.2,120.0,0.0,0.0,3.0,120.0
2024-12,watermelon,Nos,0.0,0.0,2.0,120.0,0.0,0.0,2.0,120.0
2024-12,dynamic cheddar block,Kg,0.7,414.05,1.0,591.5,1.5,887.25,0.19999999999999996,118.29999999999995
2024-12,Paneer tikka masala,Kg,1.0,375.0,0.0,0.0,0.7,262.5,0.30000000000000004,112.5
2024-12,Pineapple slice-Tajir Habit-850g,Nos,3.0,330.75,5.0,551.25,7.0,771.75,1.0,110.25
2024-12,Veeba T. Ketchup 1.2KG,Nos,4.0,420.0,4.0,420.0,7.0,735.0,1.0,105.0
2024-12,bio cup,Nos,0.0,0.0,100.0,100.0,0.0,0.0,100.0,100.0
2024-12,sugar,Kg,2.0,90.0,0.0,0.0,0.0,0.0,2.0,90.0
2024-12,DVC Mixed Berry Beverage Blend Syrup 750 ml,Nos,1.6,1324.8,0.0,0.0,1.5,1242.0,0.10000000000000009,82.79999999999995
2024-12,milk,Nos,3.0,75.0,0.0,0.0,0.0,0.0,3.0,75.0
2024-12,Butter Scotch Sauce 750ml,Nos,0.5,71.5,0.0,0.0,0.0,0.0,0.5,71.5
2024-12,egg,Nos,0.0,0.0,10.0,70.0,0.0,0.0,10.0,70.0
2024-12,chicken popcorn,Pkt,2.5,125.0,0.0,0.0,1.2,60.0,1.3,65.0
2024-12,DVC Bubblegum Syrup Syrup 750 ml,Nos,1.4,710.36,0.0,0.0,1.3,659.62,0.09999999999999987,50.74000000000001
2024-12,Salad Bowl 500ml,Nos,207.0,1355.85,0.0,0.0,200.0,1310.0,7.0,45.84999999999991
2024-12,Veg burger pattis,Pkt,1.0,225.12,0.0,0.0,0.8,180.1,0.19999999999999996,45.02000000000001
2024-12,chicken masala,Pkt,0.9,45.0,0.0,0.0,0.0,0.0,0.9,45.0
2024-12,POTATO POPS,Kg,0.0,0.0,1.5,298.2,1.3,258.44,0.7,39.75999999999999
2024-12,Salt,Pkt,2.0,28.0,0.0,0.0,0.0,0.0,2.0,28.0
2024-12,DVC Peach Garden Syrup Syrup 750 ml,Nos,0.9,439.67,0.0,0.0,0.85,415.24,0.050000000000000044,24.430000000000007
2024-12,tropicana juice,Nos,1.0,24.68,0.0,0.0,0.0,0.0,1.0,24.68
2024-12,Aromat Seasoning Powder,Pkt,1.0,172.0,0.0,0.0,1.0,172.0,0.0,0.0
2024-12,Paper Glass,Pkt,1.5,150.0,0.0,0.0,1.5,150.0,0.0,0.0
2024-12,Schezwan sauce,Pkt,2.0,364.0,0.0,0.0,2.0,364.0,0.0,0.0
2024-12,chilly flakes 500gm,Pkt,0.9,135.0,0.0,0.0,1.0,150.0,-0.09999999999999998,-15.0
2024-12,chicken kheema masala,Kg,0.45,292.5,0.0,0.0,0.5,325.0,-0.04999999999999999,-32.5
2024-12,Honey mustard dressing,Pkt,0.3,63.9,1.0,226.0,1.5,339.0,-0.19999999999999996,-49.10000000000002
2024-12,Tissue,Pkt,4.0,72.0,0.0,0.0,7.0,126.0,-3.0,-54.0
2024-12,wodden spoon,Nos,0.0,0.0,0.0,0.0,100.0,65.0,-100.0,-65.0
2024-12,malas butterscotch crush,Nos,0.0,0.0,0.0,0.0,0.5,71.5,-0.5,-71.5
2024-12,Honey,Kg,0.2,48.8,0.0,0.0,0.5,122.0,-0.3,-73.2
2024-12,Puramate Basil 250g Pouch,Nos,0.0,0.0,0.0,0.0,0.4,78.0,-0.4,-78.0
2024-12,ice cube/80,Pkt,0.0,0.0,0.0,0.0,1.0,80.0,-1.0,-80.0
2024-12,straw,Pkt,1.0,40.0,0.0,0.0,3.0,120.0,-2.0,-80.0
2024-12,Dip Bowl,Nos,58.0,116.0,0.0,0.0,100.0,200.0,-42.0,-84.0
2024-12,Mayonise premium,Pkt,0.0,0.0,1.0,168.0,1.5,252.0,-0.5,-84.0
2024-12,Mustard Oil,Nos,0.0,0.0,0.0,0.0,0.7,117.6,-0.7,-117.6
2024-12,nuggets sumeru,Pkt,0.0,0.0,4.0,1252.0,4.5,1408.5,-0.5,-156.5
2024-12,Corn Meal - MAKKA RAVA,Pkt,1.0,55.0,0.0,0.0,4.0,220.0,-3.0,-165.0
2024-12,masoor dal,Kg,0.0,0.0,0.0,0.0,2.0,180.0,-2.0,-180.0
2024-12,Dew 250ml Can,Nos,0.0,0.0,0.0,0.0,8.0,240.0,-8.0,-240.0
2024-12,7up 250ml Pet,Nos,0.0,0.0,30.0,525.0,45.0,787.5,-15.0,-262.5
2024-12,BBQ Mix Masala,Pkt,4.0,1860.0,0.0,0.0,5.0,2325.0,-1.0,-465.0
2024-12,fruits,Nos,0.0,0.0,0.0,0.0,3.0,517.5,-3.0,-517.5
2024-12,Pizza sauce premix,Kg,2.9,942.5,2.0,650.0,6.5,2112.5,-1.5999999999999996,-520.0
2024-12,Berry Fresh Chicku Pulp,Nos,0.0,0.0,2.0,560.0,4.1,1148.0,-2.0999999999999996,-588.0
2024-12,DVC PASSION FRUIT FLV SYRUP 750ML,Nos,0.0,0.0,2.0,1014.8,3.2,1623.68,-1.2000000000000002,-608.8800000000001
2024-12,Chettinad Mix,Kg,0.0,0.0,0.4,260.4,1.5,976.5,-1.5,-716.1
2024-12,Berry Fresh Tender Coconut Pulp,Nos,0.0,0.0,2.0,740.0,4.0,1480.0,-2.0,-740.0
2024-12,DVC Mango Beverage Blend Syrup 750 ml,Nos,0.0,0.0,0.0,0.0,1.0,764.64,-1.0,-764.64
2024-12,Malas Chocolate Sauce 5 ltr,Nos,0.0,0.0,0.0,0.0,0.8,848.0,-0.8,-848.0
2024-12,DVC Cucumber Syrup 750 ml,Nos,0.2,106.0,0.0,0.0,2.2,1166.0,-2.0,-1060.0
2024-12,Tandoori Tikka Marinade 500Grm,Pkt,0.0,0.0,0.0,0.0,2.0,1150.0,-2.0,-1150.0
2024-12,chicken pepperoni,Kg,0.4,346.0,0.0,0.0,2.0,1730.0,-1.6,-1384.0
2024-12,veeba pizza pasta sauce,Pkt,0.0,0.0,12.0,2316.12,22.0,4246.22,-10.0,-1930.1000000000004
2024-12,mocktail glass,Nos,0.0,0.0,0.0,0.0,250.0,2000.0,-250.0,-2000.0
2024-12,DVC Mint Flavoured Syrup 750 ml,Nos,0.0,0.0,0.0,0.0,5.7,2784.45,-5.7,-2784.45
2025-01,grocery,Nos,5.0,540.3,100.0,29200.34,0.0,0.0,105.0,29740.64
2025-01,dynamic diced mozerella,Kg,39.7,16413.96,48.0,19845.6,19.5,8062.28,68.2,28197.28
2025-01,Gas-LPG-HPCL,Nos,1.5,2790.0,9.0,16614.0,1.5,2769.0,9.0,16635.0
2025-01,bonless chicken,Kg,5.0,1419.75,46.25,13275.28,4.0,1136.0,47.0,13559.03
2025-01,vegetables,Nos,5.0,335.0,114.0,8038.08,0.0,0.0,119.0,8373.08
2025-01,G.Crown Mushroom Slice 800g,Tin,23.0,2300.0,45.0,4545.0,21.0,2121.0,47.0,4724.0
2025-01,Pizza Premix,Kg,12.9,3096.0,20.0,5040.0,14.0,3528.0,18.9,4608.0
2025-01,veeba pizza pasta sauce,Pkt,22.0,4246.22,10.0,1930.1,10.0,1930.1,22.0,4246.219999999999
2025-01,Maida yamuna,Kg,20.0,868.0,200.0,8880.0,125.0,5525.0,95.0,4223.0
2025-01,french fry hungritos 2.5kg,Kg,49.0,6330.8,0.0,0.0,16.5,2131.8,32.5,4199.0
2025-01,Vanilla Ice-cream 4ltr,Nos,1.1,598.4,6.0,3264.0,0.0,0.0,7.1,3862.4
2025-01,black olive slice Habit,Tin,2.5,2303.75,4.0,3104.64,2.0,1552.32,4.5,3856.0699999999997
2025-01,Regular Pizza Box,Nos,988.0,8398.0,0.0,0.0,537.0,4564.5,451.0,3833.5
2025-01,DVC Mint Flavoured Syrup 750 ml,Nos,5.7,2784.45,2.0,1014.8,0.0,0.0,7.7,3799.25
2025-01,Veeba Ketchup Sachet,Nos,3348.0,2845.8,3800.0,3230.0,2750.0,2337.5,4398.0,3738.3
2025-01,Veeba Gouda Flavoured Dressing,Pkt,10.0,1950.0,22.0,4312.0,15.0,2940.0,17.0,3322.0
2025-01,HABIT JALAPENO SLICES 2.9 KG,Tin,4.5,1335.6,12.5,3710.0,6.5,1929.2,11.0,3116.4000000000005
2025-01,eng veg,Nos,4.0,740.0,13.0,2275.0,0.0,0.0,17.0,3015.0
2025-01,Boneless Chicken,Kg,0.0,0.0,9.9,2825.98,0.0,0.0,10.0,2825.98
2025-01,Veeba Eggless Mayonise Chef 1KG,Kg,18.0,2700.0,11.0,1650.0,11.0,1650.0,18.0,2700.0
2025-01,Richs versatie cream,Pkt,7.0,1405.39,11.0,2208.47,5.0,1003.85,13.0,2610.0099999999998
2025-01,Medium Pizza Box,Nos,443.0,4430.0,0.0,0.0,218.0,2180.0,225.0,2250.0
2025-01,Malas Chocolate Sauce 5 ltr,Nos,0.8,848.0,2.0,2120.0,1.0,1060.0,1.7999999999999998,1908.0
2025-01,BBQ Mix Masala,Pkt,5.0,2325.0,0.0,0.0,1.0,465.0,4.0,1860.0
2025-01,pepsi 600 ml,Nos,28.0,962.36,48.0,1649.76,25.0,859.25,51.0,1752.87
2025-01,Pepsi 250ml Pet,Nos,69.0,1207.5,60.0,1050.0,29.0,507.5,100.0,1750.0
2025-01,butter,Kg,3.0,1140.0,4.0,1520.0,2.5,950.0,4.5,1710.0
2025-01,mexican mix,Kg,8.7,3610.5,3.0,1305.0,7.5,3262.5,4.199999999999999,1653.0
2025-01,Chocolate Ice-cream 4ltr,Nos,2.0,1632.0,0.0,0.0,0.0,0.0,2.0,1632.0
2025-01,DVC PASSION FRUIT FLV SYRUP 750ML,Nos,3.2,1623.68,0.0,0.0,0.0,0.0,3.2,1623.68
2025-01,French Fries 6mm-Hungritos,Kg,0.0,0.0,12.5,1617.0,0.0,0.0,13.0,1617.0
2025-01,red paprika habit,Tin,2.0,811.0,5.0,2012.4,3.0,1207.44,4.0,1615.96
2025-01,OREGANO SACHET 0.8GM,Nos,1180.0,660.8,3000.0,2190.0,1710.0,1248.3,2470.0,1602.5000000000002
2025-01,pepsi 1 ltr,Nos,16.0,886.72,15.0,665.1,0.0,0.0,31.0,1551.8200000000002
2025-01,7up 600ml,Nos,34.0,1168.92,48.0,1650.24,37.0,1272.06,45.0,1547.1
2025-01,Oregano Sprinkler 500g,Pkt,2.2,714.56,4.0,1299.2,2.0,649.6,4.2,1364.1599999999999
2025-01,7up 250ml Pet,Nos,45.0,787.5,30.0,525.0,4.0,70.0,71.0,1242.5
2025-01,garlic,Kg,0.0,0.0,4.0,1160.0,0.0,0.0,4.0,1160.0
2025-01,Brownie,Kg,3.0,1155.0,4.0,1616.0,4.0,1616.0,3.0,1155.0
2025-01,Tandoori Tikka Marinade 500Grm,Pkt,2.0,1150.0,0.0,0.0,0.0,0.0,2.0,1150.0
2025-01,Frozen Sweet Corn-Pal Fresh,Pkt,12.0,900.0,10.0,750.0,8.0,600.0,14.0,1050.0
2025-01,Pasta Container Black,Nos,150.0,1342.5,50.0,447.5,86.0,769.7,114.0,1020.3
2025-01,Puramate Pasta-Penne Rigatte 500g,Nos,0.0,0.0,27.0,1877.85,13.0,904.15,14.0,973.6999999999999
2025-01,Large Pizza Box,Nos,368.0,5464.8,0.0,0.0,306.0,4544.1,62.0,920.6999999999998
2025-01,Lehar Soda,Nos,28.0,460.88,48.0,790.08,21.0,345.66,55.0,905.3
2025-01,Chicken burger pattis,Pkt,1.0,313.0,2.0,578.0,0.0,0.0,3.0,891.0
2025-01, dry yeast 500 gm,Pkt,5.0,870.0,9.2,1600.8,9.2,1600.8,4.800000000000001,870.0000000000002
2025-01,canvill button mushroom,Tin,0.0,0.0,6.0,858.0,0.0,0.0,6.0,858.0
2025-01,7up 1 ltr,Nos,8.0,354.72,15.0,665.1,4.0,177.36,19.0,842.46
2025-01,mocktail glass,Nos,250.0,2000.0,0.0,0.0,150.0,1200.0,100.0,800.0
2025-01,Dew 600 ml,Nos,33.0,1134.21,0.0,0.0,10.0,343.7,23.0,790.51
2025-01,nuggets sumeru,Pkt,4.5,1408.5,0.0,0.0,2.0,626.0,2.5,782.5
2025-01,Pineapple slice-Tajir Habit-850g,Nos,7.0,771.75,7.0,771.75,7.0,771.75,7.0,771.75
2025-01,habit baby corn,Tin,7.0,756.0,3.0,324.0,3.0,324.0,7.0,756.0
2025-01,Veeba ThousandIsland Dressing 1KG,Pkt,4.0,750.4,5.0,938.0,5.0,938.0,4.0,750.4000000000001
2025-01,potato wedges,Kg,2.5,464.8,5.0,929.6,3.6,669.31,3.9,725.0900000000001
2025-01,Veeba Tandoori Spread-1kg,Pkt,3.0,696.0,2.0,464.0,2.0,464.0,3.0,696.0
2025-01,makhni gravy,Pkt,3.0,672.0,0.0,0.0,0.0,0.0,3.0,672.0
2025-01,oil,Nos,0.0,0.0,10.0,1335.0,5.0,667.5,5.0,667.5
2025-01,chicken kheema masala,Kg,0.5,325.0,1.0,650.0,0.5,325.0,1.0,650.0
2025-01,tomato hibreed,Kg,0.0,0.0,20.0,640.0,0.0,0.0,20.0,640.0
2025-01,Salad Bowl 500ml,Nos,200.0,1310.0,0.0,0.0,104.0,681.2,96.0,628.8
2025-01,staff chicken,Kg,0.0,0.0,4.0,600.0,0.0,0.0,4.0,600.0
2025-01,dynamic cheddar block,Kg,1.5,887.25,0.0,0.0,0.5,295.75,1.0,591.5
2025-01,Berry Fresh Chicku Pulp,Nos,4.1,1148.0,0.0,0.0,2.0,560.0,2.0999999999999996,588.0
2025-01,paneer,Kg,0.0,0.0,2.0,580.0,0.0,0.0,2.0,580.0
2025-01,Honey mustard dressing,Pkt,1.5,339.0,2.0,452.0,1.0,226.0,2.5,565.0
2025-01,Slice Mango 200ml pet,Nos,33.0,583.11,0.0,0.0,1.0,17.67,32.0,565.44
2025-01,Piri Piri Marinade 1KG,Pkt,1.2,560.99,0.8,373.99,0.8,373.99,1.4000000000000001,560.99
2025-01,habit olive oil,Nos,1.5,553.5,4.0,1476.0,4.0,1476.0,1.5,553.5
2025-01,Puramate Pasta-Penne Rigatte 500g,Pkt,8.0,544.0,0.0,0.0,0.0,0.0,8.0,544.0
2025-01,Veeba T. Ketchup 1.2KG,Nos,7.0,735.0,0.0,0.0,2.0,210.0,5.0,525.0
2025-01,fruits,Nos,3.0,517.5,0.0,0.0,0.0,0.0,3.0,517.5
2025-01,Tandoori mix Masala,Kg,8.5,3357.5,0.0,0.0,7.2,2844.0,1.2999999999999998,513.5
2025-01,chilly flakes sachet,Nos,900.0,513.0,1500.0,780.0,1500.0,780.0,900.0,513.0
2025-01,chilly garlic spread,Pkt,1.0,162.0,2.0,340.0,0.0,0.0,3.0,502.0
2025-01,Zippy Chicken Salami,Pkt,0.5,164.64,3.0,987.84,2.0,658.56,1.5,493.9200000000001
2025-01,slice cheese,Nos,0.0,0.0,30.0,459.9,0.0,0.0,30.0,459.9
2025-01,milk 28 milma,Nos,6.0,168.0,10.0,280.0,0.0,0.0,16.0,448.0
2025-01,Aqua Fina Mineral Water 1Ltr,Nos,10.0,124.8,24.0,317.76,0.0,0.0,34.0,442.56
2025-01,Garlic Bread Box,Nos,334.0,2505.0,0.0,0.0,276.0,2070.0,58.0,435.0
2025-01,Puramate Pasta-Gomiti Rigate - macroni - 500g,Pkt,2.15,146.2,8.0,556.4,4.0,278.2,6.15,424.3999999999999
2025-01,Veg burger pattis,Pkt,0.8,180.1,1.0,240.0,0.0,0.0,1.8,420.1
2025-01,DVC Strawberry Syrup Syrup 750 ml,Nos,1.35,659.5,0.0,0.0,0.5,244.26,0.8500000000000001,415.24
2025-01,DVC Peach Garden Syrup Syrup 750 ml,Nos,0.85,415.24,0.0,0.0,0.0,0.0,0.85,415.24
2025-01,Dew 250ml Pet,Nos,39.0,682.5,0.0,0.0,16.0,280.0,23.0,402.5
2025-01,Schezwan sauce,Pkt,2.0,364.0,2.0,364.0,2.0,364.0,2.0,364.0
2025-01,milk 26,Nos,0.0,0.0,14.0,364.0,0.0,0.0,14.0,364.0
2025-01,Chettinad Mix,Kg,1.5,976.5,0.0,0.0,0.95,618.45,0.55,358.04999999999995
2025-01,DVC BLUE OCCEAN FLV SYRUP 750ML,Nos,3.0,1522.2,0.0,0.0,2.3,1167.02,0.7000000000000002,355.18000000000006
2025-01,Chicken burger pattis,Kg,0.0,0.0,1.0,313.0,0.0,0.0,1.0,313.0
2025-01,Paneer,Kg,2.0,580.0,1.0,290.0,2.0,580.0,1.0,290.0
2025-01,Aromat Seasoning Powder,Pkt,1.0,172.0,2.0,344.0,1.5,258.0,1.5,258.0
2025-01,DVC Green Apple 750 ML,Nos,2.2,1116.28,1.0,507.4,2.7,1369.98,0.5,253.69999999999982
2025-01,Mayonise premium,Pkt,1.5,252.0,0.0,0.0,0.0,0.0,1.5,252.0
2025-01,Bread Premix,Kg,5.0,1200.0,0.0,0.0,4.0,960.0,1.0,240.0
2025-01,Dew 250ml Can,Nos,8.0,240.0,0.0,0.0,0.0,0.0,8.0,240.0
2025-01,Mini Burger Box,Nos,0.0,0.0,200.0,600.0,122.0,366.0,78.0,234.0
2025-01,red dal,Kg,0.0,0.0,2.0,220.0,0.0,0.0,2.0,220.0
2025-01,Slice Mango 600ml pet,Nos,15.0,541.35,0.0,0.0,9.0,324.81,6.0,216.54000000000002
2025-01,Salad Bowl 250ml,Nos,106.0,556.5,0.0,0.0,66.0,346.5,40.0,210.0
2025-01,Paneer tikka masala,Kg,0.7,262.5,0.0,0.0,0.15,56.25,0.5499999999999999,206.25
2025-01,pepsi can 330ml,Nos,6.0,205.74,0.0,0.0,0.0,0.0,6.0,205.74
2025-01,Berry Fresh Tender Coconut Pulp,Nos,4.0,1480.0,0.0,0.0,3.5,1295.0,0.5,185.0
2025-01,chicken pepperoni,Kg,2.0,1730.0,0.0,0.0,1.8,1557.0,0.19999999999999996,173.0
2025-01,burger buns,Nos,0.0,0.0,20.0,160.0,0.0,0.0,20.0,160.0
2025-01,ice cube/80,Pkt,1.0,80.0,2.0,160.0,1.0,80.0,2.0,160.0
2025-01,Butter Scotch Ice-cream,Nos,2.4,1855.2,0.0,0.0,2.2,1700.6,0.19999999999999973,154.60000000000014
2025-01,Paper Glass,Pkt,1.5,150.0,0.0,0.0,0.0,0.0,1.5,150.0
2025-01,chilly flakes 500gm,Pkt,1.0,150.0,0.0,0.0,0.0,0.0,1.0,150.0
2025-01,egg 7,Nos,0.0,0.0,30.0,210.0,9.0,63.0,21.0,147.0
2025-01,staff rice,Kg,4.0,146.0,0.0,0.0,0.0,0.0,4.0,146.0
2025-01,water melon,Kg,0.0,0.0,2.34,140.4,0.0,0.0,2.0,140.4
2025-01,oil,Pkt,1.0,136.5,0.0,0.0,0.0,0.0,1.0,136.5
2025-01,Honey,Kg,0.5,122.0,1.0,244.0,1.0,244.0,0.5,122.0
2025-01,pineapple,Kg,0.0,0.0,1.5,120.0,0.0,0.0,2.0,120.0
2025-01,straw,Pkt,3.0,120.0,0.0,0.0,0.0,0.0,3.0,120.0
2025-01,Mustard Oil,Nos,0.7,117.6,0.0,0.0,0.0,0.0,0.7,117.6
2025-01,Corn Meal - MAKKA RAVA,Pkt,4.0,220.0,0.0,0.0,2.0,110.0,2.0,110.0
2025-01,butter paper,Nos,0.0,0.0,15.0,105.0,0.0,0.0,15.0,105.0
2025-01,DVC Bubblegum Syrup Syrup 750 ml,Nos,1.3,659.62,0.0,0.0,1.1,558.14,0.19999999999999996,101.48000000000002
2025-01,DVC Watermelon Syrup 750 ml,Nos,1.0,507.4,0.0,0.0,0.8,405.92,0.19999999999999996,101.47999999999996
2025-01,DVC Mixed Berry Beverage Blend Syrup 750 ml,Nos,1.5,1242.0,0.0,0.0,1.4,1159.2,0.10000000000000009,82.79999999999995
2025-01,Catering Cap,Pkt,0.0,0.0,1.0,80.0,0.0,0.0,1.0,80.0
2025-01,Puramate Basil 250g Pouch,Nos,0.4,78.0,0.0,0.0,0.0,0.0,0.4,78.0
2025-01,malas butterscotch crush,Nos,0.5,71.5,0.0,0.0,0.0,0.0,0.5,71.5
2025-01,chicken popcorn,Pkt,1.2,60.0,0.0,0.0,0.0,0.0,1.2,60.0
2025-01,egg 6,Nos,0.0,0.0,10.0,60.0,0.0,0.0,10.0,60.0
2025-01,DVC Cucumber Syrup 750 ml,Nos,2.2,1166.0,0.0,0.0,2.1,1113.0,0.10000000000000009,53.0
2025-01,Green Peas,Pkt,1.0,90.0,0.0,0.0,0.5,45.0,0.5,45.0
2025-01,Tissue,Pkt,7.0,126.0,0.0,0.0,5.0,90.0,2.0,36.0
2025-01,POTATO POPS,Kg,1.3,258.44,0.0,0.0,1.2,238.56,0.10000000000000009,19.879999999999995
2025-01,DVC Mango Beverage Blend Syrup 750 ml,Nos,1.0,764.64,0.0,0.0,1.0,764.64,0.0,0.0
2025-01,Lamp Pepperoni,Kg,2.0,1790.0,0.0,0.0,2.0,1790.0,0.0,0.0
2025-01,Processed cheese block,Kg,0.0,0.0,2.0,1058.4,2.0,1058.4,0.0,0.0
2025-01,Strawberry-Ice cream,Nos,1.2,754.8,0.0,0.0,1.2,754.8,0.0,0.0
2025-01,chilli garlic spread,Pkt,0.0,0.0,3.0,510.0,3.0,510.0,0.0,0.0
2025-01,masoor dal,Kg,2.0,180.0,0.0,0.0,2.0,180.0,0.0,0.0
2025-01,sugar,Kg,0.0,0.0,2.0,84.0,2.0,84.0,0.0,0.0
2025-01,wodden spoon,Nos,100.0,65.0,0.0,0.0,100.0,65.0,0.0,0.0
2025-01,Paper Straw Big,Pkt,0.0,0.0,0.0,0.0,0.5,22.5,-0.5,-22.5
2025-01,Salt,Pkt,0.0,0.0,0.0,0.0,2.0,28.0,-2.0,-28.0
2025-01,Dip Bowl,Nos,100.0,200.0,0.0,0.0,117.0,234.0,-17.0,-34.0
2025-01,Dew 330 ml can,Nos,0.0,0.0,0.0,0.0,2.0,68.58,-2.0,-68.58
2025-01,Paper Straw Small,Pkt,0.0,0.0,0.0,0.0,2.0,70.0,-2.0,-70.0
2025-01,French Fries Box,Nos,207.0,1107.45,0.0,0.0,225.0,1203.75,-18.0,-96.29999999999995
2025-01,CHILLY FLAKES SACHET 0.8GM,Nos,0.0,0.0,0.0,0.0,190.0,98.8,-190.0,-98.8
2025-01,Zippy  B.Fast Sausage ,Pkt,0.0,0.0,1.0,282.0,1.5,423.0,-0.5,-141.0
2025-01,Strawberry sause 750,Nos,0.0,0.0,0.0,0.0,1.0,143.0,-1.0,-143.0
2025-01,Veg burger pattis,Kg,0.0,0.0,1.2,240.0,2.0,400.0,-1.0,-160.0
2025-01,bio cup,Nos,0.0,0.0,0.0,0.0,250.0,250.0,-250.0,-250.0
2025-01,Pizza sauce premix,Kg,6.5,2112.5,0.0,0.0,7.3,2372.5,-0.7999999999999998,-260.0
2025-01,BASIL,Kg,0.0,0.0,0.0,0.0,0.4,272.0,-0.4,-272.0
2025-01,wooden fork,Nos,0.0,0.0,0.0,0.0,350.0,297.5,-350.0,-297.5
2025-01,Moktails Glass,Nos,0.0,0.0,0.0,0.0,38.0,304.0,-38.0,-304.0
2025-01,Chilli Flakes,Kg,0.0,0.0,0.0,0.0,0.7,308.0,-0.7,-308.0
2025-01,bio covers,Kg,0.0,0.0,1.0,160.0,3.0,480.0,-2.0,-320.0
2025-01,KOT Printing Rolls,Nos,0.0,0.0,0.0,0.0,7.0,378.0,-7.0,-378.0
2025-01,Mango Crush Sauce 750ml Malas,Nos,0.0,0.0,0.0,0.0,0.5,420.08,-0.5,-420.08
2025-01,DVC Peach GardenSyrup 750 ml,Nos,0.0,0.0,0.0,0.0,0.8,424.0,-0.8,-424.0
2025-01,fish finger,Pkt,0.0,0.0,0.0,0.0,0.9,535.25,-0.9,-535.25
2025-01,staff rice 26kg,Kg,0.0,0.0,0.0,0.0,13.5,621.0,-13.5,-621.0
2025-01,sumeru chicken pop corn,Pkt,0.0,0.0,0.0,0.0,2.0,626.0,-2.0,-626.0
2025-01,Herb Mix Masla,Kg,5.5,2337.5,0.0,0.0,7.0,2975.0,-1.5,-637.5
2025-01,Chicken Kheema  Masala,Kg,0.0,0.0,0.0,0.0,1.0,651.0,-1.0,-651.0
2025-01,Tripod,Nos,0.0,0.0,0.0,0.0,500.0,675.0,-500.0,-675.0
2025-01,Vanilla Ice-cream,Kg,0.0,0.0,0.0,0.0,3.5,865.45,-3.5,-865.45
2025-01,pizza sauce,Kg,0.0,0.0,0.0,0.0,10.0,1200.0,-10.0,-1200.0
2025-01,DVC Passion Fruit 750ML,Nos,0.0,0.0,0.0,0.0,2.5,1268.5,-2.5,-1268.5
2025-01,bbq mix,Kg,1.8,837.0,0.0,0.0,5.0,2325.0,-3.2,-1488.0
2025-01,Chocolate Ice-cream,Pkt,0.0,0.0,0.0,0.0,2.4,1848.0,-2.4,-1848.0
2025-01,DVC MOJITO MINT 750ML,Nos,0.0,0.0,0.0,0.0,4.1,2080.34,-4.1,-2080.34
2025-01,paneer tikka powder,Kg,0.0,0.0,0.5,450.0,3.0,2700.0,-2.0,-2250.0
2025-01,Tandoori Tikka Marinade 500Grm,Kg,0.0,0.0,0.0,0.0,2.0,2300.0,-2.0,-2300.0
2025-02,dynamic diced mozerella,Kg,19.5,8062.28,48.0,20420.88,14.0,6123.88,53.5,22359.28
2025-02,grocery,Nos,0.0,0.0,113.0,21052.96,0.0,0.0,113.0,21052.96
2025-02,Gas-LPG-HPCL,Nos,1.5,2769.0,9.0,16566.0,2.0,3680.0,8.5,15655.0
2025-02,bonless chicken,Kg,4.0,1136.0,44.85,12223.97,5.0,1429.3,44.0,11930.67
2025-02,Maida yamuna,Kg,125.0,5525.0,100.0,4440.0,52.5,2331.0,172.5,7634.0
2025-02,vegetables,Nos,0.0,0.0,107.0,6464.94,3.0,219.42,104.0,6245.5199999999995
2025-02,french fry hungritos 2.5kg,Kg,16.5,2131.8,50.0,6209.25,23.8,2836.25,42.7,5504.799999999999
2025-02,veeba pizza pasta sauce,Pkt,10.0,1930.1,26.0,5018.26,14.0,2702.14,22.0,4246.220000000001
2025-02,Richs versatie cream,Pkt,5.0,1003.85,16.0,3212.32,4.0,803.08,17.0,3413.09
2025-02,Veeba Eggless Mayonise Chef 1KG,Kg,11.0,1650.0,28.0,4200.0,17.0,2550.0,22.0,3300.0
2025-02,Veeba Gouda Flavoured Dressing,Pkt,15.0,2940.0,11.0,2156.0,11.0,2156.0,15.0,2940.0
2025-02,Pizza Premix,Kg,14.0,3528.0,20.0,5040.0,22.5,5670.0,11.5,2898.0
2025-02,Regular Pizza Box,Nos,537.0,4564.5,500.0,4250.0,704.0,5984.0,333.0,2830.5
2025-02,eng veg,Nos,0.0,0.0,16.0,3504.0,3.0,741.0,13.0,2763.0
2025-02,butter,Kg,2.5,950.0,4.0,1520.0,0.0,0.0,6.5,2470.0
2025-02,Herb Mix Masla,Kg,7.0,2975.0,3.0,1338.0,4.3,1917.8,5.7,2395.2
2025-02,Tandoori Tikka Marinade 500Grm,Kg,2.0,2300.0,0.0,0.0,0.0,0.0,2.0,2300.0
2025-02,paneer tikka powder,Kg,3.0,2700.0,0.0,0.0,0.5,450.0,2.5,2250.0
2025-02,G.Crown Mushroom Slice 800g,Tin,21.0,2121.0,0.0,0.0,0.0,0.0,21.0,2121.0
2025-02,Large Pizza Box,Nos,306.0,4544.1,200.0,2970.0,365.0,5420.25,141.0,2093.8500000000004
2025-02,DVC MOJITO MINT 750ML,Nos,4.1,2080.34,0.0,0.0,0.0,0.0,4.1,2080.34
2025-02,mocktail glass,Nos,150.0,1200.0,100.0,800.0,0.0,0.0,250.0,2000.0
2025-02,mexican mix,Kg,7.5,3262.5,0.0,0.0,3.0,1305.0,4.5,1957.5
2025-02,HABIT JALAPENO SLICES 2.9 KG,Tin,6.5,1929.2,4.0,1187.2,4.0,1187.2,6.5,1929.2
2025-02,Medium Pizza Box,Nos,218.0,2180.0,500.0,5000.0,533.0,5330.0,185.0,1850.0
2025-02,Chocolate Ice-cream,Pkt,2.4,1848.0,0.0,0.0,0.0,0.0,2.4,1848.0
2025-02,OREGANO SACHET 0.8GM,Nos,1710.0,1248.3,2200.0,1606.0,1500.0,1095.0,2410.0,1759.3000000000002
2025-02,Pepsi 250ml Pet,Nos,29.0,507.5,90.0,1575.0,29.0,507.5,90.0,1575.0
2025-02,black olive slice Habit,Tin,2.0,1552.32,0.0,0.0,0.0,0.0,2.0,1552.32
2025-02,Brownie,Kg,4.0,1616.0,5.0,1925.0,5.5,2117.5,3.5,1423.5
2025-02,7up 600ml,Nos,37.0,1272.06,24.0,825.12,20.0,687.6,41.0,1409.58
2025-02,Veeba Ketchup Sachet,Nos,2750.0,2337.5,0.0,0.0,1150.0,977.5,1600.0,1360.0
2025-02,Honey mustard dressing,Pkt,1.0,226.0,9.5,2147.0,4.5,1017.0,6.5,1356.0
2025-02,Frozen Sweet Corn-Pal Fresh,Pkt,8.0,600.0,10.0,750.0,0.0,0.0,18.0,1350.0
2025-02,Puramate Pasta-Penne Rigatte 500g,Nos,13.0,904.15,6.0,417.3,0.0,0.0,19.0,1321.45
2025-02,DVC Passion Fruit 750ML,Nos,2.5,1268.5,0.0,0.0,0.0,0.0,2.5,1268.5
2025-02,red paprika habit,Tin,3.0,1207.44,2.0,804.96,2.0,804.96,3.0,1207.44
2025-02,pepsi 600 ml,Nos,25.0,859.25,48.0,1649.76,38.0,1306.06,35.0,1202.9500000000003
2025-02,pepsi 1 ltr,Nos,0.0,0.0,30.0,1330.2,4.0,177.36,26.0,1152.8400000000001
2025-02,Pasta Container Black,Nos,86.0,769.7,150.0,1342.5,111.0,993.45,125.0,1118.7499999999998
2025-02,Chicken burger pattis,Kg,0.0,0.0,8.0,2504.0,4.45,1392.85,3.55,1111.15
2025-02,habit olive oil,Nos,4.0,1476.0,0.0,0.0,1.0,369.0,3.0,1107.0
2025-02,French Fries Box,Nos,225.0,1203.75,0.0,0.0,20.0,107.0,205.0,1096.75
2025-02,tomato ketchup 1.2 bottle,Nos,0.0,0.0,10.0,1075.0,0.0,0.0,10.0,1075.0
2025-02,Slice Mango 250ml pet,Nos,0.0,0.0,60.0,1060.2,0.0,0.0,60.0,1060.2
2025-02,Processed cheese block,Kg,2.0,1058.4,2.0,1058.4,2.0,1058.4,2.0,1058.4
2025-02,chilly flakes sachet,Nos,1500.0,780.0,2150.0,1118.0,1720.0,894.4,1930.0,1003.6
2025-02,habit baby corn,Tin,3.0,324.0,11.0,1188.0,5.0,540.0,9.0,972.0
2025-02,Veeba ThousandIsland Dressing 1KG,Pkt,5.0,938.0,2.0,375.2,2.0,375.2,5.0,938.0
2025-02,Butter Scotch Ice-cream,Nos,2.2,1700.6,0.0,0.0,1.0,773.0,1.2000000000000002,927.5999999999999
2025-02,Pizza sauce premix,Kg,7.3,2372.5,0.0,0.0,4.5,1462.5,2.8,910.0
2025-02,Lehar Soda,Nos,21.0,345.66,72.0,1185.12,38.0,625.48,55.0,905.3
2025-02,Paneer,Kg,2.0,580.0,3.0,870.0,2.0,580.0,3.0,870.0
2025-02,Vanilla Ice-cream,Kg,3.5,865.45,0.0,0.0,0.0,0.0,3.5,865.45
2025-02,canvill button mushroom,Tin,0.0,0.0,10.0,1430.0,4.0,572.0,6.0,858.0
2025-02,7up 1 ltr,Nos,4.0,177.36,30.0,1330.2,15.0,665.1,19.0,842.4599999999999
2025-02,7up 250ml Pet,Nos,4.0,70.0,90.0,1575.0,49.0,857.5,45.0,787.5
2025-02,Boneless Chicken,Kg,0.0,0.0,2.85,779.99,0.0,0.0,3.0,779.99
2025-02,chicken kheema masala,Kg,0.5,325.0,1.0,650.0,0.3,195.0,1.2,780.0
2025-02,Mini Burger Box,Nos,122.0,366.0,200.0,600.0,66.0,198.0,256.0,768.0
2025-02,DVC Mango Beverage Blend Syrup 750 ml,Nos,1.0,764.64,0.0,0.0,0.0,0.0,1.0,764.64
2025-02,Berry Fresh Tender Coconut Pulp 2kg,Tin,0.0,0.0,2.0,740.0,0.0,0.0,2.0,740.0
2025-02, dry yeast 500 gm,Pkt,9.2,1600.8,0.0,0.0,5.15,896.1,4.049999999999999,704.6999999999999
2025-02,Dew 600 ml,Nos,10.0,343.7,24.0,824.88,14.0,481.18,20.0,687.3999999999999
2025-02,Mayonise premium,Pkt,0.0,0.0,7.5,1260.0,3.5,588.0,4.5,672.0
2025-02,milk 28 milma,Nos,0.0,0.0,30.0,840.0,6.0,168.0,24.0,672.0
2025-02,oil,Nos,5.0,667.5,0.0,0.0,0.0,0.0,5.0,667.5
2025-02,Dew 250ml Pet,Nos,16.0,280.0,30.0,525.0,8.0,140.0,38.0,665.0
2025-02,Vanilla Ice-cream 4ltr,Nos,0.0,0.0,4.0,2176.0,2.8,1523.2,1.2000000000000002,652.8
2025-02,Oregano Sprinkler 500g,Pkt,2.0,649.6,2.0,649.6,2.0,649.6,2.0,649.6
2025-02,Veg burger pattis,Kg,2.0,400.0,1.2,240.0,0.0,0.0,3.0,640.0
2025-02,bio covers,Kg,3.0,480.0,1.0,160.0,0.0,0.0,4.0,640.0
2025-02,TAJIR HABIT Pinaple Slice 50g,Nos,0.0,0.0,6.0,630.0,0.0,0.0,6.0,630.0
2025-02,Sumeru Nuggets Premium 1Kg,Pkt,0.0,0.0,2.0,626.0,0.0,0.0,2.0,626.0
2025-02,sumeru chicken pop corn,Pkt,2.0,626.0,0.0,0.0,0.0,0.0,2.0,626.0
2025-02,slice cheese,Nos,0.0,0.0,30.0,600.0,0.0,0.0,30.0,600.0
2025-02,staff chicken,Kg,0.0,0.0,4.0,600.0,0.0,0.0,4.0,600.0
2025-02,Berry Fresh Chicku Pulp 2kg,Tin,0.0,0.0,2.0,560.0,0.0,0.0,2.0,560.0
2025-02,chilli garlic spread,Pkt,3.0,510.0,0.0,0.0,0.0,0.0,3.0,510.0
2025-02,DVC Strawberry Syrup 750 ml,Nos,0.0,0.0,1.0,507.4,0.0,0.0,1.0,507.4
2025-02,Aqua Fina Mineral Water 1Ltr,Nos,0.0,0.0,48.0,617.28,8.0,112.0,40.0,505.28
2025-02,BBQ Mix Masala,Pkt,1.0,465.0,0.0,0.0,0.0,0.0,1.0,465.0
2025-02,tropicana guava 180ml,Nos,0.0,0.0,30.0,530.1,4.0,70.68,26.0,459.42
2025-02,dust bin,Nos,0.0,0.0,2.0,456.0,0.0,0.0,2.0,456.0
2025-02,Lamp Pepperoni,Kg,2.0,1790.0,0.0,0.0,1.5,1342.5,0.5,447.5
2025-02,KOT Printing Rolls,Nos,7.0,378.0,50.0,2500.0,49.0,2450.0,8.0,428.0
2025-02,DVC Peach GardenSyrup 750 ml,Nos,0.8,424.0,0.0,0.0,0.0,0.0,0.8,424.0
2025-02,Zippy  B.Fast Sausage ,Pkt,1.5,423.0,0.0,0.0,0.0,0.0,1.5,423.0
2025-02,Zippy Chicken Salami,Pkt,2.0,658.56,0.0,0.0,0.78,256.84,1.22,401.71999999999997
2025-02,nuggets sumeru,Pkt,2.0,626.0,2.0,626.0,2.8,876.4,1.2000000000000002,375.6
2025-02,DVC BLUE OCCEAN FLV SYRUP 750ML,Nos,2.3,1167.02,0.0,0.0,1.6,811.84,0.6999999999999997,355.17999999999995
2025-02,DVC Green Apple 750 ML,Nos,2.7,1369.98,0.0,0.0,2.0,1014.8,0.7000000000000002,355.18000000000006
2025-02,Dip Bowl,Nos,117.0,234.0,100.0,200.0,40.0,80.0,177.0,354.0
2025-02,Bread Premix,Kg,4.0,960.0,2.0,504.0,4.5,1134.0,1.5,330.0
2025-02,garlic,Kg,0.0,0.0,2.0,320.0,0.0,0.0,2.0,320.0
2025-02,Salad Bowl 500ml,Nos,104.0,681.2,200.0,1310.0,258.0,1689.9,46.0,301.29999999999995
2025-02,wooden fork,Nos,350.0,297.5,0.0,0.0,0.0,0.0,350.0,297.5
2025-02,potato wedges,Kg,3.6,669.31,5.0,929.6,7.1,1320.03,1.5,278.8799999999999
2025-02,pepsi can 330ml,Nos,0.0,0.0,24.0,822.96,16.0,548.64,8.0,274.32000000000005
2025-02,BASIL,Kg,0.4,272.0,0.0,0.0,0.0,0.0,0.4,272.0
2025-02,Puramate Pasta-Gomiti Rigate - macroni - 500g,Pkt,4.0,278.2,0.0,0.0,0.25,17.39,3.75,260.81
2025-02,chicken pepperoni,Kg,1.8,1557.0,0.0,0.0,1.5,1297.5,0.30000000000000004,259.5
2025-02,Slice Mango 600ml pet,Nos,9.0,324.81,0.0,0.0,2.0,72.18,7.0,252.63
2025-02,bio cup,Nos,250.0,250.0,0.0,0.0,0.0,0.0,250.0,250.0
2025-02,Veeba Tandoori Spread-1kg,Pkt,2.0,464.0,0.0,0.0,1.0,232.0,1.0,232.0
2025-02,chicken popcorn,Pkt,0.0,0.0,1.0,313.0,0.26,81.38,0.74,231.62
2025-02,Chilli Flakes,Kg,0.7,308.0,0.0,0.0,0.2,88.0,0.49999999999999994,220.0
2025-02,nimboz,Nos,0.0,0.0,12.0,210.0,0.0,0.0,12.0,210.0
2025-02,Dew 330 ml can,Nos,2.0,68.58,24.0,822.96,20.0,685.8,6.0,205.74000000000012
2025-02,DVC Watermelon Syrup 750 ml,Nos,0.8,405.92,1.0,507.4,1.4,710.36,0.40000000000000013,202.95999999999992
2025-02,Salad Bowl 250ml,Nos,66.0,346.5,100.0,525.0,129.0,677.25,37.0,194.25
2025-02,Schezwan sauce,Pkt,2.0,364.0,0.0,0.0,1.0,182.0,1.0,182.0
2025-02,masoor dal,Kg,2.0,180.0,0.0,0.0,0.0,0.0,2.0,180.0
2025-02,DVC Mixed Berry Beverage Blend Syrup 750 ml,Nos,1.4,1159.2,0.0,0.0,1.2,993.6,0.19999999999999996,165.60000000000002
2025-02,atta,Kg,0.0,0.0,5.0,270.0,2.0,108.0,3.0,162.0
2025-02,Tripod,Nos,500.0,675.0,0.0,0.0,400.0,540.0,100.0,135.0
2025-02,burger bun 4,Pkt,0.0,0.0,4.0,128.0,0.0,0.0,4.0,128.0
2025-02,Strawberry-Ice cream,Nos,1.2,754.8,0.0,0.0,1.0,629.0,0.19999999999999996,125.79999999999995
2025-02,egg 6,Nos,0.0,0.0,20.0,120.0,0.0,0.0,20.0,120.0
2025-02,Pineapple slice-Tajir Habit-850g,Nos,7.0,771.75,0.0,0.0,6.0,661.5,1.0,110.25
2025-02,CHILLY FLAKES SACHET 0.8GM,Nos,190.0,98.8,0.0,0.0,0.0,0.0,190.0,98.8
2025-02,Piri Piri Marinade 1KG,Pkt,0.8,373.99,1.0,467.49,1.6,747.98,0.19999999999999996,93.5
2025-02,Aromat Seasoning Powder,Pkt,1.5,258.0,0.0,0.0,1.0,172.0,0.5,86.0
2025-02,sugar,Kg,2.0,84.0,0.0,0.0,0.0,0.0,2.0,84.0
2025-02,ice cube/80,Pkt,1.0,80.0,1.0,80.0,1.0,80.0,1.0,80.0
2025-02,Honey,Kg,1.0,244.0,0.0,0.0,0.7,170.8,0.30000000000000004,73.19999999999999
2025-02,Paper Straw Small,Pkt,2.0,70.0,0.0,0.0,0.0,0.0,2.0,70.0
2025-02,wodden spoon,Nos,100.0,65.0,0.0,0.0,0.0,0.0,100.0,65.0
2025-02,POTATO POPS,Kg,1.2,238.56,0.0,0.0,0.9,178.92,0.29999999999999993,59.640000000000015
2025-02,fish finger,Pkt,0.9,535.25,0.0,0.0,0.8,475.78,0.09999999999999998,59.47000000000003
2025-02,Strawberry sause 750,Nos,1.0,143.0,0.0,0.0,0.6,85.8,0.4,57.2
2025-02,DVC Bubblegum Syrup Syrup 750 ml,Nos,1.1,558.14,0.0,0.0,1.0,507.4,0.10000000000000009,50.74000000000001
2025-02,Chettinad Mix,Kg,0.95,618.45,0.0,0.0,0.9,585.9,0.04999999999999993,32.55000000000007
2025-02,burger buns,Nos,0.0,0.0,24.0,192.0,20.0,160.0,4.0,32.0
2025-02,Salt,Pkt,2.0,28.0,0.0,0.0,0.0,0.0,2.0,28.0
2025-02,Green Peas,Pkt,0.5,45.0,0.0,0.0,0.2,18.0,0.3,27.0
2025-02,Paper Straw Big,Pkt,0.5,22.5,0.0,0.0,0.0,0.0,0.5,22.5
2025-02,Slice Mango 200ml pet,Nos,1.0,17.67,0.0,0.0,0.0,0.0,1.0,17.67
2025-02,Berry Fresh Tender Coconut Pulp,Nos,3.5,1295.0,0.0,0.0,3.5,1295.0,0.0,0.0
2025-02,Chocolate Ice-cream 4ltr,Nos,0.0,0.0,2.0,1632.0,2.0,1632.0,0.0,0.0
2025-02,DVC Cucumber Syrup 750 ml,Nos,2.1,1113.0,0.0,0.0,2.1,1113.0,0.0,0.0
2025-02,DVC Mint Flavoured Syrup 750 ml,Nos,0.0,0.0,3.1,1572.94,3.1,1572.94,-0.10000000000000009,0.0
2025-02,Malas Chocolate Sauce 5 ltr,Nos,1.0,1060.0,0.0,0.0,1.0,1060.0,0.0,0.0
2025-02,chilly garlic spread,Pkt,0.0,0.0,2.0,340.0,2.0,340.0,0.0,0.0
2025-02,milk maid,Tin,0.0,0.0,1.0,66.0,1.0,66.0,0.0,0.0
2025-02,pizza sauce,Kg,10.0,1200.0,0.0,0.0,10.0,1200.0,0.0,0.0
2025-02,egg 7,Nos,9.0,63.0,0.0,0.0,10.0,70.0,-1.0,-7.0
2025-02,Paneer tikka masala,Kg,0.15,56.25,0.0,0.0,0.2,75.0,-0.05000000000000002,-18.75
2025-02,Wooden Spoon,Nos,0.0,0.0,0.0,0.0,100.0,65.0,-100.0,-65.0
2025-02,Tissue,Pkt,5.0,90.0,0.0,0.0,9.0,162.0,-4.0,-72.0
2025-02,Mustard Oil,Nos,0.0,0.0,0.0,0.0,0.5,84.0,-0.5,-84.0
2025-02,staff rice 26kg,Kg,13.5,621.0,0.0,0.0,15.5,713.0,-2.0,-92.0
2025-02,Mixed Herb Loose,Grams,0.0,0.0,0.0,0.0,100.0,96.0,-100.0,-96.0
2025-02,Paper Glass,Pkt,0.0,0.0,0.0,0.0,1.0,100.0,-1.0,-100.0
2025-02,Corn Meal - MAKKA RAVA,Pkt,2.0,110.0,0.0,0.0,4.0,220.0,-2.0,-110.0
2025-02,straw,Pkt,0.0,0.0,0.0,0.0,3.0,120.0,-3.0,-120.0
2025-02,chilly flakes 500gm,Pkt,0.0,0.0,0.0,0.0,1.0,150.0,-1.0,-150.0
2025-02,dynamic cheddar block,Kg,0.5,295.75,0.0,0.0,0.8,473.2,-0.30000000000000004,-177.45
2025-02,Zippy  B.Fast Sausage ,Kg,0.0,0.0,0.0,0.0,0.7,206.81,-0.7,-206.81
2025-02,Puramate Basil 250g Pouch,Grams,0.0,0.0,0.0,0.0,350.0,273.0,-350.0,-273.0
2025-02,Tandoori mix Masala,Kg,7.2,2844.0,0.0,0.0,8.0,3160.0,-0.7999999999999998,-316.0
2025-02,Berry Fresh Chicku Pulp,Nos,2.0,560.0,0.0,0.0,3.2,896.0,-1.2000000000000002,-336.0
2025-02,slice 350ml,Nos,0.0,0.0,0.0,0.0,16.0,350.08,-16.0,-350.08
2025-02,DVC Peach Garden Syrup Syrup 750 ml,Nos,0.0,0.0,0.0,0.0,0.8,390.82,-0.8,-390.82
2025-02,DVC Strawberry Syrup Syrup 750 ml,Nos,0.5,244.26,0.0,0.0,1.3,635.08,-0.8,-390.82000000000005
2025-02,oil,Pkt,0.0,0.0,0.0,0.0,3.0,409.5,-3.0,-409.5
2025-02,Veg burger pattis,Pkt,0.0,0.0,0.0,0.0,1.5,469.5,-1.5,-469.5
2025-02,Garlic Bread Box,Nos,276.0,2070.0,0.0,0.0,339.0,2542.5,-63.0,-472.5
2025-02,Frozen Sweet Corn,Kg,0.0,0.0,0.0,0.0,4.0,480.0,-4.0,-480.0
2025-02,Veeba T. Ketchup 1.2KG,Nos,2.0,210.0,0.0,0.0,7.0,735.0,-5.0,-525.0
2025-02,bio cover,Kg,0.0,0.0,0.0,0.0,3.0,540.0,-3.0,-540.0
2025-02,bbq mix,Kg,5.0,2325.0,0.0,0.0,6.3,2929.5,-1.2999999999999998,-604.5
2025-02,DVC PASSION FRUIT FLV SYRUP 750ML,Nos,0.0,0.0,0.0,0.0,1.4,710.36,-1.4,-710.36
2025-02,Mango Crush Sauce 750ml Malas,Nos,0.5,420.08,0.0,0.0,1.4,1176.22,-0.8999999999999999,-756.1400000000001
2025-02,Chicken Kheema  Masala,Kg,1.0,651.0,0.0,0.0,3.0,1953.0,-2.0,-1302.0
2025-02,Moktails Glass,Nos,38.0,304.0,0.0,0.0,224.0,1792.0,-186.0,-1488.0
2025-02,butter,Pkt,0.0,0.0,0.0,0.0,6.0,2280.0,-6.0,-2280.0
2025-03,Gas-LPG-HPCL,Nos,2.0,3680.0,10.0,18414.0,0.0,0.0,12.0,22094.0
2025-03,dynamic diced mozerella,Kg,14.0,6123.88,48.0,20996.16,16.15,7064.33,45.85,20055.71
2025-03,grocery,Nos,0.0,0.0,110.0,19856.93,4.0,496.0,106.0,19360.93
2025-03,bonless chicken,Kg,5.0,1429.3,48.15,13834.97,7.0,2209.97,46.0,13054.3
2025-03,vegetables,Nos,3.0,219.42,122.0,6691.02,0.0,0.0,125.0,6910.4400000000005
2025-03,Maida yamuna,Kg,52.5,2331.0,100.0,4460.0,0.0,0.0,152.5,6791.0
2025-03,veeba pizza pasta sauce,Pkt,14.0,2702.14,12.0,2316.12,0.0,0.0,26.0,5018.26
2025-03,french fry hungritos 2.5kg,Kg,23.8,2836.25,25.0,2979.25,10.0,1191.7,38.8,4623.8
2025-03,eng veg,Nos,3.0,741.0,16.0,3419.0,0.0,0.0,19.0,4160.0
2025-03,Regular Pizza Box,Nos,704.0,5984.0,0.0,0.0,250.0,2125.0,454.0,3859.0
2025-03,Vanilla Ice-cream 4ltr,Nos,2.8,1523.2,4.0,2176.0,0.0,0.0,6.8,3699.2
2025-03,canvill button mushroom,Tin,4.0,572.0,72.0,10296.0,51.0,7293.0,25.0,3575.0
2025-03,Pepsi 750ml Pet,Nos,0.0,0.0,84.0,3255.0,0.0,0.0,84.0,3255.0
2025-03,7up 250ml Pet,Nos,49.0,857.5,115.0,2012.5,0.0,0.0,164.0,2870.0
2025-03,pepsi 1 ltr,Nos,4.0,177.36,58.0,2571.72,0.0,0.0,62.0,2749.08
2025-03,Pizza Premix,Kg,22.5,5670.0,0.0,0.0,11.7,2948.4,10.8,2721.6
2025-03,7up 1 ltr,Nos,15.0,665.1,46.0,2039.64,0.0,0.0,61.0,2704.7400000000002
2025-03,Pepsi 250ml Pet,Nos,29.0,507.5,123.0,2152.5,0.0,0.0,152.0,2660.0
2025-03,DVC Mint Flavoured Syrup 750 ml,Nos,3.1,1572.94,2.0,1014.8,0.0,0.0,5.1,2587.74
2025-03,DVC MOJITO MINT 750ML,Nos,0.0,0.0,5.0,2537.0,0.0,0.0,5.0,2537.0
2025-03,7up pet 750ml,Nos,0.0,0.0,65.0,2518.75,0.0,0.0,65.0,2518.75
2025-03,bbq mix,Kg,6.3,2929.5,0.0,0.0,1.0,465.0,5.3,2464.5
2025-03,Lehar Soda,Nos,38.0,625.48,104.0,1711.84,0.0,0.0,142.0,2337.3199999999997
2025-03,Medium Pizza Box,Nos,533.0,5330.0,0.0,0.0,300.0,3000.0,233.0,2330.0
2025-03,black olive slice Habit,Tin,0.0,0.0,6.0,4656.96,3.0,2328.48,3.0,2328.48
2025-03,butter,Pkt,6.0,2280.0,0.0,0.0,0.0,0.0,6.0,2280.0
2025-03,Richs versatie cream,Pkt,4.0,803.08,18.0,3747.9,12.0,2543.28,10.0,2007.7000000000003
2025-03,Chicken Kheema  Masala,Kg,3.0,1953.0,0.0,0.0,0.0,0.0,3.0,1953.0
2025-03,Paneer,Kg,2.0,580.0,4.0,1160.0,0.0,0.0,6.0,1740.0
2025-03,oil,Pkt,3.0,409.5,10.0,1365.0,1.0,136.5,12.0,1638.0
2025-03,staff chicken,Kg,0.0,0.0,10.0,1500.0,0.0,0.0,10.0,1500.0
2025-03,Chicken burger pattis,Kg,4.45,1392.85,0.0,0.0,0.0,0.0,4.45,1392.85
2025-03,Processed cheese block,Kg,2.0,1058.4,2.0,1108.8,1.5,831.6,2.5,1335.6
2025-03,Aqua Fina Mineral Water 1Ltr,Nos,8.0,112.0,89.0,1220.5,0.0,0.0,97.0,1332.5
2025-03,pepsi 600 ml,Nos,38.0,1306.06,0.0,0.0,0.0,0.0,38.0,1306.06
2025-03,mexican mix,Kg,3.0,1305.0,0.0,0.0,0.0,0.0,3.0,1305.0
2025-03,Veeba Ketchup Sachet,Nos,1150.0,977.5,2400.0,2040.0,2052.0,1744.2,1498.0,1273.3
2025-03,Dew 330 ml can,Nos,20.0,685.8,17.0,582.93,0.0,0.0,37.0,1268.73
2025-03,slice cheese,Nos,0.0,0.0,306.0,2515.32,153.0,1257.66,153.0,1257.66
2025-03,Tandoori mix Masala,Kg,8.0,3160.0,0.0,0.0,5.0,1975.0,3.0,1185.0
2025-03,GO-Monterey Jack Cheese-2kg,Kg,0.0,0.0,2.0,1163.0,0.0,0.0,2.0,1163.0
2025-03,OREGANO SACHET 0.8GM,Nos,1500.0,1095.0,0.0,0.0,0.0,0.0,1500.0,1095.0
2025-03,Slice Mango 250ml pet,Nos,0.0,0.0,60.0,1060.2,0.0,0.0,60.0,1060.2
2025-03,Slice Mango 600ml pet,Nos,2.0,72.18,45.0,941.4,0.0,0.0,47.0,1013.5799999999999
2025-03,Pasta Container Black,Nos,111.0,993.45,0.0,0.0,0.0,0.0,111.0,993.45
2025-03,Veeba Gouda Flavoured Dressing,Pkt,11.0,2156.0,0.0,0.0,6.0,1176.0,5.0,980.0
2025-03,Brownie,Kg,5.5,2117.5,0.0,0.0,3.0,1155.0,2.5,962.5
2025-03,Tropicana Guava Delight 500ml,Nos,0.0,0.0,47.0,959.27,0.0,0.0,47.0,959.27
2025-03,7UP 750ml Pet,Nos,0.0,0.0,24.0,930.0,0.0,0.0,24.0,930.0
2025-03,7up750mlpet,Nos,0.0,0.0,24.0,930.0,0.0,0.0,24.0,930.0
2025-03,Berry Fresh Tender Coconut Pulp,Nos,3.5,1295.0,0.0,0.0,1.0,370.0,2.5,925.0
2025-03,potato wedges,Kg,7.1,1320.03,0.0,0.0,2.2,409.02,4.8999999999999995,911.01
2025-03,Veeba Eggless Mayonise Chef 1KG,Kg,17.0,2550.0,0.0,0.0,11.0,1650.0,6.0,900.0
2025-03,chilly flakes sachet,Nos,1720.0,894.4,0.0,0.0,0.0,0.0,1720.0,894.4
2025-03,HABIT JALAPENO SLICES 2.9 KG,Tin,4.0,1187.2,6.0,1780.8,7.0,2077.6,3.0,890.4000000000001
2025-03,habit olive oil,Nos,1.0,369.0,7.0,2691.0,5.5,2178.0,2.5,882.0
2025-03,nuggets sumeru,Pkt,2.8,876.4,0.0,0.0,0.0,0.0,2.8,876.4
2025-03,dynamic cheddar block,Kg,0.8,473.2,2.0,1108.0,1.4,775.6,1.4,805.6
2025-03,Dew 250ml Pet,Nos,8.0,140.0,35.0,612.5,0.0,0.0,43.0,752.5
2025-03,Frozen Sweet Corn-Pal Fresh,Pkt,0.0,0.0,10.0,750.0,0.0,0.0,10.0,750.0
2025-03,Veeba T. Ketchup 1.2KG,Nos,7.0,735.0,0.0,0.0,0.0,0.0,7.0,735.0
2025-03,7up 600ml,Nos,20.0,687.6,0.0,0.0,0.0,0.0,20.0,687.6
2025-03,Dew 600 ml,Nos,14.0,481.18,5.0,171.85,0.0,0.0,19.0,653.03
2025-03,pepsi can 330ml,Nos,16.0,548.64,3.0,102.87,0.0,0.0,19.0,651.51
2025-03,Oregano Sprinkler 500g,Pkt,2.0,649.6,4.0,1318.72,4.0,1318.72,2.0,649.6000000000001
2025-03,Mini Burger Box,Nos,66.0,198.0,400.0,1200.0,250.0,750.0,216.0,648.0
2025-03,DVC Strawberry Syrup Syrup 750 ml,Nos,1.3,635.08,0.0,0.0,0.0,0.0,1.3,635.08
2025-03,Berry Fresh Chicku Pulp,Nos,3.2,896.0,0.0,0.0,1.0,280.0,2.2,616.0
2025-03,Tropicana Guava Delight,Nos,0.0,0.0,24.0,612.24,0.0,0.0,24.0,612.24
2025-03, dry yeast 500 gm,Pkt,5.15,896.1,10.0,1740.0,11.7,2035.8,3.450000000000001,600.3
2025-03,Moktails Glass,Nos,224.0,1792.0,0.0,0.0,150.0,1200.0,74.0,592.0
2025-03,Mango Crush Sauce 750ml Malas,Nos,1.4,1176.22,0.0,0.0,0.7,588.11,0.7,588.11
2025-03,Honey mustard dressing,Pkt,4.5,1017.0,0.0,0.0,2.0,452.0,2.5,565.0
2025-03,DVC BLUE OCCEAN FLV SYRUP 750ML,Nos,1.6,811.84,3.0,1522.2,3.5,1775.9,1.0999999999999996,558.1399999999999
2025-03,DVC PASSION FRUIT FLV SYRUP 750ML,Nos,1.4,710.36,3.0,1522.2,3.3,1674.42,1.1000000000000005,558.1399999999999
2025-03,bio cover,Kg,3.0,540.0,0.0,0.0,0.0,0.0,3.0,540.0
2025-03,Herb Mix Masla,Kg,4.3,1917.8,0.0,0.0,3.2,1427.2,1.0999999999999996,490.5999999999999
2025-03,Zippy Chicken Salami,Pkt,0.78,256.84,2.0,658.56,1.3,428.06,1.4800000000000002,487.33999999999986
2025-03,Frozen Sweet Corn,Kg,4.0,480.0,0.0,0.0,0.0,0.0,4.0,480.0
2025-03,Slice Mango 200ml pet,Nos,0.0,0.0,27.0,477.09,0.0,0.0,27.0,477.09
2025-03,KOT Printing Rolls,Nos,49.0,2450.0,0.0,0.0,40.0,2000.0,9.0,450.0
2025-03,paneer tikka powder,Kg,0.5,450.0,0.0,0.0,0.0,0.0,0.5,450.0
2025-03,habit baby corn,Tin,5.0,540.0,10.0,1080.0,11.0,1188.0,4.0,432.0
2025-03,Bread Premix,Kg,4.5,1134.0,0.0,0.0,2.8,705.6,1.7000000000000002,428.4
2025-03,Chocolate Ice-cream 4ltr,Nos,2.0,1632.0,0.0,0.0,1.5,1224.0,0.5,408.0
2025-03,red paprika habit,Tin,2.0,804.96,2.0,804.96,3.0,1207.44,1.0,402.48
2025-03,DVC Peach Garden Syrup Syrup 750 ml,Nos,0.8,390.82,0.0,0.0,0.0,0.0,0.8,390.82
2025-03,garlic,Kg,0.0,0.0,2.0,360.0,0.0,0.0,2.0,360.0
2025-03,Zippy  B.Fast Sausage ,Kg,0.7,206.81,1.0,295.44,0.5,147.72,1.2,354.53
2025-03,burger buns,Nos,20.0,160.0,24.0,192.0,0.0,0.0,44.0,352.0
2025-03,slice 350ml,Nos,16.0,350.08,0.0,0.0,0.0,0.0,16.0,350.08
2025-03,Salad Bowl 250ml,Nos,129.0,677.25,0.0,0.0,66.0,346.5,63.0,330.75
2025-03,Pizza sauce premix,Kg,4.5,1462.5,0.0,0.0,3.5,1137.5,1.0,325.0
2025-03,DVC Green Apple 750 ML,Nos,2.0,1014.8,2.0,1014.8,3.4,1725.16,0.6000000000000001,304.4399999999998
2025-03,Veg burger pattis,Pkt,1.5,469.5,0.0,0.0,0.7,168.0,0.8,301.5
2025-03,Garlic Bread Box,Nos,339.0,2542.5,0.0,0.0,300.0,2250.0,39.0,292.5
2025-03,Salad Bowl 500ml,Nos,258.0,1689.9,0.0,0.0,214.0,1401.7,44.0,288.20000000000005
2025-03,Tissue,Pkt,9.0,162.0,7.0,126.0,0.0,0.0,16.0,288.0
2025-03,POTATO POPS,Kg,0.9,178.92,1.5,321.75,1.0,214.5,1.9,286.16999999999996
2025-03,Sumeru Nuggets Premium 1Kg,Pkt,0.0,0.0,2.0,626.0,1.1,344.3,0.8999999999999999,281.7
2025-03,milk 28 milma,Nos,6.0,168.0,4.0,112.0,0.0,0.0,10.0,280.0
2025-03,Puramate Basil 250g Pouch,Grams,350.0,273.0,0.0,0.0,0.0,0.0,350.0,273.0
2025-03,Mayonise premium,Pkt,3.5,588.0,0.0,0.0,2.0,336.0,1.5,252.0
2025-03,Veeba Tandoori Spread-1kg,Pkt,1.0,232.0,0.0,0.0,0.0,0.0,1.0,232.0
2025-03,Tripod,Nos,400.0,540.0,0.0,0.0,230.0,310.5,170.0,229.5
2025-03,makhni gravy,Pkt,0.0,0.0,5.0,1120.0,4.0,896.0,1.0,224.0
2025-03,Large Pizza Box,Nos,365.0,5420.25,0.0,0.0,350.0,5197.5,15.0,222.75
2025-03,Puramate Pasta-Penne Rigatte 500g,Nos,0.0,0.0,18.0,1251.9,15.0,1043.25,3.0,208.6500000000001
2025-03,DVC Watermelon Syrup 750 ml,Nos,1.4,710.36,0.0,0.0,1.0,507.4,0.3999999999999999,202.96000000000004
2025-03,cashew,Grams,0.0,0.0,200.0,200.0,0.0,0.0,200.0,200.0
2025-03,tomato,Kg,0.0,0.0,10.0,200.0,0.0,0.0,10.0,200.0
2025-03,chicken kheema masala,Kg,0.3,195.0,0.0,0.0,0.0,0.0,0.3,195.0
2025-03,Schezwan sauce,Pkt,1.0,182.0,2.0,364.0,2.0,364.0,1.0,182.0
2025-03,Lamp Pepperoni,Kg,1.5,1342.5,0.0,0.0,1.3,1163.5,0.19999999999999996,179.0
2025-03,chilly garlic spread,Pkt,2.0,340.0,0.0,0.0,1.0,170.0,1.0,170.0
2025-03,DVC Mixed Berry Beverage Blend Syrup 750 ml,Nos,1.2,993.6,0.0,0.0,1.0,828.0,0.19999999999999996,165.60000000000002
2025-03,burger bun 4,Pkt,0.0,0.0,5.0,160.0,0.0,0.0,5.0,160.0
2025-03,Puramate Pasta-Gomiti Rigate - macroni - 500g,Pkt,0.25,17.39,8.0,556.4,6.0,417.3,2.25,156.48999999999995
2025-03,Piri Piri Marinade 1KG,Pkt,1.6,747.98,0.0,0.0,1.3,607.74,0.30000000000000004,140.24
2025-03,egg 7,Nos,10.0,70.0,10.0,70.0,0.0,0.0,20.0,140.0
2025-03,Celotape-3/4inch-,Nos,0.0,0.0,6.0,138.0,0.0,0.0,6.0,138.0
2025-03,Corn Meal - MAKKA RAVA,Pkt,4.0,220.0,0.0,0.0,1.5,82.5,2.5,137.5
2025-03,Strawberry-Ice cream,Nos,1.0,629.0,0.0,0.0,0.8,503.2,0.19999999999999996,125.80000000000001
2025-03,Aromat Seasoning Powder,Pkt,1.0,172.0,0.0,0.0,0.3,51.6,0.7,120.4
2025-03,fish finger,Pkt,0.8,475.78,0.0,0.0,0.6,356.83,0.20000000000000007,118.94999999999999
2025-03,chicken popcorn,Pkt,0.26,81.38,1.0,313.0,0.9,281.7,0.36,112.68
2025-03,Pineapple slice-Tajir Habit-850g,Nos,6.0,661.5,0.0,0.0,5.0,551.25,1.0,110.25
2025-03,atta,Kg,2.0,108.0,0.0,0.0,0.0,0.0,2.0,108.0
2025-03,Paper Glass,Pkt,1.0,100.0,0.0,0.0,0.0,0.0,1.0,100.0
2025-03,grapes,Kg,0.0,0.0,1.25,100.0,0.0,0.0,1.0,100.0
2025-03,milk,Nos,0.0,0.0,4.0,100.0,0.0,0.0,4.0,100.0
2025-03,Paper Plates,Nos,0.0,0.0,15.0,99.0,0.0,0.0,15.0,99.0
2025-03,Honey,Kg,0.7,170.8,1.0,244.0,1.3,317.2,0.3999999999999999,97.60000000000002
2025-03,Mixed Herb Loose,Grams,100.0,96.0,0.0,0.0,0.0,0.0,100.0,96.0
2025-03,Chilli Flakes,Kg,0.2,88.0,0.0,0.0,0.0,0.0,0.2,88.0
2025-03,Mustard Oil,Nos,0.5,84.0,0.0,0.0,0.0,0.0,0.5,84.0
2025-03,ice cube/80,Pkt,1.0,80.0,0.0,0.0,0.0,0.0,1.0,80.0
2025-03,tropicana guava 180ml,Nos,4.0,70.68,0.0,0.0,0.0,0.0,4.0,70.68
2025-03,milk maid,Tin,1.0,66.0,0.0,0.0,0.0,0.0,1.0,66.0
2025-03,capsicum,Kg,0.0,0.0,1.0,64.0,0.0,0.0,1.0,64.0
2025-03,DVC Cucumber Syrup 750 ml,Nos,2.1,1113.0,0.0,0.0,2.0,1060.0,0.10000000000000009,53.0
2025-03,Paneer tikka masala,Kg,0.2,75.0,0.0,0.0,0.1,37.5,0.1,37.5
2025-03,Green Peas,Pkt,0.2,18.0,1.0,130.0,1.0,130.0,0.19999999999999996,18.0
2025-03,Butter Scotch Ice-cream,Nos,1.0,773.0,0.0,0.0,1.0,773.0,0.0,0.0
2025-03,DVC Bubblegum Syrup Syrup 750 ml,Nos,1.0,507.4,0.0,0.0,1.0,507.4,0.0,0.0
2025-03,Malas Chocolate Sauce 5 ltr,Nos,1.0,1060.0,0.0,0.0,1.0,1060.0,0.0,0.0
2025-03,Strawberry sause 750,Nos,0.6,85.8,0.0,0.0,0.6,85.8,0.0,0.0
2025-03,Veeba ThousandIsland Dressing 1KG,Pkt,2.0,375.2,0.0,0.0,2.0,375.2,0.0,0.0
2025-03,Wooden Spoon,Nos,100.0,65.0,0.0,0.0,100.0,65.0,0.0,0.0
2025-03,chilly flakes 500gm,Pkt,1.0,150.0,0.0,0.0,1.0,150.0,0.0,0.0
2025-03,straw,Pkt,3.0,120.0,0.0,0.0,3.5,140.0,-0.5,-20.0
2025-03,Veeba Chilli Flakes Seasoning(8G),Nos,0.0,0.0,0.0,0.0,0.25,33.08,-0.25,-33.08
2025-03,butter,Kg,0.0,0.0,3.0,1140.0,3.1,1178.0,-0.10000000000000009,-38.0
2025-03,ice cube,Pkt,0.0,0.0,1.0,40.0,2.0,80.0,-1.0,-40.0
2025-03,malas butterscotch crush,Nos,0.0,0.0,1.0,143.0,1.3,185.9,-0.30000000000000004,-42.900000000000006
2025-03,wooden fork,Nos,0.0,0.0,0.0,0.0,100.0,85.0,-100.0,-85.0
2025-03,Mixed Herb Loose,Nos,0.0,0.0,0.0,0.0,0.3,90.72,-0.3,-90.72
2025-03,egg,Nos,0.0,0.0,0.0,0.0,13.0,91.0,-13.0,-91.0
2025-03,bio cup,Nos,0.0,0.0,0.0,0.0,100.0,100.0,-100.0,-100.0
2025-03,staff rice 26kg,Kg,15.5,713.0,0.0,0.0,20.0,920.0,-4.5,-207.0
2025-03,Dip Bowl,Nos,40.0,80.0,0.0,0.0,150.0,300.0,-110.0,-220.0
2025-03,chicken pepperoni,Kg,1.5,1297.5,0.0,0.0,1.8,1557.0,-0.30000000000000004,-259.5
2025-03,tomato ketchup 1.2 bottle,Nos,0.0,0.0,5.0,525.0,8.0,840.0,-3.0,-315.0
2025-03,mocktail glass,Nos,0.0,0.0,0.0,0.0,47.0,376.0,-47.0,-376.0
2025-03,bio covers,Kg,0.0,0.0,0.0,0.0,2.6,416.0,-2.6,-416.0
2025-03,DVC Peach GardenSyrup 750 ml,Nos,0.0,0.0,0.0,0.0,0.8,424.0,-0.8,-424.0
2025-03,OREGANO SACHET 0.8GM,Pkt,0.0,0.0,8.0,1760.0,10.0,2200.0,-2.0,-440.0
2025-03,Frozen Sweet Corn-Pal Fresh,Kg,0.0,0.0,3.0,390.0,7.0,910.0,-4.0,-520.0
2025-03,Chilli Flakes-Tasty Pixel-Veeba-Sachet-0.8g,Pkt,0.0,0.0,0.0,0.0,4.0,529.2,-4.0,-529.2
2025-03,DVC Strawberry Syrup 750 ml,Nos,0.0,0.0,0.0,0.0,1.2,608.88,-1.2,-608.88
2025-03,French Fries Box,Nos,20.0,107.0,0.0,0.0,175.0,936.25,-155.0,-829.25
2025-03,BBQ Mix Masala,Pkt,0.0,0.0,0.0,0.0,2.0,930.0,-2.0,-930.0
2025-03,colby cheese 1 kg,Kg,0.0,0.0,0.0,0.0,2.0,1268.96,-2.0,-1268.96
2025-03,Chettinad Mix,Kg,0.9,585.9,0.0,0.0,3.1,2018.1,-2.2,-1432.1999999999998
2025-03,pizza sauce,Kg,10.0,1200.0,0.0,0.0,26.0,3120.0,-16.0,-1920.0
2025-03,tandoori tikka powder,Kg,0.0,0.0,0.0,0.0,2.0,2300.0,-2.0,-2300.0
2025-03,Mojito Menta Cubano,Nos,0.0,0.0,0.0,0.0,7.4,3754.76,-7.4,-3754.76
2025-03,maida,Kg,0.0,0.0,0.0,0.0,90.0,4194.0,-90.0,-4194.0
2025-04,dynamic diced mozerella,Kg,16.15,7064.33,72.0,31494.24,0.0,0.0,88.15,38558.57
2025-04,grocery,Nos,4.0,496.0,143.0,26534.07,9.0,1620.0,138.0,25410.07
2025-04,bonless chicken,Kg,7.0,2209.97,71.05,19030.28,5.9,1553.0,72.1,19687.25
2025-04,Gas-LPG-HPCL,Nos,0.0,0.0,8.0,14420.0,1.0,1790.0,7.0,12630.0
2025-04,french fry hungritos 2.5kg,Kg,10.0,1191.7,62.5,7448.12,18.0,2145.06,55.0,6494.76
2025-04,maida yamuna,Kg,0.0,0.0,150.0,6480.0,0.0,0.0,150.0,6480.0
2025-04,vegetables,Nos,0.0,0.0,120.0,6238.06,4.0,225.6,116.0,6012.46
2025-04,Pizza Premix,Kg,11.7,2948.4,20.0,5040.0,12.0,3024.0,19.7,4964.4
2025-04,canvill button mushroom,Tin,51.0,7293.0,0.0,0.0,19.0,2717.0,32.0,4576.0
2025-04,maida,Kg,90.0,4194.0,0.0,0.0,0.0,0.0,90.0,4194.0
2025-04,Regular Pizza Box,Nos,250.0,2125.0,700.0,5950.0,499.0,4241.5,451.0,3833.5
2025-04,mexican mix,Kg,0.0,0.0,10.0,4350.0,1.3,565.5,8.7,3784.5
2025-04,butter,Kg,3.1,1178.0,6.0,2280.0,0.0,0.0,9.1,3458.0
2025-04,Richs versatie cream,Pkt,12.0,2543.28,12.0,2543.28,10.0,2119.4,14.0,2967.1600000000003
2025-04,BBQ Mix Masala,Pkt,2.0,930.0,5.0,2325.0,1.0,465.0,6.0,2790.0
2025-04,Medium Pizza Box,Nos,300.0,3000.0,500.0,5000.0,524.0,5240.0,276.0,2760.0
2025-04,eng veg,Nos,0.0,0.0,12.0,3087.99,2.0,416.8,10.0,2671.1899999999996
2025-04,Vanilla Ice-cream 4ltr,Nos,0.0,0.0,7.0,3808.0,2.2,1196.8,4.8,2611.2
2025-04,Chicken burger pattis,Kg,0.0,0.0,10.0,3130.0,1.9,594.7,8.1,2535.3
2025-04,pizza sauce,Kg,26.0,3120.0,0.0,0.0,5.0,600.0,21.0,2520.0
2025-04,black olive slice Habit,Tin,3.0,2328.48,0.0,0.0,0.0,0.0,3.0,2328.48
2025-04,tandoori tikka powder,Kg,2.0,2300.0,0.0,0.0,0.0,0.0,2.0,2300.0
2025-04,Veeba Ketchup Sachet,Nos,2052.0,1744.2,1200.0,1020.0,720.0,612.0,2532.0,2152.2
2025-04,Chocolate Ice-cream 4ltr,Nos,1.5,1224.0,1.0,816.0,0.0,0.0,2.5,2040.0
2025-04,KOT Printing Rolls,Nos,40.0,2000.0,0.0,0.0,0.0,0.0,40.0,2000.0
2025-04,OREGANO SACHET 0.8GM,Pkt,10.0,2200.0,0.0,0.0,1.0,220.0,9.0,1980.0
2025-04,Brownie,Kg,3.0,1155.0,5.0,1925.0,3.0,1155.0,5.0,1925.0
2025-04,Veeba Eggless Mayonise Chef 1KG,Kg,11.0,1650.0,12.0,1800.0,11.0,1650.0,12.0,1800.0
2025-04,Large Pizza Box,Nos,350.0,5197.5,150.0,2227.5,395.0,5865.75,105.0,1559.25
2025-04,Berry Fresh Tender Coconut Pulp,Nos,1.0,370.0,3.0,1110.0,0.0,0.0,4.0,1480.0
2025-04,Pepsi 250ml Pet,Nos,0.0,0.0,120.0,2100.0,36.0,630.0,84.0,1470.0
2025-04,slice cheese,Nos,153.0,1257.66,204.0,1676.88,180.0,1479.6,177.0,1454.94
2025-04,Chettinad Mix,Kg,3.1,2018.1,0.0,0.0,1.1,716.1,2.0,1302.0
2025-04,tomato ketchup 1.2 bottle,Nos,8.0,840.0,4.0,440.0,0.0,0.0,12.0,1280.0
2025-04,Mojito Menta Cubano,Nos,7.4,3754.76,0.0,0.0,4.9,2486.26,2.5,1268.5
2025-04,pepsi 1 ltr,Nos,0.0,0.0,45.0,1995.3,18.0,798.12,27.0,1197.1799999999998
2025-04,HABIT JALAPENO SLICES 2.9 KG,Tin,7.0,2077.6,0.0,0.0,3.0,890.4,4.0,1187.1999999999998
2025-04,mocktail glass,Nos,47.0,376.0,100.0,800.0,0.0,0.0,147.0,1176.0
2025-04, dry yeast 500 gm,Pkt,11.7,2035.8,0.0,0.0,5.0,870.0,6.699999999999999,1165.8
2025-04,Berry Fresh Chicku Pulp,Nos,1.0,280.0,3.0,840.0,0.0,0.0,4.0,1120.0
2025-04,7up 250ml Pet,Nos,0.0,0.0,60.0,1050.0,0.0,0.0,60.0,1050.0
2025-04,Pasta Container Black,Nos,0.0,0.0,200.0,1790.0,84.0,751.8,116.0,1038.2
2025-04,French Fries Box,Nos,175.0,936.25,250.0,1337.5,233.0,1246.55,192.0,1027.2
2025-04,habit olive oil,Nos,5.5,2178.0,0.0,0.0,3.0,1188.0,2.5,990.0
2025-04,7up pet 750ml,Nos,0.0,0.0,24.0,930.0,0.0,0.0,24.0,930.0
2025-04,staff rice 26kg,Kg,20.0,920.0,0.0,0.0,0.0,0.0,20.0,920.0
2025-04,Oregano Sprinkler 500g,Pkt,4.0,1318.72,0.0,0.0,1.3,428.58,2.7,890.1400000000001
2025-04,Tropicana Guava Delight 500ml,Nos,0.0,0.0,48.0,1224.48,15.0,382.65,33.0,841.83
2025-04,Processed cheese block,Kg,1.5,831.6,2.0,1108.8,2.0,1108.8,1.5,831.6000000000001
2025-04,DVC Mixed Berry Beverage Blend Syrup 750 ml,Nos,1.0,828.0,0.0,0.0,0.0,0.0,1.0,828.0
2025-04,dew 750 ml,Nos,0.0,0.0,24.0,824.88,0.0,0.0,24.0,824.88
2025-04,sneha chi nuggets,Pkt,0.0,0.0,6.0,1571.3,2.9,766.32,3.1,804.9799999999999
2025-04,7up 1 ltr,Nos,0.0,0.0,30.0,1330.2,12.0,532.08,18.0,798.12
2025-04,Veeba Gouda Flavoured Dressing,Pkt,6.0,1176.0,6.0,1176.0,8.0,1568.0,4.0,784.0
2025-04,Boneless Chicken,Kg,0.0,0.0,2.85,768.99,0.0,0.0,3.0,768.99
2025-04,Frozen Sweet Corn-Pal Fresh 500gm,Pkt,0.0,0.0,10.0,750.0,0.0,0.0,10.0,750.0
2025-04,Puramate Pasta-Penne Rigatte 500g,Nos,15.0,1043.25,4.0,278.2,9.0,625.95,10.0,695.5
2025-04,chicken pepperoni,Kg,1.8,1557.0,0.0,0.0,1.0,865.0,0.8,692.0
2025-04,pepsi can 330ml,Nos,0.0,0.0,24.0,822.96,5.0,171.45,19.0,651.51
2025-04,DVC Strawberry Syrup 750 ml,Nos,1.2,608.88,0.0,0.0,0.0,0.0,1.2,608.88
2025-04,DVC PASSION FRUIT FLV SYRUP 750ML,Nos,3.3,1674.42,0.0,0.0,2.1,1065.54,1.1999999999999997,608.8800000000001
2025-04,Paneer,Kg,0.0,0.0,4.0,1160.0,2.0,580.0,2.0,580.0
2025-04,Chicken Sausage,Kg,0.0,0.0,2.0,564.0,0.0,0.0,2.0,564.0
2025-04,Pepsi 750ml Pet,Nos,0.0,0.0,48.0,1754.88,35.0,1202.95,13.0,551.9300000000001
2025-04,Slice Mango 250ml pet,Nos,0.0,0.0,30.0,530.1,0.0,0.0,30.0,530.1
2025-04,Chilli Flakes-Tasty Pixel-Veeba-Sachet-0.8g,Pkt,4.0,529.2,0.0,0.0,0.0,0.0,4.0,529.2
2025-04,Dew 250ml Pet,Nos,0.0,0.0,30.0,525.0,0.0,0.0,30.0,525.0
2025-04,Tandoori mix Masala,Kg,5.0,1975.0,3.0,1245.0,6.5,2697.5,1.5,522.5
2025-04,chilly flakes sachet,Nos,0.0,0.0,1000.0,520.0,0.0,0.0,1000.0,520.0
2025-04,Salad Bowl 250ml,Nos,66.0,346.5,100.0,525.0,68.0,357.0,98.0,514.5
2025-04,DVC BLUE OCCEAN FLV SYRUP 750ML,Nos,3.5,1775.9,0.0,0.0,2.5,1268.5,1.0,507.4000000000001
2025-04,Pizza sauce premix,Kg,3.5,1137.5,2.0,650.0,4.0,1300.0,1.5,487.5
2025-04,Lehar Soda,Nos,0.0,0.0,48.0,790.08,20.0,329.2,28.0,460.88000000000005
2025-04,DVC Green Apple 750 ML,Nos,3.4,1725.16,0.0,0.0,2.5,1268.5,0.8999999999999999,456.6600000000001
2025-04,Aqua Fina Mineral Water 1Ltr,Nos,0.0,0.0,48.0,616.32,13.0,162.24,35.0,454.08000000000004
2025-04,Honey mustard dressing,Pkt,2.0,452.0,4.0,904.0,4.0,904.0,2.0,452.0
2025-04,Mini Burger Box,Nos,250.0,750.0,200.0,600.0,300.0,900.0,150.0,450.0
2025-04,milk,Nos,0.0,0.0,18.0,450.0,0.0,0.0,18.0,450.0
2025-04,habit baby corn,Tin,11.0,1188.0,0.0,0.0,7.0,756.0,4.0,432.0
2025-04,Zippy Chicken Salami,Pkt,1.3,428.06,2.0,658.56,2.0,658.56,1.2999999999999998,428.05999999999995
2025-04,burger buns,Nos,0.0,0.0,52.0,416.0,0.0,0.0,52.0,416.0
2025-04,red paprika habit,Tin,3.0,1207.44,0.0,0.0,2.0,804.96,1.0,402.48
2025-04,tomato,Kg,0.0,0.0,20.0,400.0,0.0,0.0,20.0,400.0
2025-04,Frozen Sweet Corn-Pal Fresh,Kg,7.0,910.0,0.0,0.0,4.0,520.0,3.0,390.0
2025-04,chocolate chips,Grams,0.0,0.0,500.0,390.0,0.0,0.0,500.0,390.0
2025-04,tandoori mayonise,Pkt,0.0,0.0,6.0,1560.0,4.5,1170.0,1.5,390.0
2025-04,Mayonise premium,Pkt,2.0,336.0,4.0,672.0,3.7,621.6,2.3,386.4
2025-04,Veeba ThousandIsland Dressing 1KG,Pkt,2.0,375.2,2.0,375.2,2.0,375.2,2.0,375.2
2025-04,Sumeru Nuggets Premium 1Kg,Pkt,1.1,344.3,0.0,0.0,0.0,0.0,1.1,344.3
2025-04,makhni gravy,Pkt,4.0,896.0,0.0,0.0,2.5,560.0,1.5,336.0
2025-04,hit spray big,Tin,0.0,0.0,1.0,315.0,0.0,0.0,1.0,315.0
2025-04,Salad Bowl 500ml,Nos,214.0,1401.7,100.0,655.0,268.0,1755.4,46.0,301.2999999999997
2025-04,Garlic Bread Box,Nos,300.0,2250.0,0.0,0.0,260.0,1950.0,40.0,300.0
2025-04,staff chicken,Kg,0.0,0.0,2.0,300.0,0.0,0.0,2.0,300.0
2025-04,Veg burger pattis,Pkt,0.7,168.0,3.0,720.0,2.5,600.0,1.2000000000000002,288.0
2025-04,chicken popcorn,Pkt,0.9,281.7,0.0,0.0,0.0,0.0,0.9,281.7
2025-04,Puramate Pasta-Gomiti Rigate - macroni - 500g,Pkt,6.0,417.3,0.0,0.0,2.0,139.1,4.0,278.20000000000005
2025-04,Chicken burger pattis koonathil,Pkt,0.0,0.0,1.0,265.0,0.0,0.0,1.0,265.0
2025-04,garlic,Kg,0.0,0.0,2.0,260.0,0.0,0.0,2.0,260.0
2025-04,nuggets sneha,Pkt,0.0,0.0,1.0,257.15,0.0,0.0,1.0,257.15
2025-04,Dip Bowl,Nos,150.0,300.0,0.0,0.0,27.0,54.0,123.0,246.0
2025-04,chicken pop corn sneha,Pkt,0.0,0.0,1.0,280.0,0.2,56.0,0.8,224.0
2025-04,DVC Watermelon Syrup 750 ml,Nos,1.0,507.4,0.0,0.0,0.6,304.44,0.4,202.95999999999998
2025-04,colby cheese 1 kg,Kg,2.0,1268.96,0.0,0.0,1.7,1078.62,0.30000000000000004,190.34000000000015
2025-04,Strawberry-Ice cream,Nos,0.8,503.2,1.0,629.0,1.5,943.5,0.30000000000000004,188.70000000000005
2025-04,malas butterscotch crush,Nos,1.3,185.9,0.0,0.0,0.0,0.0,1.3,185.9
2025-04,egg 6,Nos,0.0,0.0,40.0,240.0,10.0,60.0,30.0,180.0
2025-04,milk 30,Nos,0.0,0.0,6.0,180.0,0.0,0.0,6.0,180.0
2025-04,Mango Crush Sauce 750ml Malas,Nos,0.7,588.11,0.0,0.0,0.5,420.08,0.19999999999999996,168.03000000000003
2025-04,milk 28 milma,Nos,0.0,0.0,12.0,336.0,6.0,168.0,6.0,168.0
2025-04,pineapple,Kg,0.0,0.0,2.0,160.0,0.0,0.0,2.0,160.0
2025-04,Butter Scotch Ice-cream,Nos,1.0,773.0,1.0,773.0,1.8,1391.4,0.19999999999999996,154.5999999999999
2025-04,bio cover 140,Kg,0.0,0.0,1.0,140.0,0.0,0.0,1.0,140.0
2025-04,fruits,Nos,0.0,0.0,2.0,140.0,0.0,0.0,2.0,140.0
2025-04,veg,Nos,0.0,0.0,2.0,132.0,0.0,0.0,2.0,132.0
2025-04,Green Peas,Pkt,1.0,130.0,0.0,0.0,0.0,0.0,1.0,130.0
2025-04,Honey,Kg,1.3,317.2,0.0,0.0,0.8,195.2,0.5,122.0
2025-04,drinking water-20ltr,Nos,0.0,0.0,2.0,120.0,0.0,0.0,2.0,120.0
2025-04,Mixed Herb Loose,Nos,0.3,90.72,0.0,0.0,0.0,0.0,0.3,90.72
2025-04,egg,Nos,13.0,91.0,0.0,0.0,0.0,0.0,13.0,91.0
2025-04,Corn Meal - MAKKA RAVA,Pkt,1.5,82.5,0.0,0.0,0.0,0.0,1.5,82.5
2025-04,Green Chilly-Veg,Kg,0.0,0.0,1.0,80.0,0.0,0.0,1.0,80.0
2025-04,ice cube,Pkt,2.0,80.0,0.0,0.0,0.0,0.0,2.0,80.0
2025-04,straw,Pkt,3.5,140.0,0.0,0.0,1.5,60.0,2.0,80.0
2025-04,mustard oil,Nos,0.0,0.0,1.0,124.0,0.4,49.6,0.6,74.4
2025-04,Wooden Spoon,Nos,100.0,65.0,0.0,0.0,0.0,0.0,100.0,65.0
2025-04,egg-6.50,Nos,0.0,0.0,10.0,65.0,0.0,0.0,10.0,65.0
2025-04,fish finger,Pkt,0.6,356.83,0.0,0.0,0.5,297.36,0.09999999999999998,59.46999999999997
2025-04,Egg-5.5,Nos,0.0,0.0,10.0,55.0,0.0,0.0,10.0,55.0
2025-04,DVC Bubblegum Syrup Syrup 750 ml,Nos,1.0,507.4,0.0,0.0,0.9,456.66,0.09999999999999998,50.73999999999995
2025-04,Paneer tikka masala,Kg,0.1,37.5,0.0,0.0,0.0,0.0,0.1,37.5
2025-04,potato wedges,Kg,2.2,409.02,0.0,0.0,2.0,371.84,0.20000000000000018,37.18000000000001
2025-04,Tissue,Pkt,0.0,0.0,10.0,180.0,8.0,144.0,2.0,36.0
2025-04,Veeba Chilli Flakes Seasoning(8G),Nos,0.25,33.08,0.0,0.0,0.0,0.0,0.25,33.08
2025-04,bio covers,Kg,2.6,416.0,0.0,0.0,2.5,400.0,0.10000000000000009,16.0
2025-04,DVC Cucumber Syrup 750 ml,Nos,2.0,1060.0,0.0,0.0,2.0,1060.0,0.0,0.0
2025-04,DVC Peach GardenSyrup 750 ml,Nos,0.8,424.0,0.0,0.0,0.8,424.0,0.0,0.0
2025-04,POTATO POPS,Kg,1.0,214.5,0.0,0.0,1.0,214.5,0.0,0.0
2025-04,Pineapple slice-Tajir Habit-850g,Nos,5.0,551.25,0.0,0.0,5.0,551.25,0.0,0.0
2025-04,Piri Piri Marinade 1KG,Pkt,1.3,607.74,0.0,0.0,1.3,607.73,0.0,0.009999999999990905
2025-04,Schezwan sauce,Pkt,2.0,364.0,0.0,0.0,2.0,364.0,0.0,0.0
2025-04,bio cup,Nos,100.0,100.0,0.0,0.0,100.0,100.0,0.0,0.0
2025-04,chilly flakes 500gm,Pkt,1.0,150.0,0.0,0.0,1.0,150.0,0.0,0.0
2025-04,chilly garlic spread,Pkt,1.0,170.0,4.0,680.0,5.0,850.0,0.0,0.0
2025-04,ice cube/80,Pkt,0.0,0.0,1.0,80.0,1.0,80.0,0.0,0.0
2025-04,sneha chi burgar pattis,Pkt,0.0,0.0,4.0,1028.6,4.0,1028.6,0.0,0.0
2025-04,wooden fork,Nos,100.0,85.0,0.0,0.0,100.0,85.0,0.0,0.0
2025-04,Dew 750ml Pet,Nos,0.0,0.0,24.0,930.0,25.0,968.75,-1.0,-38.75
2025-04,Moktails Glass,Nos,150.0,1200.0,0.0,0.0,156.0,1248.0,-6.0,-48.0
2025-04,Strawberry sause 750,Nos,0.6,85.8,0.0,0.0,1.0,143.0,-0.4,-57.2
2025-04,wodden spoon,Nos,0.0,0.0,0.0,0.0,100.0,65.0,-100.0,-65.0
2025-04,CHILLY FLAKES SACHET 0.8GM,Nos,0.0,0.0,0.0,0.0,187.0,97.24,-187.0,-97.24
2025-04,Dew 330 ml can,Nos,0.0,0.0,0.0,0.0,3.0,102.87,-3.0,-102.87
2025-04,Aromat Seasoning Powder,Pkt,0.3,51.6,0.0,0.0,1.0,172.0,-0.7,-120.4
2025-04,Butter Scotch Sauce 750ml,Nos,0.0,0.0,0.0,0.0,1.1,157.3,-1.1,-157.3
2025-04,Lamp Pepperoni,Kg,1.3,1163.5,0.0,0.0,1.5,1342.5,-0.19999999999999996,-179.0
2025-04,Slice Mango 600ml pet,Nos,0.0,0.0,0.0,0.0,9.0,188.28,-9.0,-188.28
2025-04,BASIL,Kg,0.0,0.0,0.0,0.0,0.3,204.0,-0.3,-204.0
2025-04,Bread Premix,Kg,2.8,705.6,0.0,0.0,4.1,1033.2,-1.2999999999999998,-327.6
2025-04,dynamic cheddar block,Kg,1.4,775.6,0.0,0.0,2.0,1108.0,-0.6000000000000001,-332.4
2025-04,Herb Mix Masla,Kg,3.2,1427.2,0.0,0.0,4.0,1784.0,-0.7999999999999998,-356.79999999999995
2025-04,Zippy  B.Fast Sausage ,Kg,0.5,147.72,0.0,0.0,1.8,531.79,-1.3,-384.06999999999994
2025-04,paneer tikka powder,Kg,0.0,0.0,0.0,0.0,0.5,450.0,-0.5,-450.0
2025-04,Veeba T. Ketchup 1.2KG,Nos,0.0,0.0,0.0,0.0,5.0,525.0,-5.0,-525.0
2025-04,Dried Yeast,Pkt,0.0,0.0,0.0,0.0,4.0,679.96,-4.0,-679.96
2025-04,Tripod,Nos,230.0,310.5,0.0,0.0,800.0,1080.0,-570.0,-769.5
2025-04,veeba pizza pasta sauce,Pkt,0.0,0.0,12.0,2316.12,16.0,3088.16,-4.0,-772.04
2025-04,DVC Strawberry Syrup Syrup 750 ml,Nos,0.0,0.0,0.0,0.0,1.6,781.63,-1.6,-781.63
2025-04,Chicken Kheema  Masala,Kg,0.0,0.0,0.0,0.0,1.4,911.4,-1.4,-911.4
2025-04,Maida yamuna,Kg,0.0,0.0,100.0,4360.0,125.0,5400.0,-25.0,-1040.0
2025-04,Chocolate Ice-cream,Kg,0.0,0.0,0.0,0.0,3.1,1085.0,-3.1,-1085.0
2025-04,Tandoori Tikka Marinade 500Grm,Pkt,0.0,0.0,0.0,0.0,2.0,1150.0,-2.0,-1150.0
2025-04,Mexican Masala,Pkt,0.0,0.0,0.0,0.0,3.0,1245.0,-3.0,-1245.0
2025-04,Berry Fresh Tender Coconut Pulp 2kg,Tin,0.0,0.0,0.0,0.0,3.6,1332.0,-3.6,-1332.0
2025-04,oil,Pkt,1.0,136.5,0.0,0.0,11.0,1501.5,-10.0,-1365.0
2025-04,Malas Chocolate Sauce 5 ltr,Nos,1.0,1060.0,0.0,0.0,2.5,2650.0,-1.5,-1590.0
2025-04,bbq mix,Kg,1.0,465.0,0.0,0.0,5.0,2325.0,-4.0,-1860.0
2025-04,butter,Pkt,0.0,0.0,0.0,0.0,6.0,2280.0,-6.0,-2280.0
2025-04,7up750mlpet,Nos,0.0,0.0,0.0,0.0,67.0,2596.25,-67.0,-2596.25
2025-05,dynamic diced mozerella,Kg,0.0,0.0,72.0,31494.24,16.1,7042.46,55.9,24451.780000000002
2025-05,grocery,Nos,9.0,1620.0,118.0,20474.01,6.0,1100.64,121.0,20993.37
2025-05,bonless chicken,Kg,5.9,1553.0,64.9,18581.9,3.0,1002.0,67.9,19132.9
2025-05,Gas-LPG-HPCL,Nos,1.0,1790.0,10.0,17900.0,1.5,2685.0,9.5,17005.0
2025-05,Maida yamuna,Kg,125.0,5400.0,200.0,8500.0,113.0,4791.2,212.0,9108.8
2025-05,Pizza Premix,Kg,12.0,3024.0,20.0,5040.0,7.0,1764.0,25.0,6300.0
2025-05,vegetables,Nos,4.0,225.6,118.0,6185.99,3.0,145.32,119.0,6266.27
2025-05,french fry hungritos 2.5kg,Kg,18.0,2145.06,50.0,5958.5,15.5,1847.14,52.5,6256.419999999999
2025-05,bbq mix,Kg,5.0,2325.0,5.0,2325.0,0.0,0.0,10.0,4650.0
2025-05,Boneless Chicken,Kg,0.0,0.0,14.8,4337.0,0.0,0.0,15.0,4337.0
2025-05,Regular Pizza Box,Nos,499.0,4241.5,800.0,6800.0,792.0,6732.0,507.0,4309.5
2025-05,mexican mix,Kg,1.3,565.5,10.0,4350.0,2.0,870.0,9.3,4045.5
2025-05,eng veg,Nos,2.0,416.8,20.0,3189.99,4.0,411.32,18.0,3195.47
2025-05,Salad Bowl 500ml,Nos,268.0,1755.4,200.0,1310.0,18.0,117.9,450.0,2947.5
2025-05,canvill button mushroom,Tin,19.0,2717.0,0.0,0.0,0.0,0.0,19.0,2717.0
2025-05,Malas Chocolate Sauce 5 ltr,Nos,2.5,2650.0,1.0,1060.0,1.0,1060.0,2.5,2650.0
2025-05,7up750mlpet,Nos,67.0,2596.25,0.0,0.0,0.0,0.0,67.0,2596.25
2025-05,Medium Pizza Box,Nos,524.0,5240.0,300.0,3000.0,568.0,5680.0,256.0,2560.0
2025-05,Vanilla Ice-cream 4ltr,Nos,2.2,1196.8,5.0,2720.0,2.5,1360.0,4.7,2556.8
2025-05,Large Pizza Box,Nos,395.0,5865.75,300.0,4455.0,529.0,7855.65,166.0,2465.1000000000004
2025-05,Richs versatie cream,Pkt,10.0,2119.4,48.0,2543.28,11.0,2331.34,47.0,2331.34
2025-05,veeba pizza pasta sauce,Pkt,16.0,3088.16,12.0,2316.12,16.0,3088.16,12.0,2316.12
2025-05,butter,Pkt,6.0,2280.0,0.0,0.0,0.0,0.0,6.0,2280.0
2025-05,sneha chi burgar pattis,Pkt,4.0,1028.6,4.0,1028.6,0.0,0.0,8.0,2057.2
2025-05,Veeba Ketchup Sachet,Nos,720.0,612.0,2400.0,2040.0,720.0,612.0,2400.0,2040.0
2025-05,Pepsi 750ml Pet,Nos,35.0,1202.95,48.0,1649.76,27.0,927.99,56.0,1924.72
2025-05,Pepsi 250ml Pet,Nos,36.0,630.0,120.0,2100.0,47.0,822.5,109.0,1907.5
2025-05,Dew 750ml Pet,Nos,25.0,968.75,24.0,824.88,0.0,0.0,49.0,1793.63
2025-05,sneha chi nuggets,Pkt,2.9,766.32,4.0,1080.5,1.0,276.0,5.9,1570.8200000000002
2025-05,Veeba Gouda Flavoured Dressing,Pkt,8.0,1568.0,0.0,0.0,0.0,0.0,8.0,1568.0
2025-05,G.Crown Mushroom Slice 800g,Tin,0.0,0.0,48.0,4944.0,33.0,3399.0,15.0,1545.0
2025-05,Brownie,Kg,3.0,1155.0,4.0,1540.0,3.0,1155.0,4.0,1540.0
2025-05,slice cheese,Nos,180.0,1479.6,102.0,838.44,102.0,838.44,180.0,1479.6
2025-05,staff rice 26kg,Kg,0.0,0.0,26.0,1380.08,0.0,0.0,26.0,1380.08
2025-05,black olive slice Habit,Tin,0.0,0.0,4.0,3104.64,2.25,1746.36,1.75,1358.28
2025-05,Mojito Menta Cubano,Nos,4.9,2486.26,2.0,1038.4,4.2,2180.64,2.7,1344.0200000000004
2025-05,Berry Fresh Tender Coconut Pulp 2kg,Tin,3.6,1332.0,0.0,0.0,0.0,0.0,3.6,1332.0
2025-05,pepsi 1 ltr,Nos,18.0,798.12,30.0,1330.2,18.0,798.12,30.0,1330.2000000000003
2025-05,HABIT JALAPENO SLICES 2.9 KG,Tin,3.0,890.4,4.0,1187.2,3.0,890.4,4.0,1187.1999999999998
2025-05,Milkymist Cheese BLock 1KG,Kg,0.0,0.0,2.0,1116.0,0.0,0.0,2.0,1116.0
2025-05,Vanilla Ice-cream,Pkt,0.0,0.0,2.0,1088.0,0.0,0.0,2.0,1088.0
2025-05,Chocolate Ice-cream,Kg,3.1,1085.0,0.0,0.0,0.0,0.0,3.1,1085.0
2025-05,colby cheese 1 kg,Kg,1.7,1078.62,0.0,0.0,0.0,0.0,1.7,1078.62
2025-05,bio covers,Kg,2.5,400.0,6.0,890.0,1.5,225.0,7.0,1065.0
2025-05,Veeba Eggless Mayonise Chef 1KG,Kg,11.0,1650.0,0.0,0.0,4.0,600.0,7.0,1050.0
2025-05,DVC Passion Fruit 750ML,Nos,0.0,0.0,2.0,1038.4,0.0,0.0,2.0,1038.4
2025-05,Pasta Container Black,Nos,84.0,751.8,400.0,3580.0,371.0,3320.45,113.0,1011.3500000000004
2025-05,Veeba T. Ketchup 1.2KG,Nos,5.0,525.0,4.0,420.0,0.0,0.0,9.0,945.0
2025-05,Chicken Kheema  Masala,Kg,1.4,911.4,0.0,0.0,0.0,0.0,1.4,911.4
2025-05,staff chicken,Kg,0.0,0.0,6.0,900.0,0.0,0.0,6.0,900.0
2025-05,Herb Mix Masla,Kg,4.0,1784.0,5.0,2230.0,7.0,3122.0,2.0,892.0
2025-05,Paneer,Kg,2.0,580.0,3.0,870.0,2.0,580.0,3.0,870.0
2025-05,Processed cheese block,Kg,2.0,1108.8,2.0,1116.0,2.5,1395.0,1.5,829.8000000000002
2025-05,habit olive oil,Nos,3.0,1188.0,4.0,1476.0,5.0,1845.0,2.0,819.0
2025-05,red paprika habit,Tin,2.0,804.96,2.0,804.96,2.0,804.96,2.0,804.96
2025-05,paneer tikka powder,Kg,0.5,450.0,0.5,450.0,0.12,108.0,1.38,792.0
2025-05,potato wedges,Kg,2.0,371.84,5.0,929.6,2.8,520.58,4.2,780.86
2025-05,Butter,Pkt,0.0,0.0,4.0,760.0,0.0,0.0,4.0,760.0
2025-05,Oregano Sprinkler 500g,Pkt,1.3,428.58,4.0,1318.72,3.0,989.04,2.3,758.26
2025-05,Veeba ThousandIsland Dressing 1KG,Pkt,2.0,375.2,2.0,375.2,0.0,0.0,4.0,750.4
2025-05,Moktails Glass,Nos,156.0,1248.0,200.0,1600.0,266.0,2128.0,90.0,720.0
2025-05,oil,Pkt,11.0,1501.5,0.0,0.0,6.0,819.0,5.0,682.5
2025-05,Dried Yeast,Pkt,4.0,679.96,0.0,0.0,0.0,0.0,4.0,679.96
2025-05,milk,Nos,0.0,0.0,28.0,700.0,2.0,50.0,26.0,650.0
2025-05,Puramate Pasta-Penne Rigatte 500g,Nos,9.0,625.95,10.0,695.5,10.0,695.5,9.0,625.95
2025-05,chicken pop corn sneha,Pkt,0.2,56.0,2.0,560.0,0.0,0.0,2.2,616.0
2025-05,Lehar Soda,Nos,20.0,329.2,48.0,790.08,31.0,510.26,37.0,609.02
2025-05,Frozen Sweet Corn-Pal Fresh 500gm,Pkt,0.0,0.0,24.0,1800.0,16.0,1200.0,8.0,600.0
2025-05,Mini Burger Box,Nos,300.0,900.0,100.0,300.0,200.0,600.0,200.0,600.0
2025-05,paneer,Kg,0.0,0.0,2.0,580.0,0.0,0.0,2.0,580.0
2025-05,Chicken Sausage,Kg,0.0,0.0,2.0,564.0,0.0,0.0,2.0,564.0
2025-05,DVC Green Apple 750 ML,Nos,2.5,1268.5,2.0,1038.4,3.4,1765.28,1.1,541.6200000000001
2025-05,habit baby corn,Tin,7.0,756.0,10.0,1080.0,12.0,1296.0,5.0,540.0
2025-05,Lamp Pepperoni,Kg,1.5,1342.5,0.0,0.0,0.9,805.5,0.6,537.0
2025-05,7up zero sugar 400ml,Nos,0.0,0.0,30.0,525.0,0.0,0.0,30.0,525.0
2025-05,pepsi diet 400ml,Nos,0.0,0.0,30.0,525.0,0.0,0.0,30.0,525.0
2025-05,Frozen Sweet Corn-Pal Fresh,Kg,4.0,520.0,0.0,0.0,0.0,0.0,4.0,520.0
2025-05,chilly flakes sachet,Nos,0.0,0.0,1500.0,780.0,500.0,260.0,1000.0,520.0
2025-05,chicken pepperoni,Kg,1.0,865.0,2.0,1730.0,2.4,2076.0,0.6000000000000001,519.0
2025-05,Zippy Chicken Salami,Pkt,2.0,658.56,2.0,658.56,2.5,823.2,1.5,493.91999999999985
2025-05,7up 1 ltr,Nos,12.0,532.08,15.0,665.1,16.0,709.44,11.0,487.74
2025-05,Tropicana Guava Delight 500ml,Nos,15.0,382.65,24.0,612.24,20.0,510.2,19.0,484.69
2025-05,Dew can 300ml,Nos,0.0,0.0,24.0,822.96,10.0,342.9,14.0,480.06000000000006
2025-05,pizza sauce,Kg,5.0,600.0,0.0,0.0,1.0,120.0,4.0,480.0
2025-05,Mayonise premium,Pkt,3.7,621.6,0.0,0.0,1.0,168.0,2.7,453.6
2025-05,Honey mustard dressing,Pkt,4.0,904.0,0.0,0.0,2.0,452.0,2.0,452.0
2025-05,Aqua Fina Mineral Water 1Ltr,Nos,13.0,162.24,36.0,485.76,16.0,199.68,33.0,448.32
2025-05,tomato,Kg,0.0,0.0,22.0,440.0,0.0,0.0,22.0,440.0
2025-05,DVC Peach GardenSyrup 750 ml,Nos,0.8,424.0,0.0,0.0,0.0,0.0,0.8,424.0
2025-05,Mango Crush Sauce 750ml Malas,Nos,0.5,420.08,0.0,0.0,0.0,0.0,0.5,420.08
2025-05,Piri Piri Marinade 1KG,Pkt,1.3,607.73,1.0,475.52,1.4,665.73,0.8999999999999999,417.52
2025-05,burger buns,Nos,0.0,0.0,68.0,544.0,16.0,128.0,52.0,416.0
2025-05,Tripod,Nos,800.0,1080.0,0.0,0.0,500.0,675.0,300.0,405.0
2025-05,vegetable n fruit,Nos,0.0,0.0,4.0,400.0,0.0,0.0,4.0,400.0
2025-05,Garlic Bread Box,Nos,260.0,1950.0,0.0,0.0,208.0,1560.0,52.0,390.0
2025-05,tandoori mayonise,Pkt,4.5,1170.0,0.0,0.0,3.0,780.0,1.5,390.0
2025-05,Slice Mango 250ml pet,Nos,0.0,0.0,30.0,530.1,8.0,141.36,22.0,388.74
2025-05,DVC BLUE OCCEAN FLV SYRUP 750ML,Nos,2.5,1268.5,2.0,1038.4,3.7,1921.04,0.7999999999999998,385.8600000000001
2025-05,French Fries Box,Nos,233.0,1246.55,0.0,0.0,166.0,888.1,67.0,358.44999999999993
2025-05,makhni gravy,Pkt,2.5,560.0,2.0,448.0,3.0,672.0,1.5,336.0
2025-05,milk 28 milma,Nos,6.0,168.0,6.0,168.0,0.0,0.0,12.0,336.0
2025-05,Pizza sauce premix,Kg,4.0,1300.0,5.0,1625.0,8.0,2600.0,1.0,325.0
2025-05,fruits,Nos,0.0,0.0,2.0,320.0,0.0,0.0,2.0,320.0
2025-05,Butter Scotch Ice-cream,Nos,1.8,1391.4,0.0,0.0,1.4,1082.2,0.40000000000000013,309.20000000000005
2025-05,Dew 250ml Pet,Nos,0.0,0.0,30.0,525.0,13.0,227.5,17.0,297.5
2025-05,fish finger,Pkt,0.5,297.36,0.0,0.0,0.0,0.0,0.5,297.36
2025-05,DVC Strawberry Syrup Syrup 750 ml,Nos,1.6,781.63,0.0,0.0,1.0,488.52,0.6000000000000001,293.11
2025-05,Puramate Pasta-Gomiti Rigate - macroni - 500g,Pkt,2.0,139.1,6.0,417.3,4.0,278.2,4.0,278.2
2025-05,Tandoori mix Masala,Kg,6.5,2697.5,0.0,0.0,5.9,2448.5,0.5999999999999996,249.0
2025-05,BASIL,Kg,0.3,204.0,0.0,0.0,0.0,0.0,0.3,204.0
2025-05,DVC Watermelon Syrup 750 ml,Nos,0.6,304.44,0.0,0.0,0.2,101.48,0.39999999999999997,202.95999999999998
2025-05,Honey,Kg,0.8,195.2,1.0,244.0,1.0,244.0,0.8,195.2
2025-05,Slice Mango 600ml pet,Nos,9.0,188.28,0.0,0.0,0.0,0.0,9.0,188.28
2025-05,Schezwan sauce,Pkt,2.0,364.0,0.0,0.0,1.0,182.0,1.0,182.0
2025-05,egg 6,Nos,10.0,60.0,20.0,120.0,0.0,0.0,30.0,180.0
2025-05, dry yeast 500 gm,Pkt,5.0,870.0,0.0,0.0,4.0,696.0,1.0,174.0
2025-05,Aromat Seasoning Powder,Pkt,1.0,172.0,1.0,172.0,1.0,172.0,1.0,172.0
2025-05,pepsi can 330ml,Nos,5.0,171.45,24.0,822.96,24.0,822.96,5.0,171.45000000000005
2025-05,chilly garlic spread,Pkt,5.0,850.0,0.0,0.0,4.0,680.0,1.0,170.0
2025-05,Veg burger pattis,Pkt,2.5,600.0,0.0,0.0,1.8,432.0,0.7,168.0
2025-05,dynamic cheddar block,Kg,2.0,1108.0,0.0,0.0,1.7,941.8,0.30000000000000004,166.20000000000005
2025-05,Butter Scotch Sauce 750ml,Nos,1.1,157.3,0.0,0.0,0.0,0.0,1.1,157.3
2025-05,chilly flakes 500gm,Pkt,1.0,150.0,0.0,0.0,0.0,0.0,1.0,150.0
2025-05,Tissue,Pkt,8.0,144.0,0.0,0.0,0.0,0.0,8.0,144.0
2025-05,Strawberry sause 750,Nos,1.0,143.0,0.0,0.0,0.0,0.0,1.0,143.0
2025-05,Berry Fresh Chicku Pulp,Nos,0.0,0.0,3.0,840.0,2.5,700.0,0.5,140.0
2025-05,Strawberry-Ice cream,Nos,1.5,943.5,0.0,0.0,1.3,817.7,0.19999999999999996,125.79999999999995
2025-05,Pineapple slice-Tajir Habit-850g,Nos,5.0,551.25,5.0,551.25,9.0,992.25,1.0,110.25
2025-05,Dew 330 ml can,Nos,3.0,102.87,0.0,0.0,0.0,0.0,3.0,102.87
2025-05,bio cup,Nos,100.0,100.0,0.0,0.0,0.0,0.0,100.0,100.0
2025-05,CHILLY FLAKES SACHET 0.8GM,Nos,187.0,97.24,0.0,0.0,0.0,0.0,187.0,97.24
2025-05,Sugar,Kg,0.0,0.0,2.0,90.0,0.0,0.0,2.0,90.0
2025-05,ice cube/80,Pkt,1.0,80.0,0.0,0.0,0.0,0.0,1.0,80.0
2025-05,Bread Premix,Kg,4.1,1033.2,0.0,0.0,3.8,957.6,0.2999999999999998,75.60000000000002
2025-05,capsicum,Kg,0.0,0.0,1.0,70.0,0.0,0.0,1.0,70.0
2025-05,egg 7,Nos,0.0,0.0,10.0,70.0,0.0,0.0,10.0,70.0
2025-05,wodden spoon,Nos,100.0,65.0,0.0,0.0,0.0,0.0,100.0,65.0
2025-05,straw,Pkt,1.5,60.0,0.0,0.0,0.0,0.0,1.5,60.0
2025-05,mustard oil,Nos,0.4,49.6,0.0,0.0,0.0,0.0,0.4,49.6
2025-05,garam masala,Pkt,0.0,0.0,1.0,30.0,0.0,0.0,1.0,30.0
2025-05,Berry Fresh Tender Coconut Pulp,Nos,0.0,0.0,2.0,740.0,2.0,740.0,0.0,0.0
2025-05,DVC Bubblegum Syrup Syrup 750 ml,Nos,0.9,456.66,0.0,0.0,0.9,456.66,0.0,0.0
2025-05,DVC Cucumber Syrup 750 ml,Nos,2.0,1060.0,0.0,0.0,2.0,1060.0,0.0,0.0
2025-05,OREGANO SACHET 0.8GM,Pkt,1.0,220.0,5.0,1100.0,6.0,1320.0,0.0,0.0
2025-05,POTATO POPS,Kg,1.0,214.5,0.0,0.0,1.0,214.5,0.0,0.0
2025-05,Tandoori Tikka Marinade 500Grm,Pkt,2.0,1150.0,0.0,0.0,2.0,1150.0,0.0,0.0
2025-05,garlic,Kg,0.0,0.0,2.0,260.0,2.0,260.0,0.0,0.0
2025-05,Green Peas,Pkt,0.0,0.0,0.0,0.0,0.25,32.5,-0.25,-32.5
2025-05,Mixed Herb Loose,Nos,0.0,0.0,0.0,0.0,0.2,60.48,-0.2,-60.48
2025-05,Chilli Flakes,Pkt,0.0,0.0,0.0,0.0,1.85,81.4,-1.85,-81.4
2025-05,Mustard Oil,Nos,0.0,0.0,0.0,0.0,0.5,84.0,-0.5,-84.0
2025-05,malas butterscotch crush,Nos,0.0,0.0,0.0,0.0,1.0,143.0,-1.0,-143.0
2025-05,Dip Bowl,Nos,27.0,54.0,0.0,0.0,100.0,200.0,-73.0,-146.0
2025-05,Corn Meal - MAKKA RAVA,Pkt,0.0,0.0,0.0,0.0,3.0,165.0,-3.0,-165.0
2025-05,slice 600ml pet,Nos,0.0,0.0,24.0,865.92,29.0,1046.32,-5.0,-180.39999999999998
2025-05,Butter,Kg,0.0,0.0,2.0,760.0,2.5,950.0,-0.5,-190.0
2025-05,Puramate Basil 250g Pouch,Nos,0.0,0.0,0.0,0.0,1.0,195.0,-1.0,-195.0
2025-05,Paper Glass,Pkt,0.0,0.0,0.0,0.0,2.0,200.0,-2.0,-200.0
2025-05,Zippy  B.Fast Sausage ,Kg,1.8,531.79,0.0,0.0,2.5,738.6,-0.7,-206.81000000000006
2025-05,wooden fork,Nos,100.0,85.0,0.0,0.0,346.0,294.1,-246.0,-209.10000000000002
2025-05,DVC Mango Beverage Blend Syrup 750 ml,Nos,0.0,0.0,0.0,0.0,0.3,229.39,-0.3,-229.39
2025-05,Chicken burger pattis,Kg,1.9,594.7,0.0,0.0,2.8,876.4,-0.8999999999999999,-281.69999999999993
2025-05,Chettinad Mix,Kg,1.1,716.1,0.0,0.0,1.55,1009.05,-0.44999999999999996,-292.94999999999993
2025-05,tomato ketchup 1.2 bottle,Nos,0.0,0.0,5.0,550.0,8.0,880.0,-3.0,-330.0
2025-05,DVC Peach Garden Syrup Syrup 750 ml,Nos,0.0,0.0,0.0,0.0,0.85,415.24,-0.85,-415.24
2025-05,7up 250ml Pet,Nos,0.0,0.0,0.0,0.0,27.0,472.5,-27.0,-472.5
2025-05,DVC Strawberry Syrup 750 ml,Nos,0.0,0.0,0.0,0.0,1.0,507.4,-1.0,-507.4
2025-05,Paneer tikka masala,Kg,0.0,0.0,0.0,0.0,1.5,562.5,-1.5,-562.5
2025-05,dew 750 ml,Nos,0.0,0.0,0.0,0.0,17.0,584.29,-17.0,-584.29
2025-05,Veeba Gouda Flavoured Dressing,Nos,0.0,0.0,6.0,1212.0,9.0,1818.0,-3.0,-606.0
2025-05,DVC PASSION FRUIT FLV SYRUP 750ML,Nos,2.1,1065.54,0.0,0.0,3.3,1674.42,-1.1999999999999997,-608.8800000000001
2025-05,staff rice,Kg,0.0,0.0,0.0,0.0,20.0,730.0,-20.0,-730.0
2025-05,chicken kheema masala,Kg,0.0,0.0,1.0,650.0,2.15,1397.5,-1.15,-747.5
2025-05,DVC Mixed Berry Beverage Blend Syrup 750 ml,Nos,0.0,0.0,0.0,0.0,1.0,828.0,-1.0,-828.0
2025-05,7UP 750ml Pet,Nos,0.0,0.0,0.0,0.0,24.0,930.0,-24.0,-930.0
2025-05,Chocolate Ice-cream 4ltr,Nos,0.0,0.0,1.0,816.0,2.5,2040.0,-1.5,-1224.0
2025-05,Mexican Masala,Pkt,3.0,1245.0,0.0,0.0,6.0,2490.0,-3.0,-1245.0
2025-05,KOT Printing Rolls,Nos,0.0,0.0,0.0,0.0,26.0,1300.0,-26.0,-1300.0
2025-05,Salad Bowl 250ml,Nos,68.0,357.0,100.0,525.0,562.0,2950.5,-394.0,-2068.5
2025-05,BBQ Mix Masala,Pkt,1.0,465.0,0.0,0.0,8.0,3720.0,-7.0,-3255.0
2025-06,dynamic diced mozerella,Kg,16.1,7042.46,48.0,20996.16,11.5,5030.33,52.599999999999994,23008.29
2025-06,grocery,Nos,6.0,1100.64,119.0,20186.12,7.0,1205.96,118.0,20080.8
2025-06,bonless chicken,Kg,3.0,1002.0,56.3,17038.54,0.0,0.0,59.0,18040.54
2025-06,Gas-LPG-HPCL,Nos,1.5,2685.0,7.0,12390.0,2.0,3540.0,6.5,11535.0
2025-06,Maida yamuna,Kg,113.0,4791.2,100.0,4240.0,40.0,1696.0,173.0,7335.200000000001
2025-06,french fry hungritos 2.5kg,Kg,15.5,1847.14,37.5,4468.87,6.0,715.02,47.5,5600.99
2025-06,vegetables,Nos,3.0,145.32,103.0,5405.1,4.0,209.0,102.0,5341.42
2025-06,Regular Pizza Box,Nos,792.0,6732.0,0.0,0.0,370.0,3145.0,422.0,3587.0
2025-06,veeba pizza pasta sauce,Pkt,16.0,3088.16,0.0,0.0,0.0,0.0,16.0,3088.16
2025-06,eng veg,Nos,4.0,411.32,14.0,3646.01,4.0,1066.68,14.0,2990.6500000000005
2025-06,G.Crown Mushroom Slice 800g,Tin,33.0,3399.0,24.0,2472.0,32.0,3296.0,25.0,2575.0
2025-06,Salad Bowl 250ml,Nos,562.0,2950.5,50.0,262.5,150.0,787.5,462.0,2425.5
2025-06,Richs versatie cream,Pkt,11.0,2331.34,12.0,2543.28,12.0,2543.28,11.0,2331.3400000000006
2025-06,Mojito Menta Cubano,Nos,4.2,2180.64,0.0,0.0,0.0,0.0,4.2,2180.64
2025-06,Pepsi 250ml Pet,Nos,47.0,822.5,90.0,1575.0,19.0,332.5,118.0,2065.0
2025-06,Chocolate Ice-cream 4ltr,Nos,2.5,2040.0,2.0,1632.0,2.0,1632.0,2.5,2040.0
2025-06,Vanilla Ice-cream 4ltr,Nos,2.5,1360.0,4.0,2176.0,2.75,1496.0,3.75,2040.0
2025-06,Veeba Ketchup Sachet,Nos,720.0,612.0,2400.0,2040.0,892.0,758.2,2228.0,1893.8
2025-06,Herb Mix Masla,Kg,7.0,3122.0,0.0,0.0,3.2,1427.2,3.8,1694.8
2025-06,DVC PASSION FRUIT FLV SYRUP 750ML,Nos,3.3,1674.42,0.0,0.0,0.0,0.0,3.3,1674.42
2025-06,Tandoori mix Masala,Kg,5.9,2448.5,0.0,0.0,2.0,830.0,3.9000000000000004,1618.5
2025-06,sneha chi burgar pattis,Pkt,0.0,0.0,6.15,1581.47,0.0,0.0,6.0,1581.47
2025-06,black olive slice Habit,Tin,2.25,1746.36,2.0,1552.32,2.25,1746.36,2.0,1552.32
2025-06,Large Pizza Box,Nos,529.0,7855.65,0.0,0.0,427.0,6340.95,102.0,1514.6999999999998
2025-06,Pizza Premix,Kg,7.0,1764.0,14.0,3528.0,15.0,3780.0,6.0,1512.0
2025-06,Medium Pizza Box,Nos,568.0,5680.0,0.0,0.0,421.0,4210.0,147.0,1470.0
2025-06,dew 750 ml,Nos,17.0,584.29,24.0,824.88,0.0,0.0,41.0,1409.17
2025-06,staff rice 26kg,Kg,0.0,0.0,26.0,1349.92,0.0,0.0,26.0,1349.92
2025-06,slice cheese,Nos,102.0,838.44,204.0,1676.88,153.0,1257.66,153.0,1257.66
2025-06,milk,Nos,2.0,50.0,48.0,1200.0,0.0,0.0,50.0,1250.0
2025-06,Frozen Sweet Corn-Pal Fresh 500gm,Pkt,16.0,1200.0,0.0,0.0,0.0,0.0,16.0,1200.0
2025-06,Veeba Eggless Mayonise Chef 1KG,Kg,4.0,600.0,12.0,1800.0,8.0,1200.0,8.0,1200.0
2025-06,GO-Monterey Jack Cheese-2kg,Kg,0.0,0.0,2.0,1163.0,0.0,0.0,2.0,1163.0
2025-06,Brownie,Kg,3.0,1155.0,5.0,1925.0,5.0,1925.0,3.0,1155.0
2025-06,Vanilla Ice-cream,Pkt,0.0,0.0,2.0,1088.0,0.0,0.0,2.0,1088.0
2025-06,pepsi 1 ltr,Nos,18.0,798.12,15.0,665.1,9.0,399.06,24.0,1064.16
2025-06,slice 600ml pet,Nos,29.0,1046.32,0.0,0.0,0.0,0.0,29.0,1046.32
2025-06,Veeba Gouda Flavoured Dressing,Nos,9.0,1818.0,0.0,0.0,4.0,808.0,5.0,1010.0
2025-06,Pasta Container Black,Nos,371.0,3320.45,0.0,0.0,270.0,2416.5,101.0,903.9499999999998
2025-06,7UP 750ml Pet,Nos,24.0,930.0,24.0,824.88,25.0,859.25,23.0,895.6300000000001
2025-06,OREGANO SACHET 0.8GM,Pkt,6.0,1320.0,4.0,880.0,6.0,1320.0,4.0,880.0
2025-06,Mexican Masala,Pkt,6.0,2490.0,0.0,0.0,3.9,1618.5,2.1,871.5
2025-06,mexican mix,Kg,2.0,870.0,0.0,0.0,0.0,0.0,2.0,870.0
2025-06,7up 250ml Pet,Nos,27.0,472.5,60.0,1050.0,38.0,665.0,49.0,857.5
2025-06,Processed cheese block,Kg,2.5,1395.0,2.0,1116.0,3.0,1674.0,1.5,837.0
2025-06,Pepsi 750ml Pet,Nos,27.0,927.99,24.0,824.88,28.0,962.36,23.0,790.5099999999999
2025-06,tomato ketchup 1.2 bottle,Nos,8.0,880.0,0.0,0.0,1.0,110.0,7.0,770.0
2025-06,butter,Kg,0.0,0.0,2.0,760.0,0.0,0.0,2.0,760.0
2025-06,Berry Fresh Tender Coconut Pulp,Nos,2.0,740.0,0.0,0.0,0.0,0.0,2.0,740.0
2025-06,habit olive oil,Nos,5.0,1845.0,0.0,0.0,3.0,1107.0,2.0,738.0
2025-06,HABIT JALAPENO SLICES 2.9 KG,Tin,3.0,890.4,2.0,616.0,2.5,770.0,2.5,736.4000000000001
2025-06,sneha chi nuggets,Pkt,1.0,276.0,4.0,1104.0,2.4,662.4,2.6,717.6
2025-06, dry yeast 500 gm,Pkt,4.0,696.0,10.0,1780.0,10.0,1780.0,4.0,696.0
2025-06,oil,Pkt,6.0,819.0,0.0,0.0,1.0,136.5,5.0,682.5
2025-06,Tripod,Nos,500.0,675.0,0.0,0.0,0.0,0.0,500.0,675.0
2025-06,makhni gravy,Pkt,3.0,672.0,0.0,0.0,0.0,0.0,3.0,672.0
2025-06,Oregano Sprinkler 500g,Pkt,3.0,989.04,0.0,0.0,1.0,329.68,2.0,659.3599999999999
2025-06,garlic,Kg,2.0,260.0,2.0,380.0,0.0,0.0,4.0,640.0
2025-06,Lehar Soda,Nos,31.0,510.26,24.0,395.04,18.0,296.28,37.0,609.02
2025-06,Mini Burger Box,Nos,200.0,600.0,0.0,0.0,0.0,0.0,200.0,600.0
2025-06,7up 1 ltr,Nos,16.0,709.44,0.0,0.0,3.0,133.02,13.0,576.4200000000001
2025-06,French Fries Box,Nos,166.0,888.1,200.0,1070.0,260.0,1391.0,106.0,567.0999999999999
2025-06,Chicken Sausage,Kg,0.0,0.0,2.0,564.0,0.0,0.0,2.0,564.0
2025-06,Paneer tikka masala,Kg,1.5,562.5,0.0,0.0,0.0,0.0,1.5,562.5
2025-06,BBQ Mix Masala,Pkt,8.0,3720.0,0.0,0.0,6.8,3162.0,1.2000000000000002,558.0
2025-06,Puramate Pasta-Penne Rigatte 500g,Nos,10.0,695.5,4.0,278.2,6.0,417.3,8.0,556.4000000000001
2025-06,CHILLY FLAKES SACHET 0.8GM,Nos,0.0,0.0,1250.0,650.0,185.0,96.2,1065.0,553.8
2025-06,Butter Scotch Ice-cream,Nos,1.4,1082.2,0.0,0.0,0.7,541.1,0.7,541.1
2025-06,tandoori mayonise,Pkt,3.0,780.0,0.0,0.0,1.0,260.0,2.0,520.0
2025-06,pepsi can 330ml,Nos,24.0,822.96,0.0,0.0,9.0,308.61,15.0,514.35
2025-06,DVC Strawberry Syrup 750 ml,Nos,1.0,507.4,0.0,0.0,0.0,0.0,1.0,507.4
2025-06,Zippy Chicken Salami,Pkt,2.5,823.2,0.0,0.0,1.0,329.28,1.5,493.9200000000001
2025-06,DVC Green Apple 750 ML,Nos,3.4,1765.28,0.0,0.0,2.5,1298.0,0.8999999999999999,467.28
2025-06,burger buns,Nos,16.0,128.0,36.0,288.0,0.0,0.0,52.0,416.0
2025-06,red paprika habit,Tin,2.0,804.96,2.0,804.96,3.0,1207.44,1.0,402.48
2025-06,KOT Printing Rolls,Nos,26.0,1300.0,0.0,0.0,18.0,900.0,8.0,400.0
2025-06,Butter,Kg,2.5,950.0,0.0,0.0,1.5,570.0,1.0,380.0
2025-06,DVC BLUE OCCEAN FLV SYRUP 750ML,Nos,3.7,1921.04,0.0,0.0,3.0,1557.6,0.7000000000000002,363.44000000000005
2025-06,egg 7,Nos,0.0,0.0,50.0,350.0,0.0,0.0,50.0,350.0
2025-06,Dew can 300ml,Nos,10.0,342.9,0.0,0.0,0.0,0.0,10.0,342.9
2025-06,Pizza sauce premix,Kg,8.0,2600.0,0.0,0.0,7.0,2275.0,1.0,325.0
2025-06,staff chicken,Kg,0.0,0.0,2.15,322.5,0.0,0.0,2.0,322.5
2025-06,Mayonise premium,Pkt,1.0,168.0,2.0,336.0,1.0,184.0,2.0,320.0
2025-06,Tropicana Guava Delight 500ml,Nos,20.0,510.2,0.0,0.0,8.0,204.08,12.0,306.12
2025-06,bio cover,Kg,0.0,0.0,2.0,300.0,0.0,0.0,2.0,300.0
2025-06,wooden fork,Nos,346.0,294.1,0.0,0.0,0.0,0.0,346.0,294.1
2025-06,Paneer,Kg,2.0,580.0,0.0,0.0,1.0,290.0,1.0,290.0
2025-06,Chicken burger pattis,Kg,2.8,876.4,0.0,0.0,2.0,626.0,0.7999999999999998,250.39999999999998
2025-06,Garlic Bread Box,Nos,208.0,1560.0,0.0,0.0,176.0,1320.0,32.0,240.0
2025-06,Veg burger pattis,Pkt,1.8,432.0,0.0,0.0,0.8,192.0,1.0,240.0
2025-06,tomato,Kg,0.0,0.0,10.0,240.0,0.0,0.0,10.0,240.0
2025-06,Dew 250ml Pet,Nos,13.0,227.5,0.0,0.0,0.0,0.0,13.0,227.5
2025-06,Honey mustard dressing,Pkt,2.0,452.0,1.0,226.0,2.0,452.0,1.0,226.0
2025-06,dynamic cheddar block,Kg,1.7,941.8,1.0,554.0,2.3,1274.2,0.40000000000000036,221.5999999999999
2025-06,habit baby corn,Tin,12.0,1296.0,0.0,0.0,10.0,1080.0,2.0,216.0
2025-06,Puramate Pasta-Gomiti Rigate - macroni - 500g,Pkt,4.0,278.2,0.0,0.0,1.0,69.55,3.0,208.64999999999998
2025-06,Dip Bowl,Nos,100.0,200.0,0.0,0.0,0.0,0.0,100.0,200.0
2025-06,Paper Glass,Pkt,2.0,200.0,0.0,0.0,0.0,0.0,2.0,200.0
2025-06,Puramate Basil 250g Pouch,Nos,1.0,195.0,0.0,0.0,0.0,0.0,1.0,195.0
2025-06,chicken pepperoni,Kg,2.4,2076.0,0.0,0.0,2.18,1881.38,0.21999999999999975,194.6199999999999
2025-06,Piri Piri Marinade 1KG,Pkt,1.4,665.73,0.0,0.0,1.0,475.52,0.3999999999999999,190.21000000000004
2025-06,Strawberry-Ice cream,Nos,1.3,817.7,0.0,0.0,1.0,629.0,0.30000000000000004,188.70000000000005
2025-06,potato wedges,Kg,2.8,520.58,5.0,929.6,6.8,1264.26,1.0,185.92000000000007
2025-06,Schezwan sauce,Pkt,1.0,182.0,0.0,0.0,0.0,0.0,1.0,182.0
2025-06,chilly garlic spread,Pkt,4.0,680.0,0.0,0.0,3.0,510.0,1.0,170.0
2025-06,fruits,Nos,0.0,0.0,3.0,170.01,0.0,0.0,3.0,170.01
2025-06,Slice Mango 250ml pet,Nos,8.0,141.36,0.0,0.0,0.0,0.0,8.0,141.36
2025-06,Aqua Fina Mineral Water 1Ltr,Nos,16.0,199.68,0.0,0.0,5.0,62.4,11.0,137.28
2025-06,Corn Meal - MAKKA RAVA,Pkt,3.0,165.0,0.0,0.0,1.0,55.0,2.0,110.0
2025-06,Pineapple slice-Tajir Habit-850g,Nos,9.0,992.25,0.0,0.0,8.0,882.0,1.0,110.25
2025-06,Boneless Chicken,Kg,0.0,0.0,5.2,1531.01,5.0,1425.0,0.0,106.00999999999999
2025-06,Aromat Seasoning Powder,Pkt,1.0,172.0,0.0,0.0,0.4,68.8,0.6,103.2
2025-06,DVC Watermelon Syrup 750 ml,Nos,0.2,101.48,2.0,1038.4,2.0,1038.4,0.20000000000000018,101.48000000000002
2025-06,burger bun 4,Pkt,0.0,0.0,3.0,96.0,0.0,0.0,3.0,96.0
2025-06,Berry Fresh Chicku Pulp,Nos,2.5,700.0,0.0,0.0,2.2,616.0,0.2999999999999998,84.0
2025-06,Chilli Flakes,Pkt,1.85,81.4,0.0,0.0,0.0,0.0,1.85,81.4
2025-06,bio glass,Pkt,0.0,0.0,2.0,160.0,1.0,80.0,1.0,80.0
2025-06,DVC Mango Beverage Blend Syrup 750 ml,Nos,0.3,229.39,0.0,0.0,0.2,152.93,0.09999999999999998,76.45999999999998
2025-06,staff rice,Kg,20.0,730.0,0.0,0.0,18.0,657.0,2.0,73.0
2025-06,Mixed Herb Loose,Nos,0.2,60.48,0.0,0.0,0.0,0.0,0.2,60.48
2025-06,chicken masala,Pkt,0.0,0.0,2.0,54.0,0.0,0.0,2.0,54.0
2025-06,DVC Bubblegum Syrup Syrup 750 ml,Nos,0.9,456.66,0.0,0.0,0.8,405.92,0.09999999999999998,50.74000000000001
2025-06,Mustard Oil,Nos,0.5,84.0,0.0,0.0,0.2,33.6,0.3,50.4
2025-06,DVC Strawberry Syrup Syrup 750 ml,Nos,1.0,488.52,0.0,0.0,0.9,439.67,0.09999999999999998,48.849999999999966
2025-06,Green Peas,Pkt,0.25,32.5,1.0,145.0,0.9,130.5,0.35,47.0
2025-06,chicken pop corn sneha,Pkt,0.0,0.0,2.0,552.0,1.9,524.4,0.10000000000000009,27.600000000000023
2025-06,DVC Peach Garden Syrup Syrup 750 ml,Nos,0.85,415.24,0.0,0.0,0.8,390.82,0.04999999999999993,24.420000000000016
2025-06,malas butterscotch crush,Nos,1.0,143.0,0.0,0.0,0.9,128.7,0.09999999999999998,14.300000000000011
2025-06,DVC Cucumber Syrup 750 ml,Nos,2.0,1060.0,0.0,0.0,2.0,1060.0,0.0,0.0
2025-06,DVC Mixed Berry Beverage Blend Syrup 750 ml,Nos,1.0,828.0,0.0,0.0,1.0,828.0,0.0,0.0
2025-06,Honey,Kg,1.0,244.0,0.0,0.0,1.0,244.0,0.0,0.0
2025-06,Malas Chocolate Sauce 5 ltr,Nos,1.0,1060.0,0.0,0.0,1.0,1060.0,0.0,0.0
2025-06,POTATO POPS,Kg,1.0,214.5,0.0,0.0,1.0,214.5,0.0,0.0
2025-06,Tandoori Tikka Marinade 500Grm,Pkt,2.0,1150.0,0.0,0.0,2.0,1150.0,0.0,0.0
2025-06,Veeba ThousandIsland Dressing 1KG,Pkt,0.0,0.0,2.0,375.2,2.0,375.2,0.0,0.0
2025-06,chilly flakes sachet,Nos,500.0,260.0,0.0,0.0,500.0,260.0,0.0,0.0
2025-06,Wooden Fork-160mm,Pkt,0.0,0.0,0.0,0.0,0.4,40.0,-0.4,-40.0
2025-06,wodden spoon,Nos,0.0,0.0,0.0,0.0,68.0,44.2,-68.0,-44.2
2025-06,chilly flakes 500gm,Pkt,0.0,0.0,1.0,195.0,1.25,243.75,-0.25,-48.75
2025-06,Strawberry sause 750,Nos,0.0,0.0,0.0,0.0,0.5,71.5,-0.5,-71.5
2025-06,ice cube/80,Pkt,0.0,0.0,0.0,0.0,1.0,80.0,-1.0,-80.0
2025-06,straw,Pkt,0.0,0.0,0.0,0.0,3.0,120.0,-3.0,-120.0
2025-06,Tissue,Pkt,0.0,0.0,0.0,0.0,7.0,126.0,-7.0,-126.0
2025-06,bio covers,Kg,1.5,225.0,0.0,0.0,2.5,375.0,-1.0,-150.0
2025-06,Puramate Basil 250g Pouch,Grams,0.0,0.0,0.0,0.0,250.0,195.0,-250.0,-195.0
2025-06,Lamp Pepperoni,Kg,0.9,805.5,0.0,0.0,1.18,1051.62,-0.2799999999999999,-246.1199999999999
2025-06,sweet corn 1kg,Pkt,0.0,0.0,10.0,1300.0,12.0,1560.0,-2.0,-260.0
2025-06,Zippy  B.Fast Sausage ,Kg,2.5,738.6,0.0,0.0,3.5,1034.04,-1.0,-295.43999999999994
2025-06,Bread Premix,Kg,3.8,957.6,0.0,0.0,5.0,1260.0,-1.2000000000000002,-302.4
2025-06,pizza sauce,Kg,1.0,120.0,0.0,0.0,4.0,480.0,-3.0,-360.0
2025-06,Slice Mango 600ml pet,Nos,0.0,0.0,0.0,0.0,24.0,502.08,-24.0,-502.08
2025-06,Dew 750ml Pet,Nos,0.0,0.0,0.0,0.0,16.0,549.92,-16.0,-549.92
2025-06,Moktails Glass,Nos,266.0,2128.0,0.0,0.0,362.0,2896.0,-96.0,-768.0
2025-06,Berry Fresh Tender Coconut Pulp 2kg,Tin,0.0,0.0,0.0,0.0,2.1,777.0,-2.1,-777.0
2025-06,chicken kheema masala,Kg,2.15,1397.5,0.0,0.0,3.5,2275.0,-1.35,-877.5
2025-06,Chettinad Mix,Kg,1.55,1009.05,0.0,0.0,3.0,1953.0,-1.45,-943.95
2025-06,Veeba Pasta & Pizza Sauce 1KG,Pkt,0.0,0.0,0.0,0.0,6.0,1102.08,-6.0,-1102.08
2025-06,DVC Mint Flavoured Syrup 750 ml,Nos,0.0,0.0,0.0,0.0,2.3,1167.02,-2.3,-1167.02
2025-06,DVC Passion Fruit 750ML,Nos,0.0,0.0,0.0,0.0,2.4,1246.08,-2.4,-1246.08
2025-06,Salad Bowl 500ml,Nos,18.0,117.9,0.0,0.0,290.0,1899.5,-272.0,-1781.6
2025-06,tandoori tikka powder,Kg,0.0,0.0,0.0,0.0,2.0,2300.0,-2.0,-2300.0
2025-06,colby cheese 1 kg,Kg,0.0,0.0,0.0,0.0,4.0,2537.92,-4.0,-2537.92
2025-06,paneer tikka powder,Kg,0.12,108.0,0.0,0.0,3.0,2700.0,-2.88,-2592.0
2025-07,dynamic diced mozerella,Kg,11.5,5030.33,72.0,31494.24,0.0,0.0,83.5,36524.57
2025-07,grocery,Nos,7.0,1205.96,140.0,26120.1,0.0,0.0,147.0,27326.059999999998
2025-07,Boneless Chicken,Kg,5.0,1425.0,58.75,17020.49,5.0,1350.0,59.0,17095.49
2025-07,Gas-LPG-HPCL,Nos,2.0,3540.0,9.0,15390.0,2.0,3420.0,9.0,15510.0
2025-07,Maida yamuna,Kg,40.0,1696.0,200.0,8480.0,70.0,2968.0,170.0,7208.0
2025-07,vegetables,Nos,4.0,209.0,113.0,6454.1,5.0,251.0,112.0,6412.1
2025-07,french fry hungritos 2.5kg,Kg,6.0,715.02,75.0,8937.75,30.0,3575.1,51.0,6077.67
2025-07,ENGLISH vegetables,Nos,0.0,0.0,16.0,4421.0,3.0,848.4,13.0,3572.6
2025-07,G.Crown Mushroom Slice 800g,Tin,32.0,3296.0,24.0,2472.0,22.0,2266.0,34.0,3502.0
2025-07,Pizza Premix,Kg,15.0,3780.0,20.0,5040.0,21.5,5418.0,13.5,3402.0
2025-07,Regular Pizza Box,Nos,370.0,3145.0,800.0,6800.0,811.0,6893.5,359.0,3051.5
2025-07,colby cheese 1 kg,Kg,4.0,2537.92,0.0,0.0,0.0,0.0,4.0,2537.92
2025-07,bonless chicken,Kg,0.0,0.0,8.65,2482.5,0.0,0.0,9.0,2482.5
2025-07,bbq mix,Kg,0.0,0.0,5.0,2325.0,0.0,0.0,5.0,2325.0
2025-07,Medium Pizza Box,Nos,421.0,4210.0,500.0,5000.0,709.0,7090.0,212.0,2120.0
2025-07,Moktails Glass,Nos,362.0,2896.0,100.0,800.0,200.0,1600.0,262.0,2096.0
2025-07,Pepsi 250ml Pet,Nos,19.0,332.5,150.0,2625.0,58.0,1015.0,111.0,1942.5
2025-07,mexican mix,Kg,0.0,0.0,6.0,2610.0,1.9,826.5,4.1,1783.5
2025-07,Pasta Container Black,Nos,270.0,2416.5,150.0,1342.5,224.0,2004.8,196.0,1754.2
2025-07,black olive slice Habit,Tin,2.25,1746.36,2.0,1734.0,2.0,1734.0,2.25,1746.3599999999997
2025-07,Processed cheese block,Kg,3.0,1674.0,0.0,0.0,0.0,0.0,3.0,1674.0
2025-07,Chettinad Mix,Kg,3.0,1953.0,0.0,0.0,0.5,325.5,2.5,1627.5
2025-07,Veeba Ketchup Sachet,Nos,892.0,758.2,2400.0,2040.0,1408.0,1196.8,1884.0,1601.3999999999999
2025-07,sweet corn 1kg,Pkt,12.0,1560.0,0.0,0.0,0.0,0.0,12.0,1560.0
2025-07,slice cheese,Nos,153.0,1257.66,153.0,1257.66,119.0,978.18,187.0,1537.1400000000003
2025-07,Vanilla Ice-cream 4ltr,Nos,2.75,1496.0,2.0,1088.0,2.0,1088.0,2.75,1496.0
2025-07,Richs versatie cream,Pkt,12.0,2543.28,12.0,2543.28,17.0,3602.98,7.0,1483.5800000000004
2025-07,Paneer,Kg,1.0,290.0,6.0,1740.0,2.0,580.0,5.0,1450.0
2025-07,French Fries Box,Nos,260.0,1391.0,0.0,0.0,0.0,0.0,260.0,1391.0
2025-07,HABIT JALAPENO SLICES 2.9 KG,Tin,2.5,770.0,4.0,1232.0,2.0,616.0,4.5,1386.0
2025-07,Butter,Kg,1.5,570.0,2.0,760.0,0.0,0.0,3.5,1330.0
2025-07,OREGANO SACHET 0.8GM,Pkt,6.0,1320.0,0.0,0.0,0.0,0.0,6.0,1320.0
2025-07,chicken kheema masala,Kg,3.5,2275.0,0.0,0.0,1.5,975.0,2.0,1300.0
2025-07,sneha chi burgar pattis,Pkt,0.0,0.0,8.0,2080.5,3.0,806.4,5.0,1274.1
2025-07,fruits,Nos,0.0,0.0,7.0,1256.01,0.0,0.0,7.0,1256.01
2025-07,sneha chi nuggets,Pkt,2.4,662.4,4.0,1104.0,2.0,552.0,4.4,1214.4
2025-07,7up 250ml Pet,Nos,38.0,665.0,60.0,1050.0,29.0,507.5,69.0,1207.5
2025-07,DVC Mint Flavoured Syrup 750 ml,Nos,2.3,1167.02,0.0,0.0,0.0,0.0,2.3,1167.02
2025-07,veeba pizza pasta sauce,Pkt,0.0,0.0,12.0,2316.12,6.0,1158.06,6.0,1158.06
2025-07,Brownie,Kg,5.0,1925.0,4.0,1540.0,6.0,2310.0,3.0,1155.0
2025-07,Tandoori Tikka Marinade 500Grm,Pkt,2.0,1150.0,0.0,0.0,0.0,0.0,2.0,1150.0
2025-07,tandoori tikka powder,Kg,2.0,2300.0,0.0,0.0,1.0,1150.0,1.0,1150.0
2025-07,Veeba Pasta & Pizza Sauce 1KG,Pkt,6.0,1102.08,0.0,0.0,0.0,0.0,6.0,1102.08
2025-07,Vanilla Ice-cream,Pkt,0.0,0.0,2.0,1088.0,0.0,0.0,2.0,1088.0
2025-07,eng veg,Nos,4.0,1066.68,0.0,0.0,0.0,0.0,4.0,1066.68
2025-07,Veeba Eggless Mayonise Chef 1KG,Kg,8.0,1200.0,12.0,1800.0,13.0,1950.0,7.0,1050.0
2025-07,DVC Watermelon Syrup 750 ml,Nos,2.0,1038.4,0.0,0.0,0.0,0.0,2.0,1038.4
2025-07,Zippy  B.Fast Sausage ,Kg,3.5,1034.04,0.0,0.0,0.0,0.0,3.5,1034.04
2025-07,Pepsi 750ml Pet,Nos,28.0,962.36,24.0,824.88,22.0,756.14,30.0,1031.1
2025-07,Veeba Gouda Flavoured Dressing,Nos,4.0,808.0,12.0,2424.0,11.0,2222.0,5.0,1010.0
2025-07,Large Pizza Box,Nos,427.0,6340.95,0.0,0.0,369.0,5479.65,58.0,861.3000000000002
2025-07,7UP 750ml Pet,Nos,25.0,859.25,0.0,0.0,0.0,0.0,25.0,859.25
2025-07,pepsi 1 ltr,Nos,9.0,399.06,30.0,1330.2,20.0,886.8,19.0,842.46
2025-07,Dew can 300ml,Nos,0.0,0.0,24.0,822.96,0.0,0.0,24.0,822.96
2025-07,Mexican Masala,Pkt,3.9,1618.5,0.0,0.0,2.0,830.0,1.9,788.5
2025-07,Berry Fresh Tender Coconut Pulp 2kg,Tin,2.1,777.0,0.0,0.0,0.0,0.0,2.1,777.0
2025-07,butter,Kg,0.0,0.0,2.0,760.0,0.0,0.0,2.0,760.0
2025-07,habit olive oil,Nos,3.0,1107.0,2.0,738.0,3.0,1107.0,2.0,738.0
2025-07,milk,Nos,0.0,0.0,32.0,800.0,3.0,75.0,29.0,725.0
2025-07, dry yeast 500 gm,Pkt,10.0,1780.0,0.0,0.0,6.0,1068.0,4.0,712.0
2025-07,Lehar Soda,Nos,18.0,296.28,48.0,790.08,23.0,378.58,43.0,707.7800000000002
2025-07,Honey mustard dressing,Pkt,2.0,452.0,3.0,678.0,2.0,452.0,3.0,678.0
2025-07,paneer tikka powder,Kg,3.0,2700.0,0.75,675.0,3.0,2700.0,1.0,675.0
2025-07,tomato,Kg,0.0,0.0,20.0,670.0,0.0,0.0,20.0,670.0
2025-07,7up 1 ltr,Nos,3.0,133.02,30.0,1330.2,18.0,798.12,15.0,665.1
2025-07,Oregano Sprinkler 500g,Pkt,1.0,329.68,4.0,1320.0,3.0,990.0,2.0,659.6800000000001
2025-07,Chicken burger pattis,Kg,2.0,626.0,0.0,0.0,0.0,0.0,2.0,626.0
2025-07,milky mist butter 500gm,Nos,0.0,0.0,4.0,1249.0,2.0,624.5,2.0,624.5
2025-07,staff chicken,Kg,0.0,0.0,4.13,619.5,0.0,0.0,4.0,619.5
2025-07,Berry Fresh Chicku Pulp,Nos,2.2,616.0,2.0,560.0,2.0,560.0,2.2,616.0
2025-07,chilly flakes sachet,Nos,500.0,260.0,1250.0,650.0,622.0,323.44,1128.0,586.56
2025-07,chicken pepperoni,Kg,2.18,1881.38,0.0,0.0,1.5,1297.5,0.6800000000000002,583.8800000000001
2025-07,Dew 750ml Pet,Nos,16.0,549.92,0.0,0.0,0.0,0.0,16.0,549.92
2025-07,Butter Scotch Ice-cream,Nos,0.7,541.1,1.0,773.0,1.0,773.0,0.7,541.0999999999999
2025-07,Bread Premix,Kg,5.0,1260.0,5.0,1200.0,8.0,1920.0,2.0,540.0
2025-07,potato wedges,Kg,6.8,1264.26,0.0,0.0,4.0,743.68,2.8,520.58
2025-07,DVC Passion Fruit 750ML,Nos,2.4,1246.08,0.0,0.0,1.4,726.88,1.0,519.1999999999999
2025-07,chilly garlic spread,Pkt,3.0,510.0,0.0,0.0,0.0,0.0,3.0,510.0
2025-07,Slice Mango 600ml pet,Nos,24.0,502.08,0.0,0.0,0.0,0.0,24.0,502.08
2025-07,Puramate Pasta-Penne Rigatte 500g,Pkt,0.0,0.0,14.0,994.0,7.0,497.0,7.0,497.0
2025-07,Zippy Chicken Salami,Pkt,1.0,329.28,2.0,660.0,1.5,495.0,1.5,494.28
2025-07,Mini Burger Box,Nos,0.0,0.0,200.0,600.0,50.0,150.0,150.0,450.0
2025-07,Veeba Makhani Gravy 1KG,Pkt,0.0,0.0,2.0,448.0,0.0,0.0,2.0,448.0
2025-07,Veeba T. Ketchup 1.2KG,Nos,0.0,0.0,4.0,420.0,0.0,0.0,4.0,420.0
2025-07,Puramate Pasta-Penne Rigatte 500g,Nos,6.0,417.3,0.0,0.0,0.0,0.0,6.0,417.3
2025-07,burger buns,Nos,0.0,0.0,52.0,416.0,0.0,0.0,52.0,416.0
2025-07,DVC Green Apple 750 ML,Nos,2.5,1298.0,0.0,0.0,1.7,882.64,0.8,415.36
2025-07,red paprika habit,Tin,3.0,1207.44,0.0,0.0,2.0,804.96,1.0,402.48
2025-07,Garlic Bread Box,Nos,176.0,1320.0,0.0,0.0,123.0,922.5,53.0,397.5
2025-07,DVC Peach Garden Syrup Syrup 750 ml,Nos,0.8,390.82,0.0,0.0,0.0,0.0,0.8,390.82
2025-07,Veeba ThousandIsland Dressing 1KG,Pkt,2.0,375.2,2.0,375.2,2.0,375.2,2.0,375.2
2025-07,Mayonise premium,Pkt,1.0,184.0,4.0,736.0,3.0,552.0,2.0,368.0
2025-07,Aqua Fina Mineral Water 1Ltr,Nos,5.0,62.4,36.0,485.76,14.0,196.0,27.0,352.15999999999997
2025-07,KOT Printing Rolls,Nos,18.0,900.0,0.0,0.0,11.0,550.0,7.0,350.0
2025-07,Pizza sauce premix,Kg,7.0,2275.0,5.0,1625.0,11.0,3575.0,1.0,325.0
2025-07,Veg burger pattis,Pkt,0.8,192.0,2.0,480.0,1.5,360.0,1.2999999999999998,312.0
2025-07,pepsi can 330ml,Nos,9.0,308.61,0.0,0.0,0.0,0.0,9.0,308.61
2025-07,Salad Bowl 250ml,Nos,150.0,787.5,200.0,1050.0,300.0,1575.0,50.0,262.5
2025-07,tandoori mayonise,Pkt,1.0,260.0,1.0,260.0,1.0,260.0,1.0,260.0
2025-07,chilly flakes 500gm,Pkt,1.25,243.75,0.0,0.0,0.0,0.0,1.25,243.75
2025-07,habit baby corn,Tin,10.0,1080.0,0.0,0.0,8.0,864.0,2.0,216.0
2025-07,Tropicana Guava Delight 500ml,Nos,8.0,204.08,0.0,0.0,0.0,0.0,8.0,204.08
2025-07,Puramate Basil 250g Pouch,Grams,250.0,195.0,0.0,0.0,0.0,0.0,250.0,195.0
2025-07,chicken pop corn sneha,Pkt,1.9,524.4,0.0,0.0,1.2,331.2,0.7,193.2
2025-07,dynamic cheddar block,Kg,2.3,1274.2,0.0,0.0,2.0,1108.0,0.2999999999999998,166.20000000000005
2025-07,ice cube/80,Pkt,1.0,80.0,1.0,80.0,0.0,0.0,2.0,160.0
2025-07,DVC BLUE OCCEAN FLV SYRUP 750ML,Nos,3.0,1557.6,0.0,0.0,2.7,1401.84,0.2999999999999998,155.76
2025-07,DVC Mango Beverage Blend Syrup 750 ml,Nos,0.2,152.93,0.0,0.0,0.0,0.0,0.2,152.93
2025-07,Egg 7.5,Nos,0.0,0.0,20.0,150.0,0.0,0.0,20.0,150.0
2025-07,Piri Piri Marinade 1KG,Pkt,1.0,475.52,1.0,475.52,1.7,808.38,0.30000000000000004,142.65999999999997
2025-07,Puramate Pasta-Gomiti Rigate - macroni - 500g,Pkt,1.0,69.55,4.0,284.0,3.0,213.0,2.0,140.55
2025-07,oil,Pkt,1.0,136.5,0.0,0.0,0.0,0.0,1.0,136.5
2025-07,malas butterscotch crush,Nos,0.9,128.7,0.0,0.0,0.0,0.0,0.9,128.7
2025-07,tomato ketchup 1.2 bottle,Nos,1.0,110.0,5.0,550.0,5.0,550.0,1.0,110.0
2025-07,CHILLY FLAKES SACHET 0.8GM,Nos,185.0,96.2,0.0,0.0,0.0,0.0,185.0,96.2
2025-07,Honey,Kg,1.0,244.0,1.0,244.0,1.7,414.8,0.30000000000000004,73.19999999999999
2025-07,Strawberry sause 750,Nos,0.5,71.5,0.0,0.0,0.0,0.0,0.5,71.5
2025-07,egg 7,Nos,0.0,0.0,10.0,70.0,0.0,0.0,10.0,70.0
2025-07,Dew 250ml Pet,Nos,0.0,0.0,30.0,525.0,27.0,472.5,3.0,52.5
2025-07,Green Peas,Pkt,0.9,130.5,0.0,0.0,0.6,87.0,0.30000000000000004,43.5
2025-07,Wooden Fork-160mm,Pkt,0.4,40.0,0.0,0.0,0.0,0.0,0.4,40.0
2025-07,garam masala,Pkt,0.0,0.0,1.0,40.0,0.0,0.0,1.0,40.0
2025-07,curd,Pkt,0.0,0.0,1.0,30.0,0.0,0.0,1.0,30.0
2025-07,curd local,Nos,0.0,0.0,1.0,30.0,0.0,0.0,1.0,30.0
2025-07,Aromat Seasoning Powder,Pkt,0.4,68.8,0.0,0.0,0.3,51.6,0.10000000000000003,17.199999999999996
2025-07,7up can 300ml,Nos,0.0,0.0,24.0,822.96,24.0,822.96,0.0,0.0
2025-07,Chocolate Ice-cream 4ltr,Nos,2.0,1632.0,0.0,0.0,2.0,1632.0,0.0,0.0
2025-07,DVC Bubblegum Syrup Syrup 750 ml,Nos,0.8,405.92,0.0,0.0,0.8,405.92,0.0,0.0
2025-07,DVC Cucumber Syrup 750 ml,Nos,2.0,1060.0,0.0,0.0,2.0,1060.0,0.0,0.0
2025-07,DVC Mixed Berry Beverage Blend Syrup 750 ml,Nos,1.0,828.0,0.0,0.0,1.0,828.0,0.0,0.0
2025-07,Malas Chocolate Sauce 5 ltr,Nos,1.0,1060.0,0.0,0.0,1.0,1060.0,0.0,0.0
2025-07,Mojito Menta Cubano,Nos,0.0,0.0,4.0,2080.0,4.0,2080.0,0.0,0.0
2025-07,Pineapple slice-Tajir Habit-850g,Nos,8.0,882.0,0.0,0.0,8.0,882.0,0.0,0.0
2025-07,Processed cheese block,Nos,0.0,0.0,4.0,1108.8,4.0,1108.8,0.0,0.0
2025-07,pepsi can300ml,Nos,0.0,0.0,24.0,822.96,24.0,822.96,0.0,0.0
2025-07,straw,Pkt,3.0,120.0,0.0,0.0,3.0,120.0,0.0,0.0
2025-07,7up pet 750ml,Nos,0.0,0.0,24.0,824.88,25.0,859.25,-1.0,-34.370000000000005
2025-07,POTATO POPS,Kg,1.0,214.5,0.0,0.0,1.2,257.4,-0.19999999999999996,-42.89999999999998
2025-07,Chilli Flakes,Pkt,0.0,0.0,0.0,0.0,1.0,44.0,-1.0,-44.0
2025-07,Tissue,Pkt,7.0,126.0,0.0,0.0,10.0,180.0,-3.0,-54.0
2025-07,Corn Meal - MAKKA RAVA,Pkt,1.0,55.0,0.0,0.0,2.0,110.0,-1.0,-55.0
2025-07,dew 750 ml,Nos,0.0,0.0,0.0,0.0,2.0,68.74,-2.0,-68.74
2025-07,staff rice,Kg,18.0,657.0,0.0,0.0,20.0,730.0,-2.0,-73.0
2025-07,bio glass,Pkt,1.0,80.0,0.0,0.0,2.0,160.0,-1.0,-80.0
2025-07,wodden spoon,Nos,68.0,44.2,0.0,0.0,200.0,130.0,-132.0,-85.8
2025-07,Butter Scotch Sauce 750ml,Nos,0.0,0.0,0.0,0.0,0.8,114.4,-0.8,-114.4
2025-07,Mustard Oil,Nos,0.2,33.6,0.0,0.0,1.0,168.0,-0.8,-134.4
2025-07,Schezwan sauce,Pkt,0.0,0.0,2.0,364.0,3.0,546.0,-1.0,-182.0
2025-07,Paneer tikka masala,Kg,0.0,0.0,0.0,0.0,0.5,187.5,-0.5,-187.5
2025-07,OREGANO SACHET 0.8GM,Nos,0.0,0.0,1200.0,876.0,1480.0,1080.4,-280.0,-204.4000000000001
2025-07,makhni gravy,Pkt,0.0,0.0,1.0,224.0,2.0,448.0,-1.0,-224.0
2025-07,bio covers,Kg,2.5,375.0,0.0,0.0,4.0,600.0,-1.5,-225.0
2025-07,Lamp Pepperoni,Kg,1.18,1051.62,1.0,895.0,2.5,2237.5,-0.3200000000000003,-290.8800000000001
2025-07,Herb Mix Masla,Kg,3.2,1427.2,5.0,2230.0,9.0,4014.0,-0.8000000000000007,-356.8000000000002
2025-07,Salad Bowl 500ml,Nos,290.0,1899.5,0.0,0.0,350.0,2292.5,-60.0,-393.0
2025-07,DVC Strawberry Syrup 750 ml,Nos,0.0,0.0,0.0,0.0,0.8,405.92,-0.8,-405.92
2025-07,DVC Peach GardenSyrup 750 ml,Nos,0.0,0.0,0.0,0.0,0.8,424.0,-0.8,-424.0
2025-07,Frozen Sweet Corn-Pal Fresh 500gm,Pkt,0.0,0.0,0.0,0.0,6.0,450.0,-6.0,-450.0
2025-07,DVC Strawberry Syrup Syrup 750 ml,Nos,0.9,439.67,0.0,0.0,2.0,977.04,-1.1,-537.3699999999999
2025-07,Berry Fresh Tender Coconut Pulp,Nos,0.0,0.0,2.0,740.0,3.5,1295.0,-1.5,-555.0
2025-07,Tandoori mix Masala,Kg,2.0,830.0,5.0,2075.0,8.4,3486.0,-1.4000000000000004,-581.0
2025-07,Chicken Sausage,Kg,0.0,0.0,0.0,0.0,2.3,648.6,-2.3,-648.6
2025-07,pizza sauce,Kg,4.0,480.0,0.0,0.0,10.0,1200.0,-6.0,-720.0
2025-07,slice mango 600ml,Nos,0.0,0.0,0.0,0.0,20.0,721.6,-20.0,-721.6
2025-07,Strawberry-Ice cream,Nos,1.0,629.0,0.0,0.0,2.2,1383.8,-1.2000000000000002,-754.8
2025-07,Butter,Pkt,0.0,0.0,0.0,0.0,4.0,760.0,-4.0,-760.0
2025-07,dew can300ml,Nos,0.0,0.0,0.0,0.0,23.0,788.67,-23.0,-788.67
2025-07,BBQ Mix Masala,Pkt,6.8,3162.0,0.0,0.0,9.7,4510.5,-2.8999999999999995,-1348.5
2025-07,GO-Monterey Jack Cheese-2kg,Kg,0.0,0.0,0.0,0.0,3.5,2035.25,-3.5,-2035.25
2025-07,dynamix shredded cheese,Kg,0.0,0.0,0.0,0.0,19.75,8393.75,-19.75,-8393.75
2025-08,dynamic diced mozerella,Kg,0.0,0.0,72.0,31494.24,23.65,10344.98,48.35,21149.260000000002
2025-08,Boneless Chicken,Kg,5.0,1350.0,79.25,21005.59,5.0,1400.0,79.0,20955.59
2025-08,grocery,Nos,0.0,0.0,109.0,20851.92,0.0,0.0,109.0,20851.92
2025-08,Gas-LPG-HPCL,Nos,2.0,3420.0,8.0,13360.0,2.0,3340.0,8.0,13440.0
2025-08,dynamix shredded cheese,Kg,19.75,8393.75,0.0,0.0,0.0,0.0,19.75,8393.75
2025-08,Maida yamuna,Kg,70.0,2968.0,200.0,8480.0,92.0,3900.8,178.0,7547.2
2025-08,french fry hungritos 2.5kg,Kg,30.0,3575.1,50.0,5958.5,25.0,2979.25,55.0,6554.35
2025-08,vegetables,Nos,5.0,251.0,103.0,5765.96,3.0,122.01,105.0,5894.95
2025-08,Regular Pizza Box,Nos,811.0,6893.5,0.0,0.0,336.0,2856.0,475.0,4037.5
2025-08,ENGLISH vegetables,Nos,3.0,848.4,15.0,3558.0,2.0,547.6,16.0,3858.7999999999997
2025-08,fruits and vegetables,Nos,0.0,0.0,22.0,3721.97,0.0,0.0,22.0,3721.97
2025-08,Pizza Premix,Kg,21.5,5418.0,0.0,0.0,7.0,1764.0,14.5,3654.0
2025-08,G.Crown Mushroom Slice 800g,Tin,22.0,2266.0,48.0,4944.0,38.0,3914.0,32.0,3296.0
2025-08,Medium Pizza Box,Nos,709.0,7090.0,0.0,0.0,410.0,4100.0,299.0,2990.0
2025-08,paneer tikka powder,Kg,3.0,2700.0,0.0,0.0,0.0,0.0,3.0,2700.0
2025-08,veeba pizza pasta sauce,Pkt,6.0,1158.06,16.0,3088.16,10.0,1930.1,12.0,2316.1199999999994
2025-08,Veeba Gouda Flavoured Dressing,Nos,11.0,2222.0,0.0,0.0,0.0,0.0,11.0,2222.0
2025-08,Vanilla Ice-cream,Pkt,0.0,0.0,4.0,2176.0,0.0,0.0,4.0,2176.0
2025-08,black olive slice Habit,Tin,2.0,1734.0,2.0,1734.0,1.5,1300.5,2.5,2167.5
2025-08,sneha chi burgar pattis,Pkt,3.0,806.4,8.0,2150.4,3.0,806.4,8.0,2150.4
2025-08,GO-Monterey Jack Cheese-2kg,Kg,3.5,2035.25,0.0,0.0,0.0,0.0,3.5,2035.25
2025-08,Brownie,Kg,6.0,2310.0,0.0,0.0,1.0,385.0,5.0,1925.0
2025-08,Richs versatie cream,Pkt,17.0,3602.98,0.0,0.0,8.0,1695.52,9.0,1907.46
2025-08,Veeba Ketchup Sachet,Nos,1408.0,1196.8,2400.0,2040.0,1580.0,1343.0,2228.0,1893.8000000000002
2025-08,Large Pizza Box,Nos,369.0,5479.65,0.0,0.0,251.0,3727.35,118.0,1752.2999999999997
2025-08,BBQ Mix Masala,Pkt,9.7,4510.5,0.0,0.0,6.0,2790.0,3.6999999999999993,1720.5
2025-08,mexican mix,Kg,1.9,826.5,2.0,870.0,0.0,0.0,3.9,1696.5
2025-08,Processed cheese block,Nos,4.0,1108.8,4.0,1108.8,2.0,554.4,6.0,1663.1999999999998
2025-08,7up 250ml Pet,Nos,29.0,507.5,60.0,1050.0,0.0,0.0,89.0,1557.5
2025-08,slice cheese,Nos,119.0,978.18,102.0,838.44,32.0,263.04,189.0,1553.58
2025-08,Veeba Eggless Mayonise Chef 1KG,Kg,13.0,1950.0,12.0,1800.0,16.0,2400.0,9.0,1350.0
2025-08,Lamp Pepperoni,Kg,2.5,2237.5,0.0,0.0,1.0,895.0,1.5,1342.5
2025-08,Berry Fresh Tender Coconut Pulp,Nos,3.5,1295.0,0.0,0.0,0.0,0.0,3.5,1295.0
2025-08,Pepsi 750ml Pet,Nos,22.0,756.14,24.0,824.88,10.0,343.7,36.0,1237.32
2025-08,Pepsi 250ml Pet,Nos,58.0,1015.0,60.0,1050.0,48.0,840.0,70.0,1225.0
2025-08,sneha chi nuggets,Pkt,2.0,552.0,4.0,1104.0,1.6,441.6,4.4,1214.4
2025-08,Lehar Soda,Nos,23.0,378.58,48.0,790.08,0.0,0.0,71.0,1168.66
2025-08,tandoori tikka powder,Kg,1.0,1150.0,0.0,0.0,0.0,0.0,1.0,1150.0
2025-08,Tandoori mix Masala,Kg,8.4,3486.0,0.0,0.0,5.7,2365.5,2.7,1120.5
2025-08,dynamic cheddar block,Kg,2.0,1108.0,0.0,0.0,0.0,0.0,2.0,1108.0
2025-08,dynamix butter,Kg,0.0,0.0,2.0,1052.8,0.0,0.0,2.0,1052.8
2025-08,Chocolate Ice-cream 4ltr,Nos,2.0,1632.0,1.0,816.0,1.8,1468.8,1.2,979.2
2025-08,DVC Strawberry Syrup Syrup 750 ml,Nos,2.0,977.04,0.0,0.0,0.0,0.0,2.0,977.04
2025-08,HABIT JALAPENO SLICES 2.9 KG,Tin,2.0,616.0,4.0,1232.0,3.0,924.0,3.0,924.0
2025-08,makhni gravy,Pkt,2.0,448.0,2.0,448.0,0.0,0.0,4.0,896.0
2025-08,dew 750 ml,Nos,2.0,68.74,24.0,824.88,0.0,0.0,26.0,893.62
2025-08,pepsi 1 ltr,Nos,20.0,886.8,15.0,665.1,15.0,665.1,20.0,886.8000000000001
2025-08,Paneer,Kg,2.0,580.0,4.0,1160.0,3.0,870.0,3.0,870.0
2025-08,habit baby corn,Tin,8.0,864.0,0.0,0.0,0.0,0.0,8.0,864.0
2025-08,7up pet 750ml,Nos,25.0,859.25,0.0,0.0,0.0,0.0,25.0,859.25
2025-08,chilly flakes sachet,Nos,622.0,323.44,2250.0,1170.0,1225.0,637.0,1647.0,856.44
2025-08,Puramate Pasta-Penne Rigatte 500g,Pkt,7.0,497.0,16.0,1136.0,11.0,781.0,12.0,852.0
2025-08, dry yeast 500 gm,Pkt,6.0,1068.0,0.0,0.0,1.3,231.4,4.7,836.6
2025-08,Mexican Masala,Pkt,2.0,830.0,0.0,0.0,0.0,0.0,2.0,830.0
2025-08,DVC Mixed Berry Beverage Blend Syrup 750 ml,Nos,1.0,828.0,0.0,0.0,0.0,0.0,1.0,828.0
2025-08,red paprika habit,Tin,2.0,804.96,2.0,804.96,2.0,804.96,2.0,804.96
2025-08,Honey mustard dressing,Pkt,2.0,452.0,3.0,678.0,1.5,339.0,3.5,791.0
2025-08,dew can300ml,Nos,23.0,788.67,0.0,0.0,0.0,0.0,23.0,788.67
2025-08,chicken kheema masala,Kg,1.5,975.0,0.0,0.0,0.3,195.0,1.2,780.0
2025-08,OREGANO SACHET 0.8GM,Nos,1480.0,1080.4,1200.0,876.0,1620.0,1182.6,1060.0,773.8000000000002
2025-08,Butter,Kg,0.0,0.0,2.0,760.0,0.0,0.0,2.0,760.0
2025-08,Moktails Glass,Nos,200.0,1600.0,0.0,0.0,105.0,840.0,95.0,760.0
2025-08,Strawberry-Ice cream,Nos,2.2,1383.8,0.0,0.0,1.0,629.0,1.2000000000000002,754.8
2025-08,7up 1 ltr,Nos,18.0,798.12,15.0,665.1,16.0,709.44,17.0,753.78
2025-08,pepsi can300ml,Nos,24.0,822.96,0.0,0.0,2.0,68.58,22.0,754.38
2025-08,staff rice,Kg,20.0,730.0,0.0,0.0,0.0,0.0,20.0,730.0
2025-08,DVC Passion Fruit 750ML,Nos,1.4,726.88,0.0,0.0,0.0,0.0,1.4,726.88
2025-08,slice mango 600ml,Nos,20.0,721.6,0.0,0.0,0.0,0.0,20.0,721.6
2025-08,Herb Mix Masla,Kg,9.0,4014.0,0.0,0.0,7.5,3345.0,1.5,669.0
2025-08,Oregano Sprinkler 500g,Pkt,3.0,990.0,2.0,660.0,3.0,990.0,2.0,660.0
2025-08,tomato ketchup 1.2 bottle,Nos,5.0,550.0,5.0,550.0,4.0,440.0,6.0,660.0
2025-08,Chicken Sausage,Kg,2.3,648.6,0.0,0.0,0.0,0.0,2.3,648.6
2025-08,Mayonise premium,Pkt,3.0,552.0,2.0,368.0,1.5,276.0,3.5,644.0
2025-08,Garlic Bread Box,Nos,123.0,922.5,100.0,750.0,143.0,1072.5,80.0,600.0
2025-08,pizza sauce,Kg,10.0,1200.0,0.0,0.0,5.0,600.0,5.0,600.0
2025-08,staff rice 26kg,Kg,0.0,0.0,26.0,1404.0,15.0,810.0,11.0,594.0
2025-08,Mini Burger Box,Nos,50.0,150.0,200.0,600.0,55.0,165.0,195.0,585.0
2025-08,Butter,Pkt,4.0,760.0,0.0,0.0,1.0,190.0,3.0,570.0
2025-08,habit olive oil,Nos,3.0,1107.0,2.0,738.0,3.5,1291.5,1.5,553.5
2025-08,Chicken Sausage,Pkt,0.0,0.0,2.0,550.0,0.0,0.0,2.0,550.0
2025-08,Schezwan sauce,Pkt,3.0,546.0,0.0,0.0,0.0,0.0,3.0,546.0
2025-08,TOMATO 10KG,Kg,0.0,0.0,10.0,530.0,0.0,0.0,10.0,530.0
2025-08,milk,Nos,3.0,75.0,20.0,500.0,2.0,50.0,21.0,525.0
2025-08,Zippy Chicken Salami,Pkt,1.5,495.0,4.0,1320.0,4.0,1320.0,1.5,495.0
2025-08,Pizza sauce premix,Kg,11.0,3575.0,0.0,0.0,9.5,3087.5,1.5,487.5
2025-08,Dew 250ml Pet,Nos,27.0,472.5,0.0,0.0,0.0,0.0,27.0,472.5
2025-08,Mc Cain Potato Wedges 2.5kg,Kg,0.0,0.0,2.5,464.8,0.0,0.0,3.0,464.8
2025-08,Frozen Sweet Corn-Pal Fresh 500gm,Pkt,6.0,450.0,0.0,0.0,0.0,0.0,6.0,450.0
2025-08,chicken pepperoni,Kg,1.5,1297.5,0.0,0.0,1.0,865.0,0.5,432.5
2025-08,DVC Peach GardenSyrup 750 ml,Nos,0.8,424.0,0.0,0.0,0.0,0.0,0.8,424.0
2025-08,Salad Bowl 250ml,Nos,300.0,1575.0,0.0,0.0,222.0,1165.5,78.0,409.5
2025-08,DVC Bubblegum Syrup Syrup 750 ml,Nos,0.8,405.92,0.0,0.0,0.0,0.0,0.8,405.92
2025-08,DVC Strawberry Syrup 750 ml,Nos,0.8,405.92,0.0,0.0,0.0,0.0,0.8,405.92
2025-08,KOT Printing Rolls,Nos,11.0,550.0,50.0,2700.0,53.0,2862.0,8.0,388.0
2025-08,burger buns,Nos,0.0,0.0,48.0,384.0,0.0,0.0,48.0,384.0
2025-08,Veeba ThousandIsland Dressing 1KG,Pkt,2.0,375.2,2.0,375.2,2.0,375.2,2.0,375.2
2025-08,DVC BLUE OCCEAN FLV SYRUP 750ML,Nos,2.7,1401.84,0.0,0.0,2.0,1038.4,0.7000000000000002,363.4399999999998
2025-08,DVC Green Apple 750 ML,Nos,1.7,882.64,1.0,519.2,2.0,1038.4,0.7000000000000002,363.44000000000005
2025-08,Veg burger pattis,Pkt,1.5,360.0,1.0,240.0,1.0,240.0,1.5,360.0
2025-08,Salad Bowl 500ml,Nos,350.0,2292.5,0.0,0.0,300.0,1965.0,50.0,327.5
2025-08,7up can 300ml,Nos,24.0,822.96,0.0,0.0,15.0,514.35,9.0,308.61
2025-08,staff chicken,Kg,0.0,0.0,2.0,300.0,0.0,0.0,2.0,300.0
2025-08,garlic,Kg,0.0,0.0,1.0,280.0,0.0,0.0,1.0,280.0
2025-08,potato wedges,Kg,4.0,743.68,0.0,0.0,2.5,464.8,1.5,278.87999999999994
2025-08,Aqua Fina Mineral Water 1Ltr,Nos,14.0,196.0,12.0,149.76,6.0,74.88,20.0,270.88
2025-08,Chettinad Mix,Kg,0.5,325.5,0.0,0.0,0.1,65.1,0.4,260.4
2025-08,tandoori mayonise,Pkt,1.0,260.0,0.0,0.0,0.0,0.0,1.0,260.0
2025-08,milk choco 180 ml,Nos,0.0,0.0,8.0,239.92,0.0,0.0,8.0,239.92
2025-08,Piri Piri Marinade 1KG,Pkt,1.7,808.38,0.0,0.0,1.2,570.62,0.5,237.76
2025-08,milk kesar badam 180ml,Nos,0.0,0.0,8.0,202.0,0.0,0.0,8.0,202.0
2025-08,milk vanilla 180ml,Nos,0.0,0.0,8.0,202.0,0.0,0.0,8.0,202.0
2025-08,pineapple,Kg,0.0,0.0,3.5,199.99,0.0,0.0,4.0,199.99
2025-08,chicken pop corn sneha,Pkt,1.2,331.2,0.0,0.0,0.5,138.0,0.7,193.2
2025-08,Paneer tikka masala,Kg,0.5,187.5,0.0,0.0,0.0,0.0,0.5,187.5
2025-08,bio covers,Kg,4.0,600.0,0.0,0.0,2.8,420.0,1.2000000000000002,180.0
2025-08,Honey,Kg,1.7,414.8,0.0,0.0,1.0,244.0,0.7,170.8
2025-08,capsicum,Kg,0.0,0.0,2.0,160.0,0.0,0.0,2.0,160.0
2025-08,POTATO POPS,Kg,1.2,257.4,0.0,0.0,0.5,107.25,0.7,150.14999999999998
2025-08,Puramate Pasta-Gomiti Rigate - macroni - 500g,Pkt,3.0,213.0,2.0,142.0,3.0,213.0,2.0,142.0
2025-08,cheesy spread dip,Pkt,0.0,0.0,2.0,528.0,1.5,396.0,0.5,132.0
2025-08,egg-6.50,Nos,0.0,0.0,20.0,130.0,0.0,0.0,20.0,130.0
2025-08,wodden spoon,Nos,200.0,130.0,0.0,0.0,0.0,0.0,200.0,130.0
2025-08,fruits,Nos,0.0,0.0,3.0,380.01,2.0,253.34,1.0,126.66999999999999
2025-08,Pasta Container Black,Nos,224.0,2004.8,0.0,0.0,210.0,1879.5,14.0,125.29999999999995
2025-08,Butter Scotch Sauce 750ml,Nos,0.8,114.4,0.0,0.0,0.0,0.0,0.8,114.4
2025-08,Corn Meal - MAKKA RAVA,Pkt,2.0,110.0,0.0,0.0,0.0,0.0,2.0,110.0
2025-08,Pineapple slice-Tajir Habit-850g,Nos,8.0,882.0,0.0,0.0,7.0,771.75,1.0,110.25
2025-08,burger bun 4,Pkt,0.0,0.0,3.0,96.0,0.0,0.0,3.0,96.0
2025-08,straw,Pkt,3.0,120.0,0.0,0.0,1.5,60.0,1.5,60.0
2025-08,Tissue,Pkt,10.0,180.0,0.0,0.0,7.0,126.0,3.0,54.0
2025-08,Chilli Flakes,Pkt,1.0,44.0,0.0,0.0,0.0,0.0,1.0,44.0
2025-08,bio glass,Pkt,2.0,160.0,0.0,0.0,1.5,120.0,0.5,40.0
2025-08,curd,Pkt,0.0,0.0,1.0,30.0,0.0,0.0,1.0,30.0
2025-08,Green Peas,Pkt,0.6,87.0,0.0,0.0,0.5,72.5,0.09999999999999998,14.5
2025-08,Bread Premix,Kg,8.0,1920.0,0.0,0.0,8.0,1920.0,0.0,0.0
2025-08,Butter Scotch Ice-cream,Nos,1.0,773.0,0.0,0.0,1.0,773.0,0.0,0.0
2025-08,DVC Cucumber Syrup 750 ml,Nos,2.0,1060.0,0.0,0.0,2.0,1060.0,0.0,0.0
2025-08,Mojito Menta Cubano,Nos,4.0,2080.0,2.0,1040.0,6.0,3120.0,0.0,0.0
2025-08,Mustard Oil,Nos,1.0,168.0,0.0,0.0,1.0,168.0,0.0,0.0
2025-08,Vanilla Ice-cream 4ltr,Nos,2.0,1088.0,0.0,0.0,2.0,1088.0,0.0,0.0
2025-08,sweet corn 1kg,Pkt,0.0,0.0,5.0,650.0,6.0,780.0,-1.0,-130.0
2025-08,7UP 750ml Pet,Nos,0.0,0.0,24.0,824.88,28.0,962.36,-4.0,-137.48000000000002
2025-08,ice cube/80,Pkt,0.0,0.0,0.0,0.0,2.0,160.0,-2.0,-160.0
2025-08,wooden fork,Nos,0.0,0.0,0.0,0.0,200.0,170.0,-200.0,-170.0
2025-08,malas butterscotch crush,Nos,0.0,0.0,0.0,0.0,1.3,185.9,-1.3,-185.9
2025-08,Slice Mango 600ml pet,Nos,0.0,0.0,0.0,0.0,9.0,188.28,-9.0,-188.28
2025-08,Dew 750ml Pet,Nos,0.0,0.0,0.0,0.0,6.0,206.22,-6.0,-206.22
2025-08,Veeba Makhani Gravy 1KG,Pkt,0.0,0.0,0.0,0.0,1.0,224.0,-1.0,-224.0
2025-08,Grain spicy marinade,Pkt,0.0,0.0,0.0,0.0,0.7,254.8,-0.7,-254.8
2025-08,DVC PASSION FRUIT FLV SYRUP 750ML,Nos,0.0,0.0,2.0,1040.0,2.5,1300.0,-0.5,-260.0
2025-08,atta,Kg,0.0,0.0,0.0,0.0,5.0,270.0,-5.0,-270.0
2025-08,Aromat Seasoning Powder,Pkt,0.3,51.6,0.0,0.0,2.0,344.0,-1.7,-292.4
2025-08,chilly garlic spread,Pkt,0.0,0.0,0.0,0.0,2.0,340.0,-2.0,-340.0
2025-08,French Fries Box,Nos,0.0,0.0,0.0,0.0,75.0,401.25,-75.0,-401.25
2025-08,Berry Fresh Tender Coconut Pulp 2kg,Tin,0.0,0.0,0.0,0.0,1.2,444.0,-1.2,-444.0
2025-08,Berry Fresh Chicku Pulp,Nos,2.0,560.0,0.0,0.0,3.7,1036.0,-1.7000000000000002,-476.0
2025-08,DVC Watermelon Syrup 750 ml,Nos,0.0,0.0,0.0,0.0,1.0,519.2,-1.0,-519.2
2025-08,Baby Corn Whole-800GM-Tajir Habit,Tin,0.0,0.0,0.0,0.0,5.0,560.0,-5.0,-560.0
2025-08,paneer,Kg,0.0,0.0,0.0,0.0,2.0,580.0,-2.0,-580.0
2025-08,milky mist butter 500gm,Nos,2.0,624.5,0.0,0.0,4.0,1249.0,-2.0,-624.5
2025-08,Dew can 300ml,Nos,0.0,0.0,0.0,0.0,19.0,651.51,-19.0,-651.51
2025-08,Zippy  B.Fast Sausage ,Kg,0.0,0.0,0.0,0.0,3.0,886.32,-3.0,-886.32
2025-08,oil,Pkt,0.0,0.0,0.0,0.0,7.0,955.5,-7.0,-955.5
2025-08,GO Orange Cheddar Cheese 2kg,Nos,0.0,0.0,0.0,0.0,1.7,1926.1,-1.7,-1926.1
2025-08,colby cheese 1 kg,Kg,0.0,0.0,0.0,0.0,3.5,2220.68,-3.5,-2220.68
2025-08,Malas Chocolate Sauce 5 ltr,Nos,1.0,1060.0,0.0,0.0,3.7,3922.0,-2.7,-2862.0
2025-09,dynamic diced mozerella,Kg,23.65,10344.98,60.0,25916.4,21.5,8815.43,62.150000000000006,27445.950000000004
2025-09,grocery,Nos,0.0,0.0,136.0,24116.94,6.0,1531.5,130.0,22585.44
2025-09,Boneless Chicken,Kg,5.0,1400.0,62.05,17713.22,5.0,1400.0,62.0,17713.22
2025-09,Gas-LPG-HPCL,Nos,2.0,3340.0,10.0,16200.0,2.5,4050.0,9.5,15490.0
2025-09,mexican mix,Kg,0.0,0.0,20.0,8700.0,0.0,0.0,20.0,8700.0
2025-09,french fry hungritos 2.5kg,Kg,25.0,2979.25,37.5,4375.75,0.0,0.0,63.0,7355.0
2025-09,Maida yamuna,Kg,92.0,3900.8,100.0,4240.0,20.0,848.0,172.0,7292.8
2025-09,Pizza Premix,Kg,7.0,1764.0,30.0,7560.0,13.0,3276.0,24.0,6048.0
2025-09,vegetables,Nos,3.0,122.01,111.0,5862.12,0.0,0.0,114.0,5984.13
2025-09,mojito,Nos,0.0,0.0,8.0,4160.0,0.0,0.0,8.0,4160.0
2025-09,Regular Pizza Box,Nos,336.0,2856.0,1000.0,8500.0,878.0,7463.0,458.0,3893.0
2025-09,G.Crown Mushroom Slice 800g,Tin,38.0,3914.0,24.0,2472.0,27.0,2781.0,35.0,3605.0
2025-09,Medium Pizza Box,Nos,410.0,4100.0,300.0,3000.0,359.0,3590.0,351.0,3510.0
2025-09,Malas Chocolate Sauce 5 ltr,Nos,3.7,3922.0,0.0,0.0,0.5,530.0,3.2,3392.0
2025-09,ENGLISH vegetables,Nos,2.0,547.6,11.0,2771.0,0.0,0.0,13.0,3318.6
2025-09,Mojito Menta Cubano,Nos,6.0,3120.0,0.0,0.0,0.0,0.0,6.0,3120.0
2025-09,sneha chi burgar pattis,Pkt,3.0,806.4,8.0,2083.2,0.0,0.0,11.0,2889.6
2025-09,Vanilla Ice-cream 4ltr,Nos,2.0,1088.0,5.0,2720.0,2.0,1088.0,5.0,2720.0
2025-09,veeba pizza pasta sauce,Pkt,10.0,1930.1,12.0,2316.12,12.0,2316.12,10.0,1930.0999999999995
2025-09,GO Orange Cheddar Cheese 2kg,Nos,1.7,1926.1,0.0,0.0,0.0,0.0,1.7,1926.1
2025-09,Pepsi 250ml Pet,Nos,48.0,840.0,60.0,1050.0,13.0,227.5,95.0,1662.5
2025-09,black olive slice btl 450gm,Nos,0.0,0.0,9.0,1557.52,0.0,0.0,9.0,1557.52
2025-09,Large Pizza Box,Nos,251.0,3727.35,250.0,3712.5,397.0,5895.45,104.0,1544.4000000000005
2025-09,Paneer,Kg,3.0,870.0,4.0,1160.0,2.0,580.0,5.0,1450.0
2025-09,7UP 750ml Pet,Nos,28.0,962.36,24.0,824.88,10.0,343.7,42.0,1443.54
2025-09,sweet corn 1kg,Pkt,6.0,780.0,5.0,650.0,0.0,0.0,11.0,1430.0
2025-09,Zippy Chicken Salami,Pkt,4.0,1320.0,0.0,0.0,0.0,0.0,4.0,1320.0
2025-09,HABIT JALAPENO SLICES 2.9 KG,Tin,3.0,924.0,2.0,616.0,1.0,278.0,4.0,1262.0
2025-09,milky mist butter 500gm,Nos,4.0,1249.0,0.0,0.0,0.0,0.0,4.0,1249.0
2025-09,Veeba Eggless Mayonise Chef 1KG,Kg,16.0,2400.0,0.0,0.0,8.0,1200.0,8.0,1200.0
2025-09,Berry Fresh Tender Coconut Pulp 2kg,Tin,1.2,444.0,2.0,740.0,0.0,0.0,3.2,1184.0
2025-09,chilly flakes sachet,Nos,1225.0,637.0,1000.0,520.0,0.0,0.0,2225.0,1157.0
2025-09,Chocolate Ice-cream 4ltr,Nos,1.8,1468.8,1.0,816.0,1.4,1142.4,1.4,1142.4
2025-09,Veeba Ketchup Sachet,Nos,1580.0,1343.0,1200.0,1020.0,1460.0,1241.0,1320.0,1122.0
2025-09,slice cheese,Nos,32.0,263.04,102.0,838.44,0.0,0.0,134.0,1101.48
2025-09,Richs versatie cream,Pkt,8.0,1695.52,12.0,2543.28,15.0,3179.1,5.0,1059.7000000000003
2025-09,Berry Fresh Chicku Pulp,Nos,3.7,1036.0,0.0,0.0,0.0,0.0,3.7,1036.0
2025-09,Dew 750ml Pet,Nos,6.0,206.22,24.0,824.88,0.0,0.0,30.0,1031.1
2025-09,OREGANO SACHET 0.8GM,Nos,1620.0,1182.6,600.0,438.0,880.0,642.4,1340.0,978.1999999999999
2025-09,ice cream vanilla,Kg,0.0,0.0,4.0,968.0,0.0,0.0,4.0,968.0
2025-09,Herb Mix Masla,Kg,7.5,3345.0,0.0,0.0,5.4,2408.4,2.0999999999999996,936.5999999999999
2025-09,Lamp Pepperoni,Kg,1.0,895.0,2.0,1790.0,2.0,1790.0,1.0,895.0
2025-09,pepsi can300ml,Nos,2.0,68.58,24.0,822.96,0.0,0.0,26.0,891.5400000000001
2025-09,Zippy  B.Fast Sausage ,Kg,3.0,886.32,0.0,0.0,0.0,0.0,3.0,886.32
2025-09,Pasta Container Black,Nos,210.0,1879.5,200.0,1790.0,313.0,2801.35,97.0,868.1500000000001
2025-09,chicken pepperoni,Kg,1.0,865.0,2.0,1730.0,2.0,1730.0,1.0,865.0
2025-09,sneha chi nuggets,Pkt,1.6,441.6,4.0,1104.0,2.5,690.0,3.0999999999999996,855.5999999999999
2025-09, dry yeast 500 gm,Pkt,1.3,231.4,10.0,1780.0,6.5,1157.0,4.800000000000001,854.4000000000001
2025-09,potato wedges,Kg,2.5,464.8,5.0,900.55,3.0,522.9,4.5,842.4499999999999
2025-09,7up 1 ltr,Nos,16.0,709.44,15.0,665.1,12.0,532.08,19.0,842.4599999999999
2025-09,Moktails Glass,Nos,105.0,840.0,200.0,1600.0,200.0,1600.0,105.0,840.0
2025-09,Processed cheese block,Nos,2.0,554.4,4.0,1108.8,3.0,831.6,3.0,831.5999999999998
2025-09,black olive slice Habit,Kg,0.0,0.0,3.0,823.2,0.0,0.0,3.0,823.2
2025-09,milk,Nos,2.0,50.0,36.0,900.0,6.0,150.0,32.0,800.0
2025-09,Honey mustard dressing,Pkt,1.5,339.0,2.0,452.0,0.0,0.0,3.5,791.0
2025-09,Puramate Pasta-Penne Rigatte 500g,Pkt,11.0,781.0,6.0,426.0,6.0,426.0,11.0,781.0
2025-09,Brownie,Kg,1.0,385.0,5.0,1925.0,4.0,1540.0,2.0,770.0
2025-09,burger buns,Nos,0.0,0.0,96.0,768.0,0.0,0.0,96.0,768.0
2025-09,Butter,Kg,0.0,0.0,2.0,760.0,0.0,0.0,2.0,760.0
2025-09,butter,Kg,0.0,0.0,2.0,760.0,0.0,0.0,2.0,760.0
2025-09,Veeba ThousandIsland Dressing 1KG,Pkt,2.0,375.2,4.0,726.96,2.0,351.76,4.0,750.4000000000001
2025-09,Tandoori mix Masala,Kg,5.7,2365.5,5.0,2075.0,9.0,3735.0,1.6999999999999993,705.5
2025-09,Oregano Sprinkler 500g,Pkt,3.0,990.0,0.0,0.0,1.0,330.0,2.0,660.0
2025-09,Dew can 300ml,Nos,19.0,651.51,0.0,0.0,0.0,0.0,19.0,651.51
2025-09,Veeba Makhani Gravy 1KG,Pkt,1.0,224.0,2.0,420.0,0.0,0.0,3.0,644.0
2025-09,dynamix slice cheese,Nos,0.0,0.0,102.0,639.54,0.0,0.0,102.0,639.54
2025-09,pepsi 1 ltr,Nos,15.0,665.1,15.0,665.1,16.0,709.44,14.0,620.76
2025-09,red paprika habit,Tin,2.0,804.96,2.0,804.96,2.5,1006.2,1.5,603.72
2025-09,milk choco 180 ml,Nos,0.0,0.0,20.0,599.8,0.0,0.0,20.0,599.8
2025-09,paneer,Kg,2.0,580.0,0.0,0.0,0.0,0.0,2.0,580.0
2025-09,Baby Corn Whole-800GM-Tajir Habit,Tin,5.0,560.0,0.0,0.0,0.0,0.0,5.0,560.0
2025-09,Berry Fresh Chicku Pulp 2kg,Tin,0.0,0.0,2.0,560.0,0.0,0.0,2.0,560.0
2025-09,KOT Printing Rolls,Nos,53.0,2862.0,0.0,0.0,43.0,2322.0,10.0,540.0
2025-09,DVC Cucumber Syrup 750 ml,Nos,2.0,1060.0,0.0,0.0,1.0,530.0,1.0,530.0
2025-09,black olive slice Habit,Tin,1.5,1300.5,0.0,0.0,1.0,771.0,0.5,529.5
2025-09,Dew 250ml Pet,Nos,0.0,0.0,30.0,525.0,0.0,0.0,30.0,525.0
2025-09,tandoori mayonise,Pkt,0.0,0.0,6.0,1560.0,4.0,1040.0,2.0,520.0
2025-09,fruits,Nos,2.0,253.34,2.0,253.34,0.0,0.0,4.0,506.68
2025-09,Garlic Bread Box,Nos,143.0,1072.5,200.0,1500.0,276.0,2070.0,67.0,502.5
2025-09,Lehar Soda,Nos,0.0,0.0,74.0,1218.04,44.0,724.24,30.0,493.79999999999995
2025-09,Bread Premix,Kg,8.0,1920.0,0.0,0.0,6.0,1440.0,2.0,480.0
2025-09,Veg burger pattis,Pkt,1.0,240.0,1.0,240.0,0.0,0.0,2.0,480.0
2025-09,tomato ketchup 1.2 bottle,Nos,4.0,440.0,0.0,0.0,0.0,0.0,4.0,440.0
2025-09,chicken pop corn sneha,Pkt,0.5,138.0,1.0,290.0,0.0,0.0,1.5,428.0
2025-09,7up 250ml Pet,Nos,0.0,0.0,60.0,1050.0,36.0,630.0,24.0,420.0
2025-09,Pepsi 750ml Pet,Nos,10.0,343.7,48.0,1649.76,46.0,1581.02,12.0,412.44000000000005
2025-09,cheesy spread dip,Pkt,1.5,396.0,0.0,0.0,0.0,0.0,1.5,396.0
2025-09,habit olive oil,Nos,3.5,1291.5,0.0,0.0,2.5,922.5,1.0,369.0
2025-09,POTATO POPS,Kg,0.5,107.25,1.5,301.64,0.3,60.33,2.2,348.56
2025-09,Aqua Fina Mineral Water 1Ltr,Nos,6.0,74.88,48.0,602.28,26.0,331.5,28.0,345.65999999999997
2025-09,Aromat Seasoning Powder,Pkt,2.0,344.0,1.0,172.0,1.0,172.0,2.0,344.0
2025-09,Piri Piri Marinade 1KG,Pkt,1.2,570.62,0.0,0.0,0.5,237.76,0.7,332.86
2025-09,Salad Bowl 500ml,Nos,300.0,1965.0,0.0,0.0,250.0,1637.5,50.0,327.5
2025-09,fruits and vegetables,Nos,0.0,0.0,4.0,316.0,0.0,0.0,4.0,316.0
2025-09,staff chicken,Kg,0.0,0.0,2.0,315.0,0.0,0.0,2.0,315.0
2025-09,BBQ Mix Masala,Pkt,6.0,2790.0,0.0,0.0,5.4,2511.0,0.5999999999999996,279.0
2025-09,Mayonise premium,Pkt,1.5,276.0,2.0,368.0,2.0,368.0,1.5,276.0
2025-09,Pizza sauce premix,Kg,9.5,3087.5,0.0,0.0,8.7,2827.5,0.8000000000000007,260.0
2025-09,egg-6.50,Nos,0.0,0.0,50.0,325.0,10.0,65.0,40.0,260.0
2025-09,Grain spicy marinade,Pkt,0.7,254.8,0.0,0.0,0.0,0.0,0.7,254.8
2025-09,Mini Burger Box,Nos,55.0,165.0,100.0,300.0,70.0,210.0,85.0,255.0
2025-09,Honey,Kg,1.0,244.0,0.0,0.0,0.0,0.0,1.0,244.0
2025-09,Puramate Pasta-Gomiti Rigate - macroni - 500g,Pkt,3.0,213.0,2.0,142.0,2.0,142.0,3.0,213.0
2025-09,Slice Mango 600ml pet,Nos,9.0,188.28,0.0,0.0,0.0,0.0,9.0,188.28
2025-09,Schezwan sauce,Pkt,0.0,0.0,2.0,364.0,1.0,182.0,1.0,182.0
2025-09,garlic,Kg,0.0,0.0,1.0,180.0,0.0,0.0,1.0,180.0
2025-09,wooden fork,Nos,200.0,170.0,0.0,0.0,0.0,0.0,200.0,170.0
2025-09,Salad Bowl 250ml,Nos,222.0,1165.5,50.0,262.5,242.0,1270.5,30.0,157.5
2025-09,oil,Pkt,7.0,955.5,0.0,0.0,6.0,819.0,1.0,136.5
2025-09,colby cheese 1 kg,Kg,3.5,2220.68,0.0,0.0,3.3,2093.78,0.20000000000000018,126.89999999999964
2025-09,pizza sauce,Kg,5.0,600.0,0.0,0.0,4.0,480.0,1.0,120.0
2025-09,milk rose,Nos,0.0,0.0,4.0,110.0,0.0,0.0,4.0,110.0
2025-09,Veeba T. Ketchup 1.2KG,Nos,0.0,0.0,5.0,525.0,4.0,420.0,1.0,105.0
2025-09,cashew,Grams,0.0,0.0,100.0,100.0,0.0,0.0,100.0,100.0
2025-09,water melon,Nos,0.0,0.0,1.0,100.0,0.0,0.0,1.0,100.0
2025-09,Green Peas,Pkt,0.5,72.5,0.0,0.0,0.0,0.0,0.5,72.5
2025-09,capsicum,Kg,0.0,0.0,1.0,72.0,0.0,0.0,1.0,72.0
2025-09,Dip Bowl,Nos,0.0,0.0,50.0,100.0,28.0,56.0,22.0,44.0
2025-09,malas butterscotch crush,Nos,1.3,185.9,0.0,0.0,1.0,143.0,0.30000000000000004,42.900000000000006
2025-09,Tissue,Pkt,7.0,126.0,0.0,0.0,6.0,108.0,1.0,18.0
2025-09,Butter Scotch Ice-cream,Nos,1.0,773.0,0.0,0.0,1.0,773.0,0.0,0.0
2025-09,Chettinad Mix,Kg,0.1,65.1,0.0,0.0,0.1,65.1,0.0,0.0
2025-09,DVC Watermelon Syrup 750 ml,Nos,1.0,519.2,0.0,0.0,1.0,519.2,0.0,0.0
2025-09,Mustard Oil,Nos,1.0,168.0,0.0,0.0,1.0,168.0,0.0,0.0
2025-09,Pineapple slice-Tajir Habit-850g,Nos,7.0,771.75,0.0,0.0,7.0,771.75,0.0,0.0
2025-09,Strawberry-Ice cream,Nos,1.0,629.0,0.0,0.0,1.0,629.0,0.0,0.0
2025-09,atta,Kg,5.0,270.0,0.0,0.0,5.0,270.0,0.0,0.0
2025-09,cheese jalapeno dip,Pkt,0.0,0.0,1.0,184.0,1.0,184.0,0.0,0.0
2025-09,chilly garlic spread,Pkt,2.0,340.0,0.0,0.0,2.0,340.0,0.0,0.0
2025-09,ice cube/80,Pkt,2.0,160.0,0.0,0.0,2.0,160.0,0.0,0.0
2025-09,straw,Pkt,1.5,60.0,0.0,0.0,2.0,80.0,-0.5,-20.0
2025-09,slice mango 600ml,Nos,0.0,0.0,0.0,0.0,1.0,36.08,-1.0,-36.08
2025-09,chilly flakes 500gm,Pkt,0.0,0.0,0.0,0.0,0.2,39.0,-0.2,-39.0
2025-09,bio glass,Pkt,1.5,120.0,0.0,0.0,2.0,160.0,-0.5,-40.0
2025-09,milk shake assorted,Nos,0.0,0.0,0.0,0.0,2.0,49.18,-2.0,-49.18
2025-09,bio covers,Kg,2.8,420.0,0.0,0.0,3.2,480.0,-0.40000000000000036,-60.0
2025-09,Mittai-Milk-Amul,Tin,0.0,0.0,0.0,0.0,1.0,64.0,-1.0,-64.0
2025-09,7up can 300ml,Nos,15.0,514.35,0.0,0.0,17.0,582.93,-2.0,-68.57999999999993
2025-09,French Fries Box,Nos,75.0,401.25,200.0,1070.0,290.0,1551.5,-15.0,-80.25
2025-09,habit baby corn,Tin,0.0,0.0,0.0,0.0,1.0,108.0,-1.0,-108.0
2025-09,wodden spoon,Nos,0.0,0.0,0.0,0.0,200.0,130.0,-200.0,-130.0
2025-09,Veg burger pattis,Nos,0.0,0.0,20.0,225.0,34.0,382.5,-14.0,-157.5
2025-09,Corn Meal - MAKKA RAVA,Pkt,0.0,0.0,0.0,0.0,3.0,165.0,-3.0,-165.0
2025-09,Celotape-3/4inch-,Nos,0.0,0.0,0.0,0.0,8.0,184.0,-8.0,-184.0
2025-09,makhni gravy,Pkt,0.0,0.0,2.0,448.0,3.0,672.0,-1.0,-224.0
2025-09,DVC Peach Garden Syrup Syrup 750 ml,Nos,0.0,0.0,0.0,0.0,0.5,244.26,-0.5,-244.26
2025-09,DVC Strawberry Syrup Syrup 750 ml,Nos,0.0,0.0,0.0,0.0,0.5,244.26,-0.5,-244.26
2025-09,DVC Bubblegum Syrup Syrup 750 ml,Nos,0.0,0.0,0.0,0.0,0.5,253.7,-0.5,-253.7
2025-09,DVC Green Apple 750 ML,Nos,2.0,1038.4,0.0,0.0,2.5,1298.0,-0.5,-259.5999999999999
2025-09,DVC PASSION FRUIT FLV SYRUP 750ML,Nos,2.5,1300.0,0.0,0.0,3.0,1560.0,-0.5,-260.0
2025-09,staff rice 26kg,Kg,15.0,810.0,0.0,0.0,20.0,1080.0,-5.0,-270.0
2025-09,dew 750 ml,Nos,0.0,0.0,0.0,0.0,9.0,309.33,-9.0,-309.33
2025-09,CHICKEN POPCORN,Pkt,0.0,0.0,0.0,0.0,1.2,331.2,-1.2,-331.2
2025-09,pepsi can 330ml,Nos,0.0,0.0,0.0,0.0,10.0,342.9,-10.0,-342.9
2025-09,Berry Fresh Tender Coconut Pulp,Nos,0.0,0.0,0.0,0.0,1.0,370.0,-1.0,-370.0
2025-09,Dew 330 ml can,Nos,0.0,0.0,0.0,0.0,11.0,377.19,-11.0,-377.19
2025-09,Butter,Pkt,1.0,190.0,0.0,0.0,3.0,570.0,-2.0,-380.0
2025-09,sweet corn,Kg,0.0,0.0,0.0,0.0,4.0,380.0,-4.0,-380.0
2025-09,slice cheese,Pkt,0.0,0.0,0.0,0.0,51.0,409.02,-51.0,-409.02
2025-09,DVC Mixed Berry Beverage Blend Syrup 750 ml,Nos,0.0,0.0,0.0,0.0,0.5,414.0,-0.5,-414.0
2025-09,dynamix butter,Kg,0.0,0.0,0.0,0.0,1.0,526.4,-1.0,-526.4
2025-09,Chicken Sausage,Pkt,0.0,0.0,0.0,0.0,2.0,550.0,-2.0,-550.0
2025-09,SALAMI,Pkt,0.0,0.0,0.0,0.0,2.0,558.0,-2.0,-558.0
2025-09,CHILLY FLAKES SACHET 0.8GM,Nos,0.0,0.0,0.0,0.0,1340.0,696.8,-1340.0,-696.8
2025-09,DVC BLUE OCCEAN FLV SYRUP 750ML,Nos,2.0,1038.4,0.0,0.0,3.5,1817.2,-1.5,-778.8
2025-09,chicken kheema masala,Kg,0.3,195.0,0.0,0.0,1.75,1137.5,-1.45,-942.5
2025-09,Chicken burger pattis,Kg,0.0,0.0,0.0,0.0,3.5,1095.5,-3.5,-1095.5
2025-09,Veeba Gouda Flavoured Dressing,Nos,0.0,0.0,0.0,0.0,6.0,1212.0,-6.0,-1212.0
2025-09,DVC MOJITO MINT 750ML,Nos,0.0,0.0,0.0,0.0,4.0,2029.6,-4.0,-2029.6
2025-09,hungritos premium,Kg,0.0,0.0,0.0,0.0,22.0,2657.6,-22.0,-2657.6
2025-09,paneer tikka powder,Kg,0.0,0.0,0.75,675.0,3.8,3420.0,-2.8,-2745.0
2025-09,Mexican Masala,Pkt,0.0,0.0,0.0,0.0,16.0,6640.0,-16.0,-6640.0
2025-10,dynamic diced mozerella,Kg,21.5,8815.43,60.0,24604.8,18.0,7381.44,63.5,26038.789999999997
2025-10,grocery,Nos,6.0,1531.5,113.0,23155.05,10.0,2103.1,109.0,22583.45
2025-10,Boneless Chicken,Kg,5.0,1400.0,58.65,16004.01,4.0,1160.0,60.0,16244.010000000002
2025-10,Gas-LPG-HPCL,Nos,2.5,4050.0,8.0,13120.0,1.0,1640.0,9.5,15530.0
2025-10,Mexican Masala,Pkt,16.0,6640.0,0.0,0.0,0.4,166.0,15.6,6474.0
2025-10,vegetables,Nos,0.0,0.0,110.0,5254.93,0.0,0.0,110.0,5254.93
2025-10,hungritos premium,Kg,22.0,2657.6,37.5,4345.0,20.0,2268.0,40.0,4734.6
2025-10,Vanilla Ice-cream 4ltr,Nos,2.0,1088.0,7.0,3388.0,2.0,968.0,7.0,3508.0
2025-10,G.Crown Mushroom Slice 800g,Tin,27.0,2781.0,24.0,2472.0,20.0,2060.0,31.0,3193.0
2025-10,Tandoori mix Masala,Kg,9.0,3735.0,0.0,0.0,2.5,1037.5,6.5,2697.5
2025-10,Regular Pizza Box,Nos,878.0,7463.0,0.0,0.0,605.0,5142.5,273.0,2320.5
2025-10,veeba pizza pasta sauce,Pkt,12.0,2316.12,12.0,2171.4,12.0,2171.4,12.0,2316.1200000000003
2025-10,ENGLISH vegetables,Nos,0.0,0.0,11.0,2927.0,3.0,833.25,8.0,2093.75
2025-10,DVC MOJITO MINT 750ML,Nos,4.0,2029.6,0.0,0.0,0.0,0.0,4.0,2029.6
2025-10,Veeba Ketchup Sachet,Nos,1460.0,1241.0,3600.0,2880.0,2653.0,2122.4,2407.0,1998.6
2025-10,Richs versatie cream,Pkt,15.0,3179.1,0.0,0.0,7.0,1483.58,8.0,1695.52
2025-10,slice cheese,Pkt,51.0,409.02,255.0,2045.1,102.0,818.04,204.0,1636.08
2025-10,dynamix butter,Kg,1.0,526.4,2.0,1033.62,0.0,0.0,3.0,1560.02
2025-10,black olive slice Habit,Tin,1.0,771.0,4.0,3084.0,3.0,2313.0,2.0,1542.0
2025-10,Brownie,Kg,4.0,1540.0,2.0,770.0,2.0,770.0,4.0,1540.0
2025-10,paneer tikka powder,Kg,3.8,3420.0,0.0,0.0,2.15,1935.0,1.65,1485.0
2025-10,Veeba Eggless Mayonise Chef 1KG,Kg,8.0,1200.0,12.0,1687.56,11.0,1546.93,9.0,1340.6299999999999
2025-10,Large Pizza Box,Nos,397.0,5895.45,0.0,0.0,309.0,4588.65,88.0,1306.8000000000002
2025-10,Maida yamuna,Kg,20.0,848.0,100.0,4280.0,90.0,3852.0,30.0,1276.0
2025-10,Pepsi 750ml Pet,Nos,46.0,1581.02,24.0,824.88,33.0,1134.21,37.0,1271.69
2025-10,Veeba Gouda Flavoured Dressing,Nos,6.0,1212.0,0.0,0.0,0.0,0.0,6.0,1212.0
2025-10,sneha chi nuggets,Pkt,2.5,690.0,4.0,1035.0,2.0,517.5,4.5,1207.5
2025-10,Chocolate Ice-cream 4ltr,Nos,1.4,1142.4,1.0,726.0,1.0,726.0,1.4,1142.4
2025-10,dew 750 ml,Nos,9.0,309.33,24.0,824.88,0.0,0.0,33.0,1134.21
2025-10,Pepsi 250ml Pet,Nos,13.0,227.5,90.0,1575.0,39.0,682.5,64.0,1120.0
2025-10,HABIT JALAPENO SLICES 2.9 KG,Tin,1.0,278.0,6.0,1668.0,3.0,834.0,4.0,1112.0
2025-10,Pasta Container Black,Nos,313.0,2801.35,0.0,0.0,189.0,1691.55,124.0,1109.8
2025-10,Chicken burger pattis,Kg,3.5,1095.5,0.0,0.0,0.0,0.0,3.5,1095.5
2025-10,milk shake assorted,Nos,2.0,49.18,48.0,1180.32,7.0,168.0,43.0,1061.5
2025-10,Chicken burger pattis,Pkt,0.0,0.0,4.0,1060.0,0.0,0.0,4.0,1060.0
2025-10,Butter,Kg,0.0,0.0,4.0,1520.0,1.25,475.0,2.75,1045.0
2025-10,Processed cheese block,Pkt,0.0,0.0,4.0,1039.52,0.0,0.0,4.0,1039.52
2025-10,Puramate Pasta-Penne Rigatte 500g,Pkt,6.0,426.0,18.0,1206.0,9.0,603.0,15.0,1029.0
2025-10,French Fries Box,Nos,290.0,1551.5,0.0,0.0,100.0,535.0,190.0,1016.5
2025-10,7up 250ml Pet,Nos,36.0,630.0,30.0,525.0,11.0,192.5,55.0,962.5
2025-10,milk,Nos,6.0,150.0,34.0,850.0,2.0,50.0,38.0,950.0
2025-10,BBQ Mix Masala,Pkt,5.4,2511.0,0.0,0.0,3.5,1627.5,1.9000000000000004,883.5
2025-10,Moktails Glass,Nos,200.0,1600.0,0.0,0.0,90.0,720.0,110.0,880.0
2025-10,fruits and vegetables,Nos,0.0,0.0,5.0,871.0,0.0,0.0,5.0,871.0
2025-10,chicken pepperoni,Kg,2.0,1730.0,0.0,0.0,1.0,865.0,1.0,865.0
2025-10,sweet corn,Kg,4.0,380.0,5.0,475.0,0.0,0.0,9.0,855.0
2025-10,pepsi 1 ltr,Nos,16.0,709.44,15.0,665.1,12.0,532.08,19.0,842.4599999999999
2025-10,Processed cheese block,Nos,3.0,831.6,0.0,0.0,0.0,0.0,3.0,831.6
2025-10,Oregano Sprinkler 500g,Pkt,1.0,330.0,4.0,1228.0,2.4,736.8,2.6,821.2
2025-10,Lehar Soda,Nos,44.0,724.24,24.0,355.68,18.0,266.76,50.0,813.1600000000001
2025-10,Butter Scotch Ice-cream,Nos,1.0,773.0,0.0,0.0,0.0,0.0,1.0,773.0
2025-10,OREGANO SACHET 0.8GM,Nos,880.0,642.4,1800.0,1242.0,1657.0,1143.33,1023.0,741.0700000000002
2025-10,Mayonise premium,Pkt,2.0,368.0,2.0,345.0,0.0,0.0,4.0,713.0
2025-10,CHILLY FLAKES SACHET 0.8GM,Nos,1340.0,696.8,0.0,0.0,0.0,0.0,1340.0,696.8
2025-10,DVC PASSION FRUIT FLV SYRUP 750ML,Nos,3.0,1560.0,2.0,920.0,4.0,1840.0,1.0,640.0
2025-10,Honey mustard dressing,Pkt,0.0,0.0,6.0,1271.22,3.0,635.61,3.0,635.61
2025-10,staff chicken,Kg,0.0,0.0,4.0,632.0,0.0,0.0,4.0,632.0
2025-10,7up 1 ltr,Nos,12.0,532.08,15.0,665.1,13.0,576.42,14.0,620.7600000000001
2025-10,tomato and fruits,Nos,0.0,0.0,2.0,610.0,0.0,0.0,2.0,610.0
2025-10,French Fries 6mm,Kg,0.0,0.0,5.0,600.0,0.0,0.0,5.0,600.0
2025-10,Aqua Fina Mineral Water 1Ltr,Nos,26.0,331.5,24.0,306.0,4.0,51.0,46.0,586.5
2025-10,7UP 750ml Pet,Nos,10.0,343.7,24.0,824.88,17.0,584.29,17.0,584.29
2025-10,Paneer,Kg,2.0,580.0,1.0,290.0,1.0,290.0,2.0,580.0
2025-10,Pizza Premix,Kg,13.0,3276.0,0.0,0.0,10.7,2696.4,2.3000000000000007,579.5999999999999
2025-10,paneer,Kg,0.0,0.0,2.0,580.0,0.0,0.0,2.0,580.0
2025-10,Butter,Pkt,3.0,570.0,0.0,0.0,0.0,0.0,3.0,570.0
2025-10,Berry Fresh Chicku Pulp,Nos,0.0,0.0,2.0,560.0,0.0,0.0,2.0,560.0
2025-10,SALAMI,Pkt,2.0,558.0,0.0,0.0,0.0,0.0,2.0,558.0
2025-10,chicken kheema masala,Kg,1.75,1137.5,0.0,0.0,0.9,585.0,0.85,552.5
2025-10,burger buns,Nos,0.0,0.0,68.0,544.0,0.0,0.0,68.0,544.0
2025-10,Dew 250ml Pet,Nos,0.0,0.0,30.0,525.0,0.0,0.0,30.0,525.0
2025-10,fruits and milk,Nos,0.0,0.0,4.0,525.0,0.0,0.0,4.0,525.0
2025-10,tandoori mayonise,Pkt,4.0,1040.0,0.0,0.0,2.0,520.0,2.0,520.0
2025-10,DVC Green Apple 750 ML,Nos,2.5,1298.0,2.0,920.0,3.7,1702.0,0.7999999999999998,516.0
2025-10,slice mango 250ml pet,Nos,0.0,0.0,30.0,498.6,0.0,0.0,30.0,498.6
2025-10,Mini Burger Box,Nos,70.0,210.0,100.0,280.0,0.0,0.0,170.0,490.0
2025-10,Lamp Pepperoni,Kg,2.0,1790.0,0.0,0.0,1.5,1342.5,0.5,447.5
2025-10, dry yeast 500 gm,Pkt,6.5,1157.0,0.0,0.0,4.0,712.0,2.5,445.0
2025-10,red paprika habit,Tin,2.5,1006.2,2.0,754.0,3.5,1319.5,1.0,440.70000000000005
2025-10,Mc Cain Potato Wedges 2.5kg,Pkt,0.0,0.0,1.0,435.75,0.0,0.0,1.0,435.75
2025-10,Veeba Makhani Gravy 1KG,Pkt,0.0,0.0,2.0,420.0,0.0,0.0,2.0,420.0
2025-10,Veeba T. Ketchup 1.2KG,Nos,4.0,420.0,0.0,0.0,0.0,0.0,4.0,420.0
2025-10,DVC Mixed Berry Beverage Blend Syrup 750 ml,Nos,0.5,414.0,0.0,0.0,0.0,0.0,0.5,414.0
2025-10,oil,Pkt,6.0,819.0,0.0,0.0,3.0,409.5,3.0,409.5
2025-10,Salad Bowl 500ml,Nos,250.0,1637.5,0.0,0.0,190.0,1244.5,60.0,393.0
2025-10,Veg burger pattis,Nos,34.0,382.5,0.0,0.0,0.0,0.0,34.0,382.5
2025-10,sneha chi burgar pattis,Pkt,0.0,0.0,4.0,1008.0,2.5,630.0,1.5,378.0
2025-10,7up can 300ml,Nos,17.0,582.93,0.0,0.0,6.0,205.74,11.0,377.18999999999994
2025-10,Dew 330 ml can,Nos,11.0,377.19,0.0,0.0,0.0,0.0,11.0,377.19
2025-10,habit olive oil,Nos,2.5,922.5,2.0,738.0,3.5,1291.5,1.0,369.0
2025-10,Medium Pizza Box,Nos,359.0,3590.0,0.0,0.0,323.0,3230.0,36.0,360.0
2025-10,Veeba ThousandIsland Dressing 1KG,Pkt,2.0,351.76,2.0,351.76,2.0,351.76,2.0,351.76
2025-10,pepsi can 330ml,Nos,10.0,342.9,0.0,0.0,0.0,0.0,10.0,342.9
2025-10,chilly garlic spread,Pkt,2.0,340.0,2.0,330.0,2.0,330.0,2.0,340.0
2025-10,CHICKEN POPCORN,Pkt,1.2,331.2,0.0,0.0,0.0,0.0,1.2,331.2
2025-10,Pizza sauce premix,Kg,8.7,2827.5,0.0,0.0,7.7,2502.5,0.9999999999999991,325.0
2025-10,KOT Printing Rolls,Nos,43.0,2322.0,0.0,0.0,37.0,1998.0,6.0,324.0
2025-10,Berry Fresh Tender Coconut Pulp,Nos,1.0,370.0,3.0,1110.0,3.2,1184.0,0.7999999999999998,296.0
2025-10,voucher book,Nos,0.0,0.0,5.0,290.0,0.0,0.0,5.0,290.0
2025-10,atta,Kg,5.0,270.0,0.0,0.0,0.0,0.0,5.0,270.0
2025-10,Malas Chocolate Sauce 5 ltr,Nos,0.5,530.0,0.0,0.0,0.25,265.0,0.25,265.0
2025-10,Garlic Bread Box,Nos,276.0,2070.0,0.0,0.0,241.0,1807.5,35.0,262.5
2025-10,garlic,Kg,0.0,0.0,2.0,260.0,0.0,0.0,2.0,260.0
2025-10,DVC BLUE OCCEAN FLV SYRUP 750ML,Nos,3.5,1817.2,0.0,0.0,3.0,1557.6,0.5,259.60000000000014
2025-10,DVC Bubblegum Syrup Syrup 750 ml,Nos,0.5,253.7,0.0,0.0,0.0,0.0,0.5,253.7
2025-10,DVC Peach Garden Syrup Syrup 750 ml,Nos,0.5,244.26,0.0,0.0,0.0,0.0,0.5,244.26
2025-10,DVC Strawberry Syrup Syrup 750 ml,Nos,0.5,244.26,0.0,0.0,0.0,0.0,0.5,244.26
2025-10,Bread Premix,Kg,6.0,1440.0,0.0,0.0,5.0,1200.0,1.0,240.0
2025-10,Piri Piri Marinade 1KG,Pkt,0.5,237.76,0.0,0.0,0.0,0.0,0.5,237.76
2025-10,Salad Bowl 250ml,Nos,242.0,1270.5,0.0,0.0,200.0,1050.0,42.0,220.5
2025-10,Puramate Pasta-Gomiti Rigate - macroni - 500g,Pkt,2.0,142.0,3.0,201.0,2.0,134.0,3.0,209.0
2025-10,egg-6.50,Nos,10.0,65.0,20.0,130.0,0.0,0.0,30.0,195.0
2025-10,colby cheese 1 kg,Kg,3.3,2093.78,0.0,0.0,3.0,1903.44,0.2999999999999998,190.34000000000015
2025-10,Celotape-3/4inch-,Nos,8.0,184.0,0.0,0.0,0.0,0.0,8.0,184.0
2025-10,cheese jalapeno dip,Pkt,1.0,184.0,0.0,0.0,0.0,0.0,1.0,184.0
2025-10,Aromat Seasoning Powder,Pkt,1.0,172.0,0.0,0.0,0.0,0.0,1.0,172.0
2025-10,potato wedges,Kg,3.0,522.9,2.5,435.75,4.6,801.78,1.4000000000000004,156.87
2025-10,dry basil,Pkt,0.0,0.0,1.0,140.0,0.0,0.0,1.0,140.0
2025-10,Corn Meal - MAKKA RAVA,Pkt,3.0,165.0,4.0,220.0,4.5,247.5,2.5,137.5
2025-10,wodden spoon,Nos,200.0,130.0,0.0,0.0,0.0,0.0,200.0,130.0
2025-10,Pineapple slice-Tajir Habit-850g,Nos,7.0,771.75,0.0,0.0,6.0,661.5,1.0,110.25
2025-10,habit baby corn,Tin,1.0,108.0,10.0,1080.0,10.0,1080.0,1.0,108.0
2025-10,chicken popcorn,Pkt,0.0,0.0,1.0,262.5,0.6,157.5,0.4,105.0
2025-10,tomato ketchup 1.2 bottle,Nos,0.0,0.0,4.0,400.0,3.0,300.0,1.0,100.0
2025-10,bio covers,Kg,3.2,480.0,0.0,0.0,2.7,405.0,0.5,75.0
2025-10,Mittai-Milk-Amul,Tin,1.0,64.0,0.0,0.0,0.0,0.0,1.0,64.0
2025-10,Dip Bowl,Nos,28.0,56.0,0.0,0.0,0.0,0.0,28.0,56.0
2025-10,Tissue,Pkt,6.0,108.0,0.0,0.0,3.0,54.0,3.0,54.0
2025-10,staff rice 26kg,Kg,20.0,1080.0,0.0,0.0,19.0,1026.0,1.0,54.0
2025-10,Mustard Oil,Nos,1.0,168.0,0.0,0.0,0.7,117.6,0.30000000000000004,50.400000000000006
2025-10,bio glass,Pkt,2.0,160.0,0.0,0.0,1.5,120.0,0.5,40.0
2025-10,chilly flakes 500gm,Pkt,0.2,39.0,0.0,0.0,0.0,0.0,0.2,39.0
2025-10,slice mango 600ml,Nos,1.0,36.08,0.0,0.0,0.0,0.0,1.0,36.08
2025-10,curd,Pkt,0.0,0.0,1.0,30.0,0.0,0.0,1.0,30.0
2025-10,Butter Scotch Ice-cream,Pkt,0.0,0.0,1.0,688.0,1.0,688.0,0.0,0.0
2025-10,DVC Cucumber Syrup 750 ml,Nos,1.0,530.0,0.0,0.0,1.0,530.0,0.0,0.0
2025-10,DVC Watermelon Syrup 750 ml,Nos,1.0,519.2,0.0,0.0,1.0,519.2,0.0,0.0
2025-10,Green Peas,Pkt,0.0,0.0,1.0,155.0,1.0,155.0,0.0,0.0
2025-10,Schezwan sauce,Pkt,1.0,182.0,0.0,0.0,1.0,182.0,0.0,0.0
2025-10,Strawberry-Ice cream,Nos,1.0,629.0,0.0,0.0,1.0,629.0,0.0,0.0
2025-10,Veg burger pattis,Pkt,0.0,0.0,1.0,225.0,1.0,225.0,0.0,0.0
2025-10,chilly flakes 500 gm,Pkt,0.0,0.0,1.0,195.0,1.0,195.0,0.0,0.0
2025-10,ice cube/80,Pkt,2.0,160.0,0.0,0.0,2.0,160.0,0.0,0.0
2025-10,makhni gravy,Pkt,3.0,672.0,0.0,0.0,3.0,672.0,0.0,0.0
2025-10,malas butterscotch crush,Nos,1.0,143.0,0.0,0.0,1.0,143.0,0.0,0.0
2025-10,straw,Pkt,2.0,80.0,0.0,0.0,3.0,120.0,-1.0,-40.0
2025-10,chilly flake sachet,Nos,0.0,0.0,1000.0,520.0,1107.0,575.64,-107.0,-55.639999999999986
2025-10,dew can300ml,Nos,0.0,0.0,0.0,0.0,2.0,68.58,-2.0,-68.58
2025-10,POTATO POPS,Kg,0.3,60.33,0.0,0.0,0.9,180.98,-0.6000000000000001,-120.64999999999999
2025-10,Herb Mix Masla,Kg,5.4,2408.4,0.0,0.0,5.7,2542.2,-0.2999999999999998,-133.79999999999973
2025-10,Wooden Fork-160mm,Pkt,0.0,0.0,0.0,0.0,1.5,150.0,-1.5,-150.0
2025-10,Zippy Chicken Salami,Pkt,0.0,0.0,2.0,618.0,2.5,772.5,-0.5,-154.5
2025-10,Piri Piri Marinade 1KG,Kg,0.0,0.0,1.0,445.0,1.4,623.0,-0.3999999999999999,-178.0
2025-10,pizza sauce,Kg,4.0,480.0,0.0,0.0,6.0,720.0,-2.0,-240.0
2025-10,sweet corn 1kg,Pkt,0.0,0.0,0.0,0.0,2.0,260.0,-2.0,-260.0
2025-10,Chettinad Mix,Kg,0.1,65.1,0.0,0.0,0.5,325.5,-0.4,-260.4
2025-10,pepsi can300ml,Nos,0.0,0.0,0.0,0.0,8.0,274.32,-8.0,-274.32
2025-10,Chicken Sausage,Pkt,2.0,550.0,0.0,0.0,3.0,825.0,-1.0,-275.0
2025-10,vegetable n fruit,Nos,0.0,0.0,0.0,0.0,4.0,400.0,-4.0,-400.0
2025-10,Dew 750ml Pet,Nos,0.0,0.0,0.0,0.0,12.0,412.44,-12.0,-412.44
2025-10,Slice Mango 200ml pet,Nos,0.0,0.0,0.0,0.0,26.0,459.42,-26.0,-459.42
2025-10,Processed cheese block,Kg,0.0,0.0,2.0,1028.0,3.0,1542.0,-1.0,-514.0
2025-10,dynamic cheddar block,Kg,0.0,0.0,0.0,0.0,1.0,554.0,-1.0,-554.0
2025-10,Veeba Gouda Flavoured Dressing,Pkt,0.0,0.0,12.0,2272.56,15.0,2840.7,-3.0,-568.1399999999999
2025-10,Mojito Menta Cubano,Nos,0.0,0.0,2.0,920.0,3.7,1702.0,-1.7000000000000002,-782.0
2025-10,milky mist butter 500gm,Nos,0.0,0.0,0.0,0.0,4.0,1249.0,-4.0,-1249.0
2025-10,mexican mix,Kg,0.0,0.0,0.0,0.0,10.0,4350.0,-10.0,-4350.0
2025-11,dynamic diced mozerella,Kg,18.0,7381.44,60.0,24604.8,7.4,3034.59,70.6,28951.649999999998
2025-11,grocery,Nos,10.0,2103.1,116.0,21239.0,0.0,0.0,126.0,23342.1
2025-11,Boneless Chicken,Kg,4.0,1160.0,78.4,22590.42,5.0,1449.5,77.0,22300.92
2025-11,Gas-LPG-HPCL,Nos,1.0,1640.0,11.0,17940.0,0.0,0.0,12.0,19580.0
2025-11,vegetables,Nos,0.0,0.0,123.0,9793.91,3.0,252.0,120.0,9541.91
2025-11,Maida yamuna,Kg,90.0,3852.0,100.0,4280.0,0.0,0.0,190.0,8132.0
2025-11,mexican mix,Kg,10.0,4350.0,5.0,2175.0,0.0,0.0,15.0,6525.0
2025-11,hungritos premium,Kg,20.0,2268.0,50.0,5670.0,27.3,3095.82,42.7,4842.18
2025-11,G.Crown Mushroom Slice 800g,Tin,20.0,2060.0,24.0,2472.0,2.0,206.0,42.0,4326.0
2025-11,Regular Pizza Box,Nos,605.0,5142.5,600.0,5100.0,703.0,5975.5,502.0,4267.0
2025-11,Pizza Premix,Kg,10.7,2696.4,20.0,5040.0,14.0,3528.0,16.7,4208.4
2025-11,Medium Pizza Box,Nos,323.0,3230.0,300.0,3000.0,256.0,2560.0,367.0,3670.0
2025-11,Veeba Eggless Mayonise Chef 1KG,Kg,11.0,1546.93,12.0,1687.56,0.0,0.0,23.0,3234.49
2025-11,ENGLISH vegetables,Nos,3.0,833.25,15.0,3376.0,3.0,1005.0,15.0,3204.25
2025-11,Vanilla Ice-cream 4ltr,Nos,2.0,968.0,5.0,2420.0,2.0,968.0,5.0,2420.0
2025-11,veeba pizza pasta sauce,Pkt,12.0,2171.4,12.0,2171.4,11.0,1990.45,13.0,2352.3500000000004
2025-11,Veeba Ketchup Sachet,Nos,2653.0,2122.4,2400.0,1920.0,2480.0,1984.0,2573.0,2058.4
2025-11,fruits and vegetables,Nos,0.0,0.0,7.0,1638.0,0.0,0.0,7.0,1638.0
2025-11,black olive slice Habit,Tin,3.0,2313.0,0.0,0.0,1.0,771.0,2.0,1542.0
2025-11,HABIT JALAPENO SLICES 2.9 KG,Tin,3.0,834.0,6.0,1668.0,4.0,1112.0,5.0,1390.0
2025-11,maida prince 30kg,Kg,0.0,0.0,30.0,1359.9,0.0,0.0,30.0,1359.9
2025-11,Butter,Kg,1.25,475.0,2.0,760.0,0.0,0.0,3.25,1235.0
2025-11,chicken kheema masala,Kg,0.9,585.0,1.0,650.0,0.0,0.0,1.9,1235.0
2025-11,BBQ Mix Masala,Pkt,3.5,1627.5,5.0,2325.0,6.0,2790.0,2.5,1162.5
2025-11,Brownie,Kg,2.0,770.0,3.0,1155.0,2.0,770.0,3.0,1155.0
2025-11,Large Pizza Box,Nos,309.0,4588.65,200.0,2970.0,432.0,6415.2,77.0,1143.4499999999998
2025-11,Herb Mix Masla,Kg,5.7,2542.2,5.0,2230.0,8.2,3657.2,2.5,1115.0
2025-11,OREGANO SACHET 0.8GM,Nos,1657.0,1143.33,1700.0,1088.0,1620.0,1117.8,1737.0,1113.53
2025-11,Richs versatie cream,Pkt,7.0,1483.58,12.0,2256.0,14.0,2632.0,5.0,1107.58
2025-11,pepsi can300ml,Nos,8.0,274.32,24.0,822.96,0.0,0.0,32.0,1097.28
2025-11,chilly flake sachet,Nos,1107.0,575.64,1000.0,520.0,0.0,0.0,2107.0,1095.6399999999999
2025-11,Pepsi 250ml Pet,Nos,39.0,682.5,60.0,1050.0,39.0,682.5,60.0,1050.0
2025-11,Processed cheese block,Kg,3.0,1542.0,0.0,0.0,1.0,514.0,2.0,1028.0
2025-11,Chicken burger pattis,Pkt,0.0,0.0,9.0,2268.0,5.0,1260.0,4.0,1008.0
2025-11,red paprika habit,Tin,3.5,1319.5,0.0,0.0,1.0,377.0,2.5,942.5
2025-11,milky mist butter 500gm,Nos,4.0,1249.0,0.0,0.0,1.0,312.25,3.0,936.75
2025-11,Pepsi 750ml Pet,Nos,33.0,1134.21,0.0,0.0,6.0,206.22,27.0,927.99
2025-11,milk fruits sugar balls,Nos,0.0,0.0,5.0,885.0,0.0,0.0,5.0,885.0
2025-11, dry yeast 500 gm,Pkt,4.0,712.0,10.0,1700.0,9.0,1530.0,5.0,882.0
2025-11,7UP 750ml Pet,Nos,17.0,584.29,24.0,824.88,16.0,549.92,25.0,859.2500000000001
2025-11,Berry Fresh Chicku Pulp,Nos,0.0,0.0,3.0,840.0,0.0,0.0,3.0,840.0
2025-11,burger buns,Nos,0.0,0.0,104.0,832.0,0.0,0.0,104.0,832.0
2025-11,sneha chi nuggets,Pkt,2.0,517.5,4.0,1035.0,2.8,724.5,3.2,828.0
2025-11,Chicken Sausage,Pkt,3.0,825.0,0.0,0.0,0.0,0.0,3.0,825.0
2025-11,slice cheese,Pkt,102.0,818.04,0.0,0.0,0.0,0.0,102.0,818.04
2025-11,Berry Fresh Tender Coconut Pulp,Nos,3.2,1184.0,0.0,0.0,1.0,370.0,2.2,814.0
2025-11,Chocolate Ice-cream 4ltr,Nos,1.0,726.0,2.0,1452.0,1.9,1379.4,1.1,798.5999999999999
2025-11,7up 1 ltr,Nos,13.0,576.42,15.0,665.1,10.0,443.4,18.0,798.12
2025-11,Pasta Container Black,Nos,189.0,1691.55,200.0,1790.0,300.0,2685.0,89.0,796.5500000000002
2025-11,Mojito Menta Cubano,Nos,3.7,1702.0,0.0,0.0,2.0,920.0,1.7000000000000002,782.0
2025-11,Zippy Chicken Salami,Pkt,2.5,772.5,2.0,618.0,2.0,618.0,2.5,772.5
2025-11,colby cheese 1 kg,Kg,3.0,1903.44,0.0,0.0,1.8,1142.06,1.2,761.3800000000001
2025-11,pepsi 1 ltr,Nos,12.0,532.08,15.0,665.1,10.0,443.4,17.0,753.7800000000001
2025-11,milk shake assorted,Nos,7.0,168.0,24.0,576.0,0.0,0.0,31.0,744.0
2025-11,bonless chicken,Kg,0.0,0.0,2.55,739.5,0.0,0.0,3.0,739.5
2025-11,Oregano Sprinkler 500g,Pkt,2.4,736.8,2.0,614.0,2.0,614.0,2.4000000000000004,736.8
2025-11,sweet corn,Kg,0.0,0.0,7.0,727.0,0.0,0.0,7.0,727.0
2025-11,Dew 750ml Pet,Nos,12.0,412.44,24.0,824.88,15.0,515.55,21.0,721.77
2025-11,milk,Nos,2.0,50.0,32.0,800.0,6.0,150.0,28.0,700.0
2025-11,makhni gravy,Pkt,3.0,672.0,2.0,420.0,2.0,420.0,3.0,672.0
2025-11,Puramate Pasta-Penne Rigatte 500g,Pkt,9.0,603.0,6.0,402.0,5.0,335.0,10.0,670.0
2025-11,slice cheese,Nos,0.0,0.0,255.0,1945.65,170.0,1297.1,85.0,648.5500000000002
2025-11,Honey mustard dressing,Pkt,3.0,635.61,4.0,847.48,4.0,847.48,3.0,635.6100000000001
2025-11,sneha chi burgar pattis,Pkt,2.5,630.0,0.0,0.0,0.0,0.0,2.5,630.0
2025-11,tomato ketchup 1.2 bottle,Nos,3.0,300.0,5.0,515.55,2.0,206.22,6.0,609.3299999999999
2025-11,paneer tikka powder,Kg,2.15,1935.0,0.0,0.0,1.5,1350.0,0.6499999999999999,585.0
2025-11,paneer,Kg,0.0,0.0,2.0,580.0,0.0,0.0,2.0,580.0
2025-11,Lehar Soda,Nos,18.0,266.76,48.0,711.36,28.0,414.96,38.0,563.1600000000001
2025-11,dynamic cheddar block,Kg,1.0,554.0,0.0,0.0,0.0,0.0,1.0,554.0
2025-11,DVC Green Apple 750 ML,Nos,3.7,1702.0,0.0,0.0,2.5,1150.0,1.2000000000000002,552.0
2025-11,habit baby corn,Tin,10.0,1080.0,0.0,0.0,5.0,540.0,5.0,540.0
2025-11,French Fries Box,Nos,100.0,535.0,200.0,1070.0,200.0,1070.0,100.0,535.0
2025-11,DVC Cucumber Syrup 750 ml,Nos,1.0,530.0,0.0,0.0,0.0,0.0,1.0,530.0
2025-11,7up 250ml Pet,Nos,11.0,192.5,30.0,525.0,11.0,192.5,30.0,525.0
2025-11,7up zero sugar 400ml,Nos,0.0,0.0,30.0,525.0,0.0,0.0,30.0,525.0
2025-11,tomato,Nos,0.0,0.0,10.0,480.0,0.0,0.0,10.0,480.0
2025-11,DVC PASSION FRUIT FLV SYRUP 750ML,Nos,4.0,1840.0,0.0,0.0,3.0,1380.0,1.0,460.0
2025-11,Slice Mango 200ml pet,Nos,26.0,459.42,0.0,0.0,0.0,0.0,26.0,459.42
2025-11,bio covers,Kg,2.7,405.0,2.0,260.0,1.6,208.0,3.1,457.0
2025-11,KOT Printing Rolls,Nos,37.0,1998.0,0.0,0.0,29.0,1566.0,8.0,432.0
2025-11,Aqua Fina Mineral Water 1Ltr,Nos,4.0,51.0,36.0,459.0,7.0,89.25,33.0,420.75
2025-11,vegetable n fruit,Nos,4.0,400.0,0.0,0.0,0.0,0.0,4.0,400.0
2025-11,Veeba Gouda Flavoured Dressing,Pkt,15.0,2840.7,0.0,0.0,13.0,2461.94,2.0,378.75999999999976
2025-11,habit olive oil,Nos,3.5,1291.5,0.0,0.0,2.5,922.5,1.0,369.0
2025-11,Veeba ThousandIsland Dressing 1KG,Pkt,2.0,351.76,2.0,366.0,2.0,366.0,2.0,351.76
2025-11,Moktails Glass,Nos,90.0,720.0,200.0,1600.0,250.0,2000.0,40.0,320.0
2025-11,ice cube/80,Pkt,2.0,160.0,2.0,160.0,0.0,0.0,4.0,320.0
2025-11,fruits,Nos,0.0,0.0,4.0,300.0,0.0,0.0,4.0,300.0
2025-11,Dew 250ml Pet,Nos,0.0,0.0,30.0,525.0,13.0,227.5,17.0,297.5
2025-11,milk choco,Nos,0.0,0.0,12.0,288.0,0.0,0.0,12.0,288.0
2025-11,Dew 330 ml can,Nos,0.0,0.0,24.0,822.96,16.0,548.64,8.0,274.32000000000005
2025-11,atta,Kg,0.0,0.0,5.0,270.0,0.0,0.0,5.0,270.0
2025-11,Malas Chocolate Sauce 5 ltr,Nos,0.25,265.0,0.0,0.0,0.0,0.0,0.25,265.0
2025-11,Salad Bowl 250ml,Nos,200.0,1050.0,100.0,525.0,250.0,1312.5,50.0,262.5
2025-11,Salad Bowl 500ml,Nos,190.0,1244.5,100.0,655.0,250.0,1637.5,40.0,262.0
2025-11,TOMATO 10KG,Kg,0.0,0.0,10.0,260.0,0.0,0.0,10.0,260.0
2025-11,tandoori mayonise,Pkt,2.0,520.0,2.0,520.0,3.0,780.0,1.0,260.0
2025-11,Bread Premix,Kg,5.0,1200.0,0.0,0.0,4.0,960.0,1.0,240.0
2025-11,Garlic Bread Box,Nos,241.0,1807.5,0.0,0.0,210.0,1575.0,31.0,232.5
2025-11,Egg 7.5,Nos,0.0,0.0,30.0,225.0,0.0,0.0,30.0,225.0
2025-11,Veg burger pattis,Pkt,1.0,225.0,0.0,0.0,0.0,0.0,1.0,225.0
2025-11,Mini Burger Box,Nos,0.0,0.0,200.0,560.0,120.0,336.0,80.0,224.0
2025-11,milk 28 milma,Nos,0.0,0.0,8.0,224.0,0.0,0.0,8.0,224.0
2025-11,Puramate Pasta-Gomiti Rigate - macroni - 500g,Pkt,2.0,134.0,2.0,134.0,1.0,67.0,3.0,201.0
2025-11,chilly flakes 500 gm,Pkt,1.0,195.0,0.0,0.0,0.0,0.0,1.0,195.0
2025-11,Veg burger pattis,Nos,0.0,0.0,40.0,370.0,20.0,185.0,20.0,185.0
2025-11,Schezwan sauce,Pkt,1.0,182.0,1.0,175.32,1.0,175.32,1.0,182.0
2025-11,Piri Piri Marinade 1KG,Kg,1.4,623.0,0.0,0.0,1.0,445.0,0.3999999999999999,178.0
2025-11,Tropicana Guava Delight 500ml,Nos,0.0,0.0,24.0,601.92,17.0,426.36,7.0,175.55999999999995
2025-11,Mayonise premium,Pkt,0.0,0.0,4.0,690.0,3.0,517.5,1.0,172.5
2025-11,chilly garlic spread,Pkt,2.0,330.0,0.0,0.0,1.0,165.0,1.0,165.0
2025-11,Wooden Fork-160mm,Pkt,1.5,150.0,0.0,0.0,0.0,0.0,1.5,150.0
2025-11,Corn Meal - MAKKA RAVA,Pkt,4.5,247.5,0.0,0.0,2.0,110.0,2.5,137.5
2025-11,garlic,Kg,0.0,0.0,1.0,130.0,0.0,0.0,1.0,130.0
2025-11,pizza sauce,Kg,6.0,720.0,0.0,0.0,5.0,600.0,1.0,120.0
2025-11,straw,Pkt,3.0,120.0,0.0,0.0,0.0,0.0,3.0,120.0
2025-11,Pineapple slice-Tajir Habit-850g,Nos,6.0,661.5,0.0,0.0,5.0,551.25,1.0,110.25
2025-11,pineapple,Nos,0.0,0.0,1.0,90.0,0.0,0.0,1.0,90.0
2025-11,potato wedges,Kg,4.6,801.78,2.5,435.75,6.6,1150.38,1.0,87.14999999999986
2025-11,watermelon,Kg,0.0,0.0,2.0,75.0,0.0,0.0,2.0,75.0
2025-11,egg 7,Nos,0.0,0.0,10.0,70.0,0.0,0.0,10.0,70.0
2025-11,dew can300ml,Nos,2.0,68.58,0.0,0.0,0.0,0.0,2.0,68.58
2025-11,Mustard Oil,Nos,0.7,117.6,0.0,0.0,0.3,50.4,0.39999999999999997,67.19999999999999
2025-11,egg-6.50,Nos,0.0,0.0,10.0,65.0,0.0,0.0,10.0,65.0
2025-11,Dip Bowl,Nos,0.0,0.0,100.0,200.0,70.0,140.0,30.0,60.0
2025-11,POTATO POPS,Kg,0.9,180.98,0.0,0.0,0.6,120.65,0.30000000000000004,60.329999999999984
2025-11,bio glass,Pkt,1.5,120.0,0.0,0.0,1.0,80.0,0.5,40.0
2025-11,7up can 300ml,Nos,6.0,205.74,0.0,0.0,5.0,171.45,1.0,34.29000000000002
2025-11,Green Peas,Pkt,1.0,155.0,0.0,0.0,0.8,124.0,0.19999999999999996,31.0
2025-11,chicken popcorn,Pkt,0.6,157.5,1.0,262.5,1.5,393.75,0.10000000000000009,26.25
2025-11,Chettinad Mix,Kg,0.5,325.5,0.0,0.0,0.5,325.5,0.0,0.0
2025-11,DVC Watermelon Syrup 750 ml,Nos,1.0,519.2,0.0,0.0,1.0,519.2,0.0,0.0
2025-11,Tripod,Nos,0.0,0.0,500.0,675.0,500.0,675.0,0.0,0.0
2025-11,cheesy spread dip,Pkt,0.0,0.0,4.0,1237.52,4.0,1237.52,0.0,0.0
2025-11,malas butterscotch crush,Nos,1.0,143.0,0.0,0.0,1.0,143.0,0.0,0.0
2025-11,sweet corn 1kg,Pkt,2.0,260.0,0.0,0.0,2.0,260.0,0.0,0.0
2025-11,Tissue,Pkt,3.0,54.0,0.0,0.0,8.0,144.0,-5.0,-90.0
2025-11,Pizza sauce premix,Kg,7.7,2502.5,0.0,0.0,8.0,2600.0,-0.2999999999999998,-97.5
2025-11,Paper Straw,Pkt,0.0,0.0,0.0,0.0,3.0,120.0,-3.0,-120.0
2025-11,oil,Pkt,3.0,409.5,0.0,0.0,4.0,546.0,-1.0,-136.5
2025-11,Paneer,Kg,1.0,290.0,0.0,0.0,1.5,435.0,-0.5,-145.0
2025-11,Fruits,Nos,0.0,0.0,0.0,0.0,2.0,150.0,-2.0,-150.0
2025-11,staff rice 26kg,Kg,19.0,1026.0,0.0,0.0,22.0,1188.0,-3.0,-162.0
2025-11,Slice Mango 250ml pet,Nos,0.0,0.0,0.0,0.0,10.0,166.2,-10.0,-166.2
2025-11,wooden fork,Nos,0.0,0.0,0.0,0.0,200.0,170.0,-200.0,-170.0
2025-11,Aromat Seasoning Powder,Pkt,0.0,0.0,0.0,0.0,1.0,172.0,-1.0,-172.0
2025-11,CHILLY FLAKES SACHET 0.8GM,Nos,0.0,0.0,1000.0,520.0,1330.0,691.6,-330.0,-171.60000000000002
2025-11,chilly flakes 500gm,Pkt,0.0,0.0,0.0,0.0,1.0,195.0,-1.0,-195.0
2025-11,Celotape-3/4inch-,Nos,0.0,0.0,0.0,0.0,10.0,230.0,-10.0,-230.0
2025-11,tandoori tikka powder,Kg,0.0,0.0,0.0,0.0,0.25,287.5,-0.25,-287.5
2025-11,milk choco 180 ml,Nos,0.0,0.0,0.0,0.0,13.0,389.87,-13.0,-389.87
2025-11,Berry Fresh Chicku Pulp 2kg,Tin,0.0,0.0,0.0,0.0,1.5,420.0,-1.5,-420.0
2025-11,Strawberry-Ice cream,Nos,1.0,629.0,0.0,0.0,1.7,1069.3,-0.7,-440.29999999999995
2025-11,Butter,Pkt,0.0,0.0,0.0,0.0,3.0,570.0,-3.0,-570.0
2025-11,Zippy  B.Fast Sausage ,Kg,0.0,0.0,0.0,0.0,2.0,590.88,-2.0,-590.88
2025-11,pepsi can 330ml,Nos,0.0,0.0,0.0,0.0,21.0,720.09,-21.0,-720.09
2025-11,DVC BLUE OCCEAN FLV SYRUP 750ML,Nos,3.0,1557.6,0.0,0.0,4.5,2336.4,-1.5,-778.8000000000002
2025-11,Butter Scotch Ice-cream,Pkt,1.0,688.0,0.0,0.0,2.2,1513.6,-1.2000000000000002,-825.5999999999999
2025-11,chicken pepperoni,Kg,1.0,865.0,1.0,865.0,3.0,2595.0,-1.0,-865.0
2025-11,Lamp Pepperoni,Kg,1.5,1342.5,0.0,0.0,2.5,2237.5,-1.0,-895.0
2025-11,Chicken Kheema  Masala,Kg,0.0,0.0,0.0,0.0,1.5,975.0,-1.5,-975.0
2025-11,maida 30kg,Kg,0.0,0.0,0.0,0.0,30.0,1359.9,-30.0,-1359.9
2025-11,Tandoori mix Masala,Kg,2.5,1037.5,0.0,0.0,6.0,2490.0,-3.5,-1452.5
2025-11,Veeba Eggless Mayonise Chef 1KG,Pkt,0.0,0.0,0.0,0.0,14.0,2415.0,-14.0,-2415.0
2025-11,Mexican Masala,Pkt,0.4,166.0,0.0,0.0,9.6,3984.0,-9.2,-3818.0
2025-12,dynamic diced mozerella,Kg,7.4,3034.59,72.0,30064.8,11.0,4634.41,68.4,28464.98
2025-12,Boneless Chicken,Kg,5.0,1449.5,63.55,18989.44,6.0,2160.0,63.0,18278.94
2025-12,grocery,Nos,0.0,0.0,94.0,15839.0,0.0,0.0,94.0,15839.0
2025-12,vegetables,Nos,3.0,252.0,101.0,6990.47,0.0,0.0,104.0,7242.47
2025-12,Gas-LPG-HPCL,Nos,0.0,0.0,6.0,9720.0,1.5,2595.0,4.5,7125.0
2025-12,prince maida 50kg,Kg,0.0,0.0,150.0,6720.0,25.0,1120.0,125.0,5600.0
2025-12,Pizza Premix,Kg,14.0,3528.0,6.0,1512.0,0.3,75.6,19.7,4964.4
2025-12,Regular Pizza Box,Nos,703.0,5975.5,0.0,0.0,200.0,1700.0,503.0,4275.5
2025-12,Vanilla Ice-cream 4ltr,Nos,2.0,968.0,7.0,3628.0,1.2,652.8,7.8,3943.2
2025-12,Medium Pizza Box,Nos,256.0,2560.0,100.0,1000.0,0.0,0.0,356.0,3560.0
2025-12,hungritos premium,Kg,27.3,3095.82,0.0,0.0,0.0,0.0,27.3,3095.82
2025-12,Mexican Masala,Pkt,9.6,3984.0,0.0,0.0,2.5,1037.5,7.1,2946.5
2025-12,ENGLISH vegetables,Nos,3.0,1005.0,11.0,3042.99,3.0,1128.0,11.0,2919.99
2025-12,oil,Pkt,4.0,546.0,30.0,3700.0,12.0,1488.0,22.0,2758.0
2025-12,Large Pizza Box,Nos,432.0,6415.2,0.0,0.0,250.0,3712.5,182.0,2702.7
2025-12,Richs versatie cream,Pkt,14.0,2632.0,12.0,2256.0,12.0,2256.0,14.0,2632.0
2025-12,G.Crown Mushroom Slice 800g,Tin,2.0,206.0,48.0,4944.0,26.0,2678.0,24.0,2472.0
2025-12,Veeba Eggless Mayonise Chef 1KG,Pkt,14.0,2415.0,12.0,1687.2,12.0,1687.2,14.0,2415.0
2025-12,veeba pizza pasta sauce,Pkt,11.0,1990.45,12.0,2171.4,10.0,1809.5,13.0,2352.3500000000004
2025-12,DVC BLUE OCCEAN FLV SYRUP 750ML,Nos,4.5,2336.4,0.0,0.0,0.0,0.0,4.5,2336.4
2025-12,black olive slice Habit,Tin,1.0,771.0,3.0,2313.0,1.0,771.0,3.0,2313.0
2025-12,french fry hungritos 2.5kg,Kg,0.0,0.0,27.5,3072.3,8.5,949.62,19.5,2122.6800000000003
2025-12,Veeba Ketchup Sachet,Nos,2480.0,1984.0,2400.0,1920.0,2430.0,1944.0,2450.0,1960.0
2025-12,KOT Printing Rolls,Nos,29.0,1566.0,0.0,0.0,0.0,0.0,29.0,1566.0
2025-12,Chicken burger pattis,Pkt,5.0,1260.0,6.0,1512.0,4.8,1209.6,6.2,1562.4
2025-12,canvill button mushroom,Tin,0.0,0.0,10.0,1560.0,0.0,0.0,10.0,1560.0
2025-12,Brownie,Kg,2.0,770.0,4.0,1540.0,2.0,770.0,4.0,1540.0
2025-12, dry yeast 500 gm,Pkt,9.0,1530.0,0.0,0.0,0.0,0.0,9.0,1530.0
2025-12,Butter,Kg,0.0,0.0,4.0,1520.0,0.0,0.0,4.0,1520.0
2025-12,Chocolate Ice-cream 4ltr,Nos,1.9,1379.4,3.0,2358.0,2.8,2284.8,2.1000000000000005,1452.6
2025-12,sneha chi nuggets,Pkt,2.8,724.5,4.0,1035.0,1.2,310.5,5.6,1449.0
2025-12,7UP 750ml Pet,Nos,16.0,549.92,24.0,824.88,0.0,0.0,40.0,1374.8
2025-12,maida 30kg,Kg,30.0,1359.9,0.0,0.0,0.0,0.0,30.0,1359.9
2025-12,Lamp Pepperoni,Kg,2.5,2237.5,0.0,0.0,1.0,895.0,1.5,1342.5
2025-12,Pizza sauce premix,Kg,8.0,2600.0,0.0,0.0,4.0,1300.0,4.0,1300.0
2025-12,slice cheese,Nos,170.0,1297.1,153.0,1257.66,153.0,1257.66,170.0,1297.1000000000001
2025-12,Processed cheese block,Kg,1.0,514.0,4.0,2079.0,2.5,1299.38,2.5,1293.62
2025-12,Pepsi 250ml Pet,Nos,39.0,682.5,90.0,1575.0,57.0,997.5,72.0,1260.0
2025-12,DVC Green Apple 750 ML,Nos,2.5,1150.0,0.0,0.0,0.0,0.0,2.5,1150.0
2025-12,veg fruit grocery,Nos,0.0,0.0,3.0,1128.0,0.0,0.0,3.0,1128.0
2025-12,HABIT JALAPENO SLICES 2.9 KG,Tin,4.0,1112.0,2.0,556.0,2.0,556.0,4.0,1112.0
2025-12,Berry Fresh Tender Coconut Pulp,Nos,1.0,370.0,2.0,740.0,0.0,0.0,3.0,1110.0
2025-12,Tandoori mix Masala,Kg,6.0,2490.0,0.0,0.0,3.4,1411.0,2.6,1079.0
2025-12,BBQ Mix Masala,Pkt,6.0,2790.0,0.0,0.0,3.7,1720.5,2.3,1069.5
2025-12,OREGANO SACHET 0.8GM,Nos,1620.0,1117.8,1200.0,828.0,1300.0,897.0,1520.0,1048.8
2025-12,Paneer,Kg,1.5,435.0,4.0,1160.0,2.0,580.0,3.5,1015.0
2025-12,Chicken Kheema  Masala,Kg,1.5,975.0,0.0,0.0,0.0,0.0,1.5,975.0
2025-12,potato wedges,Kg,6.6,1150.38,0.0,0.0,1.3,226.59,5.3,923.7900000000001
2025-12,Mojito Menta Cubano,Nos,2.0,920.0,4.0,1840.0,4.0,1840.0,2.0,920.0
2025-12,chill fill french fry,Pkt,0.0,0.0,3.0,900.0,0.0,0.0,3.0,900.0
2025-12,Pasta Container Black,Nos,300.0,2685.0,0.0,0.0,200.0,1790.0,100.0,895.0
2025-12,7up 250ml Pet,Nos,11.0,192.5,60.0,1050.0,20.0,350.0,51.0,892.5
2025-12,Butter Scotch Ice-cream,Pkt,2.2,1513.6,0.0,0.0,1.0,688.0,1.2000000000000002,825.5999999999999
2025-12,7up pet 750ml,Nos,0.0,0.0,24.0,824.88,0.0,0.0,24.0,824.88
2025-12,dew 750 ml,Nos,0.0,0.0,24.0,824.88,0.0,0.0,24.0,824.88
2025-12,Puramate Pasta-Penne Rigatte 500g,Pkt,5.0,335.0,12.0,804.0,5.0,335.0,12.0,804.0
2025-12,sweet corn 1kg,Pkt,2.0,260.0,4.0,520.0,0.0,0.0,6.0,780.0
2025-12,Veeba Gouda Flavoured Dressing,Pkt,13.0,2461.94,0.0,0.0,9.0,1704.42,4.0,757.52
2025-12,habit baby corn,Tin,5.0,540.0,5.0,540.0,3.0,324.0,7.0,756.0
2025-12,tomato ketchup 1.2 bottle,Nos,2.0,206.22,9.0,927.99,4.0,412.44,7.0,721.77
2025-12,pepsi can 330ml,Nos,21.0,720.09,0.0,0.0,0.0,0.0,21.0,720.09
2025-12,Moktails Glass,Nos,250.0,2000.0,0.0,0.0,165.0,1320.0,85.0,680.0
2025-12,Tripod,Nos,500.0,675.0,0.0,0.0,0.0,0.0,500.0,675.0
2025-12,fruits and milk,Nos,0.0,0.0,5.0,660.0,0.0,0.0,5.0,660.0
2025-12,Salad Bowl 500ml,Nos,250.0,1637.5,0.0,0.0,150.0,982.5,100.0,655.0
2025-12,Lehar Soda,Nos,28.0,414.96,48.0,711.36,32.0,474.24,44.0,652.0799999999999
2025-12,CHILLY FLAKES SACHET 0.8GM,Nos,1330.0,691.6,1000.0,520.0,1100.0,572.0,1230.0,639.5999999999999
2025-12,Honey mustard dressing,Pkt,4.0,847.48,2.0,423.74,3.0,635.61,3.0,635.61
2025-12,milk,Nos,6.0,150.0,26.0,650.0,7.0,175.0,25.0,625.0
2025-12,7up 1 ltr,Nos,10.0,443.4,15.0,665.1,11.0,487.74,14.0,620.76
2025-12,Mini Burger Box,Nos,120.0,336.0,100.0,280.0,0.0,0.0,220.0,616.0
2025-12,Oregano Sprinkler 500g,Pkt,2.0,614.0,2.0,614.0,2.0,614.0,2.0,614.0
2025-12,mix herb amazon 1 kg,Pkt,0.0,0.0,1.0,586.0,0.0,0.0,1.0,586.0
2025-12,paneer,Kg,0.0,0.0,2.0,580.0,0.0,0.0,2.0,580.0
2025-12,habit olive oil,Nos,2.5,922.5,2.0,738.0,3.0,1107.0,1.5,553.5
2025-12,Dew 330 ml can,Nos,16.0,548.64,0.0,0.0,0.0,0.0,16.0,548.64
2025-12,pepsi 1 ltr,Nos,10.0,443.4,15.0,665.1,13.0,576.42,12.0,532.08
2025-12,tandoori mayonise,Pkt,3.0,780.0,0.0,0.0,1.0,260.0,2.0,520.0
2025-12,dynamic cheddar block,Kg,0.0,0.0,1.0,519.38,0.0,0.0,1.0,519.38
2025-12,Mayonise premium,Pkt,3.0,517.5,2.0,345.0,2.0,345.0,3.0,517.5
2025-12,slice 250ml,Nos,0.0,0.0,30.0,498.6,0.0,0.0,30.0,498.6
2025-12,tomato,Kg,0.0,0.0,10.0,480.0,0.0,0.0,10.0,480.0
2025-12,DVC PASSION FRUIT FLV SYRUP 750ML,Nos,3.0,1380.0,0.0,0.0,2.0,920.0,1.0,460.0
2025-12,Garlic Bread Box,Nos,210.0,1575.0,0.0,0.0,150.0,1125.0,60.0,450.0
2025-12,TOMATO 10KG,Kg,0.0,0.0,10.0,450.0,0.0,0.0,10.0,450.0
2025-12,chicken pepperoni,Kg,3.0,2595.0,0.0,0.0,2.5,2162.5,0.5,432.5
2025-12,Tropicana Guava Delight 500ml,Nos,17.0,426.36,0.0,0.0,0.0,0.0,17.0,426.36
2025-12,sweet corn abad,Kg,0.0,0.0,5.0,425.0,0.0,0.0,5.0,425.0
2025-12,Berry Fresh Chicku Pulp 2kg,Tin,1.5,420.0,0.0,0.0,0.0,0.0,1.5,420.0
2025-12,makhni gravy,Pkt,2.0,420.0,3.0,630.0,3.0,630.0,2.0,420.0
2025-12,Aqua Fina Mineral Water 1Ltr,Nos,7.0,89.25,48.0,605.88,22.0,276.76,33.0,418.37
2025-12,Dew 250ml Pet,Nos,13.0,227.5,30.0,525.0,20.0,350.0,23.0,402.5
2025-12,French Fries Box,Nos,200.0,1070.0,0.0,0.0,125.0,668.75,75.0,401.25
2025-12,fruits and vegetables,Nos,0.0,0.0,3.0,395.01,0.0,0.0,3.0,395.01
2025-12,milk choco 180 ml,Nos,13.0,389.87,0.0,0.0,0.0,0.0,13.0,389.87
2025-12,red paprika habit 670ml,Nos,0.0,0.0,3.0,375.27,0.0,0.0,3.0,375.27
2025-12,Veeba ThousandIsland Dressing 1KG,Pkt,2.0,366.0,2.0,366.0,2.0,366.0,2.0,366.0
2025-12,Rose lichy crush mojito,Nos,0.0,0.0,2.0,693.0,1.0,346.5,1.0,346.5
2025-12,Puramate Pasta-Gomiti Rigate - macroni - 500g,Pkt,1.0,67.0,6.0,402.0,2.0,134.0,5.0,335.0
2025-12,Herb Mix Masla,Kg,8.2,3657.2,0.0,0.0,7.5,3345.0,0.6999999999999993,312.1999999999998
2025-12,milk 26,Nos,0.0,0.0,12.0,312.0,0.0,0.0,12.0,312.0
2025-12,milky mist butter 500gm,Nos,1.0,312.25,0.0,0.0,0.0,0.0,1.0,312.25
2025-12,Zippy Chicken Salami,Pkt,2.0,618.0,0.0,0.0,1.0,309.0,1.0,309.0
2025-12,Egg 7.5,Nos,0.0,0.0,40.0,300.0,0.0,0.0,40.0,300.0
2025-12,staff chicken,Kg,0.0,0.0,4.0,300.0,0.0,0.0,4.0,300.0
2025-12,Zippy  B.Fast Sausage ,Kg,2.0,590.88,0.0,0.0,1.0,295.44,1.0,295.44
2025-12,Veg burger pattis,Pkt,0.0,0.0,3.0,712.5,1.6,420.0,1.4,292.5
2025-12,milk shake coffee,Nos,0.0,0.0,12.0,288.0,0.0,0.0,12.0,288.0
2025-12,tandoori tikka powder,Kg,0.25,287.5,0.0,0.0,0.0,0.0,0.25,287.5
2025-12,chicken popcorn,Pkt,1.5,393.75,1.0,225.0,1.5,337.5,1.0,281.25
2025-12,Salad Bowl 250ml,Nos,250.0,1312.5,0.0,0.0,200.0,1050.0,50.0,262.5
2025-12,Tissue,Pkt,8.0,144.0,10.0,180.0,4.0,72.0,14.0,252.0
2025-12,Chettinad Mix,Kg,0.5,325.5,0.0,0.0,0.15,97.65,0.35,227.85
2025-12,Berry Fresh Chicku Pulp,Nos,0.0,0.0,2.0,560.0,1.2,336.0,0.8,224.0
2025-12,burger buns,Nos,0.0,0.0,28.0,224.0,0.0,0.0,28.0,224.0
2025-12,chilly flakes 500gm,Pkt,1.0,195.0,0.0,0.0,0.0,0.0,1.0,195.0
2025-12,Veg burger pattis,Nos,20.0,185.0,0.0,0.0,0.0,0.0,20.0,185.0
2025-12,Slice Mango 250ml pet,Nos,10.0,166.2,0.0,0.0,0.0,0.0,10.0,166.2
2025-12,POTATO POPS,Kg,0.6,120.65,1.5,301.64,1.3,261.42,1.3,160.86999999999995
2025-12,Fruits,Nos,2.0,150.0,0.0,0.0,0.0,0.0,2.0,150.0
2025-12,malas butterscotch crush,Nos,1.0,143.0,0.0,0.0,0.0,0.0,1.0,143.0
2025-12,Green Peas,Pkt,0.8,124.0,0.0,0.0,0.0,0.0,0.8,124.0
2025-12,Bread Premix,Kg,4.0,960.0,0.0,0.0,3.5,840.0,0.5,120.0
2025-12,Paper Straw,Pkt,3.0,120.0,0.0,0.0,0.0,0.0,3.0,120.0
2025-12,Tissue Spl,Pkt,0.0,0.0,4.0,116.0,0.0,0.0,4.0,116.0
2025-12,Celotape-3/4inch-,Nos,10.0,230.0,0.0,0.0,5.0,115.0,5.0,115.0
2025-12,Pineapple slice-Tajir Habit-850g,Nos,5.0,551.25,0.0,0.0,4.0,441.0,1.0,110.25
2025-12,staff rice 26kg,Kg,22.0,1188.0,0.0,0.0,20.0,1080.0,2.0,108.0
2025-12,water melon,Nos,0.0,0.0,1.0,100.0,0.0,0.0,1.0,100.0
2025-12,Sugar,Kg,0.0,0.0,2.0,90.0,0.0,0.0,2.0,90.0
2025-12,Piri Piri Marinade 1KG,Kg,1.0,445.0,0.0,0.0,0.8,356.0,0.19999999999999996,89.0
2025-12,Aromat Seasoning Powder,Pkt,1.0,172.0,0.0,0.0,0.5,86.0,0.5,86.0
2025-12,wooden fork,Nos,200.0,170.0,0.0,0.0,100.0,85.0,100.0,85.0
2025-12,Corn Meal - MAKKA RAVA,Pkt,2.0,110.0,0.0,0.0,1.0,55.0,1.0,55.0
2025-12,Mustard Oil,Nos,0.3,50.4,0.0,0.0,0.0,0.0,0.3,50.4
2025-12,7up can 300ml,Nos,5.0,171.45,0.0,0.0,5.0,171.45,0.0,0.0
2025-12,DVC Watermelon Syrup 750 ml,Nos,1.0,519.2,0.0,0.0,1.0,519.2,0.0,0.0
2025-12,Pepsi 750ml Pet,Nos,6.0,206.22,48.0,1649.76,54.0,1855.98,0.0,0.0
2025-12,Schezwan sauce,Pkt,1.0,175.32,2.0,350.64,3.0,525.96,0.0,0.0
2025-12,Strawberry-Ice cream,Nos,1.7,1069.3,0.0,0.0,1.7,1069.3,0.0,0.0
2025-12,bio glass,Pkt,1.0,80.0,0.0,0.0,1.0,80.0,0.0,0.0
2025-12,cheesy spread dip,Pkt,4.0,1237.52,0.0,0.0,4.0,1237.52,0.0,0.0
2025-12,chilly garlic spread,Pkt,1.0,165.0,2.0,330.0,3.0,495.0,0.0,0.0
2025-12,pizza sauce,Kg,5.0,600.0,0.0,0.0,5.0,600.0,0.0,0.0
2025-12,red paprika habit,Tin,1.0,377.0,0.0,0.0,1.0,395.0,0.0,-18.0
2025-12,bio covers,Kg,1.6,208.0,1.0,130.0,3.0,390.0,-0.3999999999999999,-52.0
2025-12,Dip Bowl,Nos,70.0,140.0,0.0,0.0,100.0,200.0,-30.0,-60.0
2025-12,ice cube/80,Pkt,0.0,0.0,0.0,0.0,1.0,80.0,-1.0,-80.0
2025-12,chilly flakes 500 gm,Pkt,0.0,0.0,0.0,0.0,0.5,97.5,-0.5,-97.5
2025-12,Dew 750ml Pet,Nos,15.0,515.55,0.0,0.0,22.0,756.14,-7.0,-240.59000000000003
2025-12,milk shake assorted,Nos,0.0,0.0,0.0,0.0,12.0,288.0,-12.0,-288.0
2025-12,Dew can 300ml,Nos,0.0,0.0,0.0,0.0,12.0,411.48,-12.0,-411.48
2025-12,Slice Mango 200ml pet,Nos,0.0,0.0,0.0,0.0,24.0,424.08,-24.0,-424.08
2025-12,Blue curacao mojito,Nos,0.0,0.0,2.0,861.0,3.0,1291.5,-1.0,-430.5
2025-12,pepsi can300ml,Nos,0.0,0.0,0.0,0.0,14.0,480.06,-14.0,-480.06
2025-12,sweet corn 1kg,Kg,0.0,0.0,0.0,0.0,4.0,504.0,-4.0,-504.0
2025-12,Butter,Pkt,3.0,570.0,0.0,0.0,6.0,1140.0,-3.0,-570.0
2025-12,colby cheese 1 kg,Kg,1.8,1142.06,0.0,0.0,2.8,1776.54,-0.9999999999999998,-634.48
2025-12,7up750mlpet,Nos,0.0,0.0,0.0,0.0,38.0,1306.44,-38.0,-1306.44
2025-12,paneer tikka powder,Kg,1.5,1350.0,0.0,0.0,3.15,2835.0,-1.65,-1485.0
2025-12,chicken kheema masala,Kg,0.0,0.0,0.0,0.0,2.4,1560.0,-2.4,-1560.0
2026-01,dynamic diced mozerella,Kg,11.0,4634.41,60.0,25278.6,0.0,0.0,71.0,29913.01
2026-01,Boneless Chicken,Kg,6.0,2160.0,64.75,22592.04,5.0,1550.0,66.0,23202.04
2026-01,grocery,Nos,0.0,0.0,110.0,17143.18,0.0,0.0,110.0,17143.18
2026-01,Gas-LPG-HPCL,Nos,1.5,2595.0,10.0,17300.0,2.5,4325.0,9.0,15570.0
2026-01,vegetables,Nos,0.0,0.0,125.0,8289.13,0.0,0.0,125.0,8289.13
2026-01,prince maida 50kg,Kg,25.0,1120.0,200.0,8960.0,40.0,1792.0,185.0,8288.0
2026-01,oil,Pkt,12.0,1488.0,40.0,5010.0,2.0,254.0,50.0,6244.0
2026-01,milky mist diced mozerella,Kg,0.0,0.0,12.0,5250.0,0.0,0.0,12.0,5250.0
2026-01,mexican mix,Kg,0.0,0.0,10.0,4350.0,0.0,0.0,10.0,4350.0
2026-01,G.Crown Mushroom Slice 800g,Tin,26.0,2678.0,24.0,2472.0,13.0,1339.0,37.0,3811.0
2026-01,Pizza Premix,Kg,0.3,75.6,20.0,5040.0,6.8,1713.6,13.5,3402.0000000000005
2026-01,ENGLISH vegetables,Nos,3.0,1128.0,15.0,3046.0,3.0,772.5,15.0,3401.5
2026-01,Regular Pizza Box,Nos,200.0,1700.0,600.0,5100.0,406.0,3451.0,394.0,3349.0
2026-01,Vanilla Ice-cream 4ltr,Nos,1.2,652.8,6.0,3264.0,2.0,1088.0,5.2,2828.8
2026-01,paneer tikka powder,Kg,3.15,2835.0,0.4,360.0,0.5,450.0,2.65,2745.0
2026-01,french fry hungritos 2.5kg,Kg,8.5,949.62,12.5,1396.5,0.0,0.0,21.5,2346.12
2026-01,black olive slice Habit,Tin,1.0,771.0,4.0,3084.0,2.0,1542.0,3.0,2313.0
2026-01,DVC PASSION FRUIT FLV SYRUP 750ML,Nos,2.0,920.0,3.0,1380.0,0.0,0.0,5.0,2300.0
2026-01,Richs versatie cream,Pkt,12.0,2256.0,12.0,2256.0,12.0,2256.0,12.0,2256.0
2026-01,veeba pizza pasta sauce,Pkt,10.0,1809.5,6.0,1085.7,4.0,723.8,12.0,2171.3999999999996
2026-01,Chicken burger pattis,Pkt,4.8,1209.6,6.0,1512.0,3.0,756.0,7.800000000000001,1965.6
2026-01,Pepsi 750ml Pet,Nos,54.0,1855.98,24.0,824.88,22.0,756.14,56.0,1924.7200000000003
2026-01,Veeba Ketchup Sachet,Nos,2430.0,1944.0,1200.0,960.0,1400.0,1120.0,2230.0,1784.0
2026-01,chicken kheema masala,Kg,2.4,1560.0,1.0,650.0,0.7,455.0,2.7,1755.0
2026-01,chicken pepperoni,Kg,2.5,2162.5,1.0,865.0,1.5,1297.5,2.0,1730.0
2026-01,slice cheese,Nos,153.0,1257.66,204.0,1676.88,153.0,1257.66,204.0,1676.8799999999999
2026-01,French Fries Box,Nos,125.0,668.75,200.0,1070.0,50.0,267.5,275.0,1471.25
2026-01,BBQ Mix Masala,Pkt,3.7,1720.5,5.0,2325.0,5.6,2604.0,3.0999999999999996,1441.5
2026-01,Pepsi 250ml Pet,Nos,57.0,997.5,60.0,1050.0,40.0,700.0,77.0,1347.5
2026-01,Lamp Pepperoni,Kg,1.0,895.0,2.0,1790.0,1.5,1342.5,1.5,1342.5
2026-01,Large Pizza Box,Nos,250.0,3712.5,200.0,2970.0,362.0,5375.7,88.0,1306.8000000000002
2026-01,7up750mlpet,Nos,38.0,1306.44,0.0,0.0,0.0,0.0,38.0,1306.44
2026-01,Medium Pizza Box,Nos,0.0,0.0,500.0,5000.0,373.0,3730.0,127.0,1270.0
2026-01,Paneer,Kg,2.0,580.0,4.0,1160.0,2.0,580.0,4.0,1160.0
2026-01,Brownie,Kg,2.0,770.0,5.0,1925.0,4.0,1540.0,3.0,1155.0
2026-01,Veeba Eggless Mayonise Chef 1KG,Pkt,12.0,1687.2,12.0,1687.2,16.0,2249.6,8.0,1124.8000000000002
2026-01,7up 250ml Pet,Nos,20.0,350.0,60.0,1050.0,19.0,332.5,61.0,1067.5
2026-01,Processed cheese block,Kg,2.5,1299.38,2.0,1039.5,2.5,1299.38,2.0,1039.5
2026-01,sneha chi nuggets,Pkt,1.2,310.5,4.0,1035.0,1.2,310.5,4.0,1035.0
2026-01,Chocolate Ice-cream 4ltr,Nos,2.8,2284.8,0.0,0.0,1.6,1305.6,1.1999999999999997,979.2000000000003
2026-01,Pasta Container Black,Nos,200.0,1790.0,150.0,1342.5,242.0,2165.9,108.0,966.5999999999999
2026-01,DVC Green Apple 750 ML,Nos,0.0,0.0,5.0,2300.0,3.0,1380.0,2.0,920.0
2026-01,Berry Fresh Chicku Pulp,Nos,1.2,336.0,2.0,560.0,0.0,0.0,3.2,896.0
2026-01,HABIT JALAPENO SLICES 2.9 KG,Tin,2.0,556.0,4.0,1112.0,3.0,834.0,3.0,834.0
2026-01,tomato ketchup 1.2 bottle,Nos,4.0,412.44,4.0,400.0,0.0,0.0,8.0,812.44
2026-01,fruits and milk,Nos,0.0,0.0,9.0,790.02,0.0,0.0,9.0,790.02
2026-01,Lehar Soda,Nos,32.0,474.24,72.0,1067.04,51.0,755.82,53.0,785.4599999999999
2026-01,Butter,Kg,0.0,0.0,2.0,760.0,0.0,0.0,2.0,760.0
2026-01,staff chicken,Kg,0.0,0.0,4.42,749.5,0.0,0.0,4.0,749.5
2026-01,Berry Fresh Tender Coconut Pulp,Nos,0.0,0.0,2.0,740.0,0.0,0.0,2.0,740.0
2026-01,Puramate Pasta-Penne Rigatte 500g,Pkt,5.0,335.0,12.0,804.0,6.0,402.0,11.0,737.0
2026-01,OREGANO SACHET 0.8GM,Nos,1300.0,897.0,600.0,414.0,920.0,634.8,980.0,676.2
2026-01,milk,Nos,7.0,175.0,20.0,500.0,0.0,0.0,27.0,675.0
2026-01,Honey mustard dressing,Pkt,3.0,635.61,2.0,423.74,2.0,423.74,3.0,635.6099999999999
2026-01,makhni gravy,Pkt,3.0,630.0,0.0,0.0,0.0,0.0,3.0,630.0
2026-01,Oregano Sprinkler 500g,Pkt,2.0,614.0,2.0,614.0,2.0,614.0,2.0,614.0
2026-01,Tandoori mix Masala,Kg,3.4,1411.0,5.0,2075.0,7.0,2905.0,1.4000000000000004,581.0
2026-01,Butter,Pkt,6.0,1140.0,0.0,0.0,3.0,570.0,3.0,570.0
2026-01,habit olive oil,Nos,3.0,1107.0,2.0,738.0,3.5,1291.5,1.5,553.5
2026-01,Dew 750ml Pet,Nos,22.0,756.14,0.0,0.0,7.0,240.59,15.0,515.55
2026-01,Dew 250ml Pet,Nos,20.0,350.0,30.0,525.0,21.0,367.5,29.0,507.5
2026-01,Slice Mango 250ml pet,Nos,0.0,0.0,30.0,498.6,0.0,0.0,30.0,498.6
2026-01,pepsi can300ml,Nos,14.0,480.06,0.0,0.0,0.0,0.0,14.0,480.06
2026-01,sweet corn abad,Kg,0.0,0.0,5.0,475.0,0.0,0.0,5.0,475.0
2026-01,7up 1 ltr,Nos,11.0,487.74,15.0,665.1,16.0,709.44,10.0,443.4000000000001
2026-01,Veeba Chilli Flakes Seasoning(8G),Nos,0.0,0.0,600.0,438.0,0.0,0.0,600.0,438.0
2026-01,TOMATO 10KG,Kg,0.0,0.0,10.0,420.0,0.0,0.0,10.0,420.0
2026-01,Veeba Makhani Gravy 1KG,Pkt,0.0,0.0,2.0,420.0,0.0,0.0,2.0,420.0
2026-01,Veg burger pattis,Pkt,1.6,420.0,1.0,225.0,1.0,225.0,1.6,420.0
2026-01,tomato,Kg,0.0,0.0,10.0,420.0,0.0,0.0,10.0,420.0
2026-01,CHILLY FLAKES SACHET 0.8GM,Nos,1100.0,572.0,0.0,0.0,300.0,156.0,800.0,416.0
2026-01,burger buns,Nos,0.0,0.0,52.0,416.0,0.0,0.0,52.0,416.0
2026-01,Aqua Fina Mineral Water 1Ltr,Nos,22.0,276.76,36.0,452.88,25.0,314.5,33.0,415.14
2026-01,Dew can 300ml,Nos,12.0,411.48,0.0,0.0,0.0,0.0,12.0,411.48
2026-01,red paprika habit,Tin,1.0,395.0,2.0,790.0,2.0,790.0,1.0,395.0
2026-01,Mojito Menta Cubano,Nos,4.0,1840.0,0.0,0.0,3.2,1472.0,0.7999999999999998,368.0
2026-01,pepsi 1 ltr,Nos,13.0,576.42,15.0,665.1,20.0,886.8,8.0,354.72
2026-01,Mayonise premium,Pkt,2.0,345.0,2.0,345.0,2.0,345.0,2.0,345.0
2026-01,chicken popcorn,Pkt,1.5,337.5,0.0,0.0,0.0,0.0,1.5,337.5
2026-01,Mini Burger Box,Nos,0.0,0.0,200.0,560.0,80.0,224.0,120.0,336.0
2026-01,chilly garlic spread,Pkt,3.0,495.0,0.0,0.0,1.0,165.0,2.0,330.0
2026-01,Tropicana Guava Delight 500ml,Nos,0.0,0.0,24.0,601.92,11.0,275.88,13.0,326.03999999999996
2026-01,habit baby corn,Tin,3.0,324.0,0.0,0.0,0.0,0.0,3.0,324.0
2026-01,cheesy spread dip,Pkt,4.0,1237.52,0.0,0.0,3.0,928.14,1.0,309.38
2026-01,Zippy Chicken Salami,Pkt,1.0,309.0,2.0,618.0,2.0,618.0,1.0,309.0
2026-01,Zippy  B.Fast Sausage ,Kg,1.0,295.44,0.0,0.0,0.0,0.0,1.0,295.44
2026-01,Moktails Glass,Nos,165.0,1320.0,100.0,800.0,229.0,1832.0,36.0,288.0
2026-01,milk shake assorted,Nos,12.0,288.0,0.0,0.0,0.0,0.0,12.0,288.0
2026-01,staff rice 26kg,Kg,20.0,1080.0,0.0,0.0,15.0,810.0,5.0,270.0
2026-01,POTATO POPS,Kg,1.3,261.42,0.0,0.0,0.0,0.0,1.3,261.42
2026-01,tandoori mayonise,Pkt,1.0,260.0,0.0,0.0,0.0,0.0,1.0,260.0
2026-01,sweet corn 1kg,Kg,4.0,504.0,3.0,378.0,5.0,630.0,2.0,252.0
2026-01,potato wedges,Kg,1.3,226.59,0.0,0.0,0.0,0.0,1.3,226.59
2026-01,Piri Piri Marinade 1KG,Kg,0.8,356.0,1.0,445.0,1.3,578.5,0.5,222.5
2026-01,DVC Watermelon Syrup 750 ml,Nos,1.0,519.2,0.0,0.0,0.6,311.52,0.4,207.68000000000006
2026-01,Salad Bowl 500ml,Nos,150.0,982.5,150.0,982.5,269.0,1761.95,31.0,203.04999999999995
2026-01,Puramate Pasta-Gomiti Rigate - macroni - 500g,Pkt,2.0,134.0,2.0,134.0,1.0,67.0,3.0,201.0
2026-01,Dip Bowl,Nos,100.0,200.0,100.0,200.0,100.0,200.0,100.0,200.0
2026-01,Veeba Gouda Flavoured Dressing,Pkt,9.0,1704.42,0.0,0.0,8.0,1515.04,1.0,189.3800000000001
2026-01,Salad Bowl 250ml,Nos,200.0,1050.0,100.0,525.0,265.0,1391.25,35.0,183.75
2026-01,Veeba ThousandIsland Dressing 1KG,Pkt,2.0,366.0,2.0,366.0,3.0,549.0,1.0,183.0
2026-01,Herb Mix Masla,Kg,7.5,3345.0,0.0,0.0,7.1,3166.6,0.40000000000000036,178.4000000000001
2026-01,Schezwan sauce,Pkt,3.0,525.96,0.0,0.0,2.0,350.64,1.0,175.32000000000005
2026-01,milk shake coffee,Nos,0.0,0.0,12.0,288.0,5.0,120.0,7.0,168.0
2026-01,egg 8,Nos,0.0,0.0,30.0,240.0,10.0,80.0,20.0,160.0
2026-01,Bread Premix,Kg,3.5,840.0,2.0,504.0,4.8,1209.6,0.7000000000000002,134.4000000000001
2026-01,Blue curacao mojito,Nos,3.0,1291.5,0.0,0.0,2.7,1162.35,0.2999999999999998,129.1500000000001
2026-01,Garlic Bread Box,Nos,150.0,1125.0,150.0,1125.0,284.0,2130.0,16.0,120.0
2026-01,maida loose,Kg,0.0,0.0,2.5,120.0,0.0,0.0,3.0,120.0
2026-01,Green Peas,Pkt,0.0,0.0,2.0,170.0,0.7,59.5,1.3,110.5
2026-01,7up can 300ml,Nos,5.0,171.45,0.0,0.0,2.0,68.58,3.0,102.86999999999999
2026-01,Chettinad Mix,Kg,0.15,97.65,0.0,0.0,0.0,0.0,0.15,97.65
2026-01,wooden fork,Nos,100.0,85.0,0.0,0.0,0.0,0.0,100.0,85.0
2026-01,Egg 7.5,Nos,0.0,0.0,10.0,75.0,0.0,0.0,10.0,75.0
2026-01,Slice Mango 200ml pet,Nos,24.0,424.08,0.0,0.0,20.0,353.4,4.0,70.68
2026-01,Pizza sauce premix,Kg,4.0,1300.0,2.0,650.0,5.8,1885.0,0.20000000000000018,65.0
2026-01,chilly flakes 500 gm,Pkt,0.5,97.5,0.0,0.0,0.3,58.5,0.2,39.0
2026-01,Honey,Kg,0.0,0.0,2.0,488.0,2.0,488.0,0.0,0.0
2026-01,Pineapple slice-Tajir Habit-850g,Nos,4.0,441.0,0.0,0.0,4.0,441.0,0.0,0.0
2026-01,bio glass,Pkt,1.0,80.0,0.0,0.0,1.0,80.0,0.0,0.0
2026-01,cheese cake cassata syrup,Nos,0.0,0.0,1.0,430.5,1.0,430.5,0.0,0.0
2026-01,coffee mocha syrup taste craft,Nos,0.0,0.0,1.0,430.5,1.0,430.5,0.0,0.0
2026-01,colby cheese 1 kg,Kg,2.8,1776.54,0.0,0.0,2.8,1776.54,0.0,0.0
2026-01,ice cube/80,Pkt,1.0,80.0,0.0,0.0,1.0,80.0,0.0,0.0
2026-01,mango crush taste craft,Nos,0.0,0.0,1.0,246.75,1.0,246.75,0.0,0.0
2026-01,milk 28 milma,Nos,0.0,0.0,6.0,168.0,6.0,168.0,0.0,0.0
2026-01,salted cookies syrup taste craft,Nos,0.0,0.0,1.0,430.5,1.0,430.5,0.0,0.0
2026-01,straw,Pkt,0.0,0.0,0.0,0.0,1.0,40.0,-1.0,-40.0
2026-01,bio covers,Kg,3.0,390.0,1.0,130.0,4.6,598.0,-0.5999999999999996,-78.0
2026-01,Chicken Sausage,Pkt,0.0,0.0,2.0,550.0,2.3,632.5,-0.2999999999999998,-82.5
2026-01,Aromat Seasoning Powder,Pkt,0.5,86.0,0.0,0.0,1.0,172.0,-0.5,-86.0
2026-01,Tissue,Pkt,4.0,72.0,0.0,0.0,10.0,180.0,-6.0,-108.0
2026-01,Corn Meal - MAKKA RAVA,Pkt,1.0,55.0,0.0,0.0,3.0,165.0,-2.0,-110.0
2026-01,Strawberry-Ice cream,Nos,1.7,1069.3,0.0,0.0,1.9,1195.1,-0.19999999999999996,-125.79999999999995
2026-01,dry basil,Pkt,0.0,0.0,0.0,0.0,0.9,126.0,-0.9,-126.0
2026-01,Wooden Spoon,Nos,0.0,0.0,0.0,0.0,200.0,130.0,-200.0,-130.0
2026-01,Celotape-3/4inch-,Nos,5.0,115.0,0.0,0.0,12.0,276.0,-7.0,-161.0
2026-01, dry yeast 500 gm,Pkt,0.0,0.0,10.0,1700.0,11.0,1870.0,-1.0,-170.0
2026-01,chilly flake sachet,Nos,0.0,0.0,0.0,0.0,390.0,202.8,-390.0,-202.8
2026-01,hungritos premium,Kg,0.0,0.0,50.0,5566.0,52.0,5788.64,-2.0,-222.64000000000033
2026-01,Berry Fresh Chicku Pulp 2kg,Tin,0.0,0.0,0.0,0.0,0.9,252.0,-0.9,-252.0
2026-01,pepsi can 330ml,Nos,0.0,0.0,0.0,0.0,8.0,274.32,-8.0,-274.32
2026-01,Baby Corn Whole-800GM-Tajir Habit,Tin,0.0,0.0,0.0,0.0,3.0,336.0,-3.0,-336.0
2026-01,Rose lichy crush mojito,Nos,1.0,346.5,0.0,0.0,2.0,693.0,-1.0,-346.5
2026-01,dynamic cheddar block,Kg,0.0,0.0,0.0,0.0,0.7,363.57,-0.7,-363.57
2026-01,Veeba T. Ketchup 1.2KG,Nos,0.0,0.0,0.0,0.0,3.5,367.5,-3.5,-367.5
2026-01,Butter Scotch Ice-cream,Pkt,1.0,688.0,0.0,0.0,1.6,1100.8,-0.6000000000000001,-412.79999999999995
2026-01,7UP 750ml Pet,Nos,0.0,0.0,0.0,0.0,16.0,549.92,-16.0,-549.92
2026-01,pizza sauce,Kg,5.0,600.0,0.0,0.0,10.0,1200.0,-5.0,-600.0
2026-01,Berry Fresh Tender Coconut Pulp 2kg,Tin,0.0,0.0,0.0,0.0,2.5,925.0,-2.5,-925.0
2026-01,veg fruit grocery,Nos,0.0,0.0,0.0,0.0,5.0,1880.0,-5.0,-1880.0
2026-01,Chicken Kheema  Masala,Kg,0.0,0.0,0.0,0.0,3.0,1950.0,-3.0,-1950.0
2026-01,Mexican Masala,Pkt,2.5,1037.5,0.0,0.0,11.0,4565.0,-8.5,-3527.5
2026-02,dynamic diced mozerella,Kg,0.0,0.0,36.0,15167.16,0.0,0.0,36.0,15167.16
2026-02,Gas-LPG-HPCL,Nos,2.5,4325.0,6.0,10680.0,0.0,0.0,8.5,15005.0
2026-02,Boneless Chicken,Kg,5.0,1550.0,32.4,9529.86,0.0,0.0,37.0,11079.86
2026-02,grocery,Nos,0.0,0.0,73.0,10466.84,0.0,0.0,73.0,10466.84
2026-02,prince maida 50kg,Kg,40.0,1792.0,100.0,4480.0,0.0,0.0,140.0,6272.0
2026-02,hungritos premium,Kg,52.0,5788.64,0.0,0.0,0.0,0.0,52.0,5788.64
2026-02,Large Pizza Box,Nos,362.0,5375.7,0.0,0.0,0.0,0.0,362.0,5375.7
2026-02,Mexican Masala,Pkt,11.0,4565.0,0.0,0.0,0.0,0.0,11.0,4565.0
2026-02,oil,Pkt,2.0,254.0,30.0,3915.0,0.0,0.0,32.0,4169.0
2026-02,G.Crown Mushroom Slice 800g,Tin,13.0,1339.0,24.0,2472.0,0.0,0.0,37.0,3811.0
2026-02,Medium Pizza Box,Nos,373.0,3730.0,0.0,0.0,0.0,0.0,373.0,3730.0
2026-02,Regular Pizza Box,Nos,406.0,3451.0,0.0,0.0,0.0,0.0,406.0,3451.0
2026-02,Herb Mix Masla,Kg,7.1,3166.6,0.0,0.0,0.0,0.0,7.1,3166.6
2026-02,Tandoori mix Masala,Kg,7.0,2905.0,0.0,0.0,0.0,0.0,7.0,2905.0
2026-02,veeba pizza pasta sauce,Pkt,4.0,723.8,12.0,2171.4,0.0,0.0,16.0,2895.2
2026-02,Pepsi 250ml Pet,Nos,40.0,700.0,120.0,2100.0,0.0,0.0,160.0,2800.0
2026-02,KOT ROLLS,Nos,0.0,0.0,50.0,2700.0,0.0,0.0,50.0,2700.0
2026-02,vegetables,Nos,0.0,0.0,42.5,2681.33,0.0,0.0,43.0,2681.33
2026-02,BBQ Mix Masala,Pkt,5.6,2604.0,0.0,0.0,0.0,0.0,5.6,2604.0
2026-02,Richs versatie cream,Pkt,12.0,2256.0,0.0,0.0,0.0,0.0,12.0,2256.0
2026-02,Veeba Eggless Mayonise Chef 1KG,Pkt,16.0,2249.6,0.0,0.0,0.0,0.0,16.0,2249.6
2026-02,Vanilla Ice-cream 4ltr,Nos,2.0,1088.0,2.0,1088.0,0.0,0.0,4.0,2176.0
2026-02,Pasta Container Black,Nos,242.0,2165.9,0.0,0.0,0.0,0.0,242.0,2165.9
2026-02,staff rice 26kg,Kg,15.0,810.0,26.0,1326.0,0.0,0.0,41.0,2136.0
2026-02,Garlic Bread Box,Nos,284.0,2130.0,0.0,0.0,0.0,0.0,284.0,2130.0
2026-02,Chocolate Ice-cream 4ltr,Nos,1.6,1305.6,1.0,816.0,0.0,0.0,2.6,2121.6
2026-02,Veeba Ketchup Sachet,Nos,1400.0,1120.0,1200.0,960.0,0.0,0.0,2600.0,2080.0
2026-02,Chicken Kheema  Masala,Kg,3.0,1950.0,0.0,0.0,0.0,0.0,3.0,1950.0
2026-02,Pizza sauce premix,Kg,5.8,1885.0,0.0,0.0,0.0,0.0,5.8,1885.0
2026-02,veg fruit grocery,Nos,5.0,1880.0,0.0,0.0,0.0,0.0,5.0,1880.0
2026-02, dry yeast 500 gm,Pkt,11.0,1870.0,0.0,0.0,0.0,0.0,11.0,1870.0
2026-02,Moktails Glass,Nos,229.0,1832.0,0.0,0.0,0.0,0.0,229.0,1832.0
2026-02,colby cheese 1 kg,Kg,2.8,1776.54,0.0,0.0,0.0,0.0,2.8,1776.54
2026-02,Salad Bowl 500ml,Nos,269.0,1761.95,0.0,0.0,0.0,0.0,269.0,1761.95
2026-02,Pizza Premix,Kg,6.8,1713.6,0.0,0.0,0.0,0.0,6.8,1713.6
2026-02,Pepsi 750ml Pet,Nos,22.0,756.14,24.0,824.88,0.0,0.0,46.0,1581.02
2026-02,black olive slice Habit,Tin,2.0,1542.0,0.0,0.0,0.0,0.0,2.0,1542.0
2026-02,Brownie,Kg,4.0,1540.0,0.0,0.0,0.0,0.0,4.0,1540.0
2026-02,Veeba Gouda Flavoured Dressing,Pkt,8.0,1515.04,0.0,0.0,0.0,0.0,8.0,1515.04
2026-02,Chicken burger pattis,Pkt,3.0,756.0,3.0,756.0,0.0,0.0,6.0,1512.0
2026-02,Mojito Menta Cubano,Nos,3.2,1472.0,0.0,0.0,0.0,0.0,3.2,1472.0
2026-02,OREGANO SACHET 0.8GM,Nos,920.0,634.8,1200.0,828.0,0.0,0.0,2120.0,1462.8
2026-02,Salad Bowl 250ml,Nos,265.0,1391.25,0.0,0.0,0.0,0.0,265.0,1391.25
2026-02,HABIT JALAPENO SLICES 2.9 KG,Tin,3.0,834.0,2.0,556.0,0.0,0.0,5.0,1390.0
2026-02,DVC Green Apple 750 ML,Nos,3.0,1380.0,0.0,0.0,0.0,0.0,3.0,1380.0
2026-02,7UP 750ml Pet,Nos,16.0,549.92,24.0,824.88,0.0,0.0,40.0,1374.8
2026-02,7up 1 ltr,Nos,16.0,709.44,15.0,665.1,0.0,0.0,31.0,1374.54
2026-02,sneha chi nuggets,Pkt,1.2,310.5,4.0,1035.0,0.0,0.0,5.2,1345.5
2026-02,Lamp Pepperoni,Kg,1.5,1342.5,0.0,0.0,0.0,0.0,1.5,1342.5
2026-02,ENGLISH vegetables,Nos,3.0,772.5,2.0,550.0,0.0,0.0,5.0,1322.5
2026-02,Processed cheese block,Kg,2.5,1299.38,0.0,0.0,0.0,0.0,2.5,1299.38
2026-02,chicken pepperoni,Kg,1.5,1297.5,0.0,0.0,0.0,0.0,1.5,1297.5
2026-02,habit olive oil,Nos,3.5,1291.5,0.0,0.0,0.0,0.0,3.5,1291.5
2026-02,slice cheese,Nos,153.0,1257.66,0.0,0.0,0.0,0.0,153.0,1257.66
2026-02,Bread Premix,Kg,4.8,1209.6,0.0,0.0,0.0,0.0,4.8,1209.6
2026-02,pizza sauce,Kg,10.0,1200.0,0.0,0.0,0.0,0.0,10.0,1200.0
2026-02,Strawberry-Ice cream,Nos,1.9,1195.1,0.0,0.0,0.0,0.0,1.9,1195.1
2026-02,Blue curacao mojito,Nos,2.7,1162.35,0.0,0.0,0.0,0.0,2.7,1162.35
2026-02,Butter Scotch Ice-cream,Pkt,1.6,1100.8,0.0,0.0,0.0,0.0,1.6,1100.8
2026-02,dynamix butter,Pkt,0.0,0.0,4.0,1078.0,0.0,0.0,4.0,1078.0
2026-02,Puramate Pasta-Penne Rigatte 500g,Pkt,6.0,402.0,10.0,670.0,0.0,0.0,16.0,1072.0
2026-02,Dew 750ml Pet,Nos,7.0,240.59,24.0,824.88,0.0,0.0,31.0,1065.47
2026-02,fruits and vegetables,Nos,0.0,0.0,5.0,970.0,0.0,0.0,5.0,970.0
2026-02,cheesy spread dip,Pkt,3.0,928.14,0.0,0.0,0.0,0.0,3.0,928.14
2026-02,Berry Fresh Tender Coconut Pulp 2kg,Tin,2.5,925.0,0.0,0.0,0.0,0.0,2.5,925.0
2026-02,Oregano Sprinkler 500g,Pkt,2.0,614.0,1.0,307.0,0.0,0.0,3.0,921.0
2026-02,chill fill french fry,Pkt,0.0,0.0,3.0,900.0,0.0,0.0,3.0,900.0
2026-02,Dew 250ml Pet,Nos,21.0,367.5,30.0,525.0,0.0,0.0,51.0,892.5
2026-02,7up can 300ml,Nos,2.0,68.58,24.0,822.96,0.0,0.0,26.0,891.5400000000001
2026-02,pepsi 1 ltr,Nos,20.0,886.8,0.0,0.0,0.0,0.0,20.0,886.8
2026-02,Tropicana Guava Delight 500ml,Nos,11.0,275.88,24.0,601.92,0.0,0.0,35.0,877.8
2026-02,Paneer,Kg,2.0,580.0,1.0,290.0,0.0,0.0,3.0,870.0
2026-02,7up 250ml Pet,Nos,19.0,332.5,30.0,525.0,0.0,0.0,49.0,857.5
2026-02,Honey mustard dressing,Pkt,2.0,423.74,2.0,423.74,0.0,0.0,4.0,847.48
2026-02,Berry Fresh Chicku Pulp,Nos,0.0,0.0,3.0,840.0,0.0,0.0,3.0,840.0
2026-02,pepsi can300ml,Nos,0.0,0.0,24.0,822.96,0.0,0.0,24.0,822.96
2026-02,red paprika habit,Tin,2.0,790.0,0.0,0.0,0.0,0.0,2.0,790.0
2026-02,Butter,Kg,0.0,0.0,2.0,760.0,0.0,0.0,2.0,760.0
2026-02,Lehar Soda,Nos,51.0,755.82,0.0,0.0,0.0,0.0,51.0,755.82
2026-02,Berry Fresh Tender Coconut Pulp,Nos,0.0,0.0,2.0,740.0,0.0,0.0,2.0,740.0
2026-02,milk,Nos,0.0,0.0,28.0,700.0,0.0,0.0,28.0,700.0
2026-02,Rose lichy crush mojito,Nos,2.0,693.0,0.0,0.0,0.0,0.0,2.0,693.0
2026-02,CHILLY FLAKES SACHET 0.8GM,Nos,300.0,156.0,1000.0,520.0,0.0,0.0,1300.0,676.0
2026-02,Chicken Sausage,Pkt,2.3,632.5,0.0,0.0,0.0,0.0,2.3,632.5
2026-02,sweet corn 1kg,Kg,5.0,630.0,0.0,0.0,0.0,0.0,5.0,630.0
2026-02,Zippy Chicken Salami,Pkt,2.0,618.0,0.0,0.0,0.0,0.0,2.0,618.0
2026-02,Aqua Fina Mineral Water 1Ltr,Nos,25.0,314.5,24.0,301.92,0.0,0.0,49.0,616.4200000000001
2026-02,staff chicken,Kg,0.0,0.0,4.0,600.0,0.0,0.0,4.0,600.0
2026-02,bio covers,Kg,4.6,598.0,0.0,0.0,0.0,0.0,4.6,598.0
2026-02,paneer,Kg,0.0,0.0,2.0,580.0,0.0,0.0,2.0,580.0
2026-02,Piri Piri Marinade 1KG,Kg,1.3,578.5,0.0,0.0,0.0,0.0,1.3,578.5
2026-02,Butter,Pkt,3.0,570.0,0.0,0.0,0.0,0.0,3.0,570.0
2026-02,Veeba ThousandIsland Dressing 1KG,Pkt,3.0,549.0,0.0,0.0,0.0,0.0,3.0,549.0
2026-02,habit baby corn,Tin,0.0,0.0,5.0,540.0,0.0,0.0,5.0,540.0
2026-02,Mayonise premium,Pkt,2.0,345.0,1.0,172.5,0.0,0.0,3.0,517.5
2026-02,sneha chi burgar pattis,Pkt,0.0,0.0,2.0,504.0,0.0,0.0,2.0,504.0
2026-02,Honey,Kg,2.0,488.0,0.0,0.0,0.0,0.0,2.0,488.0
2026-02,chicken kheema masala,Kg,0.7,455.0,0.0,0.0,0.0,0.0,0.7,455.0
2026-02,Veg burger pattis,Pkt,1.0,225.0,1.0,225.0,0.0,0.0,2.0,450.0
2026-02,paneer tikka powder,Kg,0.5,450.0,0.0,0.0,0.0,0.0,0.5,450.0
2026-02,burger buns,Nos,0.0,0.0,56.0,448.0,0.0,0.0,56.0,448.0
2026-02,Pineapple slice-Tajir Habit-850g,Nos,4.0,441.0,0.0,0.0,0.0,0.0,4.0,441.0
2026-02,potato wedges,Kg,0.0,0.0,2.5,435.75,0.0,0.0,3.0,435.75
2026-02,cheese cake cassata syrup,Nos,1.0,430.5,0.0,0.0,0.0,0.0,1.0,430.5
2026-02,coffee mocha syrup taste craft,Nos,1.0,430.5,0.0,0.0,0.0,0.0,1.0,430.5
2026-02,salted cookies syrup taste craft,Nos,1.0,430.5,0.0,0.0,0.0,0.0,1.0,430.5
2026-02,makhni gravy,Pkt,0.0,0.0,2.0,420.0,0.0,0.0,2.0,420.0
2026-02,tomato ketchup 1.2 bottle,Nos,0.0,0.0,4.0,400.0,0.0,0.0,4.0,400.0
2026-02,burger box 5*5*4,Nos,0.0,0.0,100.0,380.0,0.0,0.0,100.0,380.0
2026-02,Veeba T. Ketchup 1.2KG,Nos,3.5,367.5,0.0,0.0,0.0,0.0,3.5,367.5
2026-02,dynamic cheddar block,Kg,0.7,363.57,0.0,0.0,0.0,0.0,0.7,363.57
2026-02,Slice Mango 200ml pet,Nos,20.0,353.4,0.0,0.0,0.0,0.0,20.0,353.4
2026-02,Schezwan sauce,Pkt,2.0,350.64,0.0,0.0,0.0,0.0,2.0,350.64
2026-02,Aromat Seasoning Powder,Pkt,1.0,172.0,1.0,172.0,0.0,0.0,2.0,344.0
2026-02,Baby Corn Whole-800GM-Tajir Habit,Tin,3.0,336.0,0.0,0.0,0.0,0.0,3.0,336.0
2026-02,Puramate Pasta-Gomiti Rigate - macroni - 500g,Pkt,1.0,67.0,4.0,268.0,0.0,0.0,5.0,335.0
2026-02,DVC Watermelon Syrup 750 ml,Nos,0.6,311.52,0.0,0.0,0.0,0.0,0.6,311.52
2026-02,milk choco 180 ml,Nos,0.0,0.0,12.0,288.0,0.0,0.0,12.0,288.0
2026-02,milk coffee 180ml,Nos,0.0,0.0,12.0,288.0,0.0,0.0,12.0,288.0
2026-02,Celotape-3/4inch-,Nos,12.0,276.0,0.0,0.0,0.0,0.0,12.0,276.0
2026-02,pepsi can 330ml,Nos,8.0,274.32,0.0,0.0,0.0,0.0,8.0,274.32
2026-02,chocolate chips,Nos,0.0,0.0,1.0,270.0,0.0,0.0,1.0,270.0
2026-02,French Fries Box,Nos,50.0,267.5,0.0,0.0,0.0,0.0,50.0,267.5
2026-02,Berry Fresh Chicku Pulp 2kg,Tin,0.9,252.0,0.0,0.0,0.0,0.0,0.9,252.0
2026-02,mango crush taste craft,Nos,1.0,246.75,0.0,0.0,0.0,0.0,1.0,246.75
2026-02,bio glass,Pkt,1.0,80.0,2.0,160.0,0.0,0.0,3.0,240.0
2026-02,egg 8,Nos,10.0,80.0,20.0,160.0,0.0,0.0,30.0,240.0
2026-02,ice cube/80,Pkt,1.0,80.0,2.0,160.0,0.0,0.0,3.0,240.0
2026-02,CHICKEN POPCORN,Pkt,0.0,0.0,1.0,225.0,0.0,0.0,1.0,225.0
2026-02,Mini Burger Box,Nos,80.0,224.0,0.0,0.0,0.0,0.0,80.0,224.0
2026-02,chilly flake sachet,Nos,390.0,202.8,0.0,0.0,0.0,0.0,390.0,202.8
2026-02,Dip Bowl,Nos,100.0,200.0,0.0,0.0,0.0,0.0,100.0,200.0
2026-02,Tissue,Pkt,10.0,180.0,0.0,0.0,0.0,0.0,10.0,180.0
2026-02,garlic,Kg,0.0,0.0,1.0,180.0,0.0,0.0,1.0,180.0
2026-02,milk 28 milma,Nos,6.0,168.0,0.0,0.0,0.0,0.0,6.0,168.0
2026-02,Corn Meal - MAKKA RAVA,Pkt,3.0,165.0,0.0,0.0,0.0,0.0,3.0,165.0
2026-02,chilly garlic spread,Pkt,1.0,165.0,0.0,0.0,0.0,0.0,1.0,165.0
2026-02,Wooden Spoon,Nos,200.0,130.0,0.0,0.0,0.0,0.0,200.0,130.0
2026-02,dry basil,Pkt,0.9,126.0,0.0,0.0,0.0,0.0,0.9,126.0
2026-02,milk shake coffee,Nos,5.0,120.0,0.0,0.0,0.0,0.0,5.0,120.0
2026-02,egg 7,Nos,0.0,0.0,10.0,70.0,0.0,0.0,10.0,70.0
2026-02,Green Peas,Pkt,0.7,59.5,0.0,0.0,0.0,0.0,0.7,59.5
2026-02,drinking water-20ltr,Nos,0.0,0.0,1.0,60.0,0.0,0.0,1.0,60.0
2026-02,chilly flakes 500 gm,Pkt,0.3,58.5,0.0,0.0,0.0,0.0,0.3,58.5
2026-02,straw,Pkt,1.0,40.0,0.0,0.0,0.0,0.0,1.0,40.0
