Order ID,Order Date,Order Status,Item Total,GST Collected,Total Customer Paid [4+5],Marketing Charges,Loocos Amount,Loocos Amount%,Swiggy Amount,Swiggy Amount%,Source File
231238240514854,2026-02-28 14:20:40,delivered,330,16.5,346.5,-31.079999999999995,205.25000000000003,62.1969696969697,124.74999999999997,37.8030303030303,invoice Annexure_708466_04032026_1772619603370.xlsx
231179314900795,2026-02-27 21:58:34,delivered,395,19.76,414.76,-31.079999999999995,272.98,69.10886075949367,122.01999999999998,30.891139240506327,invoice Annexure_708466_04032026_1772619603370.xlsx
231176367626869,2026-02-27 21:09:27,delivered,904,40.68,854.2800000000001,-31.079999999999995,595.1999999999999,65.84070796460176,308.80000000000007,34.15929203539824,invoice Annexure_708466_04032026_1772619603370.xlsx
231175846741158,2026-02-27 21:00:46,delivered,739,36.96,775.96,-31.079999999999995,537.79,72.77266576454669,201.21000000000004,27.22733423545332,invoice Annexure_708466_04032026_1772619603370.xlsx
231169015642169,2026-02-27 19:06:55,delivered,325,16.26,341.26,-31.079999999999995,201.41000000000003,61.9723076923077,123.58999999999997,38.0276923076923,invoice Annexure_708466_04032026_1772619603370.xlsx
231167917992687,2026-02-27 18:48:37,delivered,635,31.76,666.76,-31.079999999999995,457.72,72.08188976377953,177.27999999999997,27.918110236220468,invoice Annexure_708466_04032026_1772619603370.xlsx
231160295754126,2026-02-27 16:41:35,delivered,630,31.5,661.5,-31.079999999999995,442.07,70.16984126984127,187.93,29.83015873015873,invoice Annexure_708466_04032026_1772619603370.xlsx
231154836710870,2026-02-27 15:10:36,delivered,295,14.76,309.76,-31.079999999999995,196.00000000000003,66.4406779661017,98.99999999999997,33.5593220338983,invoice Annexure_708466_04032026_1772619603370.xlsx
231091702657410,2026-02-26 21:38:22,delivered,785,39.26,824.26,-31.079999999999995,573.1999999999999,73.01910828025477,211.80000000000007,26.98089171974523,invoice Annexure_708466_04032026_1772619603370.xlsx
231084687718536,2026-02-26 19:41:27,delivered,870,43.5,913.5,-31.079999999999995,615.03,70.69310344827586,254.97000000000003,29.306896551724144,invoice Annexure_708466_04032026_1772619603370.xlsx
231067101452678,2026-02-26 14:48:21,delivered,335,16.76,351.76,-31.079999999999995,197.3,58.8955223880597,137.7,41.1044776119403,invoice Annexure_708466_04032026_1772619603370.xlsx
230996915721065,2026-02-25 19:18:35,delivered,444,22.2,466.20000000000005,-31.079999999999995,310.71000000000004,69.97972972972974,133.28999999999996,30.02027027027026,invoice Annexure_708466_04032026_1772619603370.xlsx
230992444709580,2026-02-25 18:04:04,delivered,365,18.26,383.26,-31.079999999999995,249.90000000000003,68.46575342465754,115.09999999999997,31.534246575342458,invoice Annexure_708466_04032026_1772619603370.xlsx
230991491717027,2026-02-25 17:48:11,delivered,755,37.76,792.76,-31.079999999999995,526.49,69.73377483443709,228.51,30.26622516556291,invoice Annexure_708466_04032026_1772619603370.xlsx
230988576998517,2026-02-25 16:59:36,delivered,550,27.5,577.5,-31.079999999999995,356.91,64.89272727272729,193.08999999999997,35.10727272727272,invoice Annexure_708466_04032026_1772619603370.xlsx
230978575486541,2026-02-25 14:12:55,delivered,815,40.76,855.76,-31.079999999999995,572.6899999999999,70.26871165644171,242.31000000000006,29.731288343558287,invoice Annexure_708466_04032026_1772619603370.xlsx
230829381916840,2026-02-23 20:46:21,delivered,545,27.26,572.26,-31.079999999999995,388.47,71.27889908256881,156.52999999999997,28.721100917431187,invoice Annexure_708466_04032026_1772619603370.xlsx
230822650683938,2026-02-23 18:54:10,delivered,1020,45.9,963.9000000000001,-31.079999999999995,675.5799999999999,66.23333333333332,344.4200000000001,33.76666666666667,invoice Annexure_708466_04032026_1772619603370.xlsx
230743484536237,2026-02-22 20:54:44,cancelled,815,0.0,815.0,-31.079999999999995,477.94,58.64294478527607,337.06,41.35705521472393,invoice Annexure_708466_04032026_1772619603370.xlsx
230738488348690,2026-02-22 19:31:28,delivered,440,22.0,462.0,-31.079999999999995,307.63,69.9159090909091,132.37,30.08409090909091,invoice Annexure_708466_04032026_1772619603370.xlsx
230736259040809,2026-02-22 18:54:19,delivered,679,33.96,712.96,-31.079999999999995,468.0,68.92488954344624,211.0,31.075110456553755,invoice Annexure_708466_04032026_1772619603370.xlsx
230731304935268,2026-02-22 17:31:44,delivered,165,8.26,173.26,-31.079999999999995,78.24,47.418181818181814,86.76,52.581818181818186,invoice Annexure_708466_04032026_1772619603370.xlsx
230723678132101,2026-02-22 15:24:38,delivered,550,27.5,577.5,-31.079999999999995,392.31,71.32909090909091,157.69,28.670909090909092,invoice Annexure_708466_04032026_1772619603370.xlsx
230654829706939,2026-02-21 20:17:09,delivered,620,31.0,651.0,-21.383214285714285,455.8767857142857,73.52851382488478,164.1232142857143,26.47148617511521,invoice Annexure_708466_25022026_1772031831108.xlsx
230650565341405,2026-02-21 19:06:05,delivered,235,11.76,246.76,-21.383214285714285,159.5067857142857,67.87522796352583,75.49321428571429,32.12477203647416,invoice Annexure_708466_25022026_1772031831108.xlsx
230636985947621,2026-02-21 15:19:45,delivered,335,16.76,351.76,-21.383214285714285,218.79678571428573,65.31247334754798,116.20321428571427,34.68752665245202,invoice Annexure_708466_25022026_1772031831108.xlsx
230566157592990,2026-02-20 19:39:17,delivered,600,30.0,630.0,-21.383214285714285,440.4867857142857,73.41446428571429,159.5132142857143,26.58553571428572,invoice Annexure_708466_25022026_1772031831108.xlsx
230565198916719,2026-02-20 19:23:18,delivered,780,39.0,819.0,-21.383214285714285,579.0567857142858,74.23804945054945,200.94321428571425,25.761950549450546,invoice Annexure_708466_25022026_1772031831108.xlsx
230561725841832,2026-02-20 18:25:25,delivered,120,6.0,126.0,-21.383214285714285,70.98678571428572,59.15565476190476,49.013214285714284,40.84434523809524,invoice Annexure_708466_25022026_1772031831108.xlsx
230549242710405,2026-02-20 14:57:22,delivered,1317,59.26,1244.5600000000002,-21.383214285714285,855.6467857142857,64.96938388111508,461.35321428571433,35.030616118884915,invoice Annexure_708466_25022026_1772031831108.xlsx
230546818677354,2026-02-20 14:16:58,delivered,444,22.2,466.20000000000005,-21.383214285714285,320.4067857142857,72.16369047619048,123.59321428571428,27.836309523809522,invoice Annexure_708466_25022026_1772031831108.xlsx
230540984442780,2026-02-20 12:39:44,delivered,619,30.96,649.96,-21.383214285714285,455.1167857142857,73.524521117009,163.8832142857143,26.475478882991,invoice Annexure_708466_25022026_1772031831108.xlsx
230539603440075,2026-02-20 12:16:43,delivered,225,11.26,236.26,-21.383214285714285,151.81678571428571,67.47412698412698,73.18321428571429,32.52587301587301,invoice Annexure_708466_25022026_1772031831108.xlsx
230469177079146,2026-02-19 16:42:57,delivered,229,11.46,240.45999999999998,-21.383214285714285,137.18678571428572,59.906893325015595,91.81321428571428,40.093106674984405,invoice Annexure_708466_25022026_1772031831108.xlsx
230452620167056,2026-02-19 12:07:00,delivered,545,27.26,572.26,-21.383214285714285,398.1667857142857,73.05812581913499,146.8332142857143,26.941874180865007,invoice Annexure_708466_25022026_1772031831108.xlsx
230397047537312,2026-02-18 20:40:47,delivered,265,13.26,278.26,-21.383214285714285,182.61678571428573,68.91199460916442,82.38321428571427,31.088005390835576,invoice Annexure_708466_25022026_1772031831108.xlsx
230392838762103,2026-02-18 19:30:38,delivered,1530,76.5,1606.5,-21.383214285714285,1132.7867857142858,74.03835200746965,397.21321428571423,25.96164799253034,invoice Annexure_708466_25022026_1772031831108.xlsx
230382193512099,2026-02-18 16:33:13,delivered,519,25.96,544.96,-21.383214285714285,378.1167857142857,72.85487200660612,140.8832142857143,27.145127993393892,invoice Annexure_708466_25022026_1772031831108.xlsx
230378033085981,2026-02-18 15:23:53,delivered,714,35.7,749.7,-21.383214285714285,-64.75321428571428,-9.069077631052421,778.7532142857143,109.06907763105242,invoice Annexure_708466_25022026_1772031831108.xlsx
230308505555728,2026-02-17 20:05:05,delivered,850,42.5,892.5,-21.383214285714285,632.9367857142857,74.4631512605042,217.06321428571425,25.53684873949579,invoice Annexure_708466_25022026_1772031831108.xlsx
230302442533778,2026-02-17 18:24:02,delivered,295,14.76,309.76,-21.383214285714285,205.69678571428574,69.72772397094433,89.30321428571426,30.272276029055682,invoice Annexure_708466_25022026_1772031831108.xlsx
230295008772823,2026-02-17 16:20:08,delivered,335,16.76,351.76,-21.383214285714285,218.79678571428573,65.31247334754798,116.20321428571427,34.68752665245202,invoice Annexure_708466_25022026_1772031831108.xlsx
230292667418984,2026-02-17 15:41:07,delivered,445,22.26,467.26,-21.383214285714285,321.1867857142857,72.17680577849117,123.81321428571431,27.823194221508835,invoice Annexure_708466_25022026_1772031831108.xlsx
230285741496195,2026-02-17 13:45:41,delivered,535,26.76,561.76,-21.383214285714285,390.4367857142857,72.97883845126836,144.5632142857143,27.021161548731648,invoice Annexure_708466_25022026_1772031831108.xlsx
230282097766815,2026-02-17 12:44:57,delivered,500,25.0,525.0,-21.383214285714285,339.9067857142857,67.98135714285715,160.09321428571428,32.01864285714285,invoice Annexure_708466_25022026_1772031831108.xlsx
230226053860620,2026-02-16 21:10:53,delivered,335,16.76,351.76,-21.383214285714285,236.49678571428572,70.59605543710022,98.50321428571428,29.403944562899788,invoice Annexure_708466_25022026_1772031831108.xlsx
230225838360077,2026-02-16 21:07:18,delivered,295,14.76,309.76,-21.383214285714285,205.69678571428574,69.72772397094433,89.30321428571426,30.272276029055682,invoice Annexure_708466_25022026_1772031831108.xlsx
230131725393452,2026-02-15 18:58:45,delivered,655,32.76,687.76,-21.383214285714285,482.8167857142857,73.71248636859323,172.1832142857143,26.287513631406767,invoice Annexure_708466_25022026_1772031831108.xlsx
230125016107175,2026-02-15 17:06:56,delivered,165,8.26,173.26,-21.383214285714285,105.63678571428571,64.02229437229437,59.36321428571429,35.97770562770563,invoice Annexure_708466_25022026_1772031831108.xlsx
230117881785088,2026-02-15 15:08:01,delivered,415,20.76,435.76,-21.383214285714285,298.0767857142857,71.82573149741823,116.92321428571432,28.17426850258176,invoice Annexure_708466_25022026_1772031831108.xlsx
230112630072469,2026-02-15 13:40:30,delivered,710,35.5,745.5,-21.383214285714285,501.54678571428565,70.64039235412474,208.45321428571435,29.359607645875265,invoice Annexure_708466_25022026_1772031831108.xlsx
230054654413022,2026-02-14 21:34:14,cancelled,399,0.0,399.0,-24.57384615384615,224.62615384615384,56.29728166570271,174.37384615384616,43.70271833429728,invoice Annexure_708466_18022026_1771416405791.xlsx
230054635014194,2026-02-14 21:33:55,cancelled,399,0.0,399.0,-24.57384615384615,224.62615384615384,56.29728166570271,174.37384615384616,43.70271833429728,invoice Annexure_708466_18022026_1771416405791.xlsx
230053348723778,2026-02-14 21:12:28,delivered,653,32.66,685.6600000000001,-24.57384615384615,454.5161538461538,69.60431146189185,198.48384615384617,30.395688538108146,invoice Annexure_708466_18022026_1771416405791.xlsx
230051459462668,2026-02-14 20:40:59,delivered,1560,70.2,1474.1999999999998,-24.57384615384615,1032.6061538461538,66.19270216962524,527.3938461538462,33.80729783037476,invoice Annexure_708466_18022026_1771416405791.xlsx
230049895774861,2026-02-14 20:14:55,delivered,399,19.96,418.96000000000004,-24.57384615384615,282.57615384615383,70.82109118951225,116.42384615384617,29.178908810487762,invoice Annexure_708466_18022026_1771416405791.xlsx
230044510251492,2026-02-14 18:45:10,delivered,165,8.26,173.26,-24.57384615384615,102.44615384615385,62.088578088578096,62.55384615384615,37.91142191142191,invoice Annexure_708466_18022026_1771416405791.xlsx
230039714488450,2026-02-14 17:25:14,delivered,1295,64.76,1359.7600000000002,-24.57384615384615,972.2861538461539,75.08001188001188,322.71384615384613,24.91998811998812,invoice Annexure_708466_18022026_1771416405791.xlsx
230037284418697,2026-02-14 16:44:44,delivered,365,18.26,383.26,-24.57384615384615,256.40615384615387,70.2482613277134,108.59384615384613,29.75173867228661,invoice Annexure_708466_18022026_1771416405791.xlsx
230033986640087,2026-02-14 15:49:46,delivered,525,26.26,551.26,-24.57384615384615,379.5861538461539,72.30212454212455,145.41384615384612,27.697875457875455,invoice Annexure_708466_18022026_1771416405791.xlsx
230030609509161,2026-02-14 14:53:29,delivered,265,13.26,278.26,-24.57384615384615,179.42615384615385,67.70798258345428,85.57384615384615,32.29201741654572,invoice Annexure_708466_18022026_1771416405791.xlsx
229967980695091,2026-02-13 21:29:40,delivered,275,13.76,288.76,-24.57384615384615,187.10615384615386,68.0386013986014,87.89384615384614,31.961398601398592,invoice Annexure_708466_18022026_1771416405791.xlsx
229957734400934,2026-02-13 18:38:54,delivered,335,16.76,351.76,-24.57384615384615,215.60615384615386,64.36004592422503,119.39384615384614,35.639954075774966,invoice Annexure_708466_18022026_1771416405791.xlsx
229951734740207,2026-02-13 16:58:54,delivered,619,30.96,649.96,-24.57384615384615,451.92615384615385,73.00907170374053,167.07384615384615,26.990928296259476,invoice Annexure_708466_18022026_1771416405791.xlsx
229855449650006,2026-02-12 14:14:09,delivered,225,11.26,236.26,-24.57384615384615,130.92615384615385,58.189401709401714,94.07384615384615,41.810598290598286,invoice Annexure_708466_18022026_1771416405791.xlsx
229852082184812,2026-02-12 13:18:02,delivered,405,20.26,425.26,-24.57384615384615,263.60615384615386,65.08793922127256,141.39384615384614,34.912060778727444,invoice Annexure_708466_18022026_1771416405791.xlsx
229851232705241,2026-02-12 13:03:52,cancelled,169,8.46,177.45999999999998,-24.57384615384615,105.51615384615386,62.43559399180702,63.483846153846144,37.56440600819298,invoice Annexure_708466_18022026_1771416405791.xlsx
229770310702708,2026-02-11 14:35:10,cancelled,1059,47.66,1000.7600000000001,-24.57384615384615,562.3761538461539,53.10445267669064,496.6238461538461,46.89554732330936,invoice Annexure_708466_18022026_1771416405791.xlsx
229702641212254,2026-02-10 19:47:21,delivered,275,13.76,288.76,-24.57384615384615,187.10615384615386,68.0386013986014,87.89384615384614,31.961398601398592,invoice Annexure_708466_18022026_1771416405791.xlsx
229699542044100,2026-02-10 18:55:43,delivered,939,42.26,887.36,-24.57384615384615,625.9661538461538,66.66306217743917,313.0338461538462,33.33693782256083,invoice Annexure_708466_18022026_1771416405791.xlsx
229685798803005,2026-02-10 15:06:38,delivered,399,19.96,418.96000000000004,-24.57384615384615,258.97615384615386,64.90630422209371,140.02384615384614,35.0936957779063,invoice Annexure_708466_18022026_1771416405791.xlsx
229618673348501,2026-02-09 20:27:53,delivered,749,37.46,786.46,-24.57384615384615,551.9761538461538,73.69508062031426,197.0238461538462,26.304919379685742,invoice Annexure_708466_18022026_1771416405791.xlsx
229607870799879,2026-02-09 17:27:50,delivered,504,25.2,529.2,-24.57384615384615,339.79615384615386,67.4198717948718,164.20384615384614,32.5801282051282,invoice Annexure_708466_18022026_1771416405791.xlsx
229534633973788,2026-02-08 21:07:13,cancelled,1143,57.16,1200.1599999999999,-24.57384615384615,432.62615384615384,37.85005720438791,710.3738461538462,62.14994279561209,invoice Annexure_708466_18022026_1771416405791.xlsx
229516824723307,2026-02-08 16:10:24,delivered,605,30.26,635.26,-24.57384615384615,441.16615384615386,72.92002542911634,163.83384615384614,27.079974570883657,invoice Annexure_708466_18022026_1771416405791.xlsx
229516582319993,2026-02-08 16:06:22,delivered,515,25.76,540.76,-24.57384615384615,371.84615384615387,72.20313666915608,143.15384615384613,27.79686333084391,invoice Annexure_708466_18022026_1771416405791.xlsx
229512663759412,2026-02-08 15:01:03,delivered,455,22.76,477.76,-24.57384615384615,302.07615384615383,66.39036348267116,152.92384615384617,33.60963651732883,invoice Annexure_708466_18022026_1771416405791.xlsx
229446765769456,2026-02-07 20:42:45,cancelled,385,19.26,404.26,-35.77956521739131,118.22043478260869,30.706606437041216,266.77956521739134,69.2933935629588,invoice Annexure_708466_11022026_1770803259503.xlsx
229444311531085,2026-02-07 20:01:51,delivered,1020,45.9,963.9000000000001,-35.77956521739131,647.2804347826086,63.458866155157715,372.7195652173914,36.54113384484229,invoice Annexure_708466_11022026_1770803259503.xlsx
229357774180134,2026-02-06 19:59:34,delivered,545,27.26,572.26,-35.77956521739131,360.1704347826087,66.08631830873554,184.8295652173913,33.91368169126446,invoice Annexure_708466_11022026_1770803259503.xlsx
229272517423070,2026-02-05 20:18:37,delivered,500,25.0,525.0,-35.77956521739131,325.51043478260874,65.10208695652175,174.48956521739126,34.897913043478255,invoice Annexure_708466_11022026_1770803259503.xlsx
229272285833042,2026-02-05 20:14:45,delivered,685,34.26,719.26,-35.77956521739131,371.9304347826087,54.29641383687718,313.0695652173913,45.703586163122814,invoice Annexure_708466_11022026_1770803259503.xlsx
229270966888103,2026-02-05 19:52:46,delivered,450,22.5,472.5,-35.77956521739131,287.0404347826087,63.786763285024165,162.9595652173913,36.21323671497584,invoice Annexure_708466_11022026_1770803259503.xlsx
229270593305978,2026-02-05 19:46:33,delivered,295,14.76,309.76,-35.77956521739131,191.3004347826087,64.8476050110538,103.6995652173913,35.1523949889462,invoice Annexure_708466_11022026_1770803259503.xlsx
229260726541840,2026-02-05 17:02:06,delivered,275,13.76,288.76,-35.77956521739131,146.4004347826087,53.23652173913044,128.5995652173913,46.76347826086956,invoice Annexure_708466_11022026_1770803259503.xlsx
229184813833493,2026-02-04 19:56:53,delivered,395,19.76,414.76,-35.77956521739131,268.2804347826087,67.91909741331867,126.71956521739128,32.08090258668134,invoice Annexure_708466_11022026_1770803259503.xlsx
229183871678177,2026-02-04 19:41:11,delivered,685,34.26,719.26,-35.77956521739131,491.5304347826086,71.75626785147571,193.4695652173914,28.24373214852429,invoice Annexure_708466_11022026_1770803259503.xlsx
229183547373165,2026-02-04 19:35:47,delivered,1060,47.7,1001.7,-35.77956521739131,675.0004347826086,63.6792863002461,384.99956521739136,36.3207136997539,invoice Annexure_708466_11022026_1770803259503.xlsx
229181237443240,2026-02-04 18:57:17,delivered,515,25.76,540.76,-35.77956521739131,360.64043478260874,70.02726888982694,154.35956521739126,29.97273111017306,invoice Annexure_708466_11022026_1770803259503.xlsx
229154943071431,2026-02-04 11:39:03,delivered,315,15.76,330.76,-35.77956521739131,206.6904347826087,65.616011042098,108.30956521739131,34.383988957902,invoice Annexure_708466_11022026_1770803259503.xlsx
229104154842062,2026-02-03 21:32:34,delivered,545,27.26,572.26,-35.77956521739131,383.77043478260873,70.41659353809334,161.22956521739127,29.58340646190665,invoice Annexure_708466_11022026_1770803259503.xlsx
229099236520044,2026-02-03 20:10:36,delivered,420,21.0,441.0,-35.77956521739131,263.9104347826087,62.83581780538303,156.08956521739128,37.16418219461698,invoice Annexure_708466_11022026_1770803259503.xlsx
229088224364039,2026-02-03 17:07:04,delivered,315,15.76,330.76,-35.77956521739131,206.6904347826087,65.616011042098,108.30956521739131,34.383988957902,invoice Annexure_708466_11022026_1770803259503.xlsx
229078669542813,2026-02-03 14:27:49,delivered,623,31.16,654.1600000000001,-35.77956521739131,420.2104347826087,67.44950799078791,202.78956521739133,32.55049200921209,invoice Annexure_708466_11022026_1770803259503.xlsx
229077740744559,2026-02-03 14:12:20,delivered,395,19.76,414.76,-35.77956521739131,268.2804347826087,67.91909741331867,126.71956521739128,32.08090258668134,invoice Annexure_708466_11022026_1770803259503.xlsx
229076511015164,2026-02-03 13:51:51,delivered,275,13.76,288.76,-35.77956521739131,175.9004347826087,63.963794466403165,99.0995652173913,36.036205533596835,invoice Annexure_708466_11022026_1770803259503.xlsx
229013578147288,2026-02-02 20:22:58,delivered,370,18.5,388.5,-35.77956521739131,249.04043478260868,67.30822561692126,120.95956521739132,32.69177438307873,invoice Annexure_708466_11022026_1770803259503.xlsx
228989038431219,2026-02-02 13:33:58,delivered,605,30.26,635.26,-35.77956521739131,406.36043478260865,67.16701401365432,198.63956521739135,32.832985986345676,invoice Annexure_708466_11022026_1770803259503.xlsx
228928836552388,2026-02-01 20:50:36,delivered,370,18.5,388.5,-35.77956521739131,249.04043478260868,67.30822561692126,120.95956521739132,32.69177438307873,invoice Annexure_708466_11022026_1770803259503.xlsx
228916378168003,2026-02-01 17:22:58,delivered,265,13.26,278.26,-35.77956521739131,150.5204347826087,56.80016406890894,114.4795652173913,43.19983593109106,invoice Annexure_708466_11022026_1770803259503.xlsx
228845367837974,2026-01-31 21:39:27,delivered,370,18.5,388.5,-36.24178571428572,248.57821428571427,67.18330115830116,121.42178571428573,32.81669884169885,invoice Annexure_708466_04022026_1770201001536.xlsx
228835506810378,2026-01-31 18:55:06,delivered,225,11.26,236.26,-36.24178571428572,119.25821428571427,53.00365079365079,105.74178571428573,46.996349206349215,invoice Annexure_708466_04022026_1770201001536.xlsx
228832209241271,2026-01-31 18:00:10,delivered,305,15.26,320.26,-36.24178571428572,180.84821428571428,59.29449648711943,124.15178571428572,40.70550351288056,invoice Annexure_708466_04022026_1770201001536.xlsx
228827508326047,2026-01-31 16:41:48,delivered,275,13.76,288.76,-36.24178571428572,157.73821428571426,57.35935064935064,117.26178571428574,42.640649350649355,invoice Annexure_708466_04022026_1770201001536.xlsx
228810000532040,2026-01-31 11:50:00,cancelled,670,33.5,703.5,-36.24178571428572,479.5082142857143,71.56839019189766,190.4917857142857,28.431609808102344,invoice Annexure_708466_04022026_1770201001536.xlsx
228759595928217,2026-01-30 21:49:55,delivered,610,30.5,640.5,-36.24178571428572,433.3182142857143,71.03577283372366,176.6817857142857,28.964227166276345,invoice Annexure_708466_04022026_1770201001536.xlsx
228758100597976,2026-01-30 21:25:00,delivered,325,16.26,341.26,-36.24178571428572,213.94821428571427,65.83021978021978,111.05178571428573,34.16978021978022,invoice Annexure_708466_04022026_1770201001536.xlsx
228751368306177,2026-01-30 19:32:48,delivered,620,31.0,651.0,-36.24178571428572,441.0182142857143,71.13197004608296,178.9817857142857,28.868029953917052,invoice Annexure_708466_04022026_1770201001536.xlsx
228749969817600,2026-01-30 19:09:29,delivered,820,41.0,861.0,-36.24178571428572,571.3882142857143,69.68148954703834,248.6117857142857,30.31851045296167,invoice Annexure_708466_04022026_1770201001536.xlsx
228727232911630,2026-01-30 12:50:32,delivered,755,37.76,792.76,-36.24178571428572,544.9282142857143,72.17592242194891,210.07178571428574,27.824077578051092,invoice Annexure_708466_04022026_1770201001536.xlsx
228722758470049,2026-01-30 11:35:58,delivered,325,16.26,341.26,-36.24178571428572,213.94821428571427,65.83021978021978,111.05178571428573,34.16978021978022,invoice Annexure_708466_04022026_1770201001536.xlsx
228667433540558,2026-01-29 20:13:53,delivered,545,27.26,572.26,-36.24178571428572,359.7082142857143,66.00150720838795,185.2917857142857,33.99849279161206,invoice Annexure_708466_04022026_1770201001536.xlsx
228665782844207,2026-01-29 19:46:22,delivered,949,47.46,996.46,-36.24178571428572,694.2782142857143,73.15892668974861,254.72178571428572,26.84107331025139,invoice Annexure_708466_04022026_1770201001536.xlsx
228582014285276,2026-01-28 20:30:14,delivered,395,19.76,414.76,-36.24178571428572,267.8182142857143,67.80207956600363,127.1817857142857,32.19792043399638,invoice Annexure_708466_04022026_1770201001536.xlsx
228566644297510,2026-01-28 16:14:04,delivered,780,39.0,819.0,-36.24178571428572,540.5982142857143,69.30746336996337,239.40178571428567,30.692536630036628,invoice Annexure_708466_04022026_1770201001536.xlsx
228554932525780,2026-01-28 12:58:52,delivered,550,27.5,577.5,-36.24178571428572,387.1482142857143,70.39058441558441,162.8517857142857,29.609415584415583,invoice Annexure_708466_04022026_1770201001536.xlsx
228465846697606,2026-01-27 17:44:06,delivered,515,25.76,540.76,-36.24178571428572,360.1782142857143,69.9375173370319,154.82178571428568,30.062482662968094,invoice Annexure_708466_04022026_1770201001536.xlsx
228410077453050,2026-01-26 20:44:37,delivered,600,30.0,630.0,-36.24178571428572,425.6282142857143,70.93803571428572,174.3717857142857,29.061964285714282,invoice Annexure_708466_04022026_1770201001536.xlsx
228401014655732,2026-01-26 18:13:34,delivered,900,45.0,945.0,-36.24178571428572,632.9482142857144,70.32757936507937,267.05178571428564,29.672420634920627,invoice Annexure_708466_04022026_1770201001536.xlsx
228397277543362,2026-01-26 17:11:17,delivered,275,13.76,288.76,-36.24178571428572,157.73821428571426,57.35935064935064,117.26178571428574,42.640649350649355,invoice Annexure_708466_04022026_1770201001536.xlsx
228393002435077,2026-01-26 16:00:02,delivered,505,25.26,530.26,-36.24178571428572,352.5082142857143,69.80360678925037,152.4917857142857,30.196393210749644,invoice Annexure_708466_04022026_1770201001536.xlsx
228383014958873,2026-01-26 13:13:34,delivered,515,25.76,540.76,-36.24178571428572,360.1782142857143,69.9375173370319,154.82178571428568,30.062482662968094,invoice Annexure_708466_04022026_1770201001536.xlsx
228376306961474,2026-01-26 11:21:46,delivered,795,39.76,834.76,-36.24178571428572,575.7282142857143,72.41864330637917,219.27178571428567,27.58135669362084,invoice Annexure_708466_04022026_1770201001536.xlsx
228324805311042,2026-01-25 21:03:25,delivered,404,20.2,424.20000000000005,-36.24178571428572,251.15821428571425,62.1678748231966,152.84178571428575,37.8321251768034,invoice Annexure_708466_04022026_1770201001536.xlsx
228323523443803,2026-01-25 20:42:03,delivered,395,19.76,414.76,-36.24178571428572,267.8182142857143,67.80207956600363,127.1817857142857,32.19792043399638,invoice Annexure_708466_04022026_1770201001536.xlsx
228319537227021,2026-01-25 19:35:37,delivered,970,48.5,1018.5,-36.24178571428572,686.8482142857143,70.80909425625921,283.15178571428567,29.190905743740792,invoice Annexure_708466_04022026_1770201001536.xlsx
228318581685306,2026-01-25 19:19:41,delivered,670,33.5,703.5,-36.24178571428572,479.4982142857143,71.56689765458422,190.5017857142857,28.433102345415772,invoice Annexure_708466_04022026_1770201001536.xlsx
228304733334575,2026-01-25 15:28:53,delivered,725,36.26,761.26,-36.24178571428572,498.2582142857143,68.7252709359606,226.7417857142857,31.27472906403941,invoice Annexure_708466_04022026_1770201001536.xlsx
228149908775717,2026-01-23 20:28:28,delivered,295,14.76,309.76,-35.51173913043478,191.56826086956522,64.93839351510685,103.43173913043478,35.06160648489314,invoice Annexure_708466_28012026_1769593665631.xlsx
228144057692020,2026-01-23 18:50:57,delivered,895,44.76,939.76,-35.51173913043478,629.8482608695653,70.37410735972797,265.15173913043475,29.62589264027204,invoice Annexure_708466_28012026_1769593665631.xlsx
228134263862006,2026-01-23 16:07:43,delivered,335,16.76,351.76,-35.51173913043478,222.3682608695652,66.37858533419858,112.6317391304348,33.62141466580143,invoice Annexure_708466_28012026_1769593665631.xlsx
228067916463662,2026-01-22 21:41:56,delivered,504,25.2,529.2,-35.51173913043478,328.85826086956524,65.24965493443756,175.14173913043476,34.750345065562456,invoice Annexure_708466_28012026_1769593665631.xlsx
228067677082682,2026-01-22 21:37:57,delivered,615,30.76,645.76,-35.51173913043478,437.89826086956526,71.20296924708379,177.10173913043474,28.79703075291622,invoice Annexure_708466_28012026_1769593665631.xlsx
228055434777820,2026-01-22 18:13:54,delivered,335,16.76,351.76,-35.51173913043478,204.66826086956522,61.09500324464633,130.33173913043478,38.904996755353665,invoice Annexure_708466_28012026_1769593665631.xlsx
228055081699880,2026-01-22 18:08:01,delivered,275,13.76,288.76,-35.51173913043478,176.16826086956522,64.06118577075098,98.83173913043478,35.93881422924901,invoice Annexure_708466_28012026_1769593665631.xlsx
228044937316166,2026-01-22 15:18:57,delivered,680,34.0,714.0,-35.51173913043478,464.33826086956526,68.28503836317135,215.66173913043474,31.714961636828637,invoice Annexure_708466_28012026_1769593665631.xlsx
228040248068708,2026-01-22 14:00:48,delivered,275,13.76,288.76,-35.51173913043478,176.16826086956522,64.06118577075098,98.83173913043478,35.93881422924901,invoice Annexure_708466_28012026_1769593665631.xlsx
227979709391035,2026-01-21 21:11:49,delivered,420,21.0,441.0,-35.51173913043478,287.77826086956526,68.51863354037268,132.22173913043474,31.48136645962732,invoice Annexure_708466_28012026_1769593665631.xlsx
227978793176084,2026-01-21 20:56:33,delivered,325,16.26,341.26,-35.51173913043478,214.6782608695652,66.05484949832775,110.32173913043479,33.945150501672245,invoice Annexure_708466_28012026_1769593665631.xlsx
227976540248444,2026-01-21 20:19:00,delivered,584,29.2,613.2,-35.51173913043478,390.4482608695652,66.85757891602144,193.55173913043478,33.142421083978554,invoice Annexure_708466_28012026_1769593665631.xlsx
227975973322088,2026-01-21 20:09:34,delivered,515,25.76,540.76,-35.51173913043478,360.90826086956525,70.07927395525539,154.09173913043475,29.92072604474461,invoice Annexure_708466_28012026_1769593665631.xlsx
227973609559318,2026-01-21 19:30:09,delivered,760,38.0,798.0,-35.51173913043478,549.5382608695652,72.30766590389017,210.4617391304348,27.692334096109843,invoice Annexure_708466_28012026_1769593665631.xlsx
227961485689669,2026-01-21 16:08:05,delivered,225,11.26,236.26,-35.51173913043478,119.98826086956521,53.32811594202899,105.01173913043479,46.67188405797102,invoice Annexure_708466_28012026_1769593665631.xlsx
227944580071497,2026-01-21 11:26:20,delivered,1350,67.5,1417.5,-35.51173913043478,980.0982608695653,72.59987117552336,369.90173913043475,27.40012882447665,invoice Annexure_708466_28012026_1769593665631.xlsx
227887196871040,2026-01-20 19:29:56,delivered,320,16.0,336.0,-35.51173913043478,210.8082608695652,65.87758152173913,109.1917391304348,34.122418478260876,invoice Annexure_708466_28012026_1769593665631.xlsx
227876368494861,2026-01-20 16:29:28,delivered,565,28.26,593.26,-35.51173913043478,399.4382608695652,70.69703732204694,165.56173913043477,29.302962677953058,invoice Annexure_708466_28012026_1769593665631.xlsx
227859136607108,2026-01-20 11:42:16,delivered,275,13.76,288.76,-35.51173913043478,158.4682608695652,57.624822134387344,116.5317391304348,42.375177865612656,invoice Annexure_708466_28012026_1769593665631.xlsx
227783671290752,2026-01-19 14:44:31,delivered,539,26.96,565.96,-35.51173913043478,379.39826086956526,70.38928773090265,159.60173913043474,29.610712269097355,invoice Annexure_708466_28012026_1769593665631.xlsx
227776429125821,2026-01-19 12:43:49,delivered,610,30.5,640.5,-35.51173913043478,410.4482608695652,67.28660014255168,199.55173913043478,32.71339985744833,invoice Annexure_708466_28012026_1769593665631.xlsx
227696987365310,2026-01-18 14:39:47,delivered,275,13.76,288.76,-35.51173913043478,158.4682608695652,57.624822134387344,116.5317391304348,42.375177865612656,invoice Annexure_708466_28012026_1769593665631.xlsx
227696078597369,2026-01-18 14:24:38,delivered,684,34.2,718.2,-35.51173913043478,467.4382608695652,68.33892702771422,216.56173913043477,31.661072972285787,invoice Annexure_708466_28012026_1769593665631.xlsx
227615604261798,2026-01-17 16:03:24,delivered,215,10.76,225.76,-31.12689655172414,134.37310344827586,62.499117882918995,80.62689655172414,37.500882117081,invoice Annexure_708466_21012026_1768989344158.xlsx
227546552199273,2026-01-16 20:52:32,delivered,545,27.26,572.26,-31.12689655172414,388.42310344827587,71.27029421069282,156.57689655172413,28.729705789307182,invoice Annexure_708466_21012026_1768989344158.xlsx
227542324550000,2026-01-16 19:42:04,delivered,225,11.26,236.26,-31.12689655172414,142.07310344827584,63.14360153256704,82.92689655172416,36.85639846743296,invoice Annexure_708466_21012026_1768989344158.xlsx
227533397867776,2026-01-16 17:13:17,delivered,435,21.76,456.76,-31.12689655172414,303.7231034482759,69.82140309155767,131.27689655172412,30.17859690844233,invoice Annexure_708466_21012026_1768989344158.xlsx
227533303526437,2026-01-16 17:11:43,delivered,550,27.5,577.5,-31.12689655172414,392.26310344827584,71.32056426332288,157.73689655172416,28.679435736677117,invoice Annexure_708466_21012026_1768989344158.xlsx
227529587498055,2026-01-16 16:09:47,delivered,375,18.76,393.76,-31.12689655172414,239.84310344827588,63.958160919540234,135.15689655172412,36.041839080459766,invoice Annexure_708466_21012026_1768989344158.xlsx
227529197766634,2026-01-16 16:03:17,delivered,385,19.26,404.26,-31.12689655172414,265.24310344827586,68.89431258396776,119.75689655172414,31.105687416032247,invoice Annexure_708466_21012026_1768989344158.xlsx
227514392669097,2026-01-16 11:56:32,delivered,275,13.76,288.76,-31.12689655172414,162.85310344827585,59.21931034482758,112.14689655172415,40.78068965517242,invoice Annexure_708466_21012026_1768989344158.xlsx
227456904931286,2026-01-15 19:58:24,delivered,1064,53.2,1117.1999999999998,-31.12689655172414,787.9231034482758,74.0529232564169,276.0768965517242,25.947076743583104,invoice Annexure_708466_21012026_1768989344158.xlsx
227453073710629,2026-01-15 18:54:33,delivered,1150,57.5,1207.5,-31.12689655172414,830.5331034482758,72.22026986506746,319.4668965517242,27.779730134932535,invoice Annexure_708466_21012026_1768989344158.xlsx
227430800823878,2026-01-15 12:43:20,delivered,325,16.26,341.26,-31.12689655172414,219.06310344827585,67.40403183023872,105.93689655172415,32.59596816976128,invoice Annexure_708466_21012026_1768989344158.xlsx
227360217156572,2026-01-14 17:06:57,delivered,335,16.76,351.76,-31.12689655172414,226.75310344827585,67.68749356664951,108.24689655172415,32.31250643335049,invoice Annexure_708466_21012026_1768989344158.xlsx
227342699536622,2026-01-14 12:14:59,delivered,275,13.76,288.76,-31.12689655172414,180.55310344827586,65.65567398119121,94.44689655172414,34.34432601880878,invoice Annexure_708466_21012026_1768989344158.xlsx
227287159178523,2026-01-13 20:49:19,delivered,455,22.76,477.76,-31.12689655172414,319.12310344827586,70.13694581280788,135.87689655172414,29.863054187192116,invoice Annexure_708466_21012026_1768989344158.xlsx
227270803323858,2026-01-13 16:16:43,delivered,540,27.0,567.0,-31.12689655172414,384.55310344827586,71.21353767560664,155.44689655172414,28.78646232439336,invoice Annexure_708466_21012026_1768989344158.xlsx
227254030390967,2026-01-13 11:37:10,delivered,365,18.26,383.26,-31.12689655172414,232.15310344827583,63.60358998582899,132.84689655172417,36.396410014171,invoice Annexure_708466_21012026_1768989344158.xlsx
227199027273365,2026-01-12 20:20:27,delivered,275,13.76,288.76,-31.12689655172414,180.55310344827586,65.65567398119121,94.44689655172414,34.34432601880878,invoice Annexure_708466_21012026_1768989344158.xlsx
227196249978616,2026-01-12 19:34:09,delivered,545,27.26,572.26,-31.12689655172414,364.82310344827584,66.94001898133502,180.17689655172416,33.05998101866498,invoice Annexure_708466_21012026_1768989344158.xlsx
227186536998010,2026-01-12 16:52:16,delivered,320,16.0,336.0,-31.12689655172414,28.393103448275863,8.872844827586206,291.60689655172416,91.1271551724138,invoice Annexure_708466_21012026_1768989344158.xlsx
227182726082390,2026-01-12 15:48:46,delivered,210,10.5,220.5,-31.12689655172414,112.83310344827586,53.73004926108374,97.16689655172414,46.26995073891626,invoice Annexure_708466_21012026_1768989344158.xlsx
227182274238609,2026-01-12 15:41:14,delivered,659,32.96,691.96,-31.12689655172414,452.56310344827585,68.67421903615718,206.43689655172415,31.325780963842814,invoice Annexure_708466_21012026_1768989344158.xlsx
227181882576459,2026-01-12 15:34:42,delivered,610,30.5,640.5,-31.12689655172414,414.83310344827584,68.00542679479932,195.16689655172416,31.994573205200684,invoice Annexure_708466_21012026_1768989344158.xlsx
227176010679960,2026-01-12 13:56:50,delivered,179,8.96,187.95999999999998,-31.12689655172414,106.66310344827585,59.58832594875746,72.33689655172415,40.41167405124254,invoice Annexure_708466_21012026_1768989344158.xlsx
227117480187218,2026-01-11 21:41:20,delivered,295,14.76,309.76,-31.12689655172414,195.95310344827587,66.42478082992402,99.04689655172413,33.575219170075975,invoice Annexure_708466_21012026_1768989344158.xlsx
227105944444011,2026-01-11 18:29:04,delivered,335,16.76,351.76,-31.12689655172414,209.05310344827586,62.403911477097274,125.94689655172414,37.596088522902726,invoice Annexure_708466_21012026_1768989344158.xlsx
227105288520934,2026-01-11 18:18:08,delivered,325,16.26,341.26,-31.12689655172414,201.36310344827587,61.95787798408489,123.63689655172413,38.04212201591512,invoice Annexure_708466_21012026_1768989344158.xlsx
227105160427338,2026-01-11 18:16:00,delivered,673,33.66,706.6600000000001,-31.12689655172414,463.3531034482759,68.84890095813905,209.64689655172413,31.15109904186094,invoice Annexure_708466_21012026_1768989344158.xlsx
227092892827348,2026-01-11 14:51:32,delivered,235,11.76,246.76,-31.12689655172414,132.06310344827585,56.19706529713866,102.93689655172415,43.80293470286134,invoice Annexure_708466_21012026_1768989344158.xlsx
227087374744561,2026-01-11 13:19:34,delivered,540,27.0,567.0,-31.12689655172414,360.95310344827584,66.84316730523626,179.04689655172416,33.156832694763736,invoice Annexure_708466_21012026_1768989344158.xlsx
227028319516493,2026-01-10 20:55:19,delivered,205,10.26,215.26,-35.0060606060606,122.8039393939394,59.90436067997044,82.1960606060606,40.095639320029555,invoice Annexure_708466_14012026_1768383358468.xlsx
227022706723261,2026-01-10 19:21:46,delivered,834,41.7,875.7,-35.0060606060606,583.4039393939394,69.95251071869777,250.59606060606063,30.047489281302237,invoice Annexure_708466_14012026_1768383358468.xlsx
227020429782735,2026-01-10 18:43:49,delivered,550,27.5,577.5,-35.0060606060606,388.3839393939394,70.61526170798898,161.6160606060606,29.38473829201102,invoice Annexure_708466_14012026_1768383358468.xlsx
227020371202170,2026-01-10 18:42:51,delivered,675,33.76,708.76,-35.0060606060606,484.58393939393943,71.79021324354659,190.41606060606057,28.20978675645342,invoice Annexure_708466_14012026_1768383358468.xlsx
227018356292694,2026-01-10 18:09:16,delivered,325,16.26,341.26,-35.0060606060606,215.1839393939394,66.21044289044289,109.8160606060606,33.78955710955711,invoice Annexure_708466_14012026_1768383358468.xlsx
227014193079111,2026-01-10 16:59:53,delivered,1080,54.0,1134.0,-35.0060606060606,796.3639393939394,73.73740179573512,283.6360606060606,26.26259820426487,invoice Annexure_708466_14012026_1768383358468.xlsx
227010858043670,2026-01-10 16:04:18,delivered,1120,56.0,1176.0,-35.0060606060606,827.1539393939394,73.8530303030303,292.84606060606063,26.146969696969702,invoice Annexure_708466_14012026_1768383358468.xlsx
227010038785948,2026-01-10 15:50:38,delivered,500,25.0,525.0,-35.0060606060606,326.2839393939394,65.25678787878788,173.71606060606058,34.74321212121211,invoice Annexure_708466_14012026_1768383358468.xlsx
226917598602629,2026-01-09 14:09:58,delivered,225,11.26,236.26,-35.0060606060606,120.4939393939394,53.55286195286195,104.5060606060606,46.44713804713804,invoice Annexure_708466_14012026_1768383358468.xlsx
226911899978267,2026-01-09 12:34:59,delivered,275,13.76,288.76,-35.0060606060606,176.6739393939394,64.24506887052343,98.3260606060606,35.75493112947658,invoice Annexure_708466_14012026_1768383358468.xlsx
226908574768530,2026-01-09 11:39:34,delivered,275,13.76,288.76,-35.0060606060606,158.9739393939394,57.808705234159774,116.02606060606061,42.19129476584022,invoice Annexure_708466_14012026_1768383358468.xlsx
226852127945695,2026-01-08 19:58:47,delivered,774,38.7,812.7,-35.0060606060606,560.8039393939393,72.45528932738235,213.19606060606066,27.544710672617654,invoice Annexure_708466_14012026_1768383358468.xlsx
226843387026264,2026-01-08 17:33:07,delivered,395,19.76,414.76,-35.0060606060606,269.0539393939394,68.11492136555428,125.9460606060606,31.885078634445723,invoice Annexure_708466_14012026_1768383358468.xlsx
226825015550487,2026-01-08 12:26:55,delivered,520,26.0,546.0,-35.0060606060606,365.2839393939394,70.24691142191143,154.71606060606058,29.753088578088573,invoice Annexure_708466_14012026_1768383358468.xlsx
226770627505195,2026-01-07 21:20:27,delivered,399,19.96,418.96000000000004,-35.0060606060606,272.1439393939394,68.20650110123793,126.85606060606062,31.793498898762063,invoice Annexure_708466_14012026_1768383358468.xlsx
226764596497971,2026-01-07 19:39:56,delivered,275,13.76,288.76,-35.0060606060606,176.6739393939394,64.24506887052343,98.3260606060606,35.75493112947658,invoice Annexure_708466_14012026_1768383358468.xlsx
226750631381252,2026-01-07 15:47:11,delivered,670,33.5,703.5,-35.0060606060606,457.1339393939394,68.2289461781999,212.8660606060606,31.771053821800095,invoice Annexure_708466_14012026_1768383358468.xlsx
226735280306037,2026-01-07 11:31:20,delivered,265,13.26,278.26,-35.0060606060606,168.9939393939394,63.77129788450543,96.0060606060606,36.22870211549456,invoice Annexure_708466_14012026_1768383358468.xlsx
226675471630559,2026-01-06 18:54:31,delivered,703,35.16,738.1600000000001,-35.0060606060606,482.56393939393945,68.64351911720334,220.43606060606055,31.356480882796667,invoice Annexure_708466_14012026_1768383358468.xlsx
226674017396997,2026-01-06 18:30:17,delivered,1514,75.7,1589.6999999999998,-35.0060606060606,1130.4539393939394,74.6667066970898,383.54606060606056,25.33329330291021,invoice Annexure_708466_14012026_1768383358468.xlsx
226671236374114,2026-01-06 17:43:56,delivered,550,27.5,577.5,-35.0060606060606,388.3839393939394,70.61526170798898,161.6160606060606,29.38473829201102,invoice Annexure_708466_14012026_1768383358468.xlsx
226661813218223,2026-01-06 15:06:53,delivered,605,30.26,635.26,-35.0060606060606,430.7339393939394,71.19569246180816,174.2660606060606,28.804307538191832,invoice Annexure_708466_14012026_1768383358468.xlsx
226655136731392,2026-01-06 13:15:36,delivered,785,39.26,824.26,-35.0060606060606,569.2739393939394,72.51897317120248,215.72606060606063,27.481026828797532,invoice Annexure_708466_14012026_1768383358468.xlsx
226596960990642,2026-01-05 21:06:00,delivered,325,16.26,341.26,-35.0060606060606,215.1839393939394,66.21044289044289,109.8160606060606,33.78955710955711,invoice Annexure_708466_14012026_1768383358468.xlsx
226586356395884,2026-01-05 18:09:16,delivered,365,18.26,383.26,-35.0060606060606,245.97393939393942,67.39012038190121,119.02606060606058,32.609879618098795,invoice Annexure_708466_14012026_1768383358468.xlsx
226575348009346,2026-01-05 15:05:48,delivered,335,16.76,351.76,-35.0060606060606,205.1739393939394,61.24595205789236,129.8260606060606,38.75404794210764,invoice Annexure_708466_14012026_1768383358468.xlsx
226510132119102,2026-01-04 20:58:52,delivered,605,30.26,635.26,-35.0060606060606,407.1339393939394,67.29486601552716,197.8660606060606,32.70513398447283,invoice Annexure_708466_14012026_1768383358468.xlsx
226507960979191,2026-01-04 20:22:40,delivered,325,16.26,341.26,-35.0060606060606,215.1839393939394,66.21044289044289,109.8160606060606,33.78955710955711,invoice Annexure_708466_14012026_1768383358468.xlsx
226502932166992,2026-01-04 18:58:52,delivered,275,13.76,288.76,-35.0060606060606,158.9739393939394,57.808705234159774,116.02606060606061,42.19129476584022,invoice Annexure_708466_14012026_1768383358468.xlsx
226498978838333,2026-01-04 17:52:58,delivered,375,18.76,393.76,-35.0060606060606,253.66393939393942,67.64371717171717,121.33606060606058,32.35628282828282,invoice Annexure_708466_14012026_1768383358468.xlsx
226497433114789,2026-01-04 17:27:13,delivered,965,48.26,1013.26,-35.0060606060606,684.2539393939394,70.90714397864657,280.7460606060606,29.09285602135343,invoice Annexure_708466_14012026_1768383358468.xlsx
226485618669775,2026-01-04 14:10:18,delivered,265,13.26,278.26,-35.0060606060606,168.9939393939394,63.77129788450543,96.0060606060606,36.22870211549456,invoice Annexure_708466_14012026_1768383358468.xlsx
226478017918757,2026-01-04 12:03:37,delivered,660,33.0,693.0,-35.0060606060606,449.4439393939394,68.09756657483929,210.5560606060606,31.902433425160698,invoice Annexure_708466_14012026_1768383358468.xlsx
226422629932965,2026-01-03 20:40:29,delivered,325,16.26,341.26,-8.76125,241.42875,74.28576923076923,83.57124999999999,25.714230769230767,invoice Annexure_708466_07012026_1767785994034.xlsx
226417514232998,2026-01-03 19:15:14,delivered,520,26.0,546.0,-8.76125,367.92875,70.75552884615384,152.07125000000002,29.244471153846156,invoice Annexure_708466_07012026_1767785994034.xlsx
226416656848949,2026-01-03 19:00:56,delivered,1510,75.5,1585.5,-8.76125,1153.6087499999999,76.39793046357615,356.3912500000001,23.60206953642385,invoice Annexure_708466_07012026_1767785994034.xlsx
226399754200517,2026-01-03 14:19:14,delivered,165,8.26,173.26,-8.76125,118.25874999999999,71.6719696969697,46.74125000000001,28.32803030303031,invoice Annexure_708466_07012026_1767785994034.xlsx
226326701715497,2026-01-02 18:01:41,delivered,499,24.96,523.96,-8.76125,375.34875,75.22019038076152,123.65125,24.779809619238478,invoice Annexure_708466_07012026_1767785994034.xlsx
226322546536609,2026-01-02 16:52:26,delivered,604,30.2,634.2,-8.76125,432.59875,71.622309602649,171.40125,28.377690397350996,invoice Annexure_708466_07012026_1767785994034.xlsx
226308438526610,2026-01-02 12:57:18,delivered,179,8.96,187.95999999999998,-8.76125,117.22874999999999,65.49092178770948,61.77125000000001,34.509078212290504,invoice Annexure_708466_07012026_1767785994034.xlsx
226248745087320,2026-01-01 20:22:25,delivered,275,13.76,288.76,-8.76125,185.21875,67.35227272727272,89.78125,32.64772727272727,invoice Annexure_708466_07012026_1767785994034.xlsx
226245435020384,2026-01-01 19:27:15,delivered,380,19.0,399.0,-8.76125,266.03875,70.01019736842105,113.96125,29.98980263157895,invoice Annexure_708466_07012026_1767785994034.xlsx
226233693823440,2026-01-01 16:11:33,delivered,325,16.26,341.26,-8.76125,241.42875,74.28576923076923,83.57124999999999,25.714230769230767,invoice Annexure_708466_07012026_1767785994034.xlsx
226230850392637,2026-01-01 15:24:10,delivered,225,11.26,236.26,-8.76125,164.43875,73.0838888888889,60.56125,26.916111111111114,invoice Annexure_708466_07012026_1767785994034.xlsx
226229957356572,2026-01-01 15:09:17,delivered,189,9.46,198.45999999999998,-8.76125,136.71875,72.33796296296296,52.28125,27.662037037037035,invoice Annexure_708466_07012026_1767785994034.xlsx
226229097676168,2026-01-01 14:54:57,delivered,270,13.5,283.5,-8.76125,199.07875,73.73287037037038,70.92124999999999,26.267129629629625,invoice Annexure_708466_07012026_1767785994034.xlsx
226223904266312,2026-01-01 13:28:24,delivered,820,41.0,861.0,-8.76125,622.46875,75.91082317073172,197.53125,24.089176829268293,invoice Annexure_708466_07012026_1767785994034.xlsx
226221361513374,2026-01-01 12:46:01,delivered,165,8.26,173.26,-8.76125,118.25874999999999,71.6719696969697,46.74125000000001,28.32803030303031,invoice Annexure_708466_07012026_1767785994034.xlsx
226221026573585,2026-01-01 12:40:26,delivered,275,13.76,288.76,-8.76125,202.91875000000002,73.78863636363637,72.08124999999998,26.211363636363632,invoice Annexure_708466_07012026_1767785994034.xlsx
226159970251250,2025-12-31 19:42:50,delivered,1664,83.2,1747.1999999999998,-23.9304,1233.3896,74.12197115384616,430.6104,25.87802884615385,invoice Annexure_708466_03012026_1767461554293.xlsx
226157755932474,2025-12-31 19:05:55,delivered,550,27.5,577.5,-23.9304,375.8596,68.3381090909091,174.1404,31.66189090909091,invoice Annexure_708466_03012026_1767461554293.xlsx
226157266056039,2025-12-31 18:57:46,delivered,744,37.2,781.2,-23.9304,525.1996,70.59134408602151,218.80039999999997,29.40865591397849,invoice Annexure_708466_03012026_1767461554293.xlsx
226151224373928,2025-12-31 17:17:04,delivered,515,25.76,540.76,-23.9304,348.8896,67.74555339805825,166.11040000000003,32.25444660194176,invoice Annexure_708466_03012026_1767461554293.xlsx
226149887872577,2025-12-31 16:54:47,delivered,1003,50.16,1053.1599999999999,-23.9304,724.5596,72.23924227318047,278.44039999999995,27.760757726819534,invoice Annexure_708466_03012026_1767461554293.xlsx
226136897014461,2025-12-31 13:18:17,delivered,650,32.5,682.5,-23.9304,476.4196,73.29532307692308,173.5804,26.704676923076924,invoice Annexure_708466_03012026_1767461554293.xlsx
226131895481716,2025-12-31 11:54:55,delivered,1579,78.96,1657.96,-23.9304,1167.9496000000001,73.96767574414187,411.05039999999985,26.03232425585813,invoice Annexure_708466_03012026_1767461554293.xlsx
226075657400117,2025-12-30 20:17:37,delivered,275,13.76,288.76,-23.9304,187.74960000000002,68.27258181818182,87.25039999999998,31.72741818181818,invoice Annexure_708466_03012026_1767461554293.xlsx
226073149808282,2025-12-30 19:35:49,delivered,624,31.2,655.2,-23.9304,456.4196,73.14416666666666,167.5804,26.855833333333333,invoice Annexure_708466_03012026_1767461554293.xlsx
226070886313630,2025-12-30 18:58:06,delivered,680,34.0,714.0,-23.9304,499.5196,73.45876470588234,180.48039999999997,26.541235294117644,invoice Annexure_708466_03012026_1767461554293.xlsx
226062543359505,2025-12-30 16:39:03,delivered,275,13.76,288.76,-23.9304,187.74960000000002,68.27258181818182,87.25039999999998,31.72741818181818,invoice Annexure_708466_03012026_1767461554293.xlsx
226058106236132,2025-12-30 15:25:06,delivered,420,21.0,441.0,-23.9304,299.3596,71.27609523809524,120.6404,28.723904761904762,invoice Annexure_708466_03012026_1767461554293.xlsx
226055097070560,2025-12-30 14:34:57,delivered,515,25.76,540.76,-23.9304,372.4896,72.32807766990291,142.5104,27.671922330097086,invoice Annexure_708466_03012026_1767461554293.xlsx
226053242239198,2025-12-30 14:04:02,delivered,515,25.76,540.76,-23.9304,348.8896,67.74555339805825,166.11040000000003,32.25444660194176,invoice Annexure_708466_03012026_1767461554293.xlsx
225989751981734,2025-12-29 20:25:51,delivered,604,30.2,634.2,-23.9304,417.4296,69.11086092715232,186.5704,30.889139072847684,invoice Annexure_708466_03012026_1767461554293.xlsx
225986490505998,2025-12-29 19:31:30,delivered,315,15.76,330.76,-23.9304,200.83960000000002,63.75860317460318,114.16039999999998,36.24139682539682,invoice Annexure_708466_03012026_1767461554293.xlsx
225985806378137,2025-12-29 19:20:06,delivered,613,30.66,643.6600000000001,-23.9304,424.3596,69.22668841761828,188.6404,30.77331158238173,invoice Annexure_708466_03012026_1767461554293.xlsx
225978673243260,2025-12-29 17:21:13,delivered,275,13.76,288.76,-23.9304,187.74960000000002,68.27258181818182,87.25039999999998,31.72741818181818,invoice Annexure_708466_03012026_1767461554293.xlsx
225908862184911,2025-12-28 21:57:42,delivered,225,11.26,236.26,-23.9304,149.2696,66.34204444444445,75.7304,33.65795555555556,invoice Annexure_708466_03012026_1767461554293.xlsx
225908473792137,2025-12-28 21:51:13,delivered,340,17.0,357.0,-23.9304,220.0796,64.72929411764706,119.9204,35.27070588235294,invoice Annexure_708466_03012026_1767461554293.xlsx
225907948063537,2025-12-28 21:42:28,delivered,535,26.76,561.76,-23.9304,387.8896,72.50272897196261,147.11040000000003,27.49727102803739,invoice Annexure_708466_03012026_1767461554293.xlsx
225900569568880,2025-12-28 19:39:29,delivered,535,26.76,561.76,-23.9304,387.8896,72.50272897196261,147.11040000000003,27.49727102803739,invoice Annexure_708466_03012026_1767461554293.xlsx
225899836046150,2025-12-28 19:27:16,delivered,660,33.0,693.0,-23.9304,484.1196,73.35145454545454,175.8804,26.64854545454546,invoice Annexure_708466_03012026_1767461554293.xlsx
225895330362796,2025-12-28 18:12:10,delivered,1615,80.76,1695.7600000000002,-23.9304,1219.2596,75.49595046439629,395.7403999999999,24.50404953560371,invoice Annexure_708466_03012026_1767461554293.xlsx
225891845219811,2025-12-28 17:14:05,delivered,375,18.76,393.76,-23.9304,264.7396,70.59722666666667,110.2604,29.402773333333332,invoice Annexure_708466_03012026_1767461554293.xlsx
225209439132989,2025-12-20 19:40:39,delivered,275,13.76,288.76,-27.48962962962963,166.49037037037036,60.54195286195285,108.50962962962964,39.45804713804714,invoice Annexure_708466_24122025_1766571078215.xlsx
225208918916464,2025-12-20 19:31:58,delivered,179,8.96,187.95999999999998,-27.48962962962963,110.30037037037036,61.620318642665005,68.69962962962964,38.379681357334995,invoice Annexure_708466_24122025_1766571078215.xlsx
225206215811116,2025-12-20 18:46:55,delivered,2385,119.26,2504.26,-27.48962962962963,1808.4603703703704,75.82643062349561,576.5396296296296,24.173569376504386,invoice Annexure_708466_24122025_1766571078215.xlsx
225183230379944,2025-12-20 12:23:50,delivered,430,21.5,451.5,-27.48962962962963,303.51037037037037,70.58380706287683,126.48962962962963,29.41619293712317,invoice Annexure_708466_24122025_1766571078215.xlsx
225180873719670,2025-12-20 11:44:33,delivered,395,19.76,414.76,-27.48962962962963,276.57037037037037,70.01781528363806,118.42962962962963,29.98218471636193,invoice Annexure_708466_24122025_1766571078215.xlsx
225110951768708,2025-12-19 16:19:11,delivered,225,11.26,236.26,-27.48962962962963,145.71037037037036,64.76016460905349,79.28962962962964,35.23983539094651,invoice Annexure_708466_24122025_1766571078215.xlsx
225107927229761,2025-12-19 15:28:47,delivered,840,42.0,882.0,-27.48962962962963,619.1403703703704,73.70718694885362,220.85962962962958,26.29281305114638,invoice Annexure_708466_24122025_1766571078215.xlsx
225099491610227,2025-12-19 13:08:11,delivered,515,25.76,540.76,-27.48962962962963,368.9303703703704,71.63696512046027,146.06962962962962,28.363034879539732,invoice Annexure_708466_24122025_1766571078215.xlsx
225025150294178,2025-12-18 16:29:10,delivered,2589,129.46,2718.46,-27.48962962962963,1965.4903703703703,75.91697065934223,623.5096296296297,24.08302934065777,invoice Annexure_708466_24122025_1766571078215.xlsx
225008403498596,2025-12-18 11:50:04,delivered,275,13.76,288.76,-27.48962962962963,184.19037037037037,66.9783164983165,90.80962962962963,33.021683501683505,invoice Annexure_708466_24122025_1766571078215.xlsx
224955761794275,2025-12-17 21:12:41,delivered,325,16.26,341.26,-27.48962962962963,222.70037037037036,68.52319088319088,102.29962962962964,31.476809116809118,invoice Annexure_708466_24122025_1766571078215.xlsx
224941076896505,2025-12-17 17:07:56,delivered,590,29.5,619.5,-27.48962962962963,426.6703703703704,72.31701192718141,163.3296296296296,27.682988072818578,invoice Annexure_708466_24122025_1766571078215.xlsx
224939384515515,2025-12-17 16:39:44,delivered,960,48.0,1008.0,-27.48962962962963,687.8903703703704,71.65524691358026,272.1096296296296,28.34475308641975,invoice Annexure_708466_24122025_1766571078215.xlsx
224926184572513,2025-12-17 12:59:44,delivered,450,22.5,472.5,-27.48962962962963,318.9303703703704,70.87341563786008,131.06962962962962,29.126584362139912,invoice Annexure_708466_24122025_1766571078215.xlsx
224923003233092,2025-12-17 12:06:43,delivered,335,16.76,351.76,-27.48962962962963,230.39037037037036,68.77324488667772,104.60962962962964,31.22675511332228,invoice Annexure_708466_24122025_1766571078215.xlsx
224840297420833,2025-12-16 13:08:17,delivered,515,25.76,540.76,-27.48962962962963,368.9303703703704,71.63696512046027,146.06962962962962,28.363034879539732,invoice Annexure_708466_24122025_1766571078215.xlsx
224834214347832,2025-12-16 11:26:54,delivered,455,22.76,477.76,-27.48962962962963,299.16037037037034,65.74953194953194,155.83962962962966,34.25046805046806,invoice Annexure_708466_24122025_1766571078215.xlsx
224834076691774,2025-12-16 11:24:36,delivered,495,24.76,519.76,-27.48962962962963,353.54037037037034,71.42229704451925,141.45962962962966,28.57770295548074,invoice Annexure_708466_24122025_1766571078215.xlsx
224785211477754,2025-12-15 21:50:11,delivered,265,13.26,278.26,-27.48962962962963,176.51037037037037,66.60768693221524,88.48962962962963,33.39231306778477,invoice Annexure_708466_24122025_1766571078215.xlsx
224774298663725,2025-12-15 18:48:18,delivered,2093,104.66,2197.66,-27.48962962962963,1560.0803703703702,74.53800145104492,532.9196296296298,25.46199854895508,invoice Annexure_708466_24122025_1766571078215.xlsx
224756498408588,2025-12-15 13:51:38,delivered,235,11.76,246.76,-27.48962962962963,153.40037037037035,65.27675334909377,81.59962962962965,34.72324665090623,invoice Annexure_708466_24122025_1766571078215.xlsx
224750556572140,2025-12-15 12:12:36,delivered,235,11.76,246.76,-27.48962962962963,135.70037037037036,57.74483845547675,99.29962962962964,42.255161544523254,invoice Annexure_708466_24122025_1766571078215.xlsx
224691420523263,2025-12-14 19:47:00,delivered,2329,116.46,2445.46,-27.48962962962963,1741.7503703703703,74.78533148863762,587.2496296296297,25.214668511362376,invoice Annexure_708466_24122025_1766571078215.xlsx
224690945636922,2025-12-14 19:39:05,delivered,919,45.96,964.96,-27.48962962962963,679.9503703703705,73.98807076935479,239.04962962962952,26.011929230645215,invoice Annexure_708466_24122025_1766571078215.xlsx
224690623568260,2025-12-14 19:33:43,delivered,575,28.76,603.76,-27.48962962962963,415.1203703703704,72.19484702093398,159.87962962962962,27.805152979066023,invoice Annexure_708466_24122025_1766571078215.xlsx
224688765205770,2025-12-14 19:02:45,delivered,545,27.26,572.26,-27.48962962962963,392.0603703703704,71.9376826367652,152.93962962962962,28.062317363234797,invoice Annexure_708466_24122025_1766571078215.xlsx
224686119432131,2025-12-14 18:18:39,delivered,545,27.26,572.26,-27.48962962962963,392.0603703703704,71.9376826367652,152.93962962962962,28.062317363234797,invoice Annexure_708466_24122025_1766571078215.xlsx
224612094228166,2025-12-13 21:44:54,delivered,165,8.26,173.26,-29.62642857142857,97.39357142857142,59.026406926406914,67.60642857142858,40.97359307359308,invoice Annexure_708466_17122025_1765962184322.xlsx
224602524695878,2025-12-13 19:05:24,delivered,275,13.76,288.76,-29.62642857142857,182.05357142857144,66.20129870129871,92.94642857142856,33.798701298701296,invoice Annexure_708466_17122025_1765962184322.xlsx
224600684293289,2025-12-13 18:34:44,delivered,545,27.26,572.26,-29.62642857142857,389.92357142857145,71.54560943643513,155.07642857142855,28.454390563564875,invoice Annexure_708466_17122025_1765962184322.xlsx
224599877869986,2025-12-13 18:21:17,delivered,275,13.76,288.76,-29.62642857142857,182.05357142857144,66.20129870129871,92.94642857142856,33.798701298701296,invoice Annexure_708466_17122025_1765962184322.xlsx
224575281738135,2025-12-13 11:31:21,delivered,1299,64.96,1363.96,-29.62642857142857,946.7235714285714,72.88095238095238,352.2764285714286,27.11904761904762,invoice Annexure_708466_17122025_1765962184322.xlsx
224514923636560,2025-12-12 18:45:23,delivered,415,20.76,435.76,-29.62642857142857,289.8335714285714,69.8394148020654,125.16642857142858,30.160585197934598,invoice Annexure_708466_17122025_1765962184322.xlsx
224511178751146,2025-12-12 17:42:58,delivered,480,24.0,504.0,-29.62642857142857,316.2735714285714,65.89032738095237,163.72642857142858,34.10967261904762,invoice Annexure_708466_17122025_1765962184322.xlsx
224507120903709,2025-12-12 16:35:20,delivered,535,26.76,561.76,-29.62642857142857,382.19357142857143,71.43805073431241,152.80642857142857,28.56194926568758,invoice Annexure_708466_17122025_1765962184322.xlsx
224506904852696,2025-12-12 16:31:44,delivered,179,8.96,187.95999999999998,-29.62642857142857,90.46357142857144,50.53830806065444,88.53642857142856,49.46169193934556,invoice Annexure_708466_17122025_1765962184322.xlsx
224501056462771,2025-12-12 14:54:16,delivered,450,22.5,472.5,-29.62642857142857,316.79357142857145,70.39857142857143,133.20642857142855,29.601428571428567,invoice Annexure_708466_17122025_1765962184322.xlsx
224436037376493,2025-12-11 20:50:37,delivered,674,33.7,707.7,-29.62642857142857,489.2035714285715,72.58213225943197,184.79642857142852,27.41786774056803,invoice Annexure_708466_17122025_1765962184322.xlsx
224336547098037,2025-12-10 17:12:27,delivered,574,28.7,602.7,-29.62642857142857,412.24357142857144,71.81943753111001,161.75642857142856,28.180562468889992,invoice Annexure_708466_17122025_1765962184322.xlsx
224332257721682,2025-12-10 16:00:57,delivered,225,11.26,236.26,-29.62642857142857,125.87357142857144,55.94380952380953,99.12642857142856,44.05619047619047,invoice Annexure_708466_17122025_1765962184322.xlsx
224264292912396,2025-12-09 21:08:12,delivered,295,14.76,309.76,-29.62642857142857,179.75357142857143,60.93341404358353,115.24642857142857,39.06658595641646,invoice Annexure_708466_17122025_1765962184322.xlsx
224254714334291,2025-12-09 18:28:34,delivered,395,19.76,414.76,-29.62642857142857,274.43357142857144,69.47685352622062,120.56642857142856,30.523146473779384,invoice Annexure_708466_17122025_1765962184322.xlsx
224253314265318,2025-12-09 18:05:14,delivered,499,24.96,523.96,-29.62642857142857,354.48357142857145,71.0387918694532,144.51642857142855,28.9612081305468,invoice Annexure_708466_17122025_1765962184322.xlsx
224228429100268,2025-12-09 11:10:29,delivered,275,13.76,288.76,-29.62642857142857,182.05357142857144,66.20129870129871,92.94642857142856,33.798701298701296,invoice Annexure_708466_17122025_1765962184322.xlsx
224173333292464,2025-12-08 19:52:13,delivered,499,24.96,523.96,-29.62642857142857,354.48357142857145,71.0387918694532,144.51642857142855,28.9612081305468,invoice Annexure_708466_17122025_1765962184322.xlsx
224166765875478,2025-12-08 18:02:45,delivered,545,27.26,572.26,-29.62642857142857,366.3235714285714,67.21533420707732,178.67642857142857,32.784665792922674,invoice Annexure_708466_17122025_1765962184322.xlsx
224157598699997,2025-12-08 15:29:58,delivered,335,16.76,351.76,-29.62642857142857,228.25357142857143,68.13539445628997,106.74642857142857,31.864605543710017,invoice Annexure_708466_17122025_1765962184322.xlsx
224093772439077,2025-12-07 21:46:12,cancelled,335,16.76,351.76,-29.62642857142857,176.67357142857145,52.738379530916845,158.32642857142855,47.26162046908315,invoice Annexure_708466_17122025_1765962184322.xlsx
224089369027514,2025-12-07 20:32:49,delivered,365,18.26,383.26,-29.62642857142857,233.6535714285714,64.0146771037182,131.3464285714286,35.98532289628181,invoice Annexure_708466_17122025_1765962184322.xlsx
224081780105907,2025-12-07 18:26:20,delivered,450,22.5,472.5,-29.62642857142857,316.79357142857145,70.39857142857143,133.20642857142855,29.601428571428567,invoice Annexure_708466_17122025_1765962184322.xlsx
224075747144203,2025-12-07 16:45:47,delivered,275,13.76,288.76,-29.62642857142857,164.35357142857143,59.76493506493507,110.64642857142857,40.23506493506493,invoice Annexure_708466_17122025_1765962184322.xlsx
224069601004989,2025-12-07 15:03:21,delivered,275,13.76,288.76,-29.62642857142857,164.35357142857143,59.76493506493507,110.64642857142857,40.23506493506493,invoice Annexure_708466_17122025_1765962184322.xlsx
224064657387423,2025-12-07 13:40:57,delivered,425,21.26,446.26,-29.62642857142857,297.54357142857145,70.01025210084035,127.45642857142855,29.989747899159656,invoice Annexure_708466_17122025_1765962184322.xlsx
224062390777334,2025-12-07 13:03:10,delivered,335,16.76,351.76,-29.62642857142857,210.55357142857144,62.85181236673775,124.44642857142856,37.14818763326225,invoice Annexure_708466_17122025_1765962184322.xlsx
224057913419317,2025-12-07 11:48:33,delivered,275,13.76,288.76,-29.62642857142857,182.05357142857144,66.20129870129871,92.94642857142856,33.798701298701296,invoice Annexure_708466_17122025_1765962184322.xlsx
223999954241509,2025-12-06 19:42:34,delivered,470,23.5,493.5,-49.629411764705885,312.1805882352941,66.42140175219023,157.81941176470588,33.57859824780976,invoice Annexure_708466_10122025_1765351042770.xlsx
223996619797693,2025-12-06 18:46:59,cancelled,325,16.26,341.26,-49.629411764705885,200.56058823529412,61.71095022624434,124.43941176470588,38.28904977375566,invoice Annexure_708466_10122025_1765351042770.xlsx
223971519849140,2025-12-06 11:48:39,delivered,454,22.7,476.70000000000005,-49.629411764705885,276.2605882352941,60.850349831562575,177.7394117647059,39.149650168437425,invoice Annexure_708466_10122025_1765351042770.xlsx
223915588998827,2025-12-05 20:16:28,delivered,295,14.76,309.76,-49.629411764705885,177.45058823529413,60.152741774675974,117.54941176470587,39.847258225324026,invoice Annexure_708466_10122025_1765351042770.xlsx
223908164166802,2025-12-05 18:12:44,delivered,235,11.76,246.76,-49.629411764705885,131.2605882352941,55.85556946182728,103.73941176470589,44.14443053817272,invoice Annexure_708466_10122025_1765351042770.xlsx
223904399248446,2025-12-05 17:09:59,delivered,275,13.76,288.76,-49.629411764705885,162.05058823529413,58.927486631016045,112.94941176470587,41.072513368983955,invoice Annexure_708466_10122025_1765351042770.xlsx
223901593912391,2025-12-05 16:23:13,delivered,729,36.46,765.46,-49.629411764705885,511.5305882352941,70.16880497054788,217.4694117647059,29.83119502945211,invoice Annexure_708466_10122025_1765351042770.xlsx
223830699139986,2025-12-04 20:41:39,delivered,335,16.76,351.76,-49.629411764705885,208.25058823529412,62.164354697102716,126.74941176470588,37.835645302897284,invoice Annexure_708466_10122025_1765351042770.xlsx
223740382769118,2025-12-03 19:36:22,delivered,335,16.76,351.76,-49.629411764705885,190.55058823529413,56.88077260755049,144.44941176470587,43.11922739244952,invoice Annexure_708466_10122025_1765351042770.xlsx
223739556388942,2025-12-03 19:22:36,delivered,399,19.96,418.96000000000004,-49.629411764705885,257.5205882352941,64.54150081085065,141.4794117647059,35.45849918914935,invoice Annexure_708466_10122025_1765351042770.xlsx
223735414886658,2025-12-03 18:13:34,delivered,499,24.96,523.96,-49.629411764705885,334.48058823529414,67.03017800306496,164.51941176470586,32.969821996935046,invoice Annexure_708466_10122025_1765351042770.xlsx
223735060557848,2025-12-03 18:07:40,delivered,525,26.26,551.26,-49.629411764705885,330.9305882352941,63.03439775910364,194.06941176470588,36.96560224089636,invoice Annexure_708466_10122025_1765351042770.xlsx
223726580521382,2025-12-03 15:46:20,delivered,1514,75.7,1589.6999999999998,-49.629411764705885,1092.230588235294,72.1420467790815,421.7694117647061,27.857953220918503,invoice Annexure_708466_10122025_1765351042770.xlsx
223715640188060,2025-12-03 12:44:00,delivered,275,13.76,288.76,-49.629411764705885,144.3505882352941,52.49112299465241,130.6494117647059,47.50887700534759,invoice Annexure_708466_10122025_1765351042770.xlsx
223661941221389,2025-12-02 21:49:01,delivered,779,38.96,817.96,-49.629411764705885,526.4305882352941,67.57773918296458,252.56941176470593,32.42226081703542,invoice Annexure_708466_10122025_1765351042770.xlsx
223654445914374,2025-12-02 19:44:05,delivered,235,11.76,246.76,-49.629411764705885,113.56058823529412,48.32365456821026,121.43941176470588,51.67634543178974,invoice Annexure_708466_10122025_1765351042770.xlsx
223567822476648,2025-12-01 19:40:22,delivered,345,17.26,362.26,-49.629411764705885,215.9505882352941,62.59437340153452,129.0494117647059,37.405626598465474,invoice Annexure_708466_10122025_1765351042770.xlsx
223478902823657,2025-11-30 18:58:22,delivered,399,18.76,393.82,-42.62,222.5,55.764411027568926,176.5,44.23558897243108,invoice Annexure_708466_04122025_1764853397263.xlsx
223475837042323,2025-11-30 18:07:17,delivered,250,12.5,262.5,-42.62,149.82999999999998,59.931999999999995,100.17000000000002,40.068000000000005,invoice Annexure_708466_04122025_1764853397263.xlsx
223469120887177,2025-11-30 16:15:20,delivered,275,12.92,271.41999999999996,-42.62,156.38,56.86545454545454,118.62,43.13454545454546,invoice Annexure_708466_04122025_1764853397263.xlsx
223467076224682,2025-11-30 15:41:16,delivered,275,12.92,271.41999999999996,-42.62,156.38,56.86545454545454,118.62,43.13454545454546,invoice Annexure_708466_04122025_1764853397263.xlsx
223463915888172,2025-11-30 14:48:35,delivered,934,46.7,980.7,-42.62,676.36,72.4154175588865,257.64,27.584582441113486,invoice Annexure_708466_04122025_1764853397263.xlsx
223396292382479,2025-11-29 20:01:32,delivered,515,25.76,540.76,-42.62,353.8,68.69902912621359,161.2,31.300970873786405,invoice Annexure_708466_04122025_1764853397263.xlsx
223392721273735,2025-11-29 19:02:01,delivered,1030,51.5,1081.5,-42.62,750.27,72.84174757281554,279.73,27.158252427184472,invoice Annexure_708466_04122025_1764853397263.xlsx
223377609391663,2025-11-29 14:50:09,delivered,650,31.3,657.3059999999999,-42.62,415.65,63.94615384615384,234.35000000000002,36.05384615384616,invoice Annexure_708466_04122025_1764853397263.xlsx
223373690926442,2025-11-29 13:44:50,delivered,535,26.76,561.76,-42.62,369.2,69.00934579439252,165.8,30.990654205607477,invoice Annexure_708466_04122025_1764853397263.xlsx
223368313096957,2025-11-29 12:15:13,delivered,275,13.76,288.76,-42.62,151.35999999999999,55.04,123.64000000000001,44.96000000000001,invoice Annexure_708466_04122025_1764853397263.xlsx
223305641707692,2025-11-28 18:50:41,delivered,520,26.0,546.0,-42.62,357.67,68.7826923076923,162.32999999999998,31.21730769230769,invoice Annexure_708466_04122025_1764853397263.xlsx
223291464122649,2025-11-28 14:54:24,delivered,545,27.26,572.26,-42.62,353.33,64.83119266055046,191.67000000000002,35.16880733944954,invoice Annexure_708466_04122025_1764853397263.xlsx
223287957581086,2025-11-28 13:55:57,delivered,225,10.58,222.07999999999998,-42.62,120.19999999999999,53.42222222222222,104.80000000000001,46.57777777777778,invoice Annexure_708466_04122025_1764853397263.xlsx
223282203824597,2025-11-28 12:20:03,delivered,345,16.22,340.52000000000004,-42.62,207.01999999999998,60.00579710144927,137.98000000000002,39.99420289855073,invoice Annexure_708466_04122025_1764853397263.xlsx
223140633832267,2025-11-26 21:00:33,delivered,459,22.96,481.96000000000004,-42.62,287.1,62.549019607843135,171.89999999999998,37.45098039215686,invoice Annexure_708466_04122025_1764853397263.xlsx
223137612715102,2025-11-26 20:10:12,delivered,505,25.26,530.26,-42.62,346.13,68.54059405940593,158.87,31.45940594059406,invoice Annexure_708466_04122025_1764853397263.xlsx
223133935405508,2025-11-26 19:08:55,delivered,235,11.76,246.76,-42.62,138.26999999999998,58.83829787234042,96.73000000000002,41.16170212765958,invoice Annexure_708466_04122025_1764853397263.xlsx
223131880089445,2025-11-26 18:34:40,delivered,1120,56.0,1176.0,-42.62,795.9399999999999,71.06607142857142,324.06000000000006,28.933928571428574,invoice Annexure_708466_04122025_1764853397263.xlsx
223054651214224,2025-11-25 21:07:31,delivered,395,19.76,414.76,-42.62,249.64,63.2,145.36,36.800000000000004,invoice Annexure_708466_04122025_1764853397263.xlsx
223050875915321,2025-11-25 20:04:35,delivered,395,18.56,389.85999999999996,-42.62,243.19,61.56708860759493,151.81,38.43291139240506,invoice Annexure_708466_04122025_1764853397263.xlsx
223036292132733,2025-11-25 16:01:32,delivered,515,25.76,540.76,-42.62,318.4,61.825242718446596,196.60000000000002,38.174757281553404,invoice Annexure_708466_04122025_1764853397263.xlsx
223024768669538,2025-11-25 12:49:28,delivered,825,40.06,841.0659999999999,-42.62,562.17,68.14181818181818,262.83000000000004,31.858181818181823,invoice Annexure_708466_04122025_1764853397263.xlsx
222879929926570,2025-11-23 20:35:29,delivered,275,13.76,288.76,-42.62,169.06,61.476363636363644,105.94,38.52363636363636,invoice Annexure_708466_04122025_1764853397263.xlsx
222875561774277,2025-11-23 19:22:41,delivered,1020,51.0,1071.0,-42.62,718.9399999999999,70.48431372549018,301.06000000000006,29.51568627450981,invoice Annexure_708466_04122025_1764853397263.xlsx
222873006950298,2025-11-23 18:40:06,cancelled,165,8.26,173.26,-42.62,84.41,51.157575757575756,80.59,48.842424242424244,invoice Annexure_708466_04122025_1764853397263.xlsx
222870746234280,2025-11-23 18:02:26,delivered,948,47.4,995.4000000000001,-42.62,687.13,72.48206751054852,260.87,27.51793248945148,invoice Annexure_708466_04122025_1764853397263.xlsx
222865509790664,2025-11-23 16:35:09,delivered,325,16.26,341.26,-42.62,207.57,63.8676923076923,117.43,36.1323076923077,invoice Annexure_708466_04122025_1764853397263.xlsx
222778339802494,2025-11-22 16:22:19,delivered,365,17.16,360.26,-33.88407407407407,212.52592592592592,58.22628107559614,152.47407407407408,41.77371892440386,invoice Annexure_708466_26112025_1764157630032.xlsx
222773625500017,2025-11-22 15:03:45,delivered,500,23.8,499.79999999999995,-33.88407407407407,332.52592592592595,66.50518518518518,167.47407407407405,33.49481481481481,invoice Annexure_708466_26112025_1764157630032.xlsx
222772109086335,2025-11-22 14:38:29,delivered,325,15.28,320.78,-33.88407407407407,201.27592592592592,61.93105413105413,123.72407407407408,38.06894586894587,invoice Annexure_708466_26112025_1764157630032.xlsx
222771301982348,2025-11-22 14:25:01,delivered,215,10.76,225.76,-33.88407407407407,131.61592592592592,61.216709732988804,83.38407407407408,38.7832902670112,invoice Annexure_708466_26112025_1764157630032.xlsx
222764553481539,2025-11-22 12:32:33,delivered,275,12.92,271.41999999999996,-33.88407407407407,147.41592592592593,53.605791245791245,127.58407407407407,46.39420875420875,invoice Annexure_708466_26112025_1764157630032.xlsx
222762405810237,2025-11-22 11:56:45,delivered,850,42.5,892.5,-33.88407407407407,620.435925925926,72.99246187363835,229.56407407407403,27.007538126361652,invoice Annexure_708466_26112025_1764157630032.xlsx
222692811916858,2025-11-21 16:36:51,delivered,355,17.76,372.76,-33.88407407407407,239.3859259259259,67.43265519040166,115.6140740740741,32.56734480959834,invoice Annexure_708466_26112025_1764157630032.xlsx
222618207115387,2025-11-20 19:53:27,delivered,295,14.76,309.76,-33.88407407407407,193.19592592592593,65.49014438166981,101.80407407407407,34.50985561833019,invoice Annexure_708466_26112025_1764157630032.xlsx
222608296200874,2025-11-20 17:08:16,delivered,615,30.76,645.76,-33.88407407407407,439.52592592592595,71.46763023185788,175.47407407407405,28.532369768142125,invoice Annexure_708466_26112025_1764157630032.xlsx
222538160970934,2025-11-19 21:39:20,delivered,430,21.5,451.5,-33.88407407407407,297.1159259259259,69.09672695951765,132.88407407407408,30.903273040482343,invoice Annexure_708466_26112025_1764157630032.xlsx
222528526975748,2025-11-19 18:58:46,cancelled,0,0.0,0.0,-33.88407407407407,-76.58407407407407,-inf,76.58407407407407,inf,invoice Annexure_708466_26112025_1764157630032.xlsx
222528383423495,2025-11-19 18:56:23,cancelled,0,0.0,0.0,-33.88407407407407,-66.33407407407407,-inf,66.33407407407407,inf,invoice Annexure_708466_26112025_1764157630032.xlsx
222527469757349,2025-11-19 18:41:09,delivered,749,37.46,786.46,-33.88407407407407,542.6659259259259,72.45205953617167,206.33407407407412,27.54794046382832,invoice Annexure_708466_26112025_1764157630032.xlsx
222452570859991,2025-11-18 21:52:50,cancelled,0,0.0,0.0,-33.88407407407407,-66.33407407407407,-inf,66.33407407407407,inf,invoice Annexure_708466_26112025_1764157630032.xlsx
222449393590184,2025-11-18 20:59:53,delivered,495,23.56,494.55999999999995,-33.88407407407407,328.6759259259259,66.39917695473251,166.32407407407408,33.60082304526749,invoice Annexure_708466_26112025_1764157630032.xlsx
222443660075680,2025-11-18 19:24:20,delivered,860,43.0,903.0,-33.88407407407407,604.5359259259259,70.2948751076658,255.46407407407412,29.7051248923342,invoice Annexure_708466_26112025_1764157630032.xlsx
222439341099446,2025-11-18 18:12:21,delivered,670,32.3,678.3,-33.88407407407407,439.78592592592594,65.63969043670537,230.21407407407406,34.36030956329464,invoice Annexure_708466_26112025_1764157630032.xlsx
222439050905984,2025-11-18 18:07:30,delivered,519,25.96,544.96,-33.88407407407407,365.6159259259259,70.44622850210519,153.38407407407408,29.553771497894815,invoice Annexure_708466_26112025_1764157630032.xlsx
222434479518899,2025-11-18 16:51:19,delivered,570,28.5,598.5,-33.88407407407407,404.8859259259259,71.03261858349578,165.1140740740741,28.967381416504228,invoice Annexure_708466_26112025_1764157630032.xlsx
222359623377128,2025-11-17 20:03:43,delivered,820,41.0,861.0,-33.88407407407407,597.3459259259259,72.84706413730804,222.65407407407406,27.152935862691958,invoice Annexure_708466_26112025_1764157630032.xlsx
222358831302695,2025-11-17 19:50:31,delivered,550,27.5,577.5,-33.88407407407407,389.5059259259259,70.81925925925925,160.4940740740741,29.180740740740745,invoice Annexure_708466_26112025_1764157630032.xlsx
222354459823431,2025-11-17 18:37:39,delivered,1299,63.76,1338.7600000000002,-33.88407407407407,947.575925925926,72.94656858552163,351.42407407407404,27.053431414478375,invoice Annexure_708466_26112025_1764157630032.xlsx
222344385296992,2025-11-17 15:49:45,delivered,505,25.26,530.26,-33.88407407407407,354.8659259259259,70.27048038137147,150.13407407407408,29.72951961862853,invoice Annexure_708466_26112025_1764157630032.xlsx
222330421395332,2025-11-17 11:57:01,delivered,825,40.06,841.0660000019999,-33.88407407407407,582.705925925926,70.63102132435466,242.29407407407405,29.36897867564534,invoice Annexure_708466_26112025_1764157630032.xlsx
222265073167464,2025-11-16 17:47:53,delivered,295,13.86,291.16,-33.88407407407407,179.58592592592592,60.8765850596359,115.41407407407408,39.12341494036409,invoice Annexure_708466_26112025_1764157630032.xlsx
222261739688710,2025-11-16 16:52:19,delivered,275,12.92,271.41999999999996,-33.88407407407407,165.11592592592592,60.04215488215488,109.88407407407408,39.95784511784512,invoice Annexure_708466_26112025_1764157630032.xlsx
222257328928335,2025-11-16 15:38:48,delivered,215,10.76,225.76,-33.88407407407407,131.61592592592592,61.216709732988804,83.38407407407408,38.7832902670112,invoice Annexure_708466_26112025_1764157630032.xlsx
222191618243504,2025-11-15 21:23:38,delivered,325,16.26,341.26,-38.77291666666667,193.71708333333333,59.605256410256416,131.28291666666667,40.394743589743584,invoice Annexure_708466_19112025_1763548435123.xlsx
222186498408754,2025-11-15 19:58:18,delivered,545,26.06,547.06,-38.77291666666667,362.2870833333333,66.47469418960245,182.71291666666667,33.525305810397555,invoice Annexure_708466_19112025_1763548435123.xlsx
222185197591565,2025-11-15 19:36:37,delivered,385,19.26,404.26,-38.77291666666667,257.59708333333333,66.90833333333333,127.40291666666667,33.09166666666667,invoice Annexure_708466_19112025_1763548435123.xlsx
222165169664699,2025-11-15 14:02:49,delivered,215,10.76,225.76,-38.77291666666667,126.72708333333333,58.94282945736434,88.27291666666667,41.05717054263566,invoice Annexure_708466_19112025_1763548435123.xlsx
222104264289025,2025-11-14 21:07:44,delivered,430,21.5,451.5,-38.77291666666667,292.2270833333333,67.95978682170542,137.77291666666667,32.04021317829457,invoice Annexure_708466_19112025_1763548435123.xlsx
222017533040723,2025-11-13 21:02:13,delivered,275,12.92,271.41999999999996,-38.77291666666667,160.22708333333333,58.26439393939393,114.77291666666667,41.73560606060606,invoice Annexure_708466_19112025_1763548435123.xlsx
222013659671315,2025-11-13 19:57:39,delivered,179,8.96,187.95999999999998,-38.77291666666667,99.01708333333332,55.31680633147113,79.98291666666668,44.68319366852887,invoice Annexure_708466_19112025_1763548435123.xlsx
222005533453264,2025-11-13 17:42:13,delivered,490,23.3,489.306000001,-38.77291666666667,319.94708333333335,65.2953231292517,170.05291666666665,34.704676870748294,invoice Annexure_708466_19112025_1763548435123.xlsx
222003221912425,2025-11-13 17:03:41,delivered,515,25.76,540.76,-38.77291666666667,357.64708333333334,69.4460355987055,157.35291666666666,30.553964401294497,invoice Annexure_708466_19112025_1763548435123.xlsx
221996731141670,2025-11-13 15:15:31,delivered,275,13.76,288.76,-38.77291666666667,155.20708333333332,56.43893939393939,119.79291666666668,43.561060606060614,invoice Annexure_708466_19112025_1763548435123.xlsx
221995987901384,2025-11-13 15:03:07,delivered,275,13.76,288.76,-38.77291666666667,155.20708333333332,56.43893939393939,119.79291666666668,43.561060606060614,invoice Annexure_708466_19112025_1763548435123.xlsx
221933418091290,2025-11-12 21:40:18,delivered,215,10.76,225.76,-38.77291666666667,126.72708333333333,58.94282945736434,88.27291666666667,41.05717054263566,invoice Annexure_708466_19112025_1763548435123.xlsx
221918220459343,2025-11-12 17:27:00,delivered,265,12.46,261.56,-38.77291666666667,152.98708333333332,57.73097484276729,112.01291666666668,42.26902515723271,invoice Annexure_708466_19112025_1763548435123.xlsx
221843452034678,2025-11-11 20:40:52,delivered,670,32.3,678.3,-38.77291666666667,434.89708333333334,64.91001243781095,235.10291666666666,35.08998756218905,invoice Annexure_708466_19112025_1763548435123.xlsx
221824985627571,2025-11-11 15:33:05,delivered,515,25.76,540.76,-38.77291666666667,334.0470833333333,64.86351132686083,180.95291666666668,35.13648867313916,invoice Annexure_708466_19112025_1763548435123.xlsx
221811817812157,2025-11-11 11:53:37,delivered,775,38.76,813.76,-38.77291666666667,534.2070833333333,68.92994623655913,240.79291666666666,31.070053763440857,invoice Annexure_708466_19112025_1763548435123.xlsx
221759126203695,2025-11-10 21:15:26,delivered,550,27.5,577.5,-38.77291666666667,384.6170833333333,69.9303787878788,165.3829166666667,30.069621212121216,invoice Annexure_708466_19112025_1763548435123.xlsx
221755739089293,2025-11-10 20:18:59,delivered,325,16.26,341.26,-38.77291666666667,193.71708333333333,59.605256410256416,131.28291666666667,40.394743589743584,invoice Annexure_708466_19112025_1763548435123.xlsx
221753564735363,2025-11-10 19:42:44,delivered,515,25.76,540.76,-38.77291666666667,357.64708333333334,69.4460355987055,157.35291666666666,30.553964401294497,invoice Annexure_708466_19112025_1763548435123.xlsx
221752570055619,2025-11-10 19:26:10,delivered,1004,50.2,1054.1999999999998,-38.77291666666667,734.0970833333333,73.11723937583001,269.90291666666667,26.88276062416999,invoice Annexure_708466_19112025_1763548435123.xlsx
221751273781929,2025-11-10 19:04:33,delivered,730,36.5,766.5,-38.77291666666667,523.1770833333334,71.66809360730593,206.82291666666663,28.331906392694055,invoice Annexure_708466_19112025_1763548435123.xlsx
221748125319632,2025-11-10 18:12:05,delivered,499,23.76,498.76,-38.77291666666667,326.8670833333333,65.50442551770207,172.1329166666667,34.49557448229793,invoice Annexure_708466_19112025_1763548435123.xlsx
221662665896223,2025-11-09 18:27:45,delivered,1070,52.3,1098.3000000000002,-38.77291666666667,742.8270833333333,69.42309190031153,327.17291666666665,30.57690809968847,invoice Annexure_708466_19112025_1763548435123.xlsx
221649922615388,2025-11-09 14:55:22,delivered,265,13.26,278.26,-38.77291666666667,165.22708333333333,62.34984276729559,99.77291666666667,37.65015723270441,invoice Annexure_708466_19112025_1763548435123.xlsx
221573620714927,2025-11-08 17:43:40,delivered,399,18.76,393.82,-36.33161290322581,252.3883870967742,63.25523486134692,146.6116129032258,36.74476513865308,invoice Annexure_708466_12112025_1762944096182.xlsx
221571381497846,2025-11-08 17:06:21,delivered,534,26.7,560.7,-36.33161290322581,351.13838709677424,65.75625226531353,182.86161290322576,34.24374773468647,invoice Annexure_708466_12112025_1762944096182.xlsx
221558109926339,2025-11-08 13:25:09,delivered,535,26.76,561.76,-36.33161290322581,375.4883870967742,70.18474525173349,159.5116129032258,29.815254748266508,invoice Annexure_708466_12112025_1762944096182.xlsx
221552713403755,2025-11-08 11:55:13,delivered,755,37.76,792.76,-36.33161290322581,544.8383870967741,72.16402478102968,210.1616129032259,27.835975218970315,invoice Annexure_708466_12112025_1762944096182.xlsx
221551425120725,2025-11-08 11:33:45,delivered,225,11.26,236.26,-36.33161290322581,136.86838709677417,60.83039426523297,88.13161290322583,39.16960573476703,invoice Annexure_708466_12112025_1762944096182.xlsx
221494156768355,2025-11-07 19:39:16,delivered,345,16.22,340.52000000000004,-36.33161290322581,195.60838709677418,56.69808321645628,149.39161290322582,43.30191678354372,invoice Annexure_708466_12112025_1762944096182.xlsx
221480259129398,2025-11-07 15:47:39,delivered,285,14.26,299.26,-36.33161290322581,165.36838709677417,58.023995472552336,119.63161290322583,41.97600452744766,invoice Annexure_708466_12112025_1762944096182.xlsx
221471311043896,2025-11-07 13:18:31,delivered,455,22.76,477.76,-36.33161290322581,290.3183870967742,63.80623892236795,164.6816129032258,36.19376107763205,invoice Annexure_708466_12112025_1762944096182.xlsx
221470918661209,2025-11-07 13:11:58,delivered,375,18.76,393.76,-36.33161290322581,252.3383870967742,67.29023655913979,122.6616129032258,32.709763440860215,invoice Annexure_708466_12112025_1762944096182.xlsx
221415672732756,2025-11-06 21:51:12,delivered,404,20.2,424.20000000000005,-36.33161290322581,274.6683870967742,67.9872245289045,129.3316129032258,32.012775471095495,invoice Annexure_708466_12112025_1762944096182.xlsx
221410391086450,2025-11-06 20:23:11,delivered,390,18.34,384.94000000000005,-36.33161290322581,222.2783870967742,56.994458229942104,167.7216129032258,43.005541770057896,invoice Annexure_708466_12112025_1762944096182.xlsx
221407827730907,2025-11-06 19:40:27,delivered,535,26.76,561.76,-36.33161290322581,375.4883870967742,70.18474525173349,159.5116129032258,29.815254748266508,invoice Annexure_708466_12112025_1762944096182.xlsx
221400444141399,2025-11-06 17:37:24,delivered,225,10.58,222.07999999999998,-36.33161290322581,126.48838709677418,56.21706093189963,98.51161290322582,43.78293906810037,invoice Annexure_708466_12112025_1762944096182.xlsx
221392037980944,2025-11-06 15:17:17,delivered,1619,80.96,1699.96,-36.33161290322581,1209.9383870967742,74.73368666440854,409.06161290322575,25.266313335591462,invoice Annexure_708466_12112025_1762944096182.xlsx
221379369626810,2025-11-06 11:46:09,delivered,275,12.92,271.41999999999996,-36.33161290322581,162.66838709677418,59.15214076246333,112.33161290322582,40.84785923753666,invoice Annexure_708466_12112025_1762944096182.xlsx
221327405418568,2025-11-05 21:20:05,cancelled,535,26.76,561.76,-36.33161290322581,293.13838709677424,54.792221887247514,241.86161290322576,45.20777811275248,invoice Annexure_708466_12112025_1762944096182.xlsx
221234153516685,2025-11-04 19:25:53,delivered,395,19.76,414.76,-36.33161290322581,267.7283870967742,67.77933850551246,127.27161290322579,32.22066149448754,invoice Annexure_708466_12112025_1762944096182.xlsx
221227340934005,2025-11-04 17:32:20,delivered,515,24.56,515.56,-36.33161290322581,341.6183870967742,66.33366739743188,173.3816129032258,33.66633260256812,invoice Annexure_708466_12112025_1762944096182.xlsx
221220237265443,2025-11-04 15:33:57,delivered,399,18.76,393.82,-36.33161290322581,252.3883870967742,63.25523486134692,146.6116129032258,36.74476513865308,invoice Annexure_708466_12112025_1762944096182.xlsx
221205723470260,2025-11-04 11:32:03,delivered,820,39.8,835.8060000009999,-36.33161290322581,552.8183870967741,67.41687647521636,267.18161290322587,32.583123524783645,invoice Annexure_708466_12112025_1762944096182.xlsx
221145116958229,2025-11-03 18:41:56,delivered,325,15.28,320.78,-36.33161290322581,198.82838709677418,61.177965260545896,126.17161290322582,38.8220347394541,invoice Annexure_708466_12112025_1762944096182.xlsx
221142115460955,2025-11-03 17:51:55,delivered,1060,53.0,1113.0,-36.33161290322581,756.0383870967742,71.32437614120512,303.96161290322584,28.67562385879489,invoice Annexure_708466_12112025_1762944096182.xlsx
221138699040375,2025-11-03 16:54:59,delivered,295,13.86,291.16,-36.33161290322581,177.13838709677418,60.04691088026244,117.86161290322582,39.95308911973757,invoice Annexure_708466_12112025_1762944096182.xlsx
221061762910203,2025-11-02 19:32:42,delivered,295,14.76,309.76,-36.33161290322581,190.7483870967742,64.66047020229634,104.2516129032258,35.33952979770366,invoice Annexure_708466_12112025_1762944096182.xlsx
221050728697408,2025-11-02 16:28:48,delivered,550,27.5,577.5,-36.33161290322581,387.0583870967742,70.37425219941349,162.9416129032258,29.62574780058651,invoice Annexure_708466_12112025_1762944096182.xlsx
221048491132999,2025-11-02 15:51:31,delivered,535,26.76,561.76,-36.33161290322581,351.88838709677424,65.77353029846248,183.11161290322576,34.226469701537525,invoice Annexure_708466_12112025_1762944096182.xlsx
221044697797229,2025-11-02 14:48:17,delivered,345,16.22,340.52000000000004,-36.33161290322581,213.30838709677417,61.82851799906498,131.69161290322583,38.17148200093502,invoice Annexure_708466_12112025_1762944096182.xlsx
221036920710961,2025-11-02 12:38:40,delivered,1160,58.0,1218.0,-36.33161290322581,833.0183870967742,71.8119299221357,326.9816129032258,28.188070077864296,invoice Annexure_708466_12112025_1762944096182.xlsx
220976209912610,2025-11-01 19:46:49,delivered,535,26.76,561.76,-36.33161290322581,351.88838709677424,65.77353029846248,183.11161290322576,34.226469701537525,invoice Annexure_708466_12112025_1762944096182.xlsx
220975553793168,2025-11-01 19:35:53,delivered,325,15.28,320.78,-36.33161290322581,198.82838709677418,61.177965260545896,126.17161290322582,38.8220347394541,invoice Annexure_708466_12112025_1762944096182.xlsx
220966182725327,2025-11-01 16:59:42,delivered,709,34.26,719.266,-36.33161290322581,490.96838709677417,69.24800946357887,218.03161290322583,30.751990536421133,invoice Annexure_708466_12112025_1762944096182.xlsx
220892835167655,2025-10-31 20:37:15,delivered,730,35.3,741.3060000009999,-31.509999999999994,511.95000000000005,70.13013698630137,218.04999999999995,29.869863013698623,invoice Annexure_708466_05112025_1762343073295.xlsx
220879234031778,2025-10-31 16:50:34,delivered,275,13.76,288.76,-31.509999999999994,162.47,59.08,112.53,40.92,invoice Annexure_708466_05112025_1762343073295.xlsx
220803276242299,2025-10-30 19:44:36,delivered,515,24.56,515.56,-31.509999999999994,346.44,67.26990291262136,168.56,32.73009708737864,invoice Annexure_708466_05112025_1762343073295.xlsx
220799867739216,2025-10-30 18:47:47,delivered,275,12.92,271.41999999999996,-31.509999999999994,167.49,60.90545454545455,107.50999999999999,39.09454545454545,invoice Annexure_708466_05112025_1762343073295.xlsx
220796446318508,2025-10-30 17:50:46,delivered,325,16.26,341.26,-31.509999999999994,218.68,67.28615384615385,106.32,32.713846153846156,invoice Annexure_708466_05112025_1762343073295.xlsx
220796434939877,2025-10-30 17:50:34,delivered,545,27.26,572.26,-31.509999999999994,364.44,66.86972477064221,180.56,33.1302752293578,invoice Annexure_708466_05112025_1762343073295.xlsx
220795474466044,2025-10-30 17:34:34,delivered,399,19.96,418.96000000000004,-31.509999999999994,252.04000000000002,63.16791979949875,146.95999999999998,36.83208020050125,invoice Annexure_708466_05112025_1762343073295.xlsx
220794656110116,2025-10-30 17:20:56,delivered,679,33.96,712.96,-31.509999999999994,467.57,68.86156111929309,211.43,31.138438880706925,invoice Annexure_708466_05112025_1762343073295.xlsx
220715193009216,2025-10-29 19:16:33,delivered,415,20.76,435.76,-31.509999999999994,287.95,69.3855421686747,127.05000000000001,30.614457831325304,invoice Annexure_708466_05112025_1762343073295.xlsx
220714541202436,2025-10-29 19:05:41,delivered,630,30.3,636.3060000009999,-31.509999999999994,434.97,69.04285714285714,195.02999999999997,30.957142857142856,invoice Annexure_708466_05112025_1762343073295.xlsx
220687954394617,2025-10-29 11:42:34,delivered,315,14.8,310.9,-31.509999999999994,178.73000000000002,56.73968253968255,136.26999999999998,43.26031746031745,invoice Annexure_708466_05112025_1762343073295.xlsx
220687093094522,2025-10-29 11:28:13,delivered,275,13.76,288.76,-31.509999999999994,162.47,59.08,112.53,40.92,invoice Annexure_708466_05112025_1762343073295.xlsx
220634988900195,2025-10-28 20:59:48,delivered,189,9.46,198.45999999999998,-31.509999999999994,113.97,60.301587301587304,75.03,39.698412698412696,invoice Annexure_708466_05112025_1762343073295.xlsx
220631677032417,2025-10-28 20:04:37,delivered,335,16.76,351.76,-31.509999999999994,226.37,67.57313432835821,108.63,32.42686567164179,invoice Annexure_708466_05112025_1762343073295.xlsx
220619642310410,2025-10-28 16:44:02,delivered,275,13.76,288.76,-31.509999999999994,162.47,59.08,112.53,40.92,invoice Annexure_708466_05112025_1762343073295.xlsx
220544101825427,2025-10-27 19:45:01,delivered,2395,119.76,2514.76,-31.509999999999994,1812.11,75.66221294363257,582.8900000000001,24.337787056367436,invoice Annexure_708466_05112025_1762343073295.xlsx
220534635587166,2025-10-27 17:07:15,delivered,1170,58.5,1228.5,-31.509999999999994,845.53,72.26752136752137,324.47,27.732478632478635,invoice Annexure_708466_05112025_1762343073295.xlsx
220532084341779,2025-10-27 16:24:44,delivered,210,9.88,207.28,-31.509999999999994,120.44,57.352380952380955,89.56,42.64761904761905,invoice Annexure_708466_05112025_1762343073295.xlsx
220526257754235,2025-10-27 14:47:37,delivered,275,12.92,271.41999999999996,-31.509999999999994,149.79000000000002,54.46909090909091,125.20999999999998,45.530909090909084,invoice Annexure_708466_05112025_1762343073295.xlsx
220456135677075,2025-10-26 19:18:55,delivered,345,17.26,362.26,-31.509999999999994,234.07,67.8463768115942,110.93,32.1536231884058,invoice Annexure_708466_05112025_1762343073295.xlsx
220451560944470,2025-10-26 18:02:40,delivered,335,16.76,351.76,-31.509999999999994,208.67000000000002,62.28955223880598,126.32999999999998,37.710447761194025,invoice Annexure_708466_05112025_1762343073295.xlsx
220451430449753,2025-10-26 18:00:30,delivered,315,15.76,330.76,-31.509999999999994,199.16,63.22539682539683,115.84,36.77460317460318,invoice Annexure_708466_05112025_1762343073295.xlsx
220447732845272,2025-10-26 16:58:52,delivered,415,19.56,410.57199999999995,-31.509999999999994,269.5,64.93975903614458,145.5,35.06024096385542,invoice Annexure_708466_05112025_1762343073295.xlsx
220436329037151,2025-10-26 13:48:49,delivered,295,14.76,309.76,-31.509999999999994,195.57000000000002,66.2949152542373,99.42999999999998,33.705084745762704,invoice Annexure_708466_05112025_1762343073295.xlsx
220427774378783,2025-10-26 11:26:14,delivered,399,18.76,393.82,-31.509999999999994,257.21000000000004,64.46365914786968,141.78999999999996,35.536340852130316,invoice Annexure_708466_05112025_1762343073295.xlsx
220374763322496,2025-10-25 20:42:43,delivered,609,30.46,639.46,-38.89130434782608,429.91869565217394,70.59420289855073,179.08130434782606,29.40579710144927,invoice Annexure_708466_29102025_1761730251405.xlsx
220374154077249,2025-10-25 20:32:34,delivered,415,20.76,435.76,-38.89130434782608,280.5686956521739,67.60691461498166,134.43130434782609,32.39308538501833,invoice Annexure_708466_29102025_1761730251405.xlsx
220360590436429,2025-10-25 16:46:30,delivered,745,37.26,782.26,-38.89130434782608,534.5986956521739,71.75821418149985,210.4013043478261,28.241785818500148,invoice Annexure_708466_29102025_1761730251405.xlsx
220358733136182,2025-10-25 16:15:33,delivered,475,22.56,473.55999999999995,-38.89130434782608,284.66869565217394,59.93025171624714,190.33130434782606,40.06974828375285,invoice Annexure_708466_29102025_1761730251405.xlsx
220288023686384,2025-10-24 20:37:03,delivered,825,41.26,866.26,-38.89130434782608,596.1886956521739,72.26529644268774,228.81130434782608,27.73470355731225,invoice Annexure_708466_29102025_1761730251405.xlsx
220287897898161,2025-10-24 20:34:57,delivered,395,19.76,414.76,-38.89130434782608,265.16869565217394,67.13131535498074,129.83130434782606,32.86868464501926,invoice Annexure_708466_29102025_1761730251405.xlsx
220284941977404,2025-10-24 19:45:41,delivered,305,14.34,301.04,-38.89130434782608,181.79869565217393,59.606129722024235,123.20130434782607,40.39387027797576,invoice Annexure_708466_29102025_1761730251405.xlsx
220271262904417,2025-10-24 15:57:42,delivered,525,25.06,526.06,-38.89130434782608,346.76869565217396,66.0511801242236,178.23130434782604,33.94881987577639,invoice Annexure_708466_29102025_1761730251405.xlsx
220206221927941,2025-10-23 21:53:41,delivered,624,31.2,655.2,-38.89130434782608,417.85869565217394,66.96453455964327,206.14130434782606,33.035465440356745,invoice Annexure_708466_29102025_1761730251405.xlsx
220185985032283,2025-10-23 16:16:25,delivered,225,11.26,236.26,-38.89130434782608,116.60869565217392,51.82608695652174,108.39130434782608,48.17391304347826,invoice Annexure_708466_29102025_1761730251405.xlsx
220170198196082,2025-10-23 11:53:18,delivered,530,25.3,531.3059999999999,-38.89130434782608,327.01869565217396,61.70164068908943,202.98130434782604,38.29835931091058,invoice Annexure_708466_29102025_1761730251405.xlsx
220115029926457,2025-10-22 20:33:49,delivered,499,23.76,498.76,-38.89130434782608,326.7486956521739,65.48070053149779,172.25130434782608,34.51929946850222,invoice Annexure_708466_29102025_1761730251405.xlsx
220093916597071,2025-10-22 14:41:56,delivered,455,21.56,452.5659999999999,-38.89130434782608,292.8886956521739,64.37114190157668,162.1113043478261,35.628858098423315,invoice Annexure_708466_29102025_1761730251405.xlsx
220026443608302,2025-10-21 19:57:23,delivered,515,25.76,540.76,-38.89130434782608,357.52869565217395,69.42304769945126,157.47130434782605,30.576952300548747,invoice Annexure_708466_29102025_1761730251405.xlsx
220025230910544,2025-10-21 19:37:10,delivered,725,35.06,736.06,-38.89130434782608,477.1386956521739,65.81223388305847,247.8613043478261,34.18776611694153,invoice Annexure_708466_29102025_1761730251405.xlsx
220015894052920,2025-10-21 17:01:34,delivered,994,48.5,1018.512,-38.89130434782608,684.2186956521739,68.83487883824687,309.7813043478261,31.165121161753127,invoice Annexure_708466_29102025_1761730251405.xlsx
220000470256716,2025-10-21 12:44:30,delivered,550,26.3,552.3,-38.89130434782608,342.41869565217394,62.257944664031626,207.58130434782606,37.74205533596838,invoice Annexure_708466_29102025_1761730251405.xlsx
219996606817060,2025-10-21 11:40:06,delivered,235,11.04,231.94000000000003,-38.89130434782608,113.44869565217392,48.276040703052736,121.55130434782608,51.723959296947264,invoice Annexure_708466_29102025_1761730251405.xlsx
219936319789218,2025-10-20 18:55:19,delivered,610,30.5,640.5,-38.89130434782608,430.66869565217394,70.60142551674983,179.33130434782606,29.398574483250172,invoice Annexure_708466_29102025_1761730251405.xlsx
219929225042049,2025-10-20 16:57:05,delivered,390,18.34,384.94000000000005,-38.89130434782608,243.31869565217391,62.38940914158305,146.68130434782609,37.61059085841694,invoice Annexure_708466_29102025_1761730251405.xlsx
219924460002029,2025-10-20 15:37:40,delivered,1708,85.4,1793.4,-38.89130434782608,1252.298695652174,73.31959576417881,455.70130434782595,26.680404235821193,invoice Annexure_708466_29102025_1761730251405.xlsx
219850255941083,2025-10-19 19:00:55,delivered,964,47.0,987.0,-38.89130434782608,684.6886956521739,71.02579830416742,279.3113043478261,28.97420169583258,invoice Annexure_708466_29102025_1761730251405.xlsx
219844762992881,2025-10-19 17:29:22,delivered,275,12.92,271.41999999999996,-38.89130434782608,160.10869565217394,58.221343873517796,114.89130434782606,41.778656126482204,invoice Annexure_708466_29102025_1761730251405.xlsx
219168960776462,2025-10-11 21:46:00,cancelled,515,24.56,515.56,-45.501612903225805,256.8683870967742,49.877356717820234,258.1316129032258,50.122643282179766,invoice Annexure_708466_15102025_1760533551904.xlsx
219167134223338,2025-10-11 21:15:34,delivered,120,6.0,126.0,-45.501612903225805,46.8683870967742,39.05698924731183,73.1316129032258,60.94301075268817,invoice Annexure_708466_15102025_1760533551904.xlsx
219160852390605,2025-10-11 19:30:52,delivered,225,10.58,222.07999999999998,-45.501612903225805,117.31838709677419,52.141505376344085,107.68161290322581,47.858494623655915,invoice Annexure_708466_15102025_1760533551904.xlsx
219157324036404,2025-10-11 18:32:04,delivered,499,23.76,498.76,-45.501612903225805,320.1383870967742,64.15598939815114,178.86161290322582,35.844010601848865,invoice Annexure_708466_15102025_1760533551904.xlsx
219156686670568,2025-10-11 18:21:26,delivered,550,26.3,552.3,-45.501612903225805,359.4083870967742,65.34697947214076,190.59161290322578,34.65302052785923,invoice Annexure_708466_15102025_1760533551904.xlsx
219156276757536,2025-10-11 18:14:36,delivered,760,36.8,772.8059999999999,-45.501612903225805,497.4683870967742,65.45636672325976,262.5316129032258,34.54363327674023,invoice Annexure_708466_15102025_1760533551904.xlsx
219153416158016,2025-10-11 17:26:56,delivered,895,44.76,939.76,-45.501612903225805,619.8583870967742,69.25792034600829,275.1416129032258,30.74207965399171,invoice Annexure_708466_15102025_1760533551904.xlsx
219149663057490,2025-10-11 16:24:23,delivered,399,19.96,418.96000000000004,-45.501612903225805,238.0483870967742,59.6612498989409,160.9516129032258,40.3387501010591,invoice Annexure_708466_15102025_1760533551904.xlsx
219080357237533,2025-10-10 21:09:17,delivered,640,30.8,646.8059999999999,-45.501612903225805,428.6883870967742,66.98256048387097,211.3116129032258,33.01743951612903,invoice Annexure_708466_15102025_1760533551904.xlsx
219078488732154,2025-10-10 20:38:08,delivered,475,22.56,473.55999999999995,-45.501612903225805,278.0583870967742,58.5386078098472,196.9416129032258,41.4613921901528,invoice Annexure_708466_15102025_1760533551904.xlsx
218988925582306,2025-10-09 19:45:25,delivered,360,16.92,355.31999999999994,-45.501612903225805,197.2983870967742,54.80510752688173,162.7016129032258,45.19489247311827,invoice Annexure_708466_15102025_1760533551904.xlsx
218965459258399,2025-10-09 13:14:19,delivered,295,13.86,291.16,-45.501612903225805,167.9683870967742,56.938436303991246,127.0316129032258,43.06156369600875,invoice Annexure_708466_15102025_1760533551904.xlsx
218895618907254,2025-10-08 17:50:18,delivered,1090,54.5,1144.5,-45.501612903225805,769.9783870967742,70.64021899970405,320.0216129032258,29.359781000295943,invoice Annexure_708466_15102025_1760533551904.xlsx
218894243351091,2025-10-08 17:27:23,delivered,275,13.76,288.76,-45.501612903225805,148.47838709677418,53.992140762463336,126.52161290322582,46.00785923753666,invoice Annexure_708466_15102025_1760533551904.xlsx
218890915096061,2025-10-08 16:31:55,delivered,810,39.3,825.3059999999999,-45.501612903225805,535.9383870967742,66.16523297491041,274.06161290322575,33.834767025089604,invoice Annexure_708466_15102025_1760533551904.xlsx
218887947167962,2025-10-08 15:42:27,delivered,295,13.86,291.16,-45.501612903225805,150.2683870967742,50.93843630399125,144.7316129032258,49.06156369600874,invoice Annexure_708466_15102025_1760533551904.xlsx
218817483723180,2025-10-07 20:08:03,delivered,275,13.76,288.76,-45.501612903225805,148.47838709677418,53.992140762463336,126.52161290322582,46.00785923753666,invoice Annexure_708466_15102025_1760533551904.xlsx
218814944869801,2025-10-07 19:25:44,delivered,275,12.92,271.41999999999996,-45.501612903225805,153.4983870967742,55.81759530791789,121.5016129032258,44.18240469208211,invoice Annexure_708466_15102025_1760533551904.xlsx
218799800324493,2025-10-07 15:13:20,delivered,325,15.28,320.78,-45.501612903225805,171.9583870967742,52.910272952853596,153.0416129032258,47.089727047146404,invoice Annexure_708466_15102025_1760533551904.xlsx
218728026901423,2025-10-06 19:17:06,delivered,355,17.76,372.76,-45.501612903225805,227.76838709677418,64.16010904134484,127.23161290322582,35.83989095865516,invoice Annexure_708466_15102025_1760533551904.xlsx
218709663963783,2025-10-06 14:11:03,delivered,275,12.92,271.41999999999996,-45.501612903225805,153.4983870967742,55.81759530791789,121.5016129032258,44.18240469208211,invoice Annexure_708466_15102025_1760533551904.xlsx
218704760790554,2025-10-06 12:49:20,delivered,275,12.92,271.41999999999996,-45.501612903225805,135.7983870967742,49.381231671554254,139.2016129032258,50.61876832844574,invoice Annexure_708466_15102025_1760533551904.xlsx
218644069303816,2025-10-05 19:57:49,delivered,365,17.16,360.26,-45.501612903225805,218.6083870967742,59.89270879363677,146.3916129032258,40.107291206363236,invoice Annexure_708466_15102025_1760533551904.xlsx
218639868995341,2025-10-05 18:47:48,delivered,450,21.3,447.29999999999995,-45.501612903225805,258.83838709677417,57.51964157706093,191.16161290322583,42.48035842293908,invoice Annexure_708466_15102025_1760533551904.xlsx
218636783947974,2025-10-05 17:56:23,delivered,525,25.06,526.06,-45.501612903225805,316.5583870967742,60.2968356374808,208.4416129032258,39.7031643625192,invoice Annexure_708466_15102025_1760533551904.xlsx
218634967800628,2025-10-05 17:26:07,delivered,1169,57.26,1202.2720000020001,-45.501612903225805,812.3183870967742,69.48831369519027,356.68161290322575,30.511686304809732,invoice Annexure_708466_15102025_1760533551904.xlsx
218626996480930,2025-10-05 15:13:16,delivered,225,10.58,222.07999999999998,-45.501612903225805,117.31838709677419,52.141505376344085,107.68161290322581,47.858494623655915,invoice Annexure_708466_15102025_1760533551904.xlsx
218619662714694,2025-10-05 13:11:02,delivered,895,44.76,939.76,-45.501612903225805,643.4583870967742,71.89479185438819,251.54161290322577,28.105208145611815,invoice Annexure_708466_15102025_1760533551904.xlsx
218616022434127,2025-10-05 12:10:22,delivered,275,13.76,288.76,-45.501612903225805,166.1783870967742,60.42850439882699,108.8216129032258,39.57149560117302,invoice Annexure_708466_15102025_1760533551904.xlsx
218613143787370,2025-10-05 11:22:23,delivered,275,12.92,271.41999999999996,-45.501612903225805,135.7983870967742,49.381231671554254,139.2016129032258,50.61876832844574,invoice Annexure_708466_15102025_1760533551904.xlsx
218612529202673,2025-10-05 11:12:09,delivered,385,19.26,404.26,-45.501612903225805,227.26838709677418,59.03074989526602,157.73161290322582,40.96925010473398,invoice Annexure_708466_15102025_1760533551904.xlsx
218555326453839,2025-10-04 19:18:46,delivered,1500,75.0,1575.0,-26.509444444444444,1104.5505555555555,73.6367037037037,395.44944444444445,26.363296296296294,invoice Annexure_708466_08102025_1759916615179.xlsx
218554378893811,2025-10-04 19:02:58,delivered,900,45.0,945.0,-26.509444444444444,666.2805555555556,74.03117283950618,233.71944444444443,25.968827160493824,invoice Annexure_708466_08102025_1759916615179.xlsx
218553427915628,2025-10-04 18:47:07,delivered,685,34.26,719.26,-26.509444444444444,477.2005555555555,69.66431467964314,207.79944444444448,30.33568532035686,invoice Annexure_708466_08102025_1759916615179.xlsx
218544859168536,2025-10-04 16:24:19,delivered,375,18.76,393.76,-26.509444444444444,244.46055555555557,65.18948148148148,130.53944444444443,34.81051851851851,invoice Annexure_708466_08102025_1759916615179.xlsx
218544329789209,2025-10-04 16:15:29,delivered,275,13.76,288.76,-26.509444444444444,185.17055555555555,67.33474747474747,89.82944444444445,32.66525252525253,invoice Annexure_708466_08102025_1759916615179.xlsx
218466744267869,2025-10-03 18:42:24,delivered,2570,128.5,2698.5,-26.509444444444444,1928.2405555555556,75.02881539126676,641.7594444444444,24.971184608733246,invoice Annexure_708466_08102025_1759916615179.xlsx
218466002715717,2025-10-03 18:30:02,delivered,550,26.3,552.3,-26.509444444444444,378.40055555555557,68.80010101010102,171.59944444444443,31.19989898989899,invoice Annexure_708466_08102025_1759916615179.xlsx
218449509551342,2025-10-03 13:55:09,delivered,1030,50.3,1056.3000000000002,-26.509444444444444,747.8905555555556,72.61073354908306,282.1094444444444,27.38926645091693,invoice Annexure_708466_08102025_1759916615179.xlsx
218386086350241,2025-10-02 20:18:06,delivered,275,13.76,288.76,-26.509444444444444,167.47055555555553,60.89838383838383,107.52944444444447,39.10161616161617,invoice Annexure_708466_08102025_1759916615179.xlsx
218379201700229,2025-10-02 18:23:21,delivered,285,14.26,299.26,-26.509444444444444,192.89055555555555,67.68089668615984,92.10944444444445,32.31910331384016,invoice Annexure_708466_08102025_1759916615179.xlsx
218367855730111,2025-10-02 15:14:15,delivered,275,12.92,271.41999999999996,-26.509444444444444,154.79055555555556,56.287474747474754,120.20944444444444,43.71252525252525,invoice Annexure_708466_08102025_1759916615179.xlsx
218298956665283,2025-10-01 20:05:56,delivered,605,30.26,635.26,-26.509444444444444,439.23055555555555,72.60009182736455,165.76944444444445,27.399908172635445,invoice Annexure_708466_08102025_1759916615179.xlsx
218297238561991,2025-10-01 19:37:18,delivered,179,8.96,187.95999999999998,-26.509444444444444,111.28055555555555,62.16790813159528,67.71944444444445,37.832091868404724,invoice Annexure_708466_08102025_1759916615179.xlsx
218292482803279,2025-10-01 18:18:02,delivered,255,11.98,251.68,-26.509444444444444,140.30055555555555,55.019825708061,114.69944444444445,44.980174291939,invoice Annexure_708466_08102025_1759916615179.xlsx
218287496664187,2025-10-01 16:54:56,delivered,335,16.76,351.76,-26.509444444444444,213.67055555555555,63.78225538971808,121.32944444444445,36.217744610281926,invoice Annexure_708466_08102025_1759916615179.xlsx
218281669368552,2025-10-01 15:17:49,delivered,755,36.56,767.56,-26.509444444444444,512.6105555555556,67.8954378219279,242.3894444444444,32.10456217807211,invoice Annexure_708466_08102025_1759916615179.xlsx
218281177154180,2025-10-01 15:09:37,delivered,235,11.76,246.76,-26.509444444444444,136.68055555555554,58.16193853427896,98.31944444444446,41.83806146572104,invoice Annexure_708466_08102025_1759916615179.xlsx
218269757241959,2025-10-01 11:59:17,delivered,1240,62.0,1302.0,-26.509444444444444,904.4205555555556,72.93714157706093,335.57944444444445,27.06285842293907,invoice Annexure_708466_08102025_1759916615179.xlsx
218214413606568,2025-09-30 20:36:53,delivered,165,8.26,173.26,-22.24277777777778,87.07722222222222,52.77407407407407,77.92277777777778,47.22592592592593,invoice Annexure_708466_04102025_1759518012195.xlsx
218211587265907,2025-09-30 19:49:47,cancelled,275,12.92,271.41999999999996,-22.24277777777778,176.74722222222223,64.27171717171719,98.25277777777777,35.72828282828283,invoice Annexure_708466_04102025_1759518012195.xlsx
218210751719136,2025-09-30 19:35:51,delivered,798,39.9,837.9000000000001,-22.24277777777778,592.0472222222222,74.19138123085492,205.95277777777778,25.808618769145085,invoice Annexure_708466_04102025_1759518012195.xlsx
218196482544906,2025-09-30 15:38:02,delivered,265,13.26,278.26,-22.24277777777778,181.75722222222223,68.58763102725366,83.24277777777777,31.41236897274633,invoice Annexure_708466_04102025_1759518012195.xlsx
218194770392396,2025-09-30 15:09:30,delivered,325,15.28,320.78,-22.24277777777778,195.21722222222223,60.06683760683761,129.78277777777777,39.93316239316239,invoice Annexure_708466_04102025_1759518012195.xlsx
218187063334316,2025-09-30 13:01:03,delivered,504,24.0,504.006000001,-22.24277777777778,347.2572222222222,68.90024250440916,156.7427777777778,31.099757495590836,invoice Annexure_708466_04102025_1759518012195.xlsx
218129593791127,2025-09-29 21:03:13,delivered,714,35.7,749.7,-22.24277777777778,527.3872222222222,73.86375661375662,186.61277777777775,26.136243386243386,invoice Annexure_708466_04102025_1759518012195.xlsx
218127651197677,2025-09-29 20:30:51,delivered,859,41.76,876.766000001,-22.24277777777778,620.5272222222222,72.23832621911784,238.47277777777776,27.761673780882163,invoice Annexure_708466_04102025_1759518012195.xlsx
218120131410232,2025-09-29 18:25:31,delivered,535,26.76,561.76,-22.24277777777778,365.9772222222222,68.40695742471443,169.02277777777778,31.59304257528557,invoice Annexure_708466_04102025_1759518012195.xlsx
218120017669792,2025-09-29 18:23:37,delivered,499,23.76,498.76,-22.24277777777778,343.3972222222222,68.81707860164774,155.60277777777782,31.18292139835227,invoice Annexure_708466_04102025_1759518012195.xlsx
218098451505012,2025-09-29 12:24:11,delivered,265,12.46,261.56,-22.24277777777778,169.51722222222222,63.96876310272537,95.48277777777778,36.03123689727464,invoice Annexure_708466_04102025_1759518012195.xlsx
218039448756494,2025-09-28 20:00:48,delivered,850,41.3,867.3059999999999,-22.24277777777778,613.5872222222223,72.1867320261438,236.4127777777777,27.8132679738562,invoice Annexure_708466_04102025_1759518012195.xlsx
218037896781691,2025-09-28 19:34:56,delivered,365,18.26,383.26,-22.24277777777778,241.0372222222222,66.03759512937594,123.9627777777778,33.962404870624056,invoice Annexure_708466_04102025_1759518012195.xlsx
218035876057888,2025-09-28 19:01:16,delivered,730,36.5,766.5,-22.24277777777778,516.1072222222223,70.6996194824962,213.89277777777772,29.3003805175038,invoice Annexure_708466_04102025_1759518012195.xlsx
218032704345593,2025-09-28 18:08:24,delivered,624,31.2,655.2,-22.24277777777778,434.5072222222222,69.63256766381765,189.4927777777778,30.367432336182343,invoice Annexure_708466_04102025_1759518012195.xlsx
218029873819318,2025-09-28 17:21:13,delivered,800,38.8,814.8,-22.24277777777778,551.5172222222222,68.93965277777778,248.48277777777776,31.06034722222222,invoice Annexure_708466_04102025_1759518012195.xlsx
218012524571269,2025-09-28 12:32:04,delivered,500,23.8,499.79999999999995,-22.24277777777778,320.5672222222222,64.11344444444444,179.4327777777778,35.88655555555556,invoice Annexure_708466_04102025_1759518012195.xlsx
218010772092384,2025-09-28 12:02:52,delivered,515,25.76,540.76,-22.24277777777778,374.1772222222222,72.65577130528587,140.8227777777778,27.344228694714133,invoice Annexure_708466_04102025_1759518012195.xlsx
217952827284727,2025-09-27 19:57:07,delivered,670,32.3,678.3,-45.65157894736843,451.61842105263156,67.40573448546739,218.38157894736844,32.59426551453261,invoice Annexure_708466_01102025_1759319383920.xlsx
217944268521132,2025-09-27 17:34:28,delivered,565,27.06,568.06,-45.65157894736843,370.79842105263157,65.62803912435957,194.20157894736843,34.371960875640426,invoice Annexure_708466_01102025_1759319383920.xlsx
217939384772904,2025-09-27 16:13:04,delivered,690,34.5,724.5,-45.65157894736843,485.48842105263157,70.36064073226544,204.51157894736843,29.639359267734555,invoice Annexure_708466_01102025_1759319383920.xlsx
217938988273189,2025-09-27 16:06:28,delivered,944,47.2,991.2,-45.65157894736843,657.4184210526316,69.6417818911686,286.58157894736837,30.358218108831398,invoice Annexure_708466_01102025_1759319383920.xlsx
217928645843022,2025-09-27 13:14:05,delivered,500,25.0,525.0,-45.65157894736843,339.23842105263157,67.84768421052631,160.76157894736843,32.15231578947368,invoice Annexure_708466_01102025_1759319383920.xlsx
217868991041838,2025-09-26 20:39:51,delivered,275,13.76,288.76,-45.65157894736843,166.0284210526316,60.373971291866035,108.97157894736841,39.62602870813397,invoice Annexure_708466_01102025_1759319383920.xlsx
217865745536691,2025-09-26 19:45:45,delivered,235,11.04,231.94000000000003,-45.65157894736843,124.38842105263157,52.931243001119824,110.61157894736843,47.06875699888018,invoice Annexure_708466_01102025_1759319383920.xlsx
217781684554347,2025-09-25 20:24:44,delivered,210,10.5,220.5,-45.65157894736843,116.00842105263158,55.242105263157896,93.99157894736842,44.757894736842104,invoice Annexure_708466_01102025_1759319383920.xlsx
217749777884723,2025-09-25 11:32:57,delivered,275,12.92,271.41999999999996,-45.65157894736843,153.34842105263158,55.76306220095694,121.65157894736842,44.23693779904306,invoice Annexure_708466_01102025_1759319383920.xlsx
217669136461727,2025-09-24 13:08:56,delivered,275,13.76,288.76,-45.65157894736843,166.0284210526316,60.373971291866035,108.97157894736841,39.62602870813397,invoice Annexure_708466_01102025_1759319383920.xlsx
217603581920420,2025-09-23 18:56:21,delivered,515,25.76,540.76,-45.65157894736843,350.7684210526316,68.11037301992846,164.2315789473684,31.889626980071533,invoice Annexure_708466_01102025_1759319383920.xlsx
217583595805004,2025-09-23 13:23:15,delivered,335,15.74,330.64,-45.65157894736843,196.75842105263158,58.733857030636294,138.24157894736842,41.266142969363706,invoice Annexure_708466_01102025_1759319383920.xlsx
217522091021058,2025-09-22 20:18:11,delivered,340,17.0,357.0,-45.65157894736843,198.35842105263157,58.340712074303404,141.64157894736843,41.659287925696596,invoice Annexure_708466_01102025_1759319383920.xlsx
217519650206079,2025-09-22 19:37:30,delivered,565,28.26,593.26,-45.65157894736843,365.6984210526316,64.72538425710293,199.3015789473684,35.27461574289706,invoice Annexure_708466_01102025_1759319383920.xlsx
217518276907164,2025-09-22 19:14:36,delivered,275,13.76,288.76,-45.65157894736843,166.0284210526316,60.373971291866035,108.97157894736841,39.62602870813397,invoice Annexure_708466_01102025_1759319383920.xlsx
217435355201833,2025-09-21 20:12:35,delivered,545,26.06,547.06,-45.65157894736843,355.4084210526316,65.21255432158377,189.59157894736842,34.787445678416226,invoice Annexure_708466_01102025_1759319383920.xlsx
217435076218906,2025-09-21 20:07:56,delivered,1254,62.7,1316.6999999999998,-45.65157894736843,896.0484210526316,71.45521698984302,357.9515789473684,28.544783010156966,invoice Annexure_708466_01102025_1759319383920.xlsx
217410287483462,2025-09-21 13:14:47,delivered,545,26.06,547.06,-45.65157894736843,355.4084210526316,65.21255432158377,189.59157894736842,34.787445678416226,invoice Annexure_708466_01102025_1759319383920.xlsx
217403488340978,2025-09-21 11:21:28,delivered,225,10.58,222.07999999999998,-45.65157894736843,117.16842105263157,52.07485380116958,107.83157894736843,47.92514619883042,invoice Annexure_708466_01102025_1759319383920.xlsx
217354377093210,2025-09-20 21:42:57,delivered,275,13.76,288.76,-36.76166666666667,174.91833333333335,63.606666666666676,100.08166666666665,36.39333333333333,invoice Annexure_708466_24092025_1758710925345.xlsx
217345589630237,2025-09-20 19:16:29,delivered,275,13.76,288.76,-36.76166666666667,157.2183333333333,57.17030303030302,117.7816666666667,42.829696969696975,invoice Annexure_708466_24092025_1758710925345.xlsx
217333582091661,2025-09-20 15:56:22,delivered,399,18.76,393.82,-36.76166666666667,228.35833333333335,57.23266499582289,170.64166666666665,42.767335004177106,invoice Annexure_708466_24092025_1758710925345.xlsx
217265814650341,2025-09-19 21:06:54,delivered,215,10.76,225.76,-36.76166666666667,128.73833333333334,59.87829457364342,86.26166666666666,40.121705426356584,invoice Annexure_708466_24092025_1758710925345.xlsx
217262400316438,2025-09-19 20:10:00,delivered,725,35.06,736.06,-36.76166666666667,479.2683333333333,66.10597701149426,245.73166666666668,33.89402298850575,invoice Annexure_708466_24092025_1758710925345.xlsx
217259704605008,2025-09-19 19:25:04,delivered,415,19.56,410.5659999999999,-36.76166666666667,264.24833333333333,63.67429718875503,150.75166666666667,36.32570281124498,invoice Annexure_708466_24092025_1758710925345.xlsx
217252692687297,2025-09-19 17:28:12,delivered,495,24.76,519.76,-36.76166666666667,344.2683333333333,69.54915824915825,150.73166666666668,30.450841750841757,invoice Annexure_708466_24092025_1758710925345.xlsx
217173234847670,2025-09-18 19:23:54,delivered,325,16.26,341.26,-36.76166666666667,213.42833333333334,65.67025641025641,111.57166666666666,34.329743589743586,invoice Annexure_708466_24092025_1758710925345.xlsx
217172423355281,2025-09-18 19:10:23,delivered,335,16.76,351.76,-36.76166666666667,221.11833333333334,66.00547263681592,113.88166666666666,33.994527363184076,invoice Annexure_708466_24092025_1758710925345.xlsx
217172120949379,2025-09-18 19:05:20,delivered,669,33.46,702.46,-36.76166666666667,454.62833333333333,67.95640259093175,214.37166666666667,32.04359740906826,invoice Annexure_708466_24092025_1758710925345.xlsx
217160153740002,2025-09-18 15:45:53,delivered,709,35.46,744.46,-36.76166666666667,509.0183333333333,71.79384109073813,199.98166666666668,28.206158909261873,invoice Annexure_708466_24092025_1758710925345.xlsx
217155181992934,2025-09-18 14:23:01,delivered,499,23.76,498.76,-36.76166666666667,328.87833333333333,65.90748162992652,170.12166666666667,34.092518370073485,invoice Annexure_708466_24092025_1758710925345.xlsx
217093977511626,2025-09-17 21:22:57,delivered,335,16.76,351.76,-36.76166666666667,221.11833333333334,66.00547263681592,113.88166666666666,33.994527363184076,invoice Annexure_708466_24092025_1758710925345.xlsx
217091256991877,2025-09-17 20:37:36,delivered,305,15.26,320.26,-36.76166666666667,198.0283333333333,64.92732240437158,106.97166666666669,35.07267759562843,invoice Annexure_708466_24092025_1758710925345.xlsx
217087355345692,2025-09-17 19:32:35,delivered,185,9.26,194.26,-36.76166666666667,105.64833333333333,57.1072072072072,79.35166666666667,42.8927927927928,invoice Annexure_708466_24092025_1758710925345.xlsx
217066036428539,2025-09-17 13:37:16,delivered,275,12.92,271.41999999999996,-36.76166666666667,144.53833333333336,52.55939393939395,130.46166666666664,47.44060606060606,invoice Annexure_708466_24092025_1758710925345.xlsx
217005959098638,2025-09-16 20:55:59,delivered,165,8.26,173.26,-36.76166666666667,90.25833333333333,54.70202020202019,74.74166666666667,45.29797979797981,invoice Annexure_708466_24092025_1758710925345.xlsx
217003133753622,2025-09-16 20:08:53,delivered,725,36.26,761.26,-36.76166666666667,497.73833333333334,68.6535632183908,227.26166666666666,31.346436781609192,invoice Annexure_708466_24092025_1758710925345.xlsx
217000954590326,2025-09-16 19:32:34,delivered,295,13.86,291.16,-36.76166666666667,176.70833333333331,59.901129943502816,118.29166666666669,40.098870056497184,invoice Annexure_708466_24092025_1758710925345.xlsx
216991166104048,2025-09-16 16:49:26,delivered,375,17.62,370.12,-36.76166666666667,216.88833333333332,57.83688888888888,158.11166666666668,42.163111111111114,invoice Annexure_708466_24092025_1758710925345.xlsx
216972566955490,2025-09-16 11:39:26,delivered,725,36.26,761.26,-36.76166666666667,497.73833333333334,68.6535632183908,227.26166666666666,31.346436781609192,invoice Annexure_708466_24092025_1758710925345.xlsx
216921824732730,2025-09-15 21:33:44,delivered,474,22.5,472.506,-36.76166666666667,309.65833333333336,65.32876230661041,164.34166666666664,34.671237693389585,invoice Annexure_708466_24092025_1758710925345.xlsx
216920617679121,2025-09-15 21:13:37,delivered,794,38.5,808.506,-36.76166666666667,555.9783333333334,70.02246011754828,238.02166666666665,29.97753988245172,invoice Annexure_708466_24092025_1758710925345.xlsx
216911344273015,2025-09-15 18:39:04,delivered,944,46.0,966.012000001,-36.76166666666667,647.8383333333334,68.62694209039549,296.16166666666663,31.37305790960452,invoice Annexure_708466_24092025_1758710925345.xlsx
216906578857690,2025-09-15 17:19:38,delivered,295,13.86,291.16,-36.76166666666667,176.70833333333331,59.901129943502816,118.29166666666669,40.098870056497184,invoice Annexure_708466_24092025_1758710925345.xlsx
216898468489415,2025-09-15 15:04:28,delivered,335,15.74,330.64,-36.76166666666667,205.6483333333333,61.38756218905472,129.3516666666667,38.61243781094528,invoice Annexure_708466_24092025_1758710925345.xlsx
216823924036094,2025-09-14 18:22:04,delivered,265,12.46,261.56,-36.76166666666667,154.99833333333333,58.48993710691824,110.00166666666667,41.51006289308176,invoice Annexure_708466_24092025_1758710925345.xlsx
216815554685043,2025-09-14 16:02:34,delivered,275,13.76,288.76,-36.76166666666667,174.91833333333335,63.606666666666676,100.08166666666665,36.39333333333333,invoice Annexure_708466_24092025_1758710925345.xlsx
216806085220605,2025-09-14 13:24:45,delivered,385,19.26,404.26,-36.76166666666667,259.60833333333335,67.43073593073593,125.39166666666665,32.569264069264065,invoice Annexure_708466_24092025_1758710925345.xlsx
216799322056676,2025-09-14 11:32:02,delivered,1895,94.76,1989.7600000000002,-36.76166666666667,1398.3783333333333,73.79305189094107,496.62166666666667,26.206948109058924,invoice Annexure_708466_24092025_1758710925345.xlsx
216737749659689,2025-09-13 18:25:49,delivered,570,28.5,598.5,-48.284642857142856,390.48535714285714,68.50620300751879,179.51464285714286,31.493796992481204,invoice Annexure_708466_17092025_1758098699212.xlsx
216728738166984,2025-09-13 15:55:38,delivered,275,13.76,288.76,-48.284642857142856,145.69535714285712,52.980129870129865,129.30464285714288,47.01987012987014,invoice Annexure_708466_17092025_1758098699212.xlsx
216726655998477,2025-09-13 15:20:55,delivered,655,32.76,687.76,-48.284642857142856,455.91535714285715,69.60539803707742,199.08464285714285,30.394601962922575,invoice Annexure_708466_17092025_1758098699212.xlsx
216722072862768,2025-09-13 14:04:32,delivered,275,13.76,288.76,-48.284642857142856,163.39535714285716,59.41649350649352,111.60464285714284,40.58350649350649,invoice Annexure_708466_17092025_1758098699212.xlsx
216715827246303,2025-09-13 12:20:27,delivered,295,14.76,309.76,-48.284642857142856,178.79535714285714,60.60859564164649,116.20464285714286,39.39140435835351,invoice Annexure_708466_17092025_1758098699212.xlsx
216658320982175,2025-09-12 20:22:00,delivered,325,16.26,341.26,-48.284642857142856,184.20535714285717,56.67857142857143,140.79464285714283,43.32142857142857,invoice Annexure_708466_17092025_1758098699212.xlsx
216645677918079,2025-09-12 16:51:17,delivered,599,28.76,603.76,-48.284642857142856,370.72535714285715,61.8907107083234,228.27464285714285,38.1092892916766,invoice Annexure_708466_17092025_1758098699212.xlsx
216634791435693,2025-09-12 13:49:51,delivered,335,16.76,351.76,-48.284642857142856,191.89535714285716,57.282196162046915,143.10464285714284,42.717803837953085,invoice Annexure_708466_17092025_1758098699212.xlsx
216632604071849,2025-09-12 13:13:24,delivered,380,19.0,399.0,-48.284642857142856,226.51535714285717,59.609304511278204,153.48464285714283,40.390695488721796,invoice Annexure_708466_17092025_1758098699212.xlsx
216567363690443,2025-09-11 19:06:03,delivered,499,23.76,498.76,-48.284642857142856,317.35535714285714,63.59826796450043,181.64464285714286,36.40173203549957,invoice Annexure_708466_17092025_1758098699212.xlsx
216562222252302,2025-09-11 17:40:22,delivered,275,13.76,288.76,-48.284642857142856,145.69535714285712,52.980129870129865,129.30464285714288,47.01987012987014,invoice Annexure_708466_17092025_1758098699212.xlsx
216558711922179,2025-09-11 16:41:51,cancelled,295,14.76,309.76,-48.284642857142856,178.79535714285714,60.60859564164649,116.20464285714286,39.39140435835351,invoice Annexure_708466_17092025_1758098699212.xlsx
216480282128620,2025-09-10 18:54:42,delivered,355,16.68,350.37999999999994,-48.284642857142856,208.58535714285716,58.75643863179075,146.41464285714284,41.24356136820925,invoice Annexure_708466_17092025_1758098699212.xlsx
216454666880818,2025-09-10 11:47:46,delivered,404,20.2,424.20000000000005,-48.284642857142856,239.11535714285714,59.186969589816115,164.88464285714286,40.81303041018388,invoice Annexure_708466_17092025_1758098699212.xlsx
216403354577036,2025-09-09 21:32:34,delivered,185,8.7,182.6,-48.284642857142856,85.57535714285716,46.25694980694981,99.42464285714284,53.74305019305019,invoice Annexure_708466_17092025_1758098699212.xlsx
216402251125897,2025-09-09 21:14:11,delivered,620,31.0,651.0,-48.284642857142856,428.97535714285715,69.18957373271888,191.02464285714285,30.810426267281105,invoice Annexure_708466_17092025_1758098699212.xlsx
216397598132178,2025-09-09 19:56:38,delivered,590,28.3,594.3,-48.284642857142856,387.41535714285715,65.66361985472156,202.58464285714285,34.33638014527845,invoice Annexure_708466_17092025_1758098699212.xlsx
216396822495490,2025-09-09 19:43:42,delivered,1920,94.8,1990.8060000000003,-48.284642857142856,1411.235357142857,73.50184151785713,508.7646428571429,26.49815848214286,invoice Annexure_708466_17092025_1758098699212.xlsx
216373061682512,2025-09-09 13:07:41,delivered,739,35.76,750.772000001,-48.284642857142856,502.10535714285714,67.94389135897931,236.89464285714286,32.056108641020685,invoice Annexure_708466_17092025_1758098699212.xlsx
216317823308624,2025-09-08 21:47:03,delivered,425,21.26,446.26,-48.284642857142856,278.8853571428572,65.62008403361345,146.11464285714283,34.37991596638655,invoice Annexure_708466_17092025_1758098699212.xlsx
216308921419075,2025-09-08 19:18:41,delivered,275,13.76,288.76,-48.284642857142856,163.39535714285716,59.41649350649352,111.60464285714284,40.58350649350649,invoice Annexure_708466_17092025_1758098699212.xlsx
216287669383711,2025-09-08 13:24:29,delivered,275,13.76,288.76,-48.284642857142856,163.39535714285716,59.41649350649352,111.60464285714284,40.58350649350649,invoice Annexure_708466_17092025_1758098699212.xlsx
216285089724939,2025-09-08 12:41:29,delivered,225,10.58,222.07999999999998,-48.284642857142856,114.53535714285714,50.90460317460317,110.46464285714286,49.095396825396826,invoice Annexure_708466_17092025_1758098699212.xlsx
216226365365757,2025-09-07 20:22:45,delivered,500,25.0,525.0,-48.284642857142856,336.60535714285714,67.32107142857143,163.39464285714286,32.67892857142857,invoice Annexure_708466_17092025_1758098699212.xlsx
216225725208738,2025-09-07 20:12:05,delivered,670,33.5,703.5,-48.284642857142856,443.85535714285714,66.24706823027718,226.14464285714286,33.752931769722814,invoice Annexure_708466_17092025_1758098699212.xlsx
216219041769806,2025-09-07 18:20:41,delivered,425,21.26,446.26,-48.284642857142856,278.8853571428572,65.62008403361345,146.11464285714283,34.37991596638655,invoice Annexure_708466_17092025_1758098699212.xlsx
216195829190994,2025-09-07 11:53:49,delivered,1090,54.5,1144.5,-48.284642857142856,767.1953571428571,70.38489515072084,322.8046428571429,29.615104849279163,invoice Annexure_708466_17092025_1758098699212.xlsx
216136474300587,2025-09-06 19:24:34,delivered,2045,101.06,2122.072,-30.72363636363636,1525.0163636363636,74.5729273171816,519.9836363636364,25.4270726828184,invoice Annexure_708466_10092025_1757496734221.xlsx
216136203432239,2025-09-06 19:20:03,delivered,499,23.76,498.76,-30.72363636363636,334.9163636363636,67.11750774275824,164.0836363636364,32.882492257241765,invoice Annexure_708466_10092025_1757496734221.xlsx
216132948585843,2025-09-06 18:25:48,delivered,1249,62.46,1311.46,-30.72363636363636,907.1463636363636,72.62981294126209,341.8536363636364,27.370187058737898,invoice Annexure_708466_10092025_1757496734221.xlsx
216130815669723,2025-09-06 17:50:15,delivered,905,44.06,925.0659999999999,-30.72363636363636,647.4463636363636,71.54103465595178,257.55363636363643,28.458965344048227,invoice Annexure_708466_10092025_1757496734221.xlsx
216126659167341,2025-09-06 16:40:59,delivered,685,34.26,719.26,-48.284642857142856,455.42535714285714,66.4854535974974,229.57464285714286,33.51454640250261,invoice Annexure_708466_17092025_1758098699212.xlsx
216123214896400,2025-09-06 15:43:34,delivered,395,19.76,414.76,-30.72363636363636,273.33636363636367,69.19907940161106,121.66363636363633,30.80092059838894,invoice Annexure_708466_10092025_1757496734221.xlsx
216110419743351,2025-09-06 12:10:19,delivered,275,12.92,271.41999999999996,-30.72363636363636,150.57636363636365,54.75504132231406,124.42363636363635,45.24495867768594,invoice Annexure_708466_10092025_1757496734221.xlsx
216054445866393,2025-09-05 20:37:25,delivered,650,31.3,657.3,-30.72363636363636,451.1563636363636,69.40867132867132,198.8436363636364,30.591328671328675,invoice Annexure_708466_10092025_1757496734221.xlsx
216048850917609,2025-09-05 19:04:10,delivered,1758,86.7,1820.7180000009998,-30.72363636363636,1304.0963636363635,74.18068052539041,453.90363636363645,25.819319474609582,invoice Annexure_708466_10092025_1757496734221.xlsx
216044998857173,2025-09-05 17:59:58,delivered,275,13.76,288.76,-30.72363636363636,180.95636363636365,65.80231404958678,94.04363636363635,34.197685950413224,invoice Annexure_708466_10092025_1757496734221.xlsx
216044992941217,2025-09-05 17:59:52,delivered,1480,74.0,1554.0,-30.72363636363636,1108.5463636363636,74.90178132678132,371.4536363636364,25.098218673218675,invoice Annexure_708466_10092025_1757496734221.xlsx
216043487453939,2025-09-05 17:34:47,delivered,315,15.76,330.76,-30.72363636363636,211.74636363636364,67.22106782106782,103.25363636363636,32.77893217893218,invoice Annexure_708466_10092025_1757496734221.xlsx
216042173738800,2025-09-05 17:12:53,delivered,235,11.76,246.76,-30.72363636363636,150.16636363636363,63.90058027079303,84.83363636363637,36.099419729206964,invoice Annexure_708466_10092025_1757496734221.xlsx
215964675591475,2025-09-04 19:41:15,delivered,480,24.0,504.0,-30.72363636363636,338.7763636363636,70.57840909090909,141.2236363636364,29.421590909090916,invoice Annexure_708466_10092025_1757496734221.xlsx
215963748412488,2025-09-04 19:25:48,delivered,315,14.8,310.9,-30.72363636363636,197.21636363636364,62.60836940836941,117.78363636363636,37.391630591630594,invoice Annexure_708466_10092025_1757496734221.xlsx
215960642548088,2025-09-04 18:34:02,delivered,445,21.06,442.0659999999999,-30.72363636363636,293.36636363636364,65.9250255362615,151.63363636363636,34.074974463738506,invoice Annexure_708466_10092025_1757496734221.xlsx
215959762804737,2025-09-04 18:19:22,delivered,1220,61.0,1281.0,-30.72363636363636,908.4063636363636,74.45953800298062,311.5936363636364,25.540461997019374,invoice Annexure_708466_10092025_1757496734221.xlsx
215959273842082,2025-09-04 18:11:13,delivered,275,12.92,271.41999999999996,-30.72363636363636,150.57636363636365,54.75504132231406,124.42363636363635,45.24495867768594,invoice Annexure_708466_10092025_1757496734221.xlsx
215958603558675,2025-09-04 18:00:03,delivered,275,12.92,271.41999999999996,-30.72363636363636,168.27636363636364,61.19140495867769,106.72363636363636,38.80859504132231,invoice Annexure_708466_10092025_1757496734221.xlsx
215958518566400,2025-09-04 17:58:38,delivered,235,11.76,246.76,-30.72363636363636,150.16636363636363,63.90058027079303,84.83363636363637,36.099419729206964,invoice Annexure_708466_10092025_1757496734221.xlsx
215955428345441,2025-09-04 17:07:08,delivered,575,28.76,603.76,-30.72363636363636,411.8863636363636,71.63241106719367,163.11363636363637,28.367588932806324,invoice Annexure_708466_10092025_1757496734221.xlsx
215954235235438,2025-09-04 16:47:15,delivered,395,19.76,414.76,-30.72363636363636,273.33636363636367,69.19907940161106,121.66363636363633,30.80092059838894,invoice Annexure_708466_10092025_1757496734221.xlsx
215882355573480,2025-09-03 20:49:15,delivered,189,8.88,186.54,-30.72363636363636,88.34636363636363,46.744107744107744,100.65363636363637,53.255892255892256,invoice Annexure_708466_10092025_1757496734221.xlsx
215878201566565,2025-09-03 19:40:01,delivered,405,19.06,400.05999999999995,-30.72363636363636,262.5663636363637,64.83120089786757,142.4336363636363,35.16879910213242,invoice Annexure_708466_10092025_1757496734221.xlsx
215877574265452,2025-09-03 19:29:34,delivered,275,12.92,271.41999999999996,-30.72363636363636,168.27636363636364,61.19140495867769,106.72363636363636,38.80859504132231,invoice Annexure_708466_10092025_1757496734221.xlsx
215870700571547,2025-09-03 17:35:00,delivered,1254,61.5,1291.506,-30.72363636363636,892.5063636363636,71.1727562708424,361.49363636363637,28.827243729157605,invoice Annexure_708466_10092025_1757496734221.xlsx
215867099727371,2025-09-03 16:34:59,delivered,499,23.76,498.76,-30.72363636363636,334.9163636363636,67.11750774275824,164.0836363636364,32.882492257241765,invoice Annexure_708466_10092025_1757496734221.xlsx
215797083340349,2025-09-02 21:08:03,delivered,514,25.7,539.7,-30.72363636363636,364.9563636363637,71.00318358684117,149.04363636363632,28.996816413158815,invoice Annexure_708466_10092025_1757496734221.xlsx
215794945904580,2025-09-02 20:32:25,delivered,780,37.8,793.8,-30.72363636363636,551.2363636363636,70.67132867132867,228.76363636363635,29.32867132867133,invoice Annexure_708466_10092025_1757496734221.xlsx
215788333350958,2025-09-02 18:42:13,delivered,120,6.0,126.0,-30.72363636363636,61.646363636363645,51.3719696969697,58.353636363636355,48.62803030303029,invoice Annexure_708466_10092025_1757496734221.xlsx
215786739741789,2025-09-02 18:15:39,delivered,1269,62.26,1307.2720000020001,-30.72363636363636,904.0663636363636,71.24242424242424,364.9336363636364,28.757575757575758,invoice Annexure_708466_10092025_1757496734221.xlsx
215702373447994,2025-09-01 18:49:33,delivered,1229,61.46,1290.46,-30.72363636363636,891.7463636363636,72.55869516976108,337.25363636363636,27.44130483023892,invoice Annexure_708466_10092025_1757496734221.xlsx
215697171348435,2025-09-01 17:22:51,delivered,734,36.7,770.7,-30.72363636363636,534.2963636363636,72.792420113946,199.7036363636364,27.207579886054006,invoice Annexure_708466_10092025_1757496734221.xlsx
215692406436906,2025-09-01 16:03:26,delivered,765,37.06,778.0660000009999,-30.72363636363636,539.6863636363636,70.54723707664884,225.31363636363642,29.452762923351166,invoice Annexure_708466_10092025_1757496734221.xlsx
215612305142072,2025-08-31 17:48:25,delivered,365,17.16,360.26,-29.394,217.016,59.45643835616438,147.984,40.543561643835616,invoice Annexure_708466_05092025_1757032834755.xlsx
215609404237065,2025-08-31 17:00:04,delivered,499,23.76,498.76,-29.394,336.246,67.38396793587174,162.75400000000002,32.616032064128255,invoice Annexure_708466_05092025_1757032834755.xlsx
215590356306670,2025-08-31 11:42:36,delivered,499,23.76,498.76,-29.394,336.246,67.38396793587174,162.75400000000002,32.616032064128255,invoice Annexure_708466_05092025_1757032834755.xlsx
215532986787897,2025-08-30 19:46:26,delivered,375,17.62,370.12,-29.394,241.95600000000002,64.5216,133.04399999999998,35.47839999999999,invoice Annexure_708466_05092025_1757032834755.xlsx
215532506089337,2025-08-30 19:38:26,delivered,474,23.7,497.70000000000005,-29.394,273.896,57.78396624472574,200.10399999999998,42.21603375527426,invoice Annexure_708466_05092025_1757032834755.xlsx
215528573623258,2025-08-30 18:32:53,delivered,325,15.28,320.78,-29.394,205.766,63.31261538461538,119.23400000000001,36.687384615384616,invoice Annexure_708466_05092025_1757032834755.xlsx
215526799901376,2025-08-30 18:03:19,delivered,545,26.06,547.0660000009999,-29.394,371.666,68.19559633027524,173.334,31.804403669724774,invoice Annexure_708466_05092025_1757032834755.xlsx
215523045026780,2025-08-30 17:00:45,delivered,1009,50.46,1059.46,-29.394,747.316,74.06501486620417,261.68399999999997,25.934985133795834,invoice Annexure_708466_05092025_1757032834755.xlsx
215517695710630,2025-08-30 15:31:35,delivered,295,13.86,291.16,-29.394,184.076,62.3986440677966,110.924,37.60135593220339,invoice Annexure_708466_05092025_1757032834755.xlsx
215504894831551,2025-08-30 11:58:14,delivered,275,12.92,271.41999999999996,-29.394,151.906,55.23854545454545,123.094,44.76145454545454,invoice Annexure_708466_05092025_1757032834755.xlsx
215452600190361,2025-08-29 21:26:40,delivered,345,16.22,340.52000000000004,-29.394,202.546,58.70898550724637,142.454,41.291014492753625,invoice Annexure_708466_05092025_1757032834755.xlsx
215448841155674,2025-08-29 20:24:01,delivered,535,26.76,561.76,-29.394,382.426,71.4814953271028,152.574,28.518504672897198,invoice Annexure_708466_05092025_1757032834755.xlsx
215445894778491,2025-08-29 19:34:54,delivered,550,27.5,577.5,-29.394,370.396,67.34472727272728,179.60399999999998,32.655272727272724,invoice Annexure_708466_05092025_1757032834755.xlsx
215420954499458,2025-08-29 12:39:14,delivered,420,21.0,441.0,-29.394,293.896,69.9752380952381,126.10399999999998,30.0247619047619,invoice Annexure_708466_05092025_1757032834755.xlsx
215359172692971,2025-08-28 19:29:32,delivered,474,23.7,497.70000000000005,-29.394,335.496,70.77974683544304,138.50400000000002,29.220253164556965,invoice Annexure_708466_05092025_1757032834755.xlsx
215355101517539,2025-08-28 18:21:41,delivered,275,13.76,288.76,-29.394,164.58599999999998,59.84945454545454,110.41400000000002,40.15054545454546,invoice Annexure_708466_05092025_1757032834755.xlsx
215354473035591,2025-08-28 18:11:13,delivered,760,38.0,798.0,-29.394,555.656,73.11263157894736,204.34400000000005,26.88736842105264,invoice Annexure_708466_05092025_1757032834755.xlsx
215273691533473,2025-08-27 19:44:51,cancelled,550,27.5,577.5,-29.394,393.986,71.63381818181817,156.014,28.36618181818182,invoice Annexure_708466_05092025_1757032834755.xlsx
215273505852648,2025-08-27 19:41:45,delivered,345,16.22,340.52000000000004,-29.394,202.546,58.70898550724637,142.454,41.291014492753625,invoice Annexure_708466_05092025_1757032834755.xlsx
215263247239961,2025-08-27 16:50:47,delivered,410,20.5,430.5,-29.394,286.216,69.80878048780488,123.78399999999999,30.191219512195122,invoice Annexure_708466_05092025_1757032834755.xlsx
215258151256882,2025-08-27 15:25:51,delivered,1430,71.5,1501.5,-29.394,1071.396,74.9227972027972,358.60400000000004,25.0772027972028,invoice Annexure_708466_05092025_1757032834755.xlsx
215194195441132,2025-08-26 21:39:55,delivered,399,18.76,393.82,-29.394,259.326,64.99398496240602,139.67399999999998,35.00601503759398,invoice Annexure_708466_05092025_1757032834755.xlsx
215188435976227,2025-08-26 20:03:55,delivered,240,12.0,252.0,-29.394,155.36599999999999,64.73583333333333,84.63400000000001,35.264166666666675,invoice Annexure_708466_05092025_1757032834755.xlsx
215169227076335,2025-08-26 14:43:47,delivered,275,13.76,288.76,-29.394,164.58599999999998,59.84945454545454,110.41400000000002,40.15054545454546,invoice Annexure_708466_05092025_1757032834755.xlsx
215163147803939,2025-08-26 13:02:27,delivered,165,8.26,173.26,-29.394,97.626,59.16727272727273,67.374,40.83272727272727,invoice Annexure_708466_05092025_1757032834755.xlsx
215160646502938,2025-08-26 12:20:46,delivered,350,17.5,367.5,-29.394,240.026,68.57885714285715,109.97399999999999,31.421142857142854,invoice Annexure_708466_05092025_1757032834755.xlsx
215156765027096,2025-08-26 11:16:05,delivered,1452,71.4,1499.418000003,-29.394,1069.886,73.683608815427,382.11400000000003,26.316391184573007,invoice Annexure_708466_05092025_1757032834755.xlsx
215105484205409,2025-08-25 21:01:24,cancelled,325,16.26,341.26,-29.394,170.756,52.5403076923077,154.244,47.45969230769231,invoice Annexure_708466_05092025_1757032834755.xlsx
215102478545688,2025-08-25 20:11:18,delivered,785,39.26,824.26,-29.394,574.886,73.23388535031846,210.11400000000003,26.766114649681533,invoice Annexure_708466_05092025_1757032834755.xlsx
215099470187576,2025-08-25 19:21:10,delivered,275,12.92,271.41999999999996,-29.394,169.606,61.67490909090909,105.394,38.32509090909091,invoice Annexure_708466_05092025_1757032834755.xlsx
215099061503489,2025-08-25 19:14:21,delivered,315,14.8,310.9,-29.394,198.546,63.03047619047619,116.45400000000001,36.969523809523814,invoice Annexure_708466_05092025_1757032834755.xlsx
215071547411724,2025-08-25 11:35:47,delivered,499,23.76,498.76,-29.394,312.646,62.65450901803607,186.35399999999998,37.34549098196393,invoice Annexure_708466_05092025_1757032834755.xlsx
215016190513623,2025-08-24 20:13:10,delivered,1124,55.0,1155.006,-29.394,817.366,72.7193950177936,306.634,27.28060498220641,invoice Annexure_708466_05092025_1757032834755.xlsx
215010409917540,2025-08-24 18:36:49,delivered,1354,67.7,1421.6999999999998,-29.394,989.296,73.06469719350073,364.70399999999995,26.935302806499255,invoice Annexure_708466_05092025_1757032834755.xlsx
215006008762578,2025-08-24 17:23:28,delivered,495,23.56,494.5659999999999,-29.394,309.576,62.540606060606066,185.42399999999998,37.459393939393934,invoice Annexure_708466_05092025_1757032834755.xlsx
214933537575902,2025-08-23 21:15:37,delivered,600,30.0,630.0,-2.6757142857142857,435.5942857142857,72.59904761904762,164.40571428571428,27.400952380952383,invoice Annexure_708466_27082025_1756295139869.xlsx
214928684020380,2025-08-23 19:54:44,delivered,325,15.28,320.78,-2.6757142857142857,214.78428571428572,66.08747252747253,110.21571428571428,33.91252747252747,invoice Annexure_708466_27082025_1756295139869.xlsx
214914433516763,2025-08-23 15:57:13,delivered,335,15.74,330.64,-2.6757142857142857,227.93428571428572,68.04008528784648,107.06571428571428,31.959914712153513,invoice Annexure_708466_27082025_1756295139869.xlsx
214909012399469,2025-08-23 14:26:52,delivered,700,35.0,735.0,-2.6757142857142857,536.1642857142857,76.59489795918367,163.8357142857143,23.405102040816328,invoice Annexure_708466_27082025_1756295139869.xlsx
214848378840186,2025-08-22 21:36:18,delivered,275,13.76,288.76,-2.6757142857142857,209.00428571428571,76.00155844155843,65.99571428571429,23.99844155844156,invoice Annexure_708466_27082025_1756295139869.xlsx
214839698025227,2025-08-22 19:11:38,delivered,755,36.56,767.56,-2.6757142857142857,560.0442857142857,74.17805108798487,194.9557142857143,25.821948912015134,invoice Annexure_708466_27082025_1756295139869.xlsx
214838437716657,2025-08-22 18:50:37,delivered,870,43.5,913.5,-2.6757142857142857,667.0342857142857,76.67060755336618,202.96571428571428,23.329392446633825,invoice Annexure_708466_27082025_1756295139869.xlsx
214835529426026,2025-08-22 18:02:09,delivered,295,14.76,309.76,-2.6757142857142857,224.40428571428572,76.06924939467312,70.59571428571428,23.930750605326875,invoice Annexure_708466_27082025_1756295139869.xlsx
214835132549887,2025-08-22 17:55:32,delivered,560,26.8,562.8060000009999,-2.6757142857142857,409.92428571428576,73.20076530612246,150.07571428571424,26.799234693877544,invoice Annexure_708466_27082025_1756295139869.xlsx
214833937337628,2025-08-22 17:35:37,delivered,205,9.64,202.33999999999997,-2.6757142857142857,145.65428571428572,71.05087108013937,59.34571428571428,28.949128919860623,invoice Annexure_708466_27082025_1756295139869.xlsx
214833438232282,2025-08-22 17:27:18,delivered,545,27.26,572.26,-2.6757142857142857,416.87428571428575,76.49069462647445,128.12571428571425,23.509305373525553,invoice Annexure_708466_27082025_1756295139869.xlsx
214831194417410,2025-08-22 16:49:54,delivered,399,19.96,418.96000000000004,-2.6757142857142857,304.4742857142857,76.3093447905478,94.52571428571429,23.690655209452203,invoice Annexure_708466_27082025_1756295139869.xlsx
214819302561496,2025-08-22 13:31:42,delivered,295,13.86,291.16,-2.6757142857142857,210.7942857142857,71.45569007263923,84.2057142857143,28.54430992736078,invoice Annexure_708466_27082025_1756295139869.xlsx
214813745750657,2025-08-22 11:59:05,delivered,499,24.96,523.96,-2.6757142857142857,381.43428571428575,76.43973661608932,117.56571428571425,23.56026338391067,invoice Annexure_708466_27082025_1756295139869.xlsx
214759966030073,2025-08-21 21:02:46,delivered,120,6.0,126.0,-2.6757142857142857,89.69428571428571,74.7452380952381,30.305714285714288,25.254761904761907,invoice Annexure_708466_27082025_1756295139869.xlsx
214754776539647,2025-08-21 19:36:16,delivered,779,38.96,817.96,-2.6757142857142857,573.3842857142856,73.60517146524847,205.61571428571438,26.394828534751525,invoice Annexure_708466_27082025_1756295139869.xlsx
214748886287566,2025-08-21 17:58:06,delivered,1074,53.7,1127.6999999999998,-2.6757142857142857,824.0842857142857,76.73038042032455,249.91571428571433,23.26961957967545,invoice Annexure_708466_27082025_1756295139869.xlsx
214744445238212,2025-08-21 16:44:05,delivered,275,12.92,271.41999999999996,-2.6757142857142857,178.62428571428572,64.95428571428572,96.37571428571428,35.04571428571428,invoice Annexure_708466_27082025_1756295139869.xlsx
214672914807482,2025-08-20 20:51:54,delivered,415,20.76,435.76,-2.6757142857142857,316.7842857142857,76.33356282271944,98.21571428571428,23.66643717728055,invoice Annexure_708466_27082025_1756295139869.xlsx
214663350800711,2025-08-20 18:12:30,delivered,974,48.7,1022.7,-2.6757142857142857,723.4942857142856,74.28072748606628,250.50571428571436,25.71927251393371,invoice Annexure_708466_27082025_1756295139869.xlsx
214650596958310,2025-08-20 14:39:56,delivered,500,23.8,499.79999999999995,-2.6757142857142857,328.3342857142857,65.66685714285715,171.66571428571427,34.33314285714285,invoice Annexure_708466_27082025_1756295139869.xlsx
214581273115294,2025-08-19 19:24:33,delivered,2548,127.4,2675.3999999999996,-2.6757142857142857,1958.7442857142858,76.87379457277417,589.2557142857142,23.126205427225834,invoice Annexure_708466_27082025_1756295139869.xlsx
214581273579461,2025-08-19 19:24:33,delivered,2548,127.4,2675.3999999999996,-2.6757142857142857,1958.7442857142858,76.87379457277417,589.2557142857142,23.126205427225834,invoice Annexure_708466_27082025_1756295139869.xlsx
214580381972220,2025-08-19 19:09:41,delivered,275,13.76,288.76,-2.6757142857142857,191.3042857142857,69.56519480519479,83.6957142857143,30.434805194805204,invoice Annexure_708466_27082025_1756295139869.xlsx
214572431061482,2025-08-19 16:57:11,delivered,455,21.56,452.5659999999999,-2.6757142857142857,329.1042857142857,72.33061224489796,125.89571428571429,27.669387755102044,invoice Annexure_708466_27082025_1756295139869.xlsx
214571673916643,2025-08-19 16:44:33,delivered,325,16.26,341.26,-2.6757142857142857,247.5142857142857,76.15824175824176,77.4857142857143,23.841758241758246,invoice Annexure_708466_27082025_1756295139869.xlsx
214567956662923,2025-08-19 15:42:36,delivered,335,16.76,351.76,-2.6757142857142857,255.2042857142857,76.18038379530917,79.7957142857143,23.819616204690835,invoice Annexure_708466_27082025_1756295139869.xlsx
214565936247831,2025-08-19 15:08:56,delivered,225,10.58,222.07999999999998,-2.6757142857142857,160.1442857142857,71.17523809523809,64.8557142857143,28.824761904761907,invoice Annexure_708466_27082025_1756295139869.xlsx
214554754649242,2025-08-19 12:02:34,delivered,685,34.26,719.26,-2.6757142857142857,501.0342857142857,73.1436913451512,183.96571428571428,26.8563086548488,invoice Annexure_708466_27082025_1756295139869.xlsx
214501397717368,2025-08-18 21:13:17,delivered,275,13.76,288.76,-2.6757142857142857,209.00428571428571,76.00155844155843,65.99571428571429,23.99844155844156,invoice Annexure_708466_27082025_1756295139869.xlsx
214484417019823,2025-08-18 16:30:17,delivered,545,27.26,572.26,-2.6757142857142857,416.87428571428575,76.49069462647445,128.12571428571425,23.509305373525553,invoice Annexure_708466_27082025_1756295139869.xlsx
214482802487414,2025-08-18 16:03:22,delivered,710,35.5,745.5,-2.6757142857142857,543.8542857142857,76.59919517102615,166.14571428571435,23.40080482897385,invoice Annexure_708466_27082025_1756295139869.xlsx
214480754080938,2025-08-18 15:29:14,delivered,275,12.92,271.41999999999996,-2.6757142857142857,196.3242857142857,71.39064935064935,78.67571428571429,28.609350649350652,invoice Annexure_708466_27082025_1756295139869.xlsx
214480612889232,2025-08-18 15:26:52,delivered,730,36.5,766.5,-2.6757142857142857,535.6742857142857,73.38003913894325,194.3257142857143,26.61996086105675,invoice Annexure_708466_27082025_1756295139869.xlsx
214474043241985,2025-08-18 13:37:23,delivered,275,13.76,288.76,-2.6757142857142857,209.00428571428571,76.00155844155843,65.99571428571429,23.99844155844156,invoice Annexure_708466_27082025_1756295139869.xlsx
214414422248774,2025-08-17 21:03:42,delivered,275,13.76,288.76,-2.6757142857142857,209.00428571428571,76.00155844155843,65.99571428571429,23.99844155844156,invoice Annexure_708466_27082025_1756295139869.xlsx
214409091612998,2025-08-17 19:34:51,delivered,485,24.26,509.26,-2.6757142857142857,370.68428571428575,76.42974963181149,114.31571428571425,23.570250368188507,invoice Annexure_708466_27082025_1756295139869.xlsx
214406559878217,2025-08-17 18:52:39,delivered,900,45.0,945.0,-2.6757142857142857,690.1142857142856,76.67936507936507,209.88571428571436,23.320634920634927,invoice Annexure_708466_27082025_1756295139869.xlsx
214406038349967,2025-08-17 18:43:58,delivered,784,38.0,798.006000004,-2.6757142857142857,558.7742857142857,71.27223032069972,225.22571428571428,28.72776967930029,invoice Annexure_708466_27082025_1756295139869.xlsx
214402491589131,2025-08-17 17:44:51,delivered,1090,54.5,1144.5,-2.6757142857142857,812.8042857142857,74.5692005242464,277.1957142857143,25.430799475753606,invoice Annexure_708466_27082025_1756295139869.xlsx
214386424472041,2025-08-17 13:17:04,delivered,225,11.26,236.26,-2.6757142857142857,170.5242857142857,75.78857142857142,54.475714285714304,24.211428571428577,invoice Annexure_708466_27082025_1756295139869.xlsx
214378442888730,2025-08-17 11:04:02,delivered,275,12.92,271.41999999999996,-2.6757142857142857,184.5242857142857,67.09974025974024,90.4757142857143,32.90025974025975,invoice Annexure_708466_27082025_1756295139869.xlsx
214331093940655,2025-08-16 21:54:53,delivered,275,12.92,271.41999999999996,-26.907692307692308,172.09230769230768,62.579020979020974,102.90769230769232,37.420979020979026,invoice Annexure_708466_20082025_1755699277331.xlsx
214328453458226,2025-08-16 21:10:53,delivered,660,31.8,667.8059999999999,-26.907692307692308,462.6723076923077,70.10186480186479,197.3276923076923,29.898135198135193,invoice Annexure_708466_20082025_1755699277331.xlsx
214326588293208,2025-08-16 20:39:48,delivered,499,23.76,498.76,-26.907692307692308,315.13230769230773,63.152767072606764,183.86769230769227,36.84723292739324,invoice Annexure_708466_20082025_1755699277331.xlsx
214321950144635,2025-08-16 19:22:30,delivered,315,14.8,310.9,-26.907692307692308,201.03230769230768,63.81978021978022,113.96769230769232,36.18021978021979,invoice Annexure_708466_20082025_1755699277331.xlsx
214319939344838,2025-08-16 18:48:59,delivered,459,22.96,481.96000000000004,-26.907692307692308,326.4123076923077,71.11379252555724,132.5876923076923,28.886207474442767,invoice Annexure_708466_20082025_1755699277331.xlsx
214319224147918,2025-08-16 18:37:04,delivered,895,43.56,914.5660000009999,-26.907692307692308,643.5823076923077,71.90863773098411,251.41769230769228,28.091362269015896,invoice Annexure_708466_20082025_1755699277331.xlsx
214318467602834,2025-08-16 18:24:27,delivered,980,47.8,1003.8060000009999,-26.907692307692308,685.4023076923077,69.93901098901098,294.59769230769234,30.060989010989015,invoice Annexure_708466_20082025_1755699277331.xlsx
214317937500741,2025-08-16 18:15:37,delivered,350,16.46,345.46000000000004,-26.907692307692308,226.35230769230768,64.6720879120879,123.64769230769232,35.3279120879121,invoice Annexure_708466_20082025_1755699277331.xlsx
214311004589466,2025-08-16 16:20:04,delivered,600,28.8,604.8060000019999,-26.907692307692308,416.4923076923077,69.41538461538461,183.5076923076923,30.584615384615383,invoice Annexure_708466_20082025_1755699277331.xlsx
214228067665859,2025-08-15 17:17:47,delivered,635,30.56,641.5659999999999,-26.907692307692308,419.82230769230773,66.1137492428831,215.17769230769227,33.88625075711689,invoice Annexure_708466_20082025_1755699277331.xlsx
214224320786022,2025-08-15 16:15:20,delivered,275,13.76,288.76,-26.907692307692308,184.7723076923077,67.18993006993007,90.22769230769231,32.81006993006993,invoice Annexure_708466_20082025_1755699277331.xlsx
214219078323226,2025-08-15 14:47:58,delivered,265,13.26,278.26,-26.907692307692308,159.3923076923077,60.14804063860668,105.6076923076923,39.85195936139333,invoice Annexure_708466_20082025_1755699277331.xlsx
214215546647042,2025-08-15 13:49:06,delivered,335,16.76,351.76,-26.907692307692308,230.97230769230768,68.94695752009184,104.02769230769232,31.053042479908154,invoice Annexure_708466_20082025_1755699277331.xlsx
214150201820115,2025-08-14 19:40:01,delivered,540,25.8,541.8059999999999,-26.907692307692308,370.2923076923077,68.57264957264958,169.7076923076923,31.427350427350426,invoice Annexure_708466_20082025_1755699277331.xlsx
214145902067897,2025-08-14 18:28:22,delivered,494,24.7,518.7,-26.907692307692308,353.3723076923077,71.53285580815944,140.6276923076923,28.46714419184055,invoice Annexure_708466_20082025_1755699277331.xlsx
214140765144175,2025-08-14 17:02:45,delivered,165,8.26,173.26,-26.907692307692308,82.41230769230768,49.94685314685314,82.58769230769232,50.053146853146856,invoice Annexure_708466_20082025_1755699277331.xlsx
214070504288086,2025-08-13 21:31:44,delivered,375,17.62,370.12,-26.907692307692308,244.4423076923077,65.18461538461538,130.5576923076923,34.81538461538461,invoice Annexure_708466_20082025_1755699277331.xlsx
214063740316538,2025-08-13 19:39:00,delivered,550,27.5,577.5,-26.907692307692308,396.4823076923077,72.08769230769231,153.5176923076923,27.912307692307692,invoice Annexure_708466_20082025_1755699277331.xlsx
214059781994177,2025-08-13 18:33:01,delivered,860,43.0,903.0,-26.907692307692308,611.5123076923077,71.10608228980323,248.48769230769233,28.89391771019678,invoice Annexure_708466_20082025_1755699277331.xlsx
214058495847994,2025-08-13 18:11:35,delivered,360,18.0,378.0,-26.907692307692308,232.5023076923077,64.58397435897436,127.49769230769229,35.416025641025634,invoice Annexure_708466_20082025_1755699277331.xlsx
213892333786428,2025-08-11 20:02:13,delivered,610,29.5,619.505,-26.907692307692308,427.26230769230773,70.04300126103405,182.73769230769227,29.956998738965947,invoice Annexure_708466_20082025_1755699277331.xlsx
213887487315174,2025-08-11 18:41:27,delivered,884,44.2,928.2,-26.907692307692308,653.5823076923077,73.93465019143753,230.41769230769228,26.065349808562477,invoice Annexure_708466_20082025_1755699277331.xlsx
213886002182018,2025-08-11 18:16:42,delivered,655,32.76,687.76,-26.907692307692308,477.2923076923077,72.86905460951263,177.7076923076923,27.130945390487376,invoice Annexure_708466_20082025_1755699277331.xlsx
213885544767577,2025-08-11 18:09:04,delivered,515,25.76,540.76,-26.907692307692308,369.51230769230773,71.74996265870053,145.48769230769227,28.25003734129947,invoice Annexure_708466_20082025_1755699277331.xlsx
213804610507545,2025-08-10 19:40:10,delivered,275,13.76,288.76,-26.907692307692308,184.7723076923077,67.18993006993007,90.22769230769231,32.81006993006993,invoice Annexure_708466_20082025_1755699277331.xlsx
213797365720966,2025-08-10 17:39:25,delivered,365,18.26,383.26,-26.907692307692308,236.37230769230766,64.75953635405689,128.62769230769234,35.24046364594311,invoice Annexure_708466_20082025_1755699277331.xlsx
213720017220448,2025-08-09 20:10:17,delivered,840,42.0,882.0,-57.7748,588.8552,70.10180952380952,251.14480000000003,29.89819047619048,invoice Annexure_708466_13082025_1755073343843.xlsx
213696943525139,2025-08-09 13:45:43,delivered,585,29.26,614.26,-57.7748,392.5652,67.1051623931624,192.4348,32.894837606837605,invoice Annexure_708466_13082025_1755073343843.xlsx
213609320139373,2025-08-08 13:25:20,delivered,295,14.02,294.27,-57.7748,157.9552,53.54413559322033,137.0448,46.45586440677966,invoice Annexure_708466_13082025_1755073343843.xlsx
213551109782672,2025-08-07 21:15:09,delivered,235,11.16,234.41000000000003,-57.7748,114.0752,48.54263829787234,120.9248,51.457361702127656,invoice Annexure_708466_13082025_1755073343843.xlsx
213548643041365,2025-08-07 20:34:03,delivered,235,11.76,246.76,-57.7748,105.4152,44.85753191489362,129.5848,55.14246808510639,invoice Annexure_708466_13082025_1755073343843.xlsx
213541524496451,2025-08-07 18:35:24,delivered,400,20.0,420.0,-57.7748,250.12519999999998,62.53129999999999,149.87480000000002,37.468700000000005,invoice Annexure_708466_13082025_1755073343843.xlsx
213537461017921,2025-08-07 17:27:41,delivered,375,17.82,374.07000000000005,-57.7748,216.4752,57.72672,158.5248,42.27328,invoice Annexure_708466_13082025_1755073343843.xlsx
213528841428321,2025-08-07 15:04:01,delivered,609,29.46,618.47,-57.7748,372.02520000000004,61.08788177339902,236.97479999999996,38.91211822660098,invoice Annexure_708466_13082025_1755073343843.xlsx
213456025468749,2025-08-06 18:50:25,delivered,395,19.76,414.76,-57.7748,246.2852,62.3506835443038,148.7148,37.6493164556962,invoice Annexure_708466_13082025_1755073343843.xlsx
213452537059971,2025-08-06 17:52:17,delivered,755,37.76,792.76,-57.7748,523.3951999999999,69.32386754966886,231.60480000000007,30.676132450331135,invoice Annexure_708466_13082025_1755073343843.xlsx
213449964427639,2025-08-06 17:09:24,delivered,275,13.76,288.76,-57.7748,136.2052,49.529163636363634,138.7948,50.470836363636366,invoice Annexure_708466_13082025_1755073343843.xlsx
213449660454507,2025-08-06 17:04:20,delivered,375,17.82,374.07000000000005,-57.7748,198.7752,53.00672000000001,176.2248,46.99328,invoice Annexure_708466_13082025_1755073343843.xlsx
213434923802552,2025-08-06 12:58:43,delivered,385,18.28,384.03,-57.7748,200.1752,51.99355844155844,184.8248,48.00644155844156,invoice Annexure_708466_13082025_1755073343843.xlsx
213428056548352,2025-08-06 11:04:16,delivered,515,25.76,540.76,-57.7748,338.64520000000005,65.75634951456311,176.35479999999995,34.24365048543688,invoice Annexure_708466_13082025_1755073343843.xlsx
213372281198261,2025-08-05 19:34:41,delivered,1080,54.0,1134.0,-57.7748,773.5952,71.62918518518518,306.4048,28.370814814814814,invoice Annexure_708466_13082025_1755073343843.xlsx
213361513729213,2025-08-05 16:35:13,delivered,325,16.26,341.26,-57.7748,192.4152,59.204676923076924,132.5848,40.795323076923076,invoice Annexure_708466_13082025_1755073343843.xlsx
213291735893233,2025-08-04 21:12:15,delivered,299,14.96,313.96000000000004,-57.7748,172.4052,57.66060200668897,126.59479999999999,42.33939799331103,invoice Annexure_708466_13082025_1755073343843.xlsx
213288343868968,2025-08-04 20:15:43,delivered,275,13.76,288.76,-57.7748,153.9052,55.96552727272728,121.09479999999999,44.03447272727272,invoice Annexure_708466_13082025_1755073343843.xlsx
213280049000097,2025-08-04 17:57:29,delivered,325,16.26,341.26,-57.7748,174.7152,53.75852307692308,150.2848,46.24147692307692,invoice Annexure_708466_13082025_1755073343843.xlsx
213262827901629,2025-08-04 13:10:27,delivered,275,13.76,288.76,-57.7748,153.9052,55.96552727272728,121.09479999999999,44.03447272727272,invoice Annexure_708466_13082025_1755073343843.xlsx
213197234700813,2025-08-03 18:57:14,delivered,1020,51.0,1071.0,-57.7748,727.3851999999999,71.31227450980391,292.61480000000006,28.687725490196087,invoice Annexure_708466_13082025_1755073343843.xlsx
213181479473122,2025-08-03 14:34:39,delivered,210,10.5,220.5,-57.7748,103.8852,49.469142857142856,106.1148,50.530857142857144,invoice Annexure_708466_13082025_1755073343843.xlsx
213118713982823,2025-08-02 21:08:33,delivered,930,46.5,976.5,-57.7748,634.5251999999999,68.22851612903224,295.4748000000001,31.77148387096775,invoice Annexure_708466_13082025_1755073343843.xlsx
213094772918759,2025-08-02 14:29:32,delivered,275,13.76,288.76,-57.7748,136.2052,49.529163636363634,138.7948,50.470836363636366,invoice Annexure_708466_13082025_1755073343843.xlsx
213023584649584,2025-08-01 18:43:04,delivered,680,33.0,693.0,-57.7748,450.27520000000004,66.21694117647058,229.72479999999996,33.7830588235294,invoice Annexure_708466_13082025_1755073343843.xlsx
212514874926147,2025-07-26 21:24:34,delivered,395,19.76,414.76,-24.239523809523813,279.8204761904762,70.84062688366485,115.1795238095238,29.15937311633514,invoice Annexure_708466_30072025_1753871967947.xlsx
212509979602441,2025-07-26 20:02:59,delivered,590,28.5,598.505,-24.239523809523813,414.54047619047617,70.26109765940274,175.45952380952383,29.738902340597264,invoice Annexure_708466_30072025_1753871967947.xlsx
212508505922827,2025-07-26 19:38:25,delivered,499,24.96,523.96,-24.239523809523813,359.8704761904762,72.11833190189904,139.1295238095238,27.88166809810096,invoice Annexure_708466_30072025_1753871967947.xlsx
212507055948086,2025-07-26 19:14:15,delivered,470,22.5,472.505,-24.239523809523813,298.5804761904762,63.52776089159068,171.4195238095238,36.47223910840932,invoice Annexure_708466_30072025_1753871967947.xlsx
212503197631083,2025-07-26 18:09:57,delivered,490,24.5,514.5,-24.239523809523813,352.9704761904762,72.03479105928085,137.02952380952382,27.96520894071915,invoice Annexure_708466_30072025_1753871967947.xlsx
212502253127637,2025-07-26 17:54:13,delivered,275,13.06,274.30999999999995,-24.239523809523813,159.1704761904762,57.880173160173165,115.8295238095238,42.11982683982684,invoice Annexure_708466_30072025_1753871967947.xlsx
212501586310214,2025-07-26 17:43:06,delivered,295,14.76,309.76,-24.239523809523813,202.8404761904762,68.75948345439872,92.15952380952379,31.24051654560128,invoice Annexure_708466_30072025_1753871967947.xlsx
212496374425773,2025-07-26 16:16:14,delivered,335,16.76,351.76,-24.239523809523813,233.6404761904762,69.74342572850036,101.35952380952381,30.25657427149964,invoice Annexure_708466_30072025_1753871967947.xlsx
212484328402489,2025-07-26 12:55:28,delivered,275,13.76,288.76,-24.239523809523813,187.4404761904762,68.16017316017316,87.5595238095238,31.839826839826834,invoice Annexure_708466_30072025_1753871967947.xlsx
212482307185033,2025-07-26 12:21:47,delivered,295,14.02,294.27,-24.239523809523813,191.4904761904762,64.91202582728006,103.50952380952381,35.08797417271994,invoice Annexure_708466_30072025_1753871967947.xlsx
212481886010008,2025-07-26 12:14:46,delivered,275,13.76,288.76,-24.239523809523813,169.7404761904762,61.72380952380953,105.25952380952381,38.27619047619047,invoice Annexure_708466_30072025_1753871967947.xlsx
212479422310401,2025-07-26 11:33:42,delivered,465,22.26,467.265,-24.239523809523813,318.3004761904762,68.45171530977984,146.69952380952378,31.548284690220168,invoice Annexure_708466_30072025_1753871967947.xlsx
212428782762106,2025-07-25 21:29:42,delivered,179,8.96,187.95999999999998,-24.239523809523813,113.55047619047618,63.43602021814312,65.44952380952382,36.56397978185689,invoice Annexure_708466_30072025_1753871967947.xlsx
212423423011270,2025-07-25 20:00:23,delivered,535,25.76,540.765,-24.239523809523813,348.5904761904762,65.15709835336003,186.40952380952382,34.842901646639966,invoice Annexure_708466_30072025_1753871967947.xlsx
212404521808579,2025-07-25 14:45:21,delivered,515,25.76,540.76,-24.239523809523813,372.1804761904762,72.26805362921868,142.8195238095238,27.73194637078132,invoice Annexure_708466_30072025_1753871967947.xlsx
212335985036257,2025-07-24 19:43:05,delivered,785,39.26,824.26,-24.239523809523813,580.0404761904762,73.89050652107977,204.95952380952383,26.109493478920232,invoice Annexure_708466_30072025_1753871967947.xlsx
212256780850437,2025-07-23 21:43:00,delivered,225,11.26,236.26,-24.239523809523813,148.9604761904762,66.20465608465608,76.03952380952381,33.79534391534392,invoice Annexure_708466_30072025_1753871967947.xlsx
212256753944230,2025-07-23 21:42:33,cancelled,365,0.0,365.0,-24.239523809523813,203.7204761904762,55.81382909328115,161.2795238095238,44.18617090671885,invoice Annexure_708466_30072025_1753871967947.xlsx
212244001109203,2025-07-23 18:10:01,delivered,275,13.06,274.30999999999995,-24.239523809523813,159.1704761904762,57.880173160173165,115.8295238095238,42.11982683982684,invoice Annexure_708466_30072025_1753871967947.xlsx
212226251548141,2025-07-23 13:14:11,delivered,320,16.0,336.0,-24.239523809523813,222.0804761904762,69.40014880952381,97.91952380952381,30.59985119047619,invoice Annexure_708466_30072025_1753871967947.xlsx
212171322376012,2025-07-22 21:58:42,delivered,445,22.26,467.26,-24.239523809523813,318.3304761904762,71.53493846976993,126.66952380952381,28.465061530230066,invoice Annexure_708466_30072025_1753871967947.xlsx
212167856581429,2025-07-22 21:00:56,delivered,179,8.96,187.95999999999998,-24.239523809523813,113.55047619047618,63.43602021814312,65.44952380952382,36.56397978185689,invoice Annexure_708466_30072025_1753871967947.xlsx
212161760766469,2025-07-22 19:19:20,delivered,445,21.26,446.26,-24.239523809523813,302.9104761904762,68.06976993044408,142.08952380952383,31.930230069555915,invoice Annexure_708466_30072025_1753871967947.xlsx
212154092093260,2025-07-22 17:11:32,delivered,680,34.0,714.0,-24.239523809523813,475.6104761904762,69.94271708683473,204.38952380952378,30.057282913165263,invoice Annexure_708466_30072025_1753871967947.xlsx
212138899850800,2025-07-22 12:58:19,delivered,1294,64.22,1348.6699999999998,-24.239523809523813,964.5204761904762,74.5379038787076,329.4795238095238,25.46209612129241,invoice Annexure_708466_30072025_1753871967947.xlsx
212138899862143,2025-07-22 12:58:19,delivered,1414,70.18,1473.745,-24.239523809523813,1056.2104761904761,74.69663905166027,357.78952380952387,25.303360948339737,invoice Annexure_708466_30072025_1753871967947.xlsx
212138484600663,2025-07-22 12:51:24,delivered,225,10.68,224.43,-24.239523809523813,140.3104761904762,62.36021164021165,84.68952380952379,37.63978835978835,invoice Annexure_708466_30072025_1753871967947.xlsx
212076590826267,2025-07-21 19:39:50,delivered,299,14.96,313.96000000000004,-24.239523809523813,205.9404761904762,68.87641344163083,93.0595238095238,31.123586558369166,invoice Annexure_708466_30072025_1753871967947.xlsx
212074744081104,2025-07-21 19:09:04,delivered,1055,51.76,1086.7700000000002,-24.239523809523813,772.4904761904762,73.22184608440533,282.5095238095238,26.77815391559467,invoice Annexure_708466_30072025_1753871967947.xlsx
212074521702805,2025-07-21 19:05:21,delivered,295,14.76,309.76,-24.239523809523813,202.8404761904762,68.75948345439872,92.15952380952379,31.24051654560128,invoice Annexure_708466_30072025_1753871967947.xlsx
212074054918746,2025-07-21 18:57:34,delivered,545,26.26,551.26,-24.239523809523813,379.9204761904762,69.71017911751858,165.07952380952378,30.28982088248143,invoice Annexure_708466_30072025_1753871967947.xlsx
212055616054278,2025-07-21 13:50:16,delivered,335,15.92,334.16999999999996,-24.239523809523813,203.0304761904762,60.60611229566454,131.9695238095238,39.39388770433546,invoice Annexure_708466_30072025_1753871967947.xlsx
212054452840114,2025-07-21 13:30:52,delivered,515,25.76,540.76,-24.239523809523813,372.1804761904762,72.26805362921868,142.8195238095238,27.73194637078132,invoice Annexure_708466_30072025_1753871967947.xlsx
211997754364636,2025-07-20 21:45:54,delivered,235,11.76,246.76,-24.239523809523813,156.65047619047618,66.65977710233028,78.34952380952382,33.340222897669705,invoice Annexure_708466_30072025_1753871967947.xlsx
211990300766552,2025-07-20 19:41:40,delivered,1085,53.26,1118.2750000000003,-24.239523809523813,795.5804761904762,73.32538951064296,289.41952380952375,26.674610489357026,invoice Annexure_708466_30072025_1753871967947.xlsx
211989568021192,2025-07-20 19:29:28,delivered,295,14.02,294.27,-24.239523809523813,173.7904761904762,58.91202582728007,121.2095238095238,41.08797417271993,invoice Annexure_708466_30072025_1753871967947.xlsx
211988249707249,2025-07-20 19:07:29,delivered,699,33.96,712.96,-24.239523809523813,498.44047619047615,71.3076503849036,200.55952380952385,28.6923496150964,invoice Annexure_708466_30072025_1753871967947.xlsx
211987645708728,2025-07-20 18:57:25,delivered,854,42.7,896.7,-24.239523809523813,633.1604761904762,74.14057098249135,220.83952380952383,25.859429017508646,invoice Annexure_708466_30072025_1753871967947.xlsx
211984965076271,2025-07-20 18:12:45,delivered,550,27.5,577.5,-24.239523809523813,375.5504761904762,68.28190476190477,174.44952380952378,31.718095238095234,invoice Annexure_708466_30072025_1753871967947.xlsx
211983037348282,2025-07-20 17:40:37,delivered,484,24.2,508.20000000000005,-24.239523809523813,348.3404761904762,71.9711727666273,135.65952380952382,28.028827233372688,invoice Annexure_708466_30072025_1753871967947.xlsx
211968649867475,2025-07-20 13:40:49,delivered,365,18.26,383.26,-24.239523809523813,239.04047619047617,65.49054142204827,125.95952380952383,34.50945857795173,invoice Annexure_708466_30072025_1753871967947.xlsx
211962679532144,2025-07-20 12:01:19,delivered,235,11.16,234.41000000000003,-24.239523809523813,147.6104761904762,62.812968591692,87.38952380952381,37.187031408308,invoice Annexure_708466_30072025_1753871967947.xlsx
211903125079417,2025-07-19 19:28:45,delivered,365,17.34,364.09000000000003,-30.405499999999996,236.51450000000003,64.79849315068495,128.48549999999997,35.20150684931506,invoice Annexure_708466_23072025_1753259390726.xlsx
211903110621878,2025-07-19 19:28:30,delivered,899,44.96,943.96,-30.405499999999996,638.0445000000001,70.97269187986652,260.9554999999999,29.027308120133473,invoice Annexure_708466_23072025_1753259390726.xlsx
211902835400244,2025-07-19 19:23:55,delivered,1735,85.76,1800.7650000000003,-30.405499999999996,1266.1644999999999,72.97778097982707,468.83550000000014,27.022219020172916,invoice Annexure_708466_23072025_1753259390726.xlsx
211902546498607,2025-07-19 19:19:06,delivered,1190,59.5,1249.5,-30.405499999999996,862.0245,72.43903361344537,327.9755,27.560966386554625,invoice Annexure_708466_23072025_1753259390726.xlsx
211901139204812,2025-07-19 18:55:39,delivered,315,14.96,314.21000000000004,-30.405499999999996,199.96450000000002,63.48079365079366,115.03549999999998,36.51920634920634,invoice Annexure_708466_23072025_1753259390726.xlsx
211897470008242,2025-07-19 17:54:30,delivered,515,24.76,519.76,-30.405499999999996,327.0245,63.49990291262135,187.9755,36.50009708737864,invoice Annexure_708466_23072025_1753259390726.xlsx
211895436343949,2025-07-19 17:20:36,delivered,699,33.96,712.96,-30.405499999999996,492.27449999999993,70.42553648068669,206.72550000000007,29.574463519313316,invoice Annexure_708466_23072025_1753259390726.xlsx
211822583683349,2025-07-18 21:06:23,delivered,179,8.96,187.95999999999998,-30.405499999999996,107.3845,59.991340782122904,71.6155,40.008659217877096,invoice Annexure_708466_23072025_1753259390726.xlsx
211822068504500,2025-07-18 20:57:48,delivered,455,22.76,477.76,-30.405499999999996,319.8445,70.2954945054945,135.15550000000002,29.7045054945055,invoice Annexure_708466_23072025_1753259390726.xlsx
211819805161951,2025-07-18 20:20:05,delivered,755,36.76,771.76,-30.405499999999996,535.3745,70.9105298013245,219.6255,29.089470198675492,invoice Annexure_708466_23072025_1753259390726.xlsx
211819200960548,2025-07-18 20:10:00,delivered,660,33.0,693.0,-30.405499999999996,477.6445,72.37037878787879,182.3555,27.629621212121215,invoice Annexure_708466_23072025_1753259390726.xlsx
211813503839941,2025-07-18 18:35:03,delivered,1319,65.96,1384.96,-30.405499999999996,961.3345,72.8835860500379,357.66549999999995,27.116413949962087,invoice Annexure_708466_23072025_1753259390726.xlsx
211808667270600,2025-07-18 17:14:27,delivered,554,26.7,560.705,-30.405499999999996,357.0645,64.45207581227437,196.9355,35.547924187725634,invoice Annexure_708466_23072025_1753259390726.xlsx
211790049260122,2025-07-18 12:04:09,delivered,275,13.76,288.76,-30.405499999999996,169.4745,61.62709090909091,105.5255,38.37290909090909,invoice Annexure_708466_23072025_1753259390726.xlsx
211730939008410,2025-07-17 19:38:59,delivered,179,8.96,187.95999999999998,-30.405499999999996,107.3845,59.991340782122904,71.6155,40.008659217877096,invoice Annexure_708466_23072025_1753259390726.xlsx
211729229367170,2025-07-17 19:10:29,delivered,159,7.56,158.61,-30.405499999999996,85.87450000000001,54.00911949685535,73.12549999999999,45.99088050314465,invoice Annexure_708466_23072025_1753259390726.xlsx
211719245253714,2025-07-17 16:24:05,delivered,334,15.86,333.16,-30.405499999999996,213.8545,64.02829341317366,120.1455,35.97170658682634,invoice Annexure_708466_23072025_1753259390726.xlsx
211703373434950,2025-07-17 11:59:33,delivered,580,28.0,588.005,-30.405499999999996,377.0745,65.0128448275862,202.9255,34.98715517241379,invoice Annexure_708466_23072025_1753259390726.xlsx
211651405721859,2025-07-16 21:33:25,delivered,179,8.5,178.55,-30.405499999999996,100.49450000000002,56.14217877094973,78.50549999999998,43.85782122905027,invoice Annexure_708466_23072025_1753259390726.xlsx
211646723998629,2025-07-16 20:15:23,delivered,470,23.5,493.5,-30.405499999999996,331.4045,70.51159574468085,138.59550000000002,29.48840425531915,invoice Annexure_708466_23072025_1753259390726.xlsx
211645246809041,2025-07-16 19:50:46,delivered,755,37.76,792.76,-30.405499999999996,527.1645000000001,69.82311258278146,227.8354999999999,30.176887417218527,invoice Annexure_708466_23072025_1753259390726.xlsx
211630774913297,2025-07-16 15:49:34,delivered,1255,62.76,1317.7600000000002,-30.405499999999996,935.6645000000001,74.55494023904383,319.3354999999999,25.44505976095617,invoice Annexure_708466_23072025_1753259390726.xlsx
211629285249971,2025-07-16 15:24:45,delivered,909,45.46,954.46,-30.405499999999996,669.3245000000001,73.63305830583059,239.67549999999994,26.36694169416941,invoice Annexure_708466_23072025_1753259390726.xlsx
211622977548679,2025-07-16 13:39:37,delivered,335,15.92,334.16999999999996,-30.405499999999996,214.5645,64.04910447761193,120.43549999999999,35.95089552238805,invoice Annexure_708466_23072025_1753259390726.xlsx
211566084390535,2025-07-15 21:51:24,delivered,179,8.96,187.95999999999998,-30.405499999999996,107.3845,59.991340782122904,71.6155,40.008659217877096,invoice Annexure_708466_23072025_1753259390726.xlsx
211557458007432,2025-07-15 19:27:38,cancelled,490,23.5,493.505,-30.405499999999996,157.5945,32.16214285714286,332.40549999999996,67.83785714285713,invoice Annexure_708466_23072025_1753259390726.xlsx
211556620984211,2025-07-15 19:13:40,delivered,335,15.92,334.16999999999996,-30.405499999999996,214.5645,64.04910447761193,120.43549999999999,35.95089552238805,invoice Annexure_708466_23072025_1753259390726.xlsx
211529865001067,2025-07-15 11:47:45,delivered,365,18.26,383.26,-30.405499999999996,232.87449999999998,63.80123287671232,132.12550000000002,36.19876712328768,invoice Annexure_708466_23072025_1753259390726.xlsx
211466763932197,2025-07-14 18:16:03,delivered,275,13.76,288.76,-30.405499999999996,163.5745,59.48163636363636,111.4255,40.51836363636364,invoice Annexure_708466_23072025_1753259390726.xlsx
211459185009713,2025-07-14 16:09:45,delivered,275,13.76,288.76,-30.405499999999996,181.27450000000002,65.918,93.72549999999998,34.081999999999994,invoice Annexure_708466_23072025_1753259390726.xlsx
211458647224360,2025-07-14 16:00:47,delivered,225,10.68,224.43,-30.405499999999996,134.14450000000002,59.619777777777784,90.85549999999998,40.38022222222221,invoice Annexure_708466_23072025_1753259390726.xlsx
211452584544104,2025-07-14 14:19:44,delivered,450,22.5,472.5,-30.405499999999996,292.4145,64.981,157.58550000000002,35.019000000000005,invoice Annexure_708466_23072025_1753259390726.xlsx
211385048121852,2025-07-13 19:34:08,delivered,659,31.96,670.96,-30.405499999999996,437.8845,66.44681335356601,221.1155,33.55318664643399,invoice Annexure_708466_23072025_1753259390726.xlsx
211384722415614,2025-07-13 19:28:42,delivered,275,13.06,274.30999999999995,-30.405499999999996,170.70450000000002,62.07436363636365,104.29549999999998,37.92563636363636,invoice Annexure_708466_23072025_1753259390726.xlsx
211381682282725,2025-07-13 18:38:02,delivered,219,10.96,229.95999999999998,-30.405499999999996,138.17450000000002,63.0933789954338,80.82549999999998,36.9066210045662,invoice Annexure_708466_23072025_1753259390726.xlsx
211379870032297,2025-07-13 18:07:50,delivered,550,26.5,556.505,-30.405499999999996,353.99449999999996,64.36263636363635,196.00550000000004,35.637363636363645,invoice Annexure_708466_23072025_1753259390726.xlsx
211379010652225,2025-07-13 17:53:30,delivered,700,34.0,714.005,-30.405499999999996,469.4545,67.06492857142857,230.5455,32.935071428571426,invoice Annexure_708466_23072025_1753259390726.xlsx
211372525493454,2025-07-13 16:05:25,delivered,275,13.06,274.30999999999995,-30.405499999999996,170.70450000000002,62.07436363636365,104.29549999999998,37.92563636363636,invoice Annexure_708466_23072025_1753259390726.xlsx
211370037336441,2025-07-13 15:23:57,delivered,535,26.76,561.76,-30.405499999999996,357.8145,66.88121495327103,177.1855,33.11878504672897,invoice Annexure_708466_23072025_1753259390726.xlsx
211364867674261,2025-07-13 13:57:47,delivered,694,34.7,728.7,-30.405499999999996,503.8145,72.59574927953891,190.1855,27.404250720461093,invoice Annexure_708466_23072025_1753259390726.xlsx
211301585364490,2025-07-12 20:23:05,delivered,775,38.76,813.76,-19.238437500000003,577.3415625,74.49568548387097,197.6584375,25.50431451612903,invoice Annexure_708466_17072025_1752720130959.xlsx
211299733243414,2025-07-12 19:52:13,delivered,275,13.06,274.30999999999995,-19.238437500000003,164.1715625,59.698750000000004,110.8284375,40.30125,invoice Annexure_708466_17072025_1752720130959.xlsx
211297299243174,2025-07-12 19:11:39,delivered,660,32.0,672.005,-19.238437500000003,473.43156250000004,71.73205492424243,186.56843749999996,28.267945075757574,invoice Annexure_708466_17072025_1752720130959.xlsx
211297169045581,2025-07-12 19:09:29,delivered,550,27.5,577.5,-19.238437500000003,404.15156249999995,73.48210227272727,145.84843750000005,26.51789772727274,invoice Annexure_708466_17072025_1752720130959.xlsx
211295073740343,2025-07-12 18:34:33,delivered,545,26.26,551.26,-19.238437500000003,384.92156250000005,70.62780963302752,160.07843749999995,29.372190366972468,invoice Annexure_708466_17072025_1752720130959.xlsx
211294637553516,2025-07-12 18:27:17,delivered,335,16.76,351.76,-19.238437500000003,220.9415625,65.9527052238806,114.0584375,34.0472947761194,invoice Annexure_708466_17072025_1752720130959.xlsx
211288865403377,2025-07-12 16:51:05,delivered,165,7.84,164.58999999999997,-19.238437500000003,101.4215625,61.46761363636363,63.57843750000001,38.53238636363637,invoice Annexure_708466_17072025_1752720130959.xlsx
211209834577625,2025-07-11 18:53:54,delivered,2415,120.76,2535.76,-19.238437500000003,1839.7815625,76.18143115942028,575.2184374999999,23.818568840579708,invoice Annexure_708466_17072025_1752720130959.xlsx
211202545988897,2025-07-11 16:52:25,delivered,225,11.26,236.26,-19.238437500000003,136.2615625,60.560694444444444,88.7384375,39.439305555555556,invoice Annexure_708466_17072025_1752720130959.xlsx
211182418451984,2025-07-11 11:16:58,delivered,315,14.96,314.21000000000004,-19.238437500000003,211.1315625,67.02589285714285,103.8684375,32.97410714285714,invoice Annexure_708466_17072025_1752720130959.xlsx
211127716265567,2025-07-10 20:05:16,cancelled,440,21.0,441.005,-19.238437500000003,304.0715625,69.10717329545454,135.92843749999997,30.89282670454545,invoice Annexure_708466_17072025_1752720130959.xlsx
211124652854454,2025-07-10 19:14:12,delivered,179,8.96,187.95999999999998,-19.238437500000003,118.55156249999999,66.22992318435753,60.44843750000001,33.77007681564246,invoice Annexure_708466_17072025_1752720130959.xlsx
211121637710242,2025-07-10 18:23:57,delivered,295,14.76,309.76,-19.238437500000003,190.1415625,64.45476694915254,104.85843750000001,35.54523305084746,invoice Annexure_708466_17072025_1752720130959.xlsx
211120586182364,2025-07-10 18:06:26,delivered,719,35.96,754.96,-19.238437500000003,510.6315625,71.0196888038943,208.36843750000003,28.980311196105706,invoice Annexure_708466_17072025_1752720130959.xlsx
211118280038147,2025-07-10 17:28:00,delivered,225,10.68,224.43,-19.238437500000003,127.61156249999999,56.71625,97.38843750000001,43.283750000000005,invoice Annexure_708466_17072025_1752720130959.xlsx
211115231494784,2025-07-10 16:37:11,delivered,694,33.7,707.705,-19.238437500000003,476.0015625,68.58812139769452,217.99843750000002,31.411878602305478,invoice Annexure_708466_17072025_1752720130959.xlsx
211109369611803,2025-07-10 14:59:29,delivered,165,8.26,173.26,-19.238437500000003,107.78156249999999,65.32215909090908,57.21843750000001,34.67784090909091,invoice Annexure_708466_17072025_1752720130959.xlsx
211105485214390,2025-07-10 13:54:45,delivered,565,28.26,593.26,-19.238437500000003,415.7115625,73.57726769911504,149.2884375,26.422732300884956,invoice Annexure_708466_17072025_1752720130959.xlsx
211105359034457,2025-07-10 13:52:39,delivered,475,22.76,477.765,-19.238437500000003,331.02156249999996,69.68874999999998,143.97843750000004,30.311250000000005,invoice Annexure_708466_17072025_1752720130959.xlsx
211101788429294,2025-07-10 12:53:08,delivered,275,13.76,288.76,-19.238437500000003,192.4415625,69.97875,82.5584375,30.02125,invoice Annexure_708466_17072025_1752720130959.xlsx
210952763737217,2025-07-08 19:29:23,delivered,275,13.06,274.30999999999995,-19.238437500000003,164.1715625,59.698750000000004,110.8284375,40.30125,invoice Annexure_708466_17072025_1752720130959.xlsx
210946106136587,2025-07-08 17:38:26,delivered,335,16.76,351.76,-19.238437500000003,238.6415625,71.23628731343284,96.35843750000001,28.763712686567168,invoice Annexure_708466_17072025_1752720130959.xlsx
210932030001450,2025-07-08 13:43:50,delivered,275,13.76,288.76,-19.238437500000003,192.4415625,69.97875,82.5584375,30.02125,invoice Annexure_708466_17072025_1752720130959.xlsx
210927064300527,2025-07-08 12:21:04,delivered,275,13.06,274.30999999999995,-19.238437500000003,181.8715625,66.13511363636364,93.12843749999999,33.86488636363636,invoice Annexure_708466_17072025_1752720130959.xlsx
210861164334900,2025-07-07 18:02:44,delivered,225,11.26,236.26,-19.238437500000003,153.96156249999999,68.42736111111111,71.03843750000001,31.572638888888893,invoice Annexure_708466_17072025_1752720130959.xlsx
210857217643399,2025-07-07 16:56:57,delivered,159,7.56,158.61,-19.238437500000003,97.0415625,61.03242924528301,61.9584375,38.96757075471699,invoice Annexure_708466_17072025_1752720130959.xlsx
210781817761760,2025-07-06 20:00:17,delivered,410,20.5,430.5,-19.238437500000003,296.3715625,72.28574695121951,113.62843750000002,27.714253048780492,invoice Annexure_708466_17072025_1752720130959.xlsx
210780551305133,2025-07-06 19:39:11,delivered,655,31.76,666.765,-19.238437500000003,469.56156250000004,71.68878816793894,185.43843749999996,28.311211832061062,invoice Annexure_708466_17072025_1752720130959.xlsx
210779821611601,2025-07-06 19:27:01,delivered,399,19.96,418.96000000000004,-19.238437500000003,287.91156249999995,72.15828634085211,111.08843750000005,27.84171365914788,invoice Annexure_708466_17072025_1752720130959.xlsx
210776303791958,2025-07-06 18:28:23,delivered,325,15.44,324.19000000000005,-19.238437500000003,218.4415625,67.21278846153847,106.5584375,32.787211538461534,invoice Annexure_708466_17072025_1752720130959.xlsx
210768281857886,2025-07-06 16:14:41,delivered,275,13.76,288.76,-19.238437500000003,174.7415625,63.54238636363636,100.25843750000001,36.45761363636364,invoice Annexure_708466_17072025_1752720130959.xlsx
210765083445826,2025-07-06 15:21:23,delivered,455,21.76,456.76,-19.238437500000003,292.01156249999997,64.17836538461538,162.98843750000003,35.821634615384625,invoice Annexure_708466_17072025_1752720130959.xlsx
210697484886212,2025-07-05 20:34:44,delivered,530,26.5,556.5,-15.715,392.285,74.01603773584907,137.71499999999997,25.98396226415094,invoice Annexure_708466_09072025_1752076317331.xlsx
210690311440427,2025-07-05 18:35:11,delivered,455,21.76,456.765,-15.715,319.13500000000005,70.13956043956046,135.86499999999995,29.86043956043955,invoice Annexure_708466_09072025_1752076317331.xlsx
210684859049170,2025-07-05 17:04:19,delivered,275,13.76,288.76,-15.715,195.965,71.26,79.035,28.74,invoice Annexure_708466_09072025_1752076317331.xlsx
210680377205157,2025-07-05 15:49:37,delivered,275,13.06,274.30999999999995,-15.715,185.395,67.41636363636364,89.60499999999999,32.58363636363636,invoice Annexure_708466_09072025_1752076317331.xlsx
210670177565770,2025-07-05 12:59:37,delivered,335,16.76,351.76,-15.715,242.165,72.28805970149253,92.83500000000001,27.711940298507464,invoice Annexure_708466_09072025_1752076317331.xlsx
210610763940070,2025-07-04 20:29:23,delivered,330,16.5,346.5,-15.715,238.315,72.21666666666667,91.685,27.78333333333333,invoice Annexure_708466_09072025_1752076317331.xlsx
210608365045759,2025-07-04 19:49:25,delivered,420,21.0,441.0,-15.715,307.57500000000005,73.23214285714286,112.42499999999995,26.76785714285713,invoice Annexure_708466_09072025_1752076317331.xlsx
210604423180271,2025-07-04 18:43:43,delivered,440,21.0,441.005,-15.715,307.58500000000004,69.90568181818183,132.41499999999996,30.094318181818174,invoice Annexure_708466_09072025_1752076317331.xlsx
210597957589784,2025-07-04 16:55:57,delivered,545,26.26,551.26,-15.715,364.845,66.94403669724771,180.15499999999997,33.05596330275229,invoice Annexure_708466_09072025_1752076317331.xlsx
210524445173713,2025-07-03 20:30:45,delivered,779,38.96,817.96,-15.715,560.3449999999999,71.93132220795891,218.6550000000001,28.06867779204109,invoice Annexure_708466_09072025_1752076317331.xlsx
210520595111671,2025-07-03 19:26:35,delivered,325,16.26,341.26,-15.715,234.475,72.14615384615385,90.525,27.853846153846156,invoice Annexure_708466_09072025_1752076317331.xlsx
210513092900877,2025-07-03 17:21:32,delivered,395,19.76,414.76,-15.715,288.345,72.9987341772152,106.65499999999997,27.001265822784802,invoice Annexure_708466_09072025_1752076317331.xlsx
210507897121705,2025-07-03 15:54:57,delivered,275,13.76,288.76,-15.715,178.265,64.82363636363637,96.73500000000001,35.17636363636364,invoice Annexure_708466_09072025_1752076317331.xlsx
210506625954008,2025-07-03 15:33:45,delivered,285,14.26,299.26,-15.715,203.685,71.46842105263158,81.315,28.53157894736842,invoice Annexure_708466_09072025_1752076317331.xlsx
210502462198044,2025-07-03 14:24:22,delivered,1065,53.26,1118.2600000000002,-15.715,780.515,73.28779342723004,284.485,26.712206572769954,invoice Annexure_708466_09072025_1752076317331.xlsx
210443378244006,2025-07-02 21:59:38,cancelled,399,19.96,418.96000000000004,-15.715,143.885,36.061403508771924,255.115,63.938596491228076,invoice Annexure_708466_09072025_1752076317331.xlsx
210425275672331,2025-07-02 16:57:55,delivered,335,16.76,351.76,-15.715,242.165,72.28805970149253,92.83500000000001,27.711940298507464,invoice Annexure_708466_09072025_1752076317331.xlsx
210421197232417,2025-07-02 15:49:58,delivered,225,11.26,236.26,-15.715,139.785,62.126666666666665,85.215,37.873333333333335,invoice Annexure_708466_09072025_1752076317331.xlsx
210407519705746,2025-07-02 12:01:59,delivered,545,27.26,572.26,-15.715,403.83500000000004,74.09816513761469,141.16499999999996,25.901834862385314,invoice Annexure_708466_09072025_1752076317331.xlsx
210348214182741,2025-07-01 19:33:34,delivered,649,32.46,681.46,-15.715,483.88500000000005,74.55855161787366,165.11499999999995,25.441448382126342,invoice Annexure_708466_09072025_1752076317331.xlsx
210270553721829,2025-06-30 21:59:13,delivered,275,13.76,288.76,-24.157804878048783,187.52219512195123,68.18988913525499,87.47780487804877,31.810110864745006,invoice Annexure_708466_05072025_1751693717366.xlsx
210261621664067,2025-06-30 19:30:21,delivered,225,10.68,224.43,-24.157804878048783,140.39219512195123,62.396531165311664,84.60780487804877,37.60346883468834,invoice Annexure_708466_05072025_1751693717366.xlsx
210232275497031,2025-06-30 11:21:15,delivered,345,17.26,362.26,-24.157804878048783,229.62219512195122,66.55715800636267,115.37780487804878,33.44284199363733,invoice Annexure_708466_05072025_1751693717366.xlsx
210170147571241,2025-06-29 18:05:47,delivered,275,13.06,274.30999999999995,-24.157804878048783,176.95219512195123,64.34625277161862,98.04780487804877,35.65374722838137,invoice Annexure_708466_05072025_1751693717366.xlsx
210156334908443,2025-06-29 14:15:34,delivered,570,28.5,598.5,-24.157804878048783,391.0121951219512,68.59863072314934,178.9878048780488,31.401369276850666,invoice Annexure_708466_05072025_1751693717366.xlsx
210091850826133,2025-06-28 20:20:50,delivered,570,28.5,598.5,-24.157804878048783,414.6121951219512,72.73898160034231,155.38780487804883,27.261018399657686,invoice Annexure_708466_05072025_1751693717366.xlsx
210090275948565,2025-06-28 19:54:35,delivered,399,18.96,398.01000000000005,-24.157804878048783,267.6421951219512,67.07824439146647,131.3578048780488,32.92175560853353,invoice Annexure_708466_05072025_1751693717366.xlsx
210086964005971,2025-06-28 18:59:24,delivered,275,13.76,288.76,-24.157804878048783,187.52219512195123,68.18988913525499,87.47780487804877,31.810110864745006,invoice Annexure_708466_05072025_1751693717366.xlsx
210083830670924,2025-06-28 18:07:10,delivered,725,36.26,761.26,-24.157804878048783,510.3421951219512,70.39202691337258,214.6578048780488,29.60797308662742,invoice Annexure_708466_05072025_1751693717366.xlsx
210082271212798,2025-06-28 17:41:11,delivered,335,16.76,351.76,-24.157804878048783,233.72219512195122,69.76781943938842,101.27780487804878,30.232180560611578,invoice Annexure_708466_05072025_1751693717366.xlsx
210079943184519,2025-06-28 17:02:23,delivered,670,33.5,703.5,-24.157804878048783,491.5821951219512,73.37047688387331,178.4178048780488,26.629523116126684,invoice Annexure_708466_05072025_1751693717366.xlsx
210075620663445,2025-06-28 15:50:20,delivered,824,41.2,865.2,-24.157804878048783,586.5621951219513,71.18473241771254,237.43780487804872,28.81526758228747,invoice Annexure_708466_05072025_1751693717366.xlsx
210073397376677,2025-06-28 15:13:17,delivered,810,40.5,850.5,-24.157804878048783,599.3721951219512,73.99656729900632,210.62780487804878,26.003432700993677,invoice Annexure_708466_05072025_1751693717366.xlsx
210068045365151,2025-06-28 13:44:05,delivered,355,16.86,354.11,-24.157804878048783,217.7621951219512,61.34146341463415,137.2378048780488,38.65853658536585,invoice Annexure_708466_05072025_1751693717366.xlsx
210065041072931,2025-06-28 12:54:01,delivered,590,28.5,598.505,-24.157804878048783,414.62219512195117,70.27494832575444,175.37780487804883,29.725051674245567,invoice Annexure_708466_05072025_1751693717366.xlsx
210009605513458,2025-06-27 21:30:05,delivered,555,27.76,582.76,-24.157804878048783,379.4521951219512,68.36976488683806,175.5478048780488,31.630235113161948,invoice Annexure_708466_05072025_1751693717366.xlsx
209996316202597,2025-06-27 17:48:36,delivered,505,25.26,530.26,-24.157804878048783,340.99219512195117,67.52320695484183,164.00780487804883,32.47679304515819,invoice Annexure_708466_05072025_1751693717366.xlsx
209995991375417,2025-06-27 17:43:11,delivered,1055,52.76,1107.7600000000002,-24.157804878048783,787.9521951219513,74.68741185990059,267.04780487804874,25.312588140099407,invoice Annexure_708466_05072025_1751693717366.xlsx
209993420245032,2025-06-27 17:00:20,delivered,225,10.68,224.43,-24.157804878048783,140.39219512195123,62.396531165311664,84.60780487804877,37.60346883468834,invoice Annexure_708466_05072025_1751693717366.xlsx
209990470743990,2025-06-27 16:11:10,delivered,225,10.68,224.43,-24.157804878048783,140.39219512195123,62.396531165311664,84.60780487804877,37.60346883468834,invoice Annexure_708466_05072025_1751693717366.xlsx
209918415230464,2025-06-26 20:10:15,cancelled,490,0.0,490.0,-24.157804878048783,171.84219512195122,35.06983573917372,318.15780487804875,64.93016426082627,invoice Annexure_708466_05072025_1751693717366.xlsx
209914600715019,2025-06-26 19:06:40,cancelled,1004,0.0,1004.0,-24.157804878048783,377.4421951219512,37.59384413565251,626.5578048780487,62.40615586434748,invoice Annexure_708466_05072025_1751693717366.xlsx
209901553875348,2025-06-26 15:29:13,delivered,225,11.26,236.26,-24.157804878048783,149.0421951219512,66.24097560975609,75.95780487804879,33.75902439024391,invoice Annexure_708466_05072025_1751693717366.xlsx
209819044835844,2025-06-25 16:34:04,delivered,275,13.76,288.76,-24.157804878048783,187.52219512195123,68.18988913525499,87.47780487804877,31.810110864745006,invoice Annexure_708466_05072025_1751693717366.xlsx
209815426055740,2025-06-25 15:33:46,delivered,540,27.0,567.0,-24.157804878048783,391.5221951219512,72.50411020776875,148.4778048780488,27.49588979223126,invoice Annexure_708466_05072025_1751693717366.xlsx
209805886333907,2025-06-25 12:54:46,delivered,445,22.26,467.26,-24.157804878048783,318.4121951219512,71.55330227459578,126.58780487804881,28.44669772540423,invoice Annexure_708466_05072025_1751693717366.xlsx
209738729696070,2025-06-24 18:15:29,delivered,275,13.76,288.76,-24.157804878048783,187.52219512195123,68.18988913525499,87.47780487804877,31.810110864745006,invoice Annexure_708466_05072025_1751693717366.xlsx
209733040963656,2025-06-24 16:40:40,delivered,1050,52.5,1102.5,-24.157804878048783,784.1321951219512,74.67925667828106,265.8678048780488,25.32074332171893,invoice Annexure_708466_05072025_1751693717366.xlsx
209714911301132,2025-06-24 11:38:31,delivered,315,15.76,330.76,-24.157804878048783,206.5121951219512,65.55942702284166,108.48780487804879,34.44057297715835,invoice Annexure_708466_05072025_1751693717366.xlsx
209657426489447,2025-06-23 19:40:26,delivered,480,24.0,504.0,-24.157804878048783,321.74219512195117,67.02962398373982,158.25780487804883,32.970376016260175,invoice Annexure_708466_05072025_1751693717366.xlsx
209630670217938,2025-06-23 12:14:30,delivered,275,13.76,288.76,-24.157804878048783,169.8221951219512,61.75352549889135,105.17780487804879,38.24647450110865,invoice Annexure_708466_05072025_1751693717366.xlsx
209574579634189,2025-06-22 20:39:39,delivered,1980,99.0,2079.0,-24.157804878048783,1500.0221951219512,75.75869672333087,479.9778048780488,24.241303276669132,invoice Annexure_708466_05072025_1751693717366.xlsx
209573659868835,2025-06-22 20:24:19,delivered,335,16.76,351.76,-24.157804878048783,216.02219512195123,64.48423734983618,118.97780487804877,35.515762650163815,invoice Annexure_708466_05072025_1751693717366.xlsx
209571395262730,2025-06-22 19:46:35,delivered,515,25.76,540.76,-24.157804878048783,372.2621951219512,72.28392138290315,142.7378048780488,27.71607861709685,invoice Annexure_708466_05072025_1751693717366.xlsx
209570480361475,2025-06-22 19:31:20,delivered,295,14.76,309.76,-24.157804878048783,185.22219512195122,62.78718478710211,109.77780487804878,37.212815212897894,invoice Annexure_708466_05072025_1751693717366.xlsx
209566470759802,2025-06-22 18:24:30,delivered,550,27.5,577.5,-24.157804878048783,375.6321951219512,68.29676274944568,174.3678048780488,31.703237250554324,invoice Annexure_708466_05072025_1751693717366.xlsx
209558433797885,2025-06-22 16:10:33,delivered,335,16.76,351.76,-24.157804878048783,233.72219512195122,69.76781943938842,101.27780487804878,30.232180560611578,invoice Annexure_708466_05072025_1751693717366.xlsx
209557203254790,2025-06-22 15:50:03,delivered,275,13.76,288.76,-24.157804878048783,187.52219512195123,68.18988913525499,87.47780487804877,31.810110864745006,invoice Annexure_708466_05072025_1751693717366.xlsx
209551746782077,2025-06-22 14:19:06,delivered,335,16.76,351.76,-24.157804878048783,233.72219512195122,69.76781943938842,101.27780487804878,30.232180560611578,invoice Annexure_708466_05072025_1751693717366.xlsx
209547320336121,2025-06-22 13:05:20,delivered,550,27.5,577.5,-24.157804878048783,375.6321951219512,68.29676274944568,174.3678048780488,31.703237250554324,invoice Annexure_708466_05072025_1751693717366.xlsx
209544660136439,2025-06-22 12:21:00,delivered,365,18.26,383.26,-24.157804878048783,239.1221951219512,65.51293017039758,125.8778048780488,34.48706982960241,invoice Annexure_708466_05072025_1751693717366.xlsx
209484167826082,2025-06-21 19:32:47,delivered,120,6.0,126.0,-15.500625,76.869375,64.0578125,43.130624999999995,35.942187499999996,invoice Annexure_708466_25062025_1750860524008.xlsx
209482454432064,2025-06-21 19:04:14,delivered,534,26.7,560.7,-15.500625,395.569375,74.07666198501872,138.43062500000002,25.92333801498128,invoice Annexure_708466_25062025_1750860524008.xlsx
209396508278928,2025-06-20 19:11:48,delivered,485,24.26,509.26,-15.500625,357.859375,73.7854381443299,127.140625,26.214561855670105,invoice Annexure_708466_25062025_1750860524008.xlsx
209389501626706,2025-06-20 17:15:01,delivered,840,42.0,882.0,-15.500625,631.129375,75.13444940476191,208.87062500000002,24.865550595238098,invoice Annexure_708466_25062025_1750860524008.xlsx
209371958425862,2025-06-20 12:22:38,delivered,710,35.5,745.5,-15.500625,495.629375,69.80695422535211,214.37062500000002,30.193045774647892,invoice Annexure_708466_25062025_1750860524008.xlsx
209310209173522,2025-06-19 19:13:29,delivered,700,35.0,735.0,-15.500625,499.739375,71.39133928571428,200.260625,28.608660714285715,invoice Annexure_708466_25062025_1750860524008.xlsx
209223092793651,2025-06-18 19:01:32,delivered,470,23.5,493.5,-15.500625,346.309375,73.68284574468085,123.69062500000001,26.317154255319153,invoice Annexure_708466_25062025_1750860524008.xlsx
209222452536012,2025-06-18 18:50:52,delivered,499,24.96,523.96,-15.500625,345.009375,69.14015531062124,153.99062500000002,30.85984468937876,invoice Annexure_708466_25062025_1750860524008.xlsx
209218067787024,2025-06-18 17:37:47,delivered,335,16.76,351.76,-15.500625,242.37937499999998,72.35205223880597,92.62062500000002,27.647947761194036,invoice Annexure_708466_25062025_1750860524008.xlsx
209206745168933,2025-06-18 14:29:05,delivered,399,19.96,418.96000000000004,-15.500625,291.64937499999996,73.09508145363408,107.35062500000004,26.904918546365924,invoice Annexure_708466_25062025_1750860524008.xlsx
209200583343888,2025-06-18 12:46:23,delivered,455,22.76,477.76,-15.500625,334.749375,73.5712912087912,120.25062500000001,26.428708791208795,invoice Annexure_708466_25062025_1750860524008.xlsx
209196698820557,2025-06-18 11:41:38,delivered,275,13.76,288.76,-15.500625,196.179375,71.33795454545454,78.820625,28.66204545454546,invoice Annexure_708466_25062025_1750860524008.xlsx
209134249594750,2025-06-17 18:20:49,delivered,425,21.26,446.26,-15.500625,311.669375,73.3339705882353,113.330625,26.666029411764708,invoice Annexure_708466_25062025_1750860524008.xlsx
209128380681698,2025-06-17 16:43:00,delivered,315,15.76,330.76,-15.500625,226.969375,72.05376984126984,88.03062499999999,27.946230158730156,invoice Annexure_708466_25062025_1750860524008.xlsx
209113295215320,2025-06-17 12:31:35,delivered,399,19.96,418.96000000000004,-15.500625,291.64937499999996,73.09508145363408,107.35062500000004,26.904918546365924,invoice Annexure_708466_25062025_1750860524008.xlsx
209111621860889,2025-06-17 12:03:41,delivered,905,45.26,950.26,-15.500625,681.159375,75.26622928176795,223.84062500000005,24.733770718232048,invoice Annexure_708466_25062025_1750860524008.xlsx
209108242278737,2025-06-17 11:07:22,delivered,439,21.96,460.96000000000004,-15.500625,251.43937499999998,57.275484054669704,187.56062500000002,42.724515945330296,invoice Annexure_708466_25062025_1750860524008.xlsx
209057359979147,2025-06-16 20:59:19,delivered,275,13.76,288.76,-15.500625,178.479375,64.90159090909091,96.520625,35.09840909090909,invoice Annexure_708466_25062025_1750860524008.xlsx
209050857093989,2025-06-16 19:10:57,delivered,275,13.76,288.76,-15.500625,196.179375,71.33795454545454,78.820625,28.66204545454546,invoice Annexure_708466_25062025_1750860524008.xlsx
209050427577134,2025-06-16 19:03:47,delivered,275,13.76,288.76,-15.500625,196.179375,71.33795454545454,78.820625,28.66204545454546,invoice Annexure_708466_25062025_1750860524008.xlsx
209045550257587,2025-06-16 17:42:30,delivered,753,37.66,790.6600000000001,-15.500625,564.139375,74.91890770252324,188.86062500000003,25.081092297476765,invoice Annexure_708466_25062025_1750860524008.xlsx
209043798876983,2025-06-16 17:13:18,delivered,494,24.7,518.7,-15.500625,364.77937499999996,73.84197874493927,129.22062500000004,26.15802125506074,invoice Annexure_708466_25062025_1750860524008.xlsx
209040670097492,2025-06-16 16:21:10,delivered,295,14.76,309.76,-15.500625,211.57937500000003,71.72182203389832,83.42062499999997,28.278177966101687,invoice Annexure_708466_25062025_1750860524008.xlsx
209037895920251,2025-06-16 15:34:55,delivered,399,19.96,418.96000000000004,-15.500625,291.64937499999996,73.09508145363408,107.35062500000004,26.904918546365924,invoice Annexure_708466_25062025_1750860524008.xlsx
209029791198283,2025-06-16 13:19:51,delivered,2863,143.16,3006.16,-15.500625,2188.379375,76.43658312958436,674.620625,23.563416870415647,invoice Annexure_708466_25062025_1750860524008.xlsx
208971930920969,2025-06-15 21:15:30,delivered,275,13.76,288.76,-15.500625,196.179375,71.33795454545454,78.820625,28.66204545454546,invoice Annexure_708466_25062025_1750860524008.xlsx
208969354585307,2025-06-15 20:32:34,delivered,275,13.76,288.76,-15.500625,196.179375,71.33795454545454,78.820625,28.66204545454546,invoice Annexure_708466_25062025_1750860524008.xlsx
208966200047844,2025-06-15 19:40:00,delivered,335,16.76,351.76,-15.500625,224.679375,67.06847014925373,110.320625,32.93152985074627,invoice Annexure_708466_25062025_1750860524008.xlsx
208962515280400,2025-06-15 18:38:35,delivered,345,17.26,362.26,-15.500625,250.07937499999997,72.48677536231884,94.92062500000003,27.513224637681166,invoice Annexure_708466_25062025_1750860524008.xlsx
208959146552675,2025-06-15 17:42:26,delivered,385,19.26,404.26,-15.500625,257.26937499999997,66.82321428571427,127.73062500000003,33.17678571428572,invoice Annexure_708466_25062025_1750860524008.xlsx
208957207344377,2025-06-15 17:10:07,delivered,1010,50.5,1060.5,-15.500625,738.399375,73.108849009901,271.60062500000004,26.89115099009901,invoice Annexure_708466_25062025_1750860524008.xlsx
208942761536551,2025-06-15 13:09:21,delivered,410,20.5,430.5,-15.500625,300.109375,73.19740853658536,109.890625,26.802591463414632,invoice Annexure_708466_25062025_1750860524008.xlsx
208887573066395,2025-06-14 21:49:33,delivered,1030,51.5,1081.5,-12.597586206896551,756.6924137931035,73.46528289253432,273.30758620689653,26.53471710746568,invoice Annexure_708466_18062025_1750240993036.xlsx
208878769176863,2025-06-14 19:22:49,delivered,335,16.76,351.76,-12.597586206896551,227.58241379310346,67.93504889346373,107.41758620689654,32.064951106536284,invoice Annexure_708466_18062025_1750240993036.xlsx
208860581953754,2025-06-14 14:19:41,delivered,335,16.76,351.76,-12.597586206896551,245.28241379310344,73.21863098301596,89.71758620689656,26.781369016984048,invoice Annexure_708466_18062025_1750240993036.xlsx
208798817633600,2025-06-13 21:10:17,delivered,730,36.5,766.5,-12.597586206896551,549.3524137931036,75.25375531412377,180.64758620689645,24.746244685876224,invoice Annexure_708466_18062025_1750240993036.xlsx
208792810135784,2025-06-13 19:30:10,delivered,585,29.26,614.26,-12.597586206896551,414.14241379310346,70.79357500736812,170.85758620689654,29.206424992631884,invoice Annexure_708466_18062025_1750240993036.xlsx
208792702529878,2025-06-13 19:28:22,delivered,628,31.4,659.4000000000001,-12.597586206896551,447.22241379310344,71.21376015813749,180.77758620689656,28.78623984186251,invoice Annexure_708466_18062025_1750240993036.xlsx
208783955454937,2025-06-13 17:02:35,delivered,550,27.5,577.5,-12.597586206896551,410.79241379310344,74.68952978056426,139.20758620689656,25.31047021943574,invoice Annexure_708466_18062025_1750240993036.xlsx
208766603225509,2025-06-13 12:13:23,delivered,899,44.96,943.96,-12.597586206896551,679.4524137931035,75.57868896475011,219.54758620689654,24.421311035249893,invoice Annexure_708466_18062025_1750240993036.xlsx
208625758621042,2025-06-11 21:05:58,delivered,299,14.96,313.96000000000004,-12.597586206896551,217.58241379310346,72.77003805789414,81.41758620689654,27.229961942105867,invoice Annexure_708466_18062025_1750240993036.xlsx
208619991326943,2025-06-11 19:29:51,delivered,1255,62.76,1317.7600000000002,-12.597586206896551,953.4724137931034,75.97389751339469,301.52758620689656,24.026102486605303,invoice Annexure_708466_18062025_1750240993036.xlsx
208617678123693,2025-06-11 18:51:18,delivered,335,16.76,351.76,-12.597586206896551,227.58241379310346,67.93504889346373,107.41758620689654,32.064951106536284,invoice Annexure_708466_18062025_1750240993036.xlsx
208608058451559,2025-06-11 16:10:58,delivered,410,20.5,430.5,-12.597586206896551,303.01241379310346,73.90546677880572,106.98758620689654,26.094533221194276,invoice Annexure_708466_18062025_1750240993036.xlsx
208599555027049,2025-06-11 13:49:15,delivered,375,18.76,393.76,-12.597586206896551,258.3724137931035,68.8993103448276,116.62758620689652,31.10068965517241,invoice Annexure_708466_18062025_1750240993036.xlsx
208538027657588,2025-06-10 20:43:47,delivered,179,8.96,187.95999999999998,-12.597586206896551,125.19241379310344,69.9398959738008,53.80758620689656,30.0601040261992,invoice Annexure_708466_18062025_1750240993036.xlsx
208536152702775,2025-06-10 20:12:32,delivered,285,14.26,299.26,-12.597586206896551,206.80241379310345,72.56225045372051,78.19758620689655,27.437749546279488,invoice Annexure_708466_18062025_1750240993036.xlsx
208528704952400,2025-06-10 18:08:24,delivered,295,14.76,309.76,-12.597586206896551,196.78241379310344,66.70590298071303,98.21758620689656,33.294097019286966,invoice Annexure_708466_18062025_1750240993036.xlsx
208513874652503,2025-06-10 14:01:14,delivered,335,16.76,351.76,-12.597586206896551,245.28241379310344,73.21863098301596,89.71758620689656,26.781369016984048,invoice Annexure_708466_18062025_1750240993036.xlsx
208511401792728,2025-06-10 13:20:01,delivered,275,13.76,288.76,-12.597586206896551,181.38241379310344,65.95724137931033,93.61758620689656,34.04275862068965,invoice Annexure_708466_18062025_1750240993036.xlsx
208511314954856,2025-06-10 13:18:34,delivered,225,11.26,236.26,-12.597586206896551,142.90241379310345,63.512183908045984,82.09758620689655,36.48781609195402,invoice Annexure_708466_18062025_1750240993036.xlsx
208455061844843,2025-06-09 21:41:01,delivered,525,26.26,551.26,-12.597586206896551,391.5624137931035,74.58331691297208,133.43758620689653,25.41668308702791,invoice Annexure_708466_18062025_1750240993036.xlsx
208445650157956,2025-06-09 19:04:10,delivered,225,11.26,236.26,-12.597586206896551,142.90241379310345,63.512183908045984,82.09758620689655,36.48781609195402,invoice Annexure_708466_18062025_1750240993036.xlsx
208428631829806,2025-06-09 14:20:31,delivered,399,19.96,418.96000000000004,-12.597586206896551,270.95241379310346,67.90787313110363,128.04758620689654,32.09212686889637,invoice Annexure_708466_18062025_1750240993036.xlsx
208418780250642,2025-06-09 11:36:20,delivered,275,13.76,288.76,-12.597586206896551,199.08241379310346,72.39360501567398,75.91758620689654,27.606394984326016,invoice Annexure_708466_18062025_1750240993036.xlsx
208365196496113,2025-06-08 20:43:16,delivered,2598,129.9,2727.8999999999996,-12.597586206896551,1963.7024137931035,75.58515834461522,634.2975862068965,24.414841655384777,invoice Annexure_708466_18062025_1750240993036.xlsx
208364853142805,2025-06-08 20:37:33,delivered,299,14.96,313.96000000000004,-12.597586206896551,217.58241379310346,72.77003805789414,81.41758620689654,27.229961942105867,invoice Annexure_708466_18062025_1750240993036.xlsx
208353396320563,2025-06-08 17:26:36,delivered,673,33.66,706.6600000000001,-12.597586206896551,481.88241379310347,71.6021417226008,191.11758620689653,28.397858277399184,invoice Annexure_708466_18062025_1750240993036.xlsx
208347501013060,2025-06-08 15:48:21,delivered,345,17.26,362.26,-12.597586206896551,235.28241379310344,68.19780109945027,109.71758620689656,31.802198900549726,invoice Annexure_708466_18062025_1750240993036.xlsx
208346966922518,2025-06-08 15:39:26,delivered,650,32.5,682.5,-12.597586206896551,464.15241379310345,71.40806366047745,185.84758620689655,28.591936339522544,invoice Annexure_708466_18062025_1750240993036.xlsx
208346592697854,2025-06-08 15:33:12,delivered,335,16.76,351.76,-12.597586206896551,245.28241379310344,73.21863098301596,89.71758620689656,26.781369016984048,invoice Annexure_708466_18062025_1750240993036.xlsx
208277838992593,2025-06-07 20:27:18,delivered,179,8.96,187.95999999999998,-58.03952380952381,79.75047619047618,44.553338653897306,99.24952380952382,55.4466613461027,invoice Annexure_708466_11062025_1749651621472.xlsx
208261931190392,2025-06-07 16:02:11,delivered,565,28.26,593.26,-58.03952380952381,376.9104761904762,66.70981879477455,188.08952380952383,33.29018120522546,invoice Annexure_708466_11062025_1749651621472.xlsx
208250442613351,2025-06-07 12:50:42,delivered,919,45.96,964.96,-58.03952380952381,649.4004761904763,70.6638167780714,269.5995238095237,29.336183221928586,invoice Annexure_708466_11062025_1749651621472.xlsx
208187820441113,2025-06-06 19:27:00,delivered,275,13.76,288.76,-58.03952380952381,153.6404761904762,55.86926406926407,121.35952380952381,44.13073593073593,invoice Annexure_708466_11062025_1749651621472.xlsx
208177082382092,2025-06-06 16:28:02,delivered,564,28.2,592.2,-58.03952380952381,376.1304761904762,66.68980074299223,187.8695238095238,33.31019925700777,invoice Annexure_708466_11062025_1749651621472.xlsx
208098981970005,2025-06-05 18:46:21,delivered,275,13.76,288.76,-58.03952380952381,153.6404761904762,55.86926406926407,121.35952380952381,44.13073593073593,invoice Annexure_708466_11062025_1749651621472.xlsx
208096768945677,2025-06-05 18:09:28,delivered,770,38.5,808.5,-58.03952380952381,511.1004761904762,66.37668521954237,258.8995238095238,33.62331478045764,invoice Annexure_708466_11062025_1749651621472.xlsx
208095111193347,2025-06-05 17:41:51,delivered,375,18.76,393.76,-58.03952380952381,212.9304761904762,56.78146031746032,162.0695238095238,43.21853968253968,invoice Annexure_708466_11062025_1749651621472.xlsx
207987794309200,2025-06-04 11:53:14,delivered,225,11.26,236.26,-58.03952380952381,97.46047619047619,43.315767195767194,127.53952380952381,56.684232804232806,invoice Annexure_708466_11062025_1749651621472.xlsx
207926984014587,2025-06-03 18:59:44,delivered,610,30.5,640.5,-58.03952380952381,387.92047619047617,63.5935206869633,222.07952380952383,36.40647931303669,invoice Annexure_708466_11062025_1749651621472.xlsx
207918902265529,2025-06-03 16:45:02,delivered,420,21.0,441.0,-58.03952380952381,265.2504761904762,63.15487528344672,154.7495238095238,36.845124716553286,invoice Annexure_708466_11062025_1749651621472.xlsx
207844784026249,2025-06-02 20:09:44,delivered,395,19.76,414.76,-58.03952380952381,246.0204761904762,62.283664858348395,148.9795238095238,37.7163351416516,invoice Annexure_708466_11062025_1749651621472.xlsx
207838370297462,2025-06-02 18:22:50,delivered,510,25.5,535.5,-58.03952380952381,334.5604761904762,65.6000933706816,175.4395238095238,34.39990662931839,invoice Annexure_708466_11062025_1749651621472.xlsx
207837753228915,2025-06-02 18:12:33,delivered,125,6.26,131.26,-58.03952380952381,38.1904761904762,30.552380952380958,86.8095238095238,69.44761904761904,invoice Annexure_708466_11062025_1749651621472.xlsx
207815472339121,2025-06-02 12:01:12,delivered,399,19.96,418.96000000000004,-58.03952380952381,225.5104761904762,56.51891633846521,173.4895238095238,43.48108366153479,invoice Annexure_708466_11062025_1749651621472.xlsx
207812060679599,2025-06-02 11:04:20,delivered,1034,51.7,1085.6999999999998,-58.03952380952381,737.9304761904763,71.3665837708391,296.06952380952373,28.6334162291609,invoice Annexure_708466_11062025_1749651621472.xlsx
207761796473978,2025-06-01 21:06:36,delivered,275,13.76,288.76,-58.03952380952381,153.6404761904762,55.86926406926407,121.35952380952381,44.13073593073593,invoice Annexure_708466_11062025_1749651621472.xlsx
207759132886207,2025-06-01 20:22:12,delivered,399,19.96,418.96000000000004,-58.03952380952381,225.5104761904762,56.51891633846521,173.4895238095238,43.48108366153479,invoice Annexure_708466_11062025_1749651621472.xlsx
207757806462281,2025-06-01 20:00:06,delivered,335,16.76,351.76,-58.03952380952381,199.84047619047618,59.653873489694384,135.15952380952382,40.346126510305616,invoice Annexure_708466_11062025_1749651621472.xlsx
207755346901190,2025-06-01 19:19:06,delivered,510,25.5,535.5,-58.03952380952381,334.5604761904762,65.6000933706816,175.4395238095238,34.39990662931839,invoice Annexure_708466_11062025_1749651621472.xlsx
207752429962626,2025-06-01 18:30:29,delivered,770,38.5,808.5,-58.03952380952381,511.1004761904762,66.37668521954237,258.8995238095238,33.62331478045764,invoice Annexure_708466_11062025_1749651621472.xlsx
207673461086465,2025-05-31 20:34:21,delivered,325,16.26,341.26,-19.55186046511628,230.63813953488372,70.96558139534885,94.36186046511628,29.03441860465116,invoice Annexure_708466_04062025_1749046608166.xlsx
207668752397850,2025-05-31 19:15:52,delivered,315,15.76,330.76,-19.55186046511628,222.91813953488372,70.76766334440752,92.08186046511628,29.232336655592466,invoice Annexure_708466_04062025_1749046608166.xlsx
207667790472030,2025-05-31 18:59:50,delivered,295,14.76,309.76,-19.55186046511628,207.52813953488373,70.34852187623177,87.47186046511627,29.65147812376823,invoice Annexure_708466_04062025_1749046608166.xlsx
207661715983448,2025-05-31 17:18:35,delivered,550,27.5,577.5,-19.55186046511628,380.2381395348837,69.13420718816067,169.76186046511629,30.865792811839327,invoice Annexure_708466_04062025_1749046608166.xlsx
207655534647145,2025-05-31 15:35:34,delivered,535,26.76,561.76,-19.55186046511628,392.2681395348837,73.32114757661378,142.7318604651163,26.67885242338623,invoice Annexure_708466_04062025_1749046608166.xlsx
207588456899806,2025-05-30 20:57:36,delivered,460,23.0,483.0,-19.55186046511628,334.5481395348837,72.72785642062689,125.45186046511628,27.272143579373104,invoice Annexure_708466_04062025_1749046608166.xlsx
207586277475772,2025-05-30 20:21:17,delivered,2401,120.06,2521.0600000000004,-19.55186046511628,1805.1181395348838,75.18193000978275,595.8818604651162,24.818069990217253,invoice Annexure_708466_04062025_1749046608166.xlsx
207582821234394,2025-05-30 19:23:41,delivered,484,24.2,508.20000000000005,-19.55186046511628,353.0281395348837,72.93969825100902,130.97186046511632,27.060301748990977,invoice Annexure_708466_04062025_1749046608166.xlsx
207575259047993,2025-05-30 17:17:39,delivered,275,13.76,288.76,-19.55186046511628,174.4281395348837,63.42841437632135,100.57186046511629,36.57158562367865,invoice Annexure_708466_04062025_1749046608166.xlsx
207567327957786,2025-05-30 15:05:27,delivered,775,38.76,813.76,-19.55186046511628,553.4281395348837,71.41008252063016,221.5718604651163,28.58991747936984,invoice Annexure_708466_04062025_1749046608166.xlsx
207564654177889,2025-05-30 14:20:54,delivered,420,21.0,441.0,-19.55186046511628,280.1381395348837,66.69955703211517,139.8618604651163,33.300442967884834,invoice Annexure_708466_04062025_1749046608166.xlsx
207493021297583,2025-05-29 18:27:01,delivered,275,13.76,288.76,-19.55186046511628,174.4281395348837,63.42841437632135,100.57186046511629,36.57158562367865,invoice Annexure_708466_04062025_1749046608166.xlsx
207484463482362,2025-05-29 16:04:23,delivered,550,27.5,577.5,-19.55186046511628,403.8381395348837,73.42511627906975,146.16186046511632,26.57488372093024,invoice Annexure_708466_04062025_1749046608166.xlsx
207482423464382,2025-05-29 15:30:23,delivered,1040,52.0,1092.0,-19.55186046511628,781.0281395348837,75.0988595706619,258.97186046511627,24.901140429338103,invoice Annexure_708466_04062025_1749046608166.xlsx
207473872181057,2025-05-29 13:07:52,delivered,395,19.76,414.76,-19.55186046511628,260.9081395348837,66.05269355313511,134.09186046511633,33.94730644686489,invoice Annexure_708466_04062025_1749046608166.xlsx
207469911387753,2025-05-29 12:01:51,delivered,399,19.96,418.96000000000004,-19.55186046511628,287.59813953488367,72.07973421926908,111.40186046511633,27.920265780730908,invoice Annexure_708466_04062025_1749046608166.xlsx
207415863329422,2025-05-28 21:01:03,delivered,179,8.96,187.95999999999998,-19.55186046511628,118.23813953488371,66.05482655580096,60.761860465116285,33.94517344419904,invoice Annexure_708466_04062025_1749046608166.xlsx
207412975694317,2025-05-28 20:12:55,delivered,275,13.76,288.76,-19.55186046511628,192.12813953488373,69.864778012685,82.87186046511627,30.13522198731501,invoice Annexure_708466_04062025_1749046608166.xlsx
207402214941656,2025-05-28 17:13:34,delivered,325,16.26,341.26,-19.55186046511628,230.63813953488372,70.96558139534885,94.36186046511628,29.03441860465116,invoice Annexure_708466_04062025_1749046608166.xlsx
207398500277253,2025-05-28 16:11:40,delivered,750,37.5,787.5,-19.55186046511628,534.1881395348837,71.22508527131782,215.8118604651163,28.774914728682173,invoice Annexure_708466_04062025_1749046608166.xlsx
207398225763373,2025-05-28 16:07:05,delivered,470,23.5,493.5,-19.55186046511628,342.2581395348837,72.82088075210291,127.7418604651163,27.179119247897088,invoice Annexure_708466_04062025_1749046608166.xlsx
207320971777435,2025-05-27 18:39:31,delivered,449,22.46,471.46000000000004,-19.55186046511628,326.0781395348837,72.62319366033044,122.92186046511631,27.376806339669557,invoice Annexure_708466_04062025_1749046608166.xlsx
207319973837520,2025-05-27 18:22:53,delivered,235,11.76,246.76,-19.55186046511628,143.63813953488372,61.12261256803563,91.36186046511628,38.87738743196437,invoice Annexure_708466_04062025_1749046608166.xlsx
207313495886967,2025-05-27 16:34:55,delivered,275,13.76,288.76,-19.55186046511628,192.12813953488373,69.864778012685,82.87186046511627,30.13522198731501,invoice Annexure_708466_04062025_1749046608166.xlsx
207300673736854,2025-05-27 13:01:13,delivered,275,13.76,288.76,-19.55186046511628,192.12813953488373,69.864778012685,82.87186046511627,30.13522198731501,invoice Annexure_708466_04062025_1749046608166.xlsx
207295112259111,2025-05-27 11:28:32,delivered,365,18.26,383.26,-19.55186046511628,261.4281395348837,71.62414781777636,103.57186046511629,28.375852182223642,invoice Annexure_708466_04062025_1749046608166.xlsx
207294165578999,2025-05-27 11:12:45,delivered,275,13.76,288.76,-19.55186046511628,162.62813953488373,59.13750528541226,112.37186046511627,40.86249471458773,invoice Annexure_708466_04062025_1749046608166.xlsx
207245822260255,2025-05-26 21:47:02,delivered,890,44.5,934.5,-19.55186046511628,665.5581395348837,74.78181343088582,224.4418604651163,25.21818656911419,invoice Annexure_708466_04062025_1749046608166.xlsx
207242348135147,2025-05-26 20:49:08,delivered,335,16.76,351.76,-19.55186046511628,220.62813953488373,65.85914612981604,114.37186046511627,34.14085387018396,invoice Annexure_708466_04062025_1749046608166.xlsx
207234132596193,2025-05-26 18:32:12,delivered,550,27.5,577.5,-19.55186046511628,403.8381395348837,73.42511627906975,146.16186046511632,26.57488372093024,invoice Annexure_708466_04062025_1749046608166.xlsx
207228898584972,2025-05-26 17:04:58,delivered,410,20.5,430.5,-19.55186046511628,296.0581395348837,72.20930232558139,113.94186046511629,27.790697674418606,invoice Annexure_708466_04062025_1749046608166.xlsx
207227749312939,2025-05-26 16:45:49,delivered,660,33.0,693.0,-19.55186046511628,476.6981395348837,72.22699083861875,183.3018604651163,27.773009161381257,invoice Annexure_708466_04062025_1749046608166.xlsx
207214475276110,2025-05-26 13:04:35,delivered,615,30.76,645.76,-19.55186046511628,430.2581395348837,69.96067309510305,184.7418604651163,30.039326904896964,invoice Annexure_708466_04062025_1749046608166.xlsx
207209841838076,2025-05-26 11:47:21,delivered,275,13.76,288.76,-19.55186046511628,174.4281395348837,63.42841437632135,100.57186046511629,36.57158562367865,invoice Annexure_708466_04062025_1749046608166.xlsx
207209322477263,2025-05-26 11:38:42,delivered,634,31.7,665.7,-19.55186046511628,444.8881395348837,70.1716308414643,189.1118604651163,29.828369158535693,invoice Annexure_708466_04062025_1749046608166.xlsx
207157244319067,2025-05-25 21:10:44,delivered,480,24.0,504.0,-19.55186046511628,349.9481395348837,72.90586240310077,130.0518604651163,27.09413759689923,invoice Annexure_708466_04062025_1749046608166.xlsx
207155964993777,2025-05-25 20:49:24,delivered,355,17.76,372.76,-19.55186046511628,253.7181395348837,71.46989846053063,101.2818604651163,28.530101539469378,invoice Annexure_708466_04062025_1749046608166.xlsx
207149965839872,2025-05-25 19:09:25,delivered,335,16.76,351.76,-19.55186046511628,238.32813953488372,71.14272821936828,96.67186046511628,28.857271780631727,invoice Annexure_708466_04062025_1749046608166.xlsx
207147130318139,2025-05-25 18:22:10,delivered,470,23.5,493.5,-19.55186046511628,342.2581395348837,72.82088075210291,127.7418604651163,27.179119247897088,invoice Annexure_708466_04062025_1749046608166.xlsx
207146778178980,2025-05-25 18:16:18,delivered,275,13.76,288.76,-19.55186046511628,192.12813953488373,69.864778012685,82.87186046511627,30.13522198731501,invoice Annexure_708466_04062025_1749046608166.xlsx
207140833504114,2025-05-25 16:37:13,delivered,869,43.46,912.46,-19.55186046511628,625.7781395348837,72.01129338721331,243.22186046511627,27.988706612786686,invoice Annexure_708466_04062025_1749046608166.xlsx
207140364653897,2025-05-25 16:29:24,delivered,275,13.76,288.76,-19.55186046511628,192.12813953488373,69.864778012685,82.87186046511627,30.13522198731501,invoice Annexure_708466_04062025_1749046608166.xlsx
207126074602176,2025-05-25 12:31:14,delivered,275,13.76,288.76,-19.55186046511628,174.4281395348837,63.42841437632135,100.57186046511629,36.57158562367865,invoice Annexure_708466_04062025_1749046608166.xlsx
207073621049160,2025-05-24 21:57:01,cancelled,315,0.0,315.0,-24.26975,172.47025000000002,54.752460317460326,142.52974999999998,45.24753968253968,invoice Annexure_708466_28052025_1748438123345.xlsx
207065739402850,2025-05-24 19:45:39,delivered,335,16.76,351.76,-24.26975,233.61025,69.73440298507462,101.38974999999999,30.265597014925373,invoice Annexure_708466_28052025_1748438123345.xlsx
207064892698710,2025-05-24 19:31:32,delivered,265,13.26,278.26,-24.26975,179.73025,67.8227358490566,85.26974999999999,32.177264150943394,invoice Annexure_708466_28052025_1748438123345.xlsx
207059916395526,2025-05-24 18:08:36,delivered,455,22.76,477.76,-24.26975,325.98025,71.64401098901098,129.01975,28.355989010989006,invoice Annexure_708466_28052025_1748438123345.xlsx
207047054426350,2025-05-24 14:34:14,delivered,510,25.5,535.5,-24.26975,368.33025000000004,72.22161764705884,141.66974999999996,27.778382352941172,invoice Annexure_708466_28052025_1748438123345.xlsx
207038335310169,2025-05-24 12:08:55,delivered,275,13.76,288.76,-24.26975,169.71025,61.712818181818186,105.28975,38.28718181818182,invoice Annexure_708466_28052025_1748438123345.xlsx
207034681958053,2025-05-24 11:08:01,delivered,540,27.0,567.0,-24.26975,391.41025,72.48337962962962,148.58974999999998,27.516620370370365,invoice Annexure_708466_28052025_1748438123345.xlsx
206986399849101,2025-05-23 21:43:19,delivered,599,29.96,628.96,-24.26975,436.83025000000004,72.92658597662772,162.16974999999996,27.073414023372283,invoice Annexure_708466_28052025_1748438123345.xlsx
206975559193556,2025-05-23 18:42:39,delivered,365,18.26,383.26,-24.26975,256.71025000000003,70.33157534246575,108.28974999999997,29.66842465753424,invoice Annexure_708466_28052025_1748438123345.xlsx
206974807128207,2025-05-23 18:30:07,delivered,1020,51.0,1071.0,-24.26975,737.2902499999999,72.28335784313724,282.7097500000001,27.716642156862754,invoice Annexure_708466_28052025_1748438123345.xlsx
206974275416493,2025-05-23 18:21:15,delivered,839,41.96,880.96,-24.26975,621.57025,74.08465435041717,217.42975,25.91534564958284,invoice Annexure_708466_28052025_1748438123345.xlsx
206973470615845,2025-05-23 18:07:50,delivered,535,26.76,561.76,-24.26975,363.95025000000004,68.02808411214954,171.04974999999996,31.97191588785046,invoice Annexure_708466_28052025_1748438123345.xlsx
206968172795652,2025-05-23 16:39:32,delivered,305,15.26,320.26,-24.26975,210.52025,69.02303278688525,94.47975,30.976967213114754,invoice Annexure_708466_28052025_1748438123345.xlsx
206966758526569,2025-05-23 16:15:58,delivered,510,25.5,535.5,-24.26975,368.33025000000004,72.22161764705884,141.66974999999996,27.778382352941172,invoice Annexure_708466_28052025_1748438123345.xlsx
206963204884853,2025-05-23 15:16:44,delivered,225,11.26,236.26,-24.26975,148.93025,66.19122222222222,76.06975,33.80877777777778,invoice Annexure_708466_28052025_1748438123345.xlsx
206894126667322,2025-05-22 20:05:26,delivered,1098,54.9,1152.9,-24.26975,797.36025,72.61933060109288,300.63975000000005,27.38066939890711,invoice Annexure_708466_28052025_1748438123345.xlsx
206893975738974,2025-05-22 20:02:55,delivered,335,16.76,351.76,-24.26975,233.61025,69.73440298507462,101.38974999999999,30.265597014925373,invoice Annexure_708466_28052025_1748438123345.xlsx
206888741989596,2025-05-22 18:35:41,delivered,550,27.5,577.5,-24.26975,375.52025000000003,68.2764090909091,174.47974999999997,31.723590909090905,invoice Annexure_708466_28052025_1748438123345.xlsx
206883356021071,2025-05-22 17:05:56,delivered,275,13.76,288.76,-24.26975,187.41025000000002,68.14918181818183,87.58974999999998,31.850818181818173,invoice Annexure_708466_28052025_1748438123345.xlsx
206868444731321,2025-05-22 12:57:24,delivered,975,48.76,1023.76,-24.26975,726.2702499999999,74.4892564102564,248.72975000000008,25.5107435897436,invoice Annexure_708466_28052025_1748438123345.xlsx
206809233342872,2025-05-21 20:30:33,delivered,570,28.5,598.5,-24.26975,414.50025,72.71934210526315,155.49975,27.280657894736844,invoice Annexure_708466_28052025_1748438123345.xlsx
206803074776545,2025-05-21 18:47:54,delivered,755,37.76,792.76,-24.26975,556.9002499999999,73.76162251655629,198.09975000000009,26.23837748344372,invoice Annexure_708466_28052025_1748438123345.xlsx
206798049791998,2025-05-21 17:24:09,delivered,559,27.96,586.96,-24.26975,406.02025000000003,72.6333184257603,152.97974999999997,27.36668157423971,invoice Annexure_708466_28052025_1748438123345.xlsx
206791788651362,2025-05-21 15:39:48,delivered,365,18.26,383.26,-24.26975,239.01024999999998,65.4822602739726,125.98975000000002,34.5177397260274,invoice Annexure_708466_28052025_1748438123345.xlsx
206787054627283,2025-05-21 14:20:54,delivered,330,16.5,346.5,-24.26975,212.06025000000002,64.26068181818184,117.93974999999998,35.73931818181818,invoice Annexure_708466_28052025_1748438123345.xlsx
206779998859242,2025-05-21 12:23:18,delivered,395,19.76,414.76,-24.26975,279.79025,70.83297468354431,115.20974999999999,29.167025316455693,invoice Annexure_708466_28052025_1748438123345.xlsx
206723012869254,2025-05-20 20:33:32,delivered,335,16.76,351.76,-24.26975,233.61025,69.73440298507462,101.38974999999999,30.265597014925373,invoice Annexure_708466_28052025_1748438123345.xlsx
206716300609287,2025-05-20 18:41:40,delivered,394,19.7,413.70000000000005,-24.26975,255.43025,64.83001269035533,138.56975,35.16998730964467,invoice Annexure_708466_28052025_1748438123345.xlsx
206714964998107,2025-05-20 18:19:24,delivered,275,13.76,288.76,-24.26975,187.41025000000002,68.14918181818183,87.58974999999998,31.850818181818173,invoice Annexure_708466_28052025_1748438123345.xlsx
206695991010780,2025-05-20 13:03:11,delivered,660,33.0,693.0,-24.26975,483.78025,73.30003787878788,176.21974999999998,26.699962121212117,invoice Annexure_708466_28052025_1748438123345.xlsx
206640175286422,2025-05-19 21:32:55,delivered,599,29.96,628.96,-24.26975,436.83025000000004,72.92658597662772,162.16974999999996,27.073414023372283,invoice Annexure_708466_28052025_1748438123345.xlsx
206628023679493,2025-05-19 18:10:23,delivered,755,37.76,792.76,-24.26975,533.30025,70.63579470198675,221.69975,29.364205298013246,invoice Annexure_708466_28052025_1748438123345.xlsx
206623220585682,2025-05-19 16:50:20,delivered,205,10.26,215.26,-24.26975,115.84025000000001,56.50743902439025,89.15974999999999,43.49256097560975,invoice Annexure_708466_28052025_1748438123345.xlsx
206554583038408,2025-05-18 21:46:23,delivered,275,13.76,288.76,-24.26975,187.41025000000002,68.14918181818183,87.58974999999998,31.850818181818173,invoice Annexure_708466_28052025_1748438123345.xlsx
206551873276065,2025-05-18 21:01:13,delivered,395,19.76,414.76,-24.26975,279.79025,70.83297468354431,115.20974999999999,29.167025316455693,invoice Annexure_708466_28052025_1748438123345.xlsx
206543664904019,2025-05-18 18:44:24,delivered,464,23.2,487.20000000000005,-24.26975,332.91025,71.74789870689655,131.08974999999998,28.252101293103443,invoice Annexure_708466_28052025_1748438123345.xlsx
206541806414021,2025-05-18 18:13:26,delivered,1215,48.86,1026.176,-24.26975,728.07025,59.92347736625514,486.92975,40.07652263374485,invoice Annexure_708466_28052025_1748438123345.xlsx
206528444797682,2025-05-18 14:30:44,delivered,335,16.76,351.76,-24.26975,233.61025,69.73440298507462,101.38974999999999,30.265597014925373,invoice Annexure_708466_28052025_1748438123345.xlsx
206516846809547,2025-05-18 11:17:26,delivered,275,13.76,288.76,-24.26975,187.41025000000002,68.14918181818183,87.58974999999998,31.850818181818173,invoice Annexure_708466_28052025_1748438123345.xlsx
206516720335257,2025-05-18 11:15:20,delivered,549,27.46,576.46,-24.26975,398.35025,72.55924408014572,150.64974999999998,27.440755919854276,invoice Annexure_708466_28052025_1748438123345.xlsx
206464832745508,2025-05-17 20:50:32,delivered,555,27.76,582.76,-24.856875000000002,402.353125,72.49605855855854,152.64687500000002,27.503941441441444,invoice Annexure_708466_21052025_1747829848234.xlsx
206462218293903,2025-05-17 20:06:58,delivered,335,16.76,351.76,-24.856875000000002,233.023125,69.55914179104478,101.976875,30.440858208955223,invoice Annexure_708466_21052025_1747829848234.xlsx
206460047423881,2025-05-17 19:30:47,delivered,275,13.76,288.76,-24.856875000000002,186.823125,67.93568181818182,88.176875,32.06431818181818,invoice Annexure_708466_21052025_1747829848234.xlsx
206455259470660,2025-05-17 18:10:59,delivered,315,15.76,330.76,-24.856875000000002,217.613125,69.08353174603175,97.386875,30.916468253968254,invoice Annexure_708466_21052025_1747829848234.xlsx
206451402330400,2025-05-17 17:06:42,delivered,510,25.5,535.5,-24.856875000000002,367.743125,72.10649509803922,142.25687499999998,27.89350490196078,invoice Annexure_708466_21052025_1747829848234.xlsx
206371526212715,2025-05-16 18:55:26,delivered,295,14.76,309.76,-24.856875000000002,202.223125,68.55021186440679,92.77687499999999,31.449788135593217,invoice Annexure_708466_21052025_1747829848234.xlsx
206288611076714,2025-05-15 19:53:31,delivered,510,25.5,535.5,-24.856875000000002,367.743125,72.10649509803922,142.25687499999998,27.89350490196078,invoice Annexure_708466_21052025_1747829848234.xlsx
206287206356413,2025-05-15 19:30:06,delivered,694,34.7,728.7,-24.856875000000002,485.763125,69.99468659942363,208.236875,30.005313400576366,invoice Annexure_708466_21052025_1747829848234.xlsx
206275946660960,2025-05-15 16:22:26,delivered,899,40.46,849.5600000000001,-24.856875000000002,597.983125,66.5164766407119,301.016875,33.4835233592881,invoice Annexure_708466_21052025_1747829848234.xlsx
206270965965130,2025-05-15 14:59:25,delivered,1000,45.0,945.0,-24.856875000000002,667.933125,66.7933125,332.066875,33.2066875,invoice Annexure_708466_21052025_1747829848234.xlsx
206204769701850,2025-05-14 20:36:09,delivered,295,14.76,309.76,-24.856875000000002,202.223125,68.55021186440679,92.77687499999999,31.449788135593217,invoice Annexure_708466_21052025_1747829848234.xlsx
206198517460817,2025-05-14 18:51:57,delivered,1040,46.8,982.8,-24.856875000000002,695.653125,66.88972355769232,344.34687499999995,33.11027644230769,invoice Annexure_708466_21052025_1747829848234.xlsx
206179302914672,2025-05-14 13:31:42,delivered,1020,45.9,963.9000000000001,-24.856875000000002,681.8031249999999,66.84344362745097,338.1968750000001,33.156556372549026,invoice Annexure_708466_21052025_1747829848234.xlsx
206172462155334,2025-05-14 11:37:42,delivered,730,36.5,766.5,-24.856875000000002,537.0931250000001,73.57440068493152,192.9068749999999,26.42559931506848,invoice Annexure_708466_21052025_1747829848234.xlsx
206121050557003,2025-05-13 21:20:50,delivered,1040,46.8,982.8,-24.856875000000002,695.653125,66.88972355769232,344.34687499999995,33.11027644230769,invoice Annexure_708466_21052025_1747829848234.xlsx
206119634423067,2025-05-13 20:57:14,cancelled,0,0.0,0.0,-24.856875000000002,-148.476875,-inf,148.476875,inf,invoice Annexure_708466_21052025_1747829848234.xlsx
206117404776739,2025-05-13 20:20:04,delivered,480,24.0,504.0,-24.856875000000002,344.643125,71.80065104166667,135.356875,28.19934895833333,invoice Annexure_708466_21052025_1747829848234.xlsx
206116137162490,2025-05-13 19:58:57,delivered,265,13.26,278.26,-24.856875000000002,179.143125,67.60117924528302,85.856875,32.398820754716986,invoice Annexure_708466_21052025_1747829848234.xlsx
206113290302690,2025-05-13 19:11:30,delivered,525,26.26,551.26,-24.856875000000002,379.303125,72.24821428571428,145.69687499999998,27.75178571428571,invoice Annexure_708466_21052025_1747829848234.xlsx
206105864089272,2025-05-13 17:07:44,delivered,265,13.26,278.26,-24.856875000000002,179.143125,67.60117924528302,85.856875,32.398820754716986,invoice Annexure_708466_21052025_1747829848234.xlsx
206104883392372,2025-05-13 16:51:23,delivered,515,25.76,540.76,-24.856875000000002,347.963125,67.56565533980582,167.036875,32.43434466019418,invoice Annexure_708466_21052025_1747829848234.xlsx
206103139701591,2025-05-13 16:22:19,delivered,305,15.26,320.26,-24.856875000000002,209.933125,68.83053278688524,95.06687500000001,31.16946721311476,invoice Annexure_708466_21052025_1747829848234.xlsx
206100506986083,2025-05-13 15:38:26,delivered,630,31.5,661.5,-24.856875000000002,460.093125,73.03065476190476,169.906875,26.969345238095237,invoice Annexure_708466_21052025_1747829848234.xlsx
206098300887782,2025-05-13 15:01:40,delivered,265,13.26,278.26,-24.856875000000002,179.143125,67.60117924528302,85.856875,32.398820754716986,invoice Annexure_708466_21052025_1747829848234.xlsx
206002289794835,2025-05-12 12:21:29,delivered,375,18.76,393.76,-24.856875000000002,246.11312500000003,65.63016666666668,128.88687499999997,34.369833333333325,invoice Annexure_708466_21052025_1747829848234.xlsx
205942707617690,2025-05-11 19:48:27,delivered,1035,47.1,989.1099999999999,-24.856875000000002,700.2931249999999,67.66117149758453,334.7068750000001,32.33882850241547,invoice Annexure_708466_21052025_1747829848234.xlsx
205941281423719,2025-05-11 19:24:41,delivered,265,13.26,278.26,-24.856875000000002,161.443125,60.92193396226415,103.55687499999999,39.07806603773585,invoice Annexure_708466_21052025_1747829848234.xlsx
205931421592311,2025-05-11 16:40:21,delivered,265,13.26,278.26,-24.856875000000002,161.443125,60.92193396226415,103.55687499999999,39.07806603773585,invoice Annexure_708466_21052025_1747829848234.xlsx
205930200087544,2025-05-11 16:20:00,delivered,704,35.2,739.2,-24.856875000000002,517.0831250000001,73.44930752840911,186.9168749999999,26.550692471590892,invoice Annexure_708466_21052025_1747829848234.xlsx
205928266110392,2025-05-11 15:47:46,delivered,640,32.0,672.0,-24.856875000000002,467.803125,73.09423828125,172.19687499999998,26.90576171875,invoice Annexure_708466_21052025_1747829848234.xlsx
205924029581173,2025-05-11 14:37:09,delivered,225,11.26,236.26,-24.856875000000002,130.643125,58.063611111111115,94.356875,41.93638888888889,invoice Annexure_708466_21052025_1747829848234.xlsx
205917689050428,2025-05-11 12:51:29,delivered,265,13.26,278.26,-24.856875000000002,179.143125,67.60117924528302,85.856875,32.398820754716986,invoice Annexure_708466_21052025_1747829848234.xlsx
205857735972778,2025-05-10 20:12:15,delivered,265,13.26,278.26,-22.769444444444446,181.23055555555555,68.38888888888889,83.76944444444445,31.61111111111111,invoice Annexure_708466_14052025_1747220309745.xlsx
205851853042239,2025-05-10 18:34:13,delivered,765,34.72,729.22,-22.769444444444446,511.85055555555556,66.90856935366739,253.14944444444444,33.09143064633261,invoice Annexure_708466_14052025_1747220309745.xlsx
205848851194132,2025-05-10 17:44:11,delivered,530,26.5,556.5,-22.769444444444446,385.23055555555555,72.68501048218029,144.76944444444445,27.314989517819704,invoice Annexure_708466_14052025_1747220309745.xlsx
205843288695307,2025-05-10 16:11:28,delivered,265,13.26,278.26,-22.769444444444446,181.23055555555555,68.38888888888889,83.76944444444445,31.61111111111111,invoice Annexure_708466_14052025_1747220309745.xlsx
205840237648513,2025-05-10 15:20:37,delivered,384,19.2,403.20000000000005,-22.769444444444446,272.82055555555553,71.04701967592591,111.17944444444447,28.95298032407408,invoice Annexure_708466_14052025_1747220309745.xlsx
205826245426547,2025-05-10 11:27:25,delivered,480,24.0,504.0,-22.769444444444446,346.73055555555555,72.2355324074074,133.26944444444445,27.764467592592595,invoice Annexure_708466_14052025_1747220309745.xlsx
205767071490154,2025-05-09 19:01:11,delivered,265,13.26,278.26,-22.769444444444446,163.53055555555557,61.70964360587002,101.46944444444443,38.29035639412998,invoice Annexure_708466_14052025_1747220309745.xlsx
205751353855648,2025-05-09 14:39:13,delivered,725,36.26,761.26,-22.769444444444446,511.73055555555555,70.58352490421456,213.26944444444445,29.416475095785437,invoice Annexure_708466_14052025_1747220309745.xlsx
205747937258551,2025-05-09 13:42:17,delivered,620,31.0,651.0,-22.769444444444446,454.49055555555555,73.30492831541218,165.50944444444445,26.695071684587816,invoice Annexure_708466_14052025_1747220309745.xlsx
205690965908132,2025-05-08 21:52:45,delivered,970,48.5,1018.5,-22.769444444444446,700.3205555555555,72.1979954180985,269.67944444444447,27.80200458190149,invoice Annexure_708466_14052025_1747220309745.xlsx
205674134462626,2025-05-08 17:12:14,delivered,675,33.76,708.76,-22.769444444444446,496.8205555555556,73.60304526748972,178.1794444444444,26.396954732510284,invoice Annexure_708466_14052025_1747220309745.xlsx
205659012033348,2025-05-08 13:00:12,delivered,325,16.26,341.26,-22.769444444444446,209.72055555555556,64.52940170940171,115.27944444444444,35.47059829059829,invoice Annexure_708466_14052025_1747220309745.xlsx
205603856819406,2025-05-07 21:40:56,delivered,295,14.76,309.76,-22.769444444444446,204.31055555555557,69.25781544256121,90.68944444444443,30.74218455743879,invoice Annexure_708466_14052025_1747220309745.xlsx
205598598444561,2025-05-07 20:13:18,delivered,914,45.7,959.7,-22.769444444444446,680.8205555555555,74.48802577194262,233.17944444444447,25.511974228057383,invoice Annexure_708466_14052025_1747220309745.xlsx
205593731854926,2025-05-07 18:52:11,delivered,265,13.26,278.26,-22.769444444444446,163.53055555555557,61.70964360587002,101.46944444444443,38.29035639412998,invoice Annexure_708466_14052025_1747220309745.xlsx
205592829052400,2025-05-07 18:37:09,delivered,789,35.5,745.6,-22.769444444444446,523.8605555555555,66.39550767497535,265.1394444444445,33.60449232502465,invoice Annexure_708466_14052025_1747220309745.xlsx
205591403255803,2025-05-07 18:13:23,delivered,325,16.26,341.26,-22.769444444444446,227.42055555555555,69.97555555555556,97.57944444444445,30.02444444444445,invoice Annexure_708466_14052025_1747220309745.xlsx
205589465570059,2025-05-07 17:41:05,delivered,520,26.0,546.0,-22.769444444444446,377.5205555555556,72.60010683760683,142.47944444444443,27.39989316239316,invoice Annexure_708466_14052025_1747220309745.xlsx
205581052810399,2025-05-07 15:20:52,delivered,265,13.26,278.26,-22.769444444444446,163.53055555555557,61.70964360587002,101.46944444444443,38.29035639412998,invoice Annexure_708466_14052025_1747220309745.xlsx
205580913935077,2025-05-07 15:18:33,delivered,265,13.26,278.26,-22.769444444444446,181.23055555555555,68.38888888888889,83.76944444444445,31.61111111111111,invoice Annexure_708466_14052025_1747220309745.xlsx
205507088466641,2025-05-06 18:48:08,delivered,530,26.5,556.5,-22.769444444444446,385.23055555555555,72.68501048218029,144.76944444444445,27.314989517819704,invoice Annexure_708466_14052025_1747220309745.xlsx
205503670232869,2025-05-06 17:51:10,delivered,495,24.76,519.76,-22.769444444444446,334.66055555555556,67.60819304152638,160.33944444444444,32.39180695847362,invoice Annexure_708466_14052025_1747220309745.xlsx
205498437313372,2025-05-06 16:23:57,delivered,435,21.76,456.76,-22.769444444444446,312.0805555555556,71.74265644955301,122.91944444444442,28.257343550446993,invoice Annexure_708466_14052025_1747220309745.xlsx
205498114067729,2025-05-06 16:18:34,cancelled,435,0.0,435.0,-22.769444444444446,248.91055555555556,57.22081736909323,186.08944444444444,42.77918263090677,invoice Annexure_708466_14052025_1747220309745.xlsx
205497098032680,2025-05-06 16:01:38,delivered,265,13.26,278.26,-22.769444444444446,151.73055555555555,57.25681341719078,113.26944444444445,42.74318658280922,invoice Annexure_708466_14052025_1747220309745.xlsx
205482363119560,2025-05-06 11:56:03,delivered,225,11.26,236.26,-22.769444444444446,150.43055555555554,66.85802469135803,74.56944444444446,33.14197530864198,invoice Annexure_708466_14052025_1747220309745.xlsx
205426666981872,2025-05-05 20:27:46,delivered,125,6.26,131.26,-22.769444444444446,73.46055555555556,58.76844444444445,51.53944444444444,41.23155555555555,invoice Annexure_708466_14052025_1747220309745.xlsx
205424239876647,2025-05-05 19:47:19,delivered,720,36.0,756.0,-22.769444444444446,507.8905555555555,70.5403549382716,212.10944444444448,29.459645061728402,invoice Annexure_708466_14052025_1747220309745.xlsx
205423773696331,2025-05-05 19:39:33,delivered,560,28.0,588.0,-22.769444444444446,408.31055555555554,72.9125992063492,151.68944444444446,27.087400793650794,invoice Annexure_708466_14052025_1747220309745.xlsx
205409416196402,2025-05-05 15:40:16,delivered,495,24.76,519.76,-22.769444444444446,358.2605555555555,72.37586980920314,136.73944444444447,27.624130190796865,invoice Annexure_708466_14052025_1747220309745.xlsx
205401850056071,2025-05-05 13:34:10,delivered,265,13.26,278.26,-22.769444444444446,163.53055555555557,61.70964360587002,101.46944444444443,38.29035639412998,invoice Annexure_708466_14052025_1747220309745.xlsx
205344032199223,2025-05-04 21:30:32,delivered,495,24.76,519.76,-22.769444444444446,334.66055555555556,67.60819304152638,160.33944444444444,32.39180695847362,invoice Annexure_708466_14052025_1747220309745.xlsx
205327762609986,2025-05-04 16:59:22,delivered,265,13.26,278.26,-22.769444444444446,181.23055555555555,68.38888888888889,83.76944444444445,31.61111111111111,invoice Annexure_708466_14052025_1747220309745.xlsx
205326022646034,2025-05-04 16:30:22,delivered,375,18.76,393.76,-22.769444444444446,265.90055555555557,70.90681481481482,109.09944444444443,29.093185185185185,invoice Annexure_708466_14052025_1747220309745.xlsx
205323643947581,2025-05-04 15:50:43,delivered,420,21.0,441.0,-22.769444444444446,300.5205555555556,71.55251322751323,119.47944444444443,28.44748677248677,invoice Annexure_708466_14052025_1747220309745.xlsx
205317014740331,2025-05-04 14:00:14,delivered,325,16.26,341.26,-22.769444444444446,227.42055555555555,69.97555555555556,97.57944444444445,30.02444444444445,invoice Annexure_708466_14052025_1747220309745.xlsx
205253139772530,2025-05-03 20:15:39,delivered,530,26.5,556.5,-4.124782608695653,380.27521739130435,71.75004101722723,149.72478260869565,28.249958982772768,invoice Annexure_708466_07052025_1746618616858.xlsx
205251355412420,2025-05-03 19:45:55,delivered,613,30.66,643.6600000000001,-4.124782608695653,467.76521739130436,76.30753954181148,145.23478260869564,23.69246045818852,invoice Annexure_708466_07052025_1746618616858.xlsx
205249822931625,2025-05-03 19:20:22,delivered,260,13.0,273.0,-4.124782608695653,196.02521739130435,75.3943143812709,63.97478260869565,24.605685618729094,invoice Annexure_708466_07052025_1746618616858.xlsx
205248985986921,2025-05-03 19:06:25,delivered,265,13.26,278.26,-4.124782608695653,199.87521739130435,75.42461033634126,65.12478260869565,24.575389663658736,invoice Annexure_708466_07052025_1746618616858.xlsx
205247948047783,2025-05-03 18:49:08,delivered,890,44.5,934.5,-4.124782608695653,680.9852173913043,76.5151929653151,209.01478260869567,23.484807034684906,invoice Annexure_708466_07052025_1746618616858.xlsx
205244505971215,2025-05-03 17:51:45,delivered,640,32.0,672.0,-4.124782608695653,488.5352173913044,76.33362771739132,151.4647826086956,23.666372282608688,invoice Annexure_708466_07052025_1746618616858.xlsx
205242829095609,2025-05-03 17:23:49,delivered,495,24.76,519.76,-4.124782608695653,353.3052173913044,71.3747913921827,141.69478260869562,28.6252086078173,invoice Annexure_708466_07052025_1746618616858.xlsx
205241553226593,2025-05-03 17:02:33,delivered,784,35.28,740.88,-4.124782608695653,539.0352173913043,68.75449201419698,244.9647826086957,31.245507985803023,invoice Annexure_708466_07052025_1746618616858.xlsx
205236839939122,2025-05-03 15:43:59,delivered,265,13.26,278.26,-4.124782608695653,199.87521739130435,75.42461033634126,65.12478260869565,24.575389663658736,invoice Annexure_708466_07052025_1746618616858.xlsx
205168047815024,2025-05-02 20:37:27,delivered,265,13.26,278.26,-4.124782608695653,199.87521739130435,75.42461033634126,65.12478260869565,24.575389663658736,invoice Annexure_708466_07052025_1746618616858.xlsx
205164723191279,2025-05-02 19:42:03,delivered,325,16.26,341.26,-4.124782608695653,228.36521739130436,70.26622073578595,96.63478260869564,29.733779264214043,invoice Annexure_708466_07052025_1746618616858.xlsx
205163707012843,2025-05-02 19:25:07,delivered,265,13.26,278.26,-4.124782608695653,199.87521739130435,75.42461033634126,65.12478260869565,24.575389663658736,invoice Annexure_708466_07052025_1746618616858.xlsx
205160534237814,2025-05-02 18:32:14,delivered,645,32.26,677.26,-4.124782608695653,492.40521739130435,76.34189416919448,152.59478260869565,23.65810583080553,invoice Annexure_708466_07052025_1746618616858.xlsx
205158300047582,2025-05-02 17:55:00,delivered,590,29.5,619.5,-4.124782608695653,426.4352173913044,72.2771554900516,163.56478260869562,27.722844509948413,invoice Annexure_708466_07052025_1746618616858.xlsx
205154810650059,2025-05-02 16:56:50,cancelled,265,0.0,265.0,-4.124782608695653,101.87521739130435,38.44347826086956,163.12478260869565,61.55652173913043,invoice Annexure_708466_07052025_1746618616858.xlsx
205135311633143,2025-05-02 11:31:51,delivered,315,15.76,330.76,-4.124782608695653,238.34521739130435,75.66514837819186,76.65478260869565,24.334851621808145,invoice Annexure_708466_07052025_1746618616858.xlsx
205079847079243,2025-05-01 20:07:27,delivered,419,20.96,439.96000000000004,-4.124782608695653,318.4252173913044,75.9964719310989,100.57478260869561,24.0035280689011,invoice Annexure_708466_07052025_1746618616858.xlsx
205077513794112,2025-05-01 19:28:33,delivered,840,37.8,793.8,-4.124782608695653,577.8352173913044,68.78990683229814,262.16478260869565,31.210093167701864,invoice Annexure_708466_07052025_1746618616858.xlsx
205075806371960,2025-05-01 19:00:06,delivered,694,34.7,728.7,-4.124782608695653,530.0952173913043,76.382596165894,163.90478260869565,23.617403834106003,invoice Annexure_708466_07052025_1746618616858.xlsx
205072626212841,2025-05-01 18:07:06,delivered,225,11.26,236.26,-4.124782608695653,169.07521739130434,75.14454106280193,55.924782608695665,24.855458937198076,invoice Annexure_708466_07052025_1746618616858.xlsx
205065754238687,2025-05-01 16:12:34,delivered,265,13.26,278.26,-4.124782608695653,199.87521739130435,75.42461033634126,65.12478260869565,24.575389663658736,invoice Annexure_708466_07052025_1746618616858.xlsx
205061766833108,2025-05-01 15:06:06,delivered,195,9.76,204.76,-4.124782608695653,145.96521739130435,74.85395763656634,49.03478260869565,25.14604236343367,invoice Annexure_708466_07052025_1746618616858.xlsx
205051246423169,2025-05-01 12:10:46,delivered,305,15.26,320.26,-4.124782608695653,230.66521739130434,75.6279401282965,74.33478260869566,24.372059871703495,invoice Annexure_708466_07052025_1746618616858.xlsx
204997175528637,2025-04-30 21:09:35,delivered,525,26.26,551.26,-6.082272727272727,398.0777272727273,75.82432900432902,126.92227272727268,24.175670995670988,invoice Annexure_708466_05052025_1746446930119.xlsx
204992212305084,2025-04-30 19:46:52,delivered,410,20.5,430.5,-6.082272727272727,285.9277272727273,69.73847006651886,124.07227272727272,30.261529933481153,invoice Annexure_708466_05052025_1746446930119.xlsx
204991710153173,2025-04-30 19:38:30,delivered,265,13.26,278.26,-6.082272727272727,180.21772727272727,68.00668953687821,84.78227272727273,31.993310463121784,invoice Annexure_708466_05052025_1746446930119.xlsx
204990527084402,2025-04-30 19:18:47,delivered,525,26.26,551.26,-6.082272727272727,374.4777272727273,71.32909090909091,150.5222727272727,28.670909090909085,invoice Annexure_708466_05052025_1746446930119.xlsx
204978658039879,2025-04-30 16:00:58,delivered,325,16.26,341.26,-6.082272727272727,244.10772727272726,75.11006993006993,80.89227272727274,24.889930069930074,invoice Annexure_708466_05052025_1746446930119.xlsx
204975307032978,2025-04-30 15:05:07,delivered,225,11.26,236.26,-6.082272727272727,167.11772727272725,74.27454545454545,57.88227272727275,25.725454545454557,invoice Annexure_708466_05052025_1746446930119.xlsx
204969624889611,2025-04-30 13:30:24,delivered,603,30.16,633.1600000000001,-6.082272727272727,458.0977272727273,75.96977235036937,144.9022727272727,24.030227649630632,invoice Annexure_708466_05052025_1746446930119.xlsx
204902697759945,2025-04-29 18:54:57,delivered,265,13.26,278.26,-6.082272727272727,197.91772727272726,74.68593481989708,67.08227272727274,25.31406518010292,invoice Annexure_708466_05052025_1746446930119.xlsx
204892129073423,2025-04-29 15:58:49,delivered,454,22.7,476.70000000000005,-6.082272727272727,319.8077272727273,70.44223067681217,134.19227272727272,29.557769323187827,invoice Annexure_708466_05052025_1746446930119.xlsx
204891721548165,2025-04-29 15:52:01,delivered,265,13.26,278.26,-6.082272727272727,180.21772727272727,68.00668953687821,84.78227272727273,31.993310463121784,invoice Annexure_708466_05052025_1746446930119.xlsx
204884000218999,2025-04-29 13:43:20,delivered,305,15.26,320.26,-6.082272727272727,228.70772727272725,74.98614008941877,76.29227272727275,25.013859910581225,invoice Annexure_708466_05052025_1746446930119.xlsx
204880424728121,2025-04-29 12:43:44,delivered,265,13.26,278.26,-6.082272727272727,186.11772727272725,70.23310463121784,78.88227272727275,29.76689536878217,invoice Annexure_708466_05052025_1746446930119.xlsx
204827225834883,2025-04-28 21:57:05,delivered,325,16.26,341.26,-6.082272727272727,226.40772727272727,69.66391608391609,98.59227272727273,30.33608391608392,invoice Annexure_708466_05052025_1746446930119.xlsx
204819095879476,2025-04-28 19:41:35,delivered,630,31.5,661.5,-6.082272727272727,478.8677272727273,76.01075036075035,151.13227272727272,23.98924963924964,invoice Annexure_708466_05052025_1746446930119.xlsx
204814980861604,2025-04-28 18:33:00,delivered,449,22.46,471.46000000000004,-6.082272727272727,339.5477272727273,75.62310184247823,109.45227272727271,24.37689815752176,invoice Annexure_708466_05052025_1746446930119.xlsx
204814098597940,2025-04-28 18:18:18,delivered,450,22.5,472.5,-6.082272727272727,340.3377272727273,75.63060606060607,109.6622727272727,24.369393939393934,invoice Annexure_708466_05052025_1746446930119.xlsx
204811726378714,2025-04-28 17:38:46,delivered,580,29.0,609.0,-6.082272727272727,416.7877272727273,71.85995297805643,163.2122727272727,28.14004702194357,invoice Annexure_708466_05052025_1746446930119.xlsx
204811062669028,2025-04-28 17:27:42,delivered,225,11.26,236.26,-6.082272727272727,149.41772727272726,66.40787878787879,75.58227272727274,33.59212121212122,invoice Annexure_708466_05052025_1746446930119.xlsx
204804268208767,2025-04-28 15:34:28,delivered,265,13.26,278.26,-6.082272727272727,186.11772727272725,70.23310463121784,78.88227272727275,29.76689536878217,invoice Annexure_708466_05052025_1746446930119.xlsx
204735753437365,2025-04-27 20:32:33,delivered,670,33.5,703.5,-6.082272727272727,509.6577272727273,76.06831750339214,160.3422727272727,23.931682496607863,invoice Annexure_708466_05052025_1746446930119.xlsx
204725306456746,2025-04-27 17:38:26,delivered,495,24.76,519.76,-6.082272727272727,374.94772727272726,75.74701561065197,120.05227272727274,24.25298438934803,invoice Annexure_708466_05052025_1746446930119.xlsx
204712084957704,2025-04-27 13:58:04,delivered,320,16.0,336.0,-6.082272727272727,222.53772727272727,69.54303977272727,97.46227272727273,30.456960227272727,invoice Annexure_708466_05052025_1746446930119.xlsx
204653125290170,2025-04-26 21:35:25,cancelled,325,16.26,341.26,-13.660681818181816,236.52931818181818,72.77825174825175,88.47068181818182,27.221748251748252,invoice Annexure_708466_30042025_1746010912013.xlsx
204648263203875,2025-04-26 20:14:23,delivered,265,13.26,278.26,-13.660681818181816,172.6393181818182,65.14691252144083,92.3606818181818,34.85308747855917,invoice Annexure_708466_30042025_1746010912013.xlsx
204648087003075,2025-04-26 20:11:27,delivered,630,31.5,661.5,-13.660681818181816,471.28931818181815,74.80782828282828,158.71068181818185,25.192171717171725,invoice Annexure_708466_30042025_1746010912013.xlsx
204645275436959,2025-04-26 19:24:35,delivered,265,13.26,278.26,-13.660681818181816,190.3393181818182,71.82615780445968,74.66068181818181,28.173842195540306,invoice Annexure_708466_30042025_1746010912013.xlsx
204643906076777,2025-04-26 19:01:46,delivered,1050,52.5,1102.5,-13.660681818181816,794.6293181818181,75.67898268398268,255.37068181818188,24.321017316017322,invoice Annexure_708466_30042025_1746010912013.xlsx
204639286288181,2025-04-26 17:44:46,delivered,215,10.76,225.76,-13.660681818181816,151.8393181818182,70.62293868921776,63.160681818181814,29.37706131078224,invoice Annexure_708466_30042025_1746010912013.xlsx
204625858701267,2025-04-26 14:00:58,delivered,265,13.26,278.26,-13.660681818181816,190.3393181818182,71.82615780445968,74.66068181818181,28.173842195540306,invoice Annexure_708466_30042025_1746010912013.xlsx
204563095754280,2025-04-25 20:34:55,delivered,355,17.76,372.76,-13.660681818181816,241.90931818181818,68.14346991037131,113.09068181818182,31.85653008962868,invoice Annexure_708466_30042025_1746010912013.xlsx
204560902298401,2025-04-25 19:58:22,delivered,775,38.76,813.76,-13.660681818181816,559.3193181818182,72.17023460410557,215.68068181818182,27.82976539589443,invoice Annexure_708466_30042025_1746010912013.xlsx
204560658638536,2025-04-25 19:54:18,delivered,385,19.26,404.26,-13.660681818181816,282.70931818181816,73.43099173553719,102.29068181818184,26.569008264462816,invoice Annexure_708466_30042025_1746010912013.xlsx
204555056560987,2025-04-25 18:20:56,delivered,265,13.26,278.26,-13.660681818181816,190.3393181818182,71.82615780445968,74.66068181818181,28.173842195540306,invoice Annexure_708466_30042025_1746010912013.xlsx
204554245991037,2025-04-25 18:07:25,delivered,310,15.5,325.5,-13.660681818181816,207.2693181818182,66.86107038123168,102.73068181818181,33.13892961876832,invoice Annexure_708466_30042025_1746010912013.xlsx
204551975555378,2025-04-25 17:29:35,delivered,590,29.5,619.5,-13.660681818181816,416.89931818181816,70.66090138674885,173.10068181818184,29.339098613251156,invoice Annexure_708466_30042025_1746010912013.xlsx
204469798973878,2025-04-24 18:39:58,delivered,914,41.14,863.7400000000001,-13.660681818181816,595.9693181818182,65.20452058882037,318.03068181818185,34.79547941117963,invoice Annexure_708466_30042025_1746010912013.xlsx
204458062154119,2025-04-24 15:24:22,delivered,345,17.26,362.26,-13.660681818181816,251.91931818181817,73.02009222661397,93.08068181818183,26.979907773386035,invoice Annexure_708466_30042025_1746010912013.xlsx
204452692908302,2025-04-24 13:54:52,delivered,385,19.26,404.26,-13.660681818181816,282.70931818181816,73.43099173553719,102.29068181818184,26.569008264462816,invoice Annexure_708466_30042025_1746010912013.xlsx
204452109044198,2025-04-24 13:45:09,delivered,495,24.76,519.76,-13.660681818181816,367.36931818181813,74.21602387511477,127.63068181818187,25.78397612488523,invoice Annexure_708466_30042025_1746010912013.xlsx
204446534270348,2025-04-24 12:12:14,delivered,880,39.6,831.5999999999999,-13.660681818181816,572.4293181818182,65.0487861570248,307.5706818181818,34.95121384297521,invoice Annexure_708466_30042025_1746010912013.xlsx
204443811496127,2025-04-24 11:26:51,delivered,790,39.5,829.5,-13.660681818181816,570.8693181818181,72.26193901035673,219.13068181818187,27.738060989643277,invoice Annexure_708466_30042025_1746010912013.xlsx
204392327445132,2025-04-23 21:08:47,cancelled,495,0.0,495.0,-13.660681818181816,184.3393181818182,37.24026629935721,310.66068181818184,62.7597337006428,invoice Annexure_708466_30042025_1746010912013.xlsx
204386832607989,2025-04-23 19:37:12,delivered,265,13.26,278.26,-13.660681818181816,172.6393181818182,65.14691252144083,92.3606818181818,34.85308747855917,invoice Annexure_708466_30042025_1746010912013.xlsx
204386437486808,2025-04-23 19:30:37,delivered,1040,52.0,1092.0,-13.660681818181816,786.9193181818182,75.66531905594405,253.0806818181818,24.334680944055943,invoice Annexure_708466_30042025_1746010912013.xlsx
204386031234148,2025-04-23 19:23:51,delivered,709,35.46,744.46,-13.660681818181816,532.1193181818181,75.05209001153993,176.88068181818187,24.947909988460065,invoice Annexure_708466_30042025_1746010912013.xlsx
204380848383946,2025-04-23 17:57:28,delivered,494,24.7,518.7,-13.660681818181816,343.01931818181816,69.43710894368789,150.98068181818184,30.562891056312115,invoice Annexure_708466_30042025_1746010912013.xlsx
204372254817055,2025-04-23 15:34:14,delivered,735,36.76,771.76,-13.660681818181816,552.1193181818181,75.11827458256029,182.88068181818187,24.88172541743971,invoice Annexure_708466_30042025_1746010912013.xlsx
204363814722935,2025-04-23 13:13:34,delivered,120,6.0,126.0,-13.660681818181816,78.70931818181819,65.59109848484849,41.29068181818181,34.408901515151506,invoice Annexure_708466_30042025_1746010912013.xlsx
204305237915250,2025-04-22 20:57:17,delivered,560,28.0,588.0,-13.660681818181816,393.8193181818182,70.32487824675324,166.18068181818182,29.675121753246753,invoice Annexure_708466_30042025_1746010912013.xlsx
204304830513689,2025-04-22 20:50:30,delivered,365,18.26,383.26,-13.660681818181816,267.3193181818182,73.23816936488168,97.68068181818182,26.761830635118304,invoice Annexure_708466_30042025_1746010912013.xlsx
204301598193077,2025-04-22 19:56:38,delivered,380,19.0,399.0,-13.660681818181816,261.13931818181817,68.72087320574163,118.86068181818183,31.279126794258378,invoice Annexure_708466_30042025_1746010912013.xlsx
204293582132577,2025-04-22 17:43:02,delivered,155,7.76,162.76,-13.660681818181816,105.63931818181818,68.15439882697947,49.36068181818182,31.845601173020526,invoice Annexure_708466_30042025_1746010912013.xlsx
204276774895095,2025-04-22 13:02:54,delivered,530,26.5,556.5,-13.660681818181816,394.33931818181816,74.40364493996569,135.66068181818184,25.59635506003431,invoice Annexure_708466_30042025_1746010912013.xlsx
204274966091464,2025-04-22 12:32:46,delivered,265,13.26,278.26,-13.660681818181816,172.6393181818182,65.14691252144083,92.3606818181818,34.85308747855917,invoice Annexure_708466_30042025_1746010912013.xlsx
204273180604731,2025-04-22 12:03:00,delivered,265,13.26,278.26,-13.660681818181816,190.3393181818182,71.82615780445968,74.66068181818181,28.173842195540306,invoice Annexure_708466_30042025_1746010912013.xlsx
204271510536370,2025-04-22 11:35:10,delivered,315,15.76,330.76,-13.660681818181816,211.1093181818182,67.01883116883117,103.8906818181818,32.98116883116883,invoice Annexure_708466_30042025_1746010912013.xlsx
204270312995840,2025-04-22 11:15:12,delivered,265,13.26,278.26,-13.660681818181816,190.3393181818182,71.82615780445968,74.66068181818181,28.173842195540306,invoice Annexure_708466_30042025_1746010912013.xlsx
204211812420325,2025-04-21 19:00:12,delivered,1350,60.76,1275.7600000000002,-13.660681818181816,898.0193181818181,66.51994949494949,451.9806818181819,33.480050505050514,invoice Annexure_708466_30042025_1746010912013.xlsx
204202494419868,2025-04-21 16:24:54,delivered,265,13.26,278.26,-13.660681818181816,172.6393181818182,65.14691252144083,92.3606818181818,34.85308747855917,invoice Annexure_708466_30042025_1746010912013.xlsx
204193596909957,2025-04-21 13:56:36,delivered,310,15.5,325.5,-13.660681818181816,224.96931818181818,72.57074780058652,85.03068181818182,27.42925219941349,invoice Annexure_708466_30042025_1746010912013.xlsx
204135534912007,2025-04-20 21:48:54,delivered,530,26.5,556.5,-13.660681818181816,394.33931818181816,74.40364493996569,135.66068181818184,25.59635506003431,invoice Annexure_708466_30042025_1746010912013.xlsx
204131074520080,2025-04-20 20:34:34,delivered,265,13.26,278.26,-13.660681818181816,190.3393181818182,71.82615780445968,74.66068181818181,28.173842195540306,invoice Annexure_708466_30042025_1746010912013.xlsx
204127484166961,2025-04-20 19:34:44,delivered,525,26.26,551.26,-13.660681818181816,390.4993181818182,74.38082251082251,134.50068181818182,25.619177489177492,invoice Annexure_708466_30042025_1746010912013.xlsx
204115697669603,2025-04-20 16:18:17,delivered,265,13.26,278.26,-13.660681818181816,190.3393181818182,71.82615780445968,74.66068181818181,28.173842195540306,invoice Annexure_708466_30042025_1746010912013.xlsx
204105346953986,2025-04-20 13:25:46,delivered,595,29.76,624.76,-13.660681818181816,444.33931818181816,74.67887700534759,150.66068181818184,25.321122994652413,invoice Annexure_708466_30042025_1746010912013.xlsx
204099726395760,2025-04-20 11:52:06,delivered,265,13.26,278.26,-13.660681818181816,190.3393181818182,71.82615780445968,74.66068181818181,28.173842195540306,invoice Annexure_708466_30042025_1746010912013.xlsx
204040211108633,2025-04-19 19:20:11,delivered,265,13.26,278.26,-20.849090909090908,183.1509090909091,69.11355060034306,81.8490909090909,30.886449399656946,invoice Annexure_708466_23042025_1745400606564.xlsx
204031348615840,2025-04-19 16:52:28,delivered,325,16.26,341.26,-20.849090909090908,229.3409090909091,70.56643356643356,95.6590909090909,29.433566433566433,invoice Annexure_708466_23042025_1745400606564.xlsx
204030657564650,2025-04-19 16:40:57,delivered,415,20.76,435.76,-20.849090909090908,275.0109090909091,66.26768893756847,139.98909090909092,33.73231106243155,invoice Annexure_708466_23042025_1745400606564.xlsx
204019594554725,2025-04-19 13:36:34,delivered,685,34.26,719.26,-20.849090909090908,506.460909090909,73.93589913735899,178.539090909091,26.06410086264102,invoice Annexure_708466_23042025_1745400606564.xlsx
203957991682209,2025-04-18 20:29:51,delivered,315,15.76,330.76,-20.849090909090908,221.6209090909091,70.35584415584417,93.3790909090909,29.644155844155843,invoice Annexure_708466_23042025_1745400606564.xlsx
203955210366863,2025-04-18 19:43:30,delivered,515,25.76,540.76,-20.849090909090908,375.5709090909091,72.92639011473963,139.42909090909092,27.073609885260375,invoice Annexure_708466_23042025_1745400606564.xlsx
203953013704041,2025-04-18 19:06:53,delivered,524,26.2,550.2,-20.849090909090908,358.93090909090904,68.49826509368494,165.06909090909096,31.501734906315072,invoice Annexure_708466_23042025_1745400606564.xlsx
203949863833400,2025-04-18 18:14:23,delivered,260,13.0,273.0,-20.849090909090908,161.60090909090908,62.1541958041958,98.39909090909092,37.8458041958042,invoice Annexure_708466_23042025_1745400606564.xlsx
203944167228786,2025-04-18 16:39:27,delivered,265,13.26,278.26,-20.849090909090908,165.4509090909091,62.43430531732419,99.54909090909089,37.56569468267581,invoice Annexure_708466_23042025_1745400606564.xlsx
203943691301331,2025-04-18 16:31:31,delivered,155,7.76,162.76,-20.849090909090908,80.75090909090909,52.09736070381231,74.24909090909091,47.90263929618768,invoice Annexure_708466_23042025_1745400606564.xlsx
203930341551054,2025-04-18 12:49:01,delivered,1200,54.0,1134.0,-20.849090909090908,810.5209090909091,67.5434090909091,389.4790909090909,32.45659090909091,invoice Annexure_708466_23042025_1745400606564.xlsx
203873719079755,2025-04-17 21:05:19,delivered,855,42.76,897.76,-20.849090909090908,613.710909090909,71.77905369484317,241.289090909091,28.22094630515684,invoice Annexure_708466_23042025_1745400606564.xlsx
203871874010385,2025-04-17 20:34:34,delivered,590,29.5,619.5,-20.849090909090908,433.3109090909091,73.44252696456086,156.6890909090909,26.557473035439138,invoice Annexure_708466_23042025_1745400606564.xlsx
203867525902770,2025-04-17 19:22:05,delivered,265,13.26,278.26,-20.849090909090908,183.1509090909091,69.11355060034306,81.8490909090909,30.886449399656946,invoice Annexure_708466_23042025_1745400606564.xlsx
203866675872815,2025-04-17 19:07:55,delivered,925,41.62,874.1199999999999,-20.849090909090908,619.9909090909091,67.02604422604422,305.0090909090909,32.97395577395577,invoice Annexure_708466_23042025_1745400606564.xlsx
203780973727529,2025-04-16 19:19:33,delivered,674,33.7,707.7,-20.849090909090908,497.9809090909091,73.88440787698947,176.0190909090909,26.11559212301052,invoice Annexure_708466_23042025_1745400606564.xlsx
203780466353532,2025-04-16 19:11:06,delivered,779,38.96,817.96,-20.849090909090908,578.810909090909,74.30178550589332,200.18909090909096,25.69821449410667,invoice Annexure_708466_23042025_1745400606564.xlsx
203774732980837,2025-04-16 17:35:32,delivered,265,13.26,278.26,-20.849090909090908,165.4509090909091,62.43430531732419,99.54909090909089,37.56569468267581,invoice Annexure_708466_23042025_1745400606564.xlsx
203768608794179,2025-04-16 15:53:28,delivered,855,38.72,813.23,-20.849090909090908,575.3709090909091,67.29484316852738,279.6290909090909,32.70515683147262,invoice Annexure_708466_23042025_1745400606564.xlsx
203766402368225,2025-04-16 15:16:42,delivered,565,28.26,593.26,-20.849090909090908,414.10090909090906,73.29219629927593,150.89909090909094,26.70780370072406,invoice Annexure_708466_23042025_1745400606564.xlsx
203700313948571,2025-04-15 20:55:13,delivered,420,21.0,441.0,-20.849090909090908,302.4409090909091,72.00974025974027,117.55909090909091,27.99025974025974,invoice Annexure_708466_23042025_1745400606564.xlsx
203683931361648,2025-04-15 16:22:11,delivered,680,34.0,714.0,-20.849090909090908,479.0009090909091,70.4413101604278,200.9990909090909,29.558689839572196,invoice Annexure_708466_23042025_1745400606564.xlsx
203683871458722,2025-04-15 16:21:11,delivered,265,13.26,278.26,-20.849090909090908,183.1509090909091,69.11355060034306,81.8490909090909,30.886449399656946,invoice Annexure_708466_23042025_1745400606564.xlsx
203677403269198,2025-04-15 14:33:23,delivered,225,11.26,236.26,-20.849090909090908,152.35090909090908,67.71151515151514,72.64909090909092,32.28848484848485,invoice Annexure_708466_23042025_1745400606564.xlsx
203612694497898,2025-04-14 20:34:54,delivered,885,40.2,844.21,-20.849090909090908,574.4809090909091,64.9130970724191,310.5190909090909,35.086902927580894,invoice Annexure_708466_23042025_1745400606564.xlsx
203601447405224,2025-04-14 17:27:27,delivered,505,25.26,530.26,-20.849090909090908,344.30090909090904,68.17839783978397,160.69909090909096,31.821602160216027,invoice Annexure_708466_23042025_1745400606564.xlsx
203601428212423,2025-04-14 17:27:08,delivered,355,17.76,372.76,-20.849090909090908,252.42090909090908,71.1044814340589,102.57909090909092,28.895518565941103,invoice Annexure_708466_23042025_1745400606564.xlsx
203599590705450,2025-04-14 16:56:30,delivered,924,41.58,873.18,-20.849090909090908,619.310909090909,67.0249901613538,304.68909090909096,32.97500983864621,invoice Annexure_708466_23042025_1745400606564.xlsx
203597810518301,2025-04-14 16:26:50,delivered,265,13.26,278.26,-20.849090909090908,183.1509090909091,69.11355060034306,81.8490909090909,30.886449399656946,invoice Annexure_708466_23042025_1745400606564.xlsx
203588253780081,2025-04-14 13:47:34,delivered,125,6.26,131.26,-20.849090909090908,75.3809090909091,60.30472727272728,49.6190909090909,39.695272727272716,invoice Annexure_708466_23042025_1745400606564.xlsx
203516081413368,2025-04-13 17:44:41,delivered,910,41.32,867.8299999999999,-20.849090909090908,615.3909090909091,67.62537462537462,294.6090909090909,32.374625374625374,invoice Annexure_708466_23042025_1745400606564.xlsx
203495140601787,2025-04-13 11:55:40,delivered,560,28.0,588.0,-20.849090909090908,410.23090909090905,73.25551948051947,149.76909090909095,26.74448051948053,invoice Annexure_708466_23042025_1745400606564.xlsx
203493125432826,2025-04-13 11:22:05,delivered,265,13.26,278.26,-20.849090909090908,183.1509090909091,69.11355060034306,81.8490909090909,30.886449399656946,invoice Annexure_708466_23042025_1745400606564.xlsx
203438841259556,2025-04-12 20:17:21,delivered,515,25.76,540.76,-11.338108108108107,385.0818918918919,74.7731828916295,129.91810810810807,25.226817108370497,invoice Annexure_708466_16042025_1744751189392.xlsx
203435754122009,2025-04-12 19:25:54,delivered,265,13.26,278.26,-11.338108108108107,174.9618918918919,66.0233554309026,90.0381081081081,33.976644569097395,invoice Annexure_708466_16042025_1744751189392.xlsx
203425468216669,2025-04-12 16:34:28,delivered,169,8.46,177.45999999999998,-11.338108108108107,118.74189189189191,70.26147449224374,50.25810810810809,29.738525507756265,invoice Annexure_708466_16042025_1744751189392.xlsx
203413025836914,2025-04-12 13:07:05,delivered,265,13.26,278.26,-11.338108108108107,192.66189189189188,72.70260071392146,72.33810810810812,27.297399286078534,invoice Annexure_708466_16042025_1744751189392.xlsx
203356321770903,2025-04-11 21:22:01,delivered,265,13.26,278.26,-11.338108108108107,174.9618918918919,66.0233554309026,90.0381081081081,33.976644569097395,invoice Annexure_708466_16042025_1744751189392.xlsx
203340865563638,2025-04-11 17:04:25,delivered,315,15.76,330.76,-11.338108108108107,231.13189189189188,73.37520377520377,83.86810810810812,26.624796224796228,invoice Annexure_708466_16042025_1744751189392.xlsx
203338577898349,2025-04-11 16:26:17,delivered,265,13.26,278.26,-11.338108108108107,192.66189189189188,72.70260071392146,72.33810810810812,27.297399286078534,invoice Annexure_708466_16042025_1744751189392.xlsx
203337286073138,2025-04-11 16:04:46,delivered,530,26.5,556.5,-11.338108108108107,373.0618918918919,70.38903620601734,156.9381081081081,29.610963793982663,invoice Annexure_708466_16042025_1744751189392.xlsx
203335324429522,2025-04-11 15:32:04,delivered,265,13.26,278.26,-11.338108108108107,174.9618918918919,66.0233554309026,90.0381081081081,33.976644569097395,invoice Annexure_708466_16042025_1744751189392.xlsx
203333620349828,2025-04-11 15:03:40,delivered,900,40.5,850.5,-11.338108108108107,588.5918918918918,65.39909909909909,311.4081081081082,34.60090090090091,invoice Annexure_708466_16042025_1744751189392.xlsx
203268084124784,2025-04-10 20:51:24,delivered,265,13.26,278.26,-11.338108108108107,192.66189189189188,72.70260071392146,72.33810810810812,27.297399286078534,invoice Annexure_708466_16042025_1744751189392.xlsx
203265596450628,2025-04-10 20:09:56,delivered,265,13.26,278.26,-11.338108108108107,192.66189189189188,72.70260071392146,72.33810810810812,27.297399286078534,invoice Annexure_708466_16042025_1744751189392.xlsx
203263328289675,2025-04-10 19:32:08,delivered,315,15.76,330.76,-11.338108108108107,219.33189189189187,69.62917202917203,95.66810810810813,30.37082797082798,invoice Annexure_708466_16042025_1744751189392.xlsx
203260853971694,2025-04-10 18:50:53,delivered,1120,50.4,1058.4,-11.338108108108107,740.9918918918919,66.15999034749035,379.0081081081081,33.84000965250965,invoice Annexure_708466_16042025_1744751189392.xlsx
203258615114468,2025-04-10 18:13:35,delivered,370,18.5,388.5,-11.338108108108107,273.4818918918919,73.91402483564646,96.5181081081081,26.085975164353535,invoice Annexure_708466_16042025_1744751189392.xlsx
203253278816088,2025-04-10 16:44:38,delivered,783,39.16,822.1600000000001,-11.338108108108107,567.8118918918918,72.51748300024161,215.18810810810817,27.48251699975839,invoice Annexure_708466_16042025_1744751189392.xlsx
203252707317045,2025-04-10 16:35:07,delivered,315,15.76,330.76,-11.338108108108107,213.4318918918919,67.75615615615615,101.5681081081081,32.24384384384385,invoice Annexure_708466_16042025_1744751189392.xlsx
203251596094695,2025-04-10 16:16:36,delivered,265,13.26,278.26,-11.338108108108107,163.16189189189188,61.570525242223354,101.83810810810812,38.429474757776646,invoice Annexure_708466_16042025_1744751189392.xlsx
203236814974022,2025-04-10 12:10:14,delivered,400,20.0,420.0,-11.338108108108107,272.9618918918919,68.24047297297298,127.03810810810808,31.75952702702702,invoice Annexure_708466_16042025_1744751189392.xlsx
203234740763515,2025-04-10 11:35:40,delivered,1229,61.46,1290.46,-11.338108108108107,934.7318918918919,76.0562971433598,294.2681081081081,23.943702856640204,invoice Annexure_708466_16042025_1744751189392.xlsx
203185250194756,2025-04-09 21:50:50,delivered,265,13.26,278.26,-11.338108108108107,174.9618918918919,66.0233554309026,90.0381081081081,33.976644569097395,invoice Annexure_708466_16042025_1744751189392.xlsx
203184519718670,2025-04-09 21:38:39,delivered,1015,45.68,959.1800000000001,-11.338108108108107,668.2718918918919,65.83959526028491,346.72810810810813,34.16040473971509,invoice Annexure_708466_16042025_1744751189392.xlsx
203179586419734,2025-04-09 20:16:26,delivered,325,16.26,341.26,-11.338108108108107,238.85189189189188,73.4928898128898,86.14810810810812,26.50711018711019,invoice Annexure_708466_16042025_1744751189392.xlsx
203163985318425,2025-04-09 15:56:25,delivered,315,15.76,330.76,-11.338108108108107,231.13189189189188,73.37520377520377,83.86810810810812,26.624796224796228,invoice Annexure_708466_16042025_1744751189392.xlsx
203093057841414,2025-04-08 20:14:17,delivered,1015,45.68,959.1800000000001,-11.338108108108107,199.8718918918919,19.69181200905339,815.1281081081081,80.3081879909466,invoice Annexure_708466_16042025_1744751189392.xlsx
203091075978796,2025-04-08 19:41:15,delivered,450,22.5,472.5,-11.338108108108107,311.4818918918919,69.2181981981982,138.5181081081081,30.7818018018018,invoice Annexure_708466_16042025_1744751189392.xlsx
203065651155465,2025-04-08 12:37:31,delivered,385,19.26,404.26,-11.338108108108107,285.0318918918919,74.03425763425764,99.96810810810808,25.96574236574236,invoice Annexure_708466_16042025_1744751189392.xlsx
203011358654151,2025-04-07 21:32:38,delivered,325,16.26,341.26,-11.338108108108107,221.1518918918919,68.04673596673597,103.84810810810811,31.953264033264034,invoice Annexure_708466_16042025_1744751189392.xlsx
203000910117115,2025-04-07 18:38:30,delivered,225,11.26,236.26,-11.338108108108107,144.16189189189188,64.07195195195195,80.83810810810812,35.92804804804805,invoice Annexure_708466_16042025_1744751189392.xlsx
203000374302377,2025-04-07 18:29:34,delivered,155,7.76,162.76,-11.338108108108107,107.9618918918919,69.65283347863993,47.038108108108105,30.34716652136007,invoice Annexure_708466_16042025_1744751189392.xlsx
202997349682604,2025-04-07 17:39:09,delivered,495,24.76,519.76,-11.338108108108107,346.0918918918919,69.91755391755392,148.90810810810808,30.08244608244608,invoice Annexure_708466_16042025_1744751189392.xlsx
202989160522643,2025-04-07 15:22:40,delivered,550,27.5,577.5,-11.338108108108107,412.0518918918919,74.9185257985258,137.9481081081081,25.0814742014742,invoice Annexure_708466_16042025_1744751189392.xlsx
202926311619472,2025-04-06 21:55:11,delivered,530,26.5,556.5,-11.338108108108107,396.6618918918919,74.84186639469658,133.3381081081081,25.158133605303412,invoice Annexure_708466_16042025_1744751189392.xlsx
202915275675145,2025-04-06 18:51:15,delivered,610,30.5,640.5,-11.338108108108107,458.2218918918919,75.11834293309704,151.77810810810809,24.881657066902964,invoice Annexure_708466_16042025_1744751189392.xlsx
202896617373128,2025-04-06 13:40:17,delivered,325,16.26,341.26,-11.338108108108107,238.85189189189188,73.4928898128898,86.14810810810812,26.50711018711019,invoice Annexure_708466_16042025_1744751189392.xlsx
202891044121766,2025-04-06 12:07:24,delivered,1699,76.46,1605.56,-11.338108108108107,1142.1318918918919,67.2237723303056,556.8681081081081,32.776227669694414,invoice Annexure_708466_16042025_1744751189392.xlsx
202891044842291,2025-04-06 12:07:24,delivered,1585,71.32,1497.8200000000002,-11.338108108108107,1086.7618918918918,68.56541904680705,498.23810810810824,31.43458095319295,invoice Annexure_708466_16042025_1744751189392.xlsx
202835487072969,2025-04-05 20:41:27,delivered,265,13.26,278.26,-23.611538461538462,180.38846153846154,68.07111756168361,84.61153846153846,31.928882438316396,invoice Annexure_708466_09042025_1744186942965.xlsx
202833401161040,2025-04-05 20:06:41,delivered,495,24.76,519.76,-23.611538461538462,357.4184615384615,72.2057498057498,137.5815384615385,27.794250194250203,invoice Annexure_708466_09042025_1744186942965.xlsx
202832383655626,2025-04-05 19:49:43,delivered,210,10.5,220.5,-23.611538461538462,138.04846153846154,65.73736263736264,71.95153846153846,34.26263736263736,invoice Annexure_708466_09042025_1744186942965.xlsx
202828674520965,2025-04-05 18:47:54,delivered,179,8.96,187.95999999999998,-23.611538461538462,114.17846153846153,63.786850021486885,64.82153846153847,36.21314997851311,invoice Annexure_708466_09042025_1744186942965.xlsx
202814927554073,2025-04-05 14:58:47,delivered,910,45.5,955.5,-23.611538461538462,676.8884615384616,74.38334742180896,233.11153846153843,25.616652578191037,invoice Annexure_708466_09042025_1744186942965.xlsx
202741636504015,2025-04-04 18:37:16,delivered,215,10.76,225.76,-23.611538461538462,124.18846153846155,57.762075134168164,90.81153846153845,42.237924865831836,invoice Annexure_708466_09042025_1744186942965.xlsx
202739088732053,2025-04-04 17:54:48,delivered,650,32.5,682.5,-23.611538461538462,476.73846153846154,73.34437869822486,173.26153846153846,26.655621301775152,invoice Annexure_708466_09042025_1744186942965.xlsx
202738377408071,2025-04-04 17:42:57,delivered,450,22.5,472.5,-23.611538461538462,299.2084615384615,66.49076923076922,150.7915384615385,33.509230769230776,invoice Annexure_708466_09042025_1744186942965.xlsx
202736491358560,2025-04-04 17:11:31,delivered,338,16.9,354.9,-23.611538461538462,236.56846153846155,69.9906690942194,101.43153846153845,30.009330905780608,invoice Annexure_708466_09042025_1744186942965.xlsx
202734276443482,2025-04-04 16:34:36,delivered,775,38.76,813.76,-23.611538461538462,572.9684615384616,73.93141439205955,202.0315384615384,26.068585607940438,invoice Annexure_708466_09042025_1744186942965.xlsx
202666449930886,2025-04-03 21:44:09,delivered,420,21.0,441.0,-23.611538461538462,276.0784615384615,65.73296703296703,143.9215384615385,34.267032967032975,invoice Annexure_708466_09042025_1744186942965.xlsx
202658508344194,2025-04-03 19:31:48,delivered,329,16.46,345.46000000000004,-23.611538461538462,229.64846153846153,69.80196399345336,99.35153846153847,30.198036006546648,invoice Annexure_708466_09042025_1744186942965.xlsx
202645742940510,2025-04-03 15:59:02,delivered,189,9.46,198.45999999999998,-23.611538461538462,121.86846153846153,64.48066748066748,67.13153846153847,35.51933251933252,invoice Annexure_708466_09042025_1744186942965.xlsx
202636361336617,2025-04-03 13:22:41,delivered,860,43.0,903.0,-23.611538461538462,614.8084615384615,71.48935599284437,245.19153846153847,28.51064400715564,invoice Annexure_708466_09042025_1744186942965.xlsx
202580551762561,2025-04-02 21:52:31,delivered,265,13.26,278.26,-23.611538461538462,162.68846153846155,61.391872278664735,102.31153846153845,38.608127721335265,invoice Annexure_708466_09042025_1744186942965.xlsx
202571440849454,2025-04-02 19:20:40,delivered,415,20.76,435.76,-23.611538461538462,295.8484615384615,71.28878591288229,119.15153846153851,28.711214087117714,invoice Annexure_708466_09042025_1744186942965.xlsx
202559397248896,2025-04-02 15:59:57,delivered,660,33.0,693.0,-23.611538461538462,484.4384615384615,73.39976689976689,175.56153846153848,26.6002331002331,invoice Annexure_708466_09042025_1744186942965.xlsx
202556560318369,2025-04-02 15:12:40,delivered,875,43.76,918.76,-23.611538461538462,649.9384615384615,74.27868131868132,225.06153846153848,25.721318681318685,invoice Annexure_708466_09042025_1744186942965.xlsx
202552667228755,2025-04-02 14:07:47,delivered,809,40.46,849.46,-23.611538461538462,599.1284615384616,74.05790624702863,209.87153846153842,25.942093752971374,invoice Annexure_708466_09042025_1744186942965.xlsx
202547138381483,2025-04-02 12:35:38,delivered,189,9.46,198.45999999999998,-23.611538461538462,121.86846153846153,64.48066748066748,67.13153846153847,35.51933251933252,invoice Annexure_708466_09042025_1744186942965.xlsx
202494559227373,2025-04-01 21:59:19,cancelled,0,0.0,0.0,-23.611538461538462,-115.06153846153846,-inf,115.06153846153846,inf,invoice Annexure_708466_09042025_1744186942965.xlsx
202489866513183,2025-04-01 20:41:06,delivered,445,22.26,467.26,-23.611538461538462,295.35846153846154,66.37268798617113,149.64153846153846,33.62731201382887,invoice Annexure_708466_09042025_1744186942965.xlsx
202482918540405,2025-04-01 18:45:18,delivered,450,22.5,472.5,-23.611538461538462,322.80846153846153,71.73521367521367,127.19153846153847,28.26478632478633,invoice Annexure_708466_09042025_1744186942965.xlsx
202482546524340,2025-04-01 18:39:06,delivered,495,24.76,519.76,-23.611538461538462,357.4184615384615,72.2057498057498,137.5815384615385,27.794250194250203,invoice Annexure_708466_09042025_1744186942965.xlsx
202480023227053,2025-04-01 17:57:03,delivered,155,7.76,162.76,-23.611538461538462,95.68846153846154,61.734491315136474,59.31153846153846,38.265508684863526,invoice Annexure_708466_09042025_1744186942965.xlsx
202477320039737,2025-04-01 17:12:00,delivered,325,16.26,341.26,-23.611538461538462,208.87846153846155,64.27029585798817,116.12153846153845,35.72970414201183,invoice Annexure_708466_09042025_1744186942965.xlsx
202318404836425,2025-03-30 21:03:24,delivered,1883,84.74,1779.4399999999998,-11.822307692307692,1292.7276923076922,68.6525593365742,590.2723076923078,31.347440663425797,invoice Annexure_708466_04042025_1743776579475.xlsx
202314924085263,2025-03-30 20:05:24,delivered,1285,57.82,1214.3200000000002,-11.822307692307692,854.8376923076922,66.52433403172702,430.16230769230776,33.47566596827298,invoice Annexure_708466_04042025_1743776579475.xlsx
202313178509552,2025-03-30 19:36:18,delivered,155,7.76,162.76,-11.822307692307692,89.7776923076923,57.92109181141439,65.2223076923077,42.078908188585615,invoice Annexure_708466_04042025_1743776579475.xlsx
202302220427627,2025-03-30 16:33:40,delivered,225,11.26,236.26,-11.822307692307692,161.37769230769229,71.7234188034188,63.622307692307714,28.27658119658121,invoice Annexure_708466_04042025_1743776579475.xlsx
202301876380973,2025-03-30 16:27:56,delivered,225,11.26,236.26,-11.822307692307692,161.37769230769229,71.7234188034188,63.622307692307714,28.27658119658121,invoice Annexure_708466_04042025_1743776579475.xlsx
202298671777970,2025-03-30 15:34:31,delivered,265,13.26,278.26,-11.822307692307692,192.1776923076923,72.51988388969521,72.8223076923077,27.48011611030479,invoice Annexure_708466_04042025_1743776579475.xlsx
202227462725527,2025-03-29 19:47:42,delivered,395,19.76,414.76,-11.822307692307692,268.6376923076923,68.00954235637779,126.3623076923077,31.9904576436222,invoice Annexure_708466_04042025_1743776579475.xlsx
202224562230105,2025-03-29 18:59:22,delivered,695,34.76,729.76,-11.822307692307692,499.5676923076923,71.88024349750968,195.4323076923077,28.11975650249032,invoice Annexure_708466_04042025_1743776579475.xlsx
202217399827707,2025-03-29 16:59:59,delivered,265,13.26,278.26,-11.822307692307692,192.1776923076923,72.51988388969521,72.8223076923077,27.48011611030479,invoice Annexure_708466_04042025_1743776579475.xlsx
202215991871515,2025-03-29 16:36:31,delivered,265,13.26,278.26,-11.822307692307692,174.4776923076923,65.84063860667634,90.52230769230769,34.15936139332366,invoice Annexure_708466_04042025_1743776579475.xlsx
202213239919051,2025-03-29 15:50:39,delivered,399,19.96,418.96000000000004,-11.822307692307692,271.72769230769234,68.10217852323116,127.27230769230766,31.89782147676884,invoice Annexure_708466_04042025_1743776579475.xlsx
202145050787845,2025-03-28 20:54:10,delivered,385,19.26,404.26,-11.822307692307692,284.54769230769233,73.90849150849151,100.45230769230767,26.091508491508485,invoice Annexure_708466_04042025_1743776579475.xlsx
202130958153109,2025-03-28 16:59:18,delivered,338,16.9,354.9,-11.822307692307692,230.6576923076923,68.24192080109239,107.34230769230771,31.75807919890761,invoice Annexure_708466_04042025_1743776579475.xlsx
202124935896517,2025-03-28 15:18:55,delivered,420,21.0,441.0,-11.822307692307692,311.46769230769235,74.15897435897438,108.53230769230765,25.841025641025634,invoice Annexure_708466_04042025_1743776579475.xlsx
202122677836338,2025-03-28 14:41:17,delivered,930,46.5,976.5,-11.822307692307692,704.0776923076922,75.70727874276261,225.92230769230775,24.292721257237393,invoice Annexure_708466_04042025_1743776579475.xlsx
202117361674527,2025-03-28 13:12:41,delivered,225,11.26,236.26,-11.822307692307692,161.37769230769229,71.7234188034188,63.622307692307714,28.27658119658121,invoice Annexure_708466_04042025_1743776579475.xlsx
202116309831615,2025-03-28 12:55:09,delivered,225,11.26,236.26,-11.822307692307692,161.37769230769229,71.7234188034188,63.622307692307714,28.27658119658121,invoice Annexure_708466_04042025_1743776579475.xlsx
202055483544285,2025-03-27 20:01:23,delivered,1459,72.96,1531.96,-11.822307692307692,1087.7076923076922,74.55158960299467,371.29230769230776,25.44841039700533,invoice Annexure_708466_04042025_1743776579475.xlsx
202054598055871,2025-03-27 19:46:38,delivered,515,25.76,540.76,-11.822307692307692,360.9976923076923,70.09663928304705,154.00230769230768,29.90336071695295,invoice Annexure_708466_04042025_1743776579475.xlsx
202053349426111,2025-03-27 19:25:49,delivered,715,32.18,675.6800000000001,-11.822307692307692,483.53769230769234,67.62764927380313,231.46230769230766,32.37235072619688,invoice Annexure_708466_04042025_1743776579475.xlsx
202039816357757,2025-03-27 15:40:16,delivered,265,13.26,278.26,-11.822307692307692,192.1776923076923,72.51988388969521,72.8223076923077,27.48011611030479,invoice Annexure_708466_04042025_1743776579475.xlsx
202030794481314,2025-03-27 13:09:54,cancelled,0,0.0,0.0,-11.822307692307692,-38.84230769230769,-inf,38.84230769230769,inf,invoice Annexure_708466_04042025_1743776579475.xlsx
201967406388070,2025-03-26 19:33:26,delivered,515,25.76,540.76,-11.822307692307692,384.59769230769234,74.67916355489172,130.40230769230766,25.320836445108284,invoice Annexure_708466_04042025_1743776579475.xlsx
201966597917072,2025-03-26 19:19:57,delivered,285,14.26,299.26,-11.822307692307692,189.87769230769229,66.62375168690957,95.12230769230771,33.37624831309043,invoice Annexure_708466_04042025_1743776579475.xlsx
201959928053161,2025-03-26 17:28:48,delivered,680,34.0,714.0,-11.822307692307692,488.02769230769235,71.76877828054299,191.97230769230765,28.231221719457007,invoice Annexure_708466_04042025_1743776579475.xlsx
201947395495965,2025-03-26 13:59:55,delivered,285,14.26,299.26,-11.822307692307692,207.5776923076923,72.83427800269905,77.4223076923077,27.165721997300945,invoice Annexure_708466_04042025_1743776579475.xlsx
201947074265556,2025-03-26 13:54:34,delivered,265,13.26,278.26,-11.822307692307692,174.4776923076923,65.84063860667634,90.52230769230769,34.15936139332366,invoice Annexure_708466_04042025_1743776579475.xlsx
201940360549739,2025-03-26 12:02:40,delivered,385,19.26,404.26,-11.822307692307692,284.54769230769233,73.90849150849151,100.45230769230767,26.091508491508485,invoice Annexure_708466_04042025_1743776579475.xlsx
201884409009392,2025-03-25 20:30:09,delivered,415,20.76,435.76,-11.822307692307692,307.6376923076923,74.12956441149213,107.3623076923077,25.870435588507878,invoice Annexure_708466_04042025_1743776579475.xlsx
201882336064420,2025-03-25 19:55:36,delivered,525,26.26,551.26,-11.822307692307692,392.33769230769235,74.73098901098902,132.66230769230765,25.269010989010983,invoice Annexure_708466_04042025_1743776579475.xlsx
201800624260521,2025-03-24 21:13:44,delivered,240,12.0,252.0,-11.822307692307692,172.9376923076923,72.05737179487178,67.06230769230771,27.942628205128212,invoice Annexure_708466_04042025_1743776579475.xlsx
201794289470861,2025-03-24 19:28:09,delivered,970,43.66,916.6600000000001,-11.822307692307692,660.1976923076923,68.06161776367962,309.80230769230775,31.938382236320383,invoice Annexure_708466_04042025_1743776579475.xlsx
201794208207884,2025-03-24 19:26:48,delivered,315,15.76,330.76,-11.822307692307692,230.6476923076923,73.22148962148962,84.3523076923077,26.778510378510383,invoice Annexure_708466_04042025_1743776579475.xlsx
201772238104110,2025-03-24 13:20:38,delivered,895,40.28,845.78,-11.822307692307692,608.2276923076922,67.95840137516113,286.7723076923078,32.041598624838855,invoice Annexure_708466_04042025_1743776579475.xlsx
201769056910381,2025-03-24 12:27:36,delivered,575,28.76,603.76,-11.822307692307692,430.78769230769234,74.91959866220736,144.21230769230766,25.080401337792637,invoice Annexure_708466_04042025_1743776579475.xlsx
201712735980670,2025-03-23 20:48:55,delivered,575,28.76,603.76,-11.822307692307692,430.78769230769234,74.91959866220736,144.21230769230766,25.080401337792637,invoice Annexure_708466_04042025_1743776579475.xlsx
201705645413040,2025-03-23 18:50:45,delivered,700,31.5,661.5,-11.822307692307692,449.52769230769235,64.21824175824177,250.47230769230765,35.78175824175824,invoice Annexure_708466_04042025_1743776579475.xlsx
201697271986433,2025-03-23 16:31:11,delivered,285,14.26,299.26,-11.822307692307692,207.5776923076923,72.83427800269905,77.4223076923077,27.165721997300945,invoice Annexure_708466_04042025_1743776579475.xlsx
201693547973729,2025-03-23 15:29:07,delivered,495,24.76,519.76,-11.822307692307692,369.2076923076923,74.58741258741259,125.7923076923077,25.412587412587413,invoice Annexure_708466_04042025_1743776579475.xlsx
201626313908830,2025-03-22 20:48:33,delivered,225,11.26,236.26,-12.400606060606062,160.79939393939392,71.4663973063973,64.20060606060608,28.5336026936027,invoice Annexure_708466_26032025_1742979027367.xlsx
201625568228945,2025-03-22 20:36:08,delivered,525,26.26,551.26,-12.400606060606062,391.759393939394,74.62083694083695,133.240606060606,25.37916305916305,invoice Annexure_708466_26032025_1742979027367.xlsx
201621367271314,2025-03-22 19:26:07,delivered,795,36.4,764.4100000000001,-12.400606060606062,524.4093939393939,65.96344577854012,270.5906060606061,34.03655422145989,invoice Annexure_708466_26032025_1742979027367.xlsx
201619583997324,2025-03-22 18:56:23,delivered,525,26.26,551.26,-12.400606060606062,391.759393939394,74.62083694083695,133.240606060606,25.37916305916305,invoice Annexure_708466_26032025_1742979027367.xlsx
201618176930476,2025-03-22 18:32:56,delivered,515,25.76,540.76,-12.400606060606062,360.41939393939396,69.9843483377464,154.58060606060604,30.0156516622536,invoice Annexure_708466_26032025_1742979027367.xlsx
201614764340411,2025-03-22 17:36:04,delivered,435,21.76,456.76,-12.400606060606062,322.449393939394,74.12629745733194,112.55060606060601,25.87370254266805,invoice Annexure_708466_26032025_1742979027367.xlsx
201610062294921,2025-03-22 16:17:42,delivered,500,25.0,525.0,-12.400606060606062,372.48939393939395,74.49787878787879,127.51060606060605,25.50212121212121,invoice Annexure_708466_26032025_1742979027367.xlsx
201541977432875,2025-03-21 21:22:57,delivered,325,16.26,341.26,-12.400606060606062,237.78939393939393,73.16596736596736,87.21060606060607,26.834032634032635,invoice Annexure_708466_26032025_1742979027367.xlsx
201538848006332,2025-03-21 20:30:48,delivered,265,13.26,278.26,-12.400606060606062,191.59939393939393,72.30165809033733,73.40060606060607,27.698341909662666,invoice Annexure_708466_26032025_1742979027367.xlsx
201532552019855,2025-03-21 18:45:52,delivered,749,34.08,715.6999999999999,-12.400606060606062,512.319393939394,68.4004531294251,236.680606060606,31.5995468705749,invoice Annexure_708466_26032025_1742979027367.xlsx
201528018573675,2025-03-21 17:30:18,delivered,335,16.76,351.76,-12.400606060606062,245.47939393939393,73.27743102668475,89.52060606060607,26.722568973315248,invoice Annexure_708466_26032025_1742979027367.xlsx
201523383755018,2025-03-21 16:13:03,delivered,525,26.26,551.26,-12.400606060606062,391.759393939394,74.62083694083695,133.240606060606,25.37916305916305,invoice Annexure_708466_26032025_1742979027367.xlsx
201436528426072,2025-03-20 16:05:28,delivered,225,11.26,236.26,-12.400606060606062,160.79939393939392,71.4663973063973,64.20060606060608,28.5336026936027,invoice Annexure_708466_26032025_1742979027367.xlsx
201425944254775,2025-03-20 13:09:04,delivered,385,19.26,404.26,-12.400606060606062,283.96939393939397,73.75828414010232,101.03060606060603,26.241715859897667,invoice Annexure_708466_26032025_1742979027367.xlsx
201425459518585,2025-03-20 13:00:59,delivered,385,19.26,404.26,-12.400606060606062,260.36939393939394,67.62841401023219,124.63060606060606,32.37158598976781,invoice Annexure_708466_26032025_1742979027367.xlsx
201421664565505,2025-03-20 11:57:44,delivered,225,11.26,236.26,-12.400606060606062,160.79939393939392,71.4663973063973,64.20060606060608,28.5336026936027,invoice Annexure_708466_26032025_1742979027367.xlsx
201370364438146,2025-03-19 21:42:44,delivered,560,28.0,588.0,-12.400606060606062,395.079393939394,70.54989177489178,164.92060606060602,29.450108225108217,invoice Annexure_708466_26032025_1742979027367.xlsx
201367025449550,2025-03-19 20:47:05,delivered,225,11.26,236.26,-12.400606060606062,160.79939393939392,71.4663973063973,64.20060606060608,28.5336026936027,invoice Annexure_708466_26032025_1742979027367.xlsx
201364145094937,2025-03-19 19:59:05,delivered,195,9.76,204.76,-12.400606060606062,137.68939393939394,70.60994560994561,57.31060606060606,29.39005439005439,invoice Annexure_708466_26032025_1742979027367.xlsx
201358039346726,2025-03-19 18:17:19,delivered,265,13.26,278.26,-12.400606060606062,191.59939393939393,72.30165809033733,73.40060606060607,27.698341909662666,invoice Annexure_708466_26032025_1742979027367.xlsx
201357693035457,2025-03-19 18:11:33,delivered,265,13.26,278.26,-12.400606060606062,191.59939393939393,72.30165809033733,73.40060606060607,27.698341909662666,invoice Annexure_708466_26032025_1742979027367.xlsx
201354399353737,2025-03-19 17:16:39,delivered,335,16.76,351.76,-12.400606060606062,245.47939393939393,73.27743102668475,89.52060606060607,26.722568973315248,invoice Annexure_708466_26032025_1742979027367.xlsx
201339338824363,2025-03-19 13:05:38,delivered,285,14.26,299.26,-12.400606060606062,206.99939393939394,72.63136629452418,78.00060606060606,27.36863370547581,invoice Annexure_708466_26032025_1742979027367.xlsx
201284824953327,2025-03-18 21:57:04,delivered,265,13.26,278.26,-12.400606060606062,191.59939393939393,72.30165809033733,73.40060606060607,27.698341909662666,invoice Annexure_708466_26032025_1742979027367.xlsx
201277539429167,2025-03-18 19:55:39,delivered,915,41.18,864.6800000000001,-12.400606060606062,621.5293939393939,67.92670972015235,293.4706060606061,32.07329027984766,invoice Annexure_708466_26032025_1742979027367.xlsx
201275578210314,2025-03-18 19:22:58,delivered,695,34.76,729.76,-12.400606060606062,498.98939393939395,71.79703509919338,196.01060606060605,28.202964900806627,invoice Annexure_708466_26032025_1742979027367.xlsx
201267282309285,2025-03-18 17:04:42,delivered,265,13.26,278.26,-12.400606060606062,191.59939393939393,72.30165809033733,73.40060606060607,27.698341909662666,invoice Annexure_708466_26032025_1742979027367.xlsx
201264959780566,2025-03-18 16:25:59,cancelled,265,0.0,265.0,-12.400606060606062,93.59939393939393,35.320526014865635,171.40060606060607,64.67947398513436,invoice Annexure_708466_26032025_1742979027367.xlsx
201191053213634,2025-03-17 19:54:13,delivered,530,26.5,556.5,-12.400606060606062,371.99939393939394,70.18856489422527,158.00060606060606,29.81143510577473,invoice Annexure_708466_26032025_1742979027367.xlsx
201182820263813,2025-03-17 17:37:00,delivered,515,25.76,540.76,-12.400606060606062,384.019393939394,74.56687260959106,130.98060606060602,25.433127390408938,invoice Annexure_708466_26032025_1742979027367.xlsx
201092883154783,2025-03-16 16:38:03,delivered,525,26.26,551.26,-12.400606060606062,368.15939393939396,70.12559884559884,156.84060606060604,29.87440115440115,invoice Annexure_708466_26032025_1742979027367.xlsx
201092618834741,2025-03-16 16:33:38,delivered,265,13.26,278.26,-12.400606060606062,173.89939393939395,65.62241280731847,91.10060606060605,34.37758719268153,invoice Annexure_708466_26032025_1742979027367.xlsx
201091961126303,2025-03-16 16:22:41,delivered,590,29.5,619.5,-12.400606060606062,441.759393939394,74.87447354904982,148.240606060606,25.12552645095017,invoice Annexure_708466_26032025_1742979027367.xlsx
201025710368198,2025-03-15 21:58:30,delivered,225,11.26,236.26,-5.318333333333333,150.18166666666667,66.74740740740741,74.81833333333333,33.25259259259259,invoice Annexure_708466_19032025_1742397952591.xlsx
201015453367081,2025-03-15 19:07:33,delivered,265,13.26,278.26,-5.318333333333333,198.68166666666667,74.97421383647799,66.31833333333333,25.025786163522014,invoice Annexure_708466_19032025_1742397952591.xlsx
201015276082661,2025-03-15 19:04:36,delivered,845,42.26,887.26,-5.318333333333333,645.1616666666666,76.35049309664694,199.83833333333337,23.649506903353064,invoice Annexure_708466_19032025_1742397952591.xlsx
201013865596262,2025-03-15 18:41:05,delivered,300,15.0,315.0,-5.318333333333333,225.62166666666667,75.20722222222223,74.37833333333333,24.79277777777778,invoice Annexure_708466_19032025_1742397952591.xlsx
201011331688030,2025-03-15 17:58:51,delivered,445,22.26,467.26,-5.318333333333333,337.25166666666667,75.78689138576779,107.74833333333333,24.21310861423221,invoice Annexure_708466_19032025_1742397952591.xlsx
201010923703069,2025-03-15 17:52:03,delivered,614,30.7,644.7,-5.318333333333333,443.7216666666667,72.26737242128122,170.2783333333333,27.732627578718777,invoice Annexure_708466_19032025_1742397952591.xlsx
200990804930867,2025-03-15 12:16:44,delivered,265,13.26,278.26,-5.318333333333333,180.98166666666668,68.29496855345913,84.01833333333332,31.705031446540875,invoice Annexure_708466_19032025_1742397952591.xlsx
200936913963867,2025-03-14 21:18:33,delivered,515,25.76,540.76,-5.318333333333333,391.1016666666667,75.94207119741101,123.89833333333331,24.057928802588993,invoice Annexure_708466_19032025_1742397952591.xlsx
200927385041132,2025-03-14 18:39:45,delivered,265,13.26,278.26,-5.318333333333333,198.68166666666667,74.97421383647799,66.31833333333333,25.025786163522014,invoice Annexure_708466_19032025_1742397952591.xlsx
200917359925907,2025-03-14 15:52:39,delivered,1015,50.76,1065.7600000000002,-5.318333333333333,776.0116666666667,76.4543513957307,238.98833333333334,23.545648604269296,invoice Annexure_708466_19032025_1742397952591.xlsx
200913233349886,2025-03-14 14:43:53,delivered,225,11.26,236.26,-5.318333333333333,150.18166666666667,66.74740740740741,74.81833333333333,33.25259259259259,invoice Annexure_708466_19032025_1742397952591.xlsx
200911209658401,2025-03-14 14:10:09,delivered,265,13.26,278.26,-5.318333333333333,198.68166666666667,74.97421383647799,66.31833333333333,25.025786163522014,invoice Annexure_708466_19032025_1742397952591.xlsx
200900957468806,2025-03-14 11:19:17,delivered,550,27.5,577.5,-5.318333333333333,394.4716666666667,71.72212121212121,155.5283333333333,28.277878787878784,invoice Annexure_708466_19032025_1742397952591.xlsx
200848118779501,2025-03-13 20:38:38,delivered,189,9.46,198.45999999999998,-5.318333333333333,140.16166666666666,74.15961199294533,48.83833333333334,25.840388007054678,invoice Annexure_708466_19032025_1742397952591.xlsx
200831542424493,2025-03-13 16:02:22,delivered,665,33.26,698.26,-5.318333333333333,483.00166666666667,72.63182957393484,181.99833333333333,27.368170426065163,invoice Annexure_708466_19032025_1742397952591.xlsx
200754701070299,2025-03-12 18:41:41,cancelled,0,0.0,0.0,-5.318333333333333,-53.458333333333336,-inf,53.458333333333336,inf,invoice Annexure_708466_19032025_1742397952591.xlsx
200752253555731,2025-03-12 18:00:53,delivered,265,13.26,278.26,-5.318333333333333,198.68166666666667,74.97421383647799,66.31833333333333,25.025786163522014,invoice Annexure_708466_19032025_1742397952591.xlsx
200733779127650,2025-03-12 12:52:59,delivered,179,8.96,187.95999999999998,-5.318333333333333,132.47166666666666,74.00651769087523,46.528333333333336,25.993482309124772,invoice Annexure_708466_19032025_1742397952591.xlsx
200729242516398,2025-03-12 11:37:22,delivered,265,13.26,278.26,-5.318333333333333,180.98166666666668,68.29496855345913,84.01833333333332,31.705031446540875,invoice Annexure_708466_19032025_1742397952591.xlsx
200672831466450,2025-03-11 19:57:11,delivered,265,13.26,278.26,-5.318333333333333,198.68166666666667,74.97421383647799,66.31833333333333,25.025786163522014,invoice Annexure_708466_19032025_1742397952591.xlsx
200647340322243,2025-03-11 12:52:20,delivered,824,41.2,865.2,-5.318333333333333,605.4016666666666,73.47107605177993,218.59833333333336,26.52892394822007,invoice Annexure_708466_19032025_1742397952591.xlsx
200563462961459,2025-03-10 13:34:22,delivered,795,35.78,751.28,-5.318333333333333,545.4616666666666,68.61153039832284,249.5383333333334,31.38846960167716,invoice Annexure_708466_19032025_1742397952591.xlsx
200560188447319,2025-03-10 12:39:48,delivered,295,14.76,309.76,-5.318333333333333,221.76166666666668,75.17344632768362,73.23833333333332,24.82655367231638,invoice Annexure_708466_19032025_1742397952591.xlsx
200554633322544,2025-03-10 11:07:13,delivered,265,13.26,278.26,-5.318333333333333,198.68166666666667,74.97421383647799,66.31833333333333,25.025786163522014,invoice Annexure_708466_19032025_1742397952591.xlsx
200507130152769,2025-03-09 21:55:30,cancelled,0,0.0,0.0,-5.318333333333333,-67.26833333333333,-inf,67.26833333333333,inf,invoice Annexure_708466_19032025_1742397952591.xlsx
200492394653466,2025-03-09 17:49:54,delivered,255,12.76,267.76,-5.318333333333333,190.97166666666666,74.89084967320261,64.02833333333334,25.109150326797387,invoice Annexure_708466_19032025_1742397952591.xlsx
200483220740865,2025-03-09 15:17:00,delivered,325,16.26,341.26,-5.318333333333333,227.17166666666668,69.89897435897436,97.82833333333332,30.101025641025636,invoice Annexure_708466_19032025_1742397952591.xlsx
200480215361527,2025-03-09 14:26:55,delivered,265,13.26,278.26,-5.318333333333333,180.98166666666668,68.29496855345913,84.01833333333332,31.705031446540875,invoice Annexure_708466_19032025_1742397952591.xlsx
200477329517098,2025-03-09 13:38:49,delivered,500,25.0,525.0,-5.318333333333333,355.9716666666667,71.19433333333333,144.0283333333333,28.805666666666664,invoice Annexure_708466_19032025_1742397952591.xlsx
200468755719438,2025-03-09 11:15:55,delivered,315,15.76,330.76,-5.318333333333333,237.15166666666667,75.28624338624338,77.84833333333333,24.713756613756612,invoice Annexure_708466_19032025_1742397952591.xlsx
200413814186746,2025-03-08 20:00:14,delivered,1387,62.42,1310.72,-9.575853658536586,951.3441463414633,68.59006101957198,435.65585365853667,31.40993898042802,invoice Annexure_708466_12032025_1741788487628.xlsx
200411217510622,2025-03-08 19:16:57,delivered,265,13.26,278.26,-9.575853658536586,194.42414634146343,73.36760239300507,70.57585365853657,26.632397606994935,invoice Annexure_708466_12032025_1741788487628.xlsx
200408464515849,2025-03-08 18:31:04,delivered,325,16.26,341.26,-9.575853658536586,222.91414634146344,68.58896810506567,102.08585365853656,31.411031894934325,invoice Annexure_708466_12032025_1741788487628.xlsx
200402051715221,2025-03-08 16:44:11,delivered,970,43.66,916.6600000000001,-9.575853658536586,638.8441463414633,65.86022127231581,331.15585365853667,34.139778727684195,invoice Annexure_708466_12032025_1741788487628.xlsx
200401246636484,2025-03-08 16:30:46,delivered,685,34.26,719.26,-9.575853658536586,494.1341463414634,72.13637172868079,190.8658536585366,27.863628271319214,invoice Annexure_708466_12032025_1741788487628.xlsx
200398755508714,2025-03-08 15:49:15,delivered,265,13.26,278.26,-9.575853658536586,194.42414634146343,73.36760239300507,70.57585365853657,26.632397606994935,invoice Annexure_708466_12032025_1741788487628.xlsx
200397701071184,2025-03-08 15:31:41,delivered,265,13.26,278.26,-9.575853658536586,194.42414634146343,73.36760239300507,70.57585365853657,26.632397606994935,invoice Annexure_708466_12032025_1741788487628.xlsx
200330850439533,2025-03-07 20:57:30,delivered,189,9.46,198.45999999999998,-9.575853658536586,135.90414634146342,71.90695573622403,53.09585365853658,28.09304426377597,invoice Annexure_708466_12032025_1741788487628.xlsx
200328060509490,2025-03-07 20:11:00,delivered,335,16.76,351.76,-9.575853658536586,248.30414634146342,74.1206406989443,86.69585365853658,25.879359301055693,invoice Annexure_708466_12032025_1741788487628.xlsx
200306146722864,2025-03-07 14:05:46,delivered,485,24.26,509.26,-9.575853658536586,363.78414634146344,75.00704048277596,121.21585365853656,24.992959517224033,invoice Annexure_708466_12032025_1741788487628.xlsx
200238067172960,2025-03-06 19:11:07,delivered,265,13.26,278.26,-9.575853658536586,176.72414634146344,66.68835710998621,88.27585365853656,33.3116428900138,invoice Annexure_708466_12032025_1741788487628.xlsx
200228797722700,2025-03-06 16:36:37,delivered,260,13.0,273.0,-9.575853658536586,172.87414634146342,66.49005628517824,87.12585365853658,33.509943714821766,invoice Annexure_708466_12032025_1741788487628.xlsx
200214930544068,2025-03-06 12:45:30,delivered,315,15.76,330.76,-9.575853658536586,232.89414634146343,73.93464963221061,82.10585365853657,26.065350367789385,invoice Annexure_708466_12032025_1741788487628.xlsx
200211634037253,2025-03-06 11:50:34,delivered,720,32.4,680.4000000000001,-9.575853658536586,465.6341463414634,64.67140921409214,254.3658536585366,35.328590785907856,invoice Annexure_708466_12032025_1741788487628.xlsx
200154506746464,2025-03-05 19:58:26,delivered,1095,49.28,1034.78,-9.575853658536586,749.0441463414634,68.40585811337564,345.9558536585366,31.59414188662435,invoice Annexure_708466_12032025_1741788487628.xlsx
200142971081692,2025-03-05 16:46:11,delivered,225,11.26,236.26,-9.575853658536586,163.62414634146342,72.72184281842819,61.375853658536585,27.278157181571817,invoice Annexure_708466_12032025_1741788487628.xlsx
200137801171417,2025-03-05 15:20:01,delivered,345,17.26,362.26,-9.575853658536586,256.0041463414634,74.20410038882997,88.99585365853659,25.795899611170025,invoice Annexure_708466_12032025_1741788487628.xlsx
200123612108484,2025-03-05 11:23:32,delivered,315,15.76,330.76,-9.575853658536586,215.19414634146344,68.31560201316299,99.80585365853656,31.684397986837006,invoice Annexure_708466_12032025_1741788487628.xlsx
200067958251656,2025-03-04 19:55:58,delivered,480,24.0,504.0,-9.575853658536586,336.3241463414634,70.06753048780487,143.6758536585366,29.932469512195127,invoice Annexure_708466_12032025_1741788487628.xlsx
200061868791322,2025-03-04 18:14:28,delivered,179,8.96,187.95999999999998,-9.575853658536586,128.21414634146342,71.62801471590136,50.78585365853658,28.37198528409865,invoice Annexure_708466_12032025_1741788487628.xlsx
200061484550761,2025-03-04 18:08:04,delivered,525,26.26,551.26,-9.575853658536586,370.98414634146343,70.6636469221835,154.01585365853657,29.33635307781649,invoice Annexure_708466_12032025_1741788487628.xlsx
200057762059210,2025-03-04 17:06:02,delivered,225,11.26,236.26,-9.575853658536586,145.92414634146343,64.85517615176151,79.07585365853657,35.144823848238474,invoice Annexure_708466_12032025_1741788487628.xlsx
200054510232127,2025-03-04 16:11:50,delivered,155,7.76,162.76,-9.575853658536586,109.72414634146341,70.7897718332022,45.27585365853659,29.2102281667978,invoice Annexure_708466_12032025_1741788487628.xlsx
200051855701022,2025-03-04 15:27:35,delivered,680,34.0,714.0,-9.575853658536586,513.8741463414634,75.56972740315638,166.12585365853658,24.430272596843615,invoice Annexure_708466_12032025_1741788487628.xlsx
200047968602235,2025-03-04 14:22:48,delivered,225,11.26,236.26,-9.575853658536586,163.62414634146342,72.72184281842819,61.375853658536585,27.278157181571817,invoice Annexure_708466_12032025_1741788487628.xlsx
200043030172511,2025-03-04 13:00:30,delivered,125,6.26,131.26,-9.575853658536586,86.65414634146342,69.32331707317073,38.34585365853658,30.67668292682927,invoice Annexure_708466_12032025_1741788487628.xlsx
199988905510317,2025-03-03 21:58:25,delivered,240,12.0,252.0,-9.575853658536586,175.18414634146342,72.9933943089431,64.81585365853658,27.00660569105691,invoice Annexure_708466_12032025_1741788487628.xlsx
199987217881087,2025-03-03 21:30:17,delivered,120,6.0,126.0,-9.575853658536586,82.79414634146342,68.99512195121952,37.20585365853658,31.004878048780487,invoice Annexure_708466_12032025_1741788487628.xlsx
199981761205531,2025-03-03 19:59:21,delivered,495,24.76,519.76,-9.575853658536586,347.85414634146343,70.27356491746735,147.14585365853657,29.72643508253264,invoice Annexure_708466_12032025_1741788487628.xlsx
199973961590513,2025-03-03 17:49:21,delivered,325,16.26,341.26,-9.575853658536586,222.91414634146344,68.58896810506567,102.08585365853656,31.411031894934325,invoice Annexure_708466_12032025_1741788487628.xlsx
199966546566100,2025-03-03 15:45:46,delivered,295,14.76,309.76,-9.575853658536586,199.80414634146342,67.73021909880116,95.19585365853658,32.26978090119884,invoice Annexure_708466_12032025_1741788487628.xlsx
199958915747054,2025-03-03 13:38:35,delivered,400,20.0,420.0,-9.575853658536586,298.3241463414634,74.58103658536585,101.6758536585366,25.41896341463415,invoice Annexure_708466_12032025_1741788487628.xlsx
199900092794993,2025-03-02 21:18:12,delivered,355,17.76,372.76,-9.575853658536586,263.6941463414634,74.28004122294743,91.30585365853659,25.71995877705256,invoice Annexure_708466_12032025_1741788487628.xlsx
199893742239131,2025-03-02 19:32:22,delivered,295,14.76,309.76,-9.575853658536586,217.50414634146344,73.73021909880116,77.49585365853656,26.269780901198835,invoice Annexure_708466_12032025_1741788487628.xlsx
199882839701616,2025-03-02 16:30:39,delivered,265,13.26,278.26,-9.575853658536586,194.42414634146343,73.36760239300507,70.57585365853657,26.632397606994935,invoice Annexure_708466_12032025_1741788487628.xlsx
199880763384934,2025-03-02 15:56:03,delivered,500,25.0,525.0,-9.575853658536586,375.3141463414634,75.06282926829269,124.68585365853659,24.93717073170732,invoice Annexure_708466_12032025_1741788487628.xlsx
199875035532865,2025-03-02 14:20:35,delivered,265,13.26,278.26,-9.575853658536586,176.72414634146344,66.68835710998621,88.27585365853656,33.3116428900138,invoice Annexure_708466_12032025_1741788487628.xlsx
199868699834168,2025-03-02 12:34:59,delivered,265,13.26,278.26,-9.575853658536586,176.72414634146344,66.68835710998621,88.27585365853656,33.3116428900138,invoice Annexure_708466_12032025_1741788487628.xlsx
199811397888037,2025-03-01 20:39:57,delivered,464,23.2,487.20000000000005,-9.575853658536586,347.60414634146343,74.9146867115223,116.39585365853657,25.085313288477707,invoice Annexure_708466_12032025_1741788487628.xlsx
199792732370526,2025-03-01 15:28:52,delivered,525,26.26,551.26,-9.575853658536586,394.58414634146345,75.15888501742161,130.41585365853655,24.84111498257839,invoice Annexure_708466_12032025_1741788487628.xlsx
199781758355773,2025-03-01 12:25:58,delivered,585,29.26,614.26,-9.575853658536586,417.16414634146344,71.31011048572024,167.83585365853656,28.689889514279756,invoice Annexure_708466_12032025_1741788487628.xlsx
199725743490482,2025-02-28 20:52:23,delivered,725,36.26,761.26,-22.75714285714286,511.74285714285713,70.58522167487683,213.25714285714287,29.41477832512315,invoice Annexure_708466_05032025_1741189432727.xlsx
199725050149735,2025-02-28 20:40:50,delivered,494,24.7,518.7,-22.75714285714286,357.5228571428571,72.37304800462695,136.4771428571429,27.626951995373055,invoice Annexure_708466_05032025_1741189432727.xlsx
199723095412564,2025-02-28 20:08:15,delivered,889,40.0,840.1,-22.75714285714286,593.1528571428571,66.72135625903904,295.8471428571429,33.27864374096096,invoice Annexure_708466_05032025_1741189432727.xlsx
199717276687347,2025-02-28 18:31:16,delivered,265,13.26,278.26,-22.75714285714286,181.24285714285713,68.39353099730458,83.75714285714287,31.60646900269542,invoice Annexure_708466_05032025_1741189432727.xlsx
199701521769124,2025-02-28 14:08:41,delivered,325,16.26,341.26,-22.75714285714286,227.43285714285713,69.97934065934066,97.56714285714287,30.020659340659346,invoice Annexure_708466_05032025_1741189432727.xlsx
199701099790933,2025-02-28 14:01:39,delivered,265,13.26,278.26,-22.75714285714286,181.24285714285713,68.39353099730458,83.75714285714287,31.60646900269542,invoice Annexure_708466_05032025_1741189432727.xlsx
199697087920784,2025-02-28 12:54:47,delivered,325,16.26,341.26,-22.75714285714286,227.43285714285713,69.97934065934066,97.56714285714287,30.020659340659346,invoice Annexure_708466_05032025_1741189432727.xlsx
199637485853261,2025-02-27 20:21:25,delivered,155,7.76,162.76,-22.75714285714286,96.54285714285714,62.28571428571429,58.457142857142856,37.71428571428571,invoice Annexure_708466_05032025_1741189432727.xlsx
199634682495401,2025-02-27 19:34:42,delivered,434,21.7,455.70000000000005,-22.75714285714286,311.34285714285716,71.73798551678736,122.65714285714284,28.26201448321264,invoice Annexure_708466_05032025_1741189432727.xlsx
199628546821177,2025-02-27 17:52:26,delivered,725,36.26,761.26,-22.75714285714286,535.3428571428572,73.84039408866995,189.65714285714284,26.159605911330047,invoice Annexure_708466_05032025_1741189432727.xlsx
199626856296666,2025-02-27 17:24:16,delivered,265,13.26,278.26,-22.75714285714286,163.54285714285714,61.71428571428571,101.45714285714286,38.285714285714285,invoice Annexure_708466_05032025_1741189432727.xlsx
199623897237372,2025-02-27 16:34:57,delivered,325,16.26,341.26,-22.75714285714286,209.73285714285714,64.53318681318682,115.26714285714286,35.46681318681319,invoice Annexure_708466_05032025_1741189432727.xlsx
199616687275922,2025-02-27 14:34:47,delivered,460,23.0,483.0,-22.75714285714286,307.74285714285713,66.90062111801241,152.25714285714287,33.099378881987576,invoice Annexure_708466_05032025_1741189432727.xlsx
199616394567740,2025-02-27 14:29:54,delivered,575,28.76,603.76,-22.75714285714286,419.85285714285715,73.01788819875776,155.14714285714285,26.982111801242237,invoice Annexure_708466_05032025_1741189432727.xlsx
199541338130779,2025-02-26 17:38:58,delivered,305,15.26,320.26,-22.75714285714286,212.03285714285713,69.51896955503513,92.96714285714287,30.48103044496488,invoice Annexure_708466_05032025_1741189432727.xlsx
199535731388882,2025-02-26 16:05:31,delivered,265,13.26,278.26,-22.75714285714286,181.24285714285713,68.39353099730458,83.75714285714287,31.60646900269542,invoice Annexure_708466_05032025_1741189432727.xlsx
199467644738889,2025-02-25 21:10:44,delivered,490,24.5,514.5,-22.75714285714286,330.85285714285715,67.52099125364431,159.14714285714285,32.47900874635569,invoice Annexure_708466_05032025_1741189432727.xlsx
199465827158284,2025-02-25 20:40:27,delivered,444,22.2,466.20000000000005,-22.75714285714286,319.03285714285715,71.85424710424711,124.96714285714285,28.145752895752896,invoice Annexure_708466_05032025_1741189432727.xlsx
199383601018646,2025-02-24 21:50:01,delivered,1737,86.86,1823.8600000000001,-22.75714285714286,1314.3728571428574,75.66913397483347,422.62714285714264,24.330866025166532,invoice Annexure_708466_05032025_1741189432727.xlsx
199380091674402,2025-02-24 20:51:31,delivered,179,8.96,187.95999999999998,-22.75714285714286,115.03285714285713,64.26416600159615,63.967142857142875,35.73583399840384,invoice Annexure_708466_05032025_1741189432727.xlsx
199379808819196,2025-02-24 20:46:48,delivered,345,17.26,362.26,-22.75714285714286,242.82285714285712,70.38343685300207,102.17714285714288,29.616563146997937,invoice Annexure_708466_05032025_1741189432727.xlsx
199375108628928,2025-02-24 19:28:28,delivered,560,28.0,588.0,-22.75714285714286,408.3228571428571,72.91479591836735,151.67714285714288,27.085204081632657,invoice Annexure_708466_05032025_1741189432727.xlsx
199364517560383,2025-02-24 16:31:57,delivered,644,32.2,676.2,-22.75714285714286,461.1928571428571,71.61379769299023,182.80714285714288,28.38620230700976,invoice Annexure_708466_05032025_1741189432727.xlsx
199353378308910,2025-02-24 13:26:18,delivered,189,9.46,198.45999999999998,-22.75714285714286,105.02285714285713,55.567649281935,83.97714285714287,44.432350718065,invoice Annexure_708466_05032025_1741189432727.xlsx
199292863965519,2025-02-23 20:37:43,delivered,189,9.46,198.45999999999998,-22.75714285714286,122.72285714285712,64.93272864701434,66.27714285714288,35.06727135298565,invoice Annexure_708466_05032025_1741189432727.xlsx
199288002409314,2025-02-23 19:16:42,delivered,480,24.0,504.0,-22.75714285714286,323.1428571428571,67.32142857142857,156.8571428571429,32.67857142857144,invoice Annexure_708466_05032025_1741189432727.xlsx
199282312893660,2025-02-23 17:41:52,delivered,265,13.26,278.26,-22.75714285714286,181.24285714285713,68.39353099730458,83.75714285714287,31.60646900269542,invoice Annexure_708466_05032025_1741189432727.xlsx
199277076918825,2025-02-23 16:14:36,delivered,785,39.26,824.26,-22.75714285714286,581.5228571428571,74.0793448589627,203.4771428571429,25.92065514103731,invoice Annexure_708466_05032025_1741189432727.xlsx
199202147774942,2025-02-22 19:25:47,delivered,905,41.52,872.03,-28.585416666666664,587.1445833333333,64.87785451197054,317.85541666666666,35.12214548802947,invoice Annexure_708466_26022025_1740590459785.xlsx
199194902814981,2025-02-22 17:25:02,delivered,265,13.26,278.26,-28.585416666666664,175.41458333333333,66.19418238993711,89.58541666666667,33.805817610062896,invoice Annexure_708466_26022025_1740590459785.xlsx
199175768622884,2025-02-22 12:06:08,delivered,325,16.26,341.26,-28.585416666666664,203.90458333333333,62.739871794871796,121.09541666666667,37.260128205128204,invoice Annexure_708466_26022025_1740590459785.xlsx
199035175952503,2025-02-20 21:02:55,delivered,505,25.26,530.26,-28.585416666666664,360.1645833333333,71.3197194719472,144.83541666666667,28.68028052805281,invoice Annexure_708466_26022025_1740590459785.xlsx
199028606424036,2025-02-20 19:13:26,delivered,385,19.26,404.26,-28.585416666666664,267.78458333333333,69.55443722943723,117.21541666666667,30.445562770562773,invoice Annexure_708466_26022025_1740590459785.xlsx
199026600301505,2025-02-20 18:40:00,delivered,335,16.76,351.76,-28.585416666666664,229.29458333333332,68.44614427860695,105.70541666666668,31.553855721393038,invoice Annexure_708466_26022025_1740590459785.xlsx
199026023077707,2025-02-20 18:30:23,delivered,265,13.26,278.26,-28.585416666666664,145.91458333333333,55.062106918238996,119.08541666666667,44.93789308176101,invoice Annexure_708466_26022025_1740590459785.xlsx
199014571326396,2025-02-20 15:19:31,delivered,430,21.5,451.5,-28.585416666666664,302.4145833333333,70.32897286821705,127.58541666666667,29.671027131782946,invoice Annexure_708466_26022025_1740590459785.xlsx
198949994636197,2025-02-19 21:23:14,delivered,325,16.26,341.26,-28.585416666666664,221.60458333333332,68.18602564102564,103.39541666666668,31.813974358974363,invoice Annexure_708466_26022025_1740590459785.xlsx
198947309614376,2025-02-19 20:38:29,delivered,265,13.26,278.26,-28.585416666666664,175.41458333333333,66.19418238993711,89.58541666666667,33.805817610062896,invoice Annexure_708466_26022025_1740590459785.xlsx
198937820765297,2025-02-19 18:00:20,delivered,579,28.96,607.96,-28.585416666666664,393.52458333333334,67.96624928036846,185.47541666666666,32.03375071963155,invoice Annexure_708466_26022025_1740590459785.xlsx
198933786611006,2025-02-19 16:53:06,delivered,495,24.76,519.76,-28.585416666666664,352.4445833333333,71.20092592592592,142.5554166666667,28.79907407407408,invoice Annexure_708466_26022025_1740590459785.xlsx
198861325217511,2025-02-18 20:45:25,delivered,265,13.26,278.26,-28.585416666666664,175.41458333333333,66.19418238993711,89.58541666666667,33.805817610062896,invoice Annexure_708466_26022025_1740590459785.xlsx
198852224055082,2025-02-18 18:13:44,delivered,455,22.76,477.76,-28.585416666666664,321.6645833333333,70.69551282051282,133.33541666666667,29.304487179487182,invoice Annexure_708466_26022025_1740590459785.xlsx
198844649179672,2025-02-18 16:07:29,delivered,630,31.5,661.5,-28.585416666666664,456.3645833333333,72.43882275132275,173.63541666666669,27.561177248677254,invoice Annexure_708466_26022025_1740590459785.xlsx
198834587186816,2025-02-18 13:19:47,delivered,990,49.5,1039.5,-28.585416666666664,709.8945833333333,71.70652356902357,280.10541666666666,28.293476430976426,invoice Annexure_708466_26022025_1740590459785.xlsx
198770944677889,2025-02-17 19:39:04,delivered,265,13.26,278.26,-28.585416666666664,175.41458333333333,66.19418238993711,89.58541666666667,33.805817610062896,invoice Annexure_708466_26022025_1740590459785.xlsx
198760919442260,2025-02-17 16:51:59,delivered,155,7.76,162.76,-28.585416666666664,73.01458333333333,47.10618279569893,81.98541666666667,52.89381720430107,invoice Annexure_708466_26022025_1740590459785.xlsx
198760279278232,2025-02-17 16:41:19,delivered,595,29.76,624.76,-28.585416666666664,429.4145833333333,72.17051820728291,165.58541666666667,27.829481792717086,invoice Annexure_708466_26022025_1740590459785.xlsx
198692185597459,2025-02-16 21:46:25,delivered,325,16.26,341.26,-28.585416666666664,203.90458333333333,62.739871794871796,121.09541666666667,37.260128205128204,invoice Annexure_708466_26022025_1740590459785.xlsx
198682466751680,2025-02-16 19:04:26,delivered,595,29.76,624.76,-28.585416666666664,429.4145833333333,72.17051820728291,165.58541666666667,27.829481792717086,invoice Annexure_708466_26022025_1740590459785.xlsx
198677843304937,2025-02-16 17:47:23,delivered,385,19.26,404.26,-28.585416666666664,244.1845833333333,63.4245670995671,140.8154166666667,36.57543290043291,invoice Annexure_708466_26022025_1740590459785.xlsx
198674063262716,2025-02-16 16:44:23,delivered,590,29.5,619.5,-28.585416666666664,425.57458333333335,72.13128531073446,164.42541666666665,27.868714689265534,invoice Annexure_708466_26022025_1740590459785.xlsx
198657535021806,2025-02-16 12:08:55,delivered,265,13.26,278.26,-28.585416666666664,175.41458333333333,66.19418238993711,89.58541666666667,33.805817610062896,invoice Annexure_708466_26022025_1740590459785.xlsx
198601051741478,2025-02-15 20:27:31,delivered,870,43.5,913.5,-10.664166666666667,635.4458333333333,73.03975095785441,234.55416666666667,26.960249042145595,invoice Annexure_708466_20022025_1740001854674.xlsx
198600738584237,2025-02-15 20:22:18,delivered,1259,56.66,1189.7599999999998,-10.664166666666667,861.5758333333333,68.43334657135293,397.4241666666667,31.566653428647072,invoice Annexure_708466_20022025_1740001854674.xlsx
198588769907038,2025-02-15 17:02:49,delivered,800,36.0,756.0,-10.664166666666667,543.5958333333333,67.94947916666666,256.4041666666667,32.05052083333334,invoice Annexure_708466_20022025_1740001854674.xlsx
198511959377581,2025-02-14 19:42:39,delivered,644,32.2,676.2,-10.664166666666667,485.0858333333333,75.32388716356108,158.9141666666667,24.676112836438925,invoice Annexure_708466_20022025_1740001854674.xlsx
198511612490442,2025-02-14 19:36:52,delivered,715,32.18,675.6800000000001,-10.664166666666667,484.6958333333333,67.78962703962705,230.30416666666667,32.210372960372965,invoice Annexure_708466_20022025_1740001854674.xlsx
198509325796731,2025-02-14 18:58:45,delivered,690,34.5,724.5,-10.664166666666667,520.4758333333333,75.4312801932367,169.5241666666667,24.56871980676329,invoice Annexure_708466_20022025_1740001854674.xlsx
198502086541216,2025-02-14 16:58:06,delivered,210,10.5,220.5,-10.664166666666667,133.29583333333335,63.474206349206355,76.70416666666665,36.525793650793645,invoice Annexure_708466_20022025_1740001854674.xlsx
198431676764139,2025-02-13 21:24:36,delivered,295,14.76,309.76,-10.664166666666667,216.41583333333335,73.36129943502826,78.58416666666665,26.638700564971746,invoice Annexure_708466_20022025_1740001854674.xlsx
198423063757606,2025-02-13 19:01:03,delivered,1575,78.76,1653.7600000000002,-10.664166666666667,1201.7458333333334,76.30132275132276,373.2541666666666,23.698677248677242,invoice Annexure_708466_20022025_1740001854674.xlsx
198409622878011,2025-02-13 15:17:02,delivered,265,13.26,278.26,-10.664166666666667,193.33583333333334,72.95691823899372,71.66416666666666,27.043081761006288,invoice Annexure_708466_20022025_1740001854674.xlsx
198408977915354,2025-02-13 15:06:17,delivered,265,13.26,278.26,-10.664166666666667,193.33583333333334,72.95691823899372,71.66416666666666,27.043081761006288,invoice Annexure_708466_20022025_1740001854674.xlsx
198408970517011,2025-02-13 15:06:10,delivered,265,13.26,278.26,-10.664166666666667,193.33583333333334,72.95691823899372,71.66416666666666,27.043081761006288,invoice Annexure_708466_20022025_1740001854674.xlsx
198396314412215,2025-02-13 11:35:14,delivered,265,13.26,278.26,-10.664166666666667,193.33583333333334,72.95691823899372,71.66416666666666,27.043081761006288,invoice Annexure_708466_20022025_1740001854674.xlsx
198320116267826,2025-02-12 14:25:16,delivered,300,15.0,315.0,-10.664166666666667,220.27583333333334,73.42527777777778,79.72416666666666,26.57472222222222,invoice Annexure_708466_20022025_1740001854674.xlsx
198258400835364,2025-02-11 21:16:40,delivered,535,26.76,561.76,-10.664166666666667,401.1558333333333,74.98239875389407,133.8441666666667,25.017601246105926,invoice Annexure_708466_20022025_1740001854674.xlsx
198252377046376,2025-02-11 19:36:17,delivered,444,22.2,466.20000000000005,-10.664166666666667,331.12583333333333,74.5778903903904,112.87416666666667,25.42210960960961,invoice Annexure_708466_20022025_1740001854674.xlsx
198173063006230,2025-02-10 21:34:23,delivered,724,36.2,760.2,-10.664166666666667,523.0758333333333,72.24804327808472,200.92416666666668,27.75195672191529,invoice Annexure_708466_20022025_1740001854674.xlsx
198164774505086,2025-02-10 19:16:14,delivered,1340,60.3,1266.3000000000002,-10.664166666666667,917.6858333333333,68.48401741293533,422.31416666666667,31.515982587064677,invoice Annexure_708466_20022025_1740001854674.xlsx
198158503524784,2025-02-10 17:31:43,delivered,395,19.76,414.76,-10.664166666666667,293.3958333333333,74.27742616033754,101.60416666666669,25.722573839662456,invoice Annexure_708466_20022025_1740001854674.xlsx
198154860092019,2025-02-10 16:31:00,delivered,919,41.36,868.4599999999999,-10.664166666666667,602.4158333333334,65.55123322451941,316.58416666666665,34.44876677548059,invoice Annexure_708466_20022025_1740001854674.xlsx
198138792406806,2025-02-10 12:03:12,cancelled,225,11.26,236.26,-10.664166666666667,79.33583333333334,35.260370370370374,145.66416666666666,64.73962962962962,invoice Annexure_708466_20022025_1740001854674.xlsx
198086678860245,2025-02-09 21:34:38,delivered,495,24.76,519.76,-10.664166666666667,370.3658333333333,74.82138047138046,124.63416666666672,25.17861952861954,invoice Annexure_708466_20022025_1740001854674.xlsx
198079561712922,2025-02-09 19:36:01,delivered,265,13.26,278.26,-10.664166666666667,175.63583333333335,66.27767295597485,89.36416666666665,33.72232704402515,invoice Annexure_708466_20022025_1740001854674.xlsx
198061824387413,2025-02-09 14:40:24,delivered,215,10.76,225.76,-10.664166666666667,137.13583333333335,63.78410852713179,77.86416666666665,36.21589147286821,invoice Annexure_708466_20022025_1740001854674.xlsx
197996139553336,2025-02-08 20:25:39,delivered,265,13.26,278.26,-8.840540540540541,177.45945945945948,66.96583375828659,87.54054054054052,33.0341662417134,invoice Annexure_708466_12022025_1739359066228.xlsx
197994934645216,2025-02-08 20:05:34,cancelled,0,0.0,0.0,-8.840540540540541,-27.13054054054054,-inf,27.13054054054054,inf,invoice Annexure_708466_12022025_1739359066228.xlsx
197994257715625,2025-02-08 19:54:17,delivered,515,25.76,540.76,-8.840540540540541,387.5794594594595,75.2581474678562,127.42054054054051,24.741852532143792,invoice Annexure_708466_12022025_1739359066228.xlsx
197993498721649,2025-02-08 19:41:38,delivered,1190,53.56,1124.56,-8.840540540540541,815.5894594594594,68.53692936634113,374.41054054054064,31.46307063365888,invoice Annexure_708466_12022025_1739359066228.xlsx
197991752619940,2025-02-08 19:12:32,delivered,1030,51.5,1081.5,-8.840540540540541,784.0494594594594,76.12130674363684,245.9505405405406,23.878693256363164,invoice Annexure_708466_12022025_1739359066228.xlsx
197988974869608,2025-02-08 18:26:14,delivered,255,12.76,267.76,-8.840540540540541,187.44945945945946,73.50959194488607,67.55054054054054,26.490408055113935,invoice Annexure_708466_12022025_1739359066228.xlsx
197987553292688,2025-02-08 18:02:33,delivered,814,40.7,854.7,-8.840540540540541,594.1594594594594,72.99256258715717,219.8405405405406,27.007437412842823,invoice Annexure_708466_12022025_1739359066228.xlsx
197986825963444,2025-02-08 17:50:25,delivered,225,11.26,236.26,-8.840540540540541,164.35945945945946,73.04864864864865,60.64054054054054,26.95135135135135,invoice Annexure_708466_12022025_1739359066228.xlsx
197973050199743,2025-02-08 14:00:50,delivered,225,11.26,236.26,-8.840540540540541,164.35945945945946,73.04864864864865,60.64054054054054,26.95135135135135,invoice Annexure_708466_12022025_1739359066228.xlsx
197967772010003,2025-02-08 12:32:52,delivered,265,13.26,278.26,-8.840540540540541,195.15945945945947,73.64507904130546,69.84054054054053,26.35492095869454,invoice Annexure_708466_12022025_1739359066228.xlsx
197913288299235,2025-02-07 21:24:48,delivered,295,14.76,309.76,-8.840540540540541,218.23945945945948,73.97947778286762,76.76054054054052,26.02052221713238,invoice Annexure_708466_12022025_1739359066228.xlsx
197912145502126,2025-02-07 21:05:45,delivered,525,26.26,551.26,-8.840540540540541,395.3194594594595,75.29894465894466,129.6805405405405,24.701055341055334,invoice Annexure_708466_12022025_1739359066228.xlsx
197907974057313,2025-02-07 19:56:14,delivered,385,19.26,404.26,-8.840540540540541,287.5294594594595,74.68297648297649,97.47054054054053,25.31702351702351,invoice Annexure_708466_12022025_1739359066228.xlsx
197905094889175,2025-02-07 19:08:14,delivered,540,27.0,567.0,-8.840540540540541,383.23945945945945,70.97027027027026,156.76054054054055,29.02972972972973,invoice Annexure_708466_12022025_1739359066228.xlsx
197902760886832,2025-02-07 18:29:20,delivered,315,15.76,330.76,-8.840540540540541,233.62945945945947,74.16808236808237,81.37054054054053,25.831917631917626,invoice Annexure_708466_12022025_1739359066228.xlsx
197899178887773,2025-02-07 17:29:38,delivered,265,13.26,278.26,-8.840540540540541,177.45945945945948,66.96583375828659,87.54054054054052,33.0341662417134,invoice Annexure_708466_12022025_1739359066228.xlsx
197898574319586,2025-02-07 17:19:34,delivered,260,13.0,273.0,-8.840540540540541,173.60945945945946,66.77286902286902,86.39054054054054,33.227130977130976,invoice Annexure_708466_12022025_1739359066228.xlsx
197819638533513,2025-02-06 19:23:58,delivered,530,26.5,556.5,-8.840540540540541,399.15945945945947,75.31310555838859,130.84054054054053,24.68689444161142,invoice Annexure_708466_12022025_1739359066228.xlsx
197811620078789,2025-02-06 17:10:20,delivered,295,14.76,309.76,-8.840540540540541,218.23945945945948,73.97947778286762,76.76054054054052,26.02052221713238,invoice Annexure_708466_12022025_1739359066228.xlsx
197651159094962,2025-02-04 20:35:59,delivered,265,13.26,278.26,-8.840540540540541,177.45945945945948,66.96583375828659,87.54054054054052,33.0341662417134,invoice Annexure_708466_12022025_1739359066228.xlsx
197646947609303,2025-02-04 19:25:47,delivered,385,19.26,404.26,-8.840540540540541,287.5294594594595,74.68297648297649,97.47054054054053,25.31702351702351,invoice Annexure_708466_12022025_1739359066228.xlsx
197553988072417,2025-02-03 17:36:28,delivered,1870,84.28,1769.7900000000002,-8.840540540540541,1288.6294594594594,68.91066628125452,581.3705405405406,31.089333718745483,invoice Annexure_708466_12022025_1739359066228.xlsx
197534164328503,2025-02-03 12:06:04,delivered,540,27.0,567.0,-8.840540540540541,383.23945945945945,70.97027027027026,156.76054054054055,29.02972972972973,invoice Annexure_708466_12022025_1739359066228.xlsx
197477836195577,2025-02-02 20:27:16,delivered,255,12.76,267.76,-8.840540540540541,169.74945945945947,66.56841547429784,85.25054054054053,33.43158452570217,invoice Annexure_708466_12022025_1739359066228.xlsx
197477670246851,2025-02-02 20:24:30,delivered,935,42.08,883.5799999999999,-8.840540540540541,638.9294594594594,68.33470154646625,296.0705405405406,31.66529845353375,invoice Annexure_708466_12022025_1739359066228.xlsx
197476197006503,2025-02-02 19:59:57,delivered,240,12.0,252.0,-8.840540540540541,175.91945945945946,73.29977477477478,64.08054054054054,26.70022522522523,invoice Annexure_708466_12022025_1739359066228.xlsx
197474990761499,2025-02-02 19:39:50,delivered,385,19.26,404.26,-8.840540540540541,287.5294594594595,74.68297648297649,97.47054054054053,25.31702351702351,invoice Annexure_708466_12022025_1739359066228.xlsx
197472407801112,2025-02-02 18:56:47,delivered,640,32.0,672.0,-8.840540540540541,460.2194594594595,71.90929054054054,179.78054054054053,28.090709459459458,invoice Annexure_708466_12022025_1739359066228.xlsx
197464939494714,2025-02-02 16:52:19,delivered,335,16.76,351.76,-8.840540540540541,231.33945945945948,69.05655506252522,103.66054054054052,30.943444937474784,invoice Annexure_708466_12022025_1739359066228.xlsx
197390853561130,2025-02-01 20:17:33,delivered,455,22.76,477.76,-8.840540540540541,341.40945945945947,75.03504603504604,113.59054054054053,24.964953964953963,invoice Annexure_708466_12022025_1739359066228.xlsx
197390447940770,2025-02-01 20:10:47,delivered,590,29.5,619.5,-8.840540540540541,445.3194594594595,75.47787448465415,144.6805405405405,24.52212551534585,invoice Annexure_708466_12022025_1739359066228.xlsx
197389268578840,2025-02-01 19:51:08,delivered,645,32.26,677.26,-8.840540540540541,487.68945945945944,75.61076890844333,157.31054054054056,24.389231091556677,invoice Annexure_708466_12022025_1739359066228.xlsx
197387381721687,2025-02-01 19:19:41,delivered,265,13.26,278.26,-8.840540540540541,195.15945945945947,73.64507904130546,69.84054054054053,26.35492095869454,invoice Annexure_708466_12022025_1739359066228.xlsx
197387176694165,2025-02-01 19:16:16,delivered,780,35.1,737.0999999999999,-8.840540540540541,531.5494594594594,68.14736659736658,248.4505405405406,31.852633402633412,invoice Annexure_708466_12022025_1739359066228.xlsx
197384770178008,2025-02-01 18:36:10,delivered,415,20.76,435.76,-8.840540540540541,310.61945945945945,74.84806252035168,104.38054054054055,25.151937479648325,invoice Annexure_708466_12022025_1739359066228.xlsx
197376983293463,2025-02-01 16:26:23,delivered,265,13.26,278.26,-8.840540540540541,177.45945945945948,66.96583375828659,87.54054054054052,33.0341662417134,invoice Annexure_708466_12022025_1739359066228.xlsx
197374121501559,2025-02-01 15:38:41,delivered,305,15.26,320.26,-8.840540540540541,208.24945945945947,68.27851129818343,96.75054054054053,31.721488701816565,invoice Annexure_708466_12022025_1739359066228.xlsx
197303688445951,2025-01-31 20:04:48,delivered,325,16.26,341.26,-8.158181818181818,242.03181818181818,74.47132867132868,82.96818181818182,25.528671328671326,invoice Annexure_708466_05022025_1738760130394.xlsx
197302076836068,2025-01-31 19:37:56,delivered,210,10.5,220.5,-8.158181818181818,153.50181818181818,73.0961038961039,56.49818181818182,26.903896103896102,invoice Annexure_708466_05022025_1738760130394.xlsx
197288664737339,2025-01-31 15:54:24,delivered,885,44.26,929.26,-8.158181818181818,673.1118181818182,76.0578325629173,211.8881818181818,23.94216743708269,invoice Annexure_708466_05022025_1738760130394.xlsx
197223723365933,2025-01-30 21:52:03,delivered,265,13.26,278.26,-8.158181818181818,195.84181818181818,73.9025728987993,69.15818181818182,26.097427101200687,invoice Annexure_708466_05022025_1738760130394.xlsx
197204375964708,2025-01-30 16:29:35,delivered,399,19.96,418.96000000000004,-8.158181818181818,275.39181818181817,69.0205058099795,123.60818181818183,30.979494190020514,invoice Annexure_708466_05022025_1738760130394.xlsx
197133951432941,2025-01-29 20:55:51,delivered,265,13.26,278.26,-8.158181818181818,195.84181818181818,73.9025728987993,69.15818181818182,26.097427101200687,invoice Annexure_708466_05022025_1738760130394.xlsx
197127869871576,2025-01-29 19:14:29,delivered,385,19.26,404.26,-8.158181818181818,288.21181818181816,74.86021251475796,96.78818181818184,25.13978748524204,invoice Annexure_708466_05022025_1738760130394.xlsx
197126292000512,2025-01-29 18:48:12,delivered,490,24.5,514.5,-8.158181818181818,369.05181818181813,75.31669758812615,120.94818181818187,24.68330241187385,invoice Annexure_708466_05022025_1738760130394.xlsx
197122883624608,2025-01-29 17:51:23,delivered,700,35.0,735.0,-8.158181818181818,530.6818181818182,75.81168831168831,169.31818181818176,24.18831168831168,invoice Annexure_708466_05022025_1738760130394.xlsx
197121471772940,2025-01-29 17:27:51,delivered,535,26.76,561.76,-8.158181818181818,403.66181818181815,75.45080713678843,131.33818181818185,24.549192863211562,invoice Annexure_708466_05022025_1738760130394.xlsx
197040081124511,2025-01-28 18:51:21,delivered,420,21.0,441.0,-8.158181818181818,315.1318181818182,75.03138528138528,104.86818181818182,24.96861471861472,invoice Annexure_708466_05022025_1738760130394.xlsx
197031473677178,2025-01-28 16:27:53,delivered,315,15.76,330.76,-8.158181818181818,234.31181818181818,74.38470418470419,80.68818181818182,25.615295815295813,invoice Annexure_708466_05022025_1738760130394.xlsx
196955103540243,2025-01-27 19:15:03,delivered,495,24.76,519.76,-8.158181818181818,372.8718181818181,75.32764003673094,122.12818181818187,24.672359963269063,invoice Annexure_708466_05022025_1738760130394.xlsx
196934721868090,2025-01-27 13:35:21,delivered,285,14.26,299.26,-8.158181818181818,211.2418181818182,74.11993620414673,73.75818181818181,25.880063795853264,invoice Annexure_708466_05022025_1738760130394.xlsx
196872624845402,2025-01-26 20:20:24,delivered,460,23.0,483.0,-8.158181818181818,322.34181818181816,70.07430830039524,137.65818181818184,29.92569169960475,invoice Annexure_708466_05022025_1738760130394.xlsx
196872213128148,2025-01-26 20:13:33,delivered,265,13.26,278.26,-8.158181818181818,195.84181818181818,73.9025728987993,69.15818181818182,26.097427101200687,invoice Annexure_708466_05022025_1738760130394.xlsx
196870231093786,2025-01-26 19:40:31,delivered,1587,71.42,1499.72,-8.158181818181818,1091.341818181818,68.76760038952855,495.6581818181819,31.23239961047145,invoice Annexure_708466_05022025_1738760130394.xlsx
196868876328949,2025-01-26 19:17:56,delivered,785,35.32,741.8199999999999,-8.158181818181818,535.6918181818182,68.24099594672843,249.30818181818177,31.75900405327156,invoice Annexure_708466_05022025_1738760130394.xlsx
196864296062863,2025-01-26 18:01:36,delivered,330,16.5,346.5,-8.158181818181818,245.87181818181818,74.50661157024794,84.12818181818182,25.493388429752066,invoice Annexure_708466_05022025_1738760130394.xlsx
196850386676985,2025-01-26 14:09:46,delivered,290,14.5,304.5,-8.158181818181818,215.0818181818182,74.16614420062696,74.91818181818181,25.833855799373033,invoice Annexure_708466_05022025_1738760130394.xlsx
196843986130228,2025-01-26 12:23:06,delivered,760,34.2,718.2,-8.158181818181818,494.79181818181814,65.10418660287081,265.20818181818186,34.895813397129196,invoice Annexure_708466_05022025_1738760130394.xlsx
196839257965605,2025-01-26 11:04:17,delivered,265,13.26,278.26,-8.158181818181818,178.1418181818182,67.22332761578045,86.8581818181818,32.77667238421955,invoice Annexure_708466_05022025_1738760130394.xlsx
196783733256296,2025-01-25 19:38:53,delivered,365,18.26,383.26,-2.9333333333333336,278.0466666666667,76.17716894977168,86.95333333333332,23.822831050228306,invoice Annexure_708466_29012025_1738156578636.xlsx
196782443860661,2025-01-25 19:17:23,delivered,365,18.26,383.26,-2.9333333333333336,260.34666666666664,71.32785388127854,104.65333333333336,28.67214611872147,invoice Annexure_708466_29012025_1738156578636.xlsx
196768483165074,2025-01-25 15:24:43,delivered,335,16.76,351.76,-2.9333333333333336,254.94666666666666,76.10348258706468,80.05333333333334,23.896517412935324,invoice Annexure_708466_29012025_1738156578636.xlsx
196764458739660,2025-01-25 14:17:38,delivered,289,14.46,303.46000000000004,-2.9333333333333336,201.82666666666665,69.83621683967705,87.17333333333335,30.163783160322954,invoice Annexure_708466_29012025_1738156578636.xlsx
196704069712406,2025-01-24 21:31:09,delivered,615,30.76,645.76,-2.9333333333333336,446.87666666666667,72.66287262872628,168.12333333333333,27.337127371273713,invoice Annexure_708466_29012025_1738156578636.xlsx
196700844872349,2025-01-24 20:37:24,delivered,1015,50.76,1065.7600000000002,-2.9333333333333336,778.3966666666668,76.68932676518885,236.60333333333324,23.31067323481116,invoice Annexure_708466_29012025_1738156578636.xlsx
196690234899108,2025-01-24 17:40:34,delivered,375,18.76,393.76,-2.9333333333333336,285.7366666666667,76.19644444444444,89.26333333333332,23.80355555555555,invoice Annexure_708466_29012025_1738156578636.xlsx
196611661163889,2025-01-23 19:51:01,delivered,318,15.9,333.9,-2.9333333333333336,241.85666666666665,76.05555555555556,76.14333333333335,23.94444444444445,invoice Annexure_708466_29012025_1738156578636.xlsx
196603131135897,2025-01-23 17:28:51,delivered,305,15.26,320.26,-2.9333333333333336,231.85666666666665,76.01857923497268,73.14333333333335,23.981420765027327,invoice Annexure_708466_29012025_1738156578636.xlsx
196602025390423,2025-01-23 17:10:25,delivered,905,45.26,950.26,-2.9333333333333336,670.1266666666667,74.04714548802946,234.87333333333333,25.952854511970536,invoice Annexure_708466_29012025_1738156578636.xlsx
196598718097928,2025-01-23 16:15:18,delivered,325,16.26,341.26,-2.9333333333333336,247.25666666666666,76.07897435897436,77.74333333333334,23.921025641025643,invoice Annexure_708466_29012025_1738156578636.xlsx
196586451379702,2025-01-23 12:50:51,delivered,650,32.5,682.5,-2.9333333333333336,497.4166666666667,76.52564102564104,152.58333333333331,23.47435897435897,invoice Annexure_708466_29012025_1738156578636.xlsx
196586367964545,2025-01-23 12:49:27,delivered,295,14.76,309.76,-2.9333333333333336,224.14666666666668,75.9819209039548,70.85333333333332,24.018079096045195,invoice Annexure_708466_29012025_1738156578636.xlsx
196584331437197,2025-01-23 12:15:31,delivered,189,9.46,198.45999999999998,-2.9333333333333336,142.54666666666665,75.42151675485009,46.45333333333335,24.57848324514992,invoice Annexure_708466_29012025_1738156578636.xlsx
196583755336423,2025-01-23 12:05:55,delivered,225,11.26,236.26,-2.9333333333333336,152.56666666666666,67.80740740740741,72.43333333333334,32.1925925925926,invoice Annexure_708466_29012025_1738156578636.xlsx
196428814601029,2025-01-21 17:03:34,delivered,375,18.76,393.76,-2.9333333333333336,268.0366666666667,71.47644444444445,106.96333333333331,28.523555555555554,invoice Annexure_708466_29012025_1738156578636.xlsx
196337134708635,2025-01-20 15:35:34,delivered,575,28.76,603.76,-2.9333333333333336,439.6766666666667,76.46550724637682,135.32333333333332,23.534492753623187,invoice Annexure_708466_29012025_1738156578636.xlsx
196332832883673,2025-01-20 14:23:52,delivered,225,11.26,236.26,-2.9333333333333336,170.26666666666665,75.67407407407407,54.73333333333335,24.325925925925933,invoice Annexure_708466_29012025_1738156578636.xlsx
196239909394726,2025-01-19 12:35:09,delivered,494,24.7,518.7,-2.9333333333333336,377.34666666666664,76.38596491228068,116.65333333333336,23.614035087719305,invoice Annexure_708466_29012025_1738156578636.xlsx
196237545254061,2025-01-19 11:55:45,delivered,630,31.5,661.5,-2.9333333333333336,482.01666666666665,76.51058201058201,147.98333333333335,23.48941798941799,invoice Annexure_708466_29012025_1738156578636.xlsx
196236351644427,2025-01-19 11:35:51,delivered,315,15.76,330.76,-2.9333333333333336,239.53666666666666,76.04338624338625,75.46333333333334,23.95661375661376,invoice Annexure_708466_29012025_1738156578636.xlsx
196186715271831,2025-01-18 21:48:35,delivered,225,11.26,236.26,-6.81074074074074,148.68925925925927,66.08411522633746,76.31074074074073,33.91588477366255,invoice Annexure_708466_22012025_1737538308020.xlsx
196180874385034,2025-01-18 20:11:14,delivered,694,34.7,728.7,-6.81074074074074,527.4092592592593,75.99557049845235,166.59074074074067,24.004429501547648,invoice Annexure_708466_22012025_1737538308020.xlsx
196098810228964,2025-01-17 21:23:30,delivered,484,24.2,508.20000000000005,-6.81074074074074,365.76925925925923,75.57216100397918,118.23074074074077,24.42783899602082,invoice Annexure_708466_22012025_1737538308020.xlsx
196088675947634,2025-01-17 18:34:35,delivered,225,11.26,236.26,-6.81074074074074,166.38925925925926,73.95078189300412,58.61074074074074,26.049218106995887,invoice Annexure_708466_22012025_1737538308020.xlsx
196088498132930,2025-01-17 18:31:38,delivered,265,13.26,278.26,-6.81074074074074,197.18925925925927,74.41104122990916,67.81074074074073,25.58895877009084,invoice Annexure_708466_22012025_1737538308020.xlsx
196088359381299,2025-01-17 18:29:19,delivered,265,13.26,278.26,-6.81074074074074,197.18925925925927,74.41104122990916,67.81074074074073,25.58895877009084,invoice Annexure_708466_22012025_1737538308020.xlsx
196079630246944,2025-01-17 16:03:50,delivered,454,22.7,476.70000000000005,-6.81074074074074,342.67925925925925,75.48001305270027,111.32074074074075,24.519986947299724,invoice Annexure_708466_22012025_1737538308020.xlsx
196065204308583,2025-01-17 12:03:24,delivered,854,42.7,896.7,-6.81074074074074,626.9892592592593,73.41794604909359,227.01074074074074,26.58205395090641,invoice Annexure_708466_22012025_1737538308020.xlsx
196061746023795,2025-01-17 11:05:46,delivered,494,24.7,518.7,-6.81074074074074,349.86925925925925,70.82373669215775,144.13074074074075,29.176263307842255,invoice Annexure_708466_22012025_1737538308020.xlsx
196003094021291,2025-01-16 18:48:14,delivered,325,16.26,341.26,-6.81074074074074,243.37925925925927,74.88592592592593,81.62074074074073,25.11407407407407,invoice Annexure_708466_22012025_1737538308020.xlsx
196000680629408,2025-01-16 18:08:00,delivered,440,22.0,462.0,-6.81074074074074,331.8992592592592,75.43164983164982,108.10074074074078,24.568350168350175,invoice Annexure_708466_22012025_1737538308020.xlsx
195995876530945,2025-01-16 16:47:56,delivered,265,13.26,278.26,-6.81074074074074,197.18925925925927,74.41104122990916,67.81074074074073,25.58895877009084,invoice Annexure_708466_22012025_1737538308020.xlsx
195917026581931,2025-01-15 18:53:46,delivered,305,15.26,320.26,-6.81074074074074,210.27925925925928,68.94401942926534,94.72074074074072,31.055980570734665,invoice Annexure_708466_22012025_1737538308020.xlsx
195912827066608,2025-01-15 17:43:47,delivered,325,16.26,341.26,-6.81074074074074,243.37925925925927,74.88592592592593,81.62074074074073,25.11407407407407,invoice Annexure_708466_22012025_1737538308020.xlsx
195823536675575,2025-01-14 16:55:36,delivered,494,24.7,518.7,-6.81074074074074,373.4692592592592,75.60106462738041,120.53074074074078,24.398935372619594,invoice Annexure_708466_22012025_1737538308020.xlsx
195822742215903,2025-01-14 16:42:22,delivered,265,13.26,278.26,-6.81074074074074,179.48925925925928,67.73179594689029,85.51074074074072,32.268204053109706,invoice Annexure_708466_22012025_1737538308020.xlsx
195814260217844,2025-01-14 14:21:00,delivered,315,15.76,330.76,-6.81074074074074,235.65925925925927,74.8124632569077,79.34074074074073,25.18753674309229,invoice Annexure_708466_22012025_1737538308020.xlsx
195811672428180,2025-01-14 13:37:52,delivered,335,16.76,351.76,-6.81074074074074,251.06925925925927,74.9460475400774,83.93074074074073,25.053952459922606,invoice Annexure_708466_22012025_1737538308020.xlsx
195807268777099,2025-01-14 12:24:28,delivered,265,13.26,278.26,-6.81074074074074,197.18925925925927,74.41104122990916,67.81074074074073,25.58895877009084,invoice Annexure_708466_22012025_1737538308020.xlsx
195747044604238,2025-01-13 19:40:44,delivered,435,21.76,456.76,-6.81074074074074,328.03925925925927,75.4113239676458,106.96074074074073,24.588676032354194,invoice Annexure_708466_22012025_1737538308020.xlsx
195744689538489,2025-01-13 19:01:29,delivered,385,19.26,404.26,-6.81074074074074,289.55925925925925,75.21019721019721,95.44074074074075,24.789802789802792,invoice Annexure_708466_22012025_1737538308020.xlsx
195732723922339,2025-01-13 15:42:03,delivered,465,23.26,488.26,-6.81074074074074,351.1492592592592,75.51596973317403,113.85074074074078,24.484030266825975,invoice Annexure_708466_22012025_1737538308020.xlsx
195666210612056,2025-01-12 21:13:30,delivered,1055,52.76,1107.7600000000002,-6.81074074074074,805.2992592592593,76.3316833421099,249.70074074074068,23.668316657890113,invoice Annexure_708466_22012025_1737538308020.xlsx
195656540297947,2025-01-12 18:32:20,delivered,325,16.26,341.26,-6.81074074074074,225.67925925925928,69.43977207977208,99.32074074074072,30.560227920227913,invoice Annexure_708466_22012025_1737538308020.xlsx
195645163881400,2025-01-12 15:22:43,delivered,490,24.5,514.5,-6.81074074074074,346.79925925925926,70.7753590325019,143.20074074074074,29.22464096749811,invoice Annexure_708466_22012025_1737538308020.xlsx
195639381714647,2025-01-12 13:46:21,delivered,265,13.26,278.26,-6.81074074074074,179.48925925925928,67.73179594689029,85.51074074074072,32.268204053109706,invoice Annexure_708466_22012025_1737538308020.xlsx
195635636868856,2025-01-12 12:43:56,delivered,325,16.26,341.26,-6.81074074074074,225.67925925925928,69.43977207977208,99.32074074074072,30.560227920227913,invoice Annexure_708466_22012025_1737538308020.xlsx
195576976932204,2025-01-11 20:26:16,delivered,849,42.46,891.46,-2.9499999999999997,626.99,73.85041224970553,222.01,26.14958775029446,invoice Annexure_708466_15012025_1736960236292.xlsx
195560348488344,2025-01-11 15:49:08,delivered,120,6.0,126.0,-2.9499999999999997,89.42,74.51666666666667,30.58,25.48333333333333,invoice Annexure_708466_15012025_1736960236292.xlsx
195548919869971,2025-01-11 12:38:39,delivered,265,13.26,278.26,-2.9499999999999997,201.05,75.86792452830188,63.94999999999999,24.13207547169811,invoice Annexure_708466_15012025_1736960236292.xlsx
195543108281694,2025-01-11 11:01:48,delivered,325,16.26,341.26,-2.9499999999999997,247.24,76.07384615384616,77.75999999999999,23.926153846153845,invoice Annexure_708466_15012025_1736960236292.xlsx
195485120414268,2025-01-10 18:55:20,delivered,934,42.04,882.64,-2.9499999999999997,644.14,68.96573875802999,289.86,31.034261241970025,invoice Annexure_708466_15012025_1736960236292.xlsx
195483620891946,2025-01-10 18:30:20,delivered,225,11.26,236.26,-2.9499999999999997,170.25,75.66666666666667,54.75,24.333333333333336,invoice Annexure_708466_15012025_1736960236292.xlsx
195403867134295,2025-01-09 20:21:07,delivered,265,13.26,278.26,-2.9499999999999997,201.05,75.86792452830188,63.94999999999999,24.13207547169811,invoice Annexure_708466_15012025_1736960236292.xlsx
195399197671711,2025-01-09 19:03:17,delivered,120,6.0,126.0,-2.9499999999999997,89.42,74.51666666666667,30.58,25.48333333333333,invoice Annexure_708466_15012025_1736960236292.xlsx
195387691059344,2025-01-09 15:51:31,delivered,540,27.0,567.0,-2.9499999999999997,412.73,76.43148148148148,127.26999999999998,23.568518518518516,invoice Annexure_708466_15012025_1736960236292.xlsx
195323384825205,2025-01-08 21:59:44,delivered,295,14.76,309.76,-2.9499999999999997,224.13000000000002,75.9762711864407,70.86999999999998,24.023728813559313,invoice Annexure_708466_15012025_1736960236292.xlsx
195315755039589,2025-01-08 19:52:35,delivered,525,26.26,551.26,-2.9499999999999997,401.21000000000004,76.42095238095239,123.78999999999996,23.579047619047614,invoice Annexure_708466_15012025_1736960236292.xlsx
195296656319936,2025-01-08 14:34:16,delivered,189,9.46,198.45999999999998,-2.9499999999999997,142.53,75.4126984126984,46.47,24.587301587301585,invoice Annexure_708466_15012025_1736960236292.xlsx
195231491670766,2025-01-07 20:28:11,delivered,295,14.76,309.76,-2.9499999999999997,224.13000000000002,75.9762711864407,70.86999999999998,24.023728813559313,invoice Annexure_708466_15012025_1736960236292.xlsx
195210753078167,2025-01-07 14:42:33,delivered,980,49.0,1029.0,-2.9499999999999997,751.42,76.67551020408163,228.58000000000004,23.32448979591837,invoice Annexure_708466_15012025_1736960236292.xlsx
195209456627855,2025-01-07 14:20:56,delivered,530,26.5,556.5,-2.9499999999999997,369.65000000000003,69.74528301886794,160.34999999999997,30.25471698113207,invoice Annexure_708466_15012025_1736960236292.xlsx
195204043541405,2025-01-07 12:50:43,delivered,265,13.26,278.26,-2.9499999999999997,183.35000000000002,69.18867924528303,81.64999999999998,30.81132075471697,invoice Annexure_708466_15012025_1736960236292.xlsx
195198230791085,2025-01-07 11:13:50,delivered,325,16.26,341.26,-2.9499999999999997,235.44,72.44307692307692,89.56,27.556923076923077,invoice Annexure_708466_15012025_1736960236292.xlsx
195145090956428,2025-01-06 20:28:10,delivered,365,18.26,383.26,-2.9499999999999997,278.03000000000003,76.17260273972603,86.96999999999997,23.827397260273962,invoice Annexure_708466_15012025_1736960236292.xlsx
195142116890817,2025-01-06 19:38:36,delivered,315,15.76,330.76,-2.9499999999999997,221.82000000000002,70.41904761904763,93.17999999999998,29.580952380952375,invoice Annexure_708466_15012025_1736960236292.xlsx
195140108603934,2025-01-06 19:05:08,delivered,965,43.42,911.9200000000001,-2.9499999999999997,642.0,66.52849740932642,323.0,33.47150259067357,invoice Annexure_708466_15012025_1736960236292.xlsx
195137739838671,2025-01-06 18:25:39,delivered,555,27.76,582.76,-2.9499999999999997,424.26,76.44324324324324,130.74,23.55675675675676,invoice Annexure_708466_15012025_1736960236292.xlsx
195061735248986,2025-01-05 21:18:55,delivered,925,41.88,879.3900000000001,-2.9499999999999997,618.14,66.82594594594595,306.86,33.174054054054054,invoice Annexure_708466_15012025_1736960236292.xlsx
195060452839745,2025-01-05 20:57:32,delivered,335,16.76,351.76,-2.9499999999999997,254.93,76.09850746268657,80.07,23.90149253731343,invoice Annexure_708466_15012025_1736960236292.xlsx
195050780222819,2025-01-05 18:16:20,delivered,225,11.26,236.26,-2.9499999999999997,170.25,75.66666666666667,54.75,24.333333333333336,invoice Annexure_708466_15012025_1736960236292.xlsx
194971175296872,2025-01-04 20:09:35,delivered,325,16.26,341.26,-13.21,219.28,67.47076923076924,105.72,32.52923076923077,invoice Annexure_708466_08012025_1736340075611.xlsx
194966561579581,2025-01-04 18:52:41,delivered,265,13.26,278.26,-13.21,173.09,65.31698113207547,91.91,34.683018867924524,invoice Annexure_708466_08012025_1736340075611.xlsx
194962034089162,2025-01-04 17:37:14,delivered,225,11.26,236.26,-13.21,159.98999999999998,71.10666666666667,65.01000000000002,28.89333333333334,invoice Annexure_708466_08012025_1736340075611.xlsx
194961559172813,2025-01-04 17:29:19,delivered,225,11.26,236.26,-13.21,159.98999999999998,71.10666666666667,65.01000000000002,28.89333333333334,invoice Annexure_708466_08012025_1736340075611.xlsx
194954620802863,2025-01-04 15:33:40,delivered,300,15.0,315.0,-13.21,217.73,72.57666666666667,82.27000000000001,27.42333333333334,invoice Annexure_708466_08012025_1736340075611.xlsx
194946223107031,2025-01-04 13:13:43,delivered,325,16.26,341.26,-13.21,207.48,63.839999999999996,117.52000000000001,36.160000000000004,invoice Annexure_708466_08012025_1736340075611.xlsx
194938729990612,2025-01-04 11:08:49,delivered,225,11.26,236.26,-13.21,142.29,63.239999999999995,82.71000000000001,36.760000000000005,invoice Annexure_708466_08012025_1736340075611.xlsx
194886813632045,2025-01-03 20:43:33,delivered,605,30.26,635.26,-13.21,452.53000000000003,74.79834710743802,152.46999999999997,25.201652892561977,invoice Annexure_708466_08012025_1736340075611.xlsx
194882664208693,2025-01-03 19:34:24,delivered,719,32.46,681.57,-13.21,486.47,67.65924895688457,232.52999999999997,32.34075104311543,invoice Annexure_708466_08012025_1736340075611.xlsx
194869479789192,2025-01-03 15:54:39,delivered,435,21.76,456.76,-13.21,321.64000000000004,73.94022988505749,113.35999999999996,26.05977011494252,invoice Annexure_708466_08012025_1736340075611.xlsx
194796640723113,2025-01-02 19:40:40,delivered,1205,54.98,1154.49,-13.21,809.5699999999999,67.18423236514522,395.43000000000006,32.81576763485477,invoice Annexure_708466_08012025_1736340075611.xlsx
194796052029134,2025-01-02 19:30:52,delivered,265,13.26,278.26,-13.21,190.79,71.99622641509433,74.21000000000001,28.003773584905662,invoice Annexure_708466_08012025_1736340075611.xlsx
194794216340679,2025-01-02 19:00:16,delivered,305,15.26,320.26,-13.21,203.88,66.84590163934426,101.12,33.15409836065574,invoice Annexure_708466_08012025_1736340075611.xlsx
194781595751404,2025-01-02 15:29:55,delivered,225,11.26,236.26,-13.21,159.98999999999998,71.10666666666667,65.01000000000002,28.89333333333334,invoice Annexure_708466_08012025_1736340075611.xlsx
194769437345567,2025-01-02 12:07:17,delivered,2144,96.48,2026.08,-13.21,1472.1599999999999,68.66417910447761,671.8400000000001,31.335820895522392,invoice Annexure_708466_08012025_1736340075611.xlsx
194717348122900,2025-01-01 21:39:08,delivered,614,30.7,644.7,-13.21,435.83000000000004,70.98208469055375,178.16999999999996,29.017915309446245,invoice Annexure_708466_08012025_1736340075611.xlsx
194706380885958,2025-01-01 18:36:20,delivered,1515,68.18,1431.6799999999998,-13.21,1012.8,66.85148514851484,502.20000000000005,33.14851485148515,invoice Annexure_708466_08012025_1736340075611.xlsx
194698643179671,2025-01-01 16:27:23,delivered,395,19.76,414.76,-13.21,290.85,73.63291139240506,104.14999999999998,26.36708860759493,invoice Annexure_708466_08012025_1736340075611.xlsx
194686665351055,2025-01-01 13:07:45,delivered,225,11.26,236.26,-13.21,159.98999999999998,71.10666666666667,65.01000000000002,28.89333333333334,invoice Annexure_708466_08012025_1736340075611.xlsx
194632032168005,2024-12-31 21:57:12,delivered,225,11.26,236.26,-11.496666666666666,161.70333333333332,71.86814814814814,63.29666666666668,28.13185185185186,invoice Annexure_708466_04012025_1735991041088.xlsx
194627004637051,2024-12-31 20:33:24,delivered,319,15.96,334.96000000000004,-11.496666666666666,234.07333333333332,73.37722048066875,84.92666666666668,26.622779519331246,invoice Annexure_708466_04012025_1735991041088.xlsx
194626889600593,2024-12-31 20:31:29,delivered,339,16.96,355.96000000000004,-11.496666666666666,231.77333333333334,68.36971484759096,107.22666666666666,31.630285152409044,invoice Annexure_708466_04012025_1735991041088.xlsx
194625356762857,2024-12-31 20:05:56,delivered,529,26.46,555.46,-11.496666666666666,372.11333333333334,70.34278512917454,156.88666666666666,29.657214870825456,invoice Annexure_708466_04012025_1735991041088.xlsx
194624999629614,2024-12-31 19:59:59,delivered,379,18.96,397.96000000000004,-11.496666666666666,262.56333333333333,69.27792436235708,116.43666666666667,30.72207563764292,invoice Annexure_708466_04012025_1735991041088.xlsx
194624227464311,2024-12-31 19:47:07,delivered,655,32.76,687.76,-11.496666666666666,469.10333333333335,71.61882951653944,185.89666666666665,28.381170483460554,invoice Annexure_708466_04012025_1735991041088.xlsx
194623839466187,2024-12-31 19:40:39,delivered,529,26.46,555.46,-11.496666666666666,395.7133333333333,74.80403276622557,133.2866666666667,25.195967233774418,invoice Annexure_708466_04012025_1735991041088.xlsx
194623808477604,2024-12-31 19:40:08,delivered,455,22.76,477.76,-11.496666666666666,315.1533333333333,69.26446886446885,139.8466666666667,30.73553113553114,invoice Annexure_708466_04012025_1735991041088.xlsx
194622354023288,2024-12-31 19:15:54,delivered,504,25.2,529.2,-11.496666666666666,376.47333333333336,74.69708994708995,127.52666666666664,25.30291005291005,invoice Annexure_708466_04012025_1735991041088.xlsx
194622336976723,2024-12-31 19:15:36,delivered,509,25.46,534.46,-11.496666666666666,380.3233333333333,74.71971185330713,128.67666666666668,25.280288146692865,invoice Annexure_708466_04012025_1735991041088.xlsx
194621482044478,2024-12-31 19:01:22,delivered,279,13.96,292.96000000000004,-11.496666666666666,203.27333333333334,72.85782556750299,75.72666666666666,27.14217443249701,invoice Annexure_708466_04012025_1735991041088.xlsx
194619636773006,2024-12-31 18:30:36,delivered,279,13.96,292.96000000000004,-11.496666666666666,185.57333333333332,66.51373954599761,93.42666666666668,33.48626045400239,invoice Annexure_708466_04012025_1735991041088.xlsx
194615830442062,2024-12-31 17:27:10,delivered,244,12.2,256.2,-11.496666666666666,176.35333333333332,72.275956284153,67.64666666666668,27.724043715846996,invoice Annexure_708466_04012025_1735991041088.xlsx
194594526627024,2024-12-31 11:32:06,delivered,460,23.0,483.0,-11.496666666666666,319.00333333333333,69.34855072463768,140.99666666666667,30.651449275362317,invoice Annexure_708466_04012025_1735991041088.xlsx
194537185874888,2024-12-30 19:36:25,delivered,509,25.46,534.46,-11.496666666666666,380.3233333333333,74.71971185330713,128.67666666666668,25.280288146692865,invoice Annexure_708466_04012025_1735991041088.xlsx
194534374567130,2024-12-30 18:49:34,delivered,125,6.26,131.26,-11.496666666666666,84.73333333333333,67.78666666666668,40.266666666666666,32.21333333333333,invoice Annexure_708466_04012025_1735991041088.xlsx
194525232116487,2024-12-30 16:17:12,delivered,404,20.2,424.20000000000005,-11.496666666666666,264.10333333333335,65.37211221122112,139.89666666666665,34.62788778877887,invoice Annexure_708466_04012025_1735991041088.xlsx
194510770169464,2024-12-30 12:16:10,delivered,1434,64.54,1355.1399999999999,-11.496666666666666,958.3733333333333,66.8321710832171,475.62666666666667,33.167828916782895,invoice Annexure_708466_04012025_1735991041088.xlsx
194449287621683,2024-12-29 19:11:27,delivered,850,42.5,892.5,-11.496666666666666,642.8233333333334,75.62627450980392,207.17666666666662,24.373725490196072,invoice Annexure_708466_04012025_1735991041088.xlsx
194449073752081,2024-12-29 19:07:53,delivered,485,24.26,509.26,-11.496666666666666,361.86333333333334,74.61099656357388,123.13666666666666,25.389003436426115,invoice Annexure_708466_04012025_1735991041088.xlsx
194448736637601,2024-12-29 19:02:16,delivered,279,13.96,292.96000000000004,-11.496666666666666,185.57333333333332,66.51373954599761,93.42666666666668,33.48626045400239,invoice Annexure_708466_04012025_1735991041088.xlsx
194355640773909,2024-12-28 17:10:40,delivered,1115,55.76,1170.7600000000002,-32.54548387096774,802.1445161290324,71.94121220888182,312.85548387096765,28.058787791118174,invoice Annexure_708466_02012025_1735829233383.xlsx
194350326480785,2024-12-28 15:42:06,delivered,680,34.0,714.0,-32.54548387096774,490.9045161290323,72.19184060721064,189.0954838709677,27.808159392789367,invoice Annexure_708466_02012025_1735829233383.xlsx
194342815020636,2024-12-28 13:36:55,delivered,525,26.26,551.26,-32.54548387096774,371.61451612903227,70.78371735791092,153.38548387096773,29.21628264208909,invoice Annexure_708466_02012025_1735829233383.xlsx
194272586073065,2024-12-27 18:06:26,delivered,874,39.34,825.9399999999999,-32.54548387096774,572.9645161290323,65.55658079279546,301.0354838709677,34.44341920720454,invoice Annexure_708466_02012025_1735829233383.xlsx
194256628733404,2024-12-27 13:40:28,delivered,155,7.76,162.76,-32.54548387096774,86.75451612903225,55.97065556711759,68.24548387096775,44.02934443288242,invoice Annexure_708466_02012025_1735829233383.xlsx
194247889085007,2024-12-27 11:14:49,delivered,125,6.26,131.26,-32.54548387096774,63.68451612903226,50.94761290322582,61.31548387096774,49.05238709677419,invoice Annexure_708466_02012025_1735829233383.xlsx
194188170946052,2024-12-26 18:39:30,delivered,495,24.76,519.76,-32.54548387096774,324.88451612903225,65.63323558162267,170.11548387096775,34.36676441837732,invoice Annexure_708466_02012025_1735829233383.xlsx
194172446744208,2024-12-26 14:17:26,delivered,530,26.5,556.5,-32.54548387096774,351.8545161290322,66.38764455264759,178.14548387096778,33.61235544735241,invoice Annexure_708466_02012025_1735829233383.xlsx
194166507678298,2024-12-26 12:38:27,delivered,430,21.5,451.5,-32.54548387096774,274.8545161290322,63.91965491372842,155.14548387096778,36.08034508627158,invoice Annexure_708466_02012025_1735829233383.xlsx
194111392399850,2024-12-25 21:19:52,delivered,579,28.96,607.96,-32.54548387096774,413.1645161290322,71.35829294111092,165.83548387096778,28.641707058889082,invoice Annexure_708466_02012025_1735829233383.xlsx
194110681013035,2024-12-25 21:08:01,delivered,155,7.76,162.76,-32.54548387096774,86.75451612903225,55.97065556711759,68.24548387096775,44.02934443288242,invoice Annexure_708466_02012025_1735829233383.xlsx
194107494583192,2024-12-25 20:14:54,delivered,750,37.5,787.5,-32.54548387096774,521.1945161290323,69.49260215053764,228.8054838709677,30.507397849462357,invoice Annexure_708466_02012025_1735829233383.xlsx
194105425500845,2024-12-25 19:40:25,delivered,519,25.96,544.96,-32.54548387096774,343.3545161290322,66.1569395238983,175.64548387096778,33.84306047610169,invoice Annexure_708466_02012025_1735829233383.xlsx
194098245350632,2024-12-25 17:40:45,delivered,690,34.5,724.5,-32.54548387096774,498.59451612903223,72.26007480130902,191.40548387096777,27.73992519869098,invoice Annexure_708466_02012025_1735829233383.xlsx
194093144277858,2024-12-25 16:15:44,delivered,215,10.76,225.76,-32.54548387096774,132.95451612903224,61.83930982745686,82.04548387096776,38.16069017254314,invoice Annexure_708466_02012025_1735829233383.xlsx
194089381550854,2024-12-25 15:13:01,delivered,350,17.5,367.5,-32.54548387096774,219.17451612903227,62.62129032258065,130.82548387096773,37.37870967741935,invoice Annexure_708466_02012025_1735829233383.xlsx
194018665900535,2024-12-24 19:34:25,delivered,265,13.26,278.26,-32.54548387096774,171.45451612903224,64.69981740718198,93.54548387096776,35.30018259281802,invoice Annexure_708466_02012025_1735829233383.xlsx
194015448818850,2024-12-24 18:40:48,delivered,265,13.26,278.26,-32.54548387096774,171.45451612903224,64.69981740718198,93.54548387096776,35.30018259281802,invoice Annexure_708466_02012025_1735829233383.xlsx
194000874407778,2024-12-24 14:37:54,delivered,295,14.76,309.76,-32.54548387096774,194.53451612903228,65.94390377255331,100.46548387096772,34.05609622744669,invoice Annexure_708466_02012025_1735829233383.xlsx
193939845899491,2024-12-23 21:40:45,delivered,360,18.0,378.0,-32.54548387096774,244.56451612903226,67.93458781362007,115.43548387096774,32.06541218637993,invoice Annexure_708466_02012025_1735829233383.xlsx
193936882984621,2024-12-23 20:51:22,delivered,299,14.96,313.96000000000004,-32.54548387096774,197.63451612903225,66.09850037760275,101.36548387096775,33.90149962239724,invoice Annexure_708466_02012025_1735829233383.xlsx
193936376218313,2024-12-23 20:42:56,delivered,325,16.26,341.26,-32.54548387096774,217.64451612903224,66.96754342431761,107.35548387096776,33.03245657568239,invoice Annexure_708466_02012025_1735829233383.xlsx
193932478689535,2024-12-23 19:37:58,delivered,360,18.0,378.0,-32.54548387096774,244.56451612903226,67.93458781362007,115.43548387096774,32.06541218637993,invoice Annexure_708466_02012025_1735829233383.xlsx
193918779126489,2024-12-23 15:49:39,delivered,265,13.26,278.26,-32.54548387096774,153.75451612903225,58.02057212416312,111.24548387096775,41.97942787583688,invoice Annexure_708466_02012025_1735829233383.xlsx
193850010160100,2024-12-22 20:43:30,delivered,1670,75.16,1578.1599999999999,-32.54548387096774,1124.4445161290323,67.33200695383427,545.5554838709677,32.667993046165726,invoice Annexure_708466_02012025_1735829233383.xlsx
193845991649853,2024-12-22 19:36:31,delivered,1134,51.04,1071.64,-32.54548387096774,753.0945161290323,66.41045115776298,380.9054838709677,33.58954884223701,invoice Annexure_708466_02012025_1735829233383.xlsx
193832345580123,2024-12-22 15:49:05,delivered,200,10.0,210.0,-32.54548387096774,121.42451612903226,60.71225806451612,78.57548387096774,39.28774193548387,invoice Annexure_708466_02012025_1735829233383.xlsx
193832029815132,2024-12-22 15:43:49,delivered,789,39.46,828.46,-32.54548387096774,551.1945161290323,69.85988797579624,237.8054838709677,30.140112024203763,invoice Annexure_708466_02012025_1735829233383.xlsx
193831582791863,2024-12-22 15:36:22,delivered,500,25.0,525.0,-32.54548387096774,352.34451612903223,70.46890322580644,147.65548387096777,29.531096774193554,invoice Annexure_708466_02012025_1735829233383.xlsx
193827963993676,2024-12-22 14:36:03,delivered,325,16.26,341.26,-32.54548387096774,217.64451612903224,66.96754342431761,107.35548387096776,33.03245657568239,invoice Annexure_708466_02012025_1735829233383.xlsx
193818884598043,2024-12-22 12:04:44,delivered,265,13.26,278.26,-32.54548387096774,153.75451612903225,58.02057212416312,111.24548387096775,41.97942787583688,invoice Annexure_708466_02012025_1735829233383.xlsx
193749435240083,2024-12-21 16:47:15,delivered,265,13.26,278.26,-39.52478260869565,146.77521739130435,55.386874487284665,118.22478260869565,44.61312551271534,invoice Annexure_708466_25122024_1735148562916.xlsx
193744017599430,2024-12-21 15:16:57,delivered,155,7.76,162.76,-39.52478260869565,79.77521739130435,51.467882187938294,75.22478260869565,48.532117812061706,invoice Annexure_708466_25122024_1735148562916.xlsx
193657729013118,2024-12-20 15:18:49,delivered,525,26.26,551.26,-39.52478260869565,341.03521739130434,64.95908902691512,183.96478260869566,35.04091097308489,invoice Annexure_708466_25122024_1735148562916.xlsx
193588165745946,2024-12-19 19:59:25,delivered,265,13.26,278.26,-39.52478260869565,164.47521739130434,62.06611977030353,100.52478260869566,37.93388022969648,invoice Annexure_708466_25122024_1735148562916.xlsx
193587392848086,2024-12-19 19:46:32,delivered,1558,77.9,1635.9,-39.52478260869565,1159.8052173913043,74.44192666182954,398.19478260869573,25.558073338170455,invoice Annexure_708466_25122024_1735148562916.xlsx
193584417730880,2024-12-19 18:56:57,delivered,1630,73.34,1540.3400000000001,-39.52478260869565,1089.7552173913043,66.85614830621499,540.2447826086957,33.14385169378501,invoice Annexure_708466_25122024_1735148562916.xlsx
193502410013207,2024-12-18 20:10:10,delivered,454,22.7,476.70000000000005,-39.52478260869565,309.96521739130435,68.27427695843708,144.03478260869565,31.72572304156292,invoice Annexure_708466_25122024_1735148562916.xlsx
193482346235235,2024-12-18 14:35:46,delivered,1420,71.0,1491.0,-39.52478260869565,1053.5752173913042,74.19543784445804,366.42478260869575,25.804562155541955,invoice Annexure_708466_25122024_1735148562916.xlsx
193419889349959,2024-12-17 21:14:49,delivered,494,24.7,518.7,-39.52478260869565,340.7552173913043,68.97878894560816,153.2447826086957,31.02121105439184,invoice Annexure_708466_25122024_1735148562916.xlsx
193403599239870,2024-12-17 16:43:19,delivered,215,10.76,225.76,-39.52478260869565,108.27521739130435,50.36056622851365,106.72478260869565,49.639433771486345,invoice Annexure_708466_25122024_1735148562916.xlsx
193385760149637,2024-12-17 11:46:00,delivered,315,15.76,330.76,-39.52478260869565,185.24521739130435,58.808005521049,129.75478260869565,41.191994478951,invoice Annexure_708466_25122024_1735148562916.xlsx
193384096593672,2024-12-17 11:18:16,delivered,299,14.96,313.96000000000004,-39.52478260869565,190.65521739130435,63.7642867529446,108.34478260869565,36.2357132470554,invoice Annexure_708466_25122024_1735148562916.xlsx
193329321792191,2024-12-16 20:05:21,delivered,440,22.0,462.0,-39.52478260869565,299.1852173913043,67.99664031620553,140.81478260869568,32.00335968379447,invoice Annexure_708466_25122024_1735148562916.xlsx
193323429073562,2024-12-16 18:27:09,delivered,355,17.76,372.76,-39.52478260869565,233.74521739130432,65.84372320881812,121.25478260869568,34.15627679118188,invoice Annexure_708466_25122024_1735148562916.xlsx
193318045523447,2024-12-16 16:57:25,delivered,778,38.9,816.9000000000001,-39.52478260869565,535.7652173913043,68.86442382921649,242.2347826086957,31.13557617078351,invoice Annexure_708466_25122024_1735148562916.xlsx
193313522689384,2024-12-16 15:42:02,delivered,325,16.26,341.26,-39.52478260869565,210.66521739130434,64.8200668896321,114.33478260869566,35.1799331103679,invoice Annexure_708466_25122024_1735148562916.xlsx
193304961077904,2024-12-16 13:19:21,delivered,215,10.76,225.76,-39.52478260869565,125.97521739130434,58.593124368048535,89.02478260869566,41.406875631951465,invoice Annexure_708466_25122024_1735148562916.xlsx
193301910752331,2024-12-16 12:28:30,delivered,925,41.62,874.1199999999999,-39.52478260869565,601.3152173913044,65.00705052878966,323.6847826086956,34.99294947121034,invoice Annexure_708466_25122024_1735148562916.xlsx
193248338305477,2024-12-15 21:35:38,delivered,440,22.0,462.0,-39.52478260869565,275.58521739130435,62.63300395256917,164.41478260869565,37.36699604743083,invoice Annexure_708466_25122024_1735148562916.xlsx
193241939741355,2024-12-15 19:48:59,delivered,724,36.2,760.2,-39.52478260869565,494.21521739130435,68.26177035791497,229.78478260869565,31.738229642085038,invoice Annexure_708466_25122024_1735148562916.xlsx
193237368763293,2024-12-15 18:32:48,delivered,495,24.76,519.76,-39.52478260869565,341.5052173913043,68.9909530083443,153.4947826086957,31.00904699165569,invoice Annexure_708466_25122024_1735148562916.xlsx
193219441670419,2024-12-15 13:34:01,delivered,325,16.26,341.26,-39.52478260869565,210.66521739130434,64.8200668896321,114.33478260869566,35.1799331103679,invoice Annexure_708466_25122024_1735148562916.xlsx
193217582029830,2024-12-15 13:03:02,delivered,714,35.7,749.7,-39.52478260869565,510.10521739130434,71.44330775788576,203.89478260869566,28.55669224211424,invoice Annexure_708466_25122024_1735148562916.xlsx
193161701234889,2024-12-14 21:31:41,delivered,530,26.5,556.5,-29.89392857142857,378.10607142857145,71.34076819407008,151.89392857142855,28.659231805929913,invoice Annexure_708466_18122024_1734525193164.xlsx
193132435143332,2024-12-14 13:23:55,delivered,610,30.5,640.5,-29.89392857142857,439.66607142857146,72.07640515222484,170.33392857142854,27.923594847775174,invoice Annexure_708466_18122024_1734525193164.xlsx
193076002665425,2024-12-13 21:43:22,delivered,725,36.26,761.26,-29.89392857142857,504.60607142857145,69.60083743842364,220.39392857142855,30.399162561576354,invoice Annexure_708466_18122024_1734525193164.xlsx
193071844643746,2024-12-13 20:34:04,delivered,310,15.5,325.5,-29.89392857142857,208.73607142857142,67.33421658986175,101.26392857142858,32.665783410138246,invoice Annexure_708466_18122024_1734525193164.xlsx
193071439150994,2024-12-13 20:27:19,delivered,325,16.26,341.26,-29.89392857142857,220.29607142857142,67.7834065934066,104.70392857142858,32.21659340659341,invoice Annexure_708466_18122024_1734525193164.xlsx
193071288887329,2024-12-13 20:24:48,delivered,969,43.6,915.6999999999999,-29.89392857142857,641.4460714285715,66.19670499778859,327.5539285714285,33.80329500221141,invoice Annexure_708466_18122024_1734525193164.xlsx
193071288994976,2024-12-13 20:24:48,delivered,930,41.86,878.8599999999999,-29.89392857142857,590.8060714285715,63.52753456221198,339.1939285714285,36.47246543778801,invoice Annexure_708466_18122024_1734525193164.xlsx
193066887923696,2024-12-13 19:11:27,delivered,344,17.2,361.20000000000005,-29.89392857142857,234.90607142857144,68.28664867109634,109.09392857142856,31.71335132890365,invoice Annexure_708466_18122024_1734525193164.xlsx
193063056433998,2024-12-13 18:07:36,delivered,800,40.0,840.0,-29.89392857142857,585.9460714285715,73.24325892857144,214.05392857142851,26.756741071428564,invoice Annexure_708466_18122024_1734525193164.xlsx
193056799049246,2024-12-13 16:23:19,delivered,355,17.76,372.76,-29.89392857142857,243.3760714285714,68.55663983903419,111.62392857142859,31.4433601609658,invoice Annexure_708466_18122024_1734525193164.xlsx
192979305779385,2024-12-12 18:51:45,delivered,495,24.76,519.76,-29.89392857142857,327.53607142857146,66.16890331890333,167.46392857142854,33.831096681096675,invoice Annexure_708466_18122024_1734525193164.xlsx
192971741998771,2024-12-12 16:45:41,delivered,654,32.7,686.7,-29.89392857142857,449.93607142857144,68.79756443861949,204.06392857142856,31.202435561380515,invoice Annexure_708466_18122024_1734525193164.xlsx
192961810514798,2024-12-12 14:00:10,delivered,265,13.26,278.26,-29.89392857142857,174.10607142857143,65.70040431266845,90.89392857142857,34.29959568733153,invoice Annexure_708466_18122024_1734525193164.xlsx
192903853377586,2024-12-11 21:54:13,delivered,265,13.26,278.26,-29.89392857142857,174.10607142857143,65.70040431266845,90.89392857142857,34.29959568733153,invoice Annexure_708466_18122024_1734525193164.xlsx
192900786058247,2024-12-11 21:03:06,delivered,874,39.34,825.9399999999999,-29.89392857142857,575.6160714285714,65.85996240601504,298.38392857142856,34.140037593984964,invoice Annexure_708466_18122024_1734525193164.xlsx
192879504115199,2024-12-11 15:08:24,delivered,265,13.26,278.26,-29.89392857142857,156.40607142857144,59.021159029649596,108.59392857142856,40.9788409703504,invoice Annexure_708466_18122024_1734525193164.xlsx
192876748409033,2024-12-11 14:22:28,delivered,285,14.26,299.26,-29.89392857142857,189.50607142857143,66.49335839598997,95.49392857142857,33.50664160401002,invoice Annexure_708466_18122024_1734525193164.xlsx
192872692888669,2024-12-11 13:14:52,delivered,525,26.26,551.26,-29.89392857142857,350.66607142857146,66.79353741496598,174.33392857142854,33.20646258503401,invoice Annexure_708466_18122024_1734525193164.xlsx
192803212658886,2024-12-10 17:56:52,delivered,190,9.5,199.5,-29.89392857142857,116.36607142857142,61.2453007518797,73.63392857142858,38.7546992481203,invoice Annexure_708466_18122024_1734525193164.xlsx
192783180596774,2024-12-10 12:23:00,delivered,394,19.7,413.70000000000005,-29.89392857142857,273.40607142857147,69.39240391588109,120.59392857142853,30.607596084118917,invoice Annexure_708466_18122024_1734525193164.xlsx
192717518788689,2024-12-09 18:08:38,delivered,325,16.26,341.26,-29.89392857142857,220.29607142857142,67.7834065934066,104.70392857142858,32.21659340659341,invoice Annexure_708466_18122024_1734525193164.xlsx
192630848631901,2024-12-08 18:04:08,delivered,785,35.42,743.9200000000001,-29.89392857142857,515.4960714285714,65.66828935395814,269.50392857142856,34.331710646041856,invoice Annexure_708466_18122024_1734525193164.xlsx
192628047746474,2024-12-08 17:17:27,delivered,445,22.26,467.26,-29.89392857142857,312.67607142857145,70.26428571428572,132.32392857142855,29.73571428571428,invoice Annexure_708466_18122024_1734525193164.xlsx
192627831686205,2024-12-08 17:13:51,delivered,510,25.5,535.5,-29.89392857142857,362.7060714285715,71.11883753501401,147.29392857142852,28.881162464985987,invoice Annexure_708466_18122024_1734525193164.xlsx
192625311739019,2024-12-08 16:31:51,delivered,265,13.26,278.26,-29.89392857142857,174.10607142857143,65.70040431266845,90.89392857142857,34.29959568733153,invoice Annexure_708466_18122024_1734525193164.xlsx
192624883798974,2024-12-08 16:24:43,delivered,285,14.26,299.26,-29.89392857142857,189.50607142857143,66.49335839598997,95.49392857142857,33.50664160401002,invoice Annexure_708466_18122024_1734525193164.xlsx
192609482744230,2024-12-08 12:08:02,delivered,590,29.5,619.5,-29.89392857142857,424.2660714285715,71.90950363196127,165.73392857142852,28.090496368038732,invoice Annexure_708466_18122024_1734525193164.xlsx
192553526659644,2024-12-07 20:35:26,delivered,804,36.18,759.7800000000001,-29.89392857142857,250.1260714285714,31.110207889125796,553.8739285714286,68.8897921108742,invoice Annexure_708466_18122024_1734525193164.xlsx
192551985796035,2024-12-07 20:09:45,delivered,265,13.26,278.26,-16.875714285714285,187.12428571428572,70.61293800539083,77.87571428571428,29.387061994609166,invoice Annexure_708466_11122024_1733915578204.xlsx
192550140048756,2024-12-07 19:39:00,delivered,2113,95.22,1999.4499999999998,-16.875714285714285,1448.9642857142856,68.57379487526197,664.0357142857144,31.426205124738022,invoice Annexure_708466_11122024_1733915578204.xlsx
192544240639530,2024-12-07 18:00:40,delivered,820,41.0,861.0,-16.875714285714285,590.7542857142857,72.04320557491289,229.24571428571426,27.956794425087107,invoice Annexure_708466_11122024_1733915578204.xlsx
192543240816353,2024-12-07 17:44:00,delivered,710,31.94,670.94,-16.875714285714285,451.4142857142857,63.57947686116701,258.5857142857143,36.420523138833,invoice Annexure_708466_11122024_1733915578204.xlsx
192541917412568,2024-12-07 17:21:57,delivered,625,31.26,656.26,-16.875714285714285,464.2542857142857,74.28068571428571,160.7457142857143,25.71931428571429,invoice Annexure_708466_11122024_1733915578204.xlsx
192538312041555,2024-12-07 16:21:52,delivered,445,22.26,467.26,-16.875714285714285,325.6942857142857,73.18972712680576,119.30571428571432,26.81027287319423,invoice Annexure_708466_11122024_1733915578204.xlsx
192523303598740,2024-12-07 12:11:43,delivered,610,30.5,640.5,-16.875714285714285,452.6842857142857,74.21053864168617,157.3157142857143,25.78946135831382,invoice Annexure_708466_11122024_1733915578204.xlsx
192520709021750,2024-12-07 11:28:29,delivered,1148,57.4,1205.4,-16.875714285714285,866.8342857142858,75.5082130413141,281.1657142857142,24.491786958685907,invoice Annexure_708466_11122024_1733915578204.xlsx
192460636445637,2024-12-06 18:47:16,delivered,315,15.76,330.76,-16.875714285714285,225.59428571428572,71.61723356009071,89.40571428571428,28.382766439909297,invoice Annexure_708466_11122024_1733915578204.xlsx
192448577521220,2024-12-06 15:26:17,delivered,225,11.26,236.26,-16.875714285714285,156.3242857142857,69.47746031746031,68.67571428571429,30.522539682539684,invoice Annexure_708466_11122024_1733915578204.xlsx
192437259517642,2024-12-06 12:17:39,delivered,265,13.26,278.26,-16.875714285714285,187.12428571428572,70.61293800539083,77.87571428571428,29.387061994609166,invoice Annexure_708466_11122024_1733915578204.xlsx
192382458616228,2024-12-05 21:04:18,delivered,225,11.26,236.26,-16.875714285714285,138.62428571428572,61.61079365079365,86.37571428571428,38.38920634920635,invoice Annexure_708466_11122024_1733915578204.xlsx
192375898187159,2024-12-05 19:14:58,delivered,889,40.0,840.1,-16.875714285714285,599.0342857142857,67.38293427607263,289.9657142857143,32.61706572392737,invoice Annexure_708466_11122024_1733915578204.xlsx
192374632006270,2024-12-05 18:53:52,delivered,249,12.46,261.46,-16.875714285714285,174.78428571428572,70.19449225473322,74.21571428571428,29.80550774526678,invoice Annexure_708466_11122024_1733915578204.xlsx
192370377361988,2024-12-05 17:42:57,delivered,265,13.26,278.26,-16.875714285714285,169.42428571428573,63.93369272237197,95.57571428571427,36.06630727762802,invoice Annexure_708466_11122024_1733915578204.xlsx
192366166681631,2024-12-05 16:32:46,delivered,225,11.26,236.26,-16.875714285714285,156.3242857142857,69.47746031746031,68.67571428571429,30.522539682539684,invoice Annexure_708466_11122024_1733915578204.xlsx
192347180489569,2024-12-05 11:16:20,delivered,265,13.26,278.26,-16.875714285714285,169.42428571428573,63.93369272237197,95.57571428571427,36.06630727762802,invoice Annexure_708466_11122024_1733915578204.xlsx
192291862935827,2024-12-04 19:54:22,delivered,820,41.0,861.0,-16.875714285714285,590.7542857142857,72.04320557491289,229.24571428571426,27.956794425087107,invoice Annexure_708466_11122024_1733915578204.xlsx
192195876136323,2024-12-03 17:14:36,delivered,603,30.16,633.1600000000001,-16.875714285714285,230.70428571428573,38.25941719971571,372.29571428571427,61.740582800284294,invoice Annexure_708466_11122024_1733915578204.xlsx
192189981992047,2024-12-03 15:36:21,delivered,249,12.46,261.46,-16.875714285714285,157.08428571428573,63.08605851979346,91.91571428571427,36.91394148020654,invoice Annexure_708466_11122024_1733915578204.xlsx
192188275450400,2024-12-03 15:07:55,delivered,325,16.26,341.26,-16.875714285714285,233.31428571428572,71.78901098901099,91.68571428571428,28.210989010989014,invoice Annexure_708466_11122024_1733915578204.xlsx
192186205426175,2024-12-03 14:33:25,delivered,305,15.26,320.26,-16.875714285714285,217.9142857142857,71.44730679156909,87.08571428571429,28.552693208430913,invoice Annexure_708466_11122024_1733915578204.xlsx
192176592981844,2024-12-03 11:53:12,delivered,265,13.26,278.26,-16.875714285714285,169.42428571428573,63.93369272237197,95.57571428571427,36.06630727762802,invoice Annexure_708466_11122024_1733915578204.xlsx
192126003124402,2024-12-02 21:50:03,delivered,215,10.76,225.76,-16.875714285714285,113.62428571428572,52.84850498338871,101.37571428571428,47.15149501661129,invoice Annexure_708466_11122024_1733915578204.xlsx
192123791045652,2024-12-02 21:13:11,delivered,225,11.26,236.26,-16.875714285714285,156.3242857142857,69.47746031746031,68.67571428571429,30.522539682539684,invoice Annexure_708466_11122024_1733915578204.xlsx
192118900302962,2024-12-02 19:51:40,delivered,325,16.26,341.26,-16.875714285714285,233.31428571428572,71.78901098901099,91.68571428571428,28.210989010989014,invoice Annexure_708466_11122024_1733915578204.xlsx
192113977856513,2024-12-02 18:29:37,delivered,545,27.26,572.26,-16.875714285714285,402.6742857142857,73.88519003931849,142.3257142857143,26.114809960681523,invoice Annexure_708466_11122024_1733915578204.xlsx
192090842066804,2024-12-02 12:04:02,delivered,155,7.76,162.76,-16.875714285714285,102.42428571428572,66.08018433179723,52.575714285714284,33.919815668202766,invoice Annexure_708466_11122024_1733915578204.xlsx
192090313783560,2024-12-02 11:55:13,delivered,849,38.2,802.3000000000001,-16.875714285714285,571.3142857142858,67.29261315833756,277.6857142857142,32.70738684166245,invoice Annexure_708466_11122024_1733915578204.xlsx
192090140381956,2024-12-02 11:52:20,delivered,835,41.76,876.76,-16.875714285714285,625.8842857142857,74.95620188195039,209.11571428571426,25.043798118049608,invoice Annexure_708466_11122024_1733915578204.xlsx
192032455815223,2024-12-01 19:50:55,delivered,370,18.5,388.5,-16.875714285714285,267.9442857142857,72.41737451737451,102.05571428571432,27.582625482625488,invoice Annexure_708466_11122024_1733915578204.xlsx
192020793582408,2024-12-01 16:36:33,delivered,265,13.26,278.26,-16.875714285714285,169.42428571428573,63.93369272237197,95.57571428571427,36.06630727762802,invoice Annexure_708466_11122024_1733915578204.xlsx
192017187740257,2024-12-01 15:36:27,delivered,325,16.26,341.26,-16.875714285714285,233.31428571428572,71.78901098901099,91.68571428571428,28.210989010989014,invoice Annexure_708466_11122024_1733915578204.xlsx
192016019298994,2024-12-01 15:16:59,delivered,949,47.46,996.46,-16.875714285714285,713.6442857142857,75.19960861056751,235.35571428571427,24.800391389432484,invoice Annexure_708466_11122024_1733915578204.xlsx
192013731229879,2024-12-01 14:38:51,delivered,1040,52.0,1092.0,-16.875714285714285,783.7042857142858,75.35618131868132,256.2957142857142,24.643818681318674,invoice Annexure_708466_11122024_1733915578204.xlsx
191947572625042,2024-11-30 20:16:12,delivered,745,33.52,704.02,-25.71318181818182,490.4268181818182,65.82910311165345,254.5731818181818,34.170896888346554,invoice Annexure_708466_04122024_1733327318367.xlsx
191946485141251,2024-11-30 19:58:05,delivered,999,44.96,944.0600000000001,-25.71318181818182,666.4068181818182,66.7073892073892,332.59318181818185,33.292610792610795,invoice Annexure_708466_04122024_1733327318367.xlsx
191929057119062,2024-11-30 15:07:37,delivered,265,13.26,278.26,-25.71318181818182,178.28681818181818,67.27804459691252,86.71318181818182,32.721955403087485,invoice Annexure_708466_04122024_1733327318367.xlsx
191928932391786,2024-11-30 15:05:32,delivered,755,33.98,713.48,-25.71318181818182,497.36681818181825,65.87639975918123,257.63318181818175,34.123600240818774,invoice Annexure_708466_04122024_1733327318367.xlsx
191926922189509,2024-11-30 14:32:02,delivered,265,13.26,278.26,-25.71318181818182,178.28681818181818,67.27804459691252,86.71318181818182,32.721955403087485,invoice Annexure_708466_04122024_1733327318367.xlsx
191858615315370,2024-11-29 19:33:35,delivered,249,12.46,261.46,-25.71318181818182,165.94681818181817,66.64530850675429,83.05318181818183,33.35469149324572,invoice Annexure_708466_04122024_1733327318367.xlsx
191764879270744,2024-11-28 17:31:19,delivered,548,27.4,575.4000000000001,-25.71318181818182,396.1268181818182,72.28591572660916,151.87318181818182,27.714084273390842,invoice Annexure_708466_04122024_1733327318367.xlsx
191762670679156,2024-11-28 16:54:30,delivered,445,22.26,467.26,-25.71318181818182,316.8568181818182,71.20377936670072,128.1431818181818,28.79622063329928,invoice Annexure_708466_04122024_1733327318367.xlsx
191755797435745,2024-11-28 14:59:57,delivered,435,21.76,456.76,-25.71318181818182,309.1368181818182,71.06593521421108,125.86318181818177,28.934064785788916,invoice Annexure_708466_04122024_1733327318367.xlsx
191752025412758,2024-11-28 13:57:05,delivered,400,20.0,420.0,-25.71318181818182,258.5868181818182,64.64670454545455,141.41318181818178,35.353295454545446,invoice Annexure_708466_04122024_1733327318367.xlsx
191683519022536,2024-11-27 18:55:19,delivered,565,28.26,593.26,-25.71318181818182,385.6368181818182,68.25430410297668,179.36318181818177,31.745695897023325,invoice Annexure_708466_04122024_1733327318367.xlsx
191664504603813,2024-11-27 13:38:24,delivered,625,31.26,656.26,-25.71318181818182,455.4168181818182,72.86669090909092,169.5831818181818,27.133309090909087,invoice Annexure_708466_04122024_1733327318367.xlsx
191604525766334,2024-11-26 20:58:45,delivered,249,12.46,261.46,-25.71318181818182,165.94681818181817,66.64530850675429,83.05318181818183,33.35469149324572,invoice Annexure_708466_04122024_1733327318367.xlsx
191586324854870,2024-11-26 15:55:24,delivered,370,18.5,388.5,-25.71318181818182,259.1068181818182,70.02886977886979,110.8931818181818,29.971130221130217,invoice Annexure_708466_04122024_1733327318367.xlsx
191511557557674,2024-11-25 19:09:17,delivered,750,37.5,787.5,-25.71318181818182,528.0268181818182,70.40357575757575,221.97318181818184,29.596424242424245,invoice Annexure_708466_04122024_1733327318367.xlsx
191503588903168,2024-11-25 16:56:28,delivered,525,26.26,551.26,-25.71318181818182,378.44681818181823,72.08510822510823,146.55318181818177,27.914891774891764,invoice Annexure_708466_04122024_1733327318367.xlsx
191497606386160,2024-11-25 15:16:46,delivered,265,13.26,278.26,-25.71318181818182,160.5868181818182,60.59879931389366,104.41318181818181,39.40120068610635,invoice Annexure_708466_04122024_1733327318367.xlsx
191433065106494,2024-11-24 21:21:05,delivered,1365,61.42,1289.92,-25.71318181818182,761.3668181818182,55.77778887778888,603.6331818181818,44.22221112221112,invoice Annexure_708466_04122024_1733327318367.xlsx
191432371346530,2024-11-24 21:09:31,delivered,1655,82.76,1737.7600000000002,-25.71318181818182,1248.2668181818183,75.423976929415,406.7331818181817,24.576023070585,invoice Annexure_708466_04122024_1733327318367.xlsx
191427232370408,2024-11-24 19:43:52,delivered,755,33.98,713.48,-25.71318181818182,497.36681818181825,65.87639975918123,257.63318181818175,34.123600240818774,invoice Annexure_708466_04122024_1733327318367.xlsx
191414440479225,2024-11-24 16:10:40,delivered,1050,47.76,1002.76,-25.71318181818182,685.8268181818181,65.31683982683982,364.1731818181819,34.68316017316018,invoice Annexure_708466_04122024_1733327318367.xlsx
191398561560143,2024-11-24 11:46:01,delivered,299,14.96,313.96000000000004,-25.71318181818182,204.46681818181818,68.38355123137731,94.53318181818182,31.61644876862268,invoice Annexure_708466_04122024_1733327318367.xlsx
191344084873251,2024-11-23 20:38:04,delivered,265,13.26,278.26,-19.66318181818182,184.3368181818182,69.56106346483705,80.66318181818181,30.43893653516295,invoice Annexure_708466_27112024_1732723115564.xlsx
191337263902981,2024-11-23 18:44:23,delivered,755,33.98,713.48,-19.66318181818182,503.4168181818182,66.67772426249248,251.5831818181818,33.322275737507525,invoice Annexure_708466_27112024_1732723115564.xlsx
191323858266346,2024-11-23 15:00:58,delivered,1139,56.96,1195.96,-19.66318181818182,857.1168181818182,75.2516960651289,281.8831818181818,24.7483039348711,invoice Annexure_708466_27112024_1732723115564.xlsx
191314540771995,2024-11-23 12:25:40,delivered,325,16.26,341.26,-19.66318181818182,230.5268181818182,70.93132867132867,94.47318181818181,29.068671328671325,invoice Annexure_708466_27112024_1732723115564.xlsx
191235316734339,2024-11-22 14:25:16,delivered,579,28.96,607.96,-19.66318181818182,426.04681818181814,73.58321557544355,152.95318181818186,26.416784424556454,invoice Annexure_708466_27112024_1732723115564.xlsx
191163721001786,2024-11-21 18:32:01,delivered,849,38.2,802.3000000000001,-19.66318181818182,568.5268181818183,66.9642895384945,280.47318181818173,33.0357104615055,invoice Annexure_708466_27112024_1732723115564.xlsx
191149191227435,2024-11-21 14:29:51,delivered,265,13.26,278.26,-19.66318181818182,184.3368181818182,69.56106346483705,80.66318181818181,30.43893653516295,invoice Annexure_708466_27112024_1732723115564.xlsx
191144872498835,2024-11-21 13:17:52,delivered,370,18.5,388.5,-19.66318181818182,265.15681818181815,71.6640049140049,104.84318181818185,28.33599508599509,invoice Annexure_708466_27112024_1732723115564.xlsx
191137870270130,2024-11-21 11:21:10,delivered,249,12.46,261.46,-19.66318181818182,171.99681818181818,69.07502738225631,77.00318181818182,30.924972617743702,invoice Annexure_708466_27112024_1732723115564.xlsx
191072100359154,2024-11-20 17:05:00,delivered,299,14.96,313.96000000000004,-19.66318181818182,210.5168181818182,70.40696260261477,88.4831818181818,29.59303739738522,invoice Annexure_708466_27112024_1732723115564.xlsx
191054923907575,2024-11-20 12:18:43,delivered,395,19.76,414.76,-19.66318181818182,284.39681818181816,71.99919447640966,110.60318181818184,28.000805523590337,invoice Annexure_708466_27112024_1732723115564.xlsx
191053068578401,2024-11-20 11:47:48,delivered,265,13.26,278.26,-19.66318181818182,184.3368181818182,69.56106346483705,80.66318181818181,30.43893653516295,invoice Annexure_708466_27112024_1732723115564.xlsx
190998368776030,2024-11-19 20:36:08,delivered,169,8.46,177.45999999999998,-19.66318181818182,110.4168181818182,65.33539537385693,58.5831818181818,34.664604626143074,invoice Annexure_708466_27112024_1732723115564.xlsx
190994121724634,2024-11-19 19:25:21,delivered,315,15.76,330.76,-19.66318181818182,205.1068181818182,65.11327561327562,109.8931818181818,34.88672438672438,invoice Annexure_708466_27112024_1732723115564.xlsx
190910228299686,2024-11-18 20:07:08,delivered,650,32.5,682.5,-19.66318181818182,457.08681818181816,70.32104895104895,192.91318181818184,29.678951048951053,invoice Annexure_708466_27112024_1732723115564.xlsx
190893909897849,2024-11-18 15:35:09,delivered,385,19.26,404.26,-19.66318181818182,276.70681818181816,71.87190082644628,108.29318181818184,28.12809917355372,invoice Annexure_708466_27112024_1732723115564.xlsx
190888632601471,2024-11-18 14:07:12,delivered,299,14.96,313.96000000000004,-19.66318181818182,192.81681818181818,64.4872301611432,106.18318181818182,35.5127698388568,invoice Annexure_708466_27112024_1732723115564.xlsx
190879396893223,2024-11-18 11:33:16,delivered,249,12.46,261.46,-19.66318181818182,171.99681818181818,69.07502738225631,77.00318181818182,30.924972617743702,invoice Annexure_708466_27112024_1732723115564.xlsx
190822128711204,2024-11-17 19:38:48,delivered,265,13.26,278.26,-19.66318181818182,166.6368181818182,62.88181818181818,98.3631818181818,37.11818181818181,invoice Annexure_708466_27112024_1732723115564.xlsx
190821342166153,2024-11-17 19:25:42,delivered,265,13.26,278.26,-19.66318181818182,166.6368181818182,62.88181818181818,98.3631818181818,37.11818181818181,invoice Annexure_708466_27112024_1732723115564.xlsx
190820519024391,2024-11-17 19:11:59,delivered,325,16.26,341.26,-19.66318181818182,212.8268181818182,65.48517482517482,112.1731818181818,34.51482517482517,invoice Annexure_708466_27112024_1732723115564.xlsx
190816047624486,2024-11-17 17:57:27,delivered,350,17.5,367.5,-19.66318181818182,249.7568181818182,71.35909090909092,100.2431818181818,28.640909090909084,invoice Annexure_708466_27112024_1732723115564.xlsx
190728115348376,2024-11-16 17:31:55,delivered,949,47.46,996.46,-30.71615384615384,676.2038461538461,71.25435681283943,272.79615384615386,28.745643187160574,invoice Annexure_708466_20112024_1732105120816.xlsx
190726806051542,2024-11-16 17:10:06,delivered,494,24.7,518.7,-30.71615384615384,325.9638461538462,65.98458424166927,168.0361538461538,34.01541575833073,invoice Annexure_708466_20112024_1732105120816.xlsx
190723531245532,2024-11-16 16:15:31,delivered,299,14.96,313.96000000000004,-30.71615384615384,181.76384615384615,60.79058399794185,117.23615384615385,39.20941600205815,invoice Annexure_708466_20112024_1732105120816.xlsx
190710177394832,2024-11-16 12:32:57,delivered,860,43.0,903.0,-30.71615384615384,631.3038461538462,73.40742397137745,228.69615384615383,26.59257602862254,invoice Annexure_708466_20112024_1732105120816.xlsx
190709785731419,2024-11-16 12:26:25,delivered,325,16.26,341.26,-30.71615384615384,219.47384615384615,67.53041420118343,105.52615384615385,32.46958579881657,invoice Annexure_708466_20112024_1732105120816.xlsx
190708297971137,2024-11-16 12:01:37,delivered,495,24.76,519.76,-30.71615384615384,326.7138461538462,66.00279720279721,168.2861538461538,33.99720279720279,invoice Annexure_708466_20112024_1732105120816.xlsx
190652069848930,2024-11-15 20:24:29,delivered,770,34.66,727.6600000000001,-30.71615384615384,502.7438461538462,65.2914085914086,267.2561538461538,34.7085914085914,invoice Annexure_708466_20112024_1732105120816.xlsx
190649656984333,2024-11-15 19:44:16,delivered,299,14.96,313.96000000000004,-30.71615384615384,199.46384615384616,66.71031643941343,99.53615384615384,33.28968356058657,invoice Annexure_708466_20112024_1732105120816.xlsx
190649387826015,2024-11-15 19:39:47,delivered,305,15.26,320.26,-30.71615384615384,204.07384615384615,66.9094577553594,100.92615384615385,33.09054224464061,invoice Annexure_708466_20112024_1732105120816.xlsx
190646552790871,2024-11-15 18:52:32,delivered,265,13.26,278.26,-30.71615384615384,173.28384615384616,65.39013062409289,91.71615384615384,34.60986937590711,invoice Annexure_708466_20112024_1732105120816.xlsx
190635088377017,2024-11-15 15:41:28,delivered,125,6.26,131.26,-30.71615384615384,65.51384615384616,52.41107692307693,59.48615384615384,47.58892307692307,invoice Annexure_708466_20112024_1732105120816.xlsx
190623213111834,2024-11-15 12:23:33,delivered,525,26.26,551.26,-30.71615384615384,373.4438461538462,71.13216117216118,151.5561538461538,28.867838827838817,invoice Annexure_708466_20112024_1732105120816.xlsx
190569245206143,2024-11-14 21:24:05,delivered,169,8.46,177.45999999999998,-30.71615384615384,99.36384615384617,58.79517523896223,69.63615384615383,41.20482476103777,invoice Annexure_708466_20112024_1732105120816.xlsx
190556630160082,2024-11-14 17:53:50,delivered,245,12.26,257.26,-30.71615384615384,157.89384615384617,64.44646781789639,87.10615384615383,35.5535321821036,invoice Annexure_708466_20112024_1732105120816.xlsx
190544613455004,2024-11-14 14:33:33,delivered,350,17.5,367.5,-30.71615384615384,238.70384615384617,68.20109890109892,111.29615384615383,31.798901098901094,invoice Annexure_708466_20112024_1732105120816.xlsx
190464773738771,2024-11-13 16:22:53,delivered,249,12.46,261.46,-30.71615384615384,160.94384615384615,64.63608279270929,88.05615384615385,35.363917207290704,invoice Annexure_708466_20112024_1732105120816.xlsx
190453744858673,2024-11-13 13:19:04,delivered,629,31.46,660.46,-30.71615384615384,453.49384615384616,72.09759080347315,175.50615384615384,27.90240919652684,invoice Annexure_708466_20112024_1732105120816.xlsx
190387245539610,2024-11-12 18:50:45,delivered,525,26.26,551.26,-30.71615384615384,349.8438461538462,66.63692307692308,175.1561538461538,33.36307692307692,invoice Annexure_708466_20112024_1732105120816.xlsx
190386457519263,2024-11-12 18:37:37,delivered,594,29.7,623.7,-30.71615384615384,426.5338461538462,71.80704480704482,167.46615384615382,28.19295519295519,invoice Annexure_708466_20112024_1732105120816.xlsx
190366862143262,2024-11-12 13:11:02,delivered,519,25.96,544.96,-30.71615384615384,368.7838461538462,71.05661775603973,150.21615384615382,28.943382243960276,invoice Annexure_708466_20112024_1732105120816.xlsx
190298869768088,2024-11-11 18:17:49,delivered,874,39.4,827.5100000000001,-30.71615384615384,575.9638461538461,65.89975356451329,298.03615384615387,34.10024643548672,invoice Annexure_708466_20112024_1732105120816.xlsx
190285754094224,2024-11-11 14:39:14,delivered,579,28.96,607.96,-30.71615384615384,414.99384615384616,71.67423940480936,164.00615384615384,28.325760595190648,invoice Annexure_708466_20112024_1732105120816.xlsx
190221362598918,2024-11-10 20:46:02,delivered,579,28.96,607.96,-30.71615384615384,414.99384615384616,71.67423940480936,164.00615384615384,28.325760595190648,invoice Annexure_708466_20112024_1732105120816.xlsx
190215552663811,2024-11-10 19:09:12,delivered,265,13.26,278.26,-30.71615384615384,173.28384615384616,65.39013062409289,91.71615384615384,34.60986937590711,invoice Annexure_708466_20112024_1732105120816.xlsx
190203926167022,2024-11-10 15:55:26,delivered,335,16.76,351.76,-30.71615384615384,227.16384615384615,67.8101033295063,107.83615384615385,32.18989667049368,invoice Annexure_708466_20112024_1732105120816.xlsx
190187144718140,2024-11-10 11:15:44,delivered,299,14.96,313.96000000000004,-30.71615384615384,199.46384615384616,66.71031643941343,99.53615384615384,33.28968356058657,invoice Annexure_708466_20112024_1732105120816.xlsx
190126562655039,2024-11-09 18:26:02,delivered,775,34.88,732.3800000000001,-13.67279069767442,523.2472093023256,67.51576894223555,251.7527906976744,32.48423105776444,invoice Annexure_708466_13112024_1731506837292.xlsx
190125564027516,2024-11-09 18:09:24,delivered,610,30.5,640.5,-13.67279069767442,432.28720930232555,70.86675562333205,177.71279069767445,29.133244376667943,invoice Annexure_708466_13112024_1731506837292.xlsx
190048249383846,2024-11-08 20:40:49,delivered,325,16.26,341.26,-13.67279069767442,218.81720930232558,67.32837209302326,106.18279069767442,32.671627906976745,invoice Annexure_708466_13112024_1731506837292.xlsx
190045831101022,2024-11-08 20:00:31,delivered,410,20.5,430.5,-13.67279069767442,301.9372093023256,73.64322178105502,108.06279069767442,26.35677821894498,invoice Annexure_708466_13112024_1731506837292.xlsx
190040637975531,2024-11-08 18:33:57,delivered,535,26.76,561.76,-13.67279069767442,398.14720930232556,74.42003912193002,136.85279069767444,25.57996087806999,invoice Annexure_708466_13112024_1731506837292.xlsx
190038528952928,2024-11-08 17:58:48,delivered,265,13.26,278.26,-13.67279069767442,172.62720930232558,65.14234313295304,92.37279069767442,34.85765686704695,invoice Annexure_708466_13112024_1731506837292.xlsx
190037224199945,2024-11-08 17:37:04,delivered,525,26.26,551.26,-13.67279069767442,366.8872093023256,69.88327796234772,158.11279069767443,30.11672203765227,invoice Annexure_708466_13112024_1731506837292.xlsx
190031099544473,2024-11-08 15:54:59,delivered,199,9.96,208.95999999999998,-13.67279069767442,139.50720930232558,70.10412527755054,59.49279069767442,29.895874722449456,invoice Annexure_708466_13112024_1731506837292.xlsx
190018360592468,2024-11-08 12:22:40,delivered,325,16.26,341.26,-13.67279069767442,218.81720930232558,67.32837209302326,106.18279069767442,32.671627906976745,invoice Annexure_708466_13112024_1731506837292.xlsx
189965441398584,2024-11-07 21:40:41,delivered,249,12.46,261.46,-13.67279069767442,177.98720930232557,71.48080694872513,71.01279069767443,28.519193051274872,invoice Annexure_708466_13112024_1731506837292.xlsx
189957461087513,2024-11-07 19:27:41,delivered,285,14.26,299.26,-13.67279069767442,205.72720930232558,72.18498572011424,79.27279069767442,27.815014279885762,invoice Annexure_708466_13112024_1731506837292.xlsx
189949645430287,2024-11-07 17:17:25,delivered,1528,68.76,1443.9600000000003,-13.67279069767442,1044.9372093023255,68.3859430171679,483.0627906976745,31.6140569828321,invoice Annexure_708466_13112024_1731506837292.xlsx
189946855925442,2024-11-07 16:30:55,delivered,495,24.76,519.76,-13.67279069767442,343.7572093023256,69.44590086915669,151.24279069767442,30.554099130843316,invoice Annexure_708466_13112024_1731506837292.xlsx
189928524250618,2024-11-07 11:25:24,delivered,265,13.26,278.26,-13.67279069767442,172.62720930232558,65.14234313295304,92.37279069767442,34.85765686704695,invoice Annexure_708466_13112024_1731506837292.xlsx
189875660466088,2024-11-06 20:44:20,delivered,225,11.26,236.26,-13.67279069767442,159.52720930232556,70.90098191214469,65.47279069767444,29.099018087855306,invoice Annexure_708466_13112024_1731506837292.xlsx
189875520710114,2024-11-06 20:42:00,delivered,519,25.96,544.96,-13.67279069767442,385.82720930232557,74.34050275574674,133.17279069767443,25.65949724425326,invoice Annexure_708466_13112024_1731506837292.xlsx
189871783938125,2024-11-06 19:39:43,delivered,265,13.26,278.26,-13.67279069767442,190.32720930232557,71.82158841597192,74.67279069767443,28.178411584028083,invoice Annexure_708466_13112024_1731506837292.xlsx
189869892237321,2024-11-06 19:08:12,delivered,780,35.86,752.8699999999999,-13.67279069767442,514.6772093023257,65.98425760286226,265.32279069767435,34.015742397137736,invoice Annexure_708466_13112024_1731506837292.xlsx
189786995122335,2024-11-05 20:06:35,delivered,299,14.96,313.96000000000004,-13.67279069767442,216.50720930232558,72.41043789375438,82.49279069767442,27.589562106245623,invoice Annexure_708466_13112024_1731506837292.xlsx
189782823375354,2024-11-05 18:57:03,delivered,690,34.5,724.5,-13.67279069767442,493.8672093023256,71.57495786990225,196.1327906976744,28.42504213009774,invoice Annexure_708466_13112024_1731506837292.xlsx
189781505716456,2024-11-05 18:35:05,delivered,225,11.26,236.26,-13.67279069767442,159.52720930232556,70.90098191214469,65.47279069767444,29.099018087855306,invoice Annexure_708466_13112024_1731506837292.xlsx
189772776224801,2024-11-05 16:09:36,delivered,360,18.0,378.0,-13.67279069767442,245.7372093023256,68.26033591731266,114.2627906976744,31.739664082687334,invoice Annexure_708466_13112024_1731506837292.xlsx
189768261908476,2024-11-05 14:54:21,delivered,295,14.76,309.76,-13.67279069767442,213.40720930232558,72.34142688214426,81.59279069767442,27.658573117855735,invoice Annexure_708466_13112024_1731506837292.xlsx
189755712035339,2024-11-05 11:25:12,delivered,199,9.96,208.95999999999998,-13.67279069767442,139.50720930232558,70.10412527755054,59.49279069767442,29.895874722449456,invoice Annexure_708466_13112024_1731506837292.xlsx
189703781717322,2024-11-04 20:59:41,delivered,455,22.76,477.76,-13.67279069767442,336.57720930232557,73.97301303347815,118.42279069767443,26.026986966521854,invoice Annexure_708466_13112024_1731506837292.xlsx
189701523918694,2024-11-04 20:22:03,delivered,265,13.26,278.26,-13.67279069767442,172.62720930232558,65.14234313295304,92.37279069767442,34.85765686704695,invoice Annexure_708466_13112024_1731506837292.xlsx
189675867901609,2024-11-04 13:14:27,delivered,325,16.26,341.26,-13.67279069767442,218.81720930232558,67.32837209302326,106.18279069767442,32.671627906976745,invoice Annexure_708466_13112024_1731506837292.xlsx
189618943060910,2024-11-03 21:25:43,delivered,820,36.9,774.9000000000001,-13.67279069767442,554.4272093023257,67.61307430516167,265.57279069767435,32.38692569483834,invoice Annexure_708466_13112024_1731506837292.xlsx
189607743912706,2024-11-03 18:19:03,delivered,265,13.26,278.26,-13.67279069767442,190.32720930232557,71.82158841597192,74.67279069767443,28.178411584028083,invoice Annexure_708466_13112024_1731506837292.xlsx
189588975550205,2024-11-03 13:06:15,delivered,525,26.26,551.26,-13.67279069767442,366.8872093023256,69.88327796234772,158.11279069767443,30.11672203765227,invoice Annexure_708466_13112024_1731506837292.xlsx
189585298816695,2024-11-03 12:04:58,delivered,495,24.76,519.76,-13.67279069767442,367.35720930232554,74.21357763683343,127.64279069767446,25.786422363166555,invoice Annexure_708466_13112024_1731506837292.xlsx
189533111627662,2024-11-02 21:35:11,cancelled,0,0.0,0.0,-13.67279069767442,-78.33279069767441,-inf,78.33279069767441,inf,invoice Annexure_708466_13112024_1731506837292.xlsx
189529862242428,2024-11-02 20:41:02,delivered,265,13.26,278.26,-13.67279069767442,190.32720930232557,71.82158841597192,74.67279069767443,28.178411584028083,invoice Annexure_708466_13112024_1731506837292.xlsx
189523046337438,2024-11-02 18:47:26,delivered,550,27.5,577.5,-13.67279069767442,386.1172093023256,70.2031289640592,163.8827906976744,29.796871035940804,invoice Annexure_708466_13112024_1731506837292.xlsx
189522869656807,2024-11-02 18:44:29,delivered,299,14.96,313.96000000000004,-13.67279069767442,198.80720930232556,66.4907054522828,100.19279069767444,33.509294547717204,invoice Annexure_708466_13112024_1731506837292.xlsx
189520523622967,2024-11-02 18:05:23,delivered,1275,58.26,1223.2800000000002,-13.67279069767442,859.5472093023257,67.41546739626084,415.45279069767435,32.58453260373916,invoice Annexure_708466_13112024_1731506837292.xlsx
189519993344999,2024-11-02 17:56:33,delivered,680,34.0,714.0,-13.67279069767442,486.1772093023256,71.4966484268126,193.8227906976744,28.503351573187413,invoice Annexure_708466_13112024_1731506837292.xlsx
189519600488079,2024-11-02 17:50:00,delivered,515,25.76,540.76,-13.67279069767442,359.14720930232556,69.73732219462633,155.85279069767444,30.262677805373677,invoice Annexure_708466_13112024_1731506837292.xlsx
189517304309852,2024-11-02 17:11:44,delivered,325,16.26,341.26,-13.67279069767442,236.51720930232557,72.7745259391771,88.48279069767443,27.2254740608229,invoice Annexure_708466_13112024_1731506837292.xlsx
189446048862826,2024-11-01 21:24:08,delivered,325,16.26,341.26,-13.67279069767442,236.51720930232557,72.7745259391771,88.48279069767443,27.2254740608229,invoice Annexure_708466_13112024_1731506837292.xlsx
189441887524306,2024-11-01 20:14:47,delivered,199,9.96,208.95999999999998,-13.67279069767442,139.50720930232558,70.10412527755054,59.49279069767442,29.895874722449456,invoice Annexure_708466_13112024_1731506837292.xlsx
189439200539678,2024-11-01 19:30:00,delivered,519,25.96,544.96,-13.67279069767442,385.82720930232557,74.34050275574674,133.17279069767443,25.65949724425326,invoice Annexure_708466_13112024_1731506837292.xlsx
189434230793092,2024-11-01 18:07:10,delivered,530,26.5,556.5,-13.67279069767442,394.32720930232557,74.4013602457218,135.67279069767443,25.598639754278196,invoice Annexure_708466_13112024_1731506837292.xlsx
189357520620718,2024-10-31 20:48:40,delivered,285,14.26,299.26,-18.090869565217393,201.30913043478262,70.63478260869566,83.69086956521738,29.365217391304345,invoice Annexure_708466_05112024_1730826863846.xlsx
189343079935288,2024-10-31 16:47:59,delivered,225,11.26,236.26,-18.090869565217393,155.1091304347826,68.93739130434781,69.8908695652174,31.062608695652177,invoice Annexure_708466_05112024_1730826863846.xlsx
189337171874840,2024-10-31 15:09:31,delivered,265,13.26,278.26,-18.090869565217393,185.9091304347826,70.1543888433142,79.09086956521739,29.84561115668581,invoice Annexure_708466_05112024_1730826863846.xlsx
189328963315050,2024-10-31 12:52:43,delivered,190,9.5,199.5,-18.090869565217393,128.1691304347826,67.45743707093821,61.8308695652174,32.54256292906179,invoice Annexure_708466_05112024_1730826863846.xlsx
189327050557193,2024-10-31 12:20:50,delivered,299,14.96,313.96000000000004,-18.090869565217393,212.08913043478262,70.93281954340556,86.91086956521738,29.067180456594443,invoice Annexure_708466_05112024_1730826863846.xlsx
189272197782104,2024-10-30 21:06:37,delivered,525,26.26,551.26,-18.090869565217393,386.0691304347826,73.53697722567287,138.9308695652174,26.463022774327122,invoice Annexure_708466_05112024_1730826863846.xlsx
189266562922146,2024-10-30 19:32:42,delivered,265,13.26,278.26,-18.090869565217393,185.9091304347826,70.1543888433142,79.09086956521739,29.84561115668581,invoice Annexure_708466_05112024_1730826863846.xlsx
189266139689094,2024-10-30 19:25:39,delivered,1595,79.76,1674.7600000000002,-18.090869565217393,1209.7091304347825,75.84383262913997,385.29086956521746,24.15616737086003,invoice Annexure_708466_05112024_1730826863846.xlsx
189260389270079,2024-10-30 17:49:49,delivered,524,26.2,550.2,-18.090869565217393,385.2891304347826,73.5284600066379,138.71086956521742,26.471539993362104,invoice Annexure_708466_05112024_1730826863846.xlsx
189169553179682,2024-10-29 16:35:53,delivered,265,13.26,278.26,-18.090869565217393,185.9091304347826,70.1543888433142,79.09086956521739,29.84561115668581,invoice Annexure_708466_05112024_1730826863846.xlsx
189169551170718,2024-10-29 16:35:51,delivered,249,12.46,261.46,-18.090869565217393,173.5691304347826,69.70647808625807,75.43086956521739,30.293521913741923,invoice Annexure_708466_05112024_1730826863846.xlsx
189160235912278,2024-10-29 14:00:35,delivered,579,28.96,607.96,-18.090869565217393,427.61913043478256,73.85477209581737,151.38086956521744,26.145227904182633,invoice Annexure_708466_05112024_1730826863846.xlsx
189151186624480,2024-10-29 11:29:46,delivered,249,12.46,261.46,-18.090869565217393,173.5691304347826,69.70647808625807,75.43086956521739,30.293521913741923,invoice Annexure_708466_05112024_1730826863846.xlsx
189095887181441,2024-10-28 20:08:07,delivered,315,15.76,330.76,-18.090869565217393,224.3791304347826,71.23146997929607,90.62086956521739,28.76853002070393,invoice Annexure_708466_05112024_1730826863846.xlsx
189078444884596,2024-10-28 15:17:24,delivered,295,14.76,309.76,-18.090869565217393,208.98913043478262,70.84377302873988,86.01086956521738,29.15622697126013,invoice Annexure_708466_05112024_1730826863846.xlsx
189063264792558,2024-10-28 11:04:24,delivered,504,25.2,529.2,-18.090869565217393,369.8791304347826,73.38871635610766,134.1208695652174,26.611283643892342,invoice Annexure_708466_05112024_1730826863846.xlsx
189011680456718,2024-10-27 20:44:40,delivered,760,38.0,798.0,-18.090869565217393,566.9591304347825,74.59988558352401,193.04086956521746,25.400114416475983,invoice Annexure_708466_05112024_1730826863846.xlsx
189005064936470,2024-10-27 18:54:24,delivered,325,16.26,341.26,-18.090869565217393,232.0991304347826,71.41511705685619,92.90086956521739,28.584882943143814,invoice Annexure_708466_05112024_1730826863846.xlsx
188997234520564,2024-10-27 16:43:54,delivered,239,11.96,250.95999999999998,-18.090869565217393,148.17913043478262,61.999636165181016,90.82086956521738,38.000363834818984,invoice Annexure_708466_05112024_1730826863846.xlsx
188991163639576,2024-10-27 15:02:43,delivered,299,14.96,313.96000000000004,-18.090869565217393,212.08913043478262,70.93281954340556,86.91086956521738,29.067180456594443,invoice Annexure_708466_05112024_1730826863846.xlsx
188989849498172,2024-10-27 14:40:49,delivered,205,10.26,215.26,-18.090869565217393,139.7191304347826,68.1556733828208,65.28086956521739,31.844326617179213,invoice Annexure_708466_05112024_1730826863846.xlsx
188987003269405,2024-10-27 13:53:23,delivered,755,37.76,792.76,-18.090869565217393,563.0791304347825,74.58001727613014,191.92086956521746,25.41998272386986,invoice Annexure_708466_05112024_1730826863846.xlsx
188981442987672,2024-10-27 12:20:42,delivered,285,14.26,299.26,-18.090869565217393,201.30913043478262,70.63478260869566,83.69086956521738,29.365217391304345,invoice Annexure_708466_05112024_1730826863846.xlsx
188925136985270,2024-10-26 20:42:16,delivered,265,13.26,278.26,-24.18,162.12,61.177358490566036,102.88,38.82264150943396,invoice Annexure_708466_30102024_1730307786353.xlsx
188923624910471,2024-10-26 20:17:04,delivered,190,9.5,199.5,-24.18,122.07999999999998,64.25263157894736,67.92000000000002,35.74736842105264,invoice Annexure_708466_30102024_1730307786353.xlsx
188916443032617,2024-10-26 18:17:23,delivered,265,13.26,278.26,-24.18,179.82,67.8566037735849,85.18,32.1433962264151,invoice Annexure_708466_30102024_1730307786353.xlsx
188894214013118,2024-10-26 12:06:54,delivered,299,14.96,313.96000000000004,-24.18,206.0,68.89632107023411,93.0,31.103678929765888,invoice Annexure_708466_30102024_1730307786353.xlsx
188840009311212,2024-10-25 21:03:29,delivered,395,19.76,414.76,-24.18,279.88,70.85569620253165,115.12,29.144303797468357,invoice Annexure_708466_30102024_1730307786353.xlsx
188823576221327,2024-10-25 16:29:36,delivered,385,19.26,404.26,-24.18,272.19,70.6987012987013,112.81,29.301298701298702,invoice Annexure_708466_30102024_1730307786353.xlsx
188740553247063,2024-10-24 17:25:53,delivered,530,26.5,556.5,-24.18,383.82,72.4188679245283,146.18,27.581132075471697,invoice Annexure_708466_30102024_1730307786353.xlsx
188726922979287,2024-10-24 13:38:42,delivered,798,35.92,754.1200000000001,-24.18,528.69,66.25187969924812,269.30999999999995,33.74812030075187,invoice Annexure_708466_30102024_1730307786353.xlsx
188666459980598,2024-10-23 20:50:59,delivered,465,23.26,488.26,-24.18,333.78,71.78064516129031,131.22000000000003,28.21935483870968,invoice Annexure_708466_30102024_1730307786353.xlsx
188659670671988,2024-10-23 18:57:50,delivered,265,13.26,278.26,-24.18,162.12,61.177358490566036,102.88,38.82264150943396,invoice Annexure_708466_30102024_1730307786353.xlsx
188657544679636,2024-10-23 18:22:24,delivered,249,12.46,261.46,-24.18,167.48,67.26104417670682,81.52000000000001,32.738955823293175,invoice Annexure_708466_30102024_1730307786353.xlsx
188655503840456,2024-10-23 17:48:23,delivered,265,13.26,278.26,-24.18,162.12,61.177358490566036,102.88,38.82264150943396,invoice Annexure_708466_30102024_1730307786353.xlsx
188654637228122,2024-10-23 17:33:57,delivered,249,12.46,261.46,-24.18,149.78,60.152610441767074,99.22,39.84738955823293,invoice Annexure_708466_30102024_1730307786353.xlsx
188636766544685,2024-10-23 12:36:06,delivered,225,11.26,236.26,-24.18,149.01999999999998,66.2311111111111,75.98000000000002,33.768888888888895,invoice Annexure_708466_30102024_1730307786353.xlsx
188563778057617,2024-10-22 16:19:38,delivered,265,13.26,278.26,-24.18,179.82,67.8566037735849,85.18,32.1433962264151,invoice Annexure_708466_30102024_1730307786353.xlsx
188551440492227,2024-10-22 12:54:00,delivered,210,10.5,220.5,-24.18,137.48,65.46666666666667,72.52000000000001,34.53333333333334,invoice Annexure_708466_30102024_1730307786353.xlsx
188489466245863,2024-10-21 19:41:06,delivered,190,9.5,199.5,-24.18,122.07999999999998,64.25263157894736,67.92000000000002,35.74736842105264,invoice Annexure_708466_30102024_1730307786353.xlsx
188320684150547,2024-10-19 20:48:04,delivered,295,14.76,309.76,-20.000384615384615,189.3796153846154,64.19647979139505,105.62038461538461,35.80352020860495,invoice Annexure_708466_24102024_1729708468823.xlsx
188315365941314,2024-10-19 19:19:25,delivered,700,35.0,735.0,-20.000384615384615,518.8396153846154,74.11994505494506,181.1603846153846,25.880054945054944,invoice Annexure_708466_24102024_1729708468823.xlsx
188306683411625,2024-10-19 16:54:43,cancelled,484,24.2,508.20000000000005,-20.000384615384615,352.57961538461535,72.84702797202797,131.42038461538465,27.152972027972034,invoice Annexure_708466_24102024_1729708468823.xlsx
188305464063892,2024-10-19 16:34:24,delivered,355,17.76,372.76,-20.000384615384615,235.5696153846154,66.35763813651138,119.43038461538461,33.642361863488624,invoice Annexure_708466_24102024_1729708468823.xlsx
188299629234775,2024-10-19 14:57:09,delivered,325,16.26,341.26,-20.000384615384615,230.1896153846154,70.82757396449705,94.8103846153846,29.17242603550296,invoice Annexure_708466_24102024_1729708468823.xlsx
188200000098091,2024-10-18 11:16:40,delivered,265,13.26,278.26,-20.000384615384615,166.2996153846154,62.75457184325109,98.70038461538459,37.24542815674891,invoice Annexure_708466_24102024_1729708468823.xlsx
188135551587176,2024-10-17 17:22:31,delivered,595,29.76,624.76,-20.000384615384615,437.99961538461537,73.61338073691014,157.00038461538463,26.386619263089855,invoice Annexure_708466_24102024_1729708468823.xlsx
188132013293067,2024-10-17 16:23:33,delivered,315,15.76,330.76,-20.000384615384615,222.4696153846154,70.62527472527474,92.5303846153846,29.37472527472527,invoice Annexure_708466_24102024_1729708468823.xlsx
188132005060547,2024-10-17 16:23:25,delivered,265,13.26,278.26,-20.000384615384615,183.9996153846154,69.43381712626996,81.0003846153846,30.566182873730043,invoice Annexure_708466_24102024_1729708468823.xlsx
188035514053874,2024-10-16 13:35:14,delivered,155,7.76,162.76,-24.18,77.41999999999999,49.948387096774184,77.58000000000001,50.051612903225816,invoice Annexure_708466_30102024_1730307786353.xlsx
187974891793760,2024-10-15 20:44:51,cancelled,548,27.4,575.4000000000001,-20.000384615384615,401.83961538461534,73.3283969679955,146.16038461538466,26.671603032004498,invoice Annexure_708466_24102024_1729708468823.xlsx
187969600599464,2024-10-15 19:16:40,delivered,660,33.0,693.0,-20.000384615384615,488.0496153846154,73.94691142191142,171.95038461538462,26.05308857808858,invoice Annexure_708466_24102024_1729708468823.xlsx
187969591257105,2024-10-15 19:16:31,delivered,365,18.26,383.26,-20.000384615384615,260.9796153846154,71.50126448893572,104.02038461538461,28.498735511064275,invoice Annexure_708466_24102024_1729708468823.xlsx
187969412743654,2024-10-15 19:13:32,delivered,949,47.46,996.46,-20.000384615384615,710.5196153846153,74.87034935559697,238.48038461538465,25.129650644403018,invoice Annexure_708466_24102024_1729708468823.xlsx
187966896790266,2024-10-15 18:31:36,cancelled,580,29.0,609.0,-20.000384615384615,337.1796153846154,58.13441644562334,242.82038461538463,41.86558355437666,invoice Annexure_708466_24102024_1729708468823.xlsx
187962034856122,2024-10-15 17:10:34,delivered,759,37.96,796.96,-20.000384615384615,540.6596153846153,71.23315090706394,218.34038461538466,28.766849092936052,invoice Annexure_708466_24102024_1729708468823.xlsx
187947225935131,2024-10-15 13:03:45,delivered,265,13.26,278.26,-20.000384615384615,166.2996153846154,62.75457184325109,98.70038461538459,37.24542815674891,invoice Annexure_708466_24102024_1729708468823.xlsx
187944969023122,2024-10-15 12:26:09,delivered,598,29.9,627.9000000000001,-20.000384615384615,440.31961538461536,73.63204270645743,157.68038461538464,26.36795729354258,invoice Annexure_708466_24102024_1729708468823.xlsx
187883949487989,2024-10-14 19:29:09,delivered,380,19.0,399.0,-20.000384615384615,272.49961538461537,71.71042510121457,107.50038461538463,28.289574898785432,invoice Annexure_708466_24102024_1729708468823.xlsx
187880892561015,2024-10-14 18:38:12,delivered,495,24.76,519.76,-20.000384615384615,361.02961538461534,72.93527583527583,133.97038461538466,27.064724164724176,invoice Annexure_708466_24102024_1729708468823.xlsx
187876013078589,2024-10-14 17:16:53,delivered,225,11.26,236.26,-20.000384615384615,153.19961538461538,68.08871794871794,71.80038461538462,31.911282051282054,invoice Annexure_708466_24102024_1729708468823.xlsx
187798804227636,2024-10-13 19:50:04,delivered,305,15.26,320.26,-20.000384615384615,214.7896153846154,70.42282471626734,90.21038461538461,29.57717528373266,invoice Annexure_708466_24102024_1729708468823.xlsx
187797271744254,2024-10-13 19:24:31,delivered,465,23.26,488.26,-20.000384615384615,337.95961538461535,72.67948717948717,127.04038461538465,27.32051282051283,invoice Annexure_708466_24102024_1729708468823.xlsx
187797127065396,2024-10-13 19:22:07,delivered,540,27.0,567.0,-20.000384615384615,395.6796153846154,73.27400284900285,144.32038461538463,26.725997150997156,invoice Annexure_708466_24102024_1729708468823.xlsx
187796038031958,2024-10-13 19:03:58,delivered,315,15.76,330.76,-20.000384615384615,222.4696153846154,70.62527472527474,92.5303846153846,29.37472527472527,invoice Annexure_708466_24102024_1729708468823.xlsx
187795295982716,2024-10-13 18:51:35,delivered,325,16.26,341.26,-20.000384615384615,230.1896153846154,70.82757396449705,94.8103846153846,29.17242603550296,invoice Annexure_708466_24102024_1729708468823.xlsx
187774436854243,2024-10-13 13:03:56,delivered,325,16.26,341.26,-20.000384615384615,230.1896153846154,70.82757396449705,94.8103846153846,29.17242603550296,invoice Annexure_708466_24102024_1729708468823.xlsx
187719048542911,2024-10-12 21:40:48,cancelled,0,0.0,0.0,-13.737333333333334,-108.60733333333334,-inf,108.60733333333334,inf,invoice Annexure_708466_16102024_1729065039973.xlsx
187715708779118,2024-10-12 20:45:08,delivered,189,9.46,198.45999999999998,-13.737333333333334,131.74266666666665,69.70511463844797,57.25733333333335,30.294885361552037,invoice Annexure_708466_16102024_1729065039973.xlsx
187706743102008,2024-10-12 18:15:43,delivered,155,7.76,162.76,-13.737333333333334,105.56266666666666,68.10494623655914,49.43733333333334,31.895053763440867,invoice Annexure_708466_16102024_1729065039973.xlsx
187702181548847,2024-10-12 16:59:41,delivered,225,11.26,236.26,-13.737333333333334,159.46266666666665,70.87229629629628,65.53733333333335,29.127703703703713,invoice Annexure_708466_16102024_1729065039973.xlsx
187698527425374,2024-10-12 15:58:47,delivered,249,12.46,261.46,-13.737333333333334,160.22266666666667,64.34645247657296,88.77733333333333,35.653547523427044,invoice Annexure_708466_16102024_1729065039973.xlsx
187691328359196,2024-10-12 13:58:48,delivered,344,17.2,361.20000000000005,-13.737333333333334,251.06266666666667,72.98333333333333,92.93733333333333,27.016666666666666,invoice Annexure_708466_16102024_1729065039973.xlsx
187686425975622,2024-10-12 12:37:05,delivered,249,12.46,261.46,-13.737333333333334,160.22266666666667,64.34645247657296,88.77733333333333,35.653547523427044,invoice Annexure_708466_16102024_1729065039973.xlsx
187629247191176,2024-10-11 20:44:07,delivered,190,9.5,199.5,-13.737333333333334,132.52266666666665,69.74877192982454,57.47733333333335,30.251228070175447,invoice Annexure_708466_16102024_1729065039973.xlsx
187613208472124,2024-10-11 16:16:48,delivered,525,26.26,551.26,-13.737333333333334,390.4226666666667,74.36622222222223,134.57733333333329,25.633777777777766,invoice Annexure_708466_16102024_1729065039973.xlsx
187608019598230,2024-10-11 14:50:19,delivered,315,15.76,330.76,-13.737333333333334,211.03266666666667,66.99449735449735,103.96733333333333,33.005502645502645,invoice Annexure_708466_16102024_1729065039973.xlsx
187594938935671,2024-10-11 11:12:18,delivered,325,16.26,341.26,-13.737333333333334,218.75266666666667,67.30851282051282,106.24733333333333,32.691487179487176,invoice Annexure_708466_16102024_1729065039973.xlsx
187538413800259,2024-10-10 19:30:13,delivered,1549,77.46,1626.46,-13.737333333333334,1155.0526666666667,74.56763503335485,393.9473333333333,25.432364966645142,invoice Annexure_708466_16102024_1729065039973.xlsx
187528110565428,2024-10-10 16:38:30,delivered,374,18.7,392.70000000000005,-13.737333333333334,256.4626666666667,68.5729055258467,117.53733333333332,31.427094474153293,invoice Annexure_708466_16102024_1729065039973.xlsx
187521904946240,2024-10-10 14:55:04,delivered,185,9.26,194.26,-13.737333333333334,128.67266666666666,69.55279279279279,56.32733333333334,30.44720720720721,invoice Annexure_708466_16102024_1729065039973.xlsx
187515017561232,2024-10-10 13:00:18,delivered,255,12.76,267.76,-13.737333333333334,164.85266666666666,64.6481045751634,90.14733333333334,35.351895424836606,invoice Annexure_708466_16102024_1729065039973.xlsx
187509923300311,2024-10-10 11:35:23,delivered,295,14.76,309.76,-13.737333333333334,195.64266666666666,66.31954802259887,99.35733333333334,33.680451977401134,invoice Annexure_708466_16102024_1729065039973.xlsx
187509008910982,2024-10-10 11:20:08,delivered,945,42.52,893.02,-13.737333333333334,640.9726666666667,67.82779541446207,304.02733333333333,32.17220458553792,invoice Annexure_708466_16102024_1729065039973.xlsx
187449385580891,2024-10-09 18:46:25,delivered,424,21.2,445.20000000000005,-13.737333333333334,312.6526666666667,73.73883647798742,111.34733333333332,26.261163522012577,invoice Annexure_708466_16102024_1729065039973.xlsx
187431613089515,2024-10-09 13:50:13,delivered,495,24.76,519.76,-13.737333333333334,343.6926666666667,69.43286195286196,151.3073333333333,30.567138047138044,invoice Annexure_708466_16102024_1729065039973.xlsx
187365753026841,2024-10-08 19:32:33,delivered,299,14.96,313.96000000000004,-13.737333333333334,198.74266666666665,66.46911928651058,100.25733333333335,33.53088071348942,invoice Annexure_708466_16102024_1729065039973.xlsx
187344775188166,2024-10-08 13:42:55,delivered,299,14.96,313.96000000000004,-13.737333333333334,216.44266666666667,72.38885172798216,82.55733333333333,27.61114827201784,invoice Annexure_708466_16102024_1729065039973.xlsx
187268625380666,2024-10-07 16:33:45,delivered,249,12.46,261.46,-13.737333333333334,177.92266666666666,71.45488621151272,71.07733333333334,28.545113788487285,invoice Annexure_708466_16102024_1729065039973.xlsx
187266531265959,2024-10-07 15:58:51,delivered,299,14.96,313.96000000000004,-13.737333333333334,216.44266666666667,72.38885172798216,82.55733333333333,27.61114827201784,invoice Annexure_708466_16102024_1729065039973.xlsx
187188451130108,2024-10-06 18:17:31,delivered,285,14.26,299.26,-13.737333333333334,205.66266666666667,72.16233918128655,79.33733333333333,27.83766081871345,invoice Annexure_708466_16102024_1729065039973.xlsx
187183812962109,2024-10-06 17:00:12,delivered,265,13.26,278.26,-13.737333333333334,190.26266666666666,71.79723270440252,74.73733333333334,28.202767295597486,invoice Annexure_708466_16102024_1729065039973.xlsx
187181386054324,2024-10-06 16:19:46,delivered,410,20.5,430.5,-13.737333333333334,301.8726666666667,73.62747967479676,108.1273333333333,26.37252032520324,invoice Annexure_708466_16102024_1729065039973.xlsx
187170677258035,2024-10-06 13:21:17,delivered,265,13.26,278.26,-13.737333333333334,172.56266666666667,65.11798742138365,92.43733333333333,34.88201257861635,invoice Annexure_708466_16102024_1729065039973.xlsx
187170553528854,2024-10-06 13:19:13,delivered,1020,45.9,963.9000000000001,-13.737333333333334,692.9226666666666,67.93359477124183,327.0773333333334,32.06640522875818,invoice Annexure_708466_16102024_1729065039973.xlsx
187169085095467,2024-10-06 12:54:45,delivered,470,23.5,493.5,-13.737333333333334,324.47266666666667,69.03673758865249,145.52733333333333,30.963262411347518,invoice Annexure_708466_16102024_1729065039973.xlsx
187165568509744,2024-10-06 11:56:08,delivered,249,12.46,261.46,-13.737333333333334,160.22266666666667,64.34645247657296,88.77733333333333,35.653547523427044,invoice Annexure_708466_16102024_1729065039973.xlsx
187101141704318,2024-10-05 18:02:21,delivered,245,12.26,257.26,-13.47909090909091,175.1309090909091,71.48200371057514,69.86909090909089,28.51799628942485,invoice Annexure_708466_09102024_1728465187665.xlsx
187100591996770,2024-10-05 17:53:11,delivered,504,25.2,529.2,-13.47909090909091,374.4909090909091,74.30375180375181,129.5090909090909,25.696248196248195,invoice Annexure_708466_09102024_1728465187665.xlsx
187099253282174,2024-10-05 17:30:53,delivered,265,13.26,278.26,-13.47909090909091,190.5209090909091,71.89468267581476,74.4790909090909,28.105317324185247,invoice Annexure_708466_09102024_1728465187665.xlsx
187098678311801,2024-10-05 17:21:18,delivered,379,18.96,397.96000000000004,-13.47909090909091,260.5809090909091,68.75485727992324,118.41909090909093,31.245142720076764,invoice Annexure_708466_09102024_1728465187665.xlsx
187088851662926,2024-10-05 14:37:31,delivered,299,14.96,313.96000000000004,-13.47909090909091,216.7009090909091,72.47522043174217,82.29909090909089,27.524779568257824,invoice Annexure_708466_09102024_1728465187665.xlsx
187084243075010,2024-10-05 13:20:43,delivered,530,26.5,556.5,-13.47909090909091,370.92090909090905,69.98507718696398,159.07909090909095,30.014922813036026,invoice Annexure_708466_09102024_1728465187665.xlsx
187026281607860,2024-10-04 21:14:41,delivered,320,16.0,336.0,-13.47909090909091,232.8409090909091,72.7627840909091,87.1590909090909,27.237215909090907,invoice Annexure_708466_09102024_1728465187665.xlsx
187013300987888,2024-10-04 17:38:20,delivered,355,17.76,372.76,-13.47909090909091,259.79090909090905,73.18053777208706,95.20909090909095,26.819462227912943,invoice Annexure_708466_09102024_1728465187665.xlsx
187000232026355,2024-10-04 14:00:32,delivered,210,10.5,220.5,-13.47909090909091,130.4809090909091,62.13376623376624,79.51909090909089,37.86623376623376,invoice Annexure_708466_09102024_1728465187665.xlsx
186929211035895,2024-10-03 18:16:51,delivered,265,13.26,278.26,-13.47909090909091,190.5209090909091,71.89468267581476,74.4790909090909,28.105317324185247,invoice Annexure_708466_09102024_1728465187665.xlsx
186927397784349,2024-10-03 17:46:37,delivered,725,36.26,761.26,-13.47909090909091,544.6209090909091,75.12012539184954,180.3790909090909,24.87987460815047,invoice Annexure_708466_09102024_1728465187665.xlsx
186906113185680,2024-10-03 11:51:53,delivered,265,13.26,278.26,-13.47909090909091,161.0209090909091,60.762607204116634,103.9790909090909,39.23739279588336,invoice Annexure_708466_09102024_1728465187665.xlsx
186846673594338,2024-10-02 19:21:13,delivered,335,16.76,351.76,-13.47909090909091,244.4009090909091,72.95549525101764,90.5990909090909,27.044504748982362,invoice Annexure_708466_09102024_1728465187665.xlsx
186846070127500,2024-10-02 19:11:10,delivered,598,29.9,627.9000000000001,-13.47909090909091,446.84090909090907,74.722560048647,151.15909090909093,25.277439951353,invoice Annexure_708466_09102024_1728465187665.xlsx
186844319214801,2024-10-02 18:41:59,delivered,265,13.26,278.26,-13.47909090909091,172.8209090909091,65.21543739279589,92.17909090909089,34.78456260720411,invoice Annexure_708466_09102024_1728465187665.xlsx
186838459056550,2024-10-02 17:04:19,delivered,249,12.46,261.46,-13.47909090909091,178.1809090909091,71.55859802847755,70.8190909090909,28.441401971522453,invoice Annexure_708466_09102024_1728465187665.xlsx
186834360677927,2024-10-02 15:56:00,delivered,1050,52.5,1102.5,-13.47909090909091,771.2109090909091,73.44865800865801,278.7890909090909,26.551341991341985,invoice Annexure_708466_09102024_1728465187665.xlsx
186832021942708,2024-10-02 15:17:01,delivered,265,13.26,278.26,-13.47909090909091,172.8209090909091,65.21543739279589,92.17909090909089,34.78456260720411,invoice Annexure_708466_09102024_1728465187665.xlsx
186761445794529,2024-10-01 19:40:45,delivered,265,13.26,278.26,-13.47909090909091,172.8209090909091,65.21543739279589,92.17909090909089,34.78456260720411,invoice Annexure_708466_09102024_1728465187665.xlsx
186758464144290,2024-10-01 18:51:04,delivered,790,35.56,746.56,-13.47909090909091,533.8409090909091,67.57479861910241,256.1590909090909,32.425201380897576,invoice Annexure_708466_09102024_1728465187665.xlsx
186757628920358,2024-10-01 18:37:08,delivered,295,14.76,309.76,-13.47909090909091,195.9009090909091,66.4070878274268,99.0990909090909,33.592912172573186,invoice Annexure_708466_09102024_1728465187665.xlsx
186733442939821,2024-10-01 11:54:02,delivered,305,15.26,320.26,-13.47909090909091,203.6109090909091,66.75767511177348,101.3890909090909,33.24232488822652,invoice Annexure_708466_09102024_1728465187665.xlsx
186683338997029,2024-09-30 21:58:58,delivered,295,14.76,309.76,-9.91181818181818,214.5081818181818,72.71463790446842,80.49181818181819,27.28536209553159,invoice Annexure_708466_04102024_1728058070949.xlsx
186667777291759,2024-09-30 17:39:37,delivered,480,24.0,504.0,-9.91181818181818,355.2681818181818,74.01420454545455,124.7318181818182,25.985795454545457,invoice Annexure_708466_04102024_1728058070949.xlsx
186663012981008,2024-09-30 16:20:12,delivered,599,29.96,628.96,-9.91181818181818,445.7981818181818,74.42373653058127,153.20181818181823,25.576263469418738,invoice Annexure_708466_04102024_1728058070949.xlsx
186587428910842,2024-09-29 19:20:28,delivered,325,16.26,341.26,-9.91181818181818,237.35818181818183,73.03328671328671,87.64181818181817,26.966713286713283,invoice Annexure_708466_04102024_1728058070949.xlsx
186586195626584,2024-09-29 18:59:55,delivered,840,37.8,793.8,-9.91181818181818,565.2481818181818,67.29145021645022,274.7518181818182,32.708549783549785,invoice Annexure_708466_04102024_1728058070949.xlsx
186585498133785,2024-09-29 18:48:18,delivered,265,13.26,278.26,-9.91181818181818,191.70818181818183,72.3427101200686,73.29181818181817,27.657289879931383,invoice Annexure_708466_04102024_1728058070949.xlsx
186582922176154,2024-09-29 18:05:22,delivered,725,36.26,761.26,-9.91181818181818,518.0581818181819,71.45630094043888,206.94181818181812,28.543699059561124,invoice Annexure_708466_04102024_1728058070949.xlsx
186578056871563,2024-09-29 16:44:16,delivered,265,13.26,278.26,-9.91181818181818,174.0081818181818,65.66346483704974,90.99181818181819,34.33653516295026,invoice Annexure_708466_04102024_1728058070949.xlsx
186563884002711,2024-09-29 12:48:04,delivered,225,11.26,236.26,-9.91181818181818,143.55818181818182,63.803636363636365,81.44181818181818,36.196363636363635,invoice Annexure_708466_04102024_1728058070949.xlsx
186500678316592,2024-09-28 19:14:38,delivered,525,26.26,551.26,-9.91181818181818,389.5281818181818,74.19584415584414,135.4718181818182,25.80415584415585,invoice Annexure_708466_04102024_1728058070949.xlsx
186499483105844,2024-09-28 18:54:43,delivered,225,11.26,236.26,-9.91181818181818,161.2581818181818,71.67030303030303,63.74181818181819,28.329696969696972,invoice Annexure_708466_04102024_1728058070949.xlsx
186475487060905,2024-09-28 12:14:47,delivered,299,14.96,313.96000000000004,-9.91181818181818,217.57818181818183,72.76862268166616,81.42181818181817,27.231377318333834,invoice Annexure_708466_04102024_1728058070949.xlsx
186418942455273,2024-09-27 20:32:22,delivered,285,14.26,299.26,-9.91181818181818,189.2281818181818,66.39585326953747,95.77181818181819,33.604146730462524,invoice Annexure_708466_04102024_1728058070949.xlsx
186406227496948,2024-09-27 17:00:27,delivered,949,47.46,996.46,-9.91181818181818,712.0681818181819,75.0335281157199,236.93181818181813,24.966471884280097,invoice Annexure_708466_04102024_1728058070949.xlsx
186405985603062,2024-09-27 16:56:25,delivered,325,16.26,341.26,-9.91181818181818,237.35818181818183,73.03328671328671,87.64181818181817,26.966713286713283,invoice Annexure_708466_04102024_1728058070949.xlsx
186403083340384,2024-09-27 16:08:03,delivered,95,4.76,99.75999999999999,-9.91181818181818,62.35818181818182,65.64019138755981,32.64181818181818,34.35980861244019,invoice Annexure_708466_04102024_1728058070949.xlsx
186328302057846,2024-09-26 19:21:42,delivered,155,7.76,162.76,-9.91181818181818,107.99818181818182,69.67624633431086,47.00181818181818,30.323753665689146,invoice Annexure_708466_04102024_1728058070949.xlsx
186327186494350,2024-09-26 19:03:06,delivered,670,33.5,703.5,-9.91181818181818,499.7981818181818,74.59674355495251,170.20181818181823,25.403256445047496,invoice Annexure_708466_04102024_1728058070949.xlsx
186326082960581,2024-09-26 18:44:42,delivered,265,13.26,278.26,-9.91181818181818,174.0081818181818,65.66346483704974,90.99181818181819,34.33653516295026,invoice Annexure_708466_04102024_1728058070949.xlsx
186322709120710,2024-09-26 17:48:29,delivered,820,36.9,774.9000000000001,-9.91181818181818,551.5481818181819,67.2619733924612,268.4518181818181,32.73802660753879,invoice Annexure_708466_04102024_1728058070949.xlsx
186243127391511,2024-09-25 19:42:07,delivered,395,19.76,414.76,-9.91181818181818,266.9981818181818,67.59447640966629,128.00181818181818,32.405523590333715,invoice Annexure_708466_04102024_1728058070949.xlsx
186240255059902,2024-09-25 18:54:15,delivered,440,22.0,462.0,-9.91181818181818,324.8381818181818,73.82685950413223,115.1618181818182,26.173140495867774,invoice Annexure_708466_04102024_1728058070949.xlsx
186237619438735,2024-09-25 18:10:19,delivered,660,33.0,693.0,-9.91181818181818,492.1981818181818,74.57548209366391,167.8018181818182,25.424517906336092,invoice Annexure_708466_04102024_1728058070949.xlsx
186233065295197,2024-09-25 16:54:25,delivered,424,21.2,445.20000000000005,-9.91181818181818,312.6681818181818,73.74249571183532,111.33181818181822,26.257504288164675,invoice Annexure_708466_04102024_1728058070949.xlsx
186228204922000,2024-09-25 15:33:24,delivered,225,11.26,236.26,-9.91181818181818,161.2581818181818,71.67030303030303,63.74181818181819,28.329696969696972,invoice Annexure_708466_04102024_1728058070949.xlsx
186160519608209,2024-09-24 20:45:19,delivered,514,25.7,539.7,-9.91181818181818,381.1481818181818,74.15334276618323,132.8518181818182,25.84665723381677,invoice Annexure_708466_04102024_1728058070949.xlsx
186147938429160,2024-09-24 17:15:38,delivered,385,19.26,404.26,-9.91181818181818,282.9981818181818,73.5060212514758,102.00181818181818,26.493978748524206,invoice Annexure_708466_04102024_1728058070949.xlsx
186145097495113,2024-09-24 16:28:17,delivered,265,13.26,278.26,-9.91181818181818,174.0081818181818,65.66346483704974,90.99181818181819,34.33653516295026,invoice Annexure_708466_04102024_1728058070949.xlsx
186067156289101,2024-09-23 18:49:16,delivered,360,18.0,378.0,-9.91181818181818,263.9581818181818,73.32171717171717,96.0418181818182,26.678282828282835,invoice Annexure_708466_04102024_1728058070949.xlsx
186065912769678,2024-09-23 18:28:32,delivered,265,13.26,278.26,-9.91181818181818,191.70818181818183,72.3427101200686,73.29181818181817,27.657289879931383,invoice Annexure_708466_04102024_1728058070949.xlsx
186054079280030,2024-09-23 15:11:19,delivered,820,41.0,861.0,-9.91181818181818,613.9381818181819,74.87050997782706,206.06181818181813,25.12949002217294,invoice Annexure_708466_04102024_1728058070949.xlsx
185972982587869,2024-09-22 16:39:42,delivered,95,4.76,99.75999999999999,-9.91181818181818,62.35818181818182,65.64019138755981,32.64181818181818,34.35980861244019,invoice Annexure_708466_04102024_1728058070949.xlsx
185969038648725,2024-09-22 15:33:58,delivered,265,13.26,278.26,-9.91181818181818,174.0081818181818,65.66346483704974,90.99181818181819,34.33653516295026,invoice Annexure_708466_04102024_1728058070949.xlsx
185898752172042,2024-09-21 20:02:32,delivered,704,35.2,739.2,-5.505526315789474,530.0944736842106,75.29751046650719,173.90552631578942,24.702489533492813,invoice Annexure_708466_25092024_1727231573370.xlsx
185893502548058,2024-09-21 18:35:02,delivered,195,9.76,204.76,-5.505526315789474,142.83447368421054,73.2484480431849,52.165526315789464,26.751551956815113,invoice Annexure_708466_25092024_1727231573370.xlsx
185892803692758,2024-09-21 18:23:23,delivered,340,17.0,357.0,-5.505526315789474,253.1444736842105,74.45425696594427,86.85552631578949,25.545743034055736,invoice Annexure_708466_25092024_1727231573370.xlsx
185890246760631,2024-09-21 17:40:46,delivered,498,24.9,522.9,-5.505526315789474,349.7744736842105,70.2358380891989,148.22552631578952,29.764161910801107,invoice Annexure_708466_25092024_1727231573370.xlsx
185872756865482,2024-09-21 12:49:16,delivered,565,28.26,593.26,-5.505526315789474,424.3644736842105,75.10875640428505,140.6355263157895,24.891243595714954,invoice Annexure_708466_25092024_1727231573370.xlsx
185866556196461,2024-09-21 11:05:56,delivered,155,7.76,162.76,-5.505526315789474,94.70447368421051,61.09966044142614,60.29552631578949,38.90033955857387,invoice Annexure_708466_25092024_1727231573370.xlsx
185811444958309,2024-09-20 19:47:24,delivered,725,32.62,685.1199999999999,-5.505526315789474,467.3244736842105,64.45854809437385,257.6755263157895,35.54145190562614,invoice Annexure_708466_25092024_1727231573370.xlsx
185799843765563,2024-09-20 16:34:03,delivered,275,13.76,288.76,-5.505526315789474,203.69447368421052,74.07071770334927,71.30552631578948,25.92928229665072,invoice Annexure_708466_25092024_1727231573370.xlsx
185785659181876,2024-09-20 12:37:39,delivered,225,11.26,236.26,-5.505526315789474,165.66447368421052,73.62865497076024,59.33552631578948,26.37134502923977,invoice Annexure_708466_25092024_1727231573370.xlsx
185724643703442,2024-09-19 19:40:43,delivered,1180,53.1,1115.1,-5.505526315789474,778.8644736842106,66.00546387154327,401.13552631578943,33.99453612845673,invoice Annexure_708466_25092024_1727231573370.xlsx
185718923469656,2024-09-19 18:05:23,delivered,325,16.26,341.26,-5.505526315789474,224.06447368421053,68.94291497975709,100.93552631578947,31.057085020242916,invoice Annexure_708466_25092024_1727231573370.xlsx
185698338228673,2024-09-19 12:22:18,delivered,299,14.96,313.96000000000004,-5.505526315789474,210.18447368421053,70.29581059672593,88.81552631578947,29.70418940327407,invoice Annexure_708466_25092024_1727231573370.xlsx
185640678772516,2024-09-18 20:21:18,delivered,190,9.5,199.5,-5.505526315789474,139.04447368421054,73.18130193905819,50.955526315789456,26.81869806094182,invoice Annexure_708466_25092024_1727231573370.xlsx
185633591564567,2024-09-18 18:23:11,delivered,1528,68.88,1446.5900000000001,-5.505526315789474,1042.6444736842107,68.23589487462112,485.35552631578935,31.764105125378883,invoice Annexure_708466_25092024_1727231573370.xlsx
185633482859292,2024-09-18 18:21:22,delivered,380,19.0,399.0,-5.505526315789474,283.5744736842105,74.62486149584487,96.42552631578951,25.37513850415514,invoice Annexure_708466_25092024_1727231573370.xlsx
185614518647627,2024-09-18 13:05:18,delivered,210,10.5,220.5,-5.505526315789474,136.56447368421053,65.03070175438597,73.43552631578947,34.969298245614034,invoice Annexure_708466_25092024_1727231573370.xlsx
185555036125629,2024-09-17 20:33:56,delivered,365,18.26,383.26,-5.505526315789474,272.1944736842105,74.57382840663301,92.8055263157895,25.426171593366988,invoice Annexure_708466_25092024_1727231573370.xlsx
185553265605916,2024-09-17 20:04:25,delivered,265,13.26,278.26,-5.505526315789474,196.11447368421054,74.00546176762661,68.88552631578946,25.994538232373383,invoice Annexure_708466_25092024_1727231573370.xlsx
185553235018330,2024-09-17 20:03:55,delivered,574,28.7,602.7,-5.505526315789474,431.1944736842105,75.12098844672657,142.8055263157895,24.879011553273433,invoice Annexure_708466_25092024_1727231573370.xlsx
185544545750756,2024-09-17 17:39:05,delivered,265,13.26,278.26,-5.505526315789474,196.11447368421054,74.00546176762661,68.88552631578946,25.994538232373383,invoice Annexure_708466_25092024_1727231573370.xlsx
185537953393384,2024-09-17 15:49:13,delivered,1259,56.66,1189.7599999999998,-5.505526315789474,832.9344736842106,66.15841729024707,426.0655263157894,33.841582709752934,invoice Annexure_708466_25092024_1727231573370.xlsx
185527945160223,2024-09-17 13:02:25,delivered,550,27.5,577.5,-5.505526315789474,412.9344736842105,75.078995215311,137.0655263157895,24.921004784689,invoice Annexure_708466_25092024_1727231573370.xlsx
185466900982357,2024-09-16 20:05:00,delivered,520,26.0,546.0,-5.505526315789474,390.1044736842105,75.0200910931174,129.89552631578948,24.979908906882592,invoice Annexure_708466_25092024_1727231573370.xlsx
185466777545332,2024-09-16 20:02:57,delivered,295,14.76,309.76,-5.505526315789474,218.91447368421052,74.20829616413917,76.08552631578948,25.79170383586084,invoice Annexure_708466_25092024_1727231573370.xlsx
185465232523268,2024-09-16 19:37:12,delivered,325,16.26,341.26,-5.505526315789474,224.06447368421053,68.94291497975709,100.93552631578947,31.057085020242916,invoice Annexure_708466_25092024_1727231573370.xlsx
185464691337320,2024-09-16 19:28:11,delivered,395,19.76,414.76,-5.505526315789474,271.40447368421053,68.70999333777482,123.59552631578947,31.290006662225185,invoice Annexure_708466_25092024_1727231573370.xlsx
185460134132331,2024-09-16 18:12:14,delivered,155,7.76,162.76,-5.505526315789474,94.70447368421051,61.09966044142614,60.29552631578949,38.90033955857387,invoice Annexure_708466_25092024_1727231573370.xlsx
185460047451048,2024-09-16 18:10:47,delivered,590,29.5,619.5,-5.505526315789474,419.7444736842105,71.14313113291703,170.2555263157895,28.856868867082962,invoice Annexure_708466_25092024_1727231573370.xlsx
185445337947535,2024-09-16 14:05:37,delivered,265,13.26,278.26,-5.505526315789474,178.41447368421052,67.32621648460776,86.58552631578948,32.67378351539226,invoice Annexure_708466_25092024_1727231573370.xlsx
185439519046889,2024-09-16 12:28:39,delivered,325,16.26,341.26,-5.505526315789474,241.76447368421054,74.38906882591093,83.23552631578946,25.610931174089064,invoice Annexure_708466_25092024_1727231573370.xlsx
185435545996884,2024-09-16 11:22:25,delivered,265,13.26,278.26,-5.505526315789474,196.11447368421054,74.00546176762661,68.88552631578946,25.994538232373383,invoice Annexure_708466_25092024_1727231573370.xlsx
185382896006317,2024-09-15 20:44:56,delivered,315,15.76,330.76,-5.505526315789474,234.12447368421053,74.32522974101921,80.87552631578947,25.674770258980782,invoice Annexure_708466_25092024_1727231573370.xlsx
185378281090591,2024-09-15 19:28:01,delivered,755,33.98,713.48,-5.505526315789474,511.45447368421054,67.74231439525967,243.54552631578946,32.257685604740324,invoice Annexure_708466_25092024_1727231573370.xlsx
185377976569186,2024-09-15 19:22:56,delivered,690,34.5,724.5,-5.505526315789474,519.4244736842105,75.27890922959573,170.5755263157895,24.721090770404274,invoice Annexure_708466_25092024_1727231573370.xlsx
185375046167038,2024-09-15 18:34:06,delivered,945,47.26,992.26,-5.505526315789474,713.4444736842106,75.49676970203288,231.5555263157894,24.503230297967132,invoice Annexure_708466_25092024_1727231573370.xlsx
185373340898313,2024-09-15 18:05:40,delivered,525,26.26,551.26,-5.505526315789474,370.3344736842105,70.53989974937342,154.66552631578952,29.460100250626574,invoice Annexure_708466_25092024_1727231573370.xlsx
185366598535896,2024-09-15 16:13:18,delivered,155,7.76,162.76,-5.505526315789474,112.40447368421053,72.51901528013582,42.59552631578947,27.480984719864175,invoice Annexure_708466_25092024_1727231573370.xlsx
185354624807801,2024-09-15 12:53:44,delivered,365,18.26,383.26,-5.505526315789474,272.1944736842105,74.57382840663301,92.8055263157895,25.426171593366988,invoice Annexure_708466_25092024_1727231573370.xlsx
185299108840797,2024-09-14 21:28:28,delivered,325,16.26,341.26,0.0,247.27,76.08307692307693,77.72999999999999,23.916923076923073,invoice Annexure_708466_18092024_1726664697742.xlsx
185294381838432,2024-09-14 20:09:41,delivered,265,13.26,278.26,0.0,201.62,76.08301886792454,63.379999999999995,23.91698113207547,invoice Annexure_708466_18092024_1726664697742.xlsx
185292135555039,2024-09-14 19:32:15,delivered,315,15.76,330.76,0.0,239.63,76.07301587301588,75.37,23.926984126984127,invoice Annexure_708466_18092024_1726664697742.xlsx
185284564521269,2024-09-14 17:26:04,delivered,295,14.76,309.76,0.0,224.42,76.07457627118643,70.58000000000001,23.925423728813563,invoice Annexure_708466_18092024_1726664697742.xlsx
185276776865859,2024-09-14 15:16:16,delivered,320,16.0,336.0,0.0,243.44,76.075,76.56,23.925,invoice Annexure_708466_18092024_1726664697742.xlsx
185274471222994,2024-09-14 14:37:51,delivered,420,21.0,441.0,0.0,319.51,76.07380952380952,100.49000000000001,23.926190476190477,invoice Annexure_708466_18092024_1726664697742.xlsx
185212448811374,2024-09-13 21:24:08,delivered,525,26.26,551.26,0.0,399.44,76.08380952380952,125.56,23.916190476190476,invoice Annexure_708466_18092024_1726664697742.xlsx
185204966676980,2024-09-13 19:19:26,delivered,645,32.26,677.26,0.0,490.73,76.08217054263567,154.26999999999998,23.91782945736434,invoice Annexure_708466_18092024_1726664697742.xlsx
185198934375986,2024-09-13 17:38:54,delivered,579,28.96,607.96,0.0,440.5,76.07944732297064,138.5,23.92055267702936,invoice Annexure_708466_18092024_1726664697742.xlsx
185197463138699,2024-09-13 17:14:23,delivered,95,4.76,99.75999999999999,0.0,72.27,76.07368421052631,22.730000000000004,23.926315789473687,invoice Annexure_708466_18092024_1726664697742.xlsx
185197326812519,2024-09-13 17:12:06,delivered,460,23.0,483.0,0.0,326.36,70.94782608695652,133.64,29.05217391304348,invoice Annexure_708466_18092024_1726664697742.xlsx
185191492468119,2024-09-13 15:34:52,delivered,325,16.26,341.26,0.0,229.57,70.63692307692307,95.43,29.363076923076925,invoice Annexure_708466_18092024_1726664697742.xlsx
185183150501645,2024-09-13 13:15:50,delivered,325,16.26,341.26,0.0,247.27,76.08307692307693,77.72999999999999,23.916923076923073,invoice Annexure_708466_18092024_1726664697742.xlsx
185116653574653,2024-09-12 18:47:33,delivered,265,13.26,278.26,0.0,183.92,69.40377358490566,81.08000000000001,30.596226415094346,invoice Annexure_708466_18092024_1726664697742.xlsx
185099528184235,2024-09-12 14:02:08,delivered,265,13.26,278.26,0.0,201.62,76.08301886792454,63.379999999999995,23.91698113207547,invoice Annexure_708466_18092024_1726664697742.xlsx
185097029314092,2024-09-12 13:20:29,delivered,659,32.96,691.96,0.0,501.36,76.07890743550834,157.64,23.92109256449165,invoice Annexure_708466_18092024_1726664697742.xlsx
185032985657365,2024-09-11 19:33:05,delivered,265,13.26,278.26,0.0,201.62,76.08301886792454,63.379999999999995,23.91698113207547,invoice Annexure_708466_18092024_1726664697742.xlsx
185004684972184,2024-09-11 11:41:24,delivered,225,11.26,236.26,0.0,171.17,76.07555555555555,53.83000000000001,23.92444444444445,invoice Annexure_708466_18092024_1726664697742.xlsx
184955292784374,2024-09-10 21:58:12,delivered,555,27.76,582.76,0.0,422.21,76.07387387387386,132.79000000000002,23.926126126126128,invoice Annexure_708466_18092024_1726664697742.xlsx
184938742688142,2024-09-10 17:22:22,cancelled,225,11.26,236.26,0.0,171.18,76.08,53.81999999999999,23.919999999999998,invoice Annexure_708466_18092024_1726664697742.xlsx
184934020917866,2024-09-10 16:03:40,cancelled,265,13.26,278.26,0.0,201.62,76.08301886792454,63.379999999999995,23.91698113207547,invoice Annexure_708466_18092024_1726664697742.xlsx
184931995458139,2024-09-10 15:29:55,delivered,725,32.62,685.1199999999999,0.0,496.43,68.47310344827586,228.57,31.526896551724136,invoice Annexure_708466_18092024_1726664697742.xlsx
184916726295439,2024-09-10 11:15:26,delivered,299,14.96,313.96000000000004,0.0,227.49,76.08361204013379,71.50999999999999,23.916387959866217,invoice Annexure_708466_18092024_1726664697742.xlsx
184859843598355,2024-09-09 19:27:23,delivered,265,13.26,278.26,0.0,201.62,76.08301886792454,63.379999999999995,23.91698113207547,invoice Annexure_708466_18092024_1726664697742.xlsx
184857420947653,2024-09-09 18:47:00,delivered,519,25.96,544.96,0.0,394.83,76.07514450867052,124.17000000000002,23.924855491329485,invoice Annexure_708466_18092024_1726664697742.xlsx
184774780451600,2024-09-08 19:49:40,delivered,249,12.46,261.46,0.0,189.42,76.07228915662651,59.58000000000001,23.927710843373497,invoice Annexure_708466_18092024_1726664697742.xlsx
184760909390351,2024-09-08 15:58:29,delivered,299,14.96,313.96000000000004,0.0,209.79,70.1638795986622,89.21000000000001,29.836120401337794,invoice Annexure_708466_18092024_1726664697742.xlsx
184689892036663,2024-09-07 20:14:52,delivered,325,16.26,341.26,0.0,229.57,70.63692307692307,95.43,29.363076923076925,invoice Annexure_708466_11092024_1726052825104.xlsx
184687530701602,2024-09-07 19:35:30,delivered,525,26.26,551.26,0.0,399.44,76.08380952380952,125.56,23.916190476190476,invoice Annexure_708466_11092024_1726052825104.xlsx
184686800466884,2024-09-07 19:23:20,delivered,265,13.26,278.26,0.0,201.62,76.08301886792454,63.379999999999995,23.91698113207547,invoice Annexure_708466_11092024_1726052825104.xlsx
184682948319889,2024-09-07 18:19:08,delivered,155,7.76,162.76,0.0,117.91,76.07096774193548,37.09,23.929032258064517,invoice Annexure_708466_11092024_1726052825104.xlsx
184657450633905,2024-09-07 11:14:10,delivered,305,15.26,320.26,0.0,214.35,70.27868852459017,90.65,29.72131147540984,invoice Annexure_708466_11092024_1726052825104.xlsx
184604306041038,2024-09-06 20:28:26,delivered,305,15.26,320.26,0.0,232.05,76.08196721311475,72.94999999999999,23.91803278688524,invoice Annexure_708466_11092024_1726052825104.xlsx
184603220292812,2024-09-06 20:10:20,delivered,265,13.26,278.26,0.0,201.62,76.08301886792454,63.379999999999995,23.91698113207547,invoice Annexure_708466_11092024_1726052825104.xlsx
184599536763308,2024-09-06 19:08:56,delivered,430,21.5,451.5,0.0,303.53,70.58837209302325,126.47000000000003,29.41162790697675,invoice Annexure_708466_11092024_1726052825104.xlsx
184598009392106,2024-09-06 18:43:29,delivered,525,26.26,551.26,0.0,399.44,76.08380952380952,125.56,23.916190476190476,invoice Annexure_708466_11092024_1726052825104.xlsx
184574857680543,2024-09-06 12:17:37,delivered,350,17.5,367.5,0.0,248.57,71.02,101.43,28.98,invoice Annexure_708466_11092024_1726052825104.xlsx
184517507379218,2024-09-05 20:21:47,delivered,385,19.26,404.26,0.0,269.31,69.95064935064936,115.69,30.049350649350647,invoice Annexure_708466_11092024_1726052825104.xlsx
184512522489419,2024-09-05 18:58:42,delivered,640,32.0,672.0,0.0,486.9,76.078125,153.10000000000002,23.921875000000004,invoice Annexure_708466_11092024_1726052825104.xlsx
184511878888476,2024-09-05 18:47:58,delivered,315,15.76,330.76,0.0,239.63,76.07301587301588,75.37,23.926984126984127,invoice Annexure_708466_11092024_1726052825104.xlsx
184511729300012,2024-09-05 18:45:29,delivered,335,16.76,351.76,0.0,254.87,76.08059701492537,80.13,23.919402985074626,invoice Annexure_708466_11092024_1726052825104.xlsx
184511568926501,2024-09-05 18:42:48,delivered,249,12.46,261.46,0.0,189.42,76.07228915662651,59.58000000000001,23.927710843373497,invoice Annexure_708466_11092024_1726052825104.xlsx
184507974102628,2024-09-05 17:42:54,delivered,644,32.2,676.2,0.0,466.35,72.41459627329193,177.64999999999998,27.58540372670807,invoice Annexure_708466_11092024_1726052825104.xlsx
184504915912067,2024-09-05 16:51:55,delivered,299,14.96,313.96000000000004,0.0,227.49,76.08361204013379,71.50999999999999,23.916387959866217,invoice Annexure_708466_11092024_1726052825104.xlsx
184500454255709,2024-09-05 15:37:34,delivered,225,11.26,236.26,0.0,153.47,68.20888888888888,71.53,31.79111111111111,invoice Annexure_708466_11092024_1726052825104.xlsx
184491265408486,2024-09-05 13:04:25,delivered,325,16.26,341.26,0.0,229.57,70.63692307692307,95.43,29.363076923076925,invoice Annexure_708466_11092024_1726052825104.xlsx
184421479736863,2024-09-04 17:41:19,delivered,565,28.26,593.26,0.0,429.87,76.08318584070797,135.13,23.916814159292034,invoice Annexure_708466_11092024_1726052825104.xlsx
184416396027355,2024-09-04 16:16:36,delivered,249,12.46,261.46,0.0,171.72,68.96385542168674,77.28,31.03614457831325,invoice Annexure_708466_11092024_1726052825104.xlsx
184404589803567,2024-09-04 12:59:49,delivered,598,29.9,627.9000000000001,0.0,454.94,76.07692307692308,143.06,23.923076923076923,invoice Annexure_708466_11092024_1726052825104.xlsx
184334460195986,2024-09-03 17:31:00,delivered,619,30.96,649.96,0.0,447.33,72.26655896607431,171.67000000000002,27.733441033925686,invoice Annexure_708466_11092024_1726052825104.xlsx
184313031197417,2024-09-03 11:33:51,delivered,299,14.96,313.96000000000004,0.0,215.69,72.1371237458194,83.31,27.862876254180602,invoice Annexure_708466_11092024_1726052825104.xlsx
184253171825667,2024-09-02 18:56:11,delivered,295,14.76,309.76,0.0,224.42,76.07457627118643,70.58000000000001,23.925423728813563,invoice Annexure_708466_11092024_1726052825104.xlsx
184251321492385,2024-09-02 18:25:21,delivered,325,16.26,341.26,0.0,247.27,76.08307692307693,77.72999999999999,23.916923076923073,invoice Annexure_708466_11092024_1726052825104.xlsx
184172867736101,2024-09-01 20:37:47,delivered,579,28.96,607.96,0.0,440.5,76.07944732297064,138.5,23.92055267702936,invoice Annexure_708466_11092024_1726052825104.xlsx
184169757239115,2024-09-01 19:45:57,delivered,355,17.76,372.76,0.0,270.08,76.07887323943662,84.92000000000002,23.921126760563386,invoice Annexure_708466_11092024_1726052825104.xlsx
184169540882897,2024-09-01 19:42:20,delivered,325,16.26,341.26,0.0,247.27,76.08307692307693,77.72999999999999,23.916923076923073,invoice Annexure_708466_11092024_1726052825104.xlsx
184169339055839,2024-09-01 19:38:59,delivered,565,28.26,593.26,0.0,406.27,71.90619469026548,158.73000000000002,28.093805309734517,invoice Annexure_708466_11092024_1726052825104.xlsx
184168568200089,2024-09-01 19:26:08,delivered,474,23.7,497.70000000000005,0.0,337.03,71.10337552742615,136.97000000000003,28.896624472573844,invoice Annexure_708466_11092024_1726052825104.xlsx
184167223734400,2024-09-01 19:03:43,delivered,249,12.46,261.46,0.0,171.72,68.96385542168674,77.28,31.03614457831325,invoice Annexure_708466_11092024_1726052825104.xlsx
184162106959777,2024-09-01 17:38:26,delivered,225,11.26,236.26,0.0,171.17,76.07555555555555,53.83000000000001,23.92444444444445,invoice Annexure_708466_11092024_1726052825104.xlsx
184161901106694,2024-09-01 17:35:01,delivered,579,28.96,607.96,0.0,416.9,72.00345423143351,162.10000000000002,27.9965457685665,invoice Annexure_708466_11092024_1726052825104.xlsx
184146305728780,2024-09-01 13:15:05,delivered,579,28.96,607.96,0.0,440.5,76.07944732297064,138.5,23.92055267702936,invoice Annexure_708466_11092024_1726052825104.xlsx
184089581197634,2024-08-31 21:29:41,delivered,315,15.76,330.76,-13.582631578947368,226.04736842105262,71.7610693400167,88.95263157894738,28.238930659983293,invoice Annexure_708466_04092024_1725460397762.xlsx
184075174801095,2024-08-31 17:29:34,delivered,325,16.26,341.26,-13.582631578947368,233.68736842105264,71.90380566801619,91.31263157894736,28.096194331983803,invoice Annexure_708466_04092024_1725460397762.xlsx
183986133109740,2024-08-30 16:45:33,delivered,315,15.76,330.76,-13.582631578947368,208.34736842105264,66.1420217209691,106.65263157894736,33.85797827903091,invoice Annexure_708466_04092024_1725460397762.xlsx
183975788799882,2024-08-30 13:53:08,delivered,620,31.0,651.0,-13.582631578947368,458.09736842105264,73.88667232597624,161.90263157894736,26.11332767402377,invoice Annexure_708466_04092024_1725460397762.xlsx
183818969278002,2024-08-28 18:19:29,delivered,730,32.86,689.8599999999999,-13.582631578947368,462.65736842105264,63.377721701514055,267.34263157894736,36.62227829848594,invoice Annexure_708466_04092024_1725460397762.xlsx
183817085490542,2024-08-28 17:48:05,delivered,525,26.26,551.26,-13.582631578947368,362.2573684210526,69.00140350877192,162.7426315789474,30.998596491228074,invoice Annexure_708466_04092024_1725460397762.xlsx
183812964961398,2024-08-28 16:39:24,delivered,249,12.46,261.46,-13.582631578947368,175.83736842105262,70.61741703656732,73.16263157894738,29.382582963432686,invoice Annexure_708466_04092024_1725460397762.xlsx
183809600270737,2024-08-28 15:43:20,delivered,320,16.0,336.0,-13.582631578947368,229.85736842105263,71.83042763157894,90.14263157894737,28.169572368421054,invoice Annexure_708466_04092024_1725460397762.xlsx
183803880006365,2024-08-28 14:08:00,delivered,299,14.96,313.96000000000004,-13.582631578947368,213.90736842105264,71.54092589332865,85.09263157894736,28.459074106671356,invoice Annexure_708466_04092024_1725460397762.xlsx
183741497893837,2024-08-27 20:48:17,delivered,745,37.26,782.26,-13.582631578947368,529.5973684210526,71.08689509007418,215.40263157894742,28.91310490992583,invoice Annexure_708466_04092024_1725460397762.xlsx
183740087169775,2024-08-27 20:24:47,delivered,930,46.5,976.5,-13.582631578947368,693.9473684210526,74.61799660441426,236.0526315789474,25.38200339558574,invoice Annexure_708466_04092024_1725460397762.xlsx
183735080707569,2024-08-27 19:01:20,delivered,155,7.76,162.76,-13.582631578947368,104.32736842105263,67.30797962648558,50.672631578947374,32.69202037351444,invoice Annexure_708466_04092024_1725460397762.xlsx
183734733224501,2024-08-27 18:55:33,delivered,199,9.96,208.95999999999998,-13.582631578947368,137.80736842105262,69.24993387992593,61.192631578947385,30.75006612007406,invoice Annexure_708466_04092024_1725460397762.xlsx
183733989891695,2024-08-27 18:43:09,delivered,790,39.5,829.5,-13.582631578947368,563.8373684210526,71.37181878747502,226.1626315789474,28.62818121252499,invoice Annexure_708466_04092024_1725460397762.xlsx
183728204430327,2024-08-27 17:06:44,delivered,435,21.76,456.76,-13.582631578947368,317.3573684210526,72.9557168784029,117.64263157894737,27.044283121597097,invoice Annexure_708466_04092024_1725460397762.xlsx
183713716598281,2024-08-27 13:05:16,delivered,325,16.26,341.26,-13.582631578947368,233.68736842105264,71.90380566801619,91.31263157894736,28.096194331983803,invoice Annexure_708466_04092024_1725460397762.xlsx
183646493780341,2024-08-26 18:24:53,delivered,295,14.76,309.76,-13.582631578947368,210.83736842105262,71.47029438001783,84.16263157894738,28.529705619982167,invoice Annexure_708466_04092024_1725460397762.xlsx
183621941775003,2024-08-26 11:35:41,delivered,565,28.26,593.26,-13.582631578947368,416.28736842105263,73.67918025151374,148.71263157894737,26.320819748486258,invoice Annexure_708466_04092024_1725460397762.xlsx
183557252481142,2024-08-25 17:37:32,delivered,265,13.26,278.26,-13.582631578947368,170.33736842105262,64.27825223435948,94.66263157894738,35.72174776564052,invoice Annexure_708466_04092024_1725460397762.xlsx
183478047080242,2024-08-24 19:37:27,delivered,315,15.76,330.76,0.0,221.93,70.45396825396826,93.07,29.546031746031744,invoice Annexure_708466_28082024_1724855881437.xlsx
183476674239157,2024-08-24 19:14:34,delivered,265,13.26,278.26,0.0,201.62,76.08301886792454,63.379999999999995,23.91698113207547,invoice Annexure_708466_28082024_1724855881437.xlsx
183459084655884,2024-08-24 14:21:24,delivered,655,32.76,687.76,0.0,498.31,76.07786259541984,156.69,23.922137404580152,invoice Annexure_708466_28082024_1724855881437.xlsx
183457360145604,2024-08-24 13:52:40,delivered,345,17.26,362.26,0.0,262.48,76.08115942028985,82.51999999999998,23.91884057971014,invoice Annexure_708466_28082024_1724855881437.xlsx
183451382930634,2024-08-24 12:13:02,delivered,265,13.26,278.26,0.0,201.62,76.08301886792454,63.379999999999995,23.91698113207547,invoice Annexure_708466_28082024_1724855881437.xlsx
183395727116617,2024-08-23 20:45:27,delivered,935,46.76,981.76,0.0,711.34,76.07914438502674,223.65999999999997,23.920855614973256,invoice Annexure_708466_28082024_1724855881437.xlsx
183394541132375,2024-08-23 20:25:41,delivered,990,49.5,1039.5,0.0,729.57,73.6939393939394,260.42999999999995,26.306060606060598,invoice Annexure_708466_28082024_1724855881437.xlsx
183386449255161,2024-08-23 18:10:49,delivered,299,14.96,313.96000000000004,0.0,209.79,70.1638795986622,89.21000000000001,29.836120401337794,invoice Annexure_708466_28082024_1724855881437.xlsx
183382521448530,2024-08-23 17:05:22,delivered,589,29.46,618.46,0.0,424.52,72.07470288624788,164.48000000000002,27.925297113752123,invoice Annexure_708466_28082024_1724855881437.xlsx
183368217323700,2024-08-23 13:06:57,delivered,695,34.76,729.76,0.0,528.74,76.07769784172662,166.26,23.922302158273382,invoice Annexure_708466_28082024_1724855881437.xlsx
183362561868208,2024-08-23 11:32:41,delivered,360,18.0,378.0,0.0,256.17,71.15833333333333,103.82999999999998,28.84166666666666,invoice Annexure_708466_28082024_1724855881437.xlsx
183302471067790,2024-08-22 18:51:11,delivered,265,13.26,278.26,0.0,201.62,76.08301886792454,63.379999999999995,23.91698113207547,invoice Annexure_708466_28082024_1724855881437.xlsx
183291559832504,2024-08-22 15:49:19,delivered,370,18.5,388.5,0.0,281.49,76.07837837837839,88.50999999999999,23.921621621621618,invoice Annexure_708466_28082024_1724855881437.xlsx
183285631516727,2024-08-22 14:10:31,delivered,299,14.96,313.96000000000004,0.0,209.79,70.1638795986622,89.21000000000001,29.836120401337794,invoice Annexure_708466_28082024_1724855881437.xlsx
183226659449151,2024-08-21 21:47:39,delivered,299,14.96,313.96000000000004,0.0,227.49,76.08361204013379,71.50999999999999,23.916387959866217,invoice Annexure_708466_28082024_1724855881437.xlsx
183223291779436,2024-08-21 20:51:31,delivered,265,13.26,278.26,0.0,201.62,76.08301886792454,63.379999999999995,23.91698113207547,invoice Annexure_708466_28082024_1724855881437.xlsx
183217336256167,2024-08-21 19:12:16,delivered,215,10.76,225.76,0.0,163.56,76.07441860465116,51.44,23.925581395348836,invoice Annexure_708466_28082024_1724855881437.xlsx
183205404083112,2024-08-21 15:53:24,delivered,325,16.26,341.26,0.0,247.27,76.08307692307693,77.72999999999999,23.916923076923073,invoice Annexure_708466_28082024_1724855881437.xlsx
183205268375681,2024-08-21 15:51:08,delivered,595,29.76,624.76,0.0,452.64,76.07394957983193,142.36,23.926050420168067,invoice Annexure_708466_28082024_1724855881437.xlsx
183204834637551,2024-08-21 15:43:54,delivered,299,14.96,313.96000000000004,0.0,227.49,76.08361204013379,71.50999999999999,23.916387959866217,invoice Annexure_708466_28082024_1724855881437.xlsx
183196066918373,2024-08-21 13:17:46,delivered,519,25.96,544.96,0.0,394.83,76.07514450867052,124.17000000000002,23.924855491329485,invoice Annexure_708466_28082024_1724855881437.xlsx
183133550292001,2024-08-20 19:55:50,delivered,315,15.76,330.76,0.0,239.63,76.07301587301588,75.37,23.926984126984127,invoice Annexure_708466_28082024_1724855881437.xlsx
183127248142338,2024-08-20 18:10:48,delivered,990,49.5,1039.5,0.0,753.17,76.07777777777778,236.83000000000004,23.922222222222224,invoice Annexure_708466_28082024_1724855881437.xlsx
183115947403780,2024-08-20 15:02:27,delivered,299,14.96,313.96000000000004,0.0,227.49,76.08361204013379,71.50999999999999,23.916387959866217,invoice Annexure_708466_28082024_1724855881437.xlsx
183046653518350,2024-08-19 19:47:33,delivered,249,12.46,261.46,0.0,171.72,68.96385542168674,77.28,31.03614457831325,invoice Annexure_708466_28082024_1724855881437.xlsx
183044783869736,2024-08-19 19:16:23,delivered,189,9.46,198.45999999999998,0.0,143.78,76.07407407407408,45.22,23.925925925925924,invoice Annexure_708466_28082024_1724855881437.xlsx
183044317793957,2024-08-19 19:08:37,delivered,305,15.26,320.26,0.0,232.05,76.08196721311475,72.94999999999999,23.91803278688524,invoice Annexure_708466_28082024_1724855881437.xlsx
182959828784499,2024-08-18 19:40:28,delivered,590,29.5,619.5,0.0,448.85,76.07627118644068,141.14999999999998,23.92372881355932,invoice Annexure_708466_28082024_1724855881437.xlsx
182959558258774,2024-08-18 19:35:58,delivered,299,14.96,313.96000000000004,0.0,227.49,76.08361204013379,71.50999999999999,23.916387959866217,invoice Annexure_708466_28082024_1724855881437.xlsx
182949995619649,2024-08-18 16:56:35,delivered,199,9.96,208.95999999999998,0.0,133.69,67.18090452261306,65.31,32.81909547738693,invoice Annexure_708466_28082024_1724855881437.xlsx
182945452500429,2024-08-18 15:40:52,delivered,725,32.62,685.1199999999999,0.0,496.43,68.47310344827586,228.57,31.526896551724136,invoice Annexure_708466_28082024_1724855881437.xlsx
182943505906476,2024-08-18 15:08:25,delivered,325,16.26,341.26,0.0,229.57,70.63692307692307,95.43,29.363076923076925,invoice Annexure_708466_28082024_1724855881437.xlsx
182931016962059,2024-08-18 11:40:16,delivered,265,13.26,278.26,0.0,183.92,69.40377358490566,81.08000000000001,30.596226415094346,invoice Annexure_708466_28082024_1724855881437.xlsx
182929421732490,2024-08-18 11:13:41,delivered,265,13.26,278.26,0.0,201.62,76.08301886792454,63.379999999999995,23.91698113207547,invoice Annexure_708466_28082024_1724855881437.xlsx
182881262321928,2024-08-17 21:51:02,delivered,910,45.5,955.5,0.0,668.71,73.4846153846154,241.28999999999996,26.515384615384612,invoice Annexure_708466_21082024_1724246339829.xlsx
182876538668613,2024-08-17 20:32:18,delivered,265,13.26,278.26,0.0,201.62,76.08301886792454,63.379999999999995,23.91698113207547,invoice Annexure_708466_21082024_1724246339829.xlsx
182872308418246,2024-08-17 19:21:48,delivered,265,13.26,278.26,0.0,183.92,69.40377358490566,81.08000000000001,30.596226415094346,invoice Annexure_708466_21082024_1724246339829.xlsx
182845206957392,2024-08-17 11:50:06,delivered,225,11.26,236.26,0.0,171.17,76.07555555555555,53.83000000000001,23.92444444444445,invoice Annexure_708466_21082024_1724246339829.xlsx
182788614156975,2024-08-16 20:06:54,delivered,225,11.26,236.26,0.0,171.17,76.07555555555555,53.83000000000001,23.92444444444445,invoice Annexure_708466_21082024_1724246339829.xlsx
182788077482436,2024-08-16 19:57:57,delivered,265,13.26,278.26,0.0,183.92,69.40377358490566,81.08000000000001,30.596226415094346,invoice Annexure_708466_21082024_1724246339829.xlsx
182786987984278,2024-08-16 19:39:47,delivered,725,36.26,761.26,0.0,527.97,72.82344827586206,197.02999999999997,27.176551724137926,invoice Annexure_708466_21082024_1724246339829.xlsx
182786730080172,2024-08-16 19:35:30,delivered,225,11.26,236.26,0.0,171.17,76.07555555555555,53.83000000000001,23.92444444444445,invoice Annexure_708466_21082024_1724246339829.xlsx
182781886051463,2024-08-16 18:14:46,delivered,395,19.76,414.76,0.0,300.51,76.07848101265823,94.49000000000001,23.921518987341774,invoice Annexure_708466_21082024_1724246339829.xlsx
182778785399808,2024-08-16 17:23:05,delivered,299,14.96,313.96000000000004,0.0,227.49,76.08361204013379,71.50999999999999,23.916387959866217,invoice Annexure_708466_21082024_1724246339829.xlsx
182777794781409,2024-08-16 17:06:34,delivered,275,13.76,288.76,0.0,209.2,76.07272727272726,65.80000000000001,23.92727272727273,invoice Annexure_708466_21082024_1724246339829.xlsx
182698793769354,2024-08-15 19:09:53,delivered,405,20.26,425.26,0.0,308.13,76.08148148148149,96.87,23.91851851851852,invoice Annexure_708466_21082024_1724246339829.xlsx
182687242053482,2024-08-15 15:57:22,delivered,390,19.5,409.5,0.0,296.7,76.07692307692308,93.30000000000001,23.923076923076923,invoice Annexure_708466_21082024_1724246339829.xlsx
182684306398802,2024-08-15 15:08:26,delivered,325,16.26,341.26,0.0,247.27,76.08307692307693,77.72999999999999,23.916923076923073,invoice Annexure_708466_21082024_1724246339829.xlsx
182677961778785,2024-08-15 13:22:41,delivered,805,40.26,845.26,0.0,612.45,76.08074534161491,192.54999999999995,23.919254658385086,invoice Annexure_708466_21082024_1724246339829.xlsx
182674816639756,2024-08-15 12:30:16,delivered,625,31.26,656.26,0.0,475.51,76.0816,149.49,23.918400000000002,invoice Annexure_708466_21082024_1724246339829.xlsx
182534981961800,2024-08-13 21:39:41,delivered,295,14.76,309.76,0.0,224.42,76.07457627118643,70.58000000000001,23.925423728813563,invoice Annexure_708466_21082024_1724246339829.xlsx
182528352933635,2024-08-13 19:49:12,delivered,1084,54.2,1138.1999999999998,0.0,801.1,73.90221402214023,282.9,26.09778597785978,invoice Annexure_708466_21082024_1724246339829.xlsx
182522394265881,2024-08-13 18:09:54,delivered,593,29.66,622.6600000000001,0.0,451.16,76.08094435075886,141.83999999999997,23.91905564924114,invoice Annexure_708466_21082024_1724246339829.xlsx
182443612887170,2024-08-12 20:16:52,delivered,299,14.96,313.96000000000004,0.0,227.49,76.08361204013379,71.50999999999999,23.916387959866217,invoice Annexure_708466_21082024_1724246339829.xlsx
182431851410175,2024-08-12 17:00:51,delivered,299,14.96,313.96000000000004,0.0,227.49,76.08361204013379,71.50999999999999,23.916387959866217,invoice Annexure_708466_21082024_1724246339829.xlsx
182357292152567,2024-08-11 20:18:12,delivered,725,32.62,685.1199999999999,0.0,472.83,65.21793103448276,252.17000000000002,34.78206896551724,invoice Annexure_708466_21082024_1724246339829.xlsx
182351145248215,2024-08-11 18:35:45,delivered,544,27.2,571.2,0.0,413.87,76.07904411764706,130.13,23.92095588235294,invoice Annexure_708466_21082024_1724246339829.xlsx
182351068687749,2024-08-11 18:34:28,delivered,265,13.26,278.26,0.0,201.62,76.08301886792454,63.379999999999995,23.91698113207547,invoice Annexure_708466_21082024_1724246339829.xlsx
182339838964060,2024-08-11 15:27:18,delivered,295,14.76,309.76,0.0,224.42,76.07457627118643,70.58000000000001,23.925423728813563,invoice Annexure_708466_21082024_1724246339829.xlsx
182334563517107,2024-08-11 13:59:23,delivered,600,30.0,630.0,0.0,456.47,76.07833333333333,143.52999999999997,23.921666666666663,invoice Annexure_708466_21082024_1724246339829.xlsx
182328192695816,2024-08-11 12:13:12,delivered,598,29.9,627.9000000000001,0.0,454.94,76.07692307692308,143.06,23.923076923076923,invoice Annexure_708466_21082024_1724246339829.xlsx
182268814048840,2024-08-10 19:43:34,delivered,949,47.46,996.46,-14.90125,683.47875,72.02094309799789,265.52125,27.979056902002107,invoice Annexure_708466_14082024_1723650813502.xlsx
182265039366686,2024-08-10 18:40:39,delivered,265,13.26,278.26,-14.90125,186.71875,70.45990566037736,78.28125,29.54009433962264,invoice Annexure_708466_14082024_1723650813502.xlsx
182258809514050,2024-08-10 16:56:49,delivered,424,21.2,445.20000000000005,-14.90125,307.67875,72.5657429245283,116.32125000000002,27.434257075471702,invoice Annexure_708466_14082024_1723650813502.xlsx
182244963717225,2024-08-10 13:06:03,delivered,265,13.26,278.26,-14.90125,169.01874999999998,63.78066037735849,95.98125000000002,36.21933962264151,invoice Annexure_708466_14082024_1723650813502.xlsx
182188684150110,2024-08-09 21:28:04,delivered,695,34.76,729.76,-14.90125,513.83875,73.93363309352517,181.16125,26.06636690647482,invoice Annexure_708466_14082024_1723650813502.xlsx
182180486822690,2024-08-09 19:11:26,delivered,225,11.26,236.26,-14.90125,138.56875,61.58611111111111,86.43125,38.41388888888889,invoice Annexure_708466_14082024_1723650813502.xlsx
182175670517728,2024-08-09 17:51:10,delivered,1175,53.38,1120.89,-14.90125,797.22875,67.84925531914894,377.77125,32.15074468085106,invoice Annexure_708466_14082024_1723650813502.xlsx
182102703825604,2024-08-08 21:35:03,delivered,625,31.26,656.26,-14.90125,460.60875,73.6974,164.39125,26.302600000000005,invoice Annexure_708466_14082024_1723650813502.xlsx
182091854700876,2024-08-08 18:34:14,delivered,500,25.0,525.0,-14.90125,365.48875,73.09774999999999,134.51125000000002,26.902250000000006,invoice Annexure_708466_14082024_1723650813502.xlsx
182072055958921,2024-08-08 13:04:15,delivered,265,13.26,278.26,-14.90125,186.71875,70.45990566037736,78.28125,29.54009433962264,invoice Annexure_708466_14082024_1723650813502.xlsx
182070428352641,2024-08-08 12:37:08,delivered,1180,53.1,1115.1,-14.90125,793.06875,67.2092161016949,386.93125,32.79078389830508,invoice Annexure_708466_14082024_1723650813502.xlsx
182069110615235,2024-08-08 12:15:10,delivered,299,14.96,313.96000000000004,-14.90125,212.58875,71.09991638795987,86.41125,28.900083612040135,invoice Annexure_708466_14082024_1723650813502.xlsx
182016291710844,2024-08-07 21:34:51,cancelled,310,15.5,325.5,-14.90125,220.93875,71.27056451612903,89.06125,28.72943548387097,invoice Annexure_708466_14082024_1723650813502.xlsx
182007457614022,2024-08-07 19:07:37,delivered,265,13.26,278.26,-14.90125,186.71875,70.45990566037736,78.28125,29.54009433962264,invoice Annexure_708466_14082024_1723650813502.xlsx
181999977976389,2024-08-07 17:02:57,delivered,265,13.26,278.26,-14.90125,186.71875,70.45990566037736,78.28125,29.54009433962264,invoice Annexure_708466_14082024_1723650813502.xlsx
181992300255217,2024-08-07 14:55:00,delivered,265,13.26,278.26,-14.90125,169.01874999999998,63.78066037735849,95.98125000000002,36.21933962264151,invoice Annexure_708466_14082024_1723650813502.xlsx
181987245870437,2024-08-07 13:30:45,delivered,299,14.96,313.96000000000004,-14.90125,212.58875,71.09991638795987,86.41125,28.900083612040135,invoice Annexure_708466_14082024_1723650813502.xlsx
181986276028790,2024-08-07 13:14:36,delivered,804,40.2,844.2,-14.90125,573.18875,71.29213308457712,230.81124999999997,28.70786691542288,invoice Annexure_708466_14082024_1723650813502.xlsx
181930423343295,2024-08-06 21:43:43,delivered,530,26.5,556.5,-14.90125,364.72875,68.81674528301886,165.27125,31.183254716981136,invoice Annexure_708466_14082024_1723650813502.xlsx
181927358616209,2024-08-06 20:52:38,cancelled,155,7.76,162.76,-14.90125,103.00874999999999,66.45725806451613,51.99125000000001,33.542741935483875,invoice Annexure_708466_14082024_1723650813502.xlsx
181918889087452,2024-08-06 18:31:29,delivered,419,20.96,439.96000000000004,-14.90125,303.87874999999997,72.52476133651551,115.12125000000003,27.475238663484497,invoice Annexure_708466_14082024_1723650813502.xlsx
181918351803345,2024-08-06 18:22:31,delivered,380,19.0,399.0,-14.90125,274.17875,72.15230263157895,105.82125000000002,27.84769736842106,invoice Annexure_708466_14082024_1723650813502.xlsx
181841770202161,2024-08-05 21:06:10,delivered,305,15.26,320.26,-14.90125,217.14875,71.19631147540983,87.85125,28.80368852459016,invoice Annexure_708466_14082024_1723650813502.xlsx
181835918986104,2024-08-05 19:28:38,delivered,215,10.76,225.76,-14.90125,148.65875,69.14360465116279,66.34125,30.85639534883721,invoice Annexure_708466_14082024_1723650813502.xlsx
181831423306767,2024-08-05 18:13:43,delivered,540,27.0,567.0,-14.90125,372.31875,68.94791666666667,167.68124999999998,31.05208333333333,invoice Annexure_708466_14082024_1723650813502.xlsx
181824649112846,2024-08-05 16:20:49,delivered,295,14.76,309.76,-14.90125,209.51874999999998,71.02330508474576,85.48125000000002,28.976694915254242,invoice Annexure_708466_14082024_1723650813502.xlsx
181817925775897,2024-08-05 14:28:45,cancelled,210,10.5,220.5,-14.90125,144.86875,68.98511904761905,65.13125,31.014880952380953,invoice Annexure_708466_14082024_1723650813502.xlsx
181753219794162,2024-08-04 20:30:19,delivered,514,25.7,539.7,-14.90125,376.15875,73.18263618677042,137.84125,26.817363813229573,invoice Annexure_708466_14082024_1723650813502.xlsx
181750830570113,2024-08-04 19:50:30,delivered,420,21.0,441.0,-14.90125,304.60875,72.52589285714285,115.39125000000001,27.474107142857147,invoice Annexure_708466_14082024_1723650813502.xlsx
181748800315730,2024-08-04 19:16:40,delivered,1508,75.4,1583.4,-14.90125,1108.7487500000002,73.5244529177719,399.2512499999998,26.4755470822281,invoice Annexure_708466_14082024_1723650813502.xlsx
181724819347240,2024-08-04 12:36:59,delivered,305,15.26,320.26,-14.90125,217.14875,71.19631147540983,87.85125,28.80368852459016,invoice Annexure_708466_14082024_1723650813502.xlsx
181721370507102,2024-08-04 11:39:30,delivered,420,21.0,441.0,-14.90125,304.60875,72.52589285714285,115.39125000000001,27.474107142857147,invoice Annexure_708466_14082024_1723650813502.xlsx
181662460332543,2024-08-03 19:17:40,delivered,235,11.76,246.76,-18.691,160.079,68.11872340425532,74.92099999999999,31.88127659574468,invoice Annexure_708466_08082024_1723135775085.xlsx
181639277484307,2024-08-03 12:51:17,delivered,265,13.26,278.26,-18.691,182.929,69.02981132075472,82.071,30.970188679245283,invoice Annexure_708466_08082024_1723135775085.xlsx
181580603767169,2024-08-02 20:33:23,delivered,265,13.26,278.26,-18.691,165.22899999999998,62.350566037735845,99.77100000000002,37.649433962264155,invoice Annexure_708466_08082024_1723135775085.xlsx
181571800365347,2024-08-02 18:06:40,delivered,325,16.26,341.26,-18.691,228.579,70.33200000000001,96.42099999999999,29.668,invoice Annexure_708466_08082024_1723135775085.xlsx
181556212584121,2024-08-02 13:46:52,delivered,1074,53.7,1127.6999999999998,-18.691,774.809,72.14236499068902,299.19100000000003,27.85763500931099,invoice Annexure_708466_08082024_1723135775085.xlsx
181499346403965,2024-08-01 21:59:06,cancelled,0,0.0,0.0,-18.691,-39.811,-inf,39.811,inf,invoice Annexure_708466_08082024_1723135775085.xlsx
181486067801461,2024-08-01 18:17:47,delivered,225,11.26,236.26,-18.691,134.779,59.901777777777774,90.221,40.098222222222226,invoice Annexure_708466_08082024_1723135775085.xlsx
181480589655881,2024-08-01 16:46:29,delivered,265,13.26,278.26,-18.691,182.929,69.02981132075472,82.071,30.970188679245283,invoice Annexure_708466_08082024_1723135775085.xlsx
181477429342968,2024-08-01 15:53:49,delivered,305,15.26,320.26,-18.691,213.359,69.95377049180328,91.64099999999999,30.04622950819672,invoice Annexure_708466_08082024_1723135775085.xlsx
181460556778332,2024-08-01 11:12:36,delivered,474,23.7,497.70000000000005,-18.691,341.939,72.13902953586498,132.06099999999998,27.860970464135015,invoice Annexure_708466_08082024_1723135775085.xlsx
